v -0.350297 -2.023335 -0.08513299999999988
v -0.350295 1.976665 -0.08513300000000013
v 0.350295 1.976665 -0.08513300000000013
v 0.350295 -2.023335 -0.08513299999999988
v 0.350295 1.976665 -0.08513300000000013
v 0.350295 1.976665 -0.20613100000000012
v -0.350295 1.976665 -0.20613100000000012
v -0.350295 1.976665 -0.08513300000000013
v -0.350295 1.976665 -0.08513300000000013
v -0.350295 1.976665 -0.20613100000000012
v -0.350297 -2.023335 -0.2061309999999999
v -0.350297 -2.023335 -0.08513299999999988
v -0.350297 -2.023335 -0.08513299999999988
v -0.350297 -2.023335 -0.2061309999999999
v 0.350295 -2.023335 -0.2061309999999999
v 0.350295 -2.023335 -0.08513299999999988
v 0.350295 -2.023335 -0.08513299999999988
v 0.350295 -2.023335 -0.2061309999999999
v 0.350295 1.976665 -0.20613100000000012
v 0.350295 1.976665 -0.08513300000000013
v -0.350297 -2.023335 -0.08513299999999988
v 0.350295 -2.023335 -0.08513299999999988
v 0.350295 1.976665 -0.08513300000000013
v -0.350295 1.976665 -0.08513300000000013
v 0.164085 -1.69859 0.0701150000000001
v 0.164086 -1.269031 -0.06891999999999991
v 0.004164 -1.265124 -0.06855399999999992
v -0.075233 -1.69859 0.0701150000000001
v -0.007625 -1.175906 -0.08411799999999993
v 0.164085 -2.114478 0.18571300000000013
v -0.17219 -1.175906 -0.08747499999999993
v -0.172189 -2.114478 0.18571300000000013
v -0.172189 -1.69859 0.0701150000000001
v -0.338051 1.935939 -0.2856790000000001
v -0.314586 1.010476 -1.73326
v -0.307157 1.049212 -1.811865
v -0.33583 1.930491 -0.4641540000000001
v -0.375073 1.019351 -1.735807
v -0.398538 1.944808 -0.2882200000000001
v -0.396317 1.939364 -0.4666980000000001
v -0.367645 1.0580889999999998 -1.814409
v -0.314586 1.010476 -1.73326
v -0.338051 1.935939 -0.2856790000000001
v -0.398538 1.944808 -0.2882200000000001
v -0.375073 1.019351 -1.735807
v -0.307157 1.049212 -1.811865
v -0.367645 1.0580889999999998 -1.814409
v -0.396317 1.939364 -0.4666980000000001
v -0.33583 1.930491 -0.4641540000000001
v -0.379644 1.054299 -0.28567900000000007
v -0.376511 1.059279 -0.46415400000000007
v -0.342181 1.916831 -1.8118650000000003
v -0.342769 1.956267 -1.7332600000000002
v -0.403879 1.958034 -1.7358070000000003
v -0.403291 1.9185929999999998 -1.8144090000000002
v -0.437621 1.061042 -0.46669800000000006
v -0.440752 1.056067 -0.28822000000000003
v -0.342769 1.956267 -1.7332600000000002
v -0.403879 1.958034 -1.7358070000000003
v -0.440752 1.056067 -0.28822000000000003
v -0.379644 1.054299 -0.28567900000000007
v -0.342181 1.916831 -1.8118650000000003
v -0.376511 1.059279 -0.46415400000000007
v -0.437621 1.061042 -0.46669800000000006
v -0.403291 1.9185929999999998 -1.8144090000000002
v 0.44505 1.935939 -0.2856790000000001
v 0.468515 1.010474 -1.73326
v 0.475944 1.049212 -1.811865
v 0.447271 1.930491 -0.4641540000000001
v 0.408028 1.019351 -1.735807
v 0.384563 1.944808 -0.2882200000000001
v 0.386784 1.939364 -0.4666980000000001
v 0.415456 1.0580889999999998 -1.814409
v 0.468515 1.010474 -1.73326
v 0.44505 1.935939 -0.2856790000000001
v 0.384563 1.944808 -0.2882200000000001
v 0.408028 1.019351 -1.735807
v 0.475944 1.049212 -1.811865
v 0.415456 1.0580889999999998 -1.814409
v 0.386784 1.939364 -0.4666980000000001
v 0.447271 1.930491 -0.4641540000000001
v 0.403457 1.054297 -0.28567900000000007
v 0.40659 1.059279 -0.46415400000000007
v 0.44092 1.916831 -1.8118650000000003
v 0.440332 1.956267 -1.7332600000000002
v 0.379222 1.958034 -1.7358070000000003
v 0.379811 1.9185929999999998 -1.8144090000000002
v 0.34548 1.061042 -0.46669800000000006
v 0.342349 1.056067 -0.28822000000000003
v 0.440332 1.956267 -1.7332600000000002
v 0.379222 1.958034 -1.7358070000000003
v 0.342349 1.056067 -0.28822000000000003
v 0.403457 1.054297 -0.28567900000000007
v 0.44092 1.916831 -1.8118650000000003
v 0.40659 1.059279 -0.46415400000000007
v 0.34548 1.061042 -0.46669800000000006
v 0.379811 1.9185929999999998 -1.8144090000000002
v -0.338052 0.934318 -0.28567900000000007
v -0.314587 0.008854999999999894 -1.73326
v -0.307158 0.04759099999999989 -1.811865
v -0.335831 0.92887 -0.46415400000000007
v -0.375074 0.01772999999999989 -1.735807
v -0.398539 0.943187 -0.28822000000000003
v -0.396318 0.937743 -0.46669800000000006
v -0.367646 0.056467999999999886 -1.814409
v -0.314587 0.008854999999999894 -1.73326
v -0.338052 0.934318 -0.28567900000000007
v -0.398539 0.943187 -0.28822000000000003
v -0.375074 0.01772999999999989 -1.735807
v -0.307158 0.04759099999999989 -1.811865
v -0.367646 0.056467999999999886 -1.814409
v -0.396318 0.937743 -0.46669800000000006
v -0.335831 0.92887 -0.46415400000000007
v -0.379645 0.05267799999999998 -0.285679
v -0.376512 0.05765799999999997 -0.464154
v -0.342182 0.9152099999999999 -1.811865
v -0.34277 0.9546459999999999 -1.73326
v -0.40388 0.9564119999999999 -1.735807
v -0.403291 0.9169719999999999 -1.814409
v -0.437622 0.059420999999999974 -0.466698
v -0.440753 0.05444599999999998 -0.28822
v -0.34277 0.9546459999999999 -1.73326
v -0.40388 0.9564119999999999 -1.735807
v -0.440753 0.05444599999999998 -0.28822
v -0.379645 0.05267799999999998 -0.285679
v -0.342182 0.9152099999999999 -1.811865
v -0.376512 0.05765799999999997 -0.464154
v -0.437622 0.059420999999999974 -0.466698
v -0.403291 0.9169719999999999 -1.814409
v 0.445051 0.934318 -0.28567900000000007
v 0.468515 0.008852999999999894 -1.73326
v 0.475944 0.04759099999999989 -1.811865
v 0.447271 0.92887 -0.46415400000000007
v 0.408028 0.01772999999999989 -1.735807
v 0.384563 0.943187 -0.28822000000000003
v 0.386784 0.937743 -0.46669800000000006
v 0.415456 0.056467999999999886 -1.814409
v 0.468515 0.008852999999999894 -1.73326
v 0.445051 0.934318 -0.28567900000000007
v 0.384563 0.943187 -0.28822000000000003
v 0.408028 0.01772999999999989 -1.735807
v 0.475944 0.04759099999999989 -1.811865
v 0.415456 0.056467999999999886 -1.814409
v 0.386784 0.937743 -0.46669800000000006
v 0.447271 0.92887 -0.46415400000000007
v 0.403457 0.05267599999999998 -0.285679
v 0.40659 0.05765799999999997 -0.464154
v 0.44092 0.9152099999999999 -1.811865
v 0.440332 0.9546459999999999 -1.73326
v 0.379222 0.9564119999999999 -1.735807
v 0.379811 0.9169719999999999 -1.814409
v 0.34548 0.059420999999999974 -0.466698
v 0.34235 0.05444599999999998 -0.28822
v 0.440332 0.9546459999999999 -1.73326
v 0.379222 0.9564119999999999 -1.735807
v 0.34235 0.05444599999999998 -0.28822
v 0.403457 0.05267599999999998 -0.285679
v 0.44092 0.9152099999999999 -1.811865
v 0.40659 0.05765799999999997 -0.464154
v 0.34548 0.059420999999999974 -0.466698
v 0.379811 0.9169719999999999 -1.814409
v -0.365846 -0.06568200000000002 -0.285679
v -0.342382 -0.9911450000000002 -1.73326
v -0.334953 -0.9524090000000001 -1.811865
v -0.363626 -0.07113000000000003 -0.464154
v -0.402869 -0.9822700000000001 -1.735807
v -0.426334 -0.05681300000000002 -0.28822
v -0.424113 -0.06225700000000003 -0.466698
v -0.39544 -0.9435320000000001 -1.814409
v -0.342382 -0.9911450000000002 -1.73326
v -0.365846 -0.06568200000000002 -0.285679
v -0.426334 -0.05681300000000002 -0.28822
v -0.402869 -0.9822700000000001 -1.735807
v -0.334953 -0.9524090000000001 -1.811865
v -0.39544 -0.9435320000000001 -1.814409
v -0.424113 -0.06225700000000003 -0.466698
v -0.363626 -0.07113000000000003 -0.464154
v -0.407439 -0.947322 -0.28567899999999996
v -0.404307 -0.942342 -0.46415399999999996
v -0.369976 -0.08479000000000012 -1.811865
v -0.370565 -0.0453540000000001 -1.73326
v -0.431674 -0.043588000000000106 -1.735807
v -0.431086 -0.08302800000000012 -1.814409
v -0.465416 -0.940579 -0.46669799999999995
v -0.468547 -0.945554 -0.2882199999999999
v -0.370565 -0.0453540000000001 -1.73326
v -0.431674 -0.043588000000000106 -1.735807
v -0.468547 -0.945554 -0.2882199999999999
v -0.407439 -0.947322 -0.28567899999999996
v -0.369976 -0.08479000000000012 -1.811865
v -0.404307 -0.942342 -0.46415399999999996
v -0.465416 -0.940579 -0.46669799999999995
v -0.431086 -0.08302800000000012 -1.814409
v 0.429523 -0.06568200000000002 -0.285679
v 0.452988 -0.9911470000000001 -1.73326
v 0.460417 -0.9524090000000001 -1.811865
v 0.431744 -0.07113000000000003 -0.464154
v 0.392501 -0.9822700000000001 -1.735807
v 0.369036 -0.05681300000000002 -0.28822
v 0.371257 -0.06225700000000003 -0.466698
v 0.399929 -0.9435320000000001 -1.814409
v 0.452988 -0.9911470000000001 -1.73326
v 0.429523 -0.06568200000000002 -0.285679
v 0.369036 -0.05681300000000002 -0.28822
v 0.392501 -0.9822700000000001 -1.735807
v 0.460417 -0.9524090000000001 -1.811865
v 0.399929 -0.9435320000000001 -1.814409
v 0.371257 -0.06225700000000003 -0.466698
v 0.431744 -0.07113000000000003 -0.464154
v 0.38793 -0.947324 -0.28567899999999996
v 0.391063 -0.942342 -0.46415399999999996
v 0.425393 -0.08479000000000012 -1.811865
v 0.424805 -0.0453540000000001 -1.73326
v 0.363695 -0.043588000000000106 -1.735807
v 0.364284 -0.08302800000000012 -1.814409
v 0.329953 -0.940579 -0.46669799999999995
v 0.326822 -0.945554 -0.2882199999999999
v 0.424805 -0.0453540000000001 -1.73326
v 0.363695 -0.043588000000000106 -1.735807
v 0.326822 -0.945554 -0.2882199999999999
v 0.38793 -0.947324 -0.28567899999999996
v 0.425393 -0.08479000000000012 -1.811865
v 0.391063 -0.942342 -0.46415399999999996
v 0.329953 -0.940579 -0.46669799999999995
v 0.364284 -0.08302800000000012 -1.814409
v 0.429621 -1.064959 -0.28567899999999996
v 0.453086 -1.990421 -1.7332599999999998
v 0.460515 -1.951685 -1.8118649999999998
v 0.431842 -1.070406 -0.46415399999999996
v 0.392599 -1.981546 -1.7358069999999999
v 0.369134 -1.056089 -0.2882199999999999
v 0.371355 -1.061533 -0.46669799999999995
v 0.400027 -1.9428080000000003 -1.8144089999999997
v 0.453086 -1.990421 -1.7332599999999998
v 0.429621 -1.064959 -0.28567899999999996
v 0.369134 -1.056089 -0.2882199999999999
v 0.392599 -1.981546 -1.7358069999999999
v 0.460515 -1.951685 -1.8118649999999998
v 0.400027 -1.9428080000000003 -1.8144089999999997
v 0.371355 -1.061533 -0.46669799999999995
v 0.431842 -1.070406 -0.46415399999999996
v 0.388028 -1.946598 -0.2856789999999999
v 0.391161 -1.941618 -0.4641539999999999
v 0.425491 -1.084066 -1.811865
v 0.424903 -1.04463 -1.73326
v 0.363793 -1.042864 -1.735807
v 0.364382 -1.0823040000000002 -1.814409
v 0.330051 -1.939856 -0.4666979999999999
v 0.32692 -1.94483 -0.28821999999999987
v 0.424903 -1.04463 -1.73326
v 0.363793 -1.042864 -1.735807
v 0.32692 -1.94483 -0.28821999999999987
v 0.388028 -1.946598 -0.2856789999999999
v 0.425491 -1.084066 -1.811865
v 0.391161 -1.941618 -0.4641539999999999
v 0.330051 -1.939856 -0.4666979999999999
v 0.364382 -1.0823040000000002 -1.814409
v -0.465584 -1.064959 -0.28567899999999996
v -0.467804 -1.070406 -0.46415399999999996
v -0.496477 -1.951685 -1.8118649999999998
v -0.489048 -1.990421 -1.7332599999999998
v -0.428561 -1.981546 -1.7358069999999999
v -0.43599 -1.9428080000000003 -1.8144089999999997
v -0.407317 -1.061533 -0.46669799999999995
v -0.405096 -1.056089 -0.2882199999999999
v -0.489048 -1.990421 -1.7332599999999998
v -0.428561 -1.981546 -1.7358069999999999
v -0.405096 -1.056089 -0.2882199999999999
v -0.465584 -1.064959 -0.28567899999999996
v -0.496477 -1.951685 -1.8118649999999998
v -0.467804 -1.070406 -0.46415399999999996
v -0.407317 -1.061533 -0.46669799999999995
v -0.43599 -1.9428080000000003 -1.8144089999999997
v -0.42399 -1.946598 -0.2856789999999999
v -0.460865 -1.04463 -1.73326
v -0.461454 -1.084066 -1.811865
v -0.427123 -1.941618 -0.4641539999999999
v -0.399756 -1.042864 -1.735807
v -0.362883 -1.94483 -0.28821999999999987
v -0.366014 -1.939856 -0.4666979999999999
v -0.400344 -1.0823040000000002 -1.814409
v -0.460865 -1.04463 -1.73326
v -0.42399 -1.946598 -0.2856789999999999
v -0.362883 -1.94483 -0.28821999999999987
v -0.399756 -1.042864 -1.735807
v -0.461454 -1.084066 -1.811865
v -0.400344 -1.0823040000000002 -1.814409
v -0.366014 -1.939856 -0.4666979999999999
v -0.427123 -1.941618 -0.4641539999999999
v -0.399053 1.054299 -0.27774400000000005
v -0.395921 1.059279 -0.35361900000000007
v -0.423433 1.461638 -0.3785640000000001
v -0.425295 1.463746 -0.2998750000000001
v -0.355853 1.94707 -0.33319700000000013
v -0.356444 1.956264 -0.2516930000000001
v -0.393159 1.948833 -0.3357400000000001
v -0.355853 1.94707 -0.33319700000000013
v -0.423433 1.461638 -0.3785640000000001
v -0.460739 1.463401 -0.3811080000000001
v -0.395921 1.059279 -0.35361900000000007
v -0.433226 1.061042 -0.35616300000000006
v 0.384048 1.054297 -0.27774400000000005
v 0.387181 1.059279 -0.35361900000000007
v 0.359668 1.461638 -0.3785640000000001
v 0.357806 1.463744 -0.2998750000000001
v 0.427248 1.94707 -0.33319700000000013
v 0.426657 1.956264 -0.2516930000000001
v 0.389942 1.948833 -0.3357400000000001
v 0.427248 1.94707 -0.33319700000000013
v 0.359668 1.461638 -0.3785640000000001
v 0.322362 1.463401 -0.3811080000000001
v 0.387181 1.059279 -0.35361900000000007
v 0.349875 1.061042 -0.35616300000000006
v -0.399054 0.05267799999999999 -0.277744
v -0.395921 0.05765799999999998 -0.353619
v -0.423434 0.460017 -0.37856400000000007
v -0.425296 0.462125 -0.29987500000000006
v -0.355854 0.945449 -0.3331970000000001
v -0.356445 0.954642 -0.25169300000000006
v -0.39316 0.947211 -0.33574000000000004
v -0.355854 0.945449 -0.3331970000000001
v -0.423434 0.460017 -0.37856400000000007
v -0.46074 0.46178 -0.38110800000000006
v -0.395921 0.05765799999999998 -0.353619
v -0.433227 0.05942099999999998 -0.356163
v 0.384048 0.05267599999999999 -0.277744
v 0.387181 0.05765799999999998 -0.353619
v 0.359668 0.460017 -0.37856400000000007
v 0.357807 0.462123 -0.29987500000000006
v 0.427248 0.945449 -0.3331970000000001
v 0.426657 0.954642 -0.25169300000000006
v 0.389943 0.947211 -0.33574000000000004
v 0.427248 0.945449 -0.3331970000000001
v 0.359668 0.460017 -0.37856400000000007
v 0.322362 0.46178 -0.38110800000000006
v 0.387181 0.05765799999999998 -0.353619
v 0.349875 0.05942099999999998 -0.356163
v -0.426849 -0.947322 -0.27774399999999994
v -0.423716 -0.942342 -0.35361899999999996
v -0.451228 -0.539983 -0.37856399999999996
v -0.45309 -0.537875 -0.29987499999999995
v -0.383648 -0.05455100000000002 -0.333197
v -0.384239 -0.045358000000000016 -0.251693
v -0.420954 -0.05278900000000002 -0.33574
v -0.383648 -0.05455100000000002 -0.333197
v -0.451228 -0.539983 -0.37856399999999996
v -0.488534 -0.53822 -0.38110799999999995
v -0.423716 -0.942342 -0.35361899999999996
v -0.461022 -0.940579 -0.35616299999999995
v 0.368521 -0.947324 -0.27774399999999994
v 0.371654 -0.942342 -0.35361899999999996
v 0.344141 -0.539983 -0.37856399999999996
v 0.342279 -0.537877 -0.29987499999999995
v 0.411721 -0.05455100000000002 -0.333197
v 0.41113 -0.045358000000000016 -0.251693
v 0.374415 -0.05278900000000002 -0.33574
v 0.411721 -0.05455100000000002 -0.333197
v 0.344141 -0.539983 -0.37856399999999996
v 0.306835 -0.53822 -0.38110799999999995
v 0.371654 -0.942342 -0.35361899999999996
v 0.334348 -0.940579 -0.35616299999999995
v 0.368619 -1.946598 -0.2777439999999999
v 0.371752 -1.941618 -0.3536189999999999
v 0.344239 -1.539259 -0.3785639999999999
v 0.342377 -1.537151 -0.2998749999999999
v 0.411819 -1.053827 -0.33319699999999997
v 0.411228 -1.044634 -0.25169299999999994
v 0.374513 -1.052065 -0.3357399999999999
v 0.411819 -1.053827 -0.33319699999999997
v 0.344239 -1.539259 -0.3785639999999999
v 0.306933 -1.537497 -0.3811079999999999
v 0.371752 -1.941618 -0.3536189999999999
v 0.334446 -1.939856 -0.3561629999999999
v -0.410476 -1.052065 -0.3357399999999999
v -0.409885 -1.042868 -0.25423999999999997
v -0.341035 -1.535385 -0.3024189999999999
v -0.342896 -1.537497 -0.3811079999999999
v -0.367277 -1.94483 -0.2802849999999999
v -0.370408 -1.939856 -0.3561629999999999
v -0.409885 -1.042868 -0.25423999999999997
v -0.447191 -1.044634 -0.25169299999999994
v -0.37834 -1.537151 -0.2998749999999999
v -0.341035 -1.535385 -0.3024189999999999
v -0.404581 -1.946598 -0.2777439999999999
v -0.367277 -1.94483 -0.2802849999999999
v -0.494361 -0.9773450000000001 -2.563948
v -0.494362 -0.977345 -0.034342999999999936
v -0.520608 -0.931882 -0.03434299999999994
v -0.520608 -0.9318820000000001 -2.563948
v -0.494359 -0.886418 -0.03434299999999994
v -0.494359 -0.8864180000000002 -2.563948
v -0.441863 -0.8864180000000002 -2.563948
v -0.441863 -0.886418 -0.03434299999999994
v -0.415617 -0.931882 -0.03434299999999994
v -0.415617 -0.9318820000000001 -2.563948
v -0.441866 -0.977345 -0.034342999999999936
v -0.441865 -0.9773450000000001 -2.563948
v -0.494362 -0.977345 -0.034342999999999936
v -0.494361 -0.9773450000000001 -2.563948
v -0.463355 -1.0880600000000002 -2.563948
v -0.463355 -1.08806 0.09309800000000007
v -0.489602 -1.042597 0.09309800000000007
v -0.489602 -1.0425970000000002 -2.563948
v -0.463354 -0.997136 0.09309800000000006
v -0.463354 -0.9971360000000001 -2.563948
v -0.410858 -0.9971360000000001 -2.563948
v -0.410858 -0.997136 0.09309800000000006
v -0.384611 -1.042597 0.09309800000000007
v -0.384611 -1.0425970000000002 -2.563948
v -0.410859 -1.08806 0.09309800000000007
v -0.410859 -1.0880600000000002 -2.563948
v -0.463355 -1.08806 0.09309800000000007
v -0.463355 -1.0880600000000002 -2.563948
v -0.43064 -1.0148820000000003 -2.563948
v -0.43064 -1.014882 0.3321120000000001
v -0.456887 -0.969419 0.3321120000000001
v -0.456887 -0.9694190000000001 -2.563948
v -0.430639 -0.923955 0.3321120000000001
v -0.430639 -0.9239550000000001 -2.563948
v -0.378143 -0.9239550000000001 -2.563948
v -0.378143 -0.923955 0.3321120000000001
v -0.351896 -0.969419 0.3321120000000001
v -0.351896 -0.9694190000000001 -2.563948
v -0.378144 -1.014882 0.3321120000000001
v -0.378144 -1.0148820000000003 -2.563948
v -0.43064 -1.014882 0.3321120000000001
v -0.43064 -1.0148820000000003 -2.563948
v -0.4626 1.465512 -0.3024190000000001
v -0.39375 1.95803 -0.25424000000000013
v -0.393159 1.948833 -0.3357400000000001
v -0.460739 1.463401 -0.3811080000000001
v -0.436357 1.056067 -0.28028500000000006
v -0.433226 1.061042 -0.35616300000000006
v -0.425295 1.463746 -0.2998750000000001
v -0.356444 1.956264 -0.2516930000000001
v -0.39375 1.95803 -0.25424000000000013
v -0.4626 1.465512 -0.3024190000000001
v -0.399053 1.054299 -0.27774400000000005
v -0.436357 1.056067 -0.28028500000000006
v -0.283027 2.069015 -0.03434300000000012
v -0.309273 2.023551 -0.03434300000000012
v -0.309273 2.023551 -2.563948
v -0.283027 2.069015 -2.563948
v -0.309275 2.114478 -0.03434300000000013
v -0.309275 2.114478 -2.563948
v -0.361771 2.114478 -2.563948
v -0.361771 2.114478 -0.03434300000000013
v -0.388018 2.069015 -0.03434300000000012
v -0.388018 2.069015 -2.563948
v -0.361768 2.023551 -0.03434300000000012
v -0.361769 2.023551 -2.563948
v -0.309273 2.023551 -0.03434300000000012
v -0.309273 2.023551 -2.563948
v -0.314033 1.958301 0.09309799999999988
v -0.34028 1.912837 0.09309799999999989
v -0.34028 1.9128369999999997 -2.563948
v -0.314033 1.9583009999999998 -2.563948
v -0.34028 2.00376 0.09309799999999988
v -0.34028 2.00376 -2.563948
v -0.392776 2.00376 -2.563948
v -0.392776 2.00376 0.09309799999999988
v -0.419024 1.958301 0.09309799999999988
v -0.419024 1.9583009999999998 -2.563948
v -0.392776 1.912837 0.09309799999999989
v -0.392776 1.9128369999999997 -2.563948
v -0.34028 1.912837 0.09309799999999989
v -0.34028 1.9128369999999997 -2.563948
v -0.346748 2.031478 0.3321119999999999
v -0.372995 1.986014 0.3321119999999999
v -0.372995 1.9860139999999997 -2.563948
v -0.346748 2.031478 -2.563948
v -0.372996 2.076941 0.3321119999999999
v -0.372996 2.076941 -2.563948
v -0.425492 2.076941 -2.563948
v -0.425492 2.076941 0.3321119999999999
v -0.451739 2.031478 0.3321119999999999
v -0.451739 2.031478 -2.563948
v -0.425491 1.986014 0.3321119999999999
v -0.425491 1.9860139999999997 -2.563948
v -0.372995 1.986014 0.3321119999999999
v -0.372995 1.9860139999999997 -2.563948
v 0.320502 1.46551 -0.3024190000000001
v 0.389351 1.95803 -0.25424000000000013
v 0.389942 1.948833 -0.3357400000000001
v 0.322362 1.463401 -0.3811080000000001
v 0.346744 1.056067 -0.28028500000000006
v 0.349875 1.061042 -0.35616300000000006
v 0.357806 1.463744 -0.2998750000000001
v 0.426657 1.956264 -0.2516930000000001
v 0.389351 1.95803 -0.25424000000000013
v 0.320502 1.46551 -0.3024190000000001
v 0.384048 1.054297 -0.27774400000000005
v 0.346744 1.056067 -0.28028500000000006
v 0.500074 2.069015 -0.03434300000000012
v 0.473829 2.023551 -0.03434300000000012
v 0.473828 2.023551 -2.563948
v 0.500074 2.069015 -2.563948
v 0.473826 2.114478 -0.03434300000000013
v 0.473826 2.114478 -2.563948
v 0.42133 2.114478 -2.563948
v 0.42133 2.114478 -0.03434300000000013
v 0.395083 2.069015 -0.03434300000000012
v 0.395083 2.069015 -2.563948
v 0.421333 2.023551 -0.03434300000000012
v 0.421332 2.023551 -2.563948
v 0.473829 2.023551 -0.03434300000000012
v 0.473828 2.023551 -2.563948
v 0.469068 1.958301 0.09309799999999988
v 0.442821 1.912837 0.09309799999999989
v 0.442821 1.9128369999999997 -2.563948
v 0.469068 1.9583009999999998 -2.563948
v 0.442822 2.00376 0.09309799999999988
v 0.442822 2.00376 -2.563948
v 0.390326 2.00376 -2.563948
v 0.390326 2.00376 0.09309799999999988
v 0.364077 1.958301 0.09309799999999988
v 0.364077 1.9583009999999998 -2.563948
v 0.390325 1.912837 0.09309799999999989
v 0.390325 1.9128369999999997 -2.563948
v 0.442821 1.912837 0.09309799999999989
v 0.442821 1.9128369999999997 -2.563948
v 0.436354 2.031478 0.3321119999999999
v 0.410107 1.986014 0.3321119999999999
v 0.410107 1.9860139999999997 -2.563948
v 0.436354 2.031478 -2.563948
v 0.410106 2.076941 0.3321119999999999
v 0.410106 2.076941 -2.563948
v 0.35761 2.076941 -2.563948
v 0.35761 2.076941 0.3321119999999999
v 0.331363 2.031478 0.3321119999999999
v 0.331363 2.031478 -2.563948
v 0.357611 1.986014 0.3321119999999999
v 0.357611 1.9860139999999997 -2.563948
v 0.410107 1.986014 0.3321119999999999
v 0.410107 1.9860139999999997 -2.563948
v -0.4626 0.463891 -0.30241900000000005
v -0.393751 0.956409 -0.2542400000000001
v -0.39316 0.947211 -0.33574000000000004
v -0.46074 0.46178 -0.38110800000000006
v -0.436358 0.05444599999999999 -0.280285
v -0.433227 0.05942099999999998 -0.356163
v -0.425296 0.462125 -0.29987500000000006
v -0.356445 0.954642 -0.25169300000000006
v -0.393751 0.956409 -0.2542400000000001
v -0.4626 0.463891 -0.30241900000000005
v -0.399054 0.05267799999999999 -0.277744
v -0.436358 0.05444599999999999 -0.280285
v -0.283027 1.067393 -0.03434300000000006
v -0.309273 1.02193 -0.03434300000000006
v -0.309273 1.0219299999999998 -2.563948
v -0.283027 1.0673929999999998 -2.563948
v -0.309275 1.112857 -0.03434300000000007
v -0.309275 1.1128569999999998 -2.563948
v -0.361771 1.1128569999999998 -2.563948
v -0.361771 1.112857 -0.03434300000000007
v -0.388018 1.067393 -0.03434300000000006
v -0.388018 1.0673929999999998 -2.563948
v -0.361768 1.02193 -0.03434300000000006
v -0.361769 1.0219299999999998 -2.563948
v -0.309273 1.02193 -0.03434300000000006
v -0.309273 1.0219299999999998 -2.563948
v -0.314034 0.956679 0.09309799999999994
v -0.340281 0.911216 0.09309799999999994
v -0.340281 0.9112159999999999 -2.563948
v -0.314034 0.9566789999999998 -2.563948
v -0.34028 1.002139 0.09309799999999994
v -0.34028 1.0021389999999997 -2.563948
v -0.392776 1.0021389999999997 -2.563948
v -0.392776 1.002139 0.09309799999999994
v -0.419025 0.956679 0.09309799999999994
v -0.419025 0.9566789999999998 -2.563948
v -0.392777 0.911216 0.09309799999999994
v -0.392777 0.9112159999999999 -2.563948
v -0.340281 0.911216 0.09309799999999994
v -0.340281 0.9112159999999999 -2.563948
v -0.346748 1.029857 0.33211199999999996
v -0.372995 0.984393 0.33211199999999996
v -0.372995 0.9843929999999999 -2.563948
v -0.346748 1.0298569999999998 -2.563948
v -0.372996 1.07532 0.33211199999999996
v -0.372996 1.0753199999999998 -2.563948
v -0.425492 1.0753199999999998 -2.563948
v -0.425492 1.07532 0.33211199999999996
v -0.451739 1.029857 0.33211199999999996
v -0.451739 1.0298569999999998 -2.563948
v -0.425491 0.984393 0.33211199999999996
v -0.425491 0.9843929999999999 -2.563948
v -0.372995 0.984393 0.33211199999999996
v -0.372995 0.9843929999999999 -2.563948
v 0.320502 0.463889 -0.30241900000000005
v 0.389351 0.956409 -0.2542400000000001
v 0.389943 0.947211 -0.33574000000000004
v 0.322362 0.46178 -0.38110800000000006
v 0.346744 0.05444599999999999 -0.280285
v 0.349875 0.05942099999999998 -0.356163
v 0.357807 0.462123 -0.29987500000000006
v 0.426657 0.954642 -0.25169300000000006
v 0.389351 0.956409 -0.2542400000000001
v 0.320502 0.463889 -0.30241900000000005
v 0.384048 0.05267599999999999 -0.277744
v 0.346744 0.05444599999999999 -0.280285
v 0.500074 1.067393 -0.03434300000000006
v 0.473829 1.02193 -0.03434300000000006
v 0.473828 1.0219299999999998 -2.563948
v 0.500074 1.0673929999999998 -2.563948
v 0.473826 1.112857 -0.03434300000000007
v 0.473826 1.1128569999999998 -2.563948
v 0.42133 1.1128569999999998 -2.563948
v 0.42133 1.112857 -0.03434300000000007
v 0.395083 1.067393 -0.03434300000000006
v 0.395083 1.0673929999999998 -2.563948
v 0.421333 1.02193 -0.03434300000000006
v 0.421332 1.0219299999999998 -2.563948
v 0.473829 1.02193 -0.03434300000000006
v 0.473828 1.0219299999999998 -2.563948
v 0.469069 0.956679 0.09309799999999994
v 0.442822 0.911216 0.09309799999999994
v 0.442822 0.9112159999999999 -2.563948
v 0.469069 0.9566789999999998 -2.563948
v 0.442821 1.002139 0.09309799999999994
v 0.442821 1.0021389999999997 -2.563948
v 0.390325 1.0021389999999997 -2.563948
v 0.390325 1.002139 0.09309799999999994
v 0.364078 0.956679 0.09309799999999994
v 0.364078 0.9566789999999998 -2.563948
v 0.390326 0.911216 0.09309799999999994
v 0.390326 0.9112159999999999 -2.563948
v 0.442822 0.911216 0.09309799999999994
v 0.442822 0.9112159999999999 -2.563948
v 0.436354 1.029857 0.33211199999999996
v 0.410107 0.984393 0.33211199999999996
v 0.410107 0.9843929999999999 -2.563948
v 0.436354 1.0298569999999998 -2.563948
v 0.410106 1.07532 0.33211199999999996
v 0.410106 1.0753199999999998 -2.563948
v 0.35761 1.0753199999999998 -2.563948
v 0.35761 1.07532 0.33211199999999996
v 0.331363 1.029857 0.33211199999999996
v 0.331363 1.0298569999999998 -2.563948
v 0.357611 0.984393 0.33211199999999996
v 0.357611 0.9843929999999999 -2.563948
v 0.410107 0.984393 0.33211199999999996
v 0.410107 0.9843929999999999 -2.563948
v -0.490395 -0.536109 -0.30241899999999994
v -0.421545 -0.04359100000000001 -0.25424
v -0.420954 -0.05278900000000002 -0.33574
v -0.488534 -0.53822 -0.38110799999999995
v -0.464153 -0.945554 -0.28028499999999995
v -0.461022 -0.940579 -0.35616299999999995
v -0.45309 -0.537875 -0.29987499999999995
v -0.384239 -0.045358000000000016 -0.251693
v -0.421545 -0.04359100000000001 -0.25424
v -0.490395 -0.536109 -0.30241899999999994
v -0.426849 -0.947322 -0.27774399999999994
v -0.464153 -0.945554 -0.28028499999999995
v -0.310823 0.067393 -0.034343000000000005
v -0.337068 0.021929999999999998 -0.034343
v -0.337069 0.021929999999999845 -2.563948
v -0.310823 0.06739299999999984 -2.563948
v -0.337071 0.112857 -0.034343000000000005
v -0.337071 0.11285699999999985 -2.563948
v -0.389567 0.11285699999999985 -2.563948
v -0.389567 0.112857 -0.034343000000000005
v -0.415814 0.067393 -0.034343000000000005
v -0.415814 0.06739299999999984 -2.563948
v -0.389564 0.021929999999999998 -0.034343
v -0.389565 0.021929999999999845 -2.563948
v -0.337068 0.021929999999999998 -0.034343
v -0.337069 0.021929999999999845 -2.563948
v -0.341829 -0.04332099999999999 0.093098
v -0.368076 -0.088784 0.093098
v -0.368076 -0.08878400000000015 -2.563948
v -0.341829 -0.04332100000000016 -2.563948
v -0.368076 0.0021390000000000055 0.093098
v -0.368076 0.002138999999999843 -2.563948
v -0.420572 0.002138999999999843 -2.563948
v -0.420572 0.0021390000000000055 0.093098
v -0.44682 -0.04332099999999999 0.093098
v -0.44682 -0.04332100000000016 -2.563948
v -0.420572 -0.088784 0.093098
v -0.420572 -0.08878400000000015 -2.563948
v -0.368076 -0.088784 0.093098
v -0.368076 -0.08878400000000015 -2.563948
v -0.374543 0.029857000000000022 0.332112
v -0.40079 -0.015606999999999979 0.332112
v -0.40079 -0.015607000000000157 -2.563948
v -0.374543 0.029856999999999845 -2.563948
v -0.400791 0.07532000000000001 0.332112
v -0.400791 0.07531999999999985 -2.563948
v -0.453287 0.07531999999999985 -2.563948
v -0.453287 0.07532000000000001 0.332112
v -0.479534 0.029857000000000022 0.332112
v -0.479534 0.029856999999999845 -2.563948
v -0.453286 -0.015606999999999979 0.332112
v -0.453286 -0.015607000000000157 -2.563948
v -0.40079 -0.015606999999999979 0.332112
v -0.40079 -0.015607000000000157 -2.563948
v 0.304975 -0.536111 -0.30241899999999994
v 0.373824 -0.04359100000000001 -0.25424
v 0.374415 -0.05278900000000002 -0.33574
v 0.306835 -0.53822 -0.38110799999999995
v 0.331217 -0.945554 -0.28028499999999995
v 0.334348 -0.940579 -0.35616299999999995
v 0.342279 -0.537877 -0.29987499999999995
v 0.41113 -0.045358000000000016 -0.251693
v 0.373824 -0.04359100000000001 -0.25424
v 0.304975 -0.536111 -0.30241899999999994
v 0.368521 -0.947324 -0.27774399999999994
v 0.331217 -0.945554 -0.28028499999999995
v 0.484547 0.067393 -0.034343000000000005
v 0.458302 0.021929999999999998 -0.034343
v 0.458301 0.021929999999999845 -2.563948
v 0.484547 0.06739299999999984 -2.563948
v 0.458299 0.112857 -0.034343000000000005
v 0.458299 0.11285699999999985 -2.563948
v 0.405803 0.11285699999999985 -2.563948
v 0.405803 0.112857 -0.034343000000000005
v 0.379557 0.067393 -0.034343000000000005
v 0.379557 0.06739299999999984 -2.563948
v 0.405806 0.021929999999999998 -0.034343
v 0.405805 0.021929999999999845 -2.563948
v 0.458302 0.021929999999999998 -0.034343
v 0.458301 0.021929999999999845 -2.563948
v 0.453541 -0.04332099999999999 0.093098
v 0.427294 -0.088784 0.093098
v 0.427294 -0.08878400000000015 -2.563948
v 0.453541 -0.04332100000000016 -2.563948
v 0.427294 0.0021390000000000055 0.093098
v 0.427294 0.002138999999999843 -2.563948
v 0.374798 0.002138999999999843 -2.563948
v 0.374798 0.0021390000000000055 0.093098
v 0.34855 -0.04332099999999999 0.093098
v 0.34855 -0.04332100000000016 -2.563948
v 0.374798 -0.088784 0.093098
v 0.374798 -0.08878400000000015 -2.563948
v 0.427294 -0.088784 0.093098
v 0.427294 -0.08878400000000015 -2.563948
v 0.420827 0.029857000000000022 0.332112
v 0.39458 -0.015606999999999979 0.332112
v 0.39458 -0.015607000000000157 -2.563948
v 0.420827 0.029856999999999845 -2.563948
v 0.394579 0.07532000000000001 0.332112
v 0.394579 0.07531999999999985 -2.563948
v 0.342083 0.07531999999999985 -2.563948
v 0.342083 0.07532000000000001 0.332112
v 0.315836 0.029857000000000022 0.332112
v 0.315836 0.029856999999999845 -2.563948
v 0.342084 -0.015606999999999979 0.332112
v 0.342084 -0.015607000000000157 -2.563948
v 0.39458 -0.015606999999999979 0.332112
v 0.39458 -0.015607000000000157 -2.563948
v 0.305073 -1.535385 -0.3024189999999999
v 0.373922 -1.042868 -0.25423999999999997
v 0.374513 -1.052065 -0.3357399999999999
v 0.306933 -1.537497 -0.3811079999999999
v 0.331315 -1.94483 -0.2802849999999999
v 0.334446 -1.939856 -0.3561629999999999
v 0.342377 -1.537151 -0.2998749999999999
v 0.411228 -1.044634 -0.25169299999999994
v 0.373922 -1.042868 -0.25423999999999997
v 0.305073 -1.535385 -0.3024189999999999
v 0.368619 -1.946598 -0.2777439999999999
v 0.331315 -1.94483 -0.2802849999999999
v 0.484645 -0.931882 -0.03434299999999994
v 0.4584 -0.977345 -0.034342999999999936
v 0.458399 -0.9773450000000001 -2.563948
v 0.484645 -0.9318820000000001 -2.563948
v 0.458397 -0.886418 -0.03434299999999994
v 0.458397 -0.8864180000000002 -2.563948
v 0.405901 -0.8864180000000002 -2.563948
v 0.405901 -0.886418 -0.03434299999999994
v 0.379654 -0.931882 -0.03434299999999994
v 0.379654 -0.9318820000000001 -2.563948
v 0.405904 -0.977345 -0.034342999999999936
v 0.405903 -0.9773450000000001 -2.563948
v 0.4584 -0.977345 -0.034342999999999936
v 0.458399 -0.9773450000000001 -2.563948
v 0.453639 -1.042597 0.09309800000000007
v 0.427392 -1.08806 0.09309800000000007
v 0.427392 -1.0880600000000002 -2.563948
v 0.453639 -1.0425970000000002 -2.563948
v 0.427392 -0.997136 0.09309800000000006
v 0.427392 -0.9971360000000001 -2.563948
v 0.374896 -0.9971360000000001 -2.563948
v 0.374896 -0.997136 0.09309800000000006
v 0.348648 -1.042597 0.09309800000000007
v 0.348648 -1.0425970000000002 -2.563948
v 0.374896 -1.08806 0.09309800000000007
v 0.374896 -1.0880600000000002 -2.563948
v 0.427392 -1.08806 0.09309800000000007
v 0.427392 -1.0880600000000002 -2.563948
v 0.420924 -0.969419 0.3321120000000001
v 0.394677 -1.014882 0.3321120000000001
v 0.394677 -1.0148820000000003 -2.563948
v 0.420924 -0.9694190000000001 -2.563948
v 0.394676 -0.923955 0.3321120000000001
v 0.394676 -0.9239550000000001 -2.563948
v 0.34218 -0.9239550000000001 -2.563948
v 0.34218 -0.923955 0.3321120000000001
v 0.315933 -0.969419 0.3321120000000001
v 0.315933 -0.9694190000000001 -2.563948
v 0.342181 -1.014882 0.3321120000000001
v 0.342181 -1.0148820000000003 -2.563948
v 0.394677 -1.014882 0.3321120000000001
v 0.394677 -1.0148820000000003 -2.563948
v -0.380202 -1.539259 -0.3785639999999999
v -0.407714 -1.941618 -0.3536189999999999
v -0.404581 -1.946598 -0.2777439999999999
v -0.37834 -1.537151 -0.2998749999999999
v -0.447782 -1.053827 -0.33319699999999997
v -0.447191 -1.044634 -0.25169299999999994
v -0.380202 -1.539259 -0.3785639999999999
v -0.447782 -1.053827 -0.33319699999999997
v -0.410476 -1.052065 -0.3357399999999999
v -0.342896 -1.537497 -0.3811079999999999
v -0.407714 -1.941618 -0.3536189999999999
v -0.370408 -1.939856 -0.3561629999999999
v -0.361768 2.023551 -0.03434300000000012
v -0.361771 2.114478 -0.03434300000000013
v -0.388018 2.069015 -0.03434300000000012
v -0.283027 2.069015 -0.03434300000000012
v -0.309275 2.114478 -0.03434300000000013
v -0.309273 2.023551 -0.03434300000000012
v -0.392776 1.912837 0.09309799999999989
v -0.392776 2.00376 0.09309799999999988
v -0.419024 1.958301 0.09309799999999988
v -0.314033 1.958301 0.09309799999999988
v -0.34028 2.00376 0.09309799999999988
v -0.34028 1.912837 0.09309799999999989
v -0.425491 1.986014 0.3321119999999999
v -0.425492 2.076941 0.3321119999999999
v -0.451739 2.031478 0.3321119999999999
v -0.346748 2.031478 0.3321119999999999
v -0.372996 2.076941 0.3321119999999999
v -0.372995 1.986014 0.3321119999999999
v 0.421333 2.023551 -0.03434300000000012
v 0.42133 2.114478 -0.03434300000000013
v 0.395083 2.069015 -0.03434300000000012
v 0.500074 2.069015 -0.03434300000000012
v 0.473826 2.114478 -0.03434300000000013
v 0.473829 2.023551 -0.03434300000000012
v 0.390325 1.912837 0.09309799999999989
v 0.390326 2.00376 0.09309799999999988
v 0.364077 1.958301 0.09309799999999988
v 0.469068 1.958301 0.09309799999999988
v 0.442822 2.00376 0.09309799999999988
v 0.442821 1.912837 0.09309799999999989
v 0.357611 1.986014 0.3321119999999999
v 0.35761 2.076941 0.3321119999999999
v 0.331363 2.031478 0.3321119999999999
v 0.436354 2.031478 0.3321119999999999
v 0.410106 2.076941 0.3321119999999999
v 0.410107 1.986014 0.3321119999999999
v -0.361768 1.02193 -0.03434300000000006
v -0.361771 1.112857 -0.03434300000000007
v -0.388018 1.067393 -0.03434300000000006
v -0.283027 1.067393 -0.03434300000000006
v -0.309275 1.112857 -0.03434300000000007
v -0.309273 1.02193 -0.03434300000000006
v -0.392777 0.911216 0.09309799999999994
v -0.392776 1.002139 0.09309799999999994
v -0.419025 0.956679 0.09309799999999994
v -0.314034 0.956679 0.09309799999999994
v -0.34028 1.002139 0.09309799999999994
v -0.340281 0.911216 0.09309799999999994
v -0.425491 0.984393 0.33211199999999996
v -0.425492 1.07532 0.33211199999999996
v -0.451739 1.029857 0.33211199999999996
v -0.346748 1.029857 0.33211199999999996
v -0.372996 1.07532 0.33211199999999996
v -0.372995 0.984393 0.33211199999999996
v 0.421333 1.02193 -0.03434300000000006
v 0.42133 1.112857 -0.03434300000000007
v 0.395083 1.067393 -0.03434300000000006
v 0.500074 1.067393 -0.03434300000000006
v 0.473826 1.112857 -0.03434300000000007
v 0.473829 1.02193 -0.03434300000000006
v 0.390326 0.911216 0.09309799999999994
v 0.390325 1.002139 0.09309799999999994
v 0.364078 0.956679 0.09309799999999994
v 0.469069 0.956679 0.09309799999999994
v 0.442821 1.002139 0.09309799999999994
v 0.442822 0.911216 0.09309799999999994
v 0.357611 0.984393 0.33211199999999996
v 0.35761 1.07532 0.33211199999999996
v 0.331363 1.029857 0.33211199999999996
v 0.436354 1.029857 0.33211199999999996
v 0.410106 1.07532 0.33211199999999996
v 0.410107 0.984393 0.33211199999999996
v -0.389564 0.021929999999999998 -0.034343
v -0.389567 0.112857 -0.034343000000000005
v -0.415814 0.067393 -0.034343000000000005
v -0.310823 0.067393 -0.034343000000000005
v -0.337071 0.112857 -0.034343000000000005
v -0.337068 0.021929999999999998 -0.034343
v -0.420572 -0.088784 0.093098
v -0.420572 0.0021390000000000055 0.093098
v -0.44682 -0.04332099999999999 0.093098
v -0.341829 -0.04332099999999999 0.093098
v -0.368076 0.0021390000000000055 0.093098
v -0.368076 -0.088784 0.093098
v -0.453286 -0.015606999999999979 0.332112
v -0.453287 0.07532000000000001 0.332112
v -0.479534 0.029857000000000022 0.332112
v -0.374543 0.029857000000000022 0.332112
v -0.400791 0.07532000000000001 0.332112
v -0.40079 -0.015606999999999979 0.332112
v 0.405806 0.021929999999999998 -0.034343
v 0.405803 0.112857 -0.034343000000000005
v 0.379557 0.067393 -0.034343000000000005
v 0.484547 0.067393 -0.034343000000000005
v 0.458299 0.112857 -0.034343000000000005
v 0.458302 0.021929999999999998 -0.034343
v 0.374798 -0.088784 0.093098
v 0.374798 0.0021390000000000055 0.093098
v 0.34855 -0.04332099999999999 0.093098
v 0.453541 -0.04332099999999999 0.093098
v 0.427294 0.0021390000000000055 0.093098
v 0.427294 -0.088784 0.093098
v 0.342084 -0.015606999999999979 0.332112
v 0.342083 0.07532000000000001 0.332112
v 0.315836 0.029857000000000022 0.332112
v 0.420827 0.029857000000000022 0.332112
v 0.394579 0.07532000000000001 0.332112
v 0.39458 -0.015606999999999979 0.332112
v 0.405904 -0.977345 -0.034342999999999936
v 0.405901 -0.886418 -0.03434299999999994
v 0.379654 -0.931882 -0.03434299999999994
v 0.484645 -0.931882 -0.03434299999999994
v 0.458397 -0.886418 -0.03434299999999994
v 0.4584 -0.977345 -0.034342999999999936
v 0.374896 -1.08806 0.09309800000000007
v 0.374896 -0.997136 0.09309800000000006
v 0.348648 -1.042597 0.09309800000000007
v 0.453639 -1.042597 0.09309800000000007
v 0.427392 -0.997136 0.09309800000000006
v 0.427392 -1.08806 0.09309800000000007
v 0.342181 -1.014882 0.3321120000000001
v 0.34218 -0.923955 0.3321120000000001
v 0.315933 -0.969419 0.3321120000000001
v 0.420924 -0.969419 0.3321120000000001
v 0.394676 -0.923955 0.3321120000000001
v 0.394677 -1.014882 0.3321120000000001
v -0.441863 -0.886418 -0.03434299999999994
v -0.441866 -0.977345 -0.034342999999999936
v -0.415617 -0.931882 -0.03434299999999994
v -0.520608 -0.931882 -0.03434299999999994
v -0.494362 -0.977345 -0.034342999999999936
v -0.494359 -0.886418 -0.03434299999999994
v -0.410858 -0.997136 0.09309800000000006
v -0.410859 -1.08806 0.09309800000000007
v -0.384611 -1.042597 0.09309800000000007
v -0.489602 -1.042597 0.09309800000000007
v -0.463355 -1.08806 0.09309800000000007
v -0.463354 -0.997136 0.09309800000000006
v -0.378143 -0.923955 0.3321120000000001
v -0.378144 -1.014882 0.3321120000000001
v -0.351896 -0.969419 0.3321120000000001
v -0.456887 -0.969419 0.3321120000000001
v -0.43064 -1.014882 0.3321120000000001
v -0.430639 -0.923955 0.3321120000000001
vt 0.911745 0.547760
vt 0.087829 0.548507
vt 0.086914 0.965298
vt 0.911745 0.964550
vt 0.088341 0.963369
vt 0.099532 0.963369
vt 0.100448 0.548264
vt 0.089256 0.548264
vt 0.085083 0.545477
vt 0.085083 0.575022
vt 0.913370 0.575022
vt 0.913370 0.545477
vt 0.901080 0.552367
vt 0.911384 0.552367
vt 0.913009 0.962620
vt 0.902705 0.962620
vt 0.913370 0.938402
vt 0.913370 0.961932
vt 0.085083 0.961932
vt 0.085083 0.938402
vt 0.911745 0.547760
vt 0.911745 0.964550
vt 0.086914 0.965298
vt 0.087829 0.548507
vt 0.930173 -0.317941
vt 0.930686 -0.174653
vt 0.961348 -0.170968
vt 0.976054 -0.316254
vt 0.963720 -0.136568
vt 0.929530 -0.476014
vt 0.996139 -0.130100
vt 0.994859 -0.474905
vt 0.995502 -0.316832
vt 1.464337 0.113395
vt 1.466529 0.578063
vt 1.499118 0.589150
vt 1.496217 0.152013
vt 1.588849 0.577982
vt 1.590268 0.113133
vt 1.556285 0.146566
vt 1.558956 0.588888
vt 1.452100 0.578244
vt 1.451612 0.113395
vt 1.421111 0.113395
vt 1.421917 0.578246
vt 1.511074 0.589150
vt 1.546414 0.589150
vt 1.549515 0.146821
vt 1.512996 0.146828
vt 0.461761 0.118548
vt 0.493640 0.157166
vt 0.496542 0.594303
vt 0.463952 0.583216
vt 0.586273 0.583135
vt 0.556379 0.594041
vt 0.553709 0.151719
vt 0.587691 0.118286
vt 0.449524 0.583397
vt 0.419340 0.583399
vt 0.418535 0.118548
vt 0.449035 0.118548
vt 0.508498 0.594303
vt 0.510419 0.151981
vt 0.546939 0.151974
vt 0.543838 0.594303
vt 1.464337 0.113395
vt 1.466529 0.578063
vt 1.499118 0.589150
vt 1.496217 0.152013
vt 1.588849 0.577982
vt 1.590268 0.113133
vt 1.556285 0.146566
vt 1.558956 0.588888
vt 1.452100 0.578244
vt 1.451612 0.113395
vt 1.421111 0.113395
vt 1.421917 0.578246
vt 1.511074 0.589150
vt 1.546414 0.589150
vt 1.549515 0.146821
vt 1.512996 0.146828
vt 0.461761 0.118548
vt 0.493640 0.157166
vt 0.496542 0.594303
vt 0.463952 0.583216
vt 0.586273 0.583135
vt 0.556379 0.594041
vt 0.553709 0.151719
vt 0.587691 0.118286
vt 0.449524 0.583397
vt 0.419340 0.583399
vt 0.418535 0.118548
vt 0.449035 0.118548
vt 0.508498 0.594303
vt 0.510419 0.151981
vt 0.546939 0.151974
vt 0.543838 0.594303
vt 1.464337 0.113395
vt 1.466529 0.578063
vt 1.499118 0.589150
vt 1.496217 0.152013
vt 1.588849 0.577982
vt 1.590268 0.113133
vt 1.556285 0.146566
vt 1.558956 0.588888
vt 1.452100 0.578244
vt 1.451612 0.113395
vt 1.421111 0.113395
vt 1.421917 0.578246
vt 1.511074 0.589150
vt 1.546414 0.589150
vt 1.549515 0.146821
vt 1.512996 0.146828
vt 0.461761 0.118548
vt 0.493640 0.157166
vt 0.496542 0.594303
vt 0.463952 0.583216
vt 0.586273 0.583135
vt 0.556379 0.594041
vt 0.553709 0.151719
vt 0.587691 0.118286
vt 0.449524 0.583397
vt 0.419340 0.583399
vt 0.418535 0.118548
vt 0.449035 0.118548
vt 0.508498 0.594303
vt 0.510419 0.151981
vt 0.546939 0.151974
vt 0.543838 0.594303
vt 1.464337 0.113395
vt 1.466529 0.578063
vt 1.499118 0.589150
vt 1.496217 0.152013
vt 1.588849 0.577982
vt 1.590268 0.113133
vt 1.556285 0.146566
vt 1.558956 0.588888
vt 1.452100 0.578244
vt 1.451612 0.113395
vt 1.421111 0.113395
vt 1.421917 0.578246
vt 1.511074 0.589150
vt 1.546414 0.589150
vt 1.549515 0.146821
vt 1.512996 0.146828
vt 0.461761 0.118548
vt 0.493640 0.157166
vt 0.496542 0.594303
vt 0.463952 0.583216
vt 0.586273 0.583135
vt 0.556379 0.594041
vt 0.553709 0.151719
vt 0.587691 0.118286
vt 0.449524 0.583397
vt 0.419340 0.583399
vt 0.418535 0.118548
vt 0.449035 0.118548
vt 0.508498 0.594303
vt 0.510419 0.151981
vt 0.546939 0.151974
vt 0.543838 0.594303
vt 1.464337 0.113395
vt 1.466529 0.578063
vt 1.499118 0.589150
vt 1.496217 0.152013
vt 1.588849 0.577982
vt 1.590268 0.113133
vt 1.556285 0.146566
vt 1.558956 0.588888
vt 1.452100 0.578244
vt 1.451612 0.113395
vt 1.421111 0.113395
vt 1.421917 0.578246
vt 1.511074 0.589150
vt 1.546414 0.589150
vt 1.549515 0.146821
vt 1.512996 0.146828
vt 0.461761 0.118548
vt 0.493640 0.157166
vt 0.496542 0.594303
vt 0.463952 0.583216
vt 0.586273 0.583135
vt 0.556379 0.594041
vt 0.553709 0.151719
vt 0.587691 0.118286
vt 0.449524 0.583397
vt 0.419340 0.583399
vt 0.418535 0.118548
vt 0.449035 0.118548
vt 0.508498 0.594303
vt 0.510419 0.151981
vt 0.546939 0.151974
vt 0.543838 0.594303
vt 1.464337 0.113395
vt 1.466529 0.578063
vt 1.499118 0.589150
vt 1.496217 0.152013
vt 1.588849 0.577982
vt 1.590268 0.113133
vt 1.556285 0.146566
vt 1.558956 0.588888
vt 1.452100 0.578244
vt 1.451612 0.113395
vt 1.421111 0.113395
vt 1.421917 0.578246
vt 1.511074 0.589150
vt 1.546414 0.589150
vt 1.549515 0.146821
vt 1.512996 0.146828
vt 0.461761 0.118548
vt 0.493640 0.157166
vt 0.496542 0.594303
vt 0.463952 0.583216
vt 0.586273 0.583135
vt 0.556379 0.594041
vt 0.553709 0.151719
vt 0.587691 0.118286
vt 0.449524 0.583397
vt 0.419340 0.583399
vt 0.418535 0.118548
vt 0.449035 0.118548
vt 0.508498 0.594303
vt 0.510419 0.151981
vt 0.546939 0.151974
vt 0.543838 0.594303
vt 1.464337 0.113395
vt 1.466529 0.578063
vt 1.499118 0.589150
vt 1.496217 0.152013
vt 1.588849 0.577982
vt 1.590268 0.113133
vt 1.556285 0.146566
vt 1.558956 0.588888
vt 1.452100 0.578244
vt 1.451612 0.113395
vt 1.421111 0.113395
vt 1.421917 0.578246
vt 1.511074 0.589150
vt 1.546414 0.589150
vt 1.549515 0.146821
vt 1.512996 0.146828
vt 0.461761 0.118548
vt 0.493640 0.157166
vt 0.496542 0.594303
vt 0.463952 0.583216
vt 0.586273 0.583135
vt 0.556379 0.594041
vt 0.553709 0.151719
vt 0.587691 0.118286
vt 0.449524 0.583397
vt 0.419340 0.583399
vt 0.418535 0.118548
vt 0.449035 0.118548
vt 0.508498 0.594303
vt 0.510419 0.151981
vt 0.546939 0.151974
vt 0.543838 0.594303
vt 1.464337 0.113395
vt 1.496217 0.152013
vt 1.499118 0.589150
vt 1.466529 0.578063
vt 1.588849 0.577982
vt 1.558956 0.588888
vt 1.556285 0.146566
vt 1.590268 0.113133
vt 1.452100 0.578244
vt 1.421917 0.578246
vt 1.421111 0.113395
vt 1.451612 0.113395
vt 1.511074 0.589150
vt 1.512996 0.146828
vt 1.549515 0.146821
vt 1.546414 0.589150
vt 0.461761 0.118548
vt 0.463952 0.583216
vt 0.496542 0.594303
vt 0.493640 0.157166
vt 0.586273 0.583135
vt 0.587691 0.118286
vt 0.553709 0.151719
vt 0.556379 0.594041
vt 0.449524 0.583397
vt 0.449035 0.118548
vt 0.418535 0.118548
vt 0.419340 0.583399
vt 0.508498 0.594303
vt 0.543838 0.594303
vt 0.546939 0.151974
vt 0.510419 0.151981
vt 1.464337 0.113395
vt 1.496217 0.152013
vt 1.497667 0.370581
vt 1.465433 0.345729
vt 1.499118 0.589150
vt 1.466529 0.578063
vt 1.546414 0.589150
vt 1.511074 0.589150
vt 1.512035 0.367989
vt 1.547965 0.367986
vt 1.512996 0.146828
vt 1.549515 0.146821
vt 1.464337 0.113395
vt 1.496217 0.152013
vt 1.497667 0.370581
vt 1.465433 0.345729
vt 1.499118 0.589150
vt 1.466529 0.578063
vt 1.546414 0.589150
vt 1.511074 0.589150
vt 1.512035 0.367989
vt 1.547965 0.367986
vt 1.512996 0.146828
vt 1.549515 0.146821
vt 1.464337 0.113395
vt 1.496217 0.152013
vt 1.497667 0.370581
vt 1.465433 0.345729
vt 1.499118 0.589150
vt 1.466529 0.578063
vt 1.546414 0.589150
vt 1.511074 0.589150
vt 1.512035 0.367989
vt 1.547965 0.367986
vt 1.512996 0.146828
vt 1.549515 0.146821
vt 1.464337 0.113395
vt 1.496217 0.152013
vt 1.497667 0.370581
vt 1.465433 0.345729
vt 1.499118 0.589150
vt 1.466529 0.578063
vt 1.546414 0.589150
vt 1.511074 0.589150
vt 1.512035 0.367989
vt 1.547965 0.367986
vt 1.512996 0.146828
vt 1.549515 0.146821
vt 1.464337 0.113395
vt 1.496217 0.152013
vt 1.497667 0.370581
vt 1.465433 0.345729
vt 1.499118 0.589150
vt 1.466529 0.578063
vt 1.546414 0.589150
vt 1.511074 0.589150
vt 1.512035 0.367989
vt 1.547965 0.367986
vt 1.512996 0.146828
vt 1.549515 0.146821
vt 1.464337 0.113395
vt 1.496217 0.152013
vt 1.497667 0.370581
vt 1.465433 0.345729
vt 1.499118 0.589150
vt 1.466529 0.578063
vt 1.546414 0.589150
vt 1.511074 0.589150
vt 1.512035 0.367989
vt 1.547965 0.367986
vt 1.512996 0.146828
vt 1.549515 0.146821
vt 1.464337 0.113395
vt 1.496217 0.152013
vt 1.497667 0.370581
vt 1.465433 0.345729
vt 1.499118 0.589150
vt 1.466529 0.578063
vt 1.546414 0.589150
vt 1.511074 0.589150
vt 1.512035 0.367989
vt 1.547965 0.367986
vt 1.512996 0.146828
vt 1.549515 0.146821
vt 1.558956 0.588888
vt 1.588849 0.577982
vt 1.589559 0.345558
vt 1.557620 0.367727
vt 1.590268 0.113133
vt 1.556285 0.146566
vt 1.421917 0.578246
vt 1.452100 0.578244
vt 1.451856 0.345820
vt 1.421514 0.345821
vt 1.451612 0.113395
vt 1.421111 0.113395
vt 0.006702 0.989501
vt 0.006703 0.100583
vt 0.039952 0.100583
vt 0.039951 0.989501
vt 0.073201 0.100583
vt 0.073201 0.989501
vt 0.106450 0.989501
vt 0.106450 0.100583
vt 0.139699 0.100583
vt 0.139698 0.989501
vt 0.172948 0.100583
vt 0.172948 0.989501
vt 0.206197 0.100583
vt 0.206196 0.989501
vt 1.206762 0.989403
vt 1.206763 0.008272
vt 1.240013 0.008272
vt 1.240012 0.989403
vt 1.273262 0.008272
vt 1.273261 0.989403
vt 1.306510 0.989403
vt 1.306511 0.008272
vt 1.339760 0.008272
vt 1.339759 0.989403
vt 1.373009 0.008272
vt 1.373008 0.989403
vt 1.406258 0.008272
vt 1.406257 0.989403
vt 0.205596 0.990443
vt 0.205597 0.008059
vt 0.239673 0.008059
vt 0.239672 0.990443
vt 0.273748 0.008059
vt 0.273747 0.990443
vt 0.307823 0.990443
vt 0.307824 0.008059
vt 0.341899 0.008059
vt 0.341899 0.990443
vt 0.375975 0.008059
vt 0.375975 0.990443
vt 0.410051 0.008059
vt 0.410050 0.990443
vt 1.589559 0.345558
vt 1.588849 0.577982
vt 1.558956 0.588888
vt 1.557620 0.367727
vt 1.590268 0.113133
vt 1.556285 0.146566
vt 1.451856 0.345820
vt 1.452100 0.578244
vt 1.421917 0.578246
vt 1.421514 0.345821
vt 1.451612 0.113395
vt 1.421111 0.113395
vt 0.039952 0.100583
vt 0.006703 0.100583
vt 0.006702 0.989501
vt 0.039951 0.989501
vt 0.073201 0.100583
vt 0.073201 0.989501
vt 0.106450 0.989501
vt 0.106450 0.100583
vt 0.139699 0.100583
vt 0.139698 0.989501
vt 0.172948 0.100583
vt 0.172948 0.989501
vt 0.206197 0.100583
vt 0.206196 0.989501
vt 1.240013 0.008272
vt 1.206763 0.008272
vt 1.206762 0.989403
vt 1.240012 0.989403
vt 1.273262 0.008272
vt 1.273261 0.989403
vt 1.306510 0.989403
vt 1.306511 0.008272
vt 1.339760 0.008272
vt 1.339759 0.989403
vt 1.373009 0.008272
vt 1.373008 0.989403
vt 1.406258 0.008272
vt 1.406257 0.989403
vt 0.239673 0.008059
vt 0.205597 0.008059
vt 0.205596 0.990443
vt 0.239672 0.990443
vt 0.273748 0.008059
vt 0.273747 0.990443
vt 0.307823 0.990443
vt 0.307824 0.008059
vt 0.341899 0.008059
vt 0.341899 0.990443
vt 0.375975 0.008059
vt 0.375975 0.990443
vt 0.410051 0.008059
vt 0.410050 0.990443
vt 1.589559 0.345558
vt 1.588849 0.577982
vt 1.558956 0.588888
vt 1.557620 0.367727
vt 1.590268 0.113133
vt 1.556285 0.146566
vt 1.451856 0.345820
vt 1.452100 0.578244
vt 1.421917 0.578246
vt 1.421514 0.345821
vt 1.451612 0.113395
vt 1.421111 0.113395
vt 0.039952 0.100583
vt 0.006703 0.100583
vt 0.006702 0.989501
vt 0.039951 0.989501
vt 0.073201 0.100583
vt 0.073201 0.989501
vt 0.106450 0.989501
vt 0.106450 0.100583
vt 0.139699 0.100583
vt 0.139698 0.989501
vt 0.172948 0.100583
vt 0.172948 0.989501
vt 0.206197 0.100583
vt 0.206196 0.989501
vt 1.240013 0.008272
vt 1.206763 0.008272
vt 1.206762 0.989403
vt 1.240012 0.989403
vt 1.273262 0.008272
vt 1.273261 0.989403
vt 1.306510 0.989403
vt 1.306511 0.008272
vt 1.339760 0.008272
vt 1.339759 0.989403
vt 1.373009 0.008272
vt 1.373008 0.989403
vt 1.406258 0.008272
vt 1.406257 0.989403
vt 0.239673 0.008059
vt 0.205597 0.008059
vt 0.205596 0.990443
vt 0.239672 0.990443
vt 0.273748 0.008059
vt 0.273747 0.990443
vt 0.307823 0.990443
vt 0.307824 0.008059
vt 0.341899 0.008059
vt 0.341899 0.990443
vt 0.375975 0.008059
vt 0.375975 0.990443
vt 0.410051 0.008059
vt 0.410050 0.990443
vt 1.589559 0.345558
vt 1.588849 0.577982
vt 1.558956 0.588888
vt 1.557620 0.367727
vt 1.590268 0.113133
vt 1.556285 0.146566
vt 1.451856 0.345820
vt 1.452100 0.578244
vt 1.421917 0.578246
vt 1.421514 0.345821
vt 1.451612 0.113395
vt 1.421111 0.113395
vt 0.039952 0.100583
vt 0.006703 0.100583
vt 0.006702 0.989501
vt 0.039951 0.989501
vt 0.073201 0.100583
vt 0.073201 0.989501
vt 0.106450 0.989501
vt 0.106450 0.100583
vt 0.139699 0.100583
vt 0.139698 0.989501
vt 0.172948 0.100583
vt 0.172948 0.989501
vt 0.206197 0.100583
vt 0.206196 0.989501
vt 1.240013 0.008272
vt 1.206763 0.008272
vt 1.206762 0.989403
vt 1.240012 0.989403
vt 1.273262 0.008272
vt 1.273261 0.989403
vt 1.306510 0.989403
vt 1.306511 0.008272
vt 1.339760 0.008272
vt 1.339759 0.989403
vt 1.373009 0.008272
vt 1.373008 0.989403
vt 1.406258 0.008272
vt 1.406257 0.989403
vt 0.239673 0.008059
vt 0.205597 0.008059
vt 0.205596 0.990443
vt 0.239672 0.990443
vt 0.273748 0.008059
vt 0.273747 0.990443
vt 0.307823 0.990443
vt 0.307824 0.008059
vt 0.341899 0.008059
vt 0.341899 0.990443
vt 0.375975 0.008059
vt 0.375975 0.990443
vt 0.410051 0.008059
vt 0.410050 0.990443
vt 1.589559 0.345558
vt 1.588849 0.577982
vt 1.558956 0.588888
vt 1.557620 0.367727
vt 1.590268 0.113133
vt 1.556285 0.146566
vt 1.451856 0.345820
vt 1.452100 0.578244
vt 1.421917 0.578246
vt 1.421514 0.345821
vt 1.451612 0.113395
vt 1.421111 0.113395
vt 0.039952 0.100583
vt 0.006703 0.100583
vt 0.006702 0.989501
vt 0.039951 0.989501
vt 0.073201 0.100583
vt 0.073201 0.989501
vt 0.106450 0.989501
vt 0.106450 0.100583
vt 0.139699 0.100583
vt 0.139698 0.989501
vt 0.172948 0.100583
vt 0.172948 0.989501
vt 0.206197 0.100583
vt 0.206196 0.989501
vt 1.240013 0.008272
vt 1.206763 0.008272
vt 1.206762 0.989403
vt 1.240012 0.989403
vt 1.273262 0.008272
vt 1.273261 0.989403
vt 1.306510 0.989403
vt 1.306511 0.008272
vt 1.339760 0.008272
vt 1.339759 0.989403
vt 1.373009 0.008272
vt 1.373008 0.989403
vt 1.406258 0.008272
vt 1.406257 0.989403
vt 0.239673 0.008059
vt 0.205597 0.008059
vt 0.205596 0.990443
vt 0.239672 0.990443
vt 0.273748 0.008059
vt 0.273747 0.990443
vt 0.307823 0.990443
vt 0.307824 0.008059
vt 0.341899 0.008059
vt 0.341899 0.990443
vt 0.375975 0.008059
vt 0.375975 0.990443
vt 0.410051 0.008059
vt 0.410050 0.990443
vt 1.589559 0.345558
vt 1.588849 0.577982
vt 1.558956 0.588888
vt 1.557620 0.367727
vt 1.590268 0.113133
vt 1.556285 0.146566
vt 1.451856 0.345820
vt 1.452100 0.578244
vt 1.421917 0.578246
vt 1.421514 0.345821
vt 1.451612 0.113395
vt 1.421111 0.113395
vt 0.039952 0.100583
vt 0.006703 0.100583
vt 0.006702 0.989501
vt 0.039951 0.989501
vt 0.073201 0.100583
vt 0.073201 0.989501
vt 0.106450 0.989501
vt 0.106450 0.100583
vt 0.139699 0.100583
vt 0.139698 0.989501
vt 0.172948 0.100583
vt 0.172948 0.989501
vt 0.206197 0.100583
vt 0.206196 0.989501
vt 1.240013 0.008272
vt 1.206763 0.008272
vt 1.206762 0.989403
vt 1.240012 0.989403
vt 1.273262 0.008272
vt 1.273261 0.989403
vt 1.306510 0.989403
vt 1.306511 0.008272
vt 1.339760 0.008272
vt 1.339759 0.989403
vt 1.373009 0.008272
vt 1.373008 0.989403
vt 1.406258 0.008272
vt 1.406257 0.989403
vt 0.239673 0.008059
vt 0.205597 0.008059
vt 0.205596 0.990443
vt 0.239672 0.990443
vt 0.273748 0.008059
vt 0.273747 0.990443
vt 0.307823 0.990443
vt 0.307824 0.008059
vt 0.341899 0.008059
vt 0.341899 0.990443
vt 0.375975 0.008059
vt 0.375975 0.990443
vt 0.410051 0.008059
vt 0.410050 0.990443
vt 1.589559 0.345558
vt 1.588849 0.577982
vt 1.558956 0.588888
vt 1.557620 0.367727
vt 1.590268 0.113133
vt 1.556285 0.146566
vt 1.451856 0.345820
vt 1.452100 0.578244
vt 1.421917 0.578246
vt 1.421514 0.345821
vt 1.451612 0.113395
vt 1.421111 0.113395
vt 0.039952 0.100583
vt 0.006703 0.100583
vt 0.006702 0.989501
vt 0.039951 0.989501
vt 0.073201 0.100583
vt 0.073201 0.989501
vt 0.106450 0.989501
vt 0.106450 0.100583
vt 0.139699 0.100583
vt 0.139698 0.989501
vt 0.172948 0.100583
vt 0.172948 0.989501
vt 0.206197 0.100583
vt 0.206196 0.989501
vt 1.240013 0.008272
vt 1.206763 0.008272
vt 1.206762 0.989403
vt 1.240012 0.989403
vt 1.273262 0.008272
vt 1.273261 0.989403
vt 1.306510 0.989403
vt 1.306511 0.008272
vt 1.339760 0.008272
vt 1.339759 0.989403
vt 1.373009 0.008272
vt 1.373008 0.989403
vt 1.406258 0.008272
vt 1.406257 0.989403
vt 0.239673 0.008059
vt 0.205597 0.008059
vt 0.205596 0.990443
vt 0.239672 0.990443
vt 0.273748 0.008059
vt 0.273747 0.990443
vt 0.307823 0.990443
vt 0.307824 0.008059
vt 0.341899 0.008059
vt 0.341899 0.990443
vt 0.375975 0.008059
vt 0.375975 0.990443
vt 0.410051 0.008059
vt 0.410050 0.990443
vt 1.589559 0.345558
vt 1.588849 0.577982
vt 1.558956 0.588888
vt 1.557620 0.367727
vt 1.590268 0.113133
vt 1.556285 0.146566
vt 1.451856 0.345820
vt 1.452100 0.578244
vt 1.421917 0.578246
vt 1.421514 0.345821
vt 1.451612 0.113395
vt 1.421111 0.113395
vt 0.039952 0.100583
vt 0.006703 0.100583
vt 0.006702 0.989501
vt 0.039951 0.989501
vt 0.073201 0.100583
vt 0.073201 0.989501
vt 0.106450 0.989501
vt 0.106450 0.100583
vt 0.139699 0.100583
vt 0.139698 0.989501
vt 0.172948 0.100583
vt 0.172948 0.989501
vt 0.206197 0.100583
vt 0.206196 0.989501
vt 1.240013 0.008272
vt 1.206763 0.008272
vt 1.206762 0.989403
vt 1.240012 0.989403
vt 1.273262 0.008272
vt 1.273261 0.989403
vt 1.306510 0.989403
vt 1.306511 0.008272
vt 1.339760 0.008272
vt 1.339759 0.989403
vt 1.373009 0.008272
vt 1.373008 0.989403
vt 1.406258 0.008272
vt 1.406257 0.989403
vt 0.239673 0.008059
vt 0.205597 0.008059
vt 0.205596 0.990443
vt 0.239672 0.990443
vt 0.273748 0.008059
vt 0.273747 0.990443
vt 0.307823 0.990443
vt 0.307824 0.008059
vt 0.341899 0.008059
vt 0.341899 0.990443
vt 0.375975 0.008059
vt 0.375975 0.990443
vt 0.410051 0.008059
vt 0.410050 0.990443
vt 1.497667 0.370581
vt 1.496217 0.152013
vt 1.464337 0.113395
vt 1.465433 0.345729
vt 1.499118 0.589150
vt 1.466529 0.578063
vt 1.512035 0.367989
vt 1.511074 0.589150
vt 1.546414 0.589150
vt 1.547965 0.367986
vt 1.512996 0.146828
vt 1.549515 0.146821
vt 0.098448 0.091724
vt 0.098448 0.041312
vt 0.083896 0.066518
vt 0.142106 0.066518
vt 0.127553 0.041312
vt 0.127553 0.091724
vt 0.028759 0.079051
vt 0.028759 0.028639
vt 0.014206 0.053845
vt 0.072417 0.053845
vt 0.057864 0.028639
vt 0.057864 0.079051
vt 1.018527 0.034814
vt 1.068938 0.034814
vt 1.043733 0.020261
vt 1.043733 0.078471
vt 1.068938 0.063919
vt 1.018527 0.063919
vt 0.098448 0.091724
vt 0.098448 0.041312
vt 0.083896 0.066518
vt 0.142106 0.066518
vt 0.127553 0.041312
vt 0.127553 0.091724
vt 0.028759 0.079051
vt 0.028759 0.028639
vt 0.014206 0.053845
vt 0.072417 0.053845
vt 0.057864 0.028639
vt 0.057864 0.079051
vt 1.018527 0.034814
vt 1.068938 0.034814
vt 1.043733 0.020261
vt 1.043733 0.078471
vt 1.068938 0.063919
vt 1.018527 0.063919
vt 0.098448 0.091724
vt 0.098448 0.041312
vt 0.083896 0.066518
vt 0.142106 0.066518
vt 0.127553 0.041312
vt 0.127553 0.091724
vt 0.028759 0.079051
vt 0.028759 0.028639
vt 0.014206 0.053845
vt 0.072417 0.053845
vt 0.057864 0.028639
vt 0.057864 0.079051
vt 1.018527 0.034814
vt 1.068938 0.034814
vt 1.043733 0.020261
vt 1.043733 0.078471
vt 1.068938 0.063919
vt 1.018527 0.063919
vt 0.098448 0.091724
vt 0.098448 0.041312
vt 0.083896 0.066518
vt 0.142106 0.066518
vt 0.127553 0.041312
vt 0.127553 0.091724
vt 0.028759 0.079051
vt 0.028759 0.028639
vt 0.014206 0.053845
vt 0.072417 0.053845
vt 0.057864 0.028639
vt 0.057864 0.079051
vt 1.018527 0.034814
vt 1.068938 0.034814
vt 1.043733 0.020261
vt 1.043733 0.078471
vt 1.068938 0.063919
vt 1.018527 0.063919
vt 0.098448 0.091724
vt 0.098448 0.041312
vt 0.083896 0.066518
vt 0.142106 0.066518
vt 0.127553 0.041312
vt 0.127553 0.091724
vt 0.028759 0.079051
vt 0.028759 0.028639
vt 0.014206 0.053845
vt 0.072417 0.053845
vt 0.057864 0.028639
vt 0.057864 0.079051
vt 1.018527 0.034814
vt 1.068938 0.034814
vt 1.043733 0.020261
vt 1.043733 0.078471
vt 1.068938 0.063919
vt 1.018527 0.063919
vt 0.098448 0.091724
vt 0.098448 0.041312
vt 0.083896 0.066518
vt 0.142106 0.066518
vt 0.127553 0.041312
vt 0.127553 0.091724
vt 0.028759 0.079051
vt 0.028759 0.028639
vt 0.014206 0.053845
vt 0.072417 0.053845
vt 0.057864 0.028639
vt 0.057864 0.079051
vt 1.018527 0.034814
vt 1.068938 0.034814
vt 1.043733 0.020261
vt 1.043733 0.078471
vt 1.068938 0.063919
vt 1.018527 0.063919
vt 0.098448 0.091724
vt 0.098448 0.041312
vt 0.083896 0.066518
vt 0.142106 0.066518
vt 0.127553 0.041312
vt 0.127553 0.091724
vt 0.028759 0.079051
vt 0.028759 0.028639
vt 0.014206 0.053845
vt 0.072417 0.053845
vt 0.057864 0.028639
vt 0.057864 0.079051
vt 1.018527 0.034814
vt 1.068938 0.034814
vt 1.043733 0.020261
vt 1.043733 0.078471
vt 1.068938 0.063919
vt 1.018527 0.063919
vt 0.098448 0.041312
vt 0.098448 0.091724
vt 0.083896 0.066518
vt 0.142106 0.066518
vt 0.127553 0.091724
vt 0.127553 0.041312
vt 0.028759 0.028639
vt 0.028759 0.079051
vt 0.014206 0.053845
vt 0.072417 0.053845
vt 0.057864 0.079051
vt 0.057864 0.028639
vt 1.068938 0.034814
vt 1.018527 0.034814
vt 1.043733 0.020261
vt 1.043733 0.078471
vt 1.018527 0.063919
vt 1.068938 0.063919
vn 0 -6.123233995736766E-17 -1
vn 0 -6.123233995736766E-17 -1
vn 0 -6.123233995736766E-17 -1
vn 0 -6.123233995736766E-17 -1
vn 0 1 -6.123233995736766E-17
vn 0 1 -6.123233995736766E-17
vn 0 1 -6.123233995736766E-17
vn 0 1 -6.123233995736766E-17
vn -1 0 0
vn -1 0 0
vn -1 0 0
vn -1 0 0
vn 0 -1 6.123233995736766E-17
vn 0 -1 6.123233995736766E-17
vn 0 -1 6.123233995736766E-17
vn 0 -1 6.123233995736766E-17
vn 1 0 0
vn 1 0 0
vn 1 0 0
vn 1 0 0
vn 0 6.123233995736766E-17 1
vn 0 6.123233995736766E-17 1
vn 0 6.123233995736766E-17 1
vn 0 6.123233995736766E-17 1
vn 0.003234 0.29353100000000004 0.955944
vn 0.0097 0.30792700000000006 0.951361
vn 0.142623 0.27945300000000006 0.949508
vn 0.056362 0.27322700000000005 0.960297
vn 0.199984 0.25341300000000005 0.946461
vn 0 0.26780200000000004 0.963474
vn -0.009774 0.28699100000000005 0.957883
vn 0 0.26780200000000004 0.963474
vn 0 0.2782510000000001 0.960508
vn 0.998972 -0.027383999999999995 0.036131
vn 0.995809 -0.068876 0.060175000000000006
vn 0.998972 -0.027383999999999995 0.036131
vn 0.999828 0.014172 0.012004999999999998
vn -0.998881 0.028735999999999998 -0.037552
vn -0.999906 -0.006184000000000001 -0.012255
vn -0.998881 0.028735999999999998 -0.037552
vn -0.995999 0.063603 -0.06278
vn -0.14478 -0.83472 0.531301
vn -0.144714 -0.834727 0.531309
vn -0.14478 -0.83472 0.531301
vn -0.144845 -0.834714 0.531293
vn 0.144404 0.829579 -0.539395
vn 0.144429 0.829576 -0.539392
vn 0.144404 0.829579 -0.539395
vn 0.144379 0.829581 -0.539398
vn 0.999761 -0.014500999999999998 0.016346
vn 0.999768 -0.013014999999999999 0.017186
vn 0.999761 -0.014500999999999998 0.016346
vn 0.999752 -0.015988 0.015505000000000001
vn -0.999761 0.014559999999999998 -0.01629
vn -0.999756 0.015801 -0.015413000000000001
vn -0.999761 0.014559999999999998 -0.01629
vn -0.999764 0.013318999999999998 -0.017167
vn 0.002525 0.848697 0.528874
vn 0.002486 0.848698 0.528872
vn 0.002525 0.848697 0.528874
vn 0.002564 0.848695 0.528876
vn -0.001982 -0.84366 -0.536874
vn -0.001982 -0.84366 -0.536874
vn -0.001982 -0.84366 -0.536874
vn -0.001982 -0.84366 -0.536874
vn 0.998972 -0.027382999999999998 0.036131
vn 0.995809 -0.068874 0.060174000000000005
vn 0.998972 -0.027382999999999998 0.036131
vn 0.999828 0.014172 0.012004999999999998
vn -0.998881 0.028735999999999998 -0.037552
vn -0.999906 -0.006184000000000001 -0.012255
vn -0.998881 0.028735999999999998 -0.037552
vn -0.995999 0.063603 -0.06278
vn -0.144792 -0.834719 0.5313
vn -0.144714 -0.834726 0.53131
vn -0.144792 -0.834719 0.5313
vn -0.144871 -0.834711 0.531291
vn 0.144404 0.829579 -0.539395
vn 0.144429 0.829576 -0.539392
vn 0.144404 0.829579 -0.539395
vn 0.144379 0.829581 -0.539398
vn 0.999761 -0.014500999999999998 0.016346
vn 0.999768 -0.013014999999999999 0.017186
vn 0.999761 -0.014500999999999998 0.016346
vn 0.999752 -0.015988 0.015505000000000001
vn -0.999761 0.014559999999999998 -0.01629
vn -0.999756 0.015801 -0.015413000000000001
vn -0.999761 0.014559999999999998 -0.01629
vn -0.999764 0.013318999999999998 -0.017167
vn 0.002538 0.848696 0.528875
vn 0.002486 0.848698 0.528872
vn 0.002538 0.848696 0.528875
vn 0.00259 0.848695 0.528877
vn -0.001982 -0.84366 -0.536874
vn -0.001982 -0.84366 -0.536874
vn -0.001982 -0.84366 -0.536874
vn -0.001982 -0.84366 -0.536874
vn 0.998972 -0.027383999999999995 0.036131
vn 0.995809 -0.068876 0.060175000000000006
vn 0.998972 -0.027383999999999995 0.036131
vn 0.999828 0.014172 0.012004999999999998
vn -0.998881 0.028735999999999998 -0.037552
vn -0.999906 -0.006184000000000001 -0.012255
vn -0.998881 0.028735999999999998 -0.037552
vn -0.995999 0.063603 -0.06278
vn -0.14478 -0.83472 0.531301
vn -0.144714 -0.834727 0.531309
vn -0.14478 -0.83472 0.531301
vn -0.144845 -0.834714 0.531293
vn 0.144404 0.829579 -0.539395
vn 0.144429 0.829576 -0.539392
vn 0.144404 0.829579 -0.539395
vn 0.144379 0.829581 -0.539398
vn 0.999761 -0.014500999999999998 0.016346
vn 0.999768 -0.013014999999999999 0.017186
vn 0.999761 -0.014500999999999998 0.016346
vn 0.999752 -0.015988 0.015505000000000001
vn -0.999761 0.014559999999999998 -0.01629
vn -0.999756 0.015801 -0.015413000000000001
vn -0.999761 0.014559999999999998 -0.01629
vn -0.999764 0.013318999999999998 -0.017167
vn 0.002525 0.848697 0.528874
vn 0.002486 0.848698 0.528872
vn 0.002525 0.848697 0.528874
vn 0.002564 0.848695 0.528876
vn -0.001982 -0.84366 -0.536874
vn -0.001982 -0.84366 -0.536874
vn -0.001982 -0.84366 -0.536874
vn -0.001982 -0.84366 -0.536874
vn 0.998972 -0.027379999999999998 0.036129
vn 0.99581 -0.068869 0.06017100000000001
vn 0.998972 -0.027379999999999998 0.036129
vn 0.999828 0.014172 0.012004999999999998
vn -0.998881 0.028734999999999997 -0.037551
vn -0.999906 -0.006184000000000001 -0.012255
vn -0.998881 0.028734999999999997 -0.037551
vn -0.995999 0.0636 -0.062778
vn -0.144792 -0.834719 0.5313
vn -0.144714 -0.834726 0.53131
vn -0.144792 -0.834719 0.5313
vn -0.14487 -0.834711 0.531291
vn 0.144404 0.829579 -0.539395
vn 0.144429 0.829576 -0.539392
vn 0.144404 0.829579 -0.539395
vn 0.144379 0.829581 -0.539398
vn 0.999761 -0.014500999999999998 0.016346
vn 0.999768 -0.013014999999999999 0.017186
vn 0.999761 -0.014500999999999998 0.016346
vn 0.999752 -0.015988 0.015505000000000001
vn -0.999761 0.014559999999999998 -0.01629
vn -0.999756 0.015801 -0.015413000000000001
vn -0.999761 0.014559999999999998 -0.01629
vn -0.999764 0.013318999999999998 -0.017167
vn 0.002538 0.848696 0.528875
vn 0.002486 0.848698 0.528872
vn 0.002538 0.848696 0.528875
vn 0.00259 0.848695 0.528877
vn -0.001982 -0.84366 -0.536874
vn -0.001982 -0.84366 -0.536874
vn -0.001982 -0.84366 -0.536874
vn -0.001982 -0.84366 -0.536874
vn 0.998972 -0.027383999999999995 0.036131
vn 0.995809 -0.068876 0.060175000000000006
vn 0.998972 -0.027383999999999995 0.036131
vn 0.999828 0.014172 0.012004999999999998
vn -0.998881 0.028735999999999998 -0.037552
vn -0.999906 -0.006184000000000001 -0.012255
vn -0.998881 0.028735999999999998 -0.037552
vn -0.995999 0.063603 -0.06278
vn -0.14478 -0.83472 0.531301
vn -0.144714 -0.834727 0.531309
vn -0.14478 -0.83472 0.531301
vn -0.144845 -0.834714 0.531293
vn 0.144404 0.829579 -0.539395
vn 0.144429 0.829576 -0.539392
vn 0.144404 0.829579 -0.539395
vn 0.144379 0.829581 -0.539398
vn 0.999761 -0.014500999999999998 0.016346
vn 0.999768 -0.013014999999999999 0.017186
vn 0.999761 -0.014500999999999998 0.016346
vn 0.999752 -0.015988 0.015505000000000001
vn -0.999761 0.014559999999999998 -0.01629
vn -0.999756 0.015801 -0.015413000000000001
vn -0.999761 0.014559999999999998 -0.01629
vn -0.999764 0.013318999999999998 -0.017167
vn 0.002525 0.848697 0.528874
vn 0.002486 0.848698 0.528872
vn 0.002525 0.848697 0.528874
vn 0.002564 0.848695 0.528876
vn -0.001982 -0.84366 -0.536874
vn -0.001982 -0.84366 -0.536874
vn -0.001982 -0.84366 -0.536874
vn -0.001982 -0.84366 -0.536874
vn 0.998972 -0.027382999999999998 0.036131
vn 0.995809 -0.068874 0.060174000000000005
vn 0.998972 -0.027382999999999998 0.036131
vn 0.999828 0.014172 0.012004999999999998
vn -0.998881 0.028735999999999998 -0.037552
vn -0.999906 -0.006184000000000001 -0.012255
vn -0.998881 0.028735999999999998 -0.037552
vn -0.995999 0.063603 -0.06278
vn -0.144792 -0.834719 0.5313
vn -0.144714 -0.834726 0.53131
vn -0.144792 -0.834719 0.5313
vn -0.144871 -0.834711 0.531291
vn 0.144404 0.829579 -0.539395
vn 0.144429 0.829576 -0.539392
vn 0.144404 0.829579 -0.539395
vn 0.144379 0.829581 -0.539398
vn 0.999761 -0.014500999999999998 0.016346
vn 0.999768 -0.013014999999999999 0.017186
vn 0.999761 -0.014500999999999998 0.016346
vn 0.999752 -0.015988 0.015505000000000001
vn -0.999761 0.014559999999999998 -0.01629
vn -0.999756 0.015801 -0.015413000000000001
vn -0.999761 0.014559999999999998 -0.01629
vn -0.999764 0.013318999999999998 -0.017167
vn 0.002538 0.848696 0.528875
vn 0.002486 0.848698 0.528872
vn 0.002538 0.848696 0.528875
vn 0.00259 0.848695 0.528877
vn -0.001982 -0.84366 -0.536874
vn -0.001982 -0.84366 -0.536874
vn -0.001982 -0.84366 -0.536874
vn -0.001982 -0.84366 -0.536874
vn 0.998972 -0.027381999999999997 0.036131
vn 0.995809 -0.068873 0.060173000000000004
vn 0.998972 -0.027381999999999997 0.036131
vn 0.999828 0.014172 0.012004999999999998
vn -0.998881 0.028735999999999998 -0.037552
vn -0.999906 -0.006184000000000001 -0.012255
vn -0.998881 0.028735999999999998 -0.037552
vn -0.995999 0.063603 -0.06278
vn -0.144779 -0.83472 0.531301
vn -0.144714 -0.834727 0.531309
vn -0.144779 -0.83472 0.531301
vn -0.144845 -0.834714 0.531293
vn 0.144404 0.829579 -0.539395
vn 0.144429 0.829576 -0.539392
vn 0.144404 0.829579 -0.539395
vn 0.144379 0.829581 -0.539398
vn 0.999761 -0.014500999999999998 0.016346
vn 0.999768 -0.013014999999999999 0.017186
vn 0.999761 -0.014500999999999998 0.016346
vn 0.999752 -0.015988 0.015505000000000001
vn -0.999761 0.014559999999999998 -0.01629
vn -0.999756 0.015801 -0.015413000000000001
vn -0.999761 0.014559999999999998 -0.01629
vn -0.999764 0.013318999999999998 -0.017167
vn 0.002525 0.848697 0.528874
vn 0.002486 0.848698 0.528872
vn 0.002525 0.848697 0.528874
vn 0.002564 0.848695 0.528876
vn -0.001982 -0.84366 -0.536874
vn -0.001982 -0.84366 -0.536874
vn -0.001982 -0.84366 -0.536874
vn -0.001982 -0.84366 -0.536874
vn -0.998972 -0.027383999999999995 0.036131
vn -0.999828 0.014172 0.012004999999999998
vn -0.998972 -0.027383999999999995 0.036131
vn -0.995809 -0.068876 0.060175000000000006
vn 0.998881 0.028735999999999998 -0.037552
vn 0.995999 0.063603 -0.06278
vn 0.998881 0.028735999999999998 -0.037552
vn 0.999906 -0.006184000000000001 -0.012255
vn 0.14478 -0.83472 0.531301
vn 0.144845 -0.834714 0.531293
vn 0.14478 -0.83472 0.531301
vn 0.144714 -0.834727 0.531309
vn -0.144404 0.829579 -0.539395
vn -0.144379 0.829581 -0.539398
vn -0.144404 0.829579 -0.539395
vn -0.144429 0.829576 -0.539392
vn -0.999761 -0.014500999999999998 0.016346
vn -0.999752 -0.015988 0.015505000000000001
vn -0.999761 -0.014500999999999998 0.016346
vn -0.999768 -0.013014999999999999 0.017186
vn 0.999761 0.014559999999999998 -0.01629
vn 0.999764 0.013318999999999998 -0.017167
vn 0.999761 0.014559999999999998 -0.01629
vn 0.999756 0.015801 -0.015413000000000001
vn -0.002525 0.848697 0.528874
vn -0.002564 0.848695 0.528876
vn -0.002525 0.848697 0.528874
vn -0.002486 0.848698 0.528872
vn 0.001982 -0.84366 -0.536874
vn 0.001982 -0.84366 -0.536874
vn 0.001982 -0.84366 -0.536874
vn 0.001982 -0.84366 -0.536874
vn 0.997108 0.068052 0.03383099999999999
vn 0.996426 0.070973 0.045799999999999993
vn 0.999494 -0.001417999999999998 0.031766
vn 0.997092 -0.072284 0.024138000000000003
vn 0.989766 -0.140474 0.025108000000000005
vn 0.989795 -0.140621 0.023042000000000007
vn 0.071697 0.08291399999999995 -0.993974
vn 0.071697 0.08291399999999995 -0.993974
vn 0.069693 0.03625499999999994 -0.99691
vn 0.067531 -0.01058700000000006 -0.997661
vn 0.065227 -0.05730200000000006 -0.996224
vn 0.065227 -0.05730200000000006 -0.996224
vn 0.997108 0.068052 0.033832999999999995
vn 0.996426 0.070973 0.045801999999999995
vn 0.999494 -0.001417999999999998 0.031766
vn 0.997092 -0.072283 0.024137000000000002
vn 0.989766 -0.140474 0.025106000000000007
vn 0.989795 -0.14062 0.023042000000000007
vn 0.071697 0.08291399999999995 -0.993974
vn 0.071697 0.08291399999999995 -0.993974
vn 0.069693 0.03625499999999994 -0.99691
vn 0.067531 -0.01058700000000006 -0.997661
vn 0.065227 -0.05730200000000006 -0.996224
vn 0.065227 -0.05730200000000006 -0.996224
vn 0.997108 0.068052 0.03383099999999999
vn 0.996426 0.070973 0.045799999999999993
vn 0.999494 -0.001417999999999998 0.031766
vn 0.997092 -0.072284 0.024138000000000003
vn 0.989766 -0.140474 0.025108000000000005
vn 0.989795 -0.140621 0.023042000000000007
vn 0.071697 0.08291399999999995 -0.993974
vn 0.071697 0.08291399999999995 -0.993974
vn 0.069693 0.03625499999999994 -0.99691
vn 0.067531 -0.01058700000000006 -0.997661
vn 0.065227 -0.05730200000000006 -0.996224
vn 0.065227 -0.05730200000000006 -0.996224
vn 0.997108 0.068052 0.033832999999999995
vn 0.996426 0.070973 0.045801999999999995
vn 0.999494 -0.001417999999999998 0.031766
vn 0.997092 -0.072283 0.024137000000000002
vn 0.989766 -0.140474 0.025106000000000007
vn 0.989795 -0.14062 0.023042000000000007
vn 0.071697 0.08291399999999995 -0.993974
vn 0.071697 0.08291399999999995 -0.993974
vn 0.069693 0.03625499999999994 -0.99691
vn 0.067531 -0.01058700000000006 -0.997661
vn 0.065227 -0.05730200000000006 -0.996224
vn 0.065227 -0.05730200000000006 -0.996224
vn 0.997108 0.068052 0.03383099999999999
vn 0.996426 0.070973 0.045799999999999993
vn 0.999494 -0.001417999999999998 0.031766
vn 0.997092 -0.072284 0.024138000000000003
vn 0.989766 -0.140474 0.025108000000000005
vn 0.989795 -0.140621 0.023042000000000007
vn 0.071697 0.08291399999999995 -0.993974
vn 0.071697 0.08291399999999995 -0.993974
vn 0.069693 0.03625499999999994 -0.99691
vn 0.067531 -0.01058700000000006 -0.997661
vn 0.065227 -0.05730200000000006 -0.996224
vn 0.065227 -0.05730200000000006 -0.996224
vn 0.997108 0.068052 0.033832999999999995
vn 0.996426 0.070973 0.045801999999999995
vn 0.999494 -0.001417999999999998 0.031766
vn 0.997092 -0.072283 0.024137000000000002
vn 0.989766 -0.140474 0.025106000000000007
vn 0.989795 -0.14062 0.023042000000000007
vn 0.071697 0.08291399999999995 -0.993974
vn 0.071697 0.08291399999999995 -0.993974
vn 0.069693 0.03625499999999994 -0.99691
vn 0.067531 -0.01058700000000006 -0.997661
vn 0.065227 -0.05730200000000006 -0.996224
vn 0.065227 -0.05730200000000006 -0.996224
vn 0.997108 0.068052 0.03383099999999999
vn 0.996426 0.070973 0.045799999999999993
vn 0.999494 -0.001417999999999998 0.031766
vn 0.997092 -0.072284 0.024138000000000003
vn 0.989766 -0.140474 0.025108000000000005
vn 0.989795 -0.140621 0.023042000000000007
vn 0.071697 0.08291399999999995 -0.993974
vn 0.071697 0.08291399999999995 -0.993974
vn 0.069693 0.03625499999999994 -0.99691
vn 0.067531 -0.01058700000000006 -0.997661
vn 0.065227 -0.05730200000000006 -0.996224
vn 0.065227 -0.05730200000000006 -0.996224
vn 0.989766 0.140473 -0.025109000000000006
vn 0.989795 0.140619 -0.023050000000000008
vn 0.997092 0.072282 -0.024134000000000003
vn 0.999495 0.001417999999999998 -0.031748
vn 0.997109 -0.068052 -0.03380699999999999
vn 0.996428 -0.070971 -0.045767999999999996
vn 0.071924 -0.08714399999999994 0.993596
vn 0.071962 -0.08714099999999994 0.993593
vn 0.069966 -0.04162899999999994 0.99668
vn 0.067819 0.004072000000000061 0.997689
vn 0.065573 0.04966800000000006 0.996611
vn 0.065533 0.049674000000000065 0.996613
vn -0.654674 -0.755911 4.6286199329513747E-17
vn -0.327339 -0.944907 5.78588666520964E-17
vn -0.981986 -0.188955 1.1570156796644406E-17
vn -0.981979 0.188991 -1.1572361160882871E-17
vn -0.5 0.866026 -5.3028798443919284E-17
vn -0.5 0.866026 -5.3028798443919284E-17
vn 0.500013 0.866018 -5.302830858519962E-17
vn 0.500013 0.866018 -5.302830858519962E-17
vn 0.981986 0.188956 -1.1570218028984365E-17
vn 0.981978 -0.188997 1.1572728554922616E-17
vn 0.654649 -0.755933 4.62875464409928E-17
vn 0.327327 -0.944911 5.785911158145623E-17
vn -0.327339 -0.944907 5.78588666520964E-17
vn -0.654674 -0.755911 4.6286199329513747E-17
vn -0.654666 -0.755918 4.6286627955893446E-17
vn -0.327333 -0.944909 5.785898911677632E-17
vn -0.981984 -0.188963 1.1570646655364065E-17
vn -0.981978 0.188997 -1.1572728554922616E-17
vn -0.499995 0.866028 -5.30289209085992E-17
vn -0.499995 0.866028 -5.30289209085992E-17
vn 0.499995 0.866028 -5.30289209085992E-17
vn 0.499995 0.866028 -5.30289209085992E-17
vn 0.981979 0.188993 -1.1572483625562786E-17
vn 0.981982 -0.188974 1.1571320211103596E-17
vn 0.654657 -0.755926 4.6287117814613103E-17
vn 0.327329 -0.944911 5.785911158145623E-17
vn -0.327333 -0.944909 5.785898911677632E-17
vn -0.654666 -0.755918 4.6286627955893446E-17
vn -0.654666 -0.755918 4.6286627955893446E-17
vn -0.327333 -0.944909 5.785898911677632E-17
vn -0.981983 -0.188968 1.1570952817063852E-17
vn -0.98198 0.188984 -1.157193253450317E-17
vn -0.500003 0.866024 -5.302867597923937E-17
vn -0.500003 0.866024 -5.302867597923937E-17
vn 0.50001 0.86602 -5.302843104987954E-17
vn 0.50001 0.86602 -5.302843104987954E-17
vn 0.981983 0.188968 -1.1570952817063852E-17
vn 0.98198 -0.188984 1.157193253450317E-17
vn 0.654657 -0.755926 4.6287117814613103E-17
vn 0.327329 -0.944911 5.785911158145623E-17
vn -0.327333 -0.944909 5.785898911677632E-17
vn -0.654666 -0.755918 4.6286627955893446E-17
vn -0.997092 0.072282 -0.024134000000000003
vn -0.989795 0.140619 -0.023050000000000008
vn -0.989766 0.140473 -0.025109000000000006
vn -0.999495 0.001417999999999998 -0.031748
vn -0.997109 -0.068052 -0.03380699999999999
vn -0.996428 -0.070971 -0.045767999999999996
vn -0.069966 -0.04162899999999994 0.99668
vn -0.071962 -0.08714099999999994 0.993593
vn -0.071924 -0.08714399999999994 0.993596
vn -0.067819 0.004072000000000061 0.997689
vn -0.065573 0.04966800000000006 0.996611
vn -0.065533 0.049674000000000065 0.996613
vn 0.981986 -0.188952 1.1569973099624535E-17
vn 0.327341 -0.944906 5.785880541975645E-17
vn 0.654679 -0.755907 4.628595440015392E-17
vn 0.981979 0.188988 -1.1572177463862999E-17
vn 0.500003 0.866024 -5.302867597923937E-17
vn 0.500003 0.866024 -5.302867597923937E-17
vn -0.50001 0.86602 -5.302843104987954E-17
vn -0.50001 0.86602 -5.302843104987954E-17
vn -0.981985 0.188959 -1.1570401726004235E-17
vn -0.981977 -0.189 1.1572912251942488E-17
vn -0.654645 -0.755937 4.628779137035264E-17
vn -0.327324 -0.944912 5.785917281379619E-17
vn 0.327341 -0.944906 5.785880541975645E-17
vn 0.654679 -0.755907 4.628595440015392E-17
vn 0.981984 -0.188963 1.1570646655364065E-17
vn 0.327333 -0.944909 5.785898911677632E-17
vn 0.654666 -0.755918 4.6286627955893446E-17
vn 0.981977 0.188998 -1.1572789787262573E-17
vn 0.499994 0.866029 -5.302898214093916E-17
vn 0.499994 0.866029 -5.302898214093916E-17
vn -0.499987 0.866033 -5.302922707029899E-17
vn -0.499987 0.866033 -5.302922707029899E-17
vn -0.981976 0.189005 -1.1573218413642275E-17
vn -0.981983 -0.188969 1.1571014049403809E-17
vn -0.654657 -0.755926 4.6287117814613103E-17
vn -0.327329 -0.944911 5.785911158145623E-17
vn 0.327333 -0.944909 5.785898911677632E-17
vn 0.654666 -0.755918 4.6286627955893446E-17
vn 0.981983 -0.188968 1.1570952817063852E-17
vn 0.327333 -0.944909 5.785898911677632E-17
vn 0.654666 -0.755918 4.6286627955893446E-17
vn 0.98198 0.188984 -1.157193253450317E-17
vn 0.500003 0.866024 -5.302867597923937E-17
vn 0.500003 0.866024 -5.302867597923937E-17
vn -0.50001 0.86602 -5.302843104987954E-17
vn -0.50001 0.86602 -5.302843104987954E-17
vn -0.981983 0.188968 -1.1570952817063852E-17
vn -0.98198 -0.188984 1.157193253450317E-17
vn -0.654657 -0.755926 4.6287117814613103E-17
vn -0.327329 -0.944911 5.785911158145623E-17
vn 0.327333 -0.944909 5.785898911677632E-17
vn 0.654666 -0.755918 4.6286627955893446E-17
vn -0.997092 0.072282 -0.024133000000000005
vn -0.989796 0.140619 -0.023050000000000008
vn -0.989766 0.140473 -0.025107000000000008
vn -0.999495 0.001417999999999998 -0.031747
vn -0.997109 -0.068052 -0.03380799999999999
vn -0.996428 -0.070971 -0.045767999999999996
vn -0.069966 -0.04162899999999994 0.99668
vn -0.071962 -0.08714099999999994 0.993594
vn -0.071924 -0.08714399999999994 0.993596
vn -0.067818 0.004072000000000061 0.997689
vn -0.065572 0.04966800000000006 0.996611
vn -0.06553 0.04967500000000006 0.996613
vn 0.981986 -0.188952 1.1569973099624535E-17
vn 0.32734 -0.944907 5.78588666520964E-17
vn 0.654677 -0.755909 4.628607686483383E-17
vn 0.981979 0.188993 -1.1572483625562786E-17
vn 0.5 0.866026 -5.3028798443919284E-17
vn 0.5 0.866026 -5.3028798443919284E-17
vn -0.500013 0.866018 -5.302830858519962E-17
vn -0.500013 0.866018 -5.302830858519962E-17
vn -0.981986 0.188954 -1.157009556430445E-17
vn -0.981977 -0.189002 1.1573034716622403E-17
vn -0.654645 -0.755937 4.628779137035264E-17
vn -0.327324 -0.944912 5.785917281379619E-17
vn 0.32734 -0.944907 5.78588666520964E-17
vn 0.654677 -0.755909 4.628607686483383E-17
vn 0.981984 -0.188964 1.1570707887704022E-17
vn 0.327333 -0.944909 5.785898911677632E-17
vn 0.654666 -0.755918 4.6286627955893446E-17
vn 0.981978 0.188995 -1.1572606090242701E-17
vn 0.499996 0.866028 -5.30289209085992E-17
vn 0.499996 0.866028 -5.30289209085992E-17
vn -0.499986 0.866034 -5.302928830263894E-17
vn -0.499986 0.866034 -5.302928830263894E-17
vn -0.981976 0.189008 -1.1573402110662147E-17
vn -0.981983 -0.188968 1.1570952817063852E-17
vn -0.654657 -0.755926 4.6287117814613103E-17
vn -0.327329 -0.944911 5.785911158145623E-17
vn 0.327333 -0.944909 5.785898911677632E-17
vn 0.654666 -0.755918 4.6286627955893446E-17
vn 0.981984 -0.188964 1.1570707887704022E-17
vn 0.327334 -0.944909 5.785898911677632E-17
vn 0.654668 -0.755917 4.628656672355349E-17
vn 0.981979 0.188988 -1.1572177463862999E-17
vn 0.500001 0.866025 -5.3028737211579333E-17
vn 0.500001 0.866025 -5.3028737211579333E-17
vn -0.500012 0.866019 -5.3028369817539585E-17
vn -0.500012 0.866019 -5.3028369817539585E-17
vn -0.981984 0.188964 -1.1570707887704022E-17
vn -0.981979 -0.188988 1.1572177463862999E-17
vn -0.654655 -0.755928 4.6287240279293024E-17
vn -0.327328 -0.944911 5.785911158145623E-17
vn 0.327334 -0.944909 5.785898911677632E-17
vn 0.654668 -0.755917 4.628656672355349E-17
vn -0.997092 0.072282 -0.024134000000000003
vn -0.989795 0.140619 -0.023050000000000008
vn -0.989766 0.140473 -0.025109000000000006
vn -0.999495 0.001417999999999998 -0.031748
vn -0.997109 -0.068052 -0.03380699999999999
vn -0.996428 -0.070971 -0.045767999999999996
vn -0.069966 -0.04162899999999994 0.99668
vn -0.071962 -0.08714099999999994 0.993593
vn -0.071924 -0.08714399999999994 0.993596
vn -0.067819 0.004072000000000061 0.997689
vn -0.065573 0.04966800000000006 0.996611
vn -0.065533 0.049674000000000065 0.996613
vn 0.981986 -0.188955 1.1570156796644406E-17
vn 0.327339 -0.944907 5.78588666520964E-17
vn 0.654674 -0.755911 4.6286199329513747E-17
vn 0.981979 0.188991 -1.1572361160882871E-17
vn 0.5 0.866026 -5.3028798443919284E-17
vn 0.5 0.866026 -5.3028798443919284E-17
vn -0.500013 0.866018 -5.302830858519962E-17
vn -0.500013 0.866018 -5.302830858519962E-17
vn -0.981986 0.188956 -1.1570218028984365E-17
vn -0.981978 -0.188997 1.1572728554922616E-17
vn -0.654649 -0.755933 4.62875464409928E-17
vn -0.327327 -0.944911 5.785911158145623E-17
vn 0.327339 -0.944907 5.78588666520964E-17
vn 0.654674 -0.755911 4.6286199329513747E-17
vn 0.981984 -0.188965 1.1570769120043979E-17
vn 0.327333 -0.944909 5.785898911677632E-17
vn 0.654666 -0.755918 4.6286627955893446E-17
vn 0.981979 0.188993 -1.1572483625562786E-17
vn 0.499998 0.866027 -5.302885967625924E-17
vn 0.499998 0.866027 -5.302885967625924E-17
vn -0.499984 0.866035 -5.3029349534978904E-17
vn -0.499984 0.866035 -5.3029349534978904E-17
vn -0.981975 0.18901 -1.1573524575342062E-17
vn -0.981983 -0.188967 1.1570891584723895E-17
vn -0.654657 -0.755926 4.6287117814613103E-17
vn -0.327329 -0.944911 5.785911158145623E-17
vn 0.327333 -0.944909 5.785898911677632E-17
vn 0.654666 -0.755918 4.6286627955893446E-17
vn 0.981983 -0.188968 1.1570952817063852E-17
vn 0.327333 -0.944909 5.785898911677632E-17
vn 0.654666 -0.755918 4.6286627955893446E-17
vn 0.98198 0.188984 -1.157193253450317E-17
vn 0.500003 0.866024 -5.302867597923937E-17
vn 0.500003 0.866024 -5.302867597923937E-17
vn -0.50001 0.86602 -5.302843104987954E-17
vn -0.50001 0.86602 -5.302843104987954E-17
vn -0.981983 0.188968 -1.1570952817063852E-17
vn -0.98198 -0.188984 1.157193253450317E-17
vn -0.654657 -0.755926 4.6287117814613103E-17
vn -0.327329 -0.944911 5.785911158145623E-17
vn 0.327333 -0.944909 5.785898911677632E-17
vn 0.654666 -0.755918 4.6286627955893446E-17
vn -0.997092 0.072282 -0.024133000000000005
vn -0.989796 0.140619 -0.023050000000000008
vn -0.989766 0.140473 -0.025107000000000008
vn -0.999495 0.001417999999999998 -0.031747
vn -0.997109 -0.068052 -0.03380799999999999
vn -0.996428 -0.070971 -0.045767999999999996
vn -0.069966 -0.04162899999999994 0.99668
vn -0.071962 -0.08714099999999994 0.993594
vn -0.071924 -0.08714399999999994 0.993596
vn -0.067818 0.004072000000000061 0.997689
vn -0.065572 0.04966800000000006 0.996611
vn -0.06553 0.04967500000000006 0.996613
vn 0.981986 -0.188955 1.1570156796644406E-17
vn 0.327339 -0.944907 5.78588666520964E-17
vn 0.654674 -0.755911 4.6286199329513747E-17
vn 0.981979 0.188991 -1.1572361160882871E-17
vn 0.5 0.866026 -5.3028798443919284E-17
vn 0.5 0.866026 -5.3028798443919284E-17
vn -0.500013 0.866018 -5.302830858519962E-17
vn -0.500013 0.866018 -5.302830858519962E-17
vn -0.981986 0.188956 -1.1570218028984365E-17
vn -0.981978 -0.188997 1.1572728554922616E-17
vn -0.654649 -0.755933 4.62875464409928E-17
vn -0.327327 -0.944911 5.785911158145623E-17
vn 0.327339 -0.944907 5.78588666520964E-17
vn 0.654674 -0.755911 4.6286199329513747E-17
vn 0.981985 -0.18896 1.1570462958344192E-17
vn 0.327333 -0.944909 5.785898911677632E-17
vn 0.654666 -0.755918 4.6286627955893446E-17
vn 0.981976 0.189004 -1.1573157181302318E-17
vn 0.499991 0.866031 -5.302910460561907E-17
vn 0.499991 0.866031 -5.302910460561907E-17
vn -0.499991 0.866031 -5.302910460561907E-17
vn -0.499991 0.866031 -5.302910460561907E-17
vn -0.981977 0.188999 -1.157285101960253E-17
vn -0.981983 -0.188971 1.1571136514083725E-17
vn -0.654657 -0.755926 4.6287117814613103E-17
vn -0.327329 -0.944911 5.785911158145623E-17
vn 0.327333 -0.944909 5.785898911677632E-17
vn 0.654666 -0.755918 4.6286627955893446E-17
vn 0.981983 -0.188968 1.1570952817063852E-17
vn 0.327333 -0.944909 5.785898911677632E-17
vn 0.654666 -0.755918 4.6286627955893446E-17
vn 0.98198 0.188984 -1.157193253450317E-17
vn 0.500003 0.866024 -5.302867597923937E-17
vn 0.500003 0.866024 -5.302867597923937E-17
vn -0.50001 0.86602 -5.302843104987954E-17
vn -0.50001 0.86602 -5.302843104987954E-17
vn -0.981983 0.188968 -1.1570952817063852E-17
vn -0.98198 -0.188984 1.157193253450317E-17
vn -0.654657 -0.755926 4.6287117814613103E-17
vn -0.327329 -0.944911 5.785911158145623E-17
vn 0.327333 -0.944909 5.785898911677632E-17
vn 0.654666 -0.755918 4.6286627955893446E-17
vn -0.997092 0.072282 -0.024134000000000003
vn -0.989795 0.140619 -0.023050000000000008
vn -0.989766 0.140473 -0.025109000000000006
vn -0.999495 0.001417999999999998 -0.031748
vn -0.997109 -0.068052 -0.03380699999999999
vn -0.996428 -0.070971 -0.045767999999999996
vn -0.069966 -0.04162899999999994 0.99668
vn -0.071962 -0.08714099999999994 0.993593
vn -0.071924 -0.08714399999999994 0.993596
vn -0.067819 0.004072000000000061 0.997689
vn -0.065573 0.04966800000000006 0.996611
vn -0.065533 0.049674000000000065 0.996613
vn 0.981986 -0.188952 1.1569973099624535E-17
vn 0.327341 -0.944906 5.785880541975645E-17
vn 0.654679 -0.755907 4.628595440015392E-17
vn 0.981979 0.188988 -1.1572177463862999E-17
vn 0.500003 0.866024 -5.302867597923937E-17
vn 0.500003 0.866024 -5.302867597923937E-17
vn -0.50001 0.86602 -5.302843104987954E-17
vn -0.50001 0.86602 -5.302843104987954E-17
vn -0.981985 0.188959 -1.1570401726004235E-17
vn -0.981977 -0.189 1.1572912251942488E-17
vn -0.654645 -0.755937 4.628779137035264E-17
vn -0.327324 -0.944912 5.785917281379619E-17
vn 0.327341 -0.944906 5.785880541975645E-17
vn 0.654679 -0.755907 4.628595440015392E-17
vn 0.981984 -0.188963 1.1570646655364065E-17
vn 0.327333 -0.944909 5.785898911677632E-17
vn 0.654666 -0.755918 4.6286627955893446E-17
vn 0.981977 0.188998 -1.1572789787262573E-17
vn 0.499994 0.866029 -5.302898214093916E-17
vn 0.499994 0.866029 -5.302898214093916E-17
vn -0.499987 0.866033 -5.302922707029899E-17
vn -0.499987 0.866033 -5.302922707029899E-17
vn -0.981976 0.189005 -1.1573218413642275E-17
vn -0.981983 -0.188969 1.1571014049403809E-17
vn -0.654657 -0.755926 4.6287117814613103E-17
vn -0.327329 -0.944911 5.785911158145623E-17
vn 0.327333 -0.944909 5.785898911677632E-17
vn 0.654666 -0.755918 4.6286627955893446E-17
vn 0.981983 -0.188968 1.1570952817063852E-17
vn 0.327333 -0.944909 5.785898911677632E-17
vn 0.654666 -0.755918 4.6286627955893446E-17
vn 0.98198 0.188984 -1.157193253450317E-17
vn 0.500003 0.866024 -5.302867597923937E-17
vn 0.500003 0.866024 -5.302867597923937E-17
vn -0.50001 0.86602 -5.302843104987954E-17
vn -0.50001 0.86602 -5.302843104987954E-17
vn -0.981983 0.188968 -1.1570952817063852E-17
vn -0.98198 -0.188984 1.157193253450317E-17
vn -0.654657 -0.755926 4.6287117814613103E-17
vn -0.327329 -0.944911 5.785911158145623E-17
vn 0.327333 -0.944909 5.785898911677632E-17
vn 0.654666 -0.755918 4.6286627955893446E-17
vn -0.997092 0.072282 -0.024133000000000005
vn -0.989796 0.140619 -0.023050000000000008
vn -0.989766 0.140473 -0.025107000000000008
vn -0.999495 0.001417999999999998 -0.031747
vn -0.997109 -0.068052 -0.03380799999999999
vn -0.996428 -0.070971 -0.045767999999999996
vn -0.069966 -0.04162899999999994 0.99668
vn -0.071962 -0.08714099999999994 0.993594
vn -0.071924 -0.08714399999999994 0.993596
vn -0.067818 0.004072000000000061 0.997689
vn -0.065572 0.04966800000000006 0.996611
vn -0.06553 0.04967500000000006 0.996613
vn 0.981986 -0.188952 1.1569973099624535E-17
vn 0.32734 -0.944907 5.78588666520964E-17
vn 0.654677 -0.755909 4.628607686483383E-17
vn 0.981979 0.188993 -1.1572483625562786E-17
vn 0.5 0.866026 -5.3028798443919284E-17
vn 0.5 0.866026 -5.3028798443919284E-17
vn -0.500015 0.866017 -5.302824735285967E-17
vn -0.500015 0.866017 -5.302824735285967E-17
vn -0.981986 0.188953 -1.1570034331964492E-17
vn -0.981977 -0.188998 1.1572789787262573E-17
vn -0.654649 -0.755933 4.62875464409928E-17
vn -0.327327 -0.944911 5.785911158145623E-17
vn 0.32734 -0.944907 5.78588666520964E-17
vn 0.654677 -0.755909 4.628607686483383E-17
vn 0.981984 -0.188963 1.1570646655364065E-17
vn 0.327333 -0.944909 5.785898911677632E-17
vn 0.654666 -0.755918 4.6286627955893446E-17
vn 0.981977 0.188998 -1.1572789787262573E-17
vn 0.499994 0.866029 -5.302898214093916E-17
vn 0.499994 0.866029 -5.302898214093916E-17
vn -0.499987 0.866033 -5.302922707029899E-17
vn -0.499987 0.866033 -5.302922707029899E-17
vn -0.981976 0.189005 -1.1573218413642275E-17
vn -0.981983 -0.188969 1.1571014049403809E-17
vn -0.654657 -0.755926 4.6287117814613103E-17
vn -0.327329 -0.944911 5.785911158145623E-17
vn 0.327333 -0.944909 5.785898911677632E-17
vn 0.654666 -0.755918 4.6286627955893446E-17
vn 0.981983 -0.188967 1.1570891584723895E-17
vn 0.327333 -0.944909 5.785898911677632E-17
vn 0.654666 -0.755918 4.6286627955893446E-17
vn 0.98198 0.188987 -1.1572116231523041E-17
vn 0.500001 0.866025 -5.3028737211579333E-17
vn 0.500001 0.866025 -5.3028737211579333E-17
vn -0.50001 0.86602 -5.302843104987954E-17
vn -0.50001 0.86602 -5.302843104987954E-17
vn -0.981983 0.188968 -1.1570952817063852E-17
vn -0.98198 -0.188984 1.157193253450317E-17
vn -0.654657 -0.755926 4.6287117814613103E-17
vn -0.327329 -0.944911 5.785911158145623E-17
vn 0.327333 -0.944909 5.785898911677632E-17
vn 0.654666 -0.755918 4.6286627955893446E-17
vn -0.997092 0.072282 -0.024134000000000003
vn -0.989795 0.140619 -0.023050000000000008
vn -0.989766 0.140473 -0.025109000000000006
vn -0.999495 0.001417999999999998 -0.031748
vn -0.997109 -0.068052 -0.03380699999999999
vn -0.996428 -0.070971 -0.045767999999999996
vn -0.069966 -0.04162899999999994 0.99668
vn -0.071962 -0.08714099999999994 0.993593
vn -0.071924 -0.08714399999999994 0.993596
vn -0.067819 0.004072000000000061 0.997689
vn -0.065573 0.04966800000000006 0.996611
vn -0.065533 0.049674000000000065 0.996613
vn 0.981986 -0.188955 1.1570156796644406E-17
vn 0.327339 -0.944907 5.78588666520964E-17
vn 0.654674 -0.755911 4.6286199329513747E-17
vn 0.981979 0.188991 -1.1572361160882871E-17
vn 0.5 0.866026 -5.3028798443919284E-17
vn 0.5 0.866026 -5.3028798443919284E-17
vn -0.500013 0.866018 -5.302830858519962E-17
vn -0.500013 0.866018 -5.302830858519962E-17
vn -0.981986 0.188956 -1.1570218028984365E-17
vn -0.981978 -0.188997 1.1572728554922616E-17
vn -0.654649 -0.755933 4.62875464409928E-17
vn -0.327327 -0.944911 5.785911158145623E-17
vn 0.327339 -0.944907 5.78588666520964E-17
vn 0.654674 -0.755911 4.6286199329513747E-17
vn 0.981984 -0.188963 1.1570646655364065E-17
vn 0.327333 -0.944909 5.785898911677632E-17
vn 0.654666 -0.755918 4.6286627955893446E-17
vn 0.981978 0.188997 -1.1572728554922616E-17
vn 0.499995 0.866028 -5.30289209085992E-17
vn 0.499995 0.866028 -5.30289209085992E-17
vn -0.499995 0.866028 -5.30289209085992E-17
vn -0.499995 0.866028 -5.30289209085992E-17
vn -0.981979 0.188993 -1.1572483625562786E-17
vn -0.981982 -0.188974 1.1571320211103596E-17
vn -0.654657 -0.755926 4.6287117814613103E-17
vn -0.327329 -0.944911 5.785911158145623E-17
vn 0.327333 -0.944909 5.785898911677632E-17
vn 0.654666 -0.755918 4.6286627955893446E-17
vn 0.981983 -0.188968 1.1570952817063852E-17
vn 0.327333 -0.944909 5.785898911677632E-17
vn 0.654666 -0.755918 4.6286627955893446E-17
vn 0.98198 0.188984 -1.157193253450317E-17
vn 0.500003 0.866024 -5.302867597923937E-17
vn 0.500003 0.866024 -5.302867597923937E-17
vn -0.50001 0.86602 -5.302843104987954E-17
vn -0.50001 0.86602 -5.302843104987954E-17
vn -0.981983 0.188968 -1.1570952817063852E-17
vn -0.98198 -0.188984 1.157193253450317E-17
vn -0.654657 -0.755926 4.6287117814613103E-17
vn -0.327329 -0.944911 5.785911158145623E-17
vn 0.327333 -0.944909 5.785898911677632E-17
vn 0.654666 -0.755918 4.6286627955893446E-17
vn -0.999494 -0.001417999999999998 0.031766
vn -0.996426 0.070973 0.045799999999999993
vn -0.997108 0.068052 0.03383099999999999
vn -0.997092 -0.072284 0.024138000000000003
vn -0.989766 -0.140474 0.025108000000000005
vn -0.989795 -0.140621 0.023042000000000007
vn -0.069693 0.03625499999999994 -0.99691
vn -0.071697 0.08291399999999995 -0.993974
vn -0.071697 0.08291399999999995 -0.993974
vn -0.067531 -0.01058700000000006 -0.997661
vn -0.065227 -0.05730200000000006 -0.996224
vn -0.065227 -0.05730200000000006 -0.996224
vn 0 6.123233995736766E-17 1
vn 0 6.123233995736766E-17 1
vn 0 6.123233995736766E-17 1
vn 0 6.123233995736766E-17 1
vn 0 6.123233995736766E-17 1
vn 0 6.123233995736766E-17 1
vn 0 6.123233995736766E-17 1
vn 0 6.123233995736766E-17 1
vn 0 6.123233995736766E-17 1
vn 0 6.123233995736766E-17 1
vn 0 6.123233995736766E-17 1
vn 0 6.123233995736766E-17 1
vn 0 6.123233995736766E-17 1
vn 0 6.123233995736766E-17 1
vn 0 6.123233995736766E-17 1
vn 0 6.123233995736766E-17 1
vn 0 6.123233995736766E-17 1
vn 0 6.123233995736766E-17 1
vn 0 6.123233995736766E-17 1
vn 0 6.123233995736766E-17 1
vn 0 6.123233995736766E-17 1
vn 0 6.123233995736766E-17 1
vn 0 6.123233995736766E-17 1
vn 0 6.123233995736766E-17 1
vn 0 6.123233995736766E-17 1
vn 0 6.123233995736766E-17 1
vn 0 6.123233995736766E-17 1
vn 0 6.123233995736766E-17 1
vn 0 6.123233995736766E-17 1
vn 0 6.123233995736766E-17 1
vn 0 6.123233995736766E-17 1
vn 0 6.123233995736766E-17 1
vn 0 6.123233995736766E-17 1
vn 0 6.123233995736766E-17 1
vn 0 6.123233995736766E-17 1
vn 0 6.123233995736766E-17 1
vn 0 6.123233995736766E-17 1
vn 0 6.123233995736766E-17 1
vn 0 6.123233995736766E-17 1
vn 0 6.123233995736766E-17 1
vn 0 6.123233995736766E-17 1
vn 0 6.123233995736766E-17 1
vn 0 6.123233995736766E-17 1
vn 0 6.123233995736766E-17 1
vn 0 6.123233995736766E-17 1
vn 0 6.123233995736766E-17 1
vn 0 6.123233995736766E-17 1
vn 0 6.123233995736766E-17 1
vn 0 6.123233995736766E-17 1
vn 0 6.123233995736766E-17 1
vn 0 6.123233995736766E-17 1
vn 0 6.123233995736766E-17 1
vn 0 6.123233995736766E-17 1
vn 0 6.123233995736766E-17 1
vn 0 6.123233995736766E-17 1
vn 0 6.123233995736766E-17 1
vn 0 6.123233995736766E-17 1
vn 0 6.123233995736766E-17 1
vn 0 6.123233995736766E-17 1
vn 0 6.123233995736766E-17 1
vn 0 6.123233995736766E-17 1
vn 0 6.123233995736766E-17 1
vn 0 6.123233995736766E-17 1
vn 0 6.123233995736766E-17 1
vn 0 6.123233995736766E-17 1
vn 0 6.123233995736766E-17 1
vn 0 6.123233995736766E-17 1
vn 0 6.123233995736766E-17 1
vn 0 6.123233995736766E-17 1
vn 0 6.123233995736766E-17 1
vn 0 6.123233995736766E-17 1
vn 0 6.123233995736766E-17 1
vn 0 6.123233995736766E-17 1
vn 0 6.123233995736766E-17 1
vn 0 6.123233995736766E-17 1
vn 0 6.123233995736766E-17 1
vn 0 6.123233995736766E-17 1
vn 0 6.123233995736766E-17 1
vn 0 6.123233995736766E-17 1
vn 0 6.123233995736766E-17 1
vn 0 6.123233995736766E-17 1
vn 0 6.123233995736766E-17 1
vn 0 6.123233995736766E-17 1
vn 0 6.123233995736766E-17 1
vn 0 6.123233995736766E-17 1
vn 0 6.123233995736766E-17 1
vn 0 6.123233995736766E-17 1
vn 0 6.123233995736766E-17 1
vn 0 6.123233995736766E-17 1
vn 0 6.123233995736766E-17 1
vn 0 6.123233995736766E-17 1
vn 0 6.123233995736766E-17 1
vn 0 6.123233995736766E-17 1
vn 0 6.123233995736766E-17 1
vn 0 6.123233995736766E-17 1
vn 0 6.123233995736766E-17 1
vn 0 6.123233995736766E-17 1
vn 0 6.123233995736766E-17 1
vn 0 6.123233995736766E-17 1
vn 0 6.123233995736766E-17 1
vn 0 6.123233995736766E-17 1
vn 0 6.123233995736766E-17 1
vn 0 6.123233995736766E-17 1
vn 0 6.123233995736766E-17 1
vn 0 6.123233995736766E-17 1
vn 0 6.123233995736766E-17 1
vn 0 6.123233995736766E-17 1
vn 0 6.123233995736766E-17 1
vn 0 6.123233995736766E-17 1
vn 0 6.123233995736766E-17 1
vn 0 6.123233995736766E-17 1
vn 0 6.123233995736766E-17 1
vn 0 6.123233995736766E-17 1
vn 0 6.123233995736766E-17 1
vn 0 6.123233995736766E-17 1
vn 0 6.123233995736766E-17 1
vn 0 6.123233995736766E-17 1
vn 0 6.123233995736766E-17 1
vn 0 6.123233995736766E-17 1
vn 0 6.123233995736766E-17 1
vn 0 6.123233995736766E-17 1
vn 0 6.123233995736766E-17 1
vn 0 6.123233995736766E-17 1
vn 0 6.123233995736766E-17 1
vn 0 6.123233995736766E-17 1
vn 0 6.123233995736766E-17 1
vn 0 6.123233995736766E-17 1
vn 0 6.123233995736766E-17 1
vn 0 6.123233995736766E-17 1
vn 0 6.123233995736766E-17 1
vn 0 6.123233995736766E-17 1
vn 0 6.123233995736766E-17 1
vn 0 6.123233995736766E-17 1
vn 0 6.123233995736766E-17 1
vn 0 6.123233995736766E-17 1
vn 0 6.123233995736766E-17 1
vn 0 6.123233995736766E-17 1
vn 0 6.123233995736766E-17 1
vn 0 6.123233995736766E-17 1
vn 0 6.123233995736766E-17 1
vn 0 6.123233995736766E-17 1
vn 0 6.123233995736766E-17 1
vn 0 6.123233995736766E-17 1
vn 0 6.123233995736766E-17 1
g holzoben
f 1/1/1 2/2/2 3/3/3
f 3/3/3 4/4/4 1/1/1
f 5/5/5 6/6/6 7/7/7
f 7/7/7 8/8/8 5/5/5
f 9/9/9 10/10/10 11/11/11
f 11/11/11 12/12/12 9/9/9
f 13/13/13 14/14/14 15/15/15
f 15/15/15 16/16/16 13/13/13
f 17/17/17 18/18/18 19/19/19
f 19/19/19 20/20/20 17/17/17
f 21/21/21 22/22/22 23/23/23
f 23/23/23 24/24/24 21/21/21
f 25/25/25 26/26/26 27/27/27
f 28/28/28 25/25/25 27/27/27
f 28/28/28 27/27/27 29/29/29
f 30/30/30 25/25/25 28/28/28
f 28/28/28 29/29/29 31/31/31
f 28/28/28 32/32/32 30/30/30
f 31/31/31 33/33/33 28/28/28
f 32/32/32 28/28/28 33/33/33
g orig_Standard_10
f 34/34/34 35/35/35 36/36/36
f 36/36/36 37/37/37 34/34/34
f 38/38/38 39/39/39 40/40/40
f 40/40/40 41/41/41 38/38/38
f 42/42/42 43/43/43 44/44/44
f 44/44/44 45/45/45 42/42/42
f 46/46/46 47/47/47 48/48/48
f 48/48/48 49/49/49 46/46/46
f 50/50/50 51/51/51 52/52/52
f 52/52/52 53/53/53 50/50/50
f 54/54/54 55/55/55 56/56/56
f 56/56/56 57/57/57 54/54/54
f 58/58/58 59/59/59 60/60/60
f 60/60/60 61/61/61 58/58/58
f 62/62/62 63/63/63 64/64/64
f 64/64/64 65/65/65 62/62/62
f 66/66/66 67/67/67 68/68/68
f 68/68/68 69/69/69 66/66/66
f 70/70/70 71/71/71 72/72/72
f 72/72/72 73/73/73 70/70/70
f 74/74/74 75/75/75 76/76/76
f 76/76/76 77/77/77 74/74/74
f 78/78/78 79/79/79 80/80/80
f 80/80/80 81/81/81 78/78/78
f 82/82/82 83/83/83 84/84/84
f 84/84/84 85/85/85 82/82/82
f 86/86/86 87/87/87 88/88/88
f 88/88/88 89/89/89 86/86/86
f 90/90/90 91/91/91 92/92/92
f 92/92/92 93/93/93 90/90/90
f 94/94/94 95/95/95 96/96/96
f 96/96/96 97/97/97 94/94/94
f 98/98/98 99/99/99 100/100/100
f 100/100/100 101/101/101 98/98/98
f 102/102/102 103/103/103 104/104/104
f 104/104/104 105/105/105 102/102/102
f 106/106/106 107/107/107 108/108/108
f 108/108/108 109/109/109 106/106/106
f 110/110/110 111/111/111 112/112/112
f 112/112/112 113/113/113 110/110/110
f 114/114/114 115/115/115 116/116/116
f 116/116/116 117/117/117 114/114/114
f 118/118/118 119/119/119 120/120/120
f 120/120/120 121/121/121 118/118/118
f 122/122/122 123/123/123 124/124/124
f 124/124/124 125/125/125 122/122/122
f 126/126/126 127/127/127 128/128/128
f 128/128/128 129/129/129 126/126/126
f 130/130/130 131/131/131 132/132/132
f 132/132/132 133/133/133 130/130/130
f 134/134/134 135/135/135 136/136/136
f 136/136/136 137/137/137 134/134/134
f 138/138/138 139/139/139 140/140/140
f 140/140/140 141/141/141 138/138/138
f 142/142/142 143/143/143 144/144/144
f 144/144/144 145/145/145 142/142/142
f 146/146/146 147/147/147 148/148/148
f 148/148/148 149/149/149 146/146/146
f 150/150/150 151/151/151 152/152/152
f 152/152/152 153/153/153 150/150/150
f 154/154/154 155/155/155 156/156/156
f 156/156/156 157/157/157 154/154/154
f 158/158/158 159/159/159 160/160/160
f 160/160/160 161/161/161 158/158/158
f 162/162/162 163/163/163 164/164/164
f 164/164/164 165/165/165 162/162/162
f 166/166/166 167/167/167 168/168/168
f 168/168/168 169/169/169 166/166/166
f 170/170/170 171/171/171 172/172/172
f 172/172/172 173/173/173 170/170/170
f 174/174/174 175/175/175 176/176/176
f 176/176/176 177/177/177 174/174/174
f 178/178/178 179/179/179 180/180/180
f 180/180/180 181/181/181 178/178/178
f 182/182/182 183/183/183 184/184/184
f 184/184/184 185/185/185 182/182/182
f 186/186/186 187/187/187 188/188/188
f 188/188/188 189/189/189 186/186/186
f 190/190/190 191/191/191 192/192/192
f 192/192/192 193/193/193 190/190/190
f 194/194/194 195/195/195 196/196/196
f 196/196/196 197/197/197 194/194/194
f 198/198/198 199/199/199 200/200/200
f 200/200/200 201/201/201 198/198/198
f 202/202/202 203/203/203 204/204/204
f 204/204/204 205/205/205 202/202/202
f 206/206/206 207/207/207 208/208/208
f 208/208/208 209/209/209 206/206/206
f 210/210/210 211/211/211 212/212/212
f 212/212/212 213/213/213 210/210/210
f 214/214/214 215/215/215 216/216/216
f 216/216/216 217/217/217 214/214/214
f 218/218/218 219/219/219 220/220/220
f 220/220/220 221/221/221 218/218/218
f 222/222/222 223/223/223 224/224/224
f 224/224/224 225/225/225 222/222/222
f 226/226/226 227/227/227 228/228/228
f 228/228/228 229/229/229 226/226/226
f 230/230/230 231/231/231 232/232/232
f 232/232/232 233/233/233 230/230/230
f 234/234/234 235/235/235 236/236/236
f 236/236/236 237/237/237 234/234/234
f 238/238/238 239/239/239 240/240/240
f 240/240/240 241/241/241 238/238/238
f 242/242/242 243/243/243 244/244/244
f 244/244/244 245/245/245 242/242/242
f 246/246/246 247/247/247 248/248/248
f 248/248/248 249/249/249 246/246/246
f 250/250/250 251/251/251 252/252/252
f 252/252/252 253/253/253 250/250/250
f 254/254/254 255/255/255 256/256/256
f 256/256/256 257/257/257 254/254/254
f 258/258/258 259/259/259 260/260/260
f 260/260/260 261/261/261 258/258/258
f 262/262/262 263/263/263 264/264/264
f 264/264/264 265/265/265 262/262/262
f 266/266/266 267/267/267 268/268/268
f 268/268/268 269/269/269 266/266/266
f 270/270/270 271/271/271 272/272/272
f 272/272/272 273/273/273 270/270/270
f 274/274/274 275/275/275 276/276/276
f 276/276/276 277/277/277 274/274/274
f 278/278/278 279/279/279 280/280/280
f 280/280/280 281/281/281 278/278/278
f 282/282/282 283/283/283 284/284/284
f 284/284/284 285/285/285 282/282/282
f 286/286/286 287/287/287 288/288/288
f 288/288/288 289/289/289 286/286/286
f 290/290/290 291/291/291 292/292/292
f 292/292/292 293/293/293 290/290/290
f 293/293/293 292/292/292 294/294/294
f 294/294/294 295/295/295 293/293/293
f 296/296/296 297/297/297 298/298/298
f 298/298/298 299/299/299 296/296/296
f 299/299/299 298/298/298 300/300/300
f 300/300/300 301/301/301 299/299/299
f 302/302/302 303/303/303 304/304/304
f 304/304/304 305/305/305 302/302/302
f 305/305/305 304/304/304 306/306/306
f 306/306/306 307/307/307 305/305/305
f 308/308/308 309/309/309 310/310/310
f 310/310/310 311/311/311 308/308/308
f 311/311/311 310/310/310 312/312/312
f 312/312/312 313/313/313 311/311/311
f 314/314/314 315/315/315 316/316/316
f 316/316/316 317/317/317 314/314/314
f 317/317/317 316/316/316 318/318/318
f 318/318/318 319/319/319 317/317/317
f 320/320/320 321/321/321 322/322/322
f 322/322/322 323/323/323 320/320/320
f 323/323/323 322/322/322 324/324/324
f 324/324/324 325/325/325 323/323/323
f 326/326/326 327/327/327 328/328/328
f 328/328/328 329/329/329 326/326/326
f 329/329/329 328/328/328 330/330/330
f 330/330/330 331/331/331 329/329/329
f 332/332/332 333/333/333 334/334/334
f 334/334/334 335/335/335 332/332/332
f 335/335/335 334/334/334 336/336/336
f 336/336/336 337/337/337 335/335/335
f 338/338/338 339/339/339 340/340/340
f 340/340/340 341/341/341 338/338/338
f 341/341/341 340/340/340 342/342/342
f 342/342/342 343/343/343 341/341/341
f 344/344/344 345/345/345 346/346/346
f 346/346/346 347/347/347 344/344/344
f 347/347/347 346/346/346 348/348/348
f 348/348/348 349/349/349 347/347/347
f 350/350/350 351/351/351 352/352/352
f 352/352/352 353/353/353 350/350/350
f 353/353/353 352/352/352 354/354/354
f 354/354/354 355/355/355 353/353/353
f 356/356/356 357/357/357 358/358/358
f 358/358/358 359/359/359 356/356/356
f 359/359/359 358/358/358 360/360/360
f 360/360/360 361/361/361 359/359/359
f 362/362/362 363/363/363 364/364/364
f 364/364/364 365/365/365 362/362/362
f 365/365/365 364/364/364 366/366/366
f 366/366/366 367/367/367 365/365/365
f 368/368/368 369/369/369 370/370/370
f 370/370/370 371/371/371 368/368/368
f 371/371/371 370/370/370 372/372/372
f 372/372/372 373/373/373 371/371/371
f 374/374/374 375/375/375 376/376/376
f 376/376/376 377/377/377 374/374/374
f 377/377/377 376/376/376 378/378/378
f 378/378/378 379/379/379 377/377/377
f 380/380/380 381/381/381 382/382/382
f 382/382/382 383/383/383 380/380/380
f 383/383/383 382/382/382 384/384/384
f 384/384/384 385/385/385 383/383/383
f 386/386/386 387/387/387 388/388/388
f 388/388/388 389/389/389 386/386/386
f 389/389/389 388/388/388 390/390/390
f 390/390/390 391/391/391 389/389/389
f 392/392/392 391/391/391 390/390/390
f 390/390/390 393/393/393 392/392/392
f 392/392/392 393/393/393 394/394/394
f 394/394/394 395/395/395 392/392/392
f 395/395/395 394/394/394 396/396/396
f 396/396/396 397/397/397 395/395/395
f 397/397/397 396/396/396 398/398/398
f 398/398/398 399/399/399 397/397/397
f 400/400/400 401/401/401 402/402/402
f 402/402/402 403/403/403 400/400/400
f 403/403/403 402/402/402 404/404/404
f 404/404/404 405/405/405 403/403/403
f 406/406/406 405/405/405 404/404/404
f 404/404/404 407/407/407 406/406/406
f 406/406/406 407/407/407 408/408/408
f 408/408/408 409/409/409 406/406/406
f 409/409/409 408/408/408 410/410/410
f 410/410/410 411/411/411 409/409/409
f 411/411/411 410/410/410 412/412/412
f 412/412/412 413/413/413 411/411/411
f 414/414/414 415/415/415 416/416/416
f 416/416/416 417/417/417 414/414/414
f 417/417/417 416/416/416 418/418/418
f 418/418/418 419/419/419 417/417/417
f 420/420/420 419/419/419 418/418/418
f 418/418/418 421/421/421 420/420/420
f 420/420/420 421/421/421 422/422/422
f 422/422/422 423/423/423 420/420/420
f 423/423/423 422/422/422 424/424/424
f 424/424/424 425/425/425 423/423/423
f 425/425/425 424/424/424 426/426/426
f 426/426/426 427/427/427 425/425/425
f 428/428/428 429/429/429 430/430/430
f 430/430/430 431/431/431 428/428/428
f 432/432/432 428/428/428 431/431/431
f 431/431/431 433/433/433 432/432/432
f 434/434/434 435/435/435 436/436/436
f 436/436/436 437/437/437 434/434/434
f 438/438/438 434/434/434 437/437/437
f 437/437/437 439/439/439 438/438/438
f 440/440/440 441/441/441 442/442/442
f 442/442/442 443/443/443 440/440/440
f 444/444/444 440/440/440 443/443/443
f 443/443/443 445/445/445 444/444/444
f 444/444/444 445/445/445 446/446/446
f 446/446/446 447/447/447 444/444/444
f 448/448/448 447/447/447 446/446/446
f 446/446/446 449/449/449 448/448/448
f 450/450/450 448/448/448 449/449/449
f 449/449/449 451/451/451 450/450/450
f 452/452/452 450/450/450 451/451/451
f 451/451/451 453/453/453 452/452/452
f 454/454/454 455/455/455 456/456/456
f 456/456/456 457/457/457 454/454/454
f 458/458/458 454/454/454 457/457/457
f 457/457/457 459/459/459 458/458/458
f 458/458/458 459/459/459 460/460/460
f 460/460/460 461/461/461 458/458/458
f 462/462/462 461/461/461 460/460/460
f 460/460/460 463/463/463 462/462/462
f 464/464/464 462/462/462 463/463/463
f 463/463/463 465/465/465 464/464/464
f 466/466/466 464/464/464 465/465/465
f 465/465/465 467/467/467 466/466/466
f 468/468/468 469/469/469 470/470/470
f 470/470/470 471/471/471 468/468/468
f 472/472/472 468/468/468 471/471/471
f 471/471/471 473/473/473 472/472/472
f 472/472/472 473/473/473 474/474/474
f 474/474/474 475/475/475 472/472/472
f 476/476/476 475/475/475 474/474/474
f 474/474/474 477/477/477 476/476/476
f 478/478/478 476/476/476 477/477/477
f 477/477/477 479/479/479 478/478/478
f 480/480/480 478/478/478 479/479/479
f 479/479/479 481/481/481 480/480/480
f 482/482/482 483/483/483 484/484/484
f 484/484/484 485/485/485 482/482/482
f 486/486/486 482/482/482 485/485/485
f 485/485/485 487/487/487 486/486/486
f 488/488/488 489/489/489 490/490/490
f 490/490/490 491/491/491 488/488/488
f 492/492/492 488/488/488 491/491/491
f 491/491/491 493/493/493 492/492/492
f 494/494/494 495/495/495 496/496/496
f 496/496/496 497/497/497 494/494/494
f 498/498/498 494/494/494 497/497/497
f 497/497/497 499/499/499 498/498/498
f 498/498/498 499/499/499 500/500/500
f 500/500/500 501/501/501 498/498/498
f 502/502/502 501/501/501 500/500/500
f 500/500/500 503/503/503 502/502/502
f 504/504/504 502/502/502 503/503/503
f 503/503/503 505/505/505 504/504/504
f 506/506/506 504/504/504 505/505/505
f 505/505/505 507/507/507 506/506/506
f 508/508/508 509/509/509 510/510/510
f 510/510/510 511/511/511 508/508/508
f 512/512/512 508/508/508 511/511/511
f 511/511/511 513/513/513 512/512/512
f 512/512/512 513/513/513 514/514/514
f 514/514/514 515/515/515 512/512/512
f 516/516/516 515/515/515 514/514/514
f 514/514/514 517/517/517 516/516/516
f 518/518/518 516/516/516 517/517/517
f 517/517/517 519/519/519 518/518/518
f 520/520/520 518/518/518 519/519/519
f 519/519/519 521/521/521 520/520/520
f 522/522/522 523/523/523 524/524/524
f 524/524/524 525/525/525 522/522/522
f 526/526/526 522/522/522 525/525/525
f 525/525/525 527/527/527 526/526/526
f 526/526/526 527/527/527 528/528/528
f 528/528/528 529/529/529 526/526/526
f 530/530/530 529/529/529 528/528/528
f 528/528/528 531/531/531 530/530/530
f 532/532/532 530/530/530 531/531/531
f 531/531/531 533/533/533 532/532/532
f 534/534/534 532/532/532 533/533/533
f 533/533/533 535/535/535 534/534/534
f 536/536/536 537/537/537 538/538/538
f 538/538/538 539/539/539 536/536/536
f 540/540/540 536/536/536 539/539/539
f 539/539/539 541/541/541 540/540/540
f 542/542/542 543/543/543 544/544/544
f 544/544/544 545/545/545 542/542/542
f 546/546/546 542/542/542 545/545/545
f 545/545/545 547/547/547 546/546/546
f 548/548/548 549/549/549 550/550/550
f 550/550/550 551/551/551 548/548/548
f 552/552/552 548/548/548 551/551/551
f 551/551/551 553/553/553 552/552/552
f 552/552/552 553/553/553 554/554/554
f 554/554/554 555/555/555 552/552/552
f 556/556/556 555/555/555 554/554/554
f 554/554/554 557/557/557 556/556/556
f 558/558/558 556/556/556 557/557/557
f 557/557/557 559/559/559 558/558/558
f 560/560/560 558/558/558 559/559/559
f 559/559/559 561/561/561 560/560/560
f 562/562/562 563/563/563 564/564/564
f 564/564/564 565/565/565 562/562/562
f 566/566/566 562/562/562 565/565/565
f 565/565/565 567/567/567 566/566/566
f 566/566/566 567/567/567 568/568/568
f 568/568/568 569/569/569 566/566/566
f 570/570/570 569/569/569 568/568/568
f 568/568/568 571/571/571 570/570/570
f 572/572/572 570/570/570 571/571/571
f 571/571/571 573/573/573 572/572/572
f 574/574/574 572/572/572 573/573/573
f 573/573/573 575/575/575 574/574/574
f 576/576/576 577/577/577 578/578/578
f 578/578/578 579/579/579 576/576/576
f 580/580/580 576/576/576 579/579/579
f 579/579/579 581/581/581 580/580/580
f 580/580/580 581/581/581 582/582/582
f 582/582/582 583/583/583 580/580/580
f 584/584/584 583/583/583 582/582/582
f 582/582/582 585/585/585 584/584/584
f 586/586/586 584/584/584 585/585/585
f 585/585/585 587/587/587 586/586/586
f 588/588/588 586/586/586 587/587/587
f 587/587/587 589/589/589 588/588/588
f 590/590/590 591/591/591 592/592/592
f 592/592/592 593/593/593 590/590/590
f 594/594/594 590/590/590 593/593/593
f 593/593/593 595/595/595 594/594/594
f 596/596/596 597/597/597 598/598/598
f 598/598/598 599/599/599 596/596/596
f 600/600/600 596/596/596 599/599/599
f 599/599/599 601/601/601 600/600/600
f 602/602/602 603/603/603 604/604/604
f 604/604/604 605/605/605 602/602/602
f 606/606/606 602/602/602 605/605/605
f 605/605/605 607/607/607 606/606/606
f 606/606/606 607/607/607 608/608/608
f 608/608/608 609/609/609 606/606/606
f 610/610/610 609/609/609 608/608/608
f 608/608/608 611/611/611 610/610/610
f 612/612/612 610/610/610 611/611/611
f 611/611/611 613/613/613 612/612/612
f 614/614/614 612/612/612 613/613/613
f 613/613/613 615/615/615 614/614/614
f 616/616/616 617/617/617 618/618/618
f 618/618/618 619/619/619 616/616/616
f 620/620/620 616/616/616 619/619/619
f 619/619/619 621/621/621 620/620/620
f 620/620/620 621/621/621 622/622/622
f 622/622/622 623/623/623 620/620/620
f 624/624/624 623/623/623 622/622/622
f 622/622/622 625/625/625 624/624/624
f 626/626/626 624/624/624 625/625/625
f 625/625/625 627/627/627 626/626/626
f 628/628/628 626/626/626 627/627/627
f 627/627/627 629/629/629 628/628/628
f 630/630/630 631/631/631 632/632/632
f 632/632/632 633/633/633 630/630/630
f 634/634/634 630/630/630 633/633/633
f 633/633/633 635/635/635 634/634/634
f 634/634/634 635/635/635 636/636/636
f 636/636/636 637/637/637 634/634/634
f 638/638/638 637/637/637 636/636/636
f 636/636/636 639/639/639 638/638/638
f 640/640/640 638/638/638 639/639/639
f 639/639/639 641/641/641 640/640/640
f 642/642/642 640/640/640 641/641/641
f 641/641/641 643/643/643 642/642/642
f 644/644/644 645/645/645 646/646/646
f 646/646/646 647/647/647 644/644/644
f 648/648/648 644/644/644 647/647/647
f 647/647/647 649/649/649 648/648/648
f 650/650/650 651/651/651 652/652/652
f 652/652/652 653/653/653 650/650/650
f 654/654/654 650/650/650 653/653/653
f 653/653/653 655/655/655 654/654/654
f 656/656/656 657/657/657 658/658/658
f 658/658/658 659/659/659 656/656/656
f 660/660/660 656/656/656 659/659/659
f 659/659/659 661/661/661 660/660/660
f 660/660/660 661/661/661 662/662/662
f 662/662/662 663/663/663 660/660/660
f 664/664/664 663/663/663 662/662/662
f 662/662/662 665/665/665 664/664/664
f 666/666/666 664/664/664 665/665/665
f 665/665/665 667/667/667 666/666/666
f 668/668/668 666/666/666 667/667/667
f 667/667/667 669/669/669 668/668/668
f 670/670/670 671/671/671 672/672/672
f 672/672/672 673/673/673 670/670/670
f 674/674/674 670/670/670 673/673/673
f 673/673/673 675/675/675 674/674/674
f 674/674/674 675/675/675 676/676/676
f 676/676/676 677/677/677 674/674/674
f 678/678/678 677/677/677 676/676/676
f 676/676/676 679/679/679 678/678/678
f 680/680/680 678/678/678 679/679/679
f 679/679/679 681/681/681 680/680/680
f 682/682/682 680/680/680 681/681/681
f 681/681/681 683/683/683 682/682/682
f 684/684/684 685/685/685 686/686/686
f 686/686/686 687/687/687 684/684/684
f 688/688/688 684/684/684 687/687/687
f 687/687/687 689/689/689 688/688/688
f 688/688/688 689/689/689 690/690/690
f 690/690/690 691/691/691 688/688/688
f 692/692/692 691/691/691 690/690/690
f 690/690/690 693/693/693 692/692/692
f 694/694/694 692/692/692 693/693/693
f 693/693/693 695/695/695 694/694/694
f 696/696/696 694/694/694 695/695/695
f 695/695/695 697/697/697 696/696/696
f 698/698/698 699/699/699 700/700/700
f 700/700/700 701/701/701 698/698/698
f 702/702/702 698/698/698 701/701/701
f 701/701/701 703/703/703 702/702/702
f 704/704/704 705/705/705 706/706/706
f 706/706/706 707/707/707 704/704/704
f 708/708/708 704/704/704 707/707/707
f 707/707/707 709/709/709 708/708/708
f 710/710/710 711/711/711 712/712/712
f 712/712/712 713/713/713 710/710/710
f 714/714/714 710/710/710 713/713/713
f 713/713/713 715/715/715 714/714/714
f 714/714/714 715/715/715 716/716/716
f 716/716/716 717/717/717 714/714/714
f 718/718/718 717/717/717 716/716/716
f 716/716/716 719/719/719 718/718/718
f 720/720/720 718/718/718 719/719/719
f 719/719/719 721/721/721 720/720/720
f 722/722/722 720/720/720 721/721/721
f 721/721/721 723/723/723 722/722/722
f 724/724/724 725/725/725 726/726/726
f 726/726/726 727/727/727 724/724/724
f 728/728/728 724/724/724 727/727/727
f 727/727/727 729/729/729 728/728/728
f 728/728/728 729/729/729 730/730/730
f 730/730/730 731/731/731 728/728/728
f 732/732/732 731/731/731 730/730/730
f 730/730/730 733/733/733 732/732/732
f 734/734/734 732/732/732 733/733/733
f 733/733/733 735/735/735 734/734/734
f 736/736/736 734/734/734 735/735/735
f 735/735/735 737/737/737 736/736/736
f 738/738/738 739/739/739 740/740/740
f 740/740/740 741/741/741 738/738/738
f 742/742/742 738/738/738 741/741/741
f 741/741/741 743/743/743 742/742/742
f 742/742/742 743/743/743 744/744/744
f 744/744/744 745/745/745 742/742/742
f 746/746/746 745/745/745 744/744/744
f 744/744/744 747/747/747 746/746/746
f 748/748/748 746/746/746 747/747/747
f 747/747/747 749/749/749 748/748/748
f 750/750/750 748/748/748 749/749/749
f 749/749/749 751/751/751 750/750/750
f 752/752/752 753/753/753 754/754/754
f 754/754/754 755/755/755 752/752/752
f 756/756/756 752/752/752 755/755/755
f 755/755/755 757/757/757 756/756/756
f 758/758/758 759/759/759 760/760/760
f 760/760/760 761/761/761 758/758/758
f 762/762/762 758/758/758 761/761/761
f 761/761/761 763/763/763 762/762/762
f 764/764/764 765/765/765 766/766/766
f 766/766/766 767/767/767 764/764/764
f 768/768/768 764/764/764 767/767/767
f 767/767/767 769/769/769 768/768/768
f 768/768/768 769/769/769 770/770/770
f 770/770/770 771/771/771 768/768/768
f 772/772/772 771/771/771 770/770/770
f 770/770/770 773/773/773 772/772/772
f 774/774/774 772/772/772 773/773/773
f 773/773/773 775/775/775 774/774/774
f 776/776/776 774/774/774 775/775/775
f 775/775/775 777/777/777 776/776/776
f 778/778/778 779/779/779 780/780/780
f 780/780/780 781/781/781 778/778/778
f 782/782/782 778/778/778 781/781/781
f 781/781/781 783/783/783 782/782/782
f 782/782/782 783/783/783 784/784/784
f 784/784/784 785/785/785 782/782/782
f 786/786/786 785/785/785 784/784/784
f 784/784/784 787/787/787 786/786/786
f 788/788/788 786/786/786 787/787/787
f 787/787/787 789/789/789 788/788/788
f 790/790/790 788/788/788 789/789/789
f 789/789/789 791/791/791 790/790/790
f 792/792/792 793/793/793 794/794/794
f 794/794/794 795/795/795 792/792/792
f 796/796/796 792/792/792 795/795/795
f 795/795/795 797/797/797 796/796/796
f 796/796/796 797/797/797 798/798/798
f 798/798/798 799/799/799 796/796/796
f 800/800/800 799/799/799 798/798/798
f 798/798/798 801/801/801 800/800/800
f 802/802/802 800/800/800 801/801/801
f 801/801/801 803/803/803 802/802/802
f 804/804/804 802/802/802 803/803/803
f 803/803/803 805/805/805 804/804/804
f 806/806/806 807/807/807 808/808/808
f 808/808/808 809/809/809 806/806/806
f 810/810/810 806/806/806 809/809/809
f 809/809/809 811/811/811 810/810/810
f 812/812/812 813/813/813 814/814/814
f 814/814/814 815/815/815 812/812/812
f 816/816/816 812/812/812 815/815/815
f 815/815/815 817/817/817 816/816/816
f 818/818/818 819/819/819 820/820/820
f 818/818/818 821/821/821 819/819/819
f 821/821/821 822/822/822 819/819/819
f 818/818/818 823/823/823 821/821/821
f 824/824/824 825/825/825 826/826/826
f 824/824/824 827/827/827 825/825/825
f 827/827/827 828/828/828 825/825/825
f 824/824/824 829/829/829 827/827/827
f 830/830/830 831/831/831 832/832/832
f 830/830/830 833/833/833 831/831/831
f 833/833/833 834/834/834 831/831/831
f 830/830/830 835/835/835 833/833/833
f 836/836/836 837/837/837 838/838/838
f 836/836/836 839/839/839 837/837/837
f 839/839/839 840/840/840 837/837/837
f 836/836/836 841/841/841 839/839/839
f 842/842/842 843/843/843 844/844/844
f 842/842/842 845/845/845 843/843/843
f 845/845/845 846/846/846 843/843/843
f 842/842/842 847/847/847 845/845/845
f 848/848/848 849/849/849 850/850/850
f 848/848/848 851/851/851 849/849/849
f 851/851/851 852/852/852 849/849/849
f 848/848/848 853/853/853 851/851/851
f 854/854/854 855/855/855 856/856/856
f 854/854/854 857/857/857 855/855/855
f 857/857/857 858/858/858 855/855/855
f 854/854/854 859/859/859 857/857/857
f 860/860/860 861/861/861 862/862/862
f 860/860/860 863/863/863 861/861/861
f 863/863/863 864/864/864 861/861/861
f 860/860/860 865/865/865 863/863/863
f 866/866/866 867/867/867 868/868/868
f 866/866/866 869/869/869 867/867/867
f 869/869/869 870/870/870 867/867/867
f 866/866/866 871/871/871 869/869/869
f 872/872/872 873/873/873 874/874/874
f 872/872/872 875/875/875 873/873/873
f 875/875/875 876/876/876 873/873/873
f 872/872/872 877/877/877 875/875/875
f 878/878/878 879/879/879 880/880/880
f 878/878/878 881/881/881 879/879/879
f 881/881/881 882/882/882 879/879/879
f 878/878/878 883/883/883 881/881/881
f 884/884/884 885/885/885 886/886/886
f 884/884/884 887/887/887 885/885/885
f 887/887/887 888/888/888 885/885/885
f 884/884/884 889/889/889 887/887/887
f 890/890/890 891/891/891 892/892/892
f 890/890/890 893/893/893 891/891/891
f 893/893/893 894/894/894 891/891/891
f 890/890/890 895/895/895 893/893/893
f 896/896/896 897/897/897 898/898/898
f 896/896/896 899/899/899 897/897/897
f 899/899/899 900/900/900 897/897/897
f 896/896/896 901/901/901 899/899/899
f 902/902/902 903/903/903 904/904/904
f 902/902/902 905/905/905 903/903/903
f 905/905/905 906/906/906 903/903/903
f 902/902/902 907/907/907 905/905/905
f 908/908/908 909/909/909 910/910/910
f 908/908/908 911/911/911 909/909/909
f 911/911/911 912/912/912 909/909/909
f 908/908/908 913/913/913 911/911/911
f 914/914/914 915/915/915 916/916/916
f 914/914/914 917/917/917 915/915/915
f 917/917/917 918/918/918 915/915/915
f 914/914/914 919/919/919 917/917/917
f 920/920/920 921/921/921 922/922/922
f 920/920/920 923/923/923 921/921/921
f 923/923/923 924/924/924 921/921/921
f 920/920/920 925/925/925 923/923/923
f 926/926/926 927/927/927 928/928/928
f 926/926/926 929/929/929 927/927/927
f 929/929/929 930/930/930 927/927/927
f 926/926/926 931/931/931 929/929/929
f 932/932/932 933/933/933 934/934/934
f 932/932/932 935/935/935 933/933/933
f 935/935/935 936/936/936 933/933/933
f 932/932/932 937/937/937 935/935/935
f 938/938/938 939/939/939 940/940/940
f 938/938/938 941/941/941 939/939/939
f 941/941/941 942/942/942 939/939/939
f 938/938/938 943/943/943 941/941/941
f 944/944/944 945/945/945 946/946/946
f 944/944/944 947/947/947 945/945/945
f 947/947/947 948/948/948 945/945/945
f 944/944/944 949/949/949 947/947/947
f 950/950/950 951/951/951 952/952/952
f 950/950/950 953/953/953 951/951/951
f 953/953/953 954/954/954 951/951/951
f 950/950/950 955/955/955 953/953/953
f 956/956/956 957/957/957 958/958/958
f 956/956/956 959/959/959 957/957/957
f 959/959/959 960/960/960 957/957/957
f 956/956/956 961/961/961 959/959/959
