v -0.894009 1.074295 0.18457599999999993
v -0.894009 1.074295 -0.043450000000000065
v -0.887082 0.997007 -0.043450000000000065
v -0.887082 0.997007 -0.043450000000000065
v -0.887082 0.997007 0.18457599999999993
v -0.063756 0.139678 0.190045
v -0.063756 0.139678 -0.009082000000000008
v -0.057707 0.072185 -0.009082000000000005
v -0.057707 0.072185 -0.009082000000000005
v -0.057707 0.07218500000000001 0.190045
v 0.336618 -0.594165 0.07725500000000005
v 0.41016 -0.675734 0.07715200000000004
v 0.574107 -0.511649 0.07985200000000003
v 0.497087 -0.43356 0.07989800000000002
v 0.572626 -0.51318 -0.05404499999999997
v 0.574107 -0.511649 0.07985200000000003
v 0.41016 -0.675734 0.07715200000000004
v 0.408679 -0.677265 -0.056745999999999956
v 0.335137 -0.595695 -0.056642999999999964
v 0.408679 -0.677265 -0.056745999999999956
v 0.41016 -0.675734 0.07715200000000004
v 0.336618 -0.594165 0.07725500000000005
v 0.495606 -0.435091 -0.05399899999999997
v 0.335137 -0.595695 -0.056642999999999964
v 0.336618 -0.594165 0.07725500000000005
v 0.497087 -0.43356 0.07989800000000002
v 0.572626 -0.51318 -0.05404499999999997
v 0.495606 -0.435091 -0.05399899999999997
v 0.497087 -0.43356 0.07989800000000002
v 0.574107 -0.511649 0.07985200000000003
v -0.669547 0.408887 0.07725499999999998
v -0.596005 0.327317 0.07715199999999998
v -0.432058 0.491402 0.07985199999999998
v -0.509078 0.569491 0.07989799999999996
v -0.433538 0.489872 -0.05404500000000003
v -0.432058 0.491402 0.07985199999999998
v -0.596005 0.327317 0.07715199999999998
v -0.597486 0.325786 -0.05674600000000002
v -0.671027 0.407356 -0.05664300000000003
v -0.597486 0.325786 -0.05674600000000002
v -0.596005 0.327317 0.07715199999999998
v -0.669547 0.408887 0.07725499999999998
v -0.510558 0.56796 -0.05399900000000003
v -0.671027 0.407356 -0.05664300000000003
v -0.669547 0.408887 0.07725499999999998
v -0.509078 0.569491 0.07989799999999996
v -0.433538 0.489872 -0.05404500000000003
v -0.510558 0.56796 -0.05399900000000003
v -0.509078 0.569491 0.07989799999999996
v -0.432058 0.491402 0.07985199999999998
v 0.344242 -0.618493 -0.04687099999999997
v 0.354509 -0.607514 -0.047228999999999965
v 0.057766 -0.298418 -0.04731399999999998
v 0.047499 -0.309397 -0.04695599999999998
v 0.351087 -0.611842 -0.34690899999999997
v 0.350034 -0.612924 -0.29943499999999995
v 0.053291 -0.303827 -0.29952
v 0.054344 -0.302745 -0.346994
v 0.337464 -0.625631 -0.09834199999999996
v 0.356078 -0.605726 -0.09899099999999995
v 0.062489 -0.293389 -0.24125899999999997
v 0.043875 -0.313293 -0.24060899999999996
v 0.363026 -0.606907 -0.23895999999999998
v 0.38164 -0.587002 -0.23960899999999996
v 0.081743 -0.281146 -0.09751199999999999
v 0.063129 -0.301051 -0.09686199999999999
v 0.044928 -0.312212 -0.288082
v 0.338517 -0.624549 -0.14581499999999997
v 0.337464 -0.625631 -0.09834199999999996
v 0.043875 -0.313293 -0.24060899999999996
v 0.364079 -0.605825 -0.28643299999999994
v 0.363026 -0.606907 -0.23895999999999998
v 0.063129 -0.301051 -0.09686199999999999
v 0.064182 -0.299969 -0.14433599999999996
v 0.350034 -0.612924 -0.29943499999999995
v 0.368648 -0.593019 -0.30008499999999994
v 0.071905 -0.283922 -0.30017
v 0.053291 -0.303827 -0.29952
v 0.345295 -0.617411 -0.09434499999999996
v 0.344242 -0.618493 -0.04687099999999997
v 0.047499 -0.309397 -0.04695599999999998
v 0.048552 -0.308315 -0.09442899999999999
v 0.678104 -0.948327 -0.04687099999999995
v 0.688371 -0.937348 -0.047228999999999945
v 0.391628 -0.628252 -0.04731399999999996
v 0.381362 -0.63923 -0.046955999999999956
v 0.684949 -0.941676 -0.34690899999999997
v 0.683896 -0.942758 -0.29943499999999995
v 0.387153 -0.633661 -0.29951999999999995
v 0.388206 -0.632579 -0.34699399999999997
v 0.671326 -0.955465 -0.09834199999999994
v 0.68994 -0.93556 -0.09899099999999994
v 0.396351 -0.623223 -0.24125899999999997
v 0.377737 -0.643127 -0.24060899999999996
v 0.696888 -0.936741 -0.23895999999999995
v 0.715502 -0.916836 -0.23960899999999993
v 0.415605 -0.61098 -0.09751199999999996
v 0.396991 -0.630885 -0.09686199999999996
v 0.37879 -0.642045 -0.28808199999999995
v 0.672379 -0.954383 -0.14581499999999994
v 0.671326 -0.955465 -0.09834199999999994
v 0.377737 -0.643127 -0.24060899999999996
v 0.697941 -0.935659 -0.28643299999999994
v 0.696888 -0.936741 -0.23895999999999995
v 0.396991 -0.630885 -0.09686199999999996
v 0.398044 -0.629803 -0.14433599999999996
v 0.683896 -0.942758 -0.29943499999999995
v 0.70251 -0.922853 -0.30008499999999994
v 0.405767 -0.613756 -0.30016999999999994
v 0.387153 -0.633661 -0.29951999999999995
v 0.679157 -0.947245 -0.09434499999999994
v 0.678104 -0.948327 -0.04687099999999995
v 0.381362 -0.63923 -0.046955999999999956
v 0.382414 -0.638149 -0.09442899999999996
v -0.664547 0.372595 -0.046871000000000024
v -0.65428 0.383574 -0.04722900000000002
v -0.951023 0.692671 -0.047314000000000044
v -0.96129 0.681692 -0.04695600000000004
v -0.657702 0.379247 -0.346909
v -0.658755 0.378165 -0.299435
v -0.955498 0.687262 -0.29952000000000006
v -0.954445 0.688344 -0.3469940000000001
v -0.671325 0.365458 -0.09834200000000003
v -0.652711 0.385363 -0.09899100000000002
v -0.9463 0.6977 -0.24125900000000006
v -0.964914 0.677795 -0.24060900000000002
v -0.645763 0.384182 -0.23896000000000003
v -0.627149 0.404087 -0.23960900000000002
v -0.927046 0.709943 -0.09751200000000004
v -0.94566 0.690038 -0.09686200000000005
v -0.963861 0.678877 -0.28808200000000006
v -0.670272 0.36654 -0.14581500000000003
v -0.671325 0.365458 -0.09834200000000003
v -0.964914 0.677795 -0.24060900000000002
v -0.64471 0.385264 -0.286433
v -0.645763 0.384182 -0.23896000000000003
v -0.94566 0.690038 -0.09686200000000005
v -0.944607 0.69112 -0.14433600000000005
v -0.658755 0.378165 -0.299435
v -0.640141 0.39807 -0.300085
v -0.936884 0.707166 -0.30017000000000005
v -0.955498 0.687262 -0.29952000000000006
v -0.663494 0.373678 -0.09434500000000003
v -0.664547 0.372595 -0.046871000000000024
v -0.96129 0.681692 -0.04695600000000004
v -0.960237 0.682774 -0.09442900000000004
v 0.713729 -1.0733280000000003 -2.09493
v 0.7993 -1.1712290000000003 -2.09493
v 0.887208 -1.003371 -0.7938549999999999
v 0.801636 -0.905471 -0.793855
v 0.637619 -0.989465 -0.10902599999999994
v 0.724096 -0.895916 -0.11193999999999994
v 0.724096 -0.895916 -0.793855
v 0.621538 -1.005546 -0.5934629999999999
v 0.140696 -0.23952300000000007 -0.793855
v -0.009206 -0.11574400000000006 -0.793855
v -0.190452 -0.19026500000000013 -2.09493
v -0.040549 -0.3140440000000001 -2.09493
v 0.519508 -0.536646 0.007002000000000033
v 0.291674 -0.755567 -0.019458999999999955
v 0.579171 -1.039076 -0.011213999999999936
v 0.804704 -0.822818 0.007002000000000051
v -0.030678 -0.409833 -0.015336999999999976
v 0.232706 -0.717816 -0.015336999999999957
v 0.442585 -0.507937 0.007002000000000032
v 0.156413 -0.222741 0.007002000000000014
v 0.674581 -0.948008 -0.010392999999999942
v 0.792706 -0.829883 0.022322000000000054
v 0.780298 -0.842291 -0.009232999999999948
v 0.674581 -0.948008 -0.061784999999999944
v 0.684464 -1.035922 -0.018693999999999936
v 0.684465 -1.035922 -0.10621799999999994
v 0.847703 -1.124064 -0.11708199999999994
v 0.847703 -1.124064 -0.02955799999999993
v 0.022851 -0.357725 -0.018693999999999978
v 0.022851 -0.357725 -0.06385999999999997
v 0.182365 -0.195191 -0.02870299999999999
v 0.182365 -0.195191 0.01646300000000001
v -0.102136 -0.153428 -0.02955799999999999
v -0.102136 -0.153428 -0.11708199999999999
v -0.011619 -0.325774 -0.10621799999999999
v -0.011619 -0.325774 -0.018693999999999978
v -0.020877 -0.29654200000000003 -0.593463
v 0.088753 -0.19398400000000005 -0.793855
v 0.131195 -0.144469 -0.136553
v -0.004797 -0.280461 -0.10902599999999998
v 0.678056 -0.942603 0.13963000000000006
v 0.678056 -0.9426030000000001 -1.681659
v 0.616441 -1.006442 -1.685809
v 0.616441 -1.006442 0.13963000000000006
v 0.729673 -0.992937 0.13963000000000006
v 0.729673 -0.9929370000000001 -1.681659
v 0.678056 -0.9426030000000001 -1.681659
v 0.678056 -0.942603 0.13963000000000006
v 0.729673 -0.992937 0.13963000000000006
v 0.668058 -1.056776 0.13963000000000006
v 0.668058 -1.056776 -1.685809
v 0.729673 -0.9929370000000001 -1.681659
v 0.616441 -1.006442 0.13963000000000006
v 0.616441 -1.006442 -1.685809
v 0.668058 -1.056776 -1.685809
v 0.668058 -1.056776 0.13963000000000006
v 0.616441 -1.006442 0.13963000000000006
v 0.668058 -1.056776 0.13963000000000006
v 0.729673 -0.992937 0.13963000000000006
v 0.678056 -0.942603 0.13963000000000006
v 0.019208 -0.262855 0.13963000000000003
v 0.019208 -0.2628550000000001 -1.681659
v -0.042407 -0.3266930000000001 -1.685809
v -0.042407 -0.326693 0.13963000000000003
v 0.070826 -0.313189 0.13963000000000003
v 0.070826 -0.3131890000000001 -1.681659
v 0.019208 -0.2628550000000001 -1.681659
v 0.019208 -0.262855 0.13963000000000003
v 0.070826 -0.313189 0.13963000000000003
v 0.00921 -0.377027 0.13963000000000003
v 0.00921 -0.3770270000000001 -1.685809
v 0.070826 -0.3131890000000001 -1.681659
v -0.042407 -0.326693 0.13963000000000003
v -0.042407 -0.3266930000000001 -1.685809
v 0.00921 -0.3770270000000001 -1.685809
v 0.00921 -0.377027 0.13963000000000003
v -0.042407 -0.326693 0.13963000000000003
v 0.00921 -0.377027 0.13963000000000003
v 0.070826 -0.313189 0.13963000000000003
v 0.019208 -0.262855 0.13963000000000003
v 0.336227 -0.611578 0.05820900000000003
v 0.336228 -0.6115780000000001 -1.681659
v 0.274612 -0.6754160000000001 -1.685809
v 0.274612 -0.675416 0.05820900000000004
v 0.386464 -0.660531 0.05820900000000004
v 0.386464 -0.6605310000000001 -1.681659
v 0.336228 -0.6115780000000001 -1.681659
v 0.336227 -0.611578 0.05820900000000003
v 0.386464 -0.660531 0.05820900000000004
v 0.324848 -0.724369 0.05820900000000004
v 0.324848 -0.7243690000000002 -1.685809
v 0.386464 -0.6605310000000001 -1.681659
v 0.274612 -0.675416 0.05820900000000004
v 0.274612 -0.6754160000000001 -1.685809
v 0.324848 -0.7243690000000002 -1.685809
v 0.324848 -0.724369 0.05820900000000004
v 0.274612 -0.675416 0.05820900000000004
v 0.324848 -0.724369 0.05820900000000004
v 0.386464 -0.660531 0.05820900000000004
v 0.336227 -0.611578 0.05820900000000003
v -0.286271 -0.07332800000000013 -2.09493
v -0.2007 -0.17122900000000013 -2.09493
v -0.112792 -0.0033710000000000484 -0.793855
v -0.198364 0.09452999999999995 -0.793855
v -0.362381 0.010534999999999992 -0.109026
v -0.275904 0.104084 -0.11194
v -0.275904 0.10408399999999994 -0.793855
v -0.378462 -0.005546000000000036 -0.593463
v -0.330685 0.042761 -0.046871
v -0.320418 0.05374 -0.047229
v -0.617161 0.362837 -0.04731400000000002
v -0.627427 0.351858 -0.04695600000000002
v -0.32384 0.04941299999999998 -0.346909
v -0.324893 0.04833099999999998 -0.299435
v -0.621636 0.357428 -0.29952
v -0.620583 0.35851 -0.346994
v -0.337463 0.035623999999999996 -0.098342
v -0.318849 0.055528999999999995 -0.098991
v -0.612438 0.367866 -0.24125900000000003
v -0.631052 0.347961 -0.24060900000000002
v -0.311901 0.05434799999999999 -0.23896
v -0.293287 0.07425299999999999 -0.239609
v -0.593184 0.380109 -0.09751200000000003
v -0.611798 0.360204 -0.09686200000000003
v -0.629999 0.349043 -0.288082
v -0.33641 0.036705999999999996 -0.145815
v -0.337463 0.035623999999999996 -0.098342
v -0.631052 0.347961 -0.24060900000000002
v -0.310848 0.05542999999999998 -0.286433
v -0.311901 0.05434799999999999 -0.23896
v -0.611798 0.360204 -0.09686200000000003
v -0.610745 0.361286 -0.14433600000000002
v -0.324893 0.04833099999999998 -0.299435
v -0.306279 0.06823599999999999 -0.300085
v -0.603022 0.377332 -0.30017
v -0.621636 0.357428 -0.29952
v -0.329632 0.043843999999999994 -0.094345
v -0.330685 0.042761 -0.046871
v -0.627427 0.351858 -0.04695600000000002
v -0.626375 0.35294 -0.09442900000000003
v -0.859304 0.760477 -0.793855
v -1.009206 0.884256 -0.793855
v -1.190452 0.8097349999999999 -2.09493
v -1.040549 0.6859559999999999 -2.09493
v 0.815414 -0.956391 0.051253000000000055
v 0.054368 -0.169725 0.05125300000000001
v 0.05495 -0.169142 -0.0011309999999999897
v 0.815997 -0.955809 -0.0011309999999999415
v 0.109212 -0.114881 0.05125300000000001
v 0.870259 -0.901547 0.051253000000000055
v 0.878847 -0.892959 -0.016251999999999944
v 0.117801 -0.106292 -0.016251999999999992
v 0.054368 -0.169725 0.05125300000000001
v 0.815414 -0.956391 0.051253000000000055
v 0.870259 -0.901547 0.051253000000000055
v 0.109212 -0.114881 0.05125300000000001
v -0.480492 0.463354 0.007001999999999972
v -0.690371 0.253475 -0.015337000000000016
v -0.382388 -0.009910000000000002 -0.015337
v -0.195296 0.177182 0.007001999999999989
v -1.030678 0.590167 -0.015337000000000036
v -0.767294 0.282184 -0.015337000000000017
v -0.557415 0.492063 0.00700199999999997
v -0.843587 0.777259 0.007001999999999953
v -0.325419 0.051992 -0.010393000000000003
v -0.207294 0.170117 0.02232199999999999
v -0.219702 0.157709 -0.00923300000000001
v -0.325419 0.05199199999999999 -0.061785
v -0.315536 -0.035921 -0.018693999999999995
v -0.315535 -0.03592100000000001 -0.106218
v -0.152297 -0.12406400000000001 -0.11708199999999999
v -0.152297 -0.124064 -0.029557999999999994
v -0.977149 0.642275 -0.018694000000000037
v -0.977149 0.642275 -0.06386000000000004
v -0.817635 0.80481 -0.028703000000000048
v -0.817635 0.80481 0.01646299999999995
v -1.102136 0.846572 -0.029558000000000053
v -1.102136 0.846572 -0.11708200000000006
v -1.011619 0.674226 -0.10621800000000005
v -1.011619 0.674226 -0.01869400000000004
v -1.020877 0.703459 -0.593463
v -0.911247 0.806016 -0.793855
v -0.868805 0.855531 -0.13655300000000006
v -1.004797 0.719539 -0.10902600000000004
v -0.321944 0.057397000000000004 0.13963
v -0.321944 0.05739699999999989 -1.681659
v -0.383559 -0.006442000000000103 -1.685809
v -0.383559 -0.006441999999999991 0.13963
v -0.270327 0.0070630000000000085 0.13963
v -0.270327 0.007062999999999897 -1.681659
v -0.321944 0.05739699999999989 -1.681659
v -0.321944 0.057397000000000004 0.13963
v -0.270327 0.0070630000000000085 0.13963
v -0.331942 -0.05677499999999999 0.13963
v -0.331942 -0.0567750000000001 -1.685809
v -0.270327 0.007062999999999897 -1.681659
v -0.383559 -0.006441999999999991 0.13963
v -0.383559 -0.006442000000000103 -1.685809
v -0.331942 -0.0567750000000001 -1.685809
v -0.331942 -0.05677499999999999 0.13963
v -0.383559 -0.006441999999999991 0.13963
v -0.331942 -0.05677499999999999 0.13963
v -0.270327 0.0070630000000000085 0.13963
v -0.321944 0.057397000000000004 0.13963
v -0.980792 0.737145 0.13962999999999995
v -0.980792 0.7371449999999999 -1.681659
v -1.042407 0.6733069999999999 -1.685809
v -1.042407 0.673307 0.13962999999999998
v -0.929174 0.686811 0.13962999999999995
v -0.929174 0.6868109999999998 -1.681659
v -0.980792 0.7371449999999999 -1.681659
v -0.980792 0.737145 0.13962999999999995
v -0.929174 0.686811 0.13962999999999995
v -0.99079 0.622973 0.13962999999999998
v -0.99079 0.6229729999999999 -1.685809
v -0.929174 0.6868109999999998 -1.681659
v -1.042407 0.673307 0.13962999999999998
v -1.042407 0.6733069999999999 -1.685809
v -0.99079 0.6229729999999999 -1.685809
v -0.99079 0.622973 0.13962999999999998
v -1.042407 0.673307 0.13962999999999998
v -0.99079 0.622973 0.13962999999999998
v -0.929174 0.686811 0.13962999999999995
v -0.980792 0.737145 0.13962999999999995
v -0.663773 0.388422 0.058208999999999976
v -0.663772 0.3884219999999999 -1.681659
v -0.725388 0.3245839999999999 -1.685809
v -0.725388 0.324584 0.058208999999999976
v -0.613536 0.339469 0.058208999999999976
v -0.613536 0.3394689999999999 -1.681659
v -0.663772 0.3884219999999999 -1.681659
v -0.663773 0.388422 0.058208999999999976
v -0.613536 0.339469 0.058208999999999976
v -0.675152 0.275631 0.05820899999999998
v -0.675152 0.2756309999999999 -1.685809
v -0.613536 0.3394689999999999 -1.681659
v -0.725388 0.324584 0.058208999999999976
v -0.725388 0.3245839999999999 -1.685809
v -0.675152 0.2756309999999999 -1.685809
v -0.675152 0.275631 0.05820899999999998
v -0.725388 0.324584 0.058208999999999976
v -0.675152 0.275631 0.05820899999999998
v -0.613536 0.339469 0.058208999999999976
v -0.663773 0.388422 0.058208999999999976
v -0.17364 0.058282 0.05125299999999999
v -0.934686 0.844949 0.05125299999999995
v -0.934104 0.845532 -0.0011310000000000519
v -0.173057 0.058865 -0.0011310000000000037
v -0.879842 0.899793 0.051252999999999944
v -0.118795 0.113127 0.05125299999999999
v -0.110207 0.121715 -0.016252000000000006
v -0.871253 0.908382 -0.016252000000000055
v -0.934686 0.844949 0.05125299999999995
v -0.17364 0.058282 0.05125299999999999
v -0.118795 0.113127 0.05125299999999999
v -0.879842 0.899793 0.051252999999999944
v -1.266428 1.034506 0.22773299999999994
v -1.226434 0.98868 0.2633789999999999
v -1.088993 1.126121 0.2633789999999999
v -1.131903 1.169031 0.2277329999999999
v -1.088993 1.126121 0.09233299999999993
v -1.088993 1.126121 0.2633789999999999
v -1.226434 0.98868 0.2633789999999999
v -1.226434 0.98868 0.09233299999999994
v -1.266428 1.034506 0.09233299999999993
v -1.226434 0.98868 0.09233299999999994
v -1.226434 0.98868 0.2633789999999999
v -1.266428 1.034506 0.22773299999999994
v -1.131903 1.169031 0.09233299999999993
v -1.266428 1.034506 0.09233299999999993
v -1.266428 1.034506 0.22773299999999994
v -1.131903 1.169031 0.2277329999999999
v -1.088993 1.126121 0.09233299999999993
v -1.131903 1.169031 0.09233299999999993
v -1.131903 1.169031 0.2277329999999999
v -1.088993 1.126121 0.2633789999999999
v -0.871253 0.908382 0.09233299999999994
v -0.871253 0.908382 -0.03305000000000006
v -1.132351 1.169479 -0.03305000000000007
v -1.132351 1.169479 0.09233299999999993
v -1.005779 0.773857 0.22773299999999994
v -0.871253 0.908382 0.22773299999999994
v -0.914163 0.951292 0.2633789999999999
v -1.051605 0.81385 0.2633789999999999
v -0.914163 0.951292 0.09233299999999994
v -1.051605 0.81385 0.09233299999999994
v -1.051605 0.81385 0.2633789999999999
v -0.914163 0.951292 0.2633789999999999
v -1.005779 0.773857 0.09233299999999996
v -1.005779 0.773857 0.22773299999999994
v -1.051605 0.81385 0.2633789999999999
v -1.051605 0.81385 0.09233299999999994
v -0.871253 0.908382 0.09233299999999994
v -0.871253 0.908382 0.22773299999999994
v -1.005779 0.773857 0.22773299999999994
v -1.005779 0.773857 0.09233299999999996
v -0.914163 0.951292 0.09233299999999994
v -0.914163 0.951292 0.2633789999999999
v -0.871253 0.908382 0.22773299999999994
v -0.871253 0.908382 0.09233299999999994
v -1.296872 0.957408 0.22773299999999994
v -1.253589 0.914125 0.2633789999999999
v -1.253589 0.914125 0.09233299999999994
v -1.296872 0.957408 0.09233299999999994
v -1.083324 0.743861 0.09233299999999996
v -1.126607 0.787144 0.09233299999999996
v -1.126607 0.787144 0.2633789999999999
v -1.083324 0.743861 0.22773299999999994
v -0.816524 1.07011 0.18457599999999993
v -0.816524 1.07011 -0.043450000000000065
v -0.894009 1.074295 -0.043450000000000065
v -0.894009 1.074295 0.18457599999999993
v -0.809597 0.992822 0.18457599999999993
v -0.809597 0.992822 -0.043450000000000065
v -0.816524 1.07011 -0.043450000000000065
v -0.816524 1.07011 0.18457599999999993
v -0.887082 0.997007 0.18457599999999993
v -0.887082 0.997007 -0.043450000000000065
v -0.809597 0.992822 -0.043450000000000065
v -0.809597 0.992822 0.18457599999999993
v -0.894009 1.074295 0.18457599999999993
v -0.887082 0.997007 0.18457599999999993
v -0.809597 0.992822 0.18457599999999993
v -0.816524 1.07011 0.18457599999999993
v -0.830909 0.981431 0.14291899999999993
v -0.830909 0.981431 -0.043450000000000065
v -0.908393 0.985616 -0.043450000000000065
v -0.908393 0.985616 0.14291899999999993
v -0.823981 0.904143 0.14291899999999993
v -0.823981 0.904143 -0.04345000000000006
v -0.830909 0.981431 -0.043450000000000065
v -0.830909 0.981431 0.14291899999999993
v -0.908393 0.985616 0.14291899999999993
v -0.908393 0.985616 -0.043450000000000065
v -0.901466 0.908328 -0.04345000000000006
v -0.901466 0.908328 0.14291899999999993
v -0.901466 0.908328 0.14291899999999993
v -0.901466 0.908328 -0.04345000000000006
v -0.823981 0.904143 -0.04345000000000006
v -0.823981 0.904143 0.14291899999999993
v -0.908393 0.985616 0.14291899999999993
v -0.901466 0.908328 0.14291899999999993
v -0.823981 0.904143 0.14291899999999993
v -0.830909 0.981431 0.14291899999999993
v -0.906546 1.060528 0.27096299999999995
v -0.906546 1.060528 -0.043450000000000065
v -0.984031 1.064713 -0.043450000000000065
v -0.984031 1.064713 0.27096299999999995
v -0.899619 0.98324 0.27096299999999995
v -0.899619 0.98324 -0.043450000000000065
v -0.906546 1.060528 -0.043450000000000065
v -0.906546 1.060528 0.27096299999999995
v -0.984031 1.064713 0.27096299999999995
v -0.984031 1.064713 -0.043450000000000065
v -0.977104 0.987425 -0.043450000000000065
v -0.977104 0.987425 0.27096299999999995
v -0.977104 0.987425 0.27096299999999995
v -0.977104 0.987425 -0.043450000000000065
v -0.899619 0.98324 -0.043450000000000065
v -0.899619 0.98324 0.27096299999999995
v -0.984031 1.064713 0.27096299999999995
v -0.977104 0.987425 0.27096299999999995
v -0.899619 0.98324 0.27096299999999995
v -0.906546 1.060528 0.27096299999999995
v -1.232455 0.728748 -0.11966800000000004
v -1.09872 0.862483 -0.11966800000000005
v -1.179124 0.942887 -0.11966800000000005
v -1.31286 0.809152 -0.11966800000000005
v -0.227292 0.0038480000000000137 0.227733
v -0.192367 -0.03616999999999999 0.258861
v -0.072344 0.08385200000000001 0.258861
v -0.109816 0.12132400000000002 0.227733
v -0.072344 0.083852 0.109492
v -0.072344 0.08385200000000001 0.258861
v -0.192367 -0.03616999999999999 0.258861
v -0.192367 -0.036169999999999994 0.109492
v -0.227292 0.0038480000000000064 0.109492
v -0.192367 -0.036169999999999994 0.109492
v -0.192367 -0.03616999999999999 0.258861
v -0.227292 0.0038480000000000137 0.227733
v -0.109816 0.121324 0.10949199999999999
v -0.227292 0.0038480000000000064 0.109492
v -0.227292 0.0038480000000000137 0.227733
v -0.109816 0.12132400000000002 0.227733
v -0.072344 0.083852 0.109492
v -0.109816 0.121324 0.10949199999999999
v -0.109816 0.12132400000000002 0.227733
v -0.072344 0.08385200000000001 0.258861
v 0.117801 -0.106292 0.109492
v 0.117801 -0.106292 6.508507878748523E-18
v -0.110207 0.121715 -7.452894257911005E-18
v -0.110207 0.121716 0.10949199999999999
v 0.000324 -0.22376899999999997 0.227733
v 0.117801 -0.10629199999999998 0.227733
v 0.080329 -0.06881999999999999 0.258861
v -0.039694 -0.18884299999999998 0.258861
v 0.080329 -0.06882 0.109492
v -0.039694 -0.188843 0.10949200000000002
v -0.039694 -0.18884299999999998 0.258861
v 0.080329 -0.06881999999999999 0.258861
v 0.000324 -0.223769 0.10949200000000002
v 0.000324 -0.22376899999999997 0.227733
v -0.039694 -0.18884299999999998 0.258861
v -0.039694 -0.188843 0.10949200000000002
v 0.117801 -0.106292 0.109492
v 0.117801 -0.10629199999999998 0.227733
v 0.000324 -0.22376899999999997 0.227733
v 0.000324 -0.223769 0.10949200000000002
v 0.080329 -0.06882 0.109492
v 0.080329 -0.06881999999999999 0.258861
v 0.117801 -0.10629199999999998 0.227733
v 0.117801 -0.106292 0.109492
v -0.253878 -0.06347899999999998 0.227733
v -0.21608 -0.10127699999999999 0.258861
v -0.21608 -0.101277 0.109492
v -0.253878 -0.063479 0.109492
v -0.067394 -0.249963 0.10949200000000002
v -0.105191 -0.212165 0.10949200000000002
v -0.105191 -0.21216499999999996 0.258861
v -0.067394 -0.24996299999999996 0.22773300000000002
v 0.003909 0.136023 0.190045
v 0.003909 0.136023 -0.009082000000000008
v -0.063756 0.139678 -0.009082000000000008
v -0.063756 0.139678 0.190045
v 0.009958 0.06853100000000001 0.190045
v 0.009958 0.068531 -0.009082000000000003
v 0.003909 0.136023 -0.009082000000000008
v 0.003909 0.136023 0.190045
v -0.057707 0.07218500000000001 0.190045
v -0.057707 0.072185 -0.009082000000000005
v 0.009958 0.068531 -0.009082000000000003
v 0.009958 0.06853100000000001 0.190045
v -0.063756 0.139678 0.190045
v -0.057707 0.07218500000000001 0.190045
v 0.009958 0.06853100000000001 0.190045
v 0.003909 0.136023 0.190045
v 0.110952 -0.0016189999999999907 0.153668
v 0.110952 -0.0016190000000000006 -0.009082
v 0.043287 0.0020349999999999995 -0.009082
v 0.043287 0.0020350000000000095 0.153668
v 0.117002 -0.06911199999999999 0.153668
v 0.117002 -0.069112 -0.009081999999999996
v 0.110952 -0.0016190000000000006 -0.009082
v 0.110952 -0.0016189999999999907 0.153668
v 0.043287 0.0020350000000000095 0.153668
v 0.043287 0.0020349999999999995 -0.009082
v 0.049337 -0.065458 -0.009081999999999996
v 0.049337 -0.06545799999999999 0.153668
v 0.049337 -0.06545799999999999 0.153668
v 0.049337 -0.065458 -0.009081999999999996
v 0.117002 -0.069112 -0.009081999999999996
v 0.117002 -0.06911199999999999 0.153668
v 0.043287 0.0020350000000000095 0.153668
v 0.049337 -0.06545799999999999 0.153668
v 0.117002 -0.06911199999999999 0.153668
v 0.110952 -0.0016189999999999907 0.153668
v 0.055267 0.061057000000000014 0.265485
v 0.055267 0.061057 -0.009082000000000003
v -0.012398 0.064712 -0.009082000000000003
v -0.012398 0.06471200000000002 0.265485
v 0.061316 -0.006435999999999983 0.265485
v 0.061316 -0.006436000000000001 -0.009082
v 0.055267 0.061057 -0.009082000000000003
v 0.055267 0.061057000000000014 0.265485
v -0.012398 0.06471200000000002 0.265485
v -0.012398 0.064712 -0.009082000000000003
v -0.006348 -0.0027810000000000005 -0.009082
v -0.006348 -0.002780999999999984 0.265485
v -0.006348 -0.002780999999999984 0.265485
v -0.006348 -0.0027810000000000005 -0.009082
v 0.061316 -0.006436000000000001 -0.009082
v 0.061316 -0.006435999999999983 0.265485
v -0.012398 0.06471200000000002 0.265485
v -0.006348 -0.002780999999999984 0.265485
v 0.061316 -0.006435999999999983 0.265485
v 0.055267 0.061057000000000014 0.265485
v -0.197625 -0.263161 -0.07564099999999999
v -0.080838 -0.146374 -0.07564099999999999
v -0.151053 -0.07616 -0.075641
v -0.267839 -0.192946 -0.07564099999999999
v 0.793777 -1.11089 -0.10951499999999993
v 0.637619 -0.989465 -0.10902599999999994
v 0.621538 -1.005546 -0.5934629999999999
v 0.770646 -1.134021 -0.5934629999999999
v 0.724096 -0.895916 -0.793855
v 0.852086 -1.052391 -0.7938549999999999
v 0.847703 -1.124064 -0.02955799999999993
v 0.99706 -1.034238 0.005598000000000063
v 0.792706 -0.829883 0.022322000000000054
v 0.684464 -1.035922 -0.018693999999999936
v 0.674581 -0.948008 -0.010392999999999942
v -0.004797 -0.280461 -0.10902599999999998
v -0.136538 -0.143507 -0.10951499999999999
v -0.144909 -0.15187700000000004 -0.593463
v -0.020877 -0.29654200000000003 -0.593463
v -0.06331 -0.07040600000000005 -0.793855
v 0.088753 -0.19398400000000005 -0.793855
v -0.206223 -0.11089 -0.109515
v -0.362381 0.010534999999999992 -0.109026
v -0.378462 -0.005546000000000036 -0.593463
v -0.229354 -0.13402100000000003 -0.593463
v -0.275904 0.10408399999999994 -0.793855
v -0.147914 -0.05239000000000005 -0.793855
v -0.152297 -0.124064 -0.029557999999999994
v -0.00294 -0.034238 0.005598000000000001
v -0.207294 0.170117 0.02232199999999999
v -0.315536 -0.035921 -0.018693999999999995
v -0.325419 0.051992 -0.010393000000000003
v -1.004797 0.719539 -0.10902600000000004
v -1.136538 0.856494 -0.10951500000000006
v -1.144909 0.848123 -0.593463
v -1.020877 0.703459 -0.593463
v -1.06331 0.929594 -0.7938550000000001
v -0.911247 0.806016 -0.793855
v -1.083324 0.743861 0.22773299999999994
v -1.126607 0.787144 0.2633789999999999
v -1.132168 0.724574 0.22773299999999994
v -1.222852 0.81788 0.2633789999999999
v -1.260545 0.780187 0.22773299999999994
v -1.253589 0.914125 0.2633789999999999
v -1.316158 0.908565 0.22773299999999994
v -1.296872 0.957408 0.22773299999999994
v -1.296872 0.957408 0.22773299999999994
v -1.296872 0.957408 0.09233299999999994
v -1.316158 0.908565 0.09233299999999994
v -1.316158 0.908565 0.22773299999999994
v -1.260545 0.780187 0.09233299999999996
v -1.260545 0.780187 0.22773299999999994
v -1.132168 0.724574 0.09233299999999996
v -1.132168 0.724574 0.22773299999999994
v -1.083324 0.743861 0.09233299999999996
v -1.083324 0.743861 0.22773299999999994
v -0.871253 0.908382 0.09233299999999994
v -1.132351 1.169479 0.09233299999999993
v -1.266428 1.034506 0.09233299999999993
v -1.006226 0.774304 0.09233299999999996
v -1.316158 0.908565 0.09233299999999994
v -1.132168 0.724574 0.09233299999999996
v -1.316158 0.908565 -0.8589980000000002
v -1.316158 0.908565 0.09233299999999994
v -1.266428 1.034506 0.09233299999999993
v -1.266428 1.034506 -0.8589980000000002
v -1.132351 1.169479 0.09233299999999993
v -1.13235 1.169479 -0.8589980000000002
v -1.316158 0.908565 0.09233299999999994
v -1.316158 0.908565 -0.8589980000000002
v -1.229311 0.811422 -0.858998
v -1.260545 0.780187 0.09233299999999996
v -1.132168 0.724574 -0.858998
v -1.132168 0.724574 0.09233299999999996
v -1.132168 0.724574 0.09233299999999996
v -1.132168 0.724574 -0.858998
v -1.004126 0.776405 -0.858998
v -1.006226 0.774304 0.09233299999999996
v -0.871253 0.908382 -0.8589980000000002
v -0.871253 0.908382 0.09233299999999994
v -1.09872 0.862483 -0.11966800000000005
v -1.232455 0.728748 -0.11966800000000004
v -1.213831 0.704588 -0.712639
v -1.048211 0.865658 -0.827376
v -1.150061 0.7592569999999998 -0.942113
v -1.024827 0.8844909999999999 -2.42517
v -1.158562 0.7507559999999999 -2.42517
v -1.232455 0.728748 -0.11966800000000004
v -1.31286 0.809152 -0.11966800000000005
v -1.33702 0.827777 -0.712639
v -1.213831 0.704588 -0.712639
v -1.277727 0.8869229999999999 -0.942113
v -1.150061 0.7592569999999998 -0.942113
v -1.158562 0.7507559999999999 -2.42517
v -1.286228 0.8784219999999999 -2.42517
v -0.067394 -0.24996299999999996 0.22773300000000002
v -0.105191 -0.21216499999999996 0.258861
v -0.110047 -0.266805 0.22773300000000002
v -0.189239 -0.18532399999999996 0.258861
v -0.222155 -0.21823999999999996 0.227733
v -0.21608 -0.10127699999999999 0.258861
v -0.27072 -0.10613199999999999 0.227733
v -0.253878 -0.06347899999999998 0.227733
v -0.253878 -0.06347899999999998 0.227733
v -0.253878 -0.063479 0.109492
v -0.27072 -0.106132 0.109492
v -0.27072 -0.10613199999999999 0.227733
v -0.222155 -0.21824 0.10949200000000002
v -0.222155 -0.21823999999999996 0.227733
v -0.110047 -0.266805 0.10949200000000002
v -0.110047 -0.266805 0.22773300000000002
v -0.067394 -0.249963 0.10949200000000002
v -0.067394 -0.24996299999999996 0.22773300000000002
v 0.117801 -0.106292 0.109492
v -0.110207 0.121716 0.10949199999999999
v -0.227292 0.0038480000000000064 0.109492
v -6.7E-05 -0.223378 0.10949200000000002
v -0.27072 -0.106132 0.109492
v -0.110047 -0.266805 0.10949200000000002
v -0.27072 -0.10613200000000005 -0.721273
v -0.27072 -0.106132 0.109492
v -0.227292 0.0038480000000000064 0.109492
v -0.227292 0.0038479999999999556 -0.721273
v -0.110207 0.121716 0.10949199999999999
v -0.110207 0.12171499999999996 -0.721273
v -0.27072 -0.106132 0.109492
v -0.27072 -0.10613200000000005 -0.721273
v -0.194879 -0.19096400000000005 -0.721273
v -0.222155 -0.21824 0.10949200000000002
v -0.110047 -0.26680500000000007 -0.721273
v -0.110047 -0.266805 0.10949200000000002
v -0.110047 -0.266805 0.10949200000000002
v -0.110047 -0.26680500000000007 -0.721273
v 0.001768 -0.22154300000000005 -0.721273
v -6.7E-05 -0.223378 0.10949200000000002
v 0.117801 -0.10629200000000004 -0.721273
v 0.117801 -0.106292 0.109492
v -0.080838 -0.146374 -0.07564099999999999
v -0.197625 -0.263161 -0.07564099999999999
v -0.181361 -0.28425900000000004 -0.593463
v -0.03673 -0.14360200000000006 -0.693659
v -0.125673 -0.23651800000000006 -0.793855
v -0.01631 -0.12715500000000013 -2.08896
v -0.133096 -0.24394100000000013 -2.08896
v -0.197625 -0.263161 -0.07564099999999999
v -0.267839 -0.192946 -0.07564099999999999
v -0.288938 -0.17668200000000003 -0.593463
v -0.181361 -0.28425900000000004 -0.593463
v -0.237159 -0.12503200000000006 -0.793855
v -0.125673 -0.23651800000000006 -0.793855
v -0.133096 -0.24394100000000013 -2.08896
v -0.244583 -0.13245500000000013 -2.08896
v -0.011619 -0.325774 -0.018693999999999978
v 0.022851 -0.357725 -0.018693999999999978
v 0.182365 -0.195191 0.01646300000000001
v 0.083541 -0.096814 0.005598000000000006
v -0.102136 -0.153428 -0.02955799999999999
v -1.011619 0.674226 -0.01869400000000004
v -0.977149 0.642275 -0.018694000000000037
v -0.817635 0.80481 0.01646299999999995
v -0.916459 0.903186 0.005597999999999944
v -1.102136 0.846572 -0.029558000000000053
v -1.222852 0.81788 0.2633789999999999
v -1.126607 0.787144 0.2633789999999999
v -1.126607 0.787144 0.09233299999999996
v -1.222852 0.81788 0.09233299999999994
v -1.253589 0.914125 0.2633789999999999
v -1.253589 0.914125 0.09233299999999994
v -0.189239 -0.18532399999999996 0.258861
v -0.105191 -0.21216499999999996 0.258861
v -0.105191 -0.212165 0.10949200000000002
v -0.189239 -0.185324 0.10949200000000002
v -0.21608 -0.10127699999999999 0.258861
v -0.21608 -0.101277 0.109492
v 0.140696 -0.23952300000000007 -0.793855
v -0.040549 -0.3140440000000001 -2.09493
v -0.05896 -0.4873150000000001 -2.09493
v 0.801636 -0.905471 -0.793855
v 0.48821 -1.0344850000000003 -2.09493
v 0.713729 -1.0733280000000003 -2.09493
v 0.174625 -0.341356 -0.11193999999999997
v 0.65431 -0.821041 -0.11193999999999994
v -0.859304 0.760477 -0.793855
v -1.040549 0.6859559999999999 -2.09493
v -1.05896 0.5126849999999998 -2.09493
v -0.198364 0.09452999999999995 -0.793855
v -0.51179 -0.03448500000000013 -2.09493
v -0.286271 -0.07332800000000013 -2.09493
v -0.825375 0.658645 -0.11194000000000004
v -0.34569 0.178959 -0.11194000000000001
v -1.173638 0.991085 -0.8273760000000001
v -1.152493 1.0121569999999998 -2.42517
v -1.286228 0.8784219999999999 -2.42517
v -1.277727 0.8869229999999999 -0.942113
v -1.33702 0.827777 -0.712639
v -1.31286 0.809152 -0.11966800000000005
v -1.179124 0.942887 -0.11966800000000005
v -0.146262 -0.034070000000000045 -0.693659
v -0.127796 -0.01566800000000013 -2.08896
v -0.244583 -0.13245500000000013 -2.08896
v -0.237159 -0.12503200000000006 -0.793855
v -0.288938 -0.17668200000000003 -0.593463
v -0.267839 -0.192946 -0.07564099999999999
v -0.151053 -0.07616 -0.075641
v 1 -1 6.123233995736766E-17
v 1 1 -6.123233995736766E-17
v -1 1 -6.123233995736766E-17
vt 0.631481 0.890792
vt 0.561652 0.890792
vt 0.561652 0.867098
vt 0.561652 0.867098
vt 0.631482 0.867098
vt 0.631481 0.890792
vt 0.561652 0.890792
vt 0.561652 0.867098
vt 0.561652 0.867098
vt 0.631482 0.867098
vt 0.242659 0.227949
vt 0.243920 0.206438
vt 0.184453 0.206438
vt 0.184459 0.227986
vt 0.882981 0.281462
vt 0.882981 0.229136
vt 0.823519 0.229136
vt 0.823519 0.281462
vt 0.242676 0.269363
vt 0.261273 0.269358
vt 0.261273 0.217027
vt 0.242659 0.227949
vt 0.184478 0.269420
vt 0.242676 0.269363
vt 0.242659 0.227949
vt 0.184459 0.227986
vt 0.165908 0.269424
vt 0.184478 0.269420
vt 0.184459 0.227986
vt 0.165908 0.217093
vt 0.242659 0.227949
vt 0.243920 0.206438
vt 0.184453 0.206438
vt 0.184459 0.227986
vt 0.882981 0.281462
vt 0.882981 0.229136
vt 0.823519 0.229136
vt 0.823519 0.281462
vt 0.242676 0.269363
vt 0.261273 0.269358
vt 0.261273 0.217027
vt 0.242659 0.227949
vt 0.184478 0.269420
vt 0.242676 0.269363
vt 0.242659 0.227949
vt 0.184459 0.227986
vt 0.165908 0.269424
vt 0.184478 0.269420
vt 0.184459 0.227986
vt 0.165908 0.217093
vt 0.571317 0.809283
vt 0.571315 0.804025
vt 0.812909 0.804025
vt 0.812906 0.809283
vt 0.571306 0.831371
vt 0.571318 0.809283
vt 0.812908 0.809283
vt 0.812919 0.831371
vt 0.815465 0.771269
vt 0.815392 0.761734
vt 0.564902 0.763809
vt 0.564982 0.773340
vt 0.564652 0.773255
vt 0.564588 0.763717
vt 0.815053 0.762057
vt 0.815117 0.771594
vt 0.559308 0.794687
vt 0.809814 0.792624
vt 0.815465 0.771269
vt 0.564982 0.773340
vt 0.558966 0.794598
vt 0.564652 0.773255
vt 0.815117 0.771594
vt 0.809429 0.792936
vt 0.571318 0.809283
vt 0.571312 0.799750
vt 0.812910 0.799750
vt 0.812908 0.809283
vt 0.571305 0.831371
vt 0.571317 0.809283
vt 0.812906 0.809283
vt 0.812918 0.831371
vt 0.571317 0.809283
vt 0.571315 0.804025
vt 0.812909 0.804025
vt 0.812906 0.809283
vt 0.571306 0.831371
vt 0.571318 0.809283
vt 0.812908 0.809283
vt 0.812919 0.831371
vt 0.815465 0.771269
vt 0.815392 0.761734
vt 0.564902 0.763809
vt 0.564982 0.773340
vt 0.564652 0.773255
vt 0.564588 0.763717
vt 0.815053 0.762057
vt 0.815117 0.771594
vt 0.559308 0.794687
vt 0.809814 0.792624
vt 0.815465 0.771269
vt 0.564982 0.773340
vt 0.558966 0.794598
vt 0.564652 0.773255
vt 0.815117 0.771594
vt 0.809429 0.792936
vt 0.571318 0.809283
vt 0.571312 0.799750
vt 0.812910 0.799750
vt 0.812908 0.809283
vt 0.571305 0.831371
vt 0.571317 0.809283
vt 0.812906 0.809283
vt 0.812918 0.831371
vt 0.571317 0.809283
vt 0.571315 0.804025
vt 0.812909 0.804025
vt 0.812906 0.809283
vt 0.571306 0.831371
vt 0.571318 0.809283
vt 0.812908 0.809283
vt 0.812919 0.831371
vt 0.815465 0.771269
vt 0.815392 0.761734
vt 0.564902 0.763809
vt 0.564982 0.773340
vt 0.564652 0.773255
vt 0.564588 0.763717
vt 0.815053 0.762057
vt 0.815117 0.771594
vt 0.559308 0.794687
vt 0.809814 0.792624
vt 0.815465 0.771269
vt 0.564982 0.773340
vt 0.558966 0.794598
vt 0.564652 0.773255
vt 0.815117 0.771594
vt 0.809429 0.792936
vt 0.571318 0.809283
vt 0.571312 0.799750
vt 0.812910 0.799750
vt 0.812908 0.809283
vt 0.571305 0.831371
vt 0.571317 0.809283
vt 0.812906 0.809283
vt 0.812918 0.831371
vt 0.047477 0.989615
vt 0.003614 0.989646
vt 0.027662 0.528904
vt 0.074894 0.528963
vt 0.816888 0.694206
vt 0.810460 0.626203
vt 0.579028 0.638440
vt 0.647116 0.693857
vt 0.405019 0.528794
vt 0.473281 0.526732
vt 0.519963 0.986069
vt 0.452109 0.988132
vt 0.338515 0.137145
vt 0.341093 0.001065
vt 0.198555 0.001065
vt 0.194888 0.137145
vt 0.002808 0.001065
vt 0.146483 0.001065
vt 0.146159 0.137145
vt 0.002532 0.137145
vt 0.759300 0.882130
vt 0.699888 0.885404
vt 0.707496 0.875247
vt 0.761870 0.864427
vt 0.779991 0.904885
vt 0.809383 0.911840
vt 0.798042 0.975280
vt 0.767440 0.968891
vt 0.471724 0.202368
vt 0.487406 0.203484
vt 0.469191 0.282188
vt 0.453345 0.281027
vt 0.387955 0.202475
vt 0.384444 0.171923
vt 0.452679 0.167893
vt 0.456112 0.198286
vt 0.647116 0.693857
vt 0.579028 0.638440
vt 0.810460 0.626203
vt 0.816888 0.694206
vt 0.374285 0.088348
vt 0.984525 0.088368
vt 0.985947 0.120588
vt 0.374293 0.119798
vt 0.374266 0.063501
vt 0.984548 0.063111
vt 0.984525 0.088368
vt 0.374285 0.088348
vt 0.374266 0.063501
vt 0.374240 0.032049
vt 0.985930 0.032031
vt 0.984548 0.063111
vt 0.374241 0.007185
vt 0.985930 0.007127
vt 0.985930 0.032031
vt 0.374240 0.032049
vt 0.349348 0.032208
vt 0.374240 0.032049
vt 0.374266 0.063501
vt 0.349394 0.063674
vt 0.374285 0.088348
vt 0.984525 0.088368
vt 0.985947 0.120588
vt 0.374293 0.119798
vt 0.374266 0.063501
vt 0.984548 0.063111
vt 0.984525 0.088368
vt 0.374285 0.088348
vt 0.374266 0.063501
vt 0.374240 0.032049
vt 0.985930 0.032031
vt 0.984548 0.063111
vt 0.374241 0.007185
vt 0.985930 0.007127
vt 0.985930 0.032031
vt 0.374240 0.032049
vt 0.349348 0.032208
vt 0.374240 0.032049
vt 0.374266 0.063501
vt 0.349394 0.063674
vt 0.374285 0.088348
vt 0.993734 0.088370
vt 0.995206 0.119752
vt 0.374293 0.119798
vt 0.374266 0.063501
vt 0.993739 0.063531
vt 0.993734 0.088370
vt 0.374285 0.088348
vt 0.374266 0.063501
vt 0.374240 0.032049
vt 0.995227 0.032031
vt 0.993739 0.063531
vt 0.374241 0.007185
vt 0.995227 0.007126
vt 0.995227 0.032031
vt 0.374240 0.032049
vt 0.349348 0.032208
vt 0.374240 0.032049
vt 0.374266 0.063501
vt 0.349394 0.063674
vt 0.047477 0.989615
vt 0.003614 0.989646
vt 0.027662 0.528904
vt 0.074894 0.528963
vt 0.816888 0.694206
vt 0.810460 0.626203
vt 0.579028 0.638440
vt 0.647116 0.693857
vt 0.571317 0.809283
vt 0.571315 0.804025
vt 0.812909 0.804025
vt 0.812906 0.809283
vt 0.571306 0.831371
vt 0.571318 0.809283
vt 0.812908 0.809283
vt 0.812919 0.831371
vt 0.815465 0.771269
vt 0.815392 0.761734
vt 0.564902 0.763809
vt 0.564982 0.773340
vt 0.564652 0.773255
vt 0.564588 0.763717
vt 0.815053 0.762057
vt 0.815117 0.771594
vt 0.559308 0.794687
vt 0.809814 0.792624
vt 0.815465 0.771269
vt 0.564982 0.773340
vt 0.558966 0.794598
vt 0.564652 0.773255
vt 0.815117 0.771594
vt 0.809429 0.792936
vt 0.571318 0.809283
vt 0.571312 0.799750
vt 0.812910 0.799750
vt 0.812908 0.809283
vt 0.571305 0.831371
vt 0.571317 0.809283
vt 0.812906 0.809283
vt 0.812918 0.831371
vt 0.405019 0.528794
vt 0.473281 0.526732
vt 0.519963 0.986069
vt 0.452109 0.988132
vt 0.602532 0.194106
vt 0.985830 0.191700
vt 0.985362 0.212891
vt 0.602532 0.212443
vt 0.985635 0.163371
vt 0.602532 0.166975
vt 0.602532 0.142958
vt 0.985617 0.141772
vt 0.985830 0.191700
vt 0.602532 0.194106
vt 0.602532 0.166975
vt 0.985635 0.163371
vt 0.226556 0.137145
vt 0.226879 0.001065
vt 0.083205 0.001065
vt 0.082928 0.137145
vt 0.147522 0.001065
vt 0.291196 0.001065
vt 0.290872 0.137145
vt 0.147245 0.137145
vt 0.759300 0.882130
vt 0.699888 0.885404
vt 0.707496 0.875247
vt 0.761870 0.864427
vt 0.779991 0.904885
vt 0.809383 0.911840
vt 0.798042 0.975280
vt 0.767440 0.968891
vt 0.471724 0.202368
vt 0.487406 0.203484
vt 0.469191 0.282188
vt 0.453345 0.281027
vt 0.387955 0.202475
vt 0.384444 0.171923
vt 0.452679 0.167893
vt 0.456112 0.198286
vt 0.647116 0.693857
vt 0.579028 0.638440
vt 0.810460 0.626203
vt 0.816888 0.694206
vt 0.374285 0.088348
vt 0.984525 0.088368
vt 0.985947 0.120588
vt 0.374293 0.119798
vt 0.374266 0.063501
vt 0.984548 0.063111
vt 0.984525 0.088368
vt 0.374285 0.088348
vt 0.374266 0.063501
vt 0.374240 0.032049
vt 0.985930 0.032031
vt 0.984548 0.063111
vt 0.374241 0.007185
vt 0.985930 0.007127
vt 0.985930 0.032031
vt 0.374240 0.032049
vt 0.349348 0.032208
vt 0.374240 0.032049
vt 0.374266 0.063501
vt 0.349394 0.063674
vt 0.374285 0.088348
vt 0.984525 0.088368
vt 0.985947 0.120588
vt 0.374293 0.119798
vt 0.374266 0.063501
vt 0.984548 0.063111
vt 0.984525 0.088368
vt 0.374285 0.088348
vt 0.374266 0.063501
vt 0.374240 0.032049
vt 0.985930 0.032031
vt 0.984548 0.063111
vt 0.374241 0.007185
vt 0.985930 0.007127
vt 0.985930 0.032031
vt 0.374240 0.032049
vt 0.349348 0.032208
vt 0.374240 0.032049
vt 0.374266 0.063501
vt 0.349394 0.063674
vt 0.374285 0.088348
vt 0.993734 0.088370
vt 0.995206 0.119752
vt 0.374293 0.119798
vt 0.374266 0.063501
vt 0.993739 0.063531
vt 0.993734 0.088370
vt 0.374285 0.088348
vt 0.374266 0.063501
vt 0.374240 0.032049
vt 0.995227 0.032031
vt 0.993739 0.063531
vt 0.374241 0.007185
vt 0.995227 0.007126
vt 0.995227 0.032031
vt 0.374240 0.032049
vt 0.349348 0.032208
vt 0.374240 0.032049
vt 0.374266 0.063501
vt 0.349394 0.063674
vt 0.602532 0.194106
vt 0.985830 0.191700
vt 0.985362 0.212891
vt 0.602532 0.212443
vt 0.985635 0.163371
vt 0.602532 0.166975
vt 0.602532 0.142958
vt 0.985617 0.141772
vt 0.985830 0.191700
vt 0.602532 0.194106
vt 0.602532 0.166975
vt 0.985635 0.163371
vt 0.242659 0.227949
vt 0.243920 0.206438
vt 0.184453 0.206438
vt 0.184459 0.227986
vt 0.882981 0.281462
vt 0.882981 0.229136
vt 0.823519 0.229136
vt 0.823519 0.281462
vt 0.242676 0.269363
vt 0.261273 0.269358
vt 0.261273 0.217027
vt 0.242659 0.227949
vt 0.184478 0.269420
vt 0.242676 0.269363
vt 0.242659 0.227949
vt 0.184459 0.227986
vt 0.165908 0.269424
vt 0.184478 0.269420
vt 0.184459 0.227986
vt 0.165908 0.217093
vt 0.056418 0.264188
vt 0.018191 0.264188
vt 0.018191 0.150725
vt 0.056418 0.150726
vt 0.242659 0.227949
vt 0.184459 0.227986
vt 0.184453 0.206438
vt 0.243920 0.206438
vt 0.882981 0.281462
vt 0.823519 0.281462
vt 0.823519 0.229136
vt 0.882981 0.229136
vt 0.242676 0.269363
vt 0.242659 0.227949
vt 0.261273 0.217027
vt 0.261273 0.269358
vt 0.184478 0.269420
vt 0.184459 0.227986
vt 0.242659 0.227949
vt 0.242676 0.269363
vt 0.165908 0.269424
vt 0.165908 0.217093
vt 0.184459 0.227986
vt 0.184478 0.269420
vt 0.268407 0.185774
vt 0.249960 0.197143
vt 0.248652 0.144833
vt 0.267372 0.144365
vt 0.168136 0.146846
vt 0.186856 0.146378
vt 0.188157 0.198689
vt 0.169171 0.188254
vt 0.631481 0.914487
vt 0.561652 0.914486
vt 0.561652 0.890792
vt 0.631481 0.890792
vt 0.631481 0.938221
vt 0.561652 0.938221
vt 0.561652 0.914486
vt 0.631481 0.914487
vt 0.631482 0.867098
vt 0.561652 0.867098
vt 0.561652 0.843363
vt 0.631482 0.843364
vt 0.967702 0.281709
vt 0.968397 0.257980
vt 0.991982 0.255279
vt 0.991286 0.279007
vt 0.539012 0.135907
vt 0.539012 0.193065
vt 0.515383 0.193065
vt 0.515383 0.135907
vt 0.562741 0.135907
vt 0.562741 0.193065
vt 0.539012 0.193065
vt 0.539012 0.135907
vt 0.515383 0.135907
vt 0.515383 0.193065
vt 0.491754 0.193065
vt 0.491754 0.135907
vt 0.491754 0.135907
vt 0.491754 0.193065
vt 0.468025 0.193065
vt 0.468025 0.135907
vt 0.957395 0.245426
vt 0.933980 0.241522
vt 0.934498 0.217789
vt 0.957914 0.221693
vt 0.355031 0.187169
vt 0.355031 0.275438
vt 0.329164 0.275438
vt 0.329164 0.187169
vt 0.380899 0.187169
vt 0.380899 0.275438
vt 0.355031 0.275438
vt 0.355031 0.187169
vt 0.329164 0.187169
vt 0.329164 0.275438
vt 0.303296 0.275438
vt 0.303296 0.187169
vt 0.303296 0.187169
vt 0.303296 0.275438
vt 0.277428 0.275438
vt 0.277428 0.187169
vt 0.965820 0.243793
vt 0.967763 0.220134
vt 0.991457 0.218677
vt 0.989514 0.242336
vt 0.891559 0.295599
vt 0.891385 0.237468
vt 0.926501 0.237468
vt 0.926363 0.295612
vt 0.242659 0.227949
vt 0.243920 0.206438
vt 0.184453 0.206438
vt 0.184459 0.227986
vt 0.882981 0.281462
vt 0.882981 0.229136
vt 0.823519 0.229136
vt 0.823519 0.281462
vt 0.242676 0.269363
vt 0.261273 0.269358
vt 0.261273 0.217027
vt 0.242659 0.227949
vt 0.184478 0.269420
vt 0.242676 0.269363
vt 0.242659 0.227949
vt 0.184459 0.227986
vt 0.165908 0.269424
vt 0.184478 0.269420
vt 0.184459 0.227986
vt 0.165908 0.217093
vt 0.056418 0.264188
vt 0.018191 0.264188
vt 0.018191 0.150725
vt 0.056418 0.150726
vt 0.242659 0.227949
vt 0.184459 0.227986
vt 0.184453 0.206438
vt 0.243920 0.206438
vt 0.882981 0.281462
vt 0.823519 0.281462
vt 0.823519 0.229136
vt 0.882981 0.229136
vt 0.242676 0.269363
vt 0.242659 0.227949
vt 0.261273 0.217027
vt 0.261273 0.269358
vt 0.184478 0.269420
vt 0.184459 0.227986
vt 0.242659 0.227949
vt 0.242676 0.269363
vt 0.165908 0.269424
vt 0.165908 0.217093
vt 0.184459 0.227986
vt 0.184478 0.269420
vt 0.268407 0.185774
vt 0.249960 0.197143
vt 0.248652 0.144833
vt 0.267372 0.144365
vt 0.168136 0.146846
vt 0.186856 0.146378
vt 0.188157 0.198689
vt 0.169171 0.188254
vt 0.631481 0.914487
vt 0.561652 0.914486
vt 0.561652 0.890792
vt 0.631481 0.890792
vt 0.631481 0.938221
vt 0.561652 0.938221
vt 0.561652 0.914486
vt 0.631481 0.914487
vt 0.631482 0.867098
vt 0.561652 0.867098
vt 0.561652 0.843363
vt 0.631482 0.843364
vt 0.967702 0.281709
vt 0.968397 0.257980
vt 0.991982 0.255279
vt 0.991286 0.279007
vt 0.539012 0.135907
vt 0.539012 0.193065
vt 0.515383 0.193065
vt 0.515383 0.135907
vt 0.562741 0.135907
vt 0.562741 0.193065
vt 0.539012 0.193065
vt 0.539012 0.135907
vt 0.515383 0.135907
vt 0.515383 0.193065
vt 0.491754 0.193065
vt 0.491754 0.135907
vt 0.491754 0.135907
vt 0.491754 0.193065
vt 0.468025 0.193065
vt 0.468025 0.135907
vt 0.957395 0.245426
vt 0.933980 0.241522
vt 0.934498 0.217789
vt 0.957914 0.221693
vt 0.355031 0.187169
vt 0.355031 0.275438
vt 0.329164 0.275438
vt 0.329164 0.187169
vt 0.380899 0.187169
vt 0.380899 0.275438
vt 0.355031 0.275438
vt 0.355031 0.187169
vt 0.329164 0.187169
vt 0.329164 0.275438
vt 0.303296 0.275438
vt 0.303296 0.187169
vt 0.303296 0.187169
vt 0.303296 0.275438
vt 0.277428 0.275438
vt 0.277428 0.187169
vt 0.965820 0.243793
vt 0.967763 0.220134
vt 0.991457 0.218677
vt 0.989514 0.242336
vt 0.891559 0.295599
vt 0.891385 0.237468
vt 0.926501 0.237468
vt 0.926363 0.295612
vt 0.816308 0.760924
vt 0.816888 0.694206
vt 0.647116 0.693857
vt 0.645766 0.760145
vt 0.560054 0.692336
vt 0.564489 0.760944
vt 0.767440 0.968891
vt 0.707125 0.986348
vt 0.699888 0.885404
vt 0.779991 0.904885
vt 0.759300 0.882130
vt 0.816888 0.694206
vt 0.816308 0.760924
vt 0.645766 0.760145
vt 0.647116 0.693857
vt 0.564489 0.760944
vt 0.560054 0.692336
vt 0.816308 0.760924
vt 0.816888 0.694206
vt 0.647116 0.693857
vt 0.645766 0.760145
vt 0.560054 0.692336
vt 0.564489 0.760944
vt 0.767440 0.968891
vt 0.707125 0.986348
vt 0.699888 0.885404
vt 0.779991 0.904885
vt 0.759300 0.882130
vt 0.816888 0.694206
vt 0.816308 0.760924
vt 0.645766 0.760145
vt 0.647116 0.693857
vt 0.564489 0.760944
vt 0.560054 0.692336
vt 0.554608 0.601505
vt 0.569092 0.617612
vt 0.547062 0.615777
vt 0.572558 0.648091
vt 0.555641 0.658037
vt 0.597585 0.665827
vt 0.588476 0.686010
vt 0.604632 0.686318
vt 0.643506 0.843110
vt 0.684910 0.841915
vt 0.685374 0.857973
vt 0.643969 0.859168
vt 0.686609 0.900755
vt 0.645204 0.901950
vt 0.687844 0.943537
vt 0.646439 0.944732
vt 0.688307 0.959595
vt 0.646903 0.960790
vt 0.056418 0.264188
vt 0.056418 0.150726
vt 0.114284 0.150920
vt 0.114284 0.263993
vt 0.152161 0.167480
vt 0.152161 0.247434
vt 0.708534 0.515723
vt 0.708553 0.220855
vt 0.749403 0.220871
vt 0.749356 0.515739
vt 0.807962 0.220887
vt 0.807905 0.515755
vt 0.708553 0.220855
vt 0.708534 0.515723
vt 0.669324 0.515790
vt 0.669324 0.220764
vt 0.630111 0.515940
vt 0.630098 0.221230
vt 0.630098 0.221230
vt 0.630111 0.515940
vt 0.588441 0.516018
vt 0.589252 0.221150
vt 0.530811 0.516040
vt 0.530693 0.221173
vt 0.834543 0.295391
vt 0.891559 0.295599
vt 0.886483 0.473125
vt 0.825146 0.512119
vt 0.877611 0.545159
vt 0.823824 0.994026
vt 0.881036 0.993430
vt 0.891559 0.295599
vt 0.926363 0.295612
vt 0.931460 0.473093
vt 0.886483 0.473125
vt 0.939223 0.545163
vt 0.877611 0.545159
vt 0.881036 0.993430
vt 0.935763 0.993470
vt 0.554608 0.601505
vt 0.569092 0.617612
vt 0.547062 0.615777
vt 0.572558 0.648091
vt 0.555641 0.658037
vt 0.597585 0.665827
vt 0.588476 0.686010
vt 0.604632 0.686318
vt 0.643506 0.843110
vt 0.684910 0.841915
vt 0.685374 0.857973
vt 0.643969 0.859168
vt 0.686609 0.900755
vt 0.645204 0.901950
vt 0.687844 0.943537
vt 0.646439 0.944732
vt 0.688307 0.959595
vt 0.646903 0.960790
vt 0.056418 0.264188
vt 0.056418 0.150726
vt 0.114284 0.150920
vt 0.114284 0.263993
vt 0.152161 0.167480
vt 0.152161 0.247434
vt 0.708534 0.515723
vt 0.708553 0.220855
vt 0.749403 0.220871
vt 0.749356 0.515739
vt 0.807962 0.220887
vt 0.807905 0.515755
vt 0.708553 0.220855
vt 0.708534 0.515723
vt 0.669324 0.515790
vt 0.669324 0.220764
vt 0.630111 0.515940
vt 0.630098 0.221230
vt 0.630098 0.221230
vt 0.630111 0.515940
vt 0.588441 0.516018
vt 0.589252 0.221150
vt 0.530811 0.516040
vt 0.530693 0.221173
vt 0.834543 0.295391
vt 0.891559 0.295599
vt 0.886483 0.473125
vt 0.825146 0.512119
vt 0.877611 0.545159
vt 0.823824 0.994026
vt 0.881036 0.993430
vt 0.891559 0.295599
vt 0.926363 0.295612
vt 0.931460 0.473093
vt 0.886483 0.473125
vt 0.939223 0.545163
vt 0.877611 0.545159
vt 0.881036 0.993430
vt 0.935763 0.993470
vt 0.456112 0.198286
vt 0.471724 0.202368
vt 0.453345 0.281027
vt 0.405561 0.269497
vt 0.387955 0.202475
vt 0.456112 0.198286
vt 0.471724 0.202368
vt 0.453345 0.281027
vt 0.405561 0.269497
vt 0.387955 0.202475
vt 0.219061 0.197915
vt 0.188157 0.198689
vt 0.186856 0.146378
vt 0.217754 0.145606
vt 0.249960 0.197143
vt 0.248652 0.144833
vt 0.219061 0.197915
vt 0.188157 0.198689
vt 0.186856 0.146378
vt 0.217754 0.145606
vt 0.249960 0.197143
vt 0.248652 0.144833
vt 0.405019 0.528794
vt 0.452109 0.988132
vt 0.392765 0.998584
vt 0.074894 0.528963
vt 0.123665 0.998361
vt 0.047477 0.989615
vt 0.370892 0.288979
vt 0.132848 0.289042
vt 0.405019 0.528794
vt 0.452109 0.988132
vt 0.392765 0.998584
vt 0.074894 0.528963
vt 0.123665 0.998361
vt 0.047477 0.989615
vt 0.370892 0.288979
vt 0.132848 0.289042
vt 0.992204 0.512345
vt 0.992973 0.994141
vt 0.935763 0.993470
vt 0.939223 0.545163
vt 0.931460 0.473093
vt 0.926363 0.295612
vt 0.983399 0.295536
vt 0.992204 0.512345
vt 0.992973 0.994141
vt 0.935763 0.993470
vt 0.939223 0.545163
vt 0.931460 0.473093
vt 0.926363 0.295612
vt 0.983399 0.295536
vt 1.000000 0.000000
vt 1.000000 1.000000
vt 0.000000 1.000000
vn -0.996008 -0.089269 5.4661497556542535E-18
vn -0.996008 -0.089269 5.4661497556542535E-18
vn -0.866786 -0.498681 3.053540452228006E-17
vn -0.866786 -0.498681 3.053540452228006E-17
vn -0.467669 -0.883903 5.4123448985337145E-17
vn -0.996007 -0.089272 5.466333452674126E-18
vn -0.996007 -0.089272 5.466333452674126E-18
vn -0.866783 -0.498685 3.053564945163989E-17
vn -0.866783 -0.498685 3.053564945163989E-17
vn -0.467664 -0.883906 5.4123632682357017E-17
vn -0.007994 -0.00846899999999994 0.999932
vn -0.007995 -0.008467999999999939 0.999932
vn -0.007994 -0.00846899999999994 0.999932
vn -0.007994 -0.008470999999999939 0.999932
vn 0.707402 -0.706811 0.00025900000000004327
vn 0.707402 -0.706811 0.00025900000000004327
vn 0.707402 -0.706811 0.00025900000000004327
vn 0.707403 -0.706811 0.00025900000000004327
vn -0.742609 -0.669537 0.015866000000000043
vn -0.742609 -0.669537 0.015866000000000043
vn -0.742609 -0.669537 0.015866000000000043
vn -0.742608 -0.669538 0.015865000000000042
vn -0.707402 0.706811 -0.00025900000000004327
vn -0.707402 0.706812 -0.00025800000000004324
vn -0.707402 0.706811 -0.00025900000000004327
vn -0.707403 0.706811 -0.00026000000000004324
vn 0.711868 0.702133 -0.01589900000000004
vn 0.711868 0.702134 -0.015900000000000043
vn 0.711868 0.702133 -0.01589900000000004
vn 0.711869 0.702132 -0.01589800000000004
vn -0.007995 -0.008467999999999939 0.999932
vn -0.007995 -0.008467999999999939 0.999932
vn -0.007995 -0.008467999999999939 0.999932
vn -0.007995 -0.008467999999999939 0.999932
vn 0.707402 -0.706811 0.00025800000000004324
vn 0.707402 -0.706811 0.00025800000000004324
vn 0.707402 -0.706811 0.00025800000000004324
vn 0.707402 -0.706811 0.00025900000000004327
vn -0.742609 -0.669537 0.015866000000000043
vn -0.742609 -0.669537 0.015866000000000043
vn -0.742609 -0.669537 0.015866000000000043
vn -0.742609 -0.669537 0.015866000000000043
vn -0.707402 0.706811 -0.00025900000000004327
vn -0.707402 0.706811 -0.00025900000000004327
vn -0.707402 0.706811 -0.00025900000000004327
vn -0.707402 0.706811 -0.00025900000000004327
vn 0.711868 0.702133 -0.01589900000000004
vn 0.711868 0.702134 -0.01589900000000004
vn 0.711868 0.702133 -0.01589900000000004
vn 0.711868 0.702133 -0.01589900000000004
vn 0.017075 0.016667000000000064 0.999715
vn 0.017072 0.016664000000000064 0.999715
vn 0.017075 0.016667000000000064 0.999715
vn 0.017079 0.016670000000000063 0.999715
vn -0.721007 -0.692199 -0.03176999999999996
vn -0.721007 -0.692199 -0.03177299999999996
vn -0.721007 -0.692199 -0.03176999999999996
vn -0.721007 -0.692199 -0.03176599999999996
vn -0.214022 0.23112900000000006 0.949091
vn -0.214026 0.23112600000000005 0.949091
vn -0.214022 0.23112900000000006 0.949091
vn -0.214017 0.23113300000000006 0.949091
vn 0.246199 -0.19926699999999994 0.948514
vn 0.246199 -0.19926699999999994 0.948514
vn 0.246199 -0.19926699999999994 0.948514
vn 0.2462 -0.19926599999999994 0.948514
vn -0.721007 -0.692199 -0.03176999999999996
vn -0.721006 -0.6922 -0.03177299999999996
vn -0.721007 -0.692199 -0.03176999999999996
vn -0.721008 -0.692198 -0.031767999999999956
vn -0.721007 -0.692199 -0.031767999999999956
vn -0.721008 -0.692198 -0.03177199999999996
vn -0.721007 -0.692199 -0.031767999999999956
vn -0.721006 -0.692201 -0.03176299999999996
vn 0.017078 0.016669000000000062 0.999715
vn 0.017079 0.01667100000000006 0.999715
vn 0.017078 0.016669000000000062 0.999715
vn 0.017076 0.01666800000000006 0.999715
vn -0.721007 -0.692199 -0.031767999999999956
vn -0.721007 -0.692199 -0.03177199999999996
vn -0.721007 -0.692199 -0.031767999999999956
vn -0.721007 -0.692199 -0.03176399999999996
vn 0.017075 0.016667000000000064 0.999715
vn 0.017072 0.01666500000000006 0.999715
vn 0.017075 0.016667000000000064 0.999715
vn 0.017079 0.016670000000000063 0.999715
vn -0.721007 -0.692199 -0.03176999999999996
vn -0.721007 -0.692199 -0.031773999999999955
vn -0.721007 -0.692199 -0.03176999999999996
vn -0.721007 -0.692199 -0.03176599999999996
vn -0.214022 0.23112900000000006 0.949091
vn -0.214026 0.23112500000000005 0.949091
vn -0.214022 0.23112900000000006 0.949091
vn -0.214017 0.23113300000000006 0.949091
vn 0.246199 -0.19926699999999994 0.948514
vn 0.246199 -0.19926699999999994 0.948514
vn 0.246199 -0.19926699999999994 0.948514
vn 0.2462 -0.19926599999999994 0.948514
vn -0.721007 -0.692199 -0.03176999999999996
vn -0.721006 -0.6922 -0.03177299999999996
vn -0.721007 -0.692199 -0.03176999999999996
vn -0.721008 -0.692198 -0.031767999999999956
vn -0.721007 -0.692199 -0.031767999999999956
vn -0.721008 -0.692198 -0.03177199999999996
vn -0.721007 -0.692199 -0.031767999999999956
vn -0.721006 -0.692201 -0.03176299999999996
vn 0.017078 0.016669000000000062 0.999715
vn 0.017079 0.01667100000000006 0.999715
vn 0.017078 0.016669000000000062 0.999715
vn 0.017076 0.01666800000000006 0.999715
vn -0.721007 -0.692199 -0.031767999999999956
vn -0.721007 -0.692199 -0.03177199999999996
vn -0.721007 -0.692199 -0.031767999999999956
vn -0.721007 -0.692199 -0.03176399999999996
vn 0.017075 0.016667000000000064 0.999715
vn 0.017072 0.016664000000000064 0.999715
vn 0.017075 0.016667000000000064 0.999715
vn 0.017079 0.016670000000000063 0.999715
vn -0.721007 -0.692199 -0.03176999999999996
vn -0.721007 -0.692199 -0.031773999999999955
vn -0.721007 -0.692199 -0.03176999999999996
vn -0.721007 -0.692199 -0.03176599999999996
vn -0.214022 0.23112900000000006 0.949091
vn -0.214026 0.23112600000000005 0.949091
vn -0.214022 0.23112900000000006 0.949091
vn -0.214017 0.23113300000000006 0.949091
vn 0.246199 -0.19926699999999994 0.948514
vn 0.246199 -0.19926699999999994 0.948514
vn 0.246199 -0.19926699999999994 0.948514
vn 0.2462 -0.19926599999999994 0.948514
vn -0.721007 -0.692199 -0.03176999999999996
vn -0.721006 -0.6922 -0.03177299999999996
vn -0.721007 -0.692199 -0.03176999999999996
vn -0.721008 -0.692198 -0.031767999999999956
vn -0.721007 -0.692199 -0.031766999999999955
vn -0.721008 -0.692198 -0.03177199999999996
vn -0.721007 -0.692199 -0.031766999999999955
vn -0.721006 -0.692201 -0.03176299999999996
vn 0.017078 0.016669000000000062 0.999715
vn 0.017079 0.01667100000000006 0.999715
vn 0.017078 0.016669000000000062 0.999715
vn 0.017076 0.01666800000000006 0.999715
vn -0.721007 -0.692199 -0.031767999999999956
vn -0.721007 -0.692199 -0.03177199999999996
vn -0.721007 -0.692199 -0.031767999999999956
vn -0.721007 -0.692199 -0.03176399999999996
vn -0.74608 -0.652122 0.13454300000000002
vn -0.74608 -0.652122 0.13454300000000002
vn -0.74608 -0.652122 0.13454300000000002
vn -0.74608 -0.652122 0.13454300000000002
vn -0.731629 0.681703 0.0007359999999999583
vn -0.73432 0.678803 -4.1564696060081043E-17
vn -0.731629 0.681703 0.0007359999999999583
vn -0.728925 0.684591 0.0014719999999999582
vn -0.631173 -0.764379 0.13170600000000005
vn -0.631173 -0.764379 0.13170600000000005
vn -0.631173 -0.764379 0.13170600000000005
vn -0.631173 -0.764379 0.13170600000000005
vn -0.056978 -0.042930999999999934 0.997452
vn -0.072709 -0.04475899999999994 0.996348
vn -0.056978 -0.042930999999999934 0.997452
vn -0.041233 -0.041091999999999934 0.998304
vn -0.058299 -0.05425899999999994 0.996824
vn -0.05721 -0.04892499999999994 0.997163
vn -0.058299 -0.05425899999999994 0.996824
vn -0.059387 -0.059589999999999935 0.996455
vn -0.707107 0.707107 1.999999999956702E-06
vn -0.707107 0.707107 -4.329781621023438E-17
vn -0.707107 0.707107 1.999999999956702E-06
vn -0.707107 0.707107 2.9999999999567023E-06
vn -0.475125 -0.879919 -9.999999999461204E-07
vn -0.475125 -0.879918 -9.999999999461206E-07
vn -0.475125 -0.879919 -9.999999999461204E-07
vn -0.475124 -0.879919 5.3879499342946995E-17
vn 0.713708 -0.700444 4.288982512909843E-17
vn 0.713708 -0.700444 4.288982512909843E-17
vn 0.713708 -0.700444 4.288982512909843E-17
vn 0.713708 -0.700444 4.288982512909843E-17
vn -0.885322 -0.464979 -9.999999999715282E-07
vn -0.885322 -0.464978 -1.999999999971528E-06
vn -0.885322 -0.464979 -9.999999999715282E-07
vn -0.885322 -0.464979 2.8471752201036855E-17
vn 0.699827 -0.714296 0.004816000000000043
vn 0.692459 -0.721393 0.009630000000000043
vn 0.699827 -0.714296 0.004816000000000043
vn 0.707107 -0.707107 4.329781621023438E-17
vn -0.719524 0.694468 -4.25239006655132E-17
vn -0.719524 0.694468 -4.25239006655132E-17
vn -0.719524 0.694468 -4.25239006655132E-17
vn -0.719524 0.694468 -4.25239006655132E-17
vn 0.698152 0.71595 -4.383929379247737E-17
vn 0.698152 0.71595 -4.383929379247737E-17
vn 0.698152 0.71595 -4.383929379247737E-17
vn 0.698152 0.71595 -4.383929379247737E-17
vn 0.719523 -0.694469 4.252396189785316E-17
vn 0.719523 -0.694469 4.252396189785316E-17
vn 0.719523 -0.694469 4.252396189785316E-17
vn 0.719523 -0.694469 4.252396189785316E-17
vn -0.69815 -0.715951 4.3839355024817336E-17
vn -0.69815 -0.715951 4.3839355024817336E-17
vn -0.69815 -0.715951 4.3839355024817336E-17
vn -0.69815 -0.715951 4.3839355024817336E-17
vn 0 6.123233995736766E-17 1
vn 0 6.123233995736766E-17 1
vn 0 6.123233995736766E-17 1
vn 0 6.123233995736766E-17 1
vn -0.719523 0.694469 -4.252396189785316E-17
vn -0.719523 0.694469 -4.252396189785316E-17
vn -0.719523 0.694469 -4.252396189785316E-17
vn -0.719523 0.694468 -4.25239006655132E-17
vn 0.698152 0.71595 -4.383929379247737E-17
vn 0.698152 0.71595 -4.383929379247737E-17
vn 0.698152 0.71595 -4.383929379247737E-17
vn 0.698152 0.71595 -4.383929379247737E-17
vn 0.719522 -0.69447 4.252402313019312E-17
vn 0.719522 -0.69447 4.252402313019312E-17
vn 0.719522 -0.69447 4.252402313019312E-17
vn 0.719522 -0.69447 4.252402313019312E-17
vn -0.69815 -0.715951 4.3839355024817336E-17
vn -0.69815 -0.715951 4.3839355024817336E-17
vn -0.69815 -0.715951 4.3839355024817336E-17
vn -0.69815 -0.715951 4.3839355024817336E-17
vn 0 6.123233995736766E-17 1
vn 0 6.123233995736766E-17 1
vn 0 6.123233995736766E-17 1
vn 0 6.123233995736766E-17 1
vn -0.719523 0.694469 -4.252396189785316E-17
vn -0.719523 0.694469 -4.252396189785316E-17
vn -0.719523 0.694469 -4.252396189785316E-17
vn -0.719523 0.694469 -4.252396189785316E-17
vn 0.6979 0.716195 -4.385429571576693E-17
vn 0.697901 0.716194 -4.3854234483426974E-17
vn 0.6979 0.716195 -4.385429571576693E-17
vn 0.697899 0.716196 -4.3854356948106894E-17
vn 0.719524 -0.694467 4.2523839433173245E-17
vn 0.719524 -0.694467 4.2523839433173245E-17
vn 0.719524 -0.694467 4.2523839433173245E-17
vn 0.719524 -0.694467 4.2523839433173245E-17
vn -0.697898 -0.716197 4.3854418180446845E-17
vn -0.697899 -0.716196 4.3854356948106894E-17
vn -0.697898 -0.716197 4.3854418180446845E-17
vn -0.697897 -0.716198 4.38544794127868E-17
vn 0 6.123233995736766E-17 1
vn 0 6.123233995736766E-17 1
vn 0 6.123233995736766E-17 1
vn 0 6.123233995736766E-17 1
vn -0.74608 -0.652122 0.13454300000000002
vn -0.74608 -0.652122 0.13454300000000002
vn -0.74608 -0.652122 0.13454300000000002
vn -0.74608 -0.652122 0.13454300000000002
vn -0.731629 0.681703 0.0007359999999999583
vn -0.73432 0.678803 -4.1564696060081043E-17
vn -0.731629 0.681703 0.0007359999999999583
vn -0.728925 0.684592 0.0014719999999999582
vn 0.017075 0.016667000000000064 0.999715
vn 0.017072 0.016664000000000064 0.999715
vn 0.017075 0.016667000000000064 0.999715
vn 0.017079 0.016670000000000063 0.999715
vn -0.721007 -0.692199 -0.03176999999999996
vn -0.721007 -0.692199 -0.03177299999999996
vn -0.721007 -0.692199 -0.03176999999999996
vn -0.721007 -0.692199 -0.03176599999999996
vn -0.214022 0.23112900000000006 0.949091
vn -0.214026 0.23112600000000005 0.949091
vn -0.214022 0.23112900000000006 0.949091
vn -0.214018 0.23113300000000006 0.949091
vn 0.246199 -0.19926699999999994 0.948514
vn 0.246199 -0.19926699999999994 0.948514
vn 0.246199 -0.19926699999999994 0.948514
vn 0.2462 -0.19926599999999994 0.948514
vn -0.721007 -0.692199 -0.03176999999999996
vn -0.721006 -0.6922 -0.03177299999999996
vn -0.721007 -0.692199 -0.03176999999999996
vn -0.721008 -0.692198 -0.031767999999999956
vn -0.721007 -0.692199 -0.031767999999999956
vn -0.721008 -0.692198 -0.03177199999999996
vn -0.721007 -0.692199 -0.031767999999999956
vn -0.721006 -0.692201 -0.03176299999999996
vn 0.017078 0.016669000000000062 0.999715
vn 0.017079 0.01667100000000006 0.999715
vn 0.017078 0.016669000000000062 0.999715
vn 0.017076 0.01666800000000006 0.999715
vn -0.721007 -0.692199 -0.031767999999999956
vn -0.721007 -0.692199 -0.03177199999999996
vn -0.721007 -0.692199 -0.031767999999999956
vn -0.721007 -0.692199 -0.03176399999999996
vn -0.631173 -0.764379 0.13170600000000005
vn -0.631173 -0.764379 0.13170600000000005
vn -0.631173 -0.764379 0.13170600000000005
vn -0.631173 -0.764379 0.13170600000000005
vn -0.718624 -0.695221 -0.01572699999999996
vn -0.718624 -0.695221 -0.01572699999999996
vn -0.718624 -0.695221 -0.01572699999999996
vn -0.718624 -0.695221 -0.01572699999999996
vn 0.707358 0.684321 0.17706099999999994
vn 0.707358 0.684321 0.17706099999999994
vn 0.707358 0.684321 0.17706099999999994
vn 0.707358 0.684321 0.17706099999999994
vn 0 6.123233995736766E-17 1
vn 0 6.123233995736766E-17 1
vn 0 6.123233995736766E-17 1
vn 0 6.123233995736766E-17 1
vn -0.054259 -0.058298999999999934 0.996824
vn -0.048925 -0.057209999999999935 0.997163
vn -0.054259 -0.058298999999999934 0.996824
vn -0.05959 -0.05938699999999994 0.996455
vn -0.058299 -0.05425899999999994 0.996824
vn -0.05721 -0.04892499999999994 0.997163
vn -0.058299 -0.05425899999999994 0.996824
vn -0.059387 -0.059589999999999935 0.996455
vn -0.707107 0.707107 9.999999999567022E-07
vn -0.707107 0.707107 -4.329781621023438E-17
vn -0.707107 0.707107 9.999999999567022E-07
vn -0.707107 0.707107 1.999999999956702E-06
vn -0.475125 -0.879918 -9.999999999461206E-07
vn -0.475125 -0.879918 -1.9999999999461206E-06
vn -0.475125 -0.879918 -9.999999999461206E-07
vn -0.475124 -0.879919 5.3879499342946995E-17
vn 0.713708 -0.700444 4.288982512909843E-17
vn 0.713708 -0.700444 4.288982512909843E-17
vn 0.713708 -0.700444 4.288982512909843E-17
vn 0.713708 -0.700444 4.288982512909843E-17
vn -0.885322 -0.464979 -9.999999999715282E-07
vn -0.885322 -0.464978 -1.999999999971528E-06
vn -0.885322 -0.464979 -9.999999999715282E-07
vn -0.885322 -0.464979 2.8471752201036855E-17
vn 0.699827 -0.714296 0.004816000000000043
vn 0.692459 -0.721393 0.009630000000000043
vn 0.699827 -0.714296 0.004816000000000043
vn 0.707107 -0.707107 4.329781621023438E-17
vn -0.719523 0.694469 -4.252396189785316E-17
vn -0.719523 0.694469 -4.252396189785316E-17
vn -0.719523 0.694469 -4.252396189785316E-17
vn -0.719523 0.694468 -4.25239006655132E-17
vn 0.698152 0.71595 -4.383929379247737E-17
vn 0.698152 0.71595 -4.383929379247737E-17
vn 0.698152 0.71595 -4.383929379247737E-17
vn 0.698152 0.71595 -4.383929379247737E-17
vn 0.719522 -0.69447 4.252402313019312E-17
vn 0.719522 -0.69447 4.252402313019312E-17
vn 0.719522 -0.69447 4.252402313019312E-17
vn 0.719522 -0.69447 4.252402313019312E-17
vn -0.69815 -0.715951 4.3839355024817336E-17
vn -0.69815 -0.715951 4.3839355024817336E-17
vn -0.69815 -0.715951 4.3839355024817336E-17
vn -0.69815 -0.715951 4.3839355024817336E-17
vn 0 6.123233995736766E-17 1
vn 0 6.123233995736766E-17 1
vn 0 6.123233995736766E-17 1
vn 0 6.123233995736766E-17 1
vn -0.719523 0.694469 -4.252396189785316E-17
vn -0.719523 0.694469 -4.252396189785316E-17
vn -0.719523 0.694469 -4.252396189785316E-17
vn -0.719523 0.694468 -4.25239006655132E-17
vn 0.698152 0.71595 -4.383929379247737E-17
vn 0.698152 0.71595 -4.383929379247737E-17
vn 0.698152 0.71595 -4.383929379247737E-17
vn 0.698152 0.71595 -4.383929379247737E-17
vn 0.719522 -0.69447 4.252402313019312E-17
vn 0.719522 -0.69447 4.252402313019312E-17
vn 0.719522 -0.69447 4.252402313019312E-17
vn 0.719522 -0.69447 4.252402313019312E-17
vn -0.69815 -0.715951 4.3839355024817336E-17
vn -0.69815 -0.715951 4.3839355024817336E-17
vn -0.69815 -0.715951 4.3839355024817336E-17
vn -0.69815 -0.715951 4.3839355024817336E-17
vn 0 6.123233995736766E-17 1
vn 0 6.123233995736766E-17 1
vn 0 6.123233995736766E-17 1
vn 0 6.123233995736766E-17 1
vn -0.719523 0.694469 -4.252396189785316E-17
vn -0.719523 0.694469 -4.252396189785316E-17
vn -0.719523 0.694469 -4.252396189785316E-17
vn -0.719523 0.694469 -4.252396189785316E-17
vn 0.6979 0.716195 -4.385429571576693E-17
vn 0.697901 0.716194 -4.3854234483426974E-17
vn 0.6979 0.716195 -4.385429571576693E-17
vn 0.697899 0.716196 -4.3854356948106894E-17
vn 0.719524 -0.694467 4.2523839433173245E-17
vn 0.719524 -0.694467 4.2523839433173245E-17
vn 0.719524 -0.694467 4.2523839433173245E-17
vn 0.719524 -0.694467 4.2523839433173245E-17
vn -0.697898 -0.716197 4.3854418180446845E-17
vn -0.697899 -0.716196 4.3854356948106894E-17
vn -0.697898 -0.716197 4.3854418180446845E-17
vn -0.697897 -0.716198 4.38544794127868E-17
vn 0 6.123233995736766E-17 1
vn 0 6.123233995736766E-17 1
vn 0 6.123233995736766E-17 1
vn 0 6.123233995736766E-17 1
vn -0.718624 -0.695221 -0.01572699999999996
vn -0.718624 -0.695221 -0.01572699999999996
vn -0.718624 -0.695221 -0.01572699999999996
vn -0.718624 -0.695221 -0.01572699999999996
vn 0.707358 0.684321 0.17706099999999994
vn 0.707358 0.684321 0.17706099999999994
vn 0.707358 0.684321 0.17706099999999994
vn 0.707358 0.684321 0.17706099999999994
vn 0 6.123233995736766E-17 1
vn 0 6.123233995736766E-17 1
vn 0 6.123233995736766E-17 1
vn 0 6.123233995736766E-17 1
vn -0.358136 0.35813700000000004 0.862251
vn -0.358136 0.35813600000000007 0.862251
vn -0.358136 0.35813700000000004 0.862251
vn -0.358136 0.35813700000000004 0.862251
vn 0.707107 -0.707107 4.329781621023438E-17
vn 0.707107 -0.707107 4.329781621023438E-17
vn 0.707107 -0.707107 4.329781621023438E-17
vn 0.707107 -0.707107 4.329781621023438E-17
vn -0.753423 -0.657536 4.0262467886207705E-17
vn -0.753423 -0.657536 4.0262467886207705E-17
vn -0.753423 -0.657536 4.0262467886207705E-17
vn -0.753423 -0.657536 4.0262467886207705E-17
vn -0.707107 0.707107 -4.329781621023438E-17
vn -0.707107 0.707107 -4.329781621023438E-17
vn -0.707107 0.707107 -4.329781621023438E-17
vn -0.707107 0.707107 -4.329781621023438E-17
vn 0.707106 0.707108 -4.329787744257433E-17
vn 0.707106 0.707108 -4.329787744257433E-17
vn 0.707106 0.707108 -4.329787744257433E-17
vn 0.707106 0.707108 -4.329787744257433E-17
vn 0.707107 0.707107 -4.329781621023438E-17
vn 0.707107 0.707107 -4.329781621023438E-17
vn 0.707107 0.707107 -4.329781621023438E-17
vn 0.707107 0.707107 -4.329781621023438E-17
vn 0.358136 -0.35813599999999995 0.862251
vn 0.358135 -0.35813599999999995 0.862252
vn 0.358136 -0.35813599999999995 0.862251
vn 0.358137 -0.3581369999999999 0.862251
vn -0.707107 0.707106 -4.3297754977894416E-17
vn -0.707107 0.707106 -4.3297754977894416E-17
vn -0.707107 0.707106 -4.3297754977894416E-17
vn -0.707107 0.707106 -4.3297754977894416E-17
vn -0.657536 -0.753423 4.613385326769981E-17
vn -0.657536 -0.753423 4.613385326769981E-17
vn -0.657536 -0.753423 4.613385326769981E-17
vn -0.657536 -0.753423 4.613385326769981E-17
vn 0.707106 -0.707108 4.329787744257433E-17
vn 0.707106 -0.707108 4.329787744257433E-17
vn 0.707106 -0.707108 4.329787744257433E-17
vn 0.707106 -0.707108 4.329787744257433E-17
vn 0.707106 0.707108 -4.329787744257433E-17
vn 0.707106 0.707108 -4.329787744257433E-17
vn 0.707106 0.707108 -4.329787744257433E-17
vn 0.707106 0.707108 -4.329787744257433E-17
vn 0.707106 0.707108 -4.329787744257433E-17
vn 0.707106 0.707108 -4.329787744257433E-17
vn 0.707106 0.707108 -4.329787744257433E-17
vn 0.707106 0.707108 -4.329787744257433E-17
vn 0.707108 0.707106 -4.3297754977894416E-17
vn 0.707108 0.707106 -4.3297754977894416E-17
vn 0.707108 0.707106 -4.3297754977894416E-17
vn 0.707108 0.707106 -4.3297754977894416E-17
vn 0.05393 0.998545 -6.11432469027297E-17
vn 0.05393 0.998545 -6.11432469027297E-17
vn 0.05393 0.998545 -6.11432469027297E-17
vn 0.05393 0.998545 -6.11432469027297E-17
vn 0.996007 0.089274 -5.4664559173540405E-18
vn 0.996007 0.089274 -5.4664559173540405E-18
vn 0.996007 0.089274 -5.4664559173540405E-18
vn 0.996007 0.089274 -5.4664559173540405E-18
vn -0.467669 -0.883903 5.4123448985337145E-17
vn -0.866786 -0.498681 3.053540452228006E-17
vn -0.053938 -0.998544 6.114318567038974E-17
vn -0.053938 -0.998544 6.114318567038974E-17
vn 0 6.123233995736766E-17 1
vn 0 6.123233995736766E-17 1
vn 0 6.123233995736766E-17 1
vn 0 6.123233995736766E-17 1
vn 0.053927 0.998545 -6.11432469027297E-17
vn 0.053927 0.998545 -6.11432469027297E-17
vn 0.053927 0.998545 -6.11432469027297E-17
vn 0.053927 0.998545 -6.11432469027297E-17
vn 0.996007 0.089271 -5.4662722203341685E-18
vn 0.996007 0.089271 -5.4662722203341685E-18
vn 0.996007 0.089271 -5.4662722203341685E-18
vn 0.996007 0.089271 -5.4662722203341685E-18
vn -0.996007 -0.08927 5.466210987994211E-18
vn -0.996007 -0.08927 5.466210987994211E-18
vn -0.996007 -0.08927 5.466210987994211E-18
vn -0.996007 -0.08927 5.466210987994211E-18
vn -0.053932 -0.998545 6.11432469027297E-17
vn -0.053932 -0.998545 6.11432469027297E-17
vn -0.053932 -0.998545 6.11432469027297E-17
vn -0.053932 -0.998545 6.11432469027297E-17
vn 0 6.123233995736766E-17 1
vn 0 6.123233995736766E-17 1
vn 0 6.123233995736766E-17 1
vn 0 6.123233995736766E-17 1
vn 0.053933 0.998545 -6.11432469027297E-17
vn 0.053933 0.998545 -6.11432469027297E-17
vn 0.053933 0.998545 -6.11432469027297E-17
vn 0.053933 0.998545 -6.11432469027297E-17
vn 0.996007 0.089273 -5.4663946850140834E-18
vn 0.996007 0.089273 -5.4663946850140834E-18
vn 0.996007 0.089273 -5.4663946850140834E-18
vn 0.996007 0.089273 -5.4663946850140834E-18
vn -0.996008 -0.089269 1.000000000005466E-06
vn -0.996008 -0.089267 5.4660272909743385E-18
vn -0.996008 -0.089269 1.000000000005466E-06
vn -0.996007 -0.089271 1.0000000000054663E-06
vn -0.053933 -0.998545 6.11432469027297E-17
vn -0.053934 -0.998545 -9.999999999388567E-07
vn -0.053933 -0.998545 6.11432469027297E-17
vn -0.053931 -0.998545 6.11432469027297E-17
vn 0 6.123233995736766E-17 1
vn 0 6.123233995736766E-17 1
vn 0 6.123233995736766E-17 1
vn 0 6.123233995736766E-17 1
vn 0 6.123233995736766E-17 1
vn 0 6.123233995736766E-17 1
vn 0 6.123233995736766E-17 1
vn 0 6.123233995736766E-17 1
vn -0.358137 0.35813700000000004 0.862251
vn -0.358137 0.35813700000000004 0.862251
vn -0.358137 0.35813700000000004 0.862251
vn -0.358137 0.35813700000000004 0.862251
vn 0.707107 -0.707107 4.329781621023438E-17
vn 0.707107 -0.707107 4.329781621023438E-17
vn 0.707107 -0.707107 4.329781621023438E-17
vn 0.707107 -0.707107 4.329781621023438E-17
vn -0.753423 -0.657537 4.026252911854766E-17
vn -0.753423 -0.657537 4.026252911854766E-17
vn -0.753423 -0.657537 4.026252911854766E-17
vn -0.753422 -0.657537 4.026252911854766E-17
vn -0.707107 0.707107 -4.329781621023438E-17
vn -0.707107 0.707107 -4.329781621023438E-17
vn -0.707107 0.707107 -4.329781621023438E-17
vn -0.707107 0.707107 -4.329781621023438E-17
vn 0.707107 0.707107 -4.329781621023438E-17
vn 0.707107 0.707107 -4.329781621023438E-17
vn 0.707107 0.707107 -4.329781621023438E-17
vn 0.707107 0.707107 -4.329781621023438E-17
vn 0.707107 0.707107 -4.329781621023438E-17
vn 0.707107 0.707107 -4.329781621023438E-17
vn 0.707107 0.707107 -4.329781621023438E-17
vn 0.707107 0.707107 -4.329781621023438E-17
vn 0.358136 -0.3581369999999999 0.862251
vn 0.358137 -0.3581369999999999 0.862251
vn 0.358136 -0.3581369999999999 0.862251
vn 0.358136 -0.3581369999999999 0.862251
vn -0.707107 0.707107 -4.329781621023438E-17
vn -0.707107 0.707107 -4.329781621023438E-17
vn -0.707107 0.707107 -4.329781621023438E-17
vn -0.707107 0.707107 -4.329781621023438E-17
vn -0.657537 -0.753422 4.613379203535986E-17
vn -0.657537 -0.753422 4.613379203535986E-17
vn -0.657537 -0.753422 4.613379203535986E-17
vn -0.657537 -0.753422 4.613379203535986E-17
vn 0.707107 -0.707107 4.329781621023438E-17
vn 0.707107 -0.707107 4.329781621023438E-17
vn 0.707107 -0.707107 4.329781621023438E-17
vn 0.707107 -0.707107 4.329781621023438E-17
vn 0.707107 0.707107 -4.329781621023438E-17
vn 0.707107 0.707107 -4.329781621023438E-17
vn 0.707107 0.707107 -4.329781621023438E-17
vn 0.707107 0.707107 -4.329781621023438E-17
vn 0.707107 0.707107 -4.329781621023438E-17
vn 0.707107 0.707107 -4.329781621023438E-17
vn 0.707107 0.707107 -4.329781621023438E-17
vn 0.707107 0.707107 -4.329781621023438E-17
vn 0.707106 0.707107 -4.329781621023438E-17
vn 0.707106 0.707107 -4.329781621023438E-17
vn 0.707106 0.707107 -4.329781621023438E-17
vn 0.707107 0.707107 -4.329781621023438E-17
vn 0.05393 0.998545 -6.11432469027297E-17
vn 0.05393 0.998545 -6.11432469027297E-17
vn 0.05393 0.998545 -6.11432469027297E-17
vn 0.05393 0.998545 -6.11432469027297E-17
vn 0.996007 0.089272 -5.466333452674126E-18
vn 0.996007 0.089272 -5.466333452674126E-18
vn 0.996007 0.089272 -5.466333452674126E-18
vn 0.996007 0.089271 -5.4662722203341685E-18
vn -0.467664 -0.883906 5.4123632682357017E-17
vn -0.866783 -0.498685 3.053564945163989E-17
vn -0.053931 -0.998545 6.11432469027297E-17
vn -0.053931 -0.998545 6.11432469027297E-17
vn 0 6.123233995736766E-17 1
vn 0 6.123233995736766E-17 1
vn 0 6.123233995736766E-17 1
vn 0 6.123233995736766E-17 1
vn 0.053931 0.998545 -6.11432469027297E-17
vn 0.05393 0.998545 -6.11432469027297E-17
vn 0.053931 0.998545 -6.11432469027297E-17
vn 0.053931 0.998545 -6.11432469027297E-17
vn 0.996007 0.089272 -5.466333452674126E-18
vn 0.996007 0.089272 -5.466333452674126E-18
vn 0.996007 0.089272 -5.466333452674126E-18
vn 0.996007 0.089272 -5.466333452674126E-18
vn -0.996007 -0.089273 5.4663946850140834E-18
vn -0.996007 -0.089273 5.4663946850140834E-18
vn -0.996007 -0.089273 5.4663946850140834E-18
vn -0.996007 -0.089273 5.4663946850140834E-18
vn -0.053933 -0.998545 6.11432469027297E-17
vn -0.053933 -0.998545 6.11432469027297E-17
vn -0.053933 -0.998545 6.11432469027297E-17
vn -0.053933 -0.998545 6.11432469027297E-17
vn 0 6.123233995736766E-17 1
vn 0 6.123233995736766E-17 1
vn 0 6.123233995736766E-17 1
vn 0 6.123233995736766E-17 1
vn 0.053931 0.998545 -6.11432469027297E-17
vn 0.05393 0.998545 -6.11432469027297E-17
vn 0.053931 0.998545 -6.11432469027297E-17
vn 0.053931 0.998545 -6.11432469027297E-17
vn 0.996007 0.089272 -5.466333452674126E-18
vn 0.996007 0.089272 -5.466333452674126E-18
vn 0.996007 0.089272 -5.466333452674126E-18
vn 0.996007 0.089272 -5.466333452674126E-18
vn -0.996007 -0.089271 5.4662722203341685E-18
vn -0.996007 -0.089271 5.4662722203341685E-18
vn -0.996007 -0.089271 5.4662722203341685E-18
vn -0.996007 -0.089271 5.4662722203341685E-18
vn -0.053931 -0.998545 6.11432469027297E-17
vn -0.053932 -0.998545 6.11432469027297E-17
vn -0.053931 -0.998545 6.11432469027297E-17
vn -0.053931 -0.998545 6.11432469027297E-17
vn 0 6.123233995736766E-17 1
vn 0 6.123233995736766E-17 1
vn 0 6.123233995736766E-17 1
vn 0 6.123233995736766E-17 1
vn 0 6.123233995736766E-17 1
vn 0 6.123233995736766E-17 1
vn 0 6.123233995736766E-17 1
vn 0 6.123233995736766E-17 1
vn -0.632414 -0.772537 0.05691400000000005
vn -0.613088 -0.788643 0.04652900000000005
vn -0.629593 -0.757864 -0.17104099999999994
vn -0.647688 -0.670928 -0.36104899999999995
vn -0.599866 -0.580596 -0.550517
vn -0.67175 -0.549465 -0.49682899999999997
vn -0.072392 -0.18632799999999994 0.979817
vn -0.1133 -0.19305999999999995 0.974624
vn -0.102074 -0.16134499999999993 0.981605
vn -0.096401 -0.14537299999999995 0.984669
vn -0.160926 -0.11069199999999994 0.98074
vn -0.739776 -0.67191 0.03561900000000004
vn -0.720518 -0.693005 0.02445000000000004
vn -0.737908 -0.658646 -0.14723299999999998
vn -0.672744 -0.642895 -0.36619799999999997
vn -0.58511 -0.596573 -0.549315
vn -0.506431 -0.623164 -0.595983
vn -0.632414 -0.772537 0.05691300000000005
vn -0.613087 -0.788644 0.04652900000000005
vn -0.629593 -0.757864 -0.17104099999999994
vn -0.647688 -0.670928 -0.36104899999999995
vn -0.599866 -0.580596 -0.550517
vn -0.67175 -0.549465 -0.49682899999999997
vn -0.072392 -0.18632799999999994 0.979817
vn -0.1133 -0.19305999999999995 0.974624
vn -0.102074 -0.16134499999999993 0.981605
vn -0.096401 -0.14537299999999995 0.984669
vn -0.160926 -0.11069199999999994 0.98074
vn -0.739776 -0.67191 0.03561900000000004
vn -0.720518 -0.693005 0.02445000000000004
vn -0.737908 -0.658646 -0.14723299999999998
vn -0.672744 -0.642895 -0.36619799999999997
vn -0.58511 -0.596573 -0.549315
vn -0.506431 -0.623164 -0.595983
vn 0.196826 -0.49846299999999993 0.844271
vn 0.022293 -0.49637099999999995 0.867824
vn -0.063876 -0.513616 0.855639
vn -0.32891 -0.4112489999999999 0.850113
vn -0.435609 -0.31504399999999994 0.843203
vn -0.52364 -0.06453699999999994 0.849492
vn -0.494754 -0.0036449999999999465 0.869025
vn -0.498467 0.19682700000000006 0.844269
vn -0.930115 0.367269 -2.2488740263802465E-17
vn -0.930115 0.367269 -2.2488740263802465E-17
vn -0.99272 0.120448 -7.37531288318502E-18
vn -0.988248 -0.152859 9.359914253543263E-18
vn -0.793458 -0.608625 3.726753290655289E-17
vn -0.608625 -0.793458 4.858528999789303E-17
vn -0.152859 -0.988248 6.051273749818867E-17
vn 0.120449 -0.992719 6.078650729013806E-17
vn 0.367271 -0.930114 5.695305664710707E-17
vn 0.367271 -0.930114 5.695305664710707E-17
vn 0 6.123233995736766E-17 1
vn 0 6.123233995736766E-17 1
vn 0 6.123233995736766E-17 1
vn 0 6.123233995736766E-17 1
vn 0 6.123233995736766E-17 1
vn 0 6.123233995736766E-17 1
vn -0.930113 0.367272 -2.2488923960822334E-17
vn -0.930113 0.367272 -2.2488923960822334E-17
vn -0.872467 0.488673 -2.992259126398673E-17
vn -0.797549 0.603255 -3.6938715240981826E-17
vn -0.709457 0.704749 -4.3153430352614897E-17
vn -0.709456 0.704749 -4.3153430352614897E-17
vn -0.842121 -0.538846 -0.021853999999999964
vn -0.74551 -0.666494 4.08109871875458E-17
vn -0.789377 -0.613159 -0.03032899999999996
vn -0.692732 -0.720516 -0.03129399999999996
vn -0.538689 -0.842178 -0.023461999999999948
vn -0.3975 -0.917602 5.618691760956049E-17
vn 0.371247 -0.928534 -0.0006209999999999432
vn 0.375217 -0.926937 5.67585215030625E-17
vn 0.491168 -0.871065 -0.00042499999999994663
vn 0.603241 -0.797559 -0.00042599999999995116
vn 0.704732 -0.709474 -4.999999999956558E-06
vn 0.70475 -0.709455 4.344158974445427E-17
vn 0.709705 -0.702767 0.04935900000000004
vn 0.706188 -0.706188 0.05095300000000004
vn 0.708784 -0.704159 0.04225200000000004
vn 0.713856 -0.699807 0.02606600000000004
vn 0.711765 -0.702344 0.010140000000000043
vn 0.714136 -0.700006 0.001194000000000043
vn 0.707106 -0.707108 4.329787744257433E-17
vn -0.707091 -0.707092 0.006600000000000043
vn -0.707091 -0.707091 0.0066010000000000435
vn -0.702701 -0.702702 -0.11144799999999996
vn -0.688217 -0.688219 -0.22959099999999993
vn -0.696803 -0.696804 -0.17008499999999993
vn -0.696803 -0.696804 -0.17008499999999993
vn -0.707083 -0.707084 0.008106000000000044
vn -0.707084 -0.707084 0.008106000000000044
vn 0.196828 -0.49846699999999994 0.844268
vn 0.022292 -0.49637499999999996 0.867822
vn -0.063877 -0.513619 0.855637
vn -0.328912 -0.4112509999999999 0.850111
vn -0.435612 -0.31504499999999996 0.843202
vn -0.523642 -0.06453599999999994 0.849491
vn -0.494755 -0.0036449999999999465 0.869025
vn -0.498467 0.19682800000000006 0.844269
vn -0.930114 0.367271 -2.248886272848238E-17
vn -0.930114 0.367271 -2.248886272848238E-17
vn -0.992719 0.120449 -7.375374115524978E-18
vn -0.988248 -0.152858 9.359853021203306E-18
vn -0.793459 -0.608624 3.726747167421294E-17
vn -0.608624 -0.793459 4.8585351230232985E-17
vn -0.152858 -0.988248 6.051273749818867E-17
vn 0.120449 -0.99272 6.078656852247803E-17
vn 0.36727 -0.930114 5.695305664710707E-17
vn 0.36727 -0.930114 5.695305664710707E-17
vn 0 6.123233995736766E-17 1
vn 0 6.123233995736766E-17 1
vn 0 6.123233995736766E-17 1
vn 0 6.123233995736766E-17 1
vn 0 6.123233995736766E-17 1
vn 0 6.123233995736766E-17 1
vn -0.930114 0.367271 -2.248886272848238E-17
vn -0.930114 0.367271 -2.248886272848238E-17
vn -0.872467 0.488672 -2.992253003164677E-17
vn -0.797549 0.603254 -3.693865400864187E-17
vn -0.709457 0.704749 -4.3153430352614897E-17
vn -0.709456 0.70475 -4.315349158495486E-17
vn -0.842121 -0.538845 -0.021853999999999964
vn -0.745511 -0.666494 4.08109871875458E-17
vn -0.789377 -0.613159 -0.03032899999999996
vn -0.692732 -0.720516 -0.03129399999999996
vn -0.538689 -0.842178 -0.023461999999999948
vn -0.3975 -0.917602 5.618691760956049E-17
vn 0.371247 -0.928534 -0.0006209999999999432
vn 0.375217 -0.926937 5.67585215030625E-17
vn 0.491168 -0.871065 -0.00042499999999994663
vn 0.60324 -0.79756 -0.00042599999999995116
vn 0.704731 -0.709475 -4.999999999956558E-06
vn 0.704749 -0.709456 4.344165097679423E-17
vn 0.709706 -0.702767 0.04936000000000004
vn 0.706188 -0.706188 0.05095400000000004
vn 0.708785 -0.704159 0.04225200000000004
vn 0.713856 -0.699807 0.02606600000000004
vn 0.711765 -0.702344 0.010140000000000043
vn 0.714137 -0.700005 0.001193000000000043
vn 0.707106 -0.707107 4.329781621023438E-17
vn -0.707092 -0.707091 0.0066010000000000435
vn -0.707091 -0.707091 0.0066010000000000435
vn -0.702702 -0.702702 -0.11144799999999996
vn -0.688218 -0.688218 -0.22959099999999993
vn -0.696804 -0.696804 -0.17008499999999993
vn -0.696804 -0.696804 -0.17008499999999993
vn -0.707084 -0.707083 0.008106000000000044
vn -0.707084 -0.707083 0.008106000000000044
vn -0.143893 -0.06173799999999994 0.987666
vn -0.103757 -0.11193799999999994 0.988284
vn -0.127287 -0.07713799999999994 0.988862
vn -0.16374 -0.03653999999999994 0.985827
vn -0.176852 -0.03087099999999994 0.983753
vn -0.143893 -0.06173799999999994 0.987666
vn -0.103757 -0.11193799999999994 0.988284
vn -0.127287 -0.07713799999999994 0.988862
vn -0.16374 -0.03653999999999994 0.985827
vn -0.176852 -0.03087099999999994 0.983753
vn 0.577039 0.816717 -5.0009492992961445E-17
vn 0.304217 0.952603 -5.83301107404083E-17
vn 0.304218 0.952603 -5.83301107404083E-17
vn 0.816715 0.577042 -3.533363191367935E-17
vn 0.952602 0.304221 -1.862816369417035E-17
vn 0.952602 0.30422 -1.862810246183039E-17
vn 0.577041 0.816715 -5.0009370528281524E-17
vn 0.30422 0.952602 -5.833004950806834E-17
vn 0.30422 0.952602 -5.833004950806834E-17
vn 0.816716 0.57704 -3.533350944899943E-17
vn 0.952602 0.30422 -1.862810246183039E-17
vn 0.952602 0.30422 -1.862810246183039E-17
vn -0.875336 -0.470983 0.10937100000000002
vn -0.98579 0.10474500000000002 0.131325
vn -0.859908 -0.461167 0.21882400000000002
vn -0.615785 -0.781754 0.09833100000000004
vn -0.448625 -0.872283 0.19456900000000005
vn -0.168132 -0.976156 0.13729900000000006
vn -0.706829 -0.704167 -0.06739699999999996
vn -0.705608 -0.705607 -0.06508199999999996
vn -0.875336 -0.470983 0.10937100000000002
vn -0.98579 0.10474500000000002 0.131325
vn -0.859908 -0.461167 0.21882400000000002
vn -0.615785 -0.781754 0.09833100000000004
vn -0.448625 -0.872283 0.19456900000000005
vn -0.168132 -0.976156 0.13729800000000006
vn -0.706829 -0.704167 -0.06739699999999996
vn -0.705608 -0.705607 -0.06508199999999996
vn -0.703426 0.710525 0.018590999999999955
vn -0.707108 0.707106 -3.20000000000433E-05
vn -0.707232 0.706982 -1.500000000004329E-05
vn -0.707231 0.706983 -0.00022400000000004328
vn -0.697827 0.715824 0.025169999999999956
vn -0.697282 0.715274 0.04670699999999996
vn -0.706463 0.706465 0.04263599999999996
vn -0.703427 0.710525 0.018590999999999955
vn -0.707107 0.707107 -3.20000000000433E-05
vn -0.707232 0.706981 -1.500000000004329E-05
vn -0.707232 0.706981 -0.00022500000000004328
vn -0.697827 0.715824 0.025168999999999955
vn -0.697282 0.715273 0.04670799999999996
vn -0.706464 0.706464 0.04263699999999996
vn 0 6.123233995736766E-17 1
vn 0 6.123233995736766E-17 1
vn 0 6.123233995736766E-17 1
g Standard_4
f 1/1/1 2/2/2 3/3/3
f 4/4/4 5/5/5 1/1/1
f 6/6/6 7/7/7 8/8/8
f 9/9/9 10/10/10 6/6/6
f 11/11/11 12/12/12 13/13/13
f 13/13/13 14/14/14 11/11/11
f 15/15/15 16/16/16 17/17/17
f 17/17/17 18/18/18 15/15/15
f 19/19/19 20/20/20 21/21/21
f 21/21/21 22/22/22 19/19/19
f 23/23/23 24/24/24 25/25/25
f 25/25/25 26/26/26 23/23/23
f 27/27/27 28/28/28 29/29/29
f 29/29/29 30/30/30 27/27/27
f 31/31/31 32/32/32 33/33/33
f 33/33/33 34/34/34 31/31/31
f 35/35/35 36/36/36 37/37/37
f 37/37/37 38/38/38 35/35/35
f 39/39/39 40/40/40 41/41/41
f 41/41/41 42/42/42 39/39/39
f 43/43/43 44/44/44 45/45/45
f 45/45/45 46/46/46 43/43/43
f 47/47/47 48/48/48 49/49/49
f 49/49/49 50/50/50 47/47/47
f 51/51/51 52/52/52 53/53/53
f 53/53/53 54/54/54 51/51/51
f 55/55/55 56/56/56 57/57/57
f 57/57/57 58/58/58 55/55/55
f 59/59/59 60/60/60 61/61/61
f 61/61/61 62/62/62 59/59/59
f 63/63/63 64/64/64 65/65/65
f 65/65/65 66/66/66 63/63/63
f 67/67/67 68/68/68 69/69/69
f 69/69/69 70/70/70 67/67/67
f 71/71/71 72/72/72 73/73/73
f 73/73/73 74/74/74 71/71/71
f 75/75/75 76/76/76 77/77/77
f 77/77/77 78/78/78 75/75/75
f 79/79/79 80/80/80 81/81/81
f 81/81/81 82/82/82 79/79/79
f 83/83/83 84/84/84 85/85/85
f 85/85/85 86/86/86 83/83/83
f 87/87/87 88/88/88 89/89/89
f 89/89/89 90/90/90 87/87/87
f 91/91/91 92/92/92 93/93/93
f 93/93/93 94/94/94 91/91/91
f 95/95/95 96/96/96 97/97/97
f 97/97/97 98/98/98 95/95/95
f 99/99/99 100/100/100 101/101/101
f 101/101/101 102/102/102 99/99/99
f 103/103/103 104/104/104 105/105/105
f 105/105/105 106/106/106 103/103/103
f 107/107/107 108/108/108 109/109/109
f 109/109/109 110/110/110 107/107/107
f 111/111/111 112/112/112 113/113/113
f 113/113/113 114/114/114 111/111/111
f 115/115/115 116/116/116 117/117/117
f 117/117/117 118/118/118 115/115/115
f 119/119/119 120/120/120 121/121/121
f 121/121/121 122/122/122 119/119/119
f 123/123/123 124/124/124 125/125/125
f 125/125/125 126/126/126 123/123/123
f 127/127/127 128/128/128 129/129/129
f 129/129/129 130/130/130 127/127/127
f 131/131/131 132/132/132 133/133/133
f 133/133/133 134/134/134 131/131/131
f 135/135/135 136/136/136 137/137/137
f 137/137/137 138/138/138 135/135/135
f 139/139/139 140/140/140 141/141/141
f 141/141/141 142/142/142 139/139/139
f 143/143/143 144/144/144 145/145/145
f 145/145/145 146/146/146 143/143/143
f 147/147/147 148/148/148 149/149/149
f 149/149/149 150/150/150 147/147/147
f 151/151/151 152/152/152 153/153/153
f 153/153/153 154/154/154 151/151/151
f 155/155/155 156/156/156 157/157/157
f 157/157/157 158/158/158 155/155/155
f 159/159/159 160/160/160 161/161/161
f 161/161/161 162/162/162 159/159/159
f 163/163/163 164/164/164 165/165/165
f 165/165/165 166/166/166 163/163/163
f 167/167/167 168/168/168 169/169/169
f 169/169/169 170/170/170 167/167/167
f 171/171/171 172/172/172 173/173/173
f 173/173/173 174/174/174 171/171/171
f 175/175/175 176/176/176 177/177/177
f 177/177/177 178/178/178 175/175/175
f 179/179/179 180/180/180 181/181/181
f 181/181/181 182/182/182 179/179/179
f 183/183/183 184/184/184 185/185/185
f 185/185/185 186/186/186 183/183/183
f 187/187/187 188/188/188 189/189/189
f 189/189/189 190/190/190 187/187/187
f 191/191/191 192/192/192 193/193/193
f 193/193/193 194/194/194 191/191/191
f 195/195/195 196/196/196 197/197/197
f 197/197/197 198/198/198 195/195/195
f 199/199/199 200/200/200 201/201/201
f 201/201/201 202/202/202 199/199/199
f 203/203/203 204/204/204 205/205/205
f 205/205/205 206/206/206 203/203/203
f 207/207/207 208/208/208 209/209/209
f 209/209/209 210/210/210 207/207/207
f 211/211/211 212/212/212 213/213/213
f 213/213/213 214/214/214 211/211/211
f 215/215/215 216/216/216 217/217/217
f 217/217/217 218/218/218 215/215/215
f 219/219/219 220/220/220 221/221/221
f 221/221/221 222/222/222 219/219/219
f 223/223/223 224/224/224 225/225/225
f 225/225/225 226/226/226 223/223/223
f 227/227/227 228/228/228 229/229/229
f 229/229/229 230/230/230 227/227/227
f 231/231/231 232/232/232 233/233/233
f 233/233/233 234/234/234 231/231/231
f 235/235/235 236/236/236 237/237/237
f 237/237/237 238/238/238 235/235/235
f 239/239/239 240/240/240 241/241/241
f 241/241/241 242/242/242 239/239/239
f 243/243/243 244/244/244 245/245/245
f 245/245/245 246/246/246 243/243/243
f 247/247/247 248/248/248 249/249/249
f 249/249/249 250/250/250 247/247/247
f 251/251/251 252/252/252 253/253/253
f 253/253/253 254/254/254 251/251/251
f 255/255/255 256/256/256 257/257/257
f 257/257/257 258/258/258 255/255/255
f 259/259/259 260/260/260 261/261/261
f 261/261/261 262/262/262 259/259/259
f 263/263/263 264/264/264 265/265/265
f 265/265/265 266/266/266 263/263/263
f 267/267/267 268/268/268 269/269/269
f 269/269/269 270/270/270 267/267/267
f 271/271/271 272/272/272 273/273/273
f 273/273/273 274/274/274 271/271/271
f 275/275/275 276/276/276 277/277/277
f 277/277/277 278/278/278 275/275/275
f 279/279/279 280/280/280 281/281/281
f 281/281/281 282/282/282 279/279/279
f 283/283/283 284/284/284 285/285/285
f 285/285/285 286/286/286 283/283/283
f 287/287/287 288/288/288 289/289/289
f 289/289/289 290/290/290 287/287/287
f 291/291/291 292/292/292 293/293/293
f 293/293/293 294/294/294 291/291/291
f 295/295/295 296/296/296 297/297/297
f 297/297/297 298/298/298 295/295/295
f 299/299/299 300/300/300 301/301/301
f 301/301/301 302/302/302 299/299/299
f 303/303/303 304/304/304 305/305/305
f 305/305/305 306/306/306 303/303/303
f 307/307/307 308/308/308 309/309/309
f 309/309/309 310/310/310 307/307/307
f 311/311/311 312/312/312 313/313/313
f 313/313/313 314/314/314 311/311/311
f 315/315/315 316/316/316 317/317/317
f 317/317/317 318/318/318 315/315/315
f 319/319/319 320/320/320 321/321/321
f 321/321/321 322/322/322 319/319/319
f 323/323/323 324/324/324 325/325/325
f 325/325/325 326/326/326 323/323/323
f 327/327/327 328/328/328 329/329/329
f 329/329/329 330/330/330 327/327/327
f 331/331/331 332/332/332 333/333/333
f 333/333/333 334/334/334 331/331/331
f 335/335/335 336/336/336 337/337/337
f 337/337/337 338/338/338 335/335/335
f 339/339/339 340/340/340 341/341/341
f 341/341/341 342/342/342 339/339/339
f 343/343/343 344/344/344 345/345/345
f 345/345/345 346/346/346 343/343/343
f 347/347/347 348/348/348 349/349/349
f 349/349/349 350/350/350 347/347/347
f 351/351/351 352/352/352 353/353/353
f 353/353/353 354/354/354 351/351/351
f 355/355/355 356/356/356 357/357/357
f 357/357/357 358/358/358 355/355/355
f 359/359/359 360/360/360 361/361/361
f 361/361/361 362/362/362 359/359/359
f 363/363/363 364/364/364 365/365/365
f 365/365/365 366/366/366 363/363/363
f 367/367/367 368/368/368 369/369/369
f 369/369/369 370/370/370 367/367/367
f 371/371/371 372/372/372 373/373/373
f 373/373/373 374/374/374 371/371/371
f 375/375/375 376/376/376 377/377/377
f 377/377/377 378/378/378 375/375/375
f 379/379/379 380/380/380 381/381/381
f 381/381/381 382/382/382 379/379/379
f 383/383/383 384/384/384 385/385/385
f 385/385/385 386/386/386 383/383/383
f 387/387/387 388/388/388 389/389/389
f 389/389/389 390/390/390 387/387/387
f 391/391/391 392/392/392 393/393/393
f 393/393/393 394/394/394 391/391/391
f 395/395/395 396/396/396 397/397/397
f 397/397/397 398/398/398 395/395/395
f 399/399/399 400/400/400 401/401/401
f 401/401/401 402/402/402 399/399/399
f 403/403/403 404/404/404 405/405/405
f 405/405/405 406/406/406 403/403/403
f 407/407/407 408/408/408 409/409/409
f 409/409/409 410/410/410 407/407/407
f 411/411/411 412/412/412 413/413/413
f 413/413/413 414/414/414 411/411/411
f 415/415/415 416/416/416 417/417/417
f 417/417/417 418/418/418 415/415/415
f 419/419/419 420/420/420 421/421/421
f 421/421/421 422/422/422 419/419/419
f 423/423/423 424/424/424 425/425/425
f 425/425/425 426/426/426 423/423/423
f 427/427/427 428/428/428 429/429/429
f 429/429/429 430/430/430 427/427/427
f 431/431/431 432/432/432 433/433/433
f 433/433/433 434/434/434 431/431/431
f 435/435/435 436/436/436 437/437/437
f 437/437/437 438/438/438 435/435/435
f 439/439/439 440/440/440 441/441/441
f 441/441/441 442/442/442 439/439/439
f 443/443/443 444/444/444 445/445/445
f 445/445/445 446/446/446 443/443/443
f 447/447/447 448/448/448 449/449/449
f 449/449/449 450/450/450 447/447/447
f 451/451/451 452/452/452 453/453/453
f 453/453/453 454/454/454 451/451/451
f 455/455/455 456/456/456 457/457/457
f 457/457/457 458/458/458 455/455/455
f 459/459/459 460/460/460 461/461/461
f 461/461/461 462/462/462 459/459/459
f 463/463/463 464/464/464 465/465/465
f 465/465/465 466/466/466 463/463/463
f 467/467/467 468/468/468 469/469/469
f 469/469/469 470/470/470 467/467/467
f 471/471/471 472/472/472 473/473/473
f 473/473/473 474/474/474 471/471/471
f 475/475/475 476/476/476 477/477/477
f 477/477/477 478/478/478 475/475/475
f 479/479/479 480/480/480 481/481/481
f 481/481/481 482/482/482 479/479/479
f 483/483/483 484/484/484 485/485/485
f 485/485/485 486/486/486 483/483/483
f 487/487/487 488/488/488 489/489/489
f 489/489/489 490/490/490 487/487/487
f 491/491/491 492/492/492 493/493/493
f 493/493/493 494/494/494 491/491/491
f 495/495/495 496/496/496 497/497/497
f 497/497/497 498/498/498 495/495/495
f 499/499/499 500/500/500 501/501/501
f 501/501/501 502/502/502 499/499/499
f 503/503/503 504/504/504 505/505/505
f 505/505/505 506/506/506 503/503/503
f 507/507/507 508/508/508 509/509/509
f 509/509/509 510/510/510 507/507/507
f 511/511/511 512/512/512 513/513/513
f 513/513/513 514/514/514 511/511/511
f 515/515/515 516/516/516 517/517/517
f 517/517/517 518/518/518 515/515/515
f 519/519/519 520/520/520 521/521/521
f 521/521/521 522/522/522 519/519/519
f 523/523/523 524/524/524 525/525/525
f 525/525/525 526/526/526 523/523/523
f 527/527/527 528/528/528 529/529/529
f 529/529/529 530/530/530 527/527/527
f 531/531/531 532/532/532 533/533/533
f 533/533/533 534/534/534 531/531/531
f 535/535/535 536/536/536 537/537/537
f 537/537/537 538/538/538 535/535/535
f 539/539/539 540/540/540 541/541/541
f 541/541/541 542/542/542 539/539/539
f 543/543/543 544/544/544 545/545/545
f 545/545/545 546/546/546 543/543/543
f 547/547/547 548/548/548 549/549/549
f 549/549/549 550/550/550 547/547/547
f 551/551/551 552/552/552 553/553/553
f 553/553/553 554/554/554 551/551/551
f 555/555/555 556/556/556 557/557/557
f 557/557/557 558/558/558 555/555/555
f 559/559/559 560/560/560 561/561/561
f 561/561/561 562/562/562 559/559/559
f 563/563/563 564/564/564 565/565/565
f 565/565/565 566/566/566 563/563/563
f 567/567/567 568/568/568 569/569/569
f 569/569/569 570/570/570 567/567/567
f 571/571/571 572/572/572 573/573/573
f 573/573/573 574/574/574 571/571/571
f 575/575/575 576/576/576 577/577/577
f 577/577/577 578/578/578 575/575/575
f 579/579/579 580/580/580 581/581/581
f 581/581/581 582/582/582 579/579/579
f 583/583/583 584/584/584 585/585/585
f 585/585/585 586/586/586 583/583/583
f 587/587/587 588/588/588 589/589/589
f 589/589/589 590/590/590 587/587/587
f 591/591/591 592/592/592 593/593/593
f 593/593/593 594/594/594 591/591/591
f 595/595/595 596/596/596 597/597/597
f 597/597/597 598/598/598 595/595/595
f 599/599/599 600/600/600 601/601/601
f 601/601/601 602/602/602 599/599/599
f 603/603/603 604/604/604 605/605/605
f 605/605/605 606/606/606 603/603/603
f 607/607/607 608/608/608 609/609/609
f 609/609/609 610/610/610 607/607/607
f 611/611/611 612/612/612 613/613/613
f 613/613/613 614/614/614 611/611/611
f 615/615/615 616/616/616 617/617/617
f 617/617/617 618/618/618 615/615/615
f 619/619/619 620/620/620 621/621/621
f 621/621/621 622/622/622 619/619/619
f 623/623/623 624/624/624 625/625/625
f 625/625/625 626/626/626 623/623/623
f 627/627/627 628/628/628 629/629/629
f 629/629/629 630/630/630 627/627/627
f 630/630/630 629/629/629 631/631/631
f 631/631/631 632/632/632 630/630/630
f 633/633/633 634/634/634 635/635/635
f 635/635/635 636/636/636 633/633/633
f 635/635/635 637/637/637 636/636/636
f 638/638/638 639/639/639 640/640/640
f 640/640/640 641/641/641 638/638/638
f 641/641/641 640/640/640 642/642/642
f 642/642/642 643/643/643 641/641/641
f 644/644/644 645/645/645 646/646/646
f 646/646/646 647/647/647 644/644/644
f 647/647/647 646/646/646 648/648/648
f 648/648/648 649/649/649 647/647/647
f 650/650/650 651/651/651 652/652/652
f 652/652/652 653/653/653 650/650/650
f 652/652/652 654/654/654 653/653/653
f 655/655/655 656/656/656 657/657/657
f 657/657/657 658/658/658 655/655/655
f 658/658/658 657/657/657 659/659/659
f 659/659/659 660/660/660 658/658/658
f 661/661/661 662/662/662 663/663/663
f 663/663/663 662/662/662 664/664/664
f 664/664/664 665/665/665 663/663/663
f 665/665/665 664/664/664 666/666/666
f 666/666/666 667/667/667 665/665/665
f 666/666/666 668/668/668 667/667/667
f 669/669/669 670/670/670 671/671/671
f 671/671/671 672/672/672 669/669/669
f 672/672/672 671/671/671 673/673/673
f 673/673/673 674/674/674 672/672/672
f 674/674/674 673/673/673 675/675/675
f 675/675/675 676/676/676 674/674/674
f 676/676/676 675/675/675 677/677/677
f 677/677/677 678/678/678 676/676/676
f 679/679/679 680/680/680 681/681/681
f 681/681/681 682/682/682 679/679/679
f 682/682/682 681/681/681 683/683/683
f 683/683/683 684/684/684 682/682/682
f 685/685/685 686/686/686 687/687/687
f 687/687/687 688/688/688 685/685/685
f 688/688/688 687/687/687 689/689/689
f 689/689/689 690/690/690 688/688/688
f 691/691/691 692/692/692 693/693/693
f 693/693/693 694/694/694 691/691/691
f 694/694/694 693/693/693 695/695/695
f 695/695/695 696/696/696 694/694/694
f 697/697/697 698/698/698 699/699/699
f 699/699/699 700/700/700 697/697/697
f 700/700/700 699/699/699 701/701/701
f 701/701/701 702/702/702 700/700/700
f 703/703/703 704/704/704 705/705/705
f 705/705/705 706/706/706 703/703/703
f 706/706/706 705/705/705 707/707/707
f 708/708/708 706/706/706 707/707/707
f 707/707/707 709/709/709 708/708/708
f 710/710/710 711/711/711 712/712/712
f 712/712/712 713/713/713 710/710/710
f 713/713/713 712/712/712 714/714/714
f 714/714/714 715/715/715 713/713/713
f 716/716/716 715/715/715 714/714/714
f 714/714/714 717/717/717 716/716/716
f 718/718/718 719/719/719 720/720/720
f 720/720/720 719/719/719 721/721/721
f 721/721/721 722/722/722 720/720/720
f 722/722/722 721/721/721 723/723/723
f 723/723/723 724/724/724 722/722/722
f 723/723/723 725/725/725 724/724/724
f 726/726/726 727/727/727 728/728/728
f 728/728/728 729/729/729 726/726/726
f 729/729/729 728/728/728 730/730/730
f 730/730/730 731/731/731 729/729/729
f 731/731/731 730/730/730 732/732/732
f 732/732/732 733/733/733 731/731/731
f 733/733/733 732/732/732 734/734/734
f 734/734/734 735/735/735 733/733/733
f 736/736/736 737/737/737 738/738/738
f 738/738/738 739/739/739 736/736/736
f 739/739/739 738/738/738 740/740/740
f 740/740/740 741/741/741 739/739/739
f 742/742/742 743/743/743 744/744/744
f 744/744/744 745/745/745 742/742/742
f 745/745/745 744/744/744 746/746/746
f 746/746/746 747/747/747 745/745/745
f 748/748/748 749/749/749 750/750/750
f 750/750/750 751/751/751 748/748/748
f 751/751/751 750/750/750 752/752/752
f 752/752/752 753/753/753 751/751/751
f 754/754/754 755/755/755 756/756/756
f 756/756/756 757/757/757 754/754/754
f 757/757/757 756/756/756 758/758/758
f 758/758/758 759/759/759 757/757/757
f 760/760/760 761/761/761 762/762/762
f 762/762/762 763/763/763 760/760/760
f 763/763/763 762/762/762 764/764/764
f 765/765/765 763/763/763 764/764/764
f 764/764/764 766/766/766 765/765/765
f 767/767/767 768/768/768 769/769/769
f 769/769/769 770/770/770 767/767/767
f 770/770/770 769/769/769 771/771/771
f 771/771/771 772/772/772 770/770/770
f 773/773/773 772/772/772 771/771/771
f 771/771/771 774/774/774 773/773/773
f 775/775/775 776/776/776 777/777/777
f 777/777/777 778/778/778 775/775/775
f 779/779/779 775/775/775 778/778/778
f 780/780/780 781/781/781 782/782/782
f 782/782/782 783/783/783 780/780/780
f 784/784/784 780/780/780 783/783/783
f 785/785/785 786/786/786 787/787/787
f 787/787/787 788/788/788 785/785/785
f 789/789/789 785/785/785 788/788/788
f 788/788/788 790/790/790 789/789/789
f 791/791/791 792/792/792 793/793/793
f 793/793/793 794/794/794 791/791/791
f 795/795/795 791/791/791 794/794/794
f 794/794/794 796/796/796 795/795/795
f 797/797/797 798/798/798 799/799/799
f 800/800/800 797/797/797 799/799/799
f 799/799/799 801/801/801 800/800/800
f 802/802/802 800/800/800 801/801/801
f 803/803/803 797/797/797 800/800/800
f 800/800/800 804/804/804 803/803/803
f 805/805/805 806/806/806 807/807/807
f 808/808/808 805/805/805 807/807/807
f 807/807/807 809/809/809 808/808/808
f 810/810/810 808/808/808 809/809/809
f 811/811/811 805/805/805 808/808/808
f 808/808/808 812/812/812 811/811/811
f 813/813/813 814/814/814 815/815/815
f 815/815/815 816/816/816 813/813/813
f 813/813/813 816/816/816 817/817/817
f 813/813/813 817/817/817 818/818/818
f 818/818/818 819/819/819 813/813/813
f 820/820/820 821/821/821 822/822/822
f 822/822/822 823/823/823 820/820/820
f 820/820/820 823/823/823 824/824/824
f 820/820/820 824/824/824 825/825/825
f 825/825/825 826/826/826 820/820/820
g Standard_13
f 827/827/827 828/828/828 829/829/829
