v 0.533185 1.056692 -0.7938550000000001
v 0.656899 0.914902 -0.11194000000000005
v 1.005619 0.243131 -0.11194000000000001
v 1.005619 0.243131 -0.11194000000000001
v 1.012351 0.12594699999999995 -0.793855
v 0.533185 1.056692 -0.7938550000000001
v 0.664639 1.1959989999999998 -2.09493
v 0.533185 1.056692 -0.7938550000000001
v 0.877887 1.0717029999999999 -2.09493
v 1.012351 0.12594699999999995 -0.793855
v 1.21166 0.13453999999999985 -2.09493
v 1.275667 0.3054229999999999 -2.09493
v 1.275667 0.3054229999999999 -2.09493
v 0.877887 1.0717029999999999 -2.09493
v 0.533185 1.056692 -0.7938550000000001
v 0.533185 1.056692 -0.7938550000000001
v 1.012351 0.12594699999999995 -0.793855
v 1.275667 0.3054229999999999 -2.09493
v -1.060768 0.04263499999999995 -0.793855
v -1.018731 0.226054 -0.11194000000000001
v -0.680068 0.902952 -0.11194000000000005
v -0.680068 0.902952 -0.11194000000000005
v -0.589204 0.977255 -0.7938550000000001
v -1.060768 0.04263499999999995 -0.793855
v -1.25073 0.06714599999999987 -2.09493
v -1.060768 0.04263499999999995 -0.793855
v -1.275458 0.3127319999999999 -2.09493
v -0.589204 0.977255 -0.7938550000000001
v -0.713269 1.1334779999999998 -2.09493
v -0.889151 1.0848599999999997 -2.09493
v -0.889151 1.0848599999999997 -2.09493
v -1.275458 0.3127319999999999 -2.09493
v -1.060768 0.04263499999999995 -0.793855
v -1.060768 0.04263499999999995 -0.793855
v -0.589204 0.977255 -0.7938550000000001
v -0.889151 1.0848599999999997 -2.09493
v -0.5 1.073422 -0.7938550000000001
v -0.336123 1.117897 -0.11194000000000007
v 0.342254 1.117897 -0.11194000000000007
v 0.342254 1.117897 -0.11194000000000007
v 0.438251 1.069881 -0.7938550000000001
v -0.5 1.073422 -0.7938550000000001
v -0.556533 1.2542759999999997 -2.09493
v -0.5 1.073422 -0.7938550000000001
v -0.369601 1.3862749999999997 -2.09493
v 0.438251 1.069881 -0.7938550000000001
v 0.513717 1.2507349999999997 -2.09493
v 0.404214 1.3862749999999997 -2.09493
v 0.404214 1.3862749999999997 -2.09493
v -0.369601 1.3862749999999997 -2.09493
v -0.5 1.073422 -0.7938550000000001
v -0.5 1.073422 -0.7938550000000001
v 0.438251 1.069881 -0.7938550000000001
v 0.404214 1.3862749999999997 -2.09493
v 0.966897 -0.11110999999999999 0.190045
v 0.966897 -0.11111 -0.009081999999999993
v 0.991737 -0.048063 -0.009081999999999996
v 0.991737 -0.048063 -0.009081999999999996
v 0.991737 -0.04806299999999999 0.190045
v -0.374286 0.996585 0.19004499999999994
v -0.374286 0.996585 -0.00908200000000006
v -0.441045 1.00821 -0.009082000000000062
v -0.441045 1.00821 -0.009082000000000062
v -0.441045 1.00821 0.19004499999999994
v 0.54642 0.913378 0.19004499999999994
v 0.54642 0.913378 -0.009082000000000055
v 0.523109 0.977005 -0.009082000000000059
v 0.523109 0.977005 -0.009082000000000059
v 0.523109 0.977005 0.19004499999999994
v 1.126347 0.44371 -0.02955800000000003
v 0.926232 0.899157 -0.029558000000000056
v 0.662797 0.762407 0.005597999999999953
v 0.891515 0.321808 0.00559799999999998
v 0.76728 0.879233 -0.03393900000000005
v 0.753954 0.872316 -0.03393900000000005
v 1.026642 0.347011 -0.03393900000000002
v 1.039968 0.353929 -0.03393900000000002
v 0.76728 0.879233 -0.34047700000000003
v 0.76728 0.879233 -0.29197500000000004
v 1.039968 0.353929 -0.291975
v 1.039968 0.353929 -0.340477
v 1.095032 0.423333 -0.018694000000000023
v 1.095032 0.423333 -0.06386000000000003
v 0.894017 0.3163 -0.02870300000000002
v 0.894017 0.3163 0.016462999999999978
v 0.809796 0.849302 -0.010393000000000052
v 0.661529 0.772336 0.022321999999999953
v 0.677103 0.780421 -0.009233000000000048
v 0.809796 0.849302 -0.06178500000000005
v 0.724917 0.957275 -0.02247800000000006
v 1.079414 0.274374 -0.02247800000000002
v 1.05176 0.260019 -0.15077400000000002
v 0.697263 0.942919 -0.15077400000000005
v 1.079414 0.274374 -0.02247800000000002
v 0.724917 0.957275 -0.02247800000000006
v 0.597741 0.891257 -0.022478000000000057
v 0.952238 0.208356 -0.022478000000000015
v 0.777464 0.88452 -0.08680500000000005
v 0.753304 0.871978 -0.08680500000000005
v 1.025991 0.346674 -0.23206700000000002
v 1.050152 0.359216 -0.23206700000000002
v 0.76728 0.879233 -0.23018900000000006
v 0.743119 0.866692 -0.23018900000000006
v 1.015807 0.341387 -0.08492700000000003
v 1.039968 0.353929 -0.08492700000000003
v 0.76728 0.879233 -0.08244100000000006
v 0.753954 0.872316 -0.08244100000000006
v 0.753954 0.872316 -0.03393900000000005
v 0.76728 0.879233 -0.03393900000000005
v 1.039968 0.353929 -0.03393900000000002
v 1.026642 0.347011 -0.03393900000000002
v 1.026642 0.347011 -0.08244100000000003
v 1.039968 0.353929 -0.08244100000000003
v 1.16495 0.166924 -0.02955800000000001
v 1.16495 0.166924 -0.11708200000000002
v 1.120757 0.377644 -0.10621800000000003
v 1.120757 0.377644 -0.018694000000000023
v 0.786534 0.941472 -0.10902600000000005
v 0.676123 0.87787 -0.11194000000000005
v 0.676123 0.87787 -0.793855
v 0.806718 0.951949 -0.5934630000000001
v 1.122212 0.34418499999999996 -0.593463
v 0.986475 0.2800099999999999 -0.793855
v 0.931334 0.2451 -0.13655300000000004
v 1.102028 0.333707 -0.10902600000000001
v 1.050152 0.359216 -0.280569
v 0.777464 0.88452 -0.13530700000000007
v 0.777464 0.88452 -0.08680500000000005
v 1.050152 0.359216 -0.23206700000000002
v 0.76728 0.879233 -0.2786910000000001
v 0.76728 0.879233 -0.23018900000000006
v 1.039968 0.353929 -0.08492700000000003
v 1.039968 0.353929 -0.13342900000000002
v 0.76728 0.879233 -0.29197500000000004
v 0.743119 0.866692 -0.29197500000000004
v 1.015807 0.341387 -0.291975
v 1.039968 0.353929 -0.291975
v 0.76728 0.879233 -0.08244100000000006
v 0.76728 0.879233 -0.03393900000000005
v 1.039968 0.353929 -0.03393900000000002
v 1.039968 0.353929 -0.08244100000000003
v 1.061442 0.316784 0.13962999999999998
v 1.061442 0.3167839999999999 -1.681659
v 1.139367 0.3592109999999999 -1.685809
v 1.139367 0.359211 0.13962999999999998
v 1.023578 0.387754 0.13962999999999998
v 1.023578 0.3877539999999999 -1.681659
v 1.061442 0.3167839999999999 -1.681659
v 1.061442 0.316784 0.13962999999999998
v 1.023578 0.387754 0.13962999999999998
v 1.101503 0.430181 0.13962999999999998
v 1.101503 0.43018099999999987 -1.685809
v 1.023578 0.3877539999999999 -1.681659
v 1.139367 0.359211 0.13962999999999998
v 1.139367 0.3592109999999999 -1.685809
v 1.101503 0.43018099999999987 -1.685809
v 1.101503 0.430181 0.13962999999999998
v 1.139367 0.359211 0.13962999999999998
v 1.101503 0.430181 0.13962999999999998
v 1.023578 0.387754 0.13962999999999998
v 1.061442 0.316784 0.13962999999999998
v 0.790623 0.838486 0.05820899999999995
v 0.790623 0.8384859999999998 -1.681659
v 0.868548 0.8809139999999999 -1.685809
v 0.868548 0.880914 0.05820899999999994
v 0.753764 0.907522 0.05820899999999994
v 0.753764 0.9075219999999999 -1.681659
v 0.790623 0.8384859999999998 -1.681659
v 0.790623 0.838486 0.05820899999999995
v 0.753764 0.907522 0.05820899999999994
v 0.831689 0.94995 0.05820899999999994
v 0.831689 0.9499499999999999 -1.685809
v 0.753764 0.9075219999999999 -1.681659
v 0.868548 0.880914 0.05820899999999994
v 0.868548 0.8809139999999999 -1.685809
v 0.831689 0.9499499999999999 -1.685809
v 0.831689 0.94995 0.05820899999999994
v 0.868548 0.880914 0.05820899999999994
v 0.831689 0.94995 0.05820899999999994
v 0.753764 0.907522 0.05820899999999994
v 0.790623 0.838486 0.05820899999999995
v 0.531819 1.068309 0.05125299999999994
v 0.972708 0.218983 0.051252999999999986
v 0.971977 0.218603 -0.0011310000000000135
v 0.531088 1.067929 -0.0011310000000000655
v 0.903869 0.183248 0.051252999999999986
v 0.46298 1.032574 0.05125299999999994
v 0.4522 1.026978 -0.01625200000000006
v 0.893089 0.177652 -0.01625200000000001
v 0.972708 0.218983 0.051252999999999986
v 0.531819 1.068309 0.05125299999999994
v 0.46298 1.032574 0.05125299999999994
v 0.903869 0.183248 0.051252999999999986
v 1.173964 -0.06297199999999999 0.227733
v 1.160677 -0.011545999999999985 0.258861
v 0.999593 -0.06505299999999999 0.258861
v 1.016298 -0.11534399999999999 0.227733
v 0.999593 -0.065053 0.109492
v 0.999593 -0.06505299999999999 0.258861
v 1.160677 -0.011545999999999985 0.258861
v 1.160677 -0.011545999999999994 0.109492
v 1.173964 -0.062972 0.109492
v 1.160677 -0.011545999999999994 0.109492
v 1.160677 -0.011545999999999985 0.258861
v 1.173964 -0.06297199999999999 0.227733
v 1.016298 -0.115344 0.10949200000000002
v 1.173964 -0.062972 0.109492
v 1.173964 -0.06297199999999999 0.227733
v 1.016298 -0.11534399999999999 0.227733
v 0.999593 -0.065053 0.109492
v 1.016298 -0.115344 0.10949200000000002
v 1.016298 -0.11534399999999999 0.227733
v 0.999593 -0.06505299999999999 0.258861
v 0.914825 0.190142 0.10949199999999999
v 0.914825 0.190142 -1.1642839584173801E-17
v 1.016472 -0.115869 7.094929998520234E-18
v 1.016472 -0.115869 0.10949200000000002
v 1.072491 0.24251400000000004 0.22773299999999996
v 0.914825 0.19014200000000003 0.227733
v 0.93153 0.13985100000000003 0.258861
v 1.092614 0.19335800000000003 0.258861
v 0.93153 0.139851 0.10949199999999999
v 1.092614 0.193358 0.10949199999999999
v 1.092614 0.19335800000000003 0.258861
v 0.93153 0.13985100000000003 0.258861
v 1.072491 0.242514 0.10949199999999999
v 1.072491 0.24251400000000004 0.22773299999999996
v 1.092614 0.19335800000000003 0.258861
v 1.092614 0.193358 0.10949199999999999
v 0.914825 0.190142 0.10949199999999999
v 0.914825 0.19014200000000003 0.227733
v 1.072491 0.24251400000000004 0.22773299999999996
v 1.072491 0.242514 0.10949199999999999
v 0.93153 0.139851 0.10949199999999999
v 0.93153 0.13985100000000003 0.258861
v 0.914825 0.19014200000000003 0.227733
v 0.914825 0.190142 0.10949199999999999
v 1.227903 -0.014698999999999986 0.227733
v 1.211053 0.03603000000000001 0.258861
v 1.211053 0.036030000000000006 0.109492
v 1.227903 -0.014698999999999993 0.109492
v 1.144768 0.235583 0.10949199999999999
v 1.161618 0.184854 0.10949199999999999
v 1.161618 0.18485400000000002 0.258861
v 1.144768 0.23558300000000001 0.22773299999999996
v 0.908046 -0.07751899999999999 0.190045
v 0.908046 -0.077519 -0.009081999999999995
v 0.966897 -0.11111 -0.009081999999999993
v 0.966897 -0.11110999999999999 0.190045
v 0.932885 -0.014471999999999988 0.190045
v 0.932885 -0.014472 -0.009081999999999998
v 0.908046 -0.077519 -0.009081999999999995
v 0.908046 -0.07751899999999999 0.190045
v 0.991737 -0.04806299999999999 0.190045
v 0.991737 -0.048063 -0.009081999999999996
v 0.932885 -0.014472 -0.009081999999999998
v 0.932885 -0.014471999999999988 0.190045
v 0.966897 -0.11110999999999999 0.190045
v 0.991737 -0.04806299999999999 0.190045
v 0.932885 -0.014471999999999988 0.190045
v 0.908046 -0.07751899999999999 0.190045
v 0.874038 0.09350000000000001 0.153668
v 0.874038 0.0935 -0.009082000000000005
v 0.93289 0.059909 -0.009082000000000003
v 0.93289 0.059909000000000004 0.153668
v 0.898878 0.156547 0.153668
v 0.898878 0.156547 -0.00908200000000001
v 0.874038 0.0935 -0.009082000000000005
v 0.874038 0.09350000000000001 0.153668
v 0.93289 0.059909000000000004 0.153668
v 0.93289 0.059909 -0.009082000000000003
v 0.957729 0.122956 -0.009082000000000007
v 0.957729 0.12295600000000001 0.153668
v 0.957729 0.12295600000000001 0.153668
v 0.957729 0.122956 -0.009082000000000007
v 0.898878 0.156547 -0.00908200000000001
v 0.898878 0.156547 0.153668
v 0.93289 0.059909000000000004 0.153668
v 0.957729 0.12295600000000001 0.153668
v 0.898878 0.156547 0.153668
v 0.874038 0.09350000000000001 0.153668
v 0.895729 0.012514000000000016 0.265485
v 0.895729 0.012514 -0.009082
v 0.954581 -0.021077 -0.009081999999999998
v 0.954581 -0.02107699999999998 0.265485
v 0.920569 0.07556100000000002 0.265485
v 0.920569 0.075561 -0.009082000000000005
v 0.895729 0.012514 -0.009082
v 0.895729 0.012514000000000016 0.265485
v 0.954581 -0.02107699999999998 0.265485
v 0.954581 -0.021077 -0.009081999999999998
v 0.97942 0.04197 -0.009082000000000002
v 0.979421 0.041970000000000014 0.265485
v 0.979421 0.041970000000000014 0.265485
v 0.97942 0.04197 -0.009082000000000002
v 0.920569 0.075561 -0.009082000000000005
v 0.920569 0.07556100000000002 0.265485
v 0.954581 -0.02107699999999998 0.265485
v 0.979421 0.041970000000000014 0.265485
v 0.920569 0.07556100000000002 0.265485
v 0.895729 0.012514000000000016 0.265485
v 1.267103 0.189018 -0.07564100000000001
v 1.110363 0.136953 -0.07564100000000001
v 1.141665 0.04271799999999999 -0.075641
v 1.298406 0.094782 -0.075641
v -0.913307 0.88278 -0.029558000000000056
v -1.164249 0.453238 -0.02955800000000003
v -0.898804 0.320432 0.00559799999999998
v -0.676683 0.764393 0.005597999999999953
v -1.054728 0.336328 -0.03393900000000002
v -1.0413 0.32961 -0.03393900000000002
v -0.776477 0.858922 -0.03393900000000005
v -0.789905 0.86564 -0.03393900000000005
v -1.054728 0.336328 -0.340477
v -1.054728 0.336328 -0.291975
v -0.789905 0.86564 -0.29197500000000004
v -0.789905 0.865641 -0.34047700000000003
v -0.878418 0.869415 -0.01869400000000005
v -0.878418 0.869415 -0.06386000000000006
v -0.673697 0.769655 -0.028703000000000048
v -0.673697 0.769655 0.01646299999999995
v -1.055491 0.388318 -0.010393000000000024
v -0.906093 0.313571 0.02232199999999998
v -0.921786 0.321423 -0.009233000000000019
v -1.055491 0.388318 -0.06178500000000002
v -1.092984 0.256194 -0.02247800000000002
v -0.748711 0.944305 -0.02247800000000006
v -0.720845 0.930363 -0.15077400000000005
v -1.065118 0.242252 -0.15077400000000002
v -0.748711 0.944305 -0.02247800000000006
v -1.092984 0.256194 -0.02247800000000002
v -0.964837 0.19208 -0.022478000000000012
v -0.620564 0.880191 -0.022478000000000057
v -1.06499 0.341462 -0.08680500000000002
v -1.040645 0.329282 -0.08680500000000001
v -0.775822 0.858595 -0.23206700000000005
v -0.800166 0.870775 -0.23206700000000005
v -1.054728 0.336328 -0.23018900000000003
v -1.030383 0.324148 -0.23018900000000003
v -0.76556 0.85346 -0.08492700000000006
v -0.789905 0.86564 -0.08492700000000006
v -1.054728 0.336328 -0.08244100000000001
v -1.0413 0.32961 -0.08244100000000001
v -1.0413 0.32961 -0.03393900000000002
v -1.054728 0.336328 -0.03393900000000002
v -0.789905 0.86564 -0.03393900000000005
v -0.776477 0.858922 -0.03393900000000005
v -0.776477 0.858923 -0.08244100000000006
v -0.789905 0.865641 -0.08244100000000006
v -0.712027 1.076653 -0.029558000000000067
v -0.712027 1.076653 -0.11708200000000007
v -0.856565 0.917076 -0.10621800000000006
v -0.856565 0.917076 -0.018694000000000054
v -1.116403 0.315337 -0.10902600000000001
v -1.000062 0.263369 -0.11194000000000001
v -1.000062 0.26336899999999996 -0.793855
v -1.13674 0.32551299999999994 -0.593463
v -0.830346 0.937914 -0.5934630000000001
v -0.69866 0.865791 -0.793855
v -0.638012 0.841687 -0.13655300000000006
v -0.810008 0.927739 -0.10902600000000005
v -0.800166 0.870775 -0.28056900000000007
v -1.06499 0.341462 -0.13530700000000004
v -1.06499 0.341462 -0.08680500000000002
v -0.800166 0.870775 -0.23206700000000005
v -1.054728 0.336328 -0.278691
v -1.054728 0.336328 -0.23018900000000003
v -0.789905 0.86564 -0.08492700000000006
v -0.789905 0.865641 -0.13342900000000005
v -1.054728 0.336328 -0.291975
v -1.030383 0.324148 -0.291975
v -0.76556 0.85346 -0.29197500000000004
v -0.789905 0.86564 -0.29197500000000004
v -1.054728 0.336328 -0.08244100000000001
v -1.054728 0.336328 -0.03393900000000002
v -0.789905 0.86564 -0.03393900000000005
v -0.789905 0.865641 -0.08244100000000006
v -0.772466 0.904843 0.13962999999999995
v -0.772466 0.9048429999999998 -1.681659
v -0.852585 0.9429659999999999 -1.685809
v -0.852585 0.942966 0.13962999999999995
v -0.807644 0.832503 0.13962999999999995
v -0.807644 0.8325039999999999 -1.681659
v -0.772466 0.9048429999999998 -1.681659
v -0.772466 0.904843 0.13962999999999995
v -0.807644 0.832503 0.13962999999999995
v -0.887762 0.870627 0.13962999999999995
v -0.887762 0.8706269999999999 -1.685809
v -0.807644 0.8325039999999999 -1.681659
v -0.852585 0.942966 0.13962999999999995
v -0.852585 0.9429659999999999 -1.685809
v -0.887762 0.8706269999999999 -1.685809
v -0.887762 0.870627 0.13962999999999995
v -0.852585 0.942966 0.13962999999999995
v -0.887762 0.870627 0.13962999999999995
v -0.807644 0.832503 0.13962999999999995
v -0.772466 0.904843 0.13962999999999995
v -1.035474 0.379159 0.058208999999999976
v -1.035474 0.3791589999999999 -1.681659
v -1.115592 0.4172829999999999 -1.685809
v -1.115593 0.417283 0.05820899999999997
v -1.069676 0.308769 0.058208999999999976
v -1.069676 0.3087689999999999 -1.681659
v -1.035474 0.3791589999999999 -1.681659
v -1.035474 0.379159 0.058208999999999976
v -1.069676 0.308769 0.058208999999999976
v -1.149795 0.346892 0.058208999999999976
v -1.149795 0.34689199999999987 -1.685809
v -1.069676 0.3087689999999999 -1.681659
v -1.115593 0.417283 0.05820899999999997
v -1.115592 0.4172829999999999 -1.685809
v -1.149795 0.34689199999999987 -1.685809
v -1.149795 0.346892 0.058208999999999976
v -1.115593 0.417283 0.05820899999999997
v -1.149795 0.346892 0.058208999999999976
v -1.069676 0.308769 0.058208999999999976
v -1.035474 0.379159 0.058208999999999976
v -1.069365 0.034704 0.051253
v -0.641191 0.890511 0.051252999999999944
v -0.640454 0.890142 -0.0011310000000000545
v -1.068628 0.034336 -0.0011310000000000022
v -0.571826 0.855807 0.051252999999999944
v -1 3.1383411198349647E-18 0.051253
v -0.989138 -0.005435000000000001 -0.016252
v -0.560964 0.850372 -0.01625200000000005
v -0.641191 0.890511 0.051252999999999944
v -1.069365 0.034704 0.051253
v -1 3.1383411198349647E-18 0.051253
v -0.571826 0.855807 0.051252999999999944
v -0.463162 1.189704 0.2277329999999999
v -0.510856 1.166327 0.25886099999999995
v -0.425987 1.019329 0.25886099999999995
v -0.380093 1.045826 0.22773299999999994
v -0.425987 1.019329 0.10949199999999995
v -0.425987 1.019329 0.25886099999999995
v -0.510856 1.166327 0.25886099999999995
v -0.510856 1.166327 0.10949199999999994
v -0.463162 1.189704 0.10949199999999994
v -0.510856 1.166327 0.10949199999999994
v -0.510856 1.166327 0.25886099999999995
v -0.463162 1.189704 0.2277329999999999
v -0.380093 1.045826 0.10949199999999994
v -0.463162 1.189704 0.10949199999999994
v -0.463162 1.189704 0.2277329999999999
v -0.380093 1.045826 0.22773299999999994
v -0.425987 1.019329 0.10949199999999995
v -0.380093 1.045826 0.10949199999999994
v -0.380093 1.045826 0.22773299999999994
v -0.425987 1.019329 0.25886099999999995
v -0.658866 0.884876 0.10949199999999995
v -0.658866 0.884876 -5.4183028052115665E-17
v -0.379615 1.046102 -6.405527329408223E-17
v -0.379614 1.046102 0.10949199999999994
v -0.741934 1.028755 0.22773299999999994
v -0.658866 0.884876 0.22773299999999994
v -0.612972 0.911373 0.25886099999999995
v -0.697841 1.058371 0.25886099999999995
v -0.612972 0.911373 0.10949199999999995
v -0.697841 1.058371 0.10949199999999994
v -0.697841 1.058371 0.25886099999999995
v -0.612972 0.911373 0.25886099999999995
v -0.741934 1.028755 0.10949199999999994
v -0.741934 1.028755 0.22773299999999994
v -0.697841 1.058371 0.25886099999999995
v -0.697841 1.058371 0.10949199999999994
v -0.658866 0.884876 0.10949199999999995
v -0.658866 0.884876 0.22773299999999994
v -0.741934 1.028755 0.22773299999999994
v -0.741934 1.028755 0.10949199999999994
v -0.612972 0.911373 0.10949199999999995
v -0.612972 0.911373 0.25886099999999995
v -0.658866 0.884876 0.22773299999999994
v -0.658866 0.884876 0.10949199999999995
v -0.521314 1.232809 0.2277329999999999
v -0.567607 1.206083 0.25886099999999995
v -0.567606 1.206083 0.10949199999999994
v -0.521314 1.232809 0.10949199999999994
v -0.749709 1.100946 0.10949199999999994
v -0.703417 1.127672 0.10949199999999994
v -0.703417 1.127672 0.25886099999999995
v -0.749709 1.100946 0.22773299999999994
v -0.395329 0.932172 0.19004499999999994
v -0.395329 0.932172 -0.009082000000000057
v -0.374286 0.996585 -0.00908200000000006
v -0.374286 0.996585 0.19004499999999994
v -0.462088 0.943797 0.19004499999999994
v -0.462088 0.943797 -0.009082000000000057
v -0.395329 0.932172 -0.009082000000000057
v -0.395329 0.932172 0.19004499999999994
v -0.441045 1.00821 0.19004499999999994
v -0.441045 1.00821 -0.009082000000000062
v -0.462088 0.943797 -0.009082000000000057
v -0.462088 0.943797 0.19004499999999994
v -0.374286 0.996585 0.19004499999999994
v -0.441045 1.00821 0.19004499999999994
v -0.462088 0.943797 0.19004499999999994
v -0.395329 0.932172 0.19004499999999994
v -0.555987 0.8644 0.15366799999999994
v -0.555987 0.8644 -0.009082000000000054
v -0.534944 0.928814 -0.009082000000000057
v -0.534944 0.928814 0.15366799999999994
v -0.622746 0.876026 0.15366799999999994
v -0.622746 0.876026 -0.009082000000000054
v -0.555987 0.8644 -0.009082000000000054
v -0.555987 0.8644 0.15366799999999994
v -0.534944 0.928814 0.15366799999999994
v -0.534944 0.928814 -0.009082000000000057
v -0.601703 0.940439 -0.009082000000000057
v -0.601703 0.940439 0.15366799999999994
v -0.601703 0.940439 0.15366799999999994
v -0.601703 0.940439 -0.009082000000000057
v -0.622746 0.876026 -0.009082000000000054
v -0.622746 0.876026 0.15366799999999994
v -0.534944 0.928814 0.15366799999999994
v -0.601703 0.940439 0.15366799999999994
v -0.622746 0.876026 0.15366799999999994
v -0.555987 0.8644 0.15366799999999994
v -0.481034 0.901966 0.26548499999999997
v -0.481034 0.901966 -0.009082000000000055
v -0.459991 0.966379 -0.009082000000000059
v -0.459991 0.966379 0.26548499999999997
v -0.547792 0.913591 0.26548499999999997
v -0.547792 0.913591 -0.009082000000000055
v -0.481034 0.901966 -0.009082000000000055
v -0.481034 0.901966 0.26548499999999997
v -0.459991 0.966379 0.26548499999999997
v -0.459991 0.966379 -0.009082000000000059
v -0.526749 0.978005 -0.00908200000000006
v -0.526749 0.978005 0.26548499999999997
v -0.526749 0.978005 0.26548499999999997
v -0.526749 0.978005 -0.00908200000000006
v -0.547792 0.913591 -0.009082000000000055
v -0.547792 0.913591 0.26548499999999997
v -0.459991 0.966379 0.26548499999999997
v -0.526749 0.978005 0.26548499999999997
v -0.547792 0.913591 0.26548499999999997
v -0.481034 0.901966 0.26548499999999997
v -0.728751 1.230155 -0.07564100000000007
v -0.64617 1.087121 -0.07564100000000007
v -0.560175 1.13677 -0.07564100000000007
v -0.642756 1.279804 -0.07564100000000008
v 0.669229 1.086906 0.22773299999999994
v 0.625136 1.116521 0.25886099999999995
v 0.540267 0.969524 0.25886099999999995
v 0.58616 0.943027 0.22773299999999994
v 0.540267 0.969524 0.10949199999999995
v 0.540267 0.969524 0.25886099999999995
v 0.625136 1.116521 0.25886099999999995
v 0.625136 1.116521 0.10949199999999994
v 0.669229 1.086906 0.10949199999999994
v 0.625136 1.116521 0.10949199999999994
v 0.625136 1.116521 0.25886099999999995
v 0.669229 1.086906 0.22773299999999994
v 0.58616 0.943027 0.10949199999999995
v 0.669229 1.086906 0.10949199999999994
v 0.669229 1.086906 0.22773299999999994
v 0.58616 0.943027 0.22773299999999994
v 0.540267 0.969524 0.10949199999999995
v 0.58616 0.943027 0.10949199999999995
v 0.58616 0.943027 0.22773299999999994
v 0.540267 0.969524 0.25886099999999995
v 0.232551 1.31746 -0.02955800000000008
v -0.212382 1.349687 -0.029558000000000084
v -0.212382 1.052873 0.0055979999999999355
v 0.232551 1.052873 0.0055979999999999355
v -0.26217 1.19943 -0.03393900000000007
v -0.26217 1.184416 -0.033939000000000066
v 0.2683 1.184416 -0.033939000000000066
v 0.2683 1.19943 -0.03393900000000007
v -0.262169 1.19943 -0.34047700000000003
v -0.26217 1.19943 -0.29197500000000004
v 0.2683 1.19943 -0.29197500000000004
v 0.2683 1.19943 -0.34047700000000003
v 0.235829 1.280278 -0.01869400000000008
v 0.235829 1.280278 -0.06386000000000008
v 0.237965 1.052556 -0.028703000000000065
v 0.237965 1.052556 0.016462999999999933
v -0.220804 1.223375 -0.010393000000000074
v -0.220804 1.056321 0.022321999999999936
v -0.220804 1.073869 -0.009233000000000066
v -0.220803 1.223375 -0.061785000000000076
v 0.307388 1.103976 0.10949199999999994
v 0.307388 1.103976 -6.759903373677492E-17
v 0.586639 0.942751 -5.772684972714833E-17
v 0.586639 0.942751 0.10949199999999995
v 0.390457 1.247855 0.2277329999999999
v 0.307388 1.103976 0.22773299999999994
v 0.353282 1.07748 0.25886099999999995
v 0.438151 1.224477 0.25886099999999995
v 0.353282 1.07748 0.10949199999999994
v 0.438151 1.224477 0.10949199999999994
v 0.438151 1.224477 0.25886099999999995
v 0.353282 1.07748 0.25886099999999995
v 0.390457 1.247855 0.10949199999999992
v 0.390457 1.247855 0.2277329999999999
v 0.438151 1.224477 0.25886099999999995
v 0.438151 1.224477 0.10949199999999994
v 0.307388 1.103976 0.10949199999999994
v 0.307388 1.103976 0.22773299999999994
v 0.390457 1.247855 0.2277329999999999
v 0.390457 1.247855 0.10949199999999992
v 0.353282 1.07748 0.10949199999999994
v 0.353282 1.07748 0.25886099999999995
v 0.307388 1.103976 0.22773299999999994
v 0.307388 1.103976 0.10949199999999994
v 0.677483 1.15882 0.2277329999999999
v 0.63119 1.185547 0.25886099999999995
v 0.631191 1.185547 0.10949199999999994
v 0.677483 1.15882 0.10949199999999994
v 0.449088 1.290684 0.10949199999999992
v 0.49538 1.263957 0.10949199999999992
v 0.49538 1.263957 0.25886099999999995
v 0.449088 1.290684 0.2277329999999999
v -0.341743 1.197788 -0.022478000000000074
v 0.347873 1.197787 -0.022478000000000074
v 0.347873 1.166629 -0.15077400000000007
v -0.341743 1.166629 -0.15077400000000007
v 0.347873 1.197787 -0.022478000000000074
v -0.341743 1.197788 -0.022478000000000074
v -0.341743 1.054497 -0.022478000000000067
v 0.347873 1.054497 -0.022478000000000067
v -0.262169 1.210905 -0.08680500000000006
v -0.262169 1.183683 -0.08680500000000006
v 0.2683 1.183683 -0.23206700000000008
v 0.2683 1.210905 -0.23206700000000008
v -0.26217 1.19943 -0.2301890000000001
v -0.26217 1.172209 -0.2301890000000001
v 0.2683 1.172209 -0.08492700000000007
v 0.2683 1.19943 -0.08492700000000007
v -0.262169 1.19943 -0.08244100000000007
v -0.262169 1.184416 -0.08244100000000007
v -0.26217 1.184416 -0.033939000000000066
v -0.26217 1.19943 -0.03393900000000007
v 0.2683 1.19943 -0.03393900000000007
v 0.2683 1.184416 -0.033939000000000066
v 0.2683 1.184416 -0.08244100000000007
v 0.2683 1.19943 -0.08244100000000007
v 0.468668 1.224198 -0.029558000000000077
v 0.468668 1.224198 -0.11708200000000007
v 0.282796 1.28206 -0.10621800000000009
v 0.282796 1.28206 -0.01869400000000008
v -0.303728 1.245195 -0.10902600000000007
v -0.298727 1.117897 -0.11194000000000007
v -0.298727 1.117897 -0.7938550000000001
v -0.303728 1.267936 -0.5934630000000001
v 0.310013 1.267936 -0.5934630000000001
v 0.305012 1.117897 -0.7938550000000001
v 0.310013 1.052873 -0.13655300000000006
v 0.310013 1.245195 -0.10902600000000007
v 0.2683 1.210905 -0.28056900000000007
v -0.26217 1.210905 -0.1353070000000001
v -0.262169 1.210905 -0.08680500000000006
v 0.2683 1.210905 -0.23206700000000008
v -0.262169 1.19943 -0.2786910000000001
v -0.26217 1.19943 -0.2301890000000001
v 0.2683 1.19943 -0.08492700000000007
v 0.2683 1.19943 -0.13342900000000008
v -0.26217 1.19943 -0.29197500000000004
v -0.26217 1.172209 -0.29197500000000004
v 0.2683 1.172209 -0.29197500000000004
v 0.2683 1.19943 -0.29197500000000004
v -0.262169 1.19943 -0.08244100000000007
v -0.26217 1.19943 -0.03393900000000007
v 0.2683 1.19943 -0.03393900000000007
v 0.2683 1.19943 -0.08244100000000007
v 0.306716 1.201375 0.13962999999999992
v 0.306716 1.201375 -1.681659
v 0.305144 1.290085 -1.685809
v 0.305144 1.290085 0.13962999999999992
v 0.234625 1.200468 0.13962999999999992
v 0.234625 1.200468 -1.681659
v 0.306716 1.201375 -1.681659
v 0.306716 1.201375 0.13962999999999992
v 0.234625 1.200468 0.13962999999999992
v 0.233053 1.289177 0.13962999999999992
v 0.233053 1.289177 -1.685809
v 0.234625 1.200468 -1.681659
v 0.305144 1.290085 0.13962999999999992
v 0.305144 1.290085 -1.685809
v 0.233053 1.289177 -1.685809
v 0.233053 1.289177 0.13962999999999992
v 0.305144 1.290085 0.13962999999999992
v 0.233053 1.289177 0.13962999999999992
v 0.234625 1.200468 0.13962999999999992
v 0.306716 1.201375 0.13962999999999992
v -0.220117 1.201375 0.05820899999999992
v -0.220117 1.201375 -1.681659
v -0.221689 1.290085 -1.685809
v -0.221689 1.290085 0.05820899999999992
v -0.290254 1.200468 0.05820899999999992
v -0.290254 1.200468 -1.681659
v -0.220117 1.201375 -1.681659
v -0.220117 1.201375 0.05820899999999992
v -0.290254 1.200468 0.05820899999999992
v -0.291826 1.289177 0.05820899999999992
v -0.291826 1.289177 -1.685809
v -0.290254 1.200468 -1.681659
v -0.221689 1.290085 0.05820899999999992
v -0.221689 1.290085 -1.685809
v -0.291826 1.289177 -1.685809
v -0.291826 1.289177 0.05820899999999992
v -0.221689 1.290085 0.05820899999999992
v -0.291826 1.289177 0.05820899999999992
v -0.290254 1.200468 0.05820899999999992
v -0.220117 1.201375 0.05820899999999992
v 0.480115 0.899395 0.19004499999999994
v 0.480115 0.899395 -0.009082000000000055
v 0.54642 0.913378 -0.009082000000000055
v 0.54642 0.913378 0.19004499999999994
v 0.456804 0.963022 0.19004499999999994
v 0.456804 0.963022 -0.009082000000000059
v 0.480115 0.899395 -0.009082000000000055
v 0.480115 0.899395 0.19004499999999994
v 0.523109 0.977005 0.19004499999999994
v 0.523109 0.977005 -0.009082000000000059
v 0.456804 0.963022 -0.009082000000000059
v 0.456804 0.963022 0.19004499999999994
v 0.54642 0.913378 0.19004499999999994
v 0.523109 0.977005 0.19004499999999994
v 0.456804 0.963022 0.19004499999999994
v 0.480115 0.899395 0.19004499999999994
v 0.341095 1.004643 0.15366799999999994
v 0.341095 1.004643 -0.00908200000000006
v 0.4074 1.018626 -0.009082000000000062
v 0.4074 1.018626 0.15366799999999994
v 0.317783 1.06827 0.15366799999999994
v 0.317783 1.06827 -0.009082000000000066
v 0.341095 1.004643 -0.00908200000000006
v 0.341095 1.004643 0.15366799999999994
v 0.4074 1.018626 0.15366799999999994
v 0.4074 1.018626 -0.009082000000000062
v 0.384088 1.082253 -0.009082000000000066
v 0.384088 1.082253 0.15366799999999994
v 0.384088 1.082253 0.15366799999999994
v 0.384088 1.082253 -0.009082000000000066
v 0.317783 1.06827 -0.009082000000000066
v 0.317783 1.06827 0.15366799999999994
v 0.4074 1.018626 0.15366799999999994
v 0.384088 1.082253 0.15366799999999994
v 0.317783 1.06827 0.15366799999999994
v 0.341095 1.004643 0.15366799999999994
v 0.411104 0.958514 0.26548499999999997
v 0.411104 0.958514 -0.009082000000000059
v 0.477409 0.972497 -0.009082000000000059
v 0.477409 0.972497 0.26548499999999997
v 0.387793 1.022141 0.26548499999999997
v 0.387793 1.022141 -0.009082000000000062
v 0.411104 0.958514 -0.009082000000000059
v 0.411104 0.958514 0.26548499999999997
v 0.477409 0.972497 0.26548499999999997
v 0.477409 0.972497 -0.009082000000000059
v 0.454098 1.036124 -0.009082000000000064
v 0.454098 1.036124 0.26548499999999997
v 0.454098 1.036124 0.26548499999999997
v 0.454098 1.036124 -0.009082000000000064
v 0.387793 1.022141 -0.009082000000000062
v 0.387793 1.022141 0.26548499999999997
v 0.477409 0.972497 0.26548499999999997
v 0.454098 1.036124 0.26548499999999997
v 0.387793 1.022141 0.26548499999999997
v 0.411104 0.958514 0.26548499999999997
v -0.509805 1.077562 0.05125299999999993
v 0.347873 1.077561 0.05125299999999993
v 0.347873 1.076738 -0.001131000000000066
v -0.509805 1.076738 -0.001131000000000066
v 0.571465 1.337138 -0.07564100000000008
v 0.488885 1.194104 -0.07564100000000007
v 0.57488 1.144455 -0.07564100000000007
v 0.65746 1.287489 -0.07564100000000008
v 0.347873 1 0.05125299999999994
v -0.509805 1 0.05125299999999994
v -0.509805 0.987854 -0.016252000000000058
v 0.347873 0.987854 -0.016252000000000058
v 0.347873 1.077561 0.05125299999999993
v -0.509805 1.077562 0.05125299999999993
v -0.509805 1 0.05125299999999994
v 0.347873 1 0.05125299999999994
v 0.663077 1.136444 -0.02955800000000007
v 0.512968 1.058522 0.005597999999999935
v 0.684715 1.09476 -0.029558000000000067
v 0.661529 0.772336 0.022321999999999953
v 0.823218 0.943202 -0.018694000000000058
v 0.809796 0.849302 -0.010393000000000052
v 0.663839 1.124526 -0.10951500000000007
v 0.786534 0.941472 -0.10902600000000005
v 0.806718 0.951949 -0.5934630000000001
v 0.692872 1.139597 -0.5934630000000001
v 0.676123 0.87787 -0.793855
v 0.5906 1.086338 -0.7938550000000001
v 1.102028 0.333707 -0.10902600000000001
v 1.196425 0.143862 -0.10951500000000002
v 1.206931 0.14931699999999998 -0.593463
v 1.122212 0.34418499999999996 -0.593463
v 1.104544 0.09627999999999995 -0.793855
v 0.986475 0.2800099999999999 -0.793855
v 1.144768 0.23558300000000001 0.22773299999999996
v 1.161618 0.18485400000000002 0.258861
v 1.190446 0.23152400000000004 0.22773299999999996
v 1.224724 0.12319300000000001 0.258861
v 1.268901 0.13786800000000002 0.227733
v 1.211053 0.03603000000000001 0.258861
v 1.262075 0.015884000000000013 0.227733
v 1.227903 -0.014698999999999986 0.227733
v 1.227903 -0.014698999999999986 0.227733
v 1.227903 -0.014698999999999993 0.109492
v 1.262075 0.015884000000000006 0.109492
v 1.262075 0.015884000000000013 0.227733
v 1.268901 0.137868 0.10949199999999999
v 1.268901 0.13786800000000002 0.227733
v 1.190446 0.231524 0.10949199999999999
v 1.190446 0.23152400000000004 0.22773299999999996
v 1.144768 0.235583 0.10949199999999999
v 1.144768 0.23558300000000001 0.22773299999999996
v 0.914825 0.190142 0.10949199999999999
v 1.016472 -0.115869 0.10949200000000002
v 1.173964 -0.062972 0.109492
v 1.072666 0.241989 0.10949199999999999
v 1.262075 0.015884000000000006 0.109492
v 1.190446 0.231524 0.10949199999999999
v 1.262075 0.015883999999999954 -0.721273
v 1.262075 0.015884000000000006 0.109492
v 1.173964 -0.062972 0.109492
v 1.173964 -0.06297200000000004 -0.721273
v 1.016472 -0.115869 0.10949200000000002
v 1.016472 -0.11586900000000004 -0.721273
v 1.262075 0.015884000000000006 0.109492
v 1.262075 0.015883999999999954 -0.721273
v 1.232294 0.12570799999999993 -0.721273
v 1.268901 0.137868 0.10949199999999999
v 1.190446 0.23152399999999995 -0.721273
v 1.190446 0.231524 0.10949199999999999
v 1.190446 0.231524 0.10949199999999999
v 1.190446 0.23152399999999995 -0.721273
v 1.070204 0.24117199999999994 -0.721273
v 1.072666 0.241989 0.10949199999999999
v 0.914825 0.19014199999999995 -0.721273
v 0.914825 0.190142 0.10949199999999999
v 1.110363 0.136953 -0.07564100000000001
v 1.267103 0.189018 -0.07564100000000001
v 1.262019 0.21516799999999997 -0.593463
v 1.06969 0.15424199999999993 -0.693659
v 1.190842 0.19744599999999995 -0.793855
v 1.044064 0.14869099999999985 -2.08896
v 1.200804 0.20075499999999985 -2.08896
v 1.267103 0.189018 -0.07564100000000001
v 1.298406 0.094782 -0.075641
v 1.309978 0.07078699999999996 -0.593463
v 1.262019 0.21516799999999997 -0.593463
v 1.240543 0.04781899999999995 -0.793855
v 1.190842 0.19744599999999995 -0.793855
v 1.200804 0.20075499999999985 -2.08896
v 1.250506 0.051127999999999875 -2.08896
v -1.201622 0.100876 -0.029558000000000008
v -1.050369 0.025201 0.005597999999999998
v -1.180608 0.142878 -0.02955800000000001
v -0.906093 0.313571 0.02232199999999998
v -1.139358 0.344003 -0.01869400000000002
v -1.055491 0.388318 -0.010393000000000024
v -1.192426 0.108496 -0.109515
v -1.116403 0.315337 -0.10902600000000001
v -1.13674 0.32551299999999994 -0.593463
v -1.221681 0.12313299999999996 -0.593463
v -1.000062 0.26336899999999996 -0.793855
v -1.118492 0.07167299999999995 -0.793855
v -0.810008 0.927739 -0.10902600000000005
v -0.711861 1.115673 -0.10951500000000007
v -0.722448 1.120969 -0.5934630000000001
v -0.830346 0.937914 -0.5934630000000001
v -0.619371 1.069285 -0.7938550000000001
v -0.69866 0.865791 -0.793855
v -0.749709 1.100946 0.22773299999999994
v -0.703417 1.127672 0.25886099999999995
v -0.754938 1.146505 0.2277329999999999
v -0.655737 1.201909 0.25886099999999995
v -0.679012 1.242223 0.2277329999999999
v -0.567607 1.206083 0.25886099999999995
v -0.558155 1.260117 0.2277329999999999
v -0.521314 1.232809 0.2277329999999999
v -0.521314 1.232809 0.2277329999999999
v -0.521314 1.232809 0.10949199999999994
v -0.558155 1.260117 0.10949199999999992
v -0.558155 1.260117 0.2277329999999999
v -0.679012 1.242223 0.10949199999999994
v -0.679012 1.242223 0.2277329999999999
v -0.754938 1.146505 0.10949199999999994
v -0.754938 1.146505 0.2277329999999999
v -0.749709 1.100946 0.10949199999999994
v -0.749709 1.100946 0.22773299999999994
v -0.658866 0.884876 0.10949199999999995
v -0.379614 1.046102 0.10949199999999994
v -0.463162 1.189704 0.10949199999999994
v -0.741455 1.029032 0.10949199999999994
v -0.558155 1.260117 0.10949199999999992
v -0.754938 1.146505 0.10949199999999994
v -0.558155 1.260117 -0.7212730000000002
v -0.558155 1.260117 0.10949199999999992
v -0.463162 1.189704 0.10949199999999994
v -0.463162 1.189704 -0.7212730000000002
v -0.379614 1.046102 0.10949199999999994
v -0.379615 1.046102 -0.7212730000000002
v -0.558155 1.260117 0.10949199999999992
v -0.558155 1.260117 -0.7212730000000002
v -0.659725 1.208817 -0.7212730000000002
v -0.679012 1.242223 0.10949199999999994
v -0.754938 1.146505 -0.7212730000000002
v -0.754938 1.146505 0.10949199999999994
v -0.754938 1.146505 0.10949199999999994
v -0.754938 1.146505 -0.7212730000000002
v -0.740158 1.026785 -0.7212730000000002
v -0.741455 1.029032 0.10949199999999994
v -0.658866 0.884876 -0.721273
v -0.658866 0.884876 0.10949199999999995
v -0.64617 1.087121 -0.07564100000000007
v -0.728751 1.230155 -0.07564100000000007
v -0.75334 1.219905 -0.5934630000000001
v -0.654908 1.043799 -0.6936590000000001
v -0.721639 1.153759 -0.7938550000000001
v -0.644307 1.0198169999999998 -2.08896
v -0.726888 1.1628509999999999 -2.08896
v -0.728751 1.230155 -0.07564100000000007
v -0.642756 1.279804 -0.07564100000000008
v -0.621585 1.295974 -0.5934630000000001
v -0.75334 1.219905 -0.5934630000000001
v -0.585096 1.232592 -0.7938550000000001
v -0.721639 1.153759 -0.7938550000000001
v -0.726888 1.1628509999999999 -2.08896
v -0.590345 1.2416829999999999 -2.08896
v -0.509804 1.22545 -0.029558000000000077
v -0.509804 1.056322 0.005597999999999935
v -0.46771 1.22545 -0.029558000000000077
v -0.220804 1.056321 0.022321999999999936
v -0.289956 1.27855 -0.01869400000000008
v -0.220804 1.223375 -0.010393000000000074
v 0.449088 1.290684 0.2277329999999999
v 0.49538 1.263957 0.25886099999999995
v 0.485929 1.317991 0.2277329999999999
v 0.583511 1.259783 0.25886099999999995
v 0.606786 1.300097 0.2277329999999999
v 0.63119 1.185547 0.25886099999999995
v 0.682712 1.204378 0.2277329999999999
v 0.677483 1.15882 0.2277329999999999
v 0.677483 1.15882 0.2277329999999999
v 0.677483 1.15882 0.10949199999999994
v 0.682712 1.204378 0.10949199999999994
v 0.682712 1.204378 0.2277329999999999
v 0.606786 1.300097 0.10949199999999992
v 0.606786 1.300097 0.2277329999999999
v 0.485929 1.317991 0.10949199999999992
v 0.485929 1.317991 0.2277329999999999
v 0.449088 1.290684 0.10949199999999992
v 0.449088 1.290684 0.2277329999999999
v 0.307388 1.103976 0.10949199999999994
v 0.586639 0.942751 0.10949199999999995
v 0.669229 1.086906 0.10949199999999994
v 0.390936 1.247579 0.10949199999999992
v 0.682712 1.204378 0.10949199999999994
v 0.485929 1.317991 0.10949199999999992
v 0.682712 1.204378 -0.7212730000000002
v 0.682712 1.204378 0.10949199999999994
v 0.669229 1.086906 0.10949199999999994
v 0.669229 1.086906 -0.7212730000000002
v 0.586639 0.942751 0.10949199999999995
v 0.586639 0.942751 -0.7212730000000002
v 0.682712 1.204378 0.10949199999999994
v 0.682712 1.204378 -0.7212730000000002
v 0.587499 1.266691 -0.7212730000000002
v 0.606786 1.300097 0.10949199999999992
v 0.485929 1.317991 -0.7212730000000002
v 0.485929 1.317991 0.10949199999999992
v 0.485929 1.317991 0.10949199999999992
v 0.485929 1.317991 -0.7212730000000002
v 0.389639 1.245332 -0.7212730000000002
v 0.390936 1.247579 0.10949199999999992
v 0.307388 1.103976 -0.7212730000000002
v 0.307388 1.103976 0.10949199999999994
v 0.488885 1.194104 -0.07564100000000007
v 0.571465 1.337138 -0.07564100000000008
v 0.550295 1.353308 -0.5934630000000001
v 0.446997 1.18001 -0.6936590000000001
v 0.508861 1.292781 -0.7938550000000001
v 0.43153 1.1588379999999998 -2.08896
v 0.51411 1.3018719999999997 -2.08896
v 0.571465 1.337138 -0.07564100000000008
v 0.65746 1.287489 -0.07564100000000008
v 0.682049 1.277239 -0.5934630000000001
v 0.550295 1.353308 -0.5934630000000001
v 0.645403 1.213948 -0.7938550000000001
v 0.508861 1.292781 -0.7938550000000001
v 0.51411 1.3018719999999997 -2.08896
v 0.650652 1.2230389999999998 -2.08896
v -0.500008 1.220635 -0.10951500000000007
v -0.303728 1.245195 -0.10902600000000007
v -0.303728 1.267936 -0.5934630000000001
v -0.500008 1.253347 -0.5934630000000001
v -0.298727 1.117897 -0.7938550000000001
v -0.499874 1.138038 -0.7938550000000001
v 0.310013 1.245195 -0.10902600000000007
v 0.50001 1.241509 -0.10951500000000007
v 0.50001 1.253347 -0.5934630000000001
v 0.310013 1.267936 -0.5934630000000001
v 0.499919 1.138038 -0.7938550000000001
v 0.305012 1.117897 -0.7938550000000001
v 1.120757 0.377644 -0.018694000000000023
v 1.095032 0.423333 -0.018694000000000023
v 0.894017 0.3163 0.016462999999999978
v 0.965978 0.178362 0.005597999999999988
v 1.16495 0.166924 -0.02955800000000001
v 1.224724 0.12319300000000001 0.258861
v 1.161618 0.18485400000000002 0.258861
v 1.161618 0.184854 0.10949199999999999
v 1.224724 0.123193 0.10949199999999999
v 1.211053 0.03603000000000001 0.258861
v 1.211053 0.036030000000000006 0.109492
v -0.856565 0.917076 -0.018694000000000054
v -0.878418 0.869415 -0.01869400000000005
v -0.673697 0.769655 0.01646299999999995
v -0.604367 0.908934 0.005597999999999944
v -0.712027 1.076653 -0.029558000000000067
v -0.655737 1.201909 0.25886099999999995
v -0.703417 1.127672 0.25886099999999995
v -0.703417 1.127672 0.10949199999999994
v -0.655737 1.201909 0.10949199999999994
v -0.567607 1.206083 0.25886099999999995
v -0.567606 1.206083 0.10949199999999994
v 0.282796 1.28206 -0.01869400000000008
v 0.235829 1.280278 -0.01869400000000008
v 0.237965 1.052556 0.016462999999999933
v 0.377407 1.052873 0.0055979999999999355
v 0.468668 1.224198 -0.029558000000000077
v 0.583511 1.259783 0.25886099999999995
v 0.49538 1.263957 0.25886099999999995
v 0.49538 1.263957 0.10949199999999992
v 0.583511 1.259783 0.10949199999999992
v 0.63119 1.185547 0.25886099999999995
v 0.631191 1.185547 0.10949199999999994
v 0.684715 1.09476 -0.11708200000000007
v 0.663077 1.136444 -0.11708200000000007
v 0.663077 1.136444 -0.02955800000000007
v 0.684715 1.09476 -0.029558000000000067
v 0.823218 0.943202 -0.018694000000000058
v 0.823218 0.943202 -0.10621800000000006
v -1.180608 0.142878 -0.11708200000000002
v -1.201622 0.10087599999999998 -0.117082
v -1.201622 0.100876 -0.029558000000000008
v -1.180608 0.142878 -0.02955800000000001
v -1.139358 0.344003 -0.01869400000000002
v -1.139358 0.344004 -0.10621800000000003
v -0.46771 1.22545 -0.11708200000000007
v -0.509804 1.22545 -0.11708200000000007
v -0.509804 1.22545 -0.029558000000000077
v -0.46771 1.22545 -0.029558000000000077
v -0.289956 1.27855 -0.01869400000000008
v -0.289956 1.27855 -0.10621800000000009
v 1.11852 0.007238999999999957 -0.693659
v 1.093766 -0.0009360000000001279 -2.08896
v 1.250506 0.051127999999999875 -2.08896
v 1.240543 0.04781899999999995 -0.793855
v 1.309978 0.07078699999999996 -0.593463
v 1.298406 0.094782 -0.075641
v 1.141665 0.04271799999999999 -0.075641
v -0.52076 1.121249 -0.6936590000000001
v -0.507765 1.0986499999999997 -2.08896
v -0.590345 1.2416829999999999 -2.08896
v -0.585096 1.232592 -0.7938550000000001
v -0.621585 1.295974 -0.5934630000000001
v -0.642756 1.279804 -0.07564100000000008
v -0.560175 1.13677 -0.07564100000000007
v 0.581146 1.10256 -0.6936590000000001
v 0.568072 1.0800059999999998 -2.08896
v 0.650652 1.2230389999999998 -2.08896
v 0.645403 1.213948 -0.7938550000000001
v 0.682049 1.277239 -0.5934630000000001
v 0.65746 1.287489 -0.07564100000000008
v 0.57488 1.144455 -0.07564100000000007
v -1 0 0
v -1 -1 6.123233995736766E-17
v 1 -1 6.123233995736766E-17
v 1 0 0
v 0.5 1 -6.123233995736766E-17
v -0.5 1 -6.123233995736766E-17
vt 0.099117 0.527198
vt 0.156188 0.291412
vt 0.390286 0.291350
vt 0.390286 0.291350
vt 0.423892 0.527249
vt 0.099117 0.527198
vt 0.063971 0.989081
vt 0.099117 0.527198
vt 0.143379 0.994204
vt 0.423892 0.527249
vt 0.471511 0.988759
vt 0.411276 0.994120
vt 0.411276 0.994120
vt 0.143379 0.994204
vt 0.099117 0.527198
vt 0.099117 0.527198
vt 0.423892 0.527249
vt 0.411276 0.994120
vt 0.099117 0.527198
vt 0.156188 0.291412
vt 0.390286 0.291350
vt 0.390286 0.291350
vt 0.423892 0.527249
vt 0.099117 0.527198
vt 0.063971 0.989081
vt 0.099117 0.527198
vt 0.143379 0.994204
vt 0.423892 0.527249
vt 0.471511 0.988759
vt 0.411276 0.994120
vt 0.411276 0.994120
vt 0.143379 0.994204
vt 0.099117 0.527198
vt 0.099117 0.527198
vt 0.423892 0.527249
vt 0.411276 0.994120
vt 0.099117 0.527198
vt 0.156188 0.291412
vt 0.390286 0.291350
vt 0.390286 0.291350
vt 0.423892 0.527249
vt 0.099117 0.527198
vt 0.063971 0.989081
vt 0.099117 0.527198
vt 0.143379 0.994204
vt 0.423892 0.527249
vt 0.471511 0.988759
vt 0.411276 0.994120
vt 0.411276 0.994120
vt 0.143379 0.994204
vt 0.099117 0.527198
vt 0.099117 0.527198
vt 0.423892 0.527249
vt 0.411276 0.994120
vt 0.631481 0.890792
vt 0.561652 0.890792
vt 0.561652 0.867098
vt 0.561652 0.867098
vt 0.631482 0.867098
vt 0.631481 0.890792
vt 0.561652 0.890792
vt 0.561652 0.867098
vt 0.561652 0.867098
vt 0.631482 0.867098
vt 0.631481 0.890792
vt 0.561652 0.890792
vt 0.561652 0.867098
vt 0.561652 0.867098
vt 0.631482 0.867098
vt 0.062208 0.000586
vt 0.226864 0.000586
vt 0.226587 0.138830
vt 0.061931 0.139359
vt 0.571317 0.809283
vt 0.571315 0.804025
vt 0.812909 0.804025
vt 0.812906 0.809283
vt 0.571306 0.831371
vt 0.571318 0.809283
vt 0.812908 0.809283
vt 0.812919 0.831371
vt 0.471724 0.202368
vt 0.487406 0.203484
vt 0.469191 0.282188
vt 0.453345 0.281027
vt 0.759300 0.882130
vt 0.699888 0.885404
vt 0.707496 0.875247
vt 0.761870 0.864427
vt 0.571828 0.573966
vt 0.813640 0.573966
vt 0.813640 0.620184
vt 0.571828 0.620184
vt 0.813640 0.573966
vt 0.571828 0.573966
vt 0.571828 0.523832
vt 0.813640 0.523832
vt 0.815465 0.771269
vt 0.815392 0.761734
vt 0.564902 0.763809
vt 0.564982 0.773340
vt 0.564652 0.773255
vt 0.564588 0.763717
vt 0.815053 0.762057
vt 0.815117 0.771594
vt 0.571305 0.831371
vt 0.566036 0.831364
vt 0.566061 0.809275
vt 0.571317 0.809283
vt 0.812906 0.809283
vt 0.818162 0.809275
vt 0.818187 0.831364
vt 0.812918 0.831371
vt 0.406279 0.198599
vt 0.402768 0.168047
vt 0.452679 0.167893
vt 0.456112 0.198286
vt 0.816888 0.694206
vt 0.810460 0.626203
vt 0.579028 0.638440
vt 0.647116 0.693857
vt 0.647116 0.693857
vt 0.579028 0.638440
vt 0.810460 0.626203
vt 0.816888 0.694206
vt 0.559308 0.794687
vt 0.809814 0.792624
vt 0.815465 0.771269
vt 0.564982 0.773340
vt 0.558966 0.794598
vt 0.564652 0.773255
vt 0.815117 0.771594
vt 0.809429 0.792936
vt 0.571318 0.809283
vt 0.571312 0.799750
vt 0.812910 0.799750
vt 0.812908 0.809283
vt 0.571305 0.831371
vt 0.571317 0.809283
vt 0.812906 0.809283
vt 0.812918 0.831371
vt 0.374285 0.088348
vt 0.984525 0.088368
vt 0.985947 0.120588
vt 0.374293 0.119798
vt 0.374266 0.063501
vt 0.984548 0.063111
vt 0.984525 0.088368
vt 0.374285 0.088348
vt 0.374266 0.063501
vt 0.374240 0.032049
vt 0.985930 0.032031
vt 0.984548 0.063111
vt 0.374241 0.007185
vt 0.985930 0.007127
vt 0.985930 0.032031
vt 0.374240 0.032049
vt 0.349348 0.032208
vt 0.374240 0.032049
vt 0.374266 0.063501
vt 0.349394 0.063674
vt 0.374285 0.088348
vt 0.993734 0.088370
vt 0.995206 0.119752
vt 0.374293 0.119798
vt 0.374266 0.063501
vt 0.993739 0.063531
vt 0.993734 0.088370
vt 0.374285 0.088348
vt 0.374266 0.063501
vt 0.374240 0.032049
vt 0.995227 0.032031
vt 0.993739 0.063531
vt 0.374241 0.007185
vt 0.995227 0.007126
vt 0.995227 0.032031
vt 0.374240 0.032049
vt 0.349348 0.032208
vt 0.374240 0.032049
vt 0.374266 0.063501
vt 0.349394 0.063674
vt 0.684286 0.194106
vt 0.985033 0.194106
vt 0.985033 0.212443
vt 0.684286 0.212443
vt 0.985033 0.166975
vt 0.684286 0.166975
vt 0.684286 0.142958
vt 0.985033 0.142958
vt 0.985033 0.194106
vt 0.684286 0.194106
vt 0.684286 0.166975
vt 0.985033 0.166975
vt 0.242659 0.227949
vt 0.243920 0.206438
vt 0.184453 0.206438
vt 0.184459 0.227986
vt 0.882981 0.281462
vt 0.882981 0.229136
vt 0.823519 0.229136
vt 0.823519 0.281462
vt 0.242676 0.269363
vt 0.261273 0.269358
vt 0.261273 0.217027
vt 0.242659 0.227949
vt 0.184478 0.269420
vt 0.242676 0.269363
vt 0.242659 0.227949
vt 0.184459 0.227986
vt 0.165908 0.269424
vt 0.184478 0.269420
vt 0.184459 0.227986
vt 0.165908 0.217093
vt 0.056418 0.264188
vt 0.018191 0.264188
vt 0.018191 0.150725
vt 0.056418 0.150726
vt 0.242659 0.227949
vt 0.184459 0.227986
vt 0.184453 0.206438
vt 0.243920 0.206438
vt 0.882981 0.281462
vt 0.823519 0.281462
vt 0.823519 0.229136
vt 0.882981 0.229136
vt 0.242676 0.269363
vt 0.242659 0.227949
vt 0.261273 0.217027
vt 0.261273 0.269358
vt 0.184478 0.269420
vt 0.184459 0.227986
vt 0.242659 0.227949
vt 0.242676 0.269363
vt 0.165908 0.269424
vt 0.165908 0.217093
vt 0.184459 0.227986
vt 0.184478 0.269420
vt 0.268407 0.185774
vt 0.249960 0.197143
vt 0.248652 0.144833
vt 0.267372 0.144365
vt 0.168136 0.146846
vt 0.186856 0.146378
vt 0.188157 0.198689
vt 0.169171 0.188254
vt 0.631481 0.914487
vt 0.561652 0.914486
vt 0.561652 0.890792
vt 0.631481 0.890792
vt 0.631481 0.938221
vt 0.561652 0.938221
vt 0.561652 0.914486
vt 0.631481 0.914487
vt 0.631482 0.867098
vt 0.561652 0.867098
vt 0.561652 0.843363
vt 0.631482 0.843364
vt 0.967702 0.281709
vt 0.968397 0.257980
vt 0.991982 0.255279
vt 0.991286 0.279007
vt 0.539012 0.135907
vt 0.539012 0.193065
vt 0.515383 0.193065
vt 0.515383 0.135907
vt 0.562741 0.135907
vt 0.562741 0.193065
vt 0.539012 0.193065
vt 0.539012 0.135907
vt 0.515383 0.135907
vt 0.515383 0.193065
vt 0.491754 0.193065
vt 0.491754 0.135907
vt 0.491754 0.135907
vt 0.491754 0.193065
vt 0.468025 0.193065
vt 0.468025 0.135907
vt 0.957395 0.245426
vt 0.933980 0.241522
vt 0.934498 0.217789
vt 0.957914 0.221693
vt 0.355031 0.187169
vt 0.355031 0.275438
vt 0.329164 0.275438
vt 0.329164 0.187169
vt 0.380899 0.187169
vt 0.380899 0.275438
vt 0.355031 0.275438
vt 0.355031 0.187169
vt 0.329164 0.187169
vt 0.329164 0.275438
vt 0.303296 0.275438
vt 0.303296 0.187169
vt 0.303296 0.187169
vt 0.303296 0.275438
vt 0.277428 0.275438
vt 0.277428 0.187169
vt 0.965820 0.243793
vt 0.967763 0.220134
vt 0.991457 0.218677
vt 0.989514 0.242336
vt 0.891559 0.295599
vt 0.891385 0.237468
vt 0.926501 0.237468
vt 0.926363 0.295612
vt 0.062208 0.000586
vt 0.226864 0.000586
vt 0.226587 0.138830
vt 0.061931 0.139359
vt 0.571317 0.809283
vt 0.571315 0.804025
vt 0.812909 0.804025
vt 0.812906 0.809283
vt 0.571306 0.831371
vt 0.571318 0.809283
vt 0.812908 0.809283
vt 0.812919 0.831371
vt 0.471724 0.202368
vt 0.487406 0.203484
vt 0.469191 0.282188
vt 0.453345 0.281027
vt 0.759300 0.882130
vt 0.699888 0.885404
vt 0.707496 0.875247
vt 0.761870 0.864427
vt 0.571828 0.573966
vt 0.813640 0.573966
vt 0.813640 0.620184
vt 0.571828 0.620184
vt 0.813640 0.573966
vt 0.571828 0.573966
vt 0.571828 0.523832
vt 0.813640 0.523832
vt 0.815465 0.771269
vt 0.815392 0.761734
vt 0.564902 0.763809
vt 0.564982 0.773340
vt 0.564652 0.773255
vt 0.564588 0.763717
vt 0.815053 0.762057
vt 0.815117 0.771594
vt 0.571305 0.831371
vt 0.566036 0.831364
vt 0.566061 0.809275
vt 0.571317 0.809283
vt 0.812906 0.809283
vt 0.818162 0.809275
vt 0.818187 0.831364
vt 0.812918 0.831371
vt 0.406279 0.198599
vt 0.402768 0.168047
vt 0.452679 0.167893
vt 0.456112 0.198286
vt 0.816888 0.694206
vt 0.810460 0.626203
vt 0.579028 0.638440
vt 0.647116 0.693857
vt 0.647116 0.693857
vt 0.579028 0.638440
vt 0.810460 0.626203
vt 0.816888 0.694206
vt 0.559308 0.794687
vt 0.809814 0.792624
vt 0.815465 0.771269
vt 0.564982 0.773340
vt 0.558966 0.794598
vt 0.564652 0.773255
vt 0.815117 0.771594
vt 0.809429 0.792936
vt 0.571318 0.809283
vt 0.571312 0.799750
vt 0.812910 0.799750
vt 0.812908 0.809283
vt 0.571305 0.831371
vt 0.571317 0.809283
vt 0.812906 0.809283
vt 0.812918 0.831371
vt 0.374285 0.088348
vt 0.984525 0.088368
vt 0.985947 0.120588
vt 0.374293 0.119798
vt 0.374266 0.063501
vt 0.984548 0.063111
vt 0.984525 0.088368
vt 0.374285 0.088348
vt 0.374266 0.063501
vt 0.374240 0.032049
vt 0.985930 0.032031
vt 0.984548 0.063111
vt 0.374241 0.007185
vt 0.985930 0.007127
vt 0.985930 0.032031
vt 0.374240 0.032049
vt 0.349348 0.032208
vt 0.374240 0.032049
vt 0.374266 0.063501
vt 0.349394 0.063674
vt 0.374285 0.088348
vt 0.993734 0.088370
vt 0.995206 0.119752
vt 0.374293 0.119798
vt 0.374266 0.063501
vt 0.993739 0.063531
vt 0.993734 0.088370
vt 0.374285 0.088348
vt 0.374266 0.063501
vt 0.374240 0.032049
vt 0.995227 0.032031
vt 0.993739 0.063531
vt 0.374241 0.007185
vt 0.995227 0.007126
vt 0.995227 0.032031
vt 0.374240 0.032049
vt 0.349348 0.032208
vt 0.374240 0.032049
vt 0.374266 0.063501
vt 0.349394 0.063674
vt 0.684286 0.194106
vt 0.985033 0.194106
vt 0.985033 0.212443
vt 0.684286 0.212443
vt 0.985033 0.166975
vt 0.684286 0.166975
vt 0.684286 0.142958
vt 0.985033 0.142958
vt 0.985033 0.194106
vt 0.684286 0.194106
vt 0.684286 0.166975
vt 0.985033 0.166975
vt 0.242659 0.227949
vt 0.243920 0.206438
vt 0.184453 0.206438
vt 0.184459 0.227986
vt 0.882981 0.281462
vt 0.882981 0.229136
vt 0.823519 0.229136
vt 0.823519 0.281462
vt 0.242676 0.269363
vt 0.261273 0.269358
vt 0.261273 0.217027
vt 0.242659 0.227949
vt 0.184478 0.269420
vt 0.242676 0.269363
vt 0.242659 0.227949
vt 0.184459 0.227986
vt 0.165908 0.269424
vt 0.184478 0.269420
vt 0.184459 0.227986
vt 0.165908 0.217093
vt 0.056418 0.264188
vt 0.018191 0.264188
vt 0.018191 0.150725
vt 0.056418 0.150726
vt 0.242659 0.227949
vt 0.184459 0.227986
vt 0.184453 0.206438
vt 0.243920 0.206438
vt 0.882981 0.281462
vt 0.823519 0.281462
vt 0.823519 0.229136
vt 0.882981 0.229136
vt 0.242676 0.269363
vt 0.242659 0.227949
vt 0.261273 0.217027
vt 0.261273 0.269358
vt 0.184478 0.269420
vt 0.184459 0.227986
vt 0.242659 0.227949
vt 0.242676 0.269363
vt 0.165908 0.269424
vt 0.165908 0.217093
vt 0.184459 0.227986
vt 0.184478 0.269420
vt 0.268407 0.185774
vt 0.249960 0.197143
vt 0.248652 0.144833
vt 0.267372 0.144365
vt 0.168136 0.146846
vt 0.186856 0.146378
vt 0.188157 0.198689
vt 0.169171 0.188254
vt 0.631481 0.914487
vt 0.561652 0.914486
vt 0.561652 0.890792
vt 0.631481 0.890792
vt 0.631481 0.938221
vt 0.561652 0.938221
vt 0.561652 0.914486
vt 0.631481 0.914487
vt 0.631482 0.867098
vt 0.561652 0.867098
vt 0.561652 0.843363
vt 0.631482 0.843364
vt 0.967702 0.281709
vt 0.968397 0.257980
vt 0.991982 0.255279
vt 0.991286 0.279007
vt 0.539012 0.135907
vt 0.539012 0.193065
vt 0.515383 0.193065
vt 0.515383 0.135907
vt 0.562741 0.135907
vt 0.562741 0.193065
vt 0.539012 0.193065
vt 0.539012 0.135907
vt 0.515383 0.135907
vt 0.515383 0.193065
vt 0.491754 0.193065
vt 0.491754 0.135907
vt 0.491754 0.135907
vt 0.491754 0.193065
vt 0.468025 0.193065
vt 0.468025 0.135907
vt 0.957395 0.245426
vt 0.933980 0.241522
vt 0.934498 0.217789
vt 0.957914 0.221693
vt 0.355031 0.187169
vt 0.355031 0.275438
vt 0.329164 0.275438
vt 0.329164 0.187169
vt 0.380899 0.187169
vt 0.380899 0.275438
vt 0.355031 0.275438
vt 0.355031 0.187169
vt 0.329164 0.187169
vt 0.329164 0.275438
vt 0.303296 0.275438
vt 0.303296 0.187169
vt 0.303296 0.187169
vt 0.303296 0.275438
vt 0.277428 0.275438
vt 0.277428 0.187169
vt 0.965820 0.243793
vt 0.967763 0.220134
vt 0.991457 0.218677
vt 0.989514 0.242336
vt 0.891559 0.295599
vt 0.891385 0.237468
vt 0.926501 0.237468
vt 0.926363 0.295612
vt 0.242659 0.227949
vt 0.243920 0.206438
vt 0.184453 0.206438
vt 0.184459 0.227986
vt 0.882981 0.281462
vt 0.882981 0.229136
vt 0.823519 0.229136
vt 0.823519 0.281462
vt 0.242676 0.269363
vt 0.261273 0.269358
vt 0.261273 0.217027
vt 0.242659 0.227949
vt 0.184478 0.269420
vt 0.242676 0.269363
vt 0.242659 0.227949
vt 0.184459 0.227986
vt 0.165908 0.269424
vt 0.184478 0.269420
vt 0.184459 0.227986
vt 0.165908 0.217093
vt 0.062208 0.000586
vt 0.226864 0.000586
vt 0.226587 0.138830
vt 0.061931 0.139359
vt 0.571317 0.809283
vt 0.571315 0.804025
vt 0.812909 0.804025
vt 0.812906 0.809283
vt 0.571306 0.831371
vt 0.571318 0.809283
vt 0.812908 0.809283
vt 0.812919 0.831371
vt 0.471724 0.202368
vt 0.487406 0.203484
vt 0.469191 0.282188
vt 0.453345 0.281027
vt 0.759300 0.882130
vt 0.699888 0.885404
vt 0.707496 0.875247
vt 0.761870 0.864427
vt 0.056418 0.264188
vt 0.018191 0.264188
vt 0.018191 0.150725
vt 0.056418 0.150726
vt 0.242659 0.227949
vt 0.184459 0.227986
vt 0.184453 0.206438
vt 0.243920 0.206438
vt 0.882981 0.281462
vt 0.823519 0.281462
vt 0.823519 0.229136
vt 0.882981 0.229136
vt 0.242676 0.269363
vt 0.242659 0.227949
vt 0.261273 0.217027
vt 0.261273 0.269358
vt 0.184478 0.269420
vt 0.184459 0.227986
vt 0.242659 0.227949
vt 0.242676 0.269363
vt 0.165908 0.269424
vt 0.165908 0.217093
vt 0.184459 0.227986
vt 0.184478 0.269420
vt 0.268407 0.185774
vt 0.249960 0.197143
vt 0.248652 0.144833
vt 0.267372 0.144365
vt 0.168136 0.146846
vt 0.186856 0.146378
vt 0.188157 0.198689
vt 0.169171 0.188254
vt 0.571828 0.573966
vt 0.813640 0.573966
vt 0.813640 0.620184
vt 0.571828 0.620184
vt 0.813640 0.573966
vt 0.571828 0.573966
vt 0.571828 0.523832
vt 0.813640 0.523832
vt 0.815465 0.771269
vt 0.815392 0.761734
vt 0.564902 0.763809
vt 0.564982 0.773340
vt 0.564652 0.773255
vt 0.564588 0.763717
vt 0.815053 0.762057
vt 0.815117 0.771594
vt 0.571305 0.831371
vt 0.566036 0.831364
vt 0.566061 0.809275
vt 0.571317 0.809283
vt 0.812906 0.809283
vt 0.818162 0.809275
vt 0.818187 0.831364
vt 0.812918 0.831371
vt 0.387955 0.202475
vt 0.384444 0.171923
vt 0.452679 0.167893
vt 0.456112 0.198286
vt 0.816888 0.694206
vt 0.810460 0.626203
vt 0.579028 0.638440
vt 0.647116 0.693857
vt 0.647116 0.693857
vt 0.579028 0.638440
vt 0.810460 0.626203
vt 0.816888 0.694206
vt 0.559308 0.794687
vt 0.809814 0.792624
vt 0.815465 0.771269
vt 0.564982 0.773340
vt 0.558966 0.794598
vt 0.564652 0.773255
vt 0.815117 0.771594
vt 0.809429 0.792936
vt 0.571318 0.809283
vt 0.571312 0.799750
vt 0.812910 0.799750
vt 0.812908 0.809283
vt 0.571305 0.831371
vt 0.571317 0.809283
vt 0.812906 0.809283
vt 0.812918 0.831371
vt 0.374285 0.088348
vt 0.984525 0.088368
vt 0.985947 0.120588
vt 0.374293 0.119798
vt 0.374266 0.063501
vt 0.984548 0.063111
vt 0.984525 0.088368
vt 0.374285 0.088348
vt 0.374266 0.063501
vt 0.374240 0.032049
vt 0.985930 0.032031
vt 0.984548 0.063111
vt 0.374241 0.007185
vt 0.985930 0.007127
vt 0.985930 0.032031
vt 0.374240 0.032049
vt 0.349348 0.032208
vt 0.374240 0.032049
vt 0.374266 0.063501
vt 0.349394 0.063674
vt 0.374285 0.088348
vt 0.993734 0.088370
vt 0.995206 0.119752
vt 0.374293 0.119798
vt 0.374266 0.063501
vt 0.993739 0.063531
vt 0.993734 0.088370
vt 0.374285 0.088348
vt 0.374266 0.063501
vt 0.374240 0.032049
vt 0.995227 0.032031
vt 0.993739 0.063531
vt 0.374241 0.007185
vt 0.995227 0.007126
vt 0.995227 0.032031
vt 0.374240 0.032049
vt 0.349348 0.032208
vt 0.374240 0.032049
vt 0.374266 0.063501
vt 0.349394 0.063674
vt 0.631481 0.914487
vt 0.561652 0.914486
vt 0.561652 0.890792
vt 0.631481 0.890792
vt 0.631481 0.938221
vt 0.561652 0.938221
vt 0.561652 0.914486
vt 0.631481 0.914487
vt 0.631482 0.867098
vt 0.561652 0.867098
vt 0.561652 0.843363
vt 0.631482 0.843364
vt 0.967702 0.281709
vt 0.968397 0.257980
vt 0.991982 0.255279
vt 0.991286 0.279007
vt 0.539012 0.135907
vt 0.539012 0.193065
vt 0.515383 0.193065
vt 0.515383 0.135907
vt 0.562741 0.135907
vt 0.562741 0.193065
vt 0.539012 0.193065
vt 0.539012 0.135907
vt 0.515383 0.135907
vt 0.515383 0.193065
vt 0.491754 0.193065
vt 0.491754 0.135907
vt 0.491754 0.135907
vt 0.491754 0.193065
vt 0.468025 0.193065
vt 0.468025 0.135907
vt 0.957395 0.245426
vt 0.933980 0.241522
vt 0.934498 0.217789
vt 0.957914 0.221693
vt 0.355031 0.187169
vt 0.355031 0.275438
vt 0.329164 0.275438
vt 0.329164 0.187169
vt 0.380899 0.187169
vt 0.380899 0.275438
vt 0.355031 0.275438
vt 0.355031 0.187169
vt 0.329164 0.187169
vt 0.329164 0.275438
vt 0.303296 0.275438
vt 0.303296 0.187169
vt 0.303296 0.187169
vt 0.303296 0.275438
vt 0.277428 0.275438
vt 0.277428 0.187169
vt 0.965820 0.243793
vt 0.967763 0.220134
vt 0.991457 0.218677
vt 0.989514 0.242336
vt 0.684286 0.194106
vt 0.985033 0.194106
vt 0.985033 0.212443
vt 0.684286 0.212443
vt 0.891559 0.295599
vt 0.891385 0.237468
vt 0.926501 0.237468
vt 0.926363 0.295612
vt 0.985033 0.166975
vt 0.684286 0.166975
vt 0.684286 0.142958
vt 0.985033 0.142958
vt 0.985033 0.194106
vt 0.684286 0.194106
vt 0.684286 0.166975
vt 0.985033 0.166975
vt 0.766459 0.983934
vt 0.707125 0.986348
vt 0.767440 0.968891
vt 0.699888 0.885404
vt 0.779991 0.904885
vt 0.759300 0.882130
vt 0.816308 0.760924
vt 0.816888 0.694206
vt 0.647116 0.693857
vt 0.645766 0.760145
vt 0.560054 0.692336
vt 0.564489 0.760944
vt 0.816888 0.694206
vt 0.816308 0.760924
vt 0.645766 0.760145
vt 0.647116 0.693857
vt 0.564489 0.760944
vt 0.560054 0.692336
vt 0.554608 0.601505
vt 0.569092 0.617612
vt 0.547062 0.615777
vt 0.572558 0.648091
vt 0.555641 0.658037
vt 0.597585 0.665827
vt 0.588476 0.686010
vt 0.604632 0.686318
vt 0.643506 0.843110
vt 0.684910 0.841915
vt 0.685374 0.857973
vt 0.643969 0.859168
vt 0.686609 0.900755
vt 0.645204 0.901950
vt 0.687844 0.943537
vt 0.646439 0.944732
vt 0.688307 0.959595
vt 0.646903 0.960790
vt 0.056418 0.264188
vt 0.056418 0.150726
vt 0.114284 0.150920
vt 0.114284 0.263993
vt 0.152161 0.167480
vt 0.152161 0.247434
vt 0.708534 0.515723
vt 0.708553 0.220855
vt 0.749403 0.220871
vt 0.749356 0.515739
vt 0.807962 0.220887
vt 0.807905 0.515755
vt 0.708553 0.220855
vt 0.708534 0.515723
vt 0.669324 0.515790
vt 0.669324 0.220764
vt 0.630111 0.515940
vt 0.630098 0.221230
vt 0.630098 0.221230
vt 0.630111 0.515940
vt 0.588441 0.516018
vt 0.589252 0.221150
vt 0.530811 0.516040
vt 0.530693 0.221173
vt 0.834543 0.295391
vt 0.891559 0.295599
vt 0.886483 0.473125
vt 0.825146 0.512119
vt 0.877611 0.545159
vt 0.823824 0.994026
vt 0.881036 0.993430
vt 0.891559 0.295599
vt 0.926363 0.295612
vt 0.931460 0.473093
vt 0.886483 0.473125
vt 0.939223 0.545163
vt 0.877611 0.545159
vt 0.881036 0.993430
vt 0.935763 0.993470
vt 0.766459 0.983934
vt 0.707125 0.986348
vt 0.767440 0.968891
vt 0.699888 0.885404
vt 0.779991 0.904885
vt 0.759300 0.882130
vt 0.816308 0.760924
vt 0.816888 0.694206
vt 0.647116 0.693857
vt 0.645766 0.760145
vt 0.560054 0.692336
vt 0.564489 0.760944
vt 0.816888 0.694206
vt 0.816308 0.760924
vt 0.645766 0.760145
vt 0.647116 0.693857
vt 0.564489 0.760944
vt 0.560054 0.692336
vt 0.554608 0.601505
vt 0.569092 0.617612
vt 0.547062 0.615777
vt 0.572558 0.648091
vt 0.555641 0.658037
vt 0.597585 0.665827
vt 0.588476 0.686010
vt 0.604632 0.686318
vt 0.643506 0.843110
vt 0.684910 0.841915
vt 0.685374 0.857973
vt 0.643969 0.859168
vt 0.686609 0.900755
vt 0.645204 0.901950
vt 0.687844 0.943537
vt 0.646439 0.944732
vt 0.688307 0.959595
vt 0.646903 0.960790
vt 0.056418 0.264188
vt 0.056418 0.150726
vt 0.114284 0.150920
vt 0.114284 0.263993
vt 0.152161 0.167480
vt 0.152161 0.247434
vt 0.708534 0.515723
vt 0.708553 0.220855
vt 0.749403 0.220871
vt 0.749356 0.515739
vt 0.807962 0.220887
vt 0.807905 0.515755
vt 0.708553 0.220855
vt 0.708534 0.515723
vt 0.669324 0.515790
vt 0.669324 0.220764
vt 0.630111 0.515940
vt 0.630098 0.221230
vt 0.630098 0.221230
vt 0.630111 0.515940
vt 0.588441 0.516018
vt 0.589252 0.221150
vt 0.530811 0.516040
vt 0.530693 0.221173
vt 0.834543 0.295391
vt 0.891559 0.295599
vt 0.886483 0.473125
vt 0.825146 0.512119
vt 0.877611 0.545159
vt 0.823824 0.994026
vt 0.881036 0.993430
vt 0.891559 0.295599
vt 0.926363 0.295612
vt 0.931460 0.473093
vt 0.886483 0.473125
vt 0.939223 0.545163
vt 0.877611 0.545159
vt 0.881036 0.993430
vt 0.935763 0.993470
vt 0.766459 0.983934
vt 0.707125 0.986348
vt 0.767440 0.968891
vt 0.699888 0.885404
vt 0.779991 0.904885
vt 0.759300 0.882130
vt 0.554608 0.601505
vt 0.569092 0.617612
vt 0.547062 0.615777
vt 0.572558 0.648091
vt 0.555641 0.658037
vt 0.597585 0.665827
vt 0.588476 0.686010
vt 0.604632 0.686318
vt 0.643506 0.843110
vt 0.684910 0.841915
vt 0.685374 0.857973
vt 0.643969 0.859168
vt 0.686609 0.900755
vt 0.645204 0.901950
vt 0.687844 0.943537
vt 0.646439 0.944732
vt 0.688307 0.959595
vt 0.646903 0.960790
vt 0.056418 0.264188
vt 0.056418 0.150726
vt 0.114284 0.150920
vt 0.114284 0.263993
vt 0.152161 0.167480
vt 0.152161 0.247434
vt 0.708534 0.515723
vt 0.708553 0.220855
vt 0.749403 0.220871
vt 0.749356 0.515739
vt 0.807962 0.220887
vt 0.807905 0.515755
vt 0.708553 0.220855
vt 0.708534 0.515723
vt 0.669324 0.515790
vt 0.669324 0.220764
vt 0.630111 0.515940
vt 0.630098 0.221230
vt 0.630098 0.221230
vt 0.630111 0.515940
vt 0.588441 0.516018
vt 0.589252 0.221150
vt 0.530811 0.516040
vt 0.530693 0.221173
vt 0.834543 0.295391
vt 0.891559 0.295599
vt 0.886483 0.473125
vt 0.825146 0.512119
vt 0.877611 0.545159
vt 0.823824 0.994026
vt 0.881036 0.993430
vt 0.891559 0.295599
vt 0.926363 0.295612
vt 0.931460 0.473093
vt 0.886483 0.473125
vt 0.939223 0.545163
vt 0.877611 0.545159
vt 0.881036 0.993430
vt 0.935763 0.993470
vt 0.816308 0.760924
vt 0.816888 0.694206
vt 0.647116 0.693857
vt 0.645766 0.760145
vt 0.560054 0.692336
vt 0.564489 0.760944
vt 0.816888 0.694206
vt 0.816308 0.760924
vt 0.645766 0.760145
vt 0.647116 0.693857
vt 0.564489 0.760944
vt 0.560054 0.692336
vt 0.456112 0.198286
vt 0.471724 0.202368
vt 0.453345 0.281027
vt 0.411200 0.264563
vt 0.406279 0.198599
vt 0.219061 0.197915
vt 0.188157 0.198689
vt 0.186856 0.146378
vt 0.217754 0.145606
vt 0.249960 0.197143
vt 0.248652 0.144833
vt 0.456112 0.198286
vt 0.471724 0.202368
vt 0.453345 0.281027
vt 0.411200 0.264563
vt 0.406279 0.198599
vt 0.219061 0.197915
vt 0.188157 0.198689
vt 0.186856 0.146378
vt 0.217754 0.145606
vt 0.249960 0.197143
vt 0.248652 0.144833
vt 0.456112 0.198286
vt 0.471724 0.202368
vt 0.453345 0.281027
vt 0.405561 0.269497
vt 0.387955 0.202475
vt 0.219061 0.197915
vt 0.188157 0.198689
vt 0.186856 0.146378
vt 0.217754 0.145606
vt 0.249960 0.197143
vt 0.248652 0.144833
vt 0.798042 0.975280
vt 0.795745 0.989253
vt 0.766459 0.983934
vt 0.767440 0.968891
vt 0.779991 0.904885
vt 0.809383 0.911840
vt 0.798042 0.975280
vt 0.795745 0.989253
vt 0.766459 0.983934
vt 0.767440 0.968891
vt 0.779991 0.904885
vt 0.809383 0.911840
vt 0.798042 0.975280
vt 0.795745 0.989253
vt 0.766459 0.983934
vt 0.767440 0.968891
vt 0.779991 0.904885
vt 0.809383 0.911840
vt 0.992204 0.512345
vt 0.992973 0.994141
vt 0.935763 0.993470
vt 0.939223 0.545163
vt 0.931460 0.473093
vt 0.926363 0.295612
vt 0.983399 0.295536
vt 0.992204 0.512345
vt 0.992973 0.994141
vt 0.935763 0.993470
vt 0.939223 0.545163
vt 0.931460 0.473093
vt 0.926363 0.295612
vt 0.983399 0.295536
vt 0.992204 0.512345
vt 0.992973 0.994141
vt 0.935763 0.993470
vt 0.939223 0.545163
vt 0.931460 0.473093
vt 0.926363 0.295612
vt 0.983399 0.295536
vt 0.000000 0.500000
vt 0.000000 0.000000
vt 1.000000 0.000000
vt 1.000000 0.500000
vt 0.750000 1.000000
vt 0.250000 1.000000
vn 0.88566 0.459751 -0.06508200000000003
vn 0.88566 0.459751 -0.06508200000000003
vn 0.88566 0.459751 -0.06508200000000003
vn 0.886932 0.45661 -0.06971100000000002
vn 0.886932 0.45661 -0.06971100000000002
vn 0.886932 0.45661 -0.06971100000000002
vn 0.498475 0.855207 0.14193099999999995
vn 0.498475 0.855207 0.14193099999999995
vn 0.498475 0.855207 0.14193099999999995
vn 0.927272 -0.347326 0.13975300000000002
vn 0.927272 -0.347326 0.13975300000000002
vn 0.927272 -0.347326 0.13975300000000002
vn 0.862945 0.447959 0.23379399999999997
vn 0.862945 0.447959 0.23379399999999997
vn 0.862945 0.447959 0.23379399999999997
vn 0.863937 0.444772 0.23620099999999997
vn 0.863937 0.444772 0.23620099999999997
vn 0.863937 0.444772 0.23620099999999997
vn -0.892418 0.446491 -0.06508200000000003
vn -0.892418 0.446491 -0.06508200000000003
vn -0.892418 0.446491 -0.06508200000000003
vn -0.890624 0.449366 -0.06971100000000002
vn -0.890624 0.449366 -0.06971100000000002
vn -0.890624 0.449366 -0.06971100000000002
vn -0.984896 -0.09916899999999998 0.141931
vn -0.984896 -0.09916899999999998 0.141931
vn -0.984896 -0.09916899999999998 0.141931
vn -0.263818 0.954395 0.13975299999999993
vn -0.263818 0.954395 0.13975299999999993
vn -0.263818 0.954395 0.13975299999999993
vn -0.869529 0.435039 0.23379399999999997
vn -0.869529 0.435039 0.23379399999999997
vn -0.869529 0.435039 0.23379399999999997
vn -0.867534 0.437715 0.23619999999999997
vn -0.867534 0.437715 0.23619999999999997
vn -0.867534 0.437715 0.23619999999999997
vn 0 0.99788 -0.06508200000000006
vn 0 0.99788 -0.06508200000000006
vn 0 0.99788 -0.06508200000000006
vn 0.003764 0.99756 -0.06971000000000005
vn 0.003764 0.99756 -0.06971000000000005
vn 0.003764 0.99756 -0.06971000000000005
vn -0.571359 0.809134 0.13729899999999995
vn -0.571359 0.809134 0.13729899999999995
vn -0.571359 0.809134 0.13729899999999995
vn 0.771125 0.622993 0.13132599999999997
vn 0.771125 0.622993 0.13132599999999997
vn 0.771125 0.622993 0.13132599999999997
vn 0 0.972286 0.23379299999999995
vn 0 0.972286 0.23379299999999995
vn 0 0.972286 0.23379299999999995
vn 0.003667 0.971698 0.23619999999999994
vn 0.003667 0.971698 0.23619999999999994
vn 0.003667 0.971698 0.23619999999999994
vn 0.930396 -0.366556 2.244508160541286E-17
vn 0.930396 -0.366556 2.244508160541286E-17
vn 0.998354 0.057353 -3.511858393574908E-18
vn 0.998354 0.057353 -3.511858393574908E-18
vn 0.814195 0.580591 -3.5550945488188046E-17
vn 0.171556 0.985174 -6.032450928515973E-17
vn 0.171556 0.985174 -6.032450928515973E-17
vn -0.257352 0.966318 -5.916991228292361E-17
vn -0.257352 0.966318 -5.916991228292361E-17
vn -0.732747 0.680501 -4.1668668573328653E-17
vn 0.938964 0.344016 -2.106490466277379E-17
vn 0.938964 0.344016 -2.106490466277379E-17
vn 0.70818 0.706032 -4.3231991444780205E-17
vn 0.70818 0.706032 -4.3231991444780205E-17
vn 0.222958 0.974828 -5.969099949596081E-17
vn 0.11241 0.054051000000000064 0.992191
vn 0.10791 0.04741400000000006 0.993029
vn 0.11241 0.054051000000000064 0.992191
vn 0.116902 0.060684000000000064 0.991288
vn 0 6.123233995736766E-17 1
vn 0 6.123233995736766E-17 1
vn 0 6.123233995736766E-17 1
vn 0 6.123233995736766E-17 1
vn 0.887542 0.460727 -2.000000000028211E-06
vn 0.887542 0.460727 -1.0000000000282114E-06
vn 0.887542 0.460727 -2.000000000028211E-06
vn 0.887542 0.460727 -3.0000000000282114E-06
vn -0.46999 0.882672 -5.4048071974849626E-17
vn -0.46999 0.882672 -5.4048071974849626E-17
vn -0.46999 0.882672 -5.4048071974849626E-17
vn -0.46999 0.882672 -5.4048071974849626E-17
vn 0.460727 -0.887542 7.000000000054346E-06
vn 0.460727 -0.887542 8.000000000054345E-06
vn 0.460727 -0.887542 7.000000000054346E-06
vn 0.460727 -0.887542 5.000000000054347E-06
vn 0.862471 0.447713 -0.23600100000000002
vn 0.862471 0.447713 -0.23600100000000002
vn 0.862471 0.447713 -0.23600100000000002
vn 0.862471 0.447713 -0.23600200000000002
vn 0 6.123233995736766E-17 1
vn 0 6.123233995736766E-17 1
vn 0 6.123233995736766E-17 1
vn 0 6.123233995736766E-17 1
vn 0.109817 -0.21155299999999994 0.971177
vn 0.109818 -0.21155299999999994 0.971177
vn 0.109817 -0.21155299999999994 0.971177
vn 0.109817 -0.21155299999999994 0.971177
vn -0.109817 0.21155400000000005 0.971177
vn -0.109817 0.21155400000000005 0.971177
vn -0.109817 0.21155400000000005 0.971177
vn -0.109817 0.21155400000000005 0.971177
vn -0.460716 0.887547 -2.0000000000543464E-06
vn -0.460716 0.887547 -2.0000000000543464E-06
vn -0.460716 0.887547 -2.0000000000543464E-06
vn -0.460717 0.887547 -2.0000000000543464E-06
vn 0.460734 -0.887538 3.000000000054346E-06
vn 0.460729 -0.887541 4.000000000054346E-06
vn 0.460734 -0.887538 3.000000000054346E-06
vn 0.460739 -0.887536 1.0000000000543458E-06
vn 0.978708 0.205258 -1.256842763496937E-17
vn 0.978708 0.205258 -1.256842763496937E-17
vn 0.978708 0.205258 -1.256842763496937E-17
vn 0.978708 0.205258 -1.256842763496937E-17
vn 0.495323 -0.868708 0.0008210000000000532
vn 0.499151 -0.866515 5.3058741058158443E-17
vn 0.495323 -0.868708 0.0008210000000000532
vn 0.491485 -0.870885 0.0016420000000000534
vn -0.450559 0.89273 0.005371999999999945
vn -0.44032 0.897777 0.010743999999999945
vn -0.450559 0.89273 0.005371999999999945
vn -0.460726 0.887542 -5.434627347044201E-17
vn 0.887541 0.460728 -3.0000000000282114E-06
vn 0.887541 0.460728 -2.000000000028211E-06
vn 0.887541 0.460728 -3.0000000000282114E-06
vn 0.887541 0.460728 -4.000000000028211E-06
vn 0.887542 0.460727 -2.000000000028211E-06
vn 0.887542 0.460727 -1.0000000000282114E-06
vn 0.887542 0.460727 -2.000000000028211E-06
vn 0.887542 0.460726 -3.0000000000282114E-06
vn 0 6.123233995736766E-17 1
vn 0 6.123233995736766E-17 1
vn 0 6.123233995736766E-17 1
vn 0 6.123233995736766E-17 1
vn 0.887542 0.460727 -2.000000000028211E-06
vn 0.887542 0.460727 -1.0000000000282114E-06
vn 0.887542 0.460727 -2.000000000028211E-06
vn 0.887542 0.460727 -3.0000000000282114E-06
vn 0.478181 -0.878261 5.3777976123297675E-17
vn 0.478181 -0.878262 5.377803735563763E-17
vn 0.478181 -0.878261 5.3777976123297675E-17
vn 0.478181 -0.878262 5.377803735563763E-17
vn -0.882287 -0.470712 2.8822797206012446E-17
vn -0.882287 -0.470712 2.8822797206012446E-17
vn -0.882287 -0.470712 2.8822797206012446E-17
vn -0.882287 -0.470712 2.8822797206012446E-17
vn -0.478179 0.878263 -5.3778098587977596E-17
vn -0.478178 0.878263 -5.3778098587977596E-17
vn -0.478179 0.878263 -5.3778098587977596E-17
vn -0.478179 0.878262 -5.377803735563763E-17
vn 0.882286 0.470715 -2.882298090303232E-17
vn 0.882286 0.470713 -2.8822858438352403E-17
vn 0.882286 0.470715 -2.882298090303232E-17
vn 0.882285 0.470716 -2.8823042135372275E-17
vn 0 6.123233995736766E-17 1
vn 0 6.123233995736766E-17 1
vn 0 6.123233995736766E-17 1
vn 0 6.123233995736766E-17 1
vn 0.478181 -0.878261 5.3777976123297675E-17
vn 0.47818 -0.878262 5.377803735563763E-17
vn 0.478181 -0.878261 5.3777976123297675E-17
vn 0.478183 -0.87826 5.3777914890957724E-17
vn -0.88214 -0.470988 2.883969733184068E-17
vn -0.88214 -0.470988 2.883969733184068E-17
vn -0.88214 -0.470988 2.883969733184068E-17
vn -0.88214 -0.470988 2.883969733184068E-17
vn -0.478184 0.87826 -5.3777914890957724E-17
vn -0.478184 0.87826 -5.3777914890957724E-17
vn -0.478184 0.87826 -5.3777914890957724E-17
vn -0.478184 0.87826 -5.3777914890957724E-17
vn 0.882138 0.470991 -2.883988102886055E-17
vn 0.882138 0.47099 -2.8839819796520595E-17
vn 0.882138 0.470991 -2.883988102886055E-17
vn 0.882137 0.470992 -2.883994226120051E-17
vn 0 6.123233995736766E-17 1
vn 0 6.123233995736766E-17 1
vn 0 6.123233995736766E-17 1
vn 0 6.123233995736766E-17 1
vn 0.887432 0.460671 -0.015724000000000026
vn 0.887432 0.460671 -0.015725000000000027
vn 0.887432 0.460671 -0.015724000000000026
vn 0.887432 0.46067 -0.01572300000000003
vn -0.873515 -0.453446 0.17708300000000002
vn -0.873515 -0.453446 0.17708200000000002
vn -0.873515 -0.453446 0.17708300000000002
vn -0.873515 -0.453445 0.17708500000000002
vn 0 6.123233995736766E-17 1
vn 0 6.123233995736766E-17 1
vn 0 6.123233995736766E-17 1
vn 0 6.123233995736766E-17 1
vn 0.15966 -0.48065899999999995 0.862251
vn 0.15966 -0.48065899999999995 0.86225
vn 0.15966 -0.48065899999999995 0.862251
vn 0.15966 -0.4806579999999999 0.862251
vn -0.315232 0.949014 -5.811034787230131E-17
vn -0.315232 0.949014 -5.811034787230131E-17
vn -0.315232 0.949014 -5.811034787230131E-17
vn -0.315232 0.949014 -5.811034787230131E-17
vn 0.968203 0.250164 -1.5318127093094923E-17
vn 0.968203 0.250164 -1.5318127093094923E-17
vn 0.968203 0.250164 -1.5318127093094923E-17
vn 0.968203 0.250164 -1.5318127093094923E-17
vn 0.315233 -0.949014 5.811034787230131E-17
vn 0.315233 -0.949014 5.811034787230131E-17
vn 0.315233 -0.949014 5.811034787230131E-17
vn 0.315233 -0.949014 5.811034787230131E-17
vn -0.949014 -0.315235 1.9302576686460794E-17
vn -0.949014 -0.315235 1.9302576686460794E-17
vn -0.949014 -0.315235 1.9302576686460794E-17
vn -0.949014 -0.315235 1.9302576686460794E-17
vn -0.949015 -0.315233 1.930245422178088E-17
vn -0.949014 -0.315233 1.930245422178088E-17
vn -0.949015 -0.315233 1.930245422178088E-17
vn -0.949014 -0.315232 -9.999999999806976E-07
vn -0.15966 0.48065900000000006 0.862251
vn -0.15966 0.48065800000000003 0.862251
vn -0.15966 0.48065900000000006 0.862251
vn -0.15966 0.48065900000000006 0.86225
vn 0.315234 -0.949014 5.811034787230131E-17
vn 0.315234 -0.949014 5.811034787230131E-17
vn 0.315234 -0.949014 5.811034787230131E-17
vn 0.315234 -0.949014 5.811034787230131E-17
vn 0.925458 0.378851 -2.3197933225188696E-17
vn 0.925458 0.378851 -2.3197933225188696E-17
vn 0.925458 0.378851 -2.3197933225188696E-17
vn 0.925458 0.378851 -2.3197933225188696E-17
vn -0.315233 0.949014 -5.811034787230131E-17
vn -0.315233 0.949014 -5.811034787230131E-17
vn -0.315233 0.949014 -5.811034787230131E-17
vn -0.315233 0.949014 -5.811034787230131E-17
vn -0.949014 -0.315234 1.9302515454120837E-17
vn -0.949014 -0.315234 1.9302515454120837E-17
vn -0.949014 -0.315234 1.9302515454120837E-17
vn -0.949014 -0.315234 1.9302515454120837E-17
vn -0.949015 -0.31523 1.930227052476101E-17
vn -0.949015 -0.315231 -9.999999999806976E-07
vn -0.949015 -0.31523 1.930227052476101E-17
vn -0.949015 -0.315229 1.930220929242105E-17
vn -0.949015 -0.31523 1.0000000000193021E-06
vn -0.949016 -0.315228 2.000000000019302E-06
vn -0.949015 -0.31523 1.0000000000193021E-06
vn -0.949015 -0.315232 1.9302392989440923E-17
vn -0.495711 -0.868487 5.317949123255437E-17
vn -0.495711 -0.868487 5.317949123255437E-17
vn -0.495711 -0.868487 5.317949123255437E-17
vn -0.495711 -0.868487 5.317949123255437E-17
vn -0.930397 0.366554 -2.2444959140732946E-17
vn -0.930397 0.366554 -2.2444959140732946E-17
vn -0.930397 0.366554 -2.2444959140732946E-17
vn -0.930396 0.366555 -2.2445020373072903E-17
vn 0.814195 0.580591 -3.5550945488188046E-17
vn 0.998354 0.057353 -3.511858393574908E-18
vn 0.49571 0.868488 -5.3179552464894324E-17
vn 0.49571 0.868488 -1.0000000000531794E-06
vn 0 6.123233995736766E-17 1
vn 0 6.123233995736766E-17 1
vn 0 6.123233995736766E-17 1
vn 0 6.123233995736766E-17 1
vn -0.495711 -0.868487 5.317949123255437E-17
vn -0.495711 -0.868488 5.3179552464894324E-17
vn -0.495711 -0.868487 5.317949123255437E-17
vn -0.495712 -0.868487 -9.999999999468205E-07
vn -0.930395 0.366558 -2.2445204070092774E-17
vn -0.930395 0.366558 -2.2445204070092774E-17
vn -0.930395 0.366558 -2.2445204070092774E-17
vn -0.930395 0.366558 -2.2445204070092774E-17
vn 0.930394 -0.36656 2.244532653477269E-17
vn 0.930394 -0.36656 2.244532653477269E-17
vn 0.930394 -0.36656 2.244532653477269E-17
vn 0.930394 -0.36656 2.244532653477269E-17
vn 0.495711 0.868488 -5.3179552464894324E-17
vn 0.49571 0.868488 9.999999999468205E-07
vn 0.495711 0.868488 -5.3179552464894324E-17
vn 0.495712 0.868487 -5.317949123255437E-17
vn 0 6.123233995736766E-17 1
vn 0 6.123233995736766E-17 1
vn 0 6.123233995736766E-17 1
vn 0 6.123233995736766E-17 1
vn -0.495711 -0.868488 5.3179552464894324E-17
vn -0.495712 -0.868487 5.317949123255437E-17
vn -0.495711 -0.868488 5.3179552464894324E-17
vn -0.49571 -0.868488 5.3179552464894324E-17
vn -0.930395 0.366558 -2.2445204070092774E-17
vn -0.930395 0.366558 -2.2445204070092774E-17
vn -0.930395 0.366558 -2.2445204070092774E-17
vn -0.930395 0.366558 -2.2445204070092774E-17
vn 0.930394 -0.36656 -9.999999999775546E-07
vn 0.930395 -0.366557 2.2445142837752817E-17
vn 0.930394 -0.36656 -9.999999999775546E-07
vn 0.930393 -0.366562 -9.999999999775544E-07
vn 0.495709 0.868489 -5.317961369723428E-17
vn 0.49571 0.868488 -1.0000000000531794E-06
vn 0.495709 0.868489 -5.317961369723428E-17
vn 0.495708 0.868489 -5.317961369723428E-17
vn 0 6.123233995736766E-17 1
vn 0 6.123233995736766E-17 1
vn 0 6.123233995736766E-17 1
vn 0 6.123233995736766E-17 1
vn 0 6.123233995736766E-17 1
vn 0 6.123233995736766E-17 1
vn 0 6.123233995736766E-17 1
vn 0 6.123233995736766E-17 1
vn -0.109787 0.05919700000000006 0.992191
vn -0.101773 0.059456000000000064 0.993029
vn -0.109787 0.05919700000000006 0.992191
vn -0.117794 0.05893400000000006 0.991288
vn 0 6.123233995736766E-17 1
vn 0 6.123233995736766E-17 1
vn 0 6.123233995736766E-17 1
vn 0 6.123233995736766E-17 1
vn -0.894314 0.44744 -2.7397798190524587E-17
vn -0.894314 0.44744 9.999999999726023E-07
vn -0.894314 0.44744 -2.7397798190524587E-17
vn -0.894314 0.44744 -1.0000000000273977E-06
vn -0.438056 -0.898948 1.0000000000550446E-06
vn -0.438056 -0.898948 2.0000000000550448E-06
vn -0.438056 -0.898948 1.0000000000550446E-06
vn -0.438056 -0.898948 5.504468953999574E-17
vn 0.44744 0.894314 5.9999999999452395E-06
vn 0.44744 0.894314 8.99999999994524E-06
vn 0.44744 0.894314 5.9999999999452395E-06
vn 0.44744 0.894314 2.999999999945239E-06
vn -0.869052 0.434801 -0.23600300000000002
vn -0.869052 0.434801 -0.23600200000000002
vn -0.869052 0.434801 -0.23600300000000002
vn -0.869052 0.4348 -0.23600300000000002
vn 0 6.123233995736766E-17 1
vn 0 6.123233995736766E-17 1
vn 0 6.123233995736766E-17 1
vn 0 6.123233995736766E-17 1
vn 0.106651 0.21316700000000005 0.971177
vn 0.106651 0.21316700000000005 0.971177
vn 0.106651 0.21316700000000005 0.971177
vn 0.10665 0.21316700000000005 0.971177
vn -0.106652 -0.21316699999999994 0.971177
vn -0.106652 -0.21316699999999994 0.971177
vn -0.106652 -0.21316699999999994 0.971177
vn -0.106651 -0.21316699999999994 0.971177
vn -0.447446 -0.894311 -2.9999999999452394E-06
vn -0.447444 -0.894312 -3.999999999945239E-06
vn -0.447446 -0.894311 -2.9999999999452394E-06
vn -0.447449 -0.89431 -1.9999999999452392E-06
vn 0.447436 0.894316 3.999999999945239E-06
vn 0.447439 0.894314 4.99999999994524E-06
vn 0.447436 0.894316 3.999999999945239E-06
vn 0.447433 0.894318 2.999999999945239E-06
vn -0.741168 0.671319 -1.0000000000411065E-06
vn -0.741168 0.671319 -1.0000000000411065E-06
vn -0.741168 0.671319 -1.0000000000411065E-06
vn -0.741169 0.671319 -4.11064332278401E-17
vn 0.411872 0.911241 0.0008209999999999442
vn 0.407848 0.91305 -5.590818799807455E-17
vn 0.411872 0.911241 0.0008209999999999442
vn 0.415888 0.909414 0.0016419999999999443
vn -0.457612 -0.889136 0.005372000000000055
vn -0.467712 -0.883816 0.010744000000000054
vn -0.457612 -0.889136 0.005372000000000055
vn -0.44744 -0.894314 5.4760938876633307E-17
vn -0.894314 0.447439 -2.0000000000273976E-06
vn -0.894314 0.447439 -1.0000000000273977E-06
vn -0.894314 0.447439 -2.0000000000273976E-06
vn -0.894315 0.447439 -2.0000000000273976E-06
vn -0.894314 0.44744 -2.7397798190524587E-17
vn -0.894314 0.447439 9.999999999726023E-07
vn -0.894314 0.44744 -2.7397798190524587E-17
vn -0.894314 0.44744 -1.0000000000273977E-06
vn 0 6.123233995736766E-17 1
vn 0 6.123233995736766E-17 1
vn 0 6.123233995736766E-17 1
vn 0 6.123233995736766E-17 1
vn -0.894314 0.44744 -2.7397798190524587E-17
vn -0.894314 0.44744 9.999999999726023E-07
vn -0.894314 0.44744 -2.7397798190524587E-17
vn -0.894314 0.44744 -1.0000000000273977E-06
vn 0.429675 0.902984 -5.529182326406368E-17
vn 0.429675 0.902984 -5.529182326406368E-17
vn 0.429675 0.902984 -5.529182326406368E-17
vn 0.429674 0.902984 -5.529182326406368E-17
vn 0.899305 -0.437322 2.677824937483594E-17
vn 0.899305 -0.437322 2.677824937483594E-17
vn 0.899305 -0.437322 2.677824937483594E-17
vn 0.899305 -0.437322 2.677824937483594E-17
vn -0.429675 -0.902984 5.529182326406368E-17
vn -0.429675 -0.902984 5.529182326406368E-17
vn -0.429675 -0.902984 5.529182326406368E-17
vn -0.429674 -0.902984 5.529182326406368E-17
vn -0.899306 0.437319 -2.677806567781607E-17
vn -0.899306 0.43732 -2.6778126910156023E-17
vn -0.899306 0.437319 -2.677806567781607E-17
vn -0.899307 0.437318 -2.677800444547611E-17
vn 0 6.123233995736766E-17 1
vn 0 6.123233995736766E-17 1
vn 0 6.123233995736766E-17 1
vn 0 6.123233995736766E-17 1
vn 0.429675 0.902984 -5.529182326406368E-17
vn 0.429676 0.902983 -5.529176203172372E-17
vn 0.429675 0.902984 -5.529182326406368E-17
vn 0.429674 0.902984 -5.529182326406368E-17
vn 0.899443 -0.437039 2.6760920622628006E-17
vn 0.899442 -0.437039 2.6760920622628006E-17
vn 0.899443 -0.437039 2.6760920622628006E-17
vn 0.899443 -0.437039 2.6760920622628006E-17
vn -0.429672 -0.902985 5.529188449640364E-17
vn -0.429672 -0.902985 5.529188449640364E-17
vn -0.429672 -0.902985 5.529188449640364E-17
vn -0.429672 -0.902985 5.529188449640364E-17
vn -0.899444 0.437036 -2.6760736925608132E-17
vn -0.899443 0.437038 -2.6760859390288046E-17
vn -0.899444 0.437036 -2.6760736925608132E-17
vn -0.899444 0.437035 -2.6760675693268175E-17
vn 0 6.123233995736766E-17 1
vn 0 6.123233995736766E-17 1
vn 0 6.123233995736766E-17 1
vn 0 6.123233995736766E-17 1
vn -0.894204 0.447384 -0.015728000000000027
vn -0.894204 0.447384 -0.015728000000000027
vn -0.894204 0.447384 -0.015728000000000027
vn -0.894204 0.447384 -0.015728000000000027
vn 0.88018 -0.440368 0.17708200000000002
vn 0.880181 -0.440368 0.17708100000000002
vn 0.88018 -0.440368 0.17708200000000002
vn 0.88018 -0.440368 0.17708300000000002
vn 0 6.123233995736766E-17 1
vn 0 6.123233995736766E-17 1
vn 0 6.123233995736766E-17 1
vn 0 6.123233995736766E-17 1
vn 0.438625 0.25324100000000005 0.862251
vn 0.438625 0.25324100000000005 0.862251
vn 0.438625 0.25324100000000005 0.862251
vn 0.438625 0.25324100000000005 0.862251
vn -0.866025 -0.5 3.061616997868383E-17
vn -0.866025 -0.5 3.061616997868383E-17
vn -0.866025 -0.5 3.061616997868383E-17
vn -0.866025 -0.5 3.061616997868383E-17
vn -0.440131 0.897934 -5.4982599947278973E-17
vn -0.440131 0.897934 -5.4982599947278973E-17
vn -0.440131 0.897934 -5.4982599947278973E-17
vn -0.440131 0.897934 -5.4982599947278973E-17
vn 0.866025 0.5 -3.061616997868383E-17
vn 0.866025 0.5 -3.061616997868383E-17
vn 0.866025 0.5 -3.061616997868383E-17
vn 0.866025 0.5 -3.061616997868383E-17
vn 0.5 -0.866026 5.3028798443919284E-17
vn 0.5 -0.866026 5.3028798443919284E-17
vn 0.5 -0.866026 5.3028798443919284E-17
vn 0.5 -0.866026 5.3028798443919284E-17
vn 0.5 -0.866026 5.3028798443919284E-17
vn 0.5 -0.866026 5.3028798443919284E-17
vn 0.5 -0.866026 5.3028798443919284E-17
vn 0.5 -0.866026 -9.999999999469712E-07
vn -0.438626 -0.25324099999999994 0.862251
vn -0.438626 -0.25323999999999997 0.862251
vn -0.438626 -0.25324099999999994 0.862251
vn -0.438626 -0.25324099999999994 0.862251
vn 0.866026 0.5 -3.061616997868383E-17
vn 0.866026 0.5 -3.061616997868383E-17
vn 0.866026 0.5 -3.061616997868383E-17
vn 0.866026 0.5 -3.061616997868383E-17
vn -0.557567 0.830132 -5.083092483348953E-17
vn -0.557567 0.830132 -5.083092483348953E-17
vn -0.557567 0.830132 -5.083092483348953E-17
vn -0.557567 0.830132 -5.083092483348953E-17
vn -0.866026 -0.5 3.061616997868383E-17
vn -0.866026 -0.5 3.061616997868383E-17
vn -0.866026 -0.5 3.061616997868383E-17
vn -0.866026 -0.5 3.061616997868383E-17
vn 0.499999 -0.866026 5.3028798443919284E-17
vn 0.499999 -0.866026 5.3028798443919284E-17
vn 0.499999 -0.866026 5.3028798443919284E-17
vn 0.499999 -0.866026 5.3028798443919284E-17
vn 0.499999 -0.866026 5.3028798443919284E-17
vn 0.499999 -0.866026 5.3028798443919284E-17
vn 0.499999 -0.866026 5.3028798443919284E-17
vn 0.499999 -0.866026 5.3028798443919284E-17
vn 0.499998 -0.866026 5.3028798443919284E-17
vn 0.499998 -0.866027 5.302885967625924E-17
vn 0.499998 -0.866026 5.3028798443919284E-17
vn 0.499999 -0.866026 5.3028798443919284E-17
vn 0.950562 -0.310536 1.901484592100112E-17
vn 0.950562 -0.310536 1.901484592100112E-17
vn 0.950562 -0.310536 1.901484592100112E-17
vn 0.950562 -0.310536 1.901484592100112E-17
vn -0.171555 -0.985175 6.032457051749968E-17
vn -0.171554 -0.985175 6.032457051749968E-17
vn -0.171555 -0.985175 6.032457051749968E-17
vn -0.171555 -0.985175 6.032457051749968E-17
vn -0.732747 0.680501 -4.1668668573328653E-17
vn -0.257352 0.966318 -5.916991228292361E-17
vn -0.950562 0.310536 -1.901484592100112E-17
vn -0.950562 0.310536 -1.901484592100112E-17
vn 0 6.123233995736766E-17 1
vn 0 6.123233995736766E-17 1
vn 0 6.123233995736766E-17 1
vn 0 6.123233995736766E-17 1
vn 0.950562 -0.310535 1.9014784688661167E-17
vn 0.950562 -0.310534 1.9014723456321207E-17
vn 0.950562 -0.310535 1.9014784688661167E-17
vn 0.950562 -0.310535 1.9014784688661167E-17
vn -0.171557 -0.985174 6.032450928515973E-17
vn -0.171557 -0.985174 6.032450928515973E-17
vn -0.171557 -0.985174 6.032450928515973E-17
vn -0.171557 -0.985174 6.032450928515973E-17
vn 0.171553 0.985175 -6.032457051749968E-17
vn 0.171554 0.985175 -6.032457051749968E-17
vn 0.171553 0.985175 -6.032457051749968E-17
vn 0.171553 0.985175 -6.032457051749968E-17
vn -0.950561 0.310538 -1.901496838568104E-17
vn -0.950561 0.310539 -1.9015029618020996E-17
vn -0.950561 0.310538 -1.901496838568104E-17
vn -0.950561 0.310538 -1.901496838568104E-17
vn 0 6.123233995736766E-17 1
vn 0 6.123233995736766E-17 1
vn 0 6.123233995736766E-17 1
vn 0 6.123233995736766E-17 1
vn 0.950562 -0.310535 1.9014784688661167E-17
vn 0.950562 -0.310535 1.9014784688661167E-17
vn 0.950562 -0.310535 1.9014784688661167E-17
vn 0.950562 -0.310535 1.9014784688661167E-17
vn -0.171556 -0.985174 6.032450928515973E-17
vn -0.171556 -0.985174 6.032450928515973E-17
vn -0.171556 -0.985174 6.032450928515973E-17
vn -0.171556 -0.985174 6.032450928515973E-17
vn 0.171556 0.985174 -6.032450928515973E-17
vn 0.171555 0.985174 -6.032450928515973E-17
vn 0.171556 0.985174 -6.032450928515973E-17
vn 0.171557 0.985174 -6.032450928515973E-17
vn -0.950562 0.310536 -1.901484592100112E-17
vn -0.950562 0.310536 -1.901484592100112E-17
vn -0.950562 0.310536 -1.901484592100112E-17
vn -0.950562 0.310536 -1.901484592100112E-17
vn 0 6.123233995736766E-17 1
vn 0 6.123233995736766E-17 1
vn 0 6.123233995736766E-17 1
vn 0 6.123233995736766E-17 1
vn 0 6.123233995736766E-17 1
vn 0 6.123233995736766E-17 1
vn 0 6.123233995736766E-17 1
vn 0 6.123233995736766E-17 1
vn 0.438626 -0.25324099999999994 0.862251
vn 0.438626 -0.25324099999999994 0.862251
vn 0.438626 -0.25324099999999994 0.862251
vn 0.438626 -0.25323999999999997 0.862251
vn -0.866025 0.5 -3.061616997868383E-17
vn -0.866025 0.5 -3.061616997868383E-17
vn -0.866025 0.5 -3.061616997868383E-17
vn -0.866025 0.5 -3.061616997868383E-17
vn 0.557567 0.830132 -5.083092483348953E-17
vn 0.557567 0.830132 -5.083092483348953E-17
vn 0.557567 0.830132 -5.083092483348953E-17
vn 0.557567 0.830132 -5.083092483348953E-17
vn 0.866026 -0.499999 3.061610874634387E-17
vn 0.866026 -0.499999 3.061610874634387E-17
vn 0.866026 -0.499999 3.061610874634387E-17
vn 0.866026 -0.499999 3.061610874634387E-17
vn -0.500001 -0.866025 5.3028737211579333E-17
vn -0.500001 -0.866025 5.3028737211579333E-17
vn -0.500001 -0.866025 5.3028737211579333E-17
vn -0.500001 -0.866025 5.3028737211579333E-17
vn 0.00426 0.12467100000000006 0.992189
vn 0.008519 0.11761900000000006 0.993022
vn 0.00426 0.12467100000000006 0.992189
vn 0 0.13171400000000005 0.991288
vn 0 6.123233995736766E-17 1
vn 0 6.123233995736766E-17 1
vn 0 6.123233995736766E-17 1
vn 0 6.123233995736766E-17 1
vn 0 1 -6.123233995736766E-17
vn 0 1 -6.123233995736766E-17
vn 0 1 -6.123233995736766E-17
vn 0 1 -6.123233995736766E-17
vn -0.999956 -0.00938 5.743593488001087E-19
vn -0.999956 -0.00938 5.743593488001087E-19
vn -0.999956 -0.00938 5.743593488001087E-19
vn -0.999956 -0.00938 5.743593488001087E-19
vn 1 1.2246467991473532E-22 2E-06
vn 1 1.2246467991473532E-22 2E-06
vn 1 1.2246467991473532E-22 2E-06
vn 1 6.123233995736766E-23 1E-06
vn -0.5 -0.866025 5.3028737211579333E-17
vn -0.5 -0.866025 5.3028737211579333E-17
vn -0.5 -0.866025 5.3028737211579333E-17
vn -0.5 -0.866025 -9.999999999469712E-07
vn -0.438626 0.25324100000000005 0.862251
vn -0.438626 0.25324100000000005 0.862251
vn -0.438626 0.25324100000000005 0.862251
vn -0.438626 0.25324100000000005 0.862251
vn 0.866025 -0.5 3.061616997868383E-17
vn 0.866025 -0.5 3.061616997868383E-17
vn 0.866025 -0.5 3.061616997868383E-17
vn 0.866025 -0.5 3.061616997868383E-17
vn 0.440132 0.897933 -5.4982538714939016E-17
vn 0.440132 0.897933 -5.4982538714939016E-17
vn 0.440132 0.897933 -5.4982538714939016E-17
vn 0.440132 0.897933 -5.4982538714939016E-17
vn -0.866025 0.500001 -3.061623121102379E-17
vn -0.866025 0.500001 -3.061623121102379E-17
vn -0.866025 0.500001 -3.061623121102379E-17
vn -0.866025 0.500001 -3.061623121102379E-17
vn -0.500001 -0.866025 5.3028737211579333E-17
vn -0.500001 -0.866025 5.3028737211579333E-17
vn -0.500001 -0.866025 5.3028737211579333E-17
vn -0.500001 -0.866025 5.3028737211579333E-17
vn -0.500001 -0.866025 5.3028737211579333E-17
vn -0.500001 -0.866025 5.3028737211579333E-17
vn -0.500001 -0.866025 5.3028737211579333E-17
vn -0.500001 -0.866025 5.3028737211579333E-17
vn -0.5 -0.866025 5.3028737211579333E-17
vn -0.500001 -0.866025 5.3028737211579333E-17
vn -0.5 -0.866025 5.3028737211579333E-17
vn -0.5 -0.866026 5.3028798443919284E-17
vn 0 0.971753 -0.23600200000000005
vn 0 0.971752 -0.23600300000000005
vn 0 0.971753 -0.23600200000000005
vn 0 0.971753 -0.23600200000000005
vn 0 6.123233995736766E-17 1
vn 0 6.123233995736766E-17 1
vn 0 6.123233995736766E-17 1
vn 0 6.123233995736766E-17 1
vn 0.264114 5.905804079782149E-17 0.964491
vn 0.264114 5.905804079782149E-17 0.964491
vn 0.264114 5.905804079782149E-17 0.964491
vn 0.264114 5.905804079782149E-17 0.964491
vn -0.264114 5.905804079782149E-17 0.964491
vn -0.264114 5.905804079782149E-17 0.964491
vn -0.264114 5.905804079782149E-17 0.964491
vn -0.264114 5.905804079782149E-17 0.964491
vn -1 9.999999999999997E-07 -2E-06
vn -1 2E-06 -1.0000000000000002E-06
vn -1 9.999999999999997E-07 -2E-06
vn -1 -1.2246467991473532E-22 -2E-06
vn 1 1.2246467991473532E-22 2E-06
vn 1 1.2246467991473532E-22 2E-06
vn 1 1.2246467991473532E-22 2E-06
vn 1 1.2246467991473532E-22 2E-06
vn 0.297228 0.954807 -5.846506681767435E-17
vn 0.297228 0.954807 -5.846506681767435E-17
vn 0.297228 0.954807 -5.846506681767435E-17
vn 0.297228 0.954807 -5.846506681767435E-17
vn 0.999376 0.035303 0.0007359999999999978
vn 0.999229 0.039256 -2.403736737366425E-18
vn 0.999376 0.035303 0.0007359999999999978
vn 0.999507 0.031349 0.001471999999999998
vn -0.999936 0.010231 0.004814999999999999
vn -0.999744 0.02046 0.009629999999999998
vn -0.999936 0.010231 0.004814999999999999
vn -1 0 -0
vn 0 1 -6.123233995736766E-17
vn 0 1 -6.123233995736766E-17
vn 0 1 -6.123233995736766E-17
vn 0 1 -6.123233995736766E-17
vn 0 1 -6.123233995736766E-17
vn 0 1 -6.123233995736766E-17
vn 0 1 -6.123233995736766E-17
vn 0 1 -6.123233995736766E-17
vn 0 6.123233995736766E-17 1
vn 0 6.123233995736766E-17 1
vn 0 6.123233995736766E-17 1
vn 0 6.123233995736766E-17 1
vn 0 1 -6.123233995736766E-17
vn 0 1 -6.123233995736766E-17
vn 0 1 -6.123233995736766E-17
vn 0 1 -6.123233995736766E-17
vn 0.999843 0.017717 -1.0848533670246828E-18
vn 0.999843 0.017717 -1.0848533670246828E-18
vn 0.999843 0.017717 -1.0848533670246828E-18
vn 0.999843 0.017717 -1.0848533670246828E-18
vn 0.012586 -0.999921 6.122750260251102E-17
vn 0.012586 -0.999921 6.122750260251102E-17
vn 0.012586 -0.999921 6.122750260251102E-17
vn 0.012586 -0.999921 6.122750260251102E-17
vn -0.999843 -0.017716 1.0847921346847253E-18
vn -0.999843 -0.017716 1.0847921346847253E-18
vn -0.999843 -0.017716 1.0847921346847253E-18
vn -0.999843 -0.017716 1.0847921346847253E-18
vn -0.012587 0.999921 -6.122750260251102E-17
vn -0.012586 0.999921 -6.122750260251102E-17
vn -0.012587 0.999921 -6.122750260251102E-17
vn -0.012588 0.999921 -6.122750260251102E-17
vn 0 6.123233995736766E-17 1
vn 0 6.123233995736766E-17 1
vn 0 6.123233995736766E-17 1
vn 0 6.123233995736766E-17 1
vn 0.999843 0.017716 -1.0847921346847253E-18
vn 0.999843 0.017716 -1.0847921346847253E-18
vn 0.999843 0.017716 -1.0847921346847253E-18
vn 0.999843 0.017716 -1.0847921346847253E-18
vn 0.012938 -0.999916 6.122719644081124E-17
vn 0.012937 -0.999916 6.122719644081124E-17
vn 0.012938 -0.999916 6.122719644081124E-17
vn 0.012938 -0.999916 6.122719644081124E-17
vn -0.999843 -0.017716 1.0847921346847253E-18
vn -0.999843 -0.017716 1.0847921346847253E-18
vn -0.999843 -0.017716 1.0847921346847253E-18
vn -0.999843 -0.017716 1.0847921346847253E-18
vn -0.012938 0.999916 -6.122719644081124E-17
vn -0.012937 0.999916 -6.122719644081124E-17
vn -0.012938 0.999916 -6.122719644081124E-17
vn -0.012938 0.999916 -6.122719644081124E-17
vn 0 6.123233995736766E-17 1
vn 0 6.123233995736766E-17 1
vn 0 6.123233995736766E-17 1
vn 0 6.123233995736766E-17 1
vn 0.206349 -0.978478 5.991449753680519E-17
vn 0.206349 -0.978478 5.991449753680519E-17
vn 0.206349 -0.978478 5.991449753680519E-17
vn 0.206349 -0.978478 5.991449753680519E-17
vn -0.938964 -0.344016 2.106490466277379E-17
vn -0.938964 -0.344016 2.106490466277379E-17
vn -0.938964 -0.344016 2.106490466277379E-17
vn -0.938964 -0.344016 2.106490466277379E-17
vn 0.222958 0.974828 -5.969099949596081E-17
vn 0.70818 0.706032 -4.3231991444780205E-17
vn -0.206348 0.978479 -5.991455876914515E-17
vn -0.206348 0.978479 -5.991455876914515E-17
vn 0 6.123233995736766E-17 1
vn 0 6.123233995736766E-17 1
vn 0 6.123233995736766E-17 1
vn 0 6.123233995736766E-17 1
vn 0.206349 -0.978479 5.991455876914515E-17
vn 0.206349 -0.978479 5.991455876914515E-17
vn 0.206349 -0.978479 5.991455876914515E-17
vn 0.206349 -0.978479 5.991455876914515E-17
vn -0.938964 -0.344015 2.1064843430433837E-17
vn -0.938964 -0.344015 2.1064843430433837E-17
vn -0.938964 -0.344015 2.1064843430433837E-17
vn -0.938964 -0.344015 2.1064843430433837E-17
vn 0.938964 0.344017 -2.1064965895113752E-17
vn 0.938964 0.344017 -2.1064965895113752E-17
vn 0.938964 0.344017 -2.1064965895113752E-17
vn 0.938964 0.344017 -2.1064965895113752E-17
vn -0.206347 0.978479 -5.991455876914515E-17
vn -0.206347 0.978479 -5.991455876914515E-17
vn -0.206347 0.978479 -5.991455876914515E-17
vn -0.206347 0.978479 -5.991455876914515E-17
vn 0 6.123233995736766E-17 1
vn 0 6.123233995736766E-17 1
vn 0 6.123233995736766E-17 1
vn 0 6.123233995736766E-17 1
vn 0.20635 -0.978478 5.991449753680519E-17
vn 0.20635 -0.978478 5.991449753680519E-17
vn 0.20635 -0.978478 5.991449753680519E-17
vn 0.206349 -0.978479 5.991455876914515E-17
vn -0.938964 -0.344015 2.1064843430433837E-17
vn -0.938964 -0.344015 2.1064843430433837E-17
vn -0.938964 -0.344015 2.1064843430433837E-17
vn -0.938964 -0.344016 2.106490466277379E-17
vn 0.938964 0.344015 -2.1064843430433837E-17
vn 0.938964 0.344016 -2.106490466277379E-17
vn 0.938964 0.344015 -2.1064843430433837E-17
vn 0.938964 0.344015 -2.1064843430433837E-17
vn -0.206349 0.978479 -5.991455876914515E-17
vn -0.206349 0.978479 -5.991455876914515E-17
vn -0.206349 0.978479 -5.991455876914515E-17
vn -0.206349 0.978479 -5.991455876914515E-17
vn 0 6.123233995736766E-17 1
vn 0 6.123233995736766E-17 1
vn 0 6.123233995736766E-17 1
vn 0 6.123233995736766E-17 1
vn 0 0.999876 -0.01572800000000006
vn 0 0.999876 -0.01572800000000006
vn 0 0.999876 -0.01572800000000006
vn 0 0.999876 -0.01572800000000006
vn 0 6.123233995736766E-17 1
vn 0 6.123233995736766E-17 1
vn 0 6.123233995736766E-17 1
vn 0 6.123233995736766E-17 1
vn -0 -0.984196 0.17708400000000005
vn -0 -0.984196 0.17708400000000005
vn -0 -0.984196 0.17708400000000005
vn -0 -0.984196 0.17708400000000005
vn 0 6.123233995736766E-17 1
vn 0 6.123233995736766E-17 1
vn 0 6.123233995736766E-17 1
vn 0 6.123233995736766E-17 1
vn 0.180629 0.09376700000000006 0.979071
vn 0.17489 0.11928200000000005 0.977336
vn 0.146423 0.13030800000000006 0.980602
vn 0.14802 0.11918900000000006 0.981776
vn 0.137428 0.10634600000000005 0.984786
vn 0.185154 0.060241000000000065 0.980861
vn 0.841622 0.537055 0.056962999999999965
vn 0.829706 0.556252 0.04659999999999997
vn 0.833981 0.524604 -0.17107600000000003
vn 0.820789 0.44266 -0.361052
vn 0.746494 0.37373399999999996 -0.550517
vn 0.802715 0.32930999999999994 -0.497196
vn 0.905979 0.42182 0.035629999999999974
vn 0.895175 0.445045 0.024449999999999972
vn 0.89988 0.410512 -0.14729300000000004
vn 0.834428 0.411846 -0.366215
vn 0.73826 0.39142699999999997 -0.549324
vn 0.675288 0.43395399999999995 -0.596381
vn 0.047434 0.533816 0.844269
vn 0.202523 0.45372700000000005 0.867823
vn 0.287283 0.4305260000000001 0.855638
vn 0.478336 0.22023800000000004 0.850112
vn 0.530606 0.08641700000000005 0.843202
vn 0.497035 -0.17697799999999994 0.849491
vn 0.443924 -0.21846599999999994 0.869025
vn 0.3574 -0.39934499999999995 0.844268
vn 0.66689 -0.745156 4.562764551327226E-17
vn 0.66689 -0.745156 4.562764551327226E-17
vn 0.83347 -0.552565 3.383484792854286E-17
vn 0.951956 -0.306235 1.8751485626844483E-17
vn 0.982074 0.188496 -1.1542051152603975E-17
vn 0.899674 0.436562 -2.6731712796468342E-17
vn 0.579535 0.814947 -4.99011117512369E-17
vn 0.337214 0.941428 -5.764583934138472E-17
vn 0.088509 0.996075 -6.0992003023035E-17
vn 0.088509 0.996075 -6.0992003023035E-17
vn 0 6.123233995736766E-17 1
vn 0 6.123233995736766E-17 1
vn 0 6.123233995736766E-17 1
vn 0 6.123233995736766E-17 1
vn 0 6.123233995736766E-17 1
vn 0 6.123233995736766E-17 1
vn 0.66689 -0.745156 4.562764551327226E-17
vn 0.66689 -0.745156 4.562764551327226E-17
vn 0.560951 -0.827849 5.0691131401366856E-17
vn 0.442627 -0.896706 5.4907406633811325E-17
vn 0.318392 -0.947959 5.80457477536463E-17
vn 0.318391 -0.94796 5.804580898598625E-17
vn 0.994305 0.104308 -0.021854000000000005
vn 0.965145 0.261717 -1.602554431662239E-17
vn 0.980458 0.194379 -0.03032900000000001
vn 0.942173 0.333662 -0.03129400000000002
vn 0.858989 0.511456 -0.02346200000000003
vn 0.766574 0.642156 -3.932071449766338E-17
vn 0.084243 0.996445 -0.0006210000000000611
vn 0.079979 0.996797 -6.103621277248421E-17
vn -0.048716 0.998813 -0.0004250000000000611
vn -0.181845 0.983327 -0.0004250000000000602
vn -0.312048 0.950066 -5.0000000000581755E-06
vn -0.312072 0.950058 -5.81742744352168E-17
vn -0.319503 0.946299 0.049359999999999946
vn -0.314825 0.947781 0.050953999999999944
vn -0.318055 0.94713 0.04225199999999994
vn -0.324538 0.945513 0.02606599999999994
vn -0.321532 0.946845 0.010139999999999942
vn -0.3247 0.945816 0.0011929999999999422
vn -0.315232 0.949015 -5.811040910464128E-17
vn 0.948994 0.315227 0.006600999999999981
vn 0.948993 0.315227 0.006600999999999981
vn 0.943102 0.313269 -0.11144800000000002
vn 0.923664 0.306812 -0.22959100000000002
vn 0.935187 0.31064 -0.17008500000000001
vn 0.935187 0.310639 -0.17008500000000001
vn 0.948983 0.315222 0.008105999999999981
vn 0.948983 0.315223 0.008105999999999981
vn -0.182008 0.09106100000000006 0.979071
vn -0.199282 0.07142400000000006 0.977336
vn -0.191476 0.04191100000000006 0.980602
vn -0.183418 0.049736000000000065 0.981776
vn -0.166802 0.04871200000000006 0.984786
vn -0.15754 0.11442200000000005 0.980861
vn -0.929093 0.365433 0.05696399999999998
vn -0.937625 0.344511 0.04659999999999998
vn -0.914528 0.366566 -0.17107600000000003
vn -0.840471 0.404042 -0.361052
vn -0.741045 0.38442599999999993 -0.550517
vn -0.738134 0.45602099999999995 -0.4971960000000001
vn -0.873666 0.485219 0.035629999999999974
vn -0.88611 0.46283 0.024449999999999972
vn -0.860933 0.486929 -0.14729300000000004
vn -0.823552 0.433184 -0.366215
vn -0.750523 0.36736699999999994 -0.549324
vn -0.747931 0.29142399999999996 -0.596381
vn -0.532425 -0.061107999999999954 0.844269
vn -0.485231 0.10693900000000006 0.867822
vn -0.479585 0.19463500000000006 0.855637
vn -0.312109 0.4241440000000001 0.850112
vn -0.191565 0.502308 0.843202
vn 0.073191 0.522502 0.849491
vn 0.124532 0.47884100000000007 0.869025
vn 0.319134 0.43054000000000003 0.844268
vn 0.595487 0.803365 -4.919191878985067E-17
vn 0.595487 0.803365 -4.919191878985067E-17
vn 0.37328 0.927719 -5.680640519290917E-17
vn 0.108128 0.994137 -6.087333474819762E-17
vn -0.382523 0.923946 -5.657537557425002E-17
vn -0.608898 0.793249 -4.857249243884194E-17
vn -0.915012 0.403428 -2.4702840444320922E-17
vn -0.990068 0.140591 -8.608715906946277E-18
vn -0.993478 -0.114023 6.981895098958933E-18
vn -0.993478 -0.114023 6.981895098958933E-18
vn 0 6.123233995736766E-17 1
vn 0 6.123233995736766E-17 1
vn 0 6.123233995736766E-17 1
vn 0 6.123233995736766E-17 1
vn 0 6.123233995736766E-17 1
vn 0 6.123233995736766E-17 1
vn 0.595486 0.803366 -4.919198002219063E-17
vn 0.595486 0.803366 -4.919198002219063E-17
vn 0.697832 0.716262 -4.3858398282544075E-17
vn 0.78912 0.61424 -3.761135249541351E-17
vn 0.864357 0.502879 -3.079245788542109E-17
vn 0.864357 0.502879 -3.079245788542109E-17
vn -0.302527 0.95289 -0.021854000000000057
vn -0.450831 0.892609 -5.465653773700599E-17
vn -0.38796 0.921177 -0.030330000000000055
vn -0.516672 0.855611 -0.03129400000000006
vn -0.674058 0.738306 -0.023462000000000045
vn -0.783455 0.621449 -3.8052776434166175E-17
vn -0.992981 -0.118275 -0.0006209999999999928
vn -0.992466 -0.122523 7.502369988596558E-18
vn -0.968508 -0.248984 -0.00042499999999998474
vn -0.926513 -0.376261 -0.00042499999999997694
vn -0.867698 -0.497092 -4.999999999969562E-06
vn -0.867685 -0.497114 3.043945344556687E-17
vn -0.862506 -0.503634 0.04936000000000003
vn -0.8649 -0.499351 0.05095400000000003
vn -0.863612 -0.502384 0.042252000000000026
vn -0.860721 -0.50841 0.02606600000000003
vn -0.86263 -0.505733 0.010140000000000031
vn -0.860985 -0.508629 0.0011930000000000313
vn -0.866025 -0.5 3.061616997868383E-17
vn -0.499988 0.866007 0.006600999999999947
vn -0.499988 0.866007 0.006600999999999947
vn -0.496885 0.860631 -0.11144800000000006
vn -0.486643 0.842892 -0.22959100000000005
vn -0.492714 0.853407 -0.17008500000000004
vn -0.492714 0.853407 -0.17008500000000004
vn -0.499983 0.865997 0.008105999999999947
vn -0.499983 0.865997 0.008105999999999947
vn 0 0.20351700000000006 0.979071
vn -0.028211 0.21016200000000004 0.97726
vn -0.053736 0.18995100000000006 0.980322
vn -0.041911 0.18626500000000004 0.981605
vn -0.034629 0.17096000000000006 0.984669
vn 0.03552 0.19206300000000007 0.98074
vn -0.319134 0.43054000000000003 0.844268
vn -0.150004 0.47369200000000006 0.867822
vn -0.071234 0.512651 0.855637
vn 0.211265 0.48236700000000005 0.850111
vn 0.339229 0.41705500000000006 0.843202
vn 0.489096 0.19786600000000004 0.849491
vn 0.476953 0.13157300000000005 0.869025
vn 0.532425 -0.061107999999999954 0.844269
vn 0.993478 -0.114025 6.982017563638847E-18
vn 0.993478 -0.114025 6.982017563638847E-18
vn 0.990068 0.14059 -8.60865467460632E-18
vn 0.915012 0.403427 -2.4702779211980962E-17
vn 0.608899 0.793248 -4.857243120650198E-17
vn 0.382524 0.923946 -5.657537557425002E-17
vn -0.108128 0.994137 -6.087333474819762E-17
vn -0.37328 0.927719 -5.680640519290917E-17
vn -0.595487 0.803365 -4.919191878985067E-17
vn -0.595487 0.803365 -4.919191878985067E-17
vn 0 6.123233995736766E-17 1
vn 0 6.123233995736766E-17 1
vn 0 6.123233995736766E-17 1
vn 0 6.123233995736766E-17 1
vn 0 6.123233995736766E-17 1
vn 0 6.123233995736766E-17 1
vn 0.993478 -0.114025 6.982017563638847E-18
vn 0.993478 -0.114025 6.982017563638847E-18
vn 0.969217 -0.24621 1.5076014420903492E-17
vn 0.926507 -0.376278 2.3040382414478387E-17
vn 0.867685 -0.497115 3.0439514677906825E-17
vn 0.867685 -0.497115 3.0439514677906825E-17
vn 0.673964 0.738441 -0.021854000000000044
vn 0.547607 0.836736 -5.1235303206567986E-17
vn 0.603783 0.796572 -0.030329000000000047
vn 0.482644 0.875257 -0.03129400000000006
vn 0.302362 0.952904 -0.02346200000000006
vn 0.146462 0.989216 -6.057201040326741E-17
vn -0.59892 0.800809 -0.000621000000000049
vn -0.602341 0.798239 -4.8878041815229205E-17
vn -0.69988 0.71426 -0.0004250000000000437
vn -0.789109 0.614254 -0.0004260000000000376
vn -0.864343 0.502903 -5.000000000030794E-06
vn -0.864356 0.50288 -3.079251911776105E-17
vn -0.867413 0.495135 0.04935999999999997
vn -0.864901 0.49935 0.05095399999999997
vn -0.866883 0.496717 0.04225199999999997
vn -0.870656 0.491201 0.026065999999999968
vn -0.869293 0.494193 0.01013999999999997
vn -0.870978 0.49132 0.00119299999999997
vn -0.866026 0.499999 -3.061610874634387E-17
vn 0.49999 0.866006 0.006600999999999947
vn 0.49999 0.866006 0.006600999999999947
vn 0.496886 0.86063 -0.11144800000000006
vn 0.486644 0.842891 -0.22959100000000005
vn 0.492715 0.853407 -0.17008500000000004
vn 0.492715 0.853407 -0.17008500000000004
vn 0.499984 0.865997 0.008105999999999947
vn 0.499984 0.865997 0.008105999999999947
vn -0.099082 0.99345 0.05691399999999994
vn -0.124137 0.991174 0.04652899999999994
vn -0.090701 0.98108 -0.17104100000000005
vn -0.016432 0.932402 -0.36104900000000006
vn 0.013626 0.834713 -0.550517
vn 0.086468 0.86353 -0.49683000000000005
vn 0.047986 0.998213 0.035618999999999935
vn 0.019453 0.999512 0.024449999999999937
vn 0.056045 0.987513 -0.14723400000000006
vn 0.021106 0.930298 -0.3661980000000001
vn -0.008105 0.835576 -0.549315
vn -0.082542 0.798744 -0.595982
vn 0.153097 0.020772000000000058 0.987993
vn 0.132978 0.07487300000000005 0.988287
vn 0.142958 0.038385000000000065 0.988984
vn 0.162966 -0.006306999999999939 0.986611
vn 0.173171 -0.01445499999999994 0.984786
vn -0.881862 -0.471507 1.0000000000288715E-06
vn -0.69887 -0.715248 1.0000000000437962E-06
vn -0.69887 -0.715249 1.0000000000437964E-06
vn -0.988711 -0.149839 9.174992586872012E-18
vn -0.987923 0.154948 -9.487828611714205E-18
vn -0.987923 0.154948 -1.0000000000094878E-06
vn -0.106766 0.11167500000000005 0.987993
vn -0.13872 0.06360600000000005 0.988287
vn -0.11506 0.09312100000000005 0.988984
vn -0.090654 0.13557100000000005 0.986611
vn -0.090057 0.14861600000000005 0.984786
vn 0.639538 -0.76876 1.000000000047073E-06
vn 0.841405 -0.540406 1.0000000000330904E-06
vn 0.841405 -0.540406 1.0000000000330904E-06
vn 0.345997 -0.938236 5.74503857122408E-17
vn 0.047303 -0.998881 6.116382096895537E-17
vn 0.047303 -0.998881 6.116382096895537E-17
vn 0.058092 0.14540300000000006 0.987666
vn -0.005785 0.15251900000000004 0.988284
vn 0.035461 0.14455100000000007 0.988862
vn 0.089944 0.14162000000000005 0.985827
vn 0.103224 0.14688200000000007 0.983753
vn -0.345997 -0.938236 5.74503857122408E-17
vn -0.047303 -0.998881 1.0000000000611638E-06
vn -0.047302 -0.998881 6.116382096895537E-17
vn -0.639538 -0.76876 4.7072973665625965E-17
vn -0.841405 -0.540405 3.3090262674661275E-17
vn -0.841405 -0.540405 3.3090262674661275E-17
vn 0.819865 0.572557 -3.505900486897055E-17
vn 0.887539 0.460733 -2.8211759685577876E-17
vn 0.887539 0.460732 9.999999999717883E-07
vn 0.819865 0.572556 9.99999999964941E-07
vn 0.738184 0.674599 -4.130727530290026E-17
vn 0.738185 0.674599 -2.000000000041307E-06
vn -0.945035 0.326969 -2.0021076963520547E-17
vn -0.894316 0.447435 -2.7397492028824802E-17
vn -0.894316 0.447436 -2.7397553261164756E-17
vn -0.945035 0.326969 -2.0021076963520547E-17
vn -0.979608 0.200916 -1.2302556814874482E-17
vn -0.979608 0.200916 -1.0000000000123025E-06
vn -0.144637 0.989485 -6.058848190271594E-17
vn 0 1 -6.123233995736766E-17
vn 0 1 -6.123233995736766E-17
vn -0.144637 0.989485 -6.058848190271594E-17
vn -0.286232 0.95816 -5.86703788535514E-17
vn -0.286232 0.95816 -5.86703788535514E-17
vn 0.310412 -0.95042 0.01859100000000006
vn 0.315233 -0.949014 -3.1999999999941885E-05
vn 0.315401 -0.948958 -1.4999999999941894E-05
vn 0.315401 -0.948958 -0.00022399999999994188
vn 0.303031 -0.952648 0.02516900000000006
vn 0.302791 -0.951912 0.046707000000000054
vn 0.314947 -0.948151 0.042636000000000056
vn 0.868374 0.495561 0.01859099999999997
vn 0.866026 0.5 -3.2000000000030614E-05
vn 0.865937 0.500153 -1.5000000000030626E-05
vn 0.865937 0.500153 -0.00022400000000003063
vn 0.872044 0.488781 0.02516999999999997
vn 0.871371 0.488397 0.04670699999999997
vn 0.865238 0.499546 0.042636999999999974
vn 0.863355 -0.504254 0.01859100000000003
vn 0.866026 -0.5 -3.1999999999969383E-05
vn 0.866114 -0.499846 -1.4999999999969394E-05
vn 0.866114 -0.499847 -0.0002249999999999694
vn 0.859318 -0.510822 0.02516900000000003
vn 0.858649 -0.510431 0.04670700000000003
vn 0.865238 -0.499545 0.04263700000000003
vn 0 6.123233995736766E-17 1
vn 0 6.123233995736766E-17 1
vn 0 6.123233995736766E-17 1
vn 0 6.123233995736766E-17 1
vn 0 6.123233995736766E-17 1
vn 0 6.123233995736766E-17 1
g Standard_4
f 1/1/1 2/2/2 3/3/3
f 4/4/4 5/5/5 6/6/6
f 7/7/7 8/8/8 9/9/9
f 10/10/10 11/11/11 12/12/12
f 13/13/13 14/14/14 15/15/15
f 16/16/16 17/17/17 18/18/18
f 19/19/19 20/20/20 21/21/21
f 22/22/22 23/23/23 24/24/24
f 25/25/25 26/26/26 27/27/27
f 28/28/28 29/29/29 30/30/30
f 31/31/31 32/32/32 33/33/33
f 34/34/34 35/35/35 36/36/36
f 37/37/37 38/38/38 39/39/39
f 40/40/40 41/41/41 42/42/42
f 43/43/43 44/44/44 45/45/45
f 46/46/46 47/47/47 48/48/48
f 49/49/49 50/50/50 51/51/51
f 52/52/52 53/53/53 54/54/54
f 55/55/55 56/56/56 57/57/57
f 58/58/58 59/59/59 55/55/55
f 60/60/60 61/61/61 62/62/62
f 63/63/63 64/64/64 60/60/60
f 65/65/65 66/66/66 67/67/67
f 68/68/68 69/69/69 65/65/65
f 70/70/70 71/71/71 72/72/72
f 72/72/72 73/73/73 70/70/70
f 74/74/74 75/75/75 76/76/76
f 76/76/76 77/77/77 74/74/74
f 78/78/78 79/79/79 80/80/80
f 80/80/80 81/81/81 78/78/78
f 82/82/82 83/83/83 84/84/84
f 84/84/84 85/85/85 82/82/82
f 86/86/86 87/87/87 88/88/88
f 88/88/88 89/89/89 86/86/86
f 90/90/90 91/91/91 92/92/92
f 92/92/92 93/93/93 90/90/90
f 94/94/94 95/95/95 96/96/96
f 96/96/96 97/97/97 94/94/94
f 98/98/98 99/99/99 100/100/100
f 100/100/100 101/101/101 98/98/98
f 102/102/102 103/103/103 104/104/104
f 104/104/104 105/105/105 102/102/102
f 106/106/106 107/107/107 108/108/108
f 108/108/108 109/109/109 106/106/106
f 110/110/110 111/111/111 112/112/112
f 112/112/112 113/113/113 110/110/110
f 114/114/114 115/115/115 116/116/116
f 116/116/116 117/117/117 114/114/114
f 118/118/118 119/119/119 120/120/120
f 120/120/120 121/121/121 118/118/118
f 122/122/122 123/123/123 124/124/124
f 124/124/124 125/125/125 122/122/122
f 126/126/126 127/127/127 128/128/128
f 128/128/128 129/129/129 126/126/126
f 130/130/130 131/131/131 132/132/132
f 132/132/132 133/133/133 130/130/130
f 134/134/134 135/135/135 136/136/136
f 136/136/136 137/137/137 134/134/134
f 138/138/138 139/139/139 140/140/140
f 140/140/140 141/141/141 138/138/138
f 142/142/142 143/143/143 144/144/144
f 144/144/144 145/145/145 142/142/142
f 146/146/146 147/147/147 148/148/148
f 148/148/148 149/149/149 146/146/146
f 150/150/150 151/151/151 152/152/152
f 152/152/152 153/153/153 150/150/150
f 154/154/154 155/155/155 156/156/156
f 156/156/156 157/157/157 154/154/154
f 158/158/158 159/159/159 160/160/160
f 160/160/160 161/161/161 158/158/158
f 162/162/162 163/163/163 164/164/164
f 164/164/164 165/165/165 162/162/162
f 166/166/166 167/167/167 168/168/168
f 168/168/168 169/169/169 166/166/166
f 170/170/170 171/171/171 172/172/172
f 172/172/172 173/173/173 170/170/170
f 174/174/174 175/175/175 176/176/176
f 176/176/176 177/177/177 174/174/174
f 178/178/178 179/179/179 180/180/180
f 180/180/180 181/181/181 178/178/178
f 182/182/182 183/183/183 184/184/184
f 184/184/184 185/185/185 182/182/182
f 186/186/186 187/187/187 188/188/188
f 188/188/188 189/189/189 186/186/186
f 190/190/190 191/191/191 192/192/192
f 192/192/192 193/193/193 190/190/190
f 194/194/194 195/195/195 196/196/196
f 196/196/196 197/197/197 194/194/194
f 198/198/198 199/199/199 200/200/200
f 200/200/200 201/201/201 198/198/198
f 202/202/202 203/203/203 204/204/204
f 204/204/204 205/205/205 202/202/202
f 206/206/206 207/207/207 208/208/208
f 208/208/208 209/209/209 206/206/206
f 210/210/210 211/211/211 212/212/212
f 212/212/212 213/213/213 210/210/210
f 214/214/214 215/215/215 216/216/216
f 216/216/216 217/217/217 214/214/214
f 218/218/218 219/219/219 220/220/220
f 220/220/220 221/221/221 218/218/218
f 222/222/222 223/223/223 224/224/224
f 224/224/224 225/225/225 222/222/222
f 226/226/226 227/227/227 228/228/228
f 228/228/228 229/229/229 226/226/226
f 230/230/230 231/231/231 232/232/232
f 232/232/232 233/233/233 230/230/230
f 234/234/234 235/235/235 236/236/236
f 236/236/236 237/237/237 234/234/234
f 238/238/238 239/239/239 240/240/240
f 240/240/240 241/241/241 238/238/238
f 242/242/242 243/243/243 244/244/244
f 244/244/244 245/245/245 242/242/242
f 246/246/246 247/247/247 248/248/248
f 248/248/248 249/249/249 246/246/246
f 250/250/250 251/251/251 252/252/252
f 252/252/252 253/253/253 250/250/250
f 254/254/254 255/255/255 256/256/256
f 256/256/256 257/257/257 254/254/254
f 258/258/258 259/259/259 260/260/260
f 260/260/260 261/261/261 258/258/258
f 262/262/262 263/263/263 264/264/264
f 264/264/264 265/265/265 262/262/262
f 266/266/266 267/267/267 268/268/268
f 268/268/268 269/269/269 266/266/266
f 270/270/270 271/271/271 272/272/272
f 272/272/272 273/273/273 270/270/270
f 274/274/274 275/275/275 276/276/276
f 276/276/276 277/277/277 274/274/274
f 278/278/278 279/279/279 280/280/280
f 280/280/280 281/281/281 278/278/278
f 282/282/282 283/283/283 284/284/284
f 284/284/284 285/285/285 282/282/282
f 286/286/286 287/287/287 288/288/288
f 288/288/288 289/289/289 286/286/286
f 290/290/290 291/291/291 292/292/292
f 292/292/292 293/293/293 290/290/290
f 294/294/294 295/295/295 296/296/296
f 296/296/296 297/297/297 294/294/294
f 298/298/298 299/299/299 300/300/300
f 300/300/300 301/301/301 298/298/298
f 302/302/302 303/303/303 304/304/304
f 304/304/304 305/305/305 302/302/302
f 306/306/306 307/307/307 308/308/308
f 308/308/308 309/309/309 306/306/306
f 310/310/310 311/311/311 312/312/312
f 312/312/312 313/313/313 310/310/310
f 314/314/314 315/315/315 316/316/316
f 316/316/316 317/317/317 314/314/314
f 318/318/318 319/319/319 320/320/320
f 320/320/320 321/321/321 318/318/318
f 322/322/322 323/323/323 324/324/324
f 324/324/324 325/325/325 322/322/322
f 326/326/326 327/327/327 328/328/328
f 328/328/328 329/329/329 326/326/326
f 330/330/330 331/331/331 332/332/332
f 332/332/332 333/333/333 330/330/330
f 334/334/334 335/335/335 336/336/336
f 336/336/336 337/337/337 334/334/334
f 338/338/338 339/339/339 340/340/340
f 340/340/340 341/341/341 338/338/338
f 342/342/342 343/343/343 344/344/344
f 344/344/344 345/345/345 342/342/342
f 346/346/346 347/347/347 348/348/348
f 348/348/348 349/349/349 346/346/346
f 350/350/350 351/351/351 352/352/352
f 352/352/352 353/353/353 350/350/350
f 354/354/354 355/355/355 356/356/356
f 356/356/356 357/357/357 354/354/354
f 358/358/358 359/359/359 360/360/360
f 360/360/360 361/361/361 358/358/358
f 362/362/362 363/363/363 364/364/364
f 364/364/364 365/365/365 362/362/362
f 366/366/366 367/367/367 368/368/368
f 368/368/368 369/369/369 366/366/366
f 370/370/370 371/371/371 372/372/372
f 372/372/372 373/373/373 370/370/370
f 374/374/374 375/375/375 376/376/376
f 376/376/376 377/377/377 374/374/374
f 378/378/378 379/379/379 380/380/380
f 380/380/380 381/381/381 378/378/378
f 382/382/382 383/383/383 384/384/384
f 384/384/384 385/385/385 382/382/382
f 386/386/386 387/387/387 388/388/388
f 388/388/388 389/389/389 386/386/386
f 390/390/390 391/391/391 392/392/392
f 392/392/392 393/393/393 390/390/390
f 394/394/394 395/395/395 396/396/396
f 396/396/396 397/397/397 394/394/394
f 398/398/398 399/399/399 400/400/400
f 400/400/400 401/401/401 398/398/398
f 402/402/402 403/403/403 404/404/404
f 404/404/404 405/405/405 402/402/402
f 406/406/406 407/407/407 408/408/408
f 408/408/408 409/409/409 406/406/406
f 410/410/410 411/411/411 412/412/412
f 412/412/412 413/413/413 410/410/410
f 414/414/414 415/415/415 416/416/416
f 416/416/416 417/417/417 414/414/414
f 418/418/418 419/419/419 420/420/420
f 420/420/420 421/421/421 418/418/418
f 422/422/422 423/423/423 424/424/424
f 424/424/424 425/425/425 422/422/422
f 426/426/426 427/427/427 428/428/428
f 428/428/428 429/429/429 426/426/426
f 430/430/430 431/431/431 432/432/432
f 432/432/432 433/433/433 430/430/430
f 434/434/434 435/435/435 436/436/436
f 436/436/436 437/437/437 434/434/434
f 438/438/438 439/439/439 440/440/440
f 440/440/440 441/441/441 438/438/438
f 442/442/442 443/443/443 444/444/444
f 444/444/444 445/445/445 442/442/442
f 446/446/446 447/447/447 448/448/448
f 448/448/448 449/449/449 446/446/446
f 450/450/450 451/451/451 452/452/452
f 452/452/452 453/453/453 450/450/450
f 454/454/454 455/455/455 456/456/456
f 456/456/456 457/457/457 454/454/454
f 458/458/458 459/459/459 460/460/460
f 460/460/460 461/461/461 458/458/458
f 462/462/462 463/463/463 464/464/464
f 464/464/464 465/465/465 462/462/462
f 466/466/466 467/467/467 468/468/468
f 468/468/468 469/469/469 466/466/466
f 470/470/470 471/471/471 472/472/472
f 472/472/472 473/473/473 470/470/470
f 474/474/474 475/475/475 476/476/476
f 476/476/476 477/477/477 474/474/474
f 478/478/478 479/479/479 480/480/480
f 480/480/480 481/481/481 478/478/478
f 482/482/482 483/483/483 484/484/484
f 484/484/484 485/485/485 482/482/482
f 486/486/486 487/487/487 488/488/488
f 488/488/488 489/489/489 486/486/486
f 490/490/490 491/491/491 492/492/492
f 492/492/492 493/493/493 490/490/490
f 494/494/494 495/495/495 496/496/496
f 496/496/496 497/497/497 494/494/494
f 498/498/498 499/499/499 500/500/500
f 500/500/500 501/501/501 498/498/498
f 502/502/502 503/503/503 504/504/504
f 504/504/504 505/505/505 502/502/502
f 506/506/506 507/507/507 508/508/508
f 508/508/508 509/509/509 506/506/506
f 510/510/510 511/511/511 512/512/512
f 512/512/512 513/513/513 510/510/510
f 514/514/514 515/515/515 516/516/516
f 516/516/516 517/517/517 514/514/514
f 518/518/518 519/519/519 520/520/520
f 520/520/520 521/521/521 518/518/518
f 522/522/522 523/523/523 524/524/524
f 524/524/524 525/525/525 522/522/522
f 526/526/526 527/527/527 528/528/528
f 528/528/528 529/529/529 526/526/526
f 530/530/530 531/531/531 532/532/532
f 532/532/532 533/533/533 530/530/530
f 534/534/534 535/535/535 536/536/536
f 536/536/536 537/537/537 534/534/534
f 538/538/538 539/539/539 540/540/540
f 540/540/540 541/541/541 538/538/538
f 542/542/542 543/543/543 544/544/544
f 544/544/544 545/545/545 542/542/542
f 546/546/546 547/547/547 548/548/548
f 548/548/548 549/549/549 546/546/546
f 550/550/550 551/551/551 552/552/552
f 552/552/552 553/553/553 550/550/550
f 554/554/554 555/555/555 556/556/556
f 556/556/556 557/557/557 554/554/554
f 558/558/558 559/559/559 560/560/560
f 560/560/560 561/561/561 558/558/558
f 562/562/562 563/563/563 564/564/564
f 564/564/564 565/565/565 562/562/562
f 566/566/566 567/567/567 568/568/568
f 568/568/568 569/569/569 566/566/566
f 570/570/570 571/571/571 572/572/572
f 572/572/572 573/573/573 570/570/570
f 574/574/574 575/575/575 576/576/576
f 576/576/576 577/577/577 574/574/574
f 578/578/578 579/579/579 580/580/580
f 580/580/580 581/581/581 578/578/578
f 582/582/582 583/583/583 584/584/584
f 584/584/584 585/585/585 582/582/582
f 586/586/586 587/587/587 588/588/588
f 588/588/588 589/589/589 586/586/586
f 590/590/590 591/591/591 592/592/592
f 592/592/592 593/593/593 590/590/590
f 594/594/594 595/595/595 596/596/596
f 596/596/596 597/597/597 594/594/594
f 598/598/598 599/599/599 600/600/600
f 600/600/600 601/601/601 598/598/598
f 602/602/602 603/603/603 604/604/604
f 604/604/604 605/605/605 602/602/602
f 606/606/606 607/607/607 608/608/608
f 608/608/608 609/609/609 606/606/606
f 610/610/610 611/611/611 612/612/612
f 612/612/612 613/613/613 610/610/610
f 614/614/614 615/615/615 616/616/616
f 616/616/616 617/617/617 614/614/614
f 618/618/618 619/619/619 620/620/620
f 620/620/620 621/621/621 618/618/618
f 622/622/622 623/623/623 624/624/624
f 624/624/624 625/625/625 622/622/622
f 626/626/626 627/627/627 628/628/628
f 628/628/628 629/629/629 626/626/626
f 630/630/630 631/631/631 632/632/632
f 632/632/632 633/633/633 630/630/630
f 634/634/634 635/635/635 636/636/636
f 636/636/636 637/637/637 634/634/634
f 638/638/638 639/639/639 640/640/640
f 640/640/640 641/641/641 638/638/638
f 642/642/642 643/643/643 644/644/644
f 644/644/644 645/645/645 642/642/642
f 646/646/646 647/647/647 648/648/648
f 648/648/648 649/649/649 646/646/646
f 650/650/650 651/651/651 652/652/652
f 652/652/652 653/653/653 650/650/650
f 654/654/654 655/655/655 656/656/656
f 656/656/656 657/657/657 654/654/654
f 658/658/658 659/659/659 660/660/660
f 660/660/660 661/661/661 658/658/658
f 662/662/662 663/663/663 664/664/664
f 664/664/664 665/665/665 662/662/662
f 666/666/666 667/667/667 668/668/668
f 668/668/668 669/669/669 666/666/666
f 670/670/670 671/671/671 672/672/672
f 672/672/672 673/673/673 670/670/670
f 674/674/674 675/675/675 676/676/676
f 676/676/676 677/677/677 674/674/674
f 678/678/678 679/679/679 680/680/680
f 680/680/680 681/681/681 678/678/678
f 682/682/682 683/683/683 684/684/684
f 684/684/684 685/685/685 682/682/682
f 686/686/686 687/687/687 688/688/688
f 688/688/688 689/689/689 686/686/686
f 690/690/690 691/691/691 692/692/692
f 692/692/692 693/693/693 690/690/690
f 694/694/694 695/695/695 696/696/696
f 696/696/696 697/697/697 694/694/694
f 698/698/698 699/699/699 700/700/700
f 700/700/700 701/701/701 698/698/698
f 702/702/702 703/703/703 704/704/704
f 704/704/704 705/705/705 702/702/702
f 706/706/706 707/707/707 708/708/708
f 708/708/708 709/709/709 706/706/706
f 710/710/710 711/711/711 712/712/712
f 712/712/712 713/713/713 710/710/710
f 714/714/714 715/715/715 716/716/716
f 716/716/716 717/717/717 714/714/714
f 718/718/718 719/719/719 720/720/720
f 720/720/720 721/721/721 718/718/718
f 722/722/722 723/723/723 724/724/724
f 724/724/724 725/725/725 722/722/722
f 726/726/726 727/727/727 728/728/728
f 728/728/728 729/729/729 726/726/726
f 730/730/730 731/731/731 732/732/732
f 732/732/732 733/733/733 730/730/730
f 734/734/734 735/735/735 736/736/736
f 736/736/736 737/737/737 734/734/734
f 738/738/738 739/739/739 740/740/740
f 740/740/740 741/741/741 738/738/738
f 742/742/742 743/743/743 744/744/744
f 744/744/744 745/745/745 742/742/742
f 746/746/746 747/747/747 748/748/748
f 748/748/748 749/749/749 746/746/746
f 750/750/750 751/751/751 752/752/752
f 752/752/752 753/753/753 750/750/750
f 754/754/754 755/755/755 756/756/756
f 756/756/756 757/757/757 754/754/754
f 758/758/758 759/759/759 760/760/760
f 760/760/760 761/761/761 758/758/758
f 762/762/762 763/763/763 764/764/764
f 764/764/764 765/765/765 762/762/762
f 766/766/766 767/767/767 768/768/768
f 768/768/768 769/769/769 766/766/766
f 770/770/770 771/771/771 772/772/772
f 772/772/772 773/773/773 770/770/770
f 774/774/774 775/775/775 776/776/776
f 776/776/776 777/777/777 774/774/774
f 778/778/778 779/779/779 780/780/780
f 780/780/780 779/779/779 781/781/781
f 781/781/781 782/782/782 780/780/780
f 781/781/781 783/783/783 782/782/782
f 784/784/784 785/785/785 786/786/786
f 786/786/786 787/787/787 784/784/784
f 787/787/787 786/786/786 788/788/788
f 788/788/788 789/789/789 787/787/787
f 790/790/790 791/791/791 792/792/792
f 792/792/792 793/793/793 790/790/790
f 793/793/793 792/792/792 794/794/794
f 794/794/794 795/795/795 793/793/793
f 796/796/796 797/797/797 798/798/798
f 798/798/798 797/797/797 799/799/799
f 799/799/799 800/800/800 798/798/798
f 800/800/800 799/799/799 801/801/801
f 801/801/801 802/802/802 800/800/800
f 801/801/801 803/803/803 802/802/802
f 804/804/804 805/805/805 806/806/806
f 806/806/806 807/807/807 804/804/804
f 807/807/807 806/806/806 808/808/808
f 808/808/808 809/809/809 807/807/807
f 809/809/809 808/808/808 810/810/810
f 810/810/810 811/811/811 809/809/809
f 811/811/811 810/810/810 812/812/812
f 812/812/812 813/813/813 811/811/811
f 814/814/814 815/815/815 816/816/816
f 816/816/816 817/817/817 814/814/814
f 817/817/817 816/816/816 818/818/818
f 818/818/818 819/819/819 817/817/817
f 820/820/820 821/821/821 822/822/822
f 822/822/822 823/823/823 820/820/820
f 823/823/823 822/822/822 824/824/824
f 824/824/824 825/825/825 823/823/823
f 826/826/826 827/827/827 828/828/828
f 828/828/828 829/829/829 826/826/826
f 829/829/829 828/828/828 830/830/830
f 830/830/830 831/831/831 829/829/829
f 832/832/832 833/833/833 834/834/834
f 834/834/834 835/835/835 832/832/832
f 835/835/835 834/834/834 836/836/836
f 836/836/836 837/837/837 835/835/835
f 838/838/838 839/839/839 840/840/840
f 840/840/840 841/841/841 838/838/838
f 841/841/841 840/840/840 842/842/842
f 843/843/843 841/841/841 842/842/842
f 842/842/842 844/844/844 843/843/843
f 845/845/845 846/846/846 847/847/847
f 847/847/847 848/848/848 845/845/845
f 848/848/848 847/847/847 849/849/849
f 849/849/849 850/850/850 848/848/848
f 851/851/851 850/850/850 849/849/849
f 849/849/849 852/852/852 851/851/851
f 853/853/853 854/854/854 855/855/855
f 855/855/855 854/854/854 856/856/856
f 856/856/856 857/857/857 855/855/855
f 856/856/856 858/858/858 857/857/857
f 859/859/859 860/860/860 861/861/861
f 861/861/861 862/862/862 859/859/859
f 862/862/862 861/861/861 863/863/863
f 863/863/863 864/864/864 862/862/862
f 865/865/865 866/866/866 867/867/867
f 867/867/867 868/868/868 865/865/865
f 868/868/868 867/867/867 869/869/869
f 869/869/869 870/870/870 868/868/868
f 871/871/871 872/872/872 873/873/873
f 873/873/873 872/872/872 874/874/874
f 874/874/874 875/875/875 873/873/873
f 875/875/875 874/874/874 876/876/876
f 876/876/876 877/877/877 875/875/875
f 876/876/876 878/878/878 877/877/877
f 879/879/879 880/880/880 881/881/881
f 881/881/881 882/882/882 879/879/879
f 882/882/882 881/881/881 883/883/883
f 883/883/883 884/884/884 882/882/882
f 884/884/884 883/883/883 885/885/885
f 885/885/885 886/886/886 884/884/884
f 886/886/886 885/885/885 887/887/887
f 887/887/887 888/888/888 886/886/886
f 889/889/889 890/890/890 891/891/891
f 891/891/891 892/892/892 889/889/889
f 892/892/892 891/891/891 893/893/893
f 893/893/893 894/894/894 892/892/892
f 895/895/895 896/896/896 897/897/897
f 897/897/897 898/898/898 895/895/895
f 898/898/898 897/897/897 899/899/899
f 899/899/899 900/900/900 898/898/898
f 901/901/901 902/902/902 903/903/903
f 903/903/903 904/904/904 901/901/901
f 904/904/904 903/903/903 905/905/905
f 905/905/905 906/906/906 904/904/904
f 907/907/907 908/908/908 909/909/909
f 909/909/909 910/910/910 907/907/907
f 910/910/910 909/909/909 911/911/911
f 911/911/911 912/912/912 910/910/910
f 913/913/913 914/914/914 915/915/915
f 915/915/915 916/916/916 913/913/913
f 916/916/916 915/915/915 917/917/917
f 918/918/918 916/916/916 917/917/917
f 917/917/917 919/919/919 918/918/918
f 920/920/920 921/921/921 922/922/922
f 922/922/922 923/923/923 920/920/920
f 923/923/923 922/922/922 924/924/924
f 924/924/924 925/925/925 923/923/923
f 926/926/926 925/925/925 924/924/924
f 924/924/924 927/927/927 926/926/926
f 928/928/928 929/929/929 930/930/930
f 930/930/930 929/929/929 931/931/931
f 931/931/931 932/932/932 930/930/930
f 931/931/931 933/933/933 932/932/932
f 934/934/934 935/935/935 936/936/936
f 936/936/936 935/935/935 937/937/937
f 937/937/937 938/938/938 936/936/936
f 938/938/938 937/937/937 939/939/939
f 939/939/939 940/940/940 938/938/938
f 939/939/939 941/941/941 940/940/940
f 942/942/942 943/943/943 944/944/944
f 944/944/944 945/945/945 942/942/942
f 945/945/945 944/944/944 946/946/946
f 946/946/946 947/947/947 945/945/945
f 947/947/947 946/946/946 948/948/948
f 948/948/948 949/949/949 947/947/947
f 949/949/949 948/948/948 950/950/950
f 950/950/950 951/951/951 949/949/949
f 952/952/952 953/953/953 954/954/954
f 954/954/954 955/955/955 952/952/952
f 955/955/955 954/954/954 956/956/956
f 956/956/956 957/957/957 955/955/955
f 958/958/958 959/959/959 960/960/960
f 960/960/960 961/961/961 958/958/958
f 961/961/961 960/960/960 962/962/962
f 962/962/962 963/963/963 961/961/961
f 964/964/964 965/965/965 966/966/966
f 966/966/966 967/967/967 964/964/964
f 967/967/967 966/966/966 968/968/968
f 968/968/968 969/969/969 967/967/967
f 970/970/970 971/971/971 972/972/972
f 972/972/972 973/973/973 970/970/970
f 973/973/973 972/972/972 974/974/974
f 974/974/974 975/975/975 973/973/973
f 976/976/976 977/977/977 978/978/978
f 978/978/978 979/979/979 976/976/976
f 979/979/979 978/978/978 980/980/980
f 981/981/981 979/979/979 980/980/980
f 980/980/980 982/982/982 981/981/981
f 983/983/983 984/984/984 985/985/985
f 985/985/985 986/986/986 983/983/983
f 986/986/986 985/985/985 987/987/987
f 987/987/987 988/988/988 986/986/986
f 989/989/989 988/988/988 987/987/987
f 987/987/987 990/990/990 989/989/989
f 991/991/991 992/992/992 993/993/993
f 993/993/993 994/994/994 991/991/991
f 994/994/994 993/993/993 995/995/995
f 995/995/995 996/996/996 994/994/994
f 997/997/997 998/998/998 999/999/999
f 999/999/999 1000/1000/1000 997/997/997
f 1000/1000/1000 999/999/999 1001/1001/1001
f 1001/1001/1001 1002/1002/1002 1000/1000/1000
f 1003/1003/1003 1004/1004/1004 1005/1005/1005
f 1005/1005/1005 1006/1006/1006 1003/1003/1003
f 1007/1007/1007 1003/1003/1003 1006/1006/1006
f 1008/1008/1008 1009/1009/1009 1010/1010/1010
f 1010/1010/1010 1011/1011/1011 1008/1008/1008
f 1012/1012/1012 1008/1008/1008 1011/1011/1011
f 1011/1011/1011 1013/1013/1013 1012/1012/1012
f 1014/1014/1014 1015/1015/1015 1016/1016/1016
f 1016/1016/1016 1017/1017/1017 1014/1014/1014
f 1018/1018/1018 1014/1014/1014 1017/1017/1017
f 1019/1019/1019 1020/1020/1020 1021/1021/1021
f 1021/1021/1021 1022/1022/1022 1019/1019/1019
f 1023/1023/1023 1019/1019/1019 1022/1022/1022
f 1022/1022/1022 1024/1024/1024 1023/1023/1023
f 1025/1025/1025 1026/1026/1026 1027/1027/1027
f 1027/1027/1027 1028/1028/1028 1025/1025/1025
f 1029/1029/1029 1025/1025/1025 1028/1028/1028
f 1030/1030/1030 1031/1031/1031 1032/1032/1032
f 1032/1032/1032 1033/1033/1033 1030/1030/1030
f 1034/1034/1034 1030/1030/1030 1033/1033/1033
f 1033/1033/1033 1035/1035/1035 1034/1034/1034
f 1036/1036/1036 1037/1037/1037 1038/1038/1038
f 1038/1038/1038 1039/1039/1039 1036/1036/1036
f 1036/1036/1036 1039/1039/1039 1040/1040/1040
f 1040/1040/1040 1041/1041/1041 1036/1036/1036
f 1042/1042/1042 1043/1043/1043 1044/1044/1044
f 1044/1044/1044 1045/1045/1045 1042/1042/1042
f 1042/1042/1042 1045/1045/1045 1046/1046/1046
f 1046/1046/1046 1047/1047/1047 1042/1042/1042
f 1048/1048/1048 1049/1049/1049 1050/1050/1050
f 1050/1050/1050 1051/1051/1051 1048/1048/1048
f 1048/1048/1048 1051/1051/1051 1052/1052/1052
f 1052/1052/1052 1053/1053/1053 1048/1048/1048
f 1054/1054/1054 1055/1055/1055 1056/1056/1056
f 1056/1056/1056 1057/1057/1057 1054/1054/1054
f 1054/1054/1054 1057/1057/1057 1058/1058/1058
f 1054/1054/1054 1058/1058/1058 1059/1059/1059
f 1059/1059/1059 1060/1060/1060 1054/1054/1054
f 1061/1061/1061 1062/1062/1062 1063/1063/1063
f 1063/1063/1063 1064/1064/1064 1061/1061/1061
f 1061/1061/1061 1064/1064/1064 1065/1065/1065
f 1061/1061/1061 1065/1065/1065 1066/1066/1066
f 1066/1066/1066 1067/1067/1067 1061/1061/1061
f 1068/1068/1068 1069/1069/1069 1070/1070/1070
f 1070/1070/1070 1071/1071/1071 1068/1068/1068
f 1068/1068/1068 1071/1071/1071 1072/1072/1072
f 1068/1068/1068 1072/1072/1072 1073/1073/1073
f 1073/1073/1073 1074/1074/1074 1068/1068/1068
g Standard_13
f 1075/1075/1075 1076/1076/1076 1077/1077/1077
f 1077/1077/1077 1078/1078/1078 1075/1075/1075
f 1075/1075/1075 1078/1078/1078 1079/1079/1079
f 1079/1079/1079 1080/1080/1080 1075/1075/1075
