v 1.111323 0.935538 0.26792999999999995
v 1.1555 0.872446 0.26792999999999995
v 1.157984 0.88747 0.42346899999999993
v 1.157984 0.88747 0.42346899999999993
v 1.123951 0.935135 0.42346899999999993
v 1.111323 0.935538 0.26792999999999995
v 1.187667 0.824504 0.49399199999999993
v 1.143054 0.793266 0.32951199999999997
v 1.111815 0.837878 0.49399199999999993
v 1.111815 0.837878 0.49399199999999993
v 1.143054 0.793266 0.32951199999999997
v 1.098441 0.762027 0.49399199999999993
v 1.098441 0.762027 0.49399199999999993
v 1.143054 0.793266 0.32951199999999997
v 1.174292 0.748653 0.49399199999999993
v 1.174292 0.748653 0.49399199999999993
v 1.143054 0.793266 0.32951199999999997
v 1.187667 0.824504 0.49399199999999993
v 0.408101 -1.2140019999999998 1.828929
v -0.024384 -1.137744 1.413004
v 0.840586 -1.290261 1.413004
v 0.560619 -0.3490319999999999 1.828929
v 0.993104 -0.42529099999999986 1.413004
v 0.128133 -0.2727729999999999 1.413004
v -0.973445 0.512038 0.605811
v -1.02301 0.23094100000000006 0.919832
v -1.022629 0.23087400000000005 0.852085
v -1.022629 0.23087400000000005 0.852085
v -0.982833 0.45657000000000003 0.587666
v -0.973445 0.512038 0.605811
v -1.022629 0.23087400000000005 0.852085
v -1.02301 0.23094100000000006 0.919832
v -1.072574 -0.050155999999999965 0.605811
v -1.072574 -0.050155999999999965 0.605811
v -1.062426 0.005178000000000036 0.587666
v -1.022629 0.23087400000000005 0.852085
v 0.976673 -0.5184719999999999 1.466881
v 1.037841 -0.4017209999999999 1.642603
v 0.993104 -0.42529099999999986 1.413004
v 0.747405 -1.273831 1.466881
v 0.872558 -1.339091 1.643173
v 0.840586 -1.290261 1.413004
v 0.872558 -1.339091 1.643173
v 0.857017 -1.19708 1.466881
v 0.840586 -1.290261 1.413004
v 0.050635 -0.25829499999999994 0.659908
v -1.026031 -0.06844999999999996 0.659908
v -1.176735 -0.923139 0.6599080000000002
v -1.176735 -0.923139 0.6599080000000002
v -0.100281 -1.111951 0.6609130000000001
v 0.050635 -0.25829499999999994 0.659908
v -0.330589 -0.19107499999999997 0.659908
v -0.330589 -0.19107499999999994 0.935619
v -0.321709 -0.14071299999999995 0.935619
v -0.321709 -0.14071299999999995 0.935619
v -0.32018 -0.14035899999999998 0.661415
v -0.330589 -0.19107499999999997 0.659908
v -0.67126 -0.07808099999999996 0.595915
v -0.67126 -0.07808099999999996 0.595915
v -0.531844 0.712588 -0.008039000000000043
v -0.368968 -0.13138299999999997 0.595915
v -0.368968 -0.13138299999999997 0.595915
v -0.368968 -0.13138299999999997 0.661917
v -0.368968 -0.13138299999999997 0.661917
v -0.32018 -0.14035899999999998 0.661415
v -0.164629 0.733501 -0.007274000000000045
v -0.164629 0.733501 -0.007274000000000045
v -0.214903 0.742365 -0.007274000000000045
v -0.368968 -0.13138299999999997 0.661917
v -0.517195 0.795667 -0.007274000000000049
v -0.567469 0.804532 -0.0072740000000000495
v -0.72161 -0.06957599999999996 0.661415
v -0.72161 -0.06957599999999996 0.661415
v -0.67126 -0.07808099999999996 0.661917
v -0.517195 0.795667 -0.007274000000000049
v -0.567469 0.804532 -0.0072740000000000495
v -0.721589 -0.069456 -0.007273999999999996
v -0.72161 -0.06957599999999996 0.661415
v -0.164629 0.733501 -0.007274000000000045
v -0.32018 -0.14035899999999998 0.661415
v -0.318694 -0.140248 -0.007273999999999991
v 0.156463 -0.9103749999999999 1.947626
v 0.163282 -0.9037889999999998 2.109868
v 0.168088 -0.8699699999999999 2.109868
v 0.168088 -0.8699699999999999 2.109868
v 0.161745 -0.8629249999999999 1.947626
v 0.156463 -0.9103749999999999 1.947626
v -0.071128 -1.172694 1.643173
v -0.024384 -1.137744 1.413004
v -0.007954 -1.044562 1.466881
v 0.094155 -0.2353239999999999 1.642603
v 0.128133 -0.2727729999999999 1.413004
v 0.221315 -0.2892039999999999 1.466881
v 0.899922 -0.4088599999999999 1.466881
v 0.993104 -0.42529099999999986 1.413004
v 1.037841 -0.4017209999999999 1.642603
v 0.068797 -1.154174 1.466881
v -0.024384 -1.137744 1.413004
v -0.071128 -1.172694 1.643173
v 0.111703 -0.36595499999999986 1.466881
v 0.128133 -0.2727729999999999 1.413004
v 0.094155 -0.2353239999999999 1.642603
v 1.157984 0.88747 0.42346899999999993
v 1.1555 0.872446 0.26792999999999995
v 1.218592 0.916623 0.26792999999999995
v 1.218592 0.916623 0.26792999999999995
v 1.206588 0.921503 0.42346899999999993
v 1.107265 0.698194 0.4253469999999999
v 1.120525 0.707428 0.26086799999999993
v 1.044674 0.720803 0.26086799999999993
v 1.044674 0.720803 0.26086799999999993
v 1.053975 0.707591 0.4253469999999999
v 1.130336 0.570547 0.500483
v 1.130336 0.570547 0.26052699999999995
v 1.054485 0.583922 0.26052699999999995
v 1.054485 0.583922 0.26052699999999995
v 1.054485 0.583922 0.500483
v 1.044674 0.720803 0.26086799999999993
v 1.031299 0.644952 0.26086799999999993
v 1.044579 0.654301 0.4253469999999999
v 1.044579 0.654301 0.4253469999999999
v 1.053975 0.707591 0.4253469999999999
v 1.031299 0.644952 0.26086799999999993
v 1.10715 0.631577 0.26086799999999993
v 1.097869 0.644905 0.4253469999999999
v 1.097869 0.644905 0.4253469999999999
v 1.044579 0.654301 0.4253469999999999
v 1.054485 0.583922 0.26052699999999995
v 1.04111 0.508071 0.26052699999999995
v 1.04111 0.508071 0.500483
v 1.04111 0.508071 0.500483
v 1.054485 0.583922 0.500483
v 1.04111 0.508071 0.26052699999999995
v 1.116961 0.494696 0.26052699999999995
v 1.116961 0.4946960000000001 0.500483
v 1.116961 0.4946960000000001 0.500483
v 1.04111 0.508071 0.500483
v 0.408101 -1.2140019999999998 1.828929
v 0.840586 -1.290261 1.413004
v 0.993104 -0.42529099999999986 1.413004
v 0.560619 -0.3490319999999999 1.828929
v 0.408101 -1.2140019999999998 1.828929
v -0.973445 0.512038 0.605811
v -1.033083 0.522554 0.605811
v -1.082648 0.24145700000000006 0.919832
v -1.082648 0.24145700000000006 0.919832
v -1.02301 0.23094100000000006 0.919832
v -0.933393 -0.30709099999999995 0.653025
v -0.916267 -0.32383999999999996 0.908398
v -0.804981 -0.32260399999999995 0.908398
v -0.788231 -0.30547799999999997 0.653025
v -0.933393 -0.30709099999999995 0.653025
v -0.931781 -0.45225199999999993 0.653025
v -0.915031 -0.43512599999999996 0.908398
v -0.916267 -0.32383999999999996 0.908398
v -0.933393 -0.30709099999999995 0.653025
v -0.931781 -0.45225199999999993 0.653025
v 0.506925 1.454474 -0.007274000000000089
v 0.484863 1.44502 0.31855099999999986
v 0.469961 1.360504 0.31855099999999986
v 0.469961 1.360504 0.31855099999999986
v 0.489741 1.357016 -0.007274000000000083
v 0.34785 1.382035 -0.007274000000000085
v 0.36763 1.378547 0.31855099999999986
v 0.382533 1.463064 0.31855099999999986
v 0.382533 1.463064 0.31855099999999986
v 0.365035 1.479493 -0.00727400000000009
v 0.204834 -0.9146209999999999 1.947626
v 0.200678 -0.9061009999999999 2.109868
v 0.163282 -0.9037889999999998 2.109868
v 0.156463 -0.9103749999999999 1.947626
v 0.204834 -0.9146209999999999 1.947626
v -0.950746 0.477112 -0.00727400000000003
v -0.970553 0.505 0.606907
v -1.037671 0.519121 0.606907
v -1.069655 0.506898 -0.007274000000000031
v -0.950746 0.477112 -0.00727400000000003
v -1.022629 0.23087400000000005 0.852085
v -1.082648 0.24145700000000006 0.852085
v -1.042852 0.46715300000000004 0.587666
v -0.982833 0.45657000000000003 0.587666
v -1.022629 0.23087400000000005 0.852085
v -1.042852 0.467153 -0.007274000000000029
v -0.982833 0.45657 -0.007274000000000028
v -0.235643 -1.088083 0.9356190000000001
v -1.176735 -0.9231389999999999 0.9356190000000001
v -1.235597 -0.9645759999999999 0.9356190000000001
v -1.235597 -0.9645759999999999 0.9356190000000001
v -0.244504 -1.138337 0.9356190000000001
v -0.082284 -1.115124 1.049107
v -0.091314 -1.165501 1.049107
v -0.496719 1.330206 0.6069069999999999
v -0.541476 1.381154 0.6069069999999999
v -0.888597 1.049808 0.6324809999999998
v -0.824746 1.018896 0.6311519999999999
v -0.496719 1.330206 0.6069069999999999
v -1.037671 0.519121 0.606907
v -0.970553 0.505 0.606907
v -0.888597 1.049808 0.6324809999999998
v -0.541476 1.381154 0.6069069999999999
v -0.545622 1.422462 -0.007274000000000087
v -1.069655 0.506898 -0.007274000000000031
v -1.037671 0.519121 0.606907
v -0.917686 1.0621 -0.007274000000000065
v -0.545622 1.422462 -0.007274000000000087
v -0.797619 1.011617 -0.007274000000000062
v -0.824746 1.018896 0.6311519999999999
v -0.970553 0.505 0.606907
v -0.970553 0.505 0.606907
v -0.950746 0.477112 -0.00727400000000003
v -0.459424 1.33118 -0.007274000000000082
v -0.496719 1.330206 0.6069069999999999
v -0.496719 1.330206 0.6069069999999999
v -0.824746 1.018896 0.6311519999999999
v 0.98908 -0.3458419999999999 0.670629
v 1.034655 -0.08737299999999996 0.670629
v 0.21278 0.05754600000000004 0.670629
v 0.167205 -0.20092299999999996 0.670629
v 0.21278 0.05754600000000004 0.670629
v 1.034655 -0.08737299999999996 0.670629
v 1.034655 -0.08737299999999996 0.638848
v 0.21278 0.05754600000000004 0.638848
v 0.21278 0.05754600000000004 0.638848
v 0.167205 -0.20092299999999996 0.638847
v 0.167205 -0.20092299999999996 0.670629
v 0.21278 0.05754600000000004 0.670629
v -0.719742 -0.950961 0.6627350000000001
v -0.656355 -0.591475 0.662735
v -1.002828 -0.530382 0.662735
v -1.066215 -0.889868 0.662735
v 0.348269 -0.20921399999999998 0.674914
v 0.377381 -0.044110999999999956 0.674914
v 0.214718 -0.015428999999999958 0.674914
v 0.185606 -0.18053199999999997 0.674914
v 0.798667 -0.30386199999999997 0.679379
v 0.842838 -0.053359999999999956 0.679379
v 0.587456 -0.008329999999999959 0.679379
v 0.543286 -0.2588309999999999 0.679379
v 1.206588 0.921503 0.42346899999999993
v 1.218592 0.916623 0.26792999999999995
v 1.174415 0.979715 0.26792999999999995
v 1.172555 0.969168 0.42346899999999993
v 1.174415 0.979715 0.26792999999999995
v 1.111323 0.935538 0.26792999999999995
v 1.123951 0.935135 0.42346899999999993
v 1.172555 0.969168 0.42346899999999993
v 1.123951 0.935135 0.42346899999999993
v 1.157984 0.88747 0.42346899999999993
v 1.172555 0.969168 0.42346899999999993
v 1.206588 0.921503 0.42346899999999993
v 1.187667 0.824504 0.49399199999999993
v 1.111815 0.837878 0.49399199999999993
v 1.098441 0.762027 0.49399199999999993
v 1.174292 0.748653 0.49399199999999993
v 1.10715 0.631577 0.26086799999999993
v 1.120525 0.707428 0.26086799999999993
v 1.107265 0.698194 0.4253469999999999
v 1.097869 0.644905 0.4253469999999999
v 1.107265 0.698194 0.4253469999999999
v 1.053975 0.707591 0.4253469999999999
v 1.044579 0.654301 0.4253469999999999
v 1.097869 0.644905 0.4253469999999999
v 1.116961 0.494696 0.26052699999999995
v 1.130336 0.570547 0.26052699999999995
v 1.130336 0.570547 0.500483
v 1.116961 0.4946960000000001 0.500483
v 1.130336 0.570547 0.500483
v 1.054485 0.583922 0.500483
v 1.04111 0.508071 0.500483
v 1.116961 0.4946960000000001 0.500483
v -1.238912 -0.8220779999999999 1.342531
v -0.125823 -1.128618 1.342531
v -0.106874 -0.7301409999999999 1.315365
v 0.020002 -0.3016039999999999 1.342531
v 0.560619 -0.3490319999999999 1.828929
v 0.128133 -0.2727729999999999 1.413004
v -0.024384 -1.137744 1.413004
v 0.408101 -1.2140019999999998 1.828929
v -0.982833 0.45657000000000003 0.587666
v -0.982833 0.45657 -0.007274000000000028
v -0.973445 0.512038 -0.007274000000000031
v -0.973445 0.512038 0.605811
v -1.062426 0.005178000000000036 0.587666
v -1.072574 -0.050155999999999965 0.605811
v -1.072574 -0.050156 -0.007273999999999997
v -1.062426 0.0051779999999999994 -0.007274
v 0.993104 -0.42529099999999986 1.413004
v 0.840586 -1.290261 1.413004
v 0.857017 -1.19708 1.466881
v 0.976673 -0.5184719999999999 1.466881
v -1.235597 -0.9645759999999999 0.9356190000000001
v -1.067152 -0.009270999999999942 0.935619
v -1.067152 -0.009271 -0.007102999999999999
v -1.235597 -0.964576 -0.007102999999999941
v -0.73733 -0.11935499999999996 0.659908
v -0.330589 -0.19107499999999997 0.659908
v -0.32018 -0.14035899999999998 0.661415
v -0.72161 -0.06957599999999996 0.661415
v -1.067152 -0.009270999999999942 0.935619
v -0.721589 -0.06945599999999995 0.935619
v -0.721589 -0.069456 -0.007273999999999996
v -1.067152 -0.009271 -0.007102999999999999
v -1.026031 -0.06844999999999994 0.935619
v -0.730631 -0.12053699999999995 0.935619
v -0.721589 -0.06945599999999995 0.935619
v -1.067152 -0.009270999999999942 0.935619
v -1.026031 -0.06844999999999996 0.659908
v -0.73733 -0.11935499999999996 0.659908
v -0.730631 -0.12053699999999995 0.935619
v -1.026031 -0.06844999999999994 0.935619
v -1.176735 -0.9231389999999999 0.9356190000000001
v -1.026031 -0.06844999999999994 0.935619
v -1.067152 -0.009270999999999942 0.935619
v -1.235597 -0.9645759999999999 0.9356190000000001
v -1.176735 -0.923139 0.6599080000000002
v -1.026031 -0.06844999999999996 0.659908
v -1.026031 -0.06844999999999994 0.935619
v -1.176735 -0.9231389999999999 0.9356190000000001
v -0.72161 -0.06957599999999996 0.661415
v -0.721589 -0.06945599999999995 0.935619
v -0.730631 -0.12053699999999995 0.935619
v -0.73733 -0.11935499999999996 0.659908
v -0.67126 -0.07808099999999996 0.595915
v -0.368968 -0.13138299999999997 0.595915
v -0.229876 0.657447 -0.00908200000000004
v -0.532168 0.71075 -0.009082000000000043
v -0.517195 0.795667 -0.007274000000000049
v -0.67126 -0.07808099999999996 0.661917
v -0.531844 0.712588 -0.008039000000000043
v -0.67126 -0.07808099999999996 0.595915
v -0.368968 -0.13138299999999997 0.595915
v -0.67126 -0.07808099999999996 0.595915
v -0.67126 -0.07808099999999996 0.661917
v -0.368968 -0.13138299999999997 0.661917
v -0.214903 0.742365 -0.007274000000000045
v -0.229552 0.659286 -0.00803900000000004
v -0.368968 -0.13138299999999997 0.661917
v -0.368968 -0.13138299999999997 0.595915
v 1.227342 -1.29111 0.5920570000000002
v 1.346776 -0.61377 0.592057
v 1.063121 -0.563754 0.592057
v 0.943688 -1.241094 0.5920570000000002
v 1.269862 -0.60947 -0.005242999999999963
v 1.320553 -0.639063 0.716008
v 1.31369 -0.657919 0.716008
v 1.262999 -0.628327 -0.005242999999999962
v 1.161876 -1.221886 -0.005242999999999926
v 1.212568 -1.251479 0.7160080000000001
v 1.205705 -1.270335 0.7160080000000001
v 1.155013 -1.240742 -0.005242999999999924
v -1.06058 -1.207454 -0.007273999999999926
v -0.576416 -1.292825 -0.007273999999999921
v -0.576417 -1.292825 0.6284510000000001
v -1.06058 -1.207454 0.6284510000000001
v -0.540015 -1.086381 -0.007273999999999933
v -0.540015 -1.086381 0.7019880000000001
v -0.576417 -1.292825 0.6284510000000001
v -0.576416 -1.292825 -0.007273999999999921
v -1.024178 -1.001011 -0.0072739999999999385
v -1.06058 -1.207454 -0.007273999999999926
v -1.06058 -1.207454 0.6284510000000001
v -1.024178 -1.001011 0.7019880000000001
v -0.521723 -1.089607 0.7182560000000001
v -1.04247 -0.997785 0.7182560000000001
v -1.082691 -1.225891 0.6282650000000001
v -0.561944 -1.317712 0.6282650000000001
v 0.992324 0.049802 -0.011405000000000004
v 0.986855 0.07021200000000001 0.282345
v 0.795132 0.18090300000000004 0.282345
v 0.774722 0.175435 -0.01140500000000001
v 1.117956 0.267404 -0.011405000000000016
v 1.097546 0.261935 0.282345
v 0.986855 0.07021200000000001 0.282345
v 0.992324 0.049802 -0.011405000000000004
v 0.900354 0.393037 -0.011405000000000024
v 0.905823 0.372626 0.282345
v 1.097546 0.261935 0.282345
v 1.117956 0.267404 -0.011405000000000016
v 0.774722 0.175435 -0.01140500000000001
v 0.795132 0.18090300000000004 0.282345
v 0.905823 0.372626 0.282345
v 0.900354 0.393037 -0.011405000000000024
v 0.795132 0.18090300000000004 0.282345
v 0.986855 0.07021200000000001 0.282345
v 1.097546 0.261935 0.282345
v 0.905823 0.372626 0.282345
v -0.780033 -0.31898599999999994 0.963987
v -0.843869 -0.27533599999999997 0.963987
v -0.859001 -0.36596999999999996 0.908584
v -0.682562 -0.10793699999999995 0.908584
v -0.840613 -0.33727999999999997 0.991543
v -0.903069 -0.34344399999999997 0.991543
v -0.86913 -0.36783399999999994 0.918728
v -0.889539 -0.16103299999999995 1.053667
v -0.909936 -0.35061799999999993 0.991543
v -0.887817 -0.40935199999999994 0.991543
v -0.873043 -0.3702559999999999 0.918728
v -1.067515 -0.44349399999999994 1.053667
v -0.961426 -0.41452199999999995 0.963987
v -0.90614 -0.46859399999999996 0.963987
v -0.875499 -0.38196499999999994 0.908584
v -1.094065 -0.6054399999999999 0.908584
v -0.849736 -0.42188299999999995 0.991543
v -0.818962 -0.36718599999999996 0.991543
v -0.858407 -0.38099799999999995 0.918728
v -0.6773 -0.48289599999999994 1.053667
v -0.755292 -0.4122819999999999 0.963987
v -0.756151 -0.33495299999999995 0.963987
v -0.839073 -0.37454299999999996 0.908584
v -0.526503 -0.37107199999999996 0.908584
v -0.786619 -0.45063999999999993 0.653025
v -0.803745 -0.43388999999999994 0.908398
v -0.915031 -0.43512599999999996 0.908398
v -0.931781 -0.45225199999999993 0.653025
v -0.788231 -0.30547799999999997 0.653025
v -0.804981 -0.32260399999999995 0.908398
v -0.803745 -0.43388999999999994 0.908398
v -0.786619 -0.45063999999999993 0.653025
v -0.804981 -0.32260399999999995 0.908398
v -0.916267 -0.32383999999999996 0.908398
v -0.915031 -0.43512599999999996 0.908398
v -0.803745 -0.43388999999999994 0.908398
v 0.899169 -0.21494899999999995 0.915577
v 0.923812 -0.21914599999999995 0.915577
v 0.923812 -0.21914599999999995 0.780274
v 0.899169 -0.21494899999999995 0.780274
v 0.873371 -0.24586399999999997 0.662153
v 0.838077 -0.27088499999999993 0.787428
v 0.860492 -0.14376399999999995 0.787428
v 0.8851 -0.17934799999999998 0.662153
v 0.939114 -0.25745599999999996 0.662153
v 0.963721 -0.29303999999999997 0.787428
v 0.838077 -0.27088499999999993 0.787428
v 0.873371 -0.24586399999999997 0.662153
v 0.950842 -0.19093999999999997 0.662153
v 0.986136 -0.16591799999999995 0.787428
v 0.963721 -0.29303999999999997 0.787428
v 0.939114 -0.25745599999999996 0.662153
v 0.8851 -0.17934799999999998 0.662153
v 0.860492 -0.14376399999999995 0.787428
v 0.986136 -0.16591799999999995 0.787428
v 0.950842 -0.19093999999999997 0.662153
v 0.860492 -0.14376399999999995 0.787428
v 0.838077 -0.27088499999999993 0.787428
v 0.963721 -0.29303999999999997 0.787428
v 0.986136 -0.16591799999999995 0.787428
v 0.493028 -0.10396999999999997 0.783181
v 0.458999 -0.09817499999999996 0.783181
v 0.458999 -0.09817499999999994 1.016684
v 0.493028 -0.10396999999999995 1.016684
v 0.437894 -0.12988799999999998 0.66506
v 0.4026 -0.15490999999999994 0.790335
v 0.425015 -0.02778799999999995 0.790335
v 0.449622 -0.06337199999999996 0.66506
v 0.503637 -0.14147999999999997 0.66506
v 0.528244 -0.17706399999999994 0.790335
v 0.4026 -0.15490999999999994 0.790335
v 0.437894 -0.12988799999999998 0.66506
v 0.515365 -0.07496399999999996 0.66506
v 0.550659 -0.04994299999999995 0.790335
v 0.528244 -0.17706399999999994 0.790335
v 0.503637 -0.14147999999999997 0.66506
v 0.449622 -0.06337199999999996 0.66506
v 0.425015 -0.02778799999999995 0.790335
v 0.550659 -0.04994299999999995 0.790335
v 0.515365 -0.07496399999999996 0.66506
v 0.425015 -0.02778799999999995 0.790335
v 0.4026 -0.15490999999999994 0.790335
v 0.528244 -0.17706399999999994 0.790335
v 0.550659 -0.04994299999999995 0.790335
v 0.479536 -0.10676199999999994 1.015837
v 0.455498 -0.041127999999999935 1.057981
v 0.413902 -0.08272399999999994 1.057981
v 0.3114 0.06137300000000006 1.015837
v 0.479322 -0.09741599999999995 1.015837
v 0.416033 -0.12708199999999995 1.057981
v 0.461096 -0.16489499999999996 1.057981
v 0.326481 -0.27956499999999995 1.015837
v 0.470131 -0.09965799999999994 1.015837
v 0.482407 -0.16846899999999995 1.057981
v 0.530594 -0.13472799999999993 1.057981
v 0.606516 -0.29443499999999995 1.015837
v 0.474762 -0.09974899999999995 1.015837
v 0.514738 -0.042411999999999936 1.057981
v 0.456806 -0.03219699999999994 1.057981
v 0.516051 0.13441800000000007 1.015837
v 0.469802 -0.10069699999999994 1.015837
v 0.538661 -0.11269699999999994 1.057981
v 0.523436 -0.05587499999999994 1.057981
v 0.699479 -0.03915499999999994 1.015837
v 1.01658 0.920093 0.26332599999999995
v 1.086409 1.111946 0.26332599999999995
v 0.663597 1.265837 0.26332599999999995
v 0.593768 1.073984 0.26332599999999995
v 0.960788 0.396299 0.263327
v 1.161852 0.360846 0.263327
v 1.279381 1.027386 0.2633269999999999
v 1.078317 1.062839 0.2633269999999999
v 0.702417 1.1993 -0.007274000000000074
v 0.702417 1.1993 0.24841799999999992
v 0.67748 1.208377 0.24841799999999992
v 0.67748 1.208377 -0.007274000000000074
v 0.686556 1.233315 -0.0072740000000000755
v 0.686556 1.233315 0.24841799999999992
v 0.711494 1.224238 0.24841799999999992
v 0.711494 1.224238 -0.007274000000000075
v 0.652277 1.078014 -0.007274000000000066
v 0.652277 1.078014 0.24841799999999994
v 0.627339 1.08709 0.24841799999999994
v 0.627339 1.08709 -0.007274000000000067
v 0.636415 1.112028 -0.007274000000000069
v 0.636415 1.112028 0.24841799999999994
v 0.661353 1.102952 0.24841799999999994
v 0.661353 1.102952 -0.007274000000000068
v 1.053841 1.071291 -0.007274000000000066
v 1.053841 1.071291 0.24841799999999994
v 1.028903 1.080367 0.24841799999999994
v 1.028903 1.080367 -0.007274000000000066
v 1.03798 1.105305 -0.007274000000000068
v 1.03798 1.105305 0.24841799999999994
v 1.062917 1.096229 0.24841799999999994
v 1.062917 1.096229 -0.007274000000000067
v 1.227458 0.980434 -0.00727400000000006
v 1.227458 0.980434 0.24841799999999994
v 1.232066 1.006569 0.24841799999999994
v 1.232066 1.006569 -0.007274000000000062
v 1.258201 1.001961 -0.007274000000000062
v 1.258201 1.001961 0.24841799999999994
v 1.253593 0.975826 0.24841799999999994
v 1.253593 0.975826 -0.00727400000000006
v 1.093943 1.003976 -0.007274000000000062
v 1.093943 1.003976 0.24841799999999994
v 1.098551 1.030111 0.24841799999999994
v 1.098551 1.030111 -0.007274000000000063
v 1.124686 1.025503 -0.0072740000000000625
v 1.124686 1.025503 0.24841799999999994
v 1.120078 0.999368 0.24841799999999994
v 1.120078 0.999368 -0.007274000000000062
v 1.123482 0.390759 -0.007274000000000024
v 1.123482 0.390759 0.24841799999999997
v 1.128091 0.416894 0.24841799999999997
v 1.128091 0.416894 -0.007274000000000025
v 0.989967 0.414301 -0.007274000000000025
v 0.989967 0.414301 0.24841799999999997
v 0.994576 0.440436 0.24841799999999997
v 0.994576 0.440436 -0.007274000000000027
v 0.489741 1.357016 -0.007274000000000083
v 0.469961 1.360504 0.31855099999999986
v 0.36763 1.378547 0.31855099999999986
v 0.34785 1.382035 -0.007274000000000085
v 0.365035 1.479493 -0.00727400000000009
v 0.382533 1.463064 0.31855099999999986
v 0.484863 1.44502 0.31855099999999986
v 0.506925 1.454474 -0.007274000000000089
v 0.382533 1.463064 0.31855099999999986
v 0.36763 1.378547 0.31855099999999986
v 0.469961 1.360504 0.31855099999999986
v 0.484863 1.44502 0.31855099999999986
v 0.211674 -0.8665699999999998 1.947626
v 0.20407 -0.8753099999999999 2.109868
v 0.200678 -0.9061009999999999 2.109868
v 0.204834 -0.9146209999999999 1.947626
v 0.168088 -0.8699699999999999 2.109868
v 0.20407 -0.8753099999999999 2.109868
v 0.211674 -0.8665699999999998 1.947626
v 0.161745 -0.8629249999999999 1.947626
v 0.233639 -0.9644089999999998 1.623045
v 0.224725 -0.9480209999999999 1.956985
v 0.124688 -0.9303809999999999 1.956985
v 0.107748 -0.9422099999999999 1.462322
v 0.256301 -0.8358869999999999 1.623045
v 0.242319 -0.8482379999999999 1.956985
v 0.224725 -0.9480209999999999 1.956985
v 0.233639 -0.9644089999999998 1.623045
v 0.13041 -0.8136889999999999 1.462322
v 0.142282 -0.8305979999999998 1.956985
v 0.242319 -0.8482379999999999 1.956985
v 0.256301 -0.8358869999999999 1.623045
v 0.107748 -0.9422099999999999 1.462322
v 0.124688 -0.9303809999999999 1.956985
v 0.142282 -0.8305979999999998 1.956985
v 0.13041 -0.8136889999999999 1.462322
v 0.124688 -0.9303809999999999 1.956985
v 0.224725 -0.9480209999999999 1.956985
v 0.242319 -0.8482379999999999 1.956985
v 0.142282 -0.8305979999999998 1.956985
v 1.009731 -0.106703 -0.007273999999999993
v 0.22959 0.030857 -0.007274000000000002
v 0.22959 0.03085700000000004 0.6605
v 1.009731 -0.10670299999999996 0.6605
v 1.009731 -0.106703 -0.007273999999999993
v 1.009731 -0.10670299999999996 0.6605
v 0.968268 -0.34185199999999993 0.6605
v 0.974918 -0.304133 -0.007273999999999982
v 0.194777 -0.166574 -0.00727399999999999
v 0.188127 -0.20429199999999997 0.6605
v 0.22959 0.03085700000000004 0.6605
v 0.22959 0.030857 -0.007274000000000002
v -1.08996 -0.8390029999999999 1.380507
v -1.096336 -0.8028399999999999 1.380507
v -1.004169 -0.760687 0.659256
v -0.997793 -0.796849 0.659256
v 0.993104 -0.42529099999999986 1.413004
v 0.899922 -0.4088599999999999 1.466881
v 0.221315 -0.2892039999999999 1.466881
v 0.128133 -0.2727729999999999 1.413004
v 0.840586 -1.290261 1.413004
v -0.024384 -1.137744 1.413004
v 0.068797 -1.154174 1.466881
v 0.747405 -1.273831 1.466881
v -0.024384 -1.137744 1.413004
v 0.128133 -0.2727729999999999 1.413004
v 0.111703 -0.36595499999999986 1.466881
v -0.007954 -1.044562 1.466881
v 1.133139 -0.10626 -0.007273999999999993
v 1.127608 -0.11014299999999995 0.880981
v 1.121137 -0.14683799999999994 0.880981
v 1.125007 -0.152379 -0.0072739999999999905
v 1.079004 -0.144267 -0.007273999999999991
v 1.084535 -0.14038399999999995 0.880981
v 1.091006 -0.10368899999999995 0.880981
v 1.087136 -0.098148 -0.007273999999999994
v 1.268582 0.661876 -0.007274000000000041
v 1.263051 0.657993 0.880981
v 1.25658 0.621299 0.880981
v 1.26045 0.615757 -0.007274000000000037
v 1.214447 0.623869 -0.007274000000000038
v 1.219978 0.627752 0.880981
v 1.226449 0.664447 0.880981
v 1.222579 0.669988 -0.007274000000000041
v -0.545622 1.422462 -0.007274000000000087
v -0.541476 1.381154 0.6069069999999999
v -0.496719 1.330206 0.6069069999999999
v -0.459424 1.33118 -0.007274000000000082
v -1.033083 0.522554 -0.007274000000000032
v -1.042852 0.467153 -0.007274000000000029
v -1.042852 0.46715300000000004 0.587666
v -1.033083 0.522554 0.605811
v -1.082648 0.24145700000000006 0.852085
v -1.082648 0.24145700000000006 0.919832
v -1.132213 -0.03963999999999997 0.605811
v -1.122444 0.015761000000000035 0.587666
v -1.132213 -0.03964 -0.0072739999999999975
v -1.122444 0.015761 -0.007274000000000001
v -1.235597 -0.9645759999999999 0.9356190000000001
v -1.235597 -0.964576 -0.007102999999999941
v -0.135748 -1.15782 -0.007102999999999929
v -0.244504 -1.138337 0.9356190000000001
v -0.091314 -1.165501 1.049107
v -1.176735 -0.923139 0.6599080000000002
v -1.176735 -0.9231389999999999 0.9356190000000001
v -0.235643 -1.088083 0.9356190000000001
v -0.100281 -1.111951 0.6609130000000001
v -0.082284 -1.115124 1.049107
v -0.330589 -0.19107499999999994 0.935619
v -0.330589 -0.19107499999999997 0.659908
v 0.050635 -0.25829499999999994 0.659908
v -0.085109 -0.23435999999999996 0.935619
v 0.068251 -0.26140099999999994 1.049107
v -0.321709 -0.140713 -0.007102999999999991
v -0.321709 -0.14071299999999995 0.935619
v -0.076229 -0.18399699999999994 0.935619
v 0.032867 -0.203234 -0.007102999999999988
v 0.077131 -0.21103899999999995 1.049107
v 0.250018 1.390865 -8.516591851480417E-17
v 0.271219 1.360586 0.18107499999999993
v 0.426016 1.394903 0.18107499999999993
v 0.432435 1.431306 -8.764221557502008E-17
v 0.559741 1.309712 0.18107499999999993
v 0.59002 1.330913 -8.149491726968006E-17
v 0.594058 1.154915 0.18107499999999993
v 0.630461 1.148496 -7.032509751167692E-17
v 0.508867 1.02119 0.18107499999999996
v 0.530068 0.990911 -6.067579921949514E-17
v 0.35407 0.986873 0.18107499999999996
v 0.347651 0.95047 -5.819950215927925E-17
v 0.220345 1.072064 0.18107499999999996
v 0.190066 1.050863 -6.434680046461926E-17
v 0.186027 1.226861 0.18107499999999993
v 0.149625 1.23328 -7.551662022262239E-17
v 0.271219 1.360586 0.18107499999999993
v 0.250018 1.390865 -8.516591851480417E-17
v -0.071128 -1.172694 1.643173
v -0.147542 -1.221909 -0.007533999999999925
v 0.060266 -1.202555 1.466932
v 0.948449 -1.415161 -0.007533999999999913
v 0.738874 -1.322212 1.466932
v 0.872558 -1.339091 1.643173
v 1.073578 0.460274 0.34233899999999995
v 0.979534 0.342197 0.357958
v 0.985233 0.352068 0.397401
v 1.075931 0.464349 0.35862299999999997
v 1.023261 0.334179 0.40959
v 1.091631 0.456964 0.36365499999999995
v 1.041066 0.313253 0.37768
v 1.098981 0.448325 0.350481
v 0.872558 -1.339091 1.643173
v 0.948449 -1.415161 -0.007533999999999913
v 0.905971 -1.205712 1.466881
v 1.139538 -0.331437 -0.0075639999999999805
v 1.025628 -0.5271039999999999 1.466881
v 1.037841 -0.4017209999999999 1.642603
v 0.068797 -1.154174 1.466881
v -0.071128 -1.172694 1.643173
v 0.060266 -1.202555 1.466932
v 0.747405 -1.273831 1.466881
v 0.738874 -1.322212 1.466932
v 0.872558 -1.339091 1.643173
v 0.111703 -0.36595499999999986 1.466881
v 0.094155 -0.2353239999999999 1.642603
v 0.072345 -0.35901499999999986 1.466881
v -0.007954 -1.044562 1.466881
v -0.047311 -1.037623 1.466881
v -0.071128 -1.172694 1.643173
v 0.899922 -0.4088599999999999 1.466881
v 1.037841 -0.4017209999999999 1.642603
v 0.906845 -0.3695989999999999 1.466876
v 0.221315 -0.2892039999999999 1.466881
v 0.228237 -0.24994199999999991 1.466876
v 0.094155 -0.2353239999999999 1.642603
v 0.857017 -1.19708 1.466881
v 0.872558 -1.339091 1.643173
v 0.905971 -1.205712 1.466881
v 0.976673 -0.5184719999999999 1.466881
v 1.025628 -0.5271039999999999 1.466881
v 1.037841 -0.4017209999999999 1.642603
v -0.147542 -1.221909 -0.007533999999999925
v -0.071128 -1.172694 1.643173
v -0.047311 -1.037623 1.466881
v 0.043548 -0.138185 -0.007563999999999992
v 0.072345 -0.35901499999999986 1.466881
v 0.094155 -0.2353239999999999 1.642603
v -1.062426 0.005178000000000036 0.587666
v -1.062426 0.0051779999999999994 -0.007274
v -1.122444 0.015761 -0.007274000000000001
v -1.122444 0.015761000000000035 0.587666
v -1.022629 0.23087400000000005 0.852085
v -1.082648 0.24145700000000006 0.852085
v -1.072574 -0.050155999999999965 0.605811
v -1.02301 0.23094100000000006 0.919832
v -1.082648 0.24145700000000006 0.919832
v -1.132213 -0.03963999999999997 0.605811
v -1.072574 -0.050156 -0.007273999999999997
v -1.132213 -0.03964 -0.0072739999999999975
v -0.076229 -0.18399699999999994 0.935619
v -0.321709 -0.14071299999999995 0.935619
v -0.330589 -0.19107499999999994 0.935619
v -0.085109 -0.23435999999999996 0.935619
v 0.077131 -0.21103899999999995 1.049107
v 0.068251 -0.26140099999999994 1.049107
v 0.971892 -0.28143699999999994 0.917465
v 0.989662 -0.18065699999999996 0.917465
v 0.997149 -0.23393399999999995 1.025002
v 0.899306 -0.13261399999999995 0.917465
v 0.952289 -0.14195599999999994 1.025002
v 0.997149 -0.23393399999999995 1.025002
v 0.997149 -0.23393399999999995 1.025002
v 0.923536 -0.30502199999999996 1.025002
v 0.911421 -0.21881799999999996 1.074895
v 0.83318 -0.25697799999999993 1.025002
v 0.870553 -0.29567899999999997 0.917465
v 0.971892 -0.28143699999999994 0.917465
v 0.997149 -0.23393399999999995 1.025002
v 0.911421 -0.21881799999999996 1.074895
v 0.85095 -0.15619799999999995 1.025002
v 0.899306 -0.13261399999999995 0.917465
v 0.83318 -0.25697799999999993 1.025002
v 0.825692 -0.20370099999999994 0.917465
v 0.870553 -0.29567899999999997 0.917465
v 0.906845 -0.3695989999999999 1.466876
v 1.037841 -0.4017209999999999 1.642603
v 1.139538 -0.331437 -0.0075639999999999805
v 0.043548 -0.138185 -0.007563999999999992
v 0.228237 -0.24994199999999991 1.466876
v 0.094155 -0.2353239999999999 1.642603
v 0.893185 0.13046600000000003 0.2824
v 1.007236 0.14475000000000002 0.2824
v 0.986153 0.07679100000000003 0.381953
v 0.870952 0.09195800000000003 0.381953
v 0.843168 0.19565000000000002 0.2824
v 0.974644 0.11974200000000003 0.481505
v 0.800218 0.18414100000000003 0.381953
v 0.893185 0.13046600000000003 0.481505
v 0.94686 0.22343400000000002 0.522742
v 0.886484 0.302117 0.2824
v 0.843168 0.19565000000000002 0.481505
v 0.853893 0.27710900000000005 0.481505
v 0.919076 0.32712600000000003 0.481505
v 0.815384 0.299342 0.381953
v 0.907567 0.370076 0.381953
v 1.025544 0.28381 0.2824
v 1.022768 0.35491 0.381953
v 1.000535 0.31640100000000004 0.481505
v 1.093503 0.262727 0.381953
v 1.007236 0.14475000000000002 0.2824
v 0.919076 0.32712600000000003 0.481505
v 0.94686 0.22343400000000002 0.522742
v 1.078336 0.14752600000000002 0.381953
v 0.986153 0.07679100000000003 0.381953
v 1.050552 0.25121800000000005 0.481505
v 1.039828 0.16975900000000002 0.481505
v 0.974644 0.11974200000000003 0.481505
v 1.096088 -0.12315299999999996 0.707906
v 1.129409 0.06582000000000006 0.92874
v 1.162772 0.25503100000000006 0.707906
v 1.229457 0.633221 -0.007274000000000039
v 1.054378 -0.35970099999999994 0.92874
v 1.060808 -0.323236 -0.00727399999999998
v 1.196135 0.4442420000000001 0.92874
v 1.229457 0.633221 0.707906
v 0.559741 1.309712 0.18107499999999993
v 0.426016 1.394903 0.18107499999999993
v 0.594058 1.154915 0.18107499999999993
v 0.35407 0.986873 0.18107499999999996
v 0.508867 1.02119 0.18107499999999996
v 0.186027 1.226861 0.18107499999999993
v 0.220345 1.072064 0.18107499999999996
v 0.271219 1.360586 0.18107499999999993
v 1.250601 0.629492 -0.007274000000000038
v 1.250601 0.629492 0.707906
v 1.081952 -0.326965 -0.00727399999999998
v 1.217279 0.44051400000000007 0.92874
v 1.183916 0.25130300000000005 0.707906
v 1.117232 -0.12688199999999994 0.707906
v 1.075523 -0.3634299999999999 0.92874
v 1.150553 0.06209200000000006 0.92874
vt 0.792643 0.560356
vt 0.799740 0.560356
vt 0.798781 0.585651
vt 0.798781 0.585651
vt 0.791723 0.585480
vt 0.792643 0.560356
vt 0.817626 0.284677
vt 0.834145 0.267033
vt 0.819408 0.290105
vt 0.818630 0.251261
vt 0.834145 0.267033
vt 0.818630 0.261518
vt 0.818630 0.261518
vt 0.834145 0.267033
vt 0.818630 0.272395
vt 0.818630 0.272395
vt 0.834145 0.267033
vt 0.818630 0.282869
vt 0.699965 0.740843
vt 0.766645 0.874125
vt 0.766643 0.607559
vt 0.699965 0.740843
vt 0.766643 0.607559
vt 0.766645 0.874125
vt 0.815932 0.232243
vt 0.781528 0.303901
vt 0.781528 0.288442
vt 0.781528 0.288442
vt 0.809152 0.228103
vt 0.815932 0.232243
vt 0.781528 0.288442
vt 0.781528 0.303901
vt 0.747123 0.232244
vt 0.747123 0.232244
vt 0.753904 0.228104
vt 0.781528 0.288442
vt 0.862867 0.469088
vt 0.883288 0.446400
vt 0.856423 0.446400
vt 0.813825 0.816924
vt 0.834246 0.794159
vt 0.807381 0.794160
vt 0.883288 0.648635
vt 0.862867 0.625919
vt 0.856423 0.648635
vt 0.855705 0.994827
vt 0.855705 0.655603
vt 0.997892 0.655602
vt 0.997892 0.655602
vt 0.997893 0.994826
vt 0.855705 0.994827
vt 0.664687 0.979894
vt 0.697155 0.979894
vt 0.697155 0.988160
vt 0.697155 0.988160
vt 0.664864 0.988263
vt 0.664687 0.979894
vt 0.646739 0.339796
vt 0.646739 0.339796
vt 0.719244 0.522614
vt 1.646739 0.339796
vt 1.646739 0.339796
vt 1.648939 0.325322
vt 1.648939 0.325322
vt 1.653721 0.318372
vt 1.734141 0.521068
vt 1.734141 0.521068
vt 1.729045 0.527746
vt 1.648939 0.325322
vt 0.729045 0.527746
vt 0.734141 0.521068
vt 0.653721 0.318372
vt 0.653721 0.318372
vt 0.648939 0.325322
vt 0.729045 0.527746
vt 0.734141 0.521068
vt 0.734142 0.318372
vt 0.653721 0.318372
vt 1.734141 0.521068
vt 1.653721 0.318372
vt 1.734142 0.318372
vt 0.797779 0.611314
vt 0.817347 0.612879
vt 0.817315 0.619007
vt 0.817315 0.619007
vt 0.797734 0.619830
vt 0.797779 0.611314
vt 0.883288 0.648635
vt 0.856423 0.648635
vt 0.862867 0.625919
vt 0.834247 0.996395
vt 0.807383 0.996396
vt 0.813827 0.973756
vt 0.813825 0.816924
vt 0.807381 0.794160
vt 0.834246 0.794159
vt 1.803827 0.973756
vt 1.797383 0.996396
vt 1.824247 0.996395
vt 0.862867 0.469088
vt 0.856423 0.446400
vt 0.883288 0.446400
vt 0.798781 0.585651
vt 0.799740 0.560356
vt 0.806352 0.560356
vt 0.806352 0.560356
vt 0.805291 0.585905
vt 0.794717 0.053234
vt 0.794476 0.023684
vt 0.801345 0.023189
vt 0.801345 0.023189
vt 0.801345 0.053945
vt 0.733806 0.583719
vt 0.733447 0.537996
vt 0.742705 0.537996
vt 0.742705 0.537996
vt 0.742705 0.584102
vt 0.801345 0.023189
vt 0.808351 0.023189
vt 0.808351 0.053945
vt 0.808351 0.053945
vt 0.801345 0.053945
vt 0.808351 0.023189
vt 0.815454 0.023189
vt 0.815454 0.053945
vt 0.815454 0.053945
vt 0.808351 0.053945
vt 0.742705 0.537996
vt 0.754481 0.537996
vt 0.754481 0.584102
vt 0.754481 0.584102
vt 0.742705 0.584102
vt 0.754481 0.537996
vt 0.766484 0.537996
vt 0.766484 0.584102
vt 0.766484 0.584102
vt 0.754481 0.584102
vt 0.453900 0.234004
vt 0.543678 0.234004
vt 0.543678 0.478524
vt 0.453900 0.478524
vt 0.453900 0.234004
vt 0.350157 0.205798
vt 0.350157 0.219617
vt 0.297630 0.219617
vt 0.297630 0.219617
vt 0.297630 0.205798
vt 0.737713 0.450643
vt 0.769060 0.457638
vt 0.769060 0.483032
vt 0.737713 0.491495
vt 0.737713 0.450643
vt 0.737713 0.409838
vt 0.769060 0.417926
vt 0.769060 0.443322
vt 0.737713 0.450643
vt 0.737713 0.409838
vt 0.834458 0.349299
vt 0.795101 0.349300
vt 0.795101 0.329003
vt 0.795101 0.329003
vt 0.834458 0.329003
vt 0.738572 0.329004
vt 0.777921 0.329004
vt 0.777921 0.349300
vt 0.777921 0.349300
vt 0.738572 0.349300
vt 0.798114 0.602820
vt 0.817588 0.606767
vt 0.817347 0.612879
vt 0.797779 0.611314
vt 0.798114 0.602820
vt 0.262173 0.612487
vt 0.262173 0.472713
vt 0.273340 0.472713
vt 0.273340 0.612487
vt 0.262173 0.612487
vt 0.132073 0.191896
vt 0.132073 0.177989
vt 0.178068 0.177989
vt 0.178068 0.191896
vt 0.132073 0.191896
vt 0.254569 0.177989
vt 0.254569 0.191896
vt 0.846475 0.649959
vt 0.846474 0.431943
vt 0.851489 0.420338
vt 0.851489 0.420338
vt 0.851490 0.649958
vt 0.846475 0.695184
vt 0.851490 0.695184
vt 0.143339 0.472715
vt 0.143339 0.456918
vt 0.197453 0.456917
vt 0.197453 0.472714
vt 0.143339 0.472715
vt 0.262173 0.456916
vt 0.262173 0.472713
vt 0.071799 0.472716
vt 0.131958 0.472715
vt 0.131959 0.612489
vt 0.003886 0.612490
vt 0.003886 0.472717
vt 0.071800 0.612489
vt 0.131959 0.612489
vt 0.197454 0.612488
vt 0.197453 0.472714
vt 0.262173 0.472713
vt 0.262173 0.472713
vt 0.262173 0.612487
vt 0.143340 0.612488
vt 0.143339 0.472715
vt 0.143339 0.472715
vt 0.197453 0.472714
vt 0.525353 0.118368
vt 0.525352 0.033948
vt 0.625948 0.033946
vt 0.625948 0.118367
vt 0.625948 0.033946
vt 0.525352 0.033948
vt 0.525352 0.023751
vt 0.625948 0.023750
vt 0.629795 0.033946
vt 0.629795 0.118366
vt 0.625948 0.118367
vt 0.625948 0.033946
vt 0.379971 0.001575
vt 0.379971 0.078902
vt 0.344758 0.078902
vt 0.344758 0.001575
vt 0.575268 0.660966
vt 0.575268 0.723741
vt 0.541324 0.723741
vt 0.541324 0.660966
vt 0.583528 0.566561
vt 0.583528 0.650418
vt 0.539161 0.650418
vt 0.539161 0.566561
vt 0.805291 0.585905
vt 0.806352 0.560356
vt 0.812688 0.560356
vt 0.812688 0.586470
vt 0.785614 0.560356
vt 0.792643 0.560356
vt 0.791723 0.585480
vt 0.784978 0.585424
vt 0.784950 0.586682
vt 0.791455 0.586966
vt 0.785048 0.597105
vt 0.791306 0.596384
vt 0.817626 0.284677
vt 0.809268 0.282096
vt 0.811549 0.267519
vt 0.818630 0.272395
vt 0.815454 0.023189
vt 0.822496 0.023189
vt 0.822496 0.053945
vt 0.815454 0.053945
vt 0.813817 0.066117
vt 0.807218 0.065898
vt 0.807327 0.054757
vt 0.813926 0.054976
vt 0.766484 0.537996
vt 0.778196 0.537996
vt 0.778196 0.584102
vt 0.766484 0.584102
vt 0.740442 0.601610
vt 0.740314 0.585221
vt 0.749652 0.585020
vt 0.748880 0.602484
vt 0.601299 0.253937
vt 0.720288 0.543247
vt 0.655989 0.599929
vt 0.598407 0.685636
vt 0.453900 0.478524
vt 0.364122 0.478524
vt 0.364122 0.234004
vt 0.453900 0.234004
vt 0.809152 0.228103
vt 0.809151 0.092341
vt 0.815932 0.092341
vt 0.815932 0.232243
vt 0.753904 0.228104
vt 0.747123 0.232244
vt 0.747122 0.092342
vt 0.753903 0.092342
vt 0.856423 0.446400
vt 0.856423 0.648635
vt 0.862867 0.625919
vt 0.862867 0.469088
vt 0.162711 0.449028
vt 0.045983 0.449028
vt 0.045784 0.233904
vt 0.162711 0.233904
vt 0.837024 0.396563
vt 0.837024 0.302315
vt 0.841885 0.301985
vt 0.841885 0.395003
vt 0.045248 0.449028
vt 0.003504 0.449028
vt 0.003504 0.233865
vt 0.045248 0.233904
vt 0.846473 0.188546
vt 0.846473 0.120084
vt 0.851805 0.120084
vt 0.852653 0.200112
vt 0.327316 0.551856
vt 0.291570 0.551856
vt 0.291570 0.489060
vt 0.327316 0.489059
vt 0.846474 0.408767
vt 0.846474 0.210724
vt 0.852653 0.200112
vt 0.851489 0.420338
vt 0.431862 0.551903
vt 0.327316 0.551856
vt 0.327316 0.489059
vt 0.431861 0.489106
vt 0.285310 0.551856
vt 0.285310 0.489060
vt 0.291570 0.489060
vt 0.291570 0.551856
vt 0.547778 0.230177
vt 0.596987 0.230176
vt 0.596988 0.446780
vt 0.547779 0.446781
vt 0.729045 0.527746
vt 0.648939 0.325322
vt 0.719244 0.522614
vt 0.646739 0.339796
vt 0.021126 0.004101
vt 0.021127 0.053900
vt 0.004450 0.053900
vt 0.004450 0.004101
vt 1.729045 0.527746
vt 1.719244 0.522614
vt 1.648939 0.325322
vt 1.646739 0.339796
vt 0.540334 0.995639
vt 0.540334 0.753388
vt 0.591325 0.753388
vt 0.591326 0.995639
vt 0.821872 0.234994
vt 0.821872 0.069865
vt 0.824290 0.069865
vt 0.824291 0.234994
vt 0.866988 0.621206
vt 0.866988 0.475662
vt 0.869407 0.475662
vt 0.869407 0.621206
vt 0.485943 0.220577
vt 0.416263 0.220578
vt 0.416262 0.045525
vt 0.485942 0.045524
vt 0.386551 0.220578
vt 0.386551 0.025276
vt 0.416262 0.045525
vt 0.416263 0.220578
vt 0.515654 0.220576
vt 0.485943 0.220577
vt 0.485942 0.045524
vt 0.515654 0.025274
vt 0.861674 0.049595
vt 0.990573 0.049593
vt 0.990574 0.162230
vt 0.861675 0.162232
vt 0.548714 0.125600
vt 0.548714 0.191305
vt 0.520232 0.191305
vt 0.520232 0.125600
vt 0.577290 0.125600
vt 0.577290 0.191305
vt 0.548714 0.191305
vt 0.548714 0.125600
vt 0.605808 0.125600
vt 0.605808 0.191305
vt 0.577290 0.191305
vt 0.577290 0.125600
vt 0.634256 0.125600
vt 0.634256 0.191305
vt 0.605808 0.191305
vt 0.605808 0.125600
vt 0.634256 0.191305
vt 0.634256 0.245038
vt 0.605808 0.245038
vt 0.605808 0.191305
vt 0.789497 0.477486
vt 0.789497 0.495133
vt 0.777433 0.486310
vt 0.818542 0.486309
vt 0.794280 0.449765
vt 0.794280 0.464087
vt 0.784893 0.456926
vt 0.817765 0.456926
vt 0.793590 0.402583
vt 0.793590 0.416905
vt 0.784203 0.409744
vt 0.817075 0.409744
vt 0.829541 0.510057
vt 0.829541 0.492410
vt 0.841606 0.501234
vt 0.800497 0.501234
vt 0.794166 0.379012
vt 0.794166 0.393333
vt 0.784779 0.386173
vt 0.817651 0.386172
vt 0.831186 0.453742
vt 0.831186 0.436095
vt 0.843250 0.444919
vt 0.802141 0.444919
vt 0.737713 0.369114
vt 0.769060 0.376864
vt 0.769060 0.402260
vt 0.737713 0.409838
vt 0.737713 0.491495
vt 0.769060 0.498146
vt 0.769060 0.523538
vt 0.737713 0.531669
vt 0.782418 0.376835
vt 0.782418 0.402231
vt 0.769060 0.402260
vt 0.769060 0.376864
vt 0.746361 0.288188
vt 0.746361 0.296255
vt 0.730051 0.296255
vt 0.730051 0.288188
vt 0.758038 0.142005
vt 0.773560 0.142005
vt 0.773560 0.171281
vt 0.758038 0.171282
vt 0.758038 0.112860
vt 0.773559 0.112860
vt 0.773560 0.142005
vt 0.758038 0.142005
vt 0.758038 0.083411
vt 0.773559 0.083426
vt 0.773559 0.112860
vt 0.758038 0.112860
vt 0.758038 0.171282
vt 0.773560 0.171281
vt 0.773560 0.200436
vt 0.758038 0.200663
vt 0.789179 0.083678
vt 0.789179 0.112955
vt 0.773559 0.112860
vt 0.773559 0.083426
vt 0.783657 0.471922
vt 0.780885 0.471922
vt 0.780885 0.417788
vt 0.783657 0.417788
vt 0.791543 0.236362
vt 0.775947 0.236237
vt 0.775947 0.206710
vt 0.791543 0.206710
vt 0.791543 0.148207
vt 0.775947 0.148207
vt 0.775947 0.119139
vt 0.791543 0.119226
vt 0.791543 0.177722
vt 0.775947 0.177722
vt 0.775947 0.148207
vt 0.791543 0.148207
vt 0.791543 0.206710
vt 0.775947 0.206710
vt 0.775947 0.177722
vt 0.791543 0.177722
vt 0.775947 0.206710
vt 0.775947 0.236237
vt 0.760710 0.236237
vt 0.760710 0.206711
vt 0.837116 0.530292
vt 0.827939 0.537004
vt 0.827939 0.523580
vt 0.805845 0.530292
vt 0.784104 0.519100
vt 0.793281 0.512388
vt 0.793281 0.525812
vt 0.815374 0.519100
vt 0.833422 0.397616
vt 0.824245 0.404328
vt 0.824245 0.390904
vt 0.802151 0.397617
vt 0.833804 0.553081
vt 0.824627 0.559793
vt 0.824627 0.546369
vt 0.802534 0.553081
vt 0.835041 0.422889
vt 0.825864 0.429601
vt 0.825864 0.416178
vt 0.803770 0.422889
vt 0.633289 0.884107
vt 0.657899 0.884107
vt 0.657908 0.986753
vt 0.633289 0.986759
vt 0.598308 0.833789
vt 0.622918 0.833789
vt 0.622919 0.988251
vt 0.598309 0.988251
vt 0.748843 0.886286
vt 0.779663 0.886286
vt 0.779663 0.892342
vt 0.748843 0.892342
vt 0.748843 0.898398
vt 0.779663 0.898398
vt 0.779663 0.904454
vt 0.748843 0.904454
vt 0.748403 0.972041
vt 0.779224 0.972041
vt 0.779224 0.978097
vt 0.748403 0.978097
vt 0.748403 0.984153
vt 0.779224 0.984153
vt 0.779224 0.990208
vt 0.748403 0.990208
vt 0.714717 0.926161
vt 0.745538 0.926161
vt 0.745538 0.932217
vt 0.714717 0.932217
vt 0.714717 0.914049
vt 0.745538 0.914049
vt 0.745538 0.920105
vt 0.714717 0.920105
vt 0.748403 0.920979
vt 0.779224 0.920979
vt 0.779224 0.927035
vt 0.748403 0.927035
vt 0.748403 0.933091
vt 0.779224 0.933091
vt 0.779224 0.939147
vt 0.748403 0.939147
vt 0.714717 0.978116
vt 0.745538 0.978116
vt 0.745538 0.984172
vt 0.714717 0.984172
vt 0.714717 0.990228
vt 0.745538 0.990228
vt 0.745538 0.996284
vt 0.714717 0.996284
vt 0.715157 0.892073
vt 0.745978 0.892073
vt 0.745978 0.898129
vt 0.715157 0.898129
vt 0.714717 0.948364
vt 0.745538 0.948364
vt 0.745538 0.954420
vt 0.714717 0.954420
vt 0.834458 0.329003
vt 0.795101 0.329003
vt 0.794214 0.305441
vt 0.833263 0.296266
vt 0.833517 0.381997
vt 0.794432 0.372880
vt 0.795101 0.349300
vt 0.834458 0.349299
vt 0.777921 0.349300
vt 0.777921 0.329004
vt 0.795101 0.329003
vt 0.795101 0.349300
vt 0.798736 0.594385
vt 0.818036 0.600696
vt 0.817588 0.606767
vt 0.798114 0.602820
vt 0.817315 0.619007
vt 0.817875 0.631214
vt 0.798512 0.636792
vt 0.797734 0.619830
vt 0.624978 0.745617
vt 0.665407 0.744060
vt 0.665407 0.767699
vt 0.605383 0.767699
vt 0.625820 0.819635
vt 0.665407 0.820100
vt 0.665407 0.846839
vt 0.625827 0.846416
vt 0.605383 0.794646
vt 0.665407 0.794646
vt 0.665407 0.820100
vt 0.625820 0.819635
vt 0.605383 0.767699
vt 0.665407 0.767699
vt 0.665407 0.794646
vt 0.605383 0.794646
vt 0.676851 0.794646
vt 0.676851 0.820100
vt 0.665407 0.820100
vt 0.665407 0.794646
vt 0.724018 0.069901
vt 0.724019 0.250672
vt 0.643527 0.250673
vt 0.643526 0.069903
vt 0.724018 0.069901
vt 0.643526 0.069903
vt 0.643525 0.015416
vt 0.724017 0.024154
vt 0.724019 0.296419
vt 0.643527 0.305160
vt 0.643527 0.250673
vt 0.724019 0.250672
vt 0.866054 0.270651
vt 0.872315 0.270651
vt 0.872316 0.436852
vt 0.866055 0.436852
vt 0.807381 0.794160
vt 0.813825 0.816924
vt 0.813827 0.973756
vt 0.807383 0.996396
vt 1.797381 0.794160
vt 1.797383 0.996396
vt 1.803827 0.973756
vt 1.803825 0.816924
vt 0.856423 0.648635
vt 0.856423 0.446400
vt 0.862867 0.469088
vt 0.862867 0.625919
vt 0.268814 0.122789
vt 0.375884 0.122789
vt 0.375884 0.133843
vt 0.268814 0.133843
vt 0.268814 0.101262
vt 0.375884 0.101262
vt 0.375884 0.110490
vt 0.268814 0.110490
vt 0.794502 0.996396
vt 0.794500 0.793699
vt 0.799666 0.793699
vt 0.799668 0.996396
vt 0.783468 0.996397
vt 0.783466 0.793699
vt 0.788499 0.793699
vt 0.788501 0.996397
vt 0.131959 0.612489
vt 0.131958 0.472715
vt 0.143339 0.472715
vt 0.143340 0.612488
vt 0.802189 0.229353
vt 0.795408 0.229353
vt 0.795408 0.093591
vt 0.802189 0.089451
vt 0.767783 0.033253
vt 0.767783 0.017793
vt 0.733377 0.089451
vt 0.740158 0.093592
vt 0.733378 0.229354
vt 0.740159 0.229354
vt 0.163425 0.449028
vt 0.163425 0.233904
vt 0.297315 0.233904
vt 0.284035 0.449028
vt 0.302750 0.474925
vt 0.431862 0.551903
vt 0.431861 0.489106
vt 0.547029 0.489105
vt 0.563596 0.551901
vt 0.565800 0.463164
vt 0.697155 0.979894
vt 0.664687 0.979894
vt 0.664687 0.891559
vt 0.697920 0.923013
vt 0.711600 0.887477
vt 0.357446 0.233436
vt 0.357447 0.448560
vt 0.327401 0.448561
vt 0.314047 0.233437
vt 0.308630 0.474458
vt 0.451099 0.563602
vt 0.451099 0.605746
vt 0.430526 0.605746
vt 0.430526 0.563602
vt 0.409709 0.605746
vt 0.409709 0.563602
vt 0.389243 0.605746
vt 0.389243 0.563602
vt 0.368913 0.605746
vt 0.368913 0.563602
vt 0.348068 0.605746
vt 0.348068 0.563602
vt 0.326426 0.605746
vt 0.326426 0.563602
vt 0.305291 0.605746
vt 0.305291 0.563602
vt 0.285130 0.605746
vt 0.285130 0.563602
vt 0.395276 0.618257
vt 0.403318 0.995273
vt 0.379054 0.658445
vt 0.269172 0.995274
vt 0.295994 0.658446
vt 0.279771 0.618258
vt 0.487725 0.595394
vt 0.487725 0.562546
vt 0.491210 0.562546
vt 0.491210 0.595394
vt 0.494852 0.562546
vt 0.494852 0.595394
vt 0.498321 0.562546
vt 0.498321 0.595394
vt 0.261677 0.618259
vt 0.269172 0.995274
vt 0.245128 0.658447
vt 0.136322 0.995276
vt 0.162079 0.658448
vt 0.146961 0.618260
vt 0.106390 0.120479
vt 0.128872 0.120479
vt 0.106390 0.135489
vt 0.036338 0.120481
vt 0.036338 0.135491
vt 0.010809 0.135491
vt 0.105756 0.094917
vt 0.128290 0.094916
vt 0.105756 0.109927
vt 0.035703 0.094918
vt 0.035703 0.109928
vt 0.013217 0.094919
vt 0.235265 0.092639
vt 0.257742 0.092639
vt 0.235265 0.107649
vt 0.165212 0.092640
vt 0.165212 0.107650
vt 0.142732 0.092641
vt 0.236599 0.119961
vt 0.262348 0.134970
vt 0.236599 0.134971
vt 0.166546 0.119962
vt 0.166546 0.134972
vt 0.144057 0.119963
vt 0.403318 0.995273
vt 0.410375 0.618257
vt 0.426894 0.658444
vt 0.535802 0.995271
vt 0.509886 0.658443
vt 0.525013 0.618255
vt 0.086079 0.191896
vt 0.009577 0.191896
vt 0.009577 0.177989
vt 0.086079 0.177989
vt 0.132073 0.191896
vt 0.132073 0.177989
vt 0.245102 0.205798
vt 0.297630 0.205798
vt 0.297630 0.219617
vt 0.245102 0.219617
vt 0.171203 0.205798
vt 0.171203 0.219617
vt 0.860153 0.373267
vt 0.860153 0.430149
vt 0.854976 0.430149
vt 0.854976 0.373267
vt 0.860153 0.328027
vt 0.854976 0.328027
vt 0.610396 0.716353
vt 0.603488 0.720576
vt 0.604603 0.695006
vt 0.594646 0.737286
vt 0.596318 0.712032
vt 0.604603 0.695006
vt 0.604603 0.695006
vt 0.615524 0.705781
vt 0.617801 0.685919
vt 0.626415 0.704079
vt 0.620941 0.725485
vt 0.610396 0.716353
vt 0.604603 0.695006
vt 0.589624 0.693508
vt 0.588071 0.716670
vt 0.594646 0.737286
vt 0.577993 0.707291
vt 0.583534 0.726997
vt 0.572626 0.728824
vt 0.109281 0.658449
vt 0.125503 0.618260
vt 0.136322 0.995276
vt 0.001959 0.995278
vt 0.026221 0.658450
vt 0.009999 0.618262
vt 0.649490 0.715786
vt 0.627770 0.722793
vt 0.628447 0.677108
vt 0.646945 0.682417
vt 0.666693 0.708583
vt 0.637473 0.633717
vt 0.662903 0.677483
vt 0.647747 0.645733
vt 0.658285 0.606836
vt 0.687829 0.688339
vt 0.658858 0.644471
vt 0.668226 0.629678
vt 0.675903 0.612433
vt 0.675374 0.662494
vt 0.684873 0.647559
vt 0.711851 0.662050
vt 0.697941 0.634646
vt 0.689723 0.606747
vt 0.712135 0.622664
vt 0.735727 0.638015
vt 0.675903 0.612433
vt 0.693062 0.567855
vt 0.723278 0.605867
vt 0.737365 0.589028
vt 0.701062 0.596895
vt 0.709691 0.583097
vt 0.717511 0.564143
vt 0.970859 0.233864
vt 0.996980 0.277651
vt 0.970860 0.321495
vt 0.886267 0.409130
vt 0.996979 0.179052
vt 0.886265 0.187505
vt 0.996981 0.365337
vt 0.970860 0.409127
vt 0.718606 0.868873
vt 0.701010 0.884125
vt 0.725585 0.834691
vt 0.701010 0.785299
vt 0.718266 0.799540
vt 0.676397 0.834691
vt 0.683517 0.799866
vt 0.683581 0.869169
vt 0.886802 0.416884
vt 0.971396 0.416881
vt 0.886805 0.638509
vt 0.997517 0.460669
vt 0.971397 0.504513
vt 0.971397 0.592144
vt 0.997518 0.646955
vt 0.997518 0.548355
vn -0.985437 -0.149419 0.08116800000000002
vn -0.172872 -0.980113 0.09743600000000005
vn -0.133689 -0.768013 0.626325
vn -0.133689 -0.768013 0.626325
vn -0.780108 0.42094100000000007 0.46286
vn -0.985437 -0.149419 0.08116800000000002
vn 0.545204 0.38175700000000007 0.746334
vn -2E-06 9.999999999387675E-07 -1
vn -0.533448 0.761841 0.36746799999999996
vn -0.533448 0.761841 0.36746799999999996
vn -2E-06 9.999999999387675E-07 -1
vn -0.545205 -0.38175699999999996 0.746333
vn -0.545205 -0.38175699999999996 0.746333
vn -2E-06 9.999999999387675E-07 -1
vn 0.533447 -0.761841 0.36746700000000004
vn 0.533447 -0.761841 0.36746700000000004
vn -2E-06 9.999999999387675E-07 -1
vn 0.545204 0.38175700000000007 0.746334
vn -0.173648 -0.984808 6.030209824873533E-17
vn -0.173648 -0.984808 6.030209824873533E-17
vn -0.173648 -0.984808 6.030209824873533E-17
vn 0.173648 0.984808 -6.030209824873533E-17
vn 0.173648 0.984808 -6.030209824873533E-17
vn 0.173648 0.984808 -6.030209824873533E-17
vn 0.985861 -0.167469 0.00569800000000001
vn 0.985861 -0.167469 0.00569800000000001
vn 0.985861 -0.167469 0.00569800000000001
vn 0.985714 -0.168363 0.004648000000000011
vn 0.985714 -0.168363 0.004648000000000011
vn 0.985714 -0.168363 0.004648000000000011
vn 0.983684 -0.179815 0.005698000000000011
vn 0.983684 -0.179815 0.005698000000000011
vn 0.983684 -0.179815 0.005698000000000011
vn 0.983852 -0.178924 0.0046480000000000115
vn 0.983852 -0.178924 0.0046480000000000115
vn 0.983852 -0.178924 0.0046480000000000115
vn -0.952486 0.259836 0.15891799999999998
vn -0.952486 0.259836 0.15891799999999998
vn -0.952486 0.259836 0.15891799999999998
vn 0.263075 0.950542 0.16511199999999995
vn 0.263075 0.950542 0.16511199999999995
vn 0.263075 0.950542 0.16511199999999995
vn -0.984385 0.08418600000000001 0.154595
vn -0.984385 0.08418600000000001 0.154595
vn -0.984385 0.08418600000000001 0.154595
vn 0 6.123233995736766E-17 1
vn 0 6.123233995736766E-17 1
vn 0 6.123233995736766E-17 1
vn -0.000705 0.0013010000000000612 0.999999
vn -0.000705 0.0013010000000000612 0.999999
vn -0.000705 0.0013010000000000612 0.999999
vn -0.984808 0.173648 -1.063287336891698E-17
vn -0.984808 0.173648 -1.063287336891698E-17
vn -0.984808 0.173648 -1.063287336891698E-17
vn -0.979537 0.201196 -0.005202000000000012
vn -0.979537 0.201196 -0.005202000000000012
vn -0.979537 0.201196 -0.005202000000000012
vn 1 0 0
vn 1 0 0
vn 1 0 0
vn 1 0 0
vn 1 0 0
vn 1 0 0
vn 0.116839 0.590341 0.798653
vn 0.116839 0.590341 0.798653
vn 0.116839 0.590341 0.798653
vn 0.104566 0.593021 0.798368
vn 0.104566 0.593021 0.798368
vn 0.104566 0.593021 0.798368
vn 0.104488 0.59258 0.798706
vn 0.104488 0.59258 0.798706
vn 0.104488 0.59258 0.798706
vn 0.092549 0.595095 0.798309
vn 0.092549 0.595095 0.798309
vn 0.092549 0.595095 0.798309
vn -0.984806 0.173661 -1.0633669389336425E-17
vn -0.984806 0.173661 -1.0633669389336425E-17
vn -0.984806 0.173661 -1.0633669389336425E-17
vn 0.984806 -0.173648 0.0021590000000000107
vn 0.984806 -0.173648 0.0021590000000000107
vn 0.984806 -0.173648 0.0021590000000000107
vn -0.939553 -0.337778 0.05609400000000002
vn -0.522837 -0.850316 0.060036000000000055
vn -0.618096 0.783566 0.06309899999999996
vn -0.618096 0.783566 0.06309899999999996
vn -0.63812 0.767727 0.05828599999999995
vn -0.939553 -0.337778 0.05609400000000002
vn 0.953813 -0.25757 0.15459400000000004
vn 0.953813 -0.25757 0.15459400000000004
vn 0.953813 -0.25757 0.15459400000000004
vn -0.240107 -0.963105 0.12155900000000006
vn -0.240107 -0.963105 0.12155900000000006
vn -0.240107 -0.963105 0.12155900000000006
vn -0.103774 -0.987145 0.12155900000000006
vn -0.103774 -0.987145 0.12155900000000006
vn -0.103774 -0.987145 0.12155900000000006
vn 0.077895 0.983194 0.16511299999999995
vn 0.077895 0.983194 0.16511299999999995
vn 0.077895 0.983194 0.16511299999999995
vn 0.983914 -0.08160299999999998 0.158918
vn 0.983914 -0.08160299999999998 0.158918
vn 0.983914 -0.08160299999999998 0.158918
vn -0.133689 -0.768013 0.626325
vn -0.172872 -0.980113 0.09743600000000005
vn 0.876628 -0.474038 0.08253000000000003
vn 0.876628 -0.474038 0.08253000000000003
vn 0.87625 0.13371300000000003 0.462932
vn 0.637448 0.44635800000000003 0.628032
vn 0.815221 0.570839 0.09776399999999996
vn -0.570819 0.815235 0.09776399999999995
vn -0.570819 0.815235 0.09776399999999995
vn -0.446342 0.637459 0.628032
vn 0.668835 0.46832300000000004 0.57735
vn 0.819152 0.573577 -3.512146185572707E-17
vn -0.573576 0.819152 -5.015859374075763E-17
vn -0.573576 0.819152 -5.015859374075763E-17
vn -0.468323 0.668835 0.57735
vn -0.570819 0.815235 0.09776399999999995
vn -0.593142 -0.799668 0.09334600000000005
vn -0.681093 -0.20258299999999996 0.703614
vn -0.681093 -0.20258299999999996 0.703614
vn -0.446342 0.637459 0.628032
vn -0.593142 -0.799668 0.09334600000000005
vn 0.799692 -0.593135 0.09318700000000005
vn 0.250657 -0.842657 0.47655100000000006
vn 0.250657 -0.842657 0.47655100000000006
vn -0.681093 -0.20258299999999996 0.703614
vn -0.573576 0.819152 -5.015859374075763E-17
vn -0.595735 -0.803181 4.918065203929852E-17
vn -0.714421 -0.21250399999999997 0.666667
vn -0.714421 -0.21250399999999997 0.666667
vn -0.468323 0.668835 0.57735
vn -0.595735 -0.803181 4.918065203929852E-17
vn 0.803181 -0.595735 3.6478248044502425E-17
vn 0.260263 -0.874984 0.40824800000000006
vn 0.260263 -0.874984 0.40824800000000006
vn -0.714421 -0.21250399999999997 0.666667
vn 0.29648 -0.05227699999999994 0.953607
vn 0.677195 -0.11940799999999996 0.72605
vn 0.677195 -0.11940799999999996 0.72605
vn -0.29648 0.05227700000000005 0.953607
vn 0.29648 -0.05227699999999994 0.953607
vn 0.128497 0.728745 0.672621
vn 0.128497 0.728745 0.672621
vn 0 6.123233995736766E-17 1
vn 0 6.123233995736766E-17 1
vn 0 6.123233995736766E-17 1
vn -0.455319 0.885905 0.08864099999999994
vn -0.895798 0.435532 0.08864199999999997
vn 0.435532 0.895798 0.08864099999999994
vn 0.885905 0.455319 0.08864099999999997
vn -0.455319 0.885905 0.08864099999999994
vn -0.885904 -0.45532 0.08864200000000003
vn -0.435532 -0.895798 0.08864200000000005
vn -0.895798 0.435532 0.08864199999999997
vn -0.455319 0.885905 0.08864099999999994
vn -0.885904 -0.45532 0.08864200000000003
vn 0.982942 -0.173319 0.06152700000000001
vn 0.674602 -0.11894999999999996 0.728535
vn 0.674602 -0.11894999999999996 0.728535
vn 0.674602 -0.11894999999999996 0.728535
vn 0.982942 -0.173319 0.06152700000000001
vn -0.982942 0.173319 0.061526999999999984
vn -0.674602 0.11895000000000004 0.728535
vn -0.674602 0.11895000000000004 0.728535
vn -0.674602 0.11895000000000004 0.728535
vn -0.982942 0.173319 0.061526999999999984
vn 0.366072 -0.928926 0.05556600000000005
vn 0.837537 -0.543693 0.05413500000000004
vn -0.522837 -0.850316 0.060036000000000055
vn -0.939553 -0.337778 0.05609400000000002
vn 0.366072 -0.928926 0.05556600000000005
vn 0.224138 -0.973296 0.049563000000000065
vn 0.661749 -0.609854 0.43608100000000005
vn -0.458565 -0.57099 0.680946
vn -0.978659 -0.19752 0.05667800000000001
vn 0.224138 -0.973296 0.049563000000000065
vn -0 -6.123233995736766E-17 -1
vn 0 -6.123233995736766E-17 -1
vn -0.153963 -0.873166 -0.46246699999999996
vn -0.168942 -0.958118 -0.23123399999999994
vn -0 -6.123233995736766E-17 -1
vn -0.173648 -0.984808 6.030209824873533E-17
vn -0.173648 -0.984808 6.030209824873533E-17
vn -0.202148 0.035644000000000065 0.978706
vn 0 6.123233995736766E-17 1
vn 0 6.123233995736766E-17 1
vn 0 6.123233995736766E-17 1
vn -0.404331 0.07188800000000005 0.911783
vn -0.580047 0.10312900000000005 0.808029
vn -0.580077 0.10398600000000005 0.807897
vn 0.805056 -0.008846999999999964 0.593133
vn 0.0576 0.791375 0.608611
vn -0.651524 0.4028820000000001 0.642808
vn 0.458221 -0.28772899999999996 0.840979
vn 0.805056 -0.008846999999999964 0.593133
vn -0.458565 -0.57099 0.680946
vn 0.661749 -0.609854 0.43608100000000005
vn -0.651524 0.4028820000000001 0.642808
vn 0.0576 0.791375 0.608611
vn 0.033842 0.997275 0.06555699999999995
vn -0.978659 -0.19752 0.05667800000000001
vn -0.458565 -0.57099 0.680946
vn -0.859599 0.508627 0.04885799999999997
vn 0.033842 0.997275 0.06555699999999995
vn 0.854235 -0.518116 0.042879000000000035
vn 0.458221 -0.28772899999999996 0.840979
vn 0.661749 -0.609854 0.43608100000000005
vn 0.661749 -0.609854 0.43608100000000005
vn 0.224138 -0.973296 0.049563000000000065
vn 0.997758 -0.028523999999999997 0.060541
vn 0.805056 -0.008846999999999964 0.593133
vn 0.805056 -0.008846999999999964 0.593133
vn 0.458221 -0.28772899999999996 0.840979
vn -0 6.123233995736766E-17 1
vn -0 6.123233995736766E-17 1
vn -0 6.123233995736766E-17 1
vn -0 6.123233995736766E-17 1
vn 0.173648 0.984808 -6.030209824873533E-17
vn 0.173648 0.984808 -6.030209824873533E-17
vn 0.173648 0.984808 -6.030209824873533E-17
vn 0.173648 0.984808 -6.030209824873533E-17
vn -0.984808 0.173648 -1.063287336891698E-17
vn -0.984808 0.173648 -1.063287336891698E-17
vn -0.984808 0.173648 -1.063287336891698E-17
vn -0.984808 0.173648 -1.063287336891698E-17
vn 0 6.123233995736766E-17 1
vn 0 6.123233995736766E-17 1
vn 0 6.123233995736766E-17 1
vn 0 6.123233995736766E-17 1
vn 0 6.123233995736766E-17 1
vn 0 6.123233995736766E-17 1
vn 0 6.123233995736766E-17 1
vn 0 6.123233995736766E-17 1
vn 0 6.123233995736766E-17 1
vn 0 6.123233995736766E-17 1
vn 0 6.123233995736766E-17 1
vn 0 6.123233995736766E-17 1
vn 0.87625 0.13371300000000003 0.462932
vn 0.876628 -0.474038 0.08253000000000003
vn 0.171023 0.982953 0.06748099999999994
vn 0.094752 0.552232 0.828289
vn 0.171023 0.982953 0.06748099999999994
vn -0.985437 -0.149419 0.08116800000000002
vn -0.780108 0.42094100000000007 0.46286
vn 0.094752 0.552232 0.828289
vn -0.780108 0.42094100000000007 0.46286
vn -0.133689 -0.768013 0.626325
vn 0.094752 0.552232 0.828289
vn 0.87625 0.13371300000000003 0.462932
vn 0.545204 0.38175700000000007 0.746334
vn -0.533448 0.761841 0.36746799999999996
vn -0.545205 -0.38175699999999996 0.746333
vn 0.533447 -0.761841 0.36746700000000004
vn 0.799692 -0.593135 0.09318700000000005
vn 0.815221 0.570839 0.09776399999999996
vn 0.637448 0.44635800000000003 0.628032
vn 0.250657 -0.842657 0.47655100000000006
vn 0.637448 0.44635800000000003 0.628032
vn -0.446342 0.637459 0.628032
vn -0.681093 -0.20258299999999996 0.703614
vn 0.250657 -0.842657 0.47655100000000006
vn 0.803181 -0.595735 3.6478248044502425E-17
vn 0.819152 0.573577 -3.512146185572707E-17
vn 0.668835 0.46832300000000004 0.57735
vn 0.260263 -0.874984 0.40824800000000006
vn 0.668835 0.46832300000000004 0.57735
vn -0.468323 0.668835 0.57735
vn -0.714421 -0.21250399999999997 0.666667
vn 0.260263 -0.874984 0.40824800000000006
vn 0.024189 -0.002447999999999939 0.999704
vn 0.018487 0.06713000000000005 0.997573
vn 0.024189 -0.002447999999999939 0.999704
vn 0.029773 -0.07201499999999994 0.996959
vn -0.29648 0.05227700000000005 0.953607
vn -0.677195 0.11940800000000004 0.72605
vn -0.677195 0.11940800000000004 0.72605
vn 0.29648 -0.05227699999999994 0.953607
vn 0.985976 -0.166887 1.0218881518465218E-17
vn 0.985976 -0.166887 1.0218881518465218E-17
vn 0.985976 -0.166887 1.0218881518465218E-17
vn 0.985976 -0.166887 1.0218881518465218E-17
vn 0.983593 -0.180401 1.1046375360649084E-17
vn 0.983593 -0.180401 1.1046375360649084E-17
vn 0.983593 -0.180401 1.1046375360649084E-17
vn 0.983593 -0.180401 1.1046375360649084E-17
vn -0.984808 0.173648 -1.063287336891698E-17
vn -0.984808 0.173648 -1.063287336891698E-17
vn -0.984808 0.173648 -1.063287336891698E-17
vn -0.984808 0.173648 -1.063287336891698E-17
vn -0.984808 0.173648 -1.063287336891698E-17
vn -0.984808 0.173648 -1.063287336891698E-17
vn -0.984808 0.173648 -1.063287336891698E-17
vn -0.984808 0.173648 -1.063287336891698E-17
vn -0.005054 -0.028661999999999938 0.999576
vn -0.005054 -0.028661999999999938 0.999576
vn -0.005054 -0.028661999999999938 0.999576
vn -0.005054 -0.028661999999999938 0.999576
vn 0.171581 0.98517 -6.03242643557999E-17
vn 0.171581 0.98517 -6.03242643557999E-17
vn 0.171581 0.98517 -6.03242643557999E-17
vn 0.171581 0.98517 -6.03242643557999E-17
vn 0 6.123233995736766E-17 1
vn 0 6.123233995736766E-17 1
vn 0 6.123233995736766E-17 1
vn 0 6.123233995736766E-17 1
vn -0.173648 -0.984808 6.030209824873533E-17
vn -0.173648 -0.984808 6.030209824873533E-17
vn -0.173648 -0.984808 6.030209824873533E-17
vn -0.173648 -0.984808 6.030209824873533E-17
vn 0 6.123233995736766E-17 1
vn 0 6.123233995736766E-17 1
vn 0 6.123233995736766E-17 1
vn 0 6.123233995736766E-17 1
vn 0.984808 -0.173648 1.063287336891698E-17
vn 0.984808 -0.173648 1.063287336891698E-17
vn 0.984808 -0.173648 1.063287336891698E-17
vn 0.984808 -0.173648 1.063287336891698E-17
vn 0.97122 -0.237871 -0.012253999999999985
vn 0.984689 -0.17432 1.067402150136833E-17
vn 0.97122 -0.237871 -0.012253999999999985
vn 0.953506 -0.300381 -0.024453999999999983
vn 0.104658 0.593549 0.797964
vn 0.104659 0.593549 0.797964
vn 0.104658 0.593549 0.797964
vn 0.104658 0.593549 0.797964
vn 0.984808 -0.173648 1.063287336891698E-17
vn 0.984808 -0.173648 1.063287336891698E-17
vn 0.984808 -0.173648 1.063287336891698E-17
vn 0.984808 -0.173648 1.063287336891698E-17
vn 0.173648 0.984808 -6.030209824873533E-17
vn 0.173648 0.984808 -6.030209824873533E-17
vn 0.173648 0.984808 -6.030209824873533E-17
vn 0.173648 0.984808 -6.030209824873533E-17
vn -0.984808 0.173648 -1.063287336891698E-17
vn -0.984808 0.173648 -1.063287336891698E-17
vn -0.984808 0.173648 -1.063287336891698E-17
vn -0.984808 0.173648 -1.063287336891698E-17
vn 0 6.123233995736766E-17 1
vn 0 6.123233995736766E-17 1
vn 0 6.123233995736766E-17 1
vn 0 6.123233995736766E-17 1
vn 0.936695 -0.340926 -0.07982099999999998
vn 0.936695 -0.340927 -0.07982099999999998
vn 0.936695 -0.340926 -0.07982099999999998
vn 0.936696 -0.340925 -0.07982099999999998
vn 0.936695 -0.340926 -0.07982099999999998
vn 0.936695 -0.340927 -0.07982099999999998
vn 0.936695 -0.340926 -0.07982099999999998
vn 0.936695 -0.340926 -0.07982099999999998
vn -0.173648 -0.984808 6.030209824873533E-17
vn -0.173648 -0.984808 6.030209824873533E-17
vn -0.173648 -0.984808 6.030209824873533E-17
vn -0.173648 -0.984808 6.030209824873533E-17
vn 0.984808 -0.173648 1.063287336891698E-17
vn 0.984808 -0.173648 1.063287336891698E-17
vn 0.984808 -0.173648 1.063287336891698E-17
vn 0.984808 -0.173648 1.063287336891698E-17
vn -0.984808 0.173648 -1.063287336891698E-17
vn -0.984808 0.173648 -1.063287336891698E-17
vn -0.984808 0.173648 -1.063287336891698E-17
vn -0.984808 0.173648 -1.063287336891698E-17
vn -0.062887 -0.35664799999999997 0.93212
vn -0.062887 -0.35664799999999997 0.93212
vn -0.062887 -0.35664799999999997 0.93212
vn -0.062887 -0.35664799999999997 0.93212
vn -0.499354 -0.864907 0.05079900000000005
vn -0.499354 -0.864907 0.05079900000000005
vn -0.499354 -0.864907 0.05079900000000005
vn -0.499354 -0.864907 0.05079900000000005
vn 0.864907 -0.499354 0.050799000000000025
vn 0.864907 -0.499354 0.050799000000000025
vn 0.864907 -0.499354 0.050799000000000025
vn 0.864907 -0.499354 0.050799000000000025
vn 0.499354 0.864907 0.05079899999999994
vn 0.499354 0.864908 0.05079899999999994
vn 0.499354 0.864907 0.05079899999999994
vn 0.499354 0.864907 0.05079899999999994
vn -0.864907 0.499354 0.05079899999999997
vn -0.864907 0.499354 0.05079899999999997
vn -0.864907 0.499354 0.05079899999999997
vn -0.864908 0.499354 0.05079899999999997
vn 0 6.123233995736766E-17 1
vn 0 6.123233995736766E-17 1
vn 0 6.123233995736766E-17 1
vn 0 6.123233995736766E-17 1
vn -0.098124 -0.14350299999999994 0.984773
vn -0.098124 -0.14350299999999994 0.984773
vn -0.312439 -0.45692799999999995 0.832826
vn 0.132602 0.19392400000000007 0.972014
vn 0.068387 -0.692916 0.717767
vn 0.068387 -0.692916 0.717767
vn 0.091839 -0.930537 0.35449500000000006
vn 0.032011 -0.32434899999999994 0.945396
vn 0.651606 0.24539300000000006 0.717768
vn 0.651606 0.24539300000000006 0.717768
vn 0.875061 0.329546 0.354497
vn 0.305012 0.11486700000000005 0.945396
vn 0.121553 0.12428400000000006 0.984773
vn 0.121553 0.12428400000000006 0.984773
vn 0.387037 0.39573200000000003 0.832826
vn -0.164261 -0.16795099999999993 0.972014
vn -0.606827 0.34142400000000006 0.717768
vn -0.606827 0.34142400000000006 0.717768
vn -0.814925 0.458509 0.35449499999999995
vn -0.28405 0.15981800000000004 0.945396
vn -0.173832 -0.0019309999999999397 0.984773
vn -0.173832 -0.0019309999999999397 0.984773
vn -0.553501 -0.006147999999999949 0.832826
vn 0.23491 0.0026090000000000596 0.972014
vn 0.455319 -0.885905 0.08864100000000005
vn 0.895798 -0.435533 0.08864200000000003
vn -0.435532 -0.895798 0.08864200000000005
vn -0.885904 -0.45532 0.08864200000000003
vn 0.885905 0.455319 0.08864099999999997
vn 0.435532 0.895798 0.08864099999999994
vn 0.895798 -0.435533 0.08864200000000003
vn 0.455319 -0.885905 0.08864100000000005
vn 0 6.123233995736766E-17 1
vn 0 6.123233995736766E-17 1
vn 0 6.123233995736766E-17 1
vn 0 6.123233995736766E-17 1
vn 0.167887 0.985806 -6.036320812401278E-17
vn 0.167887 0.985806 -6.036320812401278E-17
vn 0.167887 0.985806 -6.036320812401278E-17
vn 0.167887 0.985806 -6.036320812401278E-17
vn -0.957011 0.16874699999999998 -0.235914
vn -0.957011 0.16874699999999998 -0.235914
vn -0.957011 0.16874699999999998 -0.235914
vn -0.957011 0.16874699999999998 -0.235914
vn -0.168636 -0.956381 -0.23853299999999994
vn -0.168636 -0.956381 -0.23853299999999994
vn -0.168636 -0.956381 -0.23853299999999994
vn -0.168636 -0.956381 -0.23853299999999994
vn 0.957011 -0.16874700000000004 -0.235914
vn 0.957011 -0.16874700000000004 -0.235914
vn 0.957011 -0.16874700000000004 -0.235914
vn 0.957011 -0.16874700000000004 -0.235914
vn 0.168636 0.956381 -0.23853200000000005
vn 0.168636 0.956381 -0.23853200000000005
vn 0.168636 0.956381 -0.23853200000000005
vn 0.168636 0.956381 -0.23853200000000005
vn 0 6.123233995736766E-17 1
vn 0 6.123233995736766E-17 1
vn 0 6.123233995736766E-17 1
vn 0 6.123233995736766E-17 1
vn 0.167885 0.985807 -6.036326935635274E-17
vn 0.167885 0.985807 -6.036326935635274E-17
vn 0.167885 0.985807 -6.036326935635274E-17
vn 0.167885 0.985807 -6.036326935635274E-17
vn -0.957011 0.16874599999999998 -0.235914
vn -0.957011 0.16874599999999998 -0.235914
vn -0.957011 0.16874599999999998 -0.235914
vn -0.957011 0.16874699999999998 -0.235914
vn -0.168636 -0.956381 -0.23853199999999994
vn -0.168636 -0.956381 -0.23853199999999994
vn -0.168636 -0.956381 -0.23853199999999994
vn -0.168636 -0.956381 -0.23853199999999994
vn 0.957011 -0.16874700000000004 -0.235913
vn 0.957011 -0.16874700000000004 -0.235913
vn 0.957011 -0.16874700000000004 -0.235913
vn 0.957011 -0.16874700000000004 -0.235913
vn 0.168636 0.956381 -0.23853200000000005
vn 0.168636 0.956381 -0.23853200000000005
vn 0.168636 0.956381 -0.23853200000000005
vn 0.168636 0.956381 -0.23853200000000005
vn 0 6.123233995736766E-17 1
vn 0 6.123233995736766E-17 1
vn 0 6.123233995736766E-17 1
vn 0 6.123233995736766E-17 1
vn 0.391411 -0.39140899999999995 0.832824
vn 0.122926 -0.12292599999999994 0.984773
vn 0.122926 -0.12292599999999994 0.984773
vn -0.166118 0.16611800000000004 0.972013
vn 0.355808 0.42403500000000005 0.832824
vn 0.111745 0.13317300000000007 0.984773
vn 0.111745 0.13317300000000007 0.984773
vn -0.151008 -0.17996399999999996 0.972013
vn -0.317497 0.45343100000000003 0.832824
vn -0.099713 0.14240500000000006 0.984773
vn -0.099713 0.14240500000000006 0.984773
vn 0.134748 -0.19243999999999994 0.972013
vn -0.096121 -0.545128 0.832824
vn -0.030188 -0.17120299999999994 0.984773
vn -0.030188 -0.17120299999999994 0.984773
vn 0.040794 0.23135700000000006 0.972013
vn -0.534677 -0.14326599999999995 0.832824
vn -0.167921 -0.04499399999999994 0.984773
vn -0.167921 -0.04499399999999994 0.984773
vn 0.226921 0.060803000000000065 0.972013
vn 0 6.123233995736766E-17 1
vn 0 6.123233995736766E-17 1
vn 0 6.123233995736766E-17 1
vn 0 6.123233995736766E-17 1
vn 0 6.123233995736766E-17 1
vn 0 6.123233995736766E-17 1
vn 0 6.123233995736766E-17 1
vn 0 6.123233995736766E-17 1
vn -0.342023 -0.939692 5.753953999921874E-17
vn -0.342023 -0.939692 5.753953999921874E-17
vn -0.342023 -0.939692 5.753953999921874E-17
vn -0.342023 -0.939692 5.753953999921874E-17
vn 0.342023 0.939692 -5.753953999921874E-17
vn 0.342023 0.939692 -5.753953999921874E-17
vn 0.342023 0.939692 -5.753953999921874E-17
vn 0.342023 0.939691 -5.753947876687878E-17
vn -0.342023 -0.939692 5.753953999921874E-17
vn -0.342023 -0.939692 5.753953999921874E-17
vn -0.342023 -0.939692 5.753953999921874E-17
vn -0.342023 -0.939692 5.753953999921874E-17
vn 0.342027 0.93969 -5.753941753453882E-17
vn 0.342027 0.93969 -5.753941753453882E-17
vn 0.342027 0.93969 -5.753941753453882E-17
vn 0.342027 0.93969 -5.753941753453882E-17
vn -0.342014 -0.939695 5.753972369623861E-17
vn -0.342014 -0.939695 5.753972369623861E-17
vn -0.342014 -0.939695 5.753972369623861E-17
vn -0.342014 -0.939695 5.753972369623861E-17
vn 0.342019 0.939693 -5.753960123155869E-17
vn 0.342019 0.939693 -5.753960123155869E-17
vn 0.342019 0.939693 -5.753960123155869E-17
vn 0.342019 0.939693 -5.753960123155869E-17
vn -0.984808 0.173648 -1.063287336891698E-17
vn -0.984808 0.173648 -1.063287336891698E-17
vn -0.984808 0.173648 -1.063287336891698E-17
vn -0.984808 0.173648 -1.063287336891698E-17
vn 0.984808 -0.173646 1.0632750904237064E-17
vn 0.984808 -0.173646 1.0632750904237064E-17
vn 0.984808 -0.173646 1.0632750904237064E-17
vn 0.984808 -0.173646 1.0632750904237064E-17
vn -0.984808 0.173648 -1.063287336891698E-17
vn -0.984808 0.173648 -1.063287336891698E-17
vn -0.984808 0.173648 -1.063287336891698E-17
vn -0.984808 0.173648 -1.063287336891698E-17
vn 0.984808 -0.173647 1.0632812136577021E-17
vn 0.984808 -0.173647 1.0632812136577021E-17
vn 0.984808 -0.173647 1.0632812136577021E-17
vn 0.984808 -0.173647 1.0632812136577021E-17
vn -0.984808 0.173648 -1.063287336891698E-17
vn -0.984808 0.173648 -1.063287336891698E-17
vn -0.984808 0.173648 -1.063287336891698E-17
vn -0.984808 0.173648 -1.063287336891698E-17
vn -0.984808 0.173647 -1.0632812136577021E-17
vn -0.984808 0.173647 -1.0632812136577021E-17
vn -0.984808 0.173647 -1.0632812136577021E-17
vn -0.984808 0.173647 -1.0632812136577021E-17
vn -0.173648 -0.984808 6.030209824873533E-17
vn -0.173648 -0.984808 6.030209824873533E-17
vn -0.173648 -0.984808 6.030209824873533E-17
vn -0.173648 -0.984808 6.030209824873533E-17
vn 0.173507 0.984008 0.04029899999999994
vn 0.173507 0.984008 0.04029899999999994
vn 0.173507 0.984008 0.04029899999999994
vn 0.173507 0.984008 0.04029899999999994
vn -0.674602 0.11895000000000004 0.728535
vn -0.674602 0.11895000000000004 0.728535
vn 0.674602 -0.11894999999999996 0.728535
vn 0.674602 -0.11894999999999996 0.728535
vn 0.784192 0.617421 0.061924999999999966
vn 0.790257 0.608784 0.06983099999999996
vn 0.837537 -0.543693 0.05413500000000004
vn 0.366072 -0.928926 0.05556600000000005
vn -0.618096 0.783566 0.06309899999999996
vn 0.790257 0.608784 0.06983099999999996
vn 0.784192 0.617421 0.061924999999999966
vn -0.63812 0.767727 0.05828599999999995
vn -0.192443 -0.980605 0.03713300000000006
vn -0.173482 -0.983869 0.043652000000000066
vn -0.192443 -0.980605 0.03713300000000006
vn -0.211325 -0.976937 0.03059900000000006
vn 0.984212 -0.173543 0.034790000000000015
vn 0.984212 -0.173543 0.034790000000000015
vn 0.984212 -0.173543 0.034790000000000015
vn 0.984212 -0.173543 0.034790000000000015
vn 0.147611 0.988403 0.03563799999999994
vn 0.173572 0.98438 0.02948399999999994
vn 0.147611 0.988403 0.03563799999999994
vn 0.121541 0.991707 0.041766999999999936
vn -0.984378 0.173572 0.029558999999999988
vn -0.984378 0.173572 0.029558999999999988
vn -0.984378 0.173572 0.029558999999999988
vn -0.984378 0.173572 0.029558999999999988
vn 0 6.123233995736766E-17 1
vn 0 6.123233995736766E-17 1
vn 0 6.123233995736766E-17 1
vn 0 6.123233995736766E-17 1
vn 0.173648 0.984808 -6.030209824873533E-17
vn 0.173648 0.984808 -6.030209824873533E-17
vn 0.173648 0.984808 -6.030209824873533E-17
vn 0.173648 0.984808 -6.030209824873533E-17
vn 0.984808 -0.173648 1.063287336891698E-17
vn 0.984808 -0.173648 1.063287336891698E-17
vn 0.984808 -0.173648 1.063287336891698E-17
vn 0.984808 -0.173648 1.063287336891698E-17
vn -0.984808 0.173648 -1.063287336891698E-17
vn -0.984808 0.173648 -1.063287336891698E-17
vn -0.984808 0.173648 -1.063287336891698E-17
vn -0.984808 0.173648 -1.063287336891698E-17
vn -0.975825 -0.172066 -0.134754
vn -0.975825 -0.172066 -0.134754
vn -0.975825 -0.172066 -0.134754
vn -0.975825 -0.172066 -0.134754
vn -0.173648 -0.984808 6.030209824873533E-17
vn -0.173648 -0.984808 6.030209824873533E-17
vn -0.173648 -0.984808 6.030209824873533E-17
vn -0.173648 -0.984808 6.030209824873533E-17
vn 0.173648 0.984808 -6.030209824873533E-17
vn 0.173648 0.984808 -6.030209824873533E-17
vn 0.173648 0.984808 -6.030209824873533E-17
vn 0.173648 0.984808 -6.030209824873533E-17
vn 0.984808 -0.173648 1.063287336891698E-17
vn 0.984808 -0.173648 1.063287336891698E-17
vn 0.984808 -0.173648 1.063287336891698E-17
vn 0.984808 -0.173648 1.063287336891698E-17
vn 0.984794 -0.173645 0.005374000000000011
vn 0.984794 -0.173645 0.005374000000000011
vn 0.984794 -0.173645 0.005374000000000011
vn 0.984794 -0.173645 0.005374000000000011
vn -0.984794 0.173645 0.00537399999999999
vn -0.984794 0.173645 0.00537399999999999
vn -0.984794 0.173645 0.00537399999999999
vn -0.984794 0.173645 0.00537399999999999
vn 0.984794 -0.173645 0.005374000000000011
vn 0.984794 -0.173645 0.005374000000000011
vn 0.984794 -0.173645 0.005374000000000011
vn 0.984794 -0.173645 0.005374000000000011
vn -0.984794 0.173645 0.00537399999999999
vn -0.984794 0.173645 0.00537399999999999
vn -0.984794 0.173645 0.00537399999999999
vn -0.984794 0.173645 0.00537399999999999
vn 0.033842 0.997275 0.06555699999999995
vn 0.0576 0.791375 0.608611
vn 0.805056 -0.008846999999999964 0.593133
vn 0.997758 -0.028523999999999997 0.060541
vn -0.984808 0.173648 -1.063287336891698E-17
vn -0.984808 0.173648 -1.063287336891698E-17
vn -0.984808 0.173648 -1.063287336891698E-17
vn -0.984808 0.173648 -1.063287336891698E-17
vn -0.984808 0.173648 -1.063287336891698E-17
vn -0.984808 0.173648 -1.063287336891698E-17
vn -0.984808 0.173648 -1.063287336891698E-17
vn -0.984808 0.173648 -1.063287336891698E-17
vn -0.984808 0.173648 -1.063287336891698E-17
vn -0.984808 0.173648 -1.063287336891698E-17
vn -0.172869 -0.984945 0.0002170000000000603
vn -0.17305 -0.984913 6.030852764443086E-17
vn -0.173493 -0.984835 0.0002080000000000603
vn -0.173714 -0.984796 0.0003120000000000603
vn -0.17474 -0.984615 0.0001900000000000603
vn 0.172701 0.984974 -0.0002240000000000603
vn 0.172638 0.984985 -6.031293637290778E-17
vn 0.173017 0.984919 -0.0001490000000000603
vn 0.173206 0.984886 -0.0002240000000000603
vn 0.173647 0.984808 -6.030209824873533E-17
vn -0.173648 -0.984808 6.030209824873533E-17
vn -0.173648 -0.984808 6.030209824873533E-17
vn -0.173648 -0.984808 6.030209824873533E-17
vn -0.173648 -0.984808 6.030209824873533E-17
vn -0.173648 -0.984808 6.030209824873533E-17
vn 0.173648 0.984808 -6.030209824873533E-17
vn 0.173648 0.984808 -6.030209824873533E-17
vn 0.173648 0.984808 -6.030209824873533E-17
vn 0.173648 0.984808 -6.030209824873533E-17
vn 0.173648 0.984808 -6.030209824873533E-17
vn -0.447098 0.872249 0.19820499999999994
vn -0.666729 0.718462 0.19820499999999994
vn 0.036581 0.979478 0.19820499999999994
vn 0.300627 0.932919 0.19820499999999994
vn 0.718461 0.666729 0.19820499999999996
vn 0.872249 0.447098 0.19820499999999996
vn 0.979478 -0.03657999999999999 0.198205
vn 0.932919 -0.300627 0.19820500000000002
vn 0.66673 -0.718461 0.19820500000000005
vn 0.447098 -0.872249 0.19820500000000005
vn -0.03658 -0.979478 0.19820500000000005
vn -0.300627 -0.932919 0.19820500000000005
vn -0.718462 -0.666729 0.19820400000000002
vn -0.872249 -0.447098 0.19820400000000002
vn -0.979478 0.036580000000000015 0.198205
vn -0.932919 0.300627 0.19820499999999996
vn -0.666729 0.718462 0.19820499999999994
vn -0.447098 0.872249 0.19820499999999994
vn -0.173526 -0.98412 0.03737400000000006
vn -0.173526 -0.98412 0.03737400000000006
vn -0.173527 -0.98412 0.03737400000000006
vn -0.173527 -0.98412 0.03737400000000006
vn -0.173527 -0.98412 0.03737400000000006
vn -0.173527 -0.98412 0.03737400000000006
vn -0.784214 0.619093 -0.041623000000000035
vn -0.784214 0.619093 -0.041624000000000036
vn -0.673787 0.659422 0.33342799999999995
vn -0.399937 0.570739 0.717152
vn 0.226633 0.22805100000000006 0.946906
vn 0.576613 -0.01547399999999995 0.816871
vn 0.783843 -0.21909699999999996 0.581022
vn 0.783843 -0.21909699999999996 0.581023
vn 0.982981 -0.175809 0.053294000000000015
vn 0.983204 -0.174606 0.05313000000000001
vn 0.983278 -0.174205 0.05307500000000001
vn 0.983581 -0.172481 0.053099000000000014
vn 0.983658 -0.172019 0.05316600000000001
vn 0.983888 -0.170634 0.05336800000000001
vn 0.436766 -0.07607199999999995 0.896353
vn 0.555073 0.38612300000000005 0.736752
vn 0.287365 -0.049665999999999946 0.956533
vn -0.287022 0.051614000000000056 0.956533
vn -0.436445 0.07789800000000005 0.896353
vn -0.389537 0.552682 0.736752
vn -0.079434 -0.4504909999999999 0.88924
vn 0.389347 -0.570699 0.722988
vn -0.052194 -0.29600699999999996 0.953759
vn 0.050192 0.2846540000000001 0.957316
vn 0.076282 0.43261600000000006 0.898346
vn 0.555073 0.38612300000000005 0.736752
vn -0.435953 0.07699300000000006 0.89667
vn -0.561057 -0.40311699999999995 0.722988
vn -0.286769 0.050696000000000054 0.956658
vn 0.286814 -0.050441999999999945 0.956657
vn 0.435994 -0.07675499999999995 0.89667
vn 0.389347 -0.570699 0.722988
vn 0.076282 0.43261600000000006 0.898346
vn -0.389537 0.552682 0.736752
vn 0.050192 0.2846540000000001 0.957316
vn -0.052194 -0.29600699999999996 0.953759
vn -0.079434 -0.4504909999999999 0.88924
vn -0.561057 -0.40311699999999995 0.722988
vn -0.979347 0.197806 0.041851999999999986
vn -0.974283 0.222017 0.03848199999999999
vn -0.9809 0.189706 0.04296999999999999
vn -0.986803 0.156202 0.04266799999999999
vn -0.988188 0.147546 0.04139899999999999
vn -0.991878 0.121518 0.037571999999999994
vn 0.168942 0.958118 -0.23123400000000005
vn 0.173648 0.984808 -6.030209824873533E-17
vn 0.173648 0.984808 -6.030209824873533E-17
vn 0.153963 0.873166 -0.4624670000000001
vn -0 -6.123233995736766E-17 -1
vn 0 -6.123233995736766E-17 -1
vn -0.152638 -0.865653 0.47681000000000007
vn 0 6.123233995736766E-17 1
vn 0 6.123233995736766E-17 1
vn -0.168641 -0.956412 0.23840500000000006
vn -0.173648 -0.984808 6.030209824873533E-17
vn -0.173648 -0.984808 6.030209824873533E-17
vn -0.202148 0.035643000000000064 0.978706
vn 0 6.123233995736766E-17 1
vn 0 -9.999999999387675E-07 1
vn -0.404297 0.07128700000000006 0.911846
vn -0.580016 0.10227100000000006 0.80816
vn -0.580016 0.10227000000000006 0.80816
vn 0.693451 -0.718089 -0.05894899999999996
vn 0.897231 0.437609 -0.05894900000000003
vn 0.87849 -0.15490099999999998 0.451953
vn -0.138931 0.988546 -0.058949000000000064
vn 0.418788 0.787626 0.45195299999999994
vn 0.87849 -0.15490099999999998 0.451953
vn 0.87849 -0.15490099999999998 0.451953
vn 0.124148 -0.88336 0.45195300000000005
vn -0 6.123233995736766E-17 1
vn -0.801762 -0.391045 0.451953
vn -0.468655 -0.881412 -0.058948999999999946
vn 0.693451 -0.718089 -0.05894899999999996
vn 0.87849 -0.15490099999999998 0.451953
vn -0 6.123233995736766E-17 1
vn -0.619664 0.641681 0.45195299999999994
vn -0.138931 0.988546 -0.058949000000000064
vn -0.801762 -0.391045 0.451953
vn -0.983095 0.173346 -0.058949000000000015
vn -0.468655 -0.881412 -0.058948999999999946
vn 0.172575 0.983586 0.052692999999999934
vn 0.170915 0.98389 0.05243899999999994
vn 0.17216 0.983662 0.05262899999999994
vn 0.174251 0.98329 0.05270299999999994
vn 0.174674 0.983218 0.052644999999999935
vn 0.175942 0.983001 0.05246899999999994
vn -0.271756 -0.837424 -0.47420399999999996
vn 0.641536 -0.49864500000000006 -0.58291
vn 0.303616 -0.952253 -0.032131999999999945
vn -0.5 -0.866025 5.3028737211579333E-17
vn -0.867467 -0.285694 -0.407283
vn 0.113569 -0.731205 0.672637
vn -0.97403 -0.224408 -0.030120999999999985
vn -0.436735 -0.597345 0.672637
vn 0 6.123233995736766E-17 1
vn -0.615207 0.576801 -0.537421
vn -0.731205 -0.11356899999999996 0.672637
vn -0.597345 0.43673500000000004 0.672637
vn -0.113569 0.731205 0.672638
vn -0.900096 0.433397 0.04466099999999997
vn -0.273966 0.958516 -0.07868100000000006
vn 0.510472 0.60336 -0.612678
vn 0.433397 0.900096 0.044660999999999944
vn 0.436735 0.597345 0.672638
vn 0.958516 0.273966 -0.07868000000000001
vn 0.641536 -0.49864500000000006 -0.58291
vn -0.113569 0.731205 0.672638
vn 0 6.123233995736766E-17 1
vn 0.900096 -0.433397 0.04466100000000003
vn 0.303616 -0.952253 -0.032131999999999945
vn 0.731205 0.11356900000000004 0.672637
vn 0.597346 -0.43673499999999993 0.672637
vn 0.113569 -0.731205 0.672637
vn -0.984808 0.173648 -1.063287336891698E-17
vn -0.984808 0.173648 -1.063287336891698E-17
vn -0.984808 0.173648 -1.063287336891698E-17
vn -0.984808 0.173648 -1.063287336891698E-17
vn -0.984808 0.173648 -1.063287336891698E-17
vn -0.984808 0.173648 -1.063287336891698E-17
vn -0.984808 0.173648 -1.063287336891698E-17
vn -0.984808 0.173648 -1.063287336891698E-17
vn 0 6.123233995736766E-17 1
vn 0 6.123233995736766E-17 1
vn 0 6.123233995736766E-17 1
vn 0 6.123233995736766E-17 1
vn 0 6.123233995736766E-17 1
vn 0 6.123233995736766E-17 1
vn 0 6.123233995736766E-17 1
vn 0 6.123233995736766E-17 1
vn 0.984808 -0.173648 1.063287336891698E-17
vn 0.984808 -0.173648 1.063287336891698E-17
vn 0.984808 -0.173648 1.063287336891698E-17
vn 0.984808 -0.173648 1.063287336891698E-17
vn 0.984808 -0.173648 1.063287336891698E-17
vn 0.984808 -0.173648 1.063287336891698E-17
vn 0.984808 -0.173648 1.063287336891698E-17
vn 0.984808 -0.173648 1.063287336891698E-17
g 01
f 1/1/1 2/2/2 3/3/3
f 4/4/4 5/5/5 6/6/6
f 7/7/7 8/8/8 9/9/9
f 10/10/10 11/11/11 12/12/12
f 13/13/13 14/14/14 15/15/15
f 16/16/16 17/17/17 18/18/18
f 19/19/19 20/20/20 21/21/21
f 22/22/22 23/23/23 24/24/24
f 25/25/25 26/26/26 27/27/27
f 28/28/28 29/29/29 30/30/30
f 31/31/31 32/32/32 33/33/33
f 34/34/34 35/35/35 36/36/36
f 37/37/37 38/38/38 39/39/39
f 40/40/40 41/41/41 42/42/42
f 43/43/43 44/44/44 45/45/45
f 46/46/46 47/47/47 48/48/48
f 49/49/49 50/50/50 51/51/51
f 52/52/52 53/53/53 54/54/54
f 55/55/55 56/56/56 57/57/57
f 58/58/58 59/59/59 60/60/60
f 61/61/61 62/62/62 63/63/63
f 64/64/64 65/65/65 66/66/66
f 67/67/67 68/68/68 69/69/69
f 70/70/70 71/71/71 72/72/72
f 73/73/73 74/74/74 75/75/75
f 76/76/76 77/77/77 78/78/78
f 79/79/79 80/80/80 81/81/81
f 82/82/82 83/83/83 84/84/84
f 85/85/85 86/86/86 87/87/87
f 88/88/88 89/89/89 90/90/90
f 91/91/91 92/92/92 93/93/93
f 94/94/94 95/95/95 96/96/96
f 97/97/97 98/98/98 99/99/99
f 100/100/100 101/101/101 102/102/102
f 103/103/103 104/104/104 105/105/105
f 106/106/106 107/107/107 103/103/103
f 108/108/108 109/109/109 110/110/110
f 111/111/111 112/112/112 108/108/108
f 113/113/113 114/114/114 115/115/115
f 116/116/116 117/117/117 113/113/113
f 118/118/118 119/119/119 120/120/120
f 121/121/121 122/122/122 118/118/118
f 123/123/123 124/124/124 125/125/125
f 126/126/126 127/127/127 123/123/123
f 128/128/128 129/129/129 130/130/130
f 131/131/131 132/132/132 128/128/128
f 133/133/133 134/134/134 135/135/135
f 136/136/136 137/137/137 133/133/133
f 138/138/138 139/139/139 140/140/140
f 140/140/140 141/141/141 142/142/142
f 143/143/143 144/144/144 145/145/145
f 146/146/146 147/147/147 143/143/143
f 148/148/148 149/149/149 150/150/150
f 150/150/150 151/151/151 152/152/152
f 153/153/153 154/154/154 155/155/155
f 155/155/155 156/156/156 157/157/157
f 158/158/158 159/159/159 160/160/160
f 161/161/161 162/162/162 158/158/158
f 163/163/163 164/164/164 165/165/165
f 166/166/166 167/167/167 163/163/163
f 168/168/168 169/169/169 170/170/170
f 170/170/170 171/171/171 172/172/172
f 173/173/173 174/174/174 175/175/175
f 175/175/175 176/176/176 177/177/177
f 178/178/178 179/179/179 180/180/180
f 180/180/180 181/181/181 182/182/182
f 181/181/181 180/180/180 183/183/183
f 183/183/183 184/184/184 181/181/181
f 185/185/185 186/186/186 187/187/187
f 188/188/188 189/189/189 185/185/185
f 190/190/190 185/185/185 189/189/189
f 189/189/189 191/191/191 190/190/190
f 192/192/192 193/193/193 194/194/194
f 194/194/194 195/195/195 196/196/196
f 195/195/195 194/194/194 197/197/197
f 197/197/197 198/198/198 195/195/195
f 199/199/199 200/200/200 201/201/201
f 202/202/202 203/203/203 199/199/199
f 199/199/199 204/204/204 202/202/202
f 205/205/205 204/204/204 199/199/199
f 206/206/206 207/207/207 208/208/208
f 209/209/209 210/210/210 206/206/206
f 206/206/206 211/211/211 212/212/212
f 213/213/213 214/214/214 206/206/206
f 215/215/215 216/216/216 217/217/217
f 217/217/217 218/218/218 215/215/215
f 219/219/219 220/220/220 221/221/221
f 221/221/221 222/222/222 219/219/219
f 223/223/223 224/224/224 225/225/225
f 225/225/225 226/226/226 223/223/223
f 227/227/227 228/228/228 229/229/229
f 229/229/229 230/230/230 227/227/227
f 231/231/231 232/232/232 233/233/233
f 233/233/233 234/234/234 231/231/231
f 235/235/235 236/236/236 237/237/237
f 237/237/237 238/238/238 235/235/235
f 239/239/239 240/240/240 241/241/241
f 241/241/241 242/242/242 239/239/239
f 243/243/243 244/244/244 245/245/245
f 245/245/245 246/246/246 243/243/243
f 247/247/247 248/248/248 249/249/249
f 248/248/248 250/250/250 249/249/249
f 251/251/251 252/252/252 253/253/253
f 253/253/253 254/254/254 251/251/251
f 255/255/255 256/256/256 257/257/257
f 257/257/257 258/258/258 255/255/255
f 259/259/259 260/260/260 261/261/261
f 261/261/261 262/262/262 259/259/259
f 263/263/263 264/264/264 265/265/265
f 265/265/265 266/266/266 263/263/263
f 267/267/267 268/268/268 269/269/269
f 269/269/269 270/270/270 267/267/267
f 271/271/271 272/272/272 273/273/273
f 271/271/271 273/273/273 274/274/274
f 275/275/275 276/276/276 277/277/277
f 277/277/277 278/278/278 275/275/275
f 279/279/279 280/280/280 281/281/281
f 281/281/281 282/282/282 279/279/279
f 283/283/283 284/284/284 285/285/285
f 285/285/285 286/286/286 283/283/283
f 287/287/287 288/288/288 289/289/289
f 289/289/289 290/290/290 287/287/287
f 291/291/291 292/292/292 293/293/293
f 293/293/293 294/294/294 291/291/291
f 295/295/295 296/296/296 297/297/297
f 297/297/297 298/298/298 295/295/295
f 299/299/299 300/300/300 301/301/301
f 301/301/301 302/302/302 299/299/299
f 303/303/303 304/304/304 305/305/305
f 305/305/305 306/306/306 303/303/303
f 307/307/307 308/308/308 309/309/309
f 309/309/309 310/310/310 307/307/307
f 311/311/311 312/312/312 313/313/313
f 313/313/313 314/314/314 311/311/311
f 315/315/315 316/316/316 317/317/317
f 317/317/317 318/318/318 315/315/315
f 319/319/319 320/320/320 321/321/321
f 321/321/321 322/322/322 319/319/319
f 323/323/323 324/324/324 325/325/325
f 325/325/325 326/326/326 323/323/323
f 327/327/327 328/328/328 329/329/329
f 328/328/328 330/330/330 329/329/329
f 331/331/331 332/332/332 333/333/333
f 333/333/333 334/334/334 331/331/331
f 335/335/335 336/336/336 337/337/337
f 336/336/336 338/338/338 337/337/337
f 339/339/339 340/340/340 341/341/341
f 341/341/341 342/342/342 339/339/339
f 343/343/343 344/344/344 345/345/345
f 345/345/345 346/346/346 343/343/343
f 347/347/347 348/348/348 349/349/349
f 349/349/349 350/350/350 347/347/347
f 351/351/351 352/352/352 353/353/353
f 353/353/353 354/354/354 351/351/351
f 355/355/355 356/356/356 357/357/357
f 357/357/357 358/358/358 355/355/355
f 359/359/359 360/360/360 361/361/361
f 361/361/361 362/362/362 359/359/359
f 363/363/363 364/364/364 365/365/365
f 365/365/365 366/366/366 363/363/363
f 367/367/367 368/368/368 369/369/369
f 369/369/369 370/370/370 367/367/367
f 371/371/371 372/372/372 373/373/373
f 373/373/373 374/374/374 371/371/371
f 375/375/375 376/376/376 377/377/377
f 377/377/377 378/378/378 375/375/375
f 379/379/379 380/380/380 381/381/381
f 381/381/381 382/382/382 379/379/379
f 383/383/383 384/384/384 385/385/385
f 385/385/385 386/386/386 383/383/383
f 387/387/387 388/388/388 389/389/389
f 388/388/388 387/387/387 390/390/390
f 391/391/391 392/392/392 393/393/393
f 392/392/392 391/391/391 394/394/394
f 395/395/395 396/396/396 397/397/397
f 396/396/396 395/395/395 398/398/398
f 399/399/399 400/400/400 401/401/401
f 400/400/400 399/399/399 402/402/402
f 403/403/403 404/404/404 405/405/405
f 404/404/404 403/403/403 406/406/406
f 407/407/407 408/408/408 409/409/409
f 408/408/408 407/407/407 410/410/410
f 411/411/411 412/412/412 413/413/413
f 413/413/413 414/414/414 411/411/411
f 415/415/415 416/416/416 417/417/417
f 417/417/417 418/418/418 415/415/415
f 419/419/419 420/420/420 421/421/421
f 421/421/421 422/422/422 419/419/419
f 423/423/423 424/424/424 425/425/425
f 425/425/425 426/426/426 423/423/423
f 427/427/427 428/428/428 429/429/429
f 429/429/429 430/430/430 427/427/427
f 431/431/431 432/432/432 433/433/433
f 433/433/433 434/434/434 431/431/431
f 435/435/435 436/436/436 437/437/437
f 437/437/437 438/438/438 435/435/435
f 439/439/439 440/440/440 441/441/441
f 441/441/441 442/442/442 439/439/439
f 443/443/443 444/444/444 445/445/445
f 445/445/445 446/446/446 443/443/443
f 447/447/447 448/448/448 449/449/449
f 449/449/449 450/450/450 447/447/447
f 451/451/451 452/452/452 453/453/453
f 453/453/453 454/454/454 451/451/451
f 455/455/455 456/456/456 457/457/457
f 457/457/457 458/458/458 455/455/455
f 459/459/459 460/460/460 461/461/461
f 461/461/461 462/462/462 459/459/459
f 463/463/463 464/464/464 465/465/465
f 465/465/465 466/466/466 463/463/463
f 467/467/467 468/468/468 469/469/469
f 469/469/469 470/470/470 467/467/467
f 471/471/471 472/472/472 473/473/473
f 473/473/473 472/472/472 474/474/474
f 475/475/475 476/476/476 477/477/477
f 477/477/477 476/476/476 478/478/478
f 479/479/479 480/480/480 481/481/481
f 481/481/481 480/480/480 482/482/482
f 483/483/483 484/484/484 485/485/485
f 485/485/485 484/484/484 486/486/486
f 487/487/487 488/488/488 489/489/489
f 489/489/489 488/488/488 490/490/490
f 491/491/491 492/492/492 493/493/493
f 493/493/493 494/494/494 491/491/491
f 495/495/495 496/496/496 497/497/497
f 497/497/497 498/498/498 495/495/495
f 499/499/499 500/500/500 501/501/501
f 501/501/501 502/502/502 499/499/499
f 503/503/503 504/504/504 505/505/505
f 505/505/505 506/506/506 503/503/503
f 507/507/507 508/508/508 509/509/509
f 509/509/509 510/510/510 507/507/507
f 511/511/511 512/512/512 513/513/513
f 513/513/513 514/514/514 511/511/511
f 515/515/515 516/516/516 517/517/517
f 517/517/517 518/518/518 515/515/515
f 519/519/519 520/520/520 521/521/521
f 521/521/521 522/522/522 519/519/519
f 523/523/523 524/524/524 525/525/525
f 525/525/525 526/526/526 523/523/523
f 527/527/527 528/528/528 529/529/529
f 529/529/529 530/530/530 527/527/527
f 531/531/531 532/532/532 533/533/533
f 533/533/533 534/534/534 531/531/531
f 535/535/535 536/536/536 537/537/537
f 537/537/537 538/538/538 535/535/535
f 539/539/539 540/540/540 541/541/541
f 541/541/541 542/542/542 539/539/539
f 543/543/543 544/544/544 545/545/545
f 545/545/545 546/546/546 543/543/543
f 547/547/547 548/548/548 549/549/549
f 549/549/549 550/550/550 547/547/547
f 551/551/551 552/552/552 553/553/553
f 553/553/553 554/554/554 551/551/551
f 555/555/555 556/556/556 557/557/557
f 557/557/557 558/558/558 555/555/555
f 559/559/559 560/560/560 561/561/561
f 561/561/561 562/562/562 559/559/559
f 563/563/563 564/564/564 565/565/565
f 565/565/565 566/566/566 563/563/563
f 567/567/567 568/568/568 569/569/569
f 569/569/569 570/570/570 567/567/567
f 571/571/571 572/572/572 573/573/573
f 573/573/573 574/574/574 571/571/571
f 575/575/575 576/576/576 577/577/577
f 577/577/577 578/578/578 575/575/575
f 579/579/579 580/580/580 581/581/581
f 581/581/581 582/582/582 579/579/579
f 583/583/583 584/584/584 585/585/585
f 585/585/585 586/586/586 583/583/583
f 587/587/587 588/588/588 589/589/589
f 589/589/589 590/590/590 587/587/587
f 591/591/591 592/592/592 593/593/593
f 593/593/593 594/594/594 591/591/591
f 595/595/595 596/596/596 597/597/597
f 597/597/597 598/598/598 595/595/595
f 599/599/599 600/600/600 601/601/601
f 601/601/601 602/602/602 599/599/599
f 603/603/603 604/604/604 605/605/605
f 605/605/605 606/606/606 603/603/603
f 607/607/607 608/608/608 609/609/609
f 609/609/609 610/610/610 607/607/607
f 611/611/611 612/612/612 613/613/613
f 613/613/613 614/614/614 611/611/611
f 615/615/615 616/616/616 617/617/617
f 617/617/617 618/618/618 615/615/615
f 619/619/619 620/620/620 621/621/621
f 621/621/621 622/622/622 619/619/619
f 623/623/623 624/624/624 625/625/625
f 625/625/625 626/626/626 623/623/623
f 627/627/627 628/628/628 629/629/629
f 629/629/629 630/630/630 627/627/627
f 631/631/631 632/632/632 633/633/633
f 633/633/633 634/634/634 631/631/631
f 635/635/635 636/636/636 637/637/637
f 637/637/637 638/638/638 635/635/635
f 638/638/638 637/637/637 639/639/639
f 639/639/639 640/640/640 638/638/638
f 641/641/641 640/640/640 639/639/639
f 639/639/639 642/642/642 641/641/641
f 643/643/643 641/641/641 642/642/642
f 642/642/642 644/644/644 643/643/643
f 645/645/645 646/646/646 647/647/647
f 647/647/647 648/648/648 645/645/645
f 649/649/649 648/648/648 647/647/647
f 650/650/650 651/651/651 652/652/652
f 652/652/652 653/653/653 650/650/650
f 652/652/652 654/654/654 653/653/653
f 655/655/655 656/656/656 657/657/657
f 657/657/657 658/658/658 655/655/655
f 659/659/659 658/658/658 657/657/657
f 660/660/660 661/661/661 662/662/662
f 662/662/662 663/663/663 660/660/660
f 662/662/662 664/664/664 663/663/663
f 665/665/665 666/666/666 667/667/667
f 667/667/667 668/668/668 665/665/665
f 668/668/668 667/667/667 669/669/669
f 669/669/669 670/670/670 668/668/668
f 670/670/670 669/669/669 671/671/671
f 671/671/671 672/672/672 670/670/670
f 672/672/672 671/671/671 673/673/673
f 673/673/673 674/674/674 672/672/672
f 674/674/674 673/673/673 675/675/675
f 675/675/675 676/676/676 674/674/674
f 676/676/676 675/675/675 677/677/677
f 677/677/677 678/678/678 676/676/676
f 678/678/678 677/677/677 679/679/679
f 679/679/679 680/680/680 678/678/678
f 680/680/680 679/679/679 681/681/681
f 681/681/681 682/682/682 680/680/680
f 683/683/683 684/684/684 685/685/685
f 685/685/685 684/684/684 686/686/686
f 687/687/687 685/685/685 686/686/686
f 688/688/688 687/687/687 686/686/686
f 689/689/689 690/690/690 691/691/691
f 691/691/691 692/692/692 689/689/689
f 692/692/692 691/691/691 693/693/693
f 693/693/693 694/694/694 692/692/692
f 694/694/694 693/693/693 695/695/695
f 695/695/695 696/696/696 694/694/694
f 697/697/697 698/698/698 699/699/699
f 699/699/699 698/698/698 700/700/700
f 700/700/700 701/701/701 699/699/699
f 701/701/701 700/700/700 702/702/702
f 703/703/703 704/704/704 705/705/705
f 706/706/706 703/703/703 705/705/705
f 705/705/705 707/707/707 706/706/706
f 708/708/708 706/706/706 707/707/707
f 709/709/709 710/710/710 711/711/711
f 712/712/712 709/709/709 711/711/711
f 711/711/711 713/713/713 712/712/712
f 714/714/714 712/712/712 713/713/713
f 715/715/715 716/716/716 717/717/717
f 718/718/718 715/715/715 717/717/717
f 717/717/717 719/719/719 718/718/718
f 720/720/720 718/718/718 719/719/719
f 721/721/721 722/722/722 723/723/723
f 724/724/724 721/721/721 723/723/723
f 723/723/723 725/725/725 724/724/724
f 726/726/726 724/724/724 725/725/725
f 727/727/727 728/728/728 729/729/729
f 727/727/727 729/729/729 730/730/730
f 729/729/729 731/731/731 730/730/730
f 731/731/731 732/732/732 730/730/730
f 733/733/733 734/734/734 735/735/735
f 735/735/735 736/736/736 733/733/733
f 737/737/737 733/733/733 736/736/736
f 736/736/736 738/738/738 737/737/737
f 739/739/739 740/740/740 741/741/741
f 741/741/741 742/742/742 739/739/739
f 743/743/743 739/739/739 742/742/742
f 742/742/742 744/744/744 743/743/743
f 745/745/745 746/746/746 747/747/747
f 747/747/747 748/748/748 745/745/745
f 749/749/749 745/745/745 748/748/748
f 748/748/748 750/750/750 749/749/749
f 751/751/751 752/752/752 753/753/753
f 752/752/752 754/754/754 755/755/755
f 755/755/755 756/756/756 752/752/752
f 757/757/757 758/758/758 751/751/751
f 758/758/758 757/757/757 759/759/759
f 760/760/760 758/758/758 759/759/759
f 758/758/758 760/760/760 761/761/761
f 761/761/761 762/762/762 758/758/758
f 763/763/763 755/755/755 764/764/764
f 755/755/755 765/765/765 764/764/764
f 765/765/765 755/755/755 766/766/766
f 765/765/765 767/767/767 764/764/764
f 766/766/766 768/768/768 765/765/765
f 767/767/767 765/765/765 768/768/768
f 768/768/768 769/769/769 767/767/767
f 770/770/770 771/771/771 772/772/772
f 770/770/770 772/772/772 773/773/773
f 770/770/770 773/773/773 774/774/774
f 773/773/773 775/775/775 774/774/774
f 776/776/776 777/777/777 778/778/778
f 778/778/778 779/779/779 776/776/776
f 780/780/780 776/776/776 779/779/779
f 779/779/779 778/778/778 781/781/781
f 779/779/779 782/782/782 780/780/780
f 781/781/781 783/783/783 779/779/779
f 782/782/782 779/779/779 783/783/783
f 783/783/783 781/781/781 784/784/784
f 785/785/785 780/780/780 782/782/782
f 786/786/786 783/783/783 784/784/784
f 783/783/783 786/786/786 782/782/782
f 787/787/787 786/786/786 784/784/784
f 788/788/788 787/787/787 784/784/784
f 789/789/789 782/782/782 786/786/786
f 786/786/786 787/787/787 789/789/789
f 782/782/782 789/789/789 785/785/785
f 790/790/790 789/789/789 787/787/787
f 790/790/790 785/785/785 789/789/789
f 787/787/787 788/788/788 790/790/790
f 791/791/791 785/785/785 790/790/790
f 792/792/792 790/790/790 788/788/788
f 790/790/790 792/792/792 791/791/791
f 788/788/788 793/793/793 792/792/792
f 794/794/794 791/791/791 792/792/792
f 794/794/794 792/792/792 793/793/793
f 795/795/795 791/791/791 794/794/794
f 793/793/793 796/796/796 797/797/797
f 794/794/794 798/798/798 795/795/795
f 799/799/799 795/795/795 798/798/798
f 793/793/793 800/800/800 794/794/794
f 798/798/798 794/794/794 800/800/800
f 800/800/800 793/793/793 797/797/797
f 799/799/799 798/798/798 801/801/801
f 800/800/800 801/801/801 798/798/798
f 801/801/801 800/800/800 797/797/797
f 801/801/801 802/802/802 799/799/799
f 802/802/802 801/801/801 797/797/797
f 803/803/803 804/804/804 805/805/805
f 803/803/803 805/805/805 806/806/806
f 807/807/807 803/803/803 806/806/806
f 808/808/808 807/807/807 806/806/806
f 805/805/805 809/809/809 806/806/806
f 809/809/809 810/810/810 806/806/806
f 811/811/811 812/812/812 813/813/813
f 814/814/814 815/815/815 813/813/813
f 812/812/812 814/814/814 813/813/813
f 812/812/812 816/816/816 814/814/814
f 816/816/816 817/817/817 814/814/814
f 812/812/812 818/818/818 816/816/816
f 819/819/819 820/820/820 821/821/821
f 820/820/820 822/822/822 823/823/823
f 820/820/820 823/823/823 821/821/821
f 823/823/823 824/824/824 821/821/821
f 824/824/824 825/825/825 821/821/821
f 823/823/823 826/826/826 824/824/824
