v -0.280824 0.850903 -0.17096000000000006
v 0.630015 0.930591 -0.17096000000000006
v -0.2152 0.10082299999999998 -0.17096
v 0.695639 0.180511 -0.17096
v -0.207984 0.766332 0.621643
v -0.147859 0.07910200000000005 0.620825
v 0.683336 -0.33641099999999996 0.620825
v 0.580821 0.835343 0.621643
v -0.07137 1.050431 -0.17096000000000006
v 0.441788 1.095327 -0.17096000000000006
v -0.07137 1.050431 0.19918099999999994
v 0.002811 1.056921 0.43586699999999995
v 0.185209 1.072879 0.5449739999999998
v 0.441788 1.095327 0.19918099999999994
v 0.367607 1.088837 0.43586699999999995
v -0.001637 1.056532 0.19388999999999995
v -0.001637 1.056532 -0.17096000000000006
v 0.372055 1.089226 -0.17096000000000006
v 0.372055 1.089226 0.19388999999999995
v 0.311148 1.083897 0.39477999999999996
v 0.185209 1.072879 0.47497399999999995
v 0.05927 1.061861 0.39477999999999996
v 0.082909 0.79167 0.39477999999999996
v 0.020093 0.808161 0.19388999999999995
v 0.016876 0.84493 -0.17096000000000006
v 0.390568 0.877624 -0.17096000000000006
v 0.393784 0.840855 0.19388999999999995
v 0.334787 0.813706 0.39477999999999996
v -0.246759 0.831861 -0.17027700000000007
v 0.597221 0.905699 -0.17027700000000007
v -0.178306 0.049441999999999986 -0.170277
v 0.665674 0.12328099999999999 -0.170277
v -0.180249 0.751663 0.600391
v 0.557802 0.816234 0.600391
v -0.119264 0.05460700000000004 0.600391
v 0.618787 0.11917800000000005 0.600391
v -0.01481 0.15852500000000008 1.159004
v 0.514171 0.20480500000000007 1.159004
v -0.01481 0.15852500000000008 1.427584
v 0.514171 0.20480500000000007 1.427584
v -0.060751 0.6836330000000002 1.159004
v 0.46823 0.7299120000000001 1.159004
v -0.060751 0.6836330000000002 1.427584
v 0.46823 0.7299120000000001 1.427584
v 0.492504 0.22298500000000007 1.178315
v -0.036172 0.16671200000000008 1.178315
v -0.080681 0.6754460000000001 1.178315
v 0.450049 0.7082450000000001 1.178315
v 0.480523 0.2380480000000001 1.433199
v -0.05229 0.19143300000000008 1.433199
v 0.534148 0.18849200000000008 1.433199
v -0.04758 0.13759700000000008 1.433199
v -0.091938 0.6446100000000001 1.433199
v 0.440483 0.6911910000000001 1.433199
v -0.096677 0.6987760000000001 1.433199
v 0.484833 0.7496510000000001 1.433199
v -0.084192 0.696301 0.615906
v -0.034617 0.676899 0.615906
v -0.084192 0.6963010000000001 1.432349
v -0.034617 0.6768990000000001 1.432349
v -0.08007 0.649183 0.615906
v -0.08007 0.6491830000000001 1.432349
v 0.481277 0.745797 0.615906
v 0.481277 0.7457970000000002 1.432349
v 0.435824 0.7180810000000001 1.432349
v 0.485399 0.698679 0.615906
v 0.485399 0.6986790000000002 1.432349
v 0.435824 0.718081 0.615906
v 0.399044 0.7232070000000002 1.427881
v 0.34095 0.7181240000000001 1.73201
v 0.439846 0.7267760000000001 1.427881
v 0.29692 0.7142720000000001 1.752979
v -0.125159 0.6506290000000001 1.968371
v 0.600391 0.7141070000000002 1.66485
v -0.129544 0.7007430000000001 1.968371
v 0.596007 0.7642200000000001 1.66485
v -0.03996 0.6847990000000002 1.427881
v -0.08952 0.6804630000000002 1.914282
v 0.004508 0.6886890000000001 1.430751
v -0.134934 0.6764900000000001 1.932734
v 0.000877 0.6883720000000001 1.427881
v 0.260717 0.7111050000000001 1.767494
v 0.055321 0.6931350000000001 1.427881
v 0.223845 0.7078790000000001 1.785958
v 0.439515 0.7267480000000001 1.427881
v 0.584441 0.7394270000000001 1.657226
v 0.480316 0.7303170000000001 1.427881
v 0.549331 0.7363550000000001 1.657226
v 0.631553 0.7884790000000002 1.656868
v 0.326916 0.1497420000000001 1.808055
v 0.684697 0.18104400000000012 1.656868
v 0.273772 0.7571770000000001 1.808055
v 0.444667 0.20173800000000008 1.427881
v 0.386573 0.1966550000000001 1.73201
v 0.485469 0.20530800000000007 1.427881
v 0.342542 0.1928030000000001 1.752979
v -0.079536 0.1291600000000001 1.968371
v 0.646014 0.19263800000000011 1.66485
v -0.083921 0.1792740000000001 1.968371
v 0.641629 0.2427510000000001 1.66485
v 0.005662 0.1633300000000001 1.427881
v -0.043898 0.1589940000000001 1.914282
v 0.05013 0.1672200000000001 1.430751
v -0.089312 0.1550210000000001 1.932734
v 0.046499 0.16690300000000008 1.427881
v 0.306339 0.1896360000000001 1.767494
v 0.100943 0.1716660000000001 1.427881
v 0.269468 0.1864100000000001 1.785958
v 0.485137 0.20527900000000007 1.427881
v 0.630063 0.21795800000000012 1.657226
v 0.525939 0.2088480000000001 1.427881
v 0.594954 0.2148860000000001 1.657226
v -0.107769 0.7366250000000001 1.914982
v -0.132598 0.7344530000000001 1.929373
v -0.107769 0.7366250000000001 1.943763
v -0.052226 0.1017640000000001 1.914982
v -0.077055 0.09959200000000012 1.929373
v -0.052226 0.10176400000000012 1.943763
v 0.268694 1.259695 -0.11858100000000009
v 0.211332 1.915338 -0.6237490000000001
v 0.211331 1.915338 -0.6492630000000001
v 0.283114 1.260957 -0.14409500000000008
v 0.254273 1.258434 -0.14409500000000008
v 0.356319 0.09204199999999998 -0.144095
v 0.37074 0.09330299999999998 -0.118581
v 0.385161 0.09456499999999998 -0.144095
v 0.042837 1.289564 -0.11858100000000009
v -0.010215 1.895955 -0.6237490000000001
v -0.010215 1.895955 -0.6492630000000001
v 0.057259 1.290826 -0.14409500000000008
v 0.028416 1.288302 -0.14409500000000008
v 0.134772 0.07265899999999999 -0.144095
v 0.149192 0.07392099999999999 -0.118581
v 0.163614 0.07518199999999998 -0.144095
v 0.131075 0.4126430000000001 1.982028
v 0.111242 0.4126430000000001 1.97945
v 0.499686 0.417758 -0.22632400000000003
v 0.479852 0.417757 -0.22890100000000002
v 1.138816 0.34351800000000005 0.471413
v 1.224875 0.30981900000000007 0.471413
v 1.225175 0.302947 -0.04901000000000002
v 1.101018 1.178293 0.35540399999999994
v 1.186046 1.199151 0.35540399999999994
v 1.18593 1.201801 -0.049010000000000074
v 0.919919 1.513213 0.2931939999999999
v 0.976459 1.579018 0.2931939999999999
v 0.979739 1.616161 -0.049010000000000095
v 0.698733 -0.22761399999999998 0.471413
v 0.748567 -0.29983299999999996 0.471413
v 0.934216 -0.110858 -0.04900999999999999
v 0.819093 1.636608 0.1534849999999999
v 0.795266 1.639641 -0.049010000000000095
v 0.871499 1.728366 -0.0490100000000001
v 0.875633 1.702413 0.1534849999999999
v 1.113277 0.915729 0.4476299999999999
v 1.198921 0.921831 0.4473309999999999
v 0.653398 0.745714 0.530815
v 1.188641 0.914224 0.4789149999999999
v 0.691565 0.2914570000000001 0.530815
v 1.172359 0.32375200000000004 0.603677
v 0.940212 0.022070000000000034 0.565176
v 0.694481 0.512674 0.505453
v 1.044428 0.19749400000000003 0.554336
v 1.149747 0.581036 0.553296
v 0.92808 0.781752 0.520078
v 0.825237 0.18277000000000002 0.521118
v 0.921868 0.45157700000000006 0.492935
v 1.144588 1.194258 0.42471799999999993
v 1.108131 1.183044 0.42471799999999993
v 1.108131 1.183044 0.35007299999999997
v 1.144588 1.194258 0.35007299999999997
v 1.01846 1.437042 0.4112999999999999
v 0.984392 1.428515 0.4112999999999999
v 0.984392 1.428515 0.30282399999999987
v 1.01846 1.437042 0.30282399999999987
v 1.197199 0.880181 0.552565
v 1.160168 0.913712 0.5470159999999998
v 1.556624 0.796899 0.09284399999999994
v 1.322508 0.363838 0.09284399999999997
v 1.193516 0.587259 0.09284399999999995
v 1.685616 0.573478 0.09284399999999995
v 1.243092 0.610526 0.3983729999999999
v 1.275006 0.603647 0.20265699999999998
v 1.330451 0.479019 0.09350499999999998
v 1.295306 0.539473 0.09350499999999998
v 1.260204 0.593991 0.14533299999999996
v 1.62365 0.685522 0.43299199999999993
v 1.564465 0.788033 0.31462299999999993
v 1.62365 0.685522 0.19625399999999996
v 1.682834 0.583012 0.31462299999999993
v -0.416148 1.31901 -0.30354300000000006
v -1.059062 1.337003 0.30644099999999996
v -0.519806 1.241918 0.30644099999999996
v -1.257367 0.21235900000000002 0.306441
v -0.718112 0.11727400000000002 0.306441
v -1.012092 1.288104 0.30644099999999996
v -0.580668 1.212032 0.30644099999999996
v -0.765082 0.16617300000000002 0.306441
v -1.196505 0.24224500000000002 0.306441
v -1.012092 1.288104 0.08887499999999991
v -0.580668 1.212032 0.08887499999999993
v -0.765081 0.166173 0.08887499999999998
v -1.196505 0.242245 0.08887499999999998
v -1.143424 0.542737 -0.31106200000000006
v -1.063544 0.995762 -0.31106200000000006
v -1.118031 0.686752 0.815607
v -1.088937 0.851747 0.815607
v -1.387485 0.585772 -0.31106200000000006
v -1.307604 1.038796 -0.31106200000000006
v -1.202438 0.701635 0.815607
v -1.173345 0.866631 0.815607
v -1.143424 0.542737 0.07806899999999997
v -1.063544 0.995762 0.07806899999999994
v -1.307604 1.038796 0.07806899999999993
v -1.387485 0.585772 0.07806899999999996
v -0.630406 0.919388 -0.12045100000000006
v -0.710287 0.466364 -0.12045100000000003
v -0.655799 0.775374 0.815607
v -0.684893 0.610378 0.815607
v -0.321962 0.865001 -0.12045100000000006
v -0.401843 0.411977 -0.12045100000000003
v -0.571392 0.76049 0.815607
v -0.630406 0.919388 0.07806899999999994
v -0.710287 0.466364 0.07806899999999997
v -0.647071 0.009377999999999992 -0.1232
v -1.130103 1.4449 -0.3035430000000001
v -1.361026 0.135267 -0.12320000000000002
v -0.600486 0.595495 0.815607
v -0.416148 1.31901 -0.12320000000000009
v -1.361026 0.13526699999999997 -0.544896
v -1.130103 1.4449 -0.12320000000000009
v -1.389091 0.569476 -0.20106600000000002
v -1.595839 0.509632 -0.20106600000000002
v -1.499572 0.951165 -0.20106600000000005
v -1.70632 0.891321 -0.20106600000000005
v -1.410655 0.579272 -0.09344800000000004
v -1.58284 0.529433 -0.09344800000000003
v -1.51257 0.931365 -0.09344800000000006
v -1.684755 0.881525 -0.09344800000000006
v -1.490995 0.508883 -0.30309900000000006
v -1.699966 0.560431 -0.30309900000000006
v -1.678809 0.571079 -0.19548200000000002
v -1.504773 0.528149 -0.19548200000000002
v -1.604801 0.946224 -0.30309900000000006
v -1.591023 0.926958 -0.19548200000000004
v -1.39583 0.894676 -0.30309900000000006
v -1.416987 0.884028 -0.19548200000000004
v 0.199545 0.6998360000000001 1.098579
v 0.199545 0.6998360000000001 1.160702
v 0.353381 0.7132950000000001 0.989465
v 0.433696 0.720321 0.765681
v 0.472486 0.723715 0.765681
v -0.034606 0.67935 0.765681
v -0.06804 0.676425 0.765794
v 0.045709 0.6863770000000001 0.989465
v -1.160799 1.99999 0.04839199999999987
v -1.144867 2.013861 0.038541999999999875
v -1.133959 1.98806 0.04742599999999988
v -1.111106 1.962727 -0.2950040000000001
v -1.057697 2.044621 -0.23671000000000014
v -1.044744 2.031489 -0.2639860000000001
v -1.037769 2.024701 -0.2325300000000001
v -1.211544 1.873218 -0.2229830000000001
v 1.229155 0.577927 0.03664599999999996
v 1.363651 0.655578 -0.00832700000000004
v 1.313162 0.626427 0.09265099999999996
v 1.279645 0.607074 -0.06433200000000004
v 0.492504 0.22298500000000007 1.427584
v -0.016553 0.17844900000000008 1.427584
v -0.059008 0.6637090000000001 1.427584
v 0.450049 0.7082450000000001 1.427584
v 0.529726 0.19201500000000002 0.615906
v 0.480152 0.21141800000000002 0.615906
v 0.529726 0.19201500000000007 1.432349
v 0.480152 0.21141800000000008 1.432349
v 0.525604 0.23913400000000004 0.615906
v 0.525604 0.2391340000000001 1.432349
v 0.505499 0.19485300000000005 0.765682
v 0.458209 0.73538 0.765795
v 0.634072 0.2653730000000001 0.528267
v 0.708432 0.27187800000000006 0.528267
v 0.704873 0.31257000000000007 0.542426
v 0.630511 0.30606400000000006 0.542426
v 0.588866 0.72055 0.528267
v 0.663228 0.727056 0.528267
v 0.659667 0.767747 0.542426
v 0.585306 0.761242 0.542426
v 0.54536 0.835497 0.528267
v 0.536899 0.932199 0.5282669999999999
v 0.496208 0.928639 0.5424259999999999
v 0.504668 0.831937 0.542426
v -0.126206 0.774854 0.528267
v -0.132712 0.849216 0.528267
v -0.173403 0.845656 0.542426
v -0.166898 0.771294 0.542426
v 1.123744 0.349745 -0.04901000000000002
v 1.088767 1.175103 -0.04901000000000007
v 0.903505 1.527437 -0.04901000000000009
v 0.865577 -0.011389000000000003 -0.04901
v 0.972269 0.005853000000000034 0.573484
v 0.972269 0.0058530000000000275 0.456875
v 0.934391 0.014285000000000036 0.573484
v 0.934391 0.014285000000000029 0.456875
v 1.200577 0.31823900000000005 0.6174
v 1.200577 0.31823900000000005 0.463634
v 1.163749 0.3261470000000001 0.6174
v 1.163749 0.3261470000000001 0.463634
v 1.15202 0.860691 0.44236099999999995
v 1.15202 0.860691 0.584916
v 1.16573 0.887029 0.584916
v 1.16573 0.887029 0.44236099999999995
v 1.631661 0.549646 0.3983729999999999
v 1.647583 0.583512 -0.008327000000000036
v 1.597093 0.554365 0.09265099999999997
v 1.513086 0.505862 0.03664599999999997
v 1.563575 0.535012 -0.06433200000000003
v 1.579626 0.62039 0.09350499999999996
v 1.615062 0.565293 0.14533299999999996
v -0.517249 1.062725 0.21892199999999995
v -0.546032 1.059523 0.21393199999999996
v -0.537145 1.078958 0.20462999999999995
v -0.413982 1.033239 -0.10801700000000007
v -0.394701 1.127128 -0.04528500000000007
v -0.420402 1.134007 -0.05546400000000007
v -0.397337 1.127697 -0.07810100000000007
v -0.471088 0.90949 -0.039375000000000056
v 0.870255 0.363297 -0.01907400000000002
v 0.656256 0.340263 -0.01907400000000002
v 0.672495 0.357506 0.08854399999999997
v 0.850718 0.376688 0.08854399999999997
v 0.613733 0.735338 -0.019074000000000046
v 0.633269 0.721946 0.08854399999999996
v 0.827732 0.758372 -0.019074000000000046
v 0.811492 0.741129 0.08854399999999996
v 1.075987 0.342144 -0.006747000000000021
v 0.861239 0.356621 -0.006747000000000022
v 0.880226 0.370781 0.10086999999999997
v 1.059073 0.358725 0.10086999999999997
v 0.887967 0.753078 -0.006747000000000046
v 0.904881 0.736497 0.10086999999999996
v 1.102714 0.738601 -0.0067470000000000455
v 1.083727 0.72444 0.10086999999999996
v 0.680267 0.493449 0.19775699999999996
v 0.759249 0.332535 0.19775699999999996
v 1.009314 0.654955 0.19775699999999996
v 1.088295 0.494041 0.19775699999999996
v -0.038198 0.42207100000000003 1.09858
v -0.038198 0.42207100000000003 1.160702
v -0.051657 0.5759070000000001 0.989466
v -0.058683 0.656222 0.765682
v -0.062077 0.695012 0.765682
v -0.017712 0.18792000000000006 0.765682
v -0.014787 0.15448600000000007 0.765794
v -0.024739 0.26823500000000006 0.989466
v 0.244689 0.18663600000000005 1.098579
v 0.244689 0.18663600000000008 1.160702
v 0.090853 0.17317700000000005 0.989465
v 0.010538 0.16615100000000005 0.765681
v -0.028252 0.16275700000000007 0.765681
v 0.47884 0.20712200000000006 0.765681
v 0.512275 0.21004700000000007 0.765794
v 0.398525 0.20009500000000005 0.989465
v 1.415349 0.449435 0.09265099999999997
v 1.465839 0.478583 -0.008327000000000029
v 1.331342 0.400932 0.03664599999999997
v 1.381832 0.430082 -0.06433200000000003
v 1.410898 0.682857 0.036645999999999956
v 1.545395 0.760508 -0.008327000000000046
v 1.494905 0.731357 0.09265099999999996
v 1.461388 0.712004 -0.06433200000000004
v 0.492504 0.22298500000000007 1.178315
v -0.016553 0.17844900000000008 1.178315
v -0.059008 0.6637090000000001 1.178315
v 0.450049 0.7082450000000001 1.178315
v 0.481971 0.46692500000000003 1.09858
v 0.481971 0.46692500000000003 1.160702
v 0.49543 0.31308900000000006 0.989465
v 0.502457 0.23277400000000006 0.765682
v 0.461486 0.701075 0.765682
v 0.468512 0.6207610000000001 0.989466
v 1.138816 0.34351800000000005 0.471413
v 1.101018 1.178293 0.35540399999999994
v 0.919919 1.513213 0.2931939999999999
v 0.698733 -0.22761399999999998 0.471413
v 0.819093 1.636608 0.1534849999999999
v 0.795265 1.639641 -0.049010000000000095
v 1.513323 0.739791 0.14533299999999993
v 1.366595 0.396612 0.398373
v 1.498157 0.732484 0.20265699999999995
v 1.508158 0.763559 0.3983729999999999
v 1.599748 0.556523 0.20265699999999998
v 1.376597 0.427685 0.20265699999999998
v 1.544119 0.68147 0.09350499999999996
v 1.360914 0.421275 0.14533299999999996
v 0.009498 0.17037600000000003 0.615906
v 0.009498 0.17037600000000008 1.432349
v -0.039829 0.18968200000000002 0.615906
v -0.039829 0.18968200000000007 1.432349
v -0.035355 0.14219700000000002 0.615906
v -0.035355 0.14219700000000007 1.432349
v 0.433696 0.720321 0.765681
v -0.034606 0.67935 0.765681
v -0.058683 0.656222 0.765682
v -0.017712 0.18792000000000006 0.765682
v 0.010538 0.16615100000000005 0.765681
v 0.47884 0.20712200000000006 0.765681
v 0.502457 0.23277400000000006 0.765682
v 0.461486 0.701075 0.765682
v 0.199545 0.6998360000000001 1.160702
v 0.385967 0.7161460000000001 1.027833
v 0.385967 0.7161460000000001 1.027833
v 0.013123 0.6835260000000001 1.027833
v 0.013123 0.6835260000000001 1.027833
v -0.038198 0.42207100000000003 1.160702
v -0.054508 0.6084930000000001 1.027833
v -0.054508 0.6084930000000001 1.027833
v -0.021888 0.23564900000000005 1.027833
v -0.021888 0.23564900000000005 1.027833
v 0.244689 0.18663600000000008 1.160702
v 0.058267 0.17032600000000006 1.027833
v 0.058267 0.17032600000000006 1.027833
v 0.431111 0.20294600000000004 1.027833
v 0.431111 0.20294600000000004 1.027833
v 0.481971 0.46692500000000003 1.160702
v 0.498281 0.28050200000000003 1.027833
v 0.498281 0.28050200000000003 1.027833
v 0.465662 0.6533470000000001 1.027833
v 0.465662 0.6533470000000001 1.027833
v -0.055707 0.871405 -0.17096000000000006
v 0.457451 0.916301 -0.17096000000000006
v 0.461049 0.87518 0.19918099999999994
v 0.389405 0.839689 0.43586699999999995
v -0.05211 0.830284 0.19918099999999994
v 0.024609 0.807774 0.43586699999999995
v 0.208071 0.811569 0.544974
v 1.113277 0.915729 0.4476299999999999
v 0.472486 0.723715 0.765681
v -0.06804 0.676425 0.765794
v 0.505499 0.19485300000000005 0.765682
v 0.458209 0.73538 0.765795
v -0.062077 0.695012 0.765682
v -0.014787 0.15448600000000007 0.765794
v -0.028252 0.16275700000000007 0.765681
v 0.512275 0.21004700000000007 0.765794
v 0.353381 0.7132950000000001 0.989465
v 0.199545 0.6998360000000001 1.098579
v 0.045709 0.6863770000000001 0.989465
v -0.051657 0.5759070000000001 0.989466
v -0.038198 0.42207100000000003 1.09858
v -0.024739 0.26823500000000006 0.989466
v 0.090853 0.17317700000000005 0.989465
v 0.244689 0.18663600000000005 1.098579
v 0.398525 0.20009500000000005 0.989465
v 0.481971 0.46692500000000003 1.09858
v 0.49543 0.31308900000000006 0.989465
v 0.468512 0.6207610000000001 0.989466
v -0.037 0.872235 -0.17096000000000006
v 0.451138 0.914942 -0.17096000000000006
v -0.036158 0.829717 0.20023799999999994
v 0.451972 0.872869 0.19634899999999994
v 0.34095 0.7181240000000001 1.73201
v 0.399044 0.7232070000000002 1.427881
v 0.399044 0.7232070000000002 1.427881
v 0.34095 0.7181240000000001 1.73201
v -0.08952 0.6804630000000002 1.914282
v -0.03996 0.6847990000000002 1.427881
v -0.03996 0.6847990000000002 1.427881
v -0.08952 0.6804630000000002 1.914282
v 0.260717 0.7111050000000001 1.767494
v 0.000877 0.6883720000000001 1.427881
v 0.000877 0.6883720000000001 1.427881
v 0.260717 0.7111050000000001 1.767494
v 0.584441 0.7394270000000001 1.657226
v 0.439515 0.7267480000000001 1.427881
v 0.439515 0.7267480000000001 1.427881
v 0.584441 0.7394270000000001 1.657226
v 0.386573 0.1966550000000001 1.73201
v 0.444667 0.20173800000000008 1.427881
v 0.444667 0.20173800000000008 1.427881
v 0.386573 0.1966550000000001 1.73201
v -0.043898 0.1589940000000001 1.914282
v 0.005662 0.1633300000000001 1.427881
v 0.005662 0.1633300000000001 1.427881
v -0.043898 0.1589940000000001 1.914282
v 0.306339 0.1896360000000001 1.767494
v 0.046499 0.16690300000000008 1.427881
v 0.046499 0.16690300000000008 1.427881
v 0.306339 0.1896360000000001 1.767494
v 0.630063 0.21795800000000012 1.657226
v 0.485137 0.20527900000000007 1.427881
v 0.485137 0.20527900000000007 1.427881
v 0.630063 0.21795800000000012 1.657226
v 1.144588 1.194258 0.42471799999999993
v 1.108131 1.183044 0.35007299999999997
v 1.108131 1.183044 0.35007299999999997
v 1.144588 1.194258 0.42471799999999993
v 1.01846 1.437042 0.4112999999999999
v 0.984392 1.428515 0.30282399999999987
v 0.984392 1.428515 0.30282399999999987
v 1.01846 1.437042 0.4112999999999999
v 1.682834 0.583012 0.31462299999999993
v 1.564465 0.788033 0.31462299999999993
v 1.564465 0.788033 0.31462299999999993
v 1.682834 0.583012 0.31462299999999993
v 1.313162 0.626427 0.09265099999999996
v 1.279645 0.607074 -0.06433200000000004
v 1.279645 0.607074 -0.06433200000000004
v 1.313162 0.626427 0.09265099999999996
v 1.16573 0.887029 0.584916
v 1.15202 0.860691 0.44236099999999995
v 1.15202 0.860691 0.44236099999999995
v 1.16573 0.887029 0.584916
v 1.494905 0.731357 0.09265099999999996
v 1.461388 0.712004 -0.06433200000000004
v 1.461388 0.712004 -0.06433200000000004
v 1.494905 0.731357 0.09265099999999996
v 0.439846 0.7267760000000001 1.427881
v 0.29692 0.7142720000000001 1.752979
v 0.004508 0.6886890000000001 1.430751
v -0.134934 0.6764900000000001 1.932734
v 0.055321 0.6931350000000001 1.427881
v 0.223845 0.7078790000000001 1.785958
v 0.480316 0.7303170000000001 1.427881
v 0.549331 0.7363550000000001 1.657226
v 0.485469 0.20530800000000007 1.427881
v 0.342542 0.1928030000000001 1.752979
v 0.05013 0.1672200000000001 1.430751
v -0.089312 0.1550210000000001 1.932734
v 0.100943 0.1716660000000001 1.427881
v 0.269468 0.1864100000000001 1.785958
v 0.525939 0.2088480000000001 1.427881
v 0.594954 0.2148860000000001 1.657226
v 1.108131 1.183044 0.42471799999999993
v 1.144588 1.194258 0.35007299999999997
v 0.984392 1.428515 0.4112999999999999
v 1.01846 1.437042 0.30282399999999987
v 1.62365 0.685522 0.43299199999999993
v 1.62365 0.685522 0.19625399999999996
v 1.229155 0.577927 0.03664599999999996
v 1.363651 0.655578 -0.00832700000000004
v 1.15202 0.860691 0.584916
v 1.16573 0.887029 0.44236099999999995
v 1.410898 0.682857 0.036645999999999956
v 1.545395 0.760508 -0.008327000000000046
v 0.65851 0.502811 0.09013999999999997
v 1.015215 0.677894 0.09013899999999996
v 1.009314 0.654955 0.19775699999999996
v 0.680267 0.493449 0.19775699999999996
v 1.110052 0.484679 0.09013899999999997
v 1.088295 0.494041 0.19775699999999996
v 0.580821 0.835343 0.621643
v 0.630015 0.930591 -0.17096000000000006
v 0.05927 1.061861 0.39477999999999996
v 0.002811 1.056921 0.43586699999999995
v -0.07137 1.050431 0.19918099999999994
v -0.001637 1.056532 0.19388999999999995
v -0.07137 1.050431 -0.17096000000000006
v -0.001637 1.056532 -0.17096000000000006
v 0.441788 1.095327 -0.17096000000000006
v 0.441788 1.095327 0.19918099999999994
v 0.372055 1.089226 0.19388999999999995
v 0.372055 1.089226 -0.17096000000000006
v 0.367607 1.088837 0.43586699999999995
v 0.311148 1.083897 0.39477999999999996
v 0.185209 1.072879 0.5449739999999998
v 0.514171 0.20480500000000007 1.159004
v 0.514171 0.20480500000000007 1.427584
v 0.46823 0.7299120000000001 1.427584
v 0.46823 0.7299120000000001 1.159004
v 0.480523 0.2380480000000001 1.433199
v 0.440483 0.6911910000000001 1.433199
v -0.084192 0.696301 0.615906
v -0.084192 0.6963010000000001 1.432349
v -0.08007 0.649183 0.615906
v -0.08007 0.6491830000000001 1.432349
v -0.034617 0.6768990000000001 1.432349
v -0.034617 0.676899 0.615906
v 0.481277 0.745797 0.615906
v 0.481277 0.7457970000000002 1.432349
v 0.435824 0.718081 0.615906
v 0.435824 0.7180810000000001 1.432349
v 0.485399 0.6986790000000002 1.432349
v 0.485399 0.698679 0.615906
v -0.052226 0.1017640000000001 1.914982
v -0.107769 0.7366250000000001 1.914982
v -0.132598 0.7344530000000001 1.929373
v -0.107769 0.7366250000000001 1.914982
v -0.107769 0.7366250000000001 1.943763
v -0.052226 0.1017640000000001 1.914982
v -0.077055 0.09959200000000012 1.929373
v -0.052226 0.10176400000000012 1.943763
v -0.147859 0.07910200000000005 0.620825
v -0.207984 0.766332 0.621643
v 0.580821 0.835343 0.621643
v 0.683336 -0.33641099999999996 0.620825
v 0.211331 1.915338 -0.6492630000000001
v -0.010215 1.895955 -0.6492630000000001
v 0.131075 0.4126430000000001 1.982028
v 0.499686 0.417758 -0.22632400000000003
v 1.186046 1.199151 0.35540399999999994
v 0.976459 1.579018 0.2931939999999999
v 0.875633 1.702413 0.1534849999999999
v 1.224875 0.30981900000000007 0.471413
v 0.748567 -0.29983299999999996 0.471413
v 1.198921 0.921831 0.4473309999999999
v 1.260204 0.593991 0.14533299999999996
v 1.243092 0.610526 0.3983729999999999
v 1.366595 0.396612 0.398373
v 1.243092 0.610526 0.3983729999999999
v 1.243092 0.610526 0.3983729999999999
v 1.508158 0.763559 0.3983729999999999
v 1.275006 0.603647 0.20265699999999998
v 1.498157 0.732484 0.20265699999999995
v 1.376597 0.427685 0.20265699999999998
v 1.275006 0.603647 0.20265699999999998
v -0.519806 1.241918 0.30644099999999996
v -0.416148 1.31901 -0.12320000000000009
v -0.718112 0.11727400000000002 0.306441
v -0.647071 0.009377999999999992 -0.1232
v -1.059062 1.337003 0.30644099999999996
v -1.257367 0.21235900000000002 0.306441
v -1.361026 0.135267 -0.12320000000000002
v -1.130103 1.4449 -0.12320000000000009
v -1.059062 1.337003 0.30644099999999996
v -0.519806 1.241918 0.30644099999999996
v -0.718112 0.11727400000000002 0.306441
v -1.257367 0.21235900000000002 0.306441
v -1.012092 1.288104 0.30644099999999996
v -0.580668 1.212032 0.30644099999999996
v -0.580668 1.212032 0.08887499999999993
v -1.012092 1.288104 0.08887499999999991
v -0.580668 1.212032 0.30644099999999996
v -0.765082 0.16617300000000002 0.306441
v -0.765081 0.166173 0.08887499999999998
v -0.580668 1.212032 0.08887499999999993
v -0.765082 0.16617300000000002 0.306441
v -1.196505 0.24224500000000002 0.306441
v -1.196505 0.242245 0.08887499999999998
v -0.765081 0.166173 0.08887499999999998
v -1.196505 0.24224500000000002 0.306441
v -1.012092 1.288104 0.30644099999999996
v -1.012092 1.288104 0.08887499999999991
v -1.196505 0.242245 0.08887499999999998
v -1.307604 1.038796 0.07806899999999993
v -1.307604 1.038796 -0.31106200000000006
v -1.387485 0.585772 0.07806899999999996
v -1.202438 0.701635 0.815607
v -1.118031 0.686752 0.815607
v -1.118031 0.686752 0.815607
v -1.088937 0.851747 0.815607
v -1.063544 0.995762 0.07806899999999994
v -1.143424 0.542737 0.07806899999999997
v -1.173345 0.866631 0.815607
v -1.202438 0.701635 0.815607
v -1.088937 0.851747 0.815607
v -1.173345 0.866631 0.815607
v -1.387485 0.585772 -0.31106200000000006
v -0.684893 0.610378 0.815607
v -0.600486 0.595495 0.815607
v -0.710287 0.466364 0.07806899999999997
v -0.655799 0.775374 0.815607
v -0.684893 0.610378 0.815607
v -0.571392 0.76049 0.815607
v -0.655799 0.775374 0.815607
v -0.630406 0.919388 0.07806899999999994
v -1.361026 0.13526699999999997 -0.544896
v -0.321962 0.865001 -0.12045100000000006
v -0.401843 0.411977 -0.12045100000000003
v -1.130103 1.4449 -0.3035430000000001
v -1.595839 0.509632 -0.20106600000000002
v -1.58284 0.529433 -0.09344800000000003
v -1.70632 0.891321 -0.20106600000000005
v -1.684755 0.881525 -0.09344800000000006
v -1.499572 0.951165 -0.20106600000000005
v -1.389091 0.569476 -0.20106600000000002
v -1.410655 0.579272 -0.09344800000000004
v -1.51257 0.931365 -0.09344800000000006
v -1.684755 0.881525 -0.09344800000000006
v -1.51257 0.931365 -0.09344800000000006
v -1.410655 0.579272 -0.09344800000000004
v -1.58284 0.529433 -0.09344800000000003
v -1.699966 0.560431 -0.30309900000000006
v -1.678809 0.571079 -0.19548200000000002
v -1.604801 0.946224 -0.30309900000000006
v -1.591023 0.926958 -0.19548200000000004
v -1.39583 0.894676 -0.30309900000000006
v -1.490995 0.508883 -0.30309900000000006
v -1.504773 0.528149 -0.19548200000000002
v -1.416987 0.884028 -0.19548200000000004
v -1.416987 0.884028 -0.19548200000000004
v -1.504773 0.528149 -0.19548200000000002
v -1.678809 0.571079 -0.19548200000000002
v -1.591023 0.926958 -0.19548200000000004
v -1.160799 1.99999 0.04839199999999987
v -1.133959 1.98806 0.04742599999999988
v -1.144867 2.013861 0.038541999999999875
v -1.057697 2.044621 -0.23671000000000014
v -1.037769 2.024701 -0.2325300000000001
v -1.044744 2.031489 -0.2639860000000001
v -1.057697 2.044621 -0.23671000000000014
v 0.450049 0.7082450000000001 1.427584
v 0.492504 0.22298500000000007 1.427584
v 0.492504 0.22298500000000007 1.178315
v 0.450049 0.7082450000000001 1.178315
v 0.529726 0.19201500000000002 0.615906
v 0.529726 0.19201500000000007 1.432349
v 0.525604 0.23913400000000004 0.615906
v 0.525604 0.2391340000000001 1.432349
v 0.480152 0.21141800000000008 1.432349
v 0.480152 0.21141800000000002 0.615906
v 0.934391 0.014285000000000036 0.573484
v 0.934391 0.014285000000000029 0.456875
v 1.163749 0.3261470000000001 0.6174
v 1.163749 0.3261470000000001 0.463634
v 1.508158 0.763559 0.3983729999999999
v 1.513323 0.739791 0.14533299999999993
v 1.615062 0.565293 0.14533299999999996
v 1.360914 0.421275 0.14533299999999996
v 1.366595 0.396612 0.398373
v 1.631661 0.549646 0.3983729999999999
v 1.508158 0.763559 0.3983729999999999
v 1.631661 0.549646 0.3983729999999999
v 1.599748 0.556523 0.20265699999999998
v 1.498157 0.732484 0.20265699999999995
v 1.631661 0.549646 0.3983729999999999
v 1.366595 0.396612 0.398373
v 1.376597 0.427685 0.20265699999999998
v 1.599748 0.556523 0.20265699999999998
v 1.597093 0.554365 0.09265099999999997
v 1.513086 0.505862 0.03664599999999997
v 1.563575 0.535012 -0.06433200000000003
v 1.647583 0.583512 -0.008327000000000036
v -0.546032 1.059523 0.21393199999999996
v -0.517249 1.062725 0.21892199999999995
v -0.537145 1.078958 0.20462999999999995
v -0.420402 1.134007 -0.05546400000000007
v -0.394701 1.127128 -0.04528500000000007
v -0.397337 1.127697 -0.07810100000000007
v -0.420402 1.134007 -0.05546400000000007
v 0.656256 0.340263 -0.01907400000000002
v 0.672495 0.357506 0.08854399999999997
v 0.613733 0.735338 -0.019074000000000046
v 0.633269 0.721946 0.08854399999999996
v 0.827732 0.758372 -0.019074000000000046
v 0.870255 0.363297 -0.01907400000000002
v 0.850718 0.376688 0.08854399999999997
v 0.811492 0.741129 0.08854399999999996
v 0.633269 0.721946 0.08854399999999996
v 0.811492 0.741129 0.08854399999999996
v 0.850718 0.376688 0.08854399999999997
v 0.672495 0.357506 0.08854399999999997
v 0.861239 0.356621 -0.006747000000000022
v 0.880226 0.370781 0.10086999999999997
v 0.887967 0.753078 -0.006747000000000046
v 0.904881 0.736497 0.10086999999999996
v 1.102714 0.738601 -0.0067470000000000455
v 1.075987 0.342144 -0.006747000000000021
v 1.059073 0.358725 0.10086999999999997
v 1.083727 0.72444 0.10086999999999996
v 1.083727 0.72444 0.10086999999999996
v 1.059073 0.358725 0.10086999999999997
v 0.880226 0.370781 0.10086999999999997
v 0.904881 0.736497 0.10086999999999996
v 1.415349 0.449435 0.09265099999999997
v 1.331342 0.400932 0.03664599999999997
v 1.381832 0.430082 -0.06433200000000003
v 1.465839 0.478583 -0.008327000000000029
v 0.009498 0.17037600000000008 1.432349
v 0.009498 0.17037600000000003 0.615906
v -0.035355 0.14219700000000002 0.615906
v -0.039829 0.18968200000000002 0.615906
v -0.039829 0.18968200000000007 1.432349
v -0.035355 0.14219700000000007 1.432349
v 0.871499 1.728366 -0.0490100000000001
v -0.280824 0.850903 -0.17096000000000006
v -0.207984 0.766332 0.621643
v 1.015215 0.677894 0.09013899999999996
v 1.009314 0.654955 0.19775699999999996
v 0.534148 0.18849200000000008 1.433199
v 0.534148 0.18849200000000008 1.433199
v 0.484833 0.7496510000000001 1.433199
v 0.484833 0.7496510000000001 1.433199
v -0.077055 0.09959200000000012 1.929373
v -0.132598 0.7344530000000001 1.929373
v -0.107769 0.7366250000000001 1.943763
v -0.107769 0.7366250000000001 1.943763
v -0.052226 0.10176400000000012 1.943763
v -0.077055 0.09959200000000012 1.929373
v 0.268694 1.259695 -0.11858100000000009
v 0.37074 0.09330299999999998 -0.118581
v 0.268694 1.259695 -0.11858100000000009
v 0.211332 1.915338 -0.6237490000000001
v 0.268694 1.259695 -0.11858100000000009
v 0.042837 1.289564 -0.11858100000000009
v 0.149192 0.07392099999999999 -0.118581
v 0.042837 1.289564 -0.11858100000000009
v -0.010215 1.895955 -0.6237490000000001
v 0.042837 1.289564 -0.11858100000000009
v 0.479852 0.417757 -0.22890100000000002
v 0.479852 0.417757 -0.22890100000000002
v 0.111242 0.4126430000000001 1.97945
v 1.149747 0.581036 0.553296
v 0.92808 0.781752 0.520078
v 1.188641 0.914224 0.4789149999999999
v 1.160168 0.913712 0.5470159999999998
v 1.197199 0.880181 0.552565
v 1.197199 0.880181 0.552565
v -0.600486 0.595495 0.815607
v -0.571392 0.76049 0.815607
v -0.600486 0.595495 0.815607
v -1.111106 1.962727 -0.2950040000000001
v -1.133959 1.98806 0.04742599999999988
v -1.211544 1.873218 -0.2229830000000001
v -1.037769 2.024701 -0.2325300000000001
v -1.211544 1.873218 -0.2229830000000001
v -1.044744 2.031489 -0.2639860000000001
v 0.972269 0.0058530000000000275 0.456875
v 0.972269 0.0058530000000000275 0.456875
v 0.972269 0.005853000000000034 0.573484
v 1.200577 0.31823900000000005 0.463634
v 1.200577 0.31823900000000005 0.463634
v 1.200577 0.31823900000000005 0.6174
v -0.413982 1.033239 -0.10801700000000007
v -0.517249 1.062725 0.21892199999999995
v -0.471088 0.90949 -0.039375000000000056
v -0.394701 1.127128 -0.04528500000000007
v -0.471088 0.90949 -0.039375000000000056
v -0.397337 1.127697 -0.07810100000000007
vt 0.004315 0.873698
vt 0.305000 0.873698
vt 0.004493 0.679159
vt 0.305000 0.683215
vt 0.103948 0.873698
vt 0.104009 0.679159
vt 0.205568 0.544762
vt 0.205466 0.873698
vt 0.891453 0.984215
vt 0.891453 0.525262
vt 0.891453 0.884489
vt 0.891453 0.815907
vt 0.891453 0.754738
vt 0.891453 0.624987
vt 0.891453 0.693569
vt 0.295497 0.259565
vt 0.341554 0.259565
vt 0.154764 0.259565
vt 0.200821 0.259565
vt 0.227991 0.259565
vt 0.938181 0.762090
vt 0.268326 0.259565
vt 0.268326 0.190383
vt 0.295497 0.190383
vt 0.341554 0.190383
vt 0.154764 0.190383
vt 0.200821 0.190383
vt 0.227991 0.190383
vt 0.436184 0.411700
vt 0.540855 0.411700
vt 0.485658 0.411700
vt 0.491380 0.411700
vt 0.441582 0.307782
vt 0.535457 0.307894
vt 0.485658 0.307782
vt 0.491380 0.307894
vt 0.722827 0.933047
vt 0.655320 0.933047
vt 0.722827 0.860748
vt 0.655320 0.860748
vt 0.522140 0.933047
vt 0.589647 0.933047
vt 0.522140 0.860748
vt 0.589647 0.860748
vt 0.815492 0.531005
vt 0.748390 0.528315
vt 0.748408 0.665904
vt 0.815492 0.662245
vt 0.650762 0.048345
vt 0.585821 0.048345
vt 0.656644 0.033836
vt 0.585795 0.033831
vt 0.795933 0.048551
vt 0.718333 0.047182
vt 0.795972 0.033886
vt 0.725020 0.033895
vt 0.183033 0.083387
vt 0.183033 0.071507
vt 0.079970 0.083387
vt 0.079970 0.071507
vt 0.183033 0.096731
vt 0.079970 0.096731
vt 0.292926 0.073131
vt 0.189862 0.073131
vt 0.189862 0.084113
vt 0.292926 0.059364
vt 0.189862 0.059364
vt 0.292926 0.084113
vt 0.904639 0.585749
vt 0.912735 0.674116
vt 0.912735 0.585749
vt 0.904639 0.674116
vt 0.405838 0.100042
vt 0.306236 0.100042
vt 0.405838 0.086318
vt 0.306236 0.086318
vt 0.828176 0.069241
vt 0.764395 0.088315
vt 0.828176 0.088315
vt 0.764395 0.069241
vt 0.681908 0.064871
vt 0.629876 0.080543
vt 0.681908 0.080543
vt 0.629876 0.064871
vt 0.900481 0.403968
vt 0.908340 0.472255
vt 0.908340 0.403968
vt 0.900481 0.472255
vt 0.685038 0.550139
vt 0.744346 0.751764
vt 0.682590 0.754075
vt 0.744346 0.550139
vt 0.908137 0.483761
vt 0.914484 0.572128
vt 0.914484 0.483761
vt 0.908137 0.572128
vt 0.522580 0.100420
vt 0.422978 0.100420
vt 0.522580 0.086947
vt 0.422978 0.086947
vt 0.755042 0.069241
vt 0.691261 0.088316
vt 0.755042 0.088316
vt 0.691261 0.069241
vt 0.572289 0.103553
vt 0.624322 0.087881
vt 0.572289 0.087881
vt 0.624322 0.103553
vt 0.898733 0.322062
vt 0.904841 0.390348
vt 0.904841 0.322062
vt 0.898733 0.390348
vt 0.086782 0.019452
vt 0.086782 0.037359
vt 0.086782 0.028405
vt 0.006335 0.019452
vt 0.006335 0.037359
vt 0.006335 0.028405
vt 0.957206 0.557305
vt 0.957206 0.333772
vt 0.953157 0.333772
vt 0.953157 0.557305
vt 0.961249 0.557305
vt 0.961249 0.875080
vt 0.957206 0.875080
vt 0.953157 0.875080
vt 0.970262 0.548025
vt 0.970262 0.334903
vt 0.966257 0.334903
vt 0.966257 0.548025
vt 0.974270 0.548025
vt 0.974270 0.879065
vt 0.970262 0.879065
vt 0.966257 0.879065
vt 0.981022 0.769233
vt 0.984594 0.769233
vt 0.981022 0.166261
vt 0.984594 0.166261
vt 0.932715 0.783862
vt 0.348310 0.268845
vt 0.348310 0.406929
vt 0.932715 0.535183
vt 0.921664 0.535183
vt 0.234675 0.406929
vt 0.932715 0.420699
vt 0.921664 0.420699
vt 0.180443 0.406929
vt 0.932715 0.989733
vt 0.921664 0.989733
vt 0.414442 0.405819
vt 0.932715 0.356257
vt 0.932715 0.301622
vt 0.921664 0.301622
vt 0.160944 0.353407
vt 0.932616 0.617404
vt 0.270037 0.271779
vt 0.713537 0.404134
vt 0.757922 0.170200
vt 0.633196 0.399076
vt 0.634975 0.208580
vt 0.583004 0.300565
vt 0.672132 0.392950
vt 0.613871 0.261663
vt 0.680800 0.219427
vt 0.717325 0.300683
vt 0.613019 0.350986
vt 0.659349 0.309035
vt 0.864452 0.495267
vt 0.864050 0.511560
vt 0.874860 0.511560
vt 0.874860 0.495181
vt 0.890535 0.503467
vt 0.882161 0.503256
vt 0.882161 0.467039
vt 0.890357 0.467039
vt 0.727672 0.206452
vt 0.733773 0.220031
vt 0.398171 0.866527
vt 0.345237 0.797025
vt 0.345242 0.866535
vt 0.398163 0.797020
vt 0.569993 0.340159
vt 0.544181 0.346062
vt 0.609565 0.382673
vt 0.609564 0.363736
vt 0.603011 0.346194
vt 0.704060 0.980036
vt 0.685077 0.997162
vt 0.677031 0.955021
vt 0.696197 0.938690
vt 0.561913 0.584316
vt 0.481517 0.417237
vt 0.550640 0.417237
vt 0.290251 0.417237
vt 0.718005 0.417866
vt 0.142677 0.323869
vt 0.142677 0.205839
vt 0.008616 0.205839
vt 0.008616 0.323869
vt 0.142677 0.323869
vt 0.142677 0.205839
vt 0.008616 0.205839
vt 0.008616 0.323869
vt 0.004393 0.650186
vt 0.114683 0.650186
vt 0.049884 0.347136
vt 0.069218 0.347136
vt 0.033000 0.650186
vt 0.086079 0.650186
vt 0.049884 0.369797
vt 0.069218 0.369797
vt 0.004393 0.554319
vt 0.114683 0.554319
vt 0.086079 0.554319
vt 0.033000 0.554319
vt 0.557329 0.606882
vt 0.427583 0.606882
vt 0.502416 0.880369
vt 0.427583 0.852403
vt 0.519966 0.606882
vt 0.465019 0.606882
vt 0.502469 0.852403
vt 0.557329 0.657438
vt 0.427583 0.657438
vt 0.729861 0.536063
vt 0.469743 0.584246
vt 0.301371 0.535658
vt 0.437770 0.852403
vt 0.561913 0.536063
vt 0.301371 0.649273
vt 0.469743 0.535658
vt 0.683085 0.779195
vt 0.683085 0.833988
vt 0.751232 0.779005
vt 0.740374 0.857202
vt 0.695767 0.783686
vt 0.695780 0.829417
vt 0.738544 0.783591
vt 0.738558 0.829322
vt 0.679587 0.838664
vt 0.679587 0.784700
vt 0.666812 0.789203
vt 0.666826 0.834241
vt 0.621939 0.761838
vt 0.623767 0.789296
vt 0.611014 0.838851
vt 0.623781 0.834334
vt 0.519632 0.287481
vt 0.520993 0.303964
vt 0.536437 0.251305
vt 0.541555 0.188156
vt 0.519826 0.268433
vt 0.456545 0.292248
vt 0.452370 0.293788
vt 0.498042 0.265754
vt 0.961249 0.991578
vt 0.961249 0.984698
vt 0.957376 0.986991
vt 0.957020 0.892112
vt 0.892478 0.453834
vt 0.890541 0.446747
vt 0.888604 0.453834
vt 0.888604 0.380112
vt 0.576126 0.295562
vt 0.561407 0.325739
vt 0.576126 0.325739
vt 0.561407 0.295561
vt 0.655320 0.860529
vt 0.722827 0.860529
vt 0.522140 0.860529
vt 0.589647 0.860529
vt 0.183033 0.083387
vt 0.183033 0.071507
vt 0.079970 0.083387
vt 0.079970 0.071507
vt 0.183033 0.096731
vt 0.079970 0.096731
vt 0.546395 0.186334
vt 0.478944 0.211749
vt 0.874860 0.507787
vt 0.864050 0.512086
vt 0.863792 0.494620
vt 0.874860 0.494300
vt 0.874860 0.487012
vt 0.864050 0.487012
vt 0.864050 0.478823
vt 0.874860 0.478823
vt 0.874860 0.487012
vt 0.864050 0.487012
vt 0.864050 0.478823
vt 0.874860 0.478823
vt 0.874860 0.487012
vt 0.864050 0.487012
vt 0.864050 0.478823
vt 0.874860 0.478823
vt 0.348310 0.406929
vt 0.234675 0.406929
vt 0.180443 0.406929
vt 0.414442 0.405819
vt 0.863792 0.494620
vt 0.874860 0.494300
vt 0.864050 0.478823
vt 0.874860 0.478823
vt 0.883816 0.503170
vt 0.883933 0.467039
vt 0.878297 0.503256
vt 0.878297 0.467039
vt 0.878297 0.467039
vt 0.878297 0.503256
vt 0.883816 0.503170
vt 0.883933 0.467039
vt 0.569993 0.340159
vt 0.576301 0.295330
vt 0.575741 0.325699
vt 0.561525 0.326559
vt 0.561792 0.295600
vt 0.609564 0.363736
vt 0.603011 0.346194
vt 0.957376 0.986991
vt 0.961249 0.991578
vt 0.961249 0.984698
vt 0.957020 0.892112
vt 0.888604 0.453834
vt 0.892478 0.453834
vt 0.890541 0.446747
vt 0.888604 0.380112
vt 0.679587 0.838664
vt 0.679587 0.784700
vt 0.666812 0.789203
vt 0.666826 0.834241
vt 0.621939 0.761838
vt 0.623767 0.789296
vt 0.611014 0.838851
vt 0.623781 0.834334
vt 0.679587 0.838664
vt 0.679587 0.784700
vt 0.666812 0.789203
vt 0.666826 0.834241
vt 0.621939 0.761838
vt 0.623767 0.789296
vt 0.611014 0.838851
vt 0.623781 0.834334
vt 0.695781 0.829417
vt 0.695767 0.783686
vt 0.738558 0.829322
vt 0.738544 0.783591
vt 0.519632 0.287481
vt 0.520993 0.303964
vt 0.536437 0.251305
vt 0.541554 0.188156
vt 0.519826 0.268433
vt 0.456545 0.292248
vt 0.452370 0.293788
vt 0.498042 0.265754
vt 0.519632 0.287481
vt 0.520993 0.303964
vt 0.536437 0.251305
vt 0.541554 0.188156
vt 0.546395 0.186334
vt 0.456545 0.292248
vt 0.478944 0.211749
vt 0.498042 0.265754
vt 0.575741 0.325699
vt 0.576301 0.295330
vt 0.561525 0.326559
vt 0.561792 0.295600
vt 0.576301 0.295330
vt 0.561525 0.326559
vt 0.576126 0.325739
vt 0.561407 0.295561
vt 0.655320 0.933047
vt 0.722827 0.933047
vt 0.522140 0.933047
vt 0.589647 0.933047
vt 0.519632 0.287481
vt 0.520993 0.303964
vt 0.536437 0.251305
vt 0.541554 0.188156
vt 0.456545 0.292248
vt 0.498042 0.265754
vt 0.348310 0.268845
vt 0.234675 0.296610
vt 0.182565 0.314805
vt 0.447271 0.268845
vt 0.160944 0.353407
vt 0.159139 0.406929
vt 0.819777 0.550905
vt 0.569989 0.406709
vt 0.821830 0.678305
vt 0.818766 0.622982
vt 0.035319 0.055808
vt 0.544181 0.400805
vt 0.609565 0.382673
vt 0.603014 0.400338
vt 0.183110 0.110551
vt 0.080046 0.110551
vt 0.183110 0.097728
vt 0.080046 0.097728
vt 0.183110 0.083387
vt 0.080046 0.083387
vt 0.514985 0.270255
vt 0.483114 0.210149
vt 0.514985 0.270255
vt 0.483114 0.210149
vt 0.514985 0.270255
vt 0.483114 0.210149
vt 0.514985 0.270255
vt 0.483114 0.210149
vt 0.477106 0.176440
vt 0.541345 0.259955
vt 0.503283 0.202939
vt 0.494817 0.277465
vt 0.456755 0.220449
vt 0.477106 0.176440
vt 0.541345 0.259955
vt 0.503282 0.202939
vt 0.494817 0.277465
vt 0.456755 0.220449
vt 0.477106 0.176440
vt 0.541345 0.259955
vt 0.503282 0.202939
vt 0.494817 0.277465
vt 0.456755 0.220449
vt 0.477106 0.176440
vt 0.541345 0.259955
vt 0.503282 0.202939
vt 0.494817 0.277465
vt 0.456755 0.220449
vt 0.862085 0.984215
vt 0.862085 0.525262
vt 0.862085 0.624987
vt 0.862085 0.693569
vt 0.862085 0.884489
vt 0.862085 0.815907
vt 0.862085 0.754738
vt 0.270702 0.268845
vt 0.546395 0.186334
vt 0.478944 0.211749
vt 0.519826 0.268433
vt 0.452370 0.293788
vt 0.546395 0.186334
vt 0.478944 0.211749
vt 0.519826 0.268433
vt 0.452370 0.293788
vt 0.500057 0.214650
vt 0.478468 0.192923
vt 0.461662 0.229099
vt 0.500057 0.214650
vt 0.478468 0.192923
vt 0.461662 0.229099
vt 0.500057 0.214650
vt 0.478468 0.192923
vt 0.461662 0.229099
vt 0.478468 0.192923
vt 0.500057 0.214650
vt 0.461662 0.229099
vt 0.340949 0.870954
vt 0.402804 0.871045
vt 0.340620 0.770971
vt 0.402479 0.772110
vt 0.898042 0.674116
vt 0.904639 0.585749
vt 0.904639 0.585749
vt 0.898042 0.674116
vt 0.764395 0.088315
vt 0.828176 0.103495
vt 0.828176 0.103495
vt 0.764395 0.088315
vt 0.629876 0.080543
vt 0.681908 0.099760
vt 0.681908 0.099760
vt 0.629876 0.080543
vt 0.908340 0.472255
vt 0.914484 0.403968
vt 0.914484 0.403968
vt 0.908340 0.472255
vt 0.899793 0.572128
vt 0.908137 0.483761
vt 0.908137 0.483761
vt 0.899793 0.572128
vt 0.691261 0.088316
vt 0.755042 0.103495
vt 0.755042 0.103495
vt 0.691261 0.088316
vt 0.624322 0.087881
vt 0.572289 0.068663
vt 0.572289 0.068663
vt 0.624322 0.087881
vt 0.904841 0.390348
vt 0.912734 0.322062
vt 0.912734 0.322062
vt 0.904841 0.390348
vt 0.864452 0.495267
vt 0.874860 0.478615
vt 0.874860 0.478615
vt 0.864452 0.495267
vt 0.876943 0.503256
vt 0.882161 0.467039
vt 0.882161 0.467039
vt 0.876943 0.503256
vt 0.668985 0.937099
vt 0.657865 0.995571
vt 0.657865 0.995571
vt 0.668985 0.937099
vt 0.543989 0.292716
vt 0.558128 0.324131
vt 0.558128 0.324131
vt 0.543989 0.292716
vt 0.883816 0.503170
vt 0.890979 0.467039
vt 0.890979 0.467039
vt 0.883816 0.503170
vt 0.543989 0.292716
vt 0.558128 0.324131
vt 0.558128 0.324131
vt 0.543989 0.292716
vt 0.898042 0.585749
vt 0.904639 0.674116
vt 0.828176 0.088315
vt 0.764395 0.103495
vt 0.681908 0.080543
vt 0.629876 0.099760
vt 0.908340 0.403968
vt 0.914484 0.472255
vt 0.899793 0.483761
vt 0.908137 0.572128
vt 0.755042 0.088316
vt 0.691261 0.103495
vt 0.572289 0.087881
vt 0.624322 0.068663
vt 0.904841 0.322062
vt 0.912734 0.390348
vt 0.864050 0.478615
vt 0.874860 0.495181
vt 0.882161 0.503256
vt 0.876943 0.467039
vt 0.650002 0.954225
vt 0.677031 0.979240
vt 0.558128 0.292716
vt 0.543988 0.324131
vt 0.893196 0.503256
vt 0.883933 0.467039
vt 0.558137 0.292636
vt 0.544126 0.324505
vt 0.693986 0.857202
vt 0.740374 0.857202
vt 0.738558 0.829322
vt 0.695781 0.829417
vt 0.751232 0.779005
vt 0.738544 0.783591
vt 0.418307 0.657581
vt 0.425471 0.871078
vt 0.938181 0.706173
vt 0.948641 0.706173
vt 0.948641 0.639417
vt 0.938181 0.639417
vt 0.948641 0.540705
vt 0.938181 0.540705
vt 0.948641 0.987633
vt 0.948641 0.887042
vt 0.938181 0.887042
vt 0.938181 0.987633
vt 0.948641 0.818326
vt 0.938181 0.818326
vt 0.948641 0.762090
vt 0.655320 0.933047
vt 0.655320 0.860748
vt 0.589647 0.860748
vt 0.589647 0.933047
vt 0.663099 0.047076
vt 0.731040 0.048551
vt 0.183033 0.085705
vt 0.079970 0.085705
vt 0.183033 0.097728
vt 0.079970 0.097728
vt 0.079970 0.110551
vt 0.183033 0.110551
vt 0.292926 0.069641
vt 0.189862 0.069641
vt 0.292926 0.098323
vt 0.189862 0.098323
vt 0.189862 0.110551
vt 0.292926 0.110551
vt 0.006335 0.046313
vt 0.086782 0.046313
vt 0.088599 0.039598
vt 0.086782 0.046313
vt 0.090415 0.046313
vt 0.002702 0.037359
vt 0.006335 0.037359
vt 0.004518 0.030644
vt 0.105622 0.679159
vt 0.105562 0.873698
vt 0.204685 0.873698
vt 0.204788 0.544762
vt 0.961249 0.333772
vt 0.974270 0.334903
vt 0.986376 0.769129
vt 0.986377 0.166157
vt 0.234675 0.296610
vt 0.182565 0.314805
vt 0.921664 0.356257
vt 0.921664 0.783862
vt 0.447271 0.268845
vt 0.921561 0.617266
vt 0.856414 0.550905
vt 0.857403 0.622982
vt 0.569989 0.406709
vt 0.569993 0.340159
vt 0.857403 0.622982
vt 0.818766 0.622982
vt 0.854357 0.678305
vt 0.035319 0.110551
vt 0.002792 0.055808
vt 0.002792 0.110551
vt 0.573846 0.417866
vt 0.561913 0.536063
vt 0.221128 0.417237
vt 0.209931 0.535727
vt 0.457310 0.417391
vt 0.313151 0.417391
vt 0.301371 0.535658
vt 0.469743 0.535658
vt 0.147726 0.338619
vt 0.147726 0.191089
vt 0.003567 0.191089
vt 0.003567 0.338619
vt 0.058696 0.122902
vt 0.003395 0.122902
vt 0.003395 0.181519
vt 0.058696 0.181519
vt 0.382118 0.122902
vt 0.248057 0.122902
vt 0.248057 0.181519
vt 0.382118 0.181519
vt 0.248057 0.122902
vt 0.192756 0.122902
vt 0.192756 0.181519
vt 0.248057 0.181519
vt 0.192756 0.122902
vt 0.058696 0.122902
vt 0.058696 0.181519
vt 0.192756 0.181519
vt 0.086079 0.554319
vt 0.086079 0.650186
vt 0.033000 0.554319
vt 0.014284 0.369797
vt 0.004393 0.369797
vt 0.150994 0.369797
vt 0.131660 0.369797
vt 0.114683 0.554319
vt 0.167870 0.554319
vt 0.069218 0.369797
vt 0.049884 0.369797
vt 0.114683 0.369797
vt 0.104772 0.369797
vt 0.033000 0.650186
vt 0.482387 0.880369
vt 0.482439 0.852403
vt 0.612149 0.657438
vt 0.576244 0.852403
vt 0.596270 0.852403
vt 0.547123 0.852403
vt 0.557329 0.852403
vt 0.557329 0.657438
vt 0.301371 0.649273
vt 0.519966 0.606882
vt 0.465019 0.606882
vt 0.469743 0.584246
vt 0.693986 0.857202
vt 0.695780 0.829417
vt 0.751232 0.833798
vt 0.738558 0.829322
vt 0.740346 0.755820
vt 0.693959 0.755820
vt 0.695767 0.783686
vt 0.738544 0.783591
vt 0.738558 0.829322
vt 0.738544 0.783591
vt 0.695767 0.783686
vt 0.695780 0.829417
vt 0.668617 0.761838
vt 0.666812 0.789203
vt 0.611014 0.784887
vt 0.623767 0.789296
vt 0.621967 0.861685
vt 0.668645 0.861685
vt 0.666826 0.834241
vt 0.623781 0.834334
vt 0.623781 0.834334
vt 0.666826 0.834241
vt 0.666812 0.789203
vt 0.623767 0.789296
vt 0.952850 0.984698
vt 0.957376 0.986991
vt 0.961249 0.984698
vt 0.881732 0.446747
vt 0.885207 0.446747
vt 0.890541 0.446747
vt 0.896158 0.446747
vt 0.589647 0.860529
vt 0.655320 0.860529
vt 0.655320 0.933047
vt 0.589647 0.933047
vt 0.183033 0.085705
vt 0.079970 0.085705
vt 0.183033 0.097728
vt 0.079970 0.097728
vt 0.079970 0.110551
vt 0.183033 0.110551
vt 0.862694 0.506139
vt 0.874860 0.507787
vt 0.892087 0.503256
vt 0.890979 0.467039
vt 0.569989 0.406709
vt 0.603014 0.400338
vt 0.856415 0.550905
vt 0.819777 0.550905
vt 0.818766 0.622982
vt 0.857403 0.622982
vt 0.569989 0.406709
vt 0.569993 0.340159
vt 0.544181 0.346062
vt 0.544181 0.400805
vt 0.857403 0.622982
vt 0.818766 0.622982
vt 0.821830 0.678305
vt 0.854357 0.678305
vt 0.543867 0.292979
vt 0.544126 0.324505
vt 0.557956 0.324163
vt 0.558137 0.292636
vt 0.952850 0.984698
vt 0.957376 0.986991
vt 0.961249 0.984698
vt 0.881732 0.446747
vt 0.885207 0.446747
vt 0.890541 0.446747
vt 0.896158 0.446747
vt 0.668617 0.761838
vt 0.666812 0.789203
vt 0.611014 0.784887
vt 0.623767 0.789296
vt 0.621967 0.861685
vt 0.668645 0.861685
vt 0.666826 0.834241
vt 0.623781 0.834334
vt 0.623767 0.789296
vt 0.623781 0.834334
vt 0.666826 0.834241
vt 0.666812 0.789203
vt 0.668617 0.761838
vt 0.666812 0.789203
vt 0.611014 0.784887
vt 0.623767 0.789296
vt 0.621967 0.861685
vt 0.668645 0.861685
vt 0.666826 0.834241
vt 0.623781 0.834334
vt 0.623781 0.834334
vt 0.666826 0.834241
vt 0.666812 0.789203
vt 0.623767 0.789296
vt 0.543867 0.292979
vt 0.544126 0.324505
vt 0.557956 0.324163
vt 0.558137 0.292636
vt 0.080046 0.071507
vt 0.183110 0.071507
vt 0.183110 0.085705
vt 0.183110 0.096731
vt 0.080046 0.096731
vt 0.080046 0.085705
vt 0.159139 0.406929
vt 0.310053 0.870908
vt 0.318352 0.657434
vt 0.751232 0.833798
vt 0.738558 0.829322
vt 0.656644 0.033836
vt 0.656644 0.033836
vt 0.725020 0.033895
vt 0.725020 0.033895
vt 0.006335 0.037359
vt 0.086782 0.037359
vt 0.086782 0.028405
vt 0.086782 0.028405
vt 0.006335 0.028405
vt 0.006335 0.037359
vt 0.957206 0.557305
vt 0.957206 0.875080
vt 0.957206 0.557305
vt 0.957206 0.333772
vt 0.957206 0.557305
vt 0.970262 0.548025
vt 0.970262 0.879065
vt 0.970262 0.548025
vt 0.970262 0.334903
vt 0.970262 0.548025
vt 0.984594 0.166261
vt 0.984594 0.166261
vt 0.984594 0.769233
vt 0.680800 0.219427
vt 0.717325 0.300683
vt 0.757922 0.170200
vt 0.733773 0.220031
vt 0.727672 0.206452
vt 0.727672 0.206452
vt 0.482439 0.852403
vt 0.502469 0.852403
vt 0.482439 0.852403
vt 0.957020 0.892112
vt 0.957376 0.986991
vt 0.888604 0.380112
vt 0.885207 0.446747
vt 0.888604 0.380112
vt 0.890541 0.446747
vt 0.874860 0.494300
vt 0.874860 0.494300
vt 0.863792 0.494620
vt 0.883933 0.467039
vt 0.883933 0.467039
vt 0.883816 0.503170
vt 0.957020 0.892112
vt 0.957376 0.986991
vt 0.888604 0.380112
vt 0.885207 0.446747
vt 0.888604 0.380112
vt 0.890541 0.446747
vn -0.992842 -0.086863 0.081974
vn 0.993601 0.086904 0.07215
vn -0.992834 -0.086911 0.082014
vn 0.993596 0.086928 0.072189
vn -0.992834 -0.086911 0.082014
vn -0.992827 -0.086959 0.082054
vn 0.993601 0.086904 0.07215
vn 0.993606 0.086879 0.07211
vn -0.930001 0.367558 -2.2506436410050142E-17
vn 0.367556 0.930002 -5.694619862503184E-17
vn -0.651479 0.749037 0.12048999999999996
vn -0.59716 0.681222 0.42348199999999997
vn -0.19344 0.738219 0.64623
vn 0.635225 0.769047 0.07110199999999996
vn 0.554814 0.676897 0.48372599999999993
vn 0.773743 0.628262 -0.08129600000000003
vn 0.367559 0.93 -5.694607616035192E-17
vn -0.930001 0.367556 -2.2506313945370228E-17
vn -0.749316 0.647692 -0.13791700000000004
vn -0.38406 0.918706 -0.09207200000000006
vn -0.087156 0.996195 -6.099935090382987E-17
vn 0.348256 0.928312 -0.13020900000000005
vn 0.953036 0.08337999999999998 -0.291155
vn 0.976872 0.08546599999999999 -0.196
vn 0.996195 0.087156 -5.336765821324336E-18
vn -0.996195 -0.087157 5.336827053664293E-18
vn -0.991399 -0.086737 -0.098
vn -0.953036 -0.08338000000000001 -0.291155
vn 0.993262 0.086899 -0.076678
vn -0.994342 -0.086994 -0.06095899999999999
vn 0.993262 0.086899 -0.076678
vn -0.994342 -0.086993 -0.06095899999999999
vn 0.993262 0.086899 -0.076678
vn -0.994342 -0.086994 -0.06095899999999999
vn 0.993262 0.086899 -0.076678
vn -0.994342 -0.086994 -0.06095899999999999
vn 0.087156 -0.996195 6.099935090382987E-17
vn 0.087156 -0.996195 6.099935090382987E-17
vn 0.087156 -0.996195 6.099935090382987E-17
vn 0.087156 -0.996195 6.099935090382987E-17
vn -0.087156 0.996195 -6.099935090382987E-17
vn -0.087156 0.996195 -6.099935090382987E-17
vn -0.087156 0.996195 -6.099935090382987E-17
vn -0.087156 0.996195 -6.099935090382987E-17
vn 0 6.123233995736766E-17 1
vn 0 6.123233995736766E-17 1
vn 0 6.123233995736766E-17 1
vn 0 6.123233995736766E-17 1
vn 0 6.123233995736766E-17 1
vn 0 -1.9999999999387675E-06 1
vn 0 6.123233995736766E-17 1
vn 0 6.123233995736766E-17 1
vn 0 6.123233995736766E-17 1
vn 0 6.123233995736766E-17 1
vn 0 6.123233995736766E-17 1
vn 0 6.123233995736766E-17 1
vn 0.364458 0.93122 -5.702077961509992E-17
vn 0.364458 0.93122 -5.702077961509992E-17
vn 0.364458 0.93122 -5.702077961509992E-17
vn 0.364458 0.93122 -5.702077961509992E-17
vn -0.996195 -0.087154 5.336643356644421E-18
vn -0.996195 -0.087154 5.336643356644421E-18
vn -0.520623 0.853787 -5.227937583518106E-17
vn -0.520623 0.853787 -5.227937583518106E-17
vn -0.520626 0.853785 -5.227925337050115E-17
vn 0.996195 0.087154 -5.336643356644421E-18
vn 0.996195 0.087154 -5.336643356644421E-18
vn -0.520623 0.853787 -5.227937583518106E-17
vn 0.087155 -0.996195 6.099935090382987E-17
vn 0.087155 -0.996195 6.099935090382987E-17
vn 0.087155 -0.996195 6.099935090382987E-17
vn 0.087155 -0.996195 6.099935090382987E-17
vn 0.383209 0.03352800000000006 0.923053
vn 0.383209 0.03352700000000006 0.923053
vn 0.383209 0.03352800000000006 0.923053
vn 0.383209 0.03352800000000006 0.923053
vn 0.087155 -0.996195 6.099935090382987E-17
vn 0.087155 -0.996195 6.099935090382987E-17
vn 0.087156 -0.996195 6.099935090382987E-17
vn 0.087155 -0.996195 6.099935090382987E-17
vn 0.087156 -0.996195 6.099935090382987E-17
vn 0.087156 -0.996195 6.099935090382987E-17
vn 0.087156 -0.996195 6.099935090382987E-17
vn 0.087156 -0.996195 6.099935090382987E-17
vn 0.087156 -0.996195 6.099935090382987E-17
vn 0.087156 -0.996195 6.099935090382987E-17
vn 0.087156 -0.996195 6.099935090382987E-17
vn 0.087156 -0.996195 6.099935090382987E-17
vn 0.386509 0.03381500000000005 0.921666
vn 0.386509 0.03381500000000005 0.921666
vn 0.386509 0.03381500000000005 0.921666
vn 0.386509 0.03381500000000005 0.921666
vn 0.087155 -0.996195 6.099935090382987E-17
vn 0.087155 -0.996195 6.099935090382987E-17
vn 0.087153 -0.996195 -9.999999999390007E-07
vn 0.087157 -0.996195 6.099935090382987E-17
vn 0.383209 0.033531000000000054 0.923053
vn 0.383209 0.03352700000000006 0.923053
vn 0.383209 0.033531000000000054 0.923053
vn 0.383209 0.033531000000000054 0.923053
vn 0.087156 -0.996195 6.099935090382987E-17
vn 0.087156 -0.996195 6.099935090382987E-17
vn 0.087156 -0.996195 6.099935090382987E-17
vn 0.087156 -0.996195 6.099935090382987E-17
vn 0.087155 -0.996195 6.099935090382987E-17
vn 0.087155 -0.996195 6.099935090382987E-17
vn 0.087155 -0.996195 6.099935090382987E-17
vn 0.087155 -0.996195 6.099935090382987E-17
vn 0.087155 -0.996195 6.099935090382987E-17
vn 0.087155 -0.996195 6.099935090382987E-17
vn 0.087155 -0.996195 1.0000000000609992E-06
vn 0.087156 -0.996195 -9.999999999390007E-07
vn 0.498094 0.04357799999999994 -0.866027
vn -0.862731 -0.07547900000000003 -0.499998
vn 0.498099 0.043578000000000054 0.866024
vn 0.498096 0.04357799999999994 -0.866026
vn -0.862728 -0.07547899999999998 0.500004
vn 0.498101 0.043578000000000054 0.866023
vn -0.07474 0.28294800000000003 0.956219
vn 0.771224 0.44219200000000003 0.457908
vn -0.832337 0.31705200000000006 0.454636
vn 0.919022 0.21186300000000002 0.332434
vn -0.870543 0.04954000000000003 0.489592
vn -0.866451 -0.07580499999999997 0.493473
vn -0.504625 -0.044148999999999945 0.862209
vn 0.86645 0.07580500000000003 0.493476
vn -0.076061 0.30226000000000003 0.950186
vn 0.759559 0.467149 0.45259499999999997
vn -0.824584 0.344331 0.448884
vn 0.917148 0.22128600000000004 0.331469
vn -0.870309 0.05855400000000003 0.489012
vn -0.866455 -0.07580499999999997 0.493467
vn -0.504628 -0.044149999999999946 0.862207
vn 0.866441 0.07580400000000002 0.493492
vn 0.000322 -0.999997 -0.002261999999999939
vn -0.000323 0.999997 0.002261999999999939
vn -0.000295 0.999997 0.0022669999999999388
vn 0.000295 -0.999997 -0.0022669999999999388
vn 0.004046 0.02038700000000006 0.999784
vn 0.745362 -0.31512399999999996 0.58748
vn 0.985244 -0.17114 0.0022880000000000105
vn -0.065922 0.22533100000000006 0.972049
vn 0.787335 0.444498 0.427231
vn 0.983299 0.181996 0.00038599999999998884
vn -0.330156 0.28367600000000004 0.900292
vn -0.08555 0.43348100000000006 0.897093
vn 0.814563 0.573945 0.08410499999999996
vn 0 6.123233995736766E-17 1
vn 0.344011 -0.26876799999999995 0.899678
vn 0.802856 -0.595272 0.03278000000000003
vn -0.625823 0.537718 0.564982
vn -0.754788 0.648527 0.09852799999999996
vn -0.0274 0.991444 0.12762699999999993
vn 0.105067 0.958098 0.26647399999999993
vn -0.009973 0.18807800000000005 0.982103
vn 0.591053 0.17324100000000006 0.787809
vn 0.038356 -0.09311899999999994 0.994916
vn 0.614541 0.786727 -0.05831600000000005
vn 0.102892 0.08643400000000005 0.99093
vn -0.362046 0.09398800000000006 0.92741
vn -0.158208 0.15720100000000006 0.974812
vn 0.056173 0.0044940000000000604 0.998411
vn -0.27842 0.09662400000000006 0.955587
vn 0.108016 -0.020094999999999936 0.993946
vn -0.22588 0.19031700000000004 0.955383
vn -0.016513 0.11012900000000006 0.99378
vn -0.110274 0.046835000000000064 0.992797
vn -0.294007 0.955803 9.99999999941474E-07
vn -0.294006 0.955804 -5.852611546061184E-17
vn -0.294007 0.955803 9.99999999941474E-07
vn -0.294009 0.955803 1.9999999999414737E-06
vn -0.242798 0.970077 9.999999999405999E-07
vn -0.242794 0.970078 -5.94001458811633E-17
vn -0.242798 0.970077 9.999999999405999E-07
vn -0.242801 0.970076 1.9999999999406E-06
vn 0.527322 0.24607600000000004 0.813252
vn 0.014439 0.834554 0.550736
vn 0 6.123233995736766E-17 1
vn 0 6.123233995736766E-17 1
vn 0 6.123233995736766E-17 1
vn 0 6.123233995736766E-17 1
vn -0.862599 -0.504993 -0.03009099999999997
vn 0.859481 0.496222 0.12270799999999997
vn -0.866962 -0.497216 -0.03394999999999997
vn -0.857363 -0.514001 -0.027043999999999967
vn -0.850453 -0.52554 -0.02317099999999997
vn -0.866026 -0.5 -9.999999999693837E-07
vn -0.866026 -0.5 3.061616997868383E-17
vn -0.866026 -0.5 1.0000000000306162E-06
vn -0.866026 -0.5 3.061616997868383E-17
vn 0.173648 0.984808 -6.030209824873533E-17
vn 0.169642 0.962088 0.21356099999999995
vn 0.169642 0.962088 0.21356099999999995
vn -0.169642 -0.962088 0.21356100000000006
vn 0.964469 -0.170062 0.202182
vn 0 6.123233995736766E-17 1
vn 0 6.123233995736766E-17 1
vn 0 6.123233995736766E-17 1
vn 0 6.123233995736766E-17 1
vn 0 6.123233995736766E-17 1
vn 0 6.123233995736766E-17 1
vn 0 6.123233995736766E-17 1
vn 0 6.123233995736766E-17 1
vn -0.173648 -0.984808 6.030209824873533E-17
vn 0.173648 0.984808 -6.030209824873533E-17
vn 0 6.123233995736766E-17 1
vn 0 6.123233995736766E-17 1
vn -0.984808 0.173648 -1.063287336891698E-17
vn -0.984808 0.173648 -1.063287336891698E-17
vn 0 6.123233995736766E-17 1
vn 0 6.123233995736766E-17 1
vn -0.17217 -0.976423 0.13021300000000005
vn 0.17328 0.982718 0.06510699999999994
vn -0.979051 0.172633 0.10797199999999998
vn -0.979051 0.172633 0.10797199999999998
vn 0.173648 0.984808 -6.030209824873533E-17
vn -0.173648 -0.984808 6.030209824873533E-17
vn 0 6.123233995736766E-17 1
vn -0.170332 -0.966002 0.19448900000000005
vn 0.212695 0.970161 0.11639999999999995
vn -0.116008 -0.989096 0.09073000000000006
vn 0.392489 -0.06920799999999995 0.917149
vn -0.984808 0.173648 9.999999999893672E-07
vn -0.1344 -0.982929 0.12565000000000007
vn 0.96447 -0.170062 0.202181
vn -0.984808 0.173648 -1.063287336891698E-17
vn -0.172644 -0.979111 0.10740200000000005
vn -0.113869 -0.975592 0.18776200000000007
vn 0.172644 0.979111 0.10740199999999994
vn -0.173648 -0.984808 6.030209824873533E-17
vn 0.172644 0.979111 0.10740199999999994
vn 0.275235 -0.950876 0.14170600000000005
vn 0.275235 -0.950876 0.14170600000000005
vn -0.275235 0.950876 0.14170699999999994
vn -0.947421 -0.274236 0.16489100000000004
vn 0.275235 -0.950876 0.14170600000000005
vn 0.275235 -0.950876 0.14170600000000005
vn -0.275235 0.950876 0.14170699999999994
vn -0.947421 -0.274235 0.16489100000000004
vn -0.237078 -0.9611 0.14170600000000005
vn -0.237078 -0.9611 0.14170600000000005
vn -0.237078 -0.9611 0.14170600000000005
vn -0.237078 -0.9611 0.14170600000000005
vn -0.957608 0.236216 0.16488999999999998
vn -0.957608 0.236217 0.16488799999999998
vn 0.237078 0.9611 0.14170699999999994
vn 0.237078 0.9611 0.14170699999999994
vn 0.087155 -0.996195 6.099935090382987E-17
vn 0.087154 -0.996195 1.0000000000609992E-06
vn 0.087154 -0.996195 6.099935090382987E-17
vn 0.087152 -0.996195 -9.999999999390007E-07
vn -0.087152 0.996195 -6.099935090382987E-17
vn -0.08715 0.996195 -3.0000000000609996E-06
vn -0.087151 0.996195 -3.0000000000609996E-06
vn 0.087153 -0.996195 2.0000000000609994E-06
vn 0.208204 0.39598200000000006 0.894343
vn 0.208204 0.39598200000000006 0.894343
vn 0.208204 0.39598200000000006 0.894343
vn 0.701501 -0.705755 0.09902600000000004
vn 0.707394 0.706807 -0.004330000000000043
vn 0.707394 0.706807 -0.004330000000000043
vn 0.707394 0.706807 -0.004330000000000043
vn -0.511284 -0.34659599999999996 0.786422
vn -0.499982 0.866036 -1.4000000000053029E-05
vn -0.500016 0.866016 -4.000000000053028E-06
vn -0.499999 0.866026 -9.00000000005303E-06
vn -0.499999 0.866026 -9.00000000005303E-06
vn -0.087156 0.996195 -6.099935090382987E-17
vn -0.087156 0.996195 -6.099935090382987E-17
vn 0.087156 -0.996195 6.099935090382987E-17
vn 0.087156 -0.996195 6.099935090382987E-17
vn -0.364457 -0.93122 5.702077961509992E-17
vn -0.364457 -0.93122 5.702077961509992E-17
vn -0.364457 -0.93122 5.702077961509992E-17
vn -0.364457 -0.93122 5.702077961509992E-17
vn 0.996194 0.087159 -5.336949518344208E-18
vn 0.996194 0.08716 -5.337010750684165E-18
vn -0.996539 -0.08312 -0.0009219999999999949
vn -0.995469 -0.095078 -0.0014529999999999942
vn 0.028545 -0.32627799999999996 0.944843
vn 0.028545 -0.32627799999999996 0.944843
vn 0.028545 -0.32627799999999996 0.944843
vn 0.028545 -0.32627799999999996 0.944843
vn 0.028545 -0.32627799999999996 0.944843
vn 0.028545 -0.32627799999999996 0.944843
vn 0.028545 -0.32627799999999996 0.944843
vn 0.028545 -0.32627799999999996 0.944843
vn 0.326279 0.028546000000000057 0.944842
vn 0.326279 0.028546000000000057 0.944842
vn 0.326279 0.028546000000000057 0.944843
vn 0.326279 0.028546000000000057 0.944842
vn 0.326276 0.028546000000000057 0.944844
vn 0.326278 0.02854500000000006 0.944843
vn 0.326279 0.02854500000000006 0.944842
vn 0.326278 0.02854500000000006 0.944843
vn -0.955652 0.29391 0.018588999999999984
vn -0.942311 -0.333509 0.02866400000000002
vn -0.800258 -0.598544 0.03648600000000003
vn -0.813356 0.58145 -0.019176000000000033
vn -0.217291 -0.976107 -9.999999999402306E-07
vn 0.217295 0.976106 9.999999999402308E-07
vn 0.217291 0.976107 1.9999999999402307E-06
vn -0.217295 -0.976106 -1.9999999999402307E-06
vn -0.209931 -0.977716 -9.99999999940132E-07
vn 0.209933 0.977716 9.99999999940132E-07
vn 0.209931 0.977716 1.999999999940132E-06
vn -0.209933 -0.977716 -1.999999999940132E-06
vn 0.88701 -0.461749 2.8273971742974564E-17
vn 0.88701 -0.46175 2.8274032975314515E-17
vn 0.88701 -0.461749 2.8273971742974564E-17
vn 0.887011 -0.461748 -9.99999999971726E-07
vn 0.862647 0.504909 -0.03012500000000003
vn 0.500015 -0.866017 3.000000000053028E-06
vn -0.499993 0.866029 1.1999999999946971E-05
vn 0.499982 -0.866036 1.200000000005303E-05
vn -0.500003 0.866024 -2.6000000000053026E-05
vn 0.857478 0.513804 -0.02712700000000003
vn 0.850673 0.525177 -0.02332600000000003
vn -0.201615 0.49632200000000004 0.844402
vn -0.201615 0.49632200000000004 0.844402
vn -0.201615 0.49632200000000004 0.844402
vn 0.916907 -0.24880299999999997 0.312054
vn 0.260105 0.965572 -0.004143000000000059
vn 0.260105 0.965572 -0.004143000000000059
vn 0.260105 0.965572 -0.004143000000000059
vn -0.431205 -0.512535 0.742543
vn 0.105936 -0.984224 0.14170600000000005
vn 0.105935 -0.984224 0.14170600000000005
vn 0.105936 -0.984224 0.14170600000000005
vn 0.105936 -0.984224 0.14170700000000006
vn -0.980648 -0.10555099999999999 0.164887
vn -0.980648 -0.10555099999999999 0.164887
vn -0.105935 0.984224 0.14170699999999994
vn -0.105935 0.984224 0.14170599999999994
vn -0.066583 -0.987667 0.14170600000000005
vn -0.066583 -0.987667 0.14170600000000005
vn -0.066583 -0.987667 0.14170600000000005
vn -0.066583 -0.987667 0.14170600000000005
vn -0.984078 0.06634200000000001 0.16489
vn -0.984078 0.06634200000000001 0.164891
vn 0.066583 0.987667 0.14170699999999994
vn 0.066583 0.987667 0.14170699999999994
vn 0 6.123233995736766E-17 1
vn 0 6.123233995736766E-17 1
vn 0 6.123233995736766E-17 1
vn 0 6.123233995736766E-17 1
vn 0.996195 0.087157 -5.336827053664293E-18
vn 0.996195 0.087156 -1.0000000000053367E-06
vn 0.996195 0.087156 9.999999999946632E-07
vn 0.996195 0.087155 1.999999999994663E-06
vn -0.996195 -0.087155 -1.999999999994663E-06
vn -0.996197 -0.087135 -9.999999999994665E-06
vn -0.996196 -0.087146 -3.9999999999946635E-06
vn 0.996195 0.087157 -5.336827053664293E-18
vn -0.087156 0.996195 -6.099935090382987E-17
vn -0.087155 0.996195 9.999999999390007E-07
vn -0.087154 0.996195 -6.099935090382987E-17
vn -0.08715 0.996195 -2.0000000000609994E-06
vn -0.087153 0.996195 -6.099935090382987E-17
vn 0.087151 -0.996195 -2.9999999999390006E-06
vn -0.087151 0.996195 2.9999999999390006E-06
vn -0.087154 0.996195 9.999999999390007E-07
vn -0.499994 0.866029 1.099999999994697E-05
vn 0.500016 -0.866016 4.000000000053028E-06
vn 0.499981 -0.866036 1.4000000000053029E-05
vn -0.500004 0.866023 -2.9000000000053028E-05
vn -0.499983 0.866035 -1.500000000005303E-05
vn -0.500015 0.866017 -6.000000000053029E-06
vn -0.499999 0.866026 -1.000000000005303E-05
vn -0.499999 0.866026 -1.000000000005303E-05
vn -0.087156 0.996195 -6.099935090382987E-17
vn -0.087156 0.996195 -6.099935090382987E-17
vn 0.087156 -0.996195 6.099935090382987E-17
vn 0.087156 -0.996195 6.099935090382987E-17
vn -0.996195 -0.087155 -9.999999999946632E-07
vn -0.996195 -0.087154 1.0000000000053367E-06
vn -0.996426 -0.084465 -0.0006149999999999948
vn -0.996794 -0.079969 -0.0025979999999999953
vn 0.995466 0.095073 0.002863999999999994
vn -0.996195 -0.087153 1.0000000000053365E-06
vn -0.982518 0.184741 0.02300099999999999
vn -0.987986 -0.152593 0.02447800000000001
vn -0.852389 -0.522455 0.02175000000000003
vn -0.802931 0.596046 0.005529999999999964
vn -0.750353 -0.659647 0.04284400000000004
vn -0.71773 -0.69237 0.07408600000000004
vn -0.497051 0.862915 -0.09119900000000006
vn -0.865654 -0.499786 -0.029277999999999967
vn 0.496889 -0.860652 0.11126000000000005
vn -0.497507 0.862714 -0.09061700000000006
vn 0 6.123233995736766E-17 1
vn 0.859481 0.496221 0.12270699999999997
vn 0.866953 0.497232 -0.03394100000000003
vn -0.867733 -0.495926 -0.033132999999999975
vn 0.364466 0.931217 -5.702059591808004E-17
vn 0.364466 0.931217 -5.702059591808004E-17
vn 0.364466 0.931217 -5.702059591808004E-17
vn 0.364466 0.931217 -5.702059591808004E-17
vn 0.531969 -0.846764 5.1849341111660467E-17
vn 0.531969 -0.846764 5.1849341111660467E-17
vn -0.087153 0.996195 -6.099935090382987E-17
vn 0.087151 -0.996195 3.0000000000609996E-06
vn -0.996195 -0.087155 -1.999999999994663E-06
vn 0.996195 0.087147 2.9999999999946638E-06
vn 0.087153 -0.996195 6.099935090382987E-17
vn -0.087152 0.996195 1.9999999999390004E-06
vn 0.996502 0.083562 0.0006599999999999949
vn -0.99584 -0.091116 -0.0007259999999999944
vn -0.087155 0.996195 -6.099935090382987E-17
vn 0.087155 -0.996195 6.099935090382987E-17
vn -0.087154 0.996195 -6.099935090382987E-17
vn 0.087152 -0.996195 3.0000000000609996E-06
vn -0.087153 0.996195 -2.0000000000609994E-06
vn -0.996195 -0.087157 5.336827053664293E-18
vn 0.996195 0.087157 9.999999999946632E-07
vn -0.996195 -0.087156 -9.999999999946632E-07
vn 0.996195 0.08715 1.9999999999946636E-06
vn -0.996195 -0.087156 1.0000000000053367E-06
vn 0.087155 -0.996195 6.099935090382987E-17
vn -0.087156 0.996195 9.999999999390007E-07
vn 0.087154 -0.996195 6.099935090382987E-17
vn -0.087152 0.996195 1.9999999999390004E-06
vn 0.087154 -0.996195 -9.999999999390007E-07
vn 0.996195 0.087155 9.999999999946632E-07
vn -0.996221 -0.08686 0.0002510000000000053
vn 0.996401 0.084759 0.0004409999999999948
vn -0.99596 -0.089795 -0.0004829999999999945
vn 0.996169 0.087451 -0.00025600000000000536
vn -0.996195 -0.087155 5.336704588984378E-18
vn 0.996195 0.087157 -5.336827053664293E-18
vn 0.975627 0.08535700000000002 0.202155
vn 0.781395 0.06836300000000003 0.620282
vn -0.991093 -0.086709 0.101078
vn -0.781394 -0.06836299999999995 0.620282
vn 0.194087 0.01698100000000006 0.980837
vn -0.998996 -0.044311 0.006641000000000003
vn 0.087153 -0.996195 6.099935090382987E-17
vn 0.08715 -0.996195 3.0000000000609996E-06
vn 0.996796 0.07997 0.001318999999999995
vn 0.995799 0.091561 0.0010489999999999944
vn 0.996195 0.087155 1.999999999994663E-06
vn 0.996197 0.087135 4.999999999994665E-06
vn 0.08715 -0.996195 1.0000000000609992E-06
vn 0.087152 -0.996195 -1.9999999999390004E-06
vn -0.087155 0.996195 -6.099935090382987E-17
vn -0.087154 0.996195 -1.0000000000609992E-06
vn -0.087152 0.996195 -3.0000000000609996E-06
vn -0.996195 -0.087157 -9.999999999946632E-07
vn -0.996195 -0.087156 1.0000000000053367E-06
vn -0.996195 -0.087149 -1.9999999999946636E-06
vn 0.087156 -0.996195 6.099935090382987E-17
vn 0.087155 -0.996195 -9.999999999390007E-07
vn 0.087152 -0.996195 -1.9999999999390004E-06
vn 0.996195 0.087154 -1.0000000000053367E-06
vn 0.996195 0.087154 9.999999999946632E-07
vn 0.995933 0.090092 0.0006989999999999944
vn -0.086592 0.98975 0.11356499999999994
vn -0.086592 0.98975 0.11356499999999994
vn -0.086592 0.98975 0.11356499999999994
vn -0.086592 0.98975 0.11356499999999994
vn -0.087155 0.996195 -6.099935090382987E-17
vn -0.087155 0.996195 -6.099935090382987E-17
vn -0.087155 0.996195 -6.099935090382987E-17
vn -0.087155 0.996195 -6.099935090382987E-17
vn -0.087156 0.996195 -6.099935090382987E-17
vn -0.087156 0.996195 -6.099935090382987E-17
vn -0.087155 0.996195 -6.099935090382987E-17
vn -0.087155 0.996195 -6.099935090382987E-17
vn -0.087156 0.996195 -6.099935090382987E-17
vn -0.087156 0.996195 -6.099935090382987E-17
vn -0.087156 0.996195 -6.099935090382987E-17
vn -0.087156 0.996195 -6.099935090382987E-17
vn -0.087156 0.996195 -6.099935090382987E-17
vn -0.087156 0.996195 -6.099935090382987E-17
vn -0.087156 0.996195 -6.099935090382987E-17
vn -0.087156 0.996195 -6.099935090382987E-17
vn -0.087153 0.996195 9.999999999390007E-07
vn -0.087153 0.996195 9.999999999390007E-07
vn -0.087157 0.996195 -6.099935090382987E-17
vn -0.087157 0.996195 -6.099935090382987E-17
vn -0.087156 0.996195 -6.099935090382987E-17
vn -0.087156 0.996195 -6.099935090382987E-17
vn -0.087156 0.996195 -6.099935090382987E-17
vn -0.087156 0.996195 -6.099935090382987E-17
vn -0.087155 0.996195 -6.099935090382987E-17
vn -0.087155 0.996195 -6.099935090382987E-17
vn -0.087155 0.996195 -6.099935090382987E-17
vn -0.087155 0.996195 -6.099935090382987E-17
vn -0.087155 0.996195 -1.0000000000609992E-06
vn -0.087155 0.996195 -1.0000000000609992E-06
vn -0.087156 0.996195 9.999999999390007E-07
vn -0.087156 0.996195 9.999999999390007E-07
vn 0.294006 -0.955804 5.852611546061184E-17
vn 0.294006 -0.955804 5.852611546061184E-17
vn 0.294009 -0.955803 -1.9999999999414737E-06
vn 0.294009 -0.955803 -1.9999999999414737E-06
vn 0.242794 -0.970078 5.94001458811633E-17
vn 0.242794 -0.970078 5.94001458811633E-17
vn 0.242801 -0.970076 -1.9999999999406E-06
vn 0.242801 -0.970076 -1.9999999999406E-06
vn 0.866026 0.5 -1.0000000000306162E-06
vn 0.866026 0.5 -1.0000000000306162E-06
vn 0.866026 0.5 9.999999999693837E-07
vn 0.866026 0.5 9.999999999693837E-07
vn 0.499982 -0.866036 1.4000000000053029E-05
vn 0.499982 -0.866036 1.4000000000053029E-05
vn 0.500016 -0.866016 4.000000000053028E-06
vn 0.500016 -0.866016 4.000000000053028E-06
vn -0.887011 0.461748 9.99999999971726E-07
vn -0.887011 0.461748 9.99999999971726E-07
vn -0.88701 0.46175 -2.8274032975314515E-17
vn -0.88701 0.46175 -2.8274032975314515E-17
vn 0.499983 -0.866035 1.500000000005303E-05
vn 0.499983 -0.866035 1.500000000005303E-05
vn 0.500015 -0.866017 6.000000000053029E-06
vn 0.500015 -0.866017 6.000000000053029E-06
vn -0.087155 0.996195 -6.099935090382987E-17
vn -0.087155 0.996195 -6.099935090382987E-17
vn -0.087156 0.996195 -6.099935090382987E-17
vn -0.087155 0.996195 -6.099935090382987E-17
vn -0.087156 0.996195 -6.099935090382987E-17
vn -0.087156 0.996195 -6.099935090382987E-17
vn -0.087156 0.996195 -6.099935090382987E-17
vn -0.087156 0.996195 -6.099935090382987E-17
vn -0.087153 0.996195 9.999999999390007E-07
vn -0.087157 0.996195 -6.099935090382987E-17
vn -0.087156 0.996195 -6.099935090382987E-17
vn -0.087156 0.996195 -6.099935090382987E-17
vn -0.087155 0.996195 -6.099935090382987E-17
vn -0.087155 0.996195 -6.099935090382987E-17
vn -0.087155 0.996195 -1.0000000000609992E-06
vn -0.087156 0.996195 9.999999999390007E-07
vn 0.294006 -0.955804 5.852611546061184E-17
vn 0.294009 -0.955803 -1.9999999999414737E-06
vn 0.242794 -0.970078 5.94001458811633E-17
vn 0.242801 -0.970076 -1.9999999999406E-06
vn 0.866026 0.5 9.999999999693837E-07
vn 0.866026 0.5 -1.0000000000306162E-06
vn 0.499982 -0.866036 1.4000000000053029E-05
vn 0.500016 -0.866016 4.000000000053028E-06
vn -0.88701 0.46175 -2.8274032975314515E-17
vn -0.887011 0.461748 9.99999999971726E-07
vn 0.499983 -0.866035 1.500000000005303E-05
vn 0.500015 -0.866017 6.000000000053029E-06
vn -0.434586 0.885407 0.16488999999999995
vn -0.434587 0.885407 0.16489099999999995
vn -0.434586 0.885407 0.16488999999999995
vn -0.434586 0.885408 0.16488799999999995
vn 0.888635 0.436173 0.14170999999999997
vn 0.888636 0.436171 0.14170599999999997
vn -0.086592 0.98975 0.11356499999999994
vn -0.086592 0.98975 0.11356499999999994
vn 0.348256 0.928312 -0.13020900000000005
vn -0.59716 0.681222 0.42348199999999997
vn -0.651479 0.749037 0.12048999999999996
vn 0.773743 0.628262 -0.08129600000000003
vn -0.930001 0.367558 -2.2506436410050142E-17
vn 0.367559 0.93 -5.694607616035192E-17
vn 0.367556 0.930002 -5.694619862503184E-17
vn 0.635225 0.769047 0.07110199999999996
vn -0.749316 0.647692 -0.13791700000000004
vn -0.930001 0.367556 -2.2506313945370228E-17
vn 0.554814 0.676897 0.48372599999999993
vn -0.38406 0.918706 -0.09207200000000006
vn -0.19344 0.738219 0.64623
vn 0.996195 0.087156 9.999999999946632E-07
vn 0.996195 0.087156 -5.336765821324336E-18
vn 0.996195 0.087156 9.999999999946632E-07
vn 0.996195 0.087155 1.999999999994663E-06
vn 0 6.123233995736766E-17 1
vn 0 6.123233995736766E-17 1
vn -0.996195 -0.087154 5.336643356644421E-18
vn -0.996195 -0.087154 5.336643356644421E-18
vn 0.520626 -0.853785 5.227925337050115E-17
vn 0.520626 -0.853785 5.227925337050115E-17
vn 0.520626 -0.853785 5.227925337050115E-17
vn 0.520625 -0.853785 5.227925337050115E-17
vn 0.996195 0.087154 -5.336643356644421E-18
vn 0.996194 0.087159 -5.336949518344208E-18
vn -0.364457 -0.93122 5.702077961509992E-17
vn -0.364457 -0.93122 5.702077961509992E-17
vn -0.364457 -0.93122 5.702077961509992E-17
vn -0.364457 -0.93122 5.702077961509992E-17
vn 0.498096 0.04357799999999994 -0.866026
vn 0.498094 0.04357799999999994 -0.866027
vn -0.087156 0.996195 -1.0000000000609992E-06
vn -0.087156 0.996195 -1.0000000000609992E-06
vn -0.087156 0.996195 -1.0000000000609992E-06
vn 0.087154 -0.996195 6.099935090382987E-17
vn 0.087154 -0.996195 6.099935090382987E-17
vn 0.087154 -0.996195 6.099935090382987E-17
vn 0.000103 -0.001181999999999939 0.999999
vn 0.000103 -0.001181999999999939 0.999999
vn 0.000103 -0.001181999999999939 0.999999
vn -0.000365 -0.0007299999999999387 1
vn -0.832337 0.31705200000000006 0.454636
vn -0.824584 0.344331 0.448884
vn 0.000322 -0.999997 -0.002261999999999939
vn -0.000295 0.999997 0.0022669999999999388
vn 0.787335 0.444498 0.427231
vn -0.08555 0.43348100000000006 0.897093
vn 0.105067 0.958098 0.26647399999999993
vn 0.745362 -0.31512399999999996 0.58748
vn 0.344011 -0.26876799999999995 0.899678
vn 0.591053 0.17324100000000006 0.787809
vn -0.497507 0.862714 -0.09061700000000006
vn -0.497963 0.862512 -0.09003500000000006
vn 0.859481 0.496222 0.12270799999999997
vn 0.859481 0.496222 0.12270799999999997
vn 0.496889 -0.860652 0.11126000000000005
vn 0.496889 -0.860652 0.11126000000000005
vn 0.496897 -0.860646 0.11127500000000005
vn 0 6.123233995736766E-17 1
vn 0 6.123233995736766E-17 1
vn 0 6.123233995736766E-17 1
vn 0.96447 -0.170062 0.202181
vn 0.96447 -0.170062 0.202181
vn -0.169642 -0.962088 0.21356100000000006
vn -0.171861 -0.974671 0.14311000000000004
vn -0.96447 0.170062 0.202181
vn -0.96447 0.170062 0.202181
vn -0.975737 0.172049 0.13541
vn -0.982548 0.173249 0.06770499999999999
vn 0 6.123233995736766E-17 1
vn 0 6.123233995736766E-17 1
vn 0 6.123233995736766E-17 1
vn 0 6.123233995736766E-17 1
vn -0.173648 -0.984808 6.030209824873533E-17
vn -0.173648 -0.984808 6.030209824873533E-17
vn -0.173648 -0.984808 6.030209824873533E-17
vn -0.173648 -0.984808 6.030209824873533E-17
vn -0.984808 0.173648 -1.0000000000106328E-06
vn -0.984808 0.173648 -2.0000000000106327E-06
vn -0.984808 0.173648 -1.0000000000106328E-06
vn -0.984808 0.173648 -1.063287336891698E-17
vn 0.173648 0.984808 9.999999999396978E-07
vn 0.173648 0.984808 -6.030209824873533E-17
vn 0.173648 0.984808 9.999999999396978E-07
vn 0.173648 0.984808 9.999999999396978E-07
vn 0.984808 -0.173648 1.0000000000106328E-06
vn 0.984808 -0.173648 1.063287336891698E-17
vn 0.984808 -0.173648 1.0000000000106328E-06
vn 0.984808 -0.173648 2.0000000000106327E-06
vn 0.17217 0.976423 0.13021299999999994
vn 0.173648 0.984808 -6.030209824873533E-17
vn -0.17328 -0.982718 0.06510700000000005
vn -0.170333 -0.966002 0.19448900000000005
vn -0.170333 -0.966002 0.19448900000000005
vn 0.984808 -0.173648 1.063287336891698E-17
vn 0.984808 -0.173649 1.0632934601256937E-17
vn 0.984808 -0.173648 1.063287336891698E-17
vn 0.984808 -0.173648 1.063287336891698E-17
vn -0.961846 0.169599 0.214682
vn -0.961846 0.1696 0.214682
vn 0.170332 0.966002 0.19448999999999994
vn 0.170332 0.966002 0.19448999999999994
vn -0.173648 -0.984808 6.030209824873533E-17
vn 0 6.123233995736766E-17 1
vn 0.784978 -0.13841399999999998 0.603863
vn -0.984808 0.17365 -1.0632995833596894E-17
vn -0.984808 0.17365 -1.0632995833596894E-17
vn -0.984807 0.173651 -1.000000000010633E-06
vn 0.171568 0.973006 0.15435299999999993
vn 0.231037 0.95725 0.17405399999999993
vn 0.233143 0.967577 0.09715899999999994
vn -0.984808 0.173648 -1.063287336891698E-17
vn 0.956952 -0.16873799999999997 0.236158
vn 0.956952 -0.16873599999999997 0.236159
vn 0.173648 0.984808 -6.030209824873533E-17
vn -0.947421 -0.274235 0.16489100000000004
vn -0.947421 -0.274235 0.16489000000000004
vn -0.275235 0.950876 0.14170699999999994
vn -0.275235 0.950876 0.14170699999999994
vn 0.947421 0.274236 0.16488699999999998
vn 0.947421 0.274236 0.16488699999999998
vn 0.947421 0.274236 0.16488699999999998
vn 0.947421 0.274236 0.16488599999999998
vn 0 6.123233995736766E-17 1
vn 0 6.123233995736766E-17 1
vn 0 6.123233995736766E-17 1
vn 0 6.123233995736766E-17 1
vn -0.957608 0.236217 0.16488799999999998
vn -0.957608 0.236218 0.16488599999999998
vn 0.237078 0.9611 0.14170699999999994
vn 0.237079 0.9611 0.14170599999999994
vn 0.957608 -0.236216 0.16489000000000004
vn 0.957608 -0.236216 0.16489000000000004
vn 0.957608 -0.236216 0.16489000000000004
vn 0.957608 -0.236216 0.16489000000000004
vn -0 6.123233995736766E-17 1
vn -0 6.123233995736766E-17 1
vn -0 6.123233995736766E-17 1
vn -0 6.123233995736766E-17 1
vn -0.404622 -0.913583 0.040583000000000057
vn 0.701501 -0.705755 0.09902600000000004
vn 0.916636 0.398464 0.03169499999999997
vn -0.664451 0.628744 0.40396299999999996
vn 0.518247 -0.553414 0.652038
vn -0.023319 -0.22762000000000004 -0.973471
vn -0.664451 0.628744 0.40396299999999996
vn -0.996195 -0.087156 5.336765821324336E-18
vn -0.996195 -0.087156 5.336765821324336E-18
vn -0.996195 -0.087156 5.336765821324336E-18
vn -0.996195 -0.087156 5.336765821324336E-18
vn 0.996194 0.087159 -5.336949518344208E-18
vn 0.996194 0.087159 -5.336949518344208E-18
vn -0.520624 0.853786 -5.227931460284111E-17
vn -0.520624 0.853786 -5.227931460284111E-17
vn -0.520624 0.853786 -5.227931460284111E-17
vn -0.520625 0.853786 -5.227931460284111E-17
vn 0.217291 0.976107 1.9999999999402307E-06
vn -0.217295 -0.976106 -1.9999999999402307E-06
vn 0.209931 0.977716 1.999999999940132E-06
vn -0.209933 -0.977716 -1.999999999940132E-06
vn 0.865655 0.499785 -0.029277000000000032
vn 0.867716 0.495956 -0.03311900000000003
vn 0.494462 -0.864451 -0.09073299999999994
vn 0.490764 -0.866051 -0.09542999999999995
vn 0.494462 -0.864451 -0.09073299999999994
vn 0.49814 -0.862818 -0.08603299999999994
vn -0.859481 -0.496221 0.12270800000000003
vn -0.859481 -0.496221 0.12270800000000003
vn -0.859481 -0.496221 0.12270800000000003
vn -0.859481 -0.496221 0.12270800000000003
vn -0.49689 0.860653 0.11125099999999995
vn -0.49689 0.860653 0.11125099999999995
vn -0.49689 0.860653 0.11125099999999995
vn -0.496898 0.860647 0.11126499999999995
vn -0.499993 0.866029 1.1999999999946971E-05
vn 0.499982 -0.866036 1.200000000005303E-05
vn -0.500003 0.866024 -2.6000000000053026E-05
vn 0.500015 -0.866017 3.000000000053028E-06
vn 0.089652 -0.989016 0.11751500000000005
vn 0.916907 -0.24880299999999997 0.312054
vn 0.579588 0.807417 0.11024999999999995
vn -0.953321 0.2293 0.19646899999999998
vn 0.57186 -0.17897399999999994 0.80059
vn 0.293825 -0.26243000000000005 -0.919129
vn -0.953321 0.2293 0.19646899999999998
vn -0.980648 -0.10555099999999999 0.164887
vn -0.980648 -0.10555099999999999 0.164888
vn -0.105935 0.984224 0.14170599999999994
vn -0.105935 0.984224 0.14170599999999994
vn 0.980648 0.10555000000000002 0.16489
vn 0.980648 0.10555000000000002 0.164889
vn 0.980648 0.10555000000000002 0.16489
vn 0.980648 0.10555100000000002 0.16489
vn 0 6.123233995736766E-17 1
vn 0 6.123233995736766E-17 1
vn 0 6.123233995736766E-17 1
vn 0 6.123233995736766E-17 1
vn -0.984078 0.06634200000000001 0.164891
vn -0.984078 0.06634100000000001 0.164891
vn 0.066583 0.987667 0.14170699999999994
vn 0.066583 0.987667 0.14170699999999994
vn 0.984078 -0.06634099999999998 0.16489
vn 0.984078 -0.06634099999999998 0.16489
vn 0.984078 -0.06634099999999998 0.16489
vn 0.984078 -0.06634099999999998 0.164889
vn 0 6.123233995736766E-17 1
vn 0 6.123233995736766E-17 1
vn 0 6.123233995736766E-17 1
vn 0 6.123233995736766E-17 1
vn -0.499994 0.866029 1.099999999994697E-05
vn 0.499981 -0.866036 1.4000000000053029E-05
vn -0.500004 0.866023 -2.9000000000053028E-05
vn 0.500016 -0.866016 4.000000000053028E-06
vn 0.531969 -0.846764 5.1849341111660467E-17
vn 0.531969 -0.846764 5.1849341111660467E-17
vn -0.995591 -0.093798 5.7434710233211726E-18
vn -0.995591 -0.093798 5.7434710233211726E-18
vn -0.995591 -0.093798 5.7434710233211726E-18
vn -0.995591 -0.093798 5.7434710233211726E-18
vn -0.0274 0.991444 0.12762699999999993
vn -0.086592 0.98975 0.11356499999999994
vn -0.086592 0.98975 0.11356499999999994
vn 0.888636 0.436171 0.14170599999999997
vn 0.888637 0.436169 0.14170299999999997
vn 0 6.123233995736766E-17 1
vn 0 6.123233995736766E-17 1
vn 0 6.123233995736766E-17 1
vn 0 6.123233995736766E-17 1
vn -0.862728 -0.07547899999999998 0.500004
vn -0.862731 -0.07547900000000003 -0.499998
vn 0.498099 0.043578000000000054 0.866024
vn 0.498099 0.043578000000000054 0.866024
vn 0.498101 0.043578000000000054 0.866023
vn -0.862728 -0.07547899999999998 0.500004
vn -0.07474 0.28294800000000003 0.956219
vn -0.504625 -0.044148999999999945 0.862209
vn -0.07474 0.28294800000000003 0.956219
vn 0.771224 0.44219200000000003 0.457908
vn -0.07474 0.28294800000000003 0.956219
vn -0.076061 0.30226000000000003 0.950186
vn -0.504628 -0.044149999999999946 0.862207
vn -0.076061 0.30226000000000003 0.950186
vn 0.759559 0.467149 0.45259499999999997
vn -0.076061 0.30226000000000003 0.950186
vn 0.000295 -0.999997 -0.0022669999999999388
vn 0.000295 -0.999997 -0.0022669999999999388
vn -0.000323 0.999997 0.002261999999999939
vn 0.108016 -0.020094999999999936 0.993946
vn -0.22588 0.19031700000000004 0.955383
vn 0.614541 0.786727 -0.05831600000000005
vn 0.014439 0.834554 0.550736
vn 0.527322 0.24607600000000004 0.813252
vn 0.527322 0.24607600000000004 0.813252
vn 0.784978 -0.13841399999999998 0.603863
vn 0.392489 -0.06920799999999995 0.917149
vn 0.784978 -0.13841399999999998 0.603863
vn 0.701501 -0.705755 0.09902600000000004
vn 0.701501 -0.705755 0.09902600000000004
vn -0.511284 -0.34659599999999996 0.786422
vn 0.518247 -0.553414 0.652038
vn -0.511284 -0.34659599999999996 0.786422
vn -0.023319 -0.22762000000000004 -0.973471
vn 0.217295 0.976106 9.999999999402308E-07
vn 0.217295 0.976106 9.999999999402308E-07
vn -0.217291 -0.976107 -9.999999999402306E-07
vn 0.209933 0.977716 9.99999999940132E-07
vn 0.209933 0.977716 9.99999999940132E-07
vn -0.209931 -0.977716 -9.99999999940132E-07
vn 0.916907 -0.24880299999999997 0.312054
vn 0.916907 -0.24880299999999997 0.312054
vn -0.431205 -0.512535 0.742543
vn 0.57186 -0.17897399999999994 0.80059
vn -0.431205 -0.512535 0.742543
vn 0.293825 -0.26243000000000005 -0.919129
g 01
f 777/777/777 778/778/778 550/550/550
f 550/550/550 549/549/549 777/777/777
f 545/545/545 548/548/548 547/547/547
f 547/547/547 546/546/546 545/545/545
f 551/551/551 460/460/460 459/459/459
f 459/459/459 776/776/776 551/551/551
f 775/775/775 776/776/776 459/459/459
f 459/459/459 457/457/457 775/775/775
f 385/385/385 386/386/386 298/298/298
f 147/147/147 774/774/774 154/154/154
f 770/770/770 773/773/773 772/772/772
f 772/772/772 771/771/771 770/770/770
f 399/399/399 769/769/769 768/768/768
f 768/768/768 400/400/400 399/399/399
f 395/395/395 397/397/397 398/398/398
f 398/398/398 396/396/396 395/395/395
f 515/515/515 544/544/544 516/516/516
f 513/513/513 543/543/543 514/514/514
f 370/370/370 367/367/367 369/369/369
f 369/369/369 368/368/368 370/370/370
f 764/764/764 767/767/767 766/766/766
f 766/766/766 765/765/765 764/764/764
f 364/364/364 363/363/363 365/365/365
f 365/365/365 366/366/366 364/364/364
f 452/452/452 453/453/453 423/423/423
f 423/423/423 419/419/419 452/452/452
f 356/356/356 422/422/422 362/362/362
f 362/362/362 355/355/355 356/356/356
f 453/453/453 360/360/360 444/444/444
f 444/444/444 423/423/423 453/453/453
f 422/422/422 361/361/361 406/406/406
f 406/406/406 362/362/362 422/422/422
f 405/405/405 451/451/451 421/421/421
f 421/421/421 443/443/443 405/405/405
f 359/359/359 420/420/420 357/357/357
f 357/357/357 358/358/358 359/359/359
f 451/451/451 452/452/452 419/419/419
f 419/419/419 421/421/421 451/451/451
f 420/420/420 356/356/356 355/355/355
f 355/355/355 357/357/357 420/420/420
f 449/449/449 450/450/450 418/418/418
f 418/418/418 414/414/414 449/449/449
f 348/348/348 417/417/417 354/354/354
f 354/354/354 347/347/347 348/348/348
f 450/450/450 352/352/352 353/353/353
f 353/353/353 418/418/418 450/450/450
f 417/417/417 442/442/442 404/404/404
f 404/404/404 354/354/354 417/417/417
f 403/403/403 448/448/448 416/416/416
f 416/416/416 351/351/351 403/403/403
f 441/441/441 415/415/415 349/349/349
f 349/349/349 350/350/350 441/441/441
f 448/448/448 449/449/449 414/414/414
f 414/414/414 416/416/416 448/448/448
f 415/415/415 348/348/348 347/347/347
f 347/347/347 349/349/349 415/415/415
f 345/345/345 343/343/343 344/344/344
f 344/344/344 346/346/346 345/345/345
f 760/760/760 763/763/763 762/762/762
f 762/762/762 761/761/761 760/760/760
f 756/756/756 759/759/759 758/758/758
f 758/758/758 757/757/757 756/756/756
f 754/754/754 755/755/755 342/342/342
f 342/342/342 341/341/341 754/754/754
f 752/752/752 753/753/753 340/340/340
f 340/340/340 339/339/339 752/752/752
f 335/335/335 338/338/338 337/337/337
f 337/337/337 336/336/336 335/335/335
f 748/748/748 751/751/751 750/750/750
f 750/750/750 749/749/749 748/748/748
f 744/744/744 747/747/747 746/746/746
f 746/746/746 745/745/745 744/744/744
f 742/742/742 743/743/743 334/334/334
f 334/334/334 333/333/333 742/742/742
f 740/740/740 741/741/741 332/332/332
f 332/332/332 331/331/331 740/740/740
f 327/327/327 330/330/330 329/329/329
f 329/329/329 328/328/328 327/327/327
f 739/739/739 828/828/828 827/827/827
f 738/738/738 826/826/826 825/825/825
f 737/737/737 736/736/736 326/326/326
f 325/325/325 324/324/324 323/323/323
f 735/735/735 824/824/824 823/823/823
f 734/734/734 733/733/733 322/322/322
f 321/321/321 320/320/320 319/319/319
f 729/729/729 732/732/732 731/731/731
f 731/731/731 730/730/730 729/729/729
f 313/313/313 314/314/314 315/315/315
f 315/315/315 316/316/316 313/313/313
f 725/725/725 728/728/728 727/727/727
f 727/727/727 726/726/726 725/725/725
f 721/721/721 724/724/724 723/723/723
f 723/723/723 722/722/722 721/721/721
f 717/717/717 720/720/720 719/719/719
f 719/719/719 718/718/718 717/717/717
f 318/318/318 317/317/317 312/312/312
f 317/317/317 393/393/393 312/312/312
f 393/393/393 716/716/716 312/312/312
f 716/716/716 715/715/715 312/312/312
f 297/297/297 296/296/296 382/382/382
f 296/296/296 381/381/381 382/382/382
f 381/381/381 436/436/436 382/382/382
f 511/511/511 541/541/541 512/512/512
f 509/509/509 542/542/542 510/510/510
f 308/308/308 311/311/311 310/310/310
f 310/310/310 309/309/309 308/308/308
f 713/713/713 822/822/822 821/821/821
f 820/820/820 714/714/714 713/713/713
f 304/304/304 306/306/306 307/307/307
f 307/307/307 305/305/305 304/304/304
f 711/711/711 819/819/819 818/818/818
f 817/817/817 712/712/712 711/711/711
f 300/300/300 302/302/302 303/303/303
f 303/303/303 301/301/301 300/300/300
f 296/296/296 299/299/299 384/384/384
f 384/384/384 381/381/381 296/296/296
f 385/385/385 298/298/298 383/383/383
f 298/298/298 297/297/297 383/383/383
f 297/297/297 382/382/382 383/383/383
f 293/293/293 294/294/294 295/295/295
f 295/295/295 292/292/292 293/293/293
f 289/289/289 290/290/290 291/291/291
f 291/291/291 288/288/288 289/289/289
f 285/285/285 286/286/286 287/287/287
f 287/287/287 284/284/284 285/285/285
f 281/281/281 282/282/282 283/283/283
f 283/283/283 280/280/280 281/281/281
f 454/454/454 456/456/456 428/428/428
f 428/428/428 424/424/424 454/454/454
f 376/376/376 427/427/427 380/380/380
f 380/380/380 375/375/375 376/376/376
f 456/456/456 379/379/379 440/440/440
f 440/440/440 428/428/428 456/456/456
f 427/427/427 279/279/279 408/408/408
f 408/408/408 380/380/380 427/427/427
f 407/407/407 455/455/455 426/426/426
f 426/426/426 439/439/439 407/407/407
f 278/278/278 425/425/425 377/377/377
f 377/377/377 378/378/378 278/278/278
f 455/455/455 454/454/454 424/424/424
f 424/424/424 426/426/426 455/455/455
f 425/425/425 376/376/376 375/375/375
f 375/375/375 377/377/377 425/425/425
f 707/707/707 710/710/710 709/709/709
f 709/709/709 708/708/708 707/707/707
f 276/276/276 277/277/277 706/706/706
f 706/706/706 705/705/705 276/276/276
f 272/272/272 274/274/274 275/275/275
f 275/275/275 273/273/273 272/272/272
f 701/701/701 704/704/704 703/703/703
f 703/703/703 702/702/702 701/701/701
f 270/270/270 373/373/373 374/374/374
f 374/374/374 271/271/271 270/270/270
f 268/268/268 371/371/371 372/372/372
f 372/372/372 269/269/269 268/268/268
f 507/507/507 540/540/540 508/508/508
f 505/505/505 539/539/539 506/506/506
f 266/266/266 265/265/265 267/267/267
f 267/267/267 264/264/264 266/266/266
f 700/700/700 816/816/816 815/815/815
f 699/699/699 814/814/814 813/813/813
f 698/698/698 697/697/697 263/263/263
f 261/261/261 260/260/260 262/262/262
f 696/696/696 812/812/812 811/811/811
f 695/695/695 694/694/694 259/259/259
f 257/257/257 256/256/256 258/258/258
f 446/446/446 447/447/447 413/413/413
f 413/413/413 409/409/409 446/446/446
f 249/249/249 412/412/412 255/255/255
f 255/255/255 248/248/248 249/249/249
f 447/447/447 253/253/253 254/254/254
f 254/254/254 413/413/413 447/447/447
f 412/412/412 438/438/438 402/402/402
f 402/402/402 255/255/255 412/412/412
f 401/401/401 445/445/445 411/411/411
f 411/411/411 252/252/252 401/401/401
f 437/437/437 410/410/410 250/250/250
f 250/250/250 251/251/251 437/437/437
f 445/445/445 446/446/446 409/409/409
f 409/409/409 411/411/411 445/445/445
f 410/410/410 249/249/249 248/248/248
f 248/248/248 250/250/250 410/410/410
f 690/690/690 693/693/693 692/692/692
f 692/692/692 691/691/691 690/690/690
f 686/686/686 689/689/689 688/688/688
f 688/688/688 687/687/687 686/686/686
f 684/684/684 685/685/685 247/247/247
f 247/247/247 246/246/246 684/684/684
f 682/682/682 683/683/683 245/245/245
f 245/245/245 244/244/244 682/682/682
f 240/240/240 243/243/243 242/242/242
f 242/242/242 241/241/241 240/240/240
f 678/678/678 681/681/681 680/680/680
f 680/680/680 679/679/679 678/678/678
f 674/674/674 677/677/677 676/676/676
f 676/676/676 675/675/675 674/674/674
f 672/672/672 673/673/673 238/238/238
f 238/238/238 234/234/234 672/672/672
f 670/670/670 671/671/671 239/239/239
f 239/239/239 235/235/235 670/670/670
f 232/232/232 236/236/236 237/237/237
f 237/237/237 233/233/233 232/232/232
f 191/191/191 669/669/669 231/231/231
f 231/231/231 229/229/229 191/191/191
f 810/810/810 668/668/668 667/667/667
f 667/667/667 809/809/809 808/808/808
f 666/666/666 622/622/622 623/623/623
f 623/623/623 226/226/226 666/666/666
f 227/227/227 230/230/230 619/619/619
f 216/216/216 665/665/665 220/220/220
f 665/665/665 664/664/664 220/220/220
f 664/664/664 663/663/663 220/220/220
f 660/660/660 662/662/662 661/661/661
f 661/661/661 223/223/223 660/660/660
f 658/658/658 659/659/659 222/222/222
f 222/222/222 218/218/218 658/658/658
f 217/217/217 221/221/221 224/224/224
f 221/221/221 228/228/228 224/224/224
f 228/228/228 219/219/219 224/224/224
f 204/204/204 212/212/212 646/646/646
f 646/646/646 657/657/657 204/204/204
f 655/655/655 213/213/213 644/644/644
f 644/644/644 656/656/656 655/655/655
f 653/653/653 214/214/214 215/215/215
f 215/215/215 654/654/654 653/653/653
f 649/649/649 652/652/652 651/651/651
f 651/651/651 650/650/650 649/649/649
f 212/212/212 648/648/648 647/647/647
f 647/647/647 646/646/646 212/212/212
f 207/207/207 211/211/211 210/210/210
f 210/210/210 206/206/206 207/207/207
f 213/213/213 205/205/205 645/645/645
f 645/645/645 644/644/644 213/213/213
f 209/209/209 208/208/208 215/215/215
f 215/215/215 214/214/214 209/209/209
f 640/640/640 643/643/643 642/642/642
f 642/642/642 641/641/641 640/640/640
f 636/636/636 639/639/639 638/638/638
f 638/638/638 637/637/637 636/636/636
f 632/632/632 635/635/635 634/634/634
f 634/634/634 633/633/633 632/632/632
f 628/628/628 631/631/631 630/630/630
f 630/630/630 629/629/629 628/628/628
f 627/627/627 199/199/199 196/196/196
f 196/196/196 624/624/624 627/627/627
f 626/626/626 198/198/198 199/199/199
f 199/199/199 627/627/627 626/626/626
f 625/625/625 197/197/197 198/198/198
f 198/198/198 626/626/626 625/625/625
f 624/624/624 196/196/196 197/197/197
f 197/197/197 625/625/625 624/624/624
f 620/620/620 623/623/623 622/622/622
f 622/622/622 621/621/621 620/620/620
f 194/194/194 227/227/227 619/619/619
f 619/619/619 618/618/618 194/194/194
f 225/225/225 617/617/617 616/616/616
f 616/616/616 195/195/195 225/225/225
f 193/193/193 229/229/229 231/231/231
f 231/231/231 192/192/192 193/193/193
f 200/200/200 203/203/203 202/202/202
f 202/202/202 201/201/201 200/200/200
f 503/503/503 537/537/537 504/504/504
f 501/501/501 538/538/538 502/502/502
f 188/188/188 189/189/189 190/190/190
f 190/190/190 187/187/187 188/188/188
f 613/613/613 615/615/615 614/614/614
f 614/614/614 391/391/391 613/613/613
f 610/610/610 612/612/612 389/389/389
f 389/389/389 611/611/611 610/610/610
f 608/608/608 392/392/392 183/183/183
f 183/183/183 609/609/609 608/608/608
f 606/606/606 607/607/607 390/390/390
f 390/390/390 387/387/387 606/606/606
f 186/186/186 185/185/185 182/182/182
f 185/185/185 184/184/184 182/182/182
f 184/184/184 394/394/394 182/182/182
f 394/394/394 388/388/388 182/182/182
f 180/180/180 179/179/179 181/181/181
f 181/181/181 178/178/178 180/180/180
f 165/165/165 164/164/164 807/807/807
f 806/806/806 805/805/805 165/165/165
f 177/177/177 804/804/804 803/803/803
f 176/176/176 802/802/802 158/158/158
f 176/176/176 158/158/158 177/177/177
f 499/499/499 536/536/536 500/500/500
f 497/497/497 535/535/535 498/498/498
f 174/174/174 173/173/173 172/172/172
f 172/172/172 175/175/175 174/174/174
f 495/495/495 534/534/534 496/496/496
f 493/493/493 533/533/533 494/494/494
f 170/170/170 169/169/169 168/168/168
f 168/168/168 171/171/171 170/170/170
f 159/159/159 166/166/166 167/167/167
f 167/167/167 162/162/162 159/159/159
f 157/157/157 162/162/162 167/167/167
f 167/167/167 165/165/165 157/157/157
f 167/167/167 164/164/164 165/165/165
f 160/160/160 164/164/164 167/167/167
f 167/167/167 163/163/163 160/160/160
f 161/161/161 163/163/163 167/167/167
f 167/167/167 166/166/166 161/161/161
f 144/144/144 600/600/600 156/156/156
f 156/156/156 141/141/141 144/144/144
f 605/605/605 155/155/155 139/139/139
f 139/139/139 603/603/603 605/605/605
f 142/142/142 155/155/155 605/605/605
f 605/605/605 143/143/143 142/142/142
f 151/151/151 145/145/145 146/146/146
f 146/146/146 602/602/602 151/151/151
f 140/140/140 604/604/604 150/150/150
f 150/150/150 141/141/141 140/140/140
f 139/139/139 148/148/148 149/149/149
f 149/149/149 603/603/603 139/139/139
f 602/602/602 153/153/153 152/152/152
f 152/152/152 151/151/151 602/602/602
f 144/144/144 147/147/147 600/600/600
f 147/147/147 154/154/154 600/600/600
f 154/154/154 601/601/601 600/600/600
f 146/146/146 145/145/145 142/142/142
f 142/142/142 143/143/143 146/146/146
f 141/141/141 156/156/156 140/140/140
f 598/598/598 801/801/801 800/800/800
f 799/799/799 599/599/599 598/598/598
f 136/136/136 135/135/135 137/137/137
f 137/137/137 138/138/138 136/136/136
f 798/798/798 797/797/797 597/597/597
f 597/597/597 131/131/131 796/796/796
f 127/127/127 795/795/795 134/134/134
f 134/134/134 130/130/130 127/127/127
f 133/133/133 794/794/794 131/131/131
f 131/131/131 132/132/132 133/133/133
f 128/128/128 127/127/127 130/130/130
f 130/130/130 129/129/129 128/128/128
f 793/793/793 792/792/792 596/596/596
f 596/596/596 123/123/123 791/791/791
f 119/119/119 790/790/790 126/126/126
f 126/126/126 122/122/122 119/119/119
f 125/125/125 789/789/789 123/123/123
f 123/123/123 124/124/124 125/125/125
f 120/120/120 119/119/119 122/122/122
f 122/122/122 121/121/121 120/120/120
f 592/592/592 595/595/595 594/594/594
f 594/594/594 593/593/593 592/592/592
f 591/591/591 590/590/590 589/589/589
f 588/588/588 587/587/587 586/586/586
f 788/788/788 787/787/787 786/786/786
f 785/785/785 784/784/784 783/783/783
f 584/584/584 117/117/117 114/114/114
f 114/114/114 585/585/585 584/584/584
f 116/116/116 113/113/113 115/115/115
f 115/115/115 118/118/118 116/116/116
f 491/491/491 532/532/532 492/492/492
f 489/489/489 531/531/531 490/490/490
f 109/109/109 111/111/111 110/110/110
f 110/110/110 112/112/112 109/109/109
f 487/487/487 530/530/530 488/488/488
f 485/485/485 529/529/529 486/486/486
f 105/105/105 107/107/107 106/106/106
f 106/106/106 108/108/108 105/105/105
f 483/483/483 528/528/528 484/484/484
f 481/481/481 527/527/527 482/482/482
f 101/101/101 103/103/103 102/102/102
f 102/102/102 104/104/104 101/101/101
f 97/97/97 98/98/98 100/100/100
f 100/100/100 99/99/99 97/97/97
f 479/479/479 526/526/526 480/480/480
f 477/477/477 525/525/525 478/478/478
f 93/93/93 95/95/95 94/94/94
f 94/94/94 96/96/96 93/93/93
f 92/92/92 90/90/90 91/91/91
f 91/91/91 89/89/89 92/92/92
f 475/475/475 524/524/524 476/476/476
f 473/473/473 523/523/523 474/474/474
f 85/85/85 87/87/87 86/86/86
f 86/86/86 88/88/88 85/85/85
f 471/471/471 522/522/522 472/472/472
f 469/469/469 521/521/521 470/470/470
f 81/81/81 83/83/83 82/82/82
f 82/82/82 84/84/84 81/81/81
f 467/467/467 520/520/520 468/468/468
f 465/465/465 519/519/519 466/466/466
f 77/77/77 79/79/79 78/78/78
f 78/78/78 80/80/80 77/77/77
f 73/73/73 74/74/74 76/76/76
f 76/76/76 75/75/75 73/73/73
f 463/463/463 518/518/518 464/464/464
f 461/461/461 517/517/517 462/462/462
f 69/69/69 71/71/71 70/70/70
f 70/70/70 72/72/72 69/69/69
f 45/45/45 48/48/48 47/47/47
f 47/47/47 46/46/46 45/45/45
f 580/580/580 583/583/583 582/582/582
f 582/582/582 581/581/581 580/580/580
f 578/578/578 579/579/579 67/67/67
f 67/67/67 66/66/66 578/578/578
f 68/68/68 65/65/65 64/64/64
f 64/64/64 63/63/63 68/68/68
f 574/574/574 577/577/577 576/576/576
f 576/576/576 575/575/575 574/574/574
f 61/61/61 62/62/62 573/573/573
f 573/573/573 572/572/572 61/61/61
f 57/57/57 59/59/59 60/60/60
f 60/60/60 58/58/58 57/57/57
f 53/53/53 571/571/571 782/782/782
f 781/781/781 55/55/55 53/53/53
f 54/54/54 570/570/570 780/780/780
f 779/779/779 56/56/56 54/54/54
f 49/49/49 50/50/50 52/52/52
f 52/52/52 51/51/51 49/49/49
f 566/566/566 569/569/569 568/568/568
f 568/568/568 567/567/567 566/566/566
f 41/41/41 43/43/43 44/44/44
f 44/44/44 42/42/42 41/41/41
f 37/37/37 38/38/38 40/40/40
f 40/40/40 39/39/39 37/37/37
f 31/31/31 29/29/29 33/33/33
f 33/33/33 35/35/35 31/31/31
f 30/30/30 32/32/32 36/36/36
f 36/36/36 34/34/34 30/30/30
f 565/565/565 21/21/21 553/553/553
f 553/553/553 554/554/554 565/565/565
f 563/563/563 564/564/564 21/21/21
f 21/21/21 565/565/565 563/563/563
f 560/560/560 561/561/561 564/564/564
f 564/564/564 563/563/563 560/560/560
f 559/559/559 562/562/562 561/561/561
f 561/561/561 560/560/560 559/559/559
f 555/555/555 556/556/556 558/558/558
f 558/558/558 557/557/557 555/555/555
f 553/553/553 556/556/556 555/555/555
f 555/555/555 554/554/554 553/553/553
f 19/19/19 27/27/27 28/28/28
f 28/28/28 20/20/20 19/19/19
f 18/18/18 26/26/26 27/27/27
f 27/27/27 19/19/19 18/18/18
f 16/16/16 24/24/24 25/25/25
f 25/25/25 17/17/17 16/16/16
f 22/22/22 23/23/23 24/24/24
f 24/24/24 16/16/16 22/22/22
f 435/435/435 432/432/432 15/15/15
f 15/15/15 13/13/13 435/435/435
f 433/433/433 11/11/11 9/9/9
f 9/9/9 429/429/429 433/433/433
f 434/434/434 12/12/12 11/11/11
f 11/11/11 433/433/433 434/434/434
f 434/434/434 435/435/435 13/13/13
f 13/13/13 12/12/12 434/434/434
f 431/431/431 14/14/14 15/15/15
f 15/15/15 432/432/432 431/431/431
f 430/430/430 10/10/10 14/14/14
f 14/14/14 431/431/431 430/430/430
f 551/551/551 552/552/552 458/458/458
f 458/458/458 460/460/460 551/551/551
f 5/5/5 1/1/1 3/3/3
f 3/3/3 6/6/6 5/5/5
f 7/7/7 4/4/4 2/2/2
f 2/2/2 8/8/8 7/7/7
