v -0.566769 0.2349970000000001 1.246606
v 0.143146 -0.017674999999999948 0.862614
v 0.143119 -0.01767499999999996 0.629681
v -0.22595 0.48744300000000007 0.48392599999999997
v 1.264566 0.965065 0.6300789999999998
v 1.252478 -0.910934 0.6411900000000001
v 0.134209 -0.449348 5.7000000000027515E-05
v 0.134701 0.634811 5.6999999999961134E-05
v 1.258067 0.634852 0.630171
v 1.259618 -0.4444199999999999 0.630813
v 1.264548 -0.159286 3.600000000000975E-05
v 1.420173 -0.15927699999999992 1.213117
v 1.264533 0.386367 3.5999999999976345E-05
v 1.420143 0.386384 3.5999999999976345E-05
v 1.004026 0.3863630000000001 1.52539
v 1.420143 0.3863960000000001 1.20516
v 1.420173 -0.159246 3.600000000000975E-05
v 0.574571 1.212704 -2.000000000007426E-05
v 0.533864 1.212716 0.5738669999999999
v 0.584741 1.212677 0.5734559999999999
v 0.521254 1.212641 0.00013999999999992575
v 0.533953 1.149334 0.5747799999999998
v 0.57461 1.149384 -2.000000000007038E-05
v 0.584441 1.14938 0.5743009999999998
v 0.521341 1.14941 0.0001389999999999296
v 0.91242 1.224424 0.000554999999999925
v 0.884561 1.212705 0.5720459999999999
v 0.832467 1.21259 0.5718879999999998
v 0.841067 1.21235 0.00011099999999992576
v 0.886306 1.149489 0.5720469999999999
v 0.912884 1.149512 0.0003809999999999296
v 0.834324 1.149332 0.5719069999999999
v 0.841434 1.149397 -2.0000000000703803E-06
v -0.22451 -0.01754799999999997 0.486139
v -0.31381 -0.017674999999999948 0.862614
v -0.313809 0.48745000000000005 0.8604
v 0.130484 0.4374 5.299999999997322E-05
v 0.134313 0.032463 5.2999999999998015E-05
v 0.142976 0.03245100000000004 0.628224
v 0.130706 0.43738800000000005 0.628227
v 1.263575 -0.15925899999999996 1.066956
v 0.846804 1.203724 0.33865599999999996
v 0.573653 1.203727 0.35165399999999997
v 0.5723 1.20372 0.30647299999999994
v 0.847687 1.203717 0.29351399999999994
v 0.573365 1.158436 0.35168999999999995
v 0.847036 1.158444 0.33869199999999994
v 1.23812 -0.799991 0.640204
v 1.235988 -0.863273 0.642195
v 1.248608 -0.873094 0.12503300000000006
v 1.182684 -0.863161 0.642032
v 0.72267 -0.805956 0.12820100000000006
v 0.707912 -0.79995 0.646556
v 0.654956 -0.79993 0.646069
v 0.707433 -0.863243 0.647099
v 0.722486 -0.873112 0.12855100000000005
v 0.654557 -0.863192 0.646621
v 0.33675 0.2349970000000001 1.339386
v 0.155872 0.567017 0.867005
v 0.161158 -0.09007299999999994 0.85451
v 0.985698 -0.16722099999999993 1.542387
v 1.500109 0.40029000000000003 1.158274
v 1.500116 -0.17506899999999992 1.158274
v 0.525342 0.4873060000000001 0.627504
v 0.536955 1.257761 0.6291809999999999
v 0.525423 0.48730700000000005 0.572374
v 0.537793 1.236109 0.5737729999999999
v 0.878674 1.257761 0.6275079999999998
v 0.890604 0.4873060000000001 0.627511
v 0.89064 0.48730700000000005 0.572393
v 0.880007 1.236109 0.5724009999999999
v 0.141456 -0.804525 0.12494500000000006
v 0.141539 -0.87175 0.12505300000000005
v 0.12884 -0.795007 5.7000000000048684E-05
v 0.209967 -0.884044 5.700000000005413E-05
v 0.12884 -0.88405 5.700000000005414E-05
v 0.665008 -0.805923 0.12788000000000005
v 0.664945 -0.873129 0.12821300000000005
v 0.655999 -0.795016 5.900000000004868E-05
v 0.737126 -0.795016 6.600000000004869E-05
v 0.737126 -0.884054 7.800000000005413E-05
v 0.655999 -0.884054 6.600000000005413E-05
v 1.248609 -0.805937 0.12497100000000005
v 1.190881 -0.873107 0.12494800000000006
v 1.25989 -0.795016 5.7000000000048684E-05
v 1.25989 -0.884054 5.700000000005414E-05
v 1.178764 -0.884054 5.700000000005414E-05
v 0.143022 -0.22866699999999995 1.066956
v 1.262808 -0.9178549999999999 1.068573
v 0.135375 -0.9167009999999999 1.06524
v 1.168012 -1.035005 1.048861
v 1.168112 -0.9156769999999999 1.048551
v 1.122949 -0.9157619999999999 1.048287
v 1.122615 -1.035147 1.048575
v 0.719169 -1.070886 1.04645
v 0.673461 -1.070853 1.04645
v 0.718949 -0.9163559999999998 1.046434
v 0.673499 -0.9162819999999999 1.046434
v 0.952537 -1.19035 1.046486
v 0.906867 -1.190348 1.04645
v 0.952059 -0.9164049999999999 1.046707
v 0.906869 -0.9162889999999999 1.046467
v 0.484874 -1.091209 1.04645
v 0.439226 -1.091118 1.04645
v 0.484711 -0.9163669999999999 1.046434
v 0.439463 -0.9163169999999999 1.046363
v 0.267938 -1.034533 1.04516
v 0.222379 -1.034143 1.044821
v 0.267975 -0.9146609999999998 1.044894
v 0.222688 -0.9141999999999999 1.044526
v 0.148092 1.033078 1.067619
v 1.264266 1.033078 1.066983
v 1.264516 0.9609750000000001 1.056466
v 0.231847 1.156407 1.047524
v 0.276666 1.156374 1.048035
v 0.232553 0.9582480000000001 1.048789
v 0.277038 0.9581740000000001 1.049558
v 0.679515 1.078402 1.048521
v 0.725139 1.078369 1.047855
v 0.679765 0.9582480000000001 1.049108
v 0.725215 0.9581740000000001 1.048331
v 0.446239 1.053665 1.050763
v 0.491847 1.053632 1.050736
v 0.446391 0.9582480000000001 1.051345
v 0.491809 0.9581740000000001 1.051315
v 0.924479 1.053665 1.04645
v 0.968392 1.053632 1.04645
v 0.91863 0.9582480000000001 1.046434
v 0.96313 0.9581740000000001 1.046434
v 1.1319 1.08178 1.04645
v 1.177609 1.081747 1.04645
v 1.13212 0.9582480000000001 1.046434
v 1.177571 0.9581740000000001 1.046434
v 0.131487 0.48745000000000005 1.066958
v 0.985697 0.39331500000000014 1.542384
v 1.26404 -0.22860199999999994 1.066956
v 0.67789 -1.4798359999999997 1.904333
v 0.722499 -1.4797169999999997 1.904333
v 0.677882 -0.9269429999999999 1.904084
v 0.722497 -0.9268749999999999 1.904084
v 0.902364 -0.9960909999999998 1.674228
v 0.71123 -1.2356829999999999 1.887173
v 0.708065 -1.2498619999999998 1.866086
v 0.899201 -1.012699 1.653148
v 0.689662 -1.2356809999999998 1.887173
v 0.50502 -0.9960919999999999 1.674228
v 0.508183 -1.012699 1.653148
v 0.692827 -1.2498599999999997 1.866086
v 0.846094 -0.80688 0.644556
v 0.699117 -0.808437 0.50787
v 0.886234 -0.856259 0.644813
v 0.698956 -0.858645 0.4675540000000001
v 0.845288 -0.856276 0.645384
v 0.698597 -0.857824 0.508301
v 1.194175 -0.80843 0.49557200000000007
v 1.047975 -0.806883 0.64093
v 1.194215 -0.858648 0.45503600000000005
v 1.005354 -0.856251 0.642956
v 1.192789 -0.857827 0.4967750000000001
v 1.046242 -0.856268 0.64246
v 0.339796 -0.802984 0.628078
v 0.199932 -0.802751 0.48417800000000005
v 0.377727 -0.85272 0.63016
v 0.199033 -0.852564 0.44416600000000006
v 0.33974 -0.851852 0.62745
v 0.199951 -0.8516 0.48332800000000004
v 0.658582 -0.808431 0.507765
v 0.52644 -0.806505 0.641277
v 0.658391 -0.858648 0.4674110000000001
v 0.488482 -0.855134 0.63874
v 0.658088 -0.857827 0.508173
v 0.526064 -0.85574 0.641378
v 0.157128 -0.805269 0.44459600000000005
v 0.180602 -0.612747 0.6291
v 0.180919 -0.652203 0.627842
v 0.158055 -0.804329 0.48386000000000007
v 0.220087 -0.652336 0.628137
v 0.196784 -0.804506 0.48404600000000003
v 1.217924 -0.655167 0.634715
v 1.193162 -0.810235 0.49540000000000006
v 1.257936 -0.614801 0.63351
v 1.233176 -0.811076 0.45372700000000005
v 1.256737 -0.655095 0.634655
v 1.231982 -0.810238 0.49524500000000005
v 0.699107 0.9983300000000002 1.964476
v 0.138854 0.9604630000000001 1.057216
v 0.138194 0.9607690000000001 1.067607
v 0.715766 1.4926880000000002 1.904333
v 0.671157 1.4925250000000003 1.904333
v 0.671157 1.4925250000000003 1.832432
v 0.715766 1.4926880000000002 1.832432
v 0.715774 0.9778470000000001 1.83268
v 0.715774 0.9861300000000001 1.904084
v 0.671159 0.9856030000000001 1.904084
v 0.671159 0.9774160000000001 1.83268
v 0.709786 1.2880620000000003 1.887702
v 0.89765 1.04968 1.674228
v 0.894487 1.066287 1.653148
v 0.706621 1.3024520000000002 1.866614
v 1.244792 0.943401 0.6321709999999999
v 1.1913 0.943383 0.6321699999999999
v 1.244832 0.880114 0.632171
v 1.246617 0.878138 0.12495899999999995
v 1.191533 0.880084 0.632169
v 1.188852 0.945316 0.12495899999999995
v 1.246597 0.945323 0.12495899999999995
v 1.188896 0.878126 0.12495899999999995
v 1.176775 0.95622 -0.009462000000000059
v 1.257902 0.95622 -0.009462000000000059
v 1.257902 0.867182 -0.009462000000000054
v 1.176775 0.867182 -0.009462000000000054
v 0.952542 -0.9993869999999999 1.575294
v 0.952338 -0.9992279999999999 1.068302
v 0.907407 -0.9994059999999999 1.575937
v 0.907425 -0.9992249999999999 1.068133
v 0.439893 -0.9992469999999999 1.068124
v 0.439798 -0.9993979999999999 1.575294
v 0.484979 -0.9993909999999999 1.575938
v 0.484952 -0.9992169999999999 1.068125
v 0.647113 -1.0457329999999998 1.890753
v 0.699106 -1.0537089999999998 1.982445
v 0.751948 -1.0459129999999999 1.890753
v 0.641243 -1.5065339999999998 1.890891
v 0.699106 -1.5028159999999997 1.982445
v 0.757702 -1.5065669999999998 1.890891
v 1.264526 0.9617930000000001 1.066957
v 0.460755 -0.22866699999999993 1.576279
v 0.943573 -0.22863499999999992 1.576279
v 0.944517 -1.014647 1.576237
v 0.701653 -1.0537219999999998 1.954681
v 0.461699 -1.01541 1.576237
v 0.140524 -0.44449999999999995 0.630079
v 1.264443 -0.449348 0.0007900000000000276
v 0.136813 0.634787 0.629963
v 1.264443 0.634811 5.6999999999961134E-05
v 1.263574 0.38657400000000003 1.066956
v 1.257145 -0.15858399999999997 0.628654
v 0.161423 0.965065 0.6315539999999998
v 0.13148 0.48749900000000007 0.629947
v 0.14325 -0.903297 0.619117
v 0.878596 -0.9816569999999999 1.666424
v 0.687462 -1.2227709999999998 1.879369
v 0.713902 -1.2232569999999998 1.879862
v 0.52926 -0.9821939999999999 1.666917
v 0.685873 1.2755210000000001 1.880046
v 0.873737 1.035406 1.666572
v 0.153769 -0.793521 0.623112
v 0.199221 -0.871699 0.12498000000000005
v 0.207144 -0.856281 0.6224
v 0.153723 -0.856032 0.622088
v 1.131718 -0.9468909999999999 1.283192
v 0.951875 -0.9468689999999998 1.106553
v 0.951669 -0.9960899999999999 1.066265
v 1.148533 -0.9962689999999998 1.255902
v 1.13179 -0.9962859999999999 1.283191
v 0.951874 -0.9962759999999999 1.106483
v 0.475232 1.274693 0.6298849999999999
v 0.946245 1.274763 0.6283559999999999
v 0.96695 0.94927 0.8072639999999999
v 0.451813 0.949264 0.8161849999999999
v 1.26153 -1.014525 1.068792
v 0.145267 -1.013737 1.065353
v 1.264566 0.965065 0.6300789999999998
v 0.138194 0.9607690000000001 1.067607
v 1.264526 0.9617930000000001 1.066957
v 0.161423 0.965065 0.6315539999999998
v 0.134701 0.634811 5.6999999999961134E-05
v 1.258067 0.634852 0.630171
v 0.136813 0.634787 0.629963
v 1.264443 0.634811 5.6999999999961134E-05
v -0.225951 0.43747600000000003 0.629731
v 0.134312 0.4374 5.299999999997322E-05
v 0.134533 0.43738800000000005 0.628227
v -0.22676 0.437488 5.6999999999973217E-05
v 0.138153 0.49138400000000004 0.8604
v 0.138146 0.49143300000000006 0.4841329999999999
v 1.258067 0.634852 0.630171
v 1.257139 0.38573900000000005 0.628654
v 1.267919 0.37091 3.599999999997729E-05
v 1.260595 0.37009700000000006 0.628637
v 1.420143 0.386384 3.5999999999976345E-05
v 1.420143 0.3863960000000001 1.213117
v 1.252478 -0.910934 0.6411900000000001
v 1.259618 -0.4444199999999999 0.630079
v 1.262808 -0.9178549999999999 1.068573
v 1.264443 -0.449348 5.7000000000027515E-05
v 0.135375 -0.9167009999999999 1.06524
v 0.14325 -0.903297 0.619117
v 0.134209 -0.449348 0.0007900000000000276
v 0.140524 -0.44449999999999995 0.630813
v 0.134612 -0.017674999999999934 1.066958
v 0.143119 -0.01767499999999996 0.629681
v 0.140524 -0.44449999999999995 0.630079
v 0.151654 -0.01767499999999997 0.486119
v -0.224102 0.03253900000000004 0.629728
v 0.134313 0.032463 5.2999999999998015E-05
v 0.142976 0.03245100000000004 0.628224
v -0.226759 0.032551 5.699999999999801E-05
v -0.307958 0.567017 0.847039
v -0.320982 -0.09141699999999994 0.843913
v 1.004027 -0.15935799999999992 1.52539
v 1.264548 -0.159286 3.600000000000975E-05
v 1.420173 -0.15927699999999992 1.20516
v 1.420173 -0.159246 3.600000000000975E-05
v 0.143022 -0.22866699999999995 1.066956
v 0.460755 -0.22866699999999993 1.576279
v 0.145267 -1.013737 1.065353
v 0.514283 1.035406 1.666572
v 0.702147 1.2755780000000003 1.880046
v 0.681399 1.3024180000000003 1.866614
v 0.493533 1.066287 1.653148
v 0.49037 1.04968 1.674228
v 0.678234 1.2879770000000001 1.887702
v 0.267574 -0.9468909999999999 1.283192
v 0.447416 -0.9468679999999999 1.106553
v 0.447487 -0.9960869999999998 1.066076
v 0.250758 -0.9962689999999998 1.255902
v 0.267501 -0.9962859999999999 1.283191
v 0.447416 -0.9962759999999999 1.106482
v 0.461699 -1.01541 1.576237
v 0.426504 -1.021631 1.497494
v -0.653371 0.27396500000000007 1.357403
v -1.064114 -0.42142299999999994 0.698826
v -0.239239 -0.42142299999999994 0.698826
v -0.205129 -0.011874999999999959 0.689779
v -0.653434 -0.4398959999999999 1.373988
v -0.267506 -0.01211999999999995 0.808774
v -0.267505 0.47812400000000005 0.808774
v -0.205487 0.47811000000000003 0.68978
v -0.272987 0.575994 0.806018
v -0.27297 -0.10258299999999994 0.80601
v -0.889515 1.242721 0.0006119999999999239
v -0.419007 1.242721 0.0006119999999999239
v -0.889515 0.850099 0.11014799999999994
v -0.418637 0.850099 0.11014799999999994
v -0.226419 0.850102 0.07278799999999995
v -1.08112 -0.424789 0.07263700000000002
v -0.225826 0.850102 0.694855
v -1.189014 0.00193500000000007 1.138808
v -1.189065 0.24509800000000007 0.79727
v -1.189043 -0.24120699999999995 0.79727
v -1.181812 -0.23665399999999998 0.55269
v -1.189065 0.24509800000000004 0.549591
v -0.301765 0.891523 0.07267999999999994
v -0.184617 0.891523 0.07267999999999994
v -0.184617 0.768417 0.07267999999999995
v -0.301765 0.768417 0.07267999999999995
v -0.317038 0.907602 0.0006119999999999444
v -0.169302 0.907602 0.0006119999999999444
v -0.169302 0.752338 0.0006119999999999539
v -0.317037 0.752338 0.0006119999999999539
v -1.122023 0.891523 0.07267999999999994
v -1.004831 0.891523 0.07267999999999994
v -1.004831 0.768417 0.07267999999999995
v -1.122023 0.768417 0.07267999999999995
v -1.137244 0.907602 0.0006119999999999444
v -0.9895 0.907602 0.0006119999999999444
v -0.9895 0.752338 0.0006119999999999539
v -1.137245 0.752338 0.0006119999999999539
v -0.301765 0.519414 0.07267999999999997
v -0.184617 0.519414 0.07267999999999997
v -0.184617 0.396309 0.07267999999999997
v -0.301765 0.396309 0.07267999999999997
v -0.317038 0.535493 0.0006119999999999673
v -0.169302 0.535493 0.0006119999999999673
v -0.169302 0.38023 0.0006119999999999767
v -0.317037 0.38023 0.0006119999999999767
v -1.122024 0.519414 0.07267999999999997
v -1.004831 0.519415 0.07267999999999997
v -1.004831 0.396309 0.07267999999999997
v -1.122024 0.396309 0.07267999999999997
v -1.137245 0.535493 0.0006119999999999673
v -0.9895 0.535493 0.0006119999999999673
v -0.9895 0.38023 0.0006119999999999767
v -1.137245 0.38023 0.0006119999999999767
v -0.301764 0.03886300000000001 0.07268
v -0.184617 0.03886300000000001 0.07268
v -0.184617 -0.084242 0.07268
v -0.301764 -0.084242 0.07268
v -0.169302 0.054942 0.0006119999999999967
v -0.169302 -0.100321 0.0006120000000000062
v -0.317037 -0.100321 0.0006120000000000062
v -1.122023 0.03886300000000001 0.07268
v -1.004831 0.03886300000000001 0.07268
v -1.004831 -0.084242 0.07268
v -1.122023 -0.084242 0.07268
v -1.137245 0.054942 0.0006119999999999967
v -0.9895 0.054942 0.0006119999999999967
v -0.9895 -0.100321 0.0006120000000000062
v -1.137244 -0.100321 0.0006120000000000062
v -0.301765 -0.333245 0.07268000000000001
v -0.184617 -0.333245 0.07268000000000001
v -0.184617 -0.456351 0.07268000000000002
v -0.301765 -0.456351 0.07268000000000002
v -0.317038 -0.317166 0.0006120000000000194
v -0.169302 -0.317166 0.0006120000000000194
v -0.169302 -0.47243 0.000612000000000029
v -0.317038 -0.47243 0.000612000000000029
v -1.122023 -0.333245 0.07268000000000001
v -1.004831 -0.333245 0.07268000000000001
v -1.004831 -0.456351 0.07268000000000002
v -1.122023 -0.456351 0.07268000000000002
v -1.137245 -0.317166 0.0006120000000000194
v -0.9895 -0.317166 0.0006120000000000194
v -0.9895 -0.47243 0.000612000000000029
v -1.137245 -0.47243 0.000612000000000029
v -0.44517 -0.769897 -0.0018389999999999529
v -0.44517 -0.419147 0.11872800000000003
v -0.86583 -0.769897 -0.0018389999999999529
v -0.86583 -0.419147 0.11872800000000003
v -0.22644 -0.424789 0.07263700000000002
v -0.2263 0.04594900000000004 0.694855
v -0.22644 0.43179800000000007 0.694855
v -1.08104 0.24509800000000004 0.549591
v -1.070692 -0.24094599999999997 0.549769
v -0.22644 0.428868 0.07264899999999998
v -1.003896 -0.24120699999999995 0.795938
v -1.0058 0.24509800000000007 0.79727
v -0.665763 -0.4454189999999999 1.385571
v -0.800352 0.0019350000000000712 1.161591
v -1.033196 -0.27338399999999996 0.806749
v -1.019005 0.27286600000000005 0.807926
v -1.227739 0.0019350000000000703 1.146806
v -1.221475 0.2622010000000001 0.807926
v -0.191676 -0.518 0.698681
v -1.121263 0.939269 0.7152739999999999
v -0.653491 -0.5430379999999999 1.373934
v -0.238819 -0.518047 0.698826
v -1.064719 -0.518047 0.698826
v -0.653371 0.9730310000000001 1.374108
v -1.071418 0.944537 0.6988259999999998
v -0.233535 0.949116 0.6988259999999998
v 1.262184 -0.9175009999999999 1.048165
v -1.08108 0.845187 0.694855
v -1.071418 0.27396500000000007 0.698958
v -0.234711 0.27396500000000007 0.698958
v -1.08108 0.884249 0.698634
v -1.08108 0.883202 0.67415
v -0.224876 0.889303 0.67415
v -0.225442 0.889303 0.698634
v -1.527919 0.021243000000000067 1.083501
v -1.527777 -0.021703999999999935 1.083501
v -1.18113 0.021251000000000065 1.083309
v -1.181072 -0.021700999999999936 1.083309
v -1.172093 -0.21764999999999995 0.8179
v -1.39663 -0.007250999999999934 1.074455
v -1.39663 0.019695000000000067 1.074455
v -1.172116 0.21886000000000005 0.8179
v -0.651616 -0.5029459999999999 1.420832
v -0.210104 -0.47261299999999995 0.689779
v -1.099433 -0.47262399999999993 0.69186
v -1.10657 0.902899 0.691861
v -0.203298 0.908169 0.6897789999999999
v -0.651616 0.9376800000000001 1.420832
v -0.654121 -0.5497789999999999 1.459663
v -0.191748 0.943364 0.7198009999999999
v -1.119111 -0.5131 0.731949
v -0.186439 -0.512534 0.73122
v -0.654015 0.9772680000000001 1.459297
v -0.865507 0.772407 0.67975
v -0.865504 0.776133 0.11969099999999996
v -0.441989 0.776133 0.11969099999999996
v -0.865507 0.845933 0.67975
v -0.442 0.850102 0.67975
v -0.441989 0.850102 0.11969099999999995
v -0.225709 0.850102 0.687645
v -1.081082 0.844727 0.687645
v -0.865504 0.850102 0.11969099999999995
v -0.978766 0.71428 0.876403
v -0.978766 0.42545700000000003 0.876403
v -0.835815 0.5698720000000002 1.076431
v -0.491348 -0.29731199999999997 1.090602
v -0.479117 0.0010910000000000674 1.099814
v -0.602127 -0.14810299999999993 1.280167
v -0.978766 0.5698680000000002 1.030708
v -0.48014 -0.1481109999999999 1.280709
v -1.133758 0.18014100000000005 0.719122
v -1.133692 -0.17568299999999995 0.718943
v -1.126662 -0.17032199999999997 0.602324
v -1.133758 0.18008600000000002 0.598408
v -0.820384 -0.2633039999999999 0.638529
v -0.826476 0.25968300000000005 0.638529
v -0.455382 0.848572 0.692814
v -0.455372 0.8485750000000001 1.043391
v -0.49455 0.8485680000000001 1.042935
v -0.494527 0.848566 0.692814
v -0.852286 0.8485650000000001 1.04339
v -0.852275 0.846966 0.692814
v -0.813147 0.8485830000000001 1.042934
v -0.813169 0.847735 0.692814
v -0.812187 0.840223 0.881845
v -0.494582 0.840221 0.874048
v -1.022859 0.873793 0.07092899999999995
v -1.022847 0.868847 0.687832
v -1.103904 0.868404 0.687832
v -1.103878 0.873786 0.07092899999999995
v -1.022811 0.784977 0.687832
v -1.022823 0.789574 0.07092899999999996
v -1.103824 0.784542 0.687832
v -1.103798 0.789553 0.07092899999999996
v -0.207749 0.784043 0.687832
v -0.201039 0.873841 0.687832
v -0.202811 0.873812 0.07092899999999995
v -0.208131 0.784056 0.07092899999999996
v -0.283827 0.789554 0.07092899999999996
v -0.283836 0.789541 0.687832
v -0.27849 0.879291 0.687832
v -0.278522 0.879261 0.07092899999999995
v -1.096148 -0.35780699999999993 0.693236
v -1.09555 -0.44779899999999995 0.693236
v -1.102552 -0.44777 0.07092900000000003
v -1.102559 -0.35782 0.07092900000000003
v -1.026701 -0.357781 0.07092900000000003
v -1.019658 -0.35776699999999995 0.693205
v -1.018995 -0.44770999999999994 0.693187
v -1.026682 -0.447681 0.07092900000000003
v -0.288273 -0.44043199999999993 0.693162
v -0.207273 -0.4404239999999999 0.693236
v -0.202854 -0.440421 0.07092900000000003
v -0.283873 -0.440429 0.07092900000000003
v -0.283908 -0.356209 0.07092900000000003
v -0.287956 -0.35619999999999996 0.693188
v -0.207058 -0.35617899999999997 0.693235
v -0.202933 -0.356188 0.07092900000000003
v -0.843435 1.058672 1.076973
v -0.799165 1.05864 1.076756
v -0.852076 0.2718320000000001 1.083411
v -0.808155 0.2718320000000001 1.082835
v -0.498201 0.9868250000000001 1.082818
v -0.460094 0.9867930000000001 1.082818
v -0.498011 0.2718320000000001 1.081452
v -0.460127 0.2718320000000001 1.082003
v -0.672648 1.080024 1.354881
v -0.633011 1.079943 1.354881
v -0.672457 0.2718320000000001 1.337958
v -0.633045 0.2718320000000001 1.337958
v -0.282316 0.985804 0.7414639999999999
v -0.241702 0.968429 0.6998479999999999
v -0.24242 0.985772 0.7414639999999999
v -0.282125 0.27173200000000003 0.741451
v -0.242713 0.27173200000000003 0.699852
v -0.242713 0.27173200000000003 0.741451
v -1.059991 0.98425 0.7399349999999999
v -1.020354 0.984454 0.7399349999999999
v -1.0598 0.2718320000000001 0.739922
v -1.020387 0.2718320000000001 0.739922
v -0.468259 -0.6067939999999998 1.069619
v -0.506864 -0.6067619999999999 1.069497
v -0.468715 -0.41601799999999994 1.068511
v -0.506931 -0.41594699999999996 1.068331
v -0.799095 -0.5339689999999999 1.071167
v -0.837171 -0.5339369999999999 1.071537
v -0.799069 -0.41503999999999996 1.071122
v -0.837019 -0.41496799999999995 1.071491
v -0.633035 -0.5978319999999999 1.354389
v -0.671925 -0.5979129999999999 1.354475
v -0.633152 -0.44610299999999997 1.354346
v -0.671848 -0.44612799999999997 1.354431
v -1.019075 -0.598522 0.740996
v -1.059086 -0.598491 0.741253
v -1.017732 -0.36940499999999993 0.740904
v -1.057564 -0.36933399999999994 0.741184
v -0.248094 -0.534635 0.739604
v -0.287984 -0.534603 0.739286
v -0.248782 -0.41570499999999994 0.739582
v -0.288423 -0.41563399999999995 0.739264
v -0.480037 0.8562630000000001 1.121489
v -0.820101 0.8562650000000002 1.121735
v -0.842045 0.8562600000000001 1.083602
v -0.464909 0.8562570000000002 1.08338
v -0.633708 0.8485720000000001 1.119423
v -0.634287 0.8551500000000001 1.302412
v -0.671306 0.8551130000000001 1.301957
v -0.669299 0.8485660000000002 1.119423
v -1.032258 0.4566200000000001 0.639733
v -1.032251 0.456701 0.11969099999999998
v -0.31844 0.456701 0.11969199999999998
v -0.318461 0.4567010000000001 0.639734
v -1.032258 0.767541 0.67975
v -1.032251 0.776126 0.11969099999999996
v -0.31844 0.776132 0.11969199999999997
v -0.318461 0.776133 0.639734
v -0.442 0.776133 0.67975
v -1.08108 0.850102 0.07285499999999995
v -1.084056 0.51885 0.637478
v -1.15875 0.753922 0.4015699999999999
v -1.158749 0.520005 0.4070889999999999
v -1.084057 0.754295 0.637478
v -1.221474 -0.2565859999999999 0.807926
v -0.494582 0.840221 0.901109
v -0.494582 0.805723 0.900893
v -0.812186 0.8057170000000001 0.908722
v -0.812187 0.8402230000000002 0.908391
v -0.543312 0.8490590000000001 1.227549
v -0.637758 0.8490570000000001 1.139408
v -0.637758 0.8490620000000001 1.106771
v -0.527507 0.8490640000000002 1.201113
v -0.669414 0.8490590000000001 1.131957
v -0.764228 0.8490570000000001 1.22148
v -0.780004 0.8490620000000001 1.195818
v -0.669414 0.8490640000000002 1.099432
v -1.160489 -0.19391299999999995 0.81263
v -1.385018 0.016487000000000068 1.069185
v -1.385144 -0.0041529999999999345 1.069287
v -1.16063 0.19501200000000005 0.812732
v -1.030108 1.004754 0.10742999999999994
v -1.029581 0.997266 0.6855639999999998
v -0.826235 0.855526 0.685403
v -0.82676 0.858861 0.10726999999999995
v -0.230422 0.950993 0.10741499999999994
v -0.227191 0.95085 0.6855479999999999
v -0.445778 0.859632 0.685403
v -0.445065 0.859774 0.10726999999999995
v -1.08112 -0.424789 0.07263700000000002
v -1.07386 -0.42478899999999997 0.694855
v -1.08108 0.850102 0.07285499999999995
v -0.226419 0.850102 0.07278799999999995
v -1.099433 -0.47262399999999993 0.69186
v -1.10657 0.902899 0.691861
v -0.651616 -0.5029459999999999 1.420832
v -0.210104 -0.47261299999999995 0.689779
v -0.203298 0.908169 0.6897789999999999
v -0.651616 0.9376800000000001 1.420832
v -0.230966 -0.42478899999999997 0.694855
v -0.22644 -0.424789 0.07263700000000002
v -0.226439 0.039018000000000004 0.072644
v -0.237109 -0.42478899999999997 0.696744
v -1.080003 -0.42478999999999995 0.696744
v -1.12666 -0.18967199999999998 0.642403
v -1.13376 0.19957700000000003 0.63831
v -1.189063 0.18014000000000005 0.719122
v -1.189067 -0.17568399999999995 0.718943
v -1.183573 -0.16775499999999996 0.604266
v -1.189063 0.18008500000000002 0.598408
v -1.189065 0.24509800000000007 0.79727
v -1.189043 -0.24120699999999995 0.79727
v -1.181812 -0.23665399999999998 0.55269
v -1.189065 0.24509800000000004 0.549591
v -0.978766 0.71428 0.876403
v -0.978766 0.42545700000000003 0.876403
v -0.978766 0.5698680000000002 1.030708
v -0.865504 0.776133 0.11969099999999996
v -0.441989 0.776133 0.11969099999999996
v -0.865507 0.845933 0.67975
v -0.442 0.850102 0.67975
v -0.441989 0.850102 0.11969099999999995
v -0.865504 0.850102 0.11969099999999995
v -0.491348 -0.29731199999999997 1.090602
v -0.479117 0.0010910000000000674 1.099814
v -0.48014 -0.1481109999999999 1.280709
v -0.652536 -0.5081279999999999 1.458741
v -1.110641 -0.47848299999999994 0.738454
v -0.196624 -0.4792489999999999 0.739423
v -1.113796 -0.518047 0.698681
v -0.191715 0.9162 0.7391089999999999
v -1.11556 0.912259 0.7381809999999999
v -0.652631 0.9447960000000001 1.458584
v -1.084056 0.51885 0.637478
v -1.15875 0.753922 0.4015699999999999
v -1.158749 0.520005 0.4070889999999999
v -1.084057 0.754295 0.637478
v 1.167019 0.637927 0.4292079999999999
v 0.939243 0.637927 0.4292079999999999
v 1.170617 0.778484 0.29752799999999996
v 0.940064 0.778484 0.29752799999999996
v 1.491869 0.3547040000000001 0.782347
v 1.497515 0.35409700000000005 1.073583
v 1.425624 0.24203200000000005 1.073584
v 1.420193 0.24263700000000005 0.782347
v 1.468048 -0.14497599999999994 0.782347
v 1.474007 -0.14415099999999995 1.073583
v 1.426957 -0.019544999999999934 1.073584
v 1.421169 -0.02036699999999995 0.782347
v 0.349788 -0.451435 0.429208
v 0.598974 -0.453179 0.430326
v 0.347305 -0.59173 0.2979240000000001
v 0.595227 -0.593104 0.30201700000000004
v -0.230422 0.950993 0.10741499999999994
v -0.227191 0.95085 0.6855479999999999
v -0.445778 0.859632 0.685403
v -0.445065 0.859774 0.10726999999999995
v -1.08108 0.848179 0.43956199999999995
v -1.07837 -0.424789 0.431613
v -0.876599 -0.420419 0.11492200000000002
v -0.656714 -0.465938 0.11469000000000003
v -0.656456 -0.46948699999999993 0.63177
v -0.870945 -0.4209609999999999 0.632028
v 0.968974 -1.006086 1.509408
v 0.944517 -1.014647 1.576237
v 1.26408 -1.014458 1.068785
v 1.26404 -0.22860199999999994 1.066956
v 0.943573 -0.22863499999999992 1.576279
v 0.730822 -0.9962689999999998 1.587044
v 0.927551 -0.9960869999999998 1.397218
v 0.747565 -0.9962859999999999 1.614334
v 0.92748 -0.9962759999999999 1.437625
v 0.64594 -0.9962689999999998 1.571266
v 0.449077 -0.9960899999999999 1.381629
v 0.629197 -0.9962859999999999 1.598556
v 0.449281 -0.9962759999999999 1.421847
v -0.488119 0.835936 0.87197
v -0.343196 0.835938 0.86468
v -0.336499 0.835933 0.894743
v -0.46568 0.835931 0.895671
v -0.336464 0.796984 0.894708
v -0.46572 0.79699 0.895629
v -0.963202 0.86142 0.866526
v -0.820276 0.837139 0.872707
v -0.816531 0.836012 0.903258
v -0.943409 0.857655 0.892202
v -0.82299 0.797608 0.902613
v -0.94994 0.819272 0.891543
v -1.030108 1.004754 0.10742999999999994
v -1.029581 0.997266 0.6855639999999998
v -0.826235 0.855526 0.685403
v -0.82676 0.858861 0.10726999999999995
v 0.269727 0.49915500000000007 1.279257
v 0.261401 0.6314430000000001 1.498377
v 0.432289 0.6314300000000002 1.481735
v 0.261401 0.7637310000000002 1.279257
v 0.261401 0.7637310000000002 1.279257
v 0.261401 0.6314430000000001 1.498377
v 0.269727 0.49915500000000007 1.279257
v 0.264712 -0.5751419999999999 1.284937
v 0.264712 -0.4386539999999999 1.491305
v 0.404256 -0.43866699999999986 1.47665
v 0.264712 -0.30216599999999993 1.272185
v 0.264712 -0.5751419999999999 1.284937
v 0.264712 -0.30216599999999993 1.272185
v 0.264712 -0.4386539999999999 1.491305
v 1.183999 0.4947190000000001 1.279257
v 1.031366 0.6128560000000001 1.474175
v 1.183999 0.6215630000000001 1.47164
v 1.183999 0.7484070000000002 1.279257
v 1.183999 0.7484070000000002 1.279257
v 1.183999 0.4947190000000001 1.279257
v 1.183999 0.6215630000000001 1.47164
v 1.188462 -0.5816129999999999 1.271102
v 1.03804 -0.43866699999999986 1.478258
v 1.188462 -0.4386539999999999 1.496337
v 1.188462 -0.30216599999999993 1.272185
v 1.188462 -0.5816129999999999 1.271102
v 1.188462 -0.4386539999999999 1.496337
v 1.188462 -0.30216599999999993 1.272185
v 0.402124 -0.9990239999999999 1.527959
v 0.090639 -0.9894429999999999 1.065326
v 0.090126 -0.35941599999999996 1.024735
v 0.699107 1.0917980000000003 1.99748
v 0.326899 0.23487600000000008 1.334387
v 0.069479 0.45303800000000005 1.021568
v 0.699107 0.015908000000000116 1.932066
v 0.699107 -1.0312109999999999 2.01113
v 1.018623 -0.16186199999999992 1.512838
v 1.343549 -0.15925899999999996 1.066959
v 1.345312 1.050497 1.066959
v 1.343549 0.3858710000000001 1.066959
v 1.018621 0.3776080000000001 1.512834
v 0.094074 1.050519 1.067101
v 0.093907 0.05296000000000006 1.016439
v 1.343764 -0.9906359999999999 1.068381
v 0.148748 1.067912 1.067428
v 0.06663 1.068548 1.066919
v 0.699107 -1.0537089999999998 1.954685
v 0.427873 -1.023375 1.497273
v 0.384504 -1.023801 1.548957
v 0.699102 -1.0537089999999998 2.065725
v 1.26153 -1.014525 1.068792
v 0.963923 -1.012846 1.509743
v 1.016645 -1.012885 1.562464
v 1.364076 -1.014611 1.068179
v 0.699107 1.1092810000000002 1.941035
v 0.699114 1.1092810000000002 2.052075
v 0.148748 1.067912 1.067428
v 0.151934 0.9607690000000001 1.067607
v 0.699107 1.1092810000000002 1.941035
v 0.699135 0.9983300000000002 1.937157
v 0.699114 1.0811960000000003 2.052075
v 0.384533 -0.9942089999999999 1.548923
v 0.699102 -1.0248499999999998 2.065725
v 1.016909 -0.9836899999999998 1.562728
v 1.345312 1.039894 1.066959
v 1.366816 1.039794 1.066955
v 0.699107 1.0811950000000001 1.99748
v 0.090639 -0.9865109999999999 1.065326
v 0.402124 -0.9960919999999999 1.527959
v 0.063573 -0.9842859999999999 1.065402
v 0.699107 -1.0248489999999997 2.01113
v 0.999528 -0.9841069999999998 1.545348
v 1.263587 1.067912 1.066902
v 1.366694 1.068019 1.066911
v 1.364946 -0.9850739999999999 1.068205
v 1.343764 -0.9858949999999999 1.068381
v 0.145267 -1.013737 1.065353
v 0.063516 -1.014595 1.065468
v 0.066974 1.039627 1.066979
v 0.094074 1.039916 1.067101
v 1.250732 0.9617930000000001 1.066957
v 1.263587 1.067912 1.066902
v 0.699107 1.0917980000000003 1.99748
v 0.699107 0.015908000000000116 1.932066
v 0.699107 -1.0312109999999999 2.01113
v -0.651616 -0.5029459999999999 1.420832
v -0.651616 0.9376800000000001 1.420832
v -0.566769 0.2349970000000001 1.246606
v 0.33675 0.2349970000000001 1.339386
v -0.800352 0.0019350000000000712 1.161591
v -1.227739 0.0019350000000000703 1.146806
v -0.835815 0.5698720000000002 1.076431
v -0.602127 -0.14810299999999993 1.280167
v -0.48014 -0.1481109999999999 1.280709
v -0.978766 0.5698680000000002 1.030708
v 0.261401 0.6314430000000001 1.498377
v 0.432289 0.6314300000000002 1.481735
v 0.264712 -0.4386539999999999 1.491305
v 0.404256 -0.43866699999999986 1.47665
v 1.031366 0.6128560000000001 1.474175
v 1.183999 0.6215630000000001 1.47164
v 1.03804 -0.43866699999999986 1.478258
v 1.188462 -0.4386539999999999 1.496337
v 0.130706 0.43738800000000005 0.628227
v 0.134701 0.634811 5.6999999999961134E-05
v 1.258067 0.634852 0.630171
v 1.267919 0.37091 3.599999999997729E-05
v 1.257145 -0.15858399999999997 0.628654
v 1.264443 -0.449348 5.7000000000027515E-05
v 0.654557 -0.863192 0.646621
v 0.664945 -0.873129 0.12821300000000005
v 0.722486 -0.873112 0.12855100000000005
v 0.72267 -0.805956 0.12820100000000006
v 0.664945 -0.873129 0.12821300000000005
v 0.665008 -0.805923 0.12788000000000005
v 1.248608 -0.873094 0.12503300000000006
v 1.248609 -0.805937 0.12497100000000005
v 1.190881 -0.873107 0.12494800000000006
v 1.231982 -0.810238 0.49524500000000005
v 1.256737 -0.655095 0.634655
v 0.715766 1.4926880000000002 1.904333
v 0.715766 1.4926880000000002 1.832432
v 1.188896 0.878126 0.12495899999999995
v 1.191533 0.880084 0.632169
v 1.246597 0.945323 0.12495899999999995
v 1.188852 0.945316 0.12495899999999995
v 1.246617 0.878138 0.12495899999999995
v 1.188896 0.878126 0.12495899999999995
v 1.176775 0.867182 -0.009462000000000054
v 1.188896 0.878126 0.12495899999999995
v 0.699106 -1.0537089999999998 1.982445
v 0.699106 -1.5028159999999997 1.982445
v 1.26404 -0.22860199999999994 1.066956
v 0.143022 -0.22866699999999995 1.066956
v 0.138194 0.9607690000000001 1.067607
v 0.13148 0.48749900000000007 0.629947
v 1.259618 -0.4444199999999999 0.630079
v 1.257145 -0.15858399999999997 0.628654
v 0.141539 -0.87175 0.12505300000000005
v 0.141456 -0.804525 0.12494500000000006
v 0.199221 -0.871699 0.12498000000000005
v 0.141539 -0.87175 0.12505300000000005
v 0.153723 -0.856032 0.622088
v 0.143022 -0.22866699999999995 1.066956
v 0.461699 -1.01541 1.576237
v 0.426504 -1.021631 1.497494
v 0.143022 -0.22866699999999995 1.066956
v 0.145267 -1.013737 1.065353
v 0.461699 -1.01541 1.576237
v 0.426504 -1.021631 1.497494
v -0.184617 0.891523 0.07267999999999994
v -0.301765 0.891523 0.07267999999999994
v -0.184617 0.768417 0.07267999999999995
v -0.301765 0.768417 0.07267999999999995
v -0.317038 0.907602 0.0006119999999999444
v -0.301765 0.891523 0.07267999999999994
v -1.004831 0.891523 0.07267999999999994
v -1.122023 0.891523 0.07267999999999994
v -1.004831 0.768417 0.07267999999999995
v -1.122023 0.768417 0.07267999999999995
v -1.137245 0.752338 0.0006119999999999539
v -1.122023 0.768417 0.07267999999999995
v -0.184617 0.519414 0.07267999999999997
v -0.301765 0.519414 0.07267999999999997
v -0.184617 0.396309 0.07267999999999997
v -0.301765 0.396309 0.07267999999999997
v -1.004831 0.519415 0.07267999999999997
v -1.122024 0.519414 0.07267999999999997
v -1.122024 0.396309 0.07267999999999997
v -1.004831 0.396309 0.07267999999999997
v -1.137245 0.535493 0.0006119999999999673
v -1.122024 0.519414 0.07267999999999997
v -0.184617 -0.084242 0.07268
v -0.184617 0.03886300000000001 0.07268
v -0.301764 -0.084242 0.07268
v -1.004831 0.03886300000000001 0.07268
v -1.122023 0.03886300000000001 0.07268
v -1.122023 -0.084242 0.07268
v -1.004831 -0.084242 0.07268
v -1.137245 0.054942 0.0006119999999999967
v -1.122023 0.03886300000000001 0.07268
v -0.184617 -0.333245 0.07268000000000001
v -0.301765 -0.333245 0.07268000000000001
v -0.184617 -0.456351 0.07268000000000002
v -0.301765 -0.456351 0.07268000000000002
v -0.317038 -0.317166 0.0006120000000000194
v -0.301765 -0.333245 0.07268000000000001
v -1.004831 -0.333245 0.07268000000000001
v -1.122023 -0.333245 0.07268000000000001
v -1.004831 -0.456351 0.07268000000000002
v -1.122023 -0.456351 0.07268000000000002
v -1.137245 -0.317166 0.0006120000000000194
v -1.122023 -0.333245 0.07268000000000001
v -0.654121 -0.5497789999999999 1.459663
v -0.653434 -0.4398959999999999 1.373988
v -0.238819 -0.518047 0.698826
v -0.653491 -0.5430379999999999 1.373934
v -0.653434 -0.4398959999999999 1.373988
v -0.653434 -0.4398959999999999 1.373988
v -1.064719 -0.518047 0.698826
v -0.233535 0.949116 0.6988259999999998
v -0.653371 0.9730310000000001 1.374108
v -0.653371 0.27396500000000007 1.357403
v -0.233535 0.949116 0.6988259999999998
v -0.653371 0.27396500000000007 1.357403
v -0.653371 0.27396500000000007 1.357403
v -0.653371 0.9730310000000001 1.374108
v -1.071418 0.944537 0.6988259999999998
v -1.133758 0.18008600000000002 0.598408
v -1.189063 0.18008500000000002 0.598408
v -0.234711 0.27396500000000007 0.698958
v -1.071418 0.27396500000000007 0.698958
v -0.653371 0.27396500000000007 1.357403
v -1.071418 0.27396500000000007 0.698958
v -0.234711 0.27396500000000007 0.698958
v -0.225442 0.889303 0.698634
v -1.08108 0.884249 0.698634
v -1.08108 0.884249 0.698634
v -0.224876 0.889303 0.67415
v -0.651616 -0.5029459999999999 1.420832
v -0.652536 -0.5081279999999999 1.458741
v -0.652631 0.9447960000000001 1.458584
v -0.651616 0.9376800000000001 1.420832
v -1.103824 0.784542 0.687832
v -1.103798 0.789553 0.07092899999999996
v -0.278522 0.879261 0.07092899999999995
v -0.27849 0.879291 0.687832
v -1.026682 -0.447681 0.07092900000000003
v -1.018995 -0.44770999999999994 0.693187
v -0.202933 -0.356188 0.07092900000000003
v -0.207058 -0.35617899999999997 0.693235
v -1.032251 0.456701 0.11969099999999998
v -1.032258 0.4566200000000001 0.639733
v -0.31844 0.456701 0.11969199999999998
v -1.032251 0.456701 0.11969099999999998
v -0.318461 0.4567010000000001 0.639734
v -0.31844 0.456701 0.11969199999999998
v -1.032251 0.776126 0.11969099999999996
v -0.31844 0.776132 0.11969199999999997
v -0.186439 -0.512534 0.73122
v -0.654121 -0.5497789999999999 1.459663
v -0.652536 -0.5081279999999999 1.458741
v -0.196624 -0.4792489999999999 0.739423
v -1.119111 -0.5131 0.731949
v -1.110641 -0.47848299999999994 0.738454
v -0.652536 -0.5081279999999999 1.458741
v -0.654121 -0.5497789999999999 1.459663
v -0.238819 -0.518047 0.698826
v -0.653491 -0.5430379999999999 1.373934
v -0.653491 -0.5430379999999999 1.373934
v -1.064719 -0.518047 0.698826
v -0.654015 0.9772680000000001 1.459297
v -0.191748 0.943364 0.7198009999999999
v -0.191715 0.9162 0.7391089999999999
v -0.652631 0.9447960000000001 1.458584
v -0.654015 0.9772680000000001 1.459297
v -0.652631 0.9447960000000001 1.458584
v -1.11556 0.912259 0.7381809999999999
v -0.654015 0.9772680000000001 1.459297
v -1.121263 0.939269 0.7152739999999999
v -1.071418 0.944537 0.6988259999999998
v -0.653371 0.9730310000000001 1.374108
v 1.26408 -1.014458 1.068785
v 0.968974 -1.006086 1.509408
v 1.26404 -0.22860199999999994 1.066956
v 0.944517 -1.014647 1.576237
v 0.944517 -1.014647 1.576237
v 0.968974 -1.006086 1.509408
v 1.26404 -0.22860199999999994 1.066956
v 0.699114 1.1092810000000002 2.052075
v 0.699107 1.1092810000000002 1.941035
v 0.06663 1.068548 1.066919
v 0.699114 1.1092810000000002 2.052075
v 0.699102 -1.0537089999999998 2.065725
v 0.384504 -1.023801 1.548957
v 1.366694 1.068019 1.066911
v 0.699114 1.0811960000000003 2.052075
v 0.699114 1.1092810000000002 2.052075
v 0.699102 -1.0537089999999998 2.065725
v 0.699102 -1.0248499999999998 2.065725
v 1.016645 -1.012885 1.562464
v 0.699114 1.0811960000000003 2.052075
v 1.366816 1.039794 1.066955
v 0.699107 1.0811950000000001 1.99748
v 0.066974 1.039627 1.066979
v 0.699114 1.0811960000000003 2.052075
v 0.384533 -0.9942089999999999 1.548923
v 1.016909 -0.9836899999999998 1.562728
v 0.699102 -1.0248499999999998 2.065725
v 0.699107 -1.0537089999999998 1.954685
v 0.699102 -1.0537089999999998 2.065725
v 1.364076 -1.014611 1.068179
v 1.364946 -0.9850739999999999 1.068205
v 0.063516 -1.014595 1.065468
v 0.063573 -0.9842859999999999 1.065402
v 0.699107 -1.0248489999999997 2.01113
v 0.699102 -1.0248499999999998 2.065725
v 0.699107 1.1092810000000002 1.941035
v 1.250732 0.9617930000000001 1.066957
v 0.699135 0.9983300000000002 1.937157
v 0.699107 1.1092810000000002 1.941035
v 0.148748 1.067912 1.067428
v 0.699135 0.9983300000000002 1.937157
v 0.574571 1.212704 -2.000000000007426E-05
v 0.584741 1.212677 0.5734559999999999
v 0.574571 1.212704 -2.000000000007426E-05
v 0.521254 1.212641 0.00013999999999992575
v 0.521254 1.212641 0.00013999999999992575
v 0.533864 1.212716 0.5738669999999999
v 0.884561 1.212705 0.5720459999999999
v 0.884561 1.212705 0.5720459999999999
v 0.91242 1.224424 0.000554999999999925
v 0.841067 1.21235 0.00011099999999992576
v 0.841067 1.21235 0.00011099999999992576
v 0.832467 1.21259 0.5718879999999998
v 0.846804 1.203724 0.33865599999999996
v 0.573653 1.203727 0.35165399999999997
v 0.846804 1.203724 0.33865599999999996
v 1.248608 -0.873094 0.12503300000000006
v 1.235988 -0.863273 0.642195
v 1.248608 -0.873094 0.12503300000000006
v 0.707433 -0.863243 0.647099
v 0.722486 -0.873112 0.12855100000000005
v 0.722486 -0.873112 0.12855100000000005
v 0.12884 -0.88405 5.700000000005414E-05
v 0.141539 -0.87175 0.12505300000000005
v 0.12884 -0.88405 5.700000000005414E-05
v 0.737126 -0.884054 7.800000000005413E-05
v 0.722486 -0.873112 0.12855100000000005
v 0.737126 -0.884054 7.800000000005413E-05
v 0.655999 -0.884054 6.600000000005413E-05
v 0.664945 -0.873129 0.12821300000000005
v 0.655999 -0.884054 6.600000000005413E-05
v 1.25989 -0.884054 5.700000000005414E-05
v 1.248608 -0.873094 0.12503300000000006
v 1.25989 -0.884054 5.700000000005414E-05
v 0.698597 -0.857824 0.508301
v 0.845288 -0.856276 0.645384
v 0.845288 -0.856276 0.645384
v 1.046242 -0.856268 0.64246
v 1.192789 -0.857827 0.4967750000000001
v 1.192789 -0.857827 0.4967750000000001
v 0.199951 -0.8516 0.48332800000000004
v 0.33974 -0.851852 0.62745
v 0.33974 -0.851852 0.62745
v 0.526064 -0.85574 0.641378
v 0.658088 -0.857827 0.508173
v 0.658088 -0.857827 0.508173
v 0.158055 -0.804329 0.48386000000000007
v 0.158055 -0.804329 0.48386000000000007
v 0.180919 -0.652203 0.627842
v 0.715774 0.9861300000000001 1.904084
v 0.671157 1.4925250000000003 1.904333
v 0.671157 1.4925250000000003 1.904333
v 0.715766 1.4926880000000002 1.904333
v 0.715774 0.9861300000000001 1.904084
v 0.671159 0.9856030000000001 1.904084
v 0.671157 1.4925250000000003 1.832432
v 0.671157 1.4925250000000003 1.832432
v 0.671157 1.4925250000000003 1.904333
v 0.671159 0.9856030000000001 1.904084
v 1.246597 0.945323 0.12495899999999995
v 1.244792 0.943401 0.6321709999999999
v 1.246597 0.945323 0.12495899999999995
v 1.188852 0.945316 0.12495899999999995
v 1.188852 0.945316 0.12495899999999995
v 1.1913 0.943383 0.6321699999999999
v 1.246617 0.878138 0.12495899999999995
v 1.244832 0.880114 0.632171
v 1.246617 0.878138 0.12495899999999995
v 1.257902 0.95622 -0.009462000000000059
v 1.246597 0.945323 0.12495899999999995
v 1.257902 0.95622 -0.009462000000000059
v 1.257902 0.867182 -0.009462000000000054
v 1.246617 0.878138 0.12495899999999995
v 1.257902 0.867182 -0.009462000000000054
v 1.176775 0.95622 -0.009462000000000059
v 1.188852 0.945316 0.12495899999999995
v 1.188852 0.945316 0.12495899999999995
v 0.902364 -0.9960909999999998 1.674228
v 0.902364 -0.9960909999999998 1.674228
v 0.71123 -1.2356829999999999 1.887173
v 0.689662 -1.2356809999999998 1.887173
v 0.689662 -1.2356809999999998 1.887173
v 0.50502 -0.9960919999999999 1.674228
v 0.709786 1.2880620000000003 1.887702
v 0.709786 1.2880620000000003 1.887702
v 0.89765 1.04968 1.674228
v 0.951874 -0.9962759999999999 1.106483
v 1.13179 -0.9962859999999999 1.283191
v 1.13179 -0.9962859999999999 1.283191
v 0.49037 1.04968 1.674228
v 0.678234 1.2879770000000001 1.887702
v 0.678234 1.2879770000000001 1.887702
v 0.267501 -0.9962859999999999 1.283191
v 0.447416 -0.9962759999999999 1.106482
v 0.267501 -0.9962859999999999 1.283191
v -0.169302 0.907602 0.0006119999999999444
v -0.184617 0.891523 0.07267999999999994
v -0.169302 0.907602 0.0006119999999999444
v -0.169302 0.752338 0.0006119999999999539
v -0.184617 0.768417 0.07267999999999995
v -0.169302 0.752338 0.0006119999999999539
v -0.317037 0.752338 0.0006119999999999539
v -0.301765 0.768417 0.07267999999999995
v -0.317037 0.752338 0.0006119999999999539
v -0.9895 0.907602 0.0006119999999999444
v -1.004831 0.891523 0.07267999999999994
v -0.9895 0.907602 0.0006119999999999444
v -0.9895 0.752338 0.0006119999999999539
v -1.004831 0.768417 0.07267999999999995
v -0.9895 0.752338 0.0006119999999999539
v -1.137244 0.907602 0.0006119999999999444
v -1.122023 0.891523 0.07267999999999994
v -1.122023 0.891523 0.07267999999999994
v -0.169302 0.535493 0.0006119999999999673
v -0.184617 0.519414 0.07267999999999997
v -0.169302 0.535493 0.0006119999999999673
v -0.169302 0.38023 0.0006119999999999767
v -0.184617 0.396309 0.07267999999999997
v -0.169302 0.38023 0.0006119999999999767
v -1.137245 0.38023 0.0006119999999999767
v -1.122024 0.396309 0.07267999999999997
v -1.137245 0.38023 0.0006119999999999767
v -0.169302 -0.100321 0.0006120000000000062
v -0.184617 -0.084242 0.07268
v -0.169302 -0.100321 0.0006120000000000062
v -1.137244 -0.100321 0.0006120000000000062
v -1.122023 -0.084242 0.07268
v -1.137244 -0.100321 0.0006120000000000062
v -0.169302 -0.317166 0.0006120000000000194
v -0.184617 -0.333245 0.07268000000000001
v -0.169302 -0.317166 0.0006120000000000194
v -0.169302 -0.47243 0.000612000000000029
v -0.184617 -0.456351 0.07268000000000002
v -0.169302 -0.47243 0.000612000000000029
v -0.317038 -0.47243 0.000612000000000029
v -0.301765 -0.456351 0.07268000000000002
v -0.317038 -0.47243 0.000612000000000029
v -0.9895 -0.317166 0.0006120000000000194
v -1.004831 -0.333245 0.07268000000000001
v -0.9895 -0.317166 0.0006120000000000194
v -0.9895 -0.47243 0.000612000000000029
v -1.004831 -0.456351 0.07268000000000002
v -0.9895 -0.47243 0.000612000000000029
v -1.137245 -0.47243 0.000612000000000029
v -1.122023 -0.456351 0.07268000000000002
v -1.137245 -0.47243 0.000612000000000029
v -1.126662 -0.17032199999999997 0.602324
v -1.126662 -0.17032199999999997 0.602324
v -1.183573 -0.16775499999999996 0.604266
v -0.651616 -0.5029459999999999 1.420832
v -0.196624 -0.4792489999999999 0.739423
v -1.10657 0.902899 0.691861
v -0.652631 0.9447960000000001 1.458584
v -0.865504 0.850102 0.11969099999999995
v -0.865504 0.776133 0.11969099999999996
v -0.865504 0.850102 0.11969099999999995
v -0.441989 0.850102 0.11969099999999995
v -0.441989 0.776133 0.11969099999999996
v -0.441989 0.850102 0.11969099999999995
v -1.022847 0.868847 0.687832
v -1.022859 0.873793 0.07092899999999995
v -1.022847 0.868847 0.687832
v -1.103878 0.873786 0.07092899999999995
v -1.103904 0.868404 0.687832
v -1.103904 0.868404 0.687832
v -1.022811 0.784977 0.687832
v -1.022823 0.789574 0.07092899999999996
v -1.022823 0.789574 0.07092899999999996
v -0.207749 0.784043 0.687832
v -0.208131 0.784056 0.07092899999999996
v -0.208131 0.784056 0.07092899999999996
v -0.202811 0.873812 0.07092899999999995
v -0.201039 0.873841 0.687832
v -0.201039 0.873841 0.687832
v -0.283836 0.789541 0.687832
v -0.283827 0.789554 0.07092899999999996
v -0.283836 0.789541 0.687832
v -1.096148 -0.35780699999999993 0.693236
v -1.102559 -0.35782 0.07092900000000003
v -1.102559 -0.35782 0.07092900000000003
v -1.102552 -0.44777 0.07092900000000003
v -1.09555 -0.44779899999999995 0.693236
v -1.09555 -0.44779899999999995 0.693236
v -1.019658 -0.35776699999999995 0.693205
v -1.026701 -0.357781 0.07092900000000003
v -1.019658 -0.35776699999999995 0.693205
v -0.288273 -0.44043199999999993 0.693162
v -0.283873 -0.440429 0.07092900000000003
v -0.283873 -0.440429 0.07092900000000003
v -0.202854 -0.440421 0.07092900000000003
v -0.207273 -0.4404239999999999 0.693236
v -0.207273 -0.4404239999999999 0.693236
v -0.287956 -0.35619999999999996 0.693188
v -0.283908 -0.356209 0.07092900000000003
v -0.287956 -0.35619999999999996 0.693188
v -0.24242 0.985772 0.7414639999999999
v -0.24242 0.985772 0.7414639999999999
v -0.242713 0.27173200000000003 0.741451
v -0.494582 0.840221 0.901109
v -0.812187 0.8402230000000002 0.908391
v -0.812187 0.8402230000000002 0.908391
v -1.113796 -0.518047 0.698681
v -0.654121 -0.5497789999999999 1.459663
v -0.46568 0.835931 0.895671
v -0.336499 0.835933 0.894743
v -0.46568 0.835931 0.895671
v -0.943409 0.857655 0.892202
v -0.816531 0.836012 0.903258
v -0.943409 0.857655 0.892202
vt 0.663536 0.234602
vt 0.409754 0.407041
vt 0.265659 0.758933
vt 0.418770 0.401144
vt 0.222553 0.671428
vt 0.106851 0.752751
vt 0.206471 0.875015
vt 0.029433 0.997724
vt 0.193136 0.881423
vt 0.046941 0.758798
vt 0.002219 0.875019
vt 0.390214 0.467992
vt 0.302809 0.671408
vt 0.322204 0.671408
vt 0.270339 0.415629
vt 0.322847 0.470055
vt 0.390212 0.671408
vt 0.600887 0.540371
vt 0.470575 0.548801
vt 0.470574 0.540334
vt 0.600888 0.548760
vt 0.470575 0.558429
vt 0.600887 0.530769
vt 0.470574 0.530770
vt 0.600888 0.558297
vt 0.600887 0.500969
vt 0.470574 0.500970
vt 0.470574 0.509418
vt 0.600887 0.509377
vt 0.470574 0.491389
vt 0.600887 0.491387
vt 0.470574 0.518982
vt 0.600887 0.518980
vt 0.448224 0.468389
vt 0.457392 0.407009
vt 0.409603 0.339761
vt 0.002233 0.997724
vt 0.272533 0.875016
vt 0.272532 0.758933
vt 0.002233 0.881423
vt 0.002245 0.675774
vt 0.276428 0.767100
vt 0.314773 0.767102
vt 0.314773 0.758886
vt 0.276428 0.758892
vt 0.314773 0.775335
vt 0.276429 0.775334
vt 0.410703 0.577189
vt 0.403215 0.577189
vt 0.403215 0.475134
vt 0.396531 0.577189
vt 0.441864 0.475134
vt 0.441833 0.577189
vt 0.448464 0.577189
vt 0.434292 0.577189
vt 0.434395 0.475134
vt 0.456005 0.577189
vt 0.663536 0.106063
vt 0.725463 0.136739
vt 0.603776 0.133140
vt 0.453602 0.689799
vt 0.389585 0.784862
vt 0.453602 0.784862
vt 0.137463 0.365386
vt 0.240885 0.365386
vt 0.137463 0.375372
vt 0.240885 0.375372
vt 0.240640 0.325097
vt 0.137318 0.325097
vt 0.137318 0.315340
vt 0.240640 0.315139
vt 0.424539 0.979778
vt 0.417003 0.979778
vt 0.424539 0.996627
vt 0.409865 0.996627
vt 0.417003 0.996627
vt 0.448433 0.475134
vt 0.455902 0.475134
vt 0.456193 0.593448
vt 0.434554 0.593448
vt 0.442339 0.593448
vt 0.449078 0.593448
vt 0.410735 0.475134
vt 0.396698 0.475134
vt 0.403501 0.592881
vt 0.411207 0.592881
vt 0.417879 0.592881
vt 0.387854 0.802532
vt 0.106851 0.675774
vt 0.259945 0.676186
vt 0.284810 0.576305
vt 0.298270 0.576291
vt 0.298288 0.583162
vt 0.284817 0.583215
vt 0.162722 0.451484
vt 0.162734 0.458394
vt 0.180035 0.451481
vt 0.180052 0.458352
vt 0.113755 0.455515
vt 0.113751 0.448604
vt 0.083020 0.455500
vt 0.083007 0.448629
vt 0.096939 0.511000
vt 0.096929 0.504090
vt 0.077349 0.511002
vt 0.077334 0.504131
vt 0.188340 0.478467
vt 0.188354 0.485377
vt 0.201773 0.478464
vt 0.201792 0.485335
vt 0.199509 0.248050
vt 0.051712 0.248072
vt 0.051681 0.261023
vt 0.105768 0.483387
vt 0.105768 0.476487
vt 0.083442 0.483387
vt 0.083442 0.476487
vt 0.196459 0.458240
vt 0.196452 0.451330
vt 0.182941 0.458239
vt 0.182922 0.451368
vt 0.088053 0.537982
vt 0.088053 0.531082
vt 0.077322 0.537954
vt 0.077322 0.531082
vt 0.219045 0.571442
vt 0.219107 0.578365
vt 0.229812 0.571452
vt 0.229833 0.578323
vt 0.188587 0.506233
vt 0.188601 0.513143
vt 0.202468 0.506231
vt 0.202486 0.513102
vt 0.002326 0.593682
vt 0.389585 0.689799
vt 0.315224 0.802532
vt 0.268362 0.579077
vt 0.262567 0.578776
vt 0.268274 0.454519
vt 0.262535 0.454221
vt 0.161996 0.438833
vt 0.161996 0.379289
vt 0.165250 0.379289
vt 0.165234 0.438833
vt 0.179423 0.379129
vt 0.179423 0.438673
vt 0.176151 0.438673
vt 0.176204 0.379129
vt 0.067277 0.319906
vt 0.067277 0.358071
vt 0.056430 0.314560
vt 0.056430 0.363415
vt 0.060407 0.319906
vt 0.060407 0.358071
vt 0.043933 0.319906
vt 0.043933 0.358071
vt 0.033085 0.314560
vt 0.033085 0.363415
vt 0.037062 0.319906
vt 0.037062 0.358071
vt 0.113502 0.319906
vt 0.113502 0.358071
vt 0.102654 0.314560
vt 0.102654 0.363415
vt 0.106630 0.319906
vt 0.106630 0.358071
vt 0.090510 0.319906
vt 0.090510 0.358071
vt 0.079664 0.314560
vt 0.079664 0.363415
vt 0.083639 0.319906
vt 0.083639 0.358071
vt 0.123960 0.314560
vt 0.123960 0.363415
vt 0.127939 0.358071
vt 0.127939 0.319906
vt 0.133296 0.358071
vt 0.133296 0.319906
vt 0.015746 0.358071
vt 0.015746 0.319906
vt 0.006398 0.363415
vt 0.006398 0.314560
vt 0.021104 0.358071
vt 0.021104 0.319906
vt 0.143108 0.436359
vt 0.200750 0.261067
vt 0.064694 0.593530
vt 0.239896 0.589631
vt 0.239896 0.579199
vt 0.233335 0.579199
vt 0.233335 0.589631
vt 0.252100 0.454922
vt 0.245602 0.454942
vt 0.239863 0.454644
vt 0.233365 0.454644
vt 0.197069 0.379129
vt 0.197054 0.438673
vt 0.193808 0.438673
vt 0.193822 0.379129
vt 0.442369 0.979509
vt 0.449402 0.979509
vt 0.434426 0.979509
vt 0.434426 0.871269
vt 0.457345 0.979509
vt 0.449369 0.871269
vt 0.442402 0.871269
vt 0.457345 0.871269
vt 0.449453 0.979894
vt 0.442196 0.979894
vt 0.434308 0.979894
vt 0.427602 0.979894
vt 0.010223 0.224614
vt 0.010223 0.310425
vt 0.015896 0.224505
vt 0.015895 0.310425
vt 0.039681 0.310157
vt 0.039682 0.224347
vt 0.034001 0.224238
vt 0.034002 0.310157
vt 0.744866 0.756601
vt 0.730911 0.756601
vt 0.714328 0.756601
vt 0.744551 0.844487
vt 0.730911 0.844487
vt 0.714251 0.844487
vt 0.222553 0.594537
vt 0.367217 0.758181
vt 0.335924 0.758181
vt 0.473302 0.795133
vt 0.500728 0.818840
vt 0.473303 0.842203
vt 0.206478 0.758933
vt 0.046949 0.874880
vt 0.029433 0.881423
vt 0.193136 0.997724
vt 0.298114 0.594537
vt 0.002219 0.758933
vt 0.064595 0.670573
vt 0.002326 0.670573
vt 0.259945 0.753163
vt 0.158523 0.438833
vt 0.158538 0.379289
vt 0.182889 0.379129
vt 0.182889 0.438673
vt 0.200534 0.379129
vt 0.200518 0.438673
vt 0.416234 0.979509
vt 0.409865 0.979778
vt 0.401204 0.979509
vt 0.424177 0.979509
vt 0.243839 0.394015
vt 0.243831 0.434115
vt 0.234075 0.439326
vt 0.234075 0.394015
vt 0.237768 0.394015
vt 0.237761 0.434115
vt 0.455110 0.677809
vt 0.455114 0.605601
vt 0.396899 0.605605
vt 0.396903 0.677813
vt 0.315224 0.870819
vt 0.387854 0.870819
vt 0.217360 0.670891
vt 0.069422 0.593848
vt 0.217360 0.594000
vt 0.069322 0.670891
vt 0.033565 0.997724
vt 0.188884 0.881423
vt 0.033565 0.881423
vt 0.188884 0.997724
vt 0.650852 0.473471
vt 0.691202 0.566920
vt 0.690746 0.473342
vt 0.651221 0.567273
vt 0.456351 0.339761
vt 0.456350 0.401107
vt 0.265807 0.671428
vt 0.298114 0.671428
vt 0.229286 0.997724
vt 0.229286 0.881407
vt 0.322204 0.671408
vt 0.322203 0.467992
vt 0.101726 0.752751
vt 0.041975 0.758933
vt 0.101726 0.675774
vt 0.041982 0.875015
vt 0.254892 0.675774
vt 0.254892 0.752751
vt 0.201914 0.874880
vt 0.201920 0.758798
vt 0.377969 0.676186
vt 0.377969 0.753232
vt 0.321449 0.753163
vt 0.409771 0.468392
vt 0.647884 0.473472
vt 0.607549 0.566931
vt 0.607991 0.473354
vt 0.647530 0.567273
vt 0.723031 0.200648
vt 0.604338 0.195839
vt 0.270339 0.415629
vt 0.302809 0.671408
vt 0.322203 0.469327
vt 0.322204 0.671408
vt 0.315224 0.802532
vt 0.276151 0.802532
vt 0.315224 0.870819
vt 0.200518 0.438673
vt 0.200534 0.379129
vt 0.193822 0.379129
vt 0.193808 0.438673
vt 0.197054 0.438673
vt 0.197069 0.379129
vt 0.243839 0.394015
vt 0.243831 0.434115
vt 0.234075 0.439326
vt 0.234075 0.394015
vt 0.237768 0.394015
vt 0.237761 0.434115
vt 0.276143 0.870819
vt 0.281299 0.870627
vt 0.430719 0.130840
vt 0.268864 0.031144
vt 0.531505 0.031143
vt 0.865350 0.625258
vt 0.400162 0.031144
vt 0.865350 0.651642
vt 0.929421 0.651642
vt 0.929393 0.625258
vt 0.941326 0.651642
vt 0.853835 0.651642
vt 0.155906 0.020012
vt 0.096656 0.020012
vt 0.155906 0.084815
vt 0.096656 0.084816
vt 0.518163 0.331157
vt 0.812031 0.331154
vt 0.518169 0.463018
vt 0.754212 0.422648
vt 0.784959 0.489147
vt 0.723469 0.489147
vt 0.723469 0.562428
vt 0.784959 0.562428
vt 0.082935 0.184924
vt 0.082935 0.158911
vt 0.064633 0.158911
vt 0.064633 0.184924
vt 0.003668 0.217582
vt 0.023111 0.217582
vt 0.043482 0.217582
vt 0.064189 0.217582
vt 0.257033 0.180894
vt 0.276372 0.180894
vt 0.276372 0.156271
vt 0.257033 0.156271
vt 0.316973 0.125189
vt 0.297529 0.125189
vt 0.277158 0.125190
vt 0.256450 0.125190
vt 0.172544 0.157939
vt 0.172544 0.183952
vt 0.190846 0.183952
vt 0.190846 0.157939
vt 0.251798 0.126937
vt 0.232354 0.126937
vt 0.211983 0.126938
vt 0.191275 0.126938
vt 0.167695 0.182895
vt 0.167695 0.156877
vt 0.149392 0.156877
vt 0.149393 0.182895
vt 0.088046 0.215454
vt 0.107490 0.215454
vt 0.127861 0.215454
vt 0.148568 0.215454
vt 0.088197 0.156996
vt 0.088197 0.183009
vt 0.106500 0.183009
vt 0.106500 0.156996
vt 0.147975 0.125712
vt 0.127604 0.125712
vt 0.106897 0.125712
vt 0.251925 0.185116
vt 0.251925 0.159098
vt 0.233623 0.159098
vt 0.233623 0.185116
vt 0.172425 0.215454
vt 0.191869 0.215454
vt 0.212240 0.215454
vt 0.232947 0.215454
vt 0.003187 0.157938
vt 0.003188 0.183950
vt 0.021490 0.183950
vt 0.021490 0.157937
vt 0.082342 0.126656
vt 0.062898 0.126657
vt 0.042527 0.126657
vt 0.021820 0.126657
vt 0.336788 0.182565
vt 0.336788 0.156547
vt 0.318486 0.156547
vt 0.318486 0.182565
vt 0.257330 0.213893
vt 0.276775 0.213893
vt 0.297146 0.213893
vt 0.317853 0.213893
vt 0.072188 0.019985
vt 0.072188 0.084632
vt 0.012938 0.019985
vt 0.012938 0.084633
vt 0.932786 0.331153
vt 0.998567 0.462217
vt 0.465174 0.463019
vt 0.800124 0.562428
vt 0.708304 0.562428
vt 0.464855 0.331157
vt 0.697742 0.489147
vt 0.810686 0.489147
vt 0.872621 0.610826
vt 0.887261 0.144459
vt 0.762677 0.225273
vt 0.852014 0.225272
vt 0.826790 0.144460
vt 0.826791 0.225272
vt 0.791117 0.625258
vt 0.992555 0.984660
vt 0.400162 0.048767
vt 0.531505 0.048766
vt 0.268864 0.048768
vt 0.998933 0.803322
vt 0.369792 0.196558
vt 0.998933 0.632724
vt 0.000000 0.000000
vt 0.647007 0.463017
vt 0.417568 0.196558
vt 0.497349 0.130840
vt 0.419228 0.316493
vt 0.275349 0.084035
vt 0.383224 0.084035
vt 0.516486 0.316493
vt 0.870031 0.050146
vt 0.869835 0.057895
vt 0.788999 0.050265
vt 0.788804 0.057938
vt 0.954349 0.608675
vt 0.954349 0.497895
vt 0.989897 0.497895
vt 0.989897 0.608675
vt 0.803109 0.803323
vt 0.798992 0.625258
vt 0.798993 0.987714
vt 0.984649 0.987714
vt 0.984648 0.625257
vt 0.984648 0.803322
vt 0.791235 0.803359
vt 0.994805 0.629324
vt 0.785704 0.981246
vt 0.792042 0.630792
vt 0.991979 0.804036
vt 0.002431 0.002854
vt 0.935491 0.189878
vt 0.883965 0.189878
vt 0.612410 0.441955
vt 0.552766 0.441956
vt 0.552763 0.340586
vt 0.522407 0.463018
vt 0.642769 0.463017
vt 0.612408 0.340585
vt 0.828280 0.612967
vt 0.796221 0.612967
vt 0.812489 0.553211
vt 0.947061 0.581044
vt 0.892368 0.581377
vt 0.919603 0.548289
vt 0.812250 0.585038
vt 0.919683 0.571814
vt 0.419410 0.069791
vt 0.359685 0.069791
vt 0.316882 0.069791
vt 0.268561 0.069792
vt 0.552934 0.138074
vt 0.552934 0.073068
vt 0.642026 0.010426
vt 0.641993 0.087388
vt 0.649057 0.087388
vt 0.649024 0.010426
vt 0.676848 0.088399
vt 0.676958 0.011437
vt 0.669783 0.088380
vt 0.669961 0.011418
vt 0.804495 0.036721
vt 0.853305 0.036829
vt 0.264063 0.059683
vt 0.169745 0.059620
vt 0.169745 0.073021
vt 0.264063 0.072957
vt 0.169757 0.044381
vt 0.264076 0.044589
vt 0.169757 0.088259
vt 0.264076 0.088052
vt 0.169745 0.059620
vt 0.169745 0.073021
vt 0.264063 0.072957
vt 0.264063 0.059683
vt 0.264076 0.044589
vt 0.169757 0.044381
vt 0.169757 0.088259
vt 0.264076 0.088052
vt 0.169745 0.059620
vt 0.169745 0.073021
vt 0.264063 0.072957
vt 0.264063 0.059683
vt 0.264076 0.044589
vt 0.169757 0.044381
vt 0.169757 0.088259
vt 0.264076 0.088052
vt 0.169745 0.059620
vt 0.169745 0.073021
vt 0.264063 0.072957
vt 0.264063 0.059683
vt 0.264076 0.044589
vt 0.169757 0.044381
vt 0.169757 0.088259
vt 0.264076 0.088052
vt 0.877822 0.118963
vt 0.877822 0.128600
vt 0.989305 0.118963
vt 0.989305 0.128600
vt 0.856341 0.091091
vt 0.856347 0.081679
vt 0.751027 0.090822
vt 0.751027 0.081460
vt 0.868117 0.126137
vt 0.868120 0.117487
vt 0.751027 0.125899
vt 0.751027 0.117298
vt 0.885326 0.048061
vt 0.885326 0.066424
vt 0.885326 0.056711
vt 0.989519 0.047916
vt 0.989519 0.066272
vt 0.989519 0.056517
vt 0.885768 0.081955
vt 0.885762 0.090614
vt 0.989519 0.081955
vt 0.989519 0.090614
vt 0.973535 0.194713
vt 0.967106 0.194713
vt 0.973866 0.230444
vt 0.967473 0.230570
vt 0.975810 0.156657
vt 0.975827 0.165307
vt 0.993187 0.156654
vt 0.993210 0.165255
vt 0.960281 0.166127
vt 0.960281 0.157477
vt 0.939759 0.166130
vt 0.939739 0.157529
vt 0.701951 0.094047
vt 0.701951 0.102696
vt 0.734112 0.093502
vt 0.734205 0.102102
vt 0.698122 0.054087
vt 0.698114 0.062737
vt 0.715499 0.054175
vt 0.715497 0.062777
vt 0.764284 0.023717
vt 0.696422 0.023648
vt 0.691065 0.034439
vt 0.769641 0.034502
vt 0.621471 0.082953
vt 0.621473 0.010709
vt 0.613450 0.010859
vt 0.613452 0.082953
vt 0.955810 0.327236
vt 0.955810 0.236916
vt 0.868934 0.236916
vt 0.868934 0.327236
vt 0.994229 0.327535
vt 0.994229 0.237214
vt 0.830861 0.236916
vt 0.830861 0.327236
vt 0.194269 0.002853
vt 0.642769 0.331156
vt 0.792218 0.251144
vt 0.760463 0.323647
vt 0.792218 0.323647
vt 0.760463 0.249975
vt 0.787364 0.225272
vt 0.853312 0.030955
vt 0.853320 0.024530
vt 0.804510 0.024420
vt 0.804502 0.030847
vt 0.901928 0.184608
vt 0.901928 0.150103
vt 0.896434 0.144454
vt 0.896434 0.183152
vt 0.923813 0.150103
vt 0.923813 0.184608
vt 0.929460 0.183152
vt 0.929460 0.144454
vt 0.949201 0.608675
vt 0.949201 0.497895
vt 0.994949 0.497895
vt 0.994949 0.608675
vt 0.698503 0.325961
vt 0.699436 0.239477
vt 0.727794 0.239894
vt 0.728111 0.325823
vt 0.609770 0.325064
vt 0.610739 0.238529
vt 0.637024 0.238529
vt 0.637024 0.325064
vt 0.808494 0.331154
vt 0.808860 0.463016
vt 0.647007 0.331156
vt 0.522401 0.331157
vt 0.805682 0.987714
vt 0.981047 0.987714
vt 0.805682 0.809593
vt 0.805681 0.625258
vt 0.981046 0.625257
vt 0.981046 0.809593
vt 0.936590 0.463015
vt 0.936589 0.331153
vt 0.995424 0.331152
vt 0.932787 0.463015
vt 0.812396 0.463016
vt 0.584452 0.129668
vt 0.584452 0.080539
vt 0.419410 0.059692
vt 0.359685 0.059692
vt 0.316882 0.059692
vt 0.268561 0.059693
vt 0.784959 0.489147
vt 0.723469 0.489147
vt 0.723469 0.562428
vt 0.784959 0.562428
vt 0.837262 0.588922
vt 0.786909 0.587876
vt 0.812198 0.578524
vt 0.071151 0.002854
vt 0.125549 0.002854
vt 0.002431 0.014367
vt 0.194269 0.014367
vt 0.125549 0.014367
vt 0.071151 0.014367
vt 0.935796 0.609489
vt 0.903737 0.609489
vt 0.919767 0.578235
vt 0.798598 0.803948
vt 0.797052 0.979556
vt 0.803434 0.633492
vt 0.791118 0.987715
vt 0.987360 0.632754
vt 0.981841 0.979499
vt 0.986818 0.803271
vt 0.792218 0.251144
vt 0.824764 0.325064
vt 0.792218 0.323647
vt 0.825680 0.251144
vt 0.074386 0.489137
vt 0.039273 0.487888
vt 0.074386 0.528279
vt 0.039735 0.526414
vt 0.058558 0.435395
vt 0.060079 0.369509
vt 0.082912 0.370171
vt 0.083435 0.435395
vt 0.053237 0.435213
vt 0.053103 0.371606
vt 0.029329 0.370195
vt 0.029852 0.435213
vt 0.080316 0.443553
vt 0.042063 0.442324
vt 0.080435 0.482522
vt 0.042521 0.480767
vt 0.609770 0.325064
vt 0.608719 0.239911
vt 0.581489 0.239911
vt 0.581571 0.325064
vt 0.647007 0.395037
vt 0.808695 0.393336
vt 0.694602 0.325412
vt 0.667286 0.325412
vt 0.668257 0.243484
vt 0.694602 0.243492
vt 0.280627 0.870275
vt 0.276143 0.870819
vt 0.315224 0.870819
vt 0.315224 0.802532
vt 0.276151 0.802532
vt 0.234075 0.394015
vt 0.234075 0.439326
vt 0.237768 0.394015
vt 0.237761 0.434115
vt 0.234075 0.394015
vt 0.234075 0.439326
vt 0.237768 0.394015
vt 0.237761 0.434115
vt 0.896434 0.144454
vt 0.896434 0.183152
vt 0.901928 0.184608
vt 0.901928 0.150103
vt 0.908663 0.184608
vt 0.908663 0.150103
vt 0.896434 0.144454
vt 0.896434 0.183152
vt 0.901928 0.184608
vt 0.901928 0.150103
vt 0.908663 0.184608
vt 0.908663 0.150103
vt 0.756755 0.325728
vt 0.756755 0.240728
vt 0.727794 0.239894
vt 0.728111 0.325823
vt 0.866930 0.660538
vt 0.898839 0.660538
vt 0.898786 0.632414
vt 0.930650 0.660538
vt 0.436889 0.855965
vt 0.415145 0.814732
vt 0.393400 0.855965
vt 0.866930 0.660538
vt 0.898839 0.660538
vt 0.898786 0.632414
vt 0.930650 0.660538
vt 0.393400 0.855965
vt 0.436889 0.855965
vt 0.415145 0.814732
vt 0.866930 0.660538
vt 0.898786 0.632414
vt 0.898839 0.660538
vt 0.930650 0.660538
vt 0.436889 0.855965
vt 0.393400 0.855965
vt 0.415145 0.814732
vt 0.866930 0.660538
vt 0.898786 0.632414
vt 0.898839 0.660538
vt 0.930650 0.660538
vt 0.393400 0.855965
vt 0.415145 0.814732
vt 0.436889 0.855965
vt 0.541139 0.604546
vt 0.464455 0.604457
vt 0.464370 0.715054
vt 0.626597 0.960757
vt 0.511603 0.823229
vt 0.458725 0.860329
vt 0.626160 0.783325
vt 0.626180 0.604434
vt 0.701279 0.754093
vt 0.776499 0.752985
vt 0.776508 0.960689
vt 0.776499 0.851236
vt 0.701117 0.851093
vt 0.464513 0.960566
vt 0.461745 0.776880
vt 0.776494 0.604501
vt 0.468479 0.995681
vt 0.459988 0.982550
vt 0.616700 0.573902
vt 0.542358 0.573902
vt 0.537516 0.586970
vt 0.616700 0.586970
vt 0.770320 0.573902
vt 0.694800 0.573902
vt 0.700358 0.586970
vt 0.780529 0.586970
vt 0.616700 0.995681
vt 0.616700 0.982550
vt 0.309091 0.310348
vt 0.309091 0.292928
vt 0.178851 0.310349
vt 0.178851 0.292929
vt 0.616700 0.977194
vt 0.537516 0.592525
vt 0.616700 0.592525
vt 0.700318 0.592525
vt 0.776499 0.972841
vt 0.780529 0.977194
vt 0.621501 0.972841
vt 0.464370 0.596858
vt 0.540710 0.596858
vt 0.459988 0.592525
vt 0.621501 0.596858
vt 0.696666 0.596858
vt 0.770320 0.995681
vt 0.780529 0.982550
vt 0.780529 0.592525
vt 0.776499 0.596858
vt 0.468479 0.573902
vt 0.459988 0.586970
vt 0.459988 0.977194
vt 0.464370 0.972841
vt 0.050764 0.292930
vt 0.050764 0.310350
vt 0.626072 0.960929
vt 0.626160 0.783325
vt 0.626033 0.604310
vt 0.805682 0.803323
vt 0.981046 0.803322
vt 0.663536 0.234602
vt 0.663536 0.106063
vt 0.726368 0.144462
vt 0.787364 0.144461
vt 0.812489 0.553211
vt 0.919603 0.548289
vt 0.919683 0.571814
vt 0.812198 0.578524
vt 0.898839 0.660538
vt 0.898786 0.632414
vt 0.898839 0.660538
vt 0.898786 0.632414
vt 0.898786 0.632414
vt 0.898839 0.660538
vt 0.898786 0.632414
vt 0.898839 0.660538
vt 0.002233 0.881423
vt 0.029433 0.997724
vt 0.193136 0.881423
vt 0.229286 0.997724
vt 0.002219 0.758933
vt 0.041982 0.875015
vt 0.427660 0.577189
vt 0.427827 0.475134
vt 0.442339 0.577540
vt 0.434554 0.577540
vt 0.449078 0.577540
vt 0.456193 0.577540
vt 0.411207 0.577133
vt 0.403501 0.577133
vt 0.417879 0.577133
vt 0.002423 0.319906
vt 0.002423 0.358071
vt 0.245690 0.579501
vt 0.252251 0.579480
vt 0.427426 0.871269
vt 0.427426 0.979509
vt 0.442196 0.996012
vt 0.449453 0.996012
vt 0.434309 0.996012
vt 0.427602 0.996012
vt 0.457341 0.979893
vt 0.457341 0.996012
vt 0.728085 0.756601
vt 0.728085 0.844487
vt 0.315224 0.802532
vt 0.387854 0.802532
vt 0.064694 0.593530
vt 0.002326 0.670573
vt 0.040222 0.752751
vt 0.002248 0.753001
vt 0.424177 0.871269
vt 0.416201 0.871269
vt 0.401313 0.871269
vt 0.394347 0.871269
vt 0.394170 0.979509
vt 0.315224 0.802532
vt 0.276143 0.870819
vt 0.281299 0.870627
vt 0.315224 0.802532
vt 0.315224 0.870819
vt 0.276143 0.870819
vt 0.281299 0.870627
vt 0.023111 0.189955
vt 0.003668 0.189955
vt 0.043482 0.189955
vt 0.064189 0.189955
vt 0.083445 0.217582
vt 0.083445 0.189955
vt 0.297529 0.152817
vt 0.316973 0.152816
vt 0.277158 0.152817
vt 0.256450 0.152817
vt 0.339024 0.125189
vt 0.339025 0.152816
vt 0.232354 0.154565
vt 0.251798 0.154565
vt 0.211983 0.154565
vt 0.191276 0.154565
vt 0.107490 0.187826
vt 0.088046 0.187826
vt 0.148568 0.187826
vt 0.127861 0.187826
vt 0.167823 0.215454
vt 0.167823 0.187826
vt 0.127605 0.153340
vt 0.147976 0.153340
vt 0.106898 0.153340
vt 0.191869 0.187826
vt 0.172425 0.187826
vt 0.232947 0.187826
vt 0.212240 0.187826
vt 0.252201 0.215454
vt 0.252201 0.187826
vt 0.062898 0.154284
vt 0.082343 0.154284
vt 0.042527 0.154284
vt 0.021820 0.154284
vt 0.002566 0.126657
vt 0.002566 0.154285
vt 0.276775 0.186265
vt 0.257330 0.186265
vt 0.297146 0.186265
vt 0.317853 0.186265
vt 0.337107 0.213893
vt 0.337107 0.186265
vt 0.794017 0.807180
vt 0.400162 0.031144
vt 0.531505 0.048766
vt 0.400162 0.048767
vt 0.400162 0.031144
vt 0.400162 0.031144
vt 0.268864 0.048768
vt 0.497349 0.084782
vt 0.430719 0.084782
vt 0.430719 0.130840
vt 0.497349 0.084782
vt 0.417568 0.129947
vt 0.417568 0.129947
vt 0.369792 0.129947
vt 0.369792 0.196558
vt 0.462214 0.069791
vt 0.462214 0.059692
vt 0.516486 0.252749
vt 0.419228 0.252749
vt 0.460506 0.146764
vt 0.419536 0.234560
vt 0.515500 0.234560
vt 0.383224 0.079568
vt 0.275349 0.079568
vt 0.275349 0.079568
vt 0.383224 0.084035
vt 0.803109 0.809593
vt 0.798636 0.809909
vt 0.988794 0.808064
vt 0.984648 0.809593
vt 0.169780 0.030979
vt 0.264098 0.031316
vt 0.264098 0.031316
vt 0.169780 0.030979
vt 0.264098 0.031316
vt 0.169780 0.030979
vt 0.264098 0.031316
vt 0.169780 0.030979
vt 0.959578 0.237214
vt 0.959578 0.327535
vt 0.868934 0.236916
vt 0.955810 0.236916
vt 0.865867 0.327236
vt 0.865867 0.236916
vt 0.955810 0.189878
vt 0.868934 0.189878
vt 0.792042 0.630792
vt 0.791235 0.803359
vt 0.798598 0.803948
vt 0.803434 0.633492
vt 0.785704 0.981246
vt 0.797052 0.979556
vt 0.798598 0.803948
vt 0.791235 0.803359
vt 0.785996 0.632725
vt 0.785997 0.803323
vt 0.785997 0.809593
vt 0.785997 0.979818
vt 0.991979 0.804036
vt 0.994805 0.629324
vt 0.987360 0.632754
vt 0.986818 0.803271
vt 0.991979 0.804036
vt 0.986818 0.803271
vt 0.981841 0.979499
vt 0.991801 0.809867
vt 0.992555 0.984660
vt 0.998934 0.979817
vt 0.998933 0.809592
vt 0.315224 0.870819
vt 0.280627 0.870275
vt 0.315224 0.802532
vt 0.276143 0.870819
vt 0.276143 0.870819
vt 0.280627 0.870275
vt 0.315224 0.802532
vt 0.621501 0.982550
vt 0.621501 0.995681
vt 0.459988 0.982550
vt 0.616700 0.982550
vt 0.616700 0.586970
vt 0.537516 0.586970
vt 0.780529 0.982550
vt 0.621501 0.977194
vt 0.621501 0.982550
vt 0.621501 0.586970
vt 0.621501 0.592525
vt 0.700358 0.586970
vt 0.621501 0.977194
vt 0.780529 0.977194
vt 0.616700 0.972841
vt 0.459988 0.977194
vt 0.616700 0.977194
vt 0.537516 0.592525
vt 0.700318 0.592525
vt 0.621501 0.592525
vt 0.621501 0.573902
vt 0.621501 0.586970
vt 0.780529 0.586970
vt 0.780529 0.592525
vt 0.459988 0.586970
vt 0.459988 0.592525
vt 0.616700 0.596858
vt 0.616700 0.592525
vt 0.178851 0.310349
vt 0.050764 0.292930
vt 0.178851 0.292929
vt 0.178851 0.310349
vt 0.309091 0.310348
vt 0.178851 0.292929
vt 0.600887 0.540371
vt 0.470574 0.540334
vt 0.600887 0.540371
vt 0.600888 0.548760
vt 0.600888 0.548760
vt 0.470575 0.548801
vt 0.470574 0.500970
vt 0.470574 0.500970
vt 0.600887 0.500969
vt 0.600887 0.509377
vt 0.600887 0.509377
vt 0.470574 0.509418
vt 0.276428 0.767100
vt 0.314773 0.767102
vt 0.276428 0.767100
vt 0.403215 0.475134
vt 0.403215 0.577189
vt 0.403215 0.475134
vt 0.434292 0.577189
vt 0.434395 0.475134
vt 0.434395 0.475134
vt 0.417003 0.996627
vt 0.417003 0.979778
vt 0.417003 0.996627
vt 0.442339 0.593448
vt 0.442339 0.577540
vt 0.442339 0.593448
vt 0.449078 0.593448
vt 0.449078 0.577540
vt 0.449078 0.593448
vt 0.411207 0.592881
vt 0.411207 0.577133
vt 0.411207 0.592881
vt 0.060407 0.358071
vt 0.060407 0.319906
vt 0.060407 0.319906
vt 0.037062 0.358071
vt 0.037062 0.319906
vt 0.037062 0.319906
vt 0.106630 0.358071
vt 0.106630 0.319906
vt 0.106630 0.319906
vt 0.083639 0.358071
vt 0.083639 0.319906
vt 0.083639 0.319906
vt 0.127939 0.319906
vt 0.127939 0.319906
vt 0.127939 0.358071
vt 0.245602 0.454942
vt 0.239896 0.579199
vt 0.239896 0.579199
vt 0.245690 0.579501
vt 0.245602 0.454942
vt 0.239863 0.454644
vt 0.233335 0.579199
vt 0.233335 0.579199
vt 0.239896 0.579199
vt 0.239863 0.454644
vt 0.442402 0.871269
vt 0.442369 0.979509
vt 0.442402 0.871269
vt 0.449369 0.871269
vt 0.449369 0.871269
vt 0.449402 0.979509
vt 0.434426 0.871269
vt 0.434426 0.979509
vt 0.434426 0.871269
vt 0.442196 0.979894
vt 0.442196 0.996012
vt 0.442196 0.979894
vt 0.434308 0.979894
vt 0.434309 0.996012
vt 0.434308 0.979894
vt 0.449453 0.979894
vt 0.449453 0.996012
vt 0.449453 0.996012
vt 0.161996 0.438833
vt 0.161996 0.438833
vt 0.161996 0.379289
vt 0.179423 0.379129
vt 0.179423 0.379129
vt 0.179423 0.438673
vt 0.197069 0.379129
vt 0.197069 0.379129
vt 0.197054 0.438673
vt 0.237761 0.434115
vt 0.237768 0.394015
vt 0.237768 0.394015
vt 0.197054 0.438673
vt 0.197069 0.379129
vt 0.197069 0.379129
vt 0.237768 0.394015
vt 0.237761 0.434115
vt 0.237768 0.394015
vt 0.023111 0.217582
vt 0.023111 0.189955
vt 0.023111 0.217582
vt 0.043482 0.217582
vt 0.043482 0.189955
vt 0.043482 0.217582
vt 0.064189 0.217582
vt 0.064189 0.189955
vt 0.064189 0.217582
vt 0.297529 0.125189
vt 0.297529 0.152817
vt 0.297529 0.125189
vt 0.277158 0.125190
vt 0.277158 0.152817
vt 0.277158 0.125190
vt 0.316973 0.125189
vt 0.316973 0.152816
vt 0.316973 0.152816
vt 0.232354 0.126937
vt 0.232354 0.154565
vt 0.232354 0.126937
vt 0.211983 0.126938
vt 0.211983 0.154565
vt 0.211983 0.126938
vt 0.148568 0.215454
vt 0.148568 0.187826
vt 0.148568 0.215454
vt 0.127604 0.125712
vt 0.127605 0.153340
vt 0.127604 0.125712
vt 0.232947 0.215454
vt 0.232947 0.187826
vt 0.232947 0.215454
vt 0.062898 0.126657
vt 0.062898 0.154284
vt 0.062898 0.126657
vt 0.042527 0.126657
vt 0.042527 0.154284
vt 0.042527 0.126657
vt 0.021820 0.126657
vt 0.021820 0.154284
vt 0.021820 0.126657
vt 0.276775 0.213893
vt 0.276775 0.186265
vt 0.276775 0.213893
vt 0.297146 0.213893
vt 0.297146 0.186265
vt 0.297146 0.213893
vt 0.317853 0.213893
vt 0.317853 0.186265
vt 0.317853 0.213893
vt 0.316882 0.069791
vt 0.316882 0.069791
vt 0.316882 0.059692
vt 0.803109 0.803323
vt 0.803434 0.633492
vt 0.984649 0.987714
vt 0.988794 0.808064
vt 0.071151 0.014367
vt 0.071151 0.002854
vt 0.071151 0.014367
vt 0.125549 0.014367
vt 0.125549 0.002854
vt 0.125549 0.014367
vt 0.169745 0.059620
vt 0.264063 0.059683
vt 0.169745 0.059620
vt 0.264063 0.072957
vt 0.169745 0.073021
vt 0.169745 0.073021
vt 0.169757 0.044381
vt 0.264076 0.044589
vt 0.264076 0.044589
vt 0.169745 0.059620
vt 0.264063 0.059683
vt 0.264063 0.059683
vt 0.264063 0.072957
vt 0.169745 0.073021
vt 0.169745 0.073021
vt 0.169757 0.044381
vt 0.264076 0.044589
vt 0.169757 0.044381
vt 0.169745 0.059620
vt 0.264063 0.059683
vt 0.264063 0.059683
vt 0.264063 0.072957
vt 0.169745 0.073021
vt 0.169745 0.073021
vt 0.169757 0.044381
vt 0.264076 0.044589
vt 0.169757 0.044381
vt 0.169745 0.059620
vt 0.264063 0.059683
vt 0.264063 0.059683
vt 0.264063 0.072957
vt 0.169745 0.073021
vt 0.169745 0.073021
vt 0.169757 0.044381
vt 0.264076 0.044589
vt 0.169757 0.044381
vt 0.885326 0.056711
vt 0.885326 0.056711
vt 0.989519 0.056517
vt 0.853312 0.030955
vt 0.804502 0.030847
vt 0.804502 0.030847
vt 0.791118 0.987715
vt 0.794017 0.807180
vt 0.901928 0.150103
vt 0.901928 0.184608
vt 0.901928 0.150103
vt 0.901928 0.150103
vt 0.901928 0.184608
vt 0.901928 0.150103
vn -0.062987 0.787269 0.613384
vn -0.000169 -1 -0.00017299999999993877
vn -0.99992 0.0012820000000000008 0.012589
vn -0.009832 0.999951 -0.0009600000000000613
vn 0.999806 -0.019679 -5.599999999999879E-05
vn -0.003629 -0.999725 -0.023154999999999936
vn -0.999923 0.0031520000000000007 0.011989
vn -0.999517 0.030895 0.0033529999999999983
vn 0.999887 0.009482 0.011662
vn 3.6E-05 -0.99997 0.007758000000000062
vn 0.999931 -0.0003629999999999993 0.011777
vn 1 5.5E-05 -3.3677786976552213E-21
vn -0.00011 1 -1.6000000000061233E-05
vn 1 5.5E-05 -3.3677786976552213E-21
vn -0.00011 1 -1.6000000000061233E-05
vn -8.9E-05 1 -1.0000000000061233E-05
vn 1 5.4E-05 -3.3065463576978536E-21
vn 0.707691 0.706414 -0.012360000000000043
vn -0.447453 0.894254 0.009798999999999945
vn 0.709015 0.705082 -0.012541000000000043
vn -0.894758 0.446122 0.019594999999999974
vn -0.999758 -0.0012319999999999987 0.021959
vn 0.999853 0.0006209999999999989 -0.017115
vn 0.999846 -0.002174000000000001 -0.017424
vn -0.999758 -0.0013749999999999986 0.021943
vn 0.641861 0.76538 0.04698299999999995
vn 0.670603 0.740781 0.03919899999999995
vn -0.718089 0.695863 -0.011092000000000043
vn -0.743431 0.66879 -0.005425000000000041
vn 0.998541 0.027569000000000003 0.046426
vn 0.998724 0.016825000000000003 0.047622
vn -0.999751 -0.017573 -0.013725999999999999
vn -0.999906 -0.005808000000000001 -0.012431
vn -0.000169 -1 -0.00017299999999993877
vn 0 -1 -0.0003379999999999387
vn -0.008705 0.99996 -0.0020500000000000613
vn -0.999772 0.021354 0.0003529999999999987
vn -0.999903 -0.001121999999999999 0.013895
vn -0.999902 -0.002458999999999999 0.013789
vn -0.999517 0.030895 0.0033529999999999983
vn 0.999892 -0.001043000000000001 -0.01467
vn 0.03357 0.70743 0.705985
vn 0.033606 0.707337 0.706077
vn 3E-06 1 -0.00015600000000006123
vn 3E-06 1 -0.00015000000000006122
vn 0.047486 0.0007600000000000612 0.998872
vn 0.047442 0.0010290000000000611 0.998873
vn 0.99924 -0.033017 0.020722000000000004
vn 0.887856 -0.45924 0.02847900000000003
vn 0.829338 -0.554685 0.06725100000000003
vn -0.000984 -0.999817 0.019084000000000063
vn 0.998392 -0.004022999999999996 0.056555
vn 0.999566 -0.0073139999999999985 0.028544
vn -0.999792 0.006133999999999999 -0.019466
vn 0.891981 -0.450778 0.03419900000000003
vn 0.827551 -0.555511 0.08103300000000002
vn -0.708497 -0.705714 -0.0004789999999999568
vn -0.044021 0.800621 0.597552
vn -0.02502 0.813341 0.581249
vn -0.009983 -0.828892 0.559319
vn 0.598305 6.000000000049064E-06 0.801269
vn 0.598305 7.0000000000490634E-06 0.801269
vn 0.598305 6.000000000049064E-06 0.801269
vn -0.999885 0.015074 -0.0014650000000000008
vn -0.999808 0.015815 -0.011528000000000002
vn -0.999808 0.015815 -0.011528000000000002
vn -0.99963 0.016555 -0.021591
vn 0.999844 0.014839 0.009626999999999998
vn 0.99988 0.015481 0.000650999999999999
vn 0.999844 0.014839 0.009626999999999998
vn 0.999726 0.014195000000000001 0.018602
vn -0.998027 -0.00047799999999999617 0.062779
vn -0.551621 -0.828329 0.09790700000000005
vn -0.994936 6.1545849537949384E-18 0.100512
vn 0.000539 -0.995169 0.09817600000000005
vn -0.886181 -0.443708 0.13344100000000003
vn -0.999683 0.0020670000000000016 0.025107
vn -0.554202 -0.829749 0.06615700000000005
vn -0.997525 5.000000000004306E-06 0.070309
vn 0.993643 -0.001066999999999993 0.112574
vn 0.442568 -0.887826 0.12608600000000006
vn -0.890354 -0.44408 0.10031300000000003
vn 0.998924 -0.010983999999999997 0.045053
vn 9.9E-05 -0.997906 0.06467400000000005
vn 0.995948 3.600000000000551E-05 0.089933
vn 0.444044 -0.888206 0.11796000000000005
vn -1E-06 -0.996181 0.08731700000000006
vn 0 -0.0020409999999999387 0.999998
vn -0.000975 -0.999869 -0.01616699999999994
vn -0.999878 -0.003170000000000001 -0.015271
vn -0.006318 0.002606000000000061 0.999977
vn -0.006085 0.0025170000000000613 0.999978
vn -0.005851 0.002428000000000061 0.99998
vn -0.006085 0.0025170000000000613 0.999978
vn 0 0.00010600000000006123 1
vn 0 0.00010600000000006123 1
vn 0 0.00010600000000006123 1
vn 0 0.00010600000000006123 1
vn -0.000783 -0.0008079999999999388 0.999999
vn -0.003041 -0.00043599999999993877 0.999995
vn -0.003041 -0.00043599999999993877 0.999995
vn -0.0053 -6.299999999993877E-05 0.999986
vn -2E-06 9.300000000006123E-05 1
vn -0.000786 0.00029700000000006127 1
vn -0.000786 0.00029700000000006127 1
vn -0.00157 0.0005010000000000613 0.999999
vn -0.00742 0.002224000000000061 0.99997
vn -0.00776 0.0023540000000000613 0.999967
vn -0.00776 0.0023540000000000613 0.999967
vn -0.0081 0.0024840000000000612 0.999964
vn 0.000644 -0.14311399999999994 0.989706
vn 0.000564 -0.14432799999999996 0.98953
vn 0.000644 -0.14311399999999994 0.989706
vn -0.011394 0.006343000000000061 0.999915
vn -0.014325 0.006995000000000062 0.999873
vn -0.014325 0.006995000000000062 0.999873
vn -0.017255 0.007647000000000062 0.999822
vn 0.01459 0.004919000000000061 0.999882
vn 0.015844 0.004445000000000062 0.999865
vn 0.015844 0.004445000000000062 0.999865
vn 0.017099 0.003970000000000061 0.999846
vn 0.000592 0.006101000000000061 0.999981
vn 0.000632 0.0060830000000000614 0.999981
vn 0.000632 0.0060830000000000614 0.999981
vn 0.000671 0.0060640000000000615 0.999981
vn -0 -0.00017099999999993878 1
vn -0 -0.00017099999999993878 1
vn -0 -0.00017099999999993878 1
vn -0 -0.00017099999999993878 1
vn -0 -0.00013199999999993878 1
vn -0 -0.00013199999999993878 1
vn -0 -0.00013199999999993878 1
vn -0 -0.00013199999999993878 1
vn -0.9999 0.01417 1.7999999999999133E-05
vn 0.598305 6.000000000049064E-06 0.801269
vn -0.00154 0.00015300000000006124 0.999999
vn -1E-06 0.00045000000000006125 1
vn -1E-06 0.00045000000000006125 1
vn -1E-06 0.00045000000000006125 1
vn -1E-06 0.00045000000000006125 1
vn 0.681801 0.09737800000000005 0.725028
vn 0.684369 0.09640000000000004 0.722735
vn 0.848048 -0.480714 0.22299700000000003
vn 0.849967 -0.468284 0.24138300000000001
vn -0.481674 0.34357400000000005 0.806193
vn -0.823168 -0.14968499999999998 0.547713
vn -0.857565 -0.458723 0.23271200000000003
vn -0.855651 -0.470915 0.21471100000000004
vn -0.680952 0.023391000000000044 0.731955
vn -0.68188 0.018475000000000043 0.731231
vn 0.000595 -0.999918 0.012833000000000061
vn -0.003809 -0.999857 0.01645600000000006
vn -0.48579 -0.695278 0.529714
vn -0.48698 -0.695022 0.528957
vn 0.705048 -0.0025089999999999566 0.709155
vn 0.705024 -0.0026439999999999567 0.709179
vn 0.007126 -0.999776 0.019913000000000063
vn 0.003418 -0.999879 0.015161000000000062
vn 0.497036 -0.703348 0.508189
vn 0.495844 -0.70553 0.506327
vn -0.717073 -0.008138999999999957 0.696951
vn -0.717423 -0.010269999999999956 0.696563
vn -0.024459 -0.999444 0.02265600000000006
vn -0.026137 -0.999372 0.023944000000000062
vn -0.51416 -0.698152 0.4982190000000001
vn -0.514521 -0.698162 0.4978330000000001
vn 0.710737 -0.0012859999999999569 0.703457
vn 0.710475 -0.0026349999999999573 0.703718
vn -0.000375 -0.999797 0.02013700000000006
vn -0.008248 -0.999917 0.00991400000000006
vn 0.495642 -0.707556 0.50369
vn 0.492694 -0.712575 0.49949000000000005
vn -0.995054 0.05894800000000001 0.079953
vn -0.990228 -0.012382999999999991 0.13891
vn -0.883783 -0.252942 0.393634
vn -0.462409 -0.571922 0.677556
vn -0.00723 -0.686887 0.726728
vn -0.006644 -0.687016 0.726612
vn 0.002408 -0.668522 0.743688
vn 0.002666 -0.66858 0.743635
vn 0.994305 -0.03245000000000001 -0.10151
vn 0.993371 -0.109512 -0.034950999999999996
vn 0.685592 -0.537968 0.49046200000000006
vn 0.649349 -0.563007 0.511243
vn -0.000932 0.999148 -0.04126200000000006
vn 0.000724 -0.14189999999999994 0.989881
vn -0.996654 0.062666 -0.05247400000000001
vn 0.665379 0.667664 0.33390999999999993
vn -0.409557 0.4076620000000001 0.816134
vn -0.708401 0.705811 -4.3218459097649623E-17
vn 0.705807 0.708404 -4.337723455515908E-17
vn 1 1.5E-05 -1.0000000000000008E-06
vn 0.447217 -0.00043199999999994523 0.894426
vn -0.894427 -0.00022299999999997262 0.447215
vn -1 -4E-06 2.4492935982947065E-22
vn 0.478402 -0.34430999999999995 0.807826
vn 0.819382 0.15295400000000003 0.552466
vn 0.853338 0.464082 0.23757399999999998
vn 0.851583 0.475339 0.22104099999999996
vn 0.706765 0.70743 0.005195999999999957
vn -0.448017 0.894008 0.005558999999999945
vn 0.89463 -0.446781 0.004908000000000028
vn 0.830568 -0.554704 0.049595000000000035
vn -0.706188 -0.707996 0.006277000000000043
vn -0.70809 0.705326 0.03352099999999996
vn 0.599179 0.798922 0.05203399999999995
vn -0.553063 -0.829985 0.07242600000000006
vn -0.444177 0.888912 0.11199199999999994
vn 0.888831 0.444654 0.11073399999999997
vn 0.444515 -0.889024 0.10974000000000006
vn -0.888128 -0.444679 0.11614100000000002
vn 0.000415 -1 -0.00031399999999993873
vn 0.000177 -1 -0.00033499999999993875
vn 0.000177 -1 -0.00033499999999993875
vn -6.2E-05 -1 -0.0003559999999999387
vn 0.000416 -1 -0.00032099999999993874
vn 0.000165 -1 -0.0002979999999999387
vn 0.000416 -1 -0.00032099999999993874
vn 0.000667 -1 -0.00034299999999993873
vn -0.857935 0.005466000000000032 0.513729
vn -0.869886 -9.999999999697969E-07 0.493253
vn 0.865964 0.01096700000000003 0.499986
vn -0.845476 0.010930000000000033 0.533902
vn -0.857935 0.005466000000000032 0.513729
vn 0.85435 0.005485000000000032 0.51967
vn 0.99992 -0.010668 -0.006802999999999999
vn 6.7E-05 -1 -4.199999999993877E-05
vn 6.2E-05 -1 -3.499999999993877E-05
vn 0.001571 -0.994813 -0.10170599999999995
vn 0.001571 -0.994813 -0.10170599999999995
vn 0.001571 -0.994813 -0.10170599999999995
vn -0.999932 0.0060880000000000005 0.009976
vn -0 -0.999969 0.007822000000000062
vn -0.999517 0.030895 0.0033529999999999983
vn 0.999862 0.013168 0.010117
vn 0.999897 -0.002643000000000001 -0.014111
vn 0.999934 0.00869 0.0075899999999999995
vn -0.996654 0.062666 -0.05247400000000001
vn -0.996654 0.062666 -0.05247400000000001
vn -0.999826 -0.005515000000000001 -0.017815
vn 0.110468 0.607283 0.786768
vn 0.097121 0.61564 0.78202
vn -0.084443 0.622568 0.777996
vn -0.098805 0.616324 0.781269
vn 0.080313 -0.626452 0.775311
vn 0.097261 -0.618991 0.779352
vn -0.999695 0.00033300000000000153 0.024701
vn -0.000973 -0.998556 0.053718000000000064
vn -0.004852 -0.999506 0.03105800000000006
vn -0.707165 -0.705944 0.039496000000000045
vn -0.700723 -0.0010369999999999564 0.713433
vn -0.700721 -0.0010209999999999564 0.713435
vn 0.002165 -0.999994 -0.002704999999999939
vn -0.000195 -1 -0.0007449999999999387
vn -0.494555 -0.708683 0.503174
vn -0.493641 -0.709755 0.50256
vn 0.002743 0.49667400000000006 0.867933
vn 0.008953 0.48954800000000004 0.871931
vn 0.015162 0.4823700000000001 0.875836
vn 0.008953 0.48954800000000004 0.871931
vn -0.003079 0.0023470000000000613 0.999993
vn -0.00154 0.00015300000000006124 0.999999
vn 1E-05 0.999972 0.0074899999999999385
vn -0.000917 0.999876 -0.01573500000000006
vn -0.000608 0.999968 -0.007992000000000062
vn -0.000446 0.999963 0.008645999999999938
vn -2.9E-05 1 -1.3000000000061231E-05
vn -2.9E-05 1 -1.3000000000061231E-05
vn -5.8E-05 1 3.899999999993877E-05
vn 0 1 -6.400000000006123E-05
vn 0.000244 1 1.8999999999938767E-05
vn 0.000244 1 1.8999999999938767E-05
vn 0.000244 1 1.8999999999938767E-05
vn 0.000243 1 1.8999999999938767E-05
vn -0.009832 0.999951 -0.0009600000000000613
vn -0.01096 0.99994 0.00013099999999993878
vn 0.999921 -0.008322 -0.009427
vn 0.999886 -0.0036320000000000007 -0.014673
vn 0.999887 0.009482 0.011662
vn 0.999887 0.009482 0.011662
vn -0.00011 1 -1.6000000000061233E-05
vn 1 5.5E-05 -3.3677786976552213E-21
vn 0.999576 -0.015881 -0.024417
vn 0.999934 0.00869 0.0075899999999999995
vn 0.99992 -0.002754000000000001 -0.012337
vn 0.999934 0.00869 0.0075899999999999995
vn -0.003629 -0.999725 -0.023154999999999936
vn -0.006282 -0.999526 -0.030141999999999936
vn 3.6E-05 -0.99997 0.007758000000000062
vn 7.2E-05 -0.99997 0.007694000000000062
vn -0.999867 0.0026179999999999992 -0.016089
vn -0.999792 0.006059999999999999 -0.019451
vn -0.999861 -9.300000000000101E-05 -0.016665
vn -0.000338 -1 -7.999999999938768E-06
vn -0.000242 -1 -1.6999999999938766E-05
vn -0.000242 -1 -1.6999999999938766E-05
vn -0.00024 -1 -1.5999999999938766E-05
vn -0.000243 -1 -1.7999999999938767E-05
vn -0.044021 0.800621 0.597552
vn -0.036098 -0.811845 0.582756
vn 0.000261 -1 -2.9999999999387676E-06
vn 0.000261 -1 -2.9999999999387676E-06
vn 0.000176 -1 -2.5999999999938765E-05
vn 0.000261 -1 -2.9999999999387676E-06
vn 0.848442 0.0010459999999999677 -0.529287
vn 0.848442 0.0010459999999999677 -0.529287
vn 0.838161 0.0035089999999999666 -0.545411
vn -0.095909 -0.619718 0.778942
vn -0.077526 -0.62778 0.77452
vn -0.851608 0.475097 0.22146699999999997
vn -0.853317 0.464109 0.23759899999999998
vn -0.819276 0.15266900000000003 0.552702
vn -0.477337 -0.34528699999999996 0.808039
vn 0.700723 -0.0010369999999999564 0.713433
vn 0.700723 -0.0010359999999999564 0.713433
vn -0.002172 -0.999994 -0.002719999999999939
vn 0.000204 -1 -0.0007499999999999388
vn 0.494551 -0.708694 0.503162
vn 0.493628 -0.709777 0.502541
vn 0.848442 0.0010459999999999677 -0.529287
vn 0.905449 0.09968299999999997 -0.412583
vn -0.84898 0.012623999999999967 -0.528274
vn 0.854283 -0.005352000000000032 -0.51978
vn -0.852333 -0.003708000000000032 -0.522987
vn 0.883727 -0.06753299999999997 0.463105
vn -0.852333 -0.003708000000000032 -0.522987
vn 0.883727 -0.06753299999999997 0.463105
vn 0.885051 0.06256000000000003 0.461272
vn 0.885051 0.06256000000000003 0.461272
vn 0.885051 0.06256000000000003 0.461272
vn 0.883727 -0.06753299999999997 0.463105
vn 0 0.26872200000000007 0.963218
vn 0 0.26872200000000007 0.963218
vn 0 0.26872200000000007 0.963218
vn 0 0.26872200000000007 0.963218
vn 1 -0.00076 -0.00047699999999999994
vn 0 -1 6.123233995736766E-17
vn 0.999999 -0.001468 -0.0009529999999999999
vn -1 -4.599999999999999E-05 0.000115
vn -0 1 -6.123233995736766E-17
vn -0.000134 -0.999827 -0.018617999999999937
vn -0.019247 -0.999804 -0.004637999999999938
vn 0 1 -6.123233995736766E-17
vn 0 6.123233995736766E-17 1
vn 0 6.123233995736766E-17 1
vn 0 6.123233995736766E-17 1
vn 0 6.123233995736766E-17 1
vn -0.429805 0.857614 0.28242899999999993
vn 0.859466 0.428787 0.278316
vn 0.429733 -0.857574 0.2826600000000001
vn -0.859609 -0.428807 0.277844
vn 0 6.123233995736766E-17 1
vn 0 6.123233995736766E-17 1
vn 0 6.123233995736766E-17 1
vn 0 6.123233995736766E-17 1
vn -0.42989 0.857663 0.28214999999999996
vn 0.859414 0.42878 0.278486
vn 0.429707 -0.85756 0.28274200000000005
vn -0.859781 -0.428831 0.277273
vn 0 6.123233995736766E-17 1
vn 0 6.123233995736766E-17 1
vn 0 6.123233995736766E-17 1
vn 0 6.123233995736766E-17 1
vn -1E-06 0.976003 0.21775599999999995
vn 0.859466 0.428787 0.278315
vn 0.429733 -0.857574 0.28265900000000005
vn 0 -0.976003 0.21775800000000006
vn 0 6.123233995736766E-17 1
vn 0 6.123233995736766E-17 1
vn 0 6.123233995736766E-17 1
vn 0 6.123233995736766E-17 1
vn -0.429891 0.857662 0.28215099999999993
vn 0 0.976004 0.21775399999999995
vn 0 -0.976003 0.21775900000000006
vn -0.859781 -0.428831 0.277273
vn 0 6.123233995736766E-17 1
vn 0 6.123233995736766E-17 1
vn 0 6.123233995736766E-17 1
vn 0 6.123233995736766E-17 1
vn 0.978157 1.2728366506938016E-17 0.20787
vn 0.429733 -0.857574 0.28265900000000005
vn 0 -0.976003 0.21775800000000006
vn 0 6.123233995736766E-17 1
vn 0 6.123233995736766E-17 1
vn 0 6.123233995736766E-17 1
vn 0 6.123233995736766E-17 1
vn -0.429891 0.857662 0.28215299999999993
vn 0 0.976003 0.21775699999999995
vn 0 -0.976003 0.21775900000000006
vn -0.859781 -0.428832 0.277273
vn 0 6.123233995736766E-17 1
vn 0 6.123233995736766E-17 1
vn 0 6.123233995736766E-17 1
vn 0 6.123233995736766E-17 1
vn -0.429804 0.857614 0.28242899999999993
vn 0.859466 0.428787 0.278315
vn 0.429733 -0.857574 0.28265900000000005
vn -0.859609 -0.428807 0.277844
vn 0 6.123233995736766E-17 1
vn 0 6.123233995736766E-17 1
vn 0 6.123233995736766E-17 1
vn 0 6.123233995736766E-17 1
vn -0.42989 0.857662 0.28215199999999996
vn 0.859415 0.42878 0.278484
vn 0.429707 -0.85756 0.28274200000000005
vn -0.859781 -0.428831 0.277275
vn 0 -0.32507199999999997 0.945689
vn 0 -0.32507199999999997 0.945689
vn 0 -0.32507199999999997 0.945689
vn 0 -0.32507199999999997 0.945689
vn 0 -1 6.123233995736766E-17
vn 0.999982 -0.004956 0.0035250000000000004
vn 1 -0.00076 -0.00047699999999999994
vn -0 1 -6.123233995736766E-17
vn -0.038349 -0.999221 0.00934500000000006
vn 1 -5.2E-05 -9.999999999999968E-07
vn -0.019247 -0.999804 -0.004637999999999938
vn -0 1 -6.123233995736766E-17
vn 0 -0.999552 -0.029934999999999937
vn -0.021319 0.787249 0.616267
vn -0.044291 -0.788685 0.6132
vn -0.031542 0.79006 0.612217
vn -0.031542 0.79006 0.612217
vn -0.041762 0.79277 0.608089
vn 0.132704 -0.990377 0.03928400000000006
vn -0.824847 0.25411800000000007 0.505027
vn -0.852109 0.0007399999999999679 -0.523364
vn -0.852333 -0.003708000000000032 -0.522987
vn 0.85403 -0.00019600000000003184 -0.520223
vn -0.005634 0.998748 -0.049716000000000066
vn 0.844221 -0.00010500000000003283 -0.535996
vn 0.049194 0.998741 -0.00977200000000006
vn 0 0 0
vn -0.999956 -0.0039059999999999997 0.008553
vn 0.844221 -0.00010500000000003283 -0.535996
vn -0.843864 0.001364999999999967 -0.536555
vn -3E-06 0.0005310000000000613 1
vn -0.007119 0.999061 -0.04273800000000006
vn -0.005906 0.999983 -0.00013700000000006123
vn 0 0.0005260000000000612 1
vn 0.000552 2.0000000000612323E-06 1
vn 0.000552 1.0000000000612324E-06 1
vn 0.000552 1.0000000000612324E-06 1
vn 0.000552 1.0000000000612324E-06 1
vn 0.669985 -0.16702799999999995 0.723341
vn 0.669931 -0.16711099999999995 0.723372
vn 0.673361 0.16828600000000005 0.719906
vn 0.673363 0.16828200000000004 0.719905
vn 0.004959 0.992848 0.11927899999999994
vn 0.104151 0.989115 0.10394099999999995
vn -0.097466 0.990095 0.10105799999999994
vn -0.195013 -0.966261 0.16825700000000005
vn 0.141744 -0.98178 0.12655800000000006
vn 0.056069 -0.984545 0.16591600000000006
vn 0.002772 -0.999982 0.005327000000000062
vn 0.121334 0.992147 0.030358999999999938
vn -0.240532 -0.964939 0.10505700000000005
vn 0.261356 -0.957901 0.11882100000000005
vn 0.002281 0.999897 -0.01416800000000006
vn 1 3.6739403974420597E-22 6E-06
vn -1E-06 1.0000000000612324E-06 1
vn -3E-06 1.0000000000612324E-06 1
vn -0.003445 0.999961 0.00809399999999994
vn 0 1 -6.123233995736766E-17
vn -0 1 -1.0000000000612324E-06
vn 0 1 -6.123233995736766E-17
vn -0.005272 0.999948 0.00874299999999994
vn -0.000809 0.999993 0.0037209999999999388
vn -1 0 0
vn -1 0 0
vn -0.213532 0.713286 0.667553
vn -0.002792 -0.786574 0.61749
vn -0.002779 0.771455 0.636278
vn -0.002779 0.771455 0.636278
vn -1 0 0
vn -0.002779 0.771455 0.636278
vn 1.1E-05 -1 0.00045400000000006123
vn 0.023336 0.997994 0.05884499999999994
vn 0.03558 0.44775000000000004 0.893451
vn 1E-05 -0.893268 0.44952400000000003
vn 0.012682 0.00014800000000006122 0.99992
vn 0.004961 0.0053060000000000615 0.999974
vn -0.000173 1 -8.000000000061232E-06
vn -0.000176 1 -8.000000000061232E-06
vn -0.000173 1 -8.000000000061232E-06
vn -0.000171 1 -8.000000000061232E-06
vn -0.000522 0.99999 -0.004560000000000061
vn -0.010089 0.999943 -0.003490000000000061
vn -0.010089 0.999943 -0.003490000000000061
vn -0.019655 0.999804 -0.002421000000000061
vn 8E-06 1 -6.123233995736766E-17
vn 8E-06 1 -2.0000000000612323E-06
vn 0.706922 0.707269 0.005656999999999956
vn 0.705974 0.708213 0.005913999999999957
vn -0.895255 0.445537 0.0038479999999999725
vn -0.449371 0.893314 0.007457999999999946
vn 0.709156 -0.705032 -0.005266999999999957
vn 0.708254 -0.705936 -0.005510999999999957
vn -0.445026 -0.895491 -0.006991999999999945
vn -0.894064 -0.447925 -0.003676999999999973
vn 0.861996 -0.506912 -0.001549999999999969
vn 0.510188 0.860062 -0.0014180000000000527
vn 0.922698 0.38552 -0.0016670000000000237
vn 0.383819 -0.923408 -0.00027799999999994344
vn -0.752062 -0.659093 -2.4999999999959642E-05
vn -0.752071 -0.659082 1.3000000000040357E-05
vn -0.65978 0.751458 -2.0000000000460133E-06
vn -0.659559 0.751653 -9.600000000004603E-05
vn -0.895619 0.444718 0.009642999999999973
vn -0.445161 -0.895437 0.004966000000000055
vn -0.893065 -0.449824 0.009603000000000028
vn -0.447574 0.894235 0.004592999999999945
vn 0.706804 0.707364 -0.008015000000000043
vn 0.705529 0.708632 -0.008366000000000044
vn 0.710065 -0.704081 -0.008804999999999957
vn 0.708805 -0.705354 -0.008422999999999957
vn -0.447804 -0.894126 -0.0031709999999999456
vn 0.894126 -0.447773 0.006136000000000028
vn 0.447442 -0.894307 0.0031730000000000547
vn -0.894996 -0.446034 -0.006076999999999973
vn -0.707331 0.706868 -0.004611000000000043
vn -0.706589 0.707608 -0.004806000000000044
vn 0.707904 0.706293 0.004680999999999957
vn 0.707283 0.706914 0.004844999999999957
vn 0.004896 0.00812800000000006 0.999955
vn 0.008999 0.00785200000000006 0.999929
vn 0.008999 0.00785200000000006 0.999929
vn 0.013103 0.007576000000000062 0.999886
vn -2E-06 -0.0019099999999999389 0.999998
vn -0.007275 -0.001524999999999939 0.999972
vn -0.007275 -0.001524999999999939 0.999972
vn -0.014549 -0.0011389999999999389 0.999894
vn -4.3E-05 -0.020934999999999936 0.999781
vn -2.1E-05 -0.020935999999999937 0.999781
vn -2.1E-05 -0.020935999999999937 0.999781
vn 0 -0.02093699999999994 0.999781
vn -0 -1.7999999999938767E-05 1
vn 0.999962 -0.0009299999999999995 0.008706
vn 0.444064 -0.00019799999999994513 0.895995
vn -0 -1.7999999999938767E-05 1
vn 0.999999 -0.00145 8.87868929381831E-20
vn 0.891288 -0.0008369999999999722 0.453438
vn 0 -1.7999999999938767E-05 1
vn 0 -1.7999999999938767E-05 1
vn 0 -1.7999999999938767E-05 1
vn -0 -1.7999999999938767E-05 1
vn -0.003151 0.005801000000000061 0.999978
vn -0.003922 0.005955000000000062 0.999975
vn -0.003922 0.005955000000000062 0.999975
vn -0.004692 0.006109000000000061 0.99997
vn 0.009705 0.0003770000000000612 0.999953
vn 0.009715 0.0003740000000000612 0.999953
vn 0.009715 0.0003740000000000612 0.999953
vn 0.009725 0.0003700000000000612 0.999953
vn 0.002213 0.00028500000000006125 0.999998
vn 0.002203 0.00028700000000006124 0.999998
vn 0.002203 0.00028700000000006124 0.999998
vn 0.002193 0.00028900000000006123 0.999998
vn 0.006425 0.0003620000000000613 0.999979
vn 0.006727 0.00030800000000006126 0.999977
vn 0.006727 0.00030800000000006126 0.999977
vn 0.007029 0.0002530000000000613 0.999975
vn -0.007973 0.00013500000000006123 0.999968
vn -0.007998 0.00014400000000006123 0.999968
vn -0.007998 0.00014400000000006123 0.999968
vn -0.008023 0.00015200000000006124 0.999968
vn 6E-06 1 -0.00014000000000006122
vn 7E-06 1 -0.00014500000000006123
vn 6E-06 1 -0.00014000000000006122
vn 6E-06 1 -0.00013500000000006123
vn -0.000373 0.999356 -0.03588900000000006
vn -0.000559 0.999354 -0.03592700000000006
vn -0.000373 0.999356 -0.03588900000000006
vn -0.000187 0.999357 -0.03585100000000006
vn -5.7E-05 1 7.799999999993877E-05
vn -0 1 0.00015599999999993877
vn -5.7E-05 1 7.799999999993877E-05
vn -0.000113 1 -6.123233995736766E-17
vn 1 7.347880794884119E-22 1.2E-05
vn 1 7.347880794884119E-22 1.2E-05
vn -1 -2.510525938252074E-21 -4.1E-05
vn -1 -2.510525938252074E-21 -4.1E-05
vn -1 9.99999999999999E-07 -1.9E-05
vn -0.001723 0.99999 0.0040459999999999385
vn 0.9523 -0.0036370000000000187 -0.305143
vn 0.9523 -0.0036370000000000187 -0.305143
vn 0.95122 -0.007275000000000019 -0.308426
vn 0.953355 9.999999999815168E-07 -0.301852
vn -0.067049 -0.793871 0.604379
vn 0.016264 0.704887 0.709133
vn 0.023783 0.0016570000000000612 0.999716
vn 0.024643 0.00958700000000006 0.99965
vn 0.016808 0.707704 0.706309
vn -0.000139 1 0.00013299999999993878
vn -0.000165 1 0.00015299999999993878
vn -0.000139 1 0.00013299999999993878
vn -0.000113 1 0.00011299999999993877
vn 0.000106 1 0.00014199999999993878
vn 9.7E-05 1 0.00012599999999993877
vn 0.000106 1 0.00014199999999993878
vn 0.000115 1 0.00015799999999993876
vn 0.670039 -0.16694499999999995 0.723309
vn 0.669985 -0.16702799999999995 0.723341
vn 0.67336 0.16829000000000005 0.719907
vn 0.673361 0.16828600000000005 0.719906
vn 0.577389 0.816438 0.00713099999999995
vn 0.571807 0.820326 0.01010399999999995
vn 0.577389 0.816438 0.00713099999999995
vn 0.582939 0.812505 0.004157999999999951
vn 0.388125 -0.921606 -0.0010619999999999436
vn 0.385119 -0.922864 -0.0023809999999999435
vn 0.388125 -0.921606 -0.0010619999999999436
vn 0.391127 -0.920337 0.0002570000000000564
vn -0.999992 -0.0010719999999999998 0.00383
vn -0.999837 -0.005683999999999999 0.01713
vn -1 3.2E-05 -1.959434878635765E-21
vn -0 1 -6.123233995736766E-17
vn -0.852139 -0.0044209999999999675 0.523297
vn -0.850247 -0.0022109999999999678 0.526379
vn -0.850247 -0.0022109999999999678 0.526379
vn 0.856071 -0.0042189999999999684 0.51684
vn 0.854278 -0.0021099999999999682 0.519813
vn -0.84834 3.241958485510822E-17 0.529452
vn 0.999924 -0.009911 0.007274000000000001
vn 0.999982 -0.004956 0.0035250000000000004
vn 1 -1.0000000000000137E-06 -0.000224
vn 0 -0.99995 -0.009979999999999939
vn 0 -0.999888 -0.014968999999999939
vn 0.004961 0.0053060000000000615 0.999974
vn -0.00276 0.01046400000000006 0.999941
vn 1.1E-05 -1 0.00045400000000006123
vn -1.2E-05 0.997618 0.06897399999999994
vn 0.035401 0.873846 0.48491199999999995
vn 0.015694 -0.4369219999999999 0.899363
vn -1 -4.599999999999999E-05 5.8E-05
vn -0.999938 -0.005111000000000001 -0.009907
vn -0.999439 -0.015240000000000002 -0.029832
vn -0.99986 -0.007644000000000001 -0.014918
vn -0.213532 0.713286 0.667553
vn -0.213502 -0.713291 0.667557
vn -0.213532 0.713286 0.667553
vn 0.894425 -9.999999999726158E-07 0.447218
vn -0.447217 5.476773566636857E-17 0.894425
vn 1 -1.9999999999999995E-06 6E-06
vn -1 9.99999999999999E-07 -1.9E-05
vn -0.894434 1.000000000027383E-06 0.4472
vn 0.447212 -9.99999999945232E-07 0.894428
vn 0.99882 -0.040095 -0.027420999999999997
vn 0.99882 -0.040095 -0.027420999999999997
vn 0.99882 -0.040095 -0.027420999999999997
vn 0.006566 0.990742 0.13559999999999994
vn -0.119772 0.986011 0.11591599999999995
vn 0.129626 0.98418 0.12077999999999994
vn -0.060813 -0.998144 -0.003309999999999939
vn 0.186863 -0.969821 0.15661900000000006
vn -0.181915 -0.970092 0.16071200000000005
vn -0.053966 -0.982572 0.17787800000000006
vn -0.9523 0.0036370000000000187 0.305143
vn -0.9523 0.0036370000000000187 0.305143
vn -0.95122 0.007275000000000019 0.308426
vn -0.953355 -9.999999999815168E-07 0.301852
vn 0 0.683686 0.729776
vn -0 0.683687 0.729776
vn -0 0.683687 0.729776
vn -0 0.683687 0.729776
vn 0.841937 -0.539304 -0.017133999999999965
vn 0.841562 -0.539878 -0.017440999999999967
vn 0.841937 -0.539304 -0.017133999999999965
vn 0.842311 -0.538729 -0.016825999999999966
vn 0.935559 0.352612 -0.01986700000000002
vn 0.935339 0.353178 -0.02014200000000002
vn 0.935559 0.352612 -0.01986700000000002
vn 0.935777 0.352046 -0.01959200000000002
vn -0.008058 -0.683172 0.730213
vn -0.011986 -0.679369 0.733699
vn -0.011986 -0.679369 0.733699
vn -0.015914 -0.675537 0.737155
vn -0.388125 0.921606 0.0010619999999999436
vn -0.385119 0.922864 0.0023809999999999435
vn -0.388125 0.921606 0.0010619999999999436
vn -0.391127 0.920337 -0.0002570000000000564
vn -0.999996 -0.0014239999999999997 0.002545
vn -0.99996 -0.0033299999999999996 0.008255
vn -0.202714 -0.979237 0.00118900000000006
vn -0.211699 -0.977331 -0.0026969999999999403
vn -0.220664 -0.975328 -0.00658399999999994
vn -0.211699 -0.977331 -0.0026969999999999403
vn -0.420262 -0.867851 -0.26497899999999996
vn -0.420262 -0.867851 -0.26497899999999996
vn -0.420262 -0.867851 -0.26497899999999996
vn -0.830879 -0.0013370000000000341 -0.556452
vn -0.846396 -0.0009880000000000325 -0.532554
vn 0.000204 -1 -0.0007499999999999388
vn -0.002172 -0.999994 -0.002719999999999939
vn -0.002172 -0.999994 -0.002719999999999939
vn -0.004549 -0.999979 -0.004689999999999938
vn -0.000195 -1 -0.0007449999999999387
vn 0.002165 -0.999994 -0.002704999999999939
vn 0.002165 -0.999994 -0.002704999999999939
vn 0.004526 -0.999979 -0.004664999999999938
vn -9E-06 1 0.00019199999999993877
vn -4E-06 1 0.00015999999999993878
vn 0.003205 0.894279 0.44749799999999995
vn 0.006394 0.44646800000000003 0.894777
vn 0.007153 -0.0009859999999999387 0.999974
vn 0.007123 -0.0010859999999999388 0.999974
vn 0.166787 0.985864 0.01594999999999994
vn 0.166795 0.985863 0.01591899999999994
vn 0.110231 0.8811 0.45990499999999995
vn -0.003414 0.43908500000000006 0.898439
vn -0.087205 -0.002169999999999939 0.996188
vn -0.087252 -0.002264999999999939 0.996184
vn -0.577389 -0.816438 -0.00713099999999995
vn -0.571807 -0.820326 -0.01010399999999995
vn -0.577389 -0.816438 -0.00713099999999995
vn -0.582939 -0.812505 -0.004157999999999951
vn 0.050339 -0.854151 0.517582
vn 0.050335 0.854999 0.516181
vn 0.050335 0.854999 0.516181
vn 0.050335 0.854999 0.516181
vn -0.999325 -0.031449 -0.018985999999999996
vn -0.999325 -0.031449 -0.018985999999999996
vn -0.999325 -0.031449 -0.018985999999999996
vn 0.057758 -0.832687 0.550724
vn 0.055524 0.847492 0.527896
vn 0.055524 0.847492 0.527896
vn 0.055524 0.847492 0.527896
vn -1 0 0
vn -1 0 0
vn -1 0 0
vn 0.056679 -0.833524 0.549569
vn -0.038454 0.834249 0.550046
vn -0.038454 0.834249 0.550046
vn -0.038454 0.834249 0.550046
vn 1 0 0
vn 1 0 0
vn 1 0 0
vn -0.064198 -0.842552 0.534775
vn -0.062463 0.85245 0.519063
vn -0.062463 0.85245 0.519063
vn -0.062463 0.85245 0.519063
vn 1 0 0
vn 1 0 0
vn 1 0 0
vn -0.835677 0.034443000000000036 0.54814
vn -0.82865 0.03531900000000004 0.558652
vn -0.822629 0.030675000000000036 0.56775
vn -0.844794 -0.045610999999999964 0.533144
vn -0.829542 0.0029700000000000342 0.558437
vn -0.777484 -0.015906999999999963 0.628702
vn -0.848098 0.004540000000000032 0.529821
vn -0.846054 0.035588000000000036 0.531908
vn 0.808268 0.016675000000000034 0.588579
vn 0.80817 0.001217000000000036 0.588948
vn 0.814566 -0.011174999999999964 0.579964
vn 0.808188 -0.002143999999999964 0.58892
vn 0.808613 -0.014497999999999964 0.588163
vn -0.807779 -0.03780399999999996 0.588271
vn -0.811664 0.019186000000000036 0.58381
vn 0.816647 0.010932000000000035 0.577034
vn 0.008065 0.998595 -0.05236900000000006
vn -0.028131 0.999261 -0.026210000000000063
vn 0.012382 -0.999609 -0.025067999999999938
vn -0.02495 -0.999263 -0.029181999999999937
vn -0.033545 -0.999214 -0.021102999999999938
vn 0.016546 -0.999863 -3.999999999938776E-06
vn -0.001772 -0.999995 0.002441000000000061
vn 0.027125 -0.999243 -0.027867999999999938
vn 0.045302 -0.998886 -0.013216999999999939
vn -0.000828 -0.999995 0.002910000000000061
vn 0.005636 0.999831 -0.017491000000000062
vn 0.002596 0.999896 -0.01420900000000006
vn 0.845544 0.01886299999999997 -0.533573
vn 0.84564 0.024254999999999968 -0.533202
vn -0.833619 0.10070199999999997 -0.543083
vn -0.844116 0.01852199999999997 -0.535841
vn -0.84162 -1.99999999996693E-06 0.540071
vn -0.840273 0.0018840000000000332 0.54216
vn -0.854166 0.0007110000000000319 0.520001
vn 0.836652 -0.008356999999999967 0.547671
vn -0.034221 -0.999225 0.019445000000000063
vn 0.827856 0.004454000000000034 0.560923
vn 0.004115 -0.999913 0.01253400000000006
vn 0.077313 0.996521 -0.031122000000000063
vn 0.087518 0.996035 -0.015996000000000062
vn 0.081786 0.996075 -0.033847000000000065
vn 0.000779 0.999949 0.010064999999999939
vn -0.039679 0.999089 0.01570899999999994
vn 0.036056 0.999123 -0.021297000000000062
vn -0.001036 0.999094 -0.042548000000000065
vn 0.817777 -0.018595999999999967 0.575235
vn -0.025367 0.999453 -0.021229000000000064
vn 0.000522 -0.999778 -0.021064999999999938
vn 0.010458 -0.999608 -0.025976999999999938
vn -0.841469 -0.004443999999999967 0.540288
vn 0.010469 -0.999241 0.03752600000000006
vn -0.833619 0.10070199999999997 -0.543083
vn -0.833619 0.10070199999999997 -0.543083
vn 0.81516 -0.027922999999999965 0.578562
vn 0.803265 0.0030610000000000363 0.595614
vn 0.814429 0.032735000000000035 0.57934
vn 0.854278 -0.0021099999999999682 0.519813
vn 0.85247 3.2010858985892794E-17 0.522777
vn -0.062157 -0.793563 0.605305
vn -0.036098 -0.811845 0.582756
vn -0.021505 -0.783008 0.62164
vn -0.044291 -0.788685 0.6132
vn -0.213502 -0.713291 0.667557
vn -0.002792 -0.786574 0.61749
vn -0.002792 -0.786574 0.61749
vn -0.213502 -0.713291 0.667557
vn 0.050339 -0.854151 0.517582
vn 0.050339 -0.854151 0.517582
vn 0.057758 -0.832687 0.550724
vn 0.057758 -0.832687 0.550724
vn 0.056679 -0.833524 0.549569
vn 0.056679 -0.833524 0.549569
vn -0.064198 -0.842552 0.534775
vn -0.064198 -0.842552 0.534775
vn -0.999772 0.021354 0.0003529999999999987
vn -0.999772 0.021354 0.0003529999999999987
vn 0.999862 0.013168 0.010117
vn 0.999862 0.013168 0.010117
vn 0.999931 -0.0003629999999999993 0.011777
vn 0.999931 -0.0003629999999999993 0.011777
vn -0.708497 -0.705714 -0.0004789999999999568
vn -0.554202 -0.829749 0.06615700000000005
vn 0.827551 -0.555511 0.08103300000000002
vn 0.998392 -0.004022999999999996 0.056555
vn -0.554202 -0.829749 0.06615700000000005
vn -0.999683 0.0020670000000000016 0.025107
vn 0.829338 -0.554685 0.06725100000000003
vn 0.998924 -0.010983999999999997 0.045053
vn 9.9E-05 -0.997906 0.06467400000000005
vn 0.649349 -0.563007 0.511243
vn 0.685592 -0.537968 0.49046200000000006
vn 0.665379 0.667664 0.33390999999999993
vn 0.705807 0.708404 -4.337723455515908E-17
vn -0.553063 -0.829985 0.07242600000000006
vn -0.706188 -0.707996 0.006277000000000043
vn 0.599179 0.798922 0.05203399999999995
vn -0.70809 0.705326 0.03352099999999996
vn 0.830568 -0.554704 0.049595000000000035
vn -0.553063 -0.829985 0.07242600000000006
vn -0.888128 -0.444679 0.11614100000000002
vn -0.553063 -0.829985 0.07242600000000006
vn 0.85435 0.005485000000000032 0.51967
vn 0.842263 -9.999999999669917E-07 0.539067
vn 5.8E-05 -1 -2.6999999999938765E-05
vn 6.2E-05 -1 -3.499999999993877E-05
vn -0.9999 0.01417 1.7999999999999133E-05
vn -0.9999 0.01417 1.7999999999999133E-05
vn 0.999931 -0.003610000000000001 -0.011171
vn 0.999973 0.0038099999999999996 -0.006296
vn -0.551621 -0.828329 0.09790700000000005
vn -0.998027 -0.00047799999999999617 0.062779
vn -0.000973 -0.998556 0.053718000000000064
vn -0.551621 -0.828329 0.09790700000000005
vn -0.707165 -0.705944 0.039496000000000045
vn 0.905449 0.09968299999999997 -0.412583
vn 0.905449 0.09968299999999997 -0.412583
vn 0.838161 0.0035089999999999666 -0.545411
vn 0.838161 0.0035089999999999666 -0.545411
vn -0.416416 -0.872663 0.25506300000000004
vn -0.416416 -0.872663 0.25506300000000004
vn -0.416416 -0.872663 0.25506300000000004
vn 0.429732 0.857575 0.28265899999999994
vn -0.85961 0.428807 0.277842
vn 0.859466 -0.428787 0.278315
vn -0.429805 -0.857614 0.28243000000000007
vn -0.429805 0.857614 0.28242899999999993
vn -0.85961 0.428807 0.277842
vn 0.429708 0.85756 0.28273899999999996
vn -0.859781 0.428832 0.277272
vn 0.859415 -0.42878 0.278486
vn -0.42989 -0.857662 0.28215300000000004
vn -0.859781 -0.428831 0.277273
vn -0.42989 -0.857662 0.28215300000000004
vn 0.429733 0.857575 0.28265799999999996
vn 0 0.976003 0.21775499999999995
vn 0.859466 -0.428787 0.278315
vn 0 -0.976003 0.21775800000000006
vn -0 0.976003 0.21775499999999995
vn -0.859782 0.428831 0.277272
vn -0.429891 -0.857662 0.28215300000000004
vn 0 -0.976003 0.21775900000000006
vn -0.429891 0.857662 0.28215099999999993
vn -0.859782 0.428831 0.277272
vn 0.859466 -0.428787 0.278315
vn 0.978156 1.2728427739277973E-17 0.207871
vn 0 -0.976003 0.21775800000000006
vn 0 0.976003 0.21775699999999995
vn -0.859781 0.428831 0.277273
vn -0.429891 -0.857662 0.28215200000000007
vn 0 -0.976003 0.21775900000000006
vn -0.429891 0.857662 0.28215299999999993
vn -0.859781 0.428831 0.277273
vn 0.429733 0.857575 0.28265699999999994
vn -0.859609 0.428807 0.277843
vn 0.859466 -0.428787 0.278316
vn -0.429805 -0.857614 0.28243000000000007
vn -0.429804 0.857614 0.28242899999999993
vn -0.859609 0.428807 0.277843
vn 0.429707 0.85756 0.28274099999999996
vn -0.859781 0.428831 0.277274
vn 0.859415 -0.42878 0.278486
vn -0.42989 -0.857662 0.28215400000000007
vn -0.42989 0.857662 0.28215199999999996
vn -0.859781 0.428831 0.277274
vn 0.002772 -0.999982 0.005327000000000062
vn -0.852109 0.0007399999999999679 -0.523364
vn -0.852109 0.0007399999999999679 -0.523364
vn 0.85403 -0.00019600000000003184 -0.520223
vn 0.85403 -0.00019600000000003184 -0.520223
vn 0.854283 -0.005352000000000032 -0.51978
vn 0.854283 -0.005352000000000032 -0.51978
vn -0.84898 0.012623999999999967 -0.528274
vn -0.84898 0.012623999999999967 -0.528274
vn -0.843864 0.001364999999999967 -0.536555
vn -0.843864 0.001364999999999967 -0.536555
vn 0.844221 -0.00010500000000003283 -0.535996
vn 0.849951 0.012585999999999967 -0.526711
vn 0.849951 0.012585999999999967 -0.526711
vn 0.849951 0.012585999999999967 -0.526711
vn 1E-05 -0.893268 0.44952400000000003
vn 0.015694 -0.4369219999999999 0.899363
vn 0 0.0005260000000000612 1
vn 0 0.0005260000000000612 1
vn 0 1 -6.123233995736766E-17
vn 0 1 -6.123233995736766E-17
vn 0 1 -6.123233995736766E-17
vn -0.005906 0.999983 -0.00013700000000006123
vn -0.005906 0.999983 -0.00013700000000006123
vn -0.007119 0.999061 -0.04273800000000006
vn -0.007119 0.999061 -0.04273800000000006
vn 0.004959 0.992848 0.11927899999999994
vn 0.006566 0.990742 0.13559999999999994
vn -0.053966 -0.982572 0.17787800000000006
vn 0.056069 -0.984545 0.16591600000000006
vn -0.445026 -0.895491 -0.006991999999999945
vn -0.894064 -0.447925 -0.003676999999999973
vn -0.659559 0.751653 -9.600000000004603E-05
vn -0.65978 0.751458 -2.0000000000460133E-06
vn 0.708805 -0.705354 -0.008422999999999957
vn 0.710065 -0.704081 -0.008804999999999957
vn 0.707283 0.706914 0.004844999999999957
vn 0.707904 0.706293 0.004680999999999957
vn 1 7.347880794884119E-22 1.2E-05
vn 1 -9.999999999999993E-07 1.2E-05
vn -3E-06 1.0000000000612324E-06 1
vn -1E-06 6.123233995736766E-17 1
vn -1 -2.510525938252074E-21 -4.1E-05
vn -1 -2.510525938252074E-21 -4.1E-05
vn -1E-06 6.123233995736766E-17 1
vn -7E-06 6.123233995736766E-17 1
vn 0.841017 0.05208800000000004 0.538495
vn 0.841792 -0.020082999999999965 0.539429
vn 0.841017 0.05208800000000004 0.538495
vn 0.83586 0.12398800000000003 0.534756
vn -0.839443 0.07400300000000003 0.538386
vn -0.83728 0.10400300000000003 0.536793
vn -0.839443 0.07400300000000003 0.538386
vn -0.840844 0.04393600000000004 0.539492
vn -0.033689 -0.99763 -0.05999699999999994
vn -0.002662 -0.997906 -0.06462799999999995
vn -0.002662 -0.997906 -0.06462799999999995
vn 0.00011 -0.999313 -0.03705899999999994
vn 0.833737 0.18772800000000003 0.51927
vn 0.802549 0.34627500000000005 0.485807
vn 0.833737 0.18772800000000003 0.51927
vn 0.842221 0.024068000000000034 0.538594
vn -0.841897 0.10444700000000003 0.529433
vn -0.839342 -0.04765699999999996 0.54151
vn -0.841897 0.10444700000000003 0.529433
vn 0.002281 0.999897 -0.01416800000000006
vn -0.100978 0.994809 0.01260699999999994
vn -0.044574 0.998834 -0.018526000000000063
vn -0.005634 0.998748 -0.049716000000000066
vn -0.830879 -0.0013370000000000341 -0.556452
vn -0.830879 -0.0013370000000000341 -0.556452
vn -0.846396 -0.0009880000000000325 -0.532554
vn -0.846396 -0.0009880000000000325 -0.532554
vn -0.931981 0.17214899999999997 -0.319024
vn -0.931981 0.17214899999999997 -0.319024
vn -0.931981 0.17214899999999997 -0.319024
vn 0.002596 0.999896 -0.01420900000000006
vn 0.005636 0.999831 -0.017491000000000062
vn -0.841301 -0.008885999999999967 0.540494
vn -0.841469 -0.004443999999999967 0.540288
vn -0.854167 -1.999999999968159E-06 0.52
vn -0.847289 0.0009540000000000325 0.531132
vn 0.827848 0.002228000000000034 0.560948
vn 0.827848 0.002228000000000034 0.560948
vn 0.827836 2.0000000000343492E-06 0.56097
vn 0.845769 -0.006232999999999967 0.533512
vn 0.845394 2.000000000032707E-06 0.534143
vn 0.827464 -0.016558999999999966 0.561275
vn -0.000929 -0.999915 0.01297600000000006
vn -0.00464 -0.999234 0.038850000000000065
vn 0.004115 -0.999913 0.01253400000000006
vn 0.038064 -0.999099 0.01877400000000006
vn -0.000929 -0.999915 0.01297600000000006
vn 0.088443 0.995945 -0.016457000000000062
vn -0.06176 0.998091 0.0002919999999999389
vn -0.015865 0.999874 4.999999999938776E-06
vn 0.012382 -0.999609 -0.025067999999999938
vn 0.016546 -0.999863 -3.999999999938776E-06
vn 0.817829 -0.024594999999999964 0.574935
vn -0.03897 0.998783 -0.030220000000000063
vn -0.833112 0.002114000000000034 0.553101
vn -0.833123 0.002787000000000034 0.55308
vn 0.000779 0.999949 0.010064999999999939
vn -0.015865 0.999874 4.999999999938776E-06
vn -0.844116 0.01852199999999997 -0.535841
vn -0.844116 0.01852199999999997 -0.535841
vn 0.845544 0.01886299999999997 -0.533573
vn 0.845544 0.01886299999999997 -0.533573
vn 0.84564 0.024254999999999968 -0.533202
vn 0.84564 0.024254999999999968 -0.533202
vn 0.707691 0.706414 -0.012360000000000043
vn 0.709015 0.705082 -0.012541000000000043
vn 0.707691 0.706414 -0.012360000000000043
vn -0.894758 0.446122 0.019594999999999974
vn -0.894758 0.446122 0.019594999999999974
vn -0.447453 0.894254 0.009798999999999945
vn 0.670603 0.740781 0.03919899999999995
vn 0.670603 0.740781 0.03919899999999995
vn 0.641861 0.76538 0.04698299999999995
vn -0.743431 0.66879 -0.005425000000000041
vn -0.743431 0.66879 -0.005425000000000041
vn -0.718089 0.695863 -0.011092000000000043
vn 0.03357 0.70743 0.705985
vn 0.033606 0.707337 0.706077
vn 0.03357 0.70743 0.705985
vn 0.829338 -0.554685 0.06725100000000003
vn 0.887856 -0.45924 0.02847900000000003
vn 0.829338 -0.554685 0.06725100000000003
vn 0.891981 -0.450778 0.03419900000000003
vn 0.827551 -0.555511 0.08103300000000002
vn 0.827551 -0.555511 0.08103300000000002
vn -0.886181 -0.443708 0.13344100000000003
vn -0.551621 -0.828329 0.09790700000000005
vn -0.886181 -0.443708 0.13344100000000003
vn 0.442568 -0.887826 0.12608600000000006
vn 0.827551 -0.555511 0.08103300000000002
vn 0.442568 -0.887826 0.12608600000000006
vn -0.890354 -0.44408 0.10031300000000003
vn -0.554202 -0.829749 0.06615700000000005
vn -0.890354 -0.44408 0.10031300000000003
vn 0.444044 -0.888206 0.11796000000000005
vn 0.829338 -0.554685 0.06725100000000003
vn 0.444044 -0.888206 0.11796000000000005
vn -0.48698 -0.695022 0.528957
vn -0.48579 -0.695278 0.529714
vn -0.48579 -0.695278 0.529714
vn 0.495844 -0.70553 0.506327
vn 0.497036 -0.703348 0.508189
vn 0.497036 -0.703348 0.508189
vn -0.514521 -0.698162 0.4978330000000001
vn -0.51416 -0.698152 0.4982190000000001
vn -0.51416 -0.698152 0.4982190000000001
vn 0.492694 -0.712575 0.49949000000000005
vn 0.495642 -0.707556 0.50369
vn 0.495642 -0.707556 0.50369
vn -0.462409 -0.571922 0.677556
vn -0.462409 -0.571922 0.677556
vn -0.883783 -0.252942 0.393634
vn 0.447217 -0.00043199999999994523 0.894426
vn -0.409557 0.4076620000000001 0.816134
vn -0.409557 0.4076620000000001 0.816134
vn 0.665379 0.667664 0.33390999999999993
vn 0.447217 -0.00043199999999994523 0.894426
vn -0.894427 -0.00022299999999997262 0.447215
vn -0.708401 0.705811 -4.3218459097649623E-17
vn -0.708401 0.705811 -4.3218459097649623E-17
vn -0.409557 0.4076620000000001 0.816134
vn -0.894427 -0.00022299999999997262 0.447215
vn 0.599179 0.798922 0.05203399999999995
vn 0.706765 0.70743 0.005195999999999957
vn 0.599179 0.798922 0.05203399999999995
vn -0.70809 0.705326 0.03352099999999996
vn -0.70809 0.705326 0.03352099999999996
vn -0.448017 0.894008 0.005558999999999945
vn 0.830568 -0.554704 0.049595000000000035
vn 0.89463 -0.446781 0.004908000000000028
vn 0.830568 -0.554704 0.049595000000000035
vn 0.888831 0.444654 0.11073399999999997
vn 0.599179 0.798922 0.05203399999999995
vn 0.888831 0.444654 0.11073399999999997
vn 0.444515 -0.889024 0.10974000000000006
vn 0.830568 -0.554704 0.049595000000000035
vn 0.444515 -0.889024 0.10974000000000006
vn -0.444177 0.888912 0.11199199999999994
vn -0.70809 0.705326 0.03352099999999996
vn -0.70809 0.705326 0.03352099999999996
vn 0.681801 0.09737800000000005 0.725028
vn 0.681801 0.09737800000000005 0.725028
vn 0.684369 0.09640000000000004 0.722735
vn -0.481674 0.34357400000000005 0.806193
vn -0.481674 0.34357400000000005 0.806193
vn -0.823168 -0.14968499999999998 0.547713
vn 0.478402 -0.34430999999999995 0.807826
vn 0.478402 -0.34430999999999995 0.807826
vn 0.819382 0.15295400000000003 0.552466
vn -0.493641 -0.709755 0.50256
vn -0.494555 -0.708683 0.503174
vn -0.494555 -0.708683 0.503174
vn -0.819276 0.15266900000000003 0.552702
vn -0.477337 -0.34528699999999996 0.808039
vn -0.477337 -0.34528699999999996 0.808039
vn 0.494551 -0.708694 0.503162
vn 0.493628 -0.709777 0.502541
vn 0.494551 -0.708694 0.503162
vn 0.859466 0.428787 0.278316
vn 0.429732 0.857575 0.28265899999999994
vn 0.859466 0.428787 0.278316
vn 0.429733 -0.857574 0.2826600000000001
vn 0.859466 -0.428787 0.278315
vn 0.429733 -0.857574 0.2826600000000001
vn -0.859609 -0.428807 0.277844
vn -0.429805 -0.857614 0.28243000000000007
vn -0.859609 -0.428807 0.277844
vn 0.859414 0.42878 0.278486
vn 0.429708 0.85756 0.28273899999999996
vn 0.859414 0.42878 0.278486
vn 0.429707 -0.85756 0.28274200000000005
vn 0.859415 -0.42878 0.278486
vn 0.429707 -0.85756 0.28274200000000005
vn -0.42989 0.857663 0.28214999999999996
vn -0.859781 0.428832 0.277272
vn -0.859781 0.428832 0.277272
vn 0.859466 0.428787 0.278315
vn 0.429733 0.857575 0.28265799999999996
vn 0.859466 0.428787 0.278315
vn 0.429733 -0.857574 0.28265900000000005
vn 0.859466 -0.428787 0.278315
vn 0.429733 -0.857574 0.28265900000000005
vn -0.859781 -0.428831 0.277273
vn -0.429891 -0.857662 0.28215300000000004
vn -0.859781 -0.428831 0.277273
vn 0.429733 -0.857574 0.28265900000000005
vn 0.859466 -0.428787 0.278315
vn 0.429733 -0.857574 0.28265900000000005
vn -0.859781 -0.428832 0.277273
vn -0.429891 -0.857662 0.28215200000000007
vn -0.859781 -0.428832 0.277273
vn 0.859466 0.428787 0.278315
vn 0.429733 0.857575 0.28265699999999994
vn 0.859466 0.428787 0.278315
vn 0.429733 -0.857574 0.28265900000000005
vn 0.859466 -0.428787 0.278316
vn 0.429733 -0.857574 0.28265900000000005
vn -0.859609 -0.428807 0.277844
vn -0.429805 -0.857614 0.28243000000000007
vn -0.859609 -0.428807 0.277844
vn 0.859415 0.42878 0.278484
vn 0.429707 0.85756 0.28274099999999996
vn 0.859415 0.42878 0.278484
vn 0.429707 -0.85756 0.28274200000000005
vn 0.859415 -0.42878 0.278486
vn 0.429707 -0.85756 0.28274200000000005
vn -0.859781 -0.428831 0.277275
vn -0.42989 -0.857662 0.28215400000000007
vn -0.859781 -0.428831 0.277275
vn 0.03558 0.44775000000000004 0.893451
vn 0.03558 0.44775000000000004 0.893451
vn 0.035401 0.873846 0.48491199999999995
vn 0.004959 0.992848 0.11927899999999994
vn 0.129626 0.98418 0.12077999999999994
vn -0.195013 -0.966261 0.16825700000000005
vn -0.053966 -0.982572 0.17787800000000006
vn 0.447212 -9.99999999945232E-07 0.894428
vn 0.894425 -9.999999999726158E-07 0.447218
vn 0.447212 -9.99999999945232E-07 0.894428
vn -0.894434 1.000000000027383E-06 0.4472
vn -0.447217 5.476773566636857E-17 0.894425
vn -0.894434 1.000000000027383E-06 0.4472
vn 0.705974 0.708213 0.005913999999999957
vn 0.706922 0.707269 0.005656999999999956
vn 0.705974 0.708213 0.005913999999999957
vn -0.449371 0.893314 0.007457999999999946
vn -0.895255 0.445537 0.0038479999999999725
vn -0.895255 0.445537 0.0038479999999999725
vn 0.709156 -0.705032 -0.005266999999999957
vn 0.708254 -0.705936 -0.005510999999999957
vn 0.708254 -0.705936 -0.005510999999999957
vn 0.861996 -0.506912 -0.001549999999999969
vn 0.383819 -0.923408 -0.00027799999999994344
vn 0.383819 -0.923408 -0.00027799999999994344
vn 0.922698 0.38552 -0.0016670000000000237
vn 0.510188 0.860062 -0.0014180000000000527
vn 0.510188 0.860062 -0.0014180000000000527
vn -0.752071 -0.659082 1.3000000000040357E-05
vn -0.752062 -0.659093 -2.4999999999959642E-05
vn -0.752071 -0.659082 1.3000000000040357E-05
vn -0.895619 0.444718 0.009642999999999973
vn -0.447574 0.894235 0.004592999999999945
vn -0.447574 0.894235 0.004592999999999945
vn -0.893065 -0.449824 0.009603000000000028
vn -0.445161 -0.895437 0.004966000000000055
vn -0.445161 -0.895437 0.004966000000000055
vn 0.705529 0.708632 -0.008366000000000044
vn 0.706804 0.707364 -0.008015000000000043
vn 0.705529 0.708632 -0.008366000000000044
vn -0.447804 -0.894126 -0.0031709999999999456
vn -0.894996 -0.446034 -0.006076999999999973
vn -0.894996 -0.446034 -0.006076999999999973
vn 0.447442 -0.894307 0.0031730000000000547
vn 0.894126 -0.447773 0.006136000000000028
vn 0.894126 -0.447773 0.006136000000000028
vn -0.706589 0.707608 -0.004806000000000044
vn -0.707331 0.706868 -0.004611000000000043
vn -0.706589 0.707608 -0.004806000000000044
vn 0.444064 -0.00019799999999994513 0.895995
vn 0.444064 -0.00019799999999994513 0.895995
vn 0.891288 -0.0008369999999999722 0.453438
vn 0.016264 0.704887 0.709133
vn 0.016808 0.707704 0.706309
vn 0.016808 0.707704 0.706309
vn -0.060813 -0.998144 -0.003309999999999939
vn 0.002772 -0.999982 0.005327000000000062
vn 0.006394 0.44646800000000003 0.894777
vn 0.003205 0.894279 0.44749799999999995
vn 0.006394 0.44646800000000003 0.894777
vn -0.003414 0.43908500000000006 0.898439
vn 0.110231 0.8811 0.45990499999999995
vn -0.003414 0.43908500000000006 0.898439
g 01
f 1019/1019/1019 774/774/774 1018/1018/1018
f 773/773/773 1017/1017/1017 1016/1016/1016
f 1015/1015/1015 776/776/776 1014/1014/1014
f 775/775/775 798/798/798 797/797/797
f 1003/1003/1003 1013/1013/1013 1012/1012/1012
f 1012/1012/1012 785/785/785 1003/1003/1003
f 778/778/778 1011/1011/1011 1010/1010/1010
f 1010/1010/1010 991/991/991 778/778/778
f 765/765/765 794/794/794 793/793/793
f 793/793/793 764/764/764 765/765/765
f 1004/1004/1004 1009/1009/1009 792/792/792
f 792/792/792 788/788/788 1004/1004/1004
f 997/997/997 1008/1008/1008 791/791/791
f 791/791/791 780/780/780 997/997/997
f 769/769/769 1007/1007/1007 1006/1006/1006
f 1006/1006/1006 768/768/768 769/769/769
f 1004/1004/1004 788/788/788 787/787/787
f 787/787/787 1005/1005/1005 1004/1004/1004
f 1003/1003/1003 785/785/785 784/784/784
f 784/784/784 786/786/786 1003/1003/1003
f 1000/1000/1000 1002/1002/1002 1001/1001/1001
f 1001/1001/1001 796/796/796 1000/1000/1000
f 781/781/781 999/999/999 998/998/998
f 998/998/998 783/783/783 781/781/781
f 995/995/995 997/997/997 780/780/780
f 780/780/780 996/996/996 995/995/995
f 992/992/992 994/994/994 993/993/993
f 993/993/993 782/782/782 992/992/992
f 779/779/779 778/778/778 991/991/991
f 991/991/991 990/990/990 779/779/779
f 795/795/795 777/777/777 989/989/989
f 989/989/989 988/988/988 795/795/795
f 789/789/789 987/987/987 986/986/986
f 986/986/986 790/790/790 789/789/789
f 769/769/769 768/768/768 767/767/767
f 767/767/767 770/770/770 769/769/769
f 765/765/765 764/764/764 763/763/763
f 763/763/763 766/766/766 765/765/765
f 771/771/771 761/761/761 762/762/762
f 762/762/762 772/772/772 771/771/771
f 759/759/759 747/747/747 749/749/749
f 747/747/747 745/745/745 749/749/749
f 745/745/745 752/752/752 749/749/749
f 800/800/800 753/753/753 757/757/757
f 757/757/757 799/799/799 800/800/800
f 751/751/751 748/748/748 749/749/749
f 755/755/755 799/799/799 757/757/757
f 757/757/757 756/756/756 755/755/755
f 753/753/753 800/800/800 801/801/801
f 753/753/753 801/801/801 760/760/760
f 760/760/760 754/754/754 753/753/753
f 752/752/752 751/751/751 749/749/749
f 749/749/749 748/748/748 758/758/758
f 758/758/758 750/750/750 749/749/749
f 747/747/747 746/746/746 745/745/745
f 744/744/744 743/743/743 742/742/742
f 741/741/741 739/739/739 740/740/740
f 819/819/819 818/818/818 738/738/738
f 737/737/737 736/736/736 735/735/735
f 734/734/734 732/732/732 733/733/733
f 817/817/817 816/816/816 731/731/731
f 730/730/730 729/729/729 728/728/728
f 726/726/726 727/727/727 725/725/725
f 815/815/815 814/814/814 724/724/724
f 723/723/723 722/722/722 721/721/721
f 719/719/719 720/720/720 718/718/718
f 813/813/813 812/812/812 717/717/717
f 1227/1227/1227 712/712/712 711/711/711
f 711/711/711 1226/1226/1226 1225/1225/1225
f 707/707/707 710/710/710 709/709/709
f 709/709/709 708/708/708 707/707/707
f 1224/1224/1224 706/706/706 705/705/705
f 705/705/705 1223/1223/1223 1222/1222/1222
f 701/701/701 704/704/704 703/703/703
f 703/703/703 702/702/702 701/701/701
f 699/699/699 700/700/700 698/698/698
f 698/698/698 697/697/697 699/699/699
f 694/694/694 696/696/696 695/695/695
f 695/695/695 693/693/693 694/694/694
f 985/985/985 984/984/984 983/983/983
f 982/982/982 692/692/692 981/981/981
f 980/980/980 691/691/691 979/979/979
f 690/690/690 689/689/689 688/688/688
f 683/683/683 615/615/615 434/434/434
f 434/434/434 682/682/682 683/683/683
f 622/622/622 803/803/803 802/802/802
f 802/802/802 621/621/621 622/622/622
f 619/619/619 618/618/618 620/620/620
f 620/620/620 623/623/623 619/619/619
f 975/975/975 978/978/978 977/977/977
f 977/977/977 976/976/976 975/975/975
f 972/972/972 426/426/426 974/974/974
f 974/974/974 973/973/973 972/972/972
f 968/968/968 971/971/971 970/970/970
f 970/970/970 969/969/969 968/968/968
f 1220/1220/1220 967/967/967 966/966/966
f 966/966/966 1221/1221/1221 1220/1220/1220
f 455/455/455 965/965/965 964/964/964
f 964/964/964 425/425/425 455/455/455
f 960/960/960 963/963/963 962/962/962
f 962/962/962 961/961/961 960/960/960
f 956/956/956 959/959/959 958/958/958
f 958/958/958 957/957/957 956/956/956
f 687/687/687 684/684/684 685/685/685
f 685/685/685 686/686/686 687/687/687
f 612/612/612 613/613/613 610/610/610
f 610/610/610 611/611/611 612/612/612
f 680/680/680 679/679/679 678/678/678
f 678/678/678 681/681/681 680/680/680
f 608/608/608 609/609/609 606/606/606
f 606/606/606 607/607/607 608/608/608
f 715/715/715 714/714/714 713/713/713
f 713/713/713 716/716/716 715/715/715
f 605/605/605 448/448/448 447/447/447
f 447/447/447 604/604/604 605/605/605
f 603/603/603 446/446/446 445/445/445
f 445/445/445 602/602/602 603/603/603
f 598/598/598 601/601/601 600/600/600
f 600/600/600 599/599/599 598/598/598
f 594/594/594 597/597/597 596/596/596
f 596/596/596 595/595/595 594/594/594
f 492/492/492 491/491/491 1219/1219/1219
f 1218/1218/1218 1217/1217/1217 492/492/492
f 585/585/585 587/587/587 586/586/586
f 586/586/586 588/588/588 585/585/585
f 617/617/617 465/465/465 464/464/464
f 464/464/464 466/466/466 617/617/617
f 463/463/463 468/468/468 584/584/584
f 584/584/584 467/467/467 463/463/463
f 337/337/337 411/411/411 627/627/627
f 627/627/627 628/628/628 337/337/337
f 413/413/413 416/416/416 336/336/336
f 336/336/336 338/338/338 413/413/413
f 625/625/625 626/626/626 412/412/412
f 412/412/412 624/624/624 625/625/625
f 658/658/658 661/661/661 659/659/659
f 659/659/659 660/660/660 658/658/658
f 682/682/682 616/616/616 614/614/614
f 614/614/614 683/683/683 682/682/682
f 955/955/955 462/462/462 950/950/950
f 954/954/954 951/951/951 461/461/461
f 952/952/952 582/582/582 581/581/581
f 581/581/581 953/953/953 952/952/952
f 950/950/950 462/462/462 461/461/461
f 461/461/461 951/951/951 950/950/950
f 948/948/948 580/580/580 579/579/579
f 579/579/579 949/949/949 948/948/948
f 573/573/573 572/572/572 571/571/571
f 571/571/571 574/574/574 573/573/573
f 569/569/569 568/568/568 567/567/567
f 567/567/567 570/570/570 569/569/569
f 565/565/565 566/566/566 564/564/564
f 564/564/564 563/563/563 565/565/565
f 561/561/561 562/562/562 560/560/560
f 560/560/560 559/559/559 561/561/561
f 557/557/557 558/558/558 556/556/556
f 556/556/556 555/555/555 557/557/557
f 549/549/549 550/550/550 548/548/548
f 548/548/548 547/547/547 549/549/549
f 553/553/553 554/554/554 552/552/552
f 552/552/552 551/551/551 553/553/553
f 545/545/545 546/546/546 544/544/544
f 544/544/544 543/543/543 545/545/545
f 540/540/540 1216/1216/1216 1215/1215/1215
f 1214/1214/1214 537/537/537 540/540/540
f 542/542/542 541/541/541 538/538/538
f 538/538/538 539/539/539 542/542/542
f 535/535/535 536/536/536 534/534/534
f 534/534/534 533/533/533 535/535/535
f 527/527/527 528/528/528 526/526/526
f 526/526/526 525/525/525 527/527/527
f 531/531/531 532/532/532 530/530/530
f 530/530/530 529/529/529 531/531/531
f 1213/1213/1213 947/947/947 946/946/946
f 946/946/946 1212/1212/1212 1211/1211/1211
f 524/524/524 523/523/523 1210/1210/1210
f 1209/1209/1209 1208/1208/1208 524/524/524
f 522/522/522 521/521/521 1207/1207/1207
f 1206/1206/1206 1205/1205/1205 522/522/522
f 519/519/519 518/518/518 517/517/517
f 517/517/517 520/520/520 519/519/519
f 1204/1204/1204 945/945/945 944/944/944
f 944/944/944 1203/1203/1203 1202/1202/1202
f 516/516/516 515/515/515 1201/1201/1201
f 1200/1200/1200 1199/1199/1199 516/516/516
f 514/514/514 513/513/513 1198/1198/1198
f 1197/1197/1197 1196/1196/1196 514/514/514
f 511/511/511 510/510/510 509/509/509
f 509/509/509 512/512/512 511/511/511
f 1195/1195/1195 943/943/943 942/942/942
f 942/942/942 1194/1194/1194 1193/1193/1193
f 508/508/508 507/507/507 1192/1192/1192
f 1191/1191/1191 1190/1190/1190 508/508/508
f 506/506/506 505/505/505 1189/1189/1189
f 1188/1188/1188 1187/1187/1187 506/506/506
f 503/503/503 502/502/502 501/501/501
f 501/501/501 504/504/504 503/503/503
f 940/940/940 941/941/941 1186/1186/1186
f 1185/1185/1185 1184/1184/1184 940/940/940
f 500/500/500 499/499/499 1183/1183/1183
f 1182/1182/1182 1181/1181/1181 500/500/500
f 1180/1180/1180 497/497/497 498/498/498
f 498/498/498 1179/1179/1179 1178/1178/1178
f 496/496/496 495/495/495 494/494/494
f 494/494/494 493/493/493 496/496/496
f 470/470/470 475/475/475 469/469/469
f 649/649/649 650/650/650 648/648/648
f 593/593/593 592/592/592 591/591/591
f 591/591/591 590/590/590 593/593/593
f 488/488/488 487/487/487 489/489/489
f 489/489/489 490/490/490 488/488/488
f 485/485/485 484/484/484 483/483/483
f 483/483/483 486/486/486 485/485/485
f 482/482/482 630/630/630 629/629/629
f 629/629/629 481/481/481 482/482/482
f 476/476/476 473/473/473 474/474/474
f 811/811/811 640/640/640 808/808/808
f 472/472/472 810/810/810 809/809/809
f 639/639/639 641/641/641 471/471/471
f 1177/1177/1177 1176/1176/1176 583/583/583
f 583/583/583 645/645/645 1175/1175/1175
f 1174/1174/1174 1173/1173/1173 643/643/643
f 643/643/643 646/646/646 1172/1172/1172
f 644/644/644 460/460/460 642/642/642
f 642/642/642 647/647/647 644/644/644
f 465/465/465 617/617/617 584/584/584
f 584/584/584 468/468/468 465/465/465
f 575/575/575 578/578/578 577/577/577
f 577/577/577 576/576/576 575/575/575
f 1171/1171/1171 656/656/656 1170/1170/1170
f 452/452/452 939/939/939 938/938/938
f 655/655/655 657/657/657 454/454/454
f 454/454/454 453/453/453 655/655/655
f 652/652/652 937/937/937 936/936/936
f 936/936/936 451/451/451 652/652/652
f 1169/1169/1169 450/450/450 1168/1168/1168
f 449/449/449 651/651/651 653/653/653
f 443/443/443 441/441/441 442/442/442
f 442/442/442 444/444/444 443/443/443
f 935/935/935 438/438/438 934/934/934
f 933/933/933 932/932/932 439/439/439
f 931/931/931 930/930/930 929/929/929
f 440/440/440 437/437/437 928/928/928
f 928/928/928 927/927/927 440/440/440
f 631/631/631 926/926/926 925/925/925
f 925/925/925 477/477/477 631/631/631
f 634/634/634 1167/1167/1167 1166/1166/1166
f 1165/1165/1165 480/480/480 634/634/634
f 633/633/633 632/632/632 478/478/478
f 478/478/478 479/479/479 633/633/633
f 638/638/638 636/636/636 635/635/635
f 638/638/638 637/637/637 636/636/636
f 636/636/636 339/339/339 635/635/635
f 924/924/924 923/923/923 922/922/922
f 921/921/921 435/435/435 431/431/431
f 920/920/920 436/436/436 919/919/919
f 322/322/322 918/918/918 917/917/917
f 916/916/916 323/323/323 915/915/915
f 914/914/914 913/913/913 429/429/429
f 912/912/912 427/427/427 911/911/911
f 326/326/326 324/324/324 428/428/428
f 910/910/910 457/457/457 654/654/654
f 459/459/459 456/456/456 432/432/432
f 432/432/432 430/430/430 459/459/459
f 425/425/425 458/458/458 455/455/455
f 807/807/807 589/589/589 421/421/421
f 421/421/421 806/806/806 807/807/807
f 422/422/422 424/424/424 423/423/423
f 423/423/423 420/420/420 422/422/422
f 407/407/407 408/408/408 410/410/410
f 410/410/410 409/409/409 407/407/407
f 1164/1164/1164 1163/1163/1163 909/909/909
f 909/909/909 908/908/908 1162/1162/1162
f 1161/1161/1161 1160/1160/1160 907/907/907
f 907/907/907 406/406/406 1159/1159/1159
f 1158/1158/1158 1157/1157/1157 906/906/906
f 906/906/906 405/405/405 1156/1156/1156
f 403/403/403 905/905/905 904/904/904
f 904/904/904 404/404/404 403/403/403
f 399/399/399 402/402/402 401/401/401
f 401/401/401 400/400/400 399/399/399
f 1155/1155/1155 1154/1154/1154 903/903/903
f 903/903/903 902/902/902 1153/1153/1153
f 1152/1152/1152 1151/1151/1151 901/901/901
f 901/901/901 398/398/398 1150/1150/1150
f 1149/1149/1149 1148/1148/1148 900/900/900
f 900/900/900 397/397/397 1147/1147/1147
f 395/395/395 899/899/899 898/898/898
f 898/898/898 396/396/396 395/395/395
f 391/391/391 394/394/394 393/393/393
f 393/393/393 392/392/392 391/391/391
f 1146/1146/1146 1145/1145/1145 897/897/897
f 897/897/897 896/896/896 1144/1144/1144
f 389/389/389 895/895/895 894/894/894
f 894/894/894 390/390/390 389/389/389
f 387/387/387 893/893/893 892/892/892
f 892/892/892 388/388/388 387/387/387
f 383/383/383 386/386/386 385/385/385
f 385/385/385 384/384/384 383/383/383
f 1143/1143/1143 1142/1142/1142 891/891/891
f 891/891/891 382/382/382 1141/1141/1141
f 380/380/380 890/890/890 889/889/889
f 889/889/889 381/381/381 380/380/380
f 376/376/376 379/379/379 378/378/378
f 378/378/378 377/377/377 376/376/376
f 1140/1140/1140 1139/1139/1139 888/888/888
f 888/888/888 887/887/887 1138/1138/1138
f 374/374/374 886/886/886 885/885/885
f 885/885/885 375/375/375 374/374/374
f 372/372/372 884/884/884 883/883/883
f 883/883/883 373/373/373 372/372/372
f 368/368/368 371/371/371 370/370/370
f 370/370/370 369/369/369 368/368/368
f 1137/1137/1137 1136/1136/1136 882/882/882
f 882/882/882 367/367/367 1135/1135/1135
f 1134/1134/1134 1133/1133/1133 881/881/881
f 881/881/881 366/366/366 1132/1132/1132
f 364/364/364 880/880/880 879/879/879
f 879/879/879 365/365/365 364/364/364
f 360/360/360 363/363/363 362/362/362
f 362/362/362 361/361/361 360/360/360
f 877/877/877 878/878/878 1131/1131/1131
f 1130/1130/1130 1129/1129/1129 877/877/877
f 1128/1128/1128 1127/1127/1127 876/876/876
f 876/876/876 359/359/359 1126/1126/1126
f 1125/1125/1125 1124/1124/1124 875/875/875
f 875/875/875 358/358/358 1123/1123/1123
f 356/356/356 874/874/874 873/873/873
f 873/873/873 357/357/357 356/356/356
f 352/352/352 355/355/355 354/354/354
f 354/354/354 353/353/353 352/352/352
f 1122/1122/1122 1121/1121/1121 872/872/872
f 872/872/872 871/871/871 1120/1120/1120
f 1119/1119/1119 1118/1118/1118 870/870/870
f 870/870/870 351/351/351 1117/1117/1117
f 1116/1116/1116 1115/1115/1115 869/869/869
f 869/869/869 350/350/350 1114/1114/1114
f 348/348/348 868/868/868 867/867/867
f 867/867/867 349/349/349 348/348/348
f 344/344/344 347/347/347 346/346/346
f 346/346/346 345/345/345 344/344/344
f 414/414/414 343/343/343 340/340/340
f 340/340/340 418/418/418 414/414/414
f 417/417/417 341/341/341 342/342/342
f 342/342/342 415/415/415 417/417/417
f 627/627/627 419/419/419 628/628/628
f 332/332/332 334/334/334 335/335/335
f 335/335/335 333/333/333 332/332/332
f 325/325/325 327/327/327 331/331/331
f 330/330/330 328/328/328 329/329/329
f 866/866/866 865/865/865 864/864/864
f 307/307/307 863/863/863 862/862/862
f 1113/1113/1113 317/317/317 316/316/316
f 316/316/316 1112/1112/1112 1111/1111/1111
f 315/315/315 314/314/314 318/318/318
f 318/318/318 319/319/319 315/315/315
f 308/308/308 309/309/309 1110/1110/1110
f 1109/1109/1109 1108/1108/1108 308/308/308
f 312/312/312 313/313/313 310/310/310
f 310/310/310 311/311/311 312/312/312
f 861/861/861 321/321/321 860/860/860
f 305/305/305 306/306/306 320/320/320
f 304/304/304 303/303/303 301/301/301
f 301/301/301 302/302/302 304/304/304
f 672/672/672 671/671/671 670/670/670
f 670/670/670 673/673/673 672/672/672
f 668/668/668 669/669/669 666/666/666
f 666/666/666 667/667/667 668/668/668
f 253/253/253 254/254/254 1107/1107/1107
f 1106/1106/1106 1105/1105/1105 253/253/253
f 255/255/255 251/251/251 252/252/252
f 252/252/252 256/256/256 255/255/255
f 857/857/857 249/249/249 859/859/859
f 859/859/859 858/858/858 857/857/857
f 250/250/250 247/247/247 856/856/856
f 856/856/856 855/855/855 250/250/250
f 246/246/246 1104/1104/1104 1103/1103/1103
f 1102/1102/1102 245/245/245 246/246/246
f 244/244/244 1101/1101/1101 1100/1100/1100
f 1099/1099/1099 243/243/243 244/244/244
f 242/242/242 1098/1098/1098 1097/1097/1097
f 1096/1096/1096 241/241/241 242/242/242
f 12/12/12 17/17/17 14/14/14
f 14/14/14 282/282/282 12/12/12
f 854/854/854 285/285/285 853/853/853
f 854/854/854 41/41/41 285/285/285
f 285/285/285 283/283/283 853/853/853
f 852/852/852 134/134/134 851/851/851
f 187/187/187 238/238/238 239/239/239
f 5/5/5 226/226/226 277/277/277
f 226/226/226 236/236/236 277/277/277
f 236/236/236 278/278/278 277/277/277
f 291/291/291 293/293/293 90/90/90
f 291/291/291 292/292/292 293/293/293
f 293/293/293 240/240/240 90/90/90
f 675/675/675 674/674/674 676/676/676
f 676/676/676 677/677/677 675/675/675
f 663/663/663 662/662/662 664/664/664
f 664/664/664 665/665/665 663/663/663
f 267/267/267 269/269/269 268/268/268
f 268/268/268 270/270/270 267/267/267
f 289/289/289 233/233/233 10/10/10
f 10/10/10 290/290/290 289/289/289
f 228/228/228 227/227/227 850/850/850
f 850/850/850 849/849/849 228/228/228
f 229/229/229 230/230/230 231/231/231
f 847/847/847 848/848/848 225/225/225
f 225/225/225 222/222/222 847/847/847
f 220/220/220 223/223/223 224/224/224
f 224/224/224 221/221/221 220/220/220
f 218/218/218 217/217/217 216/216/216
f 216/216/216 219/219/219 218/218/218
f 213/213/213 212/212/212 214/214/214
f 214/214/214 215/215/215 213/213/213
f 845/845/845 846/846/846 1095/1095/1095
f 1094/1094/1094 1093/1093/1093 845/845/845
f 1092/1092/1092 1091/1091/1091 844/844/844
f 844/844/844 211/211/211 1090/1090/1090
f 1089/1089/1089 1088/1088/1088 843/843/843
f 843/843/843 210/210/210 1087/1087/1087
f 208/208/208 842/842/842 841/841/841
f 841/841/841 209/209/209 208/208/208
f 1086/1086/1086 1085/1085/1085 840/840/840
f 840/840/840 839/839/839 1084/1084/1084
f 204/204/204 1083/1083/1083 1082/1082/1082
f 1081/1081/1081 207/207/207 204/204/204
f 1080/1080/1080 1079/1079/1079 202/202/202
f 202/202/202 203/203/203 1078/1078/1078
f 201/201/201 200/200/200 206/206/206
f 206/206/206 205/205/205 201/201/201
f 197/197/197 198/198/198 199/199/199
f 199/199/199 196/196/196 197/197/197
f 1077/1077/1077 1076/1076/1076 1075/1075/1075
f 1074/1074/1074 195/195/195 1073/1073/1073
f 1072/1072/1072 1071/1071/1071 1070/1070/1070
f 1069/1069/1069 194/194/194 1068/1068/1068
f 192/192/192 838/838/838 837/837/837
f 837/837/837 193/193/193 192/192/192
f 190/190/190 189/189/189 188/188/188
f 188/188/188 191/191/191 190/190/190
f 182/182/182 181/181/181 836/836/836
f 836/836/836 835/835/835 182/182/182
f 183/183/183 179/179/179 180/180/180
f 180/180/180 184/184/184 183/183/183
f 177/177/177 1067/1067/1067 1066/1066/1066
f 1065/1065/1065 178/178/178 177/177/177
f 175/175/175 174/174/174 173/173/173
f 173/173/173 176/176/176 175/175/175
f 170/170/170 169/169/169 1064/1064/1064
f 1063/1063/1063 1062/1062/1062 170/170/170
f 171/171/171 167/167/167 168/168/168
f 168/168/168 172/172/172 171/171/171
f 164/164/164 163/163/163 1061/1061/1061
f 1060/1060/1060 1059/1059/1059 164/164/164
f 165/165/165 161/161/161 162/162/162
f 162/162/162 166/166/166 165/165/165
f 158/158/158 157/157/157 1058/1058/1058
f 1057/1057/1057 1056/1056/1056 158/158/158
f 159/159/159 155/155/155 156/156/156
f 156/156/156 160/160/160 159/159/159
f 152/152/152 151/151/151 1055/1055/1055
f 1054/1054/1054 1053/1053/1053 152/152/152
f 153/153/153 149/149/149 150/150/150
f 150/150/150 154/154/154 153/153/153
f 146/146/146 147/147/147 148/148/148
f 148/148/148 145/145/145 146/146/146
f 141/141/141 142/142/142 143/143/143
f 143/143/143 144/144/144 141/141/141
f 139/139/139 137/137/137 138/138/138
f 138/138/138 140/140/140 139/139/139
f 116/116/116 117/117/117 115/115/115
f 115/115/115 114/114/114 116/116/116
f 124/124/124 125/125/125 123/123/123
f 123/123/123 122/122/122 124/124/124
f 120/120/120 121/121/121 119/119/119
f 119/119/119 118/118/118 120/120/120
f 128/128/128 129/129/129 127/127/127
f 127/127/127 126/126/126 128/128/128
f 132/132/132 133/133/133 131/131/131
f 131/131/131 130/130/130 132/132/132
f 111/111/111 186/186/186 113/113/113
f 113/113/113 112/112/112 111/111/111
f 92/92/92 93/93/93 94/94/94
f 94/94/94 91/91/91 92/92/92
f 101/101/101 102/102/102 100/100/100
f 100/100/100 99/99/99 101/101/101
f 97/97/97 98/98/98 96/96/96
f 96/96/96 95/95/95 97/97/97
f 105/105/105 106/106/106 104/104/104
f 104/104/104 103/103/103 105/105/105
f 109/109/109 110/110/110 108/108/108
f 108/108/108 107/107/107 109/109/109
f 262/262/262 261/261/261 136/136/136
f 136/136/136 88/88/88 262/262/262
f 287/287/287 288/288/288 6/6/6
f 6/6/6 89/89/89 287/287/287
f 1052/1052/1052 1051/1051/1051 834/834/834
f 834/834/834 87/87/87 1050/1050/1050
f 85/85/85 833/833/833 832/832/832
f 832/832/832 86/86/86 85/85/85
f 1049/1049/1049 1048/1048/1048 831/831/831
f 831/831/831 79/79/79 1047/1047/1047
f 1046/1046/1046 1045/1045/1045 830/830/830
f 830/830/830 82/82/82 1044/1044/1044
f 80/80/80 829/829/829 828/828/828
f 828/828/828 81/81/81 80/80/80
f 1043/1043/1043 1042/1042/1042 72/72/72
f 72/72/72 74/74/74 1041/1041/1041
f 75/75/75 248/248/248 73/73/73
f 73/73/73 76/76/76 75/75/75
f 68/68/68 69/69/69 70/70/70
f 70/70/70 71/71/71 68/68/68
f 66/66/66 64/64/64 65/65/65
f 65/65/65 67/67/67 66/66/66
f 805/805/805 804/804/804 300/300/300
f 300/300/300 60/60/60 805/805/805
f 58/58/58 59/59/59 299/299/299
f 299/299/299 1/1/1 58/58/58
f 826/826/826 827/827/827 1040/1040/1040
f 1039/1039/1039 1038/1038/1038 826/826/826
f 57/57/57 54/54/54 77/77/77
f 77/77/77 78/78/78 57/57/57
f 55/55/55 56/56/56 52/52/52
f 52/52/52 53/53/53 55/55/55
f 1037/1037/1037 1036/1036/1036 51/51/51
f 51/51/51 84/84/84 1035/1035/1035
f 83/83/83 48/48/48 49/49/49
f 49/49/49 50/50/50 83/83/83
f 1034/1034/1034 1033/1033/1033 46/46/46
f 46/46/46 47/47/47 1032/1032/1032
f 44/44/44 43/43/43 42/42/42
f 42/42/42 45/45/45 44/44/44
f 825/825/825 11/11/11 824/824/824
f 237/237/237 284/284/284 286/286/286
f 823/823/823 235/235/235 822/822/822
f 9/9/9 280/280/280 279/279/279
f 39/39/39 38/38/38 3/3/3
f 38/38/38 7/7/7 3/3/3
f 7/7/7 232/232/232 3/3/3
f 821/821/821 37/37/37 820/820/820
f 40/40/40 234/234/234 8/8/8
f 272/272/272 274/274/274 271/271/271
f 271/271/271 273/273/273 272/272/272
f 295/295/295 298/298/298 296/296/296
f 296/296/296 297/297/297 295/295/295
f 32/32/32 1031/1031/1031 1030/1030/1030
f 1029/1029/1029 33/33/33 32/32/32
f 31/31/31 1028/1028/1028 1027/1027/1027
f 1026/1026/1026 30/30/30 31/31/31
f 29/29/29 28/28/28 27/27/27
f 27/27/27 26/26/26 29/29/29
f 22/22/22 1025/1025/1025 1024/1024/1024
f 1023/1023/1023 25/25/25 22/22/22
f 1022/1022/1022 1021/1021/1021 24/24/24
f 24/24/24 23/23/23 1020/1020/1020
f 19/19/19 20/20/20 18/18/18
f 18/18/18 21/21/21 19/19/19
f 260/260/260 259/259/259 258/258/258
f 258/258/258 257/257/257 260/260/260
f 15/15/15 16/16/16 281/281/281
f 281/281/281 13/13/13 15/15/15
f 63/63/63 62/62/62 135/135/135
f 135/135/135 61/61/61 63/63/63
f 263/263/263 266/266/266 265/265/265
f 266/266/266 264/264/264 265/265/265
f 264/264/264 185/185/185 265/265/265
f 275/275/275 276/276/276 4/4/4
f 4/4/4 36/36/36 275/275/275
f 34/34/34 294/294/294 2/2/2
f 2/2/2 35/35/35 34/34/34
