v 0.414937 -1.611106 0.6341000000000001
v 0.44697 -1.627666 0.5493060000000001
v 0.441321 -1.599159 0.5467260000000002
v 0.442458 -1.653705 -0.0260369999999999
v 0.441321 -1.599159 0.5467260000000002
v 0.44697 -1.627666 0.5493060000000001
v 0.44697 -1.627666 0.5493060000000001
v 0.448106 -1.682209 -0.023457999999999896
v 0.442458 -1.653705 -0.0260369999999999
v 0.043878 -1.622441 0.6411320000000001
v 0.075911 -1.638999 0.5563380000000001
v 0.070262 -1.610495 0.5537590000000001
v 0.071399 -1.665038 -0.0190039999999999
v 0.070262 -1.610495 0.5537590000000001
v 0.075911 -1.638999 0.5563380000000001
v 0.075911 -1.638999 0.5563380000000001
v 0.077048 -1.693543 -0.016424999999999895
v 0.071399 -1.665038 -0.0190039999999999
v -0.862438 -1.382417 0.6341000000000001
v -0.851873 -1.416894 0.5493060000000001
v -0.835448 -1.39292 0.5467260000000002
v -0.87364 -1.431879 -0.026036999999999914
v -0.835448 -1.39292 0.5467260000000002
v -0.851873 -1.416894 0.5493060000000001
v -0.851873 -1.416894 0.5493060000000001
v -0.890066 -1.45585 -0.02345799999999991
v -0.87364 -1.431879 -0.026036999999999914
v -0.483949 -1.532303 0.6179890000000001
v -0.470761 -1.565865 0.5331950000000001
v -0.456231 -1.540699 0.5306160000000001
v -0.491313 -1.582481 -0.0421469999999999
v -0.456231 -1.540699 0.5306160000000001
v -0.470761 -1.565865 0.5331950000000001
v -0.470761 -1.565865 0.5331950000000001
v -0.505845 -1.607645 -0.0395679999999999
v -0.491313 -1.582481 -0.0421469999999999
v -1.119493 -1.122944 0.6411320000000001
v -1.108927 -1.157421 0.5563380000000001
v -1.092502 -1.133449 0.5537590000000001
v -1.130695 -1.172405 -0.019003999999999927
v -1.092502 -1.133449 0.5537590000000001
v -1.108927 -1.157421 0.5563380000000001
v -1.108927 -1.157421 0.5563380000000001
v -1.147119 -1.196378 -0.016424999999999926
v -1.130695 -1.172405 -0.019003999999999927
v -1.376886 -0.674452 0.6341
v -1.392381 -0.707014 0.549306
v -1.364076 -0.700428 0.546726
v -1.418554 -0.703362 -0.02603699999999996
v -1.364076 -0.700428 0.546726
v -1.392381 -0.707014 0.549306
v -1.392381 -0.707014 0.549306
v -1.446858 -0.709946 -0.023457999999999955
v -1.418554 -0.703362 -0.02603699999999996
v -1.205863 -1.025245 0.6179890000000001
v -1.221357 -1.057808 0.5331950000000001
v -1.193054 -1.05122 0.5306160000000001
v -1.247532 -1.054156 -0.042146999999999935
v -1.193054 -1.05122 0.5306160000000001
v -1.221357 -1.057808 0.5331950000000001
v -1.221357 -1.057808 0.5331950000000001
v -1.275834 -1.06074 -0.03956799999999994
v -1.247532 -1.054156 -0.042146999999999935
v -1.391199 -0.30948899999999996 0.641132
v -1.406694 -0.34204999999999997 0.556338
v -1.37839 -0.33546499999999996 0.553759
v -1.432867 -0.338398 -0.01900399999999998
v -1.37839 -0.33546499999999996 0.553759
v -1.406694 -0.34204999999999997 0.556338
v -1.406694 -0.34204999999999997 0.556338
v -1.46117 -0.344984 -0.016424999999999978
v -1.432867 -0.338398 -0.01900399999999998
v -1.414307 0.72873 0.6341
v -1.442937 0.706806 0.549306
v -1.414742 0.69977 0.546726
v -1.464572 0.721984 -0.026037000000000046
v -1.414742 0.69977 0.546726
v -1.442937 0.706806 0.549306
v -1.442937 0.706806 0.549306
v -1.492765 0.729022 -0.023458000000000045
v -1.464572 0.721984 -0.026037000000000046
v -1.421928 0.33854200000000007 0.617989
v -1.450558 0.31661700000000004 0.533195
v -1.422363 0.3095840000000001 0.530616
v -1.472193 0.331796 -0.04214700000000002
v -1.422363 0.3095840000000001 0.530616
v -1.450558 0.31661700000000004 0.533195
v -1.450558 0.31661700000000004 0.533195
v -1.500387 0.338832 -0.03956800000000002
v -1.472193 0.331796 -0.04214700000000002
v -1.260736 1.060119 0.6411319999999999
v -1.289366 1.038197 0.5563379999999999
v -1.261172 1.03116 0.5537589999999999
v -1.311 1.053374 -0.019004000000000066
v -1.261172 1.03116 0.5537589999999999
v -1.289366 1.038197 0.5563379999999999
v -1.289366 1.038197 0.5563379999999999
v -1.339195 1.06041 -0.016425000000000065
v -1.311 1.053374 -0.019004000000000066
v -0.866188 1.431722 0.6340999999999999
v -0.901378 1.439595 0.5493059999999998
v -0.888669 1.413462 0.5467259999999999
v -0.903632 1.465926 -0.02603700000000009
v -0.888669 1.413462 0.5467259999999999
v -0.901378 1.439595 0.5493059999999998
v -0.901378 1.439595 0.5493059999999998
v -0.916339 1.49206 -0.02345800000000009
v -0.903632 1.465926 -0.02603700000000009
v -1.170218 1.187038 0.6179889999999999
v -1.205409 1.194911 0.5331949999999999
v -1.192698 1.168779 0.5306159999999999
v -1.207663 1.221243 -0.04214700000000007
v -1.192698 1.168779 0.5306159999999999
v -1.205409 1.194911 0.5331949999999999
v -1.205409 1.194911 0.5331949999999999
v -1.220371 1.247375 -0.039568000000000075
v -1.207663 1.221243 -0.04214700000000007
v -0.513525 1.526761 0.6411319999999999
v -0.548715 1.534635 0.5563379999999999
v -0.536007 1.508501 0.5537589999999999
v -0.55097 1.560964 -0.019004000000000097
v -0.536007 1.508501 0.5537589999999999
v -0.548715 1.534635 0.5563379999999999
v -0.548715 1.534635 0.5563379999999999
v -0.563679 1.587098 -0.016425000000000096
v -0.55097 1.560964 -0.019004000000000097
v 1.669336 1.543103 0.6340999999999999
v 1.673265 1.578949 0.5493059999999998
v 1.648699 1.563425 0.5467259999999999
v 1.699184 1.584105 -0.026037000000000098
v 1.648699 1.563425 0.5467259999999999
v 1.673265 1.578949 0.5493059999999998
v 1.673265 1.578949 0.5493059999999998
v 1.72375 1.599627 -0.023458000000000097
v 1.699184 1.584105 -0.026037000000000098
v 1.449319 1.751029 0.6179889999999999
v 1.453246 1.786875 0.5331949999999999
v 1.428683 1.771349 0.5306159999999999
v 1.479167 1.792032 -0.04214700000000011
v 1.428683 1.771349 0.5306159999999999
v 1.453246 1.786875 0.5331949999999999
v 1.453246 1.786875 0.5331949999999999
v 1.503732 1.807555 -0.03956800000000011
v 1.479167 1.792032 -0.04214700000000011
v 1.757883 1.26133 0.6411319999999999
v 1.761812 1.297175 0.5563379999999999
v 1.737246 1.281652 0.5537589999999999
v 1.78773 1.302331 -0.01900400000000008
v 1.737246 1.281652 0.5537589999999999
v 1.761812 1.297175 0.5563379999999999
v 1.761812 1.297175 0.5563379999999999
v 1.812296 1.317855 -0.01642500000000008
v 1.78773 1.302331 -0.01900400000000008
v 1.901492 0.748107 0.6341
v 1.9232 0.776901 0.549306
v 1.894151 0.776124 0.546727
v 1.948111 0.768075 -0.02603700000000005
v 1.894151 0.776124 0.546727
v 1.9232 0.776901 0.549306
v 1.9232 0.776901 0.549306
v 1.977159 0.768851 -0.023458000000000048
v 1.948111 0.768075 -0.02603700000000005
v 1.804271 1.126065 0.6179889999999999
v 1.825978 1.15486 0.5331949999999999
v 1.79693 1.154081 0.5306159999999999
v 1.85089 1.146034 -0.042147000000000066
v 1.79693 1.154081 0.5306159999999999
v 1.825978 1.15486 0.5331949999999999
v 1.825978 1.15486 0.5331949999999999
v 1.879938 1.146811 -0.03956800000000007
v 1.85089 1.146034 -0.042147000000000066
v 1.842345 0.38768400000000003 0.641132
v 1.864053 0.41647700000000004 0.556338
v 1.835004 0.41570100000000004 0.553759
v 1.888962 0.407652 -0.019004000000000024
v 1.835004 0.41570100000000004 0.553759
v 1.864053 0.41647700000000004 0.556338
v 1.864053 0.41647700000000004 0.556338
v 1.918012 0.40843 -0.016425000000000023
v 1.888962 0.407652 -0.019004000000000024
v -0.632102 0.395792 0.315735
v -0.776431 0.402642 0.371385
v -0.627127 0.360958 0.372602
v -0.627127 0.360958 0.372602
v -0.567681 0.369221 0.331632
v -0.632102 0.395792 0.315735
v -0.632102 0.395792 0.315735
v -0.567681 0.369221 0.331632
v -0.627127 0.360958 0.372602
v -0.627127 0.360958 0.372602
v -0.776431 0.402642 0.371385
v -0.632102 0.395792 0.315735
v -1.268969 1.557963 0.19418799999999992
v -1.224522 1.568606 0.1949609999999999
v -1.256793 1.598309 0.2900359999999999
v 1.884695 1.883263 0.14308799999999988
v 1.86006 1.911649 0.13858599999999988
v 1.906428 1.937522 0.20713599999999988
v 1.86006 1.911649 0.13858599999999988
v 1.884695 1.883263 0.14308799999999988
v 1.906428 1.937522 0.20713599999999988
v 2.074924 1.484257 0.2398369999999999
v 2.077869 1.525903 0.2348369999999999
v 2.134613 1.509805 0.31098199999999987
v 2.077869 1.525903 0.2348369999999999
v 2.074924 1.484257 0.2398369999999999
v 2.134613 1.509805 0.31098199999999987
v 1.650428 -1.251981 0.1447980000000001
v 1.647482 -1.293627 0.14979900000000007
v 1.707172 -1.268079 0.22094400000000008
v 1.444726 -1.67465 0.2534500000000001
v 1.403458 -1.703067 0.2646610000000001
v 1.474206 -1.72322 0.3564290000000001
v -0.78693 1.787646 0.1604439999999999
v -0.756301 1.792145 0.1623819999999999
v -0.780893 1.828605 0.21818599999999988
v 1.01644 1.883007 0.6340999999999999
v 0.990141 1.907679 0.5493059999999998
v 0.987797 1.878714 0.5467269999999999
v 1.001588 1.931499 -0.02603700000000012
v 0.987797 1.878714 0.5467269999999999
v 0.990141 1.907679 0.5493059999999998
v 0.990141 1.907679 0.5493059999999998
v 1.003934 1.960462 -0.02345800000000012
v 1.001588 1.931499 -0.02603700000000012
v 0.768375 1.823897 0.6179889999999999
v 0.742076 1.848569 0.5331949999999999
v 0.739733 1.819604 0.5306159999999999
v 0.753523 1.872389 -0.042147000000000115
v 0.739733 1.819604 0.5306159999999999
v 0.742076 1.848569 0.5331949999999999
v 0.742076 1.848569 0.5331949999999999
v 0.755868 1.901353 -0.03956800000000012
v 0.753523 1.872389 -0.042147000000000115
v 1.299061 1.781734 0.6411319999999999
v 1.272763 1.806407 0.5563379999999999
v 1.270417 1.777442 0.5537589999999999
v 1.284209 1.830225 -0.01900400000000011
v 1.270417 1.777442 0.5537589999999999
v 1.272763 1.806407 0.5563379999999999
v 1.272763 1.806407 0.5563379999999999
v 1.286553 1.85919 -0.016425000000000113
v 1.284209 1.830225 -0.01900400000000011
v 0.149463 0.054208000000000006 0.162892
v 0.161977 0.04877300000000001 0.227279
v 0.212944 0.08783600000000001 0.230927
v 0.212944 0.08783600000000001 0.230927
v 0.216702 0.10574200000000002 0.167705
v 0.149463 0.054208000000000006 0.162892
v 0.149463 0.054208000000000006 0.162892
v 0.216702 0.10574200000000002 0.167705
v 0.217554 0.10734400000000001 0.138662
v 0.217554 0.10734400000000001 0.138662
v 0.150315 0.055810000000000005 0.13385
v 0.149463 0.054208000000000006 0.162892
v -0.650482 0.382752 0.347437
v -0.531356 0.357083 0.335517
v -0.529529 0.373081 0.331276
v 0.227226 -0.210098 0.21635
v 0.121876 -0.203657 0.213604
v 0.126554 -0.20919 0.0035370000000000132
v 0.126554 -0.20919 0.0035370000000000132
v 0.23194 -0.21573 0.006286000000000013
v 0.121876 -0.203657 0.213604
v 0.127686 -0.09871399999999998 0.210909
v 0.132274 -0.104322 0.0008420000000000064
v 0.132274 -0.104322 0.0008420000000000064
v 0.126554 -0.20919 0.0035370000000000132
v 0.127686 -0.09871399999999998 0.210909
v 0.232978 -0.10513599999999998 0.213653
v 0.237585 -0.110838 0.003589000000000007
v 0.237585 -0.110838 0.003589000000000007
v 0.132274 -0.104322 0.0008420000000000064
v 1.484279 1.739902 0.2634269999999999
v 1.349813 1.659794 -0.012441000000000103
v 1.395703 1.688251 -0.012664000000000104
v 1.530168 1.768359 0.2632049999999999
v 1.484279 1.739902 0.2634269999999999
v 1.664177 1.760458 -0.06278400000000012
v 1.86006 1.911649 0.13858599999999988
v 1.884695 1.883263 0.14308799999999988
v 1.696437 1.723285 -0.056888000000000105
v 1.664177 1.760458 -0.06278400000000012
v 1.805255 1.561008 0.011150999999999904
v 2.077869 1.525903 0.2348369999999999
v 2.074924 1.484257 0.2398369999999999
v 1.801397 1.506471 0.017699999999999907
v 1.805255 1.561008 0.011150999999999904
v 0.323382 -0.068785 -0.009773999999999996
v 0.379268 -0.148675 -0.00988299999999999
v 0.368827 -0.212907 0.201309
v 0.368827 -0.212907 0.201309
v 0.259147 -0.055220999999999985 0.202276
v 0.379268 -0.148675 -0.00988299999999999
v 0.459045 -0.092726 -0.009884999999999994
v 0.52505 -0.10237699999999998 0.201288
v 0.52505 -0.10237699999999998 0.201288
v 0.368827 -0.212907 0.201309
v 0.170686 -0.345107 0.20572900000000002
v 0.074449 -0.388449 0.20298300000000002
v 0.081165 -0.391168 -0.007083999999999976
v 0.081165 -0.391168 -0.007083999999999976
v 0.17748 -0.347897 -0.004334999999999979
v 0.074449 -0.388449 0.20298300000000002
v 0.030739 -0.292865 0.20028800000000002
v 0.037409 -0.295693 -0.009778999999999982
v 0.037409 -0.295693 -0.009778999999999982
v 0.081165 -0.391168 -0.007083999999999976
v 0.030739 -0.292865 0.20028800000000002
v 0.126915 -0.249534 0.20303200000000002
v 0.133647 -0.252435 -0.0070319999999999844
v 0.133647 -0.252435 -0.0070319999999999844
v 0.037409 -0.295693 -0.009778999999999982
v 0.201162 -0.01304099999999999 0.160698
v 0.201165 -0.002200999999999986 0.225616
v 0.161977 0.04877300000000001 0.227279
v 0.149463 0.054208000000000006 0.162892
v 0.201162 -0.01304099999999999 0.160698
v 0.201162 -0.01304099999999999 0.160698
v 0.150315 0.055810000000000005 0.13385
v 0.202014 -0.01143899999999999 0.131656
v 0.201162 -0.01304099999999999 0.160698
v 0.268401 0.038493000000000006 0.165511
v 0.252131 0.03686200000000001 0.229264
v 0.201165 -0.002200999999999986 0.225616
v 0.201162 -0.01304099999999999 0.160698
v 0.268401 0.038493000000000006 0.165511
v 0.414937 -1.611106 0.6341000000000001
v 0.382929 -1.610792 0.5475660000000001
v 0.388576 -1.639298 0.5501450000000001
v 0.384066 -1.665336 -0.0251979999999999
v 0.389713 -1.693841 -0.022618999999999896
v 0.389713 -1.693841 -0.022618999999999896
v 0.388576 -1.639298 0.5501450000000001
v 0.043878 -1.622441 0.6411320000000001
v 0.011868 -1.622128 0.5545980000000001
v 0.017516 -1.650632 0.5571770000000001
v 0.013007 -1.676671 -0.018164999999999897
v 0.018654 -1.705175 -0.015585999999999895
v 0.018654 -1.705175 -0.015585999999999895
v 0.017516 -1.650632 0.5571770000000001
v -0.862438 -1.382417 0.6341000000000001
v -0.884598 -1.359317 0.5475660000000001
v -0.901025 -1.383289 0.5501450000000001
v -0.922791 -1.398274 -0.025197999999999915
v -0.939216 -1.422246 -0.022618999999999913
v -0.939216 -1.422246 -0.022618999999999913
v -0.901025 -1.383289 0.5501450000000001
v -0.483949 -1.532303 0.6179890000000001
v -0.507821 -1.510977 0.5314550000000001
v -0.522354 -1.53614 0.5340340000000001
v -0.542902 -1.552756 -0.0413079999999999
v -0.557437 -1.577919 -0.0387289999999999
v -0.557437 -1.577919 -0.0387289999999999
v -0.522354 -1.53614 0.5340340000000001
v -1.119493 -1.122944 0.6411320000000001
v -1.141655 -1.099844 0.5545980000000001
v -1.158079 -1.123816 0.5571770000000001
v -1.179845 -1.138802 -0.01816499999999993
v -1.196271 -1.162773 -0.015585999999999928
v -1.196271 -1.162773 -0.015585999999999928
v -1.158079 -1.123816 0.5571770000000001
v -1.376886 -0.674452 0.6341
v -1.377627 -0.642451 0.547566
v -1.405931 -0.649035 0.550145
v -1.432103 -0.645384 -0.025197999999999963
v -1.460406 -0.651968 -0.02261899999999996
v -1.460406 -0.651968 -0.02261899999999996
v -1.405931 -0.649035 0.550145
v -1.205863 -1.025245 0.6179890000000001
v -1.206605 -0.993243 0.5314550000000001
v -1.234908 -0.999827 0.5340340000000001
v -1.26108 -0.996178 -0.041307999999999935
v -1.289384 -1.00276 -0.03872899999999994
v -1.289384 -1.00276 -0.03872899999999994
v -1.234908 -0.999827 0.5340340000000001
v -1.391199 -0.30948899999999996 0.641132
v -1.39194 -0.27748599999999995 0.554598
v -1.420243 -0.28406999999999993 0.557177
v -1.446417 -0.280421 -0.018164999999999983
v -1.474719 -0.287005 -0.015585999999999982
v -1.474719 -0.287005 -0.015585999999999982
v -1.420243 -0.28406999999999993 0.557177
v -1.414307 0.72873 0.6341
v -1.400384 0.757553 0.547566
v -1.428578 0.764591 0.550145
v -1.450212 0.779766 -0.02519800000000005
v -1.478406 0.786804 -0.02261900000000005
v -1.478406 0.786804 -0.02261900000000005
v -1.428578 0.764591 0.550145
v -1.421928 0.33854200000000007 0.617989
v -1.408004 0.3673660000000001 0.531455
v -1.436199 0.37440300000000004 0.534034
v -1.457832 0.389578 -0.04130800000000002
v -1.486026 0.396618 -0.03872900000000002
v -1.486026 0.396618 -0.03872900000000002
v -1.436199 0.37440300000000004 0.534034
v -1.260736 1.060119 0.6411319999999999
v -1.246812 1.088944 0.5545979999999999
v -1.275006 1.095981 0.5571769999999999
v -1.296641 1.111156 -0.01816500000000007
v -1.324834 1.118193 -0.015586000000000067
v -1.324834 1.118193 -0.015586000000000067
v -1.275006 1.095981 0.5571769999999999
v -0.866188 1.431722 0.6340999999999999
v -0.835151 1.439554 0.5475659999999999
v -0.847858 1.465688 0.5501449999999999
v -0.850114 1.492018 -0.025198000000000092
v -0.862821 1.518151 -0.022619000000000094
v -0.862821 1.518151 -0.022619000000000094
v -0.847858 1.465688 0.5501449999999999
v -1.170218 1.187038 0.6179889999999999
v -1.13918 1.194871 0.5314549999999999
v -1.151888 1.221004 0.5340339999999999
v -1.154144 1.247334 -0.041308000000000074
v -1.16685 1.273468 -0.038729000000000076
v -1.16685 1.273468 -0.038729000000000076
v -1.151888 1.221004 0.5340339999999999
v -0.513525 1.526761 0.6411319999999999
v -0.482487 1.534594 0.5545979999999999
v -0.495195 1.560727 0.5571769999999999
v -0.497451 1.587057 -0.018165000000000098
v -0.510159 1.613189 -0.015586000000000098
v -0.510159 1.613189 -0.015586000000000098
v -0.495195 1.560727 0.5571769999999999
v 1.669336 1.543103 0.6340999999999999
v 1.680556 1.513124 0.5475659999999999
v 1.705123 1.528647 0.5501449999999999
v 1.73104 1.533804 -0.025198000000000095
v 1.755606 1.549327 -0.022619000000000094
v 1.755606 1.549327 -0.022619000000000094
v 1.705123 1.528647 0.5501449999999999
v 1.449319 1.751029 0.6179889999999999
v 1.46054 1.721049 0.5314549999999999
v 1.485106 1.736572 0.5340339999999999
v 1.511023 1.74173 -0.0413080000000001
v 1.53559 1.757252 -0.03872900000000011
v 1.53559 1.757252 -0.03872900000000011
v 1.485106 1.736572 0.5340339999999999
v 1.757883 1.26133 0.6411319999999999
v 1.769104 1.23135 0.5545979999999999
v 1.793669 1.246873 0.5571769999999999
v 1.819587 1.252031 -0.018165000000000077
v 1.844152 1.267554 -0.015586000000000077
v 1.844152 1.267554 -0.015586000000000077
v 1.793669 1.246873 0.5571769999999999
v 1.901492 0.748107 0.6341
v 1.895802 0.716607 0.547566
v 1.924852 0.717381 0.550145
v 1.949761 0.708559 -0.025198000000000047
v 1.978809 0.709334 -0.022619000000000045
v 1.978809 0.709334 -0.022619000000000045
v 1.924852 0.717381 0.550145
v 1.804271 1.126065 0.6179889999999999
v 1.798581 1.094563 0.5314549999999999
v 1.82763 1.09534 0.5340339999999999
v 1.852539 1.086517 -0.04130800000000007
v 1.881588 1.087291 -0.03872900000000007
v 1.881588 1.087291 -0.03872900000000007
v 1.82763 1.09534 0.5340339999999999
v 1.842345 0.38768400000000003 0.641132
v 1.836655 0.3561830000000001 0.554598
v 1.865703 0.35695800000000005 0.557177
v 1.890613 0.348135 -0.01816500000000002
v 1.919661 0.348912 -0.01558600000000002
v 1.919661 0.348912 -0.01558600000000002
v 1.865703 0.35695800000000005 0.557177
v 1.01644 1.883007 0.6340999999999999
v 1.047147 1.873969 0.5475659999999999
v 1.049494 1.902934 0.5501449999999999
v 1.060938 1.926753 -0.02519800000000012
v 1.063284 1.955717 -0.02261900000000012
v 1.063284 1.955717 -0.02261900000000012
v 1.049494 1.902934 0.5501449999999999
v 0.768375 1.823897 0.6179889999999999
v 0.799084 1.81486 0.5314549999999999
v 0.801429 1.843824 0.5340339999999999
v 0.812874 1.867643 -0.04130800000000011
v 0.815221 1.896607 -0.03872900000000012
v 0.815221 1.896607 -0.03872900000000012
v 0.801429 1.843824 0.5340339999999999
v 1.299061 1.781734 0.6411319999999999
v 1.32977 1.772697 0.5545979999999999
v 1.332115 1.801661 0.5571769999999999
v 1.34356 1.825481 -0.01816500000000011
v 1.345905 1.854445 -0.015586000000000112
v 1.345905 1.854445 -0.015586000000000112
v 1.332115 1.801661 0.5571769999999999
v -1.349285 1.230546 0.23583099999999993
v -0.625379 1.618457 0.0825139999999999
v -0.579703 1.682484 0.0394319999999999
v -1.379721 1.352912 0.14335799999999993
v -1.349285 1.230546 0.23583099999999993
v -0.595922 1.756453 -0.007360000000000108
v -0.478537 1.530753 -0.007360000000000094
v -0.454028 1.718155 -0.007360000000000105
v -0.625379 1.618457 0.0825139999999999
v -1.398507 1.443801 -0.007360000000000089
v -1.198626 1.209525 -0.007360000000000074
v -1.568892 1.295351 -0.007360000000000079
v -1.349285 1.230546 0.23583099999999993
v -1.46869 0.923365 0.16573399999999994
v -1.367427 0.817505 -0.0073600000000000505
v -1.465004 0.308729 -0.007360000000000019
v -1.489887 1.221954 0.14989999999999992
v -1.349285 1.230546 0.23583099999999993
v -1.349285 1.230546 0.23583099999999993
v -1.57693 0.905516 0.15480499999999994
v -1.702868 1.071608 -0.007360000000000066
v -1.690217 0.799971 -0.007360000000000049
v -1.57693 0.905516 0.15480499999999994
v -1.682961 0.465027 -0.007360000000000029
v -1.56256 0.511911 0.08712699999999997
v -1.586247 0.303954 -0.0073600000000000184
v -0.713898 -1.222426 0.5991370000000001
v -0.713898 -1.257629 0.6004620000000002
v -0.565174 -1.264398 0.6004620000000002
v -0.565174 -1.229195 0.5991370000000001
v -0.717995 -1.255002 0.5991370000000001
v -0.693102 -1.23011 0.6004620000000002
v -1.095647 -0.794575 0.600462
v -1.12054 -0.819468 0.599137
v -1.057126 -0.67927 0.599137
v -1.091794 -0.673157 0.600462
v -1.124286 -0.818446 0.600462
v -1.089617 -0.82456 0.599137
v -0.841982 -0.49324399999999996 0.599137
v -0.866874 -0.46835199999999994 0.600462
v -1.092671 -0.674342 0.600462
v -1.067779 -0.699234 0.599137
v -0.717678 -0.50171 0.599137
v -0.717677 -0.46650699999999995 0.600462
v -0.866402 -0.45973899999999995 0.600462
v -0.866402 -0.49494299999999997 0.599137
v -0.713581 -0.46913499999999997 0.599137
v -0.738473 -0.49402699999999994 0.600462
v -0.335928 -0.929562 0.6004620000000002
v -0.311036 -0.904669 0.599137
v -0.374449 -1.044867 0.5991370000000001
v -0.339781 -1.05098 0.6004620000000002
v -0.30729 -0.905691 0.600462
v -0.341959 -0.899577 0.599137
v -0.589594 -1.230893 0.5991370000000001
v -0.564701 -1.255785 0.6004620000000002
v -0.338904 -1.049795 0.6004620000000002
v -0.363796 -1.024902 0.5991370000000001
v -0.703276 -1.252353 0.5904720000000001
v -0.735581 -1.238367 0.5891470000000001
v -0.595333 -1.013501 0.7725430000000001
v -0.563027 -1.027487 0.7738680000000001
v -0.735581 -1.238367 0.5891470000000001
v -0.703276 -1.252353 0.5904720000000001
v -0.563027 -1.027487 0.7738680000000001
v -0.595333 -1.013501 0.7725430000000001
v -0.328624 -0.888832 0.590472
v -0.316147 -0.92175 0.5891470000000001
v -0.576416 -1.026062 0.7725430000000001
v -0.588894 -0.993144 0.7738680000000001
v -0.316147 -0.92175 0.5891470000000001
v -0.328624 -0.888832 0.590472
v -0.588894 -0.993144 0.7738680000000001
v -0.576416 -1.026062 0.7725430000000001
v -0.343978 -1.027791 0.5904720000000001
v -0.349631 -1.062537 0.5891470000000001
v -0.587887 -1.022393 0.7725430000000001
v -0.582235 -0.987647 0.7738680000000001
v -0.349631 -1.062537 0.5891470000000001
v -0.343978 -1.027791 0.5904720000000001
v -0.582235 -0.987647 0.7738680000000001
v -0.587887 -1.022393 0.7725430000000001
v -0.55998 -1.244031 0.5904720000000001
v -0.59495 -1.248071 0.5891470000000001
v -0.59011 -1.012853 0.7725430000000001
v -0.55514 -1.008812 0.7738680000000001
v -0.59495 -1.248071 0.5891470000000001
v -0.55998 -1.244031 0.5904720000000001
v -0.55514 -1.008812 0.7738680000000001
v -0.59011 -1.012853 0.7725430000000001
v -0.728102 -0.4736389999999999 0.590472
v -0.695796 -0.48762599999999995 0.589147
v -0.836045 -0.712491 0.772543
v -0.868351 -0.698505 0.773868
v -0.695796 -0.48762599999999995 0.589147
v -0.728102 -0.4736389999999999 0.590472
v -0.868351 -0.698505 0.773868
v -0.836045 -0.712491 0.772543
v -1.102753 -0.83716 0.590472
v -1.11523 -0.804243 0.589147
v -0.854961 -0.699931 0.772543
v -0.842483 -0.732848 0.773868
v -1.11523 -0.804243 0.589147
v -1.102753 -0.83716 0.590472
v -0.842483 -0.732848 0.773868
v -0.854961 -0.699931 0.772543
v -1.0874 -0.698201 0.590472
v -1.081747 -0.663455 0.589147
v -0.84349 -0.703599 0.772543
v -0.849143 -0.738346 0.773868
v -1.081747 -0.663455 0.589147
v -1.0874 -0.698201 0.590472
v -0.849143 -0.738346 0.773868
v -0.84349 -0.703599 0.772543
v -0.871397 -0.4819609999999999 0.590472
v -0.836427 -0.47792099999999993 0.589147
v -0.841268 -0.713139 0.772543
v -0.876238 -0.71718 0.773868
v -0.836427 -0.47792099999999993 0.589147
v -0.871397 -0.4819609999999999 0.590472
v -0.876238 -0.71718 0.773868
v -0.841268 -0.713139 0.772543
v -0.5682 -1.021327 0.9866100000000001
v -0.5682 -1.021327 -0.02861099999999994
v -0.591844 -0.995212 -0.02861099999999994
v -0.591843 -0.9952119999999999 0.9866100000000001
v -0.842383 -0.7225099999999999 0.957516
v -0.842383 -0.72251 -0.028873999999999955
v -0.866027 -0.696394 -0.02887399999999996
v -0.866027 -0.6963939999999998 0.957516
v -0.848869 -0.695682 0.772543
v -0.873761 -0.720574 0.773869
v -0.585468 -1.027282 0.7738680000000001
v -0.560576 -1.00239 0.7725430000000001
v -0.744371 -0.4782449999999999 0.595196
v -0.709167 -0.47691999999999996 0.595196
v -0.679762 -0.390601 -0.028610999999999977
v -0.714965 -0.391926 -0.028610999999999977
v -0.709167 -0.47691999999999996 0.595196
v -0.744371 -0.4782449999999999 0.595196
v -0.714965 -0.391926 -0.028610999999999977
v -0.679762 -0.390601 -0.028610999999999977
v -0.884957 -0.47958599999999996 0.595196
v -0.849754 -0.47826099999999994 0.595196
v -0.871319 -0.364233 -0.02861099999999998
v -0.906522 -0.365559 -0.02861099999999998
v -0.849754 -0.47826099999999994 0.595196
v -0.884957 -0.47958599999999996 0.595196
v -0.906522 -0.365559 -0.02861099999999998
v -0.871319 -0.364233 -0.02861099999999998
v -1.084931 -0.661194 0.595196
v -1.083605 -0.696397 0.595196
v -1.201098 -0.66375 -0.02861099999999996
v -1.202423 -0.628547 -0.028610999999999963
v -1.083605 -0.696397 0.595196
v -1.084931 -0.661194 0.595196
v -1.202423 -0.628547 -0.028610999999999963
v -1.201098 -0.66375 -0.02861099999999996
v -1.109767 -0.797855 0.595196
v -1.108441 -0.833058 0.595196
v -1.162935 -0.857025 -0.02861099999999995
v -1.16426 -0.821822 -0.02861099999999995
v -1.108441 -0.833058 0.595196
v -1.109767 -0.797855 0.595196
v -1.16426 -0.821822 -0.02861099999999995
v -1.162935 -0.857025 -0.02861099999999995
v -0.717012 -1.252973 0.5951960000000001
v -0.681808 -1.251647 0.5951960000000001
v -0.71711 -1.316 -0.02861099999999992
v -0.752313 -1.317326 -0.02861099999999992
v -0.681808 -1.251647 0.5951960000000001
v -0.717012 -1.252973 0.5951960000000001
v -0.752313 -1.317326 -0.02861099999999992
v -0.71711 -1.316 -0.02861099999999992
v -0.584615 -1.241441 0.5951960000000001
v -0.549412 -1.240116 0.5951960000000001
v -0.534001 -1.368568 -0.028610999999999918
v -0.569204 -1.369894 -0.028610999999999918
v -0.549412 -1.240116 0.5951960000000001
v -0.584615 -1.241441 0.5951960000000001
v -0.569204 -1.369894 -0.028610999999999918
v -0.534001 -1.368568 -0.028610999999999918
v -0.324018 -0.896361 0.595196
v -0.322693 -0.931565 0.5951960000000001
v -0.259695 -0.912343 -0.028610999999999946
v -0.26102 -0.87714 -0.02861099999999995
v -0.322693 -0.931565 0.5951960000000001
v -0.324018 -0.896361 0.595196
v -0.26102 -0.87714 -0.02861099999999995
v -0.259695 -0.912343 -0.028610999999999946
v -0.358034 -1.029868 0.5951960000000001
v -0.356708 -1.065071 0.5951960000000001
v -0.24537 -1.112142 -0.02861099999999993
v -0.246695 -1.076939 -0.028610999999999935
v -0.356708 -1.065071 0.5951960000000001
v -0.358034 -1.029868 0.5951960000000001
v -0.246695 -1.076939 -0.028610999999999935
v -0.24537 -1.112142 -0.02861099999999993
v -0.5682 -1.021327 -0.02861099999999994
v -0.5682 -1.021327 0.9866100000000001
v -0.591843 -0.9952119999999999 0.9866100000000001
v -0.591844 -0.995212 -0.02861099999999994
v -0.842383 -0.72251 -0.028873999999999955
v -0.842383 -0.7225099999999999 0.957516
v -0.866027 -0.6963939999999998 0.957516
v -0.866027 -0.696394 -0.02887399999999996
v 0.003658 0.780213 0.02698599999999995
v -0.007205 0.767873 0.020346999999999952
v 0.728582 0.183805 0.02707099999999999
v 0.740509 0.19692 0.03066099999999999
v 0.372621 0.669641 0.011223999999999958
v 0.362741 0.656488 0.00460799999999996
v 1.144393 0.135384 -0.0011980000000000083
v 1.155234 0.149417 0.002362999999999991
v 0.036149 0.596102 0.0022269999999999634
v 0.029153 0.580167 0.005932999999999964
v 0.813085 0.061892 0.011985999999999997
v 0.82563 0.077833 0.0074029999999999955
v 0.041351 0.907344 0.0022269999999999443
v 0.037347 0.890408 0.005932999999999945
v 0.901977 0.522207 0.011985999999999969
v 0.911438 0.540151 0.007402999999999967
v -0.210245 0.868828 0.0006769999999999467
v -0.21811 0.853343 0.004543999999999948
v 0.674107 0.182905 0.043190999999999986
v 0.687536 0.198105 0.038595999999999984
v -0.034354 0.918277 0.0006769999999999437
v -0.042273 0.902819 0.004543999999999945
v 0.712876 0.344741 0.04319099999999998
v 0.726357 0.359894 0.03859599999999998
v -0.115394 0.905861 0.0006769999999999445
v -0.122765 0.890135 0.004543999999999946
v 0.651511 0.358912 0.04319099999999998
v 0.664451 0.37453 0.03859599999999998
v 0.03615 0.846251 0.002226999999999948
v 0.029153 0.830316 0.005932999999999949
v 0.813085 0.312041 0.011985999999999981
v 0.825631 0.327982 0.00740299999999998
v -0.206499 0.789067 0.0022269999999999517
v -0.212901 0.772883 0.005932999999999952
v 0.627875 0.251412 0.011985999999999985
v 0.639822 0.267806 0.007402999999999983
v -0.106047 0.828759 0.002226999999999949
v -0.112054 0.812425 0.0059329999999999505
v 0.702136 0.343115 0.01198599999999998
v 0.713683 0.359794 0.007402999999999978
v -0.062705 0.780075 0.0022279999999999522
v -0.07026 0.764397 0.005932999999999953
v 0.694839 0.218703 0.011985999999999986
v 0.707941 0.234191 0.007402999999999985
v 1.360313 1.82804 0.25411499999999987
v 1.36612 1.878975 0.2590469999999999
v 0.702098 1.944279 0.2401499999999999
v 0.696292 1.893346 0.2352179999999999
v 0.702098 1.944279 0.2401499999999999
v 0.719315 1.993274 -0.2861450000000001
v 0.713507 1.942339 -0.2910760000000001
v 0.696292 1.893346 0.2352179999999999
v 1.377528 1.877035 -0.2721790000000001
v 1.360313 1.82804 0.25411499999999987
v 0.696292 1.893346 0.2352179999999999
v 0.713507 1.942339 -0.2910760000000001
v 1.360313 1.82804 0.25411499999999987
v 1.377528 1.877035 -0.2721790000000001
v 1.383337 1.92797 -0.2672470000000001
v 1.36612 1.878975 0.2590469999999999
v 0.719315 1.993274 -0.2861450000000001
v 0.702098 1.944279 0.2401499999999999
v 1.36612 1.878975 0.2590469999999999
v 1.383337 1.92797 -0.2672470000000001
v 1.810074 1.227969 0.39058899999999996
v 1.853598 1.255055 0.39552099999999996
v 1.488017 1.83376 0.3766229999999999
v 1.444493 1.806674 0.3716919999999999
v 1.488017 1.83376 0.3766229999999999
v 1.537108 1.8507 -0.1496710000000001
v 1.493583 1.823614 -0.1546030000000001
v 1.444493 1.806674 0.3716919999999999
v 1.859164 1.244909 -0.13570500000000008
v 1.810074 1.227969 0.39058899999999996
v 1.444493 1.806674 0.3716919999999999
v 1.493583 1.823614 -0.1546030000000001
v 1.810074 1.227969 0.39058899999999996
v 1.859164 1.244909 -0.13570500000000008
v 1.90269 1.271995 -0.13077300000000008
v 1.853598 1.255055 0.39552099999999996
v 1.537108 1.8507 -0.1496710000000001
v 1.488017 1.83376 0.3766229999999999
v 1.853598 1.255055 0.39552099999999996
v 1.90269 1.271995 -0.13077300000000008
v -0.259767 0.334204 0.15455499999999997
v -0.259767 0.334204 -0.0056760000000000204
v -0.294029 0.158573 -0.005676000000000009
v -0.294029 0.158573 0.154555
v -0.294029 0.158573 0.154555
v -0.294029 0.158573 -0.005676000000000009
v -0.007702 0.115498 -0.0056760000000000066
v -0.007702 0.11549800000000002 0.154555
v -0.007702 0.11549800000000002 0.154555
v -0.007702 0.115498 -0.0056760000000000066
v 0.026957 0.291774 -0.005676000000000018
v 0.026957 0.291774 0.15455499999999997
v 0.026957 0.291774 0.15455499999999997
v 0.026957 0.291774 -0.005676000000000018
v -0.259767 0.334204 -0.0056760000000000204
v -0.259767 0.334204 0.15455499999999997
v -0.007702 0.11549800000000002 0.154555
v 0.026957 0.291774 0.15455499999999997
v -0.259767 0.334204 0.15455499999999997
v -0.294029 0.158573 0.154555
v 0.054883 0.290039 0.15230099999999996
v 0.054883 0.290039 -0.011120000000000017
v 0.079287 0.467309 -0.011120000000000027
v 0.079287 0.467308 0.15230099999999996
v 0.079287 0.467308 0.15230099999999996
v 0.079287 0.467309 -0.011120000000000027
v -0.114898 0.496574 -0.011120000000000031
v -0.114898 0.496574 0.15230099999999996
v -0.114898 0.496574 0.15230099999999996
v -0.114898 0.496574 -0.011120000000000031
v -0.139664 0.318639 -0.011120000000000019
v -0.139664 0.318638 0.15230099999999996
v -0.139664 0.318638 0.15230099999999996
v -0.139664 0.318639 -0.011120000000000019
v 0.054883 0.290039 -0.011120000000000017
v 0.054883 0.290039 0.15230099999999996
v -0.114898 0.496574 0.15230099999999996
v -0.139664 0.318638 0.15230099999999996
v 0.054883 0.290039 0.15230099999999996
v 0.079287 0.467308 0.15230099999999996
v 0.056971 0.01872800000000001 0.125389
v 0.056971 0.018728 -0.004203000000000001
v 0.228352 -0.032737 -0.004202999999999998
v 0.228351 -0.032736999999999995 0.125389
v 0.228351 -0.032736999999999995 0.125389
v 0.228352 -0.032737 -0.004202999999999998
v 0.291371 0.181118 -0.004203000000000011
v 0.291371 0.181118 0.125389
v 0.291371 0.181118 0.125389
v 0.291371 0.181118 -0.004203000000000011
v 0.119388 0.233044 -0.004203000000000014
v 0.119388 0.233044 0.12538899999999997
v 0.119388 0.233044 0.12538899999999997
v 0.119388 0.233044 -0.004203000000000014
v 0.056971 0.018728 -0.004203000000000001
v 0.056971 0.01872800000000001 0.125389
v 0.291371 0.181118 0.125389
v 0.119388 0.233044 0.12538899999999997
v 0.056971 0.01872800000000001 0.125389
v 0.228351 -0.032736999999999995 0.125389
v 0.043843 0.304706 0.297792
v 0.043843 0.304706 0.16819999999999996
v 0.068247 0.481975 0.16819999999999996
v 0.068247 0.481974 0.29779199999999995
v 0.068247 0.481974 0.29779199999999995
v 0.068247 0.481975 0.16819999999999996
v -0.152771 0.511241 0.16819999999999996
v -0.152771 0.51124 0.29779199999999995
v -0.152771 0.51124 0.29779199999999995
v -0.152771 0.511241 0.16819999999999996
v -0.177537 0.333305 0.16819999999999996
v -0.177537 0.333305 0.297792
v -0.177537 0.333305 0.297792
v -0.177537 0.333305 0.16819999999999996
v 0.043843 0.304706 0.16819999999999996
v 0.043843 0.304706 0.297792
v -0.152771 0.51124 0.29779199999999995
v -0.177537 0.333305 0.297792
v 0.043843 0.304706 0.297792
v 0.068247 0.481974 0.29779199999999995
v 0.227226 -0.210098 0.21635
v 0.232978 -0.10513599999999998 0.213653
v 0.127686 -0.09871399999999998 0.210909
v 0.121876 -0.203657 0.213604
v 0.232978 -0.10513599999999998 0.213653
v 0.227226 -0.210098 0.21635
v 0.23194 -0.21573 0.006286000000000013
v 0.237585 -0.110838 0.003589000000000007
v -0.358632 0.447512 0.009054999999999973
v -0.373606 0.444425 0.0010039999999999728
v -0.363263 -0.420641 0.012919000000000026
v -0.344448 -0.421833 0.022374000000000026
v -0.478424 0.450677 0.004125999999999973
v -0.49559 0.449782 0.003851999999999972
v -0.409338 -0.410649 0.023616000000000026
v -0.39075 -0.409921 0.020662000000000024
v 0.066777 -1.642344 0.2699410000000001
v 0.040394 -1.488065 -0.005926999999999909
v -0.005485 -1.498219 -0.006330999999999908
v 0.020897 -1.652497 0.26953700000000014
v -0.478871 -1.561293 0.2638310000000001
v -0.397066 -1.427858 -0.012036999999999914
v -0.438267 -1.405266 -0.012440999999999914
v -0.520075 -1.538704 0.26342700000000013
v -1.117705 -1.153231 0.26994100000000004
v -1.025878 -1.02648 -0.0059269999999999375
v -1.065222 -1.000787 -0.006330999999999938
v -1.157049 -1.127537 0.2695370000000001
v -1.22356 -1.048762 0.26383100000000004
v -1.070238 -1.017313 -0.012036999999999938
v -1.081895 -0.971794 -0.012440999999999942
v -1.235222 -1.003242 0.2634270000000001
v -1.410337 -0.333032 0.269941
v -1.257011 -0.30158 -0.005926999999999982
v -1.268671 -0.256061 -0.006330999999999984
v -1.421996 -0.287511 0.269537
v -1.448397 0.325674 0.263831
v -1.297588 0.283799 -0.012037000000000018
v -1.287222 0.329629 -0.012441000000000021
v -1.438035 0.371506 0.263427
v -1.2885 1.047885 0.26994099999999993
v -1.137686 1.00601 -0.0059270000000000616
v -1.127322 1.051843 -0.006331000000000064
v -1.278134 1.093717 0.26953699999999997
v -1.308486 1.121874 0.27982299999999993
v -1.358516 1.133053 0.2847549999999999
v -1.53882 0.308607 0.265857
v -1.48879 0.297428 0.260926
v -1.53882 0.308607 0.265857
v -1.585711 0.330927 -0.260437
v -1.535681 0.319746 -0.265369
v -1.48879 0.297428 0.260926
v -1.355377 1.144192 -0.24647100000000008
v -1.308486 1.121874 0.27982299999999993
v -1.48879 0.297428 0.260926
v -1.535681 0.319746 -0.265369
v -1.308486 1.121874 0.27982299999999993
v -1.355377 1.144192 -0.24647100000000008
v -1.405408 1.155373 -0.2415400000000001
v -1.358516 1.133053 0.2847549999999999
v -1.585711 0.330927 -0.260437
v -1.53882 0.308607 0.265857
v -1.358516 1.133053 0.2847549999999999
v -1.405408 1.155373 -0.2415400000000001
v -1.197079 1.199069 0.2638309999999999
v -1.132353 1.056564 -0.012037000000000065
v -1.090561 1.078043 -0.012441000000000067
v -1.155288 1.220552 0.26342699999999997
v -0.540731 1.540191 0.2699409999999999
v -0.476002 1.397684 -0.005927000000000086
v -0.43421 1.419165 -0.0063310000000000866
v -0.498939 1.561672 0.2695369999999999
v 1.458301 1.779057 0.26383099999999987
v 1.32384 1.69895 -0.012037000000000105
v 1.349813 1.659794 -0.012441000000000103
v 1.484279 1.739902 0.2634269999999999
v 1.768218 1.289855 0.26994099999999993
v 1.633754 1.209746 -0.005927000000000074
v 1.659731 1.170589 -0.006331000000000072
v 1.794194 1.250698 0.26953699999999997
v 1.826324 1.145556 0.2638309999999999
v 1.669809 1.145485 -0.01203700000000007
v 1.672103 1.098553 -0.012441000000000068
v 1.828623 1.098623 0.26342699999999997
v 1.865814 0.406911 0.269941
v 1.709296 0.406838 -0.005927000000000025
v 1.711593 0.359905 -0.0063310000000000215
v 1.868111 0.359977 0.269537
v 1.874759 0.33290200000000003 0.512236
v 1.925955 0.33553900000000003 0.517168
v 1.878727 1.178148 0.49826999999999994
v 1.827531 1.175511 0.49333899999999997
v 1.878727 1.178148 0.49826999999999994
v 1.929884 1.169211 -0.028024000000000073
v 1.878687 1.166575 -0.03295600000000007
v 1.827531 1.175511 0.49333899999999997
v 1.925915 0.323967 -0.014058000000000018
v 1.874759 0.33290200000000003 0.512236
v 1.827531 1.175511 0.49333899999999997
v 1.878687 1.166575 -0.03295600000000007
v 1.874759 0.33290200000000003 0.512236
v 1.925915 0.323967 -0.014058000000000018
v 1.977113 0.326602 -0.00912700000000002
v 1.925955 0.33553900000000003 0.517168
v 1.929884 1.169211 -0.028024000000000073
v 1.878727 1.178148 0.49826999999999994
v 1.925955 0.33553900000000003 0.517168
v 1.977113 0.326602 -0.00912700000000002
v -0.136604 0.380487 0.15455499999999997
v -0.136604 0.380487 -0.005676000000000023
v -0.106789 0.556928 -0.0056760000000000334
v -0.106789 0.556928 0.15455499999999997
v -0.106789 0.556928 0.15455499999999997
v -0.106789 0.556928 -0.0056760000000000334
v -0.298621 0.585073 -0.005676000000000035
v -0.29862 0.585073 0.15455499999999997
v -0.29862 0.585073 0.15455499999999997
v -0.298621 0.585073 -0.005676000000000035
v -0.328817 0.407977 -0.005676000000000025
v -0.328817 0.407977 0.15455499999999997
v -0.328817 0.407977 0.15455499999999997
v -0.328817 0.407977 -0.005676000000000025
v -0.136604 0.380487 -0.005676000000000023
v -0.136604 0.380487 0.15455499999999997
v -0.29862 0.585073 0.15455499999999997
v -0.328817 0.407977 0.15455499999999997
v -0.136604 0.380487 0.15455499999999997
v -0.106789 0.556928 0.15455499999999997
v -1.170558 1.386568 -0.051456000000000085
v -1.224522 1.568606 0.1949609999999999
v -1.268969 1.557963 0.19418799999999992
v -1.228762 1.372631 -0.052470000000000086
v 1.696437 1.723285 -0.056888000000000105
v 1.884695 1.883263 0.14308799999999988
v 1.86006 1.911649 0.13858599999999988
v 1.664177 1.760458 -0.06278400000000012
v 1.801397 1.506471 0.017699999999999907
v 2.074924 1.484257 0.2398369999999999
v 2.077869 1.525903 0.2348369999999999
v 1.805255 1.561008 0.011150999999999904
v 1.373956 -1.271414 -0.07233799999999992
v 1.647482 -1.293627 0.14979900000000007
v 1.650428 -1.251981 0.1447980000000001
v 1.377814 -1.216876 -0.07888699999999993
v 1.209546 -1.481029 -0.04992199999999991
v 1.403458 -1.703067 0.2646610000000001
v 1.444726 -1.67465 0.2534500000000001
v 1.26359 -1.443815 -0.06460399999999991
v -0.73879 1.599067 -0.011530000000000097
v -0.756301 1.792145 0.1623819999999999
v -0.78693 1.787646 0.1604439999999999
v -0.7789 1.593176 -0.014067000000000097
v 0.328055 -0.06472199999999997 0.381981
v 0.381896 -0.14268799999999998 0.38053
v 0.458362 -0.08797399999999997 0.380499
v 0.404521 -0.010007999999999977 0.38195
v 0.384452 -0.12470799999999999 0.289579
v 0.381896 -0.14268799999999998 0.38053
v 0.328055 -0.06472199999999997 0.381981
v 0.34624 -0.06961499999999998 0.290279
v 0.368827 -0.212907 0.201309
v 0.384452 -0.12470799999999999 0.289579
v 0.259147 -0.055220999999999985 0.202276
v 0.400611 -0.03097799999999998 0.290264
v 0.404521 -0.010007999999999977 0.38195
v 0.458362 -0.08797399999999997 0.380499
v 0.438823 -0.08607199999999998 0.289564
v 0.400611 -0.03097799999999998 0.290264
v 0.52505 -0.10237699999999998 0.201288
v 0.41537 0.05531000000000001 0.202255
v 0.41537 0.05531000000000001 0.202255
v 0.459045 -0.092726 -0.009884999999999994
v 0.403163 -0.012835 -0.009776
v 0.41537 0.05531000000000001 0.202255
v 0.403163 -0.012835 -0.009776
v 0.323382 -0.068785 -0.009773999999999996
v 0.259147 -0.055220999999999985 0.202276
v 0.41537 0.05531000000000001 0.202255
v 0.34624 -0.06961499999999998 0.290279
v 0.400611 -0.03097799999999998 0.290264
v 0.404521 -0.010007999999999977 0.38195
v 0.400611 -0.03097799999999998 0.290264
v 0.328055 -0.06472199999999997 0.381981
v 0.751363 1.847914 0.26383099999999987
v 0.734639 1.692295 -0.012037000000000105
v 0.781547 1.68954 -0.012441000000000105
v 0.798271 1.845164 0.2634269999999999
v 1.282463 1.807132 0.2699409999999999
v 1.265741 1.651509 -0.0059270000000001015
v 1.31265 1.648757 -0.0063310000000001004
v 1.329372 1.804379 0.2695369999999999
v 1.874759 0.33290200000000003 0.512236
v 1.925955 0.33553900000000003 0.517168
v 1.878727 1.178148 0.49826999999999994
v 1.827531 1.175511 0.49333899999999997
v 1.878727 1.178148 0.49826999999999994
v 1.929884 1.169211 -0.028024000000000073
v 1.878687 1.166575 -0.03295600000000007
v 1.827531 1.175511 0.49333899999999997
v 1.925915 0.323967 -0.014058000000000018
v 1.874759 0.33290200000000003 0.512236
v 1.827531 1.175511 0.49333899999999997
v 1.878687 1.166575 -0.03295600000000007
v 1.874759 0.33290200000000003 0.512236
v 1.925915 0.323967 -0.014058000000000018
v 1.977113 0.326602 -0.00912700000000002
v 1.925955 0.33553900000000003 0.517168
v 1.929884 1.169211 -0.028024000000000073
v 1.878727 1.178148 0.49826999999999994
v 1.925955 0.33553900000000003 0.517168
v 1.977113 0.326602 -0.00912700000000002
v 0.170686 -0.345107 0.20572900000000002
v 0.126915 -0.249534 0.20303200000000002
v 0.030739 -0.292865 0.20028800000000002
v 0.074449 -0.388449 0.20298300000000002
v 0.126915 -0.249534 0.20303200000000002
v 0.170686 -0.345107 0.20572900000000002
v 0.17748 -0.347897 -0.004334999999999979
v 0.133647 -0.252435 -0.0070319999999999844
v 0.212944 0.08783600000000001 0.230927
v 0.161977 0.04877300000000001 0.227279
v 0.201165 -0.002200999999999986 0.225616
v 0.252131 0.03686200000000001 0.229264
v 0.268401 0.038493000000000006 0.165511
v 0.201162 -0.01304099999999999 0.160698
v 0.202014 -0.01143899999999999 0.131656
v 0.269253 0.040095000000000006 0.136469
v -0.422825 0.527071 0.014645999999999966
v -0.434083 0.524846 0.0016869999999999678
v -0.35687 -0.340901 0.02732500000000002
v -0.342567 -0.338172 0.03903200000000002
v -0.529529 0.373081 0.331276
v -0.531356 0.357083 0.335517
v 1.103926 0.110026 0.025811999999999995
v 1.108061 0.132902 0.020692999999999993
v 1.143766 -0.847812 0.05013500000000005
v 1.21424 -0.79934 0.026506000000000047
v 1.12352 -0.801927 0.05068700000000005
v 0.753753 -0.980054 0.04887100000000006
v 0.681056 -0.952336 0.04973100000000005
v 1.136828 -0.987713 0.041140000000000065
v 1.207302 -0.939241 0.017511000000000058
v 1.116582 -0.941828 0.041692000000000055
v 0.746815 -1.119956 0.03987500000000007
v 0.674118 -1.092237 0.04073500000000007
v 1.095095 -0.945517 0.03456400000000005
v 1.168391 -0.901426 0.010935000000000056
v 1.077681 -0.898484 0.03511600000000006
v 0.697754 -1.053764 0.033300000000000066
v 0.626879 -1.021671 0.034160000000000065
v 0.414937 -1.611106 0.6341000000000001
v 0.388576 -1.639298 0.5501450000000001
v 0.44697 -1.627666 0.5493060000000001
v 0.389713 -1.693841 -0.022618999999999896
v 0.448106 -1.682209 -0.023457999999999896
v 0.043878 -1.622441 0.6411320000000001
v 0.017516 -1.650632 0.5571770000000001
v 0.075911 -1.638999 0.5563380000000001
v 0.018654 -1.705175 -0.015585999999999895
v 0.077048 -1.693543 -0.016424999999999895
v -0.862438 -1.382417 0.6341000000000001
v -0.901025 -1.383289 0.5501450000000001
v -0.851873 -1.416894 0.5493060000000001
v -0.939216 -1.422246 -0.022618999999999913
v -0.890066 -1.45585 -0.02345799999999991
v -0.483949 -1.532303 0.6179890000000001
v -0.522354 -1.53614 0.5340340000000001
v -0.470761 -1.565865 0.5331950000000001
v -0.557437 -1.577919 -0.0387289999999999
v -0.505845 -1.607645 -0.0395679999999999
v -1.119493 -1.122944 0.6411320000000001
v -1.158079 -1.123816 0.5571770000000001
v -1.108927 -1.157421 0.5563380000000001
v -1.196271 -1.162773 -0.015585999999999928
v -1.147119 -1.196378 -0.016424999999999926
v -1.376886 -0.674452 0.6341
v -1.405931 -0.649035 0.550145
v -1.392381 -0.707014 0.549306
v -1.460406 -0.651968 -0.02261899999999996
v -1.446858 -0.709946 -0.023457999999999955
v -1.205863 -1.025245 0.6179890000000001
v -1.234908 -0.999827 0.5340340000000001
v -1.221357 -1.057808 0.5331950000000001
v -1.289384 -1.00276 -0.03872899999999994
v -1.275834 -1.06074 -0.03956799999999994
v -1.391199 -0.30948899999999996 0.641132
v -1.420243 -0.28406999999999993 0.557177
v -1.406694 -0.34204999999999997 0.556338
v -1.474719 -0.287005 -0.015585999999999982
v -1.46117 -0.344984 -0.016424999999999978
v -1.414307 0.72873 0.6341
v -1.428578 0.764591 0.550145
v -1.442937 0.706806 0.549306
v -1.478406 0.786804 -0.02261900000000005
v -1.492765 0.729022 -0.023458000000000045
v -1.421928 0.33854200000000007 0.617989
v -1.436199 0.37440300000000004 0.534034
v -1.450558 0.31661700000000004 0.533195
v -1.486026 0.396618 -0.03872900000000002
v -1.500387 0.338832 -0.03956800000000002
v -1.260736 1.060119 0.6411319999999999
v -1.275006 1.095981 0.5571769999999999
v -1.289366 1.038197 0.5563379999999999
v -1.324834 1.118193 -0.015586000000000067
v -1.339195 1.06041 -0.016425000000000065
v -0.866188 1.431722 0.6340999999999999
v -0.847858 1.465688 0.5501449999999999
v -0.901378 1.439595 0.5493059999999998
v -0.862821 1.518151 -0.022619000000000094
v -0.916339 1.49206 -0.02345800000000009
v -1.170218 1.187038 0.6179889999999999
v -1.151888 1.221004 0.5340339999999999
v -1.205409 1.194911 0.5331949999999999
v -1.16685 1.273468 -0.038729000000000076
v -1.220371 1.247375 -0.039568000000000075
v -0.513525 1.526761 0.6411319999999999
v -0.495195 1.560727 0.5571769999999999
v -0.548715 1.534635 0.5563379999999999
v -0.510159 1.613189 -0.015586000000000098
v -0.563679 1.587098 -0.016425000000000096
v 1.669336 1.543103 0.6340999999999999
v 1.705123 1.528647 0.5501449999999999
v 1.673265 1.578949 0.5493059999999998
v 1.755606 1.549327 -0.022619000000000094
v 1.72375 1.599627 -0.023458000000000097
v 1.449319 1.751029 0.6179889999999999
v 1.485106 1.736572 0.5340339999999999
v 1.453246 1.786875 0.5331949999999999
v 1.53559 1.757252 -0.03872900000000011
v 1.503732 1.807555 -0.03956800000000011
v 1.757883 1.26133 0.6411319999999999
v 1.793669 1.246873 0.5571769999999999
v 1.761812 1.297175 0.5563379999999999
v 1.844152 1.267554 -0.015586000000000077
v 1.812296 1.317855 -0.01642500000000008
v 1.901492 0.748107 0.6341
v 1.924852 0.717381 0.550145
v 1.9232 0.776901 0.549306
v 1.978809 0.709334 -0.022619000000000045
v 1.977159 0.768851 -0.023458000000000048
v 1.804271 1.126065 0.6179889999999999
v 1.82763 1.09534 0.5340339999999999
v 1.825978 1.15486 0.5331949999999999
v 1.881588 1.087291 -0.03872900000000007
v 1.879938 1.146811 -0.03956800000000007
v 1.842345 0.38768400000000003 0.641132
v 1.865703 0.35695800000000005 0.557177
v 1.864053 0.41647700000000004 0.556338
v 1.919661 0.348912 -0.01558600000000002
v 1.918012 0.40843 -0.016425000000000023
v 1.01644 1.883007 0.6340999999999999
v 1.049494 1.902934 0.5501449999999999
v 0.990141 1.907679 0.5493059999999998
v 1.063284 1.955717 -0.02261900000000012
v 1.003934 1.960462 -0.02345800000000012
v 0.768375 1.823897 0.6179889999999999
v 0.801429 1.843824 0.5340339999999999
v 0.742076 1.848569 0.5331949999999999
v 0.815221 1.896607 -0.03872900000000012
v 0.755868 1.901353 -0.03956800000000012
v 1.299061 1.781734 0.6411319999999999
v 1.332115 1.801661 0.5571769999999999
v 1.272763 1.806407 0.5563379999999999
v 1.345905 1.854445 -0.015586000000000112
v 1.286553 1.85919 -0.016425000000000113
v 0.212944 0.08783600000000001 0.230927
v 0.252131 0.03686200000000001 0.229264
v 0.268401 0.038493000000000006 0.165511
v 0.216702 0.10574200000000002 0.167705
v 0.269253 0.040095000000000006 0.136469
v 0.217554 0.10734400000000001 0.138662
v 0.634247 -1.359412 0.027628000000000083
v 0.722368 -1.33832 0.04383400000000008
v 0.69077 -1.287888 0.041851000000000076
v 1.177469 -0.98106 0.045697000000000064
v 1.209067 -1.031491 0.04768000000000006
v 0.652338 -1.24198 0.002421000000000076
v 0.742558 -1.233571 0.018627000000000078
v 0.718414 -1.179174 0.016644000000000072
v 1.243635 -0.944309 0.02049000000000006
v 1.267778 -0.998704 0.022474000000000063
v 0.60408 -1.334441 0.0024210000000000815
v 0.694687 -1.335197 0.018627000000000084
v 0.676167 -1.278638 0.01664400000000008
v 1.222444 -1.098083 0.020490000000000067
v 1.240964 -1.154641 0.02247400000000007
v 0.520191 -1.493176 0.02495400000000009
v 0.605229 -1.473678 0.05430100000000009
v 0.583568 -1.426127 0.025742000000000088
v 1.102754 -1.178643 0.04095200000000007
v 1.124414 -1.226192 0.06951000000000007
v 0.271088 -0.444151 -0.013683999999999972
v 0.359635 -0.443175 -0.014900999999999972
v 0.364353 -0.4327 0.31304
v 0.275694 -0.433651 0.314257
v 0.207901 -0.381607 -0.014958999999999978
v 0.212416 -0.371149 0.312985
v 0.20711 -0.292233 -0.017976999999999983
v 0.211602 -0.281852 0.30997
v 0.269183 -0.228419 -0.020967999999999987
v 0.273732 -0.21809199999999998 0.306979
v 0.357734 -0.227468 -0.022183999999999985
v 0.362394 -0.21716099999999997 0.305763
v 0.420906 -0.289916 -0.020912999999999984
v 0.425659 -0.279588 0.307032
v 0.421694 -0.379265 -0.017895999999999974
v 0.42647 -0.368865 0.310046
v 0.364353 -0.4327 0.31304
v 0.359635 -0.443175 -0.014900999999999972
v 0.414937 -1.611106 0.6341000000000001
v 0.441321 -1.599159 0.5467260000000002
v 0.382929 -1.610792 0.5475660000000001
v 0.384066 -1.665336 -0.0251979999999999
v 0.442458 -1.653705 -0.0260369999999999
v 0.043878 -1.622441 0.6411320000000001
v 0.070262 -1.610495 0.5537590000000001
v 0.011868 -1.622128 0.5545980000000001
v 0.013007 -1.676671 -0.018164999999999897
v 0.071399 -1.665038 -0.0190039999999999
v -0.862438 -1.382417 0.6341000000000001
v -0.835448 -1.39292 0.5467260000000002
v -0.884598 -1.359317 0.5475660000000001
v -0.922791 -1.398274 -0.025197999999999915
v -0.87364 -1.431879 -0.026036999999999914
v -0.483949 -1.532303 0.6179890000000001
v -0.456231 -1.540699 0.5306160000000001
v -0.507821 -1.510977 0.5314550000000001
v -0.542902 -1.552756 -0.0413079999999999
v -0.491313 -1.582481 -0.0421469999999999
v -1.119493 -1.122944 0.6411320000000001
v -1.092502 -1.133449 0.5537590000000001
v -1.141655 -1.099844 0.5545980000000001
v -1.179845 -1.138802 -0.01816499999999993
v -1.130695 -1.172405 -0.019003999999999927
v -1.376886 -0.674452 0.6341
v -1.364076 -0.700428 0.546726
v -1.377627 -0.642451 0.547566
v -1.432103 -0.645384 -0.025197999999999963
v -1.418554 -0.703362 -0.02603699999999996
v -1.205863 -1.025245 0.6179890000000001
v -1.193054 -1.05122 0.5306160000000001
v -1.206605 -0.993243 0.5314550000000001
v -1.26108 -0.996178 -0.041307999999999935
v -1.247532 -1.054156 -0.042146999999999935
v -1.391199 -0.30948899999999996 0.641132
v -1.37839 -0.33546499999999996 0.553759
v -1.39194 -0.27748599999999995 0.554598
v -1.446417 -0.280421 -0.018164999999999983
v -1.432867 -0.338398 -0.01900399999999998
v -1.414307 0.72873 0.6341
v -1.414742 0.69977 0.546726
v -1.400384 0.757553 0.547566
v -1.450212 0.779766 -0.02519800000000005
v -1.464572 0.721984 -0.026037000000000046
v -1.421928 0.33854200000000007 0.617989
v -1.422363 0.3095840000000001 0.530616
v -1.408004 0.3673660000000001 0.531455
v -1.457832 0.389578 -0.04130800000000002
v -1.472193 0.331796 -0.04214700000000002
v -1.260736 1.060119 0.6411319999999999
v -1.261172 1.03116 0.5537589999999999
v -1.246812 1.088944 0.5545979999999999
v -1.296641 1.111156 -0.01816500000000007
v -1.311 1.053374 -0.019004000000000066
v -0.866188 1.431722 0.6340999999999999
v -0.888669 1.413462 0.5467259999999999
v -0.835151 1.439554 0.5475659999999999
v -0.850114 1.492018 -0.025198000000000092
v -0.903632 1.465926 -0.02603700000000009
v -1.170218 1.187038 0.6179889999999999
v -1.192698 1.168779 0.5306159999999999
v -1.13918 1.194871 0.5314549999999999
v -1.154144 1.247334 -0.041308000000000074
v -1.207663 1.221243 -0.04214700000000007
v -0.513525 1.526761 0.6411319999999999
v -0.536007 1.508501 0.5537589999999999
v -0.482487 1.534594 0.5545979999999999
v -0.497451 1.587057 -0.018165000000000098
v -0.55097 1.560964 -0.019004000000000097
v 1.669336 1.543103 0.6340999999999999
v 1.648699 1.563425 0.5467259999999999
v 1.680556 1.513124 0.5475659999999999
v 1.73104 1.533804 -0.025198000000000095
v 1.699184 1.584105 -0.026037000000000098
v 1.449319 1.751029 0.6179889999999999
v 1.428683 1.771349 0.5306159999999999
v 1.46054 1.721049 0.5314549999999999
v 1.511023 1.74173 -0.0413080000000001
v 1.479167 1.792032 -0.04214700000000011
v 1.757883 1.26133 0.6411319999999999
v 1.737246 1.281652 0.5537589999999999
v 1.769104 1.23135 0.5545979999999999
v 1.819587 1.252031 -0.018165000000000077
v 1.78773 1.302331 -0.01900400000000008
v 1.901492 0.748107 0.6341
v 1.894151 0.776124 0.546727
v 1.895802 0.716607 0.547566
v 1.949761 0.708559 -0.025198000000000047
v 1.948111 0.768075 -0.02603700000000005
v 1.804271 1.126065 0.6179889999999999
v 1.79693 1.154081 0.5306159999999999
v 1.798581 1.094563 0.5314549999999999
v 1.852539 1.086517 -0.04130800000000007
v 1.85089 1.146034 -0.042147000000000066
v 1.842345 0.38768400000000003 0.641132
v 1.835004 0.41570100000000004 0.553759
v 1.836655 0.3561830000000001 0.554598
v 1.890613 0.348135 -0.01816500000000002
v 1.888962 0.407652 -0.019004000000000024
v 1.01644 1.883007 0.6340999999999999
v 0.987797 1.878714 0.5467269999999999
v 1.047147 1.873969 0.5475659999999999
v 1.060938 1.926753 -0.02519800000000012
v 1.001588 1.931499 -0.02603700000000012
v 0.768375 1.823897 0.6179889999999999
v 0.739733 1.819604 0.5306159999999999
v 0.799084 1.81486 0.5314549999999999
v 0.812874 1.867643 -0.04130800000000011
v 0.753523 1.872389 -0.042147000000000115
v 1.299061 1.781734 0.6411319999999999
v 1.270417 1.777442 0.5537589999999999
v 1.32977 1.772697 0.5545979999999999
v 1.34356 1.825481 -0.01816500000000011
v 1.284209 1.830225 -0.01900400000000011
v 0.368827 -0.212907 0.201309
v 0.52505 -0.10237699999999998 0.201288
v 0.438823 -0.08607199999999998 0.289564
v 0.384452 -0.12470799999999999 0.289579
v 0.381896 -0.14268799999999998 0.38053
v 0.384452 -0.12470799999999999 0.289579
v 0.458362 -0.08797399999999997 0.380499
v -1.355252 -0.544656 -0.007359999999999967
v -1.370495 -0.234489 -0.0073599999999999855
v -1.397777 -0.857126 0.20357800000000006
v -1.45855 -0.124013 -0.007359999999999992
v -1.562865 -0.313397 0.06061700000000002
v -1.565456 -0.172116 0.0028550000000000103
v -1.640993 -0.318898 -0.00735999999999998
v -1.397777 -0.857126 0.20357800000000006
v -1.642618 -0.788482 -0.007359999999999952
v -1.469398 -1.16089 0.06457700000000006
v -1.613185 -1.151267 -0.00735999999999993
v -1.358558 -1.337585 0.11669900000000008
v -1.517778 -1.386406 -0.007359999999999915
v -1.387663 -1.473765 -0.00735999999999991
v -0.909682 -1.77463 -0.007359999999999892
v -0.79914 -1.773173 -0.007359999999999892
v -1.270296 -1.203838 0.2703400000000001
v -0.676301 -1.558231 -0.007359999999999905
v -1.235029 -1.062261 -0.007359999999999935
v -0.003696 0.017178000000000016 0.25955
v -0.023536 0.07823900000000002 0.143278
v -0.085067 0.08646600000000002 0.25955
v 0.048246 -0.02056099999999999 0.143278
v 0.003302 0.022262000000000004 0.070516
v 0.037056 -0.08162299999999999 0.25955
v 0.028406 -0.081623 0.05774100000000001
v 0.048246 -0.142684 0.143278
v -0.003696 -0.18042199999999997 0.25955
v 0.003302 -0.185507 0.07051600000000001
v -0.023536 -0.241484 0.14327800000000002
v -0.085068 -0.24971099999999996 0.25955
v -0.08774 -0.241484 0.057741000000000015
v -0.139683 -0.279222 0.14327800000000002
v -0.191625 -0.24148399999999998 0.25955
v -0.194298 -0.249711 0.07051600000000001
v -0.255829 -0.241484 0.14327800000000002
v -0.282667 -0.18550699999999998 0.25955
v -0.275669 -0.180422 0.057741000000000015
v -0.327611 -0.142684 0.143278
v -0.307771 -0.08162299999999999 0.25955
v -0.316421 -0.081623 0.070516
v -0.327611 -0.02056099999999999 0.143278
v -0.282667 0.022262000000000018 0.25955
v -0.275669 0.017178000000000002 0.057741
v -0.255829 0.07823900000000002 0.143278
v -0.191625 0.07823900000000002 0.25955
v -0.194298 0.086465 0.070516
v -0.139683 0.11597700000000001 0.143278
v -0.085067 0.08646600000000002 0.25955
v -0.087741 0.078239 0.057740999999999994
v -0.023536 0.07823900000000002 0.143278
v 0.003302 0.022262000000000004 0.070516
v 0.349181 -1.633399 -0.0073599999999999005
v 0.278117 -1.711627 -0.007359999999999895
v 0.423148 -1.875823 -0.007359999999999886
v 0.441036 -1.773234 0.06888400000000011
v 0.61344 -1.876455 -0.007359999999999886
v 0.526862 -1.662333 0.0728540000000001
v 0.421111 -1.542309 -0.007359999999999906
v 0.515504 -1.51849 -0.007359999999999907
v 1.004448 -1.357907 -0.007359999999999917
v 0.57176 -1.780371 0.09396400000000012
v 1.239012 -1.54043 0.15772200000000008
v 1.305228 -1.604796 -0.007359999999999902
v 1.11017 -1.426186 0.17103900000000008
v 1.257159 -1.186677 -0.007359999999999927
v 1.375597 -1.271142 0.07833500000000009
v 1.501589 -1.264079 -0.007359999999999923
v 1.463619 -1.145963 -0.00735999999999993
v 1.334256 -1.227792 0.10196400000000007
v 1.411737 -1.057574 -0.007359999999999935
v 0.362394 -0.21716099999999997 0.305763
v 0.42647 -0.368865 0.310046
v 0.425659 -0.279588 0.307032
v 0.275694 -0.433651 0.314257
v 0.364353 -0.4327 0.31304
v 0.211602 -0.281852 0.30997
v 0.212416 -0.371149 0.312985
v 0.273732 -0.21809199999999998 0.306979
v -0.307771 -0.08162299999999999 0.25955
v -0.282667 -0.18550699999999998 0.25955
v -0.191625 -0.24148399999999998 0.25955
v -0.191625 0.07823900000000002 0.25955
v -0.282667 0.022262000000000018 0.25955
v -0.085068 -0.24971099999999996 0.25955
v -0.003696 -0.18042199999999997 0.25955
v -0.003696 0.017178000000000016 0.25955
v 0.037056 -0.08162299999999999 0.25955
v -0.085067 0.08646600000000002 0.25955
vt 0.236757 0.575056
vt 0.239157 0.603871
vt 0.234534 0.603904
vt 0.235381 0.786326
vt 0.234534 0.603904
vt 0.239157 0.603871
vt 0.239157 0.603871
vt 0.240008 0.786289
vt 0.235381 0.786326
vt 0.269644 0.575138
vt 0.271940 0.603987
vt 0.267317 0.603954
vt 0.267506 0.786382
vt 0.267317 0.603954
vt 0.271940 0.603987
vt 0.271940 0.603987
vt 0.272133 0.786412
vt 0.267506 0.786382
vt 0.204118 0.575136
vt 0.206517 0.603951
vt 0.201894 0.603984
vt 0.202741 0.786406
vt 0.201894 0.603984
vt 0.206517 0.603951
vt 0.206517 0.603951
vt 0.207369 0.786369
vt 0.202741 0.786406
vt 0.236757 0.575056
vt 0.239157 0.603871
vt 0.234534 0.603904
vt 0.235381 0.786326
vt 0.234534 0.603904
vt 0.239157 0.603871
vt 0.239157 0.603871
vt 0.240008 0.786289
vt 0.235381 0.786326
vt 0.269644 0.575138
vt 0.271940 0.603987
vt 0.267317 0.603954
vt 0.267506 0.786382
vt 0.267317 0.603954
vt 0.271940 0.603987
vt 0.271940 0.603987
vt 0.272133 0.786412
vt 0.267506 0.786382
vt 0.204118 0.575136
vt 0.206517 0.603951
vt 0.201894 0.603984
vt 0.202741 0.786406
vt 0.201894 0.603984
vt 0.206517 0.603951
vt 0.206517 0.603951
vt 0.207369 0.786369
vt 0.202741 0.786406
vt 0.236757 0.575056
vt 0.239157 0.603871
vt 0.234534 0.603904
vt 0.235381 0.786326
vt 0.234534 0.603904
vt 0.239157 0.603871
vt 0.239157 0.603871
vt 0.240008 0.786289
vt 0.235381 0.786326
vt 0.269644 0.575138
vt 0.271940 0.603987
vt 0.267317 0.603954
vt 0.267506 0.786382
vt 0.267317 0.603954
vt 0.271940 0.603987
vt 0.271940 0.603987
vt 0.272133 0.786412
vt 0.267506 0.786382
vt 0.204118 0.575136
vt 0.206517 0.603951
vt 0.201894 0.603984
vt 0.202741 0.786406
vt 0.201894 0.603984
vt 0.206517 0.603951
vt 0.206517 0.603951
vt 0.207369 0.786369
vt 0.202741 0.786406
vt 0.236757 0.575056
vt 0.239157 0.603871
vt 0.234534 0.603904
vt 0.235381 0.786326
vt 0.234534 0.603904
vt 0.239157 0.603871
vt 0.239157 0.603871
vt 0.240008 0.786289
vt 0.235381 0.786326
vt 0.269644 0.575138
vt 0.271940 0.603987
vt 0.267317 0.603954
vt 0.267506 0.786382
vt 0.267317 0.603954
vt 0.271940 0.603987
vt 0.271940 0.603987
vt 0.272133 0.786412
vt 0.267506 0.786382
vt 0.204118 0.575136
vt 0.206517 0.603951
vt 0.201894 0.603984
vt 0.202741 0.786406
vt 0.201894 0.603984
vt 0.206517 0.603951
vt 0.206517 0.603951
vt 0.207369 0.786369
vt 0.202741 0.786406
vt 0.236757 0.575056
vt 0.239157 0.603871
vt 0.234534 0.603904
vt 0.235381 0.786326
vt 0.234534 0.603904
vt 0.239157 0.603871
vt 0.239157 0.603871
vt 0.240008 0.786289
vt 0.235381 0.786326
vt 0.269644 0.575138
vt 0.271940 0.603987
vt 0.267317 0.603954
vt 0.267506 0.786382
vt 0.267317 0.603954
vt 0.271940 0.603987
vt 0.271940 0.603987
vt 0.272133 0.786412
vt 0.267506 0.786382
vt 0.204118 0.575136
vt 0.206517 0.603951
vt 0.201894 0.603984
vt 0.202741 0.786406
vt 0.201894 0.603984
vt 0.206517 0.603951
vt 0.206517 0.603951
vt 0.207369 0.786369
vt 0.202741 0.786406
vt 0.236757 0.575056
vt 0.239157 0.603871
vt 0.234534 0.603904
vt 0.235381 0.786326
vt 0.234534 0.603904
vt 0.239157 0.603871
vt 0.239157 0.603871
vt 0.240008 0.786289
vt 0.235381 0.786326
vt 0.269644 0.575138
vt 0.271940 0.603987
vt 0.267317 0.603954
vt 0.267506 0.786382
vt 0.267317 0.603954
vt 0.271940 0.603987
vt 0.271940 0.603987
vt 0.272133 0.786412
vt 0.267506 0.786382
vt 0.204118 0.575136
vt 0.206517 0.603951
vt 0.201894 0.603984
vt 0.202741 0.786406
vt 0.201894 0.603984
vt 0.206517 0.603951
vt 0.206517 0.603951
vt 0.207369 0.786369
vt 0.202741 0.786406
vt 0.236757 0.575056
vt 0.239157 0.603871
vt 0.234534 0.603904
vt 0.235381 0.786326
vt 0.234534 0.603904
vt 0.239157 0.603871
vt 0.239157 0.603871
vt 0.240008 0.786289
vt 0.235381 0.786326
vt 0.269644 0.575138
vt 0.271940 0.603987
vt 0.267317 0.603954
vt 0.267506 0.786382
vt 0.267317 0.603954
vt 0.271940 0.603987
vt 0.271940 0.603987
vt 0.272133 0.786412
vt 0.267506 0.786382
vt 0.261197 0.427295
vt 0.291278 0.427321
vt 0.261197 0.403218
vt 0.261197 0.403218
vt 0.246607 0.427247
vt 0.261197 0.427295
vt 0.261197 0.427295
vt 0.246607 0.427247
vt 0.261197 0.451312
vt 0.261197 0.451312
vt 0.291278 0.427321
vt 0.261197 0.427295
vt 0.468123 0.667096
vt 0.466163 0.674548
vt 0.461468 0.622219
vt 0.466163 0.674548
vt 0.457300 0.674596
vt 0.461468 0.622219
vt 0.468123 0.667096
vt 0.466163 0.674548
vt 0.461468 0.622219
vt 0.466163 0.674548
vt 0.457300 0.674596
vt 0.461468 0.622219
vt 0.468123 0.667096
vt 0.466163 0.674548
vt 0.461468 0.622219
vt 0.468123 0.667096
vt 0.466163 0.674548
vt 0.461468 0.622219
vt 0.468123 0.667096
vt 0.466163 0.674548
vt 0.461468 0.622219
vt 0.468123 0.667096
vt 0.466163 0.674548
vt 0.461468 0.622219
vt 0.204118 0.575136
vt 0.206517 0.603951
vt 0.201894 0.603984
vt 0.202741 0.786406
vt 0.201894 0.603984
vt 0.206517 0.603951
vt 0.206517 0.603951
vt 0.207369 0.786369
vt 0.202741 0.786406
vt 0.236757 0.575056
vt 0.239157 0.603871
vt 0.234534 0.603904
vt 0.235381 0.786326
vt 0.234534 0.603904
vt 0.239157 0.603871
vt 0.239157 0.603871
vt 0.240008 0.786289
vt 0.235381 0.786326
vt 0.269644 0.575138
vt 0.271940 0.603987
vt 0.267317 0.603954
vt 0.267506 0.786382
vt 0.267317 0.603954
vt 0.271940 0.603987
vt 0.271940 0.603987
vt 0.272133 0.786412
vt 0.267506 0.786382
vt 0.444639 0.849610
vt 0.444632 0.817835
vt 0.463817 0.817836
vt 0.463817 0.817836
vt 0.463854 0.849611
vt 0.444639 0.849610
vt 0.444639 0.849610
vt 0.463854 0.849611
vt 0.463876 0.862409
vt 0.463876 0.862409
vt 0.444654 0.862412
vt 0.444639 0.849610
vt 0.995457 0.022595
vt 0.975038 0.008244
vt 0.975038 0.015208
vt 0.330849 0.802001
vt 0.354931 0.802001
vt 0.354931 0.869094
vt 0.354931 0.869094
vt 0.330849 0.869094
vt 0.354931 0.802001
vt 0.377356 0.802001
vt 0.377356 0.869094
vt 0.377356 0.869094
vt 0.354931 0.869094
vt 0.377356 0.802001
vt 0.401746 0.802001
vt 0.401746 0.869094
vt 0.401746 0.869094
vt 0.377356 0.869094
vt 0.194895 0.922589
vt 0.274264 0.922656
vt 0.274243 0.899089
vt 0.194873 0.899024
vt 0.194895 0.922589
vt 0.480819 0.701730
vt 0.417696 0.701730
vt 0.417696 0.678091
vt 0.480819 0.678091
vt 0.480819 0.701730
vt 0.480819 0.701730
vt 0.417696 0.701730
vt 0.417696 0.678091
vt 0.480819 0.678091
vt 0.480819 0.701730
vt 0.729938 0.406779
vt 0.703173 0.406779
vt 0.697782 0.342869
vt 0.697782 0.342869
vt 0.735060 0.342869
vt 0.692334 0.406779
vt 0.665080 0.406779
vt 0.660332 0.342869
vt 0.660332 0.342869
vt 0.697782 0.342869
vt 0.330849 0.802001
vt 0.354931 0.802001
vt 0.354931 0.869094
vt 0.354931 0.869094
vt 0.330849 0.869094
vt 0.354931 0.802001
vt 0.377356 0.802001
vt 0.377356 0.869094
vt 0.377356 0.869094
vt 0.354931 0.869094
vt 0.377356 0.802001
vt 0.401746 0.802001
vt 0.401746 0.869094
vt 0.401746 0.869094
vt 0.377356 0.869094
vt 0.425832 0.849710
vt 0.425849 0.817816
vt 0.444632 0.817835
vt 0.444639 0.849610
vt 0.425832 0.849710
vt 0.425832 0.849710
vt 0.444654 0.862412
vt 0.425833 0.862288
vt 0.425832 0.849710
vt 0.482620 0.849710
vt 0.482563 0.817816
vt 0.495680 0.816777
vt 0.498499 0.842349
vt 0.482620 0.849710
vt 0.250763 0.574772
vt 0.253219 0.603611
vt 0.248596 0.603746
vt 0.254076 0.786029
vt 0.249450 0.786162
vt 0.249450 0.786162
vt 0.248596 0.603746
vt 0.283651 0.575056
vt 0.286003 0.603930
vt 0.281379 0.603998
vt 0.286201 0.786356
vt 0.281575 0.786422
vt 0.281575 0.786422
vt 0.281379 0.603998
vt 0.218123 0.574852
vt 0.220579 0.603691
vt 0.215956 0.603825
vt 0.221436 0.786109
vt 0.216811 0.786242
vt 0.216811 0.786242
vt 0.215956 0.603825
vt 0.250763 0.574772
vt 0.253219 0.603611
vt 0.248596 0.603746
vt 0.254076 0.786029
vt 0.249450 0.786162
vt 0.249450 0.786162
vt 0.248596 0.603746
vt 0.283651 0.575056
vt 0.286003 0.603930
vt 0.281379 0.603998
vt 0.286201 0.786356
vt 0.281575 0.786422
vt 0.281575 0.786422
vt 0.281379 0.603998
vt 0.218123 0.574852
vt 0.220579 0.603691
vt 0.215956 0.603825
vt 0.221436 0.786109
vt 0.216811 0.786242
vt 0.216811 0.786242
vt 0.215956 0.603825
vt 0.250763 0.574772
vt 0.253219 0.603611
vt 0.248596 0.603746
vt 0.254076 0.786029
vt 0.249450 0.786162
vt 0.249450 0.786162
vt 0.248596 0.603746
vt 0.283651 0.575056
vt 0.286003 0.603930
vt 0.281379 0.603998
vt 0.286201 0.786356
vt 0.281575 0.786422
vt 0.281575 0.786422
vt 0.281379 0.603998
vt 0.218123 0.574852
vt 0.220579 0.603691
vt 0.215956 0.603825
vt 0.221436 0.786109
vt 0.216811 0.786242
vt 0.216811 0.786242
vt 0.215956 0.603825
vt 0.250763 0.574772
vt 0.253219 0.603611
vt 0.248596 0.603746
vt 0.254076 0.786029
vt 0.249450 0.786162
vt 0.249450 0.786162
vt 0.248596 0.603746
vt 0.283651 0.575056
vt 0.286003 0.603930
vt 0.281379 0.603998
vt 0.286201 0.786356
vt 0.281575 0.786422
vt 0.281575 0.786422
vt 0.281379 0.603998
vt 0.218123 0.574852
vt 0.220579 0.603691
vt 0.215956 0.603825
vt 0.221436 0.786109
vt 0.216811 0.786242
vt 0.216811 0.786242
vt 0.215956 0.603825
vt 0.250763 0.574772
vt 0.253219 0.603611
vt 0.248596 0.603746
vt 0.254076 0.786029
vt 0.249450 0.786162
vt 0.249450 0.786162
vt 0.248596 0.603746
vt 0.283651 0.575056
vt 0.286003 0.603930
vt 0.281379 0.603998
vt 0.286201 0.786356
vt 0.281575 0.786422
vt 0.281575 0.786422
vt 0.281379 0.603998
vt 0.218123 0.574852
vt 0.220579 0.603691
vt 0.215956 0.603825
vt 0.221436 0.786109
vt 0.216811 0.786242
vt 0.216811 0.786242
vt 0.215956 0.603825
vt 0.250763 0.574772
vt 0.253219 0.603611
vt 0.248596 0.603746
vt 0.254076 0.786029
vt 0.249450 0.786162
vt 0.249450 0.786162
vt 0.248596 0.603746
vt 0.283651 0.575056
vt 0.286003 0.603930
vt 0.281379 0.603998
vt 0.286201 0.786356
vt 0.281575 0.786422
vt 0.281575 0.786422
vt 0.281379 0.603998
vt 0.218123 0.574852
vt 0.220579 0.603691
vt 0.215956 0.603825
vt 0.221436 0.786109
vt 0.216811 0.786242
vt 0.216811 0.786242
vt 0.215956 0.603825
vt 0.250763 0.574772
vt 0.253219 0.603611
vt 0.248596 0.603746
vt 0.254076 0.786029
vt 0.249450 0.786162
vt 0.249450 0.786162
vt 0.248596 0.603746
vt 0.283651 0.575056
vt 0.286003 0.603930
vt 0.281379 0.603998
vt 0.286201 0.786356
vt 0.281575 0.786422
vt 0.281575 0.786422
vt 0.281379 0.603998
vt 0.218123 0.574852
vt 0.220579 0.603691
vt 0.215956 0.603825
vt 0.221436 0.786109
vt 0.216811 0.786242
vt 0.216811 0.786242
vt 0.215956 0.603825
vt 0.250763 0.574772
vt 0.253219 0.603611
vt 0.248596 0.603746
vt 0.254076 0.786029
vt 0.249450 0.786162
vt 0.249450 0.786162
vt 0.248596 0.603746
vt 0.283651 0.575056
vt 0.286003 0.603930
vt 0.281379 0.603998
vt 0.286201 0.786356
vt 0.281575 0.786422
vt 0.281575 0.786422
vt 0.281379 0.603998
vt 0.862330 0.750754
vt 0.968896 0.720876
vt 0.979253 0.729207
vt 0.870258 0.781570
vt 0.862330 0.750754
vt 0.983995 0.749406
vt 0.982232 0.680139
vt 0.996954 0.721286
vt 0.968896 0.720876
vt 0.878878 0.820850
vt 0.878945 0.690111
vt 0.846353 0.826079
vt 0.862330 0.750754
vt 0.824312 0.717664
vt 0.825408 0.659133
vt 0.763884 0.605663
vt 0.849192 0.777889
vt 0.862330 0.750754
vt 0.862330 0.750754
vt 0.813953 0.736426
vt 0.812239 0.803559
vt 0.786208 0.751168
vt 0.813953 0.736426
vt 0.756733 0.677629
vt 0.776206 0.663576
vt 0.752415 0.628775
vt 0.372779 0.086020
vt 0.372779 0.073147
vt 0.443867 0.073147
vt 0.443913 0.086020
vt 0.372779 0.086020
vt 0.372779 0.073147
vt 0.443867 0.073147
vt 0.443913 0.086020
vt 0.372779 0.086020
vt 0.372779 0.073147
vt 0.443867 0.073147
vt 0.443913 0.086020
vt 0.372779 0.086020
vt 0.372779 0.073147
vt 0.443867 0.073147
vt 0.443913 0.086020
vt 0.372779 0.086020
vt 0.372779 0.073147
vt 0.443867 0.073147
vt 0.443913 0.086020
vt 0.372779 0.086020
vt 0.372779 0.073147
vt 0.443867 0.073147
vt 0.443913 0.086020
vt 0.372779 0.086020
vt 0.372779 0.073147
vt 0.443867 0.073147
vt 0.443913 0.086020
vt 0.372779 0.086020
vt 0.372779 0.073147
vt 0.443867 0.073147
vt 0.443913 0.086020
vt 0.375796 0.093508
vt 0.372779 0.086020
vt 0.443913 0.086020
vt 0.446931 0.093508
vt 0.372779 0.086020
vt 0.372779 0.073147
vt 0.443867 0.073147
vt 0.443913 0.086020
vt 0.375201 0.093589
vt 0.372779 0.086020
vt 0.443913 0.086020
vt 0.446336 0.093589
vt 0.372779 0.086020
vt 0.372779 0.073147
vt 0.443867 0.073147
vt 0.443913 0.086020
vt 0.375906 0.093863
vt 0.372779 0.086020
vt 0.443913 0.086020
vt 0.447041 0.093863
vt 0.372779 0.086020
vt 0.372779 0.073147
vt 0.443867 0.073147
vt 0.443913 0.086020
vt 0.376293 0.093752
vt 0.372779 0.086020
vt 0.443913 0.086020
vt 0.447428 0.093752
vt 0.372779 0.086020
vt 0.372779 0.073147
vt 0.443867 0.073147
vt 0.443913 0.086020
vt 0.375796 0.093508
vt 0.372779 0.086020
vt 0.443913 0.086020
vt 0.446931 0.093508
vt 0.372779 0.086020
vt 0.372779 0.073147
vt 0.443867 0.073147
vt 0.443913 0.086020
vt 0.375201 0.093589
vt 0.372779 0.086020
vt 0.443913 0.086020
vt 0.446336 0.093589
vt 0.372779 0.086020
vt 0.372779 0.073147
vt 0.443867 0.073147
vt 0.443913 0.086020
vt 0.375906 0.093863
vt 0.372779 0.086020
vt 0.443913 0.086020
vt 0.447041 0.093863
vt 0.372779 0.086020
vt 0.372779 0.073147
vt 0.443867 0.073147
vt 0.443913 0.086020
vt 0.376293 0.093752
vt 0.372779 0.086020
vt 0.443913 0.086020
vt 0.447428 0.093752
vt 0.372779 0.086020
vt 0.372779 0.073147
vt 0.443867 0.073147
vt 0.443913 0.086020
vt 0.154005 0.549201
vt 0.006573 0.549201
vt 0.006573 0.560830
vt 0.154005 0.560830
vt 0.154005 0.549201
vt 0.006573 0.549201
vt 0.006573 0.560830
vt 0.154005 0.560830
vt 0.372779 0.086020
vt 0.372779 0.073147
vt 0.443867 0.073147
vt 0.443913 0.086020
vt 0.264775 0.073133
vt 0.266586 0.066603
vt 0.365024 0.066133
vt 0.365318 0.073133
vt 0.264775 0.087030
vt 0.264775 0.073133
vt 0.365318 0.073133
vt 0.365383 0.087030
vt 0.160044 0.092453
vt 0.158630 0.086246
vt 0.259238 0.086246
vt 0.258776 0.092957
vt 0.158630 0.086246
vt 0.158630 0.072349
vt 0.259173 0.072349
vt 0.259238 0.086246
vt 0.264775 0.093980
vt 0.264775 0.080080
vt 0.365383 0.080080
vt 0.365383 0.093980
vt 0.264775 0.080080
vt 0.264775 0.066185
vt 0.365253 0.066185
vt 0.365383 0.080080
vt 0.264775 0.093980
vt 0.264775 0.080080
vt 0.365383 0.080080
vt 0.365383 0.093980
vt 0.264775 0.080080
vt 0.264775 0.066185
vt 0.365253 0.066185
vt 0.365383 0.080080
vt 0.265228 0.094003
vt 0.264775 0.087030
vt 0.365383 0.087030
vt 0.365836 0.094002
vt 0.264775 0.087030
vt 0.264775 0.073133
vt 0.365318 0.073133
vt 0.365383 0.087030
vt 0.264775 0.073133
vt 0.265393 0.066042
vt 0.365871 0.066042
vt 0.365318 0.073133
vt 0.264775 0.087030
vt 0.264775 0.073133
vt 0.365318 0.073133
vt 0.365383 0.087030
vt 0.264775 0.093980
vt 0.264775 0.080080
vt 0.365383 0.080080
vt 0.365383 0.093980
vt 0.264775 0.080080
vt 0.264775 0.066185
vt 0.365253 0.066185
vt 0.365383 0.080080
vt 0.264775 0.093980
vt 0.264775 0.080080
vt 0.365383 0.080080
vt 0.365383 0.093980
vt 0.264775 0.080080
vt 0.264775 0.066185
vt 0.365253 0.066185
vt 0.365383 0.080080
vt 0.006573 0.549201
vt 0.154005 0.549201
vt 0.154005 0.537577
vt 0.006764 0.537577
vt 0.006573 0.549201
vt 0.154005 0.549201
vt 0.154005 0.537577
vt 0.006764 0.537577
vt 0.156007 0.527736
vt 0.156007 0.521997
vt 0.007072 0.521997
vt 0.007072 0.527736
vt 0.156007 0.527736
vt 0.156007 0.521997
vt 0.007072 0.521997
vt 0.007072 0.527736
vt 0.156007 0.533748
vt 0.156007 0.527736
vt 0.007072 0.527736
vt 0.007072 0.533748
vt 0.156007 0.533748
vt 0.156007 0.527736
vt 0.007072 0.527736
vt 0.007072 0.533748
vt 0.156007 0.533748
vt 0.156007 0.527736
vt 0.007072 0.527736
vt 0.007072 0.533748
vt 0.156007 0.533748
vt 0.156007 0.527736
vt 0.007072 0.527736
vt 0.007072 0.533748
vt 0.156007 0.533748
vt 0.156007 0.527736
vt 0.007072 0.527736
vt 0.007072 0.533748
vt 0.156007 0.533748
vt 0.156007 0.527736
vt 0.007072 0.527736
vt 0.007072 0.533748
vt 0.156007 0.533748
vt 0.156007 0.527736
vt 0.007072 0.527736
vt 0.007072 0.533748
vt 0.156007 0.533748
vt 0.156007 0.527736
vt 0.007072 0.527736
vt 0.007072 0.533748
vt 0.156007 0.533748
vt 0.156007 0.527736
vt 0.007072 0.527736
vt 0.007072 0.533748
vt 0.157779 0.570987
vt 0.157780 0.589759
vt 0.004213 0.589767
vt 0.004210 0.570991
vt 0.161796 0.994735
vt 0.161676 0.802054
vt 0.171056 0.802053
vt 0.171084 0.994723
vt 0.157817 0.599709
vt 0.157818 0.792467
vt 0.004281 0.792468
vt 0.004274 0.599733
vt 0.161694 0.792468
vt 0.161637 0.599733
vt 0.171047 0.599723
vt 0.171060 0.792468
vt 0.004310 0.994716
vt 0.004302 0.802052
vt 0.157820 0.802052
vt 0.157821 0.994701
vt 0.157779 0.570987
vt 0.157780 0.589759
vt 0.004213 0.589767
vt 0.004210 0.570991
vt 0.161796 0.994735
vt 0.161676 0.802054
vt 0.171056 0.802053
vt 0.171084 0.994723
vt 0.157817 0.599709
vt 0.157818 0.792467
vt 0.004281 0.792468
vt 0.004274 0.599733
vt 0.161694 0.792468
vt 0.161637 0.599733
vt 0.171047 0.599723
vt 0.171060 0.792468
vt 0.004863 0.994716
vt 0.004855 0.802052
vt 0.158373 0.802052
vt 0.158374 0.994701
vt 0.338761 0.676330
vt 0.338761 0.731284
vt 0.319644 0.731184
vt 0.319703 0.676515
vt 0.411677 0.676429
vt 0.411677 0.731098
vt 0.388461 0.731127
vt 0.388462 0.676825
vt 0.386153 0.676825
vt 0.386153 0.731127
vt 0.366898 0.731229
vt 0.366910 0.676723
vt 0.364217 0.676723
vt 0.364204 0.731229
vt 0.341070 0.731284
vt 0.341070 0.676330
vt 0.417178 0.666290
vt 0.417178 0.589006
vt 0.440331 0.589344
vt 0.440394 0.665893
vt 0.338761 0.676330
vt 0.338761 0.731284
vt 0.319644 0.731184
vt 0.319703 0.676515
vt 0.411677 0.676429
vt 0.411677 0.731098
vt 0.388461 0.731127
vt 0.388462 0.676825
vt 0.386153 0.676825
vt 0.386153 0.731127
vt 0.366898 0.731229
vt 0.366910 0.676723
vt 0.364217 0.676723
vt 0.364204 0.731229
vt 0.341070 0.731284
vt 0.341070 0.676330
vt 0.417178 0.666290
vt 0.417178 0.589006
vt 0.440331 0.589344
vt 0.440394 0.665893
vt 0.338761 0.676330
vt 0.338761 0.731284
vt 0.319644 0.731184
vt 0.319703 0.676515
vt 0.411677 0.676429
vt 0.411677 0.731098
vt 0.388461 0.731127
vt 0.388462 0.676825
vt 0.386153 0.676825
vt 0.386153 0.731127
vt 0.366898 0.731229
vt 0.366910 0.676723
vt 0.364217 0.676723
vt 0.364204 0.731229
vt 0.341070 0.731284
vt 0.341070 0.676330
vt 0.417178 0.666290
vt 0.417178 0.589006
vt 0.440331 0.589344
vt 0.440394 0.665893
vt 0.338761 0.676330
vt 0.338761 0.731284
vt 0.319644 0.731184
vt 0.319703 0.676515
vt 0.411677 0.676429
vt 0.411677 0.731098
vt 0.388461 0.731127
vt 0.388462 0.676825
vt 0.386153 0.676825
vt 0.386153 0.731127
vt 0.366898 0.731229
vt 0.366910 0.676723
vt 0.364217 0.676723
vt 0.364204 0.731229
vt 0.341070 0.731284
vt 0.341070 0.676330
vt 0.417178 0.666290
vt 0.417178 0.589006
vt 0.440331 0.589344
vt 0.440394 0.665893
vt 0.510405 0.644978
vt 0.503463 0.679203
vt 0.486715 0.665026
vt 0.493649 0.630800
vt 0.401746 0.802001
vt 0.418987 0.802028
vt 0.418980 0.869120
vt 0.401746 0.869094
vt 0.156805 0.452070
vt 0.156356 0.439900
vt 0.006792 0.439734
vt 0.006792 0.451667
vt 0.156356 0.439900
vt 0.156830 0.427171
vt 0.006792 0.428341
vt 0.006792 0.439734
vt 0.194893 0.845016
vt 0.274263 0.845078
vt 0.274262 0.821569
vt 0.194893 0.821503
vt 0.194895 0.946102
vt 0.274265 0.946164
vt 0.274264 0.922656
vt 0.194895 0.922589
vt 0.194893 0.845016
vt 0.274263 0.845078
vt 0.274262 0.821569
vt 0.194893 0.821503
vt 0.194895 0.946102
vt 0.274265 0.946164
vt 0.274264 0.922656
vt 0.194895 0.922589
vt 0.194893 0.845016
vt 0.274263 0.845078
vt 0.274262 0.821569
vt 0.194893 0.821503
vt 0.194895 0.946102
vt 0.274265 0.946164
vt 0.274264 0.922656
vt 0.194895 0.922589
vt 0.194893 0.845016
vt 0.274263 0.845078
vt 0.274262 0.821569
vt 0.194893 0.821503
vt 0.157779 0.570987
vt 0.157780 0.589759
vt 0.004213 0.589767
vt 0.004210 0.570991
vt 0.161796 0.994735
vt 0.161676 0.802054
vt 0.171056 0.802053
vt 0.171084 0.994723
vt 0.157817 0.599709
vt 0.157818 0.792467
vt 0.004281 0.792468
vt 0.004274 0.599733
vt 0.161796 0.994735
vt 0.161676 0.802054
vt 0.171056 0.802053
vt 0.171084 0.994723
vt 0.004863 0.994716
vt 0.004855 0.802052
vt 0.158373 0.802052
vt 0.158374 0.994701
vt 0.194895 0.946102
vt 0.274265 0.946164
vt 0.274264 0.922656
vt 0.194895 0.922589
vt 0.194893 0.845016
vt 0.274263 0.845078
vt 0.274262 0.821569
vt 0.194893 0.821503
vt 0.194895 0.946102
vt 0.274265 0.946164
vt 0.274264 0.922656
vt 0.194895 0.922589
vt 0.194893 0.845016
vt 0.274263 0.845078
vt 0.274262 0.821569
vt 0.194893 0.821503
vt 0.194895 0.946102
vt 0.274265 0.946164
vt 0.274264 0.922656
vt 0.194895 0.922589
vt 0.194893 0.845016
vt 0.274263 0.845078
vt 0.274262 0.821569
vt 0.194893 0.821503
vt 0.157779 0.570987
vt 0.157780 0.589759
vt 0.004213 0.589767
vt 0.004210 0.570991
vt 0.161796 0.994735
vt 0.161676 0.802054
vt 0.171056 0.802053
vt 0.171084 0.994723
vt 0.157817 0.599709
vt 0.157818 0.792467
vt 0.004281 0.792468
vt 0.004274 0.599733
vt 0.161796 0.994735
vt 0.161676 0.802054
vt 0.171056 0.802053
vt 0.171084 0.994723
vt 0.004863 0.994716
vt 0.004855 0.802052
vt 0.158373 0.802052
vt 0.158374 0.994701
vt 0.338761 0.676330
vt 0.338761 0.731284
vt 0.319644 0.731184
vt 0.319703 0.676515
vt 0.411677 0.676429
vt 0.411677 0.731098
vt 0.388461 0.731127
vt 0.388462 0.676825
vt 0.386153 0.676825
vt 0.386153 0.731127
vt 0.366898 0.731229
vt 0.366910 0.676723
vt 0.364217 0.676723
vt 0.364204 0.731229
vt 0.341070 0.731284
vt 0.341070 0.676330
vt 0.417178 0.666290
vt 0.417178 0.589006
vt 0.440331 0.589344
vt 0.440394 0.665893
vt 0.480819 0.796709
vt 0.417696 0.796709
vt 0.417696 0.701730
vt 0.480819 0.701730
vt 0.480819 0.796709
vt 0.417696 0.796709
vt 0.417696 0.701730
vt 0.480819 0.701730
vt 0.480819 0.796709
vt 0.417696 0.796709
vt 0.417696 0.701730
vt 0.480819 0.701730
vt 0.480819 0.796709
vt 0.417696 0.796709
vt 0.417696 0.701730
vt 0.480819 0.701730
vt 0.480819 0.796709
vt 0.417696 0.796709
vt 0.417696 0.701730
vt 0.480819 0.701730
vt 0.480819 0.796709
vt 0.417696 0.796709
vt 0.417696 0.701730
vt 0.480819 0.701730
vt 0.629129 0.243314
vt 0.641611 0.242438
vt 0.641880 0.265071
vt 0.629398 0.265947
vt 0.717393 0.311158
vt 0.715655 0.286182
vt 0.729938 0.284343
vt 0.729938 0.309898
vt 0.698300 0.329170
vt 0.715279 0.305163
vt 0.735060 0.342869
vt 0.642617 0.311312
vt 0.640870 0.286276
vt 0.655206 0.284343
vt 0.655206 0.309898
vt 0.640652 0.305153
vt 0.660332 0.342869
vt 0.623931 0.329333
vt 0.623012 0.342869
vt 0.655206 0.406779
vt 0.628147 0.406779
vt 0.772071 0.342869
vt 0.767060 0.406779
vt 0.740469 0.406779
vt 0.735060 0.342869
vt 0.767187 0.329233
vt 0.740469 0.309898
vt 0.753496 0.305173
vt 0.757173 0.286361
vt 0.754731 0.311316
vt 0.740469 0.284343
vt 0.194895 0.946102
vt 0.274265 0.946164
vt 0.274264 0.922656
vt 0.194895 0.922589
vt 0.194893 0.845016
vt 0.274263 0.845078
vt 0.274262 0.821569
vt 0.194893 0.821503
vt 0.157779 0.570987
vt 0.157780 0.589759
vt 0.004213 0.589767
vt 0.004210 0.570991
vt 0.161796 0.994735
vt 0.161676 0.802054
vt 0.171056 0.802053
vt 0.171084 0.994723
vt 0.157817 0.599709
vt 0.157818 0.792467
vt 0.004281 0.792468
vt 0.004274 0.599733
vt 0.161694 0.792468
vt 0.161637 0.599733
vt 0.171047 0.599723
vt 0.171060 0.792468
vt 0.004310 0.994716
vt 0.004302 0.802052
vt 0.157820 0.802052
vt 0.157821 0.994701
vt 0.510405 0.644978
vt 0.503463 0.679203
vt 0.486715 0.665026
vt 0.493649 0.630800
vt 0.401746 0.802001
vt 0.418996 0.802028
vt 0.418989 0.869120
vt 0.401746 0.869094
vt 0.477848 0.908043
vt 0.467306 0.898593
vt 0.472031 0.877508
vt 0.482573 0.886958
vt 0.410114 0.849745
vt 0.425832 0.849710
vt 0.425833 0.862288
vt 0.410112 0.862167
vt 0.156380 0.416317
vt 0.156380 0.404957
vt 0.006792 0.404957
vt 0.006792 0.416317
vt 0.975038 0.022579
vt 0.975038 0.015208
vt 0.718122 0.015208
vt 0.718122 0.022579
vt 0.286003 0.603930
vt 0.283651 0.575056
vt 0.281379 0.603998
vt 0.286201 0.786356
vt 0.281575 0.786422
vt 0.286003 0.603930
vt 0.283651 0.575056
vt 0.281379 0.603998
vt 0.286201 0.786356
vt 0.281575 0.786422
vt 0.286003 0.603930
vt 0.283651 0.575056
vt 0.281379 0.603998
vt 0.286201 0.786356
vt 0.281575 0.786422
vt 0.243722 0.576119
vt 0.248596 0.603746
vt 0.239157 0.603871
vt 0.249450 0.786162
vt 0.240008 0.786289
vt 0.276605 0.576301
vt 0.281379 0.603998
vt 0.271940 0.603987
vt 0.281575 0.786422
vt 0.272133 0.786412
vt 0.211082 0.576199
vt 0.215956 0.603825
vt 0.206517 0.603951
vt 0.216811 0.786242
vt 0.207369 0.786369
vt 0.243722 0.576119
vt 0.248596 0.603746
vt 0.239157 0.603871
vt 0.249450 0.786162
vt 0.240008 0.786289
vt 0.276605 0.576301
vt 0.281379 0.603998
vt 0.271940 0.603987
vt 0.281575 0.786422
vt 0.272133 0.786412
vt 0.211082 0.576199
vt 0.215956 0.603825
vt 0.206517 0.603951
vt 0.216811 0.786242
vt 0.207369 0.786369
vt 0.243722 0.576119
vt 0.248596 0.603746
vt 0.239157 0.603871
vt 0.249450 0.786162
vt 0.240008 0.786289
vt 0.276605 0.576301
vt 0.281379 0.603998
vt 0.271940 0.603987
vt 0.281575 0.786422
vt 0.272133 0.786412
vt 0.211082 0.576199
vt 0.215956 0.603825
vt 0.206517 0.603951
vt 0.216811 0.786242
vt 0.207369 0.786369
vt 0.243722 0.576119
vt 0.248596 0.603746
vt 0.239157 0.603871
vt 0.249450 0.786162
vt 0.240008 0.786289
vt 0.276605 0.576301
vt 0.281379 0.603998
vt 0.271940 0.603987
vt 0.281575 0.786422
vt 0.272133 0.786412
vt 0.211082 0.576199
vt 0.215956 0.603825
vt 0.206517 0.603951
vt 0.216811 0.786242
vt 0.207369 0.786369
vt 0.243722 0.576119
vt 0.248596 0.603746
vt 0.239157 0.603871
vt 0.249450 0.786162
vt 0.240008 0.786289
vt 0.276605 0.576301
vt 0.281379 0.603998
vt 0.271940 0.603987
vt 0.281575 0.786422
vt 0.272133 0.786412
vt 0.211082 0.576199
vt 0.215956 0.603825
vt 0.206517 0.603951
vt 0.216811 0.786242
vt 0.207369 0.786369
vt 0.243722 0.576119
vt 0.248596 0.603746
vt 0.239157 0.603871
vt 0.249450 0.786162
vt 0.240008 0.786289
vt 0.276605 0.576301
vt 0.281379 0.603998
vt 0.271940 0.603987
vt 0.281575 0.786422
vt 0.272133 0.786412
vt 0.211082 0.576199
vt 0.215956 0.603825
vt 0.206517 0.603951
vt 0.216811 0.786242
vt 0.207369 0.786369
vt 0.243722 0.576119
vt 0.248596 0.603746
vt 0.239157 0.603871
vt 0.249450 0.786162
vt 0.240008 0.786289
vt 0.276605 0.576301
vt 0.281379 0.603998
vt 0.271940 0.603987
vt 0.281575 0.786422
vt 0.272133 0.786412
vt 0.211082 0.576199
vt 0.215956 0.603825
vt 0.206517 0.603951
vt 0.216811 0.786242
vt 0.207369 0.786369
vt 0.243722 0.576119
vt 0.248596 0.603746
vt 0.239157 0.603871
vt 0.249450 0.786162
vt 0.240008 0.786289
vt 0.276605 0.576301
vt 0.281379 0.603998
vt 0.271940 0.603987
vt 0.281575 0.786422
vt 0.272133 0.786412
vt 0.463817 0.817836
vt 0.482563 0.817816
vt 0.482620 0.849710
vt 0.463854 0.849611
vt 0.482635 0.862285
vt 0.463876 0.862409
vt 0.262588 0.576343
vt 0.267317 0.603954
vt 0.257876 0.604039
vt 0.258065 0.786466
vt 0.267506 0.786382
vt 0.262588 0.576343
vt 0.267317 0.603954
vt 0.257876 0.604039
vt 0.258065 0.786466
vt 0.267506 0.786382
vt 0.262588 0.576343
vt 0.267317 0.603954
vt 0.257876 0.604039
vt 0.258065 0.786466
vt 0.267506 0.786382
vt 0.262588 0.576343
vt 0.267317 0.603954
vt 0.257876 0.604039
vt 0.258065 0.786466
vt 0.267506 0.786382
vt 0.330849 0.869094
vt 0.321915 0.869094
vt 0.321915 0.802001
vt 0.330849 0.802001
vt 0.342657 0.869094
vt 0.342657 0.802001
vt 0.354931 0.869094
vt 0.354931 0.802001
vt 0.367092 0.869094
vt 0.367092 0.802001
vt 0.377356 0.869094
vt 0.377356 0.802001
vt 0.389500 0.869094
vt 0.389500 0.802001
vt 0.401746 0.869094
vt 0.401746 0.802001
vt 0.411884 0.802001
vt 0.411884 0.869094
vt 0.229706 0.576363
vt 0.234534 0.603904
vt 0.225094 0.604126
vt 0.225941 0.786546
vt 0.235381 0.786326
vt 0.262588 0.576343
vt 0.267317 0.603954
vt 0.257876 0.604039
vt 0.258065 0.786466
vt 0.267506 0.786382
vt 0.197066 0.576442
vt 0.201894 0.603984
vt 0.192454 0.604206
vt 0.193301 0.786626
vt 0.202741 0.786406
vt 0.229706 0.576363
vt 0.234534 0.603904
vt 0.225094 0.604126
vt 0.225941 0.786546
vt 0.235381 0.786326
vt 0.262588 0.576343
vt 0.267317 0.603954
vt 0.257876 0.604039
vt 0.258065 0.786466
vt 0.267506 0.786382
vt 0.197066 0.576442
vt 0.201894 0.603984
vt 0.192454 0.604206
vt 0.193301 0.786626
vt 0.202741 0.786406
vt 0.229706 0.576363
vt 0.234534 0.603904
vt 0.225094 0.604126
vt 0.225941 0.786546
vt 0.235381 0.786326
vt 0.262588 0.576343
vt 0.267317 0.603954
vt 0.257876 0.604039
vt 0.258065 0.786466
vt 0.267506 0.786382
vt 0.197066 0.576442
vt 0.201894 0.603984
vt 0.192454 0.604206
vt 0.193301 0.786626
vt 0.202741 0.786406
vt 0.229706 0.576363
vt 0.234534 0.603904
vt 0.225094 0.604126
vt 0.225941 0.786546
vt 0.235381 0.786326
vt 0.262588 0.576343
vt 0.267317 0.603954
vt 0.257876 0.604039
vt 0.258065 0.786466
vt 0.267506 0.786382
vt 0.197066 0.576442
vt 0.201894 0.603984
vt 0.192454 0.604206
vt 0.193301 0.786626
vt 0.202741 0.786406
vt 0.229706 0.576363
vt 0.234534 0.603904
vt 0.225094 0.604126
vt 0.225941 0.786546
vt 0.235381 0.786326
vt 0.262588 0.576343
vt 0.267317 0.603954
vt 0.257876 0.604039
vt 0.258065 0.786466
vt 0.267506 0.786382
vt 0.197066 0.576442
vt 0.201894 0.603984
vt 0.192454 0.604206
vt 0.193301 0.786626
vt 0.202741 0.786406
vt 0.229706 0.576363
vt 0.234534 0.603904
vt 0.225094 0.604126
vt 0.225941 0.786546
vt 0.235381 0.786326
vt 0.262588 0.576343
vt 0.267317 0.603954
vt 0.257876 0.604039
vt 0.258065 0.786466
vt 0.267506 0.786382
vt 0.197066 0.576442
vt 0.201894 0.603984
vt 0.192454 0.604206
vt 0.193301 0.786626
vt 0.202741 0.786406
vt 0.229706 0.576363
vt 0.234534 0.603904
vt 0.225094 0.604126
vt 0.225941 0.786546
vt 0.235381 0.786326
vt 0.262588 0.576343
vt 0.267317 0.603954
vt 0.257876 0.604039
vt 0.258065 0.786466
vt 0.267506 0.786382
vt 0.197066 0.576442
vt 0.201894 0.603984
vt 0.192454 0.604206
vt 0.193301 0.786626
vt 0.202741 0.786406
vt 0.229706 0.576363
vt 0.234534 0.603904
vt 0.225094 0.604126
vt 0.225941 0.786546
vt 0.235381 0.786326
vt 0.262588 0.576343
vt 0.267317 0.603954
vt 0.257876 0.604039
vt 0.258065 0.786466
vt 0.267506 0.786382
vt 0.692341 0.329166
vt 0.660332 0.342869
vt 0.665080 0.309898
vt 0.678076 0.305115
vt 0.681691 0.286108
vt 0.679288 0.311177
vt 0.665080 0.284343
vt 0.948074 0.558249
vt 0.985143 0.595002
vt 0.897308 0.593915
vt 0.997284 0.624299
vt 0.969650 0.643501
vt 0.989026 0.650303
vt 0.970101 0.671501
vt 0.897308 0.593915
vt 0.903503 0.679100
vt 0.855040 0.621864
vt 0.853146 0.662821
vt 0.833649 0.583485
vt 0.823847 0.633723
vt 0.811301 0.602415
vt 0.767467 0.476945
vt 0.766884 0.447474
vt 0.855490 0.545810
vt 0.793086 0.403052
vt 0.885530 0.493132
vt 0.456617 0.417058
vt 0.449399 0.477065
vt 0.441966 0.417058
vt 0.463631 0.477065
vt 0.456617 0.514617
vt 0.470525 0.417058
vt 0.470525 0.521210
vt 0.477418 0.477065
vt 0.484432 0.417058
vt 0.484432 0.514617
vt 0.491650 0.477065
vt 0.499083 0.417058
vt 0.499083 0.521210
vt 0.506655 0.477065
vt 0.514227 0.417058
vt 0.514227 0.514617
vt 0.521660 0.477065
vt 0.528878 0.417058
vt 0.528878 0.521210
vt 0.535892 0.477065
vt 0.542786 0.417058
vt 0.542786 0.514617
vt 0.549679 0.477065
vt 0.556694 0.417058
vt 0.556694 0.521210
vt 0.563911 0.477065
vt 0.571344 0.417058
vt 0.571344 0.514617
vt 0.578916 0.477065
vt 0.586489 0.417058
vt 0.586489 0.521210
vt 0.593921 0.477065
vt 0.601139 0.514617
vt 0.728032 0.736583
vt 0.728932 0.714321
vt 0.752000 0.712412
vt 0.746671 0.736351
vt 0.768956 0.736582
vt 0.743609 0.765016
vt 0.724877 0.759837
vt 0.727653 0.779079
vt 0.750235 0.895967
vt 0.756346 0.754243
vt 0.790534 0.884352
vt 0.810507 0.884140
vt 0.772390 0.885918
vt 0.767699 0.956601
vt 0.788032 0.947243
vt 0.800291 0.967683
vt 0.789725 0.984220
vt 0.781608 0.948880
vt 0.779312 0.993526
vt 0.486715 0.665026
vt 0.503463 0.679203
vt 0.493649 0.679203
vt 0.510405 0.644978
vt 0.510405 0.665026
vt 0.493649 0.630800
vt 0.503463 0.630800
vt 0.486715 0.644978
vt 0.572425 0.222984
vt 0.599378 0.238165
vt 0.617153 0.281464
vt 0.530869 0.289905
vt 0.546410 0.243433
vt 0.618154 0.337352
vt 0.603112 0.384349
vt 0.549824 0.389674
vt 0.576902 0.403756
vt 0.532522 0.345731
vn -0.001325 0.09133000000000005 0.99582
vn 0.821386 -0.544338 0.17035600000000004
vn 0.368237 0.928365 0.050392999999999945
vn 0.790652 0.609655 -0.05649000000000003
vn 0.368237 0.928365 0.050392999999999945
vn 0.821386 -0.544338 0.17035600000000004
vn 0.821386 -0.544338 0.17035600000000004
vn 0.831233 -0.553262 0.054335000000000036
vn 0.790652 0.609655 -0.05649000000000003
vn -0.001306 0.09126600000000006 0.995826
vn 0.82139 -0.544332 0.17035700000000004
vn 0.36824 0.928364 0.05039499999999995
vn 0.790635 0.609677 -0.05648900000000003
vn 0.36824 0.928364 0.05039499999999995
vn 0.82139 -0.544332 0.17035700000000004
vn 0.82139 -0.544332 0.17035700000000004
vn 0.831259 -0.553224 0.054334000000000035
vn 0.790635 0.609677 -0.05648900000000003
vn 0.064367 0.06481700000000006 0.995819
vn 0.185342 -0.967795 0.17035600000000006
vn 0.92111 0.386028 0.05039299999999998
vn 0.988709 -0.138794 -0.05648999999999999
vn 0.92111 0.386028 0.05039299999999998
vn 0.185342 -0.967795 0.17035600000000006
vn 0.185342 -0.967795 0.17035600000000006
vn 0.185845 -0.981076 0.054335000000000064
vn 0.988709 -0.138794 -0.05648999999999999
vn 0.059213 0.06962200000000006 0.995815
vn 0.259268 -0.950662 0.17035600000000006
vn 0.888676 0.455759 0.05038599999999997
vn 0.996458 -0.062288 -0.056491999999999994
vn 0.888676 0.455759 0.05038599999999997
vn 0.259268 -0.950662 0.17035600000000006
vn 0.259268 -0.950662 0.17035600000000006
vn 0.26078 -0.963868 0.054335000000000064
vn 0.996458 -0.062288 -0.056491999999999994
vn 0.064322 0.06475500000000005 0.995826
vn 0.185343 -0.967795 0.17035600000000006
vn 0.921111 0.386024 0.05039499999999998
vn 0.988712 -0.138769 -0.05648899999999999
vn 0.921111 0.386024 0.05039499999999998
vn 0.185343 -0.967795 0.17035600000000006
vn 0.185343 -0.967795 0.17035600000000006
vn 0.185887 -0.981068 0.05433400000000006
vn 0.988712 -0.138769 -0.05648899999999999
vn 0.09125 0.0043310000000000605 0.995819
vn -0.516975 -0.838878 0.17035700000000006
vn 0.939994 -0.337449 0.05039400000000002
vn 0.635382 -0.770129 -0.05649099999999995
vn 0.939994 -0.337449 0.05039400000000002
vn -0.516975 -0.838878 0.17035700000000006
vn -0.516975 -0.838878 0.17035700000000006
vn -0.525568 -0.849015 0.05433400000000005
vn 0.635382 -0.770129 -0.05649099999999995
vn 0.091302 0.00433700000000006 0.995814
vn -0.516945 -0.838896 0.17035900000000007
vn 0.940001 -0.33743 0.05038700000000002
vn 0.635415 -0.770102 -0.05649199999999995
vn 0.940001 -0.33743 0.05038700000000002
vn -0.516945 -0.838896 0.17035900000000007
vn -0.516945 -0.838896 0.17035900000000007
vn -0.525547 -0.849028 0.05433400000000005
vn 0.635415 -0.770102 -0.05649199999999995
vn 0.091192 0.00432300000000006 0.995824
vn -0.516977 -0.838876 0.17035700000000006
vn 0.939992 -0.337454 0.05039400000000002
vn 0.635396 -0.770117 -0.05648899999999995
vn 0.939992 -0.337454 0.05039400000000002
vn -0.516977 -0.838876 0.17035700000000006
vn -0.516977 -0.838876 0.17035700000000006
vn -0.52554 -0.849032 0.05433400000000005
vn 0.635396 -0.770117 -0.05648899999999995
vn 0.083192 -0.037721999999999936 0.995819
vn -0.842453 -0.511127 0.17035600000000004
vn 0.68295 -0.728725 0.05039400000000004
vn 0.214618 -0.975063 -0.056489999999999936
vn 0.68295 -0.728725 0.05039400000000004
vn -0.842453 -0.511127 0.17035600000000004
vn -0.842453 -0.511127 0.17035600000000004
vn -0.854725 -0.516229 0.054334000000000035
vn 0.214618 -0.975063 -0.056489999999999936
vn 0.083233 -0.03774399999999994 0.995815
vn -0.842433 -0.51116 0.17035800000000004
vn 0.682963 -0.728713 0.05038700000000004
vn 0.214669 -0.975052 -0.05649199999999994
vn 0.682963 -0.728713 0.05038700000000004
vn -0.842433 -0.51116 0.17035800000000004
vn -0.842433 -0.51116 0.17035800000000004
vn -0.854708 -0.516259 0.054334000000000035
vn 0.214669 -0.975052 -0.05649199999999994
vn 0.083126 -0.03770499999999994 0.995825
vn -0.842454 -0.511126 0.17035700000000004
vn 0.682942 -0.728732 0.05039400000000004
vn 0.214645 -0.975057 -0.056488999999999935
vn 0.682942 -0.728732 0.05039400000000004
vn -0.842454 -0.511126 0.17035700000000004
vn -0.842454 -0.511126 0.17035700000000004
vn -0.854701 -0.516269 0.054334000000000035
vn 0.214645 -0.975057 -0.056488999999999935
vn 0.024498 -0.08800999999999995 0.995818
vn -0.932769 0.317681 0.17035599999999998
vn -0.120175 -0.991473 0.05039300000000006
vn -0.609721 -0.7906 -0.05649099999999995
vn -0.120175 -0.991473 0.05039300000000006
vn -0.932769 0.317681 0.17035599999999998
vn -0.932769 0.317681 0.17035599999999998
vn -0.944561 0.323809 0.05433399999999998
vn -0.609721 -0.7906 -0.05649099999999995
vn 0.024498 -0.08804299999999994 0.995815
vn -0.932777 0.317654 0.17035799999999998
vn -0.120162 -0.991475 0.050387000000000064
vn -0.609693 -0.790622 -0.05649099999999995
vn -0.120162 -0.991475 0.050387000000000064
vn -0.932777 0.317654 0.17035799999999998
vn -0.932777 0.317654 0.17035799999999998
vn -0.944566 0.323794 0.05433399999999998
vn -0.609693 -0.790622 -0.05649099999999995
vn 0.024466 -0.08793699999999995 0.995826
vn -0.932764 0.317694 0.17035799999999998
vn -0.12019 -0.991471 0.050395000000000065
vn -0.609715 -0.790606 -0.05648799999999995
vn -0.12019 -0.991471 0.050395000000000065
vn -0.932764 0.317694 0.17035799999999998
vn -0.932764 0.317694 0.17035799999999998
vn -0.94457 0.323783 0.05433499999999998
vn -0.609715 -0.790606 -0.05648799999999995
vn -0.084744 -0.03408299999999994 0.99582
vn 0.212456 0.962206 0.17035599999999995
vn -0.998683 0.009665000000000003 0.050394
vn -0.853245 0.518442 -0.05649000000000003
vn -0.998683 0.009665000000000003 0.050394
vn 0.212456 0.962206 0.17035599999999995
vn 0.212456 0.962206 0.17035599999999995
vn 0.217236 0.974606 0.05433399999999994
vn -0.853245 0.518442 -0.05649000000000003
vn -0.084787 -0.03409499999999994 0.995816
vn 0.212423 0.962213 0.17035799999999995
vn -0.998683 0.009646000000000004 0.050387
vn -0.853266 0.518407 -0.056491000000000034
vn -0.998683 0.009646000000000004 0.050387
vn 0.212423 0.962213 0.17035799999999995
vn 0.212423 0.962213 0.17035799999999995
vn 0.217218 0.97461 0.05433499999999994
vn -0.853266 0.518407 -0.056491000000000034
vn -0.08469 -0.03405999999999994 0.995825
vn 0.212459 0.962206 0.17035799999999995
vn -0.998683 0.009670000000000003 0.050395
vn -0.853255 0.518425 -0.05648900000000003
vn -0.998683 0.009670000000000003 0.050395
vn 0.212459 0.962206 0.17035799999999995
vn 0.212459 0.962206 0.17035799999999995
vn 0.217207 0.974612 0.05433399999999994
vn -0.853255 0.518425 -0.05648900000000003
vn -0.09025 0.01405500000000006 0.99582
vn 0.674664 0.718198 0.17035599999999995
vn -0.853253 0.519056 0.05039399999999997
vn -0.468078 0.88188 -0.056491000000000055
vn -0.853253 0.519056 0.05039399999999997
vn 0.674664 0.718198 0.17035599999999995
vn 0.674664 0.718198 0.17035599999999995
vn 0.685108 0.726412 0.05433399999999996
vn -0.468078 0.88188 -0.056491000000000055
vn -0.090284 0.01406200000000006 0.995817
vn 0.67464 0.718219 0.17035799999999995
vn -0.853264 0.51904 0.05038799999999997
vn -0.46811 0.881862 -0.056491000000000055
vn -0.853264 0.51904 0.05038799999999997
vn 0.67464 0.718219 0.17035799999999995
vn 0.67464 0.718219 0.17035799999999995
vn 0.685101 0.726419 0.05433399999999996
vn -0.46811 0.881862 -0.056491000000000055
vn -0.090196 0.01404800000000006 0.995825
vn 0.674667 0.718194 0.17035699999999995
vn -0.853251 0.519061 0.05039399999999997
vn -0.468093 0.881872 -0.05648900000000005
vn -0.853251 0.519061 0.05039399999999997
vn 0.674667 0.718194 0.17035699999999995
vn 0.674667 0.718194 0.17035699999999995
vn 0.685093 0.726426 0.05433499999999996
vn -0.468093 0.881872 -0.05648900000000005
vn 0.230124 0.838684 0.49361199999999994
vn 0.230124 0.838684 0.49361199999999994
vn 0.230124 0.838684 0.49361199999999994
vn 0.224245 0.839631 0.4947059999999999
vn 0.224245 0.839631 0.4947059999999999
vn 0.224245 0.839631 0.4947059999999999
vn -0.224245 -0.839631 -0.4947059999999999
vn -0.224245 -0.839631 -0.4947059999999999
vn -0.224245 -0.839631 -0.4947059999999999
vn -0.230124 -0.838684 -0.49361199999999994
vn -0.230124 -0.838684 -0.49361199999999994
vn -0.230124 -0.838684 -0.49361199999999994
vn 0.188724 -0.826692 0.530059
vn 0.195206 -0.850723 0.48802200000000007
vn 0.211718 -0.910108 0.35620000000000007
vn 0.533505 0.3401759999999999 -0.774372
vn -0.533503 -0.3401739999999999 0.774375
vn 1 0 0
vn -0.533503 -0.3401739999999999 0.774375
vn 0.533505 0.3401759999999999 -0.774372
vn 1 0 0
vn 0.617787 -0.13669900000000004 -0.774373
vn -0.617785 0.13669900000000004 0.774374
vn -0.707107 -4.329781621023438E-17 -0.707107
vn -0.617785 0.13669900000000004 0.774374
vn 0.617787 -0.13669900000000004 -0.774373
vn -0.707107 -4.329781621023438E-17 -0.707107
vn -0.676595 0.13478900000000005 0.723914
vn -0.704662 0.13352300000000006 0.696867
vn -0.781978 0.12855000000000003 0.609906
vn -0.331654 0.721457 0.60787
vn -0.350665 0.737132 0.577642
vn -0.404172 0.777211 0.4822739999999999
vn 0.062157 -0.720542 0.69062
vn 0.067776 -0.746431 0.662002
vn 0.083902 -0.816878 0.570675
vn -0.023655 -0.08822499999999994 0.99582
vn -0.641662 0.747829 0.17035699999999995
vn -0.607611 -0.792634 0.05039300000000005
vn -0.927013 -0.37075 -0.05648999999999998
vn -0.607611 -0.792634 0.05039300000000005
vn -0.641662 0.747829 0.17035699999999995
vn -0.641662 0.747829 0.17035699999999995
vn -0.648704 0.759099 0.05433399999999995
vn -0.927013 -0.37075 -0.05648999999999998
vn -0.023671 -0.08825699999999995 0.995816
vn -0.641685 0.74781 0.17035799999999995
vn -0.607596 -0.792646 0.05038800000000005
vn -0.926999 -0.370785 -0.05649099999999998
vn -0.607596 -0.792646 0.05038800000000005
vn -0.641685 0.74781 0.17035799999999995
vn -0.641685 0.74781 0.17035799999999995
vn -0.648714 0.75909 0.05433399999999995
vn -0.926999 -0.370785 -0.05649099999999998
vn -0.023644 -0.08816399999999995 0.995825
vn -0.641655 0.747835 0.17035699999999995
vn -0.607618 -0.792629 0.05039500000000005
vn -0.927007 -0.370765 -0.05648899999999998
vn -0.607618 -0.792629 0.05039500000000005
vn -0.641655 0.747835 0.17035699999999995
vn -0.641655 0.747835 0.17035699999999995
vn -0.648725 0.759081 0.05433499999999995
vn -0.927007 -0.370765 -0.05648899999999998
vn -0.897367 0.428958 0.10357599999999997
vn -0.83237 -0.18757899999999997 0.521511
vn 0.074188 0.68267 0.726951
vn 0.074188 0.68267 0.726951
vn 0.318478 0.936174 0.14882699999999993
vn -0.897367 0.428958 0.10357599999999997
vn -0.897367 0.428958 0.10357599999999997
vn 0.318478 0.936174 0.14882699999999993
vn -0.190571 0.980475 0.048495999999999935
vn -0.190571 0.980475 0.048495999999999935
vn -0.981238 -0.188782 -0.039165999999999986
vn -0.897367 0.428958 0.10357599999999997
vn 0.14729 0.23767100000000005 0.960114
vn 0.18088 0.23263900000000007 0.955595
vn 0.190154 0.21435500000000005 0.958068
vn 0.275697 -0.666682 0.692478
vn -0.847679 -0.350974 0.397816
vn -0.500456 -0.865681 0.011862000000000053
vn -0.500456 -0.865681 0.011862000000000053
vn 0.867824 -0.495805 0.03254800000000003
vn -0.847679 -0.350974 0.397816
vn -0.307992 0.702058 0.642071
vn -0.867588 0.496229 -0.032378000000000025
vn -0.867588 0.496229 -0.032378000000000025
vn -0.500456 -0.865681 0.011862000000000053
vn -0.307992 0.702058 0.642071
vn 0.82888 0.373979 0.416049
vn 0.500228 0.865806 -0.012332000000000053
vn 0.500228 0.865806 -0.012332000000000053
vn -0.867588 0.496229 -0.032378000000000025
vn 0.146633 -0.966801 0.20927200000000007
vn -0.406521 -0.805094 0.43193100000000006
vn 0.526963 -0.849828 -0.010077999999999948
vn 0.526966 -0.849827 -0.010078999999999947
vn 0.146633 -0.966801 0.20927200000000007
vn 0.533493 0.34018899999999996 -0.774375
vn -0.533503 -0.3401739999999999 0.774375
vn 0.533505 0.3401759999999999 -0.774372
vn -0.533494 -0.34018999999999994 0.774374
vn 0.533493 0.34018899999999996 -0.774375
vn 0.617787 -0.13668500000000006 -0.774375
vn -0.617785 0.13669900000000004 0.774374
vn 0.617787 -0.13669900000000004 -0.774373
vn -0.617788 0.13668500000000006 0.774374
vn 0.617787 -0.13668500000000006 -0.774375
vn -0.940441 0.16411299999999998 -0.297719
vn 0.142537 -0.949336 -0.28008099999999997
vn -0.301916 -0.883303 0.35864100000000004
vn -0.301916 -0.883303 0.35864100000000004
vn -0.946799 0.16595900000000002 0.275735
vn 0.142537 -0.949336 -0.28008099999999997
vn 0.946854 0.13855199999999998 -0.290294
vn 0.942609 -0.19531299999999996 0.270816
vn 0.942609 -0.19531299999999996 0.270816
vn -0.301916 -0.883303 0.35864100000000004
vn 0.554354 -0.46169799999999994 0.692478
vn -0.586845 -0.705235 0.39781500000000003
vn -0.039935 -0.999132 0.01186200000000006
vn -0.039935 -0.999132 0.01186200000000006
vn 0.998863 -0.03482 0.032548
vn -0.586845 -0.705235 0.39781500000000003
vn -0.599405 0.47797300000000004 0.642071
vn -0.998852 0.035304 -0.032378
vn -0.998852 0.035304 -0.032378
vn -0.039935 -0.999132 0.01186200000000006
vn -0.599405 0.47797300000000004 0.642071
vn 0.559498 0.716844 0.41604899999999995
vn 0.039673 0.999137 -0.012333000000000061
vn 0.039673 0.999137 -0.012333000000000061
vn -0.998852 0.035304 -0.032378
vn -0.436927 -0.898427 0.043871000000000056
vn 0.105077 -0.693949 0.712316
vn -0.83237 -0.18757899999999997 0.521511
vn -0.897367 0.428958 0.10357599999999997
vn -0.436927 -0.898427 0.043871000000000056
vn -0.436927 -0.898427 0.043871000000000056
vn -0.981238 -0.188782 -0.039165999999999986
vn 0.19057 -0.980476 -0.04847799999999994
vn -0.436927 -0.898427 0.043871000000000056
vn 0.951208 -0.275383 0.13916900000000001
vn 0.70129 -0.13305199999999995 0.700349
vn 0.105077 -0.693949 0.712316
vn -0.436927 -0.898427 0.043871000000000056
vn 0.951208 -0.275383 0.13916900000000001
vn -0.001325 0.09133000000000005 0.99582
vn -0.913504 0.394478 0.09948699999999998
vn -0.538724 -0.804056 0.25153500000000006
vn -0.613326 0.786157 -0.07608400000000004
vn -0.555917 -0.827597 0.07770700000000005
vn -0.555917 -0.827597 0.07770700000000005
vn -0.538724 -0.804056 0.25153500000000006
vn -0.001306 0.09126600000000006 0.995826
vn -0.913512 0.394459 0.09948899999999997
vn -0.538707 -0.804069 0.25153300000000006
vn -0.613335 0.78615 -0.07608300000000004
vn -0.555902 -0.827608 0.07770700000000005
vn -0.555902 -0.827608 0.07770700000000005
vn -0.538707 -0.804069 0.25153300000000006
vn 0.064367 0.06481700000000006 0.995819
vn -0.356878 0.928838 0.09948799999999994
vn -0.951482 -0.17723399999999997 0.251535
vn 0.133016 0.988189 -0.07608400000000005
vn -0.980333 -0.181408 0.07770700000000001
vn -0.980333 -0.181408 0.07770700000000001
vn -0.951482 -0.17723399999999997 0.251535
vn 0.059213 0.06962200000000006 0.995815
vn -0.427267 0.898635 0.09948699999999995
vn -0.935026 -0.24991199999999997 0.251536
vn 0.056623 0.995492 -0.07608500000000006
vn -0.963476 -0.256272 0.07770700000000001
vn -0.963476 -0.256272 0.07770700000000001
vn -0.935026 -0.24991199999999997 0.251536
vn 0.064322 0.06475500000000005 0.995826
vn -0.356898 0.92883 0.09949099999999994
vn -0.951479 -0.17725299999999997 0.251532
vn 0.133006 0.988191 -0.07608300000000005
vn -0.98033 -0.181422 0.07770700000000001
vn -0.98033 -0.181422 0.07770700000000001
vn -0.951479 -0.17725299999999997 0.251532
vn 0.09125 0.0043310000000000605 0.995819
vn 0.364166 0.926005 0.09948599999999995
vn -0.821369 0.511941 0.25153299999999995
vn 0.765521 0.638897 -0.07608300000000004
vn -0.845466 0.528345 0.07770799999999997
vn -0.845466 0.528345 0.07770799999999997
vn -0.821369 0.511941 0.25153299999999995
vn 0.091302 0.00433700000000006 0.995814
vn 0.364168 0.926005 0.09948499999999995
vn -0.821376 0.511928 0.2515359999999999
vn 0.765531 0.638884 -0.07608500000000004
vn -0.845464 0.528348 0.07770699999999997
vn -0.845464 0.528348 0.07770699999999997
vn -0.821376 0.511928 0.2515359999999999
vn 0.091192 0.00432300000000006 0.995824
vn 0.364155 0.926009 0.09948799999999994
vn -0.821374 0.511933 0.2515319999999999
vn 0.765516 0.638903 -0.07608300000000004
vn -0.845469 0.52834 0.07770699999999997
vn -0.845469 0.52834 0.07770699999999997
vn -0.821374 0.511933 0.2515319999999999
vn 0.083192 -0.037721999999999936 0.995819
vn 0.746134 0.658321 0.09948599999999996
vn -0.497842 0.82999 0.2515359999999999
vn 0.97256 0.219862 -0.07608400000000001
vn -0.511814 0.855575 0.07770599999999994
vn -0.511814 0.855575 0.07770599999999994
vn -0.497842 0.82999 0.2515359999999999
vn 0.083233 -0.03774399999999994 0.995815
vn 0.746135 0.658319 0.09948699999999996
vn -0.497858 0.82998 0.25153699999999996
vn 0.972564 0.219843 -0.07608500000000001
vn -0.51181 0.855577 0.07770799999999994
vn -0.51181 0.855577 0.07770799999999994
vn -0.497858 0.82998 0.25153699999999996
vn 0.083126 -0.03770499999999994 0.995825
vn 0.746124 0.658332 0.09948899999999995
vn -0.497851 0.829985 0.2515339999999999
vn 0.972558 0.21987 -0.07608200000000001
vn -0.511823 0.85557 0.07770699999999994
vn -0.511823 0.85557 0.07770699999999994
vn -0.497851 0.829985 0.2515339999999999
vn 0.024498 -0.08800999999999995 0.995818
vn 0.983769 -0.149337 0.09948500000000002
vn 0.316663 0.914579 0.2515339999999999
vn 0.793005 -0.604446 -0.07608299999999996
vn 0.327305 0.941718 0.07770699999999994
vn 0.327305 0.941718 0.07770699999999994
vn 0.316663 0.914579 0.2515339999999999
vn 0.024498 -0.08804299999999994 0.995815
vn 0.983769 -0.149336 0.09948700000000002
vn 0.316645 0.914585 0.2515359999999999
vn 0.792995 -0.604459 -0.07608499999999996
vn 0.327308 0.941717 0.07770799999999994
vn 0.327308 0.941717 0.07770799999999994
vn 0.316645 0.914585 0.2515359999999999
vn 0.024466 -0.08793699999999995 0.995826
vn 0.983771 -0.149324 0.09948800000000001
vn 0.316658 0.914581 0.25153299999999995
vn 0.79301 -0.60444 -0.07608199999999996
vn 0.327299 0.94172 0.07770699999999994
vn 0.327299 0.94172 0.07770699999999994
vn 0.316658 0.914581 0.25153299999999995
vn -0.084744 -0.03408299999999994 0.99582
vn -0.039495 -0.994255 0.09948600000000006
vn 0.944017 -0.21345399999999998 0.251535
vn -0.512928 -0.855053 -0.07608399999999994
vn 0.972167 -0.221025 0.07770700000000001
vn 0.972167 -0.221025 0.07770700000000001
vn 0.944017 -0.21345399999999998 0.251535
vn -0.084787 -0.03409499999999994 0.995816
vn -0.039495 -0.994255 0.09948600000000006
vn 0.944021 -0.21343399999999998 0.251537
vn -0.512942 -0.855045 -0.07608499999999994
vn 0.972167 -0.221027 0.07770800000000001
vn 0.972167 -0.221027 0.07770800000000001
vn 0.944021 -0.21343399999999998 0.251537
vn -0.08469 -0.03405999999999994 0.995825
vn -0.039478 -0.994255 0.09948800000000005
vn 0.944019 -0.21344499999999997 0.251532
vn -0.51292 -0.855059 -0.07608199999999994
vn 0.972169 -0.221016 0.07770700000000001
vn 0.972169 -0.221016 0.07770700000000001
vn 0.944019 -0.21344499999999997 0.251532
vn -0.09025 0.01405500000000006 0.99582
vn -0.542426 -0.834192 0.09948600000000006
vn 0.702056 -0.666219 0.25153600000000004
vn -0.878068 -0.472449 -0.07608399999999997
vn 0.722374 -0.687123 0.07770700000000004
vn 0.722374 -0.687123 0.07770700000000004
vn 0.702056 -0.666219 0.25153600000000004
vn -0.090284 0.01406200000000006 0.995817
vn -0.542418 -0.834197 0.09948800000000005
vn 0.702074 -0.6662 0.25153500000000006
vn -0.878076 -0.472434 -0.07608499999999997
vn 0.722375 -0.687121 0.07770800000000004
vn 0.722375 -0.687121 0.07770800000000004
vn 0.702074 -0.6662 0.25153500000000006
vn -0.090196 0.01404800000000006 0.995825
vn -0.542409 -0.834203 0.09948900000000005
vn 0.702062 -0.666214 0.25153300000000006
vn -0.878063 -0.472458 -0.07608199999999997
vn 0.722381 -0.687115 0.07770700000000004
vn 0.722381 -0.687115 0.07770700000000004
vn 0.702062 -0.666214 0.25153300000000006
vn -0.023655 -0.08822499999999994 0.99582
vn 0.771177 -0.6288 0.09948500000000005
vn 0.737701 0.62652 0.2515339999999999
vn 0.375505 -0.923692 -0.07608299999999994
vn 0.760664 0.644478 0.07770699999999996
vn 0.760664 0.644478 0.07770699999999996
vn 0.737701 0.62652 0.2515339999999999
vn -0.023671 -0.08825699999999995 0.995816
vn 0.771179 -0.628797 0.09948700000000005
vn 0.737686 0.626537 0.2515359999999999
vn 0.375493 -0.923697 -0.07608499999999994
vn 0.760665 0.644477 0.07770799999999996
vn 0.760665 0.644477 0.07770799999999996
vn 0.737686 0.626537 0.2515359999999999
vn -0.023644 -0.08816399999999995 0.995825
vn 0.771185 -0.628789 0.09948800000000003
vn 0.737699 0.626524 0.2515319999999999
vn 0.375514 -0.923689 -0.07608199999999994
vn 0.760661 0.644482 0.07770699999999996
vn 0.760661 0.644482 0.07770699999999996
vn 0.737699 0.626524 0.2515319999999999
vn -0.015865 0.11647600000000005 0.993067
vn 0.366495 -0.16689799999999994 0.915329
vn 0.222922 0.522027 0.823282
vn -0.38615 0.614983 0.68752
vn -0.015865 0.11647600000000005 0.993067
vn 0.12334 0.528881 0.839686
vn 0.46862 0.019007000000000055 0.883195
vn -1E-06 6.123233995736766E-17 1
vn 0.366495 -0.16689799999999994 0.915329
vn -0.449747 0.738952 0.501675
vn 0.582224 -0.528073 0.618186
vn -0.659582 0.45609400000000005 0.597435
vn -0.015865 0.11647600000000005 0.993067
vn 0.127942 -0.2861119999999999 0.949616
vn 0.769739 -0.23450199999999996 0.593726
vn 0.422551 -0.29597699999999993 0.856649
vn -0.547738 0.27476900000000004 0.790243
vn -0.015865 0.11647600000000005 0.993067
vn -0.015865 0.11647600000000005 0.993067
vn -0.544749 -0.07231499999999995 0.835476
vn -0.700057 0.15069300000000005 0.698006
vn -0.536284 -0.3693389999999999 0.758939
vn -0.544749 -0.07231499999999995 0.835476
vn -0.585279 -0.11132999999999994 0.803152
vn -0.20976 -0.2716199999999999 0.939268
vn -0.257097 -0.37532899999999997 0.890522
vn 0.001713 0.03761800000000006 0.999291
vn 0.001712 0.03761700000000006 0.999291
vn 0.001713 0.03761800000000006 0.999291
vn 0.001713 0.03761800000000006 0.999291
vn -0.027647 -0.025552999999999937 0.999291
vn -0.027647 -0.025551999999999936 0.999291
vn -0.027647 -0.025552999999999937 0.999291
vn -0.027647 -0.025552999999999937 0.999291
vn 0.036749 -0.00821899999999994 0.999291
vn 0.036748 -0.008217999999999939 0.999291
vn 0.036749 -0.00821899999999994 0.999291
vn 0.036749 -0.00821899999999994 0.999291
vn 0.02538 -0.02781999999999994 0.999291
vn 0.025379 -0.02781999999999994 0.999291
vn 0.02538 -0.02781999999999994 0.999291
vn 0.02538 -0.02781999999999994 0.999291
vn -0.001712 -0.037617999999999936 0.999291
vn -0.001712 -0.037616999999999935 0.999291
vn -0.001712 -0.037617999999999936 0.999291
vn -0.001712 -0.037617999999999936 0.999291
vn 0.027647 0.025553000000000062 0.999291
vn 0.027646 0.02555200000000006 0.999291
vn 0.027647 0.025553000000000062 0.999291
vn 0.027647 0.025553000000000062 0.999291
vn -0.036749 0.008219000000000061 0.999291
vn -0.036748 0.00821800000000006 0.999291
vn -0.036749 0.008219000000000061 0.999291
vn -0.036749 0.008219000000000061 0.999291
vn -0.02538 0.027820000000000063 0.999291
vn -0.025379 0.027820000000000063 0.999291
vn -0.02538 0.027820000000000063 0.999291
vn -0.02538 0.027820000000000063 0.999291
vn 0.254797 0.510755 -0.821101
vn 0.254812 0.510749 -0.821101
vn 0.254797 0.510755 -0.821101
vn 0.254797 0.510755 -0.821101
vn -0.254798 -0.510757 0.8211
vn -0.254811 -0.510747 0.821102
vn -0.254798 -0.510757 0.8211
vn -0.254798 -0.510757 0.8211
vn -0.523193 -0.16466200000000006 -0.836155
vn -0.523197 -0.16465300000000005 -0.836154
vn -0.523193 -0.16466200000000006 -0.836155
vn -0.523193 -0.16466200000000006 -0.836155
vn 0.523194 0.16466200000000006 0.836155
vn 0.523196 0.16465300000000005 0.836155
vn 0.523194 0.16466200000000006 0.836155
vn 0.523194 0.16466200000000006 0.836155
vn -0.591573 0.12660699999999994 -0.796249
vn -0.591572 0.12661699999999995 -0.796248
vn -0.591573 0.12660699999999994 -0.796249
vn -0.591573 0.12660699999999994 -0.796249
vn 0.591574 -0.12660699999999994 0.796248
vn 0.591571 -0.12661699999999995 0.796249
vn 0.591574 -0.12660699999999994 0.796248
vn 0.591574 -0.12660699999999994 0.796248
vn -0.041203 0.614882 -0.787542
vn -0.041188 0.614884 -0.787542
vn -0.041203 0.614882 -0.787542
vn -0.041203 0.614882 -0.787542
vn 0.041204 -0.614883 0.787541
vn 0.041188 -0.614882 0.787543
vn 0.041204 -0.614883 0.787541
vn 0.041204 -0.614883 0.787541
vn -0.254798 -0.510756 -0.821101
vn -0.254812 -0.510749 -0.8211
vn -0.254798 -0.510756 -0.821101
vn -0.254798 -0.510756 -0.821101
vn 0.254798 0.510757 0.8211
vn 0.254812 0.510748 0.821102
vn 0.254798 0.510757 0.8211
vn 0.254798 0.510757 0.8211
vn 0.523193 0.16466199999999995 -0.836155
vn 0.523197 0.16465299999999994 -0.836154
vn 0.523193 0.16466199999999995 -0.836155
vn 0.523193 0.16466199999999995 -0.836155
vn -0.523194 -0.16466199999999995 0.836155
vn -0.523196 -0.16465299999999994 0.836155
vn -0.523194 -0.16466199999999995 0.836155
vn -0.523194 -0.16466199999999995 0.836155
vn 0.591573 -0.12660700000000005 -0.796249
vn 0.591572 -0.12661700000000006 -0.796248
vn 0.591573 -0.12660700000000005 -0.796249
vn 0.591573 -0.12660700000000005 -0.796249
vn -0.591574 0.12660700000000005 0.796248
vn -0.591571 0.12661700000000006 0.796249
vn -0.591574 0.12660700000000005 0.796248
vn -0.591574 0.12660700000000005 0.796248
vn 0.041203 -0.614882 -0.787542
vn 0.041188 -0.614884 -0.787542
vn 0.041203 -0.614882 -0.787542
vn 0.041203 -0.614882 -0.787542
vn -0.041204 0.614883 0.787541
vn -0.041188 0.614882 0.787543
vn -0.041204 0.614883 0.787541
vn -0.041204 0.614883 0.787541
vn 0.741324 0.671148 -4.109596249770739E-17
vn 0.741324 0.671148 -4.109596249770739E-17
vn 0.741324 0.671148 -4.109596249770739E-17
vn 0.741324 0.671148 -4.109596249770739E-17
vn 0.741331 0.67114 -4.1095472638987727E-17
vn 0.741331 0.67114 -4.1095472638987727E-17
vn 0.741331 0.67114 -4.1095472638987727E-17
vn 0.741331 0.67114 -4.1095472638987727E-17
vn 0.027424 0.025777000000000064 0.999292
vn 0.027423 0.025776000000000063 0.999292
vn 0.027424 0.025777000000000064 0.999292
vn 0.027424 0.025777000000000064 0.999292
vn -0.03727 0.990111 0.13524799999999995
vn -0.03727 0.990111 0.13524799999999995
vn -0.03727 0.990111 0.13524799999999995
vn -0.03727 0.990111 0.13524799999999995
vn 0.03727 -0.990111 -0.13524799999999995
vn 0.03727 -0.990111 -0.13524799999999995
vn 0.03727 -0.990111 -0.13524799999999995
vn 0.03727 -0.990111 -0.13524799999999995
vn -0.036995 0.9828 0.18092799999999995
vn -0.036995 0.9828 0.18092799999999995
vn -0.036995 0.9828 0.18092799999999995
vn -0.036995 0.9828 0.18092799999999995
vn 0.036995 -0.9828 -0.18092799999999995
vn 0.036995 -0.9828 -0.18092799999999995
vn 0.036995 -0.9828 -0.18092799999999995
vn 0.036995 -0.9828 -0.18092799999999995
vn 0.982399 0.036985999999999984 -0.183097
vn 0.982399 0.03698299999999999 -0.183097
vn 0.982399 0.036985999999999984 -0.183097
vn 0.982399 0.036985999999999984 -0.183097
vn -0.982399 -0.036985999999999984 0.183097
vn -0.982399 -0.03698299999999999 0.183098
vn -0.982399 -0.036985999999999984 0.183097
vn -0.982399 -0.036985999999999984 0.183097
vn 0.995381 0.037467999999999994 -0.088392
vn 0.995381 0.03747199999999999 -0.088393
vn 0.995381 0.037467999999999994 -0.088392
vn 0.995381 0.037467999999999994 -0.088392
vn -0.995381 -0.037467999999999994 0.088392
vn -0.995381 -0.03747199999999999 0.088392
vn -0.995381 -0.037467999999999994 0.088392
vn -0.995381 -0.037467999999999994 0.088392
vn -0.037426 0.994238 -0.10044900000000005
vn -0.037425 0.994238 -0.10044900000000005
vn -0.037426 0.994238 -0.10044900000000005
vn -0.037426 0.994238 -0.10044900000000005
vn 0.037426 -0.994238 0.10044900000000005
vn 0.037425 -0.994238 0.10044900000000005
vn 0.037426 -0.994238 0.10044900000000005
vn 0.037426 -0.994238 0.10044900000000005
vn -0.036837 0.978605 -0.20242100000000005
vn -0.03685 0.978605 -0.20242200000000005
vn -0.036837 0.978605 -0.20242100000000005
vn -0.036837 0.978605 -0.20242100000000005
vn 0.036837 -0.978605 0.20242200000000005
vn 0.03685 -0.978605 0.20242200000000005
vn 0.036837 -0.978605 0.20242200000000005
vn 0.036837 -0.978605 0.20242200000000005
vn 0.994127 0.03742100000000001 0.101549
vn 0.994126 0.03742100000000001 0.101549
vn 0.994127 0.03742100000000001 0.101549
vn 0.994127 0.03742100000000001 0.101549
vn -0.994127 -0.03742100000000001 -0.101549
vn -0.994126 -0.03742100000000001 -0.101549
vn -0.994127 -0.03742100000000001 -0.101549
vn -0.994127 -0.03742100000000001 -0.101549
vn 0.984247 0.037053000000000016 0.172874
vn 0.984247 0.037053000000000016 0.172874
vn 0.984247 0.037053000000000016 0.172874
vn 0.984247 0.037053000000000016 0.172874
vn -0.984247 -0.037053000000000016 -0.172874
vn -0.984247 -0.037053000000000016 -0.172874
vn -0.984247 -0.037053000000000016 -0.172874
vn -0.984247 -0.037053000000000016 -0.172874
vn -0.741324 -0.671148 4.109596249770739E-17
vn -0.741324 -0.671148 4.109596249770739E-17
vn -0.741324 -0.671148 4.109596249770739E-17
vn -0.741324 -0.671148 4.109596249770739E-17
vn -0.741331 -0.67114 4.1095472638987727E-17
vn -0.741331 -0.67114 4.1095472638987727E-17
vn -0.741331 -0.67114 4.1095472638987727E-17
vn -0.741331 -0.67114 4.1095472638987727E-17
vn -0.182973 -0.22226399999999993 0.957664
vn -0.238087 -0.28925799999999996 0.92717
vn -0.182973 -0.22226399999999993 0.957664
vn -0.126312 -0.15338999999999994 0.98006
vn -0.152919 -0.24317299999999994 0.957853
vn -0.202645 -0.31429899999999994 0.927444
vn -0.152919 -0.24317299999999994 0.957853
vn -0.1019 -0.16999199999999995 0.980163
vn 0.113889 0.18347300000000005 0.976405
vn 0.110632 0.17875900000000006 0.977653
vn 0.113889 0.18347300000000005 0.976405
vn 0.117141 0.18817900000000007 0.975124
vn 0.078889 0.20102500000000006 0.976404
vn 0.076539 0.19580500000000006 0.977651
vn 0.078889 0.20102500000000006 0.976404
vn 0.081236 0.20623800000000006 0.975124
vn 0.104864 0.19563600000000006 0.975054
vn 0.101983 0.19198500000000004 0.976085
vn 0.104864 0.19563600000000006 0.975054
vn 0.107743 0.19928200000000004 0.974001
vn 0.098212 0.20021500000000006 0.974817
vn 0.094676 0.19570200000000004 0.976083
vn 0.098212 0.20021500000000006 0.974817
vn 0.101745 0.20472200000000004 0.973518
vn 0.091122 0.20354000000000005 0.974817
vn 0.087751 0.19891100000000006 0.976081
vn 0.091122 0.20354000000000005 0.974817
vn 0.09449 0.20816100000000007 0.97352
vn 0.11389 0.18347400000000005 0.976405
vn 0.110634 0.17876200000000006 0.977652
vn 0.11389 0.18347400000000005 0.976405
vn 0.117141 0.18817900000000007 0.975124
vn 0.108805 0.18657500000000005 0.976397
vn 0.105823 0.18196800000000005 0.977594
vn 0.108805 0.18657500000000005 0.976397
vn 0.111785 0.19117600000000007 0.97517
vn 0.102443 0.19010100000000005 0.976405
vn 0.099481 0.18519600000000006 0.977653
vn 0.102443 0.19010100000000005 0.976405
vn 0.105402 0.19499900000000006 0.975124
vn 0.120308 0.17932400000000007 0.976406
vn 0.116888 0.17473000000000005 0.977654
vn 0.120308 0.17932400000000007 0.976406
vn 0.123724 0.18391100000000005 0.975125
vn 0.604443 -0.4677239999999999 0.64489
vn 0.470746 0.729403 0.49635599999999996
vn -0.651366 0.34368200000000004 0.676465
vn -0.500681 -0.803838 0.32119100000000006
vn -0.651366 0.34368200000000004 0.676465
vn -0.356804 0.931162 0.07501499999999994
vn -0.937437 -0.34249 -0.06254799999999998
vn -0.500681 -0.803838 0.32119100000000006
vn 0.356803 -0.931163 -0.07501299999999994
vn 0.604443 -0.4677239999999999 0.64489
vn -0.500681 -0.803838 0.32119100000000006
vn -0.937437 -0.34249 -0.06254799999999998
vn 0.604443 -0.4677239999999999 0.64489
vn 0.356803 -0.931163 -0.07501299999999994
vn 0.937438 0.342488 0.06254999999999997
vn 0.470746 0.729403 0.49635599999999996
vn -0.356804 0.931162 0.07501499999999994
vn -0.651366 0.34368200000000004 0.676465
vn 0.470746 0.729403 0.49635599999999996
vn 0.937438 0.342488 0.06254999999999997
vn 0.00729 -0.763214 0.646105
vn 0.865354 0.07787700000000003 0.495073
vn -0.133977 0.722931 0.677806
vn -0.942049 -0.10050299999999998 0.320069
vn -0.133977 0.722931 0.677806
vn 0.514098 0.854406 0.07545499999999994
vn -0.849795 0.523405 -0.062418000000000036
vn -0.942049 -0.10050299999999998 0.320069
vn -0.514099 -0.854406 -0.07545399999999994
vn 0.00729 -0.763214 0.646105
vn -0.942049 -0.10050299999999998 0.320069
vn -0.849795 0.523405 -0.062418000000000036
vn 0.00729 -0.763214 0.646105
vn -0.514099 -0.854406 -0.07545399999999994
vn 0.849793 -0.523408 0.06241900000000004
vn 0.865354 0.07787700000000003 0.495073
vn 0.514098 0.854406 0.07545499999999994
vn -0.133977 0.722931 0.677806
vn 0.865354 0.07787700000000003 0.495073
vn 0.849793 -0.523408 0.06241900000000004
vn -0.599476 0.45281000000000005 0.659994
vn -0.302523 0.953142 -5.836311497164533E-17
vn -0.961214 -0.275804 1.688812428960183E-17
vn -0.529871 -0.740009 0.41427500000000006
vn -0.529871 -0.740009 0.41427500000000006
vn -0.961214 -0.275804 1.688812428960183E-17
vn 0.300415 -0.953809 5.840395694239689E-17
vn 0.598622 -0.45374499999999995 0.660126
vn 0.598622 -0.45374499999999995 0.660126
vn 0.300415 -0.953809 5.840395694239689E-17
vn 0.961421 0.275083 -1.684397577249257E-17
vn 0.528487 0.740688 0.41482899999999995
vn 0.528487 0.740688 0.41482899999999995
vn 0.961421 0.275083 -1.684397577249257E-17
vn -0.302523 0.953142 -5.836311497164533E-17
vn -0.599476 0.45281000000000005 0.659994
vn 0.598622 -0.45374499999999995 0.660126
vn 0.528487 0.740688 0.41482899999999995
vn -0.599476 0.45281000000000005 0.659994
vn -0.529871 -0.740009 0.41427500000000006
vn 0.613207 -0.42156599999999994 0.668027
vn 0.3141 -0.94939 -9.999999999418666E-07
vn 0.947884 0.318615 9.999999999804905E-07
vn 0.523889 0.748519 0.40652199999999994
vn 0.523889 0.748519 0.40652199999999994
vn 0.947884 0.318615 9.999999999804905E-07
vn -0.311056 0.950392 4.999999999941806E-06
vn -0.612162 0.42257500000000003 0.668347
vn -0.612162 0.42257500000000003 0.668347
vn -0.311056 0.950392 4.999999999941806E-06
vn -0.94803 -0.318182 1.000000000019483E-06
vn -0.521773 -0.749623 0.40720900000000004
vn -0.521773 -0.749623 0.40720900000000004
vn -0.94803 -0.318182 1.000000000019483E-06
vn 0.3141 -0.94939 -9.999999999418666E-07
vn 0.613207 -0.42156599999999994 0.668027
vn -0.612162 0.42257500000000003 0.668347
vn -0.521773 -0.749623 0.40720900000000004
vn 0.613207 -0.42156599999999994 0.668027
vn 0.523889 0.748519 0.40652199999999994
vn -0.510832 -0.544285 0.665436
vn -0.984098 -0.177626 -1.9999999999891236E-06
vn 0.172085 -0.985082 2.000000000060319E-06
vn 0.666928 -0.622867 0.40895400000000004
vn 0.666928 -0.622867 0.40895400000000004
vn 0.172085 -0.985082 2.000000000060319E-06
vn 0.984598 0.174836 6.999999999989294E-06
vn 0.511675 0.543186 0.665686
vn 0.511675 0.543186 0.665686
vn 0.984598 0.174836 6.999999999989294E-06
vn -0.171526 0.98518 9.999999999396751E-07
vn -0.668118 0.621171 0.4095909999999999
vn -0.668118 0.621171 0.4095909999999999
vn -0.171526 0.98518 9.999999999396751E-07
vn -0.984098 -0.177626 -1.9999999999891236E-06
vn -0.510832 -0.544285 0.665436
vn 0.511675 0.543186 0.665686
vn -0.668118 0.621171 0.4095909999999999
vn -0.510832 -0.544285 0.665436
vn 0.666928 -0.622867 0.40895400000000004
vn 0.616591 -0.42072699999999996 0.665435
vn 0.32735 -0.944903 -1.999999999942141E-06
vn 0.94673 0.322029 1.9999999999802814E-06
vn 0.512496 0.755053 0.40895399999999993
vn 0.512496 0.755053 0.40895399999999993
vn 0.94673 0.322029 1.9999999999802814E-06
vn -0.324671 0.945827 6.999999999942085E-06
vn -0.615635 0.4217290000000001 0.665686
vn -0.615635 0.4217290000000001 0.665686
vn -0.324671 0.945827 6.999999999942085E-06
vn -0.946913 -0.321491 1.0000000000196856E-06
vn -0.510637 -0.755967 0.40959100000000004
vn -0.510637 -0.755967 0.40959100000000004
vn -0.946913 -0.321491 1.0000000000196856E-06
vn 0.32735 -0.944903 -1.999999999942141E-06
vn 0.616591 -0.42072699999999996 0.665435
vn -0.615635 0.4217290000000001 0.665686
vn -0.510637 -0.755967 0.40959100000000004
vn 0.616591 -0.42072699999999996 0.665435
vn 0.512496 0.755053 0.40895399999999993
vn 0.275697 -0.666682 0.692478
vn 0.82888 0.373979 0.416049
vn -0.307992 0.702058 0.642071
vn -0.847679 -0.350974 0.397816
vn 0.82888 0.373979 0.416049
vn 0.275697 -0.666682 0.692478
vn 0.867824 -0.495805 0.03254800000000003
vn 0.500228 0.865806 -0.012332000000000053
vn -0.461676 0.006411000000000055 0.887026
vn -0.474558 0.006449000000000054 0.880201
vn -0.461676 0.006411000000000055 0.887026
vn -0.448695 0.006371000000000055 0.893662
vn 0.069488 0.028138000000000062 0.997186
vn -0.01707 0.02125100000000006 0.999629
vn 0.069488 0.028138000000000062 0.997186
vn 0.155522 0.03481300000000006 0.987219
vn -0.192142 0.848581 0.49294199999999994
vn -0.192161 0.848575 0.49294399999999994
vn -0.192142 0.848581 0.49294199999999994
vn -0.192123 0.848586 0.49293999999999993
vn 0.414579 0.764941 0.49293899999999996
vn 0.414617 0.764923 0.49293499999999996
vn 0.414579 0.764941 0.49293899999999996
vn 0.414541 0.764959 0.49294399999999994
vn 0.472186 0.730786 0.49294199999999994
vn 0.472174 0.730793 0.49294399999999994
vn 0.472186 0.730786 0.49294199999999994
vn 0.472199 0.730779 0.49294099999999996
vn 0.841791 0.21999500000000002 0.49294
vn 0.841805 0.21995200000000004 0.492935
vn 0.841791 0.21999500000000002 0.49294
vn 0.841778 0.22003700000000004 0.492944
vn 0.841791 0.21999200000000002 0.492942
vn 0.841787 0.22000400000000003 0.492943
vn 0.841791 0.21999200000000002 0.492942
vn 0.841794 0.21998100000000004 0.492941
vn 0.849559 -0.18777799999999997 0.49294
vn 0.849552 -0.18781899999999999 0.492935
vn 0.849559 -0.18777799999999997 0.49294
vn 0.849565 -0.18773699999999996 0.492944
vn 0.849557 -0.18777699999999997 0.492942
vn 0.849559 -0.18776599999999996 0.492944
vn 0.849557 -0.18777699999999997 0.492942
vn 0.849556 -0.18778699999999998 0.492941
vn 0.529343 0.551016 0.645118
vn -0.669809 0.554078 0.49432099999999995
vn -0.411293 -0.607204 0.67981
vn 0.742368 -0.588612 0.32004000000000005
vn -0.411293 -0.607204 0.67981
vn -0.966028 -0.247134 0.07559000000000002
vn 0.238887 -0.969042 -0.06237799999999994
vn 0.742368 -0.588612 0.32004000000000005
vn 0.966028 0.247134 -0.07558900000000002
vn 0.529343 0.551016 0.645118
vn 0.742368 -0.588612 0.32004000000000005
vn 0.238887 -0.969042 -0.06237799999999994
vn 0.529343 0.551016 0.645118
vn 0.966028 0.247134 -0.07558900000000002
vn -0.238883 0.969043 0.062378999999999935
vn -0.669809 0.554078 0.49432099999999995
vn -0.966028 -0.247134 0.07559000000000002
vn -0.411293 -0.607204 0.67981
vn -0.669809 0.554078 0.49432099999999995
vn -0.238883 0.969043 0.062378999999999935
vn 0.401513 -0.771879 0.49294000000000004
vn 0.401476 -0.771901 0.49293600000000004
vn 0.401513 -0.771879 0.49294000000000004
vn 0.40155 -0.771857 0.4929450000000001
vn 0.401512 -0.771878 0.49294200000000005
vn 0.401519 -0.771874 0.4929430000000001
vn 0.401512 -0.771878 0.49294200000000005
vn 0.401505 -0.771883 0.4929410000000001
vn -0.722679 -0.48450399999999993 0.49294000000000004
vn -0.722706 -0.48446999999999996 0.49293600000000004
vn -0.406521 -0.805094 0.43193100000000006
vn 0.146633 -0.966801 0.20927200000000007
vn -0.722677 -0.48450599999999994 0.49294200000000005
vn -0.722669 -0.48451599999999995 0.4929430000000001
vn -0.722677 -0.48450599999999994 0.49294200000000005
vn -0.722684 -0.48449699999999996 0.4929410000000001
vn -0.868806 -0.04675499999999997 0.49294
vn -0.868811 -0.04671199999999997 0.492936
vn -0.868806 -0.04675499999999997 0.49294
vn -0.868801 -0.04679799999999997 0.492945
vn -0.868805 -0.04675599999999997 0.492942
vn -0.868804 -0.04676399999999997 0.492943
vn -0.868805 -0.04675599999999997 0.492942
vn -0.868806 -0.04674799999999997 0.492941
vn -0.36232 -0.672717 0.645118
vn 0.793793 -0.35431499999999994 0.494321
vn 0.233531 0.695214 0.67981
vn -0.872952 0.368142 0.320042
vn 0.233531 0.695214 0.67981
vn 0.864467 0.496974 0.07558999999999998
vn -0.489834 0.869581 -0.06237700000000006
vn -0.872952 0.368142 0.320042
vn -0.864467 -0.496973 -0.07558899999999998
vn -0.36232 -0.672717 0.645118
vn -0.872952 0.368142 0.320042
vn -0.489834 0.869581 -0.06237700000000006
vn -0.36232 -0.672717 0.645118
vn -0.864467 -0.496973 -0.07558899999999998
vn 0.489832 -0.869583 0.06237900000000005
vn 0.793793 -0.35431499999999994 0.494321
vn 0.864467 0.496974 0.07558999999999998
vn 0.233531 0.695214 0.67981
vn 0.793793 -0.35431499999999994 0.494321
vn 0.489832 -0.869583 0.06237900000000005
vn 0.606747 -0.43859399999999993 0.662943
vn 0.311193 -0.950347 5.819197058146448E-17
vn 0.955179 0.296029 -1.812654836523959E-17
vn 0.52488 0.745241 0.41123699999999996
vn 0.52488 0.745241 0.41123699999999996
vn 0.955179 0.296029 -1.812654836523959E-17
vn -0.308166 0.951333 -5.825234566866245E-17
vn -0.605678 0.43959800000000004 0.663255
vn -0.605678 0.43959800000000004 0.663255
vn -0.308166 0.951333 -5.825234566866245E-17
vn -0.955325 -0.295558 1.809770793311967E-17
vn -0.522732 -0.746357 0.41194900000000007
vn -0.522732 -0.746357 0.41194900000000007
vn -0.955325 -0.295558 1.809770793311967E-17
vn 0.311193 -0.950347 5.819197058146448E-17
vn 0.606747 -0.43859399999999993 0.662943
vn -0.605678 0.43959800000000004 0.663255
vn -0.522732 -0.746357 0.41194900000000007
vn 0.606747 -0.43859399999999993 0.662943
vn 0.52488 0.745241 0.41123699999999996
vn 0.174564 -0.773321 0.60951
vn 0.195206 -0.850723 0.48802200000000007
vn 0.188724 -0.826692 0.530059
vn 0.174568 -0.773319 0.609511
vn -0.533494 -0.34018999999999994 0.774374
vn 0.533505 0.3401759999999999 -0.774372
vn -0.533503 -0.3401739999999999 0.774375
vn 0.533493 0.34018899999999996 -0.774375
vn -0.617788 0.13668500000000006 0.774374
vn 0.617787 -0.13669900000000004 -0.774373
vn -0.617785 0.13669900000000004 0.774374
vn 0.617787 -0.13668500000000006 -0.774375
vn -0.617787 0.13668900000000006 0.774374
vn -0.704662 0.13352300000000006 0.696867
vn -0.676595 0.13478900000000005 0.723914
vn -0.617787 0.13669400000000007 0.774373
vn -0.292397 0.687058 0.665173
vn -0.350665 0.737132 0.577642
vn -0.331654 0.721457 0.60787
vn -0.292392 0.687062 0.665171
vn 0.050722 -0.665861 0.744349
vn 0.067776 -0.746431 0.662002
vn 0.062157 -0.720542 0.69062
vn 0.050713 -0.665863 0.744349
vn -0.804602 -0.12745199999999998 0.579976
vn 0.149462 -0.955479 0.2544020000000001
vn 0.817182 0.10947200000000003 0.565888
vn -0.14573 0.961787 0.23179199999999994
vn -0.368307 -0.902661 0.22260300000000005
vn 0.149462 -0.955479 0.2544020000000001
vn -0.804602 -0.12745199999999998 0.579976
vn -0.873378 0.29775 0.385429
vn -0.301916 -0.883303 0.35864100000000004
vn -0.368307 -0.902661 0.22260300000000005
vn -0.946799 0.16595900000000002 0.275735
vn 0.458189 0.838883 0.2938319999999999
vn -0.14573 0.961787 0.23179199999999994
vn 0.817182 0.10947200000000003 0.565888
vn 0.840156 -0.449776 0.303049
vn 0.458189 0.838883 0.2938319999999999
vn 0.942609 -0.19531299999999996 0.270816
vn 0.044561 0.982668 0.17993999999999993
vn 0.044561 0.982668 0.17993999999999993
vn 0.946854 0.13855199999999998 -0.290294
vn 0.164693 0.936238 -0.31037700000000007
vn 0.044561 0.982668 0.17993999999999993
vn 0.164693 0.936238 -0.31037700000000007
vn -0.940441 0.16411299999999998 -0.297719
vn -0.946799 0.16595900000000002 0.275735
vn 0.044561 0.982668 0.17993999999999993
vn -0.873378 0.29775 0.385429
vn 0.458189 0.838883 0.2938319999999999
vn -0.14573 0.961787 0.23179199999999994
vn 0.458189 0.838883 0.2938319999999999
vn -0.804602 -0.12745199999999998 0.579976
vn -0.046736 -0.868807 0.49294000000000004
vn -0.046776 -0.868807 0.49293600000000004
vn -0.046736 -0.868807 0.49294000000000004
vn -0.046696 -0.868807 0.49294400000000005
vn -0.046734 -0.868806 0.49294200000000005
vn -0.04672 -0.868806 0.4929430000000001
vn -0.046734 -0.868806 0.49294200000000005
vn -0.046749 -0.868806 0.49294000000000004
vn -0.36232 -0.672717 0.645118
vn 0.793793 -0.35431499999999994 0.494321
vn 0.233531 0.695214 0.67981
vn -0.872952 0.368142 0.320042
vn 0.233531 0.695214 0.67981
vn 0.864467 0.496974 0.07558999999999998
vn -0.489834 0.869581 -0.06237700000000006
vn -0.872952 0.368142 0.320042
vn -0.864467 -0.496973 -0.07558899999999998
vn -0.36232 -0.672717 0.645118
vn -0.872952 0.368142 0.320042
vn -0.489834 0.869581 -0.06237700000000006
vn -0.36232 -0.672717 0.645118
vn -0.864467 -0.496973 -0.07558899999999998
vn 0.489832 -0.869583 0.06237900000000005
vn 0.793793 -0.35431499999999994 0.494321
vn 0.864467 0.496974 0.07558999999999998
vn 0.233531 0.695214 0.67981
vn 0.793793 -0.35431499999999994 0.494321
vn 0.489832 -0.869583 0.06237900000000005
vn 0.554354 -0.46169799999999994 0.692478
vn 0.559498 0.716844 0.41604899999999995
vn -0.599405 0.47797300000000004 0.642071
vn -0.586845 -0.705235 0.39781500000000003
vn 0.559498 0.716844 0.41604899999999995
vn 0.554354 -0.46169799999999994 0.692478
vn 0.998863 -0.03482 0.032548
vn 0.039673 0.999137 -0.012333000000000061
vn 0.074188 0.68267 0.726951
vn -0.83237 -0.18757899999999997 0.521511
vn 0.105077 -0.693949 0.712316
vn 0.70129 -0.13305199999999995 0.700349
vn 0.951208 -0.275383 0.13916900000000001
vn -0.436927 -0.898427 0.043871000000000056
vn 0.19057 -0.980476 -0.04847799999999994
vn 0.981237 0.188783 0.03917499999999999
vn -0.691883 -0.04204599999999996 0.720784
vn -0.750037 -0.04735699999999996 0.659698
vn -0.691883 -0.04204599999999996 0.720784
vn -0.628788 -0.03643399999999995 0.776723
vn 0.190154 0.21435500000000005 0.958068
vn 0.18088 0.23263900000000007 0.955595
vn 0.211423 0.20250100000000004 0.956187
vn 0.208449 0.17753300000000005 0.961785
vn 0.128413 0.044741000000000065 0.990711
vn 0.253584 0.10031500000000006 0.962098
vn 0.087004 0.023274000000000062 0.995936
vn 0.002579 -0.015549999999999939 0.999876
vn 0.00443 -0.019391999999999937 0.999802
vn 0.128413 0.044741000000000065 0.990711
vn 0.253584 0.10031500000000006 0.962098
vn 0.087004 0.023274000000000062 0.995936
vn 0.002579 -0.01555099999999994 0.999876
vn 0.00443 -0.019391999999999937 0.999802
vn 0.130899 0.036838000000000065 0.990711
vn 0.259222 0.08468700000000005 0.962098
vn 0.08826 0.017933000000000063 0.995936
vn 0.001628 -0.015678999999999936 0.999876
vn 0.003241 -0.01962599999999994 0.999802
vn -0.001325 0.09133000000000005 0.99582
vn -0.538724 -0.804056 0.25153500000000006
vn 0.821386 -0.544338 0.17035600000000004
vn -0.555917 -0.827597 0.07770700000000005
vn 0.831233 -0.553262 0.054335000000000036
vn -0.001306 0.09126600000000006 0.995826
vn -0.538707 -0.804069 0.25153300000000006
vn 0.82139 -0.544332 0.17035700000000004
vn -0.555902 -0.827608 0.07770700000000005
vn 0.831259 -0.553224 0.054334000000000035
vn 0.064367 0.06481700000000006 0.995819
vn -0.951482 -0.17723399999999997 0.251535
vn 0.185342 -0.967795 0.17035600000000006
vn -0.980333 -0.181408 0.07770700000000001
vn 0.185845 -0.981076 0.054335000000000064
vn 0.059213 0.06962200000000006 0.995815
vn -0.935026 -0.24991199999999997 0.251536
vn 0.259268 -0.950662 0.17035600000000006
vn -0.963476 -0.256272 0.07770700000000001
vn 0.26078 -0.963868 0.054335000000000064
vn 0.064322 0.06475500000000005 0.995826
vn -0.951479 -0.17725299999999997 0.251532
vn 0.185343 -0.967795 0.17035600000000006
vn -0.98033 -0.181422 0.07770700000000001
vn 0.185887 -0.981068 0.05433400000000006
vn 0.09125 0.0043310000000000605 0.995819
vn -0.821369 0.511941 0.25153299999999995
vn -0.516975 -0.838878 0.17035700000000006
vn -0.845466 0.528345 0.07770799999999997
vn -0.525568 -0.849015 0.05433400000000005
vn 0.091302 0.00433700000000006 0.995814
vn -0.821376 0.511928 0.2515359999999999
vn -0.516945 -0.838896 0.17035900000000007
vn -0.845464 0.528348 0.07770699999999997
vn -0.525547 -0.849028 0.05433400000000005
vn 0.091192 0.00432300000000006 0.995824
vn -0.821374 0.511933 0.2515319999999999
vn -0.516977 -0.838876 0.17035700000000006
vn -0.845469 0.52834 0.07770699999999997
vn -0.52554 -0.849032 0.05433400000000005
vn 0.083192 -0.037721999999999936 0.995819
vn -0.497842 0.82999 0.2515359999999999
vn -0.842453 -0.511127 0.17035600000000004
vn -0.511814 0.855575 0.07770599999999994
vn -0.854725 -0.516229 0.054334000000000035
vn 0.083233 -0.03774399999999994 0.995815
vn -0.497858 0.82998 0.25153699999999996
vn -0.842433 -0.51116 0.17035800000000004
vn -0.51181 0.855577 0.07770799999999994
vn -0.854708 -0.516259 0.054334000000000035
vn 0.083126 -0.03770499999999994 0.995825
vn -0.497851 0.829985 0.2515339999999999
vn -0.842454 -0.511126 0.17035700000000004
vn -0.511823 0.85557 0.07770699999999994
vn -0.854701 -0.516269 0.054334000000000035
vn 0.024498 -0.08800999999999995 0.995818
vn 0.316663 0.914579 0.2515339999999999
vn -0.932769 0.317681 0.17035599999999998
vn 0.327305 0.941718 0.07770699999999994
vn -0.944561 0.323809 0.05433399999999998
vn 0.024498 -0.08804299999999994 0.995815
vn 0.316645 0.914585 0.2515359999999999
vn -0.932777 0.317654 0.17035799999999998
vn 0.327308 0.941717 0.07770799999999994
vn -0.944566 0.323794 0.05433399999999998
vn 0.024466 -0.08793699999999995 0.995826
vn 0.316658 0.914581 0.25153299999999995
vn -0.932764 0.317694 0.17035799999999998
vn 0.327299 0.94172 0.07770699999999994
vn -0.94457 0.323783 0.05433499999999998
vn -0.084744 -0.03408299999999994 0.99582
vn 0.944017 -0.21345399999999998 0.251535
vn 0.212456 0.962206 0.17035599999999995
vn 0.972167 -0.221025 0.07770700000000001
vn 0.217236 0.974606 0.05433399999999994
vn -0.084787 -0.03409499999999994 0.995816
vn 0.944021 -0.21343399999999998 0.251537
vn 0.212423 0.962213 0.17035799999999995
vn 0.972167 -0.221027 0.07770800000000001
vn 0.217218 0.97461 0.05433499999999994
vn -0.08469 -0.03405999999999994 0.995825
vn 0.944019 -0.21344499999999997 0.251532
vn 0.212459 0.962206 0.17035799999999995
vn 0.972169 -0.221016 0.07770700000000001
vn 0.217207 0.974612 0.05433399999999994
vn -0.09025 0.01405500000000006 0.99582
vn 0.702056 -0.666219 0.25153600000000004
vn 0.674664 0.718198 0.17035599999999995
vn 0.722374 -0.687123 0.07770700000000004
vn 0.685108 0.726412 0.05433399999999996
vn -0.090284 0.01406200000000006 0.995817
vn 0.702074 -0.6662 0.25153500000000006
vn 0.67464 0.718219 0.17035799999999995
vn 0.722375 -0.687121 0.07770800000000004
vn 0.685101 0.726419 0.05433399999999996
vn -0.090196 0.01404800000000006 0.995825
vn 0.702062 -0.666214 0.25153300000000006
vn 0.674667 0.718194 0.17035699999999995
vn 0.722381 -0.687115 0.07770700000000004
vn 0.685093 0.726426 0.05433499999999996
vn -0.023655 -0.08822499999999994 0.99582
vn 0.737701 0.62652 0.2515339999999999
vn -0.641662 0.747829 0.17035699999999995
vn 0.760664 0.644478 0.07770699999999996
vn -0.648704 0.759099 0.05433399999999995
vn -0.023671 -0.08825699999999995 0.995816
vn 0.737686 0.626537 0.2515359999999999
vn -0.641685 0.74781 0.17035799999999995
vn 0.760665 0.644477 0.07770799999999996
vn -0.648714 0.75909 0.05433399999999995
vn -0.023644 -0.08816399999999995 0.995825
vn 0.737699 0.626524 0.2515319999999999
vn -0.641655 0.747835 0.17035699999999995
vn 0.760661 0.644482 0.07770699999999996
vn -0.648725 0.759081 0.05433499999999995
vn 0.074188 0.68267 0.726951
vn 0.70129 -0.13305199999999995 0.700349
vn 0.951208 -0.275383 0.13916900000000001
vn 0.318478 0.936174 0.14882699999999993
vn 0.981237 0.188783 0.03917499999999999
vn -0.190571 0.980475 0.048495999999999935
vn -0.165431 -0.06494799999999995 0.98408
vn -0.070985 -0.005245999999999939 0.997464
vn -0.094766 -0.020230999999999937 0.995294
vn -0.023425 0.024629000000000064 0.999422
vn -0.023424 0.024628000000000063 0.999422
vn -0.172957 -0.04088299999999994 0.98408
vn -0.071013 0.004852000000000061 0.997464
vn -0.096675 -0.006616999999999939 0.995294
vn -0.019704 0.02769600000000006 0.999422
vn -0.019703 0.027695000000000063 0.999422
vn -0.176204 -0.02318599999999994 0.98408
vn -0.070158 0.012007000000000061 0.997464
vn -0.096848 0.003192000000000061 0.995294
vn -0.016803 0.029547000000000063 0.999422
vn -0.016802 0.029546000000000062 0.999422
vn -0.375928 0.34523100000000007 0.859938
vn -0.277793 0.39844700000000005 0.874112
vn -0.302745 0.38557100000000005 0.871597
vn -0.227407 0.42316500000000007 0.877051
vn -0.227406 0.42316400000000004 0.877051
vn -0.24361 -0.969262 0.03442700000000006
vn 0.39489 -0.918424 0.023656000000000055
vn 0.384568 -0.878276 0.28414600000000007
vn -0.275097 -0.46850499999999995 0.839538
vn -0.859423 -0.510487 0.02821300000000003
vn -0.904661 -0.23344799999999996 0.356499
vn -0.970068 0.242768 0.0056279999999999854
vn -0.582744 0.3621750000000001 0.727488
vn -0.516571 0.856014 -0.019875000000000052
vn -0.243956 0.918533 0.31109999999999993
vn 0.243592 0.969284 -0.03394700000000006
vn 0.296455 0.523465 0.798811
vn 0.859219 0.510816 -0.028452000000000033
vn 0.913694 0.256359 0.315347
vn 0.928218 -0.372034 -0.0016229999999999773
vn 0.498905 -0.16666899999999996 0.850479
vn 0.384568 -0.878276 0.28414600000000007
vn 0.39489 -0.918424 0.023656000000000055
vn -0.001325 0.09133000000000005 0.99582
vn 0.368237 0.928365 0.050392999999999945
vn -0.913504 0.394478 0.09948699999999998
vn -0.613326 0.786157 -0.07608400000000004
vn 0.790652 0.609655 -0.05649000000000003
vn -0.001306 0.09126600000000006 0.995826
vn 0.36824 0.928364 0.05039499999999995
vn -0.913512 0.394459 0.09948899999999997
vn -0.613335 0.78615 -0.07608300000000004
vn 0.790635 0.609677 -0.05648900000000003
vn 0.064367 0.06481700000000006 0.995819
vn 0.92111 0.386028 0.05039299999999998
vn -0.356878 0.928838 0.09948799999999994
vn 0.133016 0.988189 -0.07608400000000005
vn 0.988709 -0.138794 -0.05648999999999999
vn 0.059213 0.06962200000000006 0.995815
vn 0.888676 0.455759 0.05038599999999997
vn -0.427267 0.898635 0.09948699999999995
vn 0.056623 0.995492 -0.07608500000000006
vn 0.996458 -0.062288 -0.056491999999999994
vn 0.064322 0.06475500000000005 0.995826
vn 0.921111 0.386024 0.05039499999999998
vn -0.356898 0.92883 0.09949099999999994
vn 0.133006 0.988191 -0.07608300000000005
vn 0.988712 -0.138769 -0.05648899999999999
vn 0.09125 0.0043310000000000605 0.995819
vn 0.939994 -0.337449 0.05039400000000002
vn 0.364166 0.926005 0.09948599999999995
vn 0.765521 0.638897 -0.07608300000000004
vn 0.635382 -0.770129 -0.05649099999999995
vn 0.091302 0.00433700000000006 0.995814
vn 0.940001 -0.33743 0.05038700000000002
vn 0.364168 0.926005 0.09948499999999995
vn 0.765531 0.638884 -0.07608500000000004
vn 0.635415 -0.770102 -0.05649199999999995
vn 0.091192 0.00432300000000006 0.995824
vn 0.939992 -0.337454 0.05039400000000002
vn 0.364155 0.926009 0.09948799999999994
vn 0.765516 0.638903 -0.07608300000000004
vn 0.635396 -0.770117 -0.05648899999999995
vn 0.083192 -0.037721999999999936 0.995819
vn 0.68295 -0.728725 0.05039400000000004
vn 0.746134 0.658321 0.09948599999999996
vn 0.97256 0.219862 -0.07608400000000001
vn 0.214618 -0.975063 -0.056489999999999936
vn 0.083233 -0.03774399999999994 0.995815
vn 0.682963 -0.728713 0.05038700000000004
vn 0.746135 0.658319 0.09948699999999996
vn 0.972564 0.219843 -0.07608500000000001
vn 0.214669 -0.975052 -0.05649199999999994
vn 0.083126 -0.03770499999999994 0.995825
vn 0.682942 -0.728732 0.05039400000000004
vn 0.746124 0.658332 0.09948899999999995
vn 0.972558 0.21987 -0.07608200000000001
vn 0.214645 -0.975057 -0.056488999999999935
vn 0.024498 -0.08800999999999995 0.995818
vn -0.120175 -0.991473 0.05039300000000006
vn 0.983769 -0.149337 0.09948500000000002
vn 0.793005 -0.604446 -0.07608299999999996
vn -0.609721 -0.7906 -0.05649099999999995
vn 0.024498 -0.08804299999999994 0.995815
vn -0.120162 -0.991475 0.050387000000000064
vn 0.983769 -0.149336 0.09948700000000002
vn 0.792995 -0.604459 -0.07608499999999996
vn -0.609693 -0.790622 -0.05649099999999995
vn 0.024466 -0.08793699999999995 0.995826
vn -0.12019 -0.991471 0.050395000000000065
vn 0.983771 -0.149324 0.09948800000000001
vn 0.79301 -0.60444 -0.07608199999999996
vn -0.609715 -0.790606 -0.05648799999999995
vn -0.084744 -0.03408299999999994 0.99582
vn -0.998683 0.009665000000000003 0.050394
vn -0.039495 -0.994255 0.09948600000000006
vn -0.512928 -0.855053 -0.07608399999999994
vn -0.853245 0.518442 -0.05649000000000003
vn -0.084787 -0.03409499999999994 0.995816
vn -0.998683 0.009646000000000004 0.050387
vn -0.039495 -0.994255 0.09948600000000006
vn -0.512942 -0.855045 -0.07608499999999994
vn -0.853266 0.518407 -0.056491000000000034
vn -0.08469 -0.03405999999999994 0.995825
vn -0.998683 0.009670000000000003 0.050395
vn -0.039478 -0.994255 0.09948800000000005
vn -0.51292 -0.855059 -0.07608199999999994
vn -0.853255 0.518425 -0.05648900000000003
vn -0.09025 0.01405500000000006 0.99582
vn -0.853253 0.519056 0.05039399999999997
vn -0.542426 -0.834192 0.09948600000000006
vn -0.878068 -0.472449 -0.07608399999999997
vn -0.468078 0.88188 -0.056491000000000055
vn -0.090284 0.01406200000000006 0.995817
vn -0.853264 0.51904 0.05038799999999997
vn -0.542418 -0.834197 0.09948800000000005
vn -0.878076 -0.472434 -0.07608499999999997
vn -0.46811 0.881862 -0.056491000000000055
vn -0.090196 0.01404800000000006 0.995825
vn -0.853251 0.519061 0.05039399999999997
vn -0.542409 -0.834203 0.09948900000000005
vn -0.878063 -0.472458 -0.07608199999999997
vn -0.468093 0.881872 -0.05648900000000005
vn -0.023655 -0.08822499999999994 0.99582
vn -0.607611 -0.792634 0.05039300000000005
vn 0.771177 -0.6288 0.09948500000000005
vn 0.375505 -0.923692 -0.07608299999999994
vn -0.927013 -0.37075 -0.05648999999999998
vn -0.023671 -0.08825699999999995 0.995816
vn -0.607596 -0.792646 0.05038800000000005
vn 0.771179 -0.628797 0.09948700000000005
vn 0.375493 -0.923697 -0.07608499999999994
vn -0.926999 -0.370785 -0.05649099999999998
vn -0.023644 -0.08816399999999995 0.995825
vn -0.607618 -0.792629 0.05039500000000005
vn 0.771185 -0.628789 0.09948800000000003
vn 0.375514 -0.923689 -0.07608199999999994
vn -0.927007 -0.370765 -0.05648899999999998
vn -0.301916 -0.883303 0.35864100000000004
vn 0.942609 -0.19531299999999996 0.270816
vn 0.840156 -0.449776 0.303049
vn -0.368307 -0.902661 0.22260300000000005
vn 0.149462 -0.955479 0.2544020000000001
vn -0.368307 -0.902661 0.22260300000000005
vn 0.817182 0.10947200000000003 0.565888
vn 0.887041 0.21998300000000004 0.405913
vn 0.539855 0.21102900000000005 0.814876
vn -0.281437 0.03347300000000006 0.958996
vn 0.087135 0.29368600000000006 0.951922
vn -0.204322 0.25720600000000005 0.944509
vn -0.378872 0.34426100000000004 0.859035
vn -0.655847 0.09472100000000004 0.748928
vn -0.281437 0.03347300000000006 0.958996
vn -0.596871 -0.06956299999999994 0.799316
vn -0.559941 -0.10446599999999995 0.82192
vn -0.487334 -0.09368299999999995 0.868176
vn -0.514806 -0.35819899999999993 0.778889
vn -0.479963 -0.40809599999999996 0.776591
vn -0.24656 -0.41928399999999993 0.873733
vn -0 6.123233995736766E-17 1
vn -0.082629 -0.38220399999999993 0.920376
vn 0.366991 0.07553500000000006 0.927153
vn 0.541331 0.28845300000000007 0.789782
vn 0.812567 0.47102 0.34333099999999994
vn 0.784175 0.569736 0.24590799999999996
vn 0.594641 0.802978 -0.04035900000000005
vn 0.300817 0.925825 0.22881899999999994
vn 0.947432 0.317403 -0.04035800000000002
vn 0.765223 0.555966 -0.32455400000000006
vn 0.973469 -9.999999999859888E-07 0.22882
vn 0.938418 -2.11559571522904E-17 -0.345503
vn 0.947431 -0.317403 -0.04035799999999998
vn 0.784174 -0.569736 0.24591000000000002
vn 0.765223 -0.555966 -0.3245549999999999
vn 0.594641 -0.802978 -0.04035699999999995
vn 0.300818 -0.925824 0.22882200000000005
vn 0.289986 -0.892489 -0.34550299999999995
vn -0.009096 -0.999144 -0.040357999999999936
vn -0.299526 -0.921853 0.24590800000000004
vn -0.292288 -0.899573 -0.32455599999999996
vn -0.579922 -0.813672 -0.04035999999999995
vn -0.787553 -0.57219 0.22882000000000002
vn -0.759195 -0.551588 -0.34550499999999995
vn -0.953053 -0.300101 -0.04035899999999998
vn -0.969293 1.5057522254236367E-17 0.245908
vn -0.945867 -1.0000000000198733E-06 -0.324555
vn -0.953053 0.3001 -0.04035800000000002
vn -0.787553 0.57219 0.22881999999999997
vn -0.759196 0.551589 -0.34550200000000003
vn -0.579922 0.813672 -0.04035800000000005
vn -0.299527 0.921853 0.24590799999999993
vn -0.292287 0.899573 -0.32455500000000004
vn -0.009097 0.999144 -0.04035900000000006
vn 0.300817 0.925825 0.22881899999999994
vn 0.289985 0.892489 -0.34550300000000006
vn 0.594641 0.802978 -0.04035900000000005
vn 0.765223 0.555966 -0.32455400000000006
vn -0.419045 0.07724800000000005 0.904673
vn 1E-06 1.0000000000612324E-06 1
vn -0.312938 -0.32393999999999995 0.892823
vn -0.353441 -0.2866349999999999 0.89046
vn 0.086254 -0.734452 0.673157
vn -0.236993 0.29891500000000004 0.924383
vn -0.241139 0.3833810000000001 0.891556
vn -0.137587 0.47410100000000005 0.869654
vn -0.350097 0.660068 0.664637
vn -0.087229 -0.33815799999999996 0.937038
vn 0.270737 -0.34172699999999995 0.899958
vn 0.612174 -0.513607 0.601208
vn -0.15184 0.39856100000000005 0.904485
vn -0.475438 0.669365 0.570885
vn 0.555999 -0.047030999999999955 0.829851
vn 0.5637 -0.07158799999999994 0.822872
vn 0.548127 0.20051900000000006 0.812003
vn 0.130464 0.39685400000000004 0.908563
vn -0.008164 0.543011 0.839686
vn 0.296455 0.523465 0.798811
vn 0.498905 -0.16666899999999996 0.850479
vn 0.913694 0.256359 0.315347
vn -0.275097 -0.46850499999999995 0.839538
vn 0.384568 -0.878276 0.28414600000000007
vn -0.582744 0.3621750000000001 0.727488
vn -0.904661 -0.23344799999999996 0.356499
vn -0.243956 0.918533 0.31109999999999993
vn -0 6.123233995736766E-17 1
vn -1E-06 6.123233995736766E-17 1
vn -0 6.123233995736766E-17 1
vn 0 6.123233995736766E-17 1
vn 0 6.123233995736766E-17 1
vn 0 6.123233995736766E-17 1
vn -0 6.123233995736766E-17 1
vn -0 6.123233995736766E-17 1
vn -1E-06 6.123233995736766E-17 1
vn 0 6.123233995736766E-17 1
g 01
f 1/1/1 2/2/2 3/3/3
f 4/4/4 5/5/5 6/6/6
f 7/7/7 8/8/8 9/9/9
f 10/10/10 11/11/11 12/12/12
f 13/13/13 14/14/14 15/15/15
f 16/16/16 17/17/17 18/18/18
f 19/19/19 20/20/20 21/21/21
f 22/22/22 23/23/23 24/24/24
f 25/25/25 26/26/26 27/27/27
f 28/28/28 29/29/29 30/30/30
f 31/31/31 32/32/32 33/33/33
f 34/34/34 35/35/35 36/36/36
f 37/37/37 38/38/38 39/39/39
f 40/40/40 41/41/41 42/42/42
f 43/43/43 44/44/44 45/45/45
f 46/46/46 47/47/47 48/48/48
f 49/49/49 50/50/50 51/51/51
f 52/52/52 53/53/53 54/54/54
f 55/55/55 56/56/56 57/57/57
f 58/58/58 59/59/59 60/60/60
f 61/61/61 62/62/62 63/63/63
f 64/64/64 65/65/65 66/66/66
f 67/67/67 68/68/68 69/69/69
f 70/70/70 71/71/71 72/72/72
f 73/73/73 74/74/74 75/75/75
f 76/76/76 77/77/77 78/78/78
f 79/79/79 80/80/80 81/81/81
f 82/82/82 83/83/83 84/84/84
f 85/85/85 86/86/86 87/87/87
f 88/88/88 89/89/89 90/90/90
f 91/91/91 92/92/92 93/93/93
f 94/94/94 95/95/95 96/96/96
f 97/97/97 98/98/98 99/99/99
f 100/100/100 101/101/101 102/102/102
f 103/103/103 104/104/104 105/105/105
f 106/106/106 107/107/107 108/108/108
f 109/109/109 110/110/110 111/111/111
f 112/112/112 113/113/113 114/114/114
f 115/115/115 116/116/116 117/117/117
f 118/118/118 119/119/119 120/120/120
f 121/121/121 122/122/122 123/123/123
f 124/124/124 125/125/125 126/126/126
f 127/127/127 128/128/128 129/129/129
f 130/130/130 131/131/131 132/132/132
f 133/133/133 134/134/134 135/135/135
f 136/136/136 137/137/137 138/138/138
f 139/139/139 140/140/140 141/141/141
f 142/142/142 143/143/143 144/144/144
f 145/145/145 146/146/146 147/147/147
f 148/148/148 149/149/149 150/150/150
f 151/151/151 152/152/152 153/153/153
f 154/154/154 155/155/155 156/156/156
f 157/157/157 158/158/158 159/159/159
f 160/160/160 161/161/161 162/162/162
f 163/163/163 164/164/164 165/165/165
f 166/166/166 167/167/167 168/168/168
f 169/169/169 170/170/170 171/171/171
f 172/172/172 173/173/173 174/174/174
f 175/175/175 176/176/176 177/177/177
f 178/178/178 179/179/179 180/180/180
f 181/181/181 182/182/182 183/183/183
f 184/184/184 185/185/185 186/186/186
f 187/187/187 188/188/188 189/189/189
f 190/190/190 191/191/191 192/192/192
f 193/193/193 194/194/194 195/195/195
f 196/196/196 197/197/197 198/198/198
f 199/199/199 200/200/200 201/201/201
f 202/202/202 203/203/203 204/204/204
f 205/205/205 206/206/206 207/207/207
f 208/208/208 209/209/209 210/210/210
f 211/211/211 212/212/212 213/213/213
f 214/214/214 215/215/215 216/216/216
f 217/217/217 218/218/218 219/219/219
f 220/220/220 221/221/221 222/222/222
f 223/223/223 224/224/224 225/225/225
f 226/226/226 227/227/227 228/228/228
f 229/229/229 230/230/230 231/231/231
f 232/232/232 233/233/233 234/234/234
f 235/235/235 236/236/236 237/237/237
f 238/238/238 239/239/239 240/240/240
f 241/241/241 242/242/242 243/243/243
f 244/244/244 245/245/245 246/246/246
f 247/247/247 248/248/248 249/249/249
f 250/250/250 251/251/251 252/252/252
f 253/253/253 254/254/254 255/255/255
f 256/256/256 257/257/257 258/258/258
f 259/259/259 260/260/260 261/261/261
f 262/262/262 263/263/263 259/259/259
f 264/264/264 265/265/265 266/266/266
f 267/267/267 268/268/268 264/264/264
f 269/269/269 270/270/270 271/271/271
f 272/272/272 273/273/273 269/269/269
f 274/274/274 275/275/275 276/276/276
f 276/276/276 277/277/277 278/278/278
f 279/279/279 280/280/280 281/281/281
f 281/281/281 282/282/282 283/283/283
f 284/284/284 285/285/285 286/286/286
f 286/286/286 287/287/287 288/288/288
f 289/289/289 290/290/290 291/291/291
f 292/292/292 293/293/293 289/289/289
f 294/294/294 295/295/295 296/296/296
f 297/297/297 298/298/298 294/294/294
f 299/299/299 300/300/300 301/301/301
f 302/302/302 303/303/303 299/299/299
f 304/304/304 305/305/305 306/306/306
f 307/307/307 308/308/308 304/304/304
f 309/309/309 310/310/310 311/311/311
f 312/312/312 313/313/313 309/309/309
f 314/314/314 315/315/315 316/316/316
f 316/316/316 317/317/317 318/318/318
f 319/319/319 317/317/317 320/320/320
f 320/320/320 321/321/321 322/322/322
f 323/323/323 324/324/324 325/325/325
f 325/325/325 326/326/326 327/327/327
f 328/328/328 329/329/329 330/330/330
f 329/329/329 331/331/331 332/332/332
f 333/333/333 334/334/334 329/329/329
f 335/335/335 336/336/336 337/337/337
f 336/336/336 338/338/338 339/339/339
f 340/340/340 341/341/341 336/336/336
f 342/342/342 343/343/343 344/344/344
f 343/343/343 345/345/345 346/346/346
f 347/347/347 348/348/348 343/343/343
f 349/349/349 350/350/350 351/351/351
f 350/350/350 352/352/352 353/353/353
f 354/354/354 355/355/355 350/350/350
f 356/356/356 357/357/357 358/358/358
f 357/357/357 359/359/359 360/360/360
f 361/361/361 362/362/362 357/357/357
f 363/363/363 364/364/364 365/365/365
f 364/364/364 366/366/366 367/367/367
f 368/368/368 369/369/369 364/364/364
f 370/370/370 371/371/371 372/372/372
f 371/371/371 373/373/373 374/374/374
f 375/375/375 376/376/376 371/371/371
f 377/377/377 378/378/378 379/379/379
f 378/378/378 380/380/380 381/381/381
f 382/382/382 383/383/383 378/378/378
f 384/384/384 385/385/385 386/386/386
f 385/385/385 387/387/387 388/388/388
f 389/389/389 390/390/390 385/385/385
f 391/391/391 392/392/392 393/393/393
f 392/392/392 394/394/394 395/395/395
f 396/396/396 397/397/397 392/392/392
f 398/398/398 399/399/399 400/400/400
f 399/399/399 401/401/401 402/402/402
f 403/403/403 404/404/404 399/399/399
f 405/405/405 406/406/406 407/407/407
f 406/406/406 408/408/408 409/409/409
f 410/410/410 411/411/411 406/406/406
f 412/412/412 413/413/413 414/414/414
f 413/413/413 415/415/415 416/416/416
f 417/417/417 418/418/418 413/413/413
f 419/419/419 420/420/420 421/421/421
f 420/420/420 422/422/422 423/423/423
f 424/424/424 425/425/425 420/420/420
f 426/426/426 427/427/427 428/428/428
f 427/427/427 429/429/429 430/430/430
f 431/431/431 432/432/432 427/427/427
f 433/433/433 434/434/434 435/435/435
f 434/434/434 436/436/436 437/437/437
f 438/438/438 439/439/439 434/434/434
f 440/440/440 441/441/441 442/442/442
f 441/441/441 443/443/443 444/444/444
f 445/445/445 446/446/446 441/441/441
f 447/447/447 448/448/448 449/449/449
f 448/448/448 450/450/450 451/451/451
f 452/452/452 453/453/453 448/448/448
f 454/454/454 455/455/455 456/456/456
f 455/455/455 457/457/457 458/458/458
f 459/459/459 460/460/460 455/455/455
f 461/461/461 462/462/462 463/463/463
f 462/462/462 464/464/464 465/465/465
f 466/466/466 467/467/467 462/462/462
f 468/468/468 469/469/469 470/470/470
f 469/469/469 471/471/471 472/472/472
f 473/473/473 474/474/474 469/469/469
f 475/475/475 476/476/476 477/477/477
f 476/476/476 478/478/478 479/479/479
f 480/480/480 481/481/481 476/476/476
f 482/482/482 483/483/483 484/484/484
f 483/483/483 485/485/485 486/486/486
f 487/487/487 488/488/488 483/483/483
f 489/489/489 490/490/490 491/491/491
f 491/491/491 492/492/492 493/493/493
f 492/492/492 491/491/491 494/494/494
f 494/494/494 491/491/491 495/495/495
f 496/496/496 494/494/494 495/495/495
f 491/491/491 497/497/497 495/495/495
f 494/494/494 498/498/498 492/492/492
f 499/499/499 495/495/495 497/497/497
f 492/492/492 498/498/498 500/500/500
f 497/497/497 501/501/501 499/499/499
f 499/499/499 501/501/501 502/502/502
f 502/502/502 503/503/503 499/499/499
f 504/504/504 503/503/503 502/502/502
f 500/500/500 505/505/505 492/492/492
f 505/505/505 506/506/506 492/492/492
f 502/502/502 507/507/507 505/505/505
f 508/508/508 505/505/505 500/500/500
f 505/505/505 508/508/508 502/502/502
f 500/500/500 509/509/509 508/508/508
f 509/509/509 510/510/510 508/508/508
f 510/510/510 502/502/502 511/511/511
f 510/510/510 512/512/512 502/502/502
f 512/512/512 513/513/513 502/502/502
f 513/513/513 504/504/504 502/502/502
f 513/513/513 512/512/512 514/514/514
f 514/514/514 504/504/504 513/513/513
f 515/515/515 516/516/516 517/517/517
f 517/517/517 518/518/518 515/515/515
f 519/519/519 520/520/520 521/521/521
f 521/521/521 522/522/522 519/519/519
f 523/523/523 524/524/524 525/525/525
f 525/525/525 526/526/526 523/523/523
f 527/527/527 528/528/528 529/529/529
f 529/529/529 530/530/530 527/527/527
f 531/531/531 532/532/532 533/533/533
f 533/533/533 534/534/534 531/531/531
f 535/535/535 536/536/536 537/537/537
f 537/537/537 538/538/538 535/535/535
f 539/539/539 540/540/540 541/541/541
f 541/541/541 542/542/542 539/539/539
f 543/543/543 544/544/544 545/545/545
f 545/545/545 546/546/546 543/543/543
f 547/547/547 548/548/548 549/549/549
f 549/549/549 550/550/550 547/547/547
f 551/551/551 552/552/552 553/553/553
f 553/553/553 554/554/554 551/551/551
f 555/555/555 556/556/556 557/557/557
f 557/557/557 558/558/558 555/555/555
f 559/559/559 560/560/560 561/561/561
f 561/561/561 562/562/562 559/559/559
f 563/563/563 564/564/564 565/565/565
f 565/565/565 566/566/566 563/563/563
f 567/567/567 568/568/568 569/569/569
f 569/569/569 570/570/570 567/567/567
f 571/571/571 572/572/572 573/573/573
f 573/573/573 574/574/574 571/571/571
f 575/575/575 576/576/576 577/577/577
f 577/577/577 578/578/578 575/575/575
f 579/579/579 580/580/580 581/581/581
f 581/581/581 582/582/582 579/579/579
f 583/583/583 584/584/584 585/585/585
f 585/585/585 586/586/586 583/583/583
f 587/587/587 588/588/588 589/589/589
f 589/589/589 590/590/590 587/587/587
f 591/591/591 592/592/592 593/593/593
f 593/593/593 594/594/594 591/591/591
f 595/595/595 596/596/596 597/597/597
f 597/597/597 598/598/598 595/595/595
f 599/599/599 600/600/600 601/601/601
f 601/601/601 602/602/602 599/599/599
f 603/603/603 604/604/604 605/605/605
f 605/605/605 606/606/606 603/603/603
f 607/607/607 608/608/608 609/609/609
f 609/609/609 610/610/610 607/607/607
f 611/611/611 612/612/612 613/613/613
f 613/613/613 614/614/614 611/611/611
f 615/615/615 616/616/616 617/617/617
f 617/617/617 618/618/618 615/615/615
f 619/619/619 620/620/620 621/621/621
f 621/621/621 622/622/622 619/619/619
f 623/623/623 624/624/624 625/625/625
f 625/625/625 626/626/626 623/623/623
f 627/627/627 628/628/628 629/629/629
f 629/629/629 630/630/630 627/627/627
f 631/631/631 632/632/632 633/633/633
f 633/633/633 634/634/634 631/631/631
f 635/635/635 636/636/636 637/637/637
f 637/637/637 638/638/638 635/635/635
f 639/639/639 640/640/640 641/641/641
f 641/641/641 642/642/642 639/639/639
f 643/643/643 644/644/644 645/645/645
f 645/645/645 646/646/646 643/643/643
f 647/647/647 648/648/648 649/649/649
f 649/649/649 650/650/650 647/647/647
f 651/651/651 652/652/652 653/653/653
f 653/653/653 654/654/654 651/651/651
f 655/655/655 656/656/656 657/657/657
f 657/657/657 658/658/658 655/655/655
f 659/659/659 660/660/660 661/661/661
f 661/661/661 662/662/662 659/659/659
f 663/663/663 664/664/664 665/665/665
f 665/665/665 666/666/666 663/663/663
f 667/667/667 668/668/668 669/669/669
f 669/669/669 670/670/670 667/667/667
f 671/671/671 672/672/672 673/673/673
f 673/673/673 674/674/674 671/671/671
f 675/675/675 676/676/676 677/677/677
f 677/677/677 678/678/678 675/675/675
f 679/679/679 680/680/680 681/681/681
f 681/681/681 682/682/682 679/679/679
f 683/683/683 684/684/684 685/685/685
f 685/685/685 686/686/686 683/683/683
f 687/687/687 688/688/688 689/689/689
f 689/689/689 690/690/690 687/687/687
f 691/691/691 692/692/692 693/693/693
f 693/693/693 694/694/694 691/691/691
f 695/695/695 696/696/696 697/697/697
f 697/697/697 698/698/698 695/695/695
f 699/699/699 700/700/700 701/701/701
f 701/701/701 702/702/702 699/699/699
f 703/703/703 704/704/704 705/705/705
f 705/705/705 706/706/706 703/703/703
f 707/707/707 708/708/708 709/709/709
f 709/709/709 710/710/710 707/707/707
f 711/711/711 712/712/712 713/713/713
f 713/713/713 714/714/714 711/711/711
f 715/715/715 716/716/716 717/717/717
f 717/717/717 718/718/718 715/715/715
f 719/719/719 720/720/720 721/721/721
f 721/721/721 722/722/722 719/719/719
f 723/723/723 724/724/724 725/725/725
f 725/725/725 726/726/726 723/723/723
f 727/727/727 728/728/728 729/729/729
f 729/729/729 730/730/730 727/727/727
f 731/731/731 732/732/732 733/733/733
f 733/733/733 734/734/734 731/731/731
f 735/735/735 736/736/736 737/737/737
f 737/737/737 738/738/738 735/735/735
f 739/739/739 740/740/740 741/741/741
f 741/741/741 742/742/742 739/739/739
f 743/743/743 744/744/744 745/745/745
f 745/745/745 746/746/746 743/743/743
f 747/747/747 748/748/748 749/749/749
f 749/749/749 750/750/750 747/747/747
f 751/751/751 752/752/752 753/753/753
f 753/753/753 754/754/754 751/751/751
f 755/755/755 756/756/756 757/757/757
f 757/757/757 758/758/758 755/755/755
f 759/759/759 760/760/760 761/761/761
f 761/761/761 762/762/762 759/759/759
f 763/763/763 764/764/764 765/765/765
f 765/765/765 766/766/766 763/763/763
f 767/767/767 768/768/768 769/769/769
f 769/769/769 770/770/770 767/767/767
f 771/771/771 772/772/772 773/773/773
f 773/773/773 774/774/774 771/771/771
f 775/775/775 776/776/776 777/777/777
f 777/777/777 778/778/778 775/775/775
f 779/779/779 780/780/780 781/781/781
f 781/781/781 782/782/782 779/779/779
f 783/783/783 784/784/784 785/785/785
f 785/785/785 786/786/786 783/783/783
f 787/787/787 788/788/788 789/789/789
f 789/789/789 790/790/790 787/787/787
f 791/791/791 792/792/792 793/793/793
f 793/793/793 794/794/794 791/791/791
f 795/795/795 796/796/796 797/797/797
f 797/797/797 798/798/798 795/795/795
f 799/799/799 800/800/800 801/801/801
f 801/801/801 802/802/802 799/799/799
f 803/803/803 804/804/804 805/805/805
f 805/805/805 806/806/806 803/803/803
f 807/807/807 808/808/808 809/809/809
f 809/809/809 810/810/810 807/807/807
f 811/811/811 812/812/812 813/813/813
f 813/813/813 814/814/814 811/811/811
f 815/815/815 816/816/816 817/817/817
f 817/817/817 818/818/818 815/815/815
f 819/819/819 820/820/820 821/821/821
f 821/821/821 822/822/822 819/819/819
f 823/823/823 824/824/824 825/825/825
f 825/825/825 826/826/826 823/823/823
f 827/827/827 828/828/828 829/829/829
f 829/829/829 830/830/830 827/827/827
f 831/831/831 832/832/832 833/833/833
f 833/833/833 834/834/834 831/831/831
f 835/835/835 836/836/836 837/837/837
f 837/837/837 838/838/838 835/835/835
f 839/839/839 840/840/840 841/841/841
f 841/841/841 842/842/842 839/839/839
f 843/843/843 844/844/844 845/845/845
f 845/845/845 846/846/846 843/843/843
f 847/847/847 848/848/848 849/849/849
f 849/849/849 850/850/850 847/847/847
f 851/851/851 852/852/852 853/853/853
f 853/853/853 854/854/854 851/851/851
f 855/855/855 856/856/856 857/857/857
f 857/857/857 858/858/858 855/855/855
f 859/859/859 860/860/860 861/861/861
f 861/861/861 862/862/862 859/859/859
f 863/863/863 864/864/864 865/865/865
f 865/865/865 866/866/866 863/863/863
f 867/867/867 868/868/868 869/869/869
f 869/869/869 870/870/870 867/867/867
f 871/871/871 872/872/872 873/873/873
f 873/873/873 874/874/874 871/871/871
f 875/875/875 876/876/876 877/877/877
f 877/877/877 878/878/878 875/875/875
f 879/879/879 880/880/880 881/881/881
f 881/881/881 882/882/882 879/879/879
f 883/883/883 884/884/884 885/885/885
f 885/885/885 886/886/886 883/883/883
f 887/887/887 888/888/888 889/889/889
f 889/889/889 890/890/890 887/887/887
f 891/891/891 892/892/892 893/893/893
f 893/893/893 894/894/894 891/891/891
f 895/895/895 896/896/896 897/897/897
f 897/897/897 898/898/898 895/895/895
f 899/899/899 900/900/900 901/901/901
f 901/901/901 902/902/902 899/899/899
f 903/903/903 904/904/904 905/905/905
f 905/905/905 906/906/906 903/903/903
f 907/907/907 908/908/908 909/909/909
f 909/909/909 910/910/910 907/907/907
f 911/911/911 912/912/912 913/913/913
f 913/913/913 914/914/914 911/911/911
f 915/915/915 916/916/916 917/917/917
f 917/917/917 918/918/918 915/915/915
f 919/919/919 920/920/920 921/921/921
f 921/921/921 922/922/922 919/919/919
f 923/923/923 924/924/924 925/925/925
f 925/925/925 926/926/926 923/923/923
f 927/927/927 928/928/928 929/929/929
f 929/929/929 930/930/930 927/927/927
f 931/931/931 932/932/932 933/933/933
f 933/933/933 934/934/934 931/931/931
f 935/935/935 936/936/936 937/937/937
f 937/937/937 938/938/938 935/935/935
f 939/939/939 940/940/940 941/941/941
f 941/941/941 942/942/942 939/939/939
f 943/943/943 944/944/944 945/945/945
f 945/945/945 946/946/946 943/943/943
f 947/947/947 948/948/948 949/949/949
f 949/949/949 950/950/950 947/947/947
f 951/951/951 952/952/952 953/953/953
f 953/953/953 954/954/954 951/951/951
f 955/955/955 956/956/956 957/957/957
f 957/957/957 958/958/958 955/955/955
f 959/959/959 960/960/960 961/961/961
f 961/961/961 962/962/962 959/959/959
f 963/963/963 964/964/964 965/965/965
f 965/965/965 966/966/966 963/963/963
f 967/967/967 968/968/968 969/969/969
f 969/969/969 970/970/970 967/967/967
f 971/971/971 972/972/972 973/973/973
f 973/973/973 974/974/974 971/971/971
f 975/975/975 976/976/976 977/977/977
f 977/977/977 978/978/978 975/975/975
f 979/979/979 980/980/980 981/981/981
f 981/981/981 982/982/982 979/979/979
f 983/983/983 984/984/984 985/985/985
f 985/985/985 986/986/986 983/983/983
f 987/987/987 988/988/988 989/989/989
f 989/989/989 990/990/990 987/987/987
f 991/991/991 992/992/992 993/993/993
f 993/993/993 994/994/994 991/991/991
f 995/995/995 996/996/996 997/997/997
f 997/997/997 998/998/998 995/995/995
f 999/999/999 1000/1000/1000 1001/1001/1001
f 1001/1001/1001 1002/1002/1002 999/999/999
f 1003/1003/1003 1004/1004/1004 1005/1005/1005
f 1005/1005/1005 1006/1006/1006 1003/1003/1003
f 1007/1007/1007 1008/1008/1008 1009/1009/1009
f 1009/1009/1009 1010/1010/1010 1007/1007/1007
f 1011/1011/1011 1012/1012/1012 1013/1013/1013
f 1013/1013/1013 1014/1014/1014 1011/1011/1011
f 1015/1015/1015 1016/1016/1016 1017/1017/1017
f 1017/1017/1017 1018/1018/1018 1015/1015/1015
f 1019/1019/1019 1020/1020/1020 1018/1018/1018
f 1018/1018/1018 1021/1021/1021 1019/1019/1019
f 1022/1022/1022 1023/1023/1023 1024/1024/1024
f 1024/1024/1024 1025/1025/1025 1022/1022/1022
f 1026/1026/1026 1025/1025/1025 1027/1027/1027
f 1027/1027/1027 1028/1028/1028 1026/1026/1026
f 1029/1029/1029 1027/1027/1027 1030/1030/1030
f 1030/1030/1030 1031/1031/1031 1029/1029/1029
f 1032/1032/1032 1033/1033/1033 1034/1034/1034
f 1034/1034/1034 1035/1035/1035 1032/1032/1032
f 1036/1036/1036 1035/1035/1035 1037/1037/1037
f 1037/1037/1037 1038/1038/1038 1036/1036/1036
f 1039/1039/1039 1040/1040/1040 1037/1037/1037
f 1037/1037/1037 1041/1041/1041 1039/1039/1039
f 1042/1042/1042 1043/1043/1043 1044/1044/1044
f 1044/1044/1044 1045/1045/1045 1042/1042/1042
f 1046/1046/1046 1047/1047/1047 1048/1048/1048
f 1048/1048/1048 1049/1049/1049 1046/1046/1046
f 1050/1050/1050 1051/1051/1051 1052/1052/1052
f 1052/1052/1052 1053/1053/1053 1050/1050/1050
f 1054/1054/1054 1055/1055/1055 1056/1056/1056
f 1056/1056/1056 1057/1057/1057 1054/1054/1054
f 1058/1058/1058 1059/1059/1059 1060/1060/1060
f 1060/1060/1060 1061/1061/1061 1058/1058/1058
f 1062/1062/1062 1063/1063/1063 1064/1064/1064
f 1064/1064/1064 1065/1065/1065 1062/1062/1062
f 1066/1066/1066 1067/1067/1067 1068/1068/1068
f 1068/1068/1068 1069/1069/1069 1066/1066/1066
f 1070/1070/1070 1071/1071/1071 1072/1072/1072
f 1072/1072/1072 1073/1073/1073 1070/1070/1070
f 1074/1074/1074 1075/1075/1075 1076/1076/1076
f 1076/1076/1076 1077/1077/1077 1074/1074/1074
f 1078/1078/1078 1079/1079/1079 1080/1080/1080
f 1080/1080/1080 1081/1081/1081 1078/1078/1078
f 1082/1082/1082 1083/1083/1083 1084/1084/1084
f 1084/1084/1084 1085/1085/1085 1082/1082/1082
f 1086/1086/1086 1087/1087/1087 1088/1088/1088
f 1088/1088/1088 1089/1089/1089 1086/1086/1086
f 1090/1090/1090 1091/1091/1091 1092/1092/1092
f 1092/1092/1092 1093/1093/1093 1090/1090/1090
f 1094/1094/1094 1095/1095/1095 1096/1096/1096
f 1097/1097/1097 1094/1094/1094 1096/1096/1096
f 1096/1096/1096 1098/1098/1098 1097/1097/1097
f 1099/1099/1099 1100/1100/1100 1101/1101/1101
f 1102/1102/1102 1099/1099/1099 1101/1101/1101
f 1101/1101/1101 1103/1103/1103 1102/1102/1102
f 1104/1104/1104 1105/1105/1105 1106/1106/1106
f 1107/1107/1107 1104/1104/1104 1106/1106/1106
f 1106/1106/1106 1108/1108/1108 1107/1107/1107
f 1109/1109/1109 1110/1110/1110 1111/1111/1111
f 1111/1111/1111 1110/1110/1110 1112/1112/1112
f 1112/1112/1112 1113/1113/1113 1111/1111/1111
f 1114/1114/1114 1115/1115/1115 1116/1116/1116
f 1116/1116/1116 1115/1115/1115 1117/1117/1117
f 1117/1117/1117 1118/1118/1118 1116/1116/1116
f 1119/1119/1119 1120/1120/1120 1121/1121/1121
f 1121/1121/1121 1120/1120/1120 1122/1122/1122
f 1122/1122/1122 1123/1123/1123 1121/1121/1121
f 1124/1124/1124 1125/1125/1125 1126/1126/1126
f 1126/1126/1126 1125/1125/1125 1127/1127/1127
f 1127/1127/1127 1128/1128/1128 1126/1126/1126
f 1129/1129/1129 1130/1130/1130 1131/1131/1131
f 1131/1131/1131 1130/1130/1130 1132/1132/1132
f 1132/1132/1132 1133/1133/1133 1131/1131/1131
f 1134/1134/1134 1135/1135/1135 1136/1136/1136
f 1136/1136/1136 1135/1135/1135 1137/1137/1137
f 1137/1137/1137 1138/1138/1138 1136/1136/1136
f 1139/1139/1139 1140/1140/1140 1141/1141/1141
f 1141/1141/1141 1140/1140/1140 1142/1142/1142
f 1142/1142/1142 1143/1143/1143 1141/1141/1141
f 1144/1144/1144 1145/1145/1145 1146/1146/1146
f 1146/1146/1146 1145/1145/1145 1147/1147/1147
f 1147/1147/1147 1148/1148/1148 1146/1146/1146
f 1149/1149/1149 1150/1150/1150 1151/1151/1151
f 1151/1151/1151 1150/1150/1150 1152/1152/1152
f 1152/1152/1152 1153/1153/1153 1151/1151/1151
f 1154/1154/1154 1155/1155/1155 1156/1156/1156
f 1156/1156/1156 1155/1155/1155 1157/1157/1157
f 1157/1157/1157 1158/1158/1158 1156/1156/1156
f 1159/1159/1159 1160/1160/1160 1161/1161/1161
f 1161/1161/1161 1160/1160/1160 1162/1162/1162
f 1162/1162/1162 1163/1163/1163 1161/1161/1161
f 1164/1164/1164 1165/1165/1165 1166/1166/1166
f 1166/1166/1166 1165/1165/1165 1167/1167/1167
f 1167/1167/1167 1168/1168/1168 1166/1166/1166
f 1169/1169/1169 1170/1170/1170 1171/1171/1171
f 1171/1171/1171 1170/1170/1170 1172/1172/1172
f 1172/1172/1172 1173/1173/1173 1171/1171/1171
f 1174/1174/1174 1175/1175/1175 1176/1176/1176
f 1176/1176/1176 1175/1175/1175 1177/1177/1177
f 1177/1177/1177 1178/1178/1178 1176/1176/1176
f 1179/1179/1179 1180/1180/1180 1181/1181/1181
f 1181/1181/1181 1180/1180/1180 1182/1182/1182
f 1182/1182/1182 1183/1183/1183 1181/1181/1181
f 1184/1184/1184 1185/1185/1185 1186/1186/1186
f 1186/1186/1186 1185/1185/1185 1187/1187/1187
f 1187/1187/1187 1188/1188/1188 1186/1186/1186
f 1189/1189/1189 1190/1190/1190 1191/1191/1191
f 1191/1191/1191 1190/1190/1190 1192/1192/1192
f 1192/1192/1192 1193/1193/1193 1191/1191/1191
f 1194/1194/1194 1195/1195/1195 1196/1196/1196
f 1196/1196/1196 1195/1195/1195 1197/1197/1197
f 1197/1197/1197 1198/1198/1198 1196/1196/1196
f 1199/1199/1199 1200/1200/1200 1201/1201/1201
f 1201/1201/1201 1200/1200/1200 1202/1202/1202
f 1202/1202/1202 1203/1203/1203 1201/1201/1201
f 1204/1204/1204 1205/1205/1205 1206/1206/1206
f 1206/1206/1206 1205/1205/1205 1207/1207/1207
f 1207/1207/1207 1208/1208/1208 1206/1206/1206
f 1209/1209/1209 1210/1210/1210 1211/1211/1211
f 1211/1211/1211 1210/1210/1210 1212/1212/1212
f 1212/1212/1212 1213/1213/1213 1211/1211/1211
f 1214/1214/1214 1215/1215/1215 1216/1216/1216
f 1216/1216/1216 1215/1215/1215 1217/1217/1217
f 1217/1217/1217 1218/1218/1218 1216/1216/1216
f 1219/1219/1219 1220/1220/1220 1221/1221/1221
f 1221/1221/1221 1220/1220/1220 1222/1222/1222
f 1222/1222/1222 1223/1223/1223 1221/1221/1221
f 1224/1224/1224 1225/1225/1225 1226/1226/1226
f 1226/1226/1226 1227/1227/1227 1224/1224/1224
f 1227/1227/1227 1226/1226/1226 1228/1228/1228
f 1228/1228/1228 1229/1229/1229 1227/1227/1227
f 1230/1230/1230 1231/1231/1231 1232/1232/1232
f 1233/1233/1233 1232/1232/1232 1231/1231/1231
f 1231/1231/1231 1234/1234/1234 1233/1233/1233
f 1235/1235/1235 1236/1236/1236 1237/1237/1237
f 1238/1238/1238 1237/1237/1237 1236/1236/1236
f 1236/1236/1236 1239/1239/1239 1238/1238/1238
f 1240/1240/1240 1241/1241/1241 1242/1242/1242
f 1243/1243/1243 1242/1242/1242 1241/1241/1241
f 1241/1241/1241 1244/1244/1244 1243/1243/1243
f 1245/1245/1245 1246/1246/1246 1247/1247/1247
f 1248/1248/1248 1247/1247/1247 1246/1246/1246
f 1246/1246/1246 1249/1249/1249 1248/1248/1248
f 1250/1250/1250 1251/1251/1251 1252/1252/1252
f 1252/1252/1252 1253/1253/1253 1250/1250/1250
f 1254/1254/1254 1250/1250/1250 1253/1253/1253
f 1253/1253/1253 1255/1255/1255 1254/1254/1254
f 1256/1256/1256 1254/1254/1254 1255/1255/1255
f 1255/1255/1255 1257/1257/1257 1256/1256/1256
f 1258/1258/1258 1256/1256/1256 1257/1257/1257
f 1257/1257/1257 1259/1259/1259 1258/1258/1258
f 1260/1260/1260 1258/1258/1258 1259/1259/1259
f 1259/1259/1259 1261/1261/1261 1260/1260/1260
f 1262/1262/1262 1260/1260/1260 1261/1261/1261
f 1261/1261/1261 1263/1263/1263 1262/1262/1262
f 1264/1264/1264 1262/1262/1262 1263/1263/1263
f 1263/1263/1263 1265/1265/1265 1264/1264/1264
f 1264/1264/1264 1265/1265/1265 1266/1266/1266
f 1266/1266/1266 1267/1267/1267 1264/1264/1264
f 1268/1268/1268 1269/1269/1269 1270/1270/1270
f 1271/1271/1271 1270/1270/1270 1269/1269/1269
f 1269/1269/1269 1272/1272/1272 1271/1271/1271
f 1273/1273/1273 1274/1274/1274 1275/1275/1275
f 1276/1276/1276 1275/1275/1275 1274/1274/1274
f 1274/1274/1274 1277/1277/1277 1276/1276/1276
f 1278/1278/1278 1279/1279/1279 1280/1280/1280
f 1281/1281/1281 1280/1280/1280 1279/1279/1279
f 1279/1279/1279 1282/1282/1282 1281/1281/1281
f 1283/1283/1283 1284/1284/1284 1285/1285/1285
f 1286/1286/1286 1285/1285/1285 1284/1284/1284
f 1284/1284/1284 1287/1287/1287 1286/1286/1286
f 1288/1288/1288 1289/1289/1289 1290/1290/1290
f 1291/1291/1291 1290/1290/1290 1289/1289/1289
f 1289/1289/1289 1292/1292/1292 1291/1291/1291
f 1293/1293/1293 1294/1294/1294 1295/1295/1295
f 1296/1296/1296 1295/1295/1295 1294/1294/1294
f 1294/1294/1294 1297/1297/1297 1296/1296/1296
f 1298/1298/1298 1299/1299/1299 1300/1300/1300
f 1301/1301/1301 1300/1300/1300 1299/1299/1299
f 1299/1299/1299 1302/1302/1302 1301/1301/1301
f 1303/1303/1303 1304/1304/1304 1305/1305/1305
f 1306/1306/1306 1305/1305/1305 1304/1304/1304
f 1304/1304/1304 1307/1307/1307 1306/1306/1306
f 1308/1308/1308 1309/1309/1309 1310/1310/1310
f 1311/1311/1311 1310/1310/1310 1309/1309/1309
f 1309/1309/1309 1312/1312/1312 1311/1311/1311
f 1313/1313/1313 1314/1314/1314 1315/1315/1315
f 1316/1316/1316 1315/1315/1315 1314/1314/1314
f 1314/1314/1314 1317/1317/1317 1316/1316/1316
f 1318/1318/1318 1319/1319/1319 1320/1320/1320
f 1321/1321/1321 1320/1320/1320 1319/1319/1319
f 1319/1319/1319 1322/1322/1322 1321/1321/1321
f 1323/1323/1323 1324/1324/1324 1325/1325/1325
f 1326/1326/1326 1325/1325/1325 1324/1324/1324
f 1324/1324/1324 1327/1327/1327 1326/1326/1326
f 1328/1328/1328 1329/1329/1329 1330/1330/1330
f 1331/1331/1331 1330/1330/1330 1329/1329/1329
f 1329/1329/1329 1332/1332/1332 1331/1331/1331
f 1333/1333/1333 1334/1334/1334 1335/1335/1335
f 1336/1336/1336 1335/1335/1335 1334/1334/1334
f 1334/1334/1334 1337/1337/1337 1336/1336/1336
f 1338/1338/1338 1339/1339/1339 1340/1340/1340
f 1341/1341/1341 1340/1340/1340 1339/1339/1339
f 1339/1339/1339 1342/1342/1342 1341/1341/1341
f 1343/1343/1343 1344/1344/1344 1345/1345/1345
f 1346/1346/1346 1345/1345/1345 1344/1344/1344
f 1344/1344/1344 1347/1347/1347 1346/1346/1346
f 1348/1348/1348 1349/1349/1349 1350/1350/1350
f 1351/1351/1351 1350/1350/1350 1349/1349/1349
f 1349/1349/1349 1352/1352/1352 1351/1351/1351
f 1353/1353/1353 1354/1354/1354 1355/1355/1355
f 1356/1356/1356 1355/1355/1355 1354/1354/1354
f 1354/1354/1354 1357/1357/1357 1356/1356/1356
f 1358/1358/1358 1359/1359/1359 1360/1360/1360
f 1361/1361/1361 1360/1360/1360 1359/1359/1359
f 1359/1359/1359 1362/1362/1362 1361/1361/1361
f 1363/1363/1363 1364/1364/1364 1365/1365/1365
f 1366/1366/1366 1365/1365/1365 1364/1364/1364
f 1364/1364/1364 1367/1367/1367 1366/1366/1366
f 1368/1368/1368 1369/1369/1369 1370/1370/1370
f 1371/1371/1371 1370/1370/1370 1369/1369/1369
f 1369/1369/1369 1372/1372/1372 1371/1371/1371
f 1373/1373/1373 1374/1374/1374 1375/1375/1375
f 1376/1376/1376 1375/1375/1375 1374/1374/1374
f 1374/1374/1374 1377/1377/1377 1376/1376/1376
f 1378/1378/1378 1379/1379/1379 1380/1380/1380
f 1381/1381/1381 1380/1380/1380 1379/1379/1379
f 1379/1379/1379 1382/1382/1382 1381/1381/1381
f 1383/1383/1383 1384/1384/1384 1385/1385/1385
f 1385/1385/1385 1386/1386/1386 1383/1383/1383
f 1387/1387/1387 1388/1388/1388 1385/1385/1385
f 1385/1385/1385 1389/1389/1389 1387/1387/1387
f 1390/1390/1390 1391/1391/1391 1392/1392/1392
f 1393/1393/1393 1394/1394/1394 1391/1391/1391
f 1394/1394/1394 1393/1393/1393 1395/1395/1395
f 1395/1395/1395 1396/1396/1396 1394/1394/1394
f 1391/1391/1391 1394/1394/1394 1397/1397/1397
f 1397/1397/1397 1394/1394/1394 1396/1396/1396
f 1396/1396/1396 1398/1398/1398 1397/1397/1397
f 1399/1399/1399 1397/1397/1397 1398/1398/1398
f 1398/1398/1398 1400/1400/1400 1399/1399/1399
f 1401/1401/1401 1399/1399/1399 1400/1400/1400
f 1397/1397/1397 1399/1399/1399 1401/1401/1401
f 1400/1400/1400 1402/1402/1402 1401/1401/1401
f 1401/1401/1401 1402/1402/1402 1403/1403/1403
f 1403/1403/1403 1404/1404/1404 1405/1405/1405
f 1405/1405/1405 1401/1401/1401 1403/1403/1403
f 1401/1401/1401 1406/1406/1406 1397/1397/1397
f 1406/1406/1406 1401/1401/1401 1405/1405/1405
f 1406/1406/1406 1390/1390/1390 1397/1397/1397
f 1405/1405/1405 1407/1407/1407 1406/1406/1406
f 1406/1406/1406 1408/1408/1408 1390/1390/1390
f 1408/1408/1408 1406/1406/1406 1407/1407/1407
f 1409/1409/1409 1410/1410/1410 1411/1411/1411
f 1409/1409/1409 1412/1412/1412 1410/1410/1410
f 1412/1412/1412 1413/1413/1413 1410/1410/1410
f 1414/1414/1414 1412/1412/1412 1409/1409/1409
f 1413/1413/1413 1412/1412/1412 1415/1415/1415
f 1412/1412/1412 1414/1414/1414 1416/1416/1416
f 1415/1415/1415 1412/1412/1412 1416/1416/1416
f 1417/1417/1417 1416/1416/1416 1414/1414/1414
f 1415/1415/1415 1416/1416/1416 1418/1418/1418
f 1417/1417/1417 1419/1419/1419 1416/1416/1416
f 1419/1419/1419 1418/1418/1418 1416/1416/1416
f 1420/1420/1420 1419/1419/1419 1417/1417/1417
f 1418/1418/1418 1419/1419/1419 1421/1421/1421
f 1419/1419/1419 1420/1420/1420 1422/1422/1422
f 1421/1421/1421 1419/1419/1419 1422/1422/1422
f 1423/1423/1423 1422/1422/1422 1420/1420/1420
f 1421/1421/1421 1422/1422/1422 1424/1424/1424
f 1423/1423/1423 1425/1425/1425 1422/1422/1422
f 1425/1425/1425 1424/1424/1424 1422/1422/1422
f 1426/1426/1426 1425/1425/1425 1423/1423/1423
f 1424/1424/1424 1425/1425/1425 1427/1427/1427
f 1425/1425/1425 1426/1426/1426 1428/1428/1428
f 1427/1427/1427 1425/1425/1425 1428/1428/1428
f 1429/1429/1429 1428/1428/1428 1426/1426/1426
f 1427/1427/1427 1428/1428/1428 1430/1430/1430
f 1429/1429/1429 1431/1431/1431 1428/1428/1428
f 1431/1431/1431 1430/1430/1430 1428/1428/1428
f 1432/1432/1432 1431/1431/1431 1429/1429/1429
f 1430/1430/1430 1431/1431/1431 1433/1433/1433
f 1431/1431/1431 1432/1432/1432 1434/1434/1434
f 1433/1433/1433 1431/1431/1431 1434/1434/1434
f 1435/1435/1435 1434/1434/1434 1432/1432/1432
f 1433/1433/1433 1434/1434/1434 1436/1436/1436
f 1435/1435/1435 1437/1437/1437 1434/1434/1434
f 1437/1437/1437 1436/1436/1436 1434/1434/1434
f 1438/1438/1438 1437/1437/1437 1435/1435/1435
f 1436/1436/1436 1437/1437/1437 1439/1439/1439
f 1437/1437/1437 1438/1438/1438 1440/1440/1440
f 1439/1439/1439 1437/1437/1437 1440/1440/1440
f 1439/1439/1439 1440/1440/1440 1441/1441/1441
f 1442/1442/1442 1443/1443/1443 1444/1444/1444
f 1444/1444/1444 1445/1445/1445 1442/1442/1442
f 1445/1445/1445 1444/1444/1444 1446/1446/1446
f 1447/1447/1447 1442/1442/1442 1445/1445/1445
f 1448/1448/1448 1442/1442/1442 1447/1447/1447
f 1447/1447/1447 1449/1449/1449 1448/1448/1448
f 1450/1450/1450 1449/1449/1449 1447/1447/1447
f 1446/1446/1446 1451/1451/1451 1445/1445/1445
f 1445/1445/1445 1451/1451/1451 1447/1447/1447
f 1452/1452/1452 1451/1451/1451 1446/1446/1446
f 1447/1447/1447 1451/1451/1451 1452/1452/1452
f 1446/1446/1446 1453/1453/1453 1452/1452/1452
f 1447/1447/1447 1454/1454/1454 1450/1450/1450
f 1452/1452/1452 1454/1454/1454 1447/1447/1447
f 1455/1455/1455 1450/1450/1450 1454/1454/1454
f 1456/1456/1456 1452/1452/1452 1453/1453/1453
f 1454/1454/1454 1452/1452/1452 1456/1456/1456
f 1453/1453/1453 1457/1457/1457 1456/1456/1456
f 1456/1456/1456 1457/1457/1457 1458/1458/1458
f 1454/1454/1454 1459/1459/1459 1455/1455/1455
f 1456/1456/1456 1459/1459/1459 1454/1454/1454
f 1458/1458/1458 1459/1459/1459 1456/1456/1456
f 1460/1460/1460 1455/1455/1455 1459/1459/1459
f 1459/1459/1459 1458/1458/1458 1460/1460/1460
f 1461/1461/1461 1462/1462/1462 1463/1463/1463
f 1464/1464/1464 1465/1465/1465 1462/1462/1462
f 1461/1461/1461 1464/1464/1464 1462/1462/1462
f 1461/1461/1461 1466/1466/1466 1464/1464/1464
f 1466/1466/1466 1467/1467/1467 1464/1464/1464
f 1461/1461/1461 1468/1468/1468 1466/1466/1466
f 1469/1469/1469 1470/1470/1470 1471/1471/1471
f 1472/1472/1472 1473/1473/1473 1469/1469/1469
f 1472/1472/1472 1469/1469/1469 1471/1471/1471
f 1471/1471/1471 1474/1474/1474 1475/1475/1475
f 1472/1472/1472 1471/1471/1471 1475/1475/1475
f 1472/1472/1472 1475/1475/1475 1476/1476/1476
f 1475/1475/1475 1477/1477/1477 1476/1476/1476
f 1472/1472/1472 1476/1476/1476 1478/1478/1478
