v 1.983328 0.185554 0.02785399999999999
v 1.983328 0.185554 0.171033
v 2.091068 0.187862 0.171033
v 2.091068 0.187862 0.171033
v 2.091068 0.187862 0.02785399999999999
v 1.983328 0.185554 0.02785399999999999
v 1.9974 0.170821 0.04421299999999999
v 1.9974 0.17082100000000003 0.466078
v 2.075048 0.17248500000000003 0.466078
v 2.075048 0.17248500000000003 0.466078
v 2.075048 0.172485 0.04421299999999999
v 1.9974 0.170821 0.04421299999999999
v 1.847654 0.33929 0.20978499999999997
v 1.66705 0.519895 0.20978499999999997
v 1.656143 0.509042 0.19439899999999996
v 1.456788 0.709557 0.22435099999999994
v 1.445908 0.698678 0.20896499999999996
v 1.656143 0.509042 0.19439899999999996
v 1.656143 0.509042 0.19439899999999996
v 1.66705 0.519895 0.20978499999999997
v 1.456788 0.709557 0.22435099999999994
v 1.847654 0.33929 0.359747
v 1.66705 0.519895 0.35974699999999993
v 1.656143 0.509042 0.3443609999999999
v 1.456788 0.709557 0.37431299999999995
v 1.445908 0.698678 0.35892699999999994
v 1.656143 0.509042 0.3443609999999999
v 1.656143 0.509042 0.3443609999999999
v 1.66705 0.519895 0.35974699999999993
v 1.456788 0.709557 0.37431299999999995
v 0.654277 1.514605 0.027853999999999907
v 0.654277 1.514605 0.1710329999999999
v 0.762018 1.516912 0.1710329999999999
v 0.762018 1.516912 0.1710329999999999
v 0.762018 1.516912 0.027853999999999907
v 0.654277 1.514605 0.027853999999999907
v 0.668349 1.499872 0.04421299999999991
v 0.668349 1.499872 0.4660779999999999
v 0.745998 1.501535 0.4660779999999999
v 0.745998 1.501535 0.4660779999999999
v 0.745997 1.501536 0.04421299999999991
v 0.668349 1.499872 0.04421299999999991
v 0.518605 1.668339 0.2097849999999999
v 0.337999 1.848945 0.2097849999999999
v 0.327093 1.838092 0.19439899999999988
v 0.127737 2.038608 0.22435099999999988
v 0.116858 2.027728 0.2089649999999999
v 0.327093 1.838092 0.19439899999999988
v 0.327093 1.838092 0.19439899999999988
v 0.337999 1.848945 0.2097849999999999
v 0.127737 2.038608 0.22435099999999988
v 0.518605 1.668339 0.3597469999999999
v 0.337999 1.848945 0.3597469999999999
v 0.327093 1.838092 0.34436099999999986
v 0.127737 2.038608 0.3743129999999999
v 0.116858 2.027728 0.3589269999999999
v 0.327093 1.838092 0.34436099999999986
v 0.327093 1.838092 0.34436099999999986
v 0.337999 1.848945 0.3597469999999999
v 0.127737 2.038608 0.3743129999999999
v 1.318803 0.850079 0.027853999999999948
v 1.318803 0.850079 0.17103299999999994
v 1.426543 0.852387 0.17103299999999994
v 1.426543 0.852387 0.17103299999999994
v 1.426543 0.852387 0.027853999999999948
v 1.318803 0.850079 0.027853999999999948
v 1.332875 0.835347 0.044212999999999954
v 1.332875 0.835346 0.46607799999999994
v 1.410523 0.83701 0.46607799999999994
v 1.410523 0.83701 0.46607799999999994
v 1.410523 0.83701 0.044212999999999954
v 1.332875 0.835347 0.044212999999999954
v 1.18313 1.003814 0.20978499999999994
v 1.002524 1.18442 0.20978499999999992
v 0.991618 1.173567 0.1943989999999999
v 0.792263 1.374082 0.2243509999999999
v 0.781383 1.363203 0.20896499999999993
v 0.991618 1.173567 0.1943989999999999
v 0.991618 1.173567 0.1943989999999999
v 1.002524 1.18442 0.20978499999999992
v 0.792263 1.374082 0.2243509999999999
v 1.18313 1.003814 0.35974699999999993
v 1.002524 1.18442 0.35974699999999993
v 0.991618 1.173567 0.3443609999999999
v 0.792263 1.374082 0.3743129999999999
v 0.781383 1.363203 0.3589269999999999
v 0.991618 1.173567 0.3443609999999999
v 0.991618 1.173567 0.3443609999999999
v 1.002524 1.18442 0.35974699999999993
v 0.792263 1.374082 0.3743129999999999
v 1.98102 0.077814 0.027853999999999997
v 1.98102 0.07781400000000001 0.171033
v 1.983328 0.185554 0.171033
v 1.983328 0.185554 0.02785399999999999
v 1.98102 0.077814 0.027853999999999997
v 1.40235 0.766531 0.02785399999999995
v 1.40235 0.766531 0.17103299999999994
v 1.50931 0.768822 0.17103299999999994
v 1.50931 0.768822 0.02785399999999995
v 1.40235 0.766531 0.02785399999999995
v 1.400058 0.65957 0.02785399999999996
v 1.400059 0.65957 0.17103299999999996
v 1.40235 0.766531 0.17103299999999994
v 1.40235 0.766531 0.02785399999999995
v 1.400058 0.65957 0.02785399999999996
v 1.507019 0.661862 0.02785399999999996
v 1.507019 0.661862 0.17103299999999996
v 1.400059 0.65957 0.17103299999999996
v 1.400058 0.65957 0.02785399999999996
v 1.507019 0.661862 0.02785399999999996
v 1.410538 0.758342 0.38654999999999995
v 1.410538 0.758342 0.44057199999999996
v 1.500763 0.760275 0.44057199999999996
v 1.500763 0.760275 0.38654999999999995
v 1.410538 0.758342 0.38654999999999995
v 1.408606 0.668118 0.38654999999999995
v 1.408606 0.668118 0.44057199999999996
v 1.410538 0.758342 0.44057199999999996
v 1.410538 0.758342 0.38654999999999995
v 1.408606 0.668118 0.38654999999999995
v 1.49883 0.67005 0.38654999999999995
v 1.49883 0.67005 0.44057199999999996
v 1.408606 0.668118 0.44057199999999996
v 1.408606 0.668118 0.38654999999999995
v 1.49883 0.67005 0.38654999999999995
v 2.073385 0.094837 0.044212999999999995
v 2.073385 0.09483700000000003 0.466078
v 1.995736 0.09317300000000003 0.466078
v 1.995736 0.093173 0.044212999999999995
v 2.073385 0.094837 0.044212999999999995
v 1.991576 0.17730500000000002 0.38655
v 1.991576 0.17730600000000002 0.440572
v 2.082459 0.17925300000000002 0.440572
v 2.082459 0.17925300000000002 0.440572
v 2.082459 0.17925300000000002 0.38655
v 1.989629 0.08642300000000003 0.38655
v 1.989629 0.08642300000000003 0.440572
v 1.991576 0.17730600000000002 0.440572
v 1.991576 0.17730500000000002 0.38655
v 1.989629 0.08642300000000003 0.38655
v 2.080512 0.08836900000000003 0.38655
v 2.080512 0.08837000000000003 0.440572
v 1.989629 0.08642300000000003 0.440572
v 1.989629 0.08642300000000003 0.38655
v 2.080512 0.08836900000000003 0.38655
v 1.41632 0.751905 0.044212999999999954
v 1.41632 0.751905 0.46607799999999994
v 1.493406 0.753556 0.46607799999999994
v 1.493406 0.753556 0.044212999999999954
v 1.41632 0.751905 0.044212999999999954
v 1.414668 0.674819 0.04421299999999996
v 1.414668 0.674819 0.46607799999999994
v 1.41632 0.751905 0.46607799999999994
v 1.41632 0.751905 0.044212999999999954
v 1.414668 0.674819 0.04421299999999996
v 1.491754 0.676471 0.04421299999999996
v 1.491754 0.67647 0.46607799999999994
v 1.414668 0.674819 0.46607799999999994
v 1.414668 0.674819 0.04421299999999996
v 1.491754 0.676471 0.04421299999999996
v 1.857982 0.349671 0.19514099999999998
v 2.041003 0.14605 0.209708
v 2.030123 0.135171 0.194322
v 1.847102 0.338791 0.17975599999999997
v 1.857982 0.349671 0.19514099999999998
v 1.677377 0.530276 0.19514099999999998
v 1.857982 0.349671 0.19514099999999998
v 1.666497 0.519396 0.17975599999999997
v 1.677377 0.530276 0.19514099999999998
v 1.677377 0.530276 0.19514099999999998
v 1.456263 0.709032 0.19432099999999994
v 1.467142 0.719911 0.20970699999999995
v 1.677377 0.530276 0.19514099999999998
v 1.857982 0.349671 0.345104
v 2.041003 0.14605000000000004 0.35967
v 2.030123 0.13517100000000004 0.344284
v 1.847102 0.338791 0.329718
v 1.857982 0.349671 0.345104
v 1.677377 0.530276 0.34510399999999997
v 1.857982 0.349671 0.345104
v 1.666497 0.519396 0.3297169999999999
v 1.677377 0.530276 0.34510399999999997
v 1.677377 0.530276 0.34510399999999997
v 1.456263 0.709032 0.3442839999999999
v 1.467142 0.719911 0.35966999999999993
v 1.677377 0.530276 0.34510399999999997
v 0.651969 1.406864 0.027853999999999914
v 0.651969 1.406864 0.1710329999999999
v 0.654277 1.514605 0.1710329999999999
v 0.654277 1.514605 0.027853999999999907
v 0.651969 1.406864 0.027853999999999914
v 0.0733 2.095581 0.027853999999999872
v 0.0733 2.095581 0.17103299999999985
v 0.18026 2.097872 0.17103299999999985
v 0.18026 2.097872 0.027853999999999872
v 0.0733 2.095581 0.027853999999999872
v 0.071008 1.988621 0.02785399999999988
v 0.071008 1.98862 0.17103299999999988
v 0.0733 2.095581 0.17103299999999985
v 0.0733 2.095581 0.027853999999999872
v 0.071008 1.988621 0.02785399999999988
v 0.177969 1.990912 0.02785399999999988
v 0.177968 1.990911 0.17103299999999988
v 0.071008 1.98862 0.17103299999999988
v 0.071008 1.988621 0.02785399999999988
v 0.177969 1.990912 0.02785399999999988
v 0.081487 2.087393 0.3865499999999999
v 0.081487 2.087393 0.4405719999999999
v 0.171713 2.089325 0.4405719999999999
v 0.171713 2.089325 0.3865499999999999
v 0.081487 2.087393 0.3865499999999999
v 0.079555 1.997168 0.3865499999999999
v 0.079555 1.997168 0.4405719999999999
v 0.081487 2.087393 0.4405719999999999
v 0.081487 2.087393 0.3865499999999999
v 0.079555 1.997168 0.3865499999999999
v 0.16978 1.999101 0.3865499999999999
v 0.16978 1.999101 0.4405719999999999
v 0.079555 1.997168 0.4405719999999999
v 0.079555 1.997168 0.3865499999999999
v 0.16978 1.999101 0.3865499999999999
v 0.744334 1.423887 0.04421299999999991
v 0.744334 1.423888 0.4660779999999999
v 0.666686 1.422224 0.4660779999999999
v 0.666686 1.422224 0.04421299999999991
v 0.744334 1.423887 0.04421299999999991
v 0.662526 1.506356 0.3865499999999999
v 0.662526 1.506356 0.4405719999999999
v 0.753408 1.508303 0.4405719999999999
v 0.753408 1.508303 0.4405719999999999
v 0.753408 1.508303 0.3865499999999999
v 0.660579 1.415473 0.3865499999999999
v 0.660579 1.415473 0.4405719999999999
v 0.662526 1.506356 0.4405719999999999
v 0.662526 1.506356 0.3865499999999999
v 0.660579 1.415473 0.3865499999999999
v 0.751461 1.41742 0.3865499999999999
v 0.751461 1.41742 0.4405719999999999
v 0.660579 1.415473 0.4405719999999999
v 0.660579 1.415473 0.3865499999999999
v 0.751461 1.41742 0.3865499999999999
v 0.08727 2.080955 0.04421299999999988
v 0.08727 2.080955 0.4660779999999999
v 0.164355 2.082606 0.4660779999999999
v 0.164355 2.082606 0.04421299999999988
v 0.08727 2.080955 0.04421299999999988
v 0.085618 2.003869 0.04421299999999988
v 0.085618 2.003869 0.4660779999999999
v 0.08727 2.080955 0.4660779999999999
v 0.08727 2.080955 0.04421299999999988
v 0.085618 2.003869 0.04421299999999988
v 0.162704 2.005521 0.04421299999999988
v 0.162704 2.005521 0.4660779999999999
v 0.085618 2.003869 0.4660779999999999
v 0.085618 2.003869 0.04421299999999988
v 0.162704 2.005521 0.04421299999999988
v 0.528931 1.678721 0.1951409999999999
v 0.711952 1.475101 0.20970799999999992
v 0.701073 1.464221 0.1943219999999999
v 0.518052 1.667842 0.1797559999999999
v 0.528931 1.678721 0.1951409999999999
v 0.348326 1.859326 0.1951409999999999
v 0.528931 1.678721 0.1951409999999999
v 0.337447 1.848447 0.1797559999999999
v 0.348326 1.859326 0.1951409999999999
v 0.348326 1.859326 0.1951409999999999
v 0.127212 2.038082 0.19432099999999988
v 0.138092 2.048962 0.20970699999999987
v 0.348326 1.859326 0.1951409999999999
v 0.528931 1.678721 0.3451039999999999
v 0.711952 1.475101 0.3596699999999999
v 0.701073 1.464221 0.34428399999999987
v 0.518052 1.667842 0.3297179999999999
v 0.528931 1.678721 0.3451039999999999
v 0.348326 1.859326 0.3451039999999999
v 0.528931 1.678721 0.3451039999999999
v 0.337447 1.848447 0.32971699999999987
v 0.348326 1.859326 0.3451039999999999
v 0.348326 1.859326 0.3451039999999999
v 0.127212 2.038082 0.34428399999999987
v 0.138092 2.048962 0.3596699999999999
v 0.348326 1.859326 0.3451039999999999
v 1.316494 0.742339 0.027853999999999955
v 1.316494 0.742339 0.17103299999999994
v 1.318803 0.850079 0.17103299999999994
v 1.318803 0.850079 0.027853999999999948
v 1.316494 0.742339 0.027853999999999955
v 0.737825 1.431056 0.027853999999999914
v 0.737825 1.431056 0.1710329999999999
v 0.844785 1.433347 0.1710329999999999
v 0.844785 1.433347 0.027853999999999914
v 0.737825 1.431056 0.027853999999999914
v 0.735533 1.324095 0.02785399999999992
v 0.735533 1.324095 0.1710329999999999
v 0.737825 1.431056 0.1710329999999999
v 0.737825 1.431056 0.027853999999999914
v 0.735533 1.324095 0.02785399999999992
v 0.842494 1.326387 0.02785399999999992
v 0.842494 1.326386 0.1710329999999999
v 0.735533 1.324095 0.1710329999999999
v 0.735533 1.324095 0.02785399999999992
v 0.842494 1.326387 0.02785399999999992
v 0.746013 1.422867 0.3865499999999999
v 0.746013 1.422867 0.4405719999999999
v 0.836238 1.4248 0.4405719999999999
v 0.836238 1.4248 0.3865499999999999
v 0.746013 1.422867 0.3865499999999999
v 0.744081 1.332643 0.38654999999999995
v 0.744081 1.332643 0.44057199999999996
v 0.746013 1.422867 0.4405719999999999
v 0.746013 1.422867 0.3865499999999999
v 0.744081 1.332643 0.38654999999999995
v 0.834305 1.334576 0.38654999999999995
v 0.834305 1.334576 0.44057199999999996
v 0.744081 1.332643 0.44057199999999996
v 0.744081 1.332643 0.38654999999999995
v 0.834305 1.334576 0.38654999999999995
v 1.408859 0.759362 0.044212999999999954
v 1.408859 0.759362 0.46607799999999994
v 1.331211 0.757698 0.46607799999999994
v 1.331211 0.757698 0.044212999999999954
v 1.408859 0.759362 0.044212999999999954
v 1.327051 0.84183 0.38654999999999995
v 1.327051 0.84183 0.44057199999999996
v 1.417934 0.843777 0.44057199999999996
v 1.417934 0.843777 0.44057199999999996
v 1.417934 0.843777 0.38654999999999995
v 1.325104 0.750948 0.38654999999999995
v 1.325104 0.750948 0.44057199999999996
v 1.327051 0.84183 0.44057199999999996
v 1.327051 0.84183 0.38654999999999995
v 1.325104 0.750948 0.38654999999999995
v 1.415987 0.752895 0.38654999999999995
v 1.415987 0.752895 0.44057199999999996
v 1.325104 0.750948 0.44057199999999996
v 1.325104 0.750948 0.38654999999999995
v 1.415987 0.752895 0.38654999999999995
v 0.751795 1.41643 0.04421299999999992
v 0.751795 1.41643 0.4660779999999999
v 0.828881 1.418081 0.4660779999999999
v 0.828881 1.418081 0.04421299999999991
v 0.751795 1.41643 0.04421299999999992
v 0.750143 1.339344 0.04421299999999992
v 0.750143 1.339344 0.46607799999999994
v 0.751795 1.41643 0.4660779999999999
v 0.751795 1.41643 0.04421299999999992
v 0.750143 1.339344 0.04421299999999992
v 0.827229 1.340996 0.04421299999999992
v 0.827229 1.340996 0.46607799999999994
v 0.750143 1.339344 0.46607799999999994
v 0.750143 1.339344 0.04421299999999992
v 0.827229 1.340996 0.04421299999999992
v 1.193457 1.014196 0.19514099999999995
v 1.376477 0.810575 0.20970799999999995
v 1.365598 0.799696 0.19432199999999994
v 1.182577 1.003316 0.17975599999999994
v 1.193457 1.014196 0.19514099999999995
v 1.012852 1.194801 0.19514099999999993
v 1.193457 1.014196 0.19514099999999995
v 1.001972 1.183921 0.17975599999999992
v 1.012852 1.194801 0.19514099999999993
v 1.012852 1.194801 0.19514099999999993
v 0.791737 1.373557 0.1943209999999999
v 0.802617 1.384436 0.20970699999999992
v 1.012852 1.194801 0.19514099999999993
v 1.193457 1.014196 0.34510399999999997
v 1.376477 0.810575 0.35966999999999993
v 1.365598 0.799696 0.3442839999999999
v 1.182577 1.003316 0.32971799999999996
v 1.193457 1.014196 0.34510399999999997
v 1.012852 1.194801 0.34510399999999997
v 1.193457 1.014196 0.34510399999999997
v 1.001972 1.183921 0.3297169999999999
v 1.012852 1.194801 0.34510399999999997
v 1.012852 1.194801 0.34510399999999997
v 0.791737 1.373557 0.34428399999999987
v 0.802617 1.384436 0.3596699999999999
v 1.012852 1.194801 0.34510399999999997
v 2.019769 0.12481700000000001 0.208965
v 1.836748 0.328437 0.19439899999999996
v 1.847102 0.338791 0.17975599999999997
v 2.030123 0.135171 0.194322
v 2.019769 0.12481700000000001 0.208965
v 1.666497 0.519396 0.17975599999999997
v 1.836748 0.328437 0.19439899999999996
v 1.445908 0.698678 0.20896499999999996
v 1.456263 0.709032 0.19432099999999994
v 1.656143 0.509042 0.19439899999999996
v 1.836748 0.328437 0.19439899999999996
v 2.030648 0.135696 0.224351
v 1.847654 0.33929 0.20978499999999997
v 1.836748 0.328437 0.19439899999999996
v 2.019769 0.12481700000000001 0.208965
v 2.030648 0.135696 0.224351
v 1.656143 0.509042 0.19439899999999996
v 1.847654 0.33929 0.20978499999999997
v 2.019769 0.12481700000000003 0.358927
v 1.836748 0.328437 0.344361
v 1.847102 0.338791 0.329718
v 2.030123 0.13517100000000004 0.344284
v 2.019769 0.12481700000000003 0.358927
v 1.666497 0.519396 0.3297169999999999
v 1.836748 0.328437 0.344361
v 1.445908 0.698678 0.35892699999999994
v 1.456263 0.709032 0.3442839999999999
v 1.656143 0.509042 0.3443609999999999
v 1.836748 0.328437 0.344361
v 2.030648 0.13569600000000004 0.374313
v 1.847654 0.33929 0.359747
v 1.836748 0.328437 0.344361
v 2.019769 0.12481700000000003 0.358927
v 2.030648 0.13569600000000004 0.374313
v 1.656143 0.509042 0.3443609999999999
v 1.847654 0.33929 0.359747
v 0.690718 1.453867 0.20896499999999993
v 0.507698 1.657487 0.19439899999999988
v 0.518052 1.667842 0.1797559999999999
v 0.701073 1.464221 0.1943219999999999
v 0.690718 1.453867 0.20896499999999993
v 0.337447 1.848447 0.1797559999999999
v 0.507698 1.657487 0.19439899999999988
v 0.116858 2.027728 0.2089649999999999
v 0.127212 2.038082 0.19432099999999988
v 0.327093 1.838092 0.19439899999999988
v 0.507698 1.657487 0.19439899999999988
v 0.701598 1.464746 0.2243509999999999
v 0.518605 1.668339 0.2097849999999999
v 0.507698 1.657487 0.19439899999999988
v 0.690718 1.453867 0.20896499999999993
v 0.701598 1.464746 0.2243509999999999
v 0.327093 1.838092 0.19439899999999988
v 0.518605 1.668339 0.2097849999999999
v 0.690718 1.453867 0.3589269999999999
v 0.507697 1.657487 0.34436099999999986
v 0.518052 1.667842 0.3297179999999999
v 0.701073 1.464221 0.34428399999999987
v 0.690718 1.453867 0.3589269999999999
v 0.337447 1.848447 0.32971699999999987
v 0.507697 1.657487 0.34436099999999986
v 0.116858 2.027728 0.3589269999999999
v 0.127212 2.038082 0.34428399999999987
v 0.327093 1.838092 0.34436099999999986
v 0.507697 1.657487 0.34436099999999986
v 0.701598 1.464746 0.3743129999999999
v 0.518605 1.668339 0.3597469999999999
v 0.507697 1.657487 0.34436099999999986
v 0.690718 1.453867 0.3589269999999999
v 0.701598 1.464746 0.3743129999999999
v 0.327093 1.838092 0.34436099999999986
v 0.518605 1.668339 0.3597469999999999
v 1.355244 0.789342 0.20896499999999996
v 1.172223 0.992962 0.19439899999999993
v 1.182577 1.003316 0.17975599999999994
v 1.365598 0.799696 0.19432199999999994
v 1.355244 0.789342 0.20896499999999996
v 1.001972 1.183921 0.17975599999999992
v 1.172223 0.992962 0.19439899999999993
v 0.781383 1.363203 0.20896499999999993
v 0.791737 1.373557 0.1943209999999999
v 0.991618 1.173567 0.1943989999999999
v 1.172223 0.992962 0.19439899999999993
v 1.366123 0.800221 0.22435099999999994
v 1.18313 1.003814 0.20978499999999994
v 1.172223 0.992962 0.19439899999999993
v 1.355244 0.789342 0.20896499999999996
v 1.366123 0.800221 0.22435099999999994
v 0.991618 1.173567 0.1943989999999999
v 1.18313 1.003814 0.20978499999999994
v 1.355244 0.789342 0.35892699999999994
v 1.172223 0.992962 0.3443609999999999
v 1.182577 1.003316 0.32971799999999996
v 1.365598 0.799696 0.3442839999999999
v 1.355244 0.789342 0.35892699999999994
v 1.001972 1.183921 0.3297169999999999
v 1.172223 0.992962 0.3443609999999999
v 0.781383 1.363203 0.3589269999999999
v 0.791737 1.373557 0.34428399999999987
v 0.991618 1.173567 0.3443609999999999
v 1.172223 0.992962 0.3443609999999999
v 1.366123 0.800221 0.37431299999999995
v 1.18313 1.003814 0.35974699999999993
v 1.172223 0.992962 0.3443609999999999
v 1.355244 0.789342 0.35892699999999994
v 1.366123 0.800221 0.37431299999999995
v 0.991618 1.173567 0.3443609999999999
v 1.18313 1.003814 0.35974699999999993
v 1.716567 0.7801659999999999 -1.963919
v 1.716567 0.7801659999999998 -3.840813
v 1.889531 0.9531289999999998 -3.840813
v 1.88953 0.9531289999999999 -1.963919
v 1.88953 0.9531289999999999 -1.963919
v 1.889531 0.9531289999999998 -3.840813
v 1.889826 1.0913659999999998 -3.840813
v 1.889826 1.0913659999999998 -1.963919
v 1.889826 1.0913659999999998 -1.963919
v 1.889826 1.0913659999999998 -3.840813
v 1.822395 1.1587989999999997 -3.840813
v 1.822395 1.1587989999999997 -1.963919
v 1.993576 0.0009299999999998798 -1.963695
v 1.993576 0.0009299999999997649 -3.840589
v 2.48692 0.4942729999999998 -3.840813
v 2.48692 0.4942729999999999 -1.963919
v 2.142221 0.3838169999999999 -1.971267
v 2.142221 0.3838169999999998 -3.84816
v 1.715624 0.8104139999999997 -3.84816
v 1.715624 0.8104139999999999 -1.971267
v 0.493344 2.487849 -1.9639190000000002
v 0.493345 2.4878489999999998 -3.840813
v -0 1.9945049999999998 -3.840589
v -0 1.9945049999999998 -1.9636950000000002
v 0.387517 2.109216 -1.9639190000000002
v 0.387517 2.1092159999999995 -3.840813
v 0.56048 2.2821789999999997 -3.840813
v 0.56048 2.282179 -1.9639190000000002
v 0.56048 2.282179 -1.9639190000000002
v 0.56048 2.2821789999999997 -3.840813
v 0.560776 2.4204169999999996 -3.840813
v 0.560776 2.420417 -1.9639190000000002
v 0.560776 2.420417 -1.9639190000000002
v 0.560776 2.4204169999999996 -3.840813
v 0.493345 2.4878489999999998 -3.840813
v 0.493344 2.487849 -1.9639190000000002
v 0.81317 1.7128669999999997 -1.971267
v 0.813171 1.7128669999999997 -3.84816
v 0.386573 2.1394639999999994 -3.84816
v 0.386573 2.139465 -1.9712670000000003
v 1.052042 1.4446899999999998 -1.963919
v 1.052042 1.4446899999999998 -3.840813
v 1.225005 1.6176539999999997 -3.840813
v 1.225005 1.6176539999999997 -1.963919
v 1.225005 1.6176539999999997 -1.963919
v 1.225005 1.6176539999999997 -3.840813
v 1.225302 1.7558919999999998 -3.840813
v 1.225302 1.7558919999999998 -1.963919
v 1.225302 1.7558919999999998 -1.963919
v 1.225302 1.7558919999999998 -3.840813
v 1.157869 1.8233239999999997 -3.840813
v 1.157869 1.8233239999999997 -1.9639190000000002
v 1.477696 1.0483419999999999 -1.971267
v 1.477696 1.0483419999999999 -3.84816
v 1.051099 1.4749389999999998 -3.84816
v 1.051099 1.4749389999999998 -1.971267
v 2.08876 0.080121 0.027853999999999997
v 2.08876 0.08012100000000001 0.171033
v 1.98102 0.07781400000000001 0.171033
v 1.98102 0.077814 0.027853999999999997
v 2.091068 0.187862 0.02785399999999999
v 2.091068 0.187862 0.171033
v 2.08876 0.08012100000000001 0.171033
v 2.08876 0.080121 0.027853999999999997
v 2.091068 0.187862 0.171033
v 1.983328 0.185554 0.171033
v 1.98102 0.07781400000000001 0.171033
v 2.08876 0.08012100000000001 0.171033
v 1.50931 0.768822 0.02785399999999995
v 1.50931 0.768822 0.17103299999999994
v 1.507019 0.661862 0.17103299999999996
v 1.507019 0.661862 0.02785399999999996
v 1.50931 0.768822 0.17103299999999994
v 1.40235 0.766531 0.17103299999999994
v 1.400059 0.65957 0.17103299999999996
v 1.507019 0.661862 0.17103299999999996
v 1.500763 0.760275 0.38654999999999995
v 1.500763 0.760275 0.44057199999999996
v 1.49883 0.67005 0.44057199999999996
v 1.49883 0.67005 0.38654999999999995
v 1.500763 0.760275 0.44057199999999996
v 1.410538 0.758342 0.44057199999999996
v 1.408606 0.668118 0.44057199999999996
v 1.49883 0.67005 0.44057199999999996
v 1.995736 0.093173 0.044212999999999995
v 1.995736 0.09317300000000003 0.466078
v 1.9974 0.17082100000000003 0.466078
v 1.9974 0.170821 0.04421299999999999
v 2.075048 0.172485 0.04421299999999999
v 2.075048 0.17248500000000003 0.466078
v 2.073385 0.09483700000000003 0.466078
v 2.073385 0.094837 0.044212999999999995
v 2.075048 0.17248500000000003 0.466078
v 1.9974 0.17082100000000003 0.466078
v 1.995736 0.09317300000000003 0.466078
v 2.073385 0.09483700000000003 0.466078
v 2.082459 0.17925300000000002 0.38655
v 2.082459 0.17925300000000002 0.440572
v 2.080512 0.08837000000000003 0.440572
v 2.080512 0.08836900000000003 0.38655
v 2.082459 0.17925300000000002 0.440572
v 1.991576 0.17730600000000002 0.440572
v 1.989629 0.08642300000000003 0.440572
v 2.080512 0.08837000000000003 0.440572
v 1.493406 0.753556 0.044212999999999954
v 1.493406 0.753556 0.46607799999999994
v 1.491754 0.67647 0.46607799999999994
v 1.491754 0.676471 0.04421299999999996
v 1.493406 0.753556 0.46607799999999994
v 1.41632 0.751905 0.46607799999999994
v 1.414668 0.674819 0.46607799999999994
v 1.491754 0.67647 0.46607799999999994
v 1.991367 -0.0011309999999999918 0.135125
v 1.326222 0.664298 0.13512499999999997
v 1.326219 0.664301 0.08370799999999996
v 1.991365 -0.001127999999999995 0.083707
v 2.024347 0.030800000000000008 0.135124
v 1.358732 0.696133 0.13512399999999994
v 1.326222 0.664298 0.13512499999999997
v 1.991367 -0.0011309999999999918 0.135125
v 1.898702 0.25687199999999993 -0.502272
v 1.925982 0.28415199999999996 -0.507739
v 1.981294 0.22884099999999996 -0.507739
v 1.954014 0.20155999999999996 -0.502272
v 1.612152 0.597982 -0.507739
v 1.584872 0.570702 -0.502272
v 1.529919 0.625654 -0.502272
v 1.5572 0.652935 -0.507739
v 1.715624 0.8104139999999999 -1.971267
v 1.543621 0.638412 -0.11412400000000004
v 1.970218 0.211815 -0.11412400000000002
v 2.142221 0.3838169999999999 -1.971267
v 0.75971 1.409172 0.027853999999999914
v 0.75971 1.409172 0.1710329999999999
v 0.651969 1.406864 0.1710329999999999
v 0.651969 1.406864 0.027853999999999914
v 0.762018 1.516912 0.027853999999999907
v 0.762018 1.516912 0.1710329999999999
v 0.75971 1.409172 0.1710329999999999
v 0.75971 1.409172 0.027853999999999914
v 0.762018 1.516912 0.1710329999999999
v 0.654277 1.514605 0.1710329999999999
v 0.651969 1.406864 0.1710329999999999
v 0.75971 1.409172 0.1710329999999999
v 0.18026 2.097872 0.027853999999999872
v 0.18026 2.097872 0.17103299999999985
v 0.177968 1.990911 0.17103299999999988
v 0.177969 1.990912 0.02785399999999988
v 0.18026 2.097872 0.17103299999999985
v 0.0733 2.095581 0.17103299999999985
v 0.071008 1.98862 0.17103299999999988
v 0.177968 1.990911 0.17103299999999988
v 0.171713 2.089325 0.3865499999999999
v 0.171713 2.089325 0.4405719999999999
v 0.16978 1.999101 0.4405719999999999
v 0.16978 1.999101 0.3865499999999999
v 0.171713 2.089325 0.4405719999999999
v 0.081487 2.087393 0.4405719999999999
v 0.079555 1.997168 0.4405719999999999
v 0.16978 1.999101 0.4405719999999999
v 0.666686 1.422224 0.04421299999999991
v 0.666686 1.422224 0.4660779999999999
v 0.668349 1.499872 0.4660779999999999
v 0.668349 1.499872 0.04421299999999991
v 0.745997 1.501536 0.04421299999999991
v 0.745998 1.501535 0.4660779999999999
v 0.744334 1.423888 0.4660779999999999
v 0.744334 1.423887 0.04421299999999991
v 0.745998 1.501535 0.4660779999999999
v 0.668349 1.499872 0.4660779999999999
v 0.666686 1.422224 0.4660779999999999
v 0.744334 1.423888 0.4660779999999999
v 0.753408 1.508303 0.3865499999999999
v 0.753408 1.508303 0.4405719999999999
v 0.751461 1.41742 0.4405719999999999
v 0.751461 1.41742 0.3865499999999999
v 0.753408 1.508303 0.4405719999999999
v 0.662526 1.506356 0.4405719999999999
v 0.660579 1.415473 0.4405719999999999
v 0.751461 1.41742 0.4405719999999999
v 0.164355 2.082606 0.04421299999999988
v 0.164355 2.082606 0.4660779999999999
v 0.162704 2.005521 0.4660779999999999
v 0.162704 2.005521 0.04421299999999988
v 0.164355 2.082606 0.4660779999999999
v 0.08727 2.080955 0.4660779999999999
v 0.085618 2.003869 0.4660779999999999
v 0.162704 2.005521 0.4660779999999999
v 0.662317 1.32792 0.1351249999999999
v -0.002828 1.993348 0.13512499999999988
v -0.002831 1.993351 0.08370799999999988
v 0.662314 1.327922 0.08370699999999992
v 0.695297 1.359851 0.1351239999999999
v 0.029681 2.025183 0.13512399999999988
v -0.002828 1.993348 0.13512499999999988
v 0.662317 1.32792 0.1351249999999999
v 0.569651 1.585923 -0.5022720000000002
v 0.596932 1.613203 -0.5077390000000002
v 0.652243 1.557891 -0.5077390000000002
v 0.624963 1.530611 -0.5022720000000002
v 0.283102 1.927032 -0.5077390000000002
v 0.255821 1.899752 -0.5022720000000002
v 0.200869 1.954705 -0.5022720000000002
v 0.228149 1.981985 -0.5077390000000002
v 0.386573 2.139465 -1.9712670000000003
v 0.214571 1.967462 -0.11412400000000013
v 0.641168 1.540865 -0.1141240000000001
v 0.81317 1.7128669999999997 -1.971267
v 1.424235 0.744647 0.027853999999999955
v 1.424235 0.744647 0.17103299999999994
v 1.316494 0.742339 0.17103299999999994
v 1.316494 0.742339 0.027853999999999955
v 1.426543 0.852387 0.027853999999999948
v 1.426543 0.852387 0.17103299999999994
v 1.424235 0.744647 0.17103299999999994
v 1.424235 0.744647 0.027853999999999955
v 1.426543 0.852387 0.17103299999999994
v 1.318803 0.850079 0.17103299999999994
v 1.316494 0.742339 0.17103299999999994
v 1.424235 0.744647 0.17103299999999994
v 0.844785 1.433347 0.027853999999999914
v 0.844785 1.433347 0.1710329999999999
v 0.842494 1.326386 0.1710329999999999
v 0.842494 1.326387 0.02785399999999992
v 0.844785 1.433347 0.1710329999999999
v 0.737825 1.431056 0.1710329999999999
v 0.735533 1.324095 0.1710329999999999
v 0.842494 1.326386 0.1710329999999999
v 0.836238 1.4248 0.3865499999999999
v 0.836238 1.4248 0.4405719999999999
v 0.834305 1.334576 0.44057199999999996
v 0.834305 1.334576 0.38654999999999995
v 0.836238 1.4248 0.4405719999999999
v 0.746013 1.422867 0.4405719999999999
v 0.744081 1.332643 0.44057199999999996
v 0.834305 1.334576 0.44057199999999996
v 1.331211 0.757698 0.044212999999999954
v 1.331211 0.757698 0.46607799999999994
v 1.332875 0.835346 0.46607799999999994
v 1.332875 0.835347 0.044212999999999954
v 1.410523 0.83701 0.044212999999999954
v 1.410523 0.83701 0.46607799999999994
v 1.408859 0.759362 0.46607799999999994
v 1.408859 0.759362 0.044212999999999954
v 1.410523 0.83701 0.46607799999999994
v 1.332875 0.835346 0.46607799999999994
v 1.331211 0.757698 0.46607799999999994
v 1.408859 0.759362 0.46607799999999994
v 1.417934 0.843777 0.38654999999999995
v 1.417934 0.843777 0.44057199999999996
v 1.415987 0.752895 0.44057199999999996
v 1.415987 0.752895 0.38654999999999995
v 1.417934 0.843777 0.44057199999999996
v 1.327051 0.84183 0.44057199999999996
v 1.325104 0.750948 0.44057199999999996
v 1.415987 0.752895 0.44057199999999996
v 0.828881 1.418081 0.04421299999999991
v 0.828881 1.418081 0.4660779999999999
v 0.827229 1.340996 0.46607799999999994
v 0.827229 1.340996 0.04421299999999992
v 0.828881 1.418081 0.4660779999999999
v 0.751795 1.41643 0.4660779999999999
v 0.750143 1.339344 0.46607799999999994
v 0.827229 1.340996 0.46607799999999994
v 1.326842 0.663394 0.13512499999999997
v 0.661697 1.328823 0.1351249999999999
v 0.661694 1.328826 0.08370799999999992
v 1.326839 0.663397 0.08370699999999996
v 1.359822 0.695325 0.13512399999999994
v 0.694206 1.360658 0.1351239999999999
v 0.661697 1.328823 0.1351249999999999
v 1.326842 0.663394 0.13512499999999997
v 1.234177 0.921397 -0.5022720000000002
v 1.261457 0.948677 -0.5077390000000002
v 1.316769 0.893366 -0.507739
v 1.289488 0.866085 -0.502272
v 0.947627 1.262507 -0.5077390000000002
v 0.920347 1.235227 -0.5022720000000002
v 0.865395 1.290179 -0.5022720000000002
v 0.892675 1.317459 -0.5077390000000002
v 1.051099 1.4749389999999998 -1.971267
v 0.879096 1.302936 -0.11412400000000009
v 1.305693 0.87634 -0.11412400000000006
v 1.477696 1.0483419999999999 -1.971267
v 2.108287 0.38844699999999976 -3.840813
v 2.108287 0.3884469999999999 -1.963919
v 2.28125 0.5614099999999999 -1.963919
v 2.28125 0.5614099999999997 -3.840813
v 2.419488 0.5617059999999999 -1.963919
v 2.419488 0.5617059999999998 -3.840813
v 2.48692 0.4942729999999999 -1.963919
v 2.48692 0.4942729999999998 -3.840813
v 0.779237 1.7174969999999998 -3.840813
v 0.779237 1.7174969999999998 -1.963919
v 0.9522 1.8904599999999998 -1.9639190000000002
v 0.9522 1.8904599999999998 -3.840813
v 1.090437 1.8907569999999998 -1.9639190000000002
v 1.090437 1.8907569999999998 -3.840813
v 1.157869 1.8233239999999997 -1.9639190000000002
v 1.157869 1.8233239999999997 -3.840813
v 1.443762 1.0529719999999998 -3.840813
v 1.443762 1.0529719999999998 -1.963919
v 1.616725 1.2259349999999998 -1.963919
v 1.616725 1.2259349999999998 -3.840813
v 1.754962 1.2262309999999998 -1.963919
v 1.754962 1.2262309999999998 -3.840813
v 1.822395 1.1587989999999997 -1.963919
v 1.822395 1.1587989999999997 -3.840813
v 1.32905 0.665455 0.13398199999999996
v 1.489185 0.552783 0.13398199999999996
v 1.594337 0.657935 0.13398199999999996
v 1.527252 0.863656 0.13398199999999993
v 1.594684 0.796224 0.13398199999999993
v 1.880904 0.161064 0.133982
v 1.993576 0.0009300000000000083 0.133982
v 1.986056 0.266216 0.13398199999999996
v 2.191777 0.199131 0.133982
v 2.124345 0.266563 0.13398199999999996
v 2.191777 0.199131 0.133982
v 1.993576 0.0009300000000000083 0.133982
v 1.993576 0.0009299999999998798 -1.963695
v 2.486668 0.4940209999999999 -1.771304
v 2.48692 0.4942729999999999 -1.963919
v -0 1.994505 0.13398199999999988
v 0.160135 1.881833 0.13398199999999988
v 0.265286 1.986985 0.13398199999999988
v 0.198202 2.192706 0.13398199999999985
v 0.265633 2.125274 0.13398199999999985
v 0.551854 1.490115 0.1339819999999999
v 0.664526 1.32998 0.1339819999999999
v 0.657006 1.595266 0.13398199999999988
v 0.862727 1.528181 0.1339819999999999
v 0.795295 1.595613 0.13398199999999988
v 0.664525 1.32998 0.1339819999999999
v 0.82466 1.217308 0.1339819999999999
v 0.929812 1.32246 0.1339819999999999
v 0.862727 1.528181 0.1339819999999999
v 0.930159 1.460749 0.1339819999999999
v 1.216379 0.82559 0.13398199999999993
v 1.329051 0.665455 0.13398199999999996
v 1.321531 0.930741 0.13398199999999993
v 1.527252 0.863656 0.13398199999999993
v 1.45982 0.931088 0.13398199999999993
v 1.847654 0.33929 0.20978499999999997
v 2.030648 0.135696 0.224351
v 2.041003 0.14605 0.209708
v 1.857982 0.349671 0.19514099999999998
v 1.66705 0.519895 0.20978499999999997
v 1.677377 0.530276 0.19514099999999998
v 1.467142 0.719911 0.20970699999999995
v 1.456788 0.709557 0.22435099999999994
v 1.847654 0.33929 0.359747
v 2.030648 0.13569600000000004 0.374313
v 2.041003 0.14605000000000004 0.35967
v 1.857982 0.349671 0.345104
v 1.66705 0.519895 0.35974699999999993
v 1.677377 0.530276 0.34510399999999997
v 1.467142 0.719911 0.35966999999999993
v 1.456788 0.709557 0.37431299999999995
v 1.666527 0.652357 -0.4437710000000001
v 1.612152 0.597982 -0.507739
v 1.5572 0.652935 -0.507739
v 1.611574 0.707309 -0.4437710000000001
v 1.688542 0.674372 -0.37591700000000006
v 1.63359 0.729325 -0.37591700000000006
v 1.692116 0.6359 -0.23462000000000002
v 1.586414 0.682148 0.005468999999999958
v 1.736746 0.565661 -0.13210700000000003
v 1.810517 0.482518 -0.09458400000000003
v 2.010508 0.258055 0.005468999999999984
v 1.893661 0.408747 -0.13210700000000003
v 1.554425 0.65016 0.09498099999999995
v 1.9639 0.364116 -0.23462000000000002
v 1.978519 0.226066 0.09498099999999998
v 2.057683 0.30523 -0.375917
v 1.945466 0.190038 0.131158
v 2.002372 0.360542 -0.375917
v 1.520121 0.615384 0.13115799999999997
v 1.980356 0.338527 -0.443771
v 1.47576 0.572688 0.13135799999999997
v 1.903577 0.144871 0.131358
v 2.035668 0.283215 -0.443771
v 1.925982 0.28415199999999996 -0.507739
v 1.981294 0.22884099999999996 -0.507739
v 1.828378 0.343464 -0.16802200000000003
v 1.751185 0.423186 -0.12803000000000003
v 1.810517 0.482518 -0.09458400000000003
v 1.893661 0.408747 -0.13210700000000003
v 1.882358 0.282574 -0.276799
v 1.9639 0.364116 -0.23462000000000002
v 2.002372 0.360542 -0.375917
v 1.898702 0.25687199999999993 -0.502272
v 1.925982 0.28415199999999996 -0.507739
v 1.980356 0.338527 -0.443771
v 1.736746 0.565661 -0.13210700000000003
v 1.810517 0.482518 -0.09458400000000003
v 1.751185 0.423186 -0.12803000000000003
v 1.671463 0.500378 -0.16802200000000003
v 1.692116 0.6359 -0.23462000000000002
v 1.610573 0.554358 -0.2767990000000001
v 1.688542 0.674372 -0.37591700000000006
v 1.584872 0.570702 -0.502272
v 1.612152 0.597982 -0.507739
v 1.666527 0.652357 -0.4437710000000001
v 0.518605 1.668339 0.2097849999999999
v 0.701598 1.464746 0.2243509999999999
v 0.711952 1.475101 0.20970799999999992
v 0.528931 1.678721 0.1951409999999999
v 0.337999 1.848945 0.2097849999999999
v 0.348326 1.859326 0.1951409999999999
v 0.138092 2.048962 0.20970699999999987
v 0.127737 2.038608 0.22435099999999988
v 0.518605 1.668339 0.3597469999999999
v 0.701598 1.464746 0.3743129999999999
v 0.711952 1.475101 0.3596699999999999
v 0.528931 1.678721 0.3451039999999999
v 0.337999 1.848945 0.3597469999999999
v 0.348326 1.859326 0.3451039999999999
v 0.138092 2.048962 0.3596699999999999
v 0.127737 2.038608 0.3743129999999999
v 0.493344 2.487849 -1.9639190000000002
v -0 1.9945049999999998 -1.9636950000000002
v 0.493092 2.487597 -1.7713040000000002
v 0.198202 2.192706 0.13398199999999985
v -0 1.994505 0.13398199999999988
v 0.337476 1.981407 -0.44377100000000014
v 0.283102 1.927032 -0.5077390000000002
v 0.228149 1.981985 -0.5077390000000002
v 0.282524 2.03636 -0.44377100000000014
v 0.359492 2.003422 -0.3759170000000001
v 0.304539 2.058375 -0.3759170000000001
v 0.363065 1.96495 -0.2346200000000001
v 0.257363 2.011199 0.005468999999999877
v 0.407696 1.894711 -0.1321070000000001
v 0.481467 1.811568 -0.09458400000000011
v 0.681457 1.587105 0.005468999999999903
v 0.564611 1.737797 -0.1321070000000001
v 0.225374 1.97921 0.09498099999999987
v 0.63485 1.693166 -0.2346200000000001
v 0.649468 1.555116 0.0949809999999999
v 0.728633 1.634281 -0.3759170000000001
v 0.616416 1.519088 0.1311579999999999
v 0.673321 1.689593 -0.3759170000000001
v 0.19107 1.944434 0.13115799999999989
v 0.651306 1.667578 -0.44377100000000014
v 0.14671 1.901738 0.1313579999999999
v 0.574526 1.473921 0.13135799999999992
v 0.706618 1.612266 -0.44377100000000014
v 0.596932 1.613203 -0.5077390000000002
v 0.652243 1.557891 -0.5077390000000002
v 0.499328 1.672514 -0.16802200000000012
v 0.422135 1.752236 -0.12803000000000012
v 0.481467 1.811568 -0.09458400000000011
v 0.564611 1.737797 -0.1321070000000001
v 0.553307 1.611624 -0.27679900000000013
v 0.63485 1.693166 -0.2346200000000001
v 0.673321 1.689593 -0.3759170000000001
v 0.569651 1.585923 -0.5022720000000002
v 0.596932 1.613203 -0.5077390000000002
v 0.651306 1.667578 -0.44377100000000014
v 0.407696 1.894711 -0.1321070000000001
v 0.481467 1.811568 -0.09458400000000011
v 0.422135 1.752236 -0.12803000000000012
v 0.342413 1.829428 -0.16802200000000012
v 0.363065 1.96495 -0.2346200000000001
v 0.281523 1.883408 -0.27679900000000013
v 0.359492 2.003422 -0.3759170000000001
v 0.255821 1.899752 -0.5022720000000002
v 0.283102 1.927032 -0.5077390000000002
v 0.337476 1.981407 -0.44377100000000014
v 1.18313 1.003814 0.20978499999999994
v 1.366123 0.800221 0.22435099999999994
v 1.376477 0.810575 0.20970799999999995
v 1.193457 1.014196 0.19514099999999995
v 1.002524 1.18442 0.20978499999999992
v 1.012852 1.194801 0.19514099999999993
v 0.802617 1.384436 0.20970699999999992
v 0.792263 1.374082 0.2243509999999999
v 1.18313 1.003814 0.35974699999999993
v 1.366123 0.800221 0.37431299999999995
v 1.376477 0.810575 0.35966999999999993
v 1.193457 1.014196 0.34510399999999997
v 1.002524 1.18442 0.35974699999999993
v 1.012852 1.194801 0.34510399999999997
v 0.802617 1.384436 0.3596699999999999
v 0.792263 1.374082 0.3743129999999999
v 1.002002 1.316882 -0.4437710000000001
v 0.947627 1.262507 -0.5077390000000002
v 0.892675 1.317459 -0.5077390000000002
v 0.947049 1.371834 -0.44377100000000014
v 1.024017 1.338897 -0.37591700000000006
v 0.969065 1.393849 -0.3759170000000001
v 1.02759 1.300425 -0.23462000000000008
v 0.921889 1.346673 0.0054689999999999175
v 1.072221 1.230186 -0.13210700000000009
v 1.145992 1.147043 -0.09458400000000007
v 1.345982 0.92258 0.0054689999999999435
v 1.229136 1.073272 -0.13210700000000006
v 0.8899 1.314684 0.09498099999999991
v 1.299375 1.028641 -0.23462000000000005
v 1.313994 0.890591 0.09498099999999994
v 1.393158 0.969756 -0.37591700000000006
v 1.280941 0.854563 0.13115799999999994
v 1.337847 1.025068 -0.37591700000000006
v 0.855596 1.279908 0.1311579999999999
v 1.315831 1.003052 -0.4437710000000001
v 0.811235 1.237212 0.13135799999999992
v 1.239051 0.809396 0.13135799999999995
v 1.371143 0.94774 -0.4437710000000001
v 1.261457 0.948677 -0.5077390000000002
v 1.316769 0.893366 -0.507739
v 1.163853 1.007988 -0.16802200000000006
v 1.08666 1.08771 -0.12803000000000006
v 1.145992 1.147043 -0.09458400000000007
v 1.229136 1.073272 -0.13210700000000006
v 1.217832 0.947098 -0.2767990000000001
v 1.299375 1.028641 -0.23462000000000005
v 1.337847 1.025068 -0.37591700000000006
v 1.234177 0.921397 -0.5022720000000002
v 1.261457 0.948677 -0.5077390000000002
v 1.315831 1.003052 -0.4437710000000001
v 1.072221 1.230186 -0.13210700000000009
v 1.145992 1.147043 -0.09458400000000007
v 1.08666 1.08771 -0.12803000000000006
v 1.006938 1.164903 -0.1680220000000001
v 1.02759 1.300425 -0.23462000000000008
v 0.946048 1.218883 -0.2767990000000001
v 1.024017 1.338897 -0.37591700000000006
v 0.920347 1.235227 -0.5022720000000002
v 0.947627 1.262507 -0.5077390000000002
v 1.002002 1.316882 -0.4437710000000001
v 1.594337 0.657935 0.13398199999999996
v 1.489185 0.552783 0.13398199999999996
v 1.716567 0.7801659999999999 -1.963919
v 1.889176 0.9527749999999999 -1.771304
v 1.88953 0.9531289999999999 -1.963919
v 1.594684 0.796224 0.13398199999999993
v 1.889575 1.091114 -1.771304
v 1.889826 1.0913659999999998 -1.963919
v 1.822143 1.158547 -1.771304
v 1.527252 0.863656 0.13398199999999993
v 1.822395 1.1587989999999997 -1.963919
v 2.108287 0.3884469999999999 -1.963919
v 1.880904 0.161064 0.133982
v 1.986056 0.266216 0.13398199999999996
v 2.280896 0.5610559999999999 -1.771304
v 2.28125 0.5614099999999999 -1.963919
v 2.124345 0.266563 0.13398199999999996
v 2.419236 0.5614539999999999 -1.771304
v 2.419488 0.5617059999999999 -1.963919
v 2.486668 0.4940209999999999 -1.771304
v 2.191777 0.199131 0.133982
v 2.48692 0.4942729999999999 -1.963919
v 0.265286 1.986985 0.13398199999999988
v 0.160135 1.881833 0.13398199999999988
v 0.387517 2.109216 -1.9639190000000002
v 0.560126 2.281825 -1.7713040000000002
v 0.56048 2.282179 -1.9639190000000002
v 0.265633 2.125274 0.13398199999999985
v 0.560524 2.420165 -1.7713040000000002
v 0.560776 2.420417 -1.9639190000000002
v 0.493092 2.487597 -1.7713040000000002
v 0.198202 2.192706 0.13398199999999985
v 0.493344 2.487849 -1.9639190000000002
v 0.779237 1.7174969999999998 -1.963919
v 0.551854 1.490115 0.1339819999999999
v 0.657006 1.595266 0.13398199999999988
v 0.951846 1.890106 -1.7713040000000002
v 0.9522 1.8904599999999998 -1.9639190000000002
v 0.795295 1.595613 0.13398199999999988
v 1.090185 1.890505 -1.7713040000000002
v 1.090437 1.8907569999999998 -1.9639190000000002
v 1.157617 1.823072 -1.7713040000000002
v 0.862727 1.528181 0.1339819999999999
v 1.157869 1.8233239999999997 -1.9639190000000002
v 0.929812 1.32246 0.1339819999999999
v 0.82466 1.217308 0.1339819999999999
v 1.052042 1.4446899999999998 -1.963919
v 1.224651 1.6173 -1.771304
v 1.225005 1.6176539999999997 -1.963919
v 0.930159 1.460749 0.1339819999999999
v 1.225049 1.75564 -1.771304
v 1.225302 1.7558919999999998 -1.963919
v 1.157617 1.823072 -1.7713040000000002
v 0.862727 1.528181 0.1339819999999999
v 1.157869 1.8233239999999997 -1.9639190000000002
v 1.443762 1.0529719999999998 -1.963919
v 1.216379 0.82559 0.13398199999999993
v 1.321531 0.930741 0.13398199999999993
v 1.616371 1.225581 -1.771304
v 1.616725 1.2259349999999998 -1.963919
v 1.45982 0.931088 0.13398199999999993
v 1.75471 1.225979 -1.771304
v 1.754962 1.2262309999999998 -1.963919
v 1.822143 1.158547 -1.771304
v 1.527252 0.863656 0.13398199999999993
v 1.822395 1.1587989999999997 -1.963919
v 0 4.837354856632045E-18 0.079
v 2 4.837354856632045E-18 0.079
v 0 1.994506 0.07899999999999988
vt 0.744544 0.168678
vt 0.744544 0.149563
vt 0.768728 0.149563
vt 0.768728 0.149563
vt 0.768728 0.168678
vt 0.744544 0.168678
vt 0.716183 0.132213
vt 0.716183 0.040616
vt 0.741980 0.040616
vt 0.741980 0.040616
vt 0.741980 0.132213
vt 0.716183 0.132213
vt 0.142421 0.258382
vt 0.142414 0.207937
vt 0.146705 0.207991
vt 0.142462 0.151993
vt 0.146636 0.152047
vt 0.146705 0.207991
vt 0.146705 0.207991
vt 0.142414 0.207937
vt 0.142462 0.151993
vt 0.120653 0.258118
vt 0.120804 0.207713
vt 0.124893 0.207751
vt 0.121682 0.151843
vt 0.125833 0.151901
vt 0.124893 0.207751
vt 0.124893 0.207751
vt 0.120804 0.207713
vt 0.121682 0.151843
vt 0.744544 0.168678
vt 0.744544 0.149563
vt 0.768728 0.149563
vt 0.768728 0.149563
vt 0.768728 0.168678
vt 0.744544 0.168678
vt 0.716183 0.132213
vt 0.716183 0.040616
vt 0.741980 0.040616
vt 0.741980 0.040616
vt 0.741980 0.132213
vt 0.716183 0.132213
vt 0.142421 0.258382
vt 0.142414 0.207937
vt 0.146705 0.207991
vt 0.142462 0.151993
vt 0.146636 0.152047
vt 0.146705 0.207991
vt 0.146705 0.207991
vt 0.142414 0.207937
vt 0.142462 0.151993
vt 0.120653 0.258118
vt 0.120804 0.207713
vt 0.124893 0.207751
vt 0.121682 0.151843
vt 0.125833 0.151901
vt 0.124893 0.207751
vt 0.124893 0.207751
vt 0.120804 0.207713
vt 0.121682 0.151843
vt 0.744544 0.168678
vt 0.744544 0.149563
vt 0.768728 0.149563
vt 0.768728 0.149563
vt 0.768728 0.168678
vt 0.744544 0.168678
vt 0.716183 0.132213
vt 0.716183 0.040616
vt 0.741980 0.040616
vt 0.741980 0.040616
vt 0.741980 0.132213
vt 0.716183 0.132213
vt 0.142421 0.258382
vt 0.142414 0.207937
vt 0.146705 0.207991
vt 0.142462 0.151993
vt 0.146636 0.152047
vt 0.146705 0.207991
vt 0.146705 0.207991
vt 0.142414 0.207937
vt 0.142462 0.151993
vt 0.120653 0.258118
vt 0.120804 0.207713
vt 0.124893 0.207751
vt 0.121682 0.151843
vt 0.125833 0.151901
vt 0.124893 0.207751
vt 0.124893 0.207751
vt 0.120804 0.207713
vt 0.121682 0.151843
vt 0.720359 0.168678
vt 0.720359 0.149563
vt 0.744544 0.149563
vt 0.744544 0.168678
vt 0.720359 0.168678
vt 0.767395 0.168204
vt 0.767395 0.148751
vt 0.791821 0.148751
vt 0.791821 0.168204
vt 0.767395 0.168204
vt 0.742660 0.168204
vt 0.742660 0.148751
vt 0.767395 0.148751
vt 0.767395 0.168204
vt 0.742660 0.168204
vt 0.718239 0.168204
vt 0.718239 0.148751
vt 0.742660 0.148751
vt 0.742660 0.168204
vt 0.718239 0.168204
vt 0.765235 0.036658
vt 0.765235 0.019131
vt 0.789660 0.019131
vt 0.789660 0.036658
vt 0.765235 0.036658
vt 0.740441 0.036658
vt 0.740441 0.019131
vt 0.765235 0.019131
vt 0.765235 0.036658
vt 0.740441 0.036658
vt 0.716022 0.036658
vt 0.716022 0.019131
vt 0.740441 0.019131
vt 0.740441 0.036658
vt 0.716022 0.036658
vt 0.768241 0.132213
vt 0.768241 0.040616
vt 0.794045 0.040616
vt 0.794045 0.132213
vt 0.768241 0.132213
vt 0.691372 0.036077
vt 0.691372 0.018678
vt 0.715556 0.018678
vt 0.715556 0.018678
vt 0.715556 0.036077
vt 0.763925 0.036077
vt 0.763925 0.018678
vt 0.788109 0.018678
vt 0.788109 0.036077
vt 0.763925 0.036077
vt 0.739740 0.036077
vt 0.739740 0.018678
vt 0.763925 0.018678
vt 0.763925 0.036077
vt 0.739740 0.036077
vt 0.769252 0.133785
vt 0.769252 0.041517
vt 0.795317 0.041517
vt 0.795317 0.133785
vt 0.769252 0.133785
vt 0.743188 0.133785
vt 0.743188 0.041517
vt 0.769252 0.041517
vt 0.769252 0.133785
vt 0.743188 0.133785
vt 0.717124 0.133785
vt 0.717124 0.041517
vt 0.743188 0.041517
vt 0.743188 0.133785
vt 0.717124 0.133785
vt 0.138223 0.258222
vt 0.137455 0.312187
vt 0.133791 0.312248
vt 0.133956 0.258242
vt 0.138223 0.258222
vt 0.138355 0.207988
vt 0.138223 0.258222
vt 0.134189 0.207957
vt 0.138355 0.207988
vt 0.138355 0.207988
vt 0.134258 0.152107
vt 0.138442 0.152156
vt 0.138355 0.207988
vt 0.116742 0.257975
vt 0.116342 0.311903
vt 0.112238 0.311911
vt 0.112634 0.257967
vt 0.116742 0.257975
vt 0.116910 0.207770
vt 0.116742 0.257975
vt 0.112809 0.207714
vt 0.116910 0.207770
vt 0.116910 0.207770
vt 0.113628 0.151919
vt 0.117747 0.152007
vt 0.116910 0.207770
vt 0.720359 0.168678
vt 0.720359 0.149563
vt 0.744544 0.149563
vt 0.744544 0.168678
vt 0.720359 0.168678
vt 0.767395 0.168204
vt 0.767395 0.148751
vt 0.791821 0.148751
vt 0.791821 0.168204
vt 0.767395 0.168204
vt 0.742660 0.168204
vt 0.742660 0.148751
vt 0.767395 0.148751
vt 0.767395 0.168204
vt 0.742660 0.168204
vt 0.718239 0.168204
vt 0.718239 0.148751
vt 0.742660 0.148751
vt 0.742660 0.168204
vt 0.718239 0.168204
vt 0.765235 0.036658
vt 0.765235 0.019131
vt 0.789660 0.019131
vt 0.789660 0.036658
vt 0.765235 0.036658
vt 0.740441 0.036658
vt 0.740441 0.019131
vt 0.765235 0.019131
vt 0.765235 0.036658
vt 0.740441 0.036658
vt 0.716022 0.036658
vt 0.716022 0.019131
vt 0.740441 0.019131
vt 0.740441 0.036658
vt 0.716022 0.036658
vt 0.768241 0.132213
vt 0.768241 0.040616
vt 0.794045 0.040616
vt 0.794045 0.132213
vt 0.768241 0.132213
vt 0.691372 0.036077
vt 0.691372 0.018678
vt 0.715556 0.018678
vt 0.715556 0.018678
vt 0.715556 0.036077
vt 0.763925 0.036077
vt 0.763925 0.018678
vt 0.788109 0.018678
vt 0.788109 0.036077
vt 0.763925 0.036077
vt 0.739740 0.036077
vt 0.739740 0.018678
vt 0.763925 0.018678
vt 0.763925 0.036077
vt 0.739740 0.036077
vt 0.769252 0.133785
vt 0.769252 0.041517
vt 0.795317 0.041517
vt 0.795317 0.133785
vt 0.769252 0.133785
vt 0.743188 0.133785
vt 0.743188 0.041517
vt 0.769252 0.041517
vt 0.769252 0.133785
vt 0.743188 0.133785
vt 0.717124 0.133785
vt 0.717124 0.041517
vt 0.743188 0.041517
vt 0.743188 0.133785
vt 0.717124 0.133785
vt 0.138223 0.258222
vt 0.137455 0.312187
vt 0.133791 0.312248
vt 0.133956 0.258242
vt 0.138223 0.258222
vt 0.138355 0.207988
vt 0.138223 0.258222
vt 0.134189 0.207957
vt 0.138355 0.207988
vt 0.138355 0.207988
vt 0.134258 0.152107
vt 0.138442 0.152156
vt 0.138355 0.207988
vt 0.116742 0.257975
vt 0.116342 0.311903
vt 0.112238 0.311911
vt 0.112634 0.257967
vt 0.116742 0.257975
vt 0.116910 0.207770
vt 0.116742 0.257975
vt 0.112809 0.207714
vt 0.116910 0.207770
vt 0.116910 0.207770
vt 0.113628 0.151919
vt 0.117747 0.152007
vt 0.116910 0.207770
vt 0.720359 0.168678
vt 0.720359 0.149563
vt 0.744544 0.149563
vt 0.744544 0.168678
vt 0.720359 0.168678
vt 0.767395 0.168204
vt 0.767395 0.148751
vt 0.791821 0.148751
vt 0.791821 0.168204
vt 0.767395 0.168204
vt 0.742660 0.168204
vt 0.742660 0.148751
vt 0.767395 0.148751
vt 0.767395 0.168204
vt 0.742660 0.168204
vt 0.718239 0.168204
vt 0.718239 0.148751
vt 0.742660 0.148751
vt 0.742660 0.168204
vt 0.718239 0.168204
vt 0.765235 0.036658
vt 0.765235 0.019131
vt 0.789660 0.019131
vt 0.789660 0.036658
vt 0.765235 0.036658
vt 0.740441 0.036658
vt 0.740441 0.019131
vt 0.765235 0.019131
vt 0.765235 0.036658
vt 0.740441 0.036658
vt 0.716022 0.036658
vt 0.716022 0.019131
vt 0.740441 0.019131
vt 0.740441 0.036658
vt 0.716022 0.036658
vt 0.768241 0.132213
vt 0.768241 0.040616
vt 0.794045 0.040616
vt 0.794045 0.132213
vt 0.768241 0.132213
vt 0.691372 0.036077
vt 0.691372 0.018678
vt 0.715556 0.018678
vt 0.715556 0.018678
vt 0.715556 0.036077
vt 0.763925 0.036077
vt 0.763925 0.018678
vt 0.788109 0.018678
vt 0.788109 0.036077
vt 0.763925 0.036077
vt 0.739740 0.036077
vt 0.739740 0.018678
vt 0.763925 0.018678
vt 0.763925 0.036077
vt 0.739740 0.036077
vt 0.769252 0.133785
vt 0.769252 0.041517
vt 0.795317 0.041517
vt 0.795317 0.133785
vt 0.769252 0.133785
vt 0.743188 0.133785
vt 0.743188 0.041517
vt 0.769252 0.041517
vt 0.769252 0.133785
vt 0.743188 0.133785
vt 0.717124 0.133785
vt 0.717124 0.041517
vt 0.743188 0.041517
vt 0.743188 0.133785
vt 0.717124 0.133785
vt 0.138223 0.258222
vt 0.137455 0.312187
vt 0.133791 0.312248
vt 0.133956 0.258242
vt 0.138223 0.258222
vt 0.138355 0.207988
vt 0.138223 0.258222
vt 0.134189 0.207957
vt 0.138355 0.207988
vt 0.138355 0.207988
vt 0.134258 0.152107
vt 0.138442 0.152156
vt 0.138355 0.207988
vt 0.116742 0.257975
vt 0.116342 0.311903
vt 0.112238 0.311911
vt 0.112634 0.257967
vt 0.116742 0.257975
vt 0.116910 0.207770
vt 0.116742 0.257975
vt 0.112809 0.207714
vt 0.116910 0.207770
vt 0.116910 0.207770
vt 0.113628 0.151919
vt 0.117747 0.152007
vt 0.116910 0.207770
vt 0.143676 0.312464
vt 0.146821 0.258463
vt 0.150885 0.258475
vt 0.147142 0.312407
vt 0.143676 0.312464
vt 0.150699 0.208144
vt 0.146821 0.258463
vt 0.146636 0.152047
vt 0.150558 0.152313
vt 0.146705 0.207991
vt 0.146821 0.258463
vt 0.140458 0.312416
vt 0.142421 0.258382
vt 0.146821 0.258463
vt 0.143676 0.312464
vt 0.140458 0.312416
vt 0.146705 0.207991
vt 0.142421 0.258382
vt 0.124320 0.312156
vt 0.124772 0.258136
vt 0.128682 0.258031
vt 0.128212 0.311925
vt 0.124320 0.312156
vt 0.128782 0.207917
vt 0.124772 0.258136
vt 0.125833 0.151901
vt 0.129752 0.152213
vt 0.124893 0.207751
vt 0.124772 0.258136
vt 0.120230 0.312140
vt 0.120653 0.258118
vt 0.124772 0.258136
vt 0.124320 0.312156
vt 0.120230 0.312140
vt 0.124893 0.207751
vt 0.120653 0.258118
vt 0.143676 0.312464
vt 0.146821 0.258463
vt 0.150885 0.258475
vt 0.147142 0.312407
vt 0.143676 0.312464
vt 0.150699 0.208144
vt 0.146821 0.258463
vt 0.146636 0.152047
vt 0.150558 0.152313
vt 0.146705 0.207991
vt 0.146821 0.258463
vt 0.140458 0.312416
vt 0.142421 0.258382
vt 0.146821 0.258463
vt 0.143676 0.312464
vt 0.140458 0.312416
vt 0.146705 0.207991
vt 0.142421 0.258382
vt 0.124320 0.312156
vt 0.124772 0.258136
vt 0.128682 0.258031
vt 0.128212 0.311925
vt 0.124320 0.312156
vt 0.128782 0.207917
vt 0.124772 0.258136
vt 0.125833 0.151901
vt 0.129752 0.152213
vt 0.124893 0.207751
vt 0.124772 0.258136
vt 0.120230 0.312140
vt 0.120653 0.258118
vt 0.124772 0.258136
vt 0.124320 0.312156
vt 0.120230 0.312140
vt 0.124893 0.207751
vt 0.120653 0.258118
vt 0.143676 0.312464
vt 0.146821 0.258463
vt 0.150885 0.258475
vt 0.147142 0.312407
vt 0.143676 0.312464
vt 0.150699 0.208144
vt 0.146821 0.258463
vt 0.146636 0.152047
vt 0.150558 0.152313
vt 0.146705 0.207991
vt 0.146821 0.258463
vt 0.140458 0.312416
vt 0.142421 0.258382
vt 0.146821 0.258463
vt 0.143676 0.312464
vt 0.140458 0.312416
vt 0.146705 0.207991
vt 0.142421 0.258382
vt 0.124320 0.312156
vt 0.124772 0.258136
vt 0.128682 0.258031
vt 0.128212 0.311925
vt 0.124320 0.312156
vt 0.128782 0.207917
vt 0.124772 0.258136
vt 0.125833 0.151901
vt 0.129752 0.152213
vt 0.124893 0.207751
vt 0.124772 0.258136
vt 0.120230 0.312140
vt 0.120653 0.258118
vt 0.124772 0.258136
vt 0.124320 0.312156
vt 0.120230 0.312140
vt 0.124893 0.207751
vt 0.120653 0.258118
vt 0.205563 0.971094
vt 0.205563 0.561304
vt 0.149847 0.561304
vt 0.149847 0.971094
vt 0.237744 0.971094
vt 0.237744 0.561304
vt 0.205563 0.561304
vt 0.205563 0.971094
vt 0.260417 0.971094
vt 0.260417 0.561304
vt 0.237744 0.561304
vt 0.237744 0.971094
vt 0.314328 0.971145
vt 0.314328 0.561355
vt 0.155410 0.561304
vt 0.155410 0.971094
vt 0.325249 0.973138
vt 0.325249 0.559219
vt 0.108206 0.559219
vt 0.108206 0.973138
vt 0.314328 0.971145
vt 0.314328 0.561355
vt 0.155410 0.561304
vt 0.155410 0.971094
vt 0.205563 0.971094
vt 0.205563 0.561304
vt 0.149847 0.561304
vt 0.149847 0.971094
vt 0.237744 0.971094
vt 0.237744 0.561304
vt 0.205563 0.561304
vt 0.205563 0.971094
vt 0.260417 0.971094
vt 0.260417 0.561304
vt 0.237744 0.561304
vt 0.237744 0.971094
vt 0.325249 0.973138
vt 0.325249 0.559219
vt 0.108206 0.559219
vt 0.108206 0.973138
vt 0.205563 0.971094
vt 0.205563 0.561304
vt 0.149847 0.561304
vt 0.149847 0.971094
vt 0.237744 0.971094
vt 0.237744 0.561304
vt 0.205563 0.561304
vt 0.205563 0.971094
vt 0.260417 0.971094
vt 0.260417 0.561304
vt 0.237744 0.561304
vt 0.237744 0.971094
vt 0.325249 0.973138
vt 0.325249 0.559219
vt 0.108206 0.559219
vt 0.108206 0.973138
vt 0.696175 0.168678
vt 0.696175 0.149563
vt 0.720359 0.149563
vt 0.720359 0.168678
vt 0.768728 0.168678
vt 0.768728 0.149563
vt 0.792912 0.149563
vt 0.792912 0.168678
vt 0.415500 0.098702
vt 0.443430 0.070772
vt 0.471360 0.098702
vt 0.443430 0.126632
vt 0.694116 0.168204
vt 0.694116 0.148751
vt 0.718239 0.148751
vt 0.718239 0.168204
vt 0.414969 0.098605
vt 0.442899 0.070675
vt 0.470828 0.098605
vt 0.442899 0.126535
vt 0.691955 0.036658
vt 0.691955 0.019131
vt 0.716022 0.019131
vt 0.716022 0.036658
vt 0.423192 0.097009
vt 0.443320 0.076880
vt 0.463449 0.097009
vt 0.443320 0.117138
vt 0.690820 0.132213
vt 0.690820 0.040616
vt 0.716183 0.040616
vt 0.716183 0.132213
vt 0.741980 0.132213
vt 0.741980 0.040616
vt 0.768241 0.040616
vt 0.768241 0.132213
vt 0.517854 0.106592
vt 0.537983 0.086463
vt 0.558112 0.106592
vt 0.537983 0.126721
vt 0.715556 0.036077
vt 0.715556 0.018678
vt 0.739740 0.018678
vt 0.739740 0.036077
vt 0.421492 0.097882
vt 0.445051 0.074322
vt 0.468611 0.097882
vt 0.445051 0.121441
vt 0.691060 0.133785
vt 0.691060 0.041517
vt 0.717124 0.041517
vt 0.717124 0.133785
vt 0.511444 0.104352
vt 0.535003 0.080792
vt 0.558563 0.104352
vt 0.535003 0.127911
vt 0.665290 0.033490
vt 0.271639 0.033531
vt 0.271731 0.013572
vt 0.665524 0.013571
vt 0.665365 0.051184
vt 0.271746 0.051103
vt 0.271639 0.033531
vt 0.665290 0.033490
vt 0.210240 0.253730
vt 0.210240 0.319093
vt 0.240214 0.319093
vt 0.240214 0.253730
vt 0.040174 0.319093
vt 0.040174 0.253730
vt 0.010395 0.253730
vt 0.010395 0.319093
vt 0.107333 0.973322
vt 0.107333 0.334145
vt 0.322228 0.334145
vt 0.322228 0.973322
vt 0.696175 0.168678
vt 0.696175 0.149563
vt 0.720359 0.149563
vt 0.720359 0.168678
vt 0.768728 0.168678
vt 0.768728 0.149563
vt 0.792912 0.149563
vt 0.792912 0.168678
vt 0.415500 0.098702
vt 0.443430 0.070772
vt 0.471360 0.098702
vt 0.443430 0.126632
vt 0.694116 0.168204
vt 0.694116 0.148751
vt 0.718239 0.148751
vt 0.718239 0.168204
vt 0.414969 0.098605
vt 0.442899 0.070675
vt 0.470828 0.098605
vt 0.442899 0.126535
vt 0.691955 0.036658
vt 0.691955 0.019131
vt 0.716022 0.019131
vt 0.716022 0.036658
vt 0.423192 0.097009
vt 0.443320 0.076880
vt 0.463449 0.097009
vt 0.443320 0.117138
vt 0.690820 0.132213
vt 0.690820 0.040616
vt 0.716183 0.040616
vt 0.716183 0.132213
vt 0.741980 0.132213
vt 0.741980 0.040616
vt 0.768241 0.040616
vt 0.768241 0.132213
vt 0.517854 0.106592
vt 0.537983 0.086463
vt 0.558112 0.106592
vt 0.537983 0.126721
vt 0.715556 0.036077
vt 0.715556 0.018678
vt 0.739740 0.018678
vt 0.739740 0.036077
vt 0.421492 0.097882
vt 0.445051 0.074322
vt 0.468611 0.097882
vt 0.445051 0.121441
vt 0.691060 0.133785
vt 0.691060 0.041517
vt 0.717124 0.041517
vt 0.717124 0.133785
vt 0.511444 0.104352
vt 0.535003 0.080792
vt 0.558563 0.104352
vt 0.535003 0.127911
vt 0.665290 0.033490
vt 0.271639 0.033531
vt 0.271731 0.013572
vt 0.665524 0.013571
vt 0.665365 0.051184
vt 0.271746 0.051103
vt 0.271639 0.033531
vt 0.665290 0.033490
vt 0.210240 0.253730
vt 0.210240 0.319093
vt 0.240214 0.319093
vt 0.240214 0.253730
vt 0.040174 0.319093
vt 0.040174 0.253730
vt 0.010395 0.253730
vt 0.010395 0.319093
vt 0.107333 0.973322
vt 0.107333 0.334145
vt 0.322228 0.334145
vt 0.322228 0.973322
vt 0.696175 0.168678
vt 0.696175 0.149563
vt 0.720359 0.149563
vt 0.720359 0.168678
vt 0.768728 0.168678
vt 0.768728 0.149563
vt 0.792912 0.149563
vt 0.792912 0.168678
vt 0.415500 0.098702
vt 0.443430 0.070772
vt 0.471360 0.098702
vt 0.443430 0.126632
vt 0.694116 0.168204
vt 0.694116 0.148751
vt 0.718239 0.148751
vt 0.718239 0.168204
vt 0.414969 0.098605
vt 0.442899 0.070675
vt 0.470828 0.098605
vt 0.442899 0.126535
vt 0.691955 0.036658
vt 0.691955 0.019131
vt 0.716022 0.019131
vt 0.716022 0.036658
vt 0.423192 0.097009
vt 0.443320 0.076880
vt 0.463449 0.097009
vt 0.443320 0.117138
vt 0.690820 0.132213
vt 0.690820 0.040616
vt 0.716183 0.040616
vt 0.716183 0.132213
vt 0.741980 0.132213
vt 0.741980 0.040616
vt 0.768241 0.040616
vt 0.768241 0.132213
vt 0.517854 0.106592
vt 0.537983 0.086463
vt 0.558112 0.106592
vt 0.537983 0.126721
vt 0.715556 0.036077
vt 0.715556 0.018678
vt 0.739740 0.018678
vt 0.739740 0.036077
vt 0.421492 0.097882
vt 0.445051 0.074322
vt 0.468611 0.097882
vt 0.445051 0.121441
vt 0.691060 0.133785
vt 0.691060 0.041517
vt 0.717124 0.041517
vt 0.717124 0.133785
vt 0.511444 0.104352
vt 0.535003 0.080792
vt 0.558563 0.104352
vt 0.535003 0.127911
vt 0.665290 0.033490
vt 0.271639 0.033531
vt 0.271731 0.013572
vt 0.665524 0.013571
vt 0.665365 0.051184
vt 0.271746 0.051103
vt 0.271639 0.033531
vt 0.665290 0.033490
vt 0.210240 0.253730
vt 0.210240 0.319093
vt 0.240214 0.319093
vt 0.240214 0.253730
vt 0.040174 0.319093
vt 0.040174 0.253730
vt 0.010395 0.253730
vt 0.010395 0.319093
vt 0.107333 0.973322
vt 0.107333 0.334145
vt 0.322228 0.334145
vt 0.322228 0.973322
vt 0.149847 0.561304
vt 0.149847 0.971094
vt 0.205563 0.971094
vt 0.205563 0.561304
vt 0.237744 0.971094
vt 0.237744 0.561304
vt 0.260417 0.971094
vt 0.260417 0.561304
vt 0.149847 0.561304
vt 0.149847 0.971094
vt 0.205563 0.971094
vt 0.205563 0.561304
vt 0.237744 0.971094
vt 0.237744 0.561304
vt 0.260417 0.971094
vt 0.260417 0.561304
vt 0.149847 0.561304
vt 0.149847 0.971094
vt 0.205563 0.971094
vt 0.205563 0.561304
vt 0.237744 0.971094
vt 0.237744 0.561304
vt 0.260417 0.971094
vt 0.260417 0.561304
vt 0.272041 0.034001
vt 0.352721 0.047449
vt 0.352721 0.107036
vt 0.272041 0.146317
vt 0.311926 0.146317
vt 0.584418 0.047450
vt 0.665098 0.034002
vt 0.584418 0.107037
vt 0.665098 0.146317
vt 0.625213 0.146317
vt 0.467454 0.992571
vt 0.561366 0.992571
vt 0.745480 0.283329
vt 0.497482 0.333164
vt 0.508115 0.283329
vt 0.272041 0.034001
vt 0.352721 0.047449
vt 0.352721 0.107036
vt 0.272041 0.146317
vt 0.311926 0.146317
vt 0.584418 0.047450
vt 0.665098 0.034002
vt 0.584418 0.107037
vt 0.665098 0.146317
vt 0.625213 0.146317
vt 0.272041 0.034001
vt 0.352721 0.047449
vt 0.352721 0.107036
vt 0.272041 0.146317
vt 0.311926 0.146317
vt 0.584418 0.047450
vt 0.665098 0.034002
vt 0.584418 0.107037
vt 0.665098 0.146317
vt 0.625213 0.146317
vt 0.142421 0.258382
vt 0.140458 0.312416
vt 0.137455 0.312187
vt 0.138223 0.258222
vt 0.142414 0.207937
vt 0.138355 0.207988
vt 0.138442 0.152156
vt 0.142462 0.151993
vt 0.120653 0.258118
vt 0.120230 0.312140
vt 0.116342 0.311903
vt 0.116742 0.257975
vt 0.120804 0.207713
vt 0.116910 0.207770
vt 0.117747 0.152007
vt 0.121682 0.151843
vt 0.040174 0.254438
vt 0.040174 0.319093
vt 0.010395 0.319093
vt 0.010395 0.254438
vt 0.040174 0.237704
vt 0.010395 0.237704
vt 0.051567 0.187572
vt 0.010395 0.102369
vt 0.082691 0.151165
vt 0.125207 0.137839
vt 0.240213 0.102369
vt 0.167724 0.151165
vt 0.010395 0.065554
vt 0.198848 0.187572
vt 0.240213 0.065554
vt 0.240213 0.237704
vt 0.241020 0.045457
vt 0.210240 0.237704
vt 0.010523 0.045457
vt 0.210240 0.254438
vt 0.010072 0.011130
vt 0.241908 0.011130
vt 0.240213 0.254438
vt 0.210240 0.319093
vt 0.240214 0.319093
vt 0.549668 0.145840
vt 0.603695 0.138207
vt 0.618303 0.178219
vt 0.561225 0.191163
vt 0.486627 0.137859
vt 0.497902 0.194654
vt 0.429150 0.195551
vt 0.381557 0.117467
vt 0.376152 0.135000
vt 0.400149 0.175713
vt 0.562195 0.191283
vt 0.619300 0.178455
vt 0.604772 0.138414
vt 0.550730 0.145938
vt 0.498862 0.194643
vt 0.487704 0.137822
vt 0.430107 0.195396
vt 0.382678 0.117212
vt 0.377236 0.134733
vt 0.401147 0.175497
vt 0.142421 0.258382
vt 0.140458 0.312416
vt 0.137455 0.312187
vt 0.138223 0.258222
vt 0.142414 0.207937
vt 0.138355 0.207988
vt 0.138442 0.152156
vt 0.142462 0.151993
vt 0.120653 0.258118
vt 0.120230 0.312140
vt 0.116342 0.311903
vt 0.116742 0.257975
vt 0.120804 0.207713
vt 0.116910 0.207770
vt 0.117747 0.152007
vt 0.121682 0.151843
vt 0.808009 0.991510
vt 0.576404 0.991510
vt 0.818245 0.941601
vt 0.846784 0.279642
vt 0.755203 0.279642
vt 0.040174 0.254438
vt 0.040174 0.319093
vt 0.010395 0.319093
vt 0.010395 0.254438
vt 0.040174 0.237704
vt 0.010395 0.237704
vt 0.051567 0.187572
vt 0.010395 0.102369
vt 0.082691 0.151165
vt 0.125207 0.137839
vt 0.240213 0.102369
vt 0.167724 0.151165
vt 0.010395 0.065554
vt 0.198848 0.187572
vt 0.240213 0.065554
vt 0.240213 0.237704
vt 0.241020 0.045457
vt 0.210240 0.237704
vt 0.010523 0.045457
vt 0.210240 0.254438
vt 0.010072 0.011130
vt 0.241908 0.011130
vt 0.240213 0.254438
vt 0.210240 0.319093
vt 0.240214 0.319093
vt 0.549668 0.145840
vt 0.603695 0.138207
vt 0.618303 0.178219
vt 0.561225 0.191163
vt 0.486627 0.137859
vt 0.497902 0.194654
vt 0.429150 0.195551
vt 0.381557 0.117467
vt 0.376152 0.135000
vt 0.400149 0.175713
vt 0.562195 0.191283
vt 0.619300 0.178455
vt 0.604772 0.138414
vt 0.550730 0.145938
vt 0.498862 0.194643
vt 0.487704 0.137822
vt 0.430107 0.195396
vt 0.382678 0.117212
vt 0.377236 0.134733
vt 0.401147 0.175497
vt 0.142421 0.258382
vt 0.140458 0.312416
vt 0.137455 0.312187
vt 0.138223 0.258222
vt 0.142414 0.207937
vt 0.138355 0.207988
vt 0.138442 0.152156
vt 0.142462 0.151993
vt 0.120653 0.258118
vt 0.120230 0.312140
vt 0.116342 0.311903
vt 0.116742 0.257975
vt 0.120804 0.207713
vt 0.116910 0.207770
vt 0.117747 0.152007
vt 0.121682 0.151843
vt 0.040174 0.254438
vt 0.040174 0.319093
vt 0.010395 0.319093
vt 0.010395 0.254438
vt 0.040174 0.237704
vt 0.010395 0.237704
vt 0.051567 0.187572
vt 0.010395 0.102369
vt 0.082691 0.151165
vt 0.125207 0.137839
vt 0.240213 0.102369
vt 0.167724 0.151165
vt 0.010395 0.065554
vt 0.198848 0.187572
vt 0.240213 0.065554
vt 0.240213 0.237704
vt 0.241020 0.045457
vt 0.210240 0.237704
vt 0.010523 0.045457
vt 0.210240 0.254438
vt 0.010072 0.011130
vt 0.241908 0.011130
vt 0.240213 0.254438
vt 0.210240 0.319093
vt 0.240214 0.319093
vt 0.549668 0.145840
vt 0.603695 0.138207
vt 0.618303 0.178219
vt 0.561225 0.191163
vt 0.486627 0.137859
vt 0.497902 0.194654
vt 0.429150 0.195551
vt 0.381557 0.117467
vt 0.376152 0.135000
vt 0.400149 0.175713
vt 0.562195 0.191283
vt 0.619300 0.178455
vt 0.604772 0.138414
vt 0.550730 0.145938
vt 0.498862 0.194643
vt 0.487704 0.137822
vt 0.430107 0.195396
vt 0.382678 0.117212
vt 0.377236 0.134733
vt 0.401147 0.175497
vt 0.928496 0.279642
vt 0.989125 0.279642
vt 0.983064 0.991510
vt 0.893607 0.940349
vt 0.898671 0.991510
vt 0.880816 0.279642
vt 0.848574 0.943661
vt 0.846815 0.991510
vt 0.818245 0.941601
vt 0.846784 0.279642
vt 0.808009 0.991510
vt 0.328747 0.283329
vt 0.332763 0.992571
vt 0.383560 0.992571
vt 0.420328 0.334212
vt 0.415335 0.283329
vt 0.432504 0.992571
vt 0.466438 0.331041
vt 0.468453 0.283329
vt 0.497482 0.333164
vt 0.467454 0.992571
vt 0.508115 0.283329
vt 0.928496 0.279642
vt 0.989125 0.279642
vt 0.983064 0.991510
vt 0.893607 0.940349
vt 0.898671 0.991510
vt 0.880816 0.279642
vt 0.848574 0.943661
vt 0.846815 0.991510
vt 0.818245 0.941601
vt 0.846784 0.279642
vt 0.808009 0.991510
vt 0.328747 0.283329
vt 0.332763 0.992571
vt 0.383560 0.992571
vt 0.420328 0.334212
vt 0.415335 0.283329
vt 0.432504 0.992571
vt 0.466438 0.331041
vt 0.468453 0.283329
vt 0.497482 0.333164
vt 0.467454 0.992571
vt 0.508115 0.283329
vt 0.928496 0.279642
vt 0.989125 0.279642
vt 0.983064 0.991510
vt 0.893607 0.940349
vt 0.898671 0.991510
vt 0.880816 0.279642
vt 0.848574 0.943661
vt 0.846815 0.991510
vt 0.818245 0.941601
vt 0.846784 0.279642
vt 0.808009 0.991510
vt 0.328747 0.283329
vt 0.332763 0.992571
vt 0.383560 0.992571
vt 0.420328 0.334212
vt 0.415335 0.283329
vt 0.432504 0.992571
vt 0.466438 0.331041
vt 0.468453 0.283329
vt 0.497482 0.333164
vt 0.467454 0.992571
vt 0.508115 0.283329
vt 0.000000 0.001374
vt 1.000000 0.001374
vt 0.000000 0.998626
vn -0.458478 0.888706 -5.4417547914152385E-17
vn -0.867972 0.447783 0.21474299999999996
vn 0.396368 0.819346 0.41420299999999993
vn 0.396368 0.819346 0.41420299999999993
vn 0.900198 0.43548 -2.6665459404634467E-17
vn -0.458478 0.888706 -5.4417547914152385E-17
vn -0.458479 0.888705 -5.441748668181243E-17
vn -0.867973 0.447782 0.21474299999999996
vn 0.396368 0.819346 0.41420399999999996
vn 0.396368 0.819346 0.41420399999999996
vn 0.9002 0.435477 -2.6665275707614596E-17
vn -0.458479 0.888705 -5.441748668181243E-17
vn -0.012388 0.01270200000000006 0.999843
vn 0.235212 0.21219900000000005 0.948497
vn -0.647507 -0.693527 0.31584200000000007
vn -0.176926 -0.26886199999999993 0.946789
vn -0.647364 -0.693377 -0.31646099999999994
vn -0.647507 -0.693527 0.31584200000000007
vn -0.647507 -0.693527 0.31584200000000007
vn 0.235212 0.21219900000000005 0.948497
vn -0.176926 -0.26886199999999993 0.946789
vn -0.012389 0.01270000000000006 0.999843
vn 0.235204 0.21219200000000005 0.948501
vn -0.647507 -0.693527 0.31584100000000004
vn -0.176928 -0.26886299999999996 0.946789
vn -0.647365 -0.693377 -0.31646099999999994
vn -0.647507 -0.693527 0.31584100000000004
vn -0.647507 -0.693527 0.31584100000000004
vn 0.235204 0.21219200000000005 0.948501
vn -0.176928 -0.26886299999999996 0.946789
vn -0.458478 0.888706 -5.4417547914152385E-17
vn -0.867972 0.447784 0.21474299999999996
vn 0.396369 0.819346 0.41420299999999993
vn 0.396369 0.819346 0.41420299999999993
vn 0.900199 0.435479 -2.666539817229451E-17
vn -0.458478 0.888706 -5.4417547914152385E-17
vn -0.458479 0.888705 9.999999999455825E-07
vn -0.86797 0.447787 0.21474299999999996
vn 0.396368 0.819345 0.41420499999999993
vn 0.396368 0.819345 0.41420499999999993
vn 0.9002 0.435477 9.999999999733347E-07
vn -0.458479 0.888705 9.999999999455825E-07
vn -0.012387 0.01270200000000006 0.999843
vn 0.235214 0.21220100000000006 0.948496
vn -0.647506 -0.693526 0.31584300000000004
vn -0.176926 -0.26886199999999993 0.94679
vn -0.647364 -0.693377 -0.31646299999999994
vn -0.647506 -0.693526 0.31584300000000004
vn -0.647506 -0.693526 0.31584300000000004
vn 0.235214 0.21220100000000006 0.948496
vn -0.176926 -0.26886199999999993 0.94679
vn -0.012386 0.012703000000000061 0.999843
vn 0.235206 0.21219400000000005 0.9485
vn -0.647507 -0.693526 0.31584200000000007
vn -0.176928 -0.26886299999999996 0.946789
vn -0.647364 -0.693376 -0.31646299999999994
vn -0.647507 -0.693526 0.31584200000000007
vn -0.647507 -0.693526 0.31584200000000007
vn 0.235206 0.21219400000000005 0.9485
vn -0.176928 -0.26886299999999996 0.946789
vn -0.458478 0.888706 -1.0000000000544176E-06
vn -0.867971 0.447785 0.21474199999999996
vn 0.396368 0.819346 0.41420399999999996
vn 0.396368 0.819346 0.41420399999999996
vn 0.9002 0.435477 -2.6665275707614596E-17
vn -0.458478 0.888706 -1.0000000000544176E-06
vn -0.45848 0.888705 9.999999999455825E-07
vn -0.867971 0.447785 0.21474299999999996
vn 0.396366 0.819347 0.41420399999999996
vn 0.396366 0.819347 0.41420399999999996
vn 0.900199 0.435479 -2.666539817229451E-17
vn -0.45848 0.888705 9.999999999455825E-07
vn -0.012387 0.01270200000000006 0.999843
vn 0.235213 0.21220100000000006 0.948496
vn -0.647506 -0.693526 0.31584300000000004
vn -0.176926 -0.26886199999999993 0.94679
vn -0.647364 -0.693377 -0.31646299999999994
vn -0.647506 -0.693526 0.31584300000000004
vn -0.647506 -0.693526 0.31584300000000004
vn 0.235213 0.21220100000000006 0.948496
vn -0.176926 -0.26886199999999993 0.94679
vn -0.012388 0.012701000000000061 0.999843
vn 0.235206 0.21219400000000005 0.9485
vn -0.647507 -0.693526 0.31584200000000007
vn -0.176928 -0.26886299999999996 0.946789
vn -0.647364 -0.693376 -0.31646299999999994
vn -0.647507 -0.693526 0.31584200000000007
vn -0.647507 -0.693526 0.31584200000000007
vn 0.235206 0.21219400000000005 0.9485
vn -0.176928 -0.26886299999999996 0.946789
vn -0.900198 -0.43548 2.6665459404634467E-17
vn -0.396369 -0.819346 0.41420300000000004
vn -0.867972 0.447783 0.21474299999999996
vn -0.458478 0.888706 -5.4417547914152385E-17
vn -0.900198 -0.43548 2.6665459404634467E-17
vn -0.458478 0.888706 -5.4417547914152385E-17
vn -0.867972 0.447784 0.21474299999999996
vn 0.396368 0.819346 0.41420399999999996
vn 0.900199 0.435478 -2.6665336939954553E-17
vn -0.458478 0.888706 -5.4417547914152385E-17
vn -0.900199 -0.43548 2.6665459404634467E-17
vn -0.396365 -0.819347 0.41420400000000007
vn -0.867972 0.447784 0.21474299999999996
vn -0.458478 0.888706 -5.4417547914152385E-17
vn -0.900199 -0.43548 2.6665459404634467E-17
vn 0.458481 -0.888704 5.441742544947247E-17
vn 0.867972 -0.447784 0.21474200000000002
vn -0.396365 -0.819347 0.41420400000000007
vn -0.900199 -0.43548 2.6665459404634467E-17
vn 0.458481 -0.888704 5.441742544947247E-17
vn -0.458479 0.888705 9.999999999455825E-07
vn -0.867972 0.447784 0.21474299999999996
vn 0.396367 0.819346 0.41420499999999993
vn 0.900199 0.435479 9.999999999733345E-07
vn -0.458479 0.888705 9.999999999455825E-07
vn -0.900198 -0.43548 2.6665459404634467E-17
vn -0.396366 -0.819347 0.41420400000000007
vn -0.867972 0.447784 0.21474299999999996
vn -0.458479 0.888705 9.999999999455825E-07
vn -0.900198 -0.43548 2.6665459404634467E-17
vn 0.45848 -0.888705 5.441748668181243E-17
vn 0.867972 -0.447784 0.21474300000000002
vn -0.396366 -0.819347 0.41420400000000007
vn -0.900198 -0.43548 2.6665459404634467E-17
vn 0.45848 -0.888705 5.441748668181243E-17
vn 0.458481 -0.888704 5.441742544947247E-17
vn 0.867971 -0.447785 0.21474200000000002
vn -0.396364 -0.819348 0.41420400000000007
vn -0.900198 -0.435482 2.6665581869314382E-17
vn 0.458481 -0.888704 5.441742544947247E-17
vn -0.45848 0.888705 -4.0000000000544175E-06
vn -0.867973 0.447784 0.21473899999999999
vn 0.396367 0.819347 0.41420199999999996
vn 0.396367 0.819347 0.41420199999999996
vn 0.900198 0.435482 1.9999999999733345E-06
vn -0.900199 -0.435479 -1.9999999999733345E-06
vn -0.396367 -0.819345 0.41420500000000005
vn -0.867973 0.447784 0.21473899999999999
vn -0.45848 0.888705 -4.0000000000544175E-06
vn -0.900199 -0.435479 -1.9999999999733345E-06
vn 0.458479 -0.888705 5.000000000054418E-06
vn 0.867972 -0.447782 0.21474700000000002
vn -0.396367 -0.819345 0.41420500000000005
vn -0.900199 -0.435479 -1.9999999999733345E-06
vn 0.458479 -0.888705 5.000000000054418E-06
vn -0.45848 0.888705 -5.441748668181243E-17
vn -0.86797 0.447788 0.21474199999999996
vn 0.396366 0.819347 0.41420499999999993
vn 0.9002 0.435478 -2.6665336939954553E-17
vn -0.45848 0.888705 -5.441748668181243E-17
vn -0.900201 -0.435475 2.6665153242934682E-17
vn -0.396368 -0.819346 0.41420400000000007
vn -0.86797 0.447788 0.21474199999999996
vn -0.45848 0.888705 -5.441748668181243E-17
vn -0.900201 -0.435475 2.6665153242934682E-17
vn 0.458478 -0.888706 5.4417547914152385E-17
vn 0.867971 -0.447786 0.21474300000000002
vn -0.396368 -0.819346 0.41420400000000007
vn -0.900201 -0.435475 2.6665153242934682E-17
vn 0.458478 -0.888706 5.4417547914152385E-17
vn 0.731743 0.681581 0.00037599999999995824
vn 0.69413 0.646547 0.31647999999999993
vn 0.270331 0.17526299999999995 -0.94668
vn 0.012409 -0.01267900000000006 -0.999843
vn 0.731743 0.681581 0.00037599999999995824
vn 0.647501 0.693523 -0.31586300000000006
vn 0.731743 0.681581 0.00037599999999995824
vn -0.235228 -0.21221600000000004 -0.948489
vn 0.647501 0.693523 -0.31586300000000006
vn 0.647501 0.693523 -0.31586300000000006
vn 0.176876 0.26881299999999997 -0.946813
vn 0.647365 0.693378 0.31645799999999996
vn 0.647501 0.693523 -0.31586300000000006
vn 0.731743 0.681581 0.00037899999999995825
vn 0.694131 0.646547 0.3164779999999999
vn 0.270334 0.17526399999999995 -0.946679
vn 0.012416 -0.012673000000000061 -0.999843
vn 0.731743 0.681581 0.00037899999999995825
vn 0.647502 0.693524 -0.31585500000000005
vn 0.731743 0.681581 0.00037899999999995825
vn -0.235225 -0.21221100000000007 -0.948491
vn 0.647502 0.693524 -0.31585500000000005
vn 0.647502 0.693524 -0.31585500000000005
vn 0.176883 0.2688229999999999 -0.946809
vn 0.647363 0.693377 0.31646399999999997
vn 0.647502 0.693524 -0.31585500000000005
vn -0.900199 -0.435479 2.666539817229451E-17
vn -0.396372 -0.819345 0.41420300000000004
vn -0.867972 0.447784 0.21474299999999996
vn -0.458478 0.888706 -5.4417547914152385E-17
vn -0.900199 -0.435479 2.666539817229451E-17
vn -0.458475 0.888707 -5.441760914649234E-17
vn -0.867971 0.447785 0.21474499999999996
vn 0.396371 0.819345 0.41420399999999996
vn 0.900201 0.435476 9.999999999733347E-07
vn -0.458475 0.888707 -5.441760914649234E-17
vn -0.900199 -0.435478 2.6665336939954553E-17
vn -0.396366 -0.819347 0.41420300000000004
vn -0.867971 0.447785 0.21474499999999996
vn -0.458475 0.888707 -5.441760914649234E-17
vn -0.900199 -0.435478 2.6665336939954553E-17
vn 0.45848 -0.888705 -9.999999999455825E-07
vn 0.867971 -0.447786 0.21474200000000002
vn -0.396366 -0.819347 0.41420300000000004
vn -0.900199 -0.435478 2.6665336939954553E-17
vn 0.45848 -0.888705 -9.999999999455825E-07
vn -0.458477 0.888706 -5.4417547914152385E-17
vn -0.867974 0.447779 0.21474399999999996
vn 0.396372 0.819344 0.41420399999999996
vn 0.900201 0.435474 -2.6665092010594725E-17
vn -0.458477 0.888706 -5.4417547914152385E-17
vn -0.900195 -0.435486 2.6665826798674213E-17
vn -0.396364 -0.819348 0.41420300000000004
vn -0.867974 0.447779 0.21474399999999996
vn -0.458477 0.888706 -5.4417547914152385E-17
vn -0.900195 -0.435486 2.6665826798674213E-17
vn 0.45848 -0.888705 5.441748668181243E-17
vn 0.86797 -0.447787 0.21474200000000002
vn -0.396364 -0.819348 0.41420300000000004
vn -0.900195 -0.435486 2.6665826798674213E-17
vn 0.45848 -0.888705 5.441748668181243E-17
vn 0.45848 -0.888705 1.0000000000544174E-06
vn 0.867971 -0.447786 0.21474300000000002
vn -0.396367 -0.819346 0.41420500000000005
vn -0.9002 -0.435476 2.666521447527464E-17
vn 0.45848 -0.888705 1.0000000000544174E-06
vn -0.458477 0.888706 -5.4417547914152385E-17
vn -0.867972 0.447784 0.21474299999999996
vn 0.396369 0.819346 0.41420299999999993
vn 0.396369 0.819346 0.41420299999999993
vn 0.900199 0.435479 -2.666539817229451E-17
vn -0.900199 -0.435479 2.666539817229451E-17
vn -0.39637 -0.819345 0.41420300000000004
vn -0.867972 0.447784 0.21474299999999996
vn -0.458477 0.888706 -5.4417547914152385E-17
vn -0.900199 -0.435479 2.666539817229451E-17
vn 0.458477 -0.888707 5.441760914649234E-17
vn 0.867972 -0.447784 0.21474300000000002
vn -0.39637 -0.819345 0.41420300000000004
vn -0.900199 -0.435479 2.666539817229451E-17
vn 0.458477 -0.888707 5.441760914649234E-17
vn -0.458479 0.888705 -5.441748668181243E-17
vn -0.867972 0.447784 0.21474299999999996
vn 0.396368 0.819346 0.41420399999999996
vn 0.9002 0.435476 -2.666521447527464E-17
vn -0.458479 0.888705 -5.441748668181243E-17
vn -0.900198 -0.435481 2.6665520636974428E-17
vn -0.396361 -0.819349 0.41420500000000005
vn -0.867972 0.447784 0.21474299999999996
vn -0.458479 0.888705 -5.441748668181243E-17
vn -0.900198 -0.435481 2.6665520636974428E-17
vn 0.458485 -0.888702 5.4417302984792556E-17
vn 0.867971 -0.447785 0.21474200000000002
vn -0.396361 -0.819349 0.41420500000000005
vn -0.900198 -0.435481 2.6665520636974428E-17
vn 0.458485 -0.888702 5.4417302984792556E-17
vn 0.731743 0.681581 0.00037599999999995824
vn 0.694131 0.646547 0.31647999999999993
vn 0.270334 0.17526499999999995 -0.946679
vn 0.012409 -0.01267900000000006 -0.999843
vn 0.731743 0.681581 0.00037599999999995824
vn 0.647501 0.693523 -0.31586100000000006
vn 0.731743 0.681581 0.00037599999999995824
vn -0.235226 -0.21221300000000007 -0.948491
vn 0.647501 0.693523 -0.31586100000000006
vn 0.647501 0.693523 -0.31586100000000006
vn 0.176878 0.26881599999999994 -0.946812
vn 0.647365 0.693378 0.31645799999999996
vn 0.647501 0.693523 -0.31586100000000006
vn 0.731743 0.681581 0.0003779999999999583
vn 0.694131 0.646547 0.31647899999999995
vn 0.270336 0.17526599999999995 -0.946679
vn 0.012419 -0.012670000000000061 -0.999843
vn 0.731743 0.681581 0.0003779999999999583
vn 0.647503 0.693525 -0.3158540000000001
vn 0.731743 0.681581 0.0003779999999999583
vn -0.235222 -0.21220700000000006 -0.948493
vn 0.647503 0.693525 -0.3158540000000001
vn 0.647503 0.693525 -0.3158540000000001
vn 0.176885 0.2688249999999999 -0.946808
vn 0.647363 0.693377 0.31646399999999997
vn 0.647503 0.693525 -0.3158540000000001
vn -0.900199 -0.435478 -9.999999999733347E-07
vn -0.396366 -0.819347 0.41420400000000007
vn -0.867971 0.447785 0.21474199999999996
vn -0.458478 0.888706 -1.0000000000544176E-06
vn -0.900199 -0.435478 -9.999999999733347E-07
vn -0.458479 0.888705 -5.441748668181243E-17
vn -0.867971 0.447786 0.21474199999999996
vn 0.396366 0.819347 0.41420399999999996
vn 0.900198 0.435482 9.999999999733343E-07
vn -0.458479 0.888705 -5.441748668181243E-17
vn -0.9002 -0.435477 2.6665275707614596E-17
vn -0.396369 -0.819346 0.41420300000000004
vn -0.867971 0.447786 0.21474199999999996
vn -0.458479 0.888705 -5.441748668181243E-17
vn -0.9002 -0.435477 2.6665275707614596E-17
vn 0.458479 -0.888706 5.4417547914152385E-17
vn 0.867973 -0.447782 0.21474300000000002
vn -0.396369 -0.819346 0.41420300000000004
vn -0.9002 -0.435477 2.6665275707614596E-17
vn 0.458479 -0.888706 5.4417547914152385E-17
vn -0.458481 0.888704 1.9999999999455823E-06
vn -0.867972 0.447784 0.21474299999999996
vn 0.396365 0.819345 0.41420799999999997
vn 0.9002 0.435477 3.999999999973334E-06
vn -0.458481 0.888704 1.9999999999455823E-06
vn -0.900198 -0.43548 2.6665459404634467E-17
vn -0.396364 -0.819347 0.41420400000000007
vn -0.867972 0.447784 0.21474299999999996
vn -0.458481 0.888704 1.9999999999455823E-06
vn -0.900198 -0.43548 2.6665459404634467E-17
vn 0.458481 -0.888704 5.441742544947247E-17
vn 0.867971 -0.447786 0.21474400000000002
vn -0.396364 -0.819347 0.41420400000000007
vn -0.900198 -0.43548 2.6665459404634467E-17
vn 0.458481 -0.888704 5.441742544947247E-17
vn 0.458481 -0.888704 5.441742544947247E-17
vn 0.867972 -0.447783 0.21474300000000002
vn -0.396366 -0.819346 0.41420500000000005
vn -0.9002 -0.435478 2.6665336939954553E-17
vn 0.458481 -0.888704 5.441742544947247E-17
vn -0.45848 0.888705 -2.0000000000544175E-06
vn -0.867971 0.447787 0.21473999999999996
vn 0.396365 0.819348 0.41420299999999993
vn 0.396365 0.819348 0.41420299999999993
vn 0.900198 0.43548 9.999999999733345E-07
vn -0.9002 -0.435476 2.666521447527464E-17
vn -0.396367 -0.819346 0.41420500000000005
vn -0.867971 0.447787 0.21473999999999996
vn -0.45848 0.888705 -2.0000000000544175E-06
vn -0.9002 -0.435476 2.666521447527464E-17
vn 0.45848 -0.888705 2.0000000000544175E-06
vn 0.867972 -0.447783 0.21474400000000002
vn -0.396367 -0.819346 0.41420500000000005
vn -0.9002 -0.435476 2.666521447527464E-17
vn 0.45848 -0.888705 2.0000000000544175E-06
vn -0.458476 0.888707 -5.441760914649234E-17
vn -0.867971 0.447785 0.21474299999999996
vn 0.396371 0.819345 0.41420399999999996
vn 0.900201 0.435475 -2.6665153242934682E-17
vn -0.458476 0.888707 -5.441760914649234E-17
vn -0.900199 -0.435479 2.666539817229451E-17
vn -0.396364 -0.819348 0.41420500000000005
vn -0.867971 0.447785 0.21474299999999996
vn -0.458476 0.888707 -5.441760914649234E-17
vn -0.900199 -0.435479 2.666539817229451E-17
vn 0.458482 -0.888704 5.441742544947247E-17
vn 0.867971 -0.447786 0.21474200000000002
vn -0.396364 -0.819348 0.41420500000000005
vn -0.900199 -0.435479 2.666539817229451E-17
vn 0.458482 -0.888704 5.441742544947247E-17
vn 0.731743 0.681581 0.00037599999999995824
vn 0.694131 0.646547 0.31647999999999993
vn 0.270331 0.17526199999999995 -0.946681
vn 0.012408 -0.012680000000000061 -0.999843
vn 0.731743 0.681581 0.00037599999999995824
vn 0.647501 0.693523 -0.31586200000000003
vn 0.731743 0.681581 0.00037599999999995824
vn -0.235226 -0.21221300000000007 -0.948491
vn 0.647501 0.693523 -0.31586200000000003
vn 0.647501 0.693523 -0.31586200000000003
vn 0.176878 0.26881499999999997 -0.946812
vn 0.647365 0.693378 0.31645799999999996
vn 0.647501 0.693523 -0.31586200000000003
vn 0.731743 0.681581 0.0003779999999999583
vn 0.694131 0.646547 0.3164779999999999
vn 0.270333 0.17526299999999995 -0.94668
vn 0.012415 -0.012673000000000061 -0.999843
vn 0.731743 0.681581 0.0003779999999999583
vn 0.647503 0.693525 -0.3158540000000001
vn 0.731743 0.681581 0.0003779999999999583
vn -0.235222 -0.21220800000000006 -0.948493
vn 0.647503 0.693525 -0.3158540000000001
vn 0.647503 0.693525 -0.3158540000000001
vn 0.176885 0.2688249999999999 -0.946808
vn 0.647364 0.693377 0.31646399999999997
vn 0.647503 0.693525 -0.3158540000000001
vn -0.69413 -0.646546 -0.31648199999999993
vn -0.731744 -0.681579 -0.0003709999999999583
vn 0.012409 -0.01267900000000006 -0.999843
vn 0.270331 0.17526299999999995 -0.94668
vn -0.69413 -0.646546 -0.31648199999999993
vn -0.235228 -0.21221600000000004 -0.948489
vn -0.731744 -0.681579 -0.0003709999999999583
vn -0.647364 -0.693377 -0.31646099999999994
vn 0.176876 0.26881299999999997 -0.946813
vn -0.647507 -0.693527 0.31584200000000007
vn -0.731744 -0.681579 -0.0003709999999999583
vn -0.270292 -0.17521799999999996 0.9467
vn -0.012388 0.01270200000000006 0.999843
vn -0.731744 -0.681579 -0.0003709999999999583
vn -0.69413 -0.646546 -0.31648199999999993
vn -0.270292 -0.17521799999999996 0.9467
vn -0.647507 -0.693527 0.31584200000000007
vn -0.012388 0.01270200000000006 0.999843
vn -0.694131 -0.646547 -0.31647899999999995
vn -0.731744 -0.681579 -0.0003689999999999583
vn 0.012416 -0.012673000000000061 -0.999843
vn 0.270334 0.17526399999999995 -0.946679
vn -0.694131 -0.646547 -0.31647899999999995
vn -0.235225 -0.21221100000000007 -0.948491
vn -0.731744 -0.681579 -0.0003689999999999583
vn -0.647365 -0.693377 -0.31646099999999994
vn 0.176883 0.2688229999999999 -0.946809
vn -0.647507 -0.693527 0.31584100000000004
vn -0.731744 -0.681579 -0.0003689999999999583
vn -0.270289 -0.17521599999999996 0.946701
vn -0.012389 0.01270000000000006 0.999843
vn -0.731744 -0.681579 -0.0003689999999999583
vn -0.694131 -0.646547 -0.31647899999999995
vn -0.270289 -0.17521599999999996 0.946701
vn -0.647507 -0.693527 0.31584100000000004
vn -0.012389 0.01270000000000006 0.999843
vn -0.694131 -0.646546 -0.31648199999999993
vn -0.731745 -0.681579 -0.0003709999999999583
vn 0.012409 -0.01267900000000006 -0.999843
vn 0.270334 0.17526499999999995 -0.946679
vn -0.694131 -0.646546 -0.31648199999999993
vn -0.235226 -0.21221300000000007 -0.948491
vn -0.731745 -0.681579 -0.0003709999999999583
vn -0.647364 -0.693377 -0.31646299999999994
vn 0.176878 0.26881599999999994 -0.946812
vn -0.647506 -0.693526 0.31584300000000004
vn -0.731745 -0.681579 -0.0003709999999999583
vn -0.270293 -0.17521899999999996 0.9467
vn -0.012387 0.01270200000000006 0.999843
vn -0.731745 -0.681579 -0.0003709999999999583
vn -0.694131 -0.646546 -0.31648199999999993
vn -0.270293 -0.17521899999999996 0.9467
vn -0.647506 -0.693526 0.31584300000000004
vn -0.012387 0.01270200000000006 0.999843
vn -0.69413 -0.646547 -0.31648099999999996
vn -0.731744 -0.681579 -0.0003689999999999583
vn 0.012419 -0.012670000000000061 -0.999843
vn 0.270336 0.17526599999999995 -0.946679
vn -0.69413 -0.646547 -0.31648099999999996
vn -0.235222 -0.21220700000000006 -0.948493
vn -0.731744 -0.681579 -0.0003689999999999583
vn -0.647364 -0.693376 -0.31646299999999994
vn 0.176885 0.2688249999999999 -0.946808
vn -0.647507 -0.693526 0.31584200000000007
vn -0.731744 -0.681579 -0.0003689999999999583
vn -0.270288 -0.17521499999999995 0.946702
vn -0.012386 0.012703000000000061 0.999843
vn -0.731744 -0.681579 -0.0003689999999999583
vn -0.69413 -0.646547 -0.31648099999999996
vn -0.270288 -0.17521499999999995 0.946702
vn -0.647507 -0.693526 0.31584200000000007
vn -0.012386 0.012703000000000061 0.999843
vn -0.694131 -0.646546 -0.31648099999999996
vn -0.731744 -0.681579 -0.0003709999999999583
vn 0.012408 -0.012680000000000061 -0.999843
vn 0.270331 0.17526199999999995 -0.946681
vn -0.694131 -0.646546 -0.31648099999999996
vn -0.235226 -0.21221300000000007 -0.948491
vn -0.731744 -0.681579 -0.0003709999999999583
vn -0.647364 -0.693377 -0.31646299999999994
vn 0.176878 0.26881499999999997 -0.946812
vn -0.647506 -0.693526 0.31584300000000004
vn -0.731744 -0.681579 -0.0003709999999999583
vn -0.27029 -0.17521699999999996 0.946701
vn -0.012387 0.01270200000000006 0.999843
vn -0.731744 -0.681579 -0.0003709999999999583
vn -0.694131 -0.646546 -0.31648099999999996
vn -0.27029 -0.17521699999999996 0.946701
vn -0.647506 -0.693526 0.31584300000000004
vn -0.012387 0.01270200000000006 0.999843
vn -0.694131 -0.646547 -0.3164779999999999
vn -0.731744 -0.681579 -0.0003689999999999583
vn 0.012415 -0.012673000000000061 -0.999843
vn 0.270333 0.17526299999999995 -0.94668
vn -0.694131 -0.646547 -0.3164779999999999
vn -0.235222 -0.21220800000000006 -0.948493
vn -0.731744 -0.681579 -0.0003689999999999583
vn -0.647364 -0.693376 -0.31646299999999994
vn 0.176885 0.2688249999999999 -0.946808
vn -0.647507 -0.693526 0.31584200000000007
vn -0.731744 -0.681579 -0.0003689999999999583
vn -0.270288 -0.17521499999999995 0.946702
vn -0.012388 0.012701000000000061 0.999843
vn -0.731744 -0.681579 -0.0003689999999999583
vn -0.694131 -0.646547 -0.3164779999999999
vn -0.270288 -0.17521499999999995 0.946702
vn -0.647507 -0.693526 0.31584200000000007
vn -0.012388 0.012701000000000061 0.999843
vn 0.707107 -0.707107 4.329781621023438E-17
vn 0.707107 -0.707107 4.329781621023438E-17
vn 0.862522 -0.506019 3.0984727432887226E-17
vn 0.96713 -0.25428 0.0005610000000000156
vn 0.96713 -0.25428 0.0005610000000000156
vn 0.862522 -0.506019 3.0984727432887226E-17
vn 0.967912 0.251291 -1.5387135940226876E-17
vn 0.863191 0.504877 0.0008949999999999691
vn 0.863191 0.504877 0.0008949999999999691
vn 0.967912 0.251291 -1.5387135940226876E-17
vn 0.707109 0.707105 -4.329769374555446E-17
vn 0.707108 0.707105 0.0007399999999999567
vn 0.707106 -0.707107 4.329781621023438E-17
vn 0.707106 -0.707107 4.329781621023438E-17
vn 0.707106 -0.707107 4.329781621023438E-17
vn 0.707106 -0.707107 4.329781621023438E-17
vn 0.707107 0.707107 -4.329781621023438E-17
vn 0.707107 0.707107 -4.329781621023438E-17
vn 0.707107 0.707107 -4.329781621023438E-17
vn 0.707107 0.707107 -4.329781621023438E-17
vn -0.707106 0.707108 -4.329787744257433E-17
vn -0.707106 0.707108 -4.329787744257433E-17
vn -0.707106 0.707108 -4.329787744257433E-17
vn -0.707106 0.707108 -4.329787744257433E-17
vn 0.707107 -0.707107 4.329781621023438E-17
vn 0.707106 -0.707107 4.329781621023438E-17
vn 0.862522 -0.50602 3.0984788665227184E-17
vn 0.96713 -0.254281 0.0005610000000000156
vn 0.96713 -0.254281 0.0005610000000000156
vn 0.862522 -0.50602 3.0984788665227184E-17
vn 0.967912 0.251291 -1.5387135940226876E-17
vn 0.86319 0.504878 0.0008949999999999691
vn 0.86319 0.504878 0.0008949999999999691
vn 0.967912 0.251291 -1.5387135940226876E-17
vn 0.707109 0.707105 -4.329769374555446E-17
vn 0.70711 0.707103 0.0009259999999999567
vn 0.707107 0.707107 -4.329781621023438E-17
vn 0.707107 0.707107 -4.329781621023438E-17
vn 0.707107 0.707107 -4.329781621023438E-17
vn 0.707107 0.707107 -4.329781621023438E-17
vn 0.707107 -0.707106 4.3297754977894416E-17
vn 0.707108 -0.707105 4.329769374555446E-17
vn 0.862522 -0.506019 3.0984727432887226E-17
vn 0.96713 -0.254281 0.0005610000000000156
vn 0.96713 -0.254281 0.0005610000000000156
vn 0.862522 -0.506019 3.0984727432887226E-17
vn 0.967912 0.251291 -1.5387135940226876E-17
vn 0.86319 0.504878 0.0008949999999999691
vn 0.86319 0.504878 0.0008949999999999691
vn 0.967912 0.251291 -1.5387135940226876E-17
vn 0.707107 0.707106 -4.3297754977894416E-17
vn 0.707108 0.707106 0.0007399999999999567
vn 0.707107 0.707107 -4.329781621023438E-17
vn 0.707107 0.707107 -4.329781621023438E-17
vn 0.707107 0.707107 -4.329781621023438E-17
vn 0.707107 0.707107 -4.329781621023438E-17
vn 0.458477 -0.888706 5.4417547914152385E-17
vn 0.867972 -0.447783 0.21474300000000002
vn -0.396369 -0.819346 0.41420300000000004
vn -0.900198 -0.43548 2.6665459404634467E-17
vn 0.900198 0.43548 -2.6665459404634467E-17
vn 0.396368 0.819346 0.41420299999999993
vn 0.867972 -0.447783 0.21474300000000002
vn 0.458477 -0.888706 5.4417547914152385E-17
vn 0.396368 0.819346 0.41420299999999993
vn -0.867972 0.447783 0.21474299999999996
vn -0.396369 -0.819346 0.41420300000000004
vn 0.867972 -0.447783 0.21474300000000002
vn 0.900199 0.435478 -2.6665336939954553E-17
vn 0.396368 0.819346 0.41420399999999996
vn 0.867972 -0.447784 0.21474200000000002
vn 0.458481 -0.888704 5.441742544947247E-17
vn 0.396368 0.819346 0.41420399999999996
vn -0.867972 0.447784 0.21474299999999996
vn -0.396365 -0.819347 0.41420400000000007
vn 0.867972 -0.447784 0.21474200000000002
vn 0.900199 0.435479 9.999999999733345E-07
vn 0.396367 0.819346 0.41420499999999993
vn 0.867972 -0.447784 0.21474300000000002
vn 0.45848 -0.888705 5.441748668181243E-17
vn 0.396367 0.819346 0.41420499999999993
vn -0.867972 0.447784 0.21474299999999996
vn -0.396366 -0.819347 0.41420400000000007
vn 0.867972 -0.447784 0.21474300000000002
vn -0.900198 -0.435482 2.6665581869314382E-17
vn -0.396364 -0.819348 0.41420400000000007
vn -0.867973 0.447782 0.21474299999999996
vn -0.458479 0.888705 -5.441748668181243E-17
vn 0.9002 0.435477 -2.6665275707614596E-17
vn 0.396368 0.819346 0.41420399999999996
vn 0.867971 -0.447785 0.21474200000000002
vn 0.458481 -0.888704 5.441742544947247E-17
vn 0.396368 0.819346 0.41420399999999996
vn -0.867973 0.447782 0.21474299999999996
vn -0.396364 -0.819348 0.41420400000000007
vn 0.867971 -0.447785 0.21474200000000002
vn 0.900198 0.435482 1.9999999999733345E-06
vn 0.396367 0.819347 0.41420199999999996
vn 0.867972 -0.447782 0.21474700000000002
vn 0.458479 -0.888705 5.000000000054418E-06
vn 0.396367 0.819347 0.41420199999999996
vn -0.867973 0.447784 0.21473899999999999
vn -0.396367 -0.819345 0.41420500000000005
vn 0.867972 -0.447782 0.21474700000000002
vn 0.9002 0.435478 -2.6665336939954553E-17
vn 0.396366 0.819347 0.41420499999999993
vn 0.867971 -0.447786 0.21474300000000002
vn 0.458478 -0.888706 5.4417547914152385E-17
vn 0.396366 0.819347 0.41420499999999993
vn -0.86797 0.447788 0.21474199999999996
vn -0.396368 -0.819346 0.41420400000000007
vn 0.867971 -0.447786 0.21474300000000002
vn -0.707258 -0.706956 2.0000000000432884E-06
vn -0.707258 -0.706956 4.3288570126900814E-17
vn -0.707258 -0.706956 2.0000000000432884E-06
vn -0.707258 -0.706956 2.0000000000432884E-06
vn 5E-06 4.000000000061232E-06 1
vn 2.4E-05 2.5000000000061235E-05 1
vn 5E-06 4.000000000061232E-06 1
vn 5E-06 4.000000000061232E-06 1
vn -0.099202 -0.09920200000000005 -0.99011
vn 0.311348 0.31134899999999993 -0.897844
vn 0.116016 0.11601599999999994 -0.986449
vn -0.099202 -0.09920200000000005 -0.99011
vn 0.116016 0.11601599999999994 -0.986449
vn -0.099202 -0.09920200000000005 -0.99011
vn -0.099202 -0.09920200000000005 -0.99011
vn 0.311348 0.31134799999999996 -0.897844
vn 0.701118 0.701118 0.12987099999999993
vn 0.701118 0.701118 0.12987099999999993
vn 0.701118 0.701118 0.12987099999999993
vn 0.701118 0.701118 0.12987099999999993
vn 0.458475 -0.888708 5.4417670378832305E-17
vn 0.867971 -0.447785 0.21474300000000002
vn -0.396372 -0.819345 0.41420300000000004
vn -0.900199 -0.435479 2.666539817229451E-17
vn 0.900199 0.435479 -2.666539817229451E-17
vn 0.396369 0.819346 0.41420299999999993
vn 0.867971 -0.447785 0.21474300000000002
vn 0.458475 -0.888708 5.4417670378832305E-17
vn 0.396369 0.819346 0.41420299999999993
vn -0.867972 0.447784 0.21474299999999996
vn -0.396372 -0.819345 0.41420300000000004
vn 0.867971 -0.447785 0.21474300000000002
vn 0.900201 0.435476 9.999999999733347E-07
vn 0.396371 0.819345 0.41420399999999996
vn 0.867971 -0.447786 0.21474200000000002
vn 0.45848 -0.888705 -9.999999999455825E-07
vn 0.396371 0.819345 0.41420399999999996
vn -0.867971 0.447785 0.21474499999999996
vn -0.396366 -0.819347 0.41420300000000004
vn 0.867971 -0.447786 0.21474200000000002
vn 0.900201 0.435474 -2.6665092010594725E-17
vn 0.396372 0.819344 0.41420399999999996
vn 0.86797 -0.447787 0.21474200000000002
vn 0.45848 -0.888705 5.441748668181243E-17
vn 0.396372 0.819344 0.41420399999999996
vn -0.867974 0.447779 0.21474399999999996
vn -0.396364 -0.819348 0.41420300000000004
vn 0.86797 -0.447787 0.21474200000000002
vn -0.9002 -0.435476 2.666521447527464E-17
vn -0.396367 -0.819346 0.41420500000000005
vn -0.86797 0.447787 0.21474299999999996
vn -0.458479 0.888705 9.999999999455825E-07
vn 0.9002 0.435477 9.999999999733347E-07
vn 0.396368 0.819345 0.41420499999999993
vn 0.867971 -0.447786 0.21474300000000002
vn 0.45848 -0.888705 1.0000000000544174E-06
vn 0.396368 0.819345 0.41420499999999993
vn -0.86797 0.447787 0.21474299999999996
vn -0.396367 -0.819346 0.41420500000000005
vn 0.867971 -0.447786 0.21474300000000002
vn 0.900199 0.435479 -2.666539817229451E-17
vn 0.396369 0.819346 0.41420299999999993
vn 0.867972 -0.447784 0.21474300000000002
vn 0.458477 -0.888707 5.441760914649234E-17
vn 0.396369 0.819346 0.41420299999999993
vn -0.867972 0.447784 0.21474299999999996
vn -0.39637 -0.819345 0.41420300000000004
vn 0.867972 -0.447784 0.21474300000000002
vn 0.9002 0.435476 -2.666521447527464E-17
vn 0.396368 0.819346 0.41420399999999996
vn 0.867971 -0.447785 0.21474200000000002
vn 0.458485 -0.888702 5.4417302984792556E-17
vn 0.396368 0.819346 0.41420399999999996
vn -0.867972 0.447784 0.21474299999999996
vn -0.396361 -0.819349 0.41420500000000005
vn 0.867971 -0.447785 0.21474200000000002
vn -0.707258 -0.706956 4.000000000043288E-06
vn -0.707258 -0.706956 4.3288570126900814E-17
vn -0.707258 -0.706956 4.000000000043288E-06
vn -0.707258 -0.706956 4.000000000043288E-06
vn 5E-06 4.000000000061232E-06 1
vn 2.4E-05 2.5000000000061235E-05 1
vn 5E-06 4.000000000061232E-06 1
vn 5E-06 4.000000000061232E-06 1
vn -0.099202 -0.09920200000000005 -0.99011
vn 0.311349 0.31134899999999993 -0.897844
vn 0.116016 0.11601599999999994 -0.986449
vn -0.099202 -0.09920200000000005 -0.99011
vn 0.116015 0.11601499999999994 -0.986449
vn -0.099202 -0.09920200000000005 -0.99011
vn -0.099202 -0.09920200000000005 -0.99011
vn 0.311348 0.31134799999999996 -0.897844
vn 0.701118 0.701118 0.12986999999999996
vn 0.701118 0.701118 0.12986999999999996
vn 0.701118 0.701118 0.12986999999999996
vn 0.701118 0.701118 0.12986999999999996
vn 0.458479 -0.888705 5.441748668181243E-17
vn 0.867971 -0.447785 0.21474300000000002
vn -0.396366 -0.819347 0.41420400000000007
vn -0.900199 -0.435478 -9.999999999733347E-07
vn 0.9002 0.435477 -2.6665275707614596E-17
vn 0.396368 0.819346 0.41420399999999996
vn 0.867971 -0.447785 0.21474300000000002
vn 0.458479 -0.888705 5.441748668181243E-17
vn 0.396368 0.819346 0.41420399999999996
vn -0.867971 0.447785 0.21474199999999996
vn -0.396366 -0.819347 0.41420400000000007
vn 0.867971 -0.447785 0.21474300000000002
vn 0.900198 0.435482 9.999999999733343E-07
vn 0.396366 0.819347 0.41420399999999996
vn 0.867973 -0.447782 0.21474300000000002
vn 0.458479 -0.888706 5.4417547914152385E-17
vn 0.396366 0.819347 0.41420399999999996
vn -0.867971 0.447786 0.21474199999999996
vn -0.396369 -0.819346 0.41420300000000004
vn 0.867973 -0.447782 0.21474300000000002
vn 0.9002 0.435477 3.999999999973334E-06
vn 0.396365 0.819345 0.41420799999999997
vn 0.867971 -0.447786 0.21474400000000002
vn 0.458481 -0.888704 5.441742544947247E-17
vn 0.396365 0.819345 0.41420799999999997
vn -0.867972 0.447784 0.21474299999999996
vn -0.396364 -0.819347 0.41420400000000007
vn 0.867971 -0.447786 0.21474400000000002
vn -0.9002 -0.435478 2.6665336939954553E-17
vn -0.396366 -0.819346 0.41420500000000005
vn -0.867971 0.447785 0.21474299999999996
vn -0.45848 0.888705 9.999999999455825E-07
vn 0.900199 0.435479 -2.666539817229451E-17
vn 0.396366 0.819347 0.41420399999999996
vn 0.867972 -0.447783 0.21474300000000002
vn 0.458481 -0.888704 5.441742544947247E-17
vn 0.396366 0.819347 0.41420399999999996
vn -0.867971 0.447785 0.21474299999999996
vn -0.396366 -0.819346 0.41420500000000005
vn 0.867972 -0.447783 0.21474300000000002
vn 0.900198 0.43548 9.999999999733345E-07
vn 0.396365 0.819348 0.41420299999999993
vn 0.867972 -0.447783 0.21474400000000002
vn 0.45848 -0.888705 2.0000000000544175E-06
vn 0.396365 0.819348 0.41420299999999993
vn -0.867971 0.447787 0.21473999999999996
vn -0.396367 -0.819346 0.41420500000000005
vn 0.867972 -0.447783 0.21474400000000002
vn 0.900201 0.435475 -2.6665153242934682E-17
vn 0.396371 0.819345 0.41420399999999996
vn 0.867971 -0.447786 0.21474200000000002
vn 0.458482 -0.888704 5.441742544947247E-17
vn 0.396371 0.819345 0.41420399999999996
vn -0.867971 0.447785 0.21474299999999996
vn -0.396364 -0.819348 0.41420500000000005
vn 0.867971 -0.447786 0.21474200000000002
vn -0.707258 -0.706956 2.0000000000432884E-06
vn -0.707258 -0.706956 4.3288570126900814E-17
vn -0.707258 -0.706956 2.0000000000432884E-06
vn -0.707258 -0.706956 2.0000000000432884E-06
vn 5E-06 4.000000000061232E-06 1
vn 2.4E-05 2.5000000000061235E-05 1
vn 5E-06 4.000000000061232E-06 1
vn 5E-06 4.000000000061232E-06 1
vn -0.099202 -0.09920200000000005 -0.99011
vn 0.311348 0.31134799999999996 -0.897844
vn 0.116016 0.11601599999999994 -0.986449
vn -0.099202 -0.09920200000000005 -0.99011
vn 0.116015 0.11601499999999994 -0.986449
vn -0.099202 -0.09920200000000005 -0.99011
vn -0.099202 -0.09920200000000005 -0.99011
vn 0.311348 0.31134799999999996 -0.897844
vn 0.701118 0.701118 0.12987099999999993
vn 0.701118 0.701118 0.12987099999999993
vn 0.701118 0.701118 0.12987099999999993
vn 0.701118 0.701118 0.12987099999999993
vn -0.707107 0.707107 -4.329781621023438E-17
vn -0.707107 0.707107 -4.329781621023438E-17
vn -0.383785 0.923423 0.0005659999999999434
vn -0.254154 0.967164 -5.922171484252754E-17
vn 0.381695 0.924288 0.0009029999999999435
vn 0.504881 0.863189 -5.285508229546023E-17
vn 0.707107 0.707107 0.0006169999999999568
vn 0.707107 0.707107 -4.329781621023438E-17
vn -0.707107 0.707107 -4.329781621023438E-17
vn -0.707107 0.707107 -4.329781621023438E-17
vn -0.383788 0.923421 0.0005659999999999434
vn -0.254159 0.967162 -5.922159237784761E-17
vn 0.381693 0.924289 0.0009029999999999435
vn 0.50488 0.86319 -5.285514352780019E-17
vn 0.707108 0.707106 0.0007399999999999567
vn 0.707107 0.707106 -4.3297754977894416E-17
vn -0.707107 0.707107 -4.329781621023438E-17
vn -0.707107 0.707107 -4.329781621023438E-17
vn -0.383786 0.923422 0.0005659999999999434
vn -0.254156 0.967163 -5.922165361018758E-17
vn 0.381694 0.924288 0.0009029999999999435
vn 0.50488 0.863189 -5.285508229546023E-17
vn 0.707108 0.707105 0.0007399999999999567
vn 0.707109 0.707105 -4.329769374555446E-17
vn 0 6.123233995736766E-17 1
vn 0.632456 -0.632456 0.44721400000000006
vn 0.737068 -0.4406189999999999 0.51243
vn 0.428949 0.4289490000000001 0.794988
vn 0.876702 0.352799 0.326995
vn -0.632456 0.632456 0.44721399999999994
vn 0 6.123233995736766E-17 1
vn -0.440618 0.737069 0.512431
vn 0.428949 0.4289490000000001 0.794988
vn 0.352802 0.876701 0.3269949999999999
vn 0.707106 -0.707107 4.329781621023438E-17
vn 0.707107 -0.707107 4.329781621023438E-17
vn 0.707106 -0.707107 4.329781621023438E-17
vn 0.707106 -0.707107 4.329781621023438E-17
vn 0.707106 -0.707107 1.0000000000432977E-06
vn 0 6.123233995736766E-17 1
vn 0.632456 -0.632456 0.44721400000000006
vn 0.737069 -0.44061799999999995 0.512431
vn 0.42895 0.42894800000000005 0.794988
vn 0.876702 0.3528 0.326995
vn -0.632456 0.632456 0.44721399999999994
vn 0 6.123233995736766E-17 1
vn -0.440619 0.737069 0.512431
vn 0.428948 0.42895000000000005 0.794988
vn 0.3528 0.876702 0.3269949999999999
vn 0 6.123233995736766E-17 1
vn 0.632456 -0.632456 0.44721400000000006
vn 0.737069 -0.44061799999999995 0.512431
vn 0.42895 0.42894800000000005 0.794988
vn 0.876702 0.3528 0.326995
vn -0.632455 0.632456 0.44721399999999994
vn 0 6.123233995736766E-17 1
vn -0.440618 0.737069 0.512431
vn 0.428949 0.4289490000000001 0.794988
vn 0.352801 0.876701 0.3269949999999999
vn -0.012388 0.01270200000000006 0.999843
vn -0.270292 -0.17521799999999996 0.9467
vn 0.69413 0.646547 0.31647999999999993
vn 0.731743 0.681581 0.00037599999999995824
vn 0.235212 0.21219900000000005 0.948497
vn 0.647501 0.693523 -0.31586300000000006
vn 0.647365 0.693378 0.31645799999999996
vn -0.176926 -0.26886199999999993 0.946789
vn -0.012389 0.01270000000000006 0.999843
vn -0.270289 -0.17521599999999996 0.946701
vn 0.694131 0.646547 0.3164779999999999
vn 0.731743 0.681581 0.00037899999999995825
vn 0.235204 0.21219200000000005 0.948501
vn 0.647502 0.693524 -0.31585500000000005
vn 0.647363 0.693377 0.31646399999999997
vn -0.176928 -0.26886299999999996 0.946789
vn 0.541913 0.541913 -0.642387
vn 0.116016 0.11601599999999994 -0.986449
vn 0.311348 0.31134799999999996 -0.897844
vn 0.602988 0.602988 -0.522314
vn 0.691808 0.691808 -0.20689200000000005
vn 0.707007 0.7072 -0.0030740000000000433
vn 0.696712 0.696313 0.17245499999999994
vn 0.689849 0.68942 0.22092599999999996
vn 0.69714 0.695848 0.17260099999999995
vn 0.696617 0.696618 0.17160599999999995
vn 0.683438 0.683805 0.25558499999999995
vn 0.695849 0.697139 0.17260299999999995
vn 0.556297 0.556297 0.617306
vn 0.696313 0.696712 0.17245499999999994
vn 0.556297 0.556297 0.617306
vn 0.703462 0.703313 -0.10242700000000005
vn 0.239565 0.23956500000000006 0.94086
vn 0.703383 0.703383 -0.10249200000000004
vn 0.239565 0.23956500000000006 0.94086
vn 0.602988 0.602988 -0.522313
vn 0.002297 0.002297000000000061 0.999995
vn 0.002297 0.002297000000000061 0.999995
vn 0.541913 0.541913 -0.642387
vn 0.311348 0.31134899999999993 -0.897844
vn 0.116016 0.11601599999999994 -0.986449
vn -0.142175 0.585179 -0.798343
vn 0.337276 0.17949299999999996 -0.924136
vn 0.181368 0.33554899999999993 -0.924399
vn -0.288463 0.661929 -0.691838
vn -0.545882 0.760351 -0.35196600000000006
vn -0.554714 0.745665 -0.36915600000000004
vn -0.671667 0.736494 -0.08024700000000004
vn -0.66421 0.744628 -0.06598200000000004
vn -0.707108 0.707105 -4.329769374555446E-17
vn -0.70711 0.707103 1.9999999999567025E-06
vn 0.587947 -0.14650300000000005 -0.795522
vn 0.181368 0.33554899999999993 -0.924399
vn 0.337276 0.17949299999999996 -0.924136
vn 0.661742 -0.2881540000000001 -0.692145
vn 0.741045 -0.508126 -0.43893099999999996
vn 0.763066 -0.580675 -0.2838089999999999
vn 0.736496 -0.671666 -0.08024699999999996
vn 0.744629 -0.66421 -0.06598099999999996
vn 0.707107 -0.707107 4.329781621023438E-17
vn 0.707107 -0.707107 4.329781621023438E-17
vn -0.012387 0.01270200000000006 0.999843
vn -0.270293 -0.17521899999999996 0.9467
vn 0.694131 0.646547 0.31647999999999993
vn 0.731743 0.681581 0.00037599999999995824
vn 0.235214 0.21220100000000006 0.948496
vn 0.647501 0.693523 -0.31586100000000006
vn 0.647365 0.693378 0.31645799999999996
vn -0.176926 -0.26886199999999993 0.94679
vn -0.012386 0.012703000000000061 0.999843
vn -0.270288 -0.17521499999999995 0.946702
vn 0.694131 0.646547 0.31647899999999995
vn 0.731743 0.681581 0.0003779999999999583
vn 0.235206 0.21219400000000005 0.9485
vn 0.647503 0.693525 -0.3158540000000001
vn 0.647363 0.693377 0.31646399999999997
vn -0.176928 -0.26886299999999996 0.946789
vn -0.707106 0.707108 9.999999999567022E-07
vn -0.707105 0.707109 -4.329793867491429E-17
vn -0.707106 0.707108 -4.329787744257433E-17
vn -0.707105 0.707109 -4.329793867491429E-17
vn -0.707105 0.707109 -4.329793867491429E-17
vn 0.541912 0.541912 -0.642388
vn 0.116015 0.11601499999999994 -0.986449
vn 0.311348 0.31134799999999996 -0.897844
vn 0.602987 0.602987 -0.522315
vn 0.691808 0.691808 -0.20689300000000005
vn 0.707007 0.7072 -0.0030740000000000433
vn 0.696712 0.696313 0.17245499999999994
vn 0.689849 0.68942 0.22092699999999996
vn 0.69714 0.695848 0.17260199999999995
vn 0.696617 0.696617 0.17160599999999995
vn 0.683437 0.683805 0.25558499999999995
vn 0.695849 0.697139 0.17260199999999995
vn 0.556297 0.556298 0.617306
vn 0.696313 0.696712 0.17245499999999994
vn 0.556297 0.556297 0.617306
vn 0.703462 0.703314 -0.10242700000000005
vn 0.239565 0.23956500000000006 0.94086
vn 0.703383 0.703383 -0.10249300000000004
vn 0.239565 0.23956500000000006 0.94086
vn 0.602987 0.602987 -0.522315
vn 0.002297 0.002297000000000061 0.999995
vn 0.002297 0.002297000000000061 0.999995
vn 0.541913 0.541913 -0.642387
vn 0.311349 0.31134899999999993 -0.897844
vn 0.116016 0.11601599999999994 -0.986449
vn -0.142174 0.585178 -0.798344
vn 0.337276 0.17949199999999996 -0.924136
vn 0.181368 0.33554899999999993 -0.924399
vn -0.288461 0.661928 -0.691839
vn -0.545883 0.760351 -0.35196500000000003
vn -0.554714 0.745665 -0.36915500000000007
vn -0.671669 0.736493 -0.08024600000000004
vn -0.664211 0.744627 -0.06598200000000004
vn -0.70711 0.707103 9.999999999567024E-07
vn -0.707114 0.7071 3.999999999956702E-06
vn 0.587948 -0.14650300000000005 -0.795522
vn 0.181368 0.33554899999999993 -0.924399
vn 0.337276 0.17949199999999996 -0.924136
vn 0.661742 -0.2881540000000001 -0.692145
vn 0.741045 -0.508125 -0.43893199999999993
vn 0.763066 -0.580674 -0.2838109999999999
vn 0.736496 -0.671665 -0.08024799999999996
vn 0.744629 -0.664209 -0.06598199999999996
vn 0.707107 -0.707107 4.329781621023438E-17
vn 0.707107 -0.707107 4.329781621023438E-17
vn -0.012387 0.01270200000000006 0.999843
vn -0.27029 -0.17521699999999996 0.946701
vn 0.694131 0.646547 0.31647999999999993
vn 0.731743 0.681581 0.00037599999999995824
vn 0.235213 0.21220100000000006 0.948496
vn 0.647501 0.693523 -0.31586200000000003
vn 0.647365 0.693378 0.31645799999999996
vn -0.176926 -0.26886199999999993 0.94679
vn -0.012388 0.012701000000000061 0.999843
vn -0.270288 -0.17521499999999995 0.946702
vn 0.694131 0.646547 0.3164779999999999
vn 0.731743 0.681581 0.0003779999999999583
vn 0.235206 0.21219400000000005 0.9485
vn 0.647503 0.693525 -0.3158540000000001
vn 0.647364 0.693377 0.31646399999999997
vn -0.176928 -0.26886299999999996 0.946789
vn 0.541913 0.541913 -0.642387
vn 0.116015 0.11601499999999994 -0.986449
vn 0.311348 0.31134799999999996 -0.897844
vn 0.602988 0.602987 -0.522314
vn 0.691809 0.691806 -0.20689300000000005
vn 0.707009 0.707198 -0.0030750000000000434
vn 0.696712 0.696313 0.17245499999999994
vn 0.689849 0.68942 0.22092699999999996
vn 0.69714 0.695848 0.17260199999999995
vn 0.696617 0.696617 0.17160599999999995
vn 0.683438 0.683805 0.25558499999999995
vn 0.695849 0.697139 0.17260299999999995
vn 0.556297 0.556298 0.617306
vn 0.696313 0.696712 0.17245499999999994
vn 0.556297 0.556298 0.617306
vn 0.703461 0.703314 -0.10242700000000005
vn 0.239565 0.23956500000000006 0.94086
vn 0.703381 0.703385 -0.10249300000000004
vn 0.239565 0.23956500000000006 0.94086
vn 0.602987 0.602988 -0.522314
vn 0.002297 0.002297000000000061 0.999995
vn 0.002297 0.002297000000000061 0.999995
vn 0.541912 0.541912 -0.642388
vn 0.311348 0.31134799999999996 -0.897844
vn 0.116016 0.11601599999999994 -0.986449
vn -0.142175 0.585179 -0.798344
vn 0.337276 0.17949199999999996 -0.924136
vn 0.181368 0.33554899999999993 -0.924399
vn -0.288463 0.661929 -0.691838
vn -0.545882 0.76035 -0.35196600000000006
vn -0.554714 0.745665 -0.36915600000000004
vn -0.671667 0.736494 -0.08024700000000004
vn -0.66421 0.744628 -0.06598200000000004
vn -0.707109 0.707105 -4.329769374555446E-17
vn -0.70711 0.707103 1.9999999999567025E-06
vn 0.587947 -0.14650200000000005 -0.795522
vn 0.181368 0.33554899999999993 -0.924399
vn 0.337276 0.17949199999999996 -0.924136
vn 0.661742 -0.28815300000000005 -0.692146
vn 0.741045 -0.508126 -0.43893099999999996
vn 0.763066 -0.580675 -0.2838089999999999
vn 0.736496 -0.671666 -0.08024699999999996
vn 0.744629 -0.66421 -0.06598099999999996
vn 0.707107 -0.707107 4.329781621023438E-17
vn 0.707107 -0.707107 4.329781621023438E-17
vn 0.737068 -0.4406189999999999 0.51243
vn 0.632456 -0.632456 0.44721400000000006
vn 0.707107 -0.707107 4.329781621023438E-17
vn 0.947948 -0.311709 0.06504600000000002
vn 0.96713 -0.25428 0.0005610000000000156
vn 0.876702 0.352799 0.326995
vn 0.951572 0.297387 0.07792199999999999
vn 0.863191 0.504877 0.0008949999999999691
vn 0.703197 0.703194 0.10502999999999996
vn 0.428949 0.4289490000000001 0.794988
vn 0.707108 0.707105 0.0007399999999999567
vn -0.707107 0.707107 -4.329781621023438E-17
vn -0.632456 0.632456 0.44721399999999994
vn -0.440618 0.737069 0.512431
vn -0.311707 0.947949 0.06504699999999994
vn -0.383785 0.923423 0.0005659999999999434
vn 0.352802 0.876701 0.3269949999999999
vn 0.297391 0.951571 0.07792199999999995
vn 0.381695 0.924288 0.0009029999999999435
vn 0.703196 0.703196 0.10502999999999996
vn 0.428949 0.4289490000000001 0.794988
vn 0.707107 0.707107 0.0006169999999999568
vn 0.737069 -0.44061799999999995 0.512431
vn 0.632456 -0.632456 0.44721400000000006
vn 0.707107 -0.707107 4.329781621023438E-17
vn 0.947949 -0.311709 0.06504700000000001
vn 0.96713 -0.254281 0.0005610000000000156
vn 0.876702 0.3528 0.326995
vn 0.951571 0.297389 0.07792199999999999
vn 0.86319 0.504878 0.0008949999999999691
vn 0.703197 0.703194 0.10503099999999996
vn 0.42895 0.42894800000000005 0.794988
vn 0.70711 0.707103 0.0009259999999999567
vn -0.707107 0.707107 -4.329781621023438E-17
vn -0.632456 0.632456 0.44721399999999994
vn -0.440619 0.737069 0.512431
vn -0.31171 0.947948 0.06504599999999995
vn -0.383788 0.923421 0.0005659999999999434
vn 0.3528 0.876702 0.3269949999999999
vn 0.297388 0.951572 0.07792199999999995
vn 0.381693 0.924289 0.0009029999999999435
vn 0.703197 0.703195 0.10502999999999996
vn 0.428948 0.42895000000000005 0.794988
vn 0.707108 0.707106 0.0007399999999999567
vn 0.737069 -0.44061799999999995 0.512431
vn 0.632456 -0.632456 0.44721400000000006
vn 0.707107 -0.707106 4.3297754977894416E-17
vn 0.947949 -0.311709 0.06504700000000001
vn 0.96713 -0.254281 0.0005610000000000156
vn 0.876702 0.3528 0.326995
vn 0.951572 0.297388 0.07792199999999999
vn 0.86319 0.504878 0.0008949999999999691
vn 0.703197 0.703195 0.10502999999999996
vn 0.42895 0.42894800000000005 0.794988
vn 0.707108 0.707106 0.0007399999999999567
vn -0.707107 0.707107 -4.329781621023438E-17
vn -0.632455 0.632456 0.44721399999999994
vn -0.440618 0.737069 0.512431
vn -0.311709 0.947949 0.06504599999999995
vn -0.383786 0.923422 0.0005659999999999434
vn 0.352801 0.876701 0.3269949999999999
vn 0.29739 0.951571 0.07792199999999995
vn 0.381694 0.924288 0.0009029999999999435
vn 0.703197 0.703194 0.10502999999999996
vn 0.428949 0.4289490000000001 0.794988
vn 0.707108 0.707105 0.0007399999999999567
vn 0 6.123233995736766E-17 1
vn 0 6.123233995736766E-17 1
vn 0 6.123233995736766E-17 1
g 20 - Default
f 1/1/1 2/2/2 3/3/3
f 4/4/4 5/5/5 6/6/6
f 7/7/7 8/8/8 9/9/9
f 10/10/10 11/11/11 12/12/12
f 13/13/13 14/14/14 15/15/15
f 16/16/16 17/17/17 18/18/18
f 19/19/19 20/20/20 21/21/21
f 22/22/22 23/23/23 24/24/24
f 25/25/25 26/26/26 27/27/27
f 28/28/28 29/29/29 30/30/30
f 31/31/31 32/32/32 33/33/33
f 34/34/34 35/35/35 36/36/36
f 37/37/37 38/38/38 39/39/39
f 40/40/40 41/41/41 42/42/42
f 43/43/43 44/44/44 45/45/45
f 46/46/46 47/47/47 48/48/48
f 49/49/49 50/50/50 51/51/51
f 52/52/52 53/53/53 54/54/54
f 55/55/55 56/56/56 57/57/57
f 58/58/58 59/59/59 60/60/60
f 61/61/61 62/62/62 63/63/63
f 64/64/64 65/65/65 66/66/66
f 67/67/67 68/68/68 69/69/69
f 70/70/70 71/71/71 72/72/72
f 73/73/73 74/74/74 75/75/75
f 76/76/76 77/77/77 78/78/78
f 79/79/79 80/80/80 81/81/81
f 82/82/82 83/83/83 84/84/84
f 85/85/85 86/86/86 87/87/87
f 88/88/88 89/89/89 90/90/90
f 91/91/91 92/92/92 93/93/93
f 93/93/93 94/94/94 95/95/95
f 96/96/96 97/97/97 98/98/98
f 98/98/98 99/99/99 100/100/100
f 101/101/101 102/102/102 103/103/103
f 103/103/103 104/104/104 105/105/105
f 106/106/106 107/107/107 108/108/108
f 108/108/108 109/109/109 110/110/110
f 111/111/111 112/112/112 113/113/113
f 113/113/113 114/114/114 115/115/115
f 116/116/116 117/117/117 118/118/118
f 118/118/118 119/119/119 120/120/120
f 121/121/121 122/122/122 123/123/123
f 123/123/123 124/124/124 125/125/125
f 126/126/126 127/127/127 128/128/128
f 128/128/128 129/129/129 130/130/130
f 131/131/131 132/132/132 133/133/133
f 134/134/134 135/135/135 131/131/131
f 136/136/136 137/137/137 138/138/138
f 138/138/138 139/139/139 140/140/140
f 141/141/141 142/142/142 143/143/143
f 143/143/143 144/144/144 145/145/145
f 146/146/146 147/147/147 148/148/148
f 148/148/148 149/149/149 150/150/150
f 151/151/151 152/152/152 153/153/153
f 153/153/153 154/154/154 155/155/155
f 156/156/156 157/157/157 158/158/158
f 158/158/158 159/159/159 160/160/160
f 161/161/161 162/162/162 163/163/163
f 163/163/163 164/164/164 165/165/165
f 166/166/166 167/167/167 164/164/164
f 164/164/164 168/168/168 169/169/169
f 170/170/170 168/168/168 171/171/171
f 171/171/171 172/172/172 173/173/173
f 174/174/174 175/175/175 176/176/176
f 176/176/176 177/177/177 178/178/178
f 179/179/179 180/180/180 177/177/177
f 177/177/177 181/181/181 182/182/182
f 183/183/183 181/181/181 184/184/184
f 184/184/184 185/185/185 186/186/186
f 187/187/187 188/188/188 189/189/189
f 189/189/189 190/190/190 191/191/191
f 192/192/192 193/193/193 194/194/194
f 194/194/194 195/195/195 196/196/196
f 197/197/197 198/198/198 199/199/199
f 199/199/199 200/200/200 201/201/201
f 202/202/202 203/203/203 204/204/204
f 204/204/204 205/205/205 206/206/206
f 207/207/207 208/208/208 209/209/209
f 209/209/209 210/210/210 211/211/211
f 212/212/212 213/213/213 214/214/214
f 214/214/214 215/215/215 216/216/216
f 217/217/217 218/218/218 219/219/219
f 219/219/219 220/220/220 221/221/221
f 222/222/222 223/223/223 224/224/224
f 224/224/224 225/225/225 226/226/226
f 227/227/227 228/228/228 229/229/229
f 230/230/230 231/231/231 227/227/227
f 232/232/232 233/233/233 234/234/234
f 234/234/234 235/235/235 236/236/236
f 237/237/237 238/238/238 239/239/239
f 239/239/239 240/240/240 241/241/241
f 242/242/242 243/243/243 244/244/244
f 244/244/244 245/245/245 246/246/246
f 247/247/247 248/248/248 249/249/249
f 249/249/249 250/250/250 251/251/251
f 252/252/252 253/253/253 254/254/254
f 254/254/254 255/255/255 256/256/256
f 257/257/257 258/258/258 259/259/259
f 259/259/259 260/260/260 261/261/261
f 262/262/262 263/263/263 260/260/260
f 260/260/260 264/264/264 265/265/265
f 266/266/266 264/264/264 267/267/267
f 267/267/267 268/268/268 269/269/269
f 270/270/270 271/271/271 272/272/272
f 272/272/272 273/273/273 274/274/274
f 275/275/275 276/276/276 273/273/273
f 273/273/273 277/277/277 278/278/278
f 279/279/279 277/277/277 280/280/280
f 280/280/280 281/281/281 282/282/282
f 283/283/283 284/284/284 285/285/285
f 285/285/285 286/286/286 287/287/287
f 288/288/288 289/289/289 290/290/290
f 290/290/290 291/291/291 292/292/292
f 293/293/293 294/294/294 295/295/295
f 295/295/295 296/296/296 297/297/297
f 298/298/298 299/299/299 300/300/300
f 300/300/300 301/301/301 302/302/302
f 303/303/303 304/304/304 305/305/305
f 305/305/305 306/306/306 307/307/307
f 308/308/308 309/309/309 310/310/310
f 310/310/310 311/311/311 312/312/312
f 313/313/313 314/314/314 315/315/315
f 315/315/315 316/316/316 317/317/317
f 318/318/318 319/319/319 320/320/320
f 320/320/320 321/321/321 322/322/322
f 323/323/323 324/324/324 325/325/325
f 326/326/326 327/327/327 323/323/323
f 328/328/328 329/329/329 330/330/330
f 330/330/330 331/331/331 332/332/332
f 333/333/333 334/334/334 335/335/335
f 335/335/335 336/336/336 337/337/337
f 338/338/338 339/339/339 340/340/340
f 340/340/340 341/341/341 342/342/342
f 343/343/343 344/344/344 345/345/345
f 345/345/345 346/346/346 347/347/347
f 348/348/348 349/349/349 350/350/350
f 350/350/350 351/351/351 352/352/352
f 353/353/353 354/354/354 355/355/355
f 355/355/355 356/356/356 357/357/357
f 358/358/358 359/359/359 356/356/356
f 356/356/356 360/360/360 361/361/361
f 362/362/362 360/360/360 363/363/363
f 363/363/363 364/364/364 365/365/365
f 366/366/366 367/367/367 368/368/368
f 368/368/368 369/369/369 370/370/370
f 371/371/371 372/372/372 369/369/369
f 369/369/369 373/373/373 374/374/374
f 375/375/375 373/373/373 376/376/376
f 376/376/376 377/377/377 378/378/378
f 379/379/379 380/380/380 381/381/381
f 381/381/381 382/382/382 383/383/383
f 384/384/384 381/381/381 385/385/385
f 386/386/386 387/387/387 384/384/384
f 384/384/384 388/388/388 386/386/386
f 389/389/389 388/388/388 384/384/384
f 390/390/390 391/391/391 392/392/392
f 392/392/392 393/393/393 394/394/394
f 395/395/395 392/392/392 396/396/396
f 397/397/397 398/398/398 399/399/399
f 399/399/399 400/400/400 401/401/401
f 402/402/402 399/399/399 403/403/403
f 404/404/404 405/405/405 402/402/402
f 402/402/402 406/406/406 404/404/404
f 407/407/407 406/406/406 402/402/402
f 408/408/408 409/409/409 410/410/410
f 410/410/410 411/411/411 412/412/412
f 413/413/413 410/410/410 414/414/414
f 415/415/415 416/416/416 417/417/417
f 417/417/417 418/418/418 419/419/419
f 420/420/420 417/417/417 421/421/421
f 422/422/422 423/423/423 420/420/420
f 420/420/420 424/424/424 422/422/422
f 425/425/425 424/424/424 420/420/420
f 426/426/426 427/427/427 428/428/428
f 428/428/428 429/429/429 430/430/430
f 431/431/431 428/428/428 432/432/432
f 433/433/433 434/434/434 435/435/435
f 435/435/435 436/436/436 437/437/437
f 438/438/438 435/435/435 439/439/439
f 440/440/440 441/441/441 438/438/438
f 438/438/438 442/442/442 440/440/440
f 443/443/443 442/442/442 438/438/438
f 444/444/444 445/445/445 446/446/446
f 446/446/446 447/447/447 448/448/448
f 449/449/449 446/446/446 450/450/450
f 451/451/451 452/452/452 453/453/453
f 453/453/453 454/454/454 455/455/455
f 456/456/456 453/453/453 457/457/457
f 458/458/458 459/459/459 456/456/456
f 456/456/456 460/460/460 458/458/458
f 461/461/461 460/460/460 456/456/456
f 462/462/462 463/463/463 464/464/464
f 464/464/464 465/465/465 466/466/466
f 467/467/467 464/464/464 468/468/468
f 469/469/469 470/470/470 471/471/471
f 471/471/471 472/472/472 473/473/473
f 474/474/474 471/471/471 475/475/475
f 476/476/476 477/477/477 474/474/474
f 474/474/474 478/478/478 476/476/476
f 479/479/479 478/478/478 474/474/474
f 480/480/480 481/481/481 482/482/482
f 482/482/482 483/483/483 484/484/484
f 485/485/485 482/482/482 486/486/486
f 487/487/487 488/488/488 489/489/489
f 489/489/489 490/490/490 487/487/487
f 491/491/491 492/492/492 493/493/493
f 493/493/493 494/494/494 491/491/491
f 495/495/495 496/496/496 497/497/497
f 497/497/497 498/498/498 495/495/495
f 499/499/499 500/500/500 501/501/501
f 501/501/501 502/502/502 499/499/499
f 503/503/503 504/504/504 505/505/505
f 505/505/505 506/506/506 503/503/503
f 507/507/507 508/508/508 509/509/509
f 509/509/509 510/510/510 507/507/507
f 511/511/511 512/512/512 513/513/513
f 513/513/513 514/514/514 511/511/511
f 515/515/515 516/516/516 517/517/517
f 517/517/517 518/518/518 515/515/515
f 519/519/519 520/520/520 521/521/521
f 521/521/521 522/522/522 519/519/519
f 523/523/523 524/524/524 525/525/525
f 525/525/525 526/526/526 523/523/523
f 527/527/527 528/528/528 529/529/529
f 529/529/529 530/530/530 527/527/527
f 531/531/531 532/532/532 533/533/533
f 533/533/533 534/534/534 531/531/531
f 535/535/535 536/536/536 537/537/537
f 537/537/537 538/538/538 535/535/535
f 539/539/539 540/540/540 541/541/541
f 541/541/541 542/542/542 539/539/539
f 543/543/543 544/544/544 545/545/545
f 545/545/545 546/546/546 543/543/543
f 547/547/547 548/548/548 549/549/549
f 549/549/549 550/550/550 547/547/547
f 551/551/551 552/552/552 553/553/553
f 553/553/553 554/554/554 551/551/551
f 555/555/555 556/556/556 557/557/557
f 557/557/557 558/558/558 555/555/555
f 559/559/559 560/560/560 561/561/561
f 561/561/561 562/562/562 559/559/559
f 563/563/563 564/564/564 565/565/565
f 565/565/565 566/566/566 563/563/563
f 567/567/567 568/568/568 569/569/569
f 569/569/569 570/570/570 567/567/567
f 571/571/571 572/572/572 573/573/573
f 573/573/573 574/574/574 571/571/571
f 575/575/575 576/576/576 577/577/577
f 577/577/577 578/578/578 575/575/575
f 579/579/579 580/580/580 581/581/581
f 581/581/581 582/582/582 579/579/579
f 583/583/583 584/584/584 585/585/585
f 585/585/585 586/586/586 583/583/583
f 587/587/587 588/588/588 589/589/589
f 589/589/589 590/590/590 587/587/587
f 591/591/591 592/592/592 593/593/593
f 593/593/593 594/594/594 591/591/591
f 595/595/595 596/596/596 597/597/597
f 597/597/597 598/598/598 595/595/595
f 599/599/599 600/600/600 601/601/601
f 601/601/601 602/602/602 599/599/599
f 603/603/603 604/604/604 605/605/605
f 605/605/605 606/606/606 603/603/603
f 607/607/607 608/608/608 609/609/609
f 609/609/609 610/610/610 607/607/607
f 611/611/611 612/612/612 613/613/613
f 613/613/613 614/614/614 611/611/611
f 615/615/615 616/616/616 617/617/617
f 617/617/617 618/618/618 615/615/615
f 619/619/619 620/620/620 621/621/621
f 621/621/621 622/622/622 619/619/619
f 623/623/623 624/624/624 625/625/625
f 625/625/625 626/626/626 623/623/623
f 627/627/627 628/628/628 629/629/629
f 629/629/629 630/630/630 627/627/627
f 631/631/631 632/632/632 633/633/633
f 633/633/633 634/634/634 631/631/631
f 635/635/635 636/636/636 637/637/637
f 637/637/637 638/638/638 635/635/635
f 639/639/639 640/640/640 641/641/641
f 641/641/641 642/642/642 639/639/639
f 643/643/643 644/644/644 645/645/645
f 645/645/645 646/646/646 643/643/643
f 647/647/647 648/648/648 649/649/649
f 649/649/649 650/650/650 647/647/647
f 651/651/651 652/652/652 653/653/653
f 653/653/653 654/654/654 651/651/651
f 655/655/655 656/656/656 657/657/657
f 657/657/657 658/658/658 655/655/655
f 659/659/659 660/660/660 661/661/661
f 661/661/661 662/662/662 659/659/659
f 663/663/663 664/664/664 665/665/665
f 665/665/665 666/666/666 663/663/663
f 667/667/667 668/668/668 669/669/669
f 669/669/669 670/670/670 667/667/667
f 671/671/671 672/672/672 673/673/673
f 673/673/673 674/674/674 671/671/671
f 675/675/675 676/676/676 677/677/677
f 677/677/677 678/678/678 675/675/675
f 679/679/679 680/680/680 681/681/681
f 681/681/681 682/682/682 679/679/679
f 683/683/683 684/684/684 685/685/685
f 685/685/685 686/686/686 683/683/683
f 687/687/687 688/688/688 689/689/689
f 689/689/689 690/690/690 687/687/687
f 691/691/691 692/692/692 693/693/693
f 693/693/693 694/694/694 691/691/691
f 695/695/695 696/696/696 697/697/697
f 697/697/697 698/698/698 695/695/695
f 699/699/699 700/700/700 701/701/701
f 701/701/701 702/702/702 699/699/699
f 703/703/703 704/704/704 705/705/705
f 705/705/705 706/706/706 703/703/703
f 707/707/707 708/708/708 709/709/709
f 709/709/709 710/710/710 707/707/707
f 711/711/711 712/712/712 713/713/713
f 713/713/713 714/714/714 711/711/711
f 715/715/715 716/716/716 717/717/717
f 717/717/717 718/718/718 715/715/715
f 719/719/719 720/720/720 721/721/721
f 721/721/721 722/722/722 719/719/719
f 723/723/723 724/724/724 725/725/725
f 725/725/725 726/726/726 723/723/723
f 727/727/727 728/728/728 729/729/729
f 729/729/729 730/730/730 727/727/727
f 731/731/731 732/732/732 733/733/733
f 733/733/733 734/734/734 731/731/731
f 735/735/735 736/736/736 737/737/737
f 737/737/737 738/738/738 735/735/735
f 739/739/739 740/740/740 741/741/741
f 741/741/741 742/742/742 739/739/739
f 743/743/743 744/744/744 745/745/745
f 745/745/745 746/746/746 743/743/743
f 747/747/747 748/748/748 749/749/749
f 749/749/749 750/750/750 747/747/747
f 751/751/751 752/752/752 753/753/753
f 753/753/753 754/754/754 751/751/751
f 755/755/755 756/756/756 757/757/757
f 757/757/757 758/758/758 755/755/755
f 759/759/759 760/760/760 761/761/761
f 761/761/761 762/762/762 759/759/759
f 763/763/763 764/764/764 765/765/765
f 765/765/765 766/766/766 763/763/763
f 767/767/767 768/768/768 769/769/769
f 769/769/769 770/770/770 767/767/767
f 771/771/771 772/772/772 773/773/773
f 773/773/773 774/774/774 771/771/771
f 774/774/774 773/773/773 775/775/775
f 775/775/775 776/776/776 774/774/774
f 776/776/776 775/775/775 777/777/777
f 777/777/777 778/778/778 776/776/776
f 779/779/779 780/780/780 781/781/781
f 781/781/781 782/782/782 779/779/779
f 782/782/782 781/781/781 783/783/783
f 783/783/783 784/784/784 782/782/782
f 784/784/784 783/783/783 785/785/785
f 785/785/785 786/786/786 784/784/784
f 787/787/787 788/788/788 789/789/789
f 789/789/789 790/790/790 787/787/787
f 790/790/790 789/789/789 791/791/791
f 791/791/791 792/792/792 790/790/790
f 792/792/792 791/791/791 793/793/793
f 793/793/793 794/794/794 792/792/792
f 795/795/795 796/796/796 797/797/797
f 798/798/798 795/795/795 797/797/797
f 797/797/797 799/799/799 798/798/798
f 800/800/800 801/801/801 802/802/802
f 802/802/802 801/801/801 803/803/803
f 803/803/803 804/804/804 802/802/802
f 805/805/805 806/806/806 807/807/807
f 807/807/807 808/808/808 805/805/805
f 807/807/807 809/809/809 808/808/808
f 810/810/810 811/811/811 812/812/812
f 813/813/813 810/810/810 812/812/812
f 812/812/812 814/814/814 813/813/813
f 815/815/815 816/816/816 817/817/817
f 817/817/817 816/816/816 818/818/818
f 818/818/818 819/819/819 817/817/817
f 820/820/820 821/821/821 822/822/822
f 823/823/823 820/820/820 822/822/822
f 822/822/822 824/824/824 823/823/823
f 825/825/825 826/826/826 827/827/827
f 827/827/827 826/826/826 828/828/828
f 828/828/828 829/829/829 827/827/827
f 830/830/830 831/831/831 832/832/832
f 832/832/832 833/833/833 830/830/830
f 834/834/834 830/830/830 833/833/833
f 833/833/833 835/835/835 834/834/834
f 834/834/834 835/835/835 836/836/836
f 836/836/836 837/837/837 834/834/834
f 838/838/838 839/839/839 840/840/840
f 840/840/840 841/841/841 838/838/838
f 842/842/842 838/838/838 841/841/841
f 841/841/841 843/843/843 842/842/842
f 842/842/842 843/843/843 844/844/844
f 844/844/844 845/845/845 842/842/842
f 846/846/846 847/847/847 848/848/848
f 848/848/848 849/849/849 846/846/846
f 850/850/850 846/846/846 849/849/849
f 849/849/849 851/851/851 850/850/850
f 852/852/852 850/850/850 851/851/851
f 851/851/851 853/853/853 852/852/852
f 852/852/852 853/853/853 854/854/854
f 853/853/853 855/855/855 854/854/854
f 853/853/853 856/856/856 855/855/855
f 856/856/856 857/857/857 855/855/855
f 856/856/856 853/853/853 858/858/858
f 856/856/856 859/859/859 857/857/857
f 858/858/858 860/860/860 856/856/856
f 859/859/859 856/856/856 861/861/861
f 862/862/862 860/860/860 858/858/858
f 861/861/861 863/863/863 859/859/859
f 858/858/858 864/864/864 862/862/862
f 865/865/865 863/863/863 861/861/861
f 862/862/862 864/864/864 866/866/866
f 866/866/866 867/867/867 862/862/862
f 861/861/861 868/868/868 865/865/865
f 869/869/869 865/865/865 868/868/868
f 868/868/868 870/870/870 869/869/869
f 871/871/871 872/872/872 873/873/873
f 873/873/873 874/874/874 871/871/871
f 875/875/875 871/871/871 874/874/874
f 874/874/874 876/876/876 875/875/875
f 875/875/875 876/876/876 877/877/877
f 877/877/877 878/878/878 875/875/875
f 879/879/879 878/878/878 877/877/877
f 877/877/877 880/880/880 879/879/879
f 881/881/881 882/882/882 883/883/883
f 883/883/883 884/884/884 881/881/881
f 885/885/885 881/881/881 884/884/884
f 884/884/884 886/886/886 885/885/885
f 887/887/887 885/885/885 886/886/886
f 886/886/886 888/888/888 887/887/887
f 887/887/887 888/888/888 889/889/889
f 889/889/889 890/890/890 887/887/887
f 891/891/891 892/892/892 893/893/893
f 893/893/893 894/894/894 891/891/891
f 895/895/895 891/891/891 894/894/894
f 894/894/894 896/896/896 895/895/895
f 895/895/895 896/896/896 897/897/897
f 897/897/897 898/898/898 895/895/895
f 899/899/899 900/900/900 901/901/901
f 901/901/901 902/902/902 899/899/899
f 903/903/903 899/899/899 902/902/902
f 902/902/902 904/904/904 903/903/903
f 903/903/903 904/904/904 905/905/905
f 905/905/905 906/906/906 903/903/903
f 907/907/907 908/908/908 909/909/909
f 910/910/910 909/909/909 908/908/908
f 908/908/908 911/911/911 910/910/910
f 912/912/912 913/913/913 914/914/914
f 914/914/914 915/915/915 912/912/912
f 916/916/916 912/912/912 915/915/915
f 915/915/915 917/917/917 916/916/916
f 918/918/918 916/916/916 917/917/917
f 917/917/917 919/919/919 918/918/918
f 918/918/918 919/919/919 920/920/920
f 919/919/919 921/921/921 920/920/920
f 919/919/919 922/922/922 921/921/921
f 922/922/922 923/923/923 921/921/921
f 922/922/922 919/919/919 924/924/924
f 922/922/922 925/925/925 923/923/923
f 924/924/924 926/926/926 922/922/922
f 925/925/925 922/922/922 927/927/927
f 928/928/928 926/926/926 924/924/924
f 927/927/927 929/929/929 925/925/925
f 924/924/924 930/930/930 928/928/928
f 931/931/931 929/929/929 927/927/927
f 928/928/928 930/930/930 932/932/932
f 932/932/932 933/933/933 928/928/928
f 927/927/927 934/934/934 931/931/931
f 935/935/935 931/931/931 934/934/934
f 934/934/934 936/936/936 935/935/935
f 937/937/937 938/938/938 939/939/939
f 939/939/939 940/940/940 937/937/937
f 941/941/941 937/937/937 940/940/940
f 940/940/940 942/942/942 941/941/941
f 941/941/941 942/942/942 943/943/943
f 943/943/943 944/944/944 941/941/941
f 945/945/945 944/944/944 943/943/943
f 943/943/943 946/946/946 945/945/945
f 947/947/947 948/948/948 949/949/949
f 949/949/949 950/950/950 947/947/947
f 951/951/951 947/947/947 950/950/950
f 950/950/950 952/952/952 951/951/951
f 953/953/953 951/951/951 952/952/952
f 952/952/952 954/954/954 953/953/953
f 953/953/953 954/954/954 955/955/955
f 955/955/955 956/956/956 953/953/953
f 957/957/957 958/958/958 959/959/959
f 959/959/959 960/960/960 957/957/957
f 961/961/961 957/957/957 960/960/960
f 960/960/960 962/962/962 961/961/961
f 961/961/961 962/962/962 963/963/963
f 963/963/963 964/964/964 961/961/961
f 965/965/965 966/966/966 967/967/967
f 967/967/967 968/968/968 965/965/965
f 969/969/969 965/965/965 968/968/968
f 968/968/968 970/970/970 969/969/969
f 969/969/969 970/970/970 971/971/971
f 971/971/971 972/972/972 969/969/969
f 973/973/973 974/974/974 975/975/975
f 975/975/975 976/976/976 973/973/973
f 977/977/977 973/973/973 976/976/976
f 976/976/976 978/978/978 977/977/977
f 979/979/979 977/977/977 978/978/978
f 978/978/978 980/980/980 979/979/979
f 979/979/979 980/980/980 981/981/981
f 980/980/980 982/982/982 981/981/981
f 980/980/980 983/983/983 982/982/982
f 983/983/983 984/984/984 982/982/982
f 983/983/983 980/980/980 985/985/985
f 983/983/983 986/986/986 984/984/984
f 985/985/985 987/987/987 983/983/983
f 986/986/986 983/983/983 988/988/988
f 989/989/989 987/987/987 985/985/985
f 988/988/988 990/990/990 986/986/986
f 985/985/985 991/991/991 989/989/989
f 992/992/992 990/990/990 988/988/988
f 989/989/989 991/991/991 993/993/993
f 993/993/993 994/994/994 989/989/989
f 988/988/988 995/995/995 992/992/992
f 996/996/996 992/992/992 995/995/995
f 995/995/995 997/997/997 996/996/996
f 998/998/998 999/999/999 1000/1000/1000
f 1000/1000/1000 1001/1001/1001 998/998/998
f 1002/1002/1002 998/998/998 1001/1001/1001
f 1001/1001/1001 1003/1003/1003 1002/1002/1002
f 1002/1002/1002 1003/1003/1003 1004/1004/1004
f 1004/1004/1004 1005/1005/1005 1002/1002/1002
f 1006/1006/1006 1005/1005/1005 1004/1004/1004
f 1004/1004/1004 1007/1007/1007 1006/1006/1006
f 1008/1008/1008 1009/1009/1009 1010/1010/1010
f 1010/1010/1010 1011/1011/1011 1008/1008/1008
f 1012/1012/1012 1008/1008/1008 1011/1011/1011
f 1011/1011/1011 1013/1013/1013 1012/1012/1012
f 1014/1014/1014 1012/1012/1012 1013/1013/1013
f 1013/1013/1013 1015/1015/1015 1014/1014/1014
f 1014/1014/1014 1015/1015/1015 1016/1016/1016
f 1016/1016/1016 1017/1017/1017 1014/1014/1014
f 1018/1018/1018 1019/1019/1019 1020/1020/1020
f 1020/1020/1020 1021/1021/1021 1018/1018/1018
f 1020/1020/1020 1022/1022/1022 1021/1021/1021
f 1023/1023/1023 1018/1018/1018 1021/1021/1021
f 1024/1024/1024 1021/1021/1021 1022/1022/1022
f 1021/1021/1021 1024/1024/1024 1023/1023/1023
f 1022/1022/1022 1025/1025/1025 1024/1024/1024
f 1023/1023/1023 1024/1024/1024 1026/1026/1026
f 1026/1026/1026 1024/1024/1024 1025/1025/1025
f 1026/1026/1026 1027/1027/1027 1023/1023/1023
f 1025/1025/1025 1028/1028/1028 1026/1026/1026
f 1029/1029/1029 1030/1030/1030 1031/1031/1031
f 1031/1031/1031 1032/1032/1032 1029/1029/1029
f 1033/1033/1033 1029/1029/1029 1032/1032/1032
f 1032/1032/1032 1031/1031/1031 1034/1034/1034
f 1033/1033/1033 1032/1032/1032 1035/1035/1035
f 1034/1034/1034 1035/1035/1035 1032/1032/1032
f 1035/1035/1035 1036/1036/1036 1033/1033/1033
f 1037/1037/1037 1035/1035/1035 1034/1034/1034
f 1036/1036/1036 1035/1035/1035 1037/1037/1037
f 1034/1034/1034 1038/1038/1038 1037/1037/1037
f 1037/1037/1037 1039/1039/1039 1036/1036/1036
f 1040/1040/1040 1041/1041/1041 1042/1042/1042
f 1042/1042/1042 1043/1043/1043 1040/1040/1040
f 1042/1042/1042 1044/1044/1044 1043/1043/1043
f 1045/1045/1045 1040/1040/1040 1043/1043/1043
f 1046/1046/1046 1043/1043/1043 1044/1044/1044
f 1043/1043/1043 1046/1046/1046 1045/1045/1045
f 1044/1044/1044 1047/1047/1047 1046/1046/1046
f 1045/1045/1045 1046/1046/1046 1048/1048/1048
f 1048/1048/1048 1046/1046/1046 1047/1047/1047
f 1048/1048/1048 1049/1049/1049 1045/1045/1045
f 1047/1047/1047 1050/1050/1050 1048/1048/1048
f 1051/1051/1051 1052/1052/1052 1053/1053/1053
f 1053/1053/1053 1054/1054/1054 1051/1051/1051
f 1055/1055/1055 1051/1051/1051 1054/1054/1054
f 1054/1054/1054 1053/1053/1053 1056/1056/1056
f 1055/1055/1055 1054/1054/1054 1057/1057/1057
f 1056/1056/1056 1057/1057/1057 1054/1054/1054
f 1057/1057/1057 1058/1058/1058 1055/1055/1055
f 1059/1059/1059 1057/1057/1057 1056/1056/1056
f 1058/1058/1058 1057/1057/1057 1059/1059/1059
f 1056/1056/1056 1060/1060/1060 1059/1059/1059
f 1059/1059/1059 1061/1061/1061 1058/1058/1058
f 1062/1062/1062 1063/1063/1063 1064/1064/1064
f 1064/1064/1064 1065/1065/1065 1062/1062/1062
f 1064/1064/1064 1066/1066/1066 1065/1065/1065
f 1067/1067/1067 1062/1062/1062 1065/1065/1065
f 1068/1068/1068 1065/1065/1065 1066/1066/1066
f 1065/1065/1065 1068/1068/1068 1067/1067/1067
f 1066/1066/1066 1069/1069/1069 1068/1068/1068
f 1067/1067/1067 1068/1068/1068 1070/1070/1070
f 1070/1070/1070 1068/1068/1068 1069/1069/1069
f 1070/1070/1070 1071/1071/1071 1067/1067/1067
f 1069/1069/1069 1072/1072/1072 1070/1070/1070
f 1073/1073/1073 1074/1074/1074 1075/1075/1075
f 1075/1075/1075 1076/1076/1076 1073/1073/1073
f 1077/1077/1077 1073/1073/1073 1076/1076/1076
f 1076/1076/1076 1075/1075/1075 1078/1078/1078
f 1077/1077/1077 1076/1076/1076 1079/1079/1079
f 1078/1078/1078 1079/1079/1079 1076/1076/1076
f 1079/1079/1079 1080/1080/1080 1077/1077/1077
f 1081/1081/1081 1079/1079/1079 1078/1078/1078
f 1080/1080/1080 1079/1079/1079 1081/1081/1081
f 1078/1078/1078 1082/1082/1082 1081/1081/1081
f 1081/1081/1081 1083/1083/1083 1080/1080/1080
g 19 - Default
f 1084/1084/1084 1085/1085/1085 1086/1086/1086
