v -1.963854 0.34930800000000006 0.768129
v -1.7665 0.36504300000000006 0.769496
v -1.803733 0.2757340000000001 1.739042
v -1.803733 0.2757340000000001 1.739042
v -1.917836 0.2628580000000001 1.73868
v -1.963854 0.34930800000000006 0.768129
v -1.376589 1.043563 -0.0051130000000000645
v -1.179502 1.024742 -0.005388000000000063
v -1.231676 0.8590640000000002 0.953367
v -1.231676 0.8590640000000002 0.953367
v -1.346282 0.8662010000000001 0.953628
v -1.376589 1.043563 -0.0051130000000000645
v -1.115562 0.26694700000000005 0.802998
v -1.534752 0.23027500000000006 0.802998
v -1.540746 0.2993950000000001 0.802589
v -1.115562 0.26694700000000005 0.802998
v -1.534752 0.23027500000000006 0.802998
v -1.485789 0.23455800000000007 1.457912
v -1.534752 0.23027500000000006 0.802998
v -1.121417 0.33608000000000005 0.802589
v -1.540746 0.2993950000000001 0.802589
v -0.928139 0.98884 0.03994599999999994
v -1.024607 0.827075 0.21126299999999995
v -0.982417 0.932969 0.21434999999999996
v -1.082422 0.877914 0.21126099999999995
v -1.028862 0.871987 0.27198799999999995
v -1.024607 0.827075 0.21126299999999995
v -1.963854 0.34930800000000006 0.768129
v -1.917836 0.2628580000000001 1.73868
v -1.803733 0.2757340000000001 1.739042
v -1.803733 0.2757340000000001 1.739042
v -1.7665 0.36504300000000006 0.769496
v -1.963854 0.34930800000000006 0.768129
v -1.376589 1.043563 -0.0051130000000000645
v -1.346282 0.8662010000000001 0.953628
v -1.231676 0.8590640000000002 0.953367
v -1.231676 0.8590640000000002 0.953367
v -1.179502 1.024742 -0.005388000000000063
v -1.376589 1.043563 -0.0051130000000000645
v 0.192415 0.570286 -0.2501030000000001
v 0.127976 0.583806 -0.2501030000000001
v 0.546929 1.169498 0.6589049999999999
v 0.546929 1.169498 0.6589049999999999
v 0.614821 1.163382 0.6589049999999999
v 0.192415 0.570286 -0.2501030000000001
v 0.311564 0.13518299999999997 -0.242093
v -0.278375 0.13518299999999997 -0.246106
v 0.309604 -0.574889 -0.24209299999999997
v -0.278375 0.13518299999999997 -0.246106
v -0.258208 -0.574888 -0.24209299999999997
v 0.309604 -0.574889 -0.24209299999999997
v -0.233341 0.845254 -0.24209300000000006
v -0.278375 0.13518299999999997 -0.246106
v 0.282787 0.845254 -0.24209300000000006
v -0.278375 0.13518299999999997 -0.246106
v 0.311564 0.13518299999999997 -0.242093
v 0.282787 0.845254 -0.24209300000000006
v 0.005329 -0.15772200000000003 -0.286012
v 0.012238 -0.14801199999999984 2.541244
v 0.012239 -0.10319299999999984 2.541244
v 0.012239 -0.10319299999999984 2.541244
v 0.005329 -0.09348500000000001 -0.286012
v 0.060513 -0.15772200000000003 -0.286012
v 0.06181 -0.14801299999999984 2.541244
v 0.012238 -0.14801199999999984 2.541244
v 0.005329 -0.15772200000000003 -0.286012
v 0.060513 -0.15772200000000003 -0.286012
v 0.060513 -0.09348500000000001 -0.286012
v 0.06181 -0.10319299999999984 2.541244
v 0.06181 -0.14801299999999984 2.541244
v 0.060513 -0.15772200000000003 -0.286012
v 0.060513 -0.09348500000000001 -0.286012
v -0.928139 0.98884 0.03994599999999994
v -1.098651 0.896127 0.039937999999999946
v -1.082422 0.877914 0.21126099999999995
v -1.082422 0.877914 0.21126099999999995
v -1.024607 0.827075 0.21126299999999995
v -0.91074 0.88238 0.03994599999999995
v -0.95841 0.87296 0.21415599999999996
v -1.005374 0.801166 0.03994199999999995
v -0.982417 0.932969 0.21434999999999996
v -0.95841 0.87296 0.21415599999999996
v -1.024607 0.827075 0.21126299999999995
v -0.95841 0.87296 0.21415599999999996
v -2.15967 -1.794528 0.04811600000000011
v -2.159481 -1.794509 0.26845200000000013
v -2.194808 -1.842494 0.26845200000000013
v -2.195153 -1.842647 0.04811600000000011
v -2.15967 -1.794528 0.04811600000000011
v -2.253602 -1.851393 0.26845200000000013
v -2.254256 -1.851578 0.04811600000000011
v -2.301425 -1.81601 0.26845200000000013
v -2.302358 -1.816088 0.04811600000000011
v -2.310302 -1.756996 0.26845200000000013
v -2.311288 -1.756961 0.04811600000000011
v 2.309178 0.09579200000000002 0.199205
v 2.302052 0.155509 0.199385
v 2.245622 0.11188400000000001 0.253017
v 2.238631 0.07049300000000001 0.196513
v 2.245622 0.11188400000000001 0.253017
v 2.354291 0.092778 0.03710299999999999
v 2.249677 0.042574 0.037099
v 2.302052 0.155509 0.199385
v 2.364293 0.192654 0.03710299999999998
v 2.302052 0.155509 0.199385
v 0.758383 -1.275701 0.04141500000000008
v 0.757125 -1.376068 0.041415000000000084
v 0.815891 -1.33364 0.20369700000000007
v 0.871661 -1.243419 0.2008250000000001
v 0.858224 -1.21657 0.04141100000000008
v 0.803588 -1.274772 0.2035170000000001
v 0.868304 -1.285263 0.25732900000000003
v 0.815891 -1.33364 0.20369700000000007
v 0.815891 -1.33364 0.20369700000000007
v 0.868304 -1.285263 0.25732900000000003
v -1.708381 1.546876 0.2007049999999999
v -1.708381 1.546876 0.045351999999999906
v -1.69801 1.347603 0.04535199999999992
v -1.69801 1.347603 0.2007049999999999
v -1.69801 1.347603 0.2007049999999999
v -1.69801 1.347603 0.04535199999999992
v -1.420451 1.362046 0.04535199999999992
v -1.420451 1.362046 0.2007049999999999
v -1.420451 1.362046 0.2007049999999999
v -1.420451 1.362046 0.04535199999999992
v -1.43082 1.561321 0.045351999999999906
v -1.43082 1.561321 0.2007049999999999
v -1.43082 1.561321 0.2007049999999999
v -1.43082 1.561321 0.045351999999999906
v -1.708381 1.546876 0.045351999999999906
v -1.708381 1.546876 0.2007049999999999
v -1.420451 1.362046 0.2007049999999999
v -1.43082 1.561321 0.2007049999999999
v -1.708381 1.546876 0.2007049999999999
v -1.69801 1.347603 0.2007049999999999
v -1.728667 1.489566 0.2007049999999999
v -1.728667 1.489566 0.04535199999999991
v -1.925179 1.524216 0.04535199999999991
v -1.925179 1.524216 0.2007049999999999
v -1.925179 1.524216 0.2007049999999999
v -1.925179 1.524216 0.04535199999999991
v -1.973443 1.250504 0.04535199999999993
v -1.973443 1.250504 0.2007049999999999
v -1.973443 1.250504 0.2007049999999999
v -1.973443 1.250504 0.04535199999999993
v -1.77693 1.215853 0.04535199999999993
v -1.77693 1.215853 0.2007049999999999
v -1.77693 1.215853 0.2007049999999999
v -1.77693 1.215853 0.04535199999999993
v -1.728667 1.489566 0.04535199999999991
v -1.728667 1.489566 0.2007049999999999
v -1.973443 1.250504 0.2007049999999999
v -1.77693 1.215853 0.2007049999999999
v -1.728667 1.489566 0.2007049999999999
v -1.925179 1.524216 0.2007049999999999
v -1.091649 0.0891390000000001 1.640593
v -1.350853 0.07180700000000009 1.692074
v -1.325472 -0.3647019999999999 1.710843
v -1.06293 -0.3417909999999999 1.654293
v -1.999542 -0.4245739999999999 1.713631
v -1.740713 -0.3944989999999999 1.704532
v -1.771745 0.031391000000000106 1.69386
v -2.034096 0.015274000000000105 1.727331
v 0.035661 -0.053149 0.030770000000000002
v 0.032552 -0.031173000000000017 -0.300446
v -0.058514 -0.12539800000000004 -0.300446
v -0.049081 -0.12563 0.030770000000000006
v -0.049081 -0.12563 0.030770000000000006
v -0.058514 -0.12539800000000004 -0.300446
v 0.033522 -0.22162900000000002 -0.300446
v 0.036274 -0.199653 0.030770000000000013
v 0.036274 -0.199653 0.030770000000000013
v 0.033522 -0.22162900000000002 -0.300446
v 0.125552 -0.12740300000000002 -0.300446
v 0.122205 -0.127172 0.030770000000000006
v 0.122205 -0.127172 0.030770000000000006
v 0.125552 -0.12740300000000002 -0.300446
v 0.032552 -0.031173000000000017 -0.300446
v 0.035661 -0.053149 0.030770000000000002
v 0.036274 -0.199653 0.030770000000000013
v 0.122205 -0.127172 0.030770000000000006
v 0.035661 -0.053149 0.030770000000000002
v -0.049081 -0.12563 0.030770000000000006
v -2.067355 -1.565836 0.044353000000000094
v -0.805383 -1.455427 0.04435300000000009
v -0.805383 -1.455427 1.444827
v -2.067357 -1.565836 1.444827
v -2.205167 0.805637 0.80218
v -2.205167 0.8056370000000002 1.016396
v -2.156149 0.24539100000000005 1.016396
v -2.156149 0.24539100000000005 0.80218
v -2.225288 0.23934200000000005 1.016396
v -2.156149 0.24539100000000005 1.016396
v -2.205167 0.8056370000000002 1.016396
v -2.274302 0.7995890000000001 1.016396
v -1.081972 0.9039040000000002 1.016396
v -1.081972 0.903904 0.80218
v -1.032957 0.34365700000000005 0.80218
v -1.032957 0.34365700000000005 1.016396
v -1.032957 0.34365700000000005 1.016396
v -0.963316 0.34975000000000006 1.016396
v -1.01233 0.9099970000000001 1.016396
v -1.081972 0.9039040000000002 1.016396
v -1.032957 0.34365700000000005 0.80218
v -1.081972 0.903904 0.80218
v -2.205167 0.805637 0.80218
v -2.156149 0.24539100000000005 0.80218
v 0.053368 -1.278986 0.7541930000000001
v -0.006487 -1.278986 0.7541930000000001
v -0.006487 -1.423242 0.7541930000000001
v 0.053368 -1.423242 0.7541930000000001
v 0.053368 1.660973 0.7541929999999999
v 0.053368 1.758618 0.7541929999999999
v -0.006487 1.758618 0.7541929999999999
v -0.006487 1.660973 0.7541929999999999
v 1.62815 -1.451446 0.3745460000000001
v 1.5964 -1.530159 0.002958000000000094
v 1.641633 -1.542279 0.0029580000000000947
v 1.673381 -1.463565 0.3745460000000001
v 1.683265 -1.458653 0.4393360000000001
v 1.680818 -1.518976 0.002958000000000093
v 1.726049 -1.531096 0.002958000000000094
v 1.728498 -1.470773 0.4393360000000001
v 1.745065 -1.474833 0.39217200000000013
v 1.738924 -1.55549 0.0029580000000000955
v 1.784156 -1.56761 0.002958000000000096
v 1.790298 -1.486952 0.39217200000000013
v 0.617942 -0.544435 0.31374500000000005
v 0.656054 -0.567537 0.31374500000000005
v 0.680945 0.13518400000000003 0.310782
v 0.641464 0.13518400000000003 0.310782
v 0.680946 0.13518400000000003 0.310782
v 0.597667 0.835352 0.38864599999999994
v 0.563024 0.812249 0.38864599999999994
v 0.641465 0.13518400000000003 0.310782
v 1.228866 -0.7620259999999999 1.375446
v 1.228866 -0.7989979999999999 1.375446
v 1.312873 -0.7988339999999999 1.374111
v 1.312873 -0.7618609999999999 1.374111
v -0.60508 0.645497 0.42392099999999994
v -0.599312 0.577574 0.42392099999999994
v 0.050117 0.364462 -0.23671600000000004
v 0.089322 0.420335 -0.23671600000000004
v 2.168343 -0.780305 0.04535200000000005
v 2.168343 -0.780305 0.20070500000000005
v 2.364855 -0.814955 0.20070500000000005
v 2.364855 -0.814955 0.04535200000000005
v 2.120079 -1.054019 0.045352000000000066
v 2.120079 -1.054019 0.20070500000000005
v 2.168343 -0.780305 0.20070500000000005
v 2.168343 -0.780305 0.04535200000000005
v 2.316592 -1.088669 0.04535200000000007
v 2.316592 -1.088669 0.20070500000000005
v 2.120079 -1.054019 0.20070500000000005
v 2.120079 -1.054019 0.045352000000000066
v 2.364855 -0.814955 0.04535200000000005
v 2.364855 -0.814955 0.20070500000000005
v 2.316592 -1.088669 0.20070500000000005
v 2.316592 -1.088669 0.04535200000000007
v 2.364855 -0.814955 0.20070500000000005
v 2.168343 -0.780305 0.20070500000000005
v 2.120079 -1.054019 0.20070500000000005
v 2.316592 -1.088669 0.20070500000000005
v 1.853165 -0.149057 0.050746000000000006
v 1.419345 -0.072563 0.050746000000000006
v 1.419344 -0.07256299999999996 0.676909
v 1.853164 -0.14905699999999997 0.676909
v 1.902728 0.191314 0.050745999999999986
v 1.853165 -0.149057 0.050746000000000006
v 1.853164 -0.14905699999999997 0.676909
v 1.902727 0.19131400000000004 0.676909
v 1.243971 -0.44281299999999996 1.25893
v 1.243971 -0.4428129999999999 1.392341
v 1.19962 -0.2772929999999999 1.392341
v 1.19962 -0.27729299999999996 1.25893
v 1.474517 -0.38103899999999996 1.25893
v 1.474517 -0.3810389999999999 1.392341
v 1.243971 -0.4428129999999999 1.392341
v 1.243971 -0.44281299999999996 1.25893
v 1.430167 -0.2155179999999999 1.25893
v 1.430167 -0.2155179999999999 1.392341
v 1.474517 -0.3810389999999999 1.392341
v 1.474517 -0.38103899999999996 1.25893
v 1.19962 -0.27729299999999996 1.25893
v 1.19962 -0.2772929999999999 1.392341
v 1.430167 -0.2155179999999999 1.392341
v 1.430167 -0.2155179999999999 1.25893
v 1.19962 -0.2772929999999999 1.392341
v 1.243971 -0.4428129999999999 1.392341
v 1.474517 -0.3810389999999999 1.392341
v 1.430167 -0.2155179999999999 1.392341
v 2.280436 -1.178974 0.36707100000000004
v 2.279659 -1.183383 0.04441200000000007
v 2.201963 -1.14294 0.04441200000000007
v 2.202715 -1.138527 0.36707100000000004
v 2.201963 -1.14294 0.04441200000000007
v 2.118424 -1.169276 0.04441200000000007
v 2.119129 -1.164859 0.36707100000000004
v 2.077977 -1.246976 0.044412000000000076
v 2.078651 -1.242634 0.36707100000000004
v 2.104316 -1.33053 0.04441200000000008
v 2.104987 -1.326354 0.36707100000000004
v 2.182011 -1.370982 0.04441200000000008
v 2.182715 -1.366892 0.3670710000000001
v 0.483599 0.731471 0.055343999999999956
v 0.524473 0.731471 0.055343999999999956
v 0.269591 0.718392 -0.25220500000000007
v 0.235804 0.718392 -0.25220500000000007
v 1.312872 -0.6491199999999999 1.375446
v 1.312873 -0.6121469999999999 1.375446
v 1.228866 -0.6105089999999999 1.375446
v 1.228866 -0.6474819999999999 1.375446
v -0.155695 -0.541654 -0.09857799999999997
v -0.155695 -0.541654 -0.25393199999999994
v -0.071364 -0.722502 -0.25393199999999994
v -0.071364 -0.722502 -0.09857799999999996
v -0.071364 -0.722502 -0.09857799999999996
v -0.071364 -0.722502 -0.25393199999999994
v 0.180532 -0.605041 -0.25393199999999994
v 0.180532 -0.605041 -0.09857799999999996
v 0.180532 -0.605041 -0.09857799999999996
v 0.180532 -0.605041 -0.25393199999999994
v 0.096201 -0.424192 -0.253932
v 0.096201 -0.424192 -0.09857799999999997
v 0.096201 -0.424192 -0.09857799999999997
v 0.096201 -0.424192 -0.253932
v -0.155695 -0.541654 -0.25393199999999994
v -0.155695 -0.541654 -0.09857799999999997
v 0.180532 -0.605041 -0.09857799999999996
v 0.096201 -0.424192 -0.09857799999999997
v -0.155695 -0.541654 -0.09857799999999997
v -0.071364 -0.722502 -0.09857799999999996
v 1.254135 -1.009517 0.05074600000000006
v 1.687955 -1.086012 0.05074600000000007
v 1.687955 -1.086011 0.6769090000000001
v 1.254134 -1.009517 0.6769080000000001
v 1.687955 -1.086012 0.05074600000000007
v 1.638392 -1.426477 0.05074600000000009
v 1.638391 -1.426477 0.6769090000000001
v 1.687955 -1.086011 0.6769090000000001
v -0.814335 -0.151099 -0.0014729999999999906
v -0.905497 -0.14796799999999993 0.879646
v -0.90111 -0.19810299999999995 0.879646
v -0.809948 -0.201234 -0.0014729999999999876
v -0.856658 -0.069959 -0.0014729999999999956
v -0.918477 -0.08965799999999995 0.949276
v -0.914091 -0.13979299999999995 0.949276
v -0.852273 -0.120093 -0.0014729999999999925
v -0.841141 0.002142 -0.0014730000000000001
v -0.924854 -0.021300999999999945 0.898588
v -0.920468 -0.07143499999999994 0.898588
v -0.836755 -0.047991 -0.0014729999999999969
v 1.857955 -1.595078 1.383381
v 1.914558 -1.610305 1.383381
v 1.849445 -0.8660639999999998 1.276278
v 1.796328 -0.8906689999999999 1.276278
v 1.254134 -1.009517 0.6769080000000001
v 1.419345 -0.07256399999999996 0.676909
v 1.419345 -0.072564 0.050746000000000006
v 1.254135 -1.009517 0.05074600000000006
v 1.361578 -1.554064 1.38881
v 1.400134 -1.552722 1.38881
v 1.657074 -0.8742739999999999 1.276932
v 1.593334 -0.8463069999999999 1.276932
v -0.150438 -1.382882 0.6043360000000001
v -0.08463 -1.385007 0.6043360000000001
v 0.064242 -0.631768 0.36347100000000004
v 0.002507 -0.614443 0.36347100000000004
v 0.127976 0.583806 -0.22744100000000003
v 0.192415 0.570286 -0.22744100000000003
v 0.614821 1.163383 0.7003289999999999
v 0.546929 1.169498 0.7003289999999999
v 0.558384 -0.952236 0.44372200000000006
v 0.548723 -0.841962 0.40911600000000004
v -0.630101 -0.578194 0.3406970000000001
v -0.63915 -0.685169 0.37530300000000005
v -2.337 -1.656661 0.046604000000000104
v -2.324334 -1.690462 0.1085530000000001
v -2.361435 -1.58945 0.0466040000000001
v -2.33611 -1.657048 0.1705030000000001
v -2.33611 -1.657048 0.1705030000000001
v -2.360343 -1.589887 0.1705030000000001
v -2.361435 -1.58945 0.0466040000000001
v -2.372978 -1.556099 0.1085530000000001
v 1.863856 1.02423 0.04876899999999994
v 2.072136 0.246908 0.048768999999999986
v 2.13234 0.290132 0.13989099999999996
v 1.937604 1.016901 0.13989099999999993
v 2.13234 0.290132 0.13989099999999996
v 2.072136 0.246908 0.048768999999999986
v 2.303795 0.30898 0.04876899999999998
v 2.249045 0.321402 0.13989099999999996
v 2.303795 0.30898 0.04876899999999998
v 2.095511 1.086303 0.04876899999999993
v 2.054309 1.048171 0.13989099999999993
v 2.249045 0.321402 0.13989099999999996
v 2.054309 1.048171 0.13989099999999993
v 2.095511 1.086303 0.04876899999999993
v 1.863856 1.02423 0.04876899999999994
v 1.937604 1.016901 0.13989099999999993
v 2.249045 0.321402 0.13989099999999996
v 2.054309 1.048171 0.13989099999999993
v 1.937604 1.016901 0.13989099999999993
v 2.13234 0.290132 0.13989099999999996
v 1.879389 -0.27800699999999995 1.275675
v 1.93536 -0.2699889999999999 1.275675
v 1.96812 0.2804560000000001 1.381186
v 1.913326 0.2859010000000001 1.381186
v 1.303686 -1.510993 1.378707
v 1.360199 -1.512818 1.378707
v 1.553558 -0.7911929999999999 1.278875
v 1.495229 -0.7961449999999999 1.278875
v -1.108048 1.436687 0.07107399999999992
v -1.123668 1.359128 0.07107399999999992
v -0.338893 1.058144 0.49913599999999997
v -0.268855 1.124844 0.5303029999999999
v 2.293056 -0.20062999999999992 1.394728
v 2.276742 -0.1558809999999999 1.394728
v 1.749917 -0.16341299999999992 1.282299
v 1.749917 -0.20816099999999993 1.282299
v -1.103031 1.55261 0.0688919999999999
v -1.114196 1.481411 0.0688919999999999
v -0.246222 1.154239 0.5427929999999999
v -0.207062 1.225439 0.5427929999999999
v 0.123306 1.509341 0.5652619999999999
v 0.123306 1.438142 0.5652619999999999
v 1.079276 1.400534 0.06752299999999992
v 1.079276 1.471732 0.06752299999999992
v -0.258208 -0.574888 -0.24209299999999997
v -0.213393 -0.812248 -0.24209299999999995
v 0.309604 -0.574889 -0.24209299999999997
v 0.263671 -0.812248 -0.24209299999999995
v 0.228532 1.082616 -0.24209300000000006
v -0.181998 1.082616 -0.24209300000000006
v 0.282787 0.845254 -0.24209300000000006
v -0.233341 0.845254 -0.24209300000000006
v 0.005329 -0.09348500000000001 -0.286012
v 0.012239 -0.10319299999999984 2.541244
v 0.06181 -0.10319299999999984 2.541244
v 0.060513 -0.09348500000000001 -0.286012
v 1.167029 0.28355300000000006 1.262857
v 1.167029 0.28355300000000006 1.348733
v 0.895237 -1.25786 1.348733
v 0.895237 -1.25786 1.262857
v 0.895237 -1.25786 1.262857
v 0.895237 -1.25786 1.348733
v 1.971503 -1.447633 1.348733
v 1.971503 -1.447633 1.262857
v 1.971503 -1.447633 1.262857
v 1.971503 -1.447633 1.348733
v 2.243296 0.09377900000000008 1.348733
v 2.243296 0.09377900000000008 1.262857
v 2.243296 0.09377900000000008 1.262857
v 2.243296 0.09377900000000008 1.348733
v 1.167029 0.28355300000000006 1.348733
v 1.167029 0.28355300000000006 1.262857
v 2.293037 0.128609 0.045599999999999995
v 2.293037 0.12860900000000008 1.348733
v 2.006332 -1.497375 1.348733
v 2.006332 -1.497375 0.04560000000000009
v 1.167029 0.28355300000000006 1.262857
v 0.895237 -1.25786 1.262857
v 1.971503 -1.447633 1.262857
v 2.243296 0.09377900000000008 1.262857
v 1.248801 -0.8215479999999998 1.390619
v 1.248801 -0.5511439999999999 1.390619
v -0.028766 -0.5511439999999999 1.401776
v -0.048118 -0.8215479999999998 1.402844
v -0.92915 -0.5511439999999999 1.510728
v -0.92915 -0.8215479999999998 1.510728
v -2.225288 0.23934200000000008 1.444827
v -2.067357 -1.565835 1.444827
v -1.998379 -1.5598 1.444827
v -2.156312 0.2453770000000001 1.444827
v -1.85468 -1.547228 1.570508
v -2.012611 0.2579480000000001 1.570508
v -1.645526 -1.52893 1.668649
v -1.803457 0.2762460000000001 1.668649
v -1.436371 -1.510632 1.697431
v -1.594302 0.2945460000000001 1.697431
v -1.594302 0.2945460000000001 1.697431
v -1.436371 -1.510632 1.697431
v -1.227215 -1.492332 1.668649
v -1.385147 0.3128440000000001 1.668649
v -1.018059 -1.474034 1.570508
v -1.175992 0.3311420000000001 1.570508
v -0.873856 -1.461418 1.444827
v -1.031787 0.3437600000000001 1.444827
v -0.805383 -1.455427 1.444827
v -0.963316 0.3497500000000001 1.444827
v -1.227215 -1.492332 1.668649
v -1.436371 -1.510632 1.697431
v -1.645526 -1.52893 1.668649
v -1.018059 -1.474035 1.570508
v -1.85468 -1.547229 1.570508
v -1.998379 -1.559801 1.444827
v -0.873856 -1.461418 1.444827
v -0.963316 0.3497500000000001 1.444827
v -0.805383 -1.455427 1.444827
v -0.805383 -1.455427 0.04435300000000009
v -0.963316 0.34975000000000006 1.016396
v -1.01233 0.909997 0.04435299999999994
v -1.01233 0.9099970000000001 1.016396
v -2.067357 -1.565836 1.444827
v -2.225288 0.23934200000000008 1.444827
v -2.225288 0.23934200000000005 1.016396
v -2.067355 -1.565836 0.044353000000000094
v -2.274302 0.7995890000000001 1.016396
v -2.274302 0.799589 0.04435299999999995
v -1.081972 0.9039040000000002 1.016396
v -1.01233 0.9099970000000001 1.016396
v -1.081972 0.903904 0.80218
v -1.01233 0.909997 0.04435299999999994
v -2.205167 0.805637 0.80218
v -2.274302 0.799589 0.04435299999999995
v -2.274302 0.7995890000000001 1.016396
v -2.205167 0.8056370000000002 1.016396
v 0.053368 -1.423242 0.7541930000000001
v -0.006487 -1.423242 0.7541930000000001
v -0.005027 -1.35441 0.047307000000000085
v 0.051213 -1.35441 0.047307000000000085
v -0.001143 -1.062488 -0.2802609999999999
v 0.045346 -1.062488 -0.2802609999999999
v 2.364293 0.192654 0.03710299999999998
v 2.18871 0.150388 0.03709599999999999
v 2.198909 0.130112 0.196511
v 2.302052 0.155509 0.199385
v 2.245622 0.11188400000000001 0.253017
v 0.757125 -1.376068 0.041415000000000084
v 0.928355 -1.318661 0.041408000000000084
v 0.916428 -1.29935 0.20082300000000008
v 0.815891 -1.33364 0.20369700000000007
v 0.868304 -1.285263 0.25732900000000003
v 2.182715 -1.366892 0.3670710000000001
v 2.182011 -1.370982 0.04441200000000008
v 2.26555 -1.344633 0.04441200000000008
v 2.26629 -1.340433 0.36707100000000004
v 2.305996 -1.266923 0.044412000000000076
v 2.306769 -1.262568 0.36707100000000004
v 2.279659 -1.183383 0.04441200000000007
v 2.280436 -1.178974 0.36707100000000004
v -0.267869 0.13518299999999997 -0.252127
v -0.608318 0.13518400000000003 0.310782
v -0.585288 -0.544436 0.31374500000000005
v -0.258817 -0.551786 -0.25212599999999996
v -0.504951 -0.779 0.38913600000000004
v -0.213459 -0.781445 -0.25212699999999993
v -0.330252 -1.021055 0.48208700000000004
v -0.127875 -0.918955 -0.24802499999999994
v 0.016586 -1.27066 0.5573910000000001
v 0.016653 -1.240762 0.06860400000000007
v 0.017147 -1.011104 -0.24802499999999994
v 0.016586 -1.27066 0.5573910000000001
v 0.016585 -1.316865 0.5573910000000001
v 0.391154 -1.05626 0.48208700000000004
v 0.363335 -1.021054 0.48208700000000004
v 0.57332 -0.809803 0.38913600000000004
v 0.540369 -0.779 0.38913600000000004
v 0.656054 -0.567537 0.31374500000000005
v 0.617942 -0.544435 0.31374500000000005
v 0.020269 1.643551 0.5573909999999999
v 0.020278 1.689757 0.5573909999999999
v -0.305626 1.326628 0.48208699999999993
v -0.281698 1.291422 0.48208699999999993
v -0.461536 1.074883 0.43033199999999994
v -0.433181 1.044077 0.43033199999999994
v -0.565326 0.835352 0.38864599999999994
v -0.530684 0.812248 0.38864599999999994
v -0.6478 0.13518300000000003 0.310782
v -0.608318 0.13518400000000003 0.310782
v -2.311288 -1.756961 0.04811600000000011
v -2.310302 -1.756996 0.26845200000000013
v -2.275045 -1.708896 0.26845200000000013
v -2.275811 -1.708829 0.0481160000000001
v -2.216269 -1.699969 0.26845200000000013
v -2.21671 -1.699897 0.0481160000000001
v -2.168378 -1.735464 0.26845200000000013
v -2.168601 -1.735397 0.0481160000000001
v -2.159481 -1.794509 0.26845200000000013
v -2.15967 -1.794528 0.04811600000000011
v 0.012903 1.643552 0.5573909999999999
v 0.017049 1.281471 -0.24802500000000008
v 0.141762 1.189321 -0.24802500000000008
v 0.314869 1.291423 0.48208699999999993
v 0.216249 1.051814 -0.25212700000000005
v 0.466353 1.044077 0.43033199999999994
v 0.563024 0.812249 0.38864599999999994
v 0.302108 0.13518299999999997 -0.252127
v 0.641465 0.13518400000000003 0.310782
v 1.727123 0.16299400000000003 0.606003
v 1.819623 0.14668300000000004 0.429775
v 1.902728 0.13203000000000004 0.676909
v 1.859381 0.139672 0.045599999999999995
v 1.902728 0.13203 0.05074599999999999
v 0.620621 0.135183 0.06860399999999998
v 0.319703 0.13518299999999997 -0.242093
v 0.282787 0.845255 -0.24209300000000006
v 0.54674 0.845255 0.06860399999999994
v 0.228532 1.082616 -0.24209300000000006
v 0.019095 1.319977 -0.24050000000000007
v 0.016585 1.557336 0.0686039999999999
v 0.494709 1.074883 0.43033199999999994
v 0.597667 0.835352 0.38864599999999994
v 0.449772 1.082615 0.06860399999999993
v 0.012894 1.689758 0.5573909999999999
v -2.337 -1.656661 0.046604000000000104
v -2.157598 -1.59129 0.0466040000000001
v -2.145238 -1.624953 0.1085530000000001
v -2.324334 -1.690462 0.1085530000000001
v -2.157261 -1.591389 0.1705030000000001
v -2.33611 -1.657048 0.1705030000000001
v -2.181509 -1.52418 0.17050300000000007
v -2.360343 -1.589887 0.1705030000000001
v -2.1939 -1.49053 0.1085530000000001
v -2.372978 -1.556099 0.1085530000000001
v -2.182035 -1.524072 0.04660400000000009
v -2.361435 -1.58945 0.0466040000000001
v -2.045434 -1.756366 0.046376000000000105
v -2.045536 -1.756411 0.23851800000000012
v -2.117326 -1.756469 0.23851800000000012
v -2.117374 -1.756372 0.046376000000000105
v -2.153088 -1.694224 0.23851800000000012
v -2.153332 -1.694062 0.046376000000000105
v -2.117138 -1.631816 0.23851800000000012
v -2.117355 -1.631736 0.0463760000000001
v -2.045401 -1.631698 0.23851800000000012
v -2.04542 -1.631724 0.0463760000000001
v -2.00956 -1.694034 0.23851800000000012
v -2.009454 -1.694043 0.046376000000000105
v -2.045536 -1.756411 0.23851800000000012
v -2.045434 -1.756366 0.046376000000000105
v -0.181998 1.082616 -0.24209300000000006
v 0.228532 1.082616 -0.24209300000000006
v 0.157894 1.201296 -0.2412960000000001
v -0.115532 1.201296 -0.2412960000000001
v 0.019095 1.319976 -0.24050000000000007
v 1.000237 -0.415101 0.04560000000000003
v 0.977449 -0.544341 0.045600000000000036
v 0.970438 -0.584099 0.4297750000000001
v 1.007247 -0.375343 0.429775
v 0.954128 -0.676599 0.606003
v 0.938407 -0.765757 0.673861
v 1.023558 -0.28284399999999993 0.606003
v 0.922686 -0.854915 0.701584
v 1.039279 -0.19368599999999997 0.673861
v 1.1322 0.33329500000000006 1.348733
v 1.055 -0.10452699999999995 0.701584
v 1.070721 -0.015369999999999958 0.673861
v 1.086442 0.07378900000000004 0.606003
v 0.906965 -0.944073 0.6738610000000002
v 1.102752 0.16628800000000002 0.429775
v 1.1322 0.333295 0.04559999999999998
v 1.109762 0.206046 0.04559999999999999
v 0.845496 -1.292688 1.348733
v 0.891244 -1.033231 0.6060030000000001
v 0.874934 -1.12573 0.4297750000000001
v 0.845496 -1.292688 0.04560000000000008
v 0.867925 -1.165487 0.04560000000000007
v 0.845496 -1.292688 0.04560000000000008
v 0.962714 -1.313356 0.045600000000000085
v 1.002471 -1.320367 0.4297750000000001
v 0.845496 -1.292688 1.348733
v 1.094972 -1.336678 0.6060030000000001
v 1.184129 -1.352399 0.6738610000000002
v 1.273286 -1.36812 0.7015840000000001
v 2.006332 -1.497375 1.348733
v 1.362444 -1.383841 0.6738610000000002
v 1.451602 -1.399561 0.6060030000000001
v 1.544103 -1.415872 0.42977500000000013
v 2.006332 -1.497375 0.04560000000000009
v 1.58386 -1.422882 0.04560000000000009
v -0.005026 1.578166 0.047306999999999905
v -0.006487 1.758618 0.7541929999999999
v 0.053368 1.758618 0.7541929999999999
v 0.051213 1.578166 0.047306999999999905
v -0.001143 1.332854 -0.28026100000000004
v 0.045346 1.332854 -0.28026100000000004
v -0.358072 -1.056261 0.48208700000000004
v 0.016585 -1.316865 0.5573910000000001
v 0.016586 -1.27066 0.5573910000000001
v -0.330252 -1.021055 0.48208700000000004
v -0.537903 -0.809803 0.38913600000000004
v -0.504951 -0.779 0.38913600000000004
v -0.6234 -0.567538 0.31374500000000005
v -0.585288 -0.544436 0.31374500000000005
v -0.6478 0.13518300000000003 0.310782
v -0.608318 0.13518400000000003 0.310782
v 0.309603 -0.574888 -0.24209299999999997
v 0.319702 0.13518299999999997 -0.242093
v 0.62062 0.135183 0.06860399999999998
v 0.60003 -0.574888 0.06860400000000004
v 0.26367 -0.812248 -0.24209299999999995
v 0.656054 -0.567537 0.31374500000000005
v 0.57332 -0.809803 0.38913600000000004
v 0.521021 -0.812248 0.06860400000000005
v 0.019095 -1.049609 -0.24049999999999994
v 0.391154 -1.05626 0.48208700000000004
v 0.016652 -1.286968 0.06860400000000008
v 0.016585 -1.316865 0.5573910000000001
v -0.107566 1.189322 -0.24802500000000008
v 0.017147 1.281471 -0.24802500000000008
v 0.020269 1.643551 0.5573909999999999
v -0.281698 1.291422 0.48208699999999993
v -0.182055 1.051813 -0.25212700000000005
v -0.433181 1.044077 0.43033199999999994
v -0.530684 0.812248 0.38864599999999994
v -0.267869 0.13518299999999997 -0.252127
v -0.608318 0.13518400000000003 0.310782
v 0.338799 1.326629 0.48208699999999993
v 0.012894 1.689758 0.5573909999999999
v 0.012903 1.643552 0.5573909999999999
v 0.314869 1.291423 0.48208699999999993
v 0.494709 1.074883 0.43033199999999994
v 0.466353 1.044077 0.43033199999999994
v 0.597667 0.835352 0.38864599999999994
v 0.563024 0.812249 0.38864599999999994
v 0.019095 -1.049609 -0.24049999999999994
v 0.180757 -0.930929 -0.24129599999999995
v -0.137136 -0.930929 -0.24129599999999995
v -0.213393 -0.812248 -0.24209299999999995
v 0.263671 -0.812248 -0.24209299999999995
v 1.289176 0.305615 0.429775
v 1.249419 0.312626 0.04559999999999998
v 1.1322 0.333295 0.04559999999999998
v 1.1322 0.33329500000000006 1.348733
v 1.381676 0.28930300000000003 0.606003
v 1.470834 0.2735830000000001 0.673861
v 1.559992 0.25786300000000006 0.701584
v 1.64915 0.24214200000000002 0.673861
v 1.738307 0.22642200000000004 0.606003
v 2.293037 0.128609 0.045599999999999995
v 2.293037 0.12860900000000008 1.348733
v 1.830808 0.21011200000000002 0.429775
v 1.870565 0.2031 0.04559999999999999
v -2.225288 0.23934200000000005 1.016396
v -2.225288 0.23934200000000008 1.444827
v -0.963316 0.3497500000000001 1.444827
v -0.963316 0.34975000000000006 1.016396
v -1.032957 0.34365700000000005 0.80218
v -2.156149 0.24539100000000005 0.80218
v -2.012611 0.2579480000000001 1.570508
v -1.803457 0.2762460000000001 1.668649
v -1.594302 0.2945460000000001 1.697431
v -2.156312 0.2453770000000001 1.444827
v -1.175992 0.3311420000000001 1.570508
v -1.385147 0.3128440000000001 1.668649
v -1.031787 0.3437600000000001 1.444827
v 0.051213 -1.184232 0.07758800000000007
v 0.053368 -1.278986 0.7541930000000001
v 0.053368 -1.423242 0.7541930000000001
v 0.051213 -1.35441 0.047307000000000085
v 0.045346 -1.062488 -0.2802609999999999
v 0.045346 -0.964842 -0.2802609999999999
v -0.005026 -1.184232 0.07758800000000007
v -0.006487 -1.278986 0.7541930000000001
v 0.053368 -1.278986 0.7541930000000001
v 0.051213 -1.184232 0.07758800000000007
v 0.045346 -0.964842 -0.2802609999999999
v -0.001143 -0.964842 -0.2802609999999999
v -0.005027 -1.35441 0.047307000000000085
v -0.006487 -1.423242 0.7541930000000001
v -0.006487 -1.278986 0.7541930000000001
v -0.005026 -1.184232 0.07758800000000007
v -0.001143 -0.964842 -0.2802609999999999
v -0.001143 -1.062488 -0.2802609999999999
v 0.053368 1.758618 0.7541929999999999
v 0.053368 1.660973 0.7541929999999999
v 0.051213 1.43666 0.07968399999999992
v 0.051213 1.578166 0.047306999999999905
v 0.045346 1.332854 -0.28026100000000004
v 0.045346 1.235209 -0.28026100000000004
v 0.053368 1.660973 0.7541929999999999
v -0.006487 1.660973 0.7541929999999999
v -0.005027 1.43666 0.07968399999999992
v 0.051213 1.43666 0.07968399999999992
v 0.045346 1.235209 -0.28026100000000004
v -0.001143 1.235209 -0.28026100000000004
v -0.006487 1.660973 0.7541929999999999
v -0.006487 1.758618 0.7541929999999999
v -0.005026 1.578166 0.047306999999999905
v -0.005027 1.43666 0.07968399999999992
v -0.001143 1.235209 -0.28026100000000004
v -0.001143 1.332854 -0.28026100000000004
v 0.309603 -0.574888 -0.24209299999999997
v 0.319702 0.13518299999999997 -0.242093
v 0.62062 0.135183 0.06860399999999998
v 0.60003 -0.574888 0.06860400000000004
v 0.656054 -0.567537 0.31374500000000005
v 0.680945 0.13518400000000003 0.310782
v 0.620621 0.135183 0.06860399999999998
v 0.319703 0.13518299999999997 -0.242093
v 0.282787 0.845255 -0.24209300000000006
v 0.54674 0.845255 0.06860399999999994
v 0.597667 0.835352 0.38864599999999994
v 0.680946 0.13518400000000003 0.310782
v 0.017048 -1.011105 -0.24802499999999994
v 0.016653 -1.240762 0.06860400000000007
v 0.162 -0.918955 -0.24802499999999994
v 0.016586 -1.27066 0.5573910000000001
v 0.363335 -1.021054 0.48208700000000004
v 0.249397 -0.781444 -0.25212699999999993
v 0.540369 -0.779 0.38913600000000004
v 0.29261 -0.551785 -0.25212599999999996
v 0.617942 -0.544435 0.31374500000000005
v 0.641464 0.13518400000000003 0.310782
v 0.302108 0.13518299999999997 -0.252127
v 0.020278 1.689757 0.5573909999999999
v 0.016719 1.557336 0.0686039999999999
v -0.305626 1.326628 0.48208699999999993
v -0.416466 1.082614 0.06860399999999993
v 0.015099 1.319976 -0.24050000000000007
v -0.461536 1.074883 0.43033199999999994
v -0.194337 1.082616 -0.24209300000000006
v -0.514255 0.845254 0.06860399999999994
v -0.565326 0.835352 0.38864599999999994
v -0.249341 0.845254 -0.24209300000000006
v -0.587332 0.135182 0.06860399999999998
v -0.6478 0.13518300000000003 0.310782
v -0.285463 0.13518199999999997 -0.242093
v -2.181509 -1.52418 0.17050300000000007
v -2.157261 -1.591389 0.1705030000000001
v -2.1939 -1.49053 0.1085530000000001
v -2.157598 -1.59129 0.0466040000000001
v -2.182035 -1.524072 0.04660400000000009
v -2.145238 -1.624953 0.1085530000000001
v -2.117138 -1.631816 0.23851800000000012
v -2.153088 -1.694224 0.23851800000000012
v -2.045401 -1.631698 0.23851800000000012
v -2.045536 -1.756411 0.23851800000000012
v -2.00956 -1.694034 0.23851800000000012
v -2.117326 -1.756469 0.23851800000000012
v 2.119129 -1.164859 0.36707100000000004
v 2.078651 -1.242634 0.36707100000000004
v 2.202715 -1.138527 0.36707100000000004
v 2.306769 -1.262568 0.36707100000000004
v 2.280436 -1.178974 0.36707100000000004
v 2.182715 -1.366892 0.3670710000000001
v 2.26629 -1.340433 0.36707100000000004
v 2.104987 -1.326354 0.36707100000000004
v -0.587332 0.135182 0.06860399999999998
v -0.285463 0.13518199999999997 -0.242093
v -0.275811 -0.574888 -0.24209299999999997
v -0.6234 -0.567538 0.31374500000000005
v -0.6478 0.13518300000000003 0.310782
v -0.567211 -0.574889 0.06860400000000004
v -0.227733 -0.812248 -0.24209299999999995
v -0.537903 -0.809803 0.38913600000000004
v -0.485606 -0.812248 0.06860400000000005
v -0.358072 -1.056261 0.48208700000000004
v 0.016652 -1.286968 0.06860400000000008
v 0.015099 -1.049609 -0.24049999999999994
v 0.016585 -1.316865 0.5573910000000001
v -2.301425 -1.81601 0.26845200000000013
v -2.253602 -1.851393 0.26845200000000013
v -2.310302 -1.756996 0.26845200000000013
v -2.216269 -1.699969 0.26845200000000013
v -2.275045 -1.708896 0.26845200000000013
v -2.159481 -1.794509 0.26845200000000013
v -2.168378 -1.735464 0.26845200000000013
v -2.194808 -1.842494 0.26845200000000013
v -2.15133 -1.345111 0.040078000000000086
v -2.11348 -1.347118 0.16781500000000008
v -2.080479 -1.338279 0.18027700000000008
v -2.082375 -1.309337 0.040077000000000085
v -2.137419 -1.414098 0.040078000000000086
v -2.109947 -1.386628 0.16817600000000008
v -2.071966 -1.428333 0.04007700000000009
v -2.11348 -1.347118 0.16781500000000008
v -2.076167 -1.387687 0.18032800000000007
v 1.167029 0.28355300000000006 1.348733
v 1.1322 0.33329500000000006 1.348733
v 0.845496 -1.292688 1.348733
v 0.895237 -1.25786 1.348733
v 2.243296 0.09377900000000008 1.348733
v 2.006332 -1.497375 1.348733
v 2.293037 0.12860900000000008 1.348733
v 1.971503 -1.447633 1.348733
vt 0.395054 0.096094
vt 0.395055 0.147898
vt 0.687782 0.137901
vt 0.687782 0.137901
vt 0.687781 0.106084
vt 0.395054 0.096094
vt 0.395054 0.096094
vt 0.395055 0.147898
vt 0.687782 0.137901
vt 0.687782 0.137901
vt 0.687781 0.106084
vt 0.395054 0.096094
vt 0.554436 0.841415
vt 0.402212 0.841416
vt 0.402212 0.832648
vt 0.803504 0.914951
vt 0.759478 0.914951
vt 0.764619 0.872138
vt 0.747356 0.723165
vt 0.736275 0.798990
vt 0.736276 0.723174
vt 0.653655 0.878174
vt 0.632668 0.843339
vt 0.634742 0.862051
vt 0.619291 0.864038
vt 0.625320 0.853418
vt 0.632668 0.843339
vt 0.395054 0.096094
vt 0.687781 0.106084
vt 0.687782 0.137901
vt 0.687782 0.137901
vt 0.395055 0.147898
vt 0.395054 0.096094
vt 0.395054 0.096094
vt 0.687781 0.106084
vt 0.687782 0.137901
vt 0.687782 0.137901
vt 0.395055 0.147898
vt 0.395054 0.096094
vt 0.614666 0.217163
vt 0.614276 0.194987
vt 0.290043 0.198169
vt 0.290043 0.198169
vt 0.286730 0.220788
vt 0.614666 0.217163
vt 0.556622 0.473685
vt 0.556622 0.270168
vt 0.414935 0.460998
vt 0.556622 0.270168
vt 0.414935 0.285172
vt 0.414935 0.460998
vt 0.414935 0.285172
vt 0.556622 0.270168
vt 0.414935 0.460998
vt 0.556622 0.270168
vt 0.556622 0.473685
vt 0.414935 0.460998
vt 0.882356 0.999006
vt 0.882351 0.490789
vt 0.894410 0.490789
vt 0.894410 0.490789
vt 0.894415 0.999006
vt 0.917747 0.999006
vt 0.917741 0.490789
vt 0.931127 0.490788
vt 0.931132 0.999006
vt 0.917747 0.999006
vt 0.906404 0.999006
vt 0.906399 0.490789
vt 0.917741 0.490789
vt 0.917747 0.999006
vt 0.906404 0.999006
vt 0.653655 0.878174
vt 0.619195 0.889017
vt 0.619291 0.864038
vt 0.619291 0.864038
vt 0.632668 0.843339
vt 0.658450 0.858696
vt 0.636608 0.853651
vt 0.655269 0.837669
vt 0.634742 0.862051
vt 0.636608 0.853651
vt 0.632668 0.843339
vt 0.636608 0.853651
vt 0.135508 0.071398
vt 0.002642 0.071398
vt 0.002642 0.071398
vt 0.135508 0.071398
vt 0.135508 0.071398
vt 0.002642 0.059133
vt 0.135508 0.059133
vt 0.002642 0.045060
vt 0.135508 0.045059
vt 0.002642 0.032584
vt 0.135508 0.032583
vt 0.038047 0.841108
vt 0.032502 0.845912
vt 0.031123 0.823485
vt 0.043004 0.829382
vt 0.031123 0.823485
vt 0.046592 0.880795
vt 0.057284 0.866540
vt 0.032502 0.845912
vt 0.032064 0.888839
vt 0.032502 0.845912
vt 0.046592 0.880795
vt 0.032064 0.888839
vt 0.032502 0.845912
vt 0.043004 0.829382
vt 0.057284 0.866540
vt 0.038047 0.841108
vt 0.031123 0.823485
vt 0.032502 0.845912
vt 0.032502 0.845912
vt 0.031123 0.823485
vt 0.520826 0.555941
vt 0.497305 0.555941
vt 0.497305 0.518194
vt 0.520826 0.518194
vt 0.471081 0.586941
vt 0.471081 0.560413
vt 0.517699 0.560413
vt 0.517699 0.586941
vt 0.470460 0.518459
vt 0.493981 0.518459
vt 0.493981 0.556207
vt 0.470460 0.556207
vt 0.471268 0.662012
vt 0.471268 0.635485
vt 0.517886 0.635485
vt 0.517886 0.662012
vt 0.517699 0.591995
vt 0.517699 0.629743
vt 0.471081 0.629743
vt 0.471081 0.591995
vt 0.520826 0.555941
vt 0.497305 0.555941
vt 0.497305 0.518194
vt 0.520826 0.518194
vt 0.471081 0.586941
vt 0.471081 0.560413
vt 0.517699 0.560413
vt 0.517699 0.586941
vt 0.470460 0.518459
vt 0.493981 0.518459
vt 0.493981 0.556207
vt 0.470460 0.556207
vt 0.471268 0.662012
vt 0.471268 0.635485
vt 0.517886 0.635485
vt 0.517886 0.662012
vt 0.517699 0.591995
vt 0.517699 0.629743
vt 0.471081 0.629743
vt 0.471081 0.591995
vt 0.874775 0.846220
vt 0.832314 0.846512
vt 0.831526 0.779058
vt 0.874281 0.779499
vt 0.875056 0.726992
vt 0.832516 0.725806
vt 0.831552 0.659694
vt 0.874203 0.659272
vt 0.771897 0.756256
vt 0.822614 0.756256
vt 0.822614 0.791296
vt 0.771897 0.791296
vt 0.771897 0.642405
vt 0.822614 0.642405
vt 0.822614 0.673764
vt 0.771897 0.673764
vt 0.771897 0.680185
vt 0.822614 0.680185
vt 0.822614 0.709873
vt 0.771897 0.709873
vt 0.771897 0.716698
vt 0.822614 0.716698
vt 0.822614 0.750868
vt 0.771897 0.750868
vt 0.801862 0.795198
vt 0.823234 0.795198
vt 0.823234 0.830016
vt 0.801862 0.830016
vt 0.409920 0.999088
vt 0.270021 0.999088
vt 0.270021 0.846069
vt 0.409920 0.846069
vt 0.099490 0.559572
vt 0.099490 0.523217
vt 0.002610 0.523217
vt 0.002610 0.559572
vt 0.563473 0.840302
vt 0.563473 0.834532
vt 0.622314 0.834532
vt 0.622314 0.840302
vt 0.099490 0.523217
vt 0.099490 0.559572
vt 0.002610 0.559572
vt 0.002610 0.523217
vt 0.560605 0.840691
vt 0.560605 0.834144
vt 0.622435 0.834143
vt 0.622435 0.840690
vt 0.735999 0.815101
vt 0.646183 0.815101
vt 0.646183 0.612022
vt 0.735999 0.612022
vt 0.340403 0.282587
vt 0.340403 0.269133
vt 0.329756 0.269133
vt 0.329370 0.282965
vt 0.340403 0.282587
vt 0.329370 0.282965
vt 0.329756 0.269133
vt 0.340403 0.269133
vt 0.920190 0.165820
vt 0.920190 0.037597
vt 0.930806 0.037597
vt 0.930806 0.165820
vt 0.920810 0.323180
vt 0.920810 0.174929
vt 0.931561 0.174929
vt 0.931561 0.323180
vt 0.920634 0.466217
vt 0.920634 0.332439
vt 0.931611 0.332439
vt 0.931611 0.466217
vt 0.164910 0.256028
vt 0.162292 0.248070
vt 0.276901 0.247652
vt 0.276669 0.255823
vt 0.276901 0.247652
vt 0.162292 0.248070
vt 0.164910 0.256028
vt 0.276669 0.255823
vt 0.236867 0.512205
vt 0.236867 0.516829
vt 0.227551 0.516801
vt 0.227551 0.512176
vt 0.294511 0.023773
vt 0.303493 0.007809
vt 0.608212 0.007808
vt 0.616581 0.023772
vt 0.497305 0.518194
vt 0.520826 0.518194
vt 0.520826 0.555941
vt 0.497305 0.555941
vt 0.517699 0.560413
vt 0.517699 0.586941
vt 0.471081 0.586941
vt 0.471081 0.560413
vt 0.493981 0.556207
vt 0.470460 0.556207
vt 0.470460 0.518459
vt 0.493981 0.518459
vt 0.517886 0.635485
vt 0.517886 0.662012
vt 0.471268 0.662012
vt 0.471268 0.635485
vt 0.471081 0.629743
vt 0.471081 0.591995
vt 0.517699 0.591995
vt 0.517699 0.629743
vt 0.160703 0.559927
vt 0.186969 0.559927
vt 0.186969 0.523144
vt 0.160703 0.523144
vt 0.143684 0.559927
vt 0.160703 0.559927
vt 0.160703 0.523144
vt 0.143684 0.523144
vt 0.493981 0.556207
vt 0.470460 0.556207
vt 0.470460 0.518459
vt 0.493981 0.518459
vt 0.517886 0.635485
vt 0.517886 0.662012
vt 0.471268 0.662012
vt 0.471268 0.635485
vt 0.497305 0.518194
vt 0.520826 0.518194
vt 0.520826 0.555941
vt 0.497305 0.555941
vt 0.517699 0.560413
vt 0.517699 0.586941
vt 0.471081 0.586941
vt 0.471081 0.560413
vt 0.517699 0.591995
vt 0.517699 0.629743
vt 0.471081 0.629743
vt 0.471081 0.591995
vt 0.003054 0.059211
vt 0.134941 0.059319
vt 0.134201 0.071477
vt 0.002642 0.071398
vt 0.135508 0.071398
vt 0.135508 0.084584
vt 0.002642 0.084585
vt 0.135508 0.095758
vt 0.002642 0.095758
vt 0.135508 0.110000
vt 0.002642 0.110001
vt 0.135508 0.122896
vt 0.002642 0.122896
vt 0.225634 0.835337
vt 0.225575 0.841550
vt 0.156932 0.841551
vt 0.156991 0.835338
vt 0.227551 0.516801
vt 0.227551 0.512176
vt 0.236867 0.512205
vt 0.236867 0.516829
vt 0.470460 0.518459
vt 0.493981 0.518459
vt 0.493981 0.556207
vt 0.470460 0.556207
vt 0.471081 0.586941
vt 0.471081 0.560413
vt 0.517699 0.560413
vt 0.517699 0.586941
vt 0.520826 0.555941
vt 0.497305 0.555941
vt 0.497305 0.518194
vt 0.520826 0.518194
vt 0.471268 0.662012
vt 0.471268 0.635485
vt 0.517886 0.635485
vt 0.517886 0.662012
vt 0.517699 0.591995
vt 0.517699 0.629743
vt 0.471081 0.629743
vt 0.471081 0.591995
vt 0.186969 0.559927
vt 0.160703 0.559927
vt 0.160703 0.523144
vt 0.186969 0.523144
vt 0.160703 0.559927
vt 0.143684 0.559927
vt 0.143684 0.523144
vt 0.160703 0.523144
vt 0.930806 0.037597
vt 0.930806 0.165820
vt 0.920190 0.165820
vt 0.920190 0.037597
vt 0.931561 0.174929
vt 0.931561 0.323180
vt 0.920810 0.323180
vt 0.920810 0.174929
vt 0.931611 0.332439
vt 0.931611 0.466217
vt 0.920634 0.466217
vt 0.920634 0.332439
vt 0.608212 0.007808
vt 0.616581 0.023772
vt 0.294511 0.023773
vt 0.303493 0.007809
vt 0.186969 0.523144
vt 0.243655 0.523144
vt 0.243655 0.559927
vt 0.186969 0.559927
vt 0.614277 0.199915
vt 0.608637 0.216026
vt 0.286730 0.216028
vt 0.295527 0.199917
vt 0.943923 0.381908
vt 0.959319 0.387525
vt 0.959321 0.718480
vt 0.943926 0.718481
vt 0.614277 0.199915
vt 0.608637 0.216026
vt 0.286730 0.216028
vt 0.295527 0.199917
vt 0.947584 0.747796
vt 0.961969 0.754212
vt 0.961970 0.982259
vt 0.947585 0.982259
vt 0.367782 0.063011
vt 0.373425 0.033526
vt 0.373374 0.092586
vt 0.384657 0.033614
vt 0.384657 0.033614
vt 0.390247 0.063190
vt 0.373374 0.092586
vt 0.384606 0.092676
vt 0.537207 0.490359
vt 0.637481 0.490359
vt 0.632275 0.532204
vt 0.542415 0.532205
vt 0.632275 0.532204
vt 0.651028 0.511939
vt 0.651029 0.581250
vt 0.632275 0.566957
vt 0.637481 0.602953
vt 0.537208 0.602954
vt 0.542415 0.566958
vt 0.632275 0.566957
vt 0.542415 0.566958
vt 0.523423 0.581323
vt 0.523423 0.512012
vt 0.542415 0.532205
vt 0.632275 0.566957
vt 0.542415 0.566958
vt 0.542415 0.532205
vt 0.632275 0.532204
vt 0.993209 0.742852
vt 0.977814 0.737235
vt 0.977814 0.406279
vt 0.993209 0.406279
vt 0.614277 0.199915
vt 0.608637 0.216026
vt 0.286730 0.216028
vt 0.295527 0.199917
vt 0.958933 0.366272
vt 0.943837 0.360864
vt 0.943837 0.042130
vt 0.958933 0.030046
vt 0.377558 0.185934
vt 0.383638 0.170752
vt 0.599713 0.170751
vt 0.599713 0.185932
vt 0.947290 0.005711
vt 0.941265 0.020583
vt 0.638619 0.020587
vt 0.628510 0.005715
vt 0.976756 0.018064
vt 0.990885 0.018064
vt 0.990886 0.380697
vt 0.976757 0.380697
vt 0.414935 0.285172
vt 0.367713 0.296415
vt 0.414935 0.460998
vt 0.367713 0.447686
vt 0.367713 0.447686
vt 0.367713 0.296415
vt 0.414935 0.460998
vt 0.414935 0.285172
vt 0.894415 0.999006
vt 0.894410 0.490789
vt 0.906399 0.490789
vt 0.906404 0.999006
vt 0.123708 0.487190
vt 0.123708 0.477808
vt 0.297297 0.477808
vt 0.297297 0.487190
vt 0.297297 0.487190
vt 0.297297 0.477808
vt 0.418502 0.477808
vt 0.418502 0.487190
vt 0.418502 0.487190
vt 0.418502 0.477808
vt 0.592091 0.477808
vt 0.592091 0.487190
vt 0.002503 0.487190
vt 0.002503 0.477808
vt 0.123708 0.477808
vt 0.123708 0.487190
vt 0.323939 0.814268
vt 0.323939 0.671885
vt 0.507052 0.671885
vt 0.507052 0.814268
vt 0.253166 0.497545
vt 0.461471 0.497545
vt 0.461471 0.661580
vt 0.253166 0.661580
vt 0.874446 0.993079
vt 0.831206 0.993080
vt 0.831724 0.789889
vt 0.874972 0.786811
vt 0.832088 0.646688
vt 0.875329 0.646687
vt 0.002522 0.667866
vt 0.243685 0.667867
vt 0.243686 0.657513
vt 0.002523 0.657512
vt 0.243685 0.630274
vt 0.002523 0.630273
vt 0.243686 0.596234
vt 0.002523 0.596233
vt 0.243686 0.564496
vt 0.002523 0.564495
vt 0.002643 0.564496
vt 0.243806 0.564495
vt 0.243806 0.596233
vt 0.002643 0.596234
vt 0.243806 0.630273
vt 0.002643 0.630274
vt 0.243806 0.657512
vt 0.002643 0.657513
vt 0.243806 0.667866
vt 0.002643 0.667867
vt 0.316388 0.821614
vt 0.339673 0.818469
vt 0.362958 0.821614
vt 0.293103 0.832337
vt 0.386243 0.832337
vt 0.402241 0.846069
vt 0.277049 0.846069
vt 0.064857 0.846191
vt 0.265231 0.846191
vt 0.265231 0.999210
vt 0.064857 0.893002
vt 0.002485 0.999210
vt 0.002485 0.893002
vt 0.415109 0.845887
vt 0.615170 0.845887
vt 0.615170 0.892699
vt 0.415109 0.998906
vt 0.677542 0.892699
vt 0.677542 0.998906
vt 0.816214 0.893346
vt 0.822418 0.893346
vt 0.816192 0.916689
vt 0.822484 0.998872
vt 0.688659 0.916689
vt 0.683351 0.998872
vt 0.683284 0.892746
vt 0.688656 0.892746
vt 0.438008 0.239179
vt 0.438008 0.224765
vt 0.375706 0.224765
vt 0.375457 0.239179
vt 0.330700 0.224765
vt 0.330700 0.239179
vt 0.032064 0.888839
vt 0.004286 0.867804
vt 0.018354 0.830194
vt 0.032502 0.845912
vt 0.031123 0.823485
vt 0.032064 0.888839
vt 0.004286 0.867804
vt 0.018354 0.830194
vt 0.032502 0.845912
vt 0.031123 0.823485
vt 0.002642 0.032584
vt 0.135508 0.032583
vt 0.135508 0.045059
vt 0.002642 0.045060
vt 0.135508 0.059133
vt 0.002642 0.059133
vt 0.135508 0.071398
vt 0.002642 0.071398
vt 0.002896 0.473958
vt 0.003177 0.284492
vt 0.136458 0.284602
vt 0.149414 0.473958
vt 0.184902 0.285942
vt 0.202057 0.473958
vt 0.244207 0.267941
vt 0.245057 0.473958
vt 0.319597 0.246201
vt 0.317506 0.368651
vt 0.287587 0.473958
vt 0.010902 0.274243
vt 0.005035 0.267127
vt 0.071261 0.256954
vt 0.072709 0.264521
vt 0.121107 0.247305
vt 0.124201 0.255513
vt 0.162292 0.248070
vt 0.164910 0.256028
vt 0.010902 0.274243
vt 0.005035 0.267127
vt 0.071261 0.256954
vt 0.072709 0.264521
vt 0.121107 0.247305
vt 0.124201 0.255513
vt 0.162292 0.248070
vt 0.164910 0.256028
vt 0.276901 0.247652
vt 0.276669 0.255823
vt 0.135508 0.122896
vt 0.002642 0.122896
vt 0.002642 0.110001
vt 0.135508 0.110000
vt 0.002642 0.095758
vt 0.135508 0.095758
vt 0.002642 0.084585
vt 0.135508 0.084584
vt 0.002642 0.071398
vt 0.135508 0.071398
vt 0.319597 0.246201
vt 0.287587 0.473958
vt 0.245057 0.473958
vt 0.244207 0.267941
vt 0.202057 0.473958
vt 0.184902 0.285942
vt 0.136458 0.284602
vt 0.002896 0.473958
vt 0.003177 0.284492
vt 0.133052 0.527309
vt 0.138652 0.537661
vt 0.143684 0.523144
vt 0.141059 0.560229
vt 0.143684 0.559927
vt 0.276389 0.193653
vt 0.276389 0.125626
vt 0.150188 0.125626
vt 0.158251 0.193653
vt 0.104986 0.125626
vt 0.037006 0.125626
vt 0.009167 0.179769
vt 0.120301 0.242738
vt 0.161681 0.243559
vt 0.117580 0.191461
vt 0.004001 0.261539
vt 0.363229 0.114751
vt 0.276147 0.114752
vt 0.276147 0.100221
vt 0.363229 0.100221
vt 0.276147 0.082538
vt 0.363229 0.082538
vt 0.276147 0.065644
vt 0.363229 0.065644
vt 0.276147 0.048750
vt 0.363229 0.048749
vt 0.276147 0.032941
vt 0.363229 0.032940
vt 0.272420 0.123077
vt 0.139553 0.123077
vt 0.139553 0.110182
vt 0.272420 0.110181
vt 0.139553 0.095939
vt 0.272419 0.095939
vt 0.139553 0.077513
vt 0.272419 0.077513
vt 0.139553 0.059315
vt 0.272419 0.059314
vt 0.139553 0.045241
vt 0.272419 0.045240
vt 0.139553 0.032765
vt 0.272419 0.032764
vt 0.367713 0.296415
vt 0.367713 0.447686
vt 0.344105 0.421367
vt 0.344105 0.320616
vt 0.320496 0.369931
vt 0.101643 0.814279
vt 0.087088 0.814279
vt 0.082610 0.772303
vt 0.106120 0.772303
vt 0.072194 0.753049
vt 0.062153 0.745634
vt 0.116537 0.753049
vt 0.052112 0.742605
vt 0.126577 0.745634
vt 0.185924 0.671896
vt 0.136618 0.742605
vt 0.146659 0.745634
vt 0.156700 0.753049
vt 0.042071 0.745634
vt 0.167116 0.772303
vt 0.185924 0.814279
vt 0.171594 0.814279
vt 0.002811 0.671896
vt 0.032031 0.753049
vt 0.021614 0.772303
vt 0.002811 0.814279
vt 0.017137 0.814279
vt 0.641914 0.814294
vt 0.628713 0.814294
vt 0.624236 0.772318
vt 0.641914 0.671911
vt 0.613819 0.753063
vt 0.603778 0.745649
vt 0.593737 0.742620
vt 0.511185 0.671911
vt 0.583697 0.745649
vt 0.573656 0.753063
vt 0.563239 0.772318
vt 0.511185 0.814294
vt 0.558762 0.814294
vt 0.375706 0.224765
vt 0.438008 0.224765
vt 0.438008 0.239179
vt 0.375457 0.239179
vt 0.330700 0.224765
vt 0.330700 0.239179
vt 0.071261 0.256954
vt 0.005035 0.267127
vt 0.010902 0.274243
vt 0.072709 0.264521
vt 0.121107 0.247305
vt 0.124201 0.255513
vt 0.162292 0.248070
vt 0.164910 0.256028
vt 0.276901 0.247652
vt 0.276669 0.255823
vt 0.150188 0.125626
vt 0.276389 0.125626
vt 0.276389 0.193653
vt 0.158251 0.193653
vt 0.104986 0.125626
vt 0.161681 0.243559
vt 0.120301 0.242738
vt 0.117580 0.191461
vt 0.037006 0.125626
vt 0.070044 0.253969
vt 0.009167 0.179769
vt 0.004001 0.261539
vt 0.245057 0.473958
vt 0.287587 0.473958
vt 0.319597 0.246201
vt 0.244207 0.267941
vt 0.202057 0.473958
vt 0.184902 0.285942
vt 0.136458 0.284602
vt 0.002896 0.473958
vt 0.003177 0.284492
vt 0.071261 0.256954
vt 0.005035 0.267127
vt 0.010902 0.274243
vt 0.072709 0.264521
vt 0.121107 0.247305
vt 0.124201 0.255513
vt 0.162292 0.248070
vt 0.164910 0.256028
vt 0.320496 0.369931
vt 0.344105 0.421367
vt 0.344105 0.320616
vt 0.367713 0.296415
vt 0.367713 0.447686
vt 0.207220 0.772273
vt 0.202743 0.814249
vt 0.189542 0.814249
vt 0.189542 0.671866
vt 0.217638 0.753018
vt 0.227678 0.745604
vt 0.237719 0.742575
vt 0.247759 0.745604
vt 0.257800 0.753018
vt 0.320272 0.814249
vt 0.320272 0.671866
vt 0.268217 0.772273
vt 0.272694 0.814249
vt 0.683352 0.892746
vt 0.683286 0.846016
vt 0.822352 0.846016
vt 0.822418 0.891975
vt 0.813938 0.915380
vt 0.689620 0.915380
vt 0.705534 0.832283
vt 0.728819 0.821560
vt 0.752104 0.818415
vt 0.689536 0.846016
vt 0.798675 0.832283
vt 0.775390 0.821560
vt 0.814729 0.846016
vt 0.375216 0.266218
vt 0.437903 0.266218
vt 0.437903 0.243207
vt 0.375351 0.243207
vt 0.330594 0.243207
vt 0.330594 0.266218
vt 0.488121 0.236886
vt 0.550343 0.236938
vt 0.550343 0.226572
vt 0.488121 0.226470
vt 0.443035 0.226352
vt 0.443035 0.236769
vt 0.487910 0.264636
vt 0.550213 0.264636
vt 0.550213 0.241424
vt 0.487991 0.241373
vt 0.442905 0.241255
vt 0.442905 0.264636
vt 0.437903 0.243207
vt 0.437903 0.266218
vt 0.375216 0.266218
vt 0.375351 0.243207
vt 0.330594 0.243207
vt 0.330594 0.266218
vt 0.550343 0.226572
vt 0.550343 0.236938
vt 0.488121 0.236886
vt 0.488121 0.226470
vt 0.443035 0.226352
vt 0.443035 0.236769
vt 0.550213 0.241424
vt 0.550213 0.264636
vt 0.487910 0.264636
vt 0.487991 0.241373
vt 0.442905 0.241255
vt 0.442905 0.264636
vt 0.150188 0.125626
vt 0.276389 0.125626
vt 0.276389 0.193653
vt 0.158251 0.193653
vt 0.161681 0.243559
vt 0.276147 0.243677
vt 0.276389 0.193653
vt 0.276389 0.125626
vt 0.150188 0.125626
vt 0.158251 0.193653
vt 0.161681 0.243559
vt 0.276147 0.243677
vt 0.287587 0.473958
vt 0.317506 0.368651
vt 0.245057 0.473958
vt 0.319597 0.246201
vt 0.244207 0.267941
vt 0.202057 0.473958
vt 0.184902 0.285942
vt 0.149414 0.473958
vt 0.136458 0.284602
vt 0.003177 0.284492
vt 0.002896 0.473958
vt 0.004001 0.261539
vt 0.009167 0.179769
vt 0.070044 0.253969
vt 0.117580 0.191461
vt 0.037006 0.125626
vt 0.120301 0.242738
vt 0.104986 0.125626
vt 0.158251 0.193653
vt 0.161681 0.243559
vt 0.150188 0.125626
vt 0.276389 0.193653
vt 0.276147 0.243677
vt 0.276389 0.125626
vt 0.379757 0.097057
vt 0.388952 0.116640
vt 0.369573 0.111441
vt 0.377780 0.164990
vt 0.368584 0.145408
vt 0.387963 0.150607
vt 0.322524 0.152512
vt 0.365739 0.161572
vt 0.279310 0.161573
vt 0.322525 0.188758
vt 0.279310 0.179695
vt 0.365739 0.179695
vt 0.305952 0.148957
vt 0.279420 0.140162
vt 0.341661 0.148292
vt 0.363819 0.125455
vt 0.365630 0.138557
vt 0.301579 0.117325
vt 0.337288 0.116660
vt 0.277609 0.127060
vt 0.276389 0.193653
vt 0.276389 0.125626
vt 0.150188 0.125626
vt 0.161681 0.243559
vt 0.276147 0.243677
vt 0.158251 0.193653
vt 0.104986 0.125626
vt 0.120301 0.242738
vt 0.117580 0.191461
vt 0.070044 0.253969
vt 0.009167 0.179769
vt 0.037006 0.125626
vt 0.004001 0.261539
vt 0.337288 0.116660
vt 0.363819 0.125455
vt 0.301579 0.117325
vt 0.279420 0.140162
vt 0.277609 0.127060
vt 0.341661 0.148292
vt 0.305952 0.148957
vt 0.365630 0.138557
vt 0.666504 0.821058
vt 0.670231 0.841677
vt 0.668360 0.846783
vt 0.654801 0.828812
vt 0.680367 0.821041
vt 0.674853 0.840704
vt 0.691144 0.829327
vt 0.670231 0.841677
vt 0.676028 0.846003
vt 0.253166 0.497545
vt 0.247451 0.491100
vt 0.467185 0.491100
vt 0.461471 0.497545
vt 0.253166 0.661580
vt 0.467185 0.668025
vt 0.247451 0.668025
vt 0.461471 0.661580
vn 0.079775 -0.992886 -0.08839499999999995
vn 0.079775 -0.992886 -0.08839499999999995
vn 0.079775 -0.992886 -0.08839499999999995
vn 0.111942 -0.989313 -0.09342899999999994
vn 0.111942 -0.989313 -0.09342899999999994
vn 0.111942 -0.989313 -0.09342899999999994
vn -0.093848 -0.980177 -0.17448699999999995
vn -0.093848 -0.980177 -0.17448699999999995
vn -0.093848 -0.980177 -0.17448699999999995
vn -0.061557 -0.981797 -0.17968199999999995
vn -0.061557 -0.981797 -0.17968199999999995
vn -0.061557 -0.981797 -0.17968199999999995
vn 0.000514 -0.005877000000000062 -0.999983
vn 0.000514 -0.005877000000000062 -0.999983
vn 0.000514 -0.005877000000000062 -0.999983
vn -0.087151 0.996195 9.999999999390007E-07
vn -0.087151 0.996195 9.999999999390007E-07
vn -0.087151 0.996195 9.999999999390007E-07
vn -0.000514 0.005877000000000062 0.999983
vn -0.000514 0.005877000000000062 0.999983
vn -0.000514 0.005877000000000062 0.999983
vn -0.025854 0.883529 0.46766199999999997
vn 0.707728 -0.04845799999999996 0.704822
vn 0.48347 0.48124800000000006 0.731202
vn 0.246058 0.952338 0.18029899999999993
vn 0.588472 0.669212 -0.45371300000000003
vn 0.707728 -0.04845799999999996 0.704822
vn -0.111942 0.989313 0.09342899999999994
vn -0.111942 0.989313 0.09342899999999994
vn -0.111942 0.989313 0.09342899999999994
vn -0.079775 0.992886 0.08839499999999995
vn -0.079775 0.992886 0.08839499999999995
vn -0.079775 0.992886 0.08839499999999995
vn 0.061557 0.981797 0.17968199999999995
vn 0.061557 0.981797 0.17968199999999995
vn 0.061557 0.981797 0.17968199999999995
vn 0.093848 0.980177 0.17448699999999995
vn 0.093848 0.980177 0.17448699999999995
vn 0.093848 0.980177 0.17448699999999995
vn 0.166225 0.792273 -0.587089
vn 0.166225 0.792273 -0.587089
vn 0.166225 0.792273 -0.587089
vn 0.073789 0.819177 -0.568774
vn 0.073789 0.819177 -0.568774
vn 0.073789 0.819177 -0.568774
vn -0.006803 -0.00027599999999993873 0.999977
vn -0.006803 -0.00027599999999993873 0.999977
vn -0.006803 1.900000000006123E-05 0.999977
vn 0 0.005653000000000062 0.999984
vn 0 0.005653000000000062 0.999984
vn 0 0.005653000000000062 0.999984
vn 0 -0.0056529999999999385 0.999984
vn 0 -0.0056529999999999385 0.999984
vn 0 -0.0056529999999999385 0.999984
vn -0.006803 -0.00027599999999993873 0.999977
vn -0.006803 -0.00027599999999993873 0.999977
vn -0.006803 -0.00027599999999993873 0.999977
vn -0.894425 -0.447203 0.0037220000000000274
vn -0.447217 -0.894416 0.004165000000000055
vn -0.894418 0.447217 0.0037209999999999726
vn -0.894418 0.447217 0.0037209999999999726
vn -0.447208 0.89442 0.0041639999999999455
vn 0.447211 -0.894424 0.0028660000000000547
vn 0.894427 -0.447212 0.0011250000000000272
vn -0.447217 -0.894416 0.004165000000000055
vn -0.894425 -0.447203 0.0037220000000000274
vn 0.447211 -0.894424 0.0028660000000000547
vn 0.894428 0.447211 0.0011249999999999726
vn 0.447217 0.894421 0.0028659999999999454
vn 0.894427 -0.447212 0.0011250000000000272
vn 0.447211 -0.894424 0.0028660000000000547
vn 0.894428 0.447211 0.0011249999999999726
vn -0.025854 0.883529 0.46766199999999997
vn -0.473168 0.870203 0.13732599999999995
vn 0.246058 0.952338 0.18029899999999993
vn 0.246058 0.952338 0.18029899999999993
vn 0.707728 -0.04845799999999996 0.704822
vn 0.908433 -0.320217 0.268721
vn 0.72904 -0.24550799999999998 0.638926
vn 0.640048 -0.745819 0.18464200000000006
vn 0.48347 0.48124800000000006 0.731202
vn 0.72904 -0.24550799999999998 0.638926
vn 0.707728 -0.04845799999999996 0.704822
vn 0.72904 -0.24550799999999998 0.638926
vn 0.928791 -0.370602 -0.0008389999999999774
vn 0.994446 -0.105246 -0.0008769999999999936
vn 0.628982 -0.77742 -0.0003709999999999524
vn 0.394534 -0.918881 -4.999999999943735E-06
vn 0.928791 -0.370602 -0.0008389999999999774
vn -0.105725 -0.994395 0.001172000000000061
vn -0.371431 -0.928459 0.0020120000000000567
vn -0.778165 -0.628051 0.0033890000000000387
vn -0.919039 -0.394146 0.004089000000000024
vn -0.994494 0.104696 0.0044079999999999935
vn -0.929077 0.369864 0.003958999999999977
vn 0.697613 -0.4938429999999999 0.51909
vn 0.605882 0.565399 0.55967
vn 0.357417 0.07947200000000006 0.930557
vn 0.348985 -0.893171 0.28364700000000004
vn 0.357417 0.07947200000000006 0.930557
vn 0.794604 -0.54442 0.26872300000000005
vn 0.425211 -0.88606 0.18464100000000006
vn 0.605882 0.565399 0.55967
vn 0.227595 0.925706 0.30210699999999996
vn 0.605882 0.565399 0.55967
vn -0.839029 0.473096 0.26872199999999996
vn -0.146047 -0.94202 0.30210700000000007
vn -0.5543 -0.616051 0.559672
vn -0.425504 0.859354 0.28364799999999996
vn -0.500814 0.845632 0.18463699999999994
vn -0.737999 0.4311650000000001 0.519089
vn -0.349131 -0.11031799999999994 0.930558
vn -0.5543 -0.616051 0.559672
vn -0.5543 -0.616051 0.559672
vn -0.349131 -0.11031799999999994 0.930558
vn -0.998649 -0.051969 3.18218347524444E-18
vn -0.998649 -0.051969 3.18218347524444E-18
vn -0.998649 -0.051969 3.18218347524444E-18
vn -0.998649 -0.051969 3.18218347524444E-18
vn 0.051965 -0.998649 6.114961506608526E-17
vn 0.051965 -0.998649 6.114961506608526E-17
vn 0.051965 -0.998649 6.114961506608526E-17
vn 0.051965 -0.998649 6.114961506608526E-17
vn 0.998649 0.051969 -3.18218347524444E-18
vn 0.998649 0.051969 -3.18218347524444E-18
vn 0.998649 0.051969 -3.18218347524444E-18
vn 0.998649 0.051969 -3.18218347524444E-18
vn -0.051968 0.998649 -6.114961506608526E-17
vn -0.051968 0.998649 -6.114961506608526E-17
vn -0.051968 0.998649 -6.114961506608526E-17
vn -0.051968 0.998649 -6.114961506608526E-17
vn 0 6.123233995736766E-17 1
vn 0 6.123233995736766E-17 1
vn 0 6.123233995736766E-17 1
vn 0 6.123233995736766E-17 1
vn 0.173649 0.984808 -6.030209824873533E-17
vn 0.173649 0.984808 -6.030209824873533E-17
vn 0.173649 0.984808 -6.030209824873533E-17
vn 0.173649 0.984808 -6.030209824873533E-17
vn -0.984807 0.173651 -1.0633057065936851E-17
vn -0.984807 0.173651 -1.0633057065936851E-17
vn -0.984807 0.173651 -1.0633057065936851E-17
vn -0.984807 0.173651 -1.0633057065936851E-17
vn -0.173648 -0.984808 6.030209824873533E-17
vn -0.173648 -0.984808 6.030209824873533E-17
vn -0.173648 -0.984808 6.030209824873533E-17
vn -0.173648 -0.984808 6.030209824873533E-17
vn 0.984808 -0.173648 1.063287336891698E-17
vn 0.984808 -0.173648 1.063287336891698E-17
vn 0.984808 -0.173648 1.063287336891698E-17
vn 0.984808 -0.173648 1.063287336891698E-17
vn 0 6.123233995736766E-17 1
vn 0 6.123233995736766E-17 1
vn 0 6.123233995736766E-17 1
vn 0 6.123233995736766E-17 1
vn 0.198869 0.049049000000000065 0.978798
vn 0.191106 0.053254000000000065 0.980124
vn 0.198869 0.049049000000000065 0.978798
vn 0.206612 0.04484200000000006 0.977395
vn 0.080022 0.0032420000000000612 0.996788
vn 0.031942 0.027364000000000062 0.999115
vn 0.080022 0.0032420000000000612 0.996788
vn 0.127786 -0.020845999999999937 0.991583
vn -0.684828 0.727818 0.03595599999999996
vn -0.718058 0.693978 0.05278599999999996
vn -0.684828 0.727818 0.03595599999999996
vn -0.649876 0.759802 0.019040999999999954
vn -0.689217 -0.723566 0.03783100000000004
vn -0.72254 -0.691037 0.02009300000000004
vn -0.689217 -0.723566 0.03783100000000004
vn -0.654168 -0.754312 0.055483000000000046
vn 0.680654 -0.73222 0.023745000000000044
vn 0.714809 -0.698153 0.040383000000000044
vn 0.680654 -0.73222 0.023745000000000044
vn 0.644737 -0.764372 0.007050000000000047
vn 0.685103 0.727998 0.025558999999999953
vn 0.719054 0.694921 0.0067829999999999575
vn 0.685103 0.727998 0.025558999999999953
vn 0.64936 0.759191 0.04427499999999995
vn 0 6.123233995736766E-17 1
vn 0 6.123233995736766E-17 1
vn 0 6.123233995736766E-17 1
vn 0 6.123233995736766E-17 1
vn 0.087156 -0.996195 6.099935090382987E-17
vn 0.087156 -0.996195 6.099935090382987E-17
vn 0.087156 -0.996195 6.099935090382987E-17
vn 0.087156 -0.996195 6.099935090382987E-17
vn 0.996194 0.08716 -5.337010750684165E-18
vn 0.996194 0.08716 -5.337010750684165E-18
vn 0.996194 0.08716 -5.337010750684165E-18
vn 0.996194 0.08716 -5.337010750684165E-18
vn 2E-06 6.123233995736766E-17 1
vn 0 6.123233995736766E-17 1
vn 2E-06 6.123233995736766E-17 1
vn 2E-06 6.123233995736766E-17 1
vn -0.996195 -0.087155 5.336704588984378E-18
vn -0.996195 -0.087155 5.336704588984378E-18
vn -0.996195 -0.087155 5.336704588984378E-18
vn -0.996195 -0.087155 5.336704588984378E-18
vn 0 6.123233995736766E-17 1
vn 0 6.123233995736766E-17 1
vn 0 6.123233995736766E-17 1
vn 0 6.123233995736766E-17 1
vn 0 6.123233995736766E-17 1
vn 0 6.123233995736766E-17 1
vn 0 6.123233995736766E-17 1
vn 0 6.123233995736766E-17 1
vn 0 6.123233995736766E-17 1
vn 0 6.123233995736766E-17 1
vn 0 6.123233995736766E-17 1
vn 0 6.123233995736766E-17 1
vn 0 6.123233995736766E-17 1
vn 0 6.123233995736766E-17 1
vn 0 6.123233995736766E-17 1
vn 0 6.123233995736766E-17 1
vn -0.252413 -0.942017 0.22111300000000006
vn -0.252409 -0.942018 0.22111400000000006
vn -0.252413 -0.942017 0.22111300000000006
vn -0.252416 -0.942017 0.22111300000000006
vn -0.256492 -0.957246 0.13376400000000005
vn -0.256494 -0.957245 0.13376300000000005
vn -0.256492 -0.957246 0.13376400000000005
vn -0.25649 -0.957246 0.13376400000000005
vn -0.25358 -0.946387 0.20012400000000005
vn -0.253582 -0.946386 0.20012400000000005
vn -0.25358 -0.946387 0.20012400000000005
vn -0.253578 -0.946387 0.20012500000000005
vn 0.001251 0.004243000000000062 0.99999
vn 0.002502 0.004127000000000061 0.999988
vn 0.001251 0.004243000000000062 0.99999
vn 0 0.004359000000000062 0.999991
vn 0.034121 -0.10831599999999994 0.993531
vn 0.068192 -0.10225399999999994 0.992418
vn 0.034121 -0.10831599999999994 0.993531
vn 0 -0.11424999999999995 0.993452
vn 0.015881 6.122462468253303E-17 0.999874
vn 0.015881 6.122462468253303E-17 0.999874
vn 0.015881 6.122462468253303E-17 0.999874
vn 0.015881 6.122462468253303E-17 0.999874
vn 0.662195 -0.17111299999999993 0.729533
vn 0.721602 0.06128000000000004 0.689591
vn 0.662195 -0.17111299999999993 0.729533
vn 0.562802 -0.39490099999999995 0.726159
vn 0.173647 0.984808 -6.030209824873533E-17
vn 0.173647 0.984808 -6.030209824873533E-17
vn 0.173647 0.984808 -6.030209824873533E-17
vn 0.173647 0.984808 -6.030209824873533E-17
vn -0.984807 0.173652 -1.0633118298276808E-17
vn -0.984807 0.173652 -1.0633118298276808E-17
vn -0.984807 0.173652 -1.0633118298276808E-17
vn -0.984807 0.173652 -1.0633118298276808E-17
vn -0.173648 -0.984808 6.030209824873533E-17
vn -0.173648 -0.984808 6.030209824873533E-17
vn -0.173648 -0.984808 6.030209824873533E-17
vn -0.173648 -0.984808 6.030209824873533E-17
vn 0.984808 -0.173647 1.0632812136577021E-17
vn 0.984808 -0.173647 1.0632812136577021E-17
vn 0.984808 -0.173647 1.0632812136577021E-17
vn 0.984808 -0.173647 1.0632812136577021E-17
vn 0 6.123233995736766E-17 1
vn 0 6.123233995736766E-17 1
vn 0 6.123233995736766E-17 1
vn 0 6.123233995736766E-17 1
vn 0.173647 0.984808 -6.030209824873533E-17
vn 0.173648 0.984808 -6.030209824873533E-17
vn 0.173647 0.984808 -6.030209824873533E-17
vn 0.173647 0.984808 -6.030209824873533E-17
vn -0.989564 0.144096 -1.0000000000088233E-06
vn -0.989564 0.144096 -1.0000000000088233E-06
vn -0.989564 0.144096 -1.0000000000088233E-06
vn -0.989564 0.144096 -1.0000000000088233E-06
vn -0.965926 -0.258819 1.584809299542594E-17
vn -0.965926 -0.258819 1.584809299542594E-17
vn -0.965926 -0.258819 1.584809299542594E-17
vn -0.965926 -0.258819 1.584809299542594E-17
vn 0.258819 -0.965926 5.914590920566031E-17
vn 0.258819 -0.965926 5.914590920566031E-17
vn 0.258819 -0.965926 5.914590920566031E-17
vn 0.258819 -0.965926 5.914590920566031E-17
vn 0.965926 0.258818 -1.5848031763085984E-17
vn 0.965926 0.258818 -1.5848031763085984E-17
vn 0.965926 0.258818 -1.5848031763085984E-17
vn 0.965926 0.258818 -1.5848031763085984E-17
vn -0.258817 0.965926 -5.914590920566031E-17
vn -0.258817 0.965926 -5.914590920566031E-17
vn -0.258817 0.965926 -5.914590920566031E-17
vn -0.258817 0.965926 -5.914590920566031E-17
vn 0 6.123233995736766E-17 1
vn 0 6.123233995736766E-17 1
vn 0 6.123233995736766E-17 1
vn 0 6.123233995736766E-17 1
vn 0.670917 0.741439 -0.011737000000000044
vn 0.846784 0.531856 -0.009283000000000033
vn 0.222528 0.974828 -0.01385800000000006
vn -0.049855 0.998664 -0.01356000000000006
vn 0.222528 0.974828 -0.01385800000000006
vn -0.531877 0.846758 -0.010408000000000053
vn -0.741483 0.670929 -0.007556000000000041
vn -0.974914 0.22258 -0.0009670000000000136
vn -0.998761 -0.049692 0.002696000000000003
vn -0.84688 -0.531712 0.008701000000000033
vn -0.67126 -0.741141 0.010921000000000045
vn -0.222814 -0.974775 0.01291100000000006
vn 0.050124 -0.998663 0.012654000000000061
vn 0 0.999097 -0.042486000000000065
vn 0 0.999097 -0.042486000000000065
vn 0 0.999097 -0.042486000000000065
vn 0 0.999097 -0.042486000000000065
vn 0 6.123233995736766E-17 1
vn 0 6.123233995736766E-17 1
vn 0 6.123233995736766E-17 1
vn 0 6.123233995736766E-17 1
vn -0.906307 -0.422619 2.5877950280442764E-17
vn -0.906307 -0.422619 2.5877950280442764E-17
vn -0.906307 -0.422619 2.5877950280442764E-17
vn -0.906307 -0.422619 2.5877950280442764E-17
vn 0.422619 -0.906308 5.549535956208197E-17
vn 0.422619 -0.906308 5.549535956208197E-17
vn 0.422619 -0.906308 5.549535956208197E-17
vn 0.422619 -0.906308 5.549535956208197E-17
vn 0.906308 0.422618 -2.5877889048102807E-17
vn 0.906308 0.422618 -2.5877889048102807E-17
vn 0.906308 0.422618 -2.5877889048102807E-17
vn 0.906308 0.422618 -2.5877889048102807E-17
vn -0.422617 0.906309 -5.549542079442193E-17
vn -0.422617 0.906309 -5.549542079442193E-17
vn -0.422617 0.906309 -5.549542079442193E-17
vn -0.422617 0.906309 -5.549542079442193E-17
vn 0 6.123233995736766E-17 1
vn 0 6.123233995736766E-17 1
vn 0 6.123233995736766E-17 1
vn 0 6.123233995736766E-17 1
vn -0.173648 -0.984808 6.030209824873533E-17
vn -0.173649 -0.984808 1.0000000000603021E-06
vn -0.173648 -0.984808 6.030209824873533E-17
vn -0.173648 -0.984808 6.030209824873533E-17
vn -0.98957 0.144056 -8.820885964898555E-18
vn -0.98957 0.144055 -1.0000000000088207E-06
vn -0.98957 0.144056 -8.820885964898555E-18
vn -0.98957 0.144056 -8.820885964898555E-18
vn 0.990975 0.086713 0.102219
vn 0.990975 0.086714 0.102219
vn 0.990975 0.086713 0.102219
vn 0.990975 0.086713 0.102219
vn 0.993994 0.086961 0.066432
vn 0.993994 0.08696 0.066432
vn 0.993994 0.086961 0.066432
vn 0.993994 0.086962 0.066432
vn 0.991737 0.086764 0.0945
vn 0.991737 0.086764 0.0945
vn 0.991737 0.086764 0.0945
vn 0.991737 0.086765 0.0945
vn -0.013846 0.14518300000000006 0.989308
vn 0.03919 0.14569100000000004 0.988554
vn -0.013846 0.14518300000000006 0.989308
vn -0.066827 0.14426700000000006 0.98728
vn -0.984808 0.173649 -1.000000000010633E-06
vn -0.984808 0.173649 -1.000000000010633E-06
vn -0.984808 0.173649 -1.000000000010633E-06
vn -0.984808 0.173649 -1.000000000010633E-06
vn 0.027121 0.15084300000000006 0.988186
vn -0.005739 0.16481800000000005 0.986307
vn 0.027121 0.15084300000000006 0.988186
vn 0.059966 0.13666700000000007 0.9888
vn 0.044712 0.29344400000000004 0.95493
vn 0.009777 0.30281100000000005 0.953001
vn 0.044712 0.29344400000000004 0.95493
vn 0.079609 0.2836870000000001 0.955607
vn -0.120681 -0.812225 0.570724
vn -0.166707 -0.794566 0.583844
vn -0.120681 -0.812225 0.570724
vn -0.074547 -0.827707 0.556187
vn 0.012935 0.30352100000000004 0.952737
vn 0.011848 0.30034600000000006 0.953757
vn 0.012935 0.30352100000000004 0.952737
vn 0.014022 0.3066900000000001 0.951706
vn -0.939803 -0.341669 0.005725000000000021
vn -0.939793 -0.341698 0.005671000000000021
vn -0.939793 -0.341698 0.005671000000000021
vn -0.939793 -0.341698 0.005671000000000021
vn -0.940617 -0.339396 0.007096000000000021
vn -0.940822 -0.338826 0.007099000000000021
vn -0.940822 -0.338826 0.007099000000000021
vn -0.940822 -0.338826 0.007099000000000021
vn -0.768685 -0.20596699999999998 0.605559
vn -0.768685 -0.20596599999999998 0.605559
vn -0.768685 -0.20596699999999998 0.605559
vn -0.768685 -0.20596699999999998 0.605559
vn 0.24876 -0.928402 0.2760230000000001
vn 0.248764 -0.928399 0.2760290000000001
vn 0.24876 -0.928402 0.2760230000000001
vn 0.248757 -0.928405 0.27601600000000004
vn 0.848116 0.22725100000000004 0.478599
vn 0.848118 0.22725300000000004 0.478593
vn 0.848116 0.22725100000000004 0.478599
vn 0.848113 0.22725000000000004 0.478604
vn -0.248762 0.928401 0.27602199999999993
vn -0.248766 0.928398 0.27603099999999997
vn -0.248762 0.928401 0.27602199999999993
vn -0.248758 0.928405 0.27601299999999995
vn 0 6.123233995736766E-17 1
vn 0 6.123233995736766E-17 1
vn 0 6.123233995736766E-17 1
vn 0 6.123233995736766E-17 1
vn 0.00451 -0.18633699999999995 0.982476
vn 0.027181 -0.18974699999999994 0.981457
vn 0.00451 -0.18633699999999995 0.982476
vn -0.018171 -0.18282799999999994 0.982977
vn -0.003814 0.13867600000000005 0.990331
vn 0.004387 0.13588300000000006 0.990715
vn -0.003814 0.13867600000000005 0.990331
vn -0.012012 0.14145900000000006 0.989871
vn -0.454601 0.07949600000000005 0.887141
vn -0.449883 0.09059900000000005 0.888481
vn -0.454601 0.07949600000000005 0.887141
vn -0.45925 0.06838900000000006 0.885671
vn -0.20504 -0.037789999999999935 0.978024
vn -0.207082 -0.07549499999999995 0.975406
vn -0.20504 -0.037789999999999935 0.978024
vn -0.202703 4.000000000059961E-06 0.97924
vn -0.426648 0.14445400000000005 0.892807
vn -0.457033 0.07166800000000005 0.886558
vn -0.426648 0.14445400000000005 0.892807
vn -0.39354 0.21644500000000005 0.893464
vn 0.461816 5.4311615966026135E-17 0.886976
vn 0.461816 5.4311615966026135E-17 0.886976
vn 0.461816 5.4311615966026135E-17 0.886976
vn 0.461816 5.4311615966026135E-17 0.886976
vn 0 6.123233995736766E-17 1
vn 0 6.123233995736766E-17 1
vn 0 6.123233995736766E-17 1
vn 0 6.123233995736766E-17 1
vn 0 6.123233995736766E-17 1
vn 0 6.123233995736766E-17 1
vn 0 6.123233995736766E-17 1
vn 0 6.123233995736766E-17 1
vn -0.447208 0.89442 0.0041639999999999455
vn -0.894418 0.447217 0.0037209999999999726
vn 0.447217 0.894421 0.0028659999999999454
vn 0.894428 0.447211 0.0011249999999999726
vn 0.984808 -0.173647 1.0632812136577021E-17
vn 0.984808 -0.173647 1.0632812136577021E-17
vn 0.984808 -0.173647 1.0632812136577021E-17
vn 0.984808 -0.173647 1.0632812136577021E-17
vn 0.173647 0.984808 -6.030209824873533E-17
vn 0.173647 0.984808 -6.030209824873533E-17
vn 0.173647 0.984808 -6.030209824873533E-17
vn 0.173647 0.984808 -6.030209824873533E-17
vn -0.984808 0.173649 -1.0632934601256937E-17
vn -0.984808 0.173649 -1.0632934601256937E-17
vn -0.984808 0.173649 -1.0632934601256937E-17
vn -0.984808 0.173649 -1.0632934601256937E-17
vn -0.173647 -0.984808 6.030209824873533E-17
vn -0.173647 -0.984808 6.030209824873533E-17
vn -0.173647 -0.984808 6.030209824873533E-17
vn -0.173647 -0.984808 6.030209824873533E-17
vn 0.984808 -0.173648 1.063287336891698E-17
vn 0.984808 -0.173648 1.063287336891698E-17
vn 0.984808 -0.173648 1.063287336891698E-17
vn 0.984808 -0.173648 1.063287336891698E-17
vn 0 6.123233995736766E-17 1
vn 0 6.123233995736766E-17 1
vn 0 6.123233995736766E-17 1
vn 0 6.123233995736766E-17 1
vn 0.009079 0.0016360000000000612 0.999957
vn 0.008733 6.123001312844928E-17 0.999962
vn 0.046201 -0.00047199999999993883 0.998932
vn 0.083858 -0.00047199999999993894 0.996478
vn 0.120837 -0.0023389999999999392 0.99267
vn 0.121544 6.077836338892373E-17 0.992586
vn 0 6.123233995736766E-17 1
vn 0 6.123233995736766E-17 1
vn -0.239784 -0.02097799999999994 0.9706
vn -0.469985 -0.041117999999999946 0.881716
vn -0.583547 -0.05105299999999995 0.810473
vn -0.505469 -0.04422199999999994 0.861711
vn -0.330875 -0.028947999999999943 0.94323
vn -0.234436 -0.02050999999999994 0.971915
vn -0.135303 -0.01183699999999994 0.990734
vn -0.135303 -0.01183699999999994 0.990734
vn 0.135303 0.011837000000000061 0.990734
vn 0.135303 0.011837000000000061 0.990734
vn 0.234435 0.02051000000000006 0.971915
vn 0.330874 0.02894800000000006 0.943231
vn 0.504953 0.04417800000000006 0.862015
vn 0.582586 0.05097000000000005 0.811169
vn 0.468886 0.04102200000000006 0.882306
vn 0.239198 0.02092700000000006 0.970745
vn 0 6.123233995736766E-17 1
vn 0 6.123233995736766E-17 1
vn 0.087156 -0.996195 -9.999999999939001E-06
vn 0.087156 -0.996195 -3.4999999999939E-05
vn 0.087156 -0.996195 -5.999999999939001E-06
vn 0.087155 -0.996195 4.000000000060999E-06
vn 0.087155 -0.996195 1.0000000000609992E-06
vn 0.087155 -0.996195 -9.999999999390007E-07
vn 0.087155 -0.996195 -1.9999999999390004E-06
vn 0.996195 0.087156 -5.336765821324336E-18
vn 0.996195 0.087156 -5.336765821324336E-18
vn 0.996195 0.087156 -5.336765821324336E-18
vn 0.996195 0.087155 -5.336704588984378E-18
vn 0.996195 0.087155 -5.336704588984378E-18
vn 0.996195 0.087154 -5.336643356644421E-18
vn -0.996195 -0.087155 -9.999999999946632E-07
vn -0.996195 -0.087155 5.336704588984378E-18
vn -0.996195 -0.087154 -2.9999999999946633E-06
vn -0.996195 -0.087154 -2.9999999999946633E-06
vn -0.996195 -0.087154 -2.9999999999946633E-06
vn -0.996195 -0.087155 5.336704588984378E-18
vn -0.087146 0.996196 -6.099941213616983E-17
vn -0.087146 0.996196 -6.099941213616983E-17
vn -0.08715 0.996195 -6.099935090382987E-17
vn -0.087153 0.996195 -6.099935090382987E-17
vn -0.087158 0.996194 -6.099928967148992E-17
vn -0.087158 0.996195 -6.099935090382987E-17
vn -0.087161 0.996194 -6.099928967148992E-17
vn -0.087161 0.996194 -6.099928967148992E-17
vn 0.707605 -0.703066 -0.07066499999999996
vn -0.707549 -0.703196 -0.06993299999999995
vn -0.817795 -0.549082 -0.17239499999999996
vn 0.587892 -0.702756 -0.4006469999999999
vn -0.468961 -0.656606 -0.590716
vn 0.902002 -0.314514 -0.29576
vn 0.227595 0.925706 0.30210699999999996
vn -0.23182 0.963018 0.13731799999999994
vn -0.235351 0.940898 0.24355899999999994
vn 0.605882 0.565399 0.55967
vn 0.357417 0.07947200000000006 0.930557
vn -0.146047 -0.94202 0.30210700000000007
vn 0.314866 -0.939149 0.13732500000000006
vn 0.316463 -0.916804 0.24355900000000005
vn -0.5543 -0.616051 0.559672
vn -0.349131 -0.11031799999999994 0.930558
vn 0.050124 -0.998663 0.012654000000000061
vn -0.222814 -0.974775 0.01291100000000006
vn 0.532352 -0.846468 0.009693000000000052
vn 0.7419 -0.670473 0.007072000000000041
vn 0.974957 -0.222392 0.0006190000000000136
vn 0.998745 0.049982 -0.003089000000000003
vn 0.846784 0.531856 -0.009283000000000033
vn 0.670917 0.741439 -0.011737000000000044
vn 0.866592 -0.04927399999999997 0.496578
vn 0.853998 -0.06255199999999997 0.516502
vn 0.852855 0.15628200000000003 0.498211
vn 0.864377 0.20485600000000004 0.459225
vn 0.81534 0.418139 0.400475
vn 0.821749 0.451315 0.347913
vn 0.689941 0.660894 0.29529599999999995
vn 0.707474 0.646114 0.28638499999999995
vn 0.000206 0.974742 0.22333299999999995
vn 0.000127 0.905048 0.42530999999999997
vn 0.457233 0.719577 0.522636
vn 1.9E-05 0.05470100000000006 0.998503
vn 2.7E-05 6.123233995736766E-17 1
vn 0.190406 0.09842900000000006 0.976759
vn 0.192223 0.17093900000000006 0.966349
vn 0.216259 0.20941500000000005 0.953613
vn 0.1895 0.23266400000000007 0.953917
vn 0.18246 0.24010400000000007 0.953445
vn 0.15488 0.25550500000000004 0.954321
vn -0.181618 -0.04663399999999994 0.982263
vn -0.22517 3.900000000005966E-05 0.97432
vn -0.172966 -0.06635899999999995 0.98269
vn -0.142304 -0.10749299999999995 0.983969
vn -0.138783 -0.11525999999999995 0.983593
vn -0.11776 -0.12621199999999994 0.984989
vn -0.095795 -0.11917199999999994 0.988241
vn -0.0536 -0.11846099999999994 0.991511
vn -0.017738 -0.052173999999999936 0.99848
vn 1E-06 -0.055087999999999936 0.998481
vn -0.929077 0.369864 0.003958999999999977
vn -0.994494 0.104696 0.0044079999999999935
vn -0.629722 0.776816 0.0026819999999999522
vn -0.394772 0.918778 0.0015829999999999438
vn 0.105787 0.994389 0.00018599999999993912
vn 0.371708 0.92835 -0.00023600000000005683
vn 0.778317 0.627871 -0.0008010000000000384
vn 0.919021 0.394208 -0.0007760000000000242
vn 0.994446 -0.105246 -0.0008769999999999936
vn 0.928791 -0.370602 -0.0008389999999999774
vn -0.635378 -0.711668 0.29970600000000003
vn -0.559407 -0.757084 0.33747400000000005
vn -0.713866 -0.636671 0.2916250000000001
vn -0.783731 -0.558997 0.27072000000000007
vn -0.861007 -0.384715 0.332659
vn -0.825713 -0.479467 0.29716900000000007
vn -0.876039 -0.22186899999999998 0.428171
vn -0.868746 -0.11996999999999997 0.480508
vn -0.845838 -0.15663699999999997 0.509924
vn -0.173652 -0.984807 4.000000000060302E-06
vn -0.173646 -0.984808 2.000000000060302E-06
vn -0.173646 -0.984808 2.000000000060302E-06
vn -0.173646 -0.984808 2.000000000060302E-06
vn -0.173615 -0.984814 6.030246564277507E-17
vn 0.73942 0.058320999999999956 -0.670714
vn 0.71782 0.037317999999999955 -0.695228
vn 0.744395 0.09640399999999996 -0.660743
vn 0.858834 0.285455 -0.425346
vn 0.726185 0.43024299999999993 -0.536233
vn 0.668251 0.592654 -0.44966900000000004
vn 0.690513 0.624376 -0.3651650000000001
vn 0.873562 0.474663 -0.10763300000000003
vn 0.902357 0.410636 -0.13088200000000003
vn 0.797054 0.534185 -0.28169400000000006
vn 0.75288 0.645433 -0.12879500000000002
vn 0.296556 -0.812305 -0.50221
vn 0.296301 -0.813154 -0.500986
vn 0.336813 -0.921987 -0.19104299999999994
vn 0.33788 -0.9226 0.18613400000000005
vn 0.231887 -0.632795 0.738782
vn 0.121274 -0.33033999999999997 0.936039
vn -0.120778 0.32871700000000004 0.936674
vn -0.231061 0.629964 0.741456
vn -0.337828 0.921588 0.19117399999999996
vn -0.337401 0.922937 -0.18533100000000005
vn -0.297838 0.815352 -0.49648200000000003
vn -0.297519 0.816392 -0.49496100000000004
vn 0.32764 -0.944803 -0.00014899999999994215
vn 0.654954 -0.755668 0.00023100000000004627
vn -0.327591 -0.94482 -0.00029199999999994215
vn -0.655261 -0.755403 5.3000000000046256E-05
vn -0.982084 -0.18844 0.0008190000000000115
vn -0.98204 0.188667 0.0012809999999999885
vn -0.655296 0.755371 0.0011839999999999538
vn -0.327962 0.944691 0.0005589999999999421
vn 0.327199 0.944956 5.099999999994214E-05
vn 0.655147 0.755501 6.199999999995375E-05
vn 0.982089 0.188418 0.0003019999999999885
vn 0.982002 -0.188869 0.0004910000000000116
vn 0.654954 -0.755668 0.00023100000000004627
vn 0.32764 -0.944803 -0.00014899999999994215
vn 0 -0.006707999999999939 0.999978
vn 0 -0.006707999999999939 0.999978
vn 0 -0.006707999999999939 0.999978
vn 0 -0.006707999999999939 0.999978
vn 0 -0.0067119999999999385 0.999977
vn -0.984808 0.173647 -1.0000000000106328E-06
vn -0.984809 0.173644 -2.0000000000106327E-06
vn -0.984808 0.173647 -1.0000000000106328E-06
vn -0.984808 0.173646 -4.000000000010633E-06
vn -0.984809 0.173644 -9.000000000010632E-06
vn -0.984808 0.173647 9.999999999893672E-07
vn -0.984807 0.17365 5.999999999989367E-06
vn -0.984808 0.173648 5.999999999989367E-06
vn -0.984808 0.173648 -1.0000000000106328E-06
vn -0.984808 0.173647 9.999999999893672E-07
vn -0.984808 0.173646 9.999999999893672E-07
vn -0.984808 0.173647 9.999999999893672E-07
vn -0.984808 0.173649 -1.0632934601256937E-17
vn -0.984808 0.173646 2.9999999999893673E-06
vn -0.984808 0.173649 -1.0632934601256937E-17
vn -0.984808 0.173647 -1.0632812136577021E-17
vn -0.984808 0.173648 -1.063287336891698E-17
vn -0.984808 0.173647 -1.0632812136577021E-17
vn -0.984808 0.173647 -1.0632812136577021E-17
vn -0.984808 0.173647 -1.0632812136577021E-17
vn -0.984808 0.173647 -1.0000000000106328E-06
vn -0.984808 0.173648 -1.0000000000106328E-06
vn -0.173641 -0.984809 -2.999999999939698E-06
vn -0.173641 -0.984809 -2.999999999939698E-06
vn -0.173641 -0.984809 -2.999999999939698E-06
vn -0.173648 -0.984808 6.030209824873533E-17
vn -0.173648 -0.984808 6.030209824873533E-17
vn -0.173651 -0.984807 -9.99999999939698E-07
vn -0.173647 -0.984808 -9.999999999396978E-07
vn -0.173647 -0.984808 6.030209824873533E-17
vn -0.173644 -0.984808 -2.999999999939698E-06
vn -0.173651 -0.984807 2.000000000060302E-06
vn -0.173649 -0.984808 -1.999999999939698E-06
vn -0.173649 -0.984808 -1.999999999939698E-06
vn -0.173649 -0.984808 -1.999999999939698E-06
vn -0.810801 0.542501 -0.21975900000000004
vn -0.710243 0.68173 -0.17549700000000004
vn 0.710269 0.681523 -0.17619500000000005
vn 0.575359 0.711799 -0.40287000000000006
vn -0.464927 0.706003 -0.534231
vn 0.900614 0.34035 -0.270289
vn -0.19084 0.09879200000000006 0.976637
vn 2.7E-05 6.123233995736766E-17 1
vn 1.9E-05 0.05470100000000006 0.998503
vn -0.193007 0.17165500000000006 0.966066
vn -0.216528 0.20957500000000007 0.953517
vn -0.189047 0.23201300000000005 0.954165
vn -0.12332 0.16259200000000004 0.978957
vn -0.053064 0.08900300000000005 0.994617
vn -0.017738 -0.052173999999999936 0.99848
vn 1E-06 -0.055087999999999936 0.998481
vn 0.72529 -0.05729700000000004 -0.686055
vn 0.718283 -0.010215000000000043 -0.695677
vn 0.724373 -0.01570400000000004 -0.689229
vn 0.847399 -0.23141400000000004 -0.477873
vn 0.708712 -0.34912800000000005 -0.613055
vn 0.907632 -0.37104 -0.19629899999999997
vn 0.884205 -0.439531 -0.15809899999999996
vn 0.75467 -0.549626 -0.35830799999999996
vn 0.600825 -0.630381 -0.49155799999999994
vn 0.676107 -0.72554 -0.12833799999999995
vn -0.111152 -0.924564 -0.36445299999999997
vn 7.2E-05 -0.998135 -0.06105299999999994
vn 0.713613 -0.636546 0.29251600000000005
vn 0.559268 -0.756905 0.33810400000000007
vn 0.635153 -0.711544 0.30047700000000005
vn 0.783416 -0.55894 0.27174600000000004
vn 0.86024 -0.385337 0.33392
vn 0.824691 -0.480697 0.29801700000000003
vn 0.875176 -0.22245399999999999 0.429629
vn 0.866592 -0.04927399999999997 0.496578
vn 0.853998 -0.06255199999999997 0.516502
vn 0.172964 -0.06635999999999995 0.98269
vn 0.225172 4.100000000005966E-05 0.974319
vn 0.181617 -0.04663399999999994 0.982263
vn 0.1423 -0.10749599999999994 0.983969
vn 0.138883 -0.11535899999999995 0.983567
vn 0.117917 -0.12639499999999995 0.984947
vn 0.109753 -0.12781099999999995 0.985707
vn 0.092509 -0.13871699999999995 0.986002
vn 0 0.006712000000000062 0.999977
vn 0 0.006708000000000062 0.999978
vn 0 0.006708000000000062 0.999978
vn 0 0.006708000000000062 0.999978
vn 0 0.006708000000000062 0.999978
vn 0.173655 0.984807 9.99999999939698E-07
vn 0.17365 0.984807 1.999999999939698E-06
vn 0.173653 0.984807 9.99999999939698E-07
vn 0.173645 0.984808 -5.000000000060302E-06
vn 0.17365 0.984807 -2.000000000060302E-06
vn 0.173644 0.984809 -4.000000000060302E-06
vn 0.173646 0.984808 -3.000000000060302E-06
vn 0.173632 0.984811 -1.4000000000060302E-05
vn 0.173636 0.98481 -1.0000000000060303E-05
vn 0.173646 0.984808 -2.000000000060302E-06
vn 0.173648 0.984808 -6.030209824873533E-17
vn 0.173644 0.984809 -4.000000000060302E-06
vn 0.173645 0.984808 -2.000000000060302E-06
vn -0.087155 0.996195 9.999999999390007E-07
vn -0.087155 0.996195 -6.099935090382987E-17
vn -0.087155 0.996195 -6.099935090382987E-17
vn -0.087155 0.996195 9.999999999390007E-07
vn -0.087156 0.996195 9.999999999390007E-07
vn -0.087156 0.996195 -6.099935090382987E-17
vn -0.087162 0.996194 1.8999999999939E-05
vn -0.087166 0.996194 3.3999999999939E-05
vn -0.087158 0.996195 8.999999999939E-06
vn -0.087156 0.996195 3.999999999939001E-06
vn -0.087155 0.996195 2.9999999999390006E-06
vn -0.087154 0.996195 -6.099935090382987E-17
vn -0.087156 0.996195 9.999999999939001E-06
vn 0.902672 0.408313 0.13587899999999997
vn 0.448356 0.885412 0.12256899999999994
vn 0.707605 -0.703066 -0.07066499999999996
vn 0.587892 -0.702756 -0.4006469999999999
vn 0.902002 -0.314514 -0.29576
vn 0.463444 0.758819 0.45761799999999997
vn -0.462867 0.836415 0.29353799999999997
vn -0.894993 0.442025 0.06001299999999997
vn 0.448356 0.885412 0.12256899999999994
vn 0.902672 0.408313 0.13587899999999997
vn 0.463444 0.758819 0.45761799999999997
vn -0.903181 0.370453 0.21686099999999997
vn -0.817795 -0.549082 -0.17239499999999996
vn -0.707549 -0.703196 -0.06993299999999995
vn -0.894993 0.442025 0.06001299999999997
vn -0.462867 0.836415 0.29353799999999997
vn -0.903181 0.370453 0.21686099999999997
vn -0.468961 -0.656606 -0.590716
vn 0.710269 0.681523 -0.17619500000000005
vn 0.452859 -0.846458 0.28004900000000005
vn 0.900623 -0.400977 0.16761700000000002
vn 0.575359 0.711799 -0.40287000000000006
vn 0.900614 0.34035 -0.270289
vn 0.461516 -0.77732 0.42752400000000007
vn 0.452859 -0.846458 0.28004900000000005
vn -0.897272 -0.419485 0.13760500000000003
vn -0.458169 -0.814605 0.35566900000000007
vn 0.900623 -0.400977 0.16761700000000002
vn 0.461516 -0.77732 0.42752400000000007
vn -0.902115 -0.380809 0.20291300000000004
vn -0.897272 -0.419485 0.13760500000000003
vn -0.710243 0.68173 -0.17549700000000004
vn -0.810801 0.542501 -0.21975900000000004
vn -0.458169 -0.814605 0.35566900000000007
vn -0.902115 -0.380809 0.20291300000000004
vn -0.464927 0.706003 -0.534231
vn 0.724373 -0.01570400000000004 -0.689229
vn 0.718283 -0.010215000000000043 -0.695677
vn 0.882455 -0.024859000000000027 -0.46974
vn 0.886845 -0.025716000000000027 -0.461352
vn 0.972259 -0.03181500000000002 -0.231733
vn 0.969742 -0.03536900000000001 -0.241557
vn 0.89177 0.09432399999999998 -0.442549
vn 0.71782 0.037317999999999955 -0.695228
vn 0.73942 0.058320999999999956 -0.670714
vn 0.908316 0.09450799999999997 -0.407468
vn 0.972949 0.12166399999999998 -0.196387
vn 0.960672 0.14087599999999997 -0.239298
vn -0.457717 0.719985 0.521648
vn 0.000127 0.905048 0.42530999999999997
vn -0.705833 0.648336 0.28541099999999997
vn 0.000206 0.974742 0.22333299999999995
vn -0.687144 0.66446 0.29381399999999996
vn -0.820924 0.453272 0.347316
vn -0.817115 0.414617 0.40052
vn -0.865989 0.15790700000000002 0.474476
vn -0.846029 0.22467900000000002 0.483482
vn -0.861608 0.02201900000000003 0.507096
vn -0.85635 0.011840000000000031 0.516261
vn -0.713622 0.677451 -0.17833800000000002
vn -0.705102 0.652325 -0.27803400000000006
vn -0.762175 0.628211 -0.15633300000000003
vn -0.786018 0.529647 -0.31882600000000005
vn -0.658381 0.592422 -0.46429600000000004
vn -0.88883 0.444726 -0.11045300000000002
vn -0.739906 0.36736199999999997 -0.563546
vn -0.888011 0.256725 -0.381483
vn -0.959166 0.220809 -0.176761
vn -0.74325 0.09648499999999996 -0.66202
vn -0.888306 0.03458799999999997 -0.457948
vn -0.968862 0.05278199999999999 -0.24191
vn -0.717159 0.013360999999999956 -0.696781
vn 0.940645 0.339372 -0.003804000000000021
vn 0.940355 0.340183 -0.0027930000000000207
vn 0.94027 0.340409 -0.0036910000000000207
vn 0.940078 0.340945 -0.003186000000000021
vn 0.939811 0.341658 -0.004981000000000021
vn 0.940068 0.34098 -0.002287000000000021
vn 0 6.123233995736766E-17 1
vn 0 6.123233995736766E-17 1
vn 0 6.123233995736766E-17 1
vn 0 6.123233995736766E-17 1
vn 0 6.123233995736766E-17 1
vn 0 6.123233995736766E-17 1
vn 0 6.123233995736766E-17 1
vn -0 6.123233995736766E-17 1
vn -0 6.123233995736766E-17 1
vn -0 6.123233995736766E-17 1
vn -1E-06 6.123233995736766E-17 1
vn 0 6.123233995736766E-17 1
vn 0 -9.999999999387675E-07 1
vn 0 6.123233995736766E-17 1
vn -0.888306 0.03458799999999997 -0.457948
vn -0.717159 0.013360999999999956 -0.696781
vn -0.72409 -0.05905100000000004 -0.687173
vn -0.963169 -0.149759 -0.223334
vn -0.968862 0.05278199999999999 -0.24191
vn -0.876405 -0.20268000000000003 -0.436846
vn -0.6881 -0.43124500000000004 -0.583563
vn -0.882212 -0.44363 -0.15778099999999998
vn -0.780285 -0.53153 -0.32959199999999994
vn -0.677876 -0.723693 -0.12943599999999994
vn -0.111152 -0.924564 -0.36445299999999997
vn -0.611643 -0.628959 -0.47989999999999994
vn 7.2E-05 -0.998135 -0.06105299999999994
vn 0 6.123233995736766E-17 1
vn 0 6.123233995736766E-17 1
vn 0 6.123233995736766E-17 1
vn 0 6.123233995736766E-17 1
vn 0 6.123233995736766E-17 1
vn 0 6.123233995736766E-17 1
vn 0 6.123233995736766E-17 1
vn 0 6.123233995736766E-17 1
vn -0.833369 0.489776 0.25615499999999997
vn -0.722678 0.39625400000000005 0.566321
vn -0.456402 0.598187 0.658688
vn -0.452464 0.872137 0.18615499999999993
vn -0.68195 -0.671355 0.29021900000000006
vn -0.630195 -0.49025599999999997 0.602082
vn -0.167104 -0.951019 0.26007500000000006
vn -0.722678 0.39625400000000005 0.566321
vn -0.279406 -0.633612 0.721435
vn 0 6.123233995736766E-17 1
vn 0 6.123233995736766E-17 1
vn 0 6.123233995736766E-17 1
vn 0 6.123233995736766E-17 1
vn 0 6.123233995736766E-17 1
vn 0 6.123233995736766E-17 1
vn 0 6.123233995736766E-17 1
vn 0 6.123233995736766E-17 1
g 01
f 1/1/1 2/2/2 3/3/3
f 4/4/4 5/5/5 6/6/6
f 7/7/7 8/8/8 9/9/9
f 10/10/10 11/11/11 12/12/12
f 13/13/13 14/14/14 15/15/15
f 16/16/16 17/17/17 18/18/18
f 19/19/19 20/20/20 21/21/21
f 22/22/22 23/23/23 24/24/24
f 25/25/25 26/26/26 27/27/27
f 28/28/28 29/29/29 30/30/30
f 31/31/31 32/32/32 33/33/33
f 34/34/34 35/35/35 36/36/36
f 37/37/37 38/38/38 39/39/39
f 40/40/40 41/41/41 42/42/42
f 43/43/43 44/44/44 45/45/45
f 46/46/46 47/47/47 48/48/48
f 49/49/49 50/50/50 51/51/51
f 52/52/52 53/53/53 54/54/54
f 55/55/55 56/56/56 57/57/57
f 58/58/58 59/59/59 60/60/60
f 61/61/61 62/62/62 58/58/58
f 63/63/63 64/64/64 65/65/65
f 65/65/65 66/66/66 67/67/67
f 68/68/68 69/69/69 70/70/70
f 70/70/70 71/71/71 72/72/72
f 73/73/73 74/74/74 75/75/75
f 73/73/73 76/76/76 77/77/77
f 78/78/78 79/79/79 77/77/77
f 77/77/77 80/80/80 78/78/78
f 78/78/78 73/73/73 81/81/81
f 81/81/81 82/82/82 78/78/78
f 83/83/83 84/84/84 81/81/81
f 85/85/85 86/86/86 87/87/87
f 87/87/87 88/88/88 89/89/89
f 88/88/88 87/87/87 90/90/90
f 90/90/90 91/91/91 88/88/88
f 91/91/91 90/90/90 92/92/92
f 92/92/92 93/93/93 91/91/91
f 93/93/93 92/92/92 94/94/94
f 94/94/94 95/95/95 93/93/93
f 96/96/96 97/97/97 98/98/98
f 99/99/99 96/96/96 100/100/100
f 101/101/101 96/96/96 99/99/99
f 99/99/99 102/102/102 101/101/101
f 103/103/103 96/96/96 101/101/101
f 101/101/101 104/104/104 105/105/105
f 106/106/106 107/107/107 108/108/108
f 109/109/109 110/110/110 106/106/106
f 106/106/106 111/111/111 109/109/109
f 109/109/109 111/111/111 112/112/112
f 113/113/113 111/111/111 106/106/106
f 111/111/111 114/114/114 115/115/115
f 116/116/116 117/117/117 118/118/118
f 118/118/118 119/119/119 116/116/116
f 120/120/120 121/121/121 122/122/122
f 122/122/122 123/123/123 120/120/120
f 124/124/124 125/125/125 126/126/126
f 126/126/126 127/127/127 124/124/124
f 128/128/128 129/129/129 130/130/130
f 130/130/130 131/131/131 128/128/128
f 132/132/132 133/133/133 134/134/134
f 134/134/134 135/135/135 132/132/132
f 136/136/136 137/137/137 138/138/138
f 138/138/138 139/139/139 136/136/136
f 140/140/140 141/141/141 142/142/142
f 142/142/142 143/143/143 140/140/140
f 144/144/144 145/145/145 146/146/146
f 146/146/146 147/147/147 144/144/144
f 148/148/148 149/149/149 150/150/150
f 150/150/150 151/151/151 148/148/148
f 152/152/152 153/153/153 154/154/154
f 154/154/154 155/155/155 152/152/152
f 156/156/156 157/157/157 158/158/158
f 158/158/158 159/159/159 156/156/156
f 160/160/160 161/161/161 162/162/162
f 162/162/162 163/163/163 160/160/160
f 164/164/164 165/165/165 166/166/166
f 166/166/166 167/167/167 164/164/164
f 168/168/168 169/169/169 170/170/170
f 170/170/170 171/171/171 168/168/168
f 172/172/172 173/173/173 174/174/174
f 174/174/174 175/175/175 172/172/172
f 176/176/176 177/177/177 178/178/178
f 178/178/178 179/179/179 176/176/176
f 180/180/180 181/181/181 182/182/182
f 182/182/182 183/183/183 180/180/180
f 184/184/184 185/185/185 186/186/186
f 186/186/186 187/187/187 184/184/184
f 188/188/188 189/189/189 190/190/190
f 190/190/190 191/191/191 188/188/188
f 192/192/192 193/193/193 194/194/194
f 194/194/194 195/195/195 192/192/192
f 196/196/196 197/197/197 198/198/198
f 198/198/198 199/199/199 196/196/196
f 200/200/200 201/201/201 202/202/202
f 202/202/202 203/203/203 200/200/200
f 204/204/204 205/205/205 206/206/206
f 206/206/206 207/207/207 204/204/204
f 208/208/208 209/209/209 210/210/210
f 210/210/210 211/211/211 208/208/208
f 212/212/212 213/213/213 214/214/214
f 214/214/214 215/215/215 212/212/212
f 216/216/216 217/217/217 218/218/218
f 218/218/218 219/219/219 216/216/216
f 220/220/220 221/221/221 222/222/222
f 222/222/222 223/223/223 220/220/220
f 224/224/224 225/225/225 226/226/226
f 226/226/226 227/227/227 224/224/224
f 228/228/228 229/229/229 230/230/230
f 230/230/230 231/231/231 228/228/228
f 232/232/232 233/233/233 234/234/234
f 234/234/234 235/235/235 232/232/232
f 236/236/236 237/237/237 238/238/238
f 238/238/238 239/239/239 236/236/236
f 240/240/240 241/241/241 242/242/242
f 242/242/242 243/243/243 240/240/240
f 244/244/244 245/245/245 246/246/246
f 246/246/246 247/247/247 244/244/244
f 248/248/248 249/249/249 250/250/250
f 250/250/250 251/251/251 248/248/248
f 252/252/252 253/253/253 254/254/254
f 254/254/254 255/255/255 252/252/252
f 256/256/256 257/257/257 258/258/258
f 258/258/258 259/259/259 256/256/256
f 260/260/260 261/261/261 262/262/262
f 262/262/262 263/263/263 260/260/260
f 264/264/264 265/265/265 266/266/266
f 266/266/266 267/267/267 264/264/264
f 268/268/268 269/269/269 270/270/270
f 270/270/270 271/271/271 268/268/268
f 272/272/272 273/273/273 274/274/274
f 274/274/274 275/275/275 272/272/272
f 276/276/276 277/277/277 278/278/278
f 278/278/278 279/279/279 276/276/276
f 280/280/280 281/281/281 282/282/282
f 282/282/282 283/283/283 280/280/280
f 284/284/284 285/285/285 286/286/286
f 286/286/286 287/287/287 284/284/284
f 288/288/288 289/289/289 290/290/290
f 290/290/290 291/291/291 288/288/288
f 292/292/292 293/293/293 294/294/294
f 294/294/294 295/295/295 292/292/292
f 295/295/295 296/296/296 297/297/297
f 297/297/297 298/298/298 295/295/295
f 298/298/298 297/297/297 299/299/299
f 299/299/299 300/300/300 298/298/298
f 300/300/300 299/299/299 301/301/301
f 301/301/301 302/302/302 300/300/300
f 302/302/302 301/301/301 303/303/303
f 303/303/303 304/304/304 302/302/302
f 305/305/305 306/306/306 307/307/307
f 307/307/307 308/308/308 305/305/305
f 309/309/309 310/310/310 311/311/311
f 311/311/311 312/312/312 309/309/309
f 313/313/313 314/314/314 315/315/315
f 315/315/315 316/316/316 313/313/313
f 317/317/317 318/318/318 319/319/319
f 319/319/319 320/320/320 317/317/317
f 321/321/321 322/322/322 323/323/323
f 323/323/323 324/324/324 321/321/321
f 325/325/325 326/326/326 327/327/327
f 327/327/327 328/328/328 325/325/325
f 329/329/329 330/330/330 331/331/331
f 331/331/331 332/332/332 329/329/329
f 333/333/333 334/334/334 335/335/335
f 335/335/335 336/336/336 333/333/333
f 337/337/337 338/338/338 339/339/339
f 339/339/339 340/340/340 337/337/337
f 341/341/341 342/342/342 343/343/343
f 343/343/343 344/344/344 341/341/341
f 345/345/345 346/346/346 347/347/347
f 347/347/347 348/348/348 345/345/345
f 349/349/349 350/350/350 351/351/351
f 351/351/351 352/352/352 349/349/349
f 353/353/353 354/354/354 355/355/355
f 355/355/355 356/356/356 353/353/353
f 357/357/357 358/358/358 359/359/359
f 359/359/359 360/360/360 357/357/357
f 361/361/361 362/362/362 363/363/363
f 363/363/363 364/364/364 361/361/361
f 365/365/365 366/366/366 367/367/367
f 367/367/367 368/368/368 365/365/365
f 369/369/369 370/370/370 371/371/371
f 371/371/371 372/372/372 369/369/369
f 373/373/373 374/374/374 375/375/375
f 375/375/375 376/376/376 373/373/373
f 377/377/377 378/378/378 379/379/379
f 378/378/378 380/380/380 379/379/379
f 381/381/381 382/382/382 383/383/383
f 382/382/382 384/384/384 383/383/383
f 385/385/385 386/386/386 387/387/387
f 387/387/387 388/388/388 385/385/385
f 389/389/389 390/390/390 391/391/391
f 391/391/391 392/392/392 389/389/389
f 393/393/393 394/394/394 395/395/395
f 395/395/395 396/396/396 393/393/393
f 397/397/397 398/398/398 399/399/399
f 399/399/399 400/400/400 397/397/397
f 401/401/401 402/402/402 403/403/403
f 403/403/403 404/404/404 401/401/401
f 405/405/405 406/406/406 407/407/407
f 407/407/407 408/408/408 405/405/405
f 409/409/409 410/410/410 411/411/411
f 411/411/411 412/412/412 409/409/409
f 413/413/413 414/414/414 415/415/415
f 415/415/415 416/416/416 413/413/413
f 417/417/417 418/418/418 419/419/419
f 419/419/419 420/420/420 417/417/417
f 421/421/421 422/422/422 423/423/423
f 423/423/423 424/424/424 421/421/421
f 425/425/425 426/426/426 427/427/427
f 427/427/427 428/428/428 425/425/425
f 429/429/429 430/430/430 431/431/431
f 430/430/430 432/432/432 431/431/431
f 433/433/433 434/434/434 435/435/435
f 434/434/434 436/436/436 435/435/435
f 437/437/437 438/438/438 439/439/439
f 439/439/439 440/440/440 437/437/437
f 441/441/441 442/442/442 443/443/443
f 443/443/443 444/444/444 441/441/441
f 445/445/445 446/446/446 447/447/447
f 447/447/447 448/448/448 445/445/445
f 449/449/449 450/450/450 451/451/451
f 451/451/451 452/452/452 449/449/449
f 453/453/453 454/454/454 455/455/455
f 455/455/455 456/456/456 453/453/453
f 457/457/457 458/458/458 459/459/459
f 459/459/459 460/460/460 457/457/457
f 461/461/461 462/462/462 463/463/463
f 463/463/463 464/464/464 461/461/461
f 465/465/465 466/466/466 467/467/467
f 467/467/467 468/468/468 465/465/465
f 468/468/468 467/467/467 469/469/469
f 469/469/469 470/470/470 468/468/468
f 471/471/471 472/472/472 473/473/473
f 473/473/473 474/474/474 471/471/471
f 474/474/474 473/473/473 475/475/475
f 475/475/475 476/476/476 474/474/474
f 476/476/476 475/475/475 477/477/477
f 477/477/477 478/478/478 476/476/476
f 478/478/478 477/477/477 479/479/479
f 479/479/479 480/480/480 478/478/478
f 481/481/481 482/482/482 483/483/483
f 483/483/483 484/484/484 481/481/481
f 484/484/484 483/483/483 485/485/485
f 485/485/485 486/486/486 484/484/484
f 486/486/486 485/485/485 487/487/487
f 487/487/487 488/488/488 486/486/486
f 488/488/488 487/487/487 489/489/489
f 489/489/489 490/490/490 488/488/488
f 491/491/491 492/492/492 493/493/493
f 494/494/494 491/491/491 493/493/493
f 493/493/493 495/495/495 494/494/494
f 494/494/494 495/495/495 496/496/496
f 496/496/496 497/497/497 494/494/494
f 498/498/498 499/499/499 500/500/500
f 498/498/498 500/500/500 501/501/501
f 500/500/500 502/502/502 501/501/501
f 502/502/502 503/503/503 501/501/501
f 504/504/504 505/505/505 506/506/506
f 506/506/506 507/507/507 504/504/504
f 506/506/506 508/508/508 507/507/507
f 509/509/509 507/507/507 508/508/508
f 510/510/510 511/511/511 512/512/512
f 512/512/512 511/511/511 513/513/513
f 512/512/512 513/513/513 514/514/514
f 513/513/513 515/515/515 514/514/514
f 515/515/515 516/516/516 514/514/514
f 517/517/517 514/514/514 516/516/516
f 518/518/518 519/519/519 520/520/520
f 520/520/520 521/521/521 518/518/518
f 521/521/521 520/520/520 522/522/522
f 522/522/522 523/523/523 521/521/521
f 524/524/524 525/525/525 526/526/526
f 526/526/526 527/527/527 524/524/524
f 527/527/527 526/526/526 528/528/528
f 529/529/529 530/530/530 531/531/531
f 531/531/531 532/532/532 529/529/529
f 532/532/532 531/531/531 533/533/533
f 534/534/534 535/535/535 536/536/536
f 536/536/536 537/537/537 534/534/534
f 537/537/537 536/536/536 538/538/538
f 538/538/538 539/539/539 537/537/537
f 539/539/539 538/538/538 540/540/540
f 540/540/540 541/541/541 539/539/539
f 542/542/542 543/543/543 544/544/544
f 544/544/544 545/545/545 542/542/542
f 545/545/545 544/544/544 546/546/546
f 546/546/546 547/547/547 545/545/545
f 547/547/547 546/546/546 548/548/548
f 548/548/548 549/549/549 547/547/547
f 548/548/548 550/550/550 549/549/549
f 550/550/550 551/551/551 549/549/549
f 551/551/551 552/552/552 549/549/549
f 553/553/553 554/554/554 555/555/555
f 555/555/555 556/556/556 553/553/553
f 556/556/556 555/555/555 557/557/557
f 557/557/557 558/558/558 556/556/556
f 558/558/558 557/557/557 559/559/559
f 559/559/559 560/560/560 558/558/558
f 561/561/561 562/562/562 563/563/563
f 563/563/563 564/564/564 561/561/561
f 564/564/564 563/563/563 565/565/565
f 565/565/565 566/566/566 564/564/564
f 566/566/566 565/565/565 567/567/567
f 567/567/567 568/568/568 566/566/566
f 568/568/568 567/567/567 569/569/569
f 569/569/569 570/570/570 568/568/568
f 571/571/571 572/572/572 573/573/573
f 573/573/573 574/574/574 571/571/571
f 574/574/574 573/573/573 575/575/575
f 575/575/575 576/576/576 574/574/574
f 576/576/576 575/575/575 577/577/577
f 577/577/577 578/578/578 576/576/576
f 578/578/578 577/577/577 579/579/579
f 579/579/579 580/580/580 578/578/578
f 581/581/581 582/582/582 583/583/583
f 583/583/583 584/584/584 581/581/581
f 584/584/584 583/583/583 585/585/585
f 585/585/585 586/586/586 584/584/584
f 586/586/586 585/585/585 587/587/587
f 585/585/585 588/588/588 587/587/587
f 588/588/588 589/589/589 587/587/587
f 590/590/590 591/591/591 592/592/592
f 592/592/592 591/591/591 593/593/593
f 593/593/593 594/594/594 592/592/592
f 595/595/595 596/596/596 597/597/597
f 597/597/597 598/598/598 595/595/595
f 598/598/598 597/597/597 599/599/599
f 599/599/599 600/600/600 601/601/601
f 602/602/602 603/603/603 598/598/598
f 601/601/601 604/604/604 599/599/599
f 599/599/599 604/604/604 598/598/598
f 598/598/598 604/604/604 602/602/602
f 604/604/604 601/601/601 605/605/605
f 605/605/605 602/602/602 604/604/604
f 606/606/606 607/607/607 608/608/608
f 608/608/608 609/609/609 606/606/606
f 609/609/609 608/608/608 610/610/610
f 610/610/610 611/611/611 609/609/609
f 611/611/611 610/610/610 612/612/612
f 612/612/612 613/613/613 611/611/611
f 613/613/613 612/612/612 614/614/614
f 614/614/614 615/615/615 613/613/613
f 615/615/615 614/614/614 616/616/616
f 616/616/616 617/617/617 615/615/615
f 618/618/618 619/619/619 620/620/620
f 620/620/620 621/621/621 618/618/618
f 621/621/621 620/620/620 622/622/622
f 622/622/622 623/623/623 621/621/621
f 623/623/623 622/622/622 624/624/624
f 624/624/624 625/625/625 623/623/623
f 625/625/625 624/624/624 626/626/626
f 626/626/626 627/627/627 625/625/625
f 627/627/627 626/626/626 628/628/628
f 628/628/628 629/629/629 627/627/627
f 629/629/629 628/628/628 630/630/630
f 630/630/630 631/631/631 629/629/629
f 632/632/632 633/633/633 634/634/634
f 634/634/634 635/635/635 632/632/632
f 634/634/634 636/636/636 635/635/635
f 637/637/637 638/638/638 639/639/639
f 640/640/640 637/637/637 639/639/639
f 640/640/640 639/639/639 641/641/641
f 640/640/640 641/641/641 642/642/642
f 643/643/643 640/640/640 642/642/642
f 643/643/643 642/642/642 644/644/644
f 645/645/645 643/643/643 644/644/644
f 645/645/645 644/644/644 646/646/646
f 647/647/647 645/645/645 646/646/646
f 648/648/648 647/647/647 646/646/646
f 649/649/649 648/648/648 646/646/646
f 644/644/644 650/650/650 646/646/646
f 649/649/649 646/646/646 651/651/651
f 646/646/646 652/652/652 651/651/651
f 652/652/652 653/653/653 651/651/651
f 650/650/650 654/654/654 646/646/646
f 650/650/650 655/655/655 654/654/654
f 655/655/655 656/656/656 654/654/654
f 656/656/656 657/657/657 654/654/654
f 656/656/656 658/658/658 657/657/657
f 659/659/659 660/660/660 661/661/661
f 662/662/662 659/659/659 661/661/661
f 663/663/663 662/662/662 661/661/661
f 663/663/663 664/664/664 662/662/662
f 664/664/664 665/665/665 662/662/662
f 665/665/665 666/666/666 662/662/662
f 665/665/665 667/667/667 666/666/666
f 667/667/667 668/668/668 666/666/666
f 668/668/668 669/669/669 666/666/666
f 669/669/669 670/670/670 666/666/666
f 669/669/669 671/671/671 670/670/670
f 672/672/672 673/673/673 674/674/674
f 674/674/674 675/675/675 672/672/672
f 676/676/676 672/672/672 675/675/675
f 675/675/675 677/677/677 676/676/676
f 678/678/678 679/679/679 680/680/680
f 680/680/680 681/681/681 678/678/678
f 682/682/682 678/678/678 681/681/681
f 681/681/681 683/683/683 682/682/682
f 684/684/684 682/682/682 683/683/683
f 683/683/683 685/685/685 684/684/684
f 686/686/686 684/684/684 685/685/685
f 685/685/685 687/687/687 686/686/686
f 688/688/688 689/689/689 690/690/690
f 690/690/690 691/691/691 688/688/688
f 692/692/692 688/688/688 691/691/691
f 691/691/691 693/693/693 694/694/694
f 691/691/691 695/695/695 692/692/692
f 694/694/694 695/695/695 691/691/691
f 696/696/696 692/692/692 695/695/695
f 695/695/695 694/694/694 697/697/697
f 695/695/695 698/698/698 696/696/696
f 698/698/698 695/695/695 697/697/697
f 699/699/699 698/698/698 697/697/697
f 700/700/700 701/701/701 702/702/702
f 702/702/702 703/703/703 700/700/700
f 704/704/704 700/700/700 703/703/703
f 703/703/703 705/705/705 704/704/704
f 704/704/704 705/705/705 706/706/706
f 704/704/704 706/706/706 707/707/707
f 706/706/706 708/708/708 707/707/707
f 709/709/709 710/710/710 711/711/711
f 711/711/711 712/712/712 709/709/709
f 713/713/713 709/709/709 712/712/712
f 712/712/712 714/714/714 713/713/713
f 715/715/715 713/713/713 714/714/714
f 714/714/714 716/716/716 715/715/715
f 717/717/717 718/718/718 719/719/719
f 720/720/720 719/719/719 718/718/718
f 718/718/718 721/721/721 720/720/720
f 722/722/722 723/723/723 724/724/724
f 725/725/725 722/722/722 724/724/724
f 725/725/725 726/726/726 722/722/722
f 725/725/725 727/727/727 726/726/726
f 725/725/725 728/728/728 727/727/727
f 725/725/725 729/729/729 728/728/728
f 725/725/725 730/730/730 729/729/729
f 725/725/725 731/731/731 730/730/730
f 725/725/725 732/732/732 731/731/731
f 731/731/731 733/733/733 730/730/730
f 731/731/731 734/734/734 733/733/733
f 735/735/735 736/736/736 737/737/737
f 737/737/737 738/738/738 735/735/735
f 735/735/735 738/738/738 739/739/739
f 739/739/739 740/740/740 735/735/735
f 741/741/741 742/742/742 743/743/743
f 744/744/744 741/741/741 743/743/743
f 745/745/745 744/744/744 743/743/743
f 746/746/746 745/745/745 743/743/743
f 745/745/745 747/747/747 744/744/744
f 748/748/748 749/749/749 750/750/750
f 750/750/750 751/751/751 748/748/748
f 748/748/748 751/751/751 752/752/752
f 752/752/752 753/753/753 748/748/748
f 754/754/754 755/755/755 756/756/756
f 756/756/756 757/757/757 754/754/754
f 754/754/754 757/757/757 758/758/758
f 758/758/758 759/759/759 754/754/754
f 760/760/760 761/761/761 762/762/762
f 762/762/762 763/763/763 760/760/760
f 760/760/760 763/763/763 764/764/764
f 764/764/764 765/765/765 760/760/760
f 766/766/766 767/767/767 768/768/768
f 768/768/768 769/769/769 766/766/766
f 770/770/770 769/769/769 768/768/768
f 768/768/768 771/771/771 770/770/770
f 772/772/772 773/773/773 774/774/774
f 774/774/774 775/775/775 772/772/772
f 776/776/776 775/775/775 774/774/774
f 774/774/774 777/777/777 776/776/776
f 778/778/778 779/779/779 780/780/780
f 780/780/780 781/781/781 778/778/778
f 782/782/782 781/781/781 780/780/780
f 780/780/780 783/783/783 782/782/782
f 784/784/784 785/785/785 786/786/786
f 786/786/786 787/787/787 784/784/784
f 788/788/788 787/787/787 786/786/786
f 786/786/786 789/789/789 788/788/788
f 790/790/790 791/791/791 792/792/792
f 792/792/792 793/793/793 790/790/790
f 790/790/790 793/793/793 794/794/794
f 794/794/794 795/795/795 790/790/790
f 796/796/796 797/797/797 798/798/798
f 797/797/797 799/799/799 798/798/798
f 799/799/799 800/800/800 798/798/798
f 801/801/801 798/798/798 800/800/800
f 800/800/800 802/802/802 801/801/801
f 803/803/803 801/801/801 802/802/802
f 802/802/802 804/804/804 803/803/803
f 803/803/803 804/804/804 805/805/805
f 805/805/805 806/806/806 803/803/803
f 807/807/807 808/808/808 809/809/809
f 808/808/808 810/810/810 809/809/809
f 810/810/810 808/808/808 811/811/811
f 810/810/810 812/812/812 809/809/809
f 811/811/811 813/813/813 810/810/810
f 812/812/812 810/810/810 814/814/814
f 814/814/814 810/810/810 813/813/813
f 814/814/814 815/815/815 812/812/812
f 813/813/813 816/816/816 814/814/814
f 815/815/815 814/814/814 817/817/817
f 817/817/817 814/814/814 816/816/816
f 817/817/817 818/818/818 815/815/815
f 816/816/816 819/819/819 817/817/817
f 820/820/820 821/821/821 822/822/822
f 821/821/821 823/823/823 822/822/822
f 823/823/823 824/824/824 822/822/822
f 821/821/821 825/825/825 823/823/823
f 826/826/826 827/827/827 828/828/828
f 827/827/827 829/829/829 828/828/828
f 829/829/829 830/830/830 828/828/828
f 827/827/827 831/831/831 829/829/829
f 832/832/832 833/833/833 834/834/834
f 835/835/835 836/836/836 834/834/834
f 833/833/833 835/835/835 834/834/834
f 833/833/833 837/837/837 835/835/835
f 837/837/837 838/838/838 835/835/835
f 833/833/833 839/839/839 837/837/837
f 840/840/840 841/841/841 842/842/842
f 843/843/843 844/844/844 840/840/840
f 842/842/842 845/845/845 840/840/840
f 840/840/840 845/845/845 843/843/843
f 845/845/845 842/842/842 846/846/846
f 847/847/847 843/843/843 845/845/845
f 845/845/845 848/848/848 847/847/847
f 846/846/846 848/848/848 845/845/845
f 847/847/847 848/848/848 849/849/849
f 850/850/850 848/848/848 846/846/846
f 848/848/848 850/850/850 849/849/849
f 846/846/846 851/851/851 850/850/850
f 850/850/850 852/852/852 849/849/849
f 853/853/853 854/854/854 855/855/855
f 856/856/856 857/857/857 855/855/855
f 854/854/854 856/856/856 855/855/855
f 854/854/854 858/858/858 856/856/856
f 858/858/858 859/859/859 856/856/856
f 854/854/854 860/860/860 858/858/858
f 861/861/861 862/862/862 863/863/863
f 863/863/863 864/864/864 861/861/861
f 861/861/861 865/865/865 866/866/866
f 866/866/866 865/865/865 867/867/867
f 866/866/866 868/868/868 861/861/861
f 863/863/863 868/868/868 866/866/866
f 867/867/867 869/869/869 866/866/866
f 866/866/866 869/869/869 863/863/863
f 870/870/870 871/871/871 872/872/872
f 872/872/872 873/873/873 870/870/870
f 871/871/871 870/870/870 874/874/874
f 873/873/873 872/872/872 875/875/875
f 874/874/874 876/876/876 871/871/871
f 875/875/875 877/877/877 873/873/873
f 876/876/876 874/874/874 877/877/877
f 877/877/877 875/875/875 876/876/876
