v -0.354234 0.876755 0.652628
v -0.334649 0.871571 0.617331
v -0.212858 0.837047 0.624682
v -0.212858 0.837047 0.624682
v -0.212858 0.837047 0.64458
v -0.354234 0.876755 0.652628
v 0.351812 1.430932 -0.05805100000000009
v 0.394536 1.61927 0.035552999999999904
v 0.434025 1.626712 -0.0020520000000000998
v -0.43171 1.121034 0.40499199999999996
v -0.420163 1.117712 0.4057859999999999
v -0.42594 1.118933 0.36251799999999995
v -0.42594 1.118933 0.36251799999999995
v -0.437269 1.122225 0.36211899999999997
v -0.43171 1.121034 0.40499199999999996
v -0.399002 1.166505 0.44530899999999995
v -0.387965 1.162154 0.44530699999999995
v -0.393597 1.163214 0.41042999999999996
v -0.393597 1.163214 0.41042999999999996
v -0.404423 1.167521 0.41074099999999997
v -0.399002 1.166505 0.44530899999999995
v -0.128565 1.213448 0.6388729999999999
v 0.00762 1.180794 0.31015599999999993
v -0.063353 0.925154 0.3101439999999999
v -0.063353 0.925154 0.3101439999999999
v 0.00762 1.180794 0.31015599999999993
v 0.06482 1.167069 0.17079299999999992
v -0.063353 0.925154 0.3101439999999999
v -0.095831 0.813032 0.31077699999999997
v -0.230944 0.85057 0.639453
v -0.230944 0.85057 0.639453
v -0.128565 1.213448 0.6388729999999999
v -0.063353 0.925154 0.3101439999999999
v 0.102947 0.757806 -0.17277200000000006
v -0.039064 0.797261 0.17268399999999995
v -0.006605 0.909372 0.17204899999999995
v -0.006605 0.909372 0.17204899999999995
v 0.20796 1.132758 -0.17345600000000005
v 0.102947 0.757806 -0.17277200000000006
v -0.545015 0.549559 0.31605599999999995
v -0.533508 0.55068 0.31942299999999996
v -0.528276 0.531954 0.2764499999999999
v -0.528276 0.531954 0.2764499999999999
v -0.53964 0.530876 0.27354399999999995
v -0.545015 0.549559 0.31605599999999995
v -0.532715 0.5019 0.36085599999999995
v -0.520768 0.50303 0.36162599999999995
v -0.527409 0.511088 0.31821399999999994
v -0.527409 0.511088 0.31821399999999994
v -0.539156 0.510009 0.31782599999999994
v -0.532715 0.5019 0.36085599999999995
v -0.528194 0.485848 0.40499199999999996
v -0.516233 0.486978 0.4057859999999999
v -0.522056 0.486003 0.36251799999999995
v -0.522056 0.486003 0.36251799999999995
v -0.533804 0.484924 0.36211899999999997
v -0.528194 0.485848 0.40499199999999996
v -0.421463 1.144992 0.25711999999999996
v -0.410426 1.14067 0.2576089999999999
v -0.416058 1.137784 0.22283499999999992
v -0.416058 1.137784 0.22283499999999992
v -0.426884 1.142098 0.2226579999999999
v -0.421463 1.144992 0.25711999999999996
v -0.528596 0.549559 0.4427499999999999
v -0.516698 0.55068 0.44311899999999993
v -0.521381 0.550692 0.4080579999999999
v -0.521381 0.550692 0.4080579999999999
v -0.533077 0.549614 0.40800699999999995
v -0.528596 0.549559 0.4427499999999999
v -0.503634 0.48215700000000006 0.551594
v -0.464904 0.47348000000000007 0.517287
v -0.489881 0.447308 0.30479
v -0.489881 0.447308 0.30479
v -0.534504 0.439067 0.307757
v -0.503634 0.48215700000000006 0.551594
v -0.446382 1.00815 0.5515939999999999
v -0.413298 0.992142 0.5310209999999999
v -0.334649 0.871571 0.617331
v -0.334649 0.871571 0.617331
v -0.354234 0.876755 0.652628
v -0.446382 1.00815 0.5515939999999999
v -0.449227 1.008942 0.048044999999999935
v -0.397959 0.987873 0.051346999999999934
v -0.431479 0.997204 0.29191199999999995
v -0.431479 0.997204 0.29191199999999995
v -0.476121 1.016429 0.30775699999999995
v -0.449227 1.008942 0.048044999999999935
v -0.476121 1.016429 0.30775699999999995
v -0.431479 0.997204 0.29191199999999995
v -0.413298 0.992142 0.5310209999999999
v -0.413298 0.992142 0.5310209999999999
v -0.446382 1.00815 0.5515939999999999
v -0.476121 1.016429 0.30775699999999995
v -0.379623 0.558513 0.652628
v -0.359364 0.558772 0.617331
v -0.464904 0.47348000000000007 0.517287
v -0.464904 0.47348000000000007 0.517287
v -0.503634 0.48215700000000006 0.551594
v -0.379623 0.558513 0.652628
v -0.534504 0.439067 0.307757
v -0.489881 0.447308 0.30479
v -0.464485 0.46205 0.05057099999999997
v -0.464485 0.46205 0.05057099999999997
v -0.506586 0.456645 0.04804499999999997
v -0.534504 0.439067 0.307757
v -0.417412 1.138014 0.5747699999999999
v -0.523785 0.938647 0.6040709999999999
v -0.500279 0.932129 0.6195339999999999
v 0.732407 2.192451 0.04743899999999987
v 0.726316 2.170573 0.04743899999999987
v 0.768497 2.124578 0.01101399999999987
v -0.297796 1.100897 0.6679779999999998
v -0.297796 1.100897 0.6679779999999998
v -0.254531 0.929927 0.6450679999999999
v -0.254531 0.929927 0.6450679999999999
v -0.254531 0.929927 0.6450679999999999
v -0.297796 1.100897 0.6679779999999998
v 0.014569 1.374814 0.6185849999999999
v 0.018462 1.38707 0.6601109999999999
v -0.118152 1.420936 0.6162679999999999
v 0.034219 1.417161 0.6591489999999999
v 0.033485 1.414409 0.6130799999999998
v -0.09697 1.449288 0.6096339999999999
v -0.164147 0.01569400000000004 0.654343
v -0.176232 0.022205000000000037 0.630411
v -0.307877 0.01837300000000004 0.617393
v -0.16705 -0.016974999999999962 0.625172
v -0.153106 -0.018113999999999963 0.646901
v -0.297288 -0.014450999999999962 0.610473
v -0.098069 1.16183 0.6411489999999999
v -0.095862 1.161822 0.6800809999999999
v -0.245025 1.202758 0.6451209999999999
v -0.08099 1.192545 0.6796879999999998
v -0.082744 1.19241 0.6398079999999999
v -0.230454 1.233514 0.6430909999999999
v -0.214316 0.24291600000000002 0.67934
v -0.216418 0.24595700000000004 0.638119
v -0.35898 0.24370300000000003 0.644791
v -0.211031 0.20839200000000002 0.636263
v -0.208494 0.20935500000000004 0.677633
v -0.353203 0.20840600000000004 0.642416
v -0.106127 -0.21583499999999997 0.5786
v -0.081742 -0.22326299999999996 0.596122
v -0.217834 -0.20808199999999996 0.529817
v 0.123785 1.556886 0.5663239999999999
v 0.127205 1.583836 0.6185539999999999
v 0.02629 1.602007 0.5549399999999999
v 0.02275 -0.419339 0.44536
v -0.021284 -0.295914 0.435126
v -0.132022 -0.292351 0.374538
v -0.234273 0.35346200000000005 0.643743
v -0.378134 0.3538220000000001 0.653017
v -0.234273 0.35346200000000005 0.643743
v -0.493427 0.3520190000000001 0.587159
v -0.535168 0.57269 0.619534
v -0.55956 0.572666 0.604071
v 0.401233 1.913206 0.37237199999999987
v 0.455717 1.898038 0.2397439999999999
v 0.362248 1.831097 0.2873749999999999
v -0.340445 0.353822 -0.15273400000000004
v -0.303259 0.024090999999999994 -0.096691
v -0.295567 -0.053645000000000005 -0.072678
v 0.956872 1.338338 -0.003929000000000082
v 0.962304 1.294778 0.02690599999999992
v 0.972098 1.264884 0.012880999999999922
v 0.887866 1.489165 -0.005870000000000091
v 0.909234 1.49011 -0.006840000000000091
v 0.893178 1.482519 -0.02551700000000009
v 0.377841 1.654661 0.36332199999999987
v 0.421637 1.710293 0.37495099999999987
v 0.502717 1.878103 0.3890679999999999
v 0.502717 1.878103 0.3890679999999999
v 0.486386 1.902847 0.3795289999999999
v 0.377841 1.654661 0.36332199999999987
v 0.292682 1.758815 0.15213599999999988
v 0.372844 1.746336 0.18968599999999988
v 0.425242 1.789324 0.1788729999999999
v -0.025881 -0.292355 0.12562400000000004
v 0.135306 -0.423121 0.18109500000000003
v 0.086327 -0.301916 0.17289500000000002
v 0.31811 1.356523 0.1569579999999999
v 0.481066 1.316124 0.10372399999999991
v 0.475737 1.319358 0.08495699999999992
v 0.312792 1.359751 0.1382309999999999
v 0.31811 1.356523 0.1569579999999999
v 0.188193 1.38481 0.4866569999999999
v 0.328372 1.361702 0.3825559999999999
v 0.319371 1.366214 0.3694349999999999
v 0.179193 1.389322 0.4735359999999999
v 0.188193 1.38481 0.4866569999999999
v -0.163864 0.3267360000000001 0.55836
v -0.125318 0.3267360000000001 0.467965
v -0.125318 0.34310900000000005 0.467965
v -0.125318 0.34310900000000005 0.467965
v -0.163864 0.34310900000000005 0.55836
v -0.104962 0.26637600000000006 0.584088
v -0.066387 0.26637600000000006 0.493626
v -0.066387 0.28274900000000003 0.493626
v -0.066387 0.28274900000000003 0.493626
v -0.104962 0.28274900000000003 0.584088
v -0.383987 0.35333900000000007 0.668348
v -0.502469 0.35330500000000004 0.574015
v -0.49191 0.3533450000000001 0.560954
v -0.378831 0.3533450000000001 0.652364
v -0.383987 0.35333900000000007 0.668348
v -0.249043 0.35337900000000005 0.662357
v -0.383987 0.35333900000000007 0.668348
v -0.250395 0.3531020000000001 0.645385
v -0.249043 0.35337900000000005 0.662357
v -0.384268 0.37916500000000003 0.668271
v -0.248808 0.3792110000000001 0.662273
v -0.24969 0.37917200000000006 0.645501
v -0.37906 0.37917200000000006 0.652304
v -0.384268 0.37916500000000003 0.668271
v -0.502036 0.37912700000000005 0.574473
v -0.384268 0.37916500000000003 0.668271
v -0.491476 0.37917200000000006 0.561412
v -0.502036 0.37912700000000005 0.574473
v -0.304521 1.075696 0.6680549999999998
v -0.415276 1.106488 0.5751299999999999
v -0.404996 1.103676 0.5621499999999999
v -0.29945 1.074293 0.6521049999999999
v -0.304521 1.075696 0.6680549999999998
v -0.173292 1.039172 0.6459429999999999
v -0.172521 1.038996 0.6627199999999999
v -0.172521 1.038996 0.6627199999999999
v -0.304521 1.075696 0.6680549999999998
v -0.297796 1.100897 0.6679779999999998
v -0.165301 1.064055 0.6626399999999999
v -0.16607 1.064234 0.6458629999999999
v -0.292676 1.09948 0.6520449999999999
v -0.297796 1.100897 0.6679779999999998
v -0.40787 1.131505 0.5755929999999999
v -0.297796 1.100897 0.6679779999999998
v -0.39759 1.128687 0.5626129999999999
v -0.40787 1.131505 0.5755929999999999
v -0.352468 0.636468 0.642596
v -0.352135 0.508753 0.642698
v -0.360057 0.508753 0.661275
v -0.360057 0.508753 0.661275
v -0.360389 0.636467 0.661172
v -0.46185 0.636591 0.603404
v -0.432485 0.513692 0.621968
v -0.418671 0.514545 0.60588
v -0.448036 0.637444 0.587316
v -0.46185 0.636591 0.603404
v -0.468266 0.63066 0.574456
v -0.439181 0.507664 0.592821
v -0.447201 0.508563 0.611333
v -0.447201 0.508563 0.611333
v -0.476285 0.631559 0.592969
v -0.297832 0.636477 0.645068
v -0.2977 0.508763 0.645155
v -0.305621 0.508763 0.663732
v -0.305621 0.508763 0.663732
v -0.305754 0.636477 0.663644
v -0.383987 0.49106700000000003 0.668348
v -0.502469 0.4910320000000001 0.574015
v -0.49191 0.49107400000000007 0.560954
v -0.378831 0.49107400000000007 0.652364
v -0.383987 0.49106700000000003 0.668348
v -0.249043 0.4911090000000001 0.662357
v -0.383987 0.49106700000000003 0.668348
v -0.249925 0.49107400000000007 0.645585
v -0.249043 0.4911090000000001 0.662357
v -0.384268 0.517822 0.668272
v -0.248808 0.51787 0.662273
v -0.24969 0.51783 0.645501
v -0.37906 0.51783 0.652304
v -0.384268 0.517822 0.668272
v -0.502036 0.517783 0.574473
v -0.384268 0.517822 0.668272
v -0.491476 0.51783 0.561412
v -0.502036 0.517783 0.574473
v -0.385085 0.627201 0.668055
v -0.500041 0.62716 0.57513
v -0.489383 0.627209 0.562149
v -0.379824 0.627209 0.652105
v -0.385085 0.627201 0.668055
v -0.248868 0.627209 0.645943
v -0.248078 0.627248 0.66272
v -0.248078 0.627248 0.66272
v -0.385085 0.627201 0.668055
v -0.385365 0.654087 0.667978
v -0.247842 0.654129 0.66264
v -0.248632 0.654095 0.645863
v -0.380052 0.654095 0.652045
v -0.385365 0.654087 0.667978
v -0.499615 0.654051 0.575593
v -0.385365 0.654087 0.667978
v -0.488956 0.654095 0.562613
v -0.499615 0.654051 0.575593
v 1.208665 1.218934 0.45384899999999995
v 1.365678 1.022427 0.03564799999999994
v 1.357008 1.008316 0.03886799999999994
v 1.196043 1.198392 0.4585369999999999
v 1.208665 1.218934 0.45384899999999995
v 1.208665 1.218934 0.45384899999999995
v 1.047466 1.390842 0.8816779999999999
v 1.056136 1.404953 0.8784579999999999
v 1.208665 1.218934 0.45384899999999995
v 1.231833 1.205254 0.46856699999999996
v 1.381592 1.01303 0.04575799999999994
v 1.365678 1.022427 0.03564799999999994
v 1.208665 1.218934 0.45384899999999995
v 1.231833 1.205254 0.46856699999999996
v 1.231833 1.205254 0.46856699999999996
v 1.056136 1.404953 0.8784579999999999
v 1.072051 1.395556 0.8885679999999999
v 1.231833 1.205254 0.46856699999999996
v 1.339106 1.133757 0.5315359999999999
v 1.357355 1.206277 0.5401709999999998
v 1.341504 1.210883 0.5349899999999999
v 1.323255 1.138363 0.5263539999999999
v 1.339106 1.133757 0.5315359999999999
v 1.242227 1.222615 0.49446299999999993
v 1.723904 1.08356 0.6443379999999999
v 1.726506 1.088045 0.6403619999999999
v 1.248082 1.232704 0.48551799999999995
v 1.242227 1.222615 0.49446299999999993
v 1.194867 1.092404 0.5377109999999999
v 1.233873 1.24741 0.5561699999999999
v 1.218022 1.252015 0.5509889999999998
v 1.179017 1.09701 0.5325299999999998
v 1.194867 1.092404 0.5377109999999999
v 0.324653 -0.49963799999999997 0.584903
v 0.328215 -0.553173 0.61331
v 0.163908 -0.22167299999999995 0.725197
v 0.163908 -0.22167299999999995 0.725197
v 0.174568 -0.20621799999999996 0.681817
v 0.049057 0.10027000000000004 0.721104
v 0.163908 -0.22167299999999995 0.725197
v 0.163908 -0.22167299999999995 0.725197
v 0.027271 0.10024600000000004 0.772193
v -0.006237 0.3197110000000001 0.716265
v 0.027271 0.10024600000000004 0.772193
v 0.027271 0.10024600000000004 0.772193
v -0.029458 0.31969900000000007 0.770722
v 0.328215 -0.553173 0.61331
v 0.345334 -0.553173 0.62061
v 0.181027 -0.22167299999999995 0.732497
v 0.181027 -0.22167299999999995 0.732497
v 0.163908 -0.22167299999999995 0.725197
v 0.027271 0.10024600000000004 0.772193
v 0.181027 -0.22167299999999995 0.732497
v 0.181027 -0.22167299999999995 0.732497
v 0.044391 0.10024600000000004 0.779493
v -0.029458 0.31969900000000007 0.770722
v 0.044391 0.10024600000000004 0.779493
v 0.044391 0.10024600000000004 0.779493
v -0.012231 0.31969900000000007 0.777769
v 0.324653 -0.49963799999999997 0.584903
v 0.174568 -0.20621799999999996 0.681817
v 0.191687 -0.20621799999999996 0.689117
v 0.191687 -0.20621799999999996 0.689117
v 0.341772 -0.49963799999999997 0.592203
v -0.105416 0.22267300000000004 0.67982
v -0.09534 0.22267300000000004 0.656189
v -0.095234 0.50805 0.655541
v -0.105308 0.50805 0.679165
v -0.105416 0.22267300000000004 0.67982
v -0.015096 1.741876 0.4163019999999999
v 0.172602 1.8511 0.2071809999999999
v 0.167247 1.829378 0.2074649999999999
v -0.013181 1.722954 0.40092699999999987
v -0.015096 1.741876 0.4163019999999999
v -0.156976 1.579332 0.5012929999999999
v -0.015096 1.741876 0.4163019999999999
v -0.150832 1.565462 0.4824539999999999
v -0.156976 1.579332 0.5012929999999999
v -0.307904 1.376864 0.5560429999999998
v -0.156976 1.579332 0.5012929999999999
v -0.299794 1.367604 0.5351689999999999
v -0.307904 1.376864 0.5560429999999998
v -0.417412 1.138014 0.5747699999999999
v -0.307904 1.376864 0.5560429999999998
v -0.407512 1.133206 0.5532419999999999
v -0.417412 1.138014 0.5747699999999999
v -0.523785 0.938647 0.6040709999999999
v -0.417412 1.138014 0.5747699999999999
v -0.513595 0.935691 0.5823549999999998
v 0.00358 1.183216 0.7530749999999999
v 0.126486 1.462636 0.7303409999999999
v 0.155982 1.469367 0.6739649999999999
v 0.019829 1.157545 0.6974069999999999
v 0.00358 1.183216 0.7530749999999999
v 0.169859 1.465504 0.6801069999999999
v 0.155982 1.469367 0.6739649999999999
v 0.126486 1.462636 0.7303409999999999
v 0.140363 1.458773 0.7364839999999999
v 0.169859 1.465504 0.6801069999999999
v 0.019829 1.157545 0.6974069999999999
v 0.033706 1.153682 0.7035489999999999
v 0.017457 1.179353 0.7592169999999999
v 0.017457 1.179353 0.7592169999999999
v 0.00358 1.183216 0.7530749999999999
v 0.140363 1.458773 0.7364839999999999
v 0.126486 1.462636 0.7303409999999999
v 0.00358 1.183216 0.7530749999999999
v 0.017457 1.179353 0.7592169999999999
v 0.140363 1.458773 0.7364839999999999
v 0.350468 1.821035 0.3046579999999999
v 0.379415 1.853476 0.3128509999999999
v 0.140632 1.853613 0.2171769999999999
v 0.140632 1.853613 0.2171769999999999
v 0.15138 1.82058 0.2253569999999999
v 0.140632 1.853613 0.2171769999999999
v -0.041224 1.74572 0.15546099999999988
v -0.041224 1.74572 0.15546099999999988
v -0.0189 1.724547 0.16704099999999988
v -0.157389 1.581774 0.12745299999999993
v -0.041224 1.74572 0.15546099999999988
v -0.041224 1.74572 0.15546099999999988
v -0.181376 1.601421 0.1153649999999999
v -0.307002 1.369611 0.08883399999999991
v -0.181376 1.601421 0.1153649999999999
v -0.181376 1.601421 0.1153649999999999
v -0.333021 1.387393 0.07612399999999991
v -0.333021 1.387393 0.07612399999999991
v -0.442876 1.144401 0.05863399999999993
v -0.442876 1.144401 0.05863399999999993
v -0.414457 1.135139 0.07135599999999993
v -0.442876 1.144401 0.05863399999999993
v -0.477096 1.015901 0.059319999999999935
v -0.477096 1.015901 0.059319999999999935
v -0.449668 1.009037 0.07136099999999994
v -0.148984 1.060907 0.6454159999999999
v -0.166132 1.066008 0.6497249999999999
v -0.174334 1.068207 0.6699389999999998
v -0.174334 1.068207 0.6699389999999998
v -0.15868 1.063258 0.6680929999999999
v -0.181135 -0.225906 -0.053894999999999985
v -0.180398 -0.247551 -0.06371899999999998
v -0.364861 -0.24746499999999996 0.369444
v -0.364861 -0.24746499999999996 0.369444
v -0.358337 -0.22590599999999997 0.36166
v 0.199176 -0.19777799999999998 0.555928
v 0.177162 -0.19777799999999998 0.546541
v 0.415634 -0.20953799999999997 0.450394
v 0.415634 -0.20953799999999997 0.450394
v 0.430061 -0.20953799999999997 0.46338
v 0.434979 -0.20953799999999997 0.45182
v 0.415634 -0.20953799999999997 0.450394
v 0.341698 -0.197778 0.221703
v 0.319683 -0.197778 0.212315
v 0.409982 0.415941 0.447984
v 0.177162 0.38330800000000004 0.546541
v 0.199177 0.38330800000000004 0.555928
v 0.424409 0.41594100000000006 0.46097
v 0.409982 0.415941 0.447984
v 0.429327 0.415941 0.44941
v 0.409982 0.415941 0.447984
v 0.341698 0.383308 0.22170299999999998
v 0.319683 0.383308 0.21231499999999998
v 0.906241 1.374662 0.10396399999999992
v 0.912898 1.309289 0.13417099999999993
v 0.921663 1.32664 0.10947899999999992
v 0.924107 1.300945 0.08740899999999992
v 0.912898 1.309289 0.13417099999999993
v 0.912898 1.309289 0.13417099999999993
v 0.909594 1.275406 0.08994099999999991
v 0.908511 1.273456 0.06406299999999991
v 0.923025 1.298994 0.061530999999999926
v 0.909594 1.275406 0.08994099999999991
v 0.908511 1.273456 0.06406299999999991
v 0.923025 1.298994 0.061530999999999926
v 0.898515 1.297933 0.06263599999999991
v 0.899596 1.299883 0.08851399999999991
v 0.899596 1.299883 0.08851399999999991
v 0.924107 1.300945 0.08740899999999992
v 0.921663 1.32664 0.10947899999999992
v 0.899596 1.299883 0.08851399999999991
v 0.899596 1.299883 0.08851399999999991
v 0.900248 1.325718 0.11044199999999992
v 0.906241 1.374662 0.10396399999999992
v 0.900248 1.325718 0.11044199999999992
v 0.898515 1.297933 0.06263599999999991
v 0.923025 1.298994 0.061530999999999926
v 0.909234 1.49011 -0.006840000000000091
v 0.887866 1.489165 -0.005870000000000091
v 0.898515 1.297933 0.06263599999999991
v 0.887866 1.489165 -0.005870000000000091
v 0.893178 1.482519 -0.02551700000000009
v 0.904609 1.290287 0.04010799999999992
v 0.904609 1.290287 0.04010799999999992
v 0.898515 1.297933 0.06263599999999991
v -0.046681 0.624583 0.25060199999999994
v 0.123485 0.609223 0.20869999999999997
v 0.116331 0.609223 0.17964799999999997
v -0.053835 0.624583 0.22154999999999997
v -0.046681 0.624583 0.25060199999999994
v -0.046681 0.500699 0.25060199999999994
v 0.123485 0.516058 0.20869999999999997
v 0.136995 0.538396 0.20537299999999997
v -0.046544 0.538279 0.25056799999999996
v -0.046681 0.500699 0.25060199999999994
v -0.092984 0.457804 0.28449399999999997
v -0.065713 0.475182 0.29612299999999997
v -0.066267 0.672444 0.29588699999999996
v -0.066267 0.672444 0.29588699999999996
v -0.094407 0.6887 0.28388699999999994
v 0.266587 1.398179 0.3469509999999999
v 0.297574 1.40544 0.3588499999999999
v 0.337844 1.5039 0.3641329999999999
v 0.337844 1.5039 0.3641329999999999
v 0.321513 1.528646 0.3545939999999999
v 0.25267 1.11135 0.14269899999999994
v 0.257126 1.108645 0.15839499999999995
v 0.31811 1.356523 0.1569579999999999
v 0.312792 1.359751 0.1382309999999999
v 0.25267 1.11135 0.14269899999999994
v 0.45784 -0.499638 0.27256700000000006
v 0.474959 -0.499638 0.27986700000000003
v 0.439431 -0.206218 0.10813500000000001
v 0.439431 -0.206218 0.10813500000000001
v 0.422312 -0.206218 0.10083500000000001
v 0.439431 -0.206218 0.10813500000000001
v 0.380892 0.10027 -0.009635000000000006
v 0.380892 0.10027 -0.009635000000000006
v 0.363773 0.10027 -0.016935000000000006
v 0.167247 1.829378 0.2074649999999999
v 0.172602 1.8511 0.2071809999999999
v 0.175203 1.688899 -0.046937000000000104
v 0.175203 1.688899 -0.046937000000000104
v 0.164379 1.673524 -0.031300000000000106
v -0.428772 -0.06292299999999998 0.470879
v -0.358337 -0.22590599999999997 0.36166
v -0.364861 -0.24746499999999996 0.369444
v -0.364861 -0.24746499999999996 0.369444
v -0.438366 -0.07607099999999997 0.488648
v -0.507541 0.3538220000000001 0.549945
v -0.438366 -0.07607099999999997 0.488648
v -0.438366 -0.07607099999999997 0.488648
v -0.517932 0.35207400000000005 0.57185
v -0.55956 0.572666 0.604071
v -0.548951 0.572552 0.582355
v -0.517932 0.35207400000000005 0.57185
v 0.834814 1.340583 0.020954999999999918
v 0.833117 1.271349 0.041351999999999924
v 0.845603 1.299671 0.046882999999999925
v 0.874702 1.288028 0.05955499999999992
v 0.845603 1.299671 0.046882999999999925
v 0.884699 1.263551 0.060981999999999925
v 0.874702 1.288028 0.05955499999999992
v 0.898515 1.297933 0.06263599999999991
v 0.874702 1.288028 0.05955499999999992
v 0.908511 1.273456 0.06406299999999991
v 0.898515 1.297933 0.06263599999999991
v 0.956872 1.338338 -0.003929000000000082
v 0.946213 1.28717 0.008187999999999923
v 0.962304 1.294778 0.02690599999999992
v 0.942605 1.286693 0.049698999999999924
v 0.962304 1.294778 0.02690599999999992
v 0.924189 1.277987 0.02827599999999992
v 0.942605 1.286693 0.049698999999999924
v 0.923025 1.298994 0.061530999999999926
v 0.942605 1.286693 0.049698999999999924
v 0.904609 1.290287 0.04010799999999992
v 0.923025 1.298994 0.061530999999999926
v 0.906241 1.374662 0.10396399999999992
v 0.900248 1.325718 0.11044199999999992
v 0.912898 1.309289 0.13417099999999993
v 0.909594 1.275406 0.08994099999999991
v 0.912898 1.309289 0.13417099999999993
v 0.899596 1.299883 0.08851399999999991
v 0.898515 1.297933 0.06263599999999991
v 0.908511 1.273456 0.06406299999999991
v 0.480793 -0.553173 0.25550200000000006
v 0.497912 -0.553173 0.26280200000000004
v 0.345334 -0.553173 0.62061
v 0.345334 -0.553173 0.62061
v 0.328215 -0.553173 0.61331
v 0.45784 -0.499638 0.27256700000000006
v 0.324653 -0.49963799999999997 0.584903
v -0.122196 -0.11667699999999996 0.588688
v -0.191907 0.10003600000000004 0.671963
v -0.233625 0.35381000000000007 0.688275
v -0.233625 0.35381000000000007 0.688275
v 0.043775 0.10024600000000004 0.757842
v -0.016697 0.30967300000000003 0.765147
v -0.122196 -0.11667699999999996 0.588688
v -0.234273 0.35346200000000005 0.643743
v -0.099728 -0.18099399999999996 0.614402
v 0.178841 -0.22167299999999995 0.714528
v -0.075921 -0.30096599999999996 0.548903
v 0.014572 -0.46202299999999996 0.504964
v 0.014572 -0.46202299999999996 0.504964
v 0.232602 -0.32897999999999994 0.679597
v 0.286363 -0.43628599999999995 0.644665
v 0.340124 -0.543592 0.609734
v -0.179115 -0.29237099999999994 0.484951
v -0.075921 -0.30096599999999996 0.548903
v -0.271116 -0.09613699999999996 0.593676
v -0.358337 -0.22590599999999997 0.36166
v -0.378134 0.3538220000000001 0.653017
v -0.234273 0.35346200000000005 0.643743
v -0.368176 -0.188794 0.10706600000000001
v -0.410991 -0.04436699999999999 0.088809
v -0.428772 -0.06292299999999998 0.470879
v -0.447618 -0.05364499999999998 0.283897
v -0.536458 0.353822 0.306933
v -0.506587 0.353822 0.04804499999999998
v -0.506586 0.456645 0.04804499999999997
v -0.534504 0.439067 0.307757
v -0.507541 0.3538220000000001 0.549946
v -0.503634 0.48215700000000006 0.551594
v -0.379623 0.558513 0.652628
v -0.234273 0.35346200000000005 0.643743
v -0.232776 0.558176 0.64458
v -0.507274 0.353822 0.07137199999999998
v -0.507193 0.498364 0.07136799999999997
v -0.532999 0.495577 0.06037599999999997
v -0.532999 0.495577 0.06037599999999997
v -0.531808 0.348992 0.060921999999999976
v -0.531808 0.348992 0.060921999999999976
v -0.489324 0.13084 0.07942899999999999
v -0.489324 0.13084 0.07942899999999999
v -0.460061 0.103594 0.091896
v 0.827236 1.286469 0.5309989999999999
v 0.297673 1.476476 0.3004289999999999
v 0.281884 1.466987 0.3301329999999999
v 0.281884 1.466987 0.3301329999999999
v 0.821 1.277972 0.5538079999999999
v 0.275755 1.439241 0.3265289999999999
v 1.190242 1.209686 0.46900699999999995
v 1.200833 1.216399 0.4545429999999999
v 0.815827 1.257704 0.5510409999999999
v 0.285426 1.432482 0.3004289999999999
v 0.818209 1.254044 0.5309989999999999
v 1.347197 1.162712 0.5253559999999999
v 1.35421 1.169145 0.5117919999999999
v 1.3446 1.149793 0.5220799999999999
v 1.187106 1.194658 0.4652049999999999
v 1.194106 1.1923 0.45142099999999996
v 1.348961 1.148289 0.5093089999999999
v 1.196043 1.198392 0.4585369999999999
v 1.357008 1.008316 0.03886799999999994
v 1.367118 0.997806 0.047351999999999936
v 1.367118 0.997806 0.047351999999999936
v 1.210762 1.183091 0.4708879999999999
v 1.210762 1.183091 0.4708879999999999
v 1.057577 1.380332 0.8901619999999999
v 1.057577 1.380332 0.8901619999999999
v 1.047466 1.390842 0.8816779999999999
v 0.57384 1.902463 0.3977549999999999
v 0.749758 2.340312 0.23747599999999985
v 0.747989 2.346301 0.22463999999999987
v 0.758589 2.344867 0.21528099999999986
v 0.557969 1.913651 0.3676439999999999
v 0.352831 1.690328 0.3089129999999999
v 0.352156 1.689104 0.3293389999999999
v 0.556657 1.912551 0.3857139999999999
v 0.374116 1.677876 0.3439039999999999
v 0.57384 1.902463 0.3977549999999999
v 0.374116 1.677876 0.3439039999999999
v 0.374116 1.677876 0.3439039999999999
v 0.397368 1.668992 0.3193669999999999
v 0.593536 1.894479 0.3752049999999999
v 0.771818 2.33158 0.23239799999999985
v 0.749758 2.340312 0.23747599999999985
v 0.779187 2.333951 0.21745899999999987
v 0.58451 1.90126 0.3538239999999999
v -0.072887 -0.381163 0.14344400000000002
v -0.121361 -0.294542 -0.0020449999999999817
v -0.739738 -0.477492 -0.20916099999999999
v -0.388445 -0.676424 0.2982310000000001
v -0.106742 -0.320772 -0.022103999999999978
v -0.121361 -0.294542 -0.0020449999999999817
v -0.072887 -0.381163 0.14344400000000002
v -0.060364 -0.403633 0.12626100000000004
v -0.060364 -0.403633 0.12626100000000004
v -0.072887 -0.381163 0.14344400000000002
v -0.388445 -0.676424 0.2982310000000001
v -0.375873 -0.698984 0.28097900000000003
v -0.375873 -0.698984 0.28097900000000003
v -0.388445 -0.676424 0.2982310000000001
v -0.739738 -0.477492 -0.20916099999999999
v -0.723145 -0.507266 -0.23192999999999997
v -0.060364 -0.403633 0.12626100000000004
v -0.375873 -0.698984 0.28097900000000003
v -0.723145 -0.507266 -0.23192999999999997
v -0.106742 -0.320772 -0.022103999999999978
v -0.045645 0.6887 0.16953599999999994
v -0.045645 0.569742 0.16953599999999996
v -0.094407 0.569742 0.28388699999999994
v -0.094407 0.6887 0.28388699999999994
v -0.491262 0.87089 0.41659299999999994
v -0.420163 1.117712 0.4057859999999999
v -0.43171 1.121034 0.40499199999999996
v -0.503349 0.871023 0.41624999999999995
v -0.42594 1.118933 0.36251799999999995
v -0.497267 0.872184 0.37348699999999996
v -0.509133 0.872321 0.37353099999999995
v -0.437269 1.122225 0.36211899999999997
v -0.43171 1.121034 0.40499199999999996
v -0.437269 1.122225 0.36211899999999997
v -0.509133 0.872321 0.37353099999999995
v -0.503349 0.871023 0.41624999999999995
v -0.457768 0.985752 0.45428499999999994
v -0.387965 1.162154 0.44530699999999995
v -0.399002 1.166505 0.44530899999999995
v -0.469738 0.98702 0.45461699999999994
v -0.393597 1.163214 0.41042999999999996
v -0.463558 0.986896 0.41951299999999997
v -0.475308 0.988152 0.42014899999999994
v -0.404423 1.167521 0.41074099999999997
v -0.399002 1.166505 0.44530899999999995
v -0.404423 1.167521 0.41074099999999997
v -0.475308 0.988152 0.42014899999999994
v -0.469738 0.98702 0.45461699999999994
v -0.006605 0.909372 0.17204899999999995
v 0.06482 1.167069 0.17079299999999992
v 0.20796 1.132758 -0.17345600000000005
v -0.063353 0.925154 0.3101439999999999
v 0.230873 0.315879 0.421658
v 0.228955 0.302619 0.417897
v 0.280954 0.304265 0.385246
v 0.282871 0.317526 0.389007
v 0.169706 0.325102 0.420705
v 0.167789 0.311842 0.416944
v 0.228955 0.302619 0.417897
v 0.230873 0.315879 0.421658
v -0.089133 0.390485 0.323502
v -0.091051 0.377224 0.319741
v 0.167789 0.311842 0.416944
v 0.169706 0.325102 0.420705
v -0.397959 0.987873 0.051346999999999934
v -0.275583 1.244007 0.05134699999999992
v -0.309104 1.253338 0.29191199999999995
v -0.431479 0.997204 0.29191199999999995
v -0.28039 0.955142 -0.09381800000000005
v -0.158014 1.211276 -0.09381800000000007
v -0.275583 1.244007 0.05134699999999992
v -0.397959 0.987873 0.051346999999999934
v -0.431479 0.997204 0.29191199999999995
v -0.309104 1.253338 0.29191199999999995
v -0.290922 1.248276 0.5310209999999999
v -0.413298 0.992142 0.5310209999999999
v -0.464904 0.47348000000000007 0.517287
v -0.464904 0.22091600000000003 0.517287
v -0.489881 0.19474400000000003 0.30479
v -0.489881 0.447308 0.30479
v -0.489881 0.447308 0.30479
v -0.489881 0.19474400000000003 0.30479
v -0.464485 0.209487 0.050570999999999984
v -0.464485 0.46205 0.05057099999999997
v -0.464485 0.46205 0.05057099999999997
v -0.464485 0.209487 0.050570999999999984
v -0.329506 0.211148 -0.09381800000000001
v -0.329506 0.463711 -0.09381800000000003
v 0.092521 0.572394 -0.18046300000000004
v 0.092521 0.273688 -0.18046300000000004
v -0.254017 0.27350800000000003 0.631762
v -0.254017 0.572214 0.631762
v 0.113761 0.572394 -0.16764600000000002
v 0.092521 0.572394 -0.18046300000000004
v -0.254017 0.572214 0.631762
v -0.232776 0.572214 0.64458
v -0.041502 0.925154 0.31527099999999997
v -0.063353 0.925154 0.3101439999999999
v -0.006605 0.909372 0.17204899999999995
v 0.015246 0.909372 0.17717599999999994
v 0.015246 0.909372 0.17717599999999994
v -0.006605 0.909372 0.17204899999999995
v -0.039064 0.797261 0.17268399999999995
v -0.017213 0.797261 0.17781099999999994
v -0.073981 0.813032 0.31590399999999996
v -0.095831 0.813032 0.31077699999999997
v -0.063353 0.925154 0.3101439999999999
v -0.041502 0.925154 0.31527099999999997
v -0.209093 0.85057 0.64458
v -0.230944 0.85057 0.639453
v -0.095831 0.813032 0.31077699999999997
v -0.073981 0.813032 0.31590399999999996
v -0.017213 0.797261 0.17781099999999994
v -0.039064 0.797261 0.17268399999999995
v 0.102947 0.757806 -0.17277200000000006
v 0.124797 0.757806 -0.16764600000000004
v -0.510623 0.294825 0.326406
v -0.533508 0.55068 0.31942299999999996
v -0.545015 0.549559 0.31605599999999995
v -0.521558 0.29053 0.323514
v -0.528276 0.531954 0.2764499999999999
v -0.507317 0.294817 0.283021
v -0.518136 0.290598 0.280553
v -0.53964 0.530876 0.27354399999999995
v -0.545015 0.549559 0.31605599999999995
v -0.53964 0.530876 0.27354399999999995
v -0.518136 0.290598 0.280553
v -0.521558 0.29053 0.323514
v -0.497548 0.256337 0.371978
v -0.520768 0.50303 0.36162599999999995
v -0.532715 0.5019 0.36085599999999995
v -0.508844 0.252041 0.371646
v -0.527409 0.511088 0.31821399999999994
v -0.503578 0.255345 0.329107
v -0.514671 0.251134 0.329159
v -0.539156 0.510009 0.31782599999999994
v -0.532715 0.5019 0.36085599999999995
v -0.539156 0.510009 0.31782599999999994
v -0.514671 0.251134 0.329159
v -0.508844 0.252041 0.371646
v -0.492152 0.23125200000000004 0.416593
v -0.516233 0.486978 0.4057859999999999
v -0.528194 0.485848 0.40499199999999996
v -0.50345 0.22695500000000002 0.41625
v -0.522056 0.486003 0.36251799999999995
v -0.498214 0.23026000000000002 0.373487
v -0.509308 0.22604800000000003 0.373531
v -0.533804 0.484924 0.36211899999999997
v -0.528194 0.485848 0.40499199999999996
v -0.533804 0.484924 0.36211899999999997
v -0.509308 0.22604800000000003 0.373531
v -0.50345 0.22695500000000002 0.41625
v -0.480229 0.96641 0.2864499999999999
v -0.410426 1.14067 0.2576089999999999
v -0.421463 1.144992 0.25711999999999996
v -0.492199 0.967707 0.2866369999999999
v -0.416058 1.137784 0.22283499999999992
v -0.486019 0.963619 0.25177099999999997
v -0.497769 0.96494 0.25226099999999996
v -0.426884 1.142098 0.2226579999999999
v -0.421463 1.144992 0.25711999999999996
v -0.426884 1.142098 0.2226579999999999
v -0.497769 0.96494 0.25226099999999996
v -0.492199 0.967707 0.2866369999999999
v -0.492982 0.294825 0.444078
v -0.516698 0.55068 0.44311899999999993
v -0.528596 0.549559 0.4427499999999999
v -0.504231 0.29053 0.443971
v -0.521381 0.550692 0.4080579999999999
v -0.497908 0.294817 0.409155
v -0.508964 0.290598 0.409359
v -0.533077 0.549614 0.40800699999999995
v -0.528596 0.549559 0.4427499999999999
v -0.533077 0.549614 0.40800699999999995
v -0.508964 0.290598 0.409359
v -0.504231 0.29053 0.443971
v -0.491415 0.498364 0.03436599999999997
v -0.517221 0.495577 0.02337299999999997
v -0.532999 0.495577 0.06037599999999997
v -0.507193 0.498364 0.07136799999999997
v -0.461948 1.011684 0.02244299999999994
v -0.434519 1.00482 0.03448299999999994
v -0.449668 1.009037 0.07136099999999994
v -0.477096 1.015901 0.059319999999999935
v -0.287296 0.963862 -0.15189500000000006
v -0.28039 0.955142 -0.09381800000000005
v -0.397959 0.987873 0.051346999999999934
v -0.449227 1.008942 0.048044999999999935
v -0.506586 0.456645 0.04804499999999997
v -0.464485 0.46205 0.05057099999999997
v -0.329506 0.463711 -0.09381800000000003
v -0.338498 0.456645 -0.15189500000000003
v 0.115953 1.151009 0.14026899999999992
v 0.209477 1.388632 0.15151299999999993
v 0.076367 1.425688 0.4755389999999999
v -0.017232 1.188087 0.4642609999999999
v 0.114596 1.151387 0.4642609999999999
v -0.017232 1.188087 0.4642609999999999
v 0.076367 1.425688 0.4755389999999999
v 0.208195 1.388989 0.4755389999999999
v 0.247781 1.11431 0.14026899999999995
v 0.115953 1.151009 0.14026899999999992
v -0.017232 1.188087 0.4642609999999999
v 0.114596 1.151387 0.4642609999999999
v 0.341305 1.351932 0.15151299999999993
v 0.209477 1.388632 0.15151299999999993
v 0.115953 1.151009 0.14026899999999992
v 0.247781 1.11431 0.14026899999999995
v 0.208195 1.388989 0.4755389999999999
v 0.076367 1.425688 0.4755389999999999
v 0.209477 1.388632 0.15151299999999993
v 0.341305 1.351932 0.15151299999999993
v 0.106938 1.149676 0.42943599999999993
v 0.247116 1.126568 0.32533499999999993
v 0.328372 1.361702 0.3825559999999999
v 0.188193 1.38481 0.4866569999999999
v 0.643284 2.209637 -0.08412200000000014
v 0.732407 2.192451 0.04743899999999987
v 0.791521 2.132172 -0.0028380000000001303
v 0.672046 2.187648 -0.10723100000000015
v 0.574745 2.182725 -0.04368100000000013
v 0.650648 2.17139 0.09771699999999986
v 0.732407 2.192451 0.04743899999999987
v 0.643284 2.209637 -0.08412200000000014
v -0.038656 0.25403900000000007 0.51331
v -0.154778 0.37362800000000007 0.456816
v -0.154778 0.3536750000000001 0.456816
v -0.038656 0.23408600000000002 0.51331
v -0.154778 0.37362800000000007 0.456816
v -0.038656 0.25403900000000007 0.51331
v -0.031554 0.25403900000000007 0.496656
v -0.14799 0.373628 0.440898
v -0.125318 0.34310900000000005 0.467965
v -0.13263 0.34376500000000004 0.464759
v -0.171172 0.34376500000000004 0.555143
v -0.163864 0.34310900000000005 0.55836
v -0.081394 0.25403900000000007 0.613537
v -0.197517 0.37362800000000007 0.557042
v -0.197517 0.3536750000000001 0.557042
v -0.081394 0.23408600000000002 0.613537
v -0.197517 0.37362800000000007 0.557042
v -0.081394 0.25403900000000007 0.613537
v -0.074293 0.25403900000000007 0.596882
v -0.190729 0.37362800000000007 0.541124
v -0.11227 0.2834050000000001 0.580871
v -0.104962 0.28274900000000003 0.584088
v -0.066387 0.28274900000000003 0.493626
v -0.0737 0.2834050000000001 0.490421
v -0.254531 0.929927 0.6450679999999999
v -0.254531 0.929927 0.6450679999999999
v -0.297796 1.100897 0.6679779999999998
v -0.297796 1.100897 0.6679779999999998
v -0.297832 0.636477 0.645068
v -0.297832 0.636477 0.645068
v -0.297832 0.636477 0.645068
v -0.297832 0.636477 0.645068
v -0.447201 0.508563 0.611333
v -0.432485 0.513692 0.621968
v -0.46185 0.636591 0.603404
v -0.476285 0.631559 0.592969
v -0.09697 1.449288 0.6096339999999999
v -0.118152 1.420936 0.6162679999999999
v 0.018462 1.38707 0.6601109999999999
v 0.034219 1.417161 0.6591489999999999
v -0.164147 0.01569400000000004 0.654343
v -0.307877 0.01837300000000004 0.617393
v -0.297288 -0.014450999999999962 0.610473
v -0.153106 -0.018113999999999963 0.646901
v -0.230454 1.233514 0.6430909999999999
v -0.245025 1.202758 0.6451209999999999
v -0.095862 1.161822 0.6800809999999999
v -0.08099 1.192545 0.6796879999999998
v -0.214316 0.24291600000000002 0.67934
v -0.35898 0.24370300000000003 0.644791
v -0.353203 0.20840600000000004 0.642416
v -0.208494 0.20935500000000004 0.677633
v -0.118803 -0.292355 0.343535
v 0.035747 -0.423121 0.414572
v 0.02275 -0.419339 0.44536
v -0.132022 -0.292351 0.374538
v 0.377331 1.754245 0.5654209999999998
v 0.255471 1.718833 0.5704269999999999
v 0.285328 1.627888 0.6538939999999999
v 0.407189 1.663301 0.6488869999999999
v 0.527923 1.878448 -0.003908000000000115
v 0.485489 1.760455 0.016245999999999892
v 0.603982 1.71602 0.005577999999999895
v 0.646416 1.834012 -0.014576000000000113
v 1.057577 1.380332 0.8901619999999999
v 1.072051 1.395556 0.8885679999999999
v 1.056136 1.404953 0.8784579999999999
v 1.047466 1.390842 0.8816779999999999
v 1.341504 1.210883 0.5349899999999999
v 1.357355 1.206277 0.5401709999999998
v 1.370866 1.207654 0.5000599999999998
v 1.355015 1.21226 0.49487899999999996
v 1.336766 1.13974 0.4862429999999999
v 1.352617 1.135134 0.49142399999999997
v 1.339106 1.133757 0.5315359999999999
v 1.323255 1.138363 0.5263539999999999
v 1.339106 1.133757 0.5315359999999999
v 1.352617 1.135134 0.49142399999999997
v 1.370866 1.207654 0.5000599999999998
v 1.357355 1.206277 0.5401709999999998
v 1.323255 1.138363 0.5263539999999999
v 1.341504 1.210883 0.5349899999999999
v 1.355015 1.21226 0.49487899999999996
v 1.336766 1.13974 0.4862429999999999
v 1.726506 1.088045 0.6403619999999999
v 1.723904 1.08356 0.6443379999999999
v 1.724976 1.07945 0.6374009999999999
v 1.727579 1.083935 0.6334249999999999
v 1.244641 1.213368 0.47885799999999995
v 1.724976 1.07945 0.6374009999999999
v 1.723904 1.08356 0.6443379999999999
v 1.242227 1.222615 0.49446299999999993
v 1.218022 1.252015 0.5509889999999998
v 1.233873 1.24741 0.5561699999999999
v 1.281338 1.252246 0.41525399999999996
v 1.265488 1.256852 0.41007299999999997
v 1.226483 1.101846 0.39161499999999994
v 1.242333 1.09724 0.3967959999999999
v 1.194867 1.092404 0.5377109999999999
v 1.179017 1.09701 0.5325299999999998
v 1.194867 1.092404 0.5377109999999999
v 1.242333 1.09724 0.3967959999999999
v 1.281338 1.252246 0.41525399999999996
v 1.233873 1.24741 0.5561699999999999
v 1.179017 1.09701 0.5325299999999998
v 1.218022 1.252015 0.5509889999999998
v 1.265488 1.256852 0.41007299999999997
v 1.226483 1.101846 0.39161499999999994
v 0.39925 1.561782 0.6505459999999998
v 0.395334 1.581671 0.6806139999999999
v 0.300179 1.607681 0.6406009999999999
v 0.304094 1.587793 0.6105329999999999
v 0.147724 1.158213 0.7595919999999999
v 0.161633 1.154255 0.7256619999999999
v 0.067384 1.179824 0.6839959999999999
v 0.053475 1.183783 0.7179259999999998
v 0.247577 1.29966 0.7041409999999999
v 0.233637 1.30362 0.7382479999999999
v 0.133084 1.33285 0.7113199999999998
v 0.147025 1.32889 0.6772129999999998
v 0.318864 1.462721 0.7219179999999998
v 0.328249 1.449419 0.6875549999999999
v 0.227697 1.478649 0.6606269999999999
v 0.218312 1.491951 0.6949909999999999
v 0.575374 1.791512 0.5144709999999999
v 0.581319 1.817101 0.5346319999999999
v 0.488178 1.842728 0.4934389999999999
v 0.482234 1.817139 0.47327799999999987
v 0.067384 1.179824 0.6839959999999999
v 0.147025 1.32889 0.6772129999999998
v 0.133084 1.33285 0.7113199999999998
v 0.053475 1.183783 0.7179259999999998
v 0.393853 1.707443 0.5446979999999999
v 0.482234 1.817139 0.47327799999999987
v 0.488178 1.842728 0.4934389999999999
v 0.39077 1.725828 0.5732269999999999
v 0.645432 1.881405 0.4706999999999999
v 0.659373 1.913576 0.4783739999999999
v 0.581319 1.817101 0.5346319999999999
v 0.575374 1.791512 0.5144709999999999
v -0.006023 0.30968500000000004 0.740116
v -0.234273 0.35346200000000005 0.643743
v -0.233625 0.35381000000000007 0.688275
v -0.016697 0.30967300000000003 0.765147
v 0.117142 1.079914 0.7237899999999999
v 0.102985 1.083865 0.7582579999999999
v -0.147957 1.060959 0.6896899999999999
v -0.148984 1.060907 0.6454159999999999
v 0.161633 1.154255 0.7256619999999999
v 0.147724 1.158213 0.7595919999999999
v 0.102985 1.083865 0.7582579999999999
v 0.117142 1.079914 0.7237899999999999
v 0.328249 1.449419 0.6875549999999999
v 0.318864 1.462721 0.7219179999999998
v 0.233637 1.30362 0.7382479999999999
v 0.247577 1.29966 0.7041409999999999
v 0.304094 1.587793 0.6105329999999999
v 0.300179 1.607681 0.6406009999999999
v 0.218312 1.491951 0.6949909999999999
v 0.227697 1.478649 0.6606269999999999
v 0.010883 0.3197110000000001 0.723565
v -0.006237 0.3197110000000001 0.716265
v -0.029458 0.31969900000000007 0.770722
v -0.012231 0.31969900000000007 0.777769
v -0.024222 1.08354 0.6761319999999998
v -0.00025 1.127612 0.6496829999999999
v -0.055654 0.929469 0.6502319999999999
v -0.064275 0.936353 0.6761259999999999
v -0.106396 0.508065 0.650781
v -0.117186 0.508117 0.67612
v -0.105308 0.50805 0.679165
v -0.095234 0.50805 0.655541
v -0.055654 0.929469 0.6502319999999999
v -0.047077 0.922584 0.6549229999999999
v -0.054926 0.928875 0.6785109999999999
v -0.064275 0.936353 0.6761259999999999
v -0.117199 0.32418800000000003 0.676114
v -0.105416 0.22267300000000004 0.67982
v -0.105308 0.50805 0.679165
v -0.117186 0.508117 0.67612
v 0.017457 1.179353 0.7592169999999999
v 0.033706 1.153682 0.7035489999999999
v 0.169859 1.465504 0.6801069999999999
v 0.140363 1.458773 0.7364839999999999
v 0.203028 -0.16767599999999996 0.537092
v 0.20259 -0.09111799999999998 0.538535
v 0.110627 -0.09107099999999997 0.500351
v 0.111467 -0.16767499999999996 0.498639
v 0.108518 0.3535170000000001 0.505825
v 0.108882 0.27691200000000005 0.504882
v 0.20259 0.27664800000000006 0.538536
v 0.203028 0.35320700000000005 0.537091
v 0.20259 0.016206000000000036 0.538535
v 0.20259 0.16932400000000003 0.538535
v 0.109391 0.16952500000000004 0.503559
v 0.110118 0.016316000000000032 0.501673
v 0.131704 -0.16767599999999996 0.450885
v 0.142381 -0.18454899999999996 0.455438
v 0.117941 -0.18455399999999997 0.512747
v 0.111467 -0.16767499999999996 0.498639
v 0.111467 -0.16767499999999996 0.498639
v 0.117941 -0.18455399999999997 0.512747
v 0.117941 -0.09129299999999997 0.512759
v 0.110627 -0.09107099999999997 0.500351
v 0.108518 0.3535170000000001 0.505825
v 0.115654 0.37018600000000007 0.518169
v 0.142108 0.37015300000000007 0.456128
v 0.131751 0.353487 0.45172
v 0.108882 0.27691200000000005 0.504882
v 0.11564 0.2766910000000001 0.518209
v 0.115654 0.37018600000000007 0.518169
v 0.108518 0.3535170000000001 0.505825
v 0.110118 0.016316000000000032 0.501673
v 0.116593 0.016095000000000033 0.515935
v 0.116592 0.16930300000000004 0.515961
v 0.109391 0.16952500000000004 0.503559
v 0.109391 0.16952500000000004 0.503559
v 0.116592 0.16930300000000004 0.515961
v 0.199512 0.16932400000000003 0.54633
v 0.20259 0.16932400000000003 0.538535
v 0.117941 -0.18455399999999997 0.512747
v 0.142381 -0.18454899999999996 0.455438
v 0.265775 -0.18454899999999996 0.508067
v 0.19945 -0.18455099999999997 0.546307
v 0.199542 0.37013200000000007 0.546247
v 0.268424 0.3701150000000001 0.509852
v 0.142108 0.37015300000000007 0.456128
v 0.115654 0.37018600000000007 0.518169
v 0.116592 0.16930300000000004 0.515961
v 0.116593 0.016095000000000033 0.515935
v 0.199484 0.016206000000000036 0.546318
v 0.199512 0.16932400000000003 0.54633
v 0.19945 -0.18455099999999997 0.546307
v 0.199464 -0.09111799999999998 0.54631
v 0.117941 -0.09129299999999997 0.512759
v 0.117941 -0.18455399999999997 0.512747
v 0.115654 0.37018600000000007 0.518169
v 0.11564 0.2766910000000001 0.518209
v 0.199532 0.27664800000000006 0.546338
v 0.199542 0.37013200000000007 0.546247
v 0.110627 -0.09107099999999997 0.500351
v 0.118486 -0.09084999999999997 0.481581
v 0.117769 0.016538000000000032 0.482781
v 0.110118 0.016316000000000032 0.501673
v 0.109391 0.16952500000000004 0.503559
v 0.116743 0.16974600000000004 0.484499
v 0.116023 0.27713400000000005 0.485706
v 0.108882 0.27691200000000005 0.504882
v 0.20259 0.16932400000000003 0.538535
v 0.20969 0.16932400000000003 0.519649
v 0.116743 0.16974600000000004 0.484499
v 0.109391 0.16952500000000004 0.503559
v 0.21023 -0.09111799999999998 0.519863
v 0.210008 0.016206000000000033 0.519773
v 0.117769 0.016538000000000032 0.482781
v 0.118486 -0.09084999999999997 0.481581
v 0.20969 0.16932400000000003 0.519649
v 0.209466 0.27664800000000006 0.519565
v 0.116023 0.27713400000000005 0.485706
v 0.116743 0.16974600000000004 0.484499
v 0.486083 -0.543592 0.2674480000000001
v 0.468456 -0.512706 0.27202100000000007
v 0.33182 -0.512706 0.592446
v 0.340124 -0.543592 0.609734
v -0.251871 0.35404700000000006 0.648844
v -0.234273 0.35346200000000005 0.643743
v -0.245819 0.3533220000000001 0.668173
v -0.262415 0.35375100000000004 0.668986
v -0.166132 1.066008 0.6497249999999999
v -0.285999 0.645517 0.648844
v -0.296236 0.64806 0.668986
v -0.174334 1.068207 0.6699389999999998
v -0.296236 0.64806 0.668986
v -0.280364 0.643196 0.668173
v -0.15868 1.063258 0.6680929999999999
v -0.174334 1.068207 0.6699389999999998
v 0.218548 -0.16767599999999996 0.247228
v 0.239284 -0.167675 0.198834
v 0.253662 -0.184554 0.194471
v 0.229225 -0.18454899999999996 0.251781
v 0.352627 -0.16767699999999996 0.304392
v 0.218548 -0.16767599999999996 0.247228
v 0.229225 -0.18454899999999996 0.251781
v 0.352627 -0.18454899999999996 0.304391
v 0.219183 0.353487 0.24668399999999996
v 0.355708 0.353207 0.305083
v 0.355749 0.370115 0.305068
v 0.229534 0.370153 0.251107
v 0.242143 0.353517 0.19246299999999997
v 0.219183 0.353487 0.24668399999999996
v 0.229534 0.370153 0.251107
v 0.255991 0.370186 0.18906699999999999
v 0.253662 -0.184554 0.194471
v 0.334306 -0.18455099999999997 0.230057
v 0.352627 -0.18454899999999996 0.304391
v 0.229225 -0.18454899999999996 0.251781
v 0.334327 0.370132 0.23016499999999998
v 0.255991 0.370186 0.18906699999999999
v 0.229534 0.370153 0.251107
v 0.355749 0.370115 0.305068
v 0.177162 0.38330800000000004 0.546541
v 0.177162 -0.19777799999999998 0.546541
v 0.199176 -0.19777799999999998 0.555928
v 0.199177 0.38330800000000004 0.555928
v 0.196797 1.052088 -0.11347800000000006
v 0.29987 1.062485 -0.07316600000000006
v 0.003337 1.145038 0.6486759999999999
v -0.100725 1.134916 0.6107729999999999
v 0.152341 -0.300786 0.01360800000000002
v 0.153702 -0.098403 -0.086641
v 0.183773 -0.180994 -0.050433999999999986
v 0.179765 -0.462023 0.11757000000000002
v 0.619744 1.500399 0.1138039999999999
v 0.526014 1.526012 0.07031799999999991
v 0.545702 1.53933 0.0429319999999999
v 0.639431 1.513717 0.0864169999999999
v 0.666707 1.64949 0.17317199999999988
v 0.572977 1.675103 0.12968699999999989
v 0.553885 1.662891 0.1551379999999999
v 0.647615 1.637278 0.19862299999999988
v 0.527806 1.221647 0.021988999999999925
v 0.439573 1.247447 -0.03493000000000008
v 0.45364 1.24361 -0.06899900000000007
v 0.541872 1.21781 -0.012081000000000074
v 0.604057 1.383326 0.027681999999999915
v 0.515825 1.409126 -0.02923600000000009
v 0.497583 1.403515 -0.008800000000000087
v 0.585815 1.377715 0.060569999999999916
v 0.645432 1.881405 0.4706999999999999
v 0.46824 1.874541 0.3986949999999999
v 0.518179 1.860639 0.2771319999999999
v 0.69537 1.867502 0.3491379999999999
v 0.669237 1.765382 0.2859849999999999
v 0.576097 1.791008 0.2447919999999999
v 0.596393 1.812602 0.2300149999999999
v 0.689534 1.786975 0.2712079999999999
v 0.619744 1.500399 0.1138039999999999
v 0.639431 1.513717 0.0864169999999999
v 0.666707 1.64949 0.17317199999999988
v 0.647615 1.637278 0.19862299999999988
v 0.553885 1.662891 0.1551379999999999
v 0.572977 1.675103 0.12968699999999989
v 0.596393 1.812602 0.2300149999999999
v 0.576097 1.791008 0.2447919999999999
v 0.434025 1.626712 -0.0020520000000000998
v 0.394536 1.61927 0.035552999999999904
v 0.362248 1.831097 0.2873749999999999
v 0.455717 1.898038 0.2397439999999999
v 0.204211 -0.47225199999999995 0.528217
v 0.33182 -0.512706 0.592446
v 0.468456 -0.512706 0.27202100000000007
v 0.333766 -0.472252 0.22440000000000002
v 0.340124 -0.543592 0.609734
v 0.014572 -0.46202299999999996 0.504964
v 0.179765 -0.462023 0.11757000000000002
v 0.486083 -0.543592 0.2674480000000001
v 0.585815 1.377715 0.060569999999999916
v 0.527806 1.221647 0.021988999999999925
v 0.541872 1.21781 -0.012081000000000074
v 0.604057 1.383326 0.027681999999999915
v 0.526014 1.526012 0.07031799999999991
v 0.497583 1.403515 -0.008800000000000087
v 0.515825 1.409126 -0.02923600000000009
v 0.545702 1.53933 0.0429319999999999
v -0.075921 -0.30096599999999996 0.548903
v 0.152341 -0.300786 0.01360800000000002
v 0.179765 -0.462023 0.11757000000000002
v 0.014572 -0.46202299999999996 0.504964
v 0.893178 1.482519 -0.02551700000000009
v 0.909234 1.49011 -0.006840000000000091
v 0.923025 1.298994 0.061530999999999926
v 0.904609 1.290287 0.04010799999999992
v -0.046544 0.587003 0.25056799999999996
v 0.136995 0.586886 0.20537299999999997
v 0.123485 0.609223 0.20869999999999997
v -0.046681 0.624583 0.25060199999999994
v 0.129841 0.586886 0.17632099999999998
v 0.116331 0.609223 0.17964799999999997
v 0.123485 0.609223 0.20869999999999997
v 0.136995 0.586886 0.20537299999999997
v -0.053835 0.500699 0.22154999999999997
v 0.116331 0.516058 0.17964799999999997
v 0.123485 0.516058 0.20869999999999997
v -0.046681 0.500699 0.25060199999999994
v 0.136995 0.538396 0.20537299999999997
v 0.123485 0.516058 0.20869999999999997
v 0.116331 0.516058 0.17964799999999997
v 0.129841 0.538396 0.17632199999999998
v 0.096152 1.155082 0.41371299999999994
v 0.106938 1.149676 0.42943599999999993
v 0.188193 1.38481 0.4866569999999999
v 0.179193 1.389322 0.4735359999999999
v 0.247116 1.126568 0.32533499999999993
v 0.106938 1.149676 0.42943599999999993
v 0.096152 1.155082 0.41371299999999994
v 0.236354 1.131963 0.3096459999999999
v 0.420083 1.068245 0.10516099999999994
v 0.257126 1.108645 0.15839499999999995
v 0.25267 1.11135 0.14269899999999994
v 0.415626 1.07095 0.08946499999999993
v 0.481066 1.316124 0.10372399999999991
v 0.31811 1.356523 0.1569579999999999
v 0.257126 1.108645 0.15839499999999995
v 0.420083 1.068245 0.10516099999999994
v -0.127329 0.27565 0.412049
v -0.208966 0.27565000000000006 0.603495
v -0.094991 0.23607800000000004 0.645422
v -0.010765 0.23607800000000004 0.447904
v 0.20939 0.256031 -0.06838000000000001
v 0.100225 0.295603 -0.12158700000000001
v 0.100225 0.27565 -0.12158700000000001
v 0.20939 0.236078 -0.06838000000000001
v 0.011702 0.27565 0.08600899999999999
v 0.118271 0.236078 0.14530299999999996
v 0.20939 0.236078 -0.06838000000000001
v 0.100225 0.27565 -0.12158700000000001
v -0.036949 0.353822 0.18187399999999998
v -0.092247 0.353822 0.311554
v -0.092247 0.331681 0.311554
v -0.036949 0.331681 0.18187399999999998
v 0.42868 1.767184 0.15241199999999988
v 0.294967 1.743939 0.13104599999999988
v 0.292682 1.758815 0.15213599999999988
v 0.425242 1.789324 0.1788729999999999
v 0.135306 -0.423121 0.18109500000000003
v -0.025881 -0.292355 0.12562400000000004
v -0.012659 -0.292351 0.09462200000000001
v 0.148526 -0.419339 0.15040300000000004
v 1.551718 0.755882 0.0013209999999999537
v 1.551548 0.767625 -0.0075710000000000464
v 1.551718 0.779367 0.0013209999999999522
v 1.552016 0.765193 0.016915999999999952
v -0.30897 1.246249 -0.17336400000000007
v 0.20796 1.132758 -0.17345600000000005
v 0.06482 1.167069 0.17079299999999992
v -0.328465 1.254002 0.24109899999999992
v 0.00762 1.180794 0.31015599999999993
v -0.128565 1.213448 0.6388729999999999
v -0.333826 1.257602 0.5302599999999998
v -0.153451 0.273688 -0.36601
v -0.469725 0.273598 0.055116999999999985
v 0.092521 0.273688 -0.18046300000000004
v -0.499988 0.273508 0.446215
v -0.254017 0.27350800000000003 0.631762
v 0.441431 1.694437 0.5647049999999999
v 0.489009 1.681432 0.5847109999999999
v 0.44413 1.621607 0.6176279999999998
v 0.393853 1.707443 0.5446979999999999
v 0.39925 1.561782 0.6505459999999998
v 0.304094 1.587793 0.6105329999999999
v 0.227697 1.478649 0.6606269999999999
v 0.174535 1.478679 0.6303209999999999
v 0.46824 1.874541 0.3986949999999999
v 0.482234 1.817139 0.47327799999999987
v 0.575374 1.791512 0.5144709999999999
v 0.645432 1.881405 0.4706999999999999
v 0.140222 1.45395 0.7311139999999999
v 0.021103 1.182064 0.7538199999999999
v 0.215573 1.169716 0.7512339999999998
v 0.304777 1.412145 0.7352509999999999
v 1.198252 1.134355 0.5294859999999999
v 1.216973 1.20875 0.5383449999999999
v 0.484286 1.357005 -0.030555000000000082
v 0.393354 1.077272 -0.07646500000000007
v 0.814218 1.086147 0.05774699999999993
v 0.87004 1.26321 0.08070199999999991
v 1.23051 1.116749 0.43981899999999996
v 1.24923 1.191144 0.44867799999999997
v 0.677132 2.172183 -0.022095000000000132
v 0.726316 2.170573 0.04743899999999987
v 0.666436 2.15299 0.08386499999999987
v 0.622885 2.156859 0.0057139999999998685
v 0.64714 2.083677 0.08386499999999987
v 0.603032 2.103429 -0.0012600000000001289
v 0.687704 2.031874 0.04743899999999988
v 0.634797 2.058248 -0.036967000000000125
v 0.749201 2.055265 0.011013999999999873
v 0.691035 2.07893 -0.06407600000000012
v 0.768497 2.124578 0.01101399999999987
v 0.710888 2.13236 -0.05710200000000013
v 0.677132 2.172183 -0.022095000000000132
v 0.726316 2.170573 0.04743899999999987
v 0.636303 2.059254 -0.10723100000000013
v 0.765288 2.037938 -0.0028380000000001247
v 0.681535 2.009713 0.04743899999999988
v 0.601076 2.058023 -0.08412200000000013
v 0.624414 2.077156 0.09771699999999987
v 0.554401 2.10965 -0.04368100000000013
v 0.650648 2.17139 0.09771699999999986
v 0.574745 2.182725 -0.04368100000000013
v -0.502036 0.37912700000000005 0.574473
v -0.502469 0.35330500000000004 0.574015
v -0.383987 0.35333900000000007 0.668348
v -0.384268 0.37916500000000003 0.668271
v -0.249043 0.35337900000000005 0.662357
v -0.248808 0.3792110000000001 0.662273
v -0.40787 1.131505 0.5755929999999999
v -0.415276 1.106488 0.5751299999999999
v -0.304521 1.075696 0.6680549999999998
v -0.297796 1.100897 0.6679779999999998
v -0.172521 1.038996 0.6627199999999999
v -0.165301 1.064055 0.6626399999999999
v 0.144795 1.611625 0.6086089999999998
v 0.1473 1.60428 0.5546759999999998
v 0.048838 1.627502 0.5417299999999999
v 0.127205 1.583836 0.6185539999999999
v 0.02629 1.602007 0.5549399999999999
v -0.502036 0.517783 0.574473
v -0.502469 0.4910320000000001 0.574015
v -0.383987 0.49106700000000003 0.668348
v -0.384268 0.517822 0.668272
v -0.249043 0.4911090000000001 0.662357
v -0.248808 0.51787 0.662273
v -0.499615 0.654051 0.575593
v -0.500041 0.62716 0.57513
v -0.385085 0.627201 0.668055
v -0.385365 0.654087 0.667978
v -0.248078 0.627248 0.66272
v -0.247842 0.654129 0.66264
v -0.217834 -0.20808199999999996 0.529817
v -0.081742 -0.22326299999999996 0.596122
v -0.094497 -0.19262899999999997 0.609183
v -0.230969 -0.18038999999999997 0.545509
v -0.117551 -0.17802299999999996 0.590612
v -0.148984 1.060907 0.6454159999999999
v -0.147957 1.060959 0.6896899999999999
v -0.030521 1.292728 0.6773269999999999
v -0.032472 1.293185 0.6358699999999999
v 0.084018 1.515661 0.6468049999999999
v 0.082841 1.505811 0.5966979999999998
v 0.193409 1.675261 0.5251489999999999
v 0.19607 1.692957 0.5771939999999999
v 0.362248 1.831097 0.2873749999999999
v 0.401233 1.913206 0.37237199999999987
v 0.010883 0.3197110000000001 0.723565
v -0.012231 0.31969900000000007 0.777769
v 0.044391 0.10024600000000004 0.779493
v 0.066176 0.10027000000000004 0.728404
v 0.181027 -0.22167299999999995 0.732497
v 0.191687 -0.20621799999999996 0.689117
v 0.341772 -0.49963799999999997 0.592203
v 0.345334 -0.553173 0.62061
v -0.105416 0.22267300000000004 0.67982
v -0.117199 0.32418800000000003 0.676114
v -0.106651 0.24259400000000003 0.651331
v -0.117186 0.508117 0.67612
v -0.106396 0.508065 0.650781
v 0.673844 2.179536 0.2814599999999999
v 0.82353 2.106583 0.000844999999999871
v 0.83156 2.096308 0.002732999999999872
v 0.68757 2.161974 0.2846869999999999
v 0.843744 2.100956 0.004620999999999872
v 0.708396 2.169918 0.2879139999999999
v 0.843244 2.114102 0.0038999999999998706
v 0.707542 2.19239 0.2866809999999999
v 0.830751 2.11758 0.0015659999999998702
v 0.686188 2.198334 0.2826919999999999
v 0.82353 2.106583 0.000844999999999871
v 0.673844 2.179536 0.2814599999999999
v 0.468456 -0.512706 0.27202100000000007
v 0.486083 -0.543592 0.2674480000000001
v 0.448875 -0.221673 0.08127300000000001
v 0.434319 -0.206218 0.09702900000000002
v 0.386628 0.100246 -0.046179000000000005
v 0.376603 0.10027 -0.022672000000000008
v -0.280364 0.643196 0.668173
v -0.269203 0.640234 0.643743
v -0.15868 1.063258 0.6680929999999999
v -0.209093 0.85057 0.64458
v -0.148984 1.060907 0.6454159999999999
v 0.319683 0.383308 0.21231499999999998
v 0.319683 0.09276500000000001 0.212315
v 0.409982 0.415941 0.447984
v 0.319683 -0.197778 0.212315
v 0.415634 -0.20953799999999997 0.450394
v 0.199177 0.38330800000000004 0.555928
v 0.199176 -0.19777799999999998 0.555928
v 0.430061 -0.20953799999999997 0.46338
v 0.424409 0.41594100000000006 0.46097
v 0.434979 -0.20953799999999997 0.45182
v 0.429327 0.415941 0.44941
v 0.341698 -0.197778 0.221703
v 0.341698 0.383308 0.22170299999999998
v 0.152341 -0.300786 0.01360800000000002
v -0.075921 -0.30096599999999996 0.548903
v -0.179115 -0.29237099999999994 0.484951
v 0.034367 -0.292335 -0.015636999999999984
v -0.358337 -0.22590599999999997 0.36166
v -0.181135 -0.225906 -0.053894999999999985
v -0.368176 -0.188794 0.10706600000000001
v 0.333766 -0.472252 0.22440000000000002
v 0.468456 -0.512706 0.27202100000000007
v 0.434319 -0.206218 0.09702900000000002
v 0.294161 -0.110937 0.047136000000000004
v 0.376603 0.10027 -0.022672000000000008
v 0.231637 0.250378 -0.07637900000000002
v 0.527806 1.221647 0.021988999999999925
v 0.585815 1.377715 0.060569999999999916
v 0.497583 1.403515 -0.008800000000000087
v 0.439573 1.247447 -0.03493000000000008
v 0.437903 1.405359 -0.010787000000000086
v 0.526014 1.526012 0.07031799999999991
v 0.518179 1.860639 0.2771319999999999
v 0.669237 1.765382 0.2859849999999999
v 0.69537 1.867502 0.3491379999999999
v 0.576097 1.791008 0.2447919999999999
v 0.553885 1.662891 0.1551379999999999
v 0.619744 1.500399 0.1138039999999999
v 0.647615 1.637278 0.19862299999999988
v 0.231637 0.250378 -0.07637900000000002
v 0.133495 0.250378 0.15377399999999997
v 0.294161 -0.110937 0.047136000000000004
v 0.239284 -0.167675 0.198834
v 0.333766 -0.472252 0.22440000000000002
v 0.204211 -0.47225199999999995 0.528217
v 0.111467 -0.16767499999999996 0.498639
v 0.047101 -0.11093699999999995 0.626515
v -0.085315 0.25037800000000004 0.666903
v 0.005887 0.250378 0.453027
v 0.394536 1.61927 0.035552999999999904
v 0.32258 1.634428 -0.0155760000000001
v 0.362248 1.831097 0.2873749999999999
v 0.164379 1.673523 -0.031300000000000106
v 0.167247 1.829378 0.2074649999999999
v 0.055239 1.703907 0.037686999999999894
v -0.018735 1.724501 0.14305799999999988
v -0.039162 1.541618 -0.0474580000000001
v -0.156754 1.581597 0.1027019999999999
v -0.414121 1.135046 0.04804499999999993
v -0.250315 1.089444 -0.15105500000000005
v -0.449227 1.008942 0.048044999999999935
v -0.287296 0.963862 -0.15189500000000006
v 0.005887 0.250378 0.453027
v -0.010765 0.256031 0.447904
v -0.094998 0.25603100000000006 0.645438
v -0.085315 0.25037800000000004 0.666903
v -0.208966 0.29560300000000006 0.603495
v -0.218255 0.29560300000000006 0.634968
v 0.282871 0.317526 0.389007
v 0.269417 0.335624 0.332399
v 0.230873 0.315879 0.421658
v 0.224363 0.353101 0.294133
v 0.169706 0.325102 0.420705
v -0.089133 0.390485 0.323502
v -0.034362 0.418542 0.19666499999999998
v 0.239284 -0.167675 0.198834
v 0.330784 -0.16767699999999996 0.237493
v 0.111467 -0.16767499999999996 0.498639
v 0.414204 -0.16767699999999996 0.449802
v 0.203028 -0.16767599999999996 0.537092
v 0.44063 1.640744 0.6469269999999999
v 0.485926 1.699818 0.6132399999999999
v 0.438349 1.712823 0.5932339999999999
v 0.39077 1.725828 0.5732269999999999
v 0.395334 1.581671 0.6806139999999999
v 0.300179 1.607681 0.6406009999999999
v 0.19607 1.692957 0.5771939999999999
v 0.488178 1.842728 0.4934389999999999
v 0.218312 1.491951 0.6949909999999999
v 0.401233 1.913206 0.37237199999999987
v 0.659373 1.913576 0.4783739999999999
v 0.581319 1.817101 0.5346319999999999
v 0.084018 1.515661 0.6468049999999999
v -0.030521 1.292728 0.6773269999999999
v 0.233637 1.30362 0.7382479999999999
v 0.318864 1.462721 0.7219179999999998
v 0.133084 1.33285 0.7113199999999998
v 0.053475 1.183783 0.7179259999999998
v -0.147957 1.060959 0.6896899999999999
v 0.102985 1.083865 0.7582579999999999
v 0.147724 1.158213 0.7595919999999999
v 0.438349 1.712823 0.5932339999999999
v 0.485926 1.699818 0.6132399999999999
v 0.489009 1.681432 0.5847109999999999
v 0.441431 1.694437 0.5647049999999999
v 0.39077 1.725828 0.5732269999999999
v 0.393853 1.707443 0.5446979999999999
v -0.427761 1.140193 0.02183799999999993
v -0.461948 1.011684 0.02244299999999994
v -0.477096 1.015901 0.059319999999999935
v -0.442876 1.144401 0.05863399999999993
v -0.317801 1.383156 0.03907299999999991
v -0.333021 1.387393 0.07612399999999991
v -0.181376 1.601421 0.1153649999999999
v -0.164912 1.596838 0.0752839999999999
v -0.025695 1.741397 0.11765499999999988
v -0.041224 1.74572 0.15546099999999988
v 0.155711 1.849415 0.18047199999999988
v 0.140632 1.853613 0.2171769999999999
v 0.392726 1.849773 0.2804509999999999
v 0.379415 1.853476 0.3128509999999999
v -0.531808 0.348992 0.060921999999999976
v -0.532999 0.495577 0.06037599999999997
v -0.517221 0.495577 0.02337299999999997
v -0.516003 0.348991 0.02385499999999998
v -0.489324 0.13084 0.07942899999999999
v -0.473341 0.13084 0.041604999999999996
v -0.460061 0.103594 0.091896
v -0.451491 0.103594 0.071539
v 0.286363 -0.43628599999999995 0.644665
v 0.340124 -0.543592 0.609734
v 0.33182 -0.512706 0.592446
v 0.281258 -0.41054299999999994 0.626003
v 0.232602 -0.32897999999999994 0.679597
v 0.230696 -0.30837999999999993 0.659559
v 0.178841 -0.22167299999999995 0.714528
v 0.180134 -0.20621799999999996 0.693116
v 0.043775 0.10024600000000004 0.757842
v 0.053799 0.10027000000000004 0.734334
v -0.006023 0.30968500000000004 0.740116
v -0.016697 0.30967300000000003 0.765147
v -0.465986 0.3538220000000001 0.572529
v -0.507511 0.572552 0.605094
v -0.535168 0.57269 0.619534
v -0.493427 0.3520190000000001 0.587159
v -0.387185 -0.06569899999999997 0.493257
v -0.55956 0.572666 0.604071
v -0.517932 0.35207400000000005 0.57185
v -0.438366 -0.07607099999999997 0.488648
v -0.413756 -0.07913599999999997 0.503578
v -0.316433 -0.23090999999999998 0.383055
v -0.364861 -0.24746499999999996 0.369444
v -0.340004 -0.252483 0.383535
v 0.768497 2.124578 0.01101399999999987
v 0.791521 2.132172 -0.0028380000000001303
v 0.732407 2.192451 0.04743899999999987
v 0.765288 2.037938 -0.0028380000000001247
v 0.749201 2.055265 0.011013999999999873
v 0.681535 2.009713 0.04743899999999988
v 0.687704 2.031874 0.04743899999999988
v 0.624414 2.077156 0.09771699999999987
v 0.64714 2.083677 0.08386499999999987
v 0.650648 2.17139 0.09771699999999986
v 0.666436 2.15299 0.08386499999999987
v 0.732407 2.192451 0.04743899999999987
v 0.726316 2.170573 0.04743899999999987
v 0.269471 1.744914 0.4175629999999999
v 0.310976 1.799951 0.4389369999999999
v 0.198747 1.770726 0.3652699999999999
v 0.21296 1.78101 0.34620299999999987
v 0.328675 1.816208 0.4139429999999999
v 0.047101 -0.11093699999999995 0.626515
v -0.085315 0.25037800000000004 0.666903
v 0.053799 0.10027000000000004 0.734334
v 0.180134 -0.20621799999999996 0.693116
v 0.204211 -0.47225199999999995 0.528217
v 0.230696 -0.30837999999999993 0.659559
v 0.281258 -0.41054299999999994 0.626003
v 0.33182 -0.512706 0.592446
v 0.110627 -0.09107099999999997 0.500351
v 0.117941 -0.09129299999999997 0.512759
v 0.199464 -0.09111799999999998 0.54631
v 0.20259 -0.09111799999999998 0.538535
v 0.118486 -0.09084999999999997 0.481581
v 0.21023 -0.09111799999999998 0.519863
v 0.20259 0.27664800000000006 0.538535
v 0.199532 0.27664800000000006 0.546338
v 0.11564 0.2766910000000001 0.518209
v 0.108882 0.27691200000000005 0.504882
v 0.209466 0.27664800000000006 0.519565
v 0.116023 0.27713400000000005 0.485706
v 0.20259 0.016206000000000036 0.538535
v 0.199484 0.016206000000000036 0.546318
v 0.116593 0.016095000000000033 0.515935
v 0.110118 0.016316000000000032 0.501673
v 0.210008 0.016206000000000033 0.519773
v 0.117769 0.016538000000000032 0.482781
v 0.634221 2.237949 -0.014334000000000137
v 0.646082 2.242686 -0.017574000000000138
v 0.719172 2.188871 0.2718589999999999
v 0.698898 2.180773 0.27739599999999986
v 0.626515 2.248133 -0.011095000000000138
v 0.685725 2.198182 0.2829329999999999
v 0.633612 2.259165 -0.012333000000000139
v 0.697858 2.217039 0.2808179999999999
v 0.645705 2.255798 -0.01633600000000014
v 0.718528 2.211283 0.2739739999999999
v 0.646082 2.242686 -0.017574000000000138
v 0.719172 2.188871 0.2718589999999999
v 0.448875 -0.221673 0.08127300000000001
v 0.486083 -0.543592 0.2674480000000001
v 0.179765 -0.462023 0.11757000000000002
v 0.183773 -0.180994 -0.050433999999999986
v 0.386628 0.100246 -0.046179000000000005
v -0.295567 -0.053645000000000005 -0.072678
v -0.181135 -0.225906 -0.053894999999999985
v -0.368176 -0.188794 0.10706600000000001
v -0.410991 -0.04436699999999999 0.088809
v -0.340445 0.353822 -0.15273400000000004
v -0.506587 0.353822 0.04804499999999998
v -0.506586 0.456645 0.04804499999999997
v -0.338498 0.456645 -0.15189500000000003
v 0.834814 1.340583 0.020954999999999918
v 0.845603 1.299671 0.046882999999999925
v 0.850928 1.292984 0.02720199999999992
v 0.880797 1.280383 0.03702699999999992
v 0.874702 1.288028 0.05955499999999992
v 0.904609 1.290287 0.04010799999999992
v 0.898515 1.297933 0.06263599999999991
v 0.928091 1.261155 0.05223099999999992
v 0.972098 1.264884 0.012880999999999922
v 0.962304 1.294778 0.02690599999999992
v 0.942605 1.286693 0.049698999999999924
v 0.908511 1.273456 0.06406299999999991
v 0.923025 1.298994 0.061530999999999926
v -0.017505 0.672444 0.18153599999999998
v -0.045645 0.6887 0.16953599999999994
v -0.094407 0.6887 0.28388699999999994
v -0.066267 0.672444 0.29588699999999996
v -0.016951 0.475182 0.18177199999999996
v -0.065713 0.475182 0.29612299999999997
v -0.044222 0.457804 0.17014299999999996
v -0.092984 0.457804 0.28449399999999997
v 0.365616 1.496169 0.2965289999999999
v 0.349285 1.520914 0.2869899999999999
v 0.321513 1.528646 0.3545939999999999
v 0.337844 1.5039 0.3641329999999999
v 0.325346 1.397709 0.2912459999999999
v 0.297574 1.40544 0.3588499999999999
v 0.294358 1.390448 0.2793469999999999
v 0.266587 1.398179 0.3469509999999999
v 0.421637 1.710293 0.37495099999999987
v 0.377841 1.654661 0.36332199999999987
v 0.405613 1.64693 0.29571799999999987
v 0.449409 1.702561 0.3073479999999999
v 0.502717 1.878103 0.3890679999999999
v 0.530488 1.870371 0.3214639999999999
v 0.100225 0.27565 -0.12158700000000001
v 0.100225 0.295603 -0.12158700000000001
v 0.011702 0.27565 0.08600899999999999
v 0.005126 0.353822 0.08320499999999997
v 0.119016 0.295603 -0.16565200000000002
v 0.11244 0.353822 -0.16845600000000002
v 0.113761 0.572394 -0.16764600000000002
v -0.134408 0.353822 0.410424
v -0.232776 0.572214 0.64458
v -0.234273 0.35346200000000005 0.643743
v -0.218255 0.29560300000000006 0.634968
v -0.208966 0.29560300000000006 0.603495
v -0.208966 0.27565000000000006 0.603495
v -0.127329 0.27565 0.412049
v 0.20939 0.256031 -0.06838000000000001
v 0.118271 0.256031 0.14530299999999996
v 0.133495 0.250378 0.15377399999999997
v 0.231637 0.250378 -0.07637900000000002
v 0.100225 0.295603 -0.12158700000000001
v 0.119016 0.295603 -0.16565200000000002
v 0.224318 0.353457 0.293501
v -0.036949 0.353822 0.18187399999999998
v -0.036949 0.331681 0.18187399999999998
v 0.224318 0.331315 0.293501
v 0.26982 0.353354 0.335084
v 0.26982 0.331212 0.335084
v 0.283418 0.33112 0.394483
v 0.283417 0.353262 0.394483
v 0.242143 0.353517 0.19246299999999997
v 0.005126 0.353822 0.08320499999999997
v -0.036949 0.353822 0.18187399999999998
v 0.224318 0.353457 0.293501
v 0.330784 0.353207 0.23749299999999998
v 0.26982 0.353354 0.335084
v 0.283417 0.353262 0.394483
v 0.408564 0.353207 0.447397
v 0.203028 0.35320700000000005 0.537091
v 0.230906 0.353354 0.426343
v 0.108498 0.3535170000000001 0.505872
v 0.169136 0.353457 0.42291
v -0.092247 0.353822 0.311554
v -0.134408 0.353822 0.410424
v -0.017213 0.797261 0.17781099999999994
v 0.124797 0.757806 -0.16764600000000004
v 0.18469 0.968016 -0.16683500000000007
v 0.015246 0.909372 0.17717599999999994
v 0.043597 1.007295 0.17662199999999995
v 0.205085 1.023038 -0.15047200000000005
v -0.013133 1.023088 0.31471899999999997
v -0.041502 0.925154 0.31527099999999997
v -0.209093 0.85057 0.64458
v -0.073981 0.813032 0.31590399999999996
v -0.148984 1.060907 0.6454159999999999
v 0.189888 1.027269 -0.11347800000000006
v -0.107635 1.110097 0.6107729999999999
v -0.123903 1.114625 0.6503749999999999
v -0.100725 1.134916 0.6107729999999999
v 0.196797 1.052088 -0.11347800000000006
v 0.44063 1.640744 0.6469269999999999
v 0.395334 1.581671 0.6806139999999999
v 0.39925 1.561782 0.6505459999999998
v 0.44413 1.621607 0.6176279999999998
v 0.489009 1.681432 0.5847109999999999
v 0.485926 1.699818 0.6132399999999999
v -0.336767 0.508755 0.644072
v -0.33691 0.63647 0.64398
v -0.346615 0.63647 0.661796
v -0.346472 0.508755 0.661888
v -0.360057 0.508753 0.661275
v -0.360389 0.636467 0.661172
v -0.283522 0.508765 0.645795
v -0.283454 0.63648 0.645718
v -0.288363 0.63648 0.65723
v -0.288431 0.508765 0.657307
v -0.305621 0.508763 0.663732
v -0.305754 0.636477 0.663644
v 1.210762 1.183091 0.4708879999999999
v 1.367118 0.997806 0.047351999999999936
v 1.381592 1.01303 0.04575799999999994
v 1.231833 1.205254 0.46856699999999996
v 1.072051 1.395556 0.8885679999999999
v 1.057577 1.380332 0.8901619999999999
v 0.011934 1.130973 0.6543039999999999
v 0.002258 1.133667 0.6778569999999999
v -0.054926 0.928875 0.6785109999999999
v -0.047077 0.922584 0.6549229999999999
v 0.002258 1.133667 0.6778569999999999
v -0.024222 1.08354 0.6761319999999998
v -0.064275 0.936353 0.6761259999999999
v 0.002688 1.125373 0.6848259999999999
v -0.123903 1.114625 0.6503749999999999
v -0.107635 1.110097 0.6107729999999999
v 0.000133 1.119187 0.6396559999999999
v 0.29296 1.037666 -0.07316600000000006
v 0.324935 1.035663 -0.09960900000000007
v 0.572977 1.675103 0.12968699999999989
v 0.666707 1.64949 0.17317199999999988
v 0.639431 1.513717 0.0864169999999999
v 0.545702 1.53933 0.0429319999999999
v 0.434025 1.626712 -0.0020520000000000998
v 0.515825 1.409126 -0.02923600000000009
v 0.596393 1.812602 0.2300149999999999
v 0.455717 1.898038 0.2397439999999999
v 0.713857 1.898409 0.3457459999999999
v 0.689534 1.786975 0.2712079999999999
v 0.401233 1.913206 0.37237199999999987
v 0.659373 1.913576 0.4783739999999999
v 0.69537 1.867502 0.3491379999999999
v 0.669237 1.765382 0.2859849999999999
v 0.689534 1.786975 0.2712079999999999
v 0.713857 1.898409 0.3457459999999999
v 0.659373 1.913576 0.4783739999999999
v 0.645432 1.881405 0.4706999999999999
v 0.363773 0.10027 -0.016935000000000006
v 0.385559 0.100246 -0.068024
v 0.446236 -0.221673 0.06311100000000001
v 0.422312 -0.206218 0.10083500000000001
v 0.45784 -0.499638 0.27256700000000006
v 0.480793 -0.553173 0.25550200000000006
v 0.474959 -0.499638 0.27986700000000003
v 0.45784 -0.499638 0.27256700000000006
v 0.324653 -0.49963799999999997 0.584903
v 0.341772 -0.49963799999999997 0.592203
v 0.345334 -0.553173 0.62061
v 0.497912 -0.553173 0.26280200000000004
v 0.463355 -0.221673 0.07041100000000002
v 0.402678 0.100246 -0.06072400000000001
v 0.380892 0.10027 -0.009635000000000006
v 0.439431 -0.206218 0.10813500000000001
v 0.474959 -0.499638 0.27986700000000003
v 0.497912 -0.553173 0.26280200000000004
v -0.152805 -0.252392 -0.056281999999999985
v -0.13658 -0.230882 -0.03891399999999998
v -0.316433 -0.23090999999999998 0.383055
v -0.340004 -0.252483 0.383535
v -0.364861 -0.24746499999999996 0.369444
v -0.180398 -0.247551 -0.06371899999999998
v 0.200006 1.848199 0.21876999999999988
v 0.211078 1.821904 0.2263259999999999
v 0.208049 1.661876 -0.0175650000000001
v 0.202619 1.68185 -0.0403920000000001
v 0.175203 1.688899 -0.046937000000000104
v 0.172602 1.8511 0.2071809999999999
v -0.414121 1.135046 0.04804499999999993
v -0.449227 1.008942 0.048044999999999935
v -0.476121 1.016429 0.30775699999999995
v -0.439133 1.142009 0.30857999999999997
v -0.156754 1.581597 0.1027019999999999
v -0.446382 1.00815 0.5515939999999999
v -0.180313 1.580913 0.2961419999999999
v -0.018735 1.724501 0.14305799999999988
v -0.407512 1.133206 0.5532429999999999
v -0.354234 0.876755 0.652628
v -0.040777 1.730637 0.2714159999999999
v 0.167247 1.829378 0.2074649999999999
v -0.150832 1.565462 0.4824549999999999
v -0.013181 1.722954 0.4009279999999999
v 0.362248 1.831097 0.2873749999999999
v -0.293242 1.101394 0.6522389999999999
v -0.212858 0.837047 0.64458
v -0.148984 1.060907 0.6454159999999999
v -0.032472 1.293185 0.6358699999999999
v -0.032885 1.535347 0.5899289999999999
v 0.082841 1.505811 0.5966979999999998
v 0.107663 1.694259 0.5075879999999999
v 0.193409 1.675261 0.5251489999999999
v 0.710888 2.13236 -0.05710200000000013
v 0.634797 2.058248 -0.036967000000000125
v 0.691035 2.07893 -0.06407600000000012
v 0.622885 2.156859 0.0057139999999998685
v 0.603032 2.103429 -0.0012600000000001289
v 0.677132 2.172183 -0.022095000000000132
v 0.779187 2.333951 0.21745899999999987
v 0.771512 2.339752 0.21230699999999986
v 0.771818 2.33158 0.23239799999999985
v 0.747989 2.346301 0.22463999999999987
v 0.749758 2.340312 0.23747599999999985
v 0.758589 2.344867 0.21528099999999986
v -0.127329 0.27565 0.412049
v -0.010765 0.23607800000000004 0.447904
v -0.010765 0.256031 0.447904
v -0.134408 0.353822 0.410424
v 0.108518 0.3535170000000001 0.505825
v 0.108882 0.27691200000000005 0.504882
v 0.111467 -0.16767499999999996 0.498639
v 0.518179 1.860639 0.2771319999999999
v 0.46824 1.874541 0.3986949999999999
v 0.174535 1.478679 0.6303209999999999
v 0.437903 1.405359 -0.010787000000000086
v 0.341305 1.351932 0.15151299999999993
v 0.324935 1.035663 -0.09960900000000007
v 0.208195 1.388989 0.4755389999999999
v 0.247781 1.11431 0.14026899999999995
v 0.114596 1.151387 0.4642609999999999
v 0.002688 1.125373 0.6848259999999999
v 0.634897 0.58498 0.018494999999999966
v -0.074877 0.595054 0.23579799999999998
v -0.04747 0.589582 0.26442099999999996
v 1.552016 0.765193 0.016915999999999952
v 1.551718 0.779367 0.0013209999999999522
v 0.635414 0.581236 0.04559999999999997
v 1.552016 0.765193 0.016915999999999952
v -0.043686 0.549953 0.2683729999999999
v 0.635486 0.554126 0.04934199999999996
v 1.551718 0.755882 0.0013209999999999537
v -0.043686 0.549953 0.2683729999999999
v 0.634897 0.541346 0.018494999999999966
v -0.074877 0.531272 0.23579799999999998
v -0.500279 0.932129 0.6195339999999999
v -0.473673 0.924577 0.6050939999999999
v -0.367701 1.122123 0.5761359999999999
v -0.393994 1.131603 0.5903859999999999
v -0.417412 1.138014 0.5747699999999999
v -0.284291 1.370695 0.5716389999999999
v -0.259927 1.356506 0.5581229999999999
v -0.307904 1.376864 0.5560429999999998
v -0.133612 1.573356 0.5172299999999999
v -0.111181 1.554707 0.5057599999999999
v -0.156976 1.579332 0.5012929999999999
v 0.00848 1.735896 0.4321949999999999
v 0.02664 1.712378 0.4240319999999999
v -0.015096 1.741876 0.4163019999999999
v 0.200006 1.848199 0.21876999999999988
v 0.211078 1.821904 0.2263259999999999
v 0.172602 1.8511 0.2071809999999999
vt 0.258379 0.784392
vt 0.258379 0.784392
vt 0.260403 0.719934
vt 0.260403 0.719934
vt 0.260403 0.719934
vt 0.258379 0.784392
vt 0.134736 0.702192
vt 0.097401 0.714678
vt 0.102213 0.697332
vt 0.177756 0.894789
vt 0.177756 0.894789
vt 0.177630 0.903360
vt 0.177630 0.903360
vt 0.177630 0.903360
vt 0.177756 0.894789
vt 0.184858 0.880627
vt 0.178426 0.880318
vt 0.178299 0.888891
vt 0.178299 0.888891
vt 0.184729 0.889205
vt 0.184858 0.880627
vt 0.352949 0.536256
vt 0.352949 0.416619
vt 0.382015 0.416619
vt 0.382015 0.416619
vt 0.352949 0.416619
vt 0.352949 0.356034
vt 0.382015 0.416619
vt 0.403908 0.416619
vt 0.403908 0.536256
vt 0.403908 0.536256
vt 0.352949 0.536256
vt 0.382015 0.416619
vt 0.403908 0.239679
vt 0.403908 0.356034
vt 0.382015 0.356034
vt 0.382015 0.356034
vt 0.352949 0.239679
vt 0.403908 0.239679
vt 0.183521 0.914893
vt 0.183521 0.914893
vt 0.183402 0.923465
vt 0.183402 0.923465
vt 0.183402 0.923465
vt 0.183521 0.914893
vt 0.183648 0.904429
vt 0.183648 0.904429
vt 0.183521 0.913000
vt 0.183521 0.913000
vt 0.183521 0.913000
vt 0.183648 0.904429
vt 0.177756 0.894789
vt 0.177756 0.894789
vt 0.177630 0.903360
vt 0.177630 0.903360
vt 0.177630 0.903360
vt 0.177756 0.894789
vt 0.184858 0.880627
vt 0.178426 0.880318
vt 0.178299 0.888891
vt 0.178299 0.888891
vt 0.184729 0.889205
vt 0.184858 0.880627
vt 0.178426 0.880596
vt 0.178426 0.880596
vt 0.178299 0.889168
vt 0.178299 0.889168
vt 0.178299 0.889168
vt 0.178426 0.880596
vt 0.273817 0.854552
vt 0.241907 0.859356
vt 0.257915 0.923238
vt 0.257915 0.923238
vt 0.257915 0.923238
vt 0.273817 0.854552
vt 0.273817 0.854552
vt 0.241907 0.854107
vt 0.258379 0.784392
vt 0.258379 0.784392
vt 0.258379 0.784392
vt 0.273817 0.854552
vt 0.253519 0.989053
vt 0.253519 0.989053
vt 0.257915 0.923238
vt 0.257915 0.923238
vt 0.257915 0.923238
vt 0.253519 0.989053
vt 0.257915 0.923238
vt 0.257915 0.923238
vt 0.241907 0.854107
vt 0.241907 0.854107
vt 0.244492 0.856000
vt 0.257915 0.923238
vt 0.258379 0.784392
vt 0.258379 0.784392
vt 0.241907 0.859356
vt 0.241907 0.859356
vt 0.273817 0.854552
vt 0.258379 0.784392
vt 0.257915 0.923238
vt 0.257915 0.923238
vt 0.253519 0.989053
vt 0.253519 0.989053
vt 0.253519 0.989053
vt 0.257915 0.923238
vt 0.157332 0.067264
vt 0.189298 0.060372
vt 0.189109 0.063011
vt 0.014412 0.460858
vt 0.014412 0.451100
vt 0.036174 0.451100
vt 0.529554 0.388406
vt 0.506329 0.388406
vt 0.506329 0.396074
vt 0.506329 0.396074
vt 0.529554 0.395940
vt 0.529554 0.388406
vt 0.473078 0.329434
vt 0.466074 0.326098
vt 0.466074 0.381065
vt 0.459874 0.326098
vt 0.452361 0.333588
vt 0.459874 0.381065
vt 0.568431 0.530458
vt 0.565468 0.520989
vt 0.541062 0.530458
vt 0.565134 0.549982
vt 0.568431 0.543811
vt 0.541062 0.543811
vt 0.472760 0.389767
vt 0.465538 0.385916
vt 0.465538 0.446187
vt 0.459398 0.385916
vt 0.452886 0.390481
vt 0.459398 0.446187
vt 0.614526 0.087868
vt 0.607512 0.093315
vt 0.614526 0.142406
vt 0.627188 0.091461
vt 0.620379 0.087868
vt 0.620379 0.142406
vt 0.563150 0.990489
vt 0.567208 0.985433
vt 0.545135 0.985632
vt 0.145202 0.953887
vt 0.136721 0.948486
vt 0.136721 0.991589
vt 0.450752 0.867927
vt 0.443441 0.909728
vt 0.450752 0.940661
vt 0.297717 0.719975
vt 0.289730 0.784232
vt 0.297717 0.719975
vt 0.220548 0.058689
vt 0.189109 0.063011
vt 0.189298 0.060372
vt 0.004221 0.694430
vt 0.026989 0.694430
vt 0.026989 0.719975
vt 0.290438 0.925109
vt 0.348255 0.900166
vt 0.362911 0.891122
vt 0.467318 0.064019
vt 0.460745 0.068376
vt 0.460745 0.062226
vt 0.389044 0.065081
vt 0.392054 0.061489
vt 0.392054 0.069080
vt 0.493395 0.226723
vt 0.507423 0.228420
vt 0.543714 0.241663
vt 0.543714 0.241663
vt 0.545567 0.253778
vt 0.493395 0.226723
vt 0.106129 0.991277
vt 0.099317 0.963260
vt 0.106129 0.938355
vt 0.456184 0.940811
vt 0.456184 0.867336
vt 0.464048 0.902510
vt 0.627908 0.018807
vt 0.658298 0.018807
vt 0.658298 0.027200
vt 0.627908 0.027200
vt 0.627908 0.018807
vt 0.523302 0.018807
vt 0.553692 0.018807
vt 0.553692 0.027200
vt 0.523302 0.027200
vt 0.523302 0.018807
vt 0.576282 0.671888
vt 0.593762 0.671894
vt 0.593762 0.678606
vt 0.593762 0.678606
vt 0.576282 0.678599
vt 0.576282 0.656702
vt 0.593762 0.656702
vt 0.593762 0.663300
vt 0.593762 0.663300
vt 0.576282 0.663300
vt 0.557734 0.384641
vt 0.557734 0.440386
vt 0.561143 0.440386
vt 0.561143 0.384641
vt 0.557734 0.384641
vt 0.557734 0.334102
vt 0.557734 0.384641
vt 0.561143 0.334102
vt 0.557734 0.334102
vt 0.553420 0.384641
vt 0.553420 0.334102
vt 0.550113 0.334102
vt 0.550113 0.384641
vt 0.553420 0.384641
vt 0.553420 0.440386
vt 0.553420 0.384641
vt 0.550113 0.440386
vt 0.553420 0.440386
vt 0.483702 0.384641
vt 0.483702 0.440386
vt 0.486904 0.440386
vt 0.486904 0.384641
vt 0.483702 0.384641
vt 0.486904 0.334102
vt 0.483702 0.334102
vt 0.483702 0.334102
vt 0.483702 0.384641
vt 0.479222 0.384641
vt 0.479222 0.334102
vt 0.476144 0.334102
vt 0.476144 0.384641
vt 0.479222 0.384641
vt 0.479222 0.440386
vt 0.479222 0.384641
vt 0.476144 0.440386
vt 0.479222 0.440386
vt 0.506329 0.381297
vt 0.529554 0.381297
vt 0.529554 0.373697
vt 0.529554 0.373697
vt 0.506329 0.373697
vt 0.506304 0.429336
vt 0.528653 0.421880
vt 0.528497 0.417004
vt 0.506149 0.418847
vt 0.506304 0.429336
vt 0.507390 0.441456
vt 0.529739 0.439252
vt 0.529577 0.428672
vt 0.529577 0.428672
vt 0.507223 0.436306
vt 0.506329 0.354696
vt 0.529554 0.354643
vt 0.529554 0.347042
vt 0.529554 0.347042
vt 0.506329 0.347095
vt 0.542261 0.384641
vt 0.542261 0.440386
vt 0.545581 0.440386
vt 0.545581 0.384641
vt 0.542261 0.384641
vt 0.542261 0.334102
vt 0.542261 0.384641
vt 0.545581 0.334102
vt 0.542261 0.334102
vt 0.537946 0.384641
vt 0.537946 0.334102
vt 0.534587 0.334102
vt 0.534587 0.384641
vt 0.537946 0.384641
vt 0.537946 0.440386
vt 0.537946 0.384641
vt 0.534587 0.440386
vt 0.537946 0.440386
vt 0.498592 0.384641
vt 0.498592 0.440386
vt 0.502037 0.440386
vt 0.502037 0.384641
vt 0.498592 0.384641
vt 0.502037 0.334102
vt 0.498592 0.334102
vt 0.498592 0.334102
vt 0.498592 0.384641
vt 0.494254 0.384641
vt 0.494254 0.334102
vt 0.491023 0.334102
vt 0.491023 0.384641
vt 0.494254 0.384641
vt 0.494254 0.440386
vt 0.494254 0.384641
vt 0.491023 0.440386
vt 0.494254 0.440386
vt 0.664447 0.280518
vt 0.664448 0.512054
vt 0.660607 0.512054
vt 0.660607 0.280610
vt 0.664447 0.280518
vt 0.664447 0.280518
vt 0.660607 0.049051
vt 0.664446 0.048988
vt 0.664447 0.280518
vt 0.670878 0.280564
vt 0.670878 0.512054
vt 0.664448 0.512054
vt 0.664447 0.280518
vt 0.670878 0.280564
vt 0.670878 0.280564
vt 0.664446 0.048988
vt 0.670897 0.049373
vt 0.670878 0.280564
vt 0.638872 0.509431
vt 0.624266 0.509426
vt 0.624267 0.502479
vt 0.638874 0.502484
vt 0.638872 0.509431
vt 0.759720 0.987933
vt 0.761685 0.752750
vt 0.763072 0.752768
vt 0.762833 0.987978
vt 0.759720 0.987933
vt 0.258667 0.650213
vt 0.258665 0.705214
vt 0.255856 0.705212
vt 0.255860 0.650213
vt 0.258667 0.650213
vt 0.522084 0.185745
vt 0.529440 0.166916
vt 0.459289 0.166916
vt 0.459289 0.166916
vt 0.459060 0.185745
vt 0.397003 0.185745
vt 0.459289 0.166916
vt 0.459289 0.166916
vt 0.395318 0.166916
vt 0.355050 0.185745
vt 0.395318 0.166916
vt 0.395318 0.166916
vt 0.354197 0.166916
vt 0.529440 0.166916
vt 0.530394 0.159690
vt 0.460278 0.159690
vt 0.460278 0.159690
vt 0.459289 0.166916
vt 0.395318 0.166916
vt 0.460278 0.159690
vt 0.460278 0.159690
vt 0.396312 0.159690
vt 0.354197 0.166916
vt 0.396312 0.159690
vt 0.396312 0.159690
vt 0.355187 0.159690
vt 0.521659 0.135248
vt 0.459060 0.135248
vt 0.460092 0.140832
vt 0.460092 0.140832
vt 0.522814 0.140832
vt 0.628208 0.064079
vt 0.628196 0.051859
vt 0.563198 0.051859
vt 0.563206 0.064079
vt 0.628208 0.064079
vt 0.049751 0.067264
vt 0.006214 0.067264
vt 0.008232 0.074173
vt 0.049928 0.074173
vt 0.049751 0.067264
vt 0.082852 0.067264
vt 0.049751 0.067264
vt 0.082927 0.074173
vt 0.082852 0.067264
vt 0.119761 0.067264
vt 0.082852 0.067264
vt 0.119827 0.074173
vt 0.119761 0.067264
vt 0.157332 0.067264
vt 0.119761 0.067264
vt 0.157365 0.074173
vt 0.157332 0.067264
vt 0.189298 0.060372
vt 0.157332 0.067264
vt 0.188677 0.061937
vt 0.251929 0.152014
vt 0.195452 0.152014
vt 0.191412 0.175341
vt 0.254339 0.175341
vt 0.251929 0.152014
vt 0.191002 0.122758
vt 0.188335 0.125772
vt 0.192482 0.148647
vt 0.195147 0.146068
vt 0.191002 0.122758
vt 0.256771 0.123128
vt 0.253928 0.122758
vt 0.251623 0.146068
vt 0.251623 0.146068
vt 0.254464 0.146870
vt 0.195147 0.146068
vt 0.195452 0.152014
vt 0.251929 0.152014
vt 0.251623 0.146068
vt 0.195147 0.146068
vt 0.006970 0.116993
vt 0.002131 0.106944
vt 0.041625 0.106944
vt 0.041625 0.106944
vt 0.041022 0.116993
vt 0.041625 0.106944
vt 0.075147 0.106944
vt 0.075147 0.106944
vt 0.073947 0.116993
vt 0.106191 0.116993
vt 0.075147 0.106944
vt 0.075147 0.106944
vt 0.106569 0.106944
vt 0.147576 0.116993
vt 0.106569 0.106944
vt 0.106569 0.106944
vt 0.147376 0.106944
vt 0.147376 0.106944
vt 0.188515 0.106944
vt 0.188515 0.106944
vt 0.188305 0.116993
vt 0.188515 0.106944
vt 0.211360 0.106944
vt 0.211360 0.106944
vt 0.211109 0.116993
vt 0.360808 0.199355
vt 0.363558 0.199355
vt 0.363558 0.207707
vt 0.363558 0.207707
vt 0.360808 0.207707
vt 0.316662 0.074173
vt 0.316773 0.067264
vt 0.385650 0.067264
vt 0.385650 0.067264
vt 0.383868 0.074173
vt 0.114958 0.132028
vt 0.117677 0.125594
vt 0.119702 0.223000
vt 0.119702 0.223000
vt 0.116878 0.220960
vt 0.116878 0.225702
vt 0.119702 0.223000
vt 0.114433 0.314441
vt 0.117115 0.321912
vt 0.011506 0.223449
vt 0.017027 0.126091
vt 0.019601 0.132028
vt 0.014261 0.220960
vt 0.011506 0.223449
vt 0.014261 0.225702
vt 0.011506 0.223449
vt 0.019296 0.314441
vt 0.016711 0.319921
vt 0.445711 0.063320
vt 0.439138 0.062016
vt 0.439138 0.055837
vt 0.433210 0.055837
vt 0.439138 0.062016
vt 0.439138 0.062016
vt 0.433210 0.062016
vt 0.425958 0.062016
vt 0.425958 0.055837
vt 0.433210 0.062016
vt 0.425958 0.062016
vt 0.425958 0.074084
vt 0.425958 0.068382
vt 0.433210 0.068382
vt 0.433210 0.068382
vt 0.433210 0.074084
vt 0.439138 0.074084
vt 0.433210 0.068382
vt 0.433210 0.068382
vt 0.439138 0.068382
vt 0.445711 0.063320
vt 0.439138 0.068382
vt 0.422592 0.069080
vt 0.422592 0.075713
vt 0.392054 0.075713
vt 0.392054 0.069080
vt 0.422592 0.069080
vt 0.392054 0.069080
vt 0.392054 0.061489
vt 0.422592 0.061489
vt 0.422592 0.061489
vt 0.422592 0.069080
vt 0.409818 0.878757
vt 0.409808 0.814959
vt 0.415049 0.814958
vt 0.415058 0.878754
vt 0.409818 0.878757
vt 0.436783 0.878245
vt 0.436784 0.814449
vt 0.440470 0.808715
vt 0.443340 0.877006
vt 0.436783 0.878245
vt 0.395900 0.946699
vt 0.398941 0.933496
vt 0.433586 0.933282
vt 0.433586 0.933282
vt 0.436866 0.948630
vt 0.302556 0.569130
vt 0.312981 0.572878
vt 0.312981 0.593869
vt 0.312981 0.593869
vt 0.302556 0.597068
vt 0.584082 0.027200
vt 0.584082 0.018807
vt 0.627908 0.018807
vt 0.627908 0.027200
vt 0.584082 0.027200
vt 0.521659 0.135248
vt 0.522814 0.140832
vt 0.460092 0.140832
vt 0.460092 0.140832
vt 0.459060 0.135248
vt 0.460092 0.140832
vt 0.398652 0.140832
vt 0.398652 0.140832
vt 0.397995 0.135248
vt 0.008232 0.074173
vt 0.006214 0.067264
vt 0.049751 0.067264
vt 0.049751 0.067264
vt 0.049928 0.074173
vt 0.284543 0.074173
vt 0.316662 0.074173
vt 0.316773 0.067264
vt 0.316773 0.067264
vt 0.284416 0.067264
vt 0.220594 0.074173
vt 0.284416 0.067264
vt 0.284416 0.067264
vt 0.220550 0.067264
vt 0.189298 0.060372
vt 0.188677 0.061937
vt 0.220550 0.067264
vt 0.488966 0.064086
vt 0.482393 0.068819
vt 0.482393 0.061497
vt 0.476464 0.061497
vt 0.482393 0.061497
vt 0.476464 0.068819
vt 0.476464 0.061497
vt 0.469213 0.061497
vt 0.476464 0.061497
vt 0.469213 0.068819
vt 0.469213 0.061497
vt 0.467318 0.064019
vt 0.460745 0.073957
vt 0.460745 0.068376
vt 0.454816 0.068376
vt 0.460745 0.068376
vt 0.454816 0.073957
vt 0.454816 0.068376
vt 0.447565 0.068376
vt 0.454816 0.068376
vt 0.447565 0.073957
vt 0.447565 0.068376
vt 0.445711 0.063320
vt 0.439138 0.068382
vt 0.439138 0.062016
vt 0.433210 0.062016
vt 0.439138 0.062016
vt 0.433210 0.068382
vt 0.425958 0.068382
vt 0.425958 0.062016
vt 0.535494 0.166916
vt 0.535494 0.159690
vt 0.608008 0.159690
vt 0.608008 0.159690
vt 0.608007 0.166916
vt 0.540146 0.185745
vt 0.603343 0.185745
vt 0.386129 0.719381
vt 0.344813 0.705436
vt 0.298448 0.705436
vt 0.298448 0.705436
vt 0.347509 0.620449
vt 0.308814 0.625346
vt 0.386129 0.719381
vt 0.297717 0.719975
vt 0.399565 0.705436
vt 0.410842 0.606979
vt 0.422957 0.719975
vt 0.454316 0.705436
vt 0.454316 0.705436
vt 0.431883 0.602414
vt 0.452923 0.597849
vt 0.473964 0.593284
vt 0.416114 0.763921
vt 0.422957 0.719975
vt 0.373665 0.769630
vt 0.393849 0.838408
vt 0.289730 0.784232
vt 0.297717 0.719975
vt 0.390597 0.907660
vt 0.364329 0.936660
vt 0.361492 0.845584
vt 0.362911 0.891122
vt 0.290438 0.925109
vt 0.290904 0.992557
vt 0.253519 0.989053
vt 0.257915 0.923238
vt 0.289972 0.857660
vt 0.273817 0.854552
vt 0.258379 0.784392
vt 0.297717 0.719975
vt 0.260403 0.719934
vt 0.256717 0.116993
vt 0.233913 0.116993
vt 0.234205 0.106944
vt 0.234205 0.106944
vt 0.257050 0.106944
vt 0.257050 0.106944
vt 0.291502 0.106944
vt 0.291502 0.106944
vt 0.296634 0.116993
vt 0.628241 0.779206
vt 0.628483 0.990042
vt 0.621364 0.990042
vt 0.621364 0.990042
vt 0.622992 0.779206
vt 0.616029 0.990042
vt 0.624719 0.631114
vt 0.629705 0.630673
vt 0.619060 0.779206
vt 0.612475 0.990042
vt 0.616441 0.779206
vt 0.624621 0.568370
vt 0.627998 0.568370
vt 0.622091 0.568370
vt 0.620235 0.631223
vt 0.617753 0.630923
vt 0.620407 0.568370
vt 0.681597 0.280517
vt 0.681597 0.512054
vt 0.677309 0.512054
vt 0.677309 0.512054
vt 0.677309 0.280610
vt 0.677309 0.280610
vt 0.677310 0.049051
vt 0.677310 0.049051
vt 0.681453 0.048988
vt 0.583674 0.904377
vt 0.588861 0.756319
vt 0.590954 0.756319
vt 0.592787 0.756319
vt 0.591074 0.907189
vt 0.592248 0.994333
vt 0.589607 0.993752
vt 0.587557 0.906186
vt 0.585773 0.991408
vt 0.583674 0.904377
vt 0.585773 0.991408
vt 0.585773 0.991408
vt 0.580540 0.990130
vt 0.583544 0.904269
vt 0.585414 0.756319
vt 0.588861 0.756319
vt 0.583103 0.756319
vt 0.582602 0.904521
vt 0.085932 0.975513
vt 0.097680 0.919414
vt 0.017115 0.752453
vt 0.009453 0.979240
vt 0.097680 0.919414
vt 0.103447 0.924586
vt 0.091698 0.980686
vt 0.085932 0.975513
vt 0.085932 0.975513
vt 0.086109 0.988516
vt 0.008961 0.993796
vt 0.009453 0.979240
vt 0.009453 0.979240
vt 0.002349 0.978060
vt 0.010012 0.751273
vt 0.017115 0.752453
vt 0.085932 0.975513
vt 0.009453 0.979240
vt 0.017115 0.752453
vt 0.097680 0.919414
vt 0.438868 0.886645
vt 0.438744 0.886647
vt 0.438744 0.931728
vt 0.438869 0.931728
vt 0.215172 0.900796
vt 0.177816 0.897745
vt 0.177756 0.894789
vt 0.215238 0.897031
vt 0.177577 0.897753
vt 0.214986 0.900756
vt 0.215032 0.905598
vt 0.177630 0.903360
vt 0.177756 0.894789
vt 0.177630 0.903360
vt 0.215032 0.905598
vt 0.215238 0.897031
vt 0.215842 0.886604
vt 0.188230 0.884348
vt 0.184858 0.880627
vt 0.215908 0.882838
vt 0.187999 0.883482
vt 0.215656 0.886563
vt 0.215701 0.891405
vt 0.184729 0.889205
vt 0.184858 0.880627
vt 0.184729 0.889205
vt 0.215701 0.891405
vt 0.215908 0.882838
vt 0.382015 0.356034
vt 0.352949 0.356034
vt 0.352949 0.239679
vt 0.382015 0.416619
vt 0.146744 0.187681
vt 0.146744 0.187681
vt 0.156082 0.173818
vt 0.156082 0.173818
vt 0.143102 0.209994
vt 0.143102 0.209994
vt 0.146744 0.187681
vt 0.146744 0.187681
vt 0.143102 0.317607
vt 0.143102 0.317607
vt 0.143102 0.209994
vt 0.143102 0.209994
vt 0.257512 0.950981
vt 0.217833 0.950981
vt 0.217833 0.901649
vt 0.257512 0.901649
vt 0.257512 0.986634
vt 0.217833 0.986634
vt 0.217833 0.950981
vt 0.257512 0.950981
vt 0.257512 0.901649
vt 0.217833 0.901649
vt 0.217833 0.855729
vt 0.257512 0.855729
vt 0.217043 0.856448
vt 0.258312 0.856448
vt 0.258312 0.914346
vt 0.217043 0.914346
vt 0.217043 0.914346
vt 0.258312 0.914346
vt 0.258312 0.987408
vt 0.217043 0.987408
vt 0.217043 0.933645
vt 0.258312 0.933645
vt 0.258312 0.983422
vt 0.217043 0.983422
vt 0.405084 0.223629
vt 0.443184 0.223658
vt 0.443178 0.553659
vt 0.405078 0.553631
vt 0.403789 0.559417
vt 0.403789 0.559417
vt 0.403789 0.222293
vt 0.403789 0.222293
vt 0.382294 0.359288
vt 0.382294 0.359288
vt 0.382350 0.416604
vt 0.382350 0.416604
vt 0.382350 0.416604
vt 0.382350 0.416604
vt 0.403831 0.416030
vt 0.403831 0.416030
vt 0.403764 0.358714
vt 0.403764 0.358714
vt 0.382294 0.359288
vt 0.382294 0.359288
vt 0.403789 0.222293
vt 0.403789 0.222293
vt 0.403764 0.358714
vt 0.403764 0.358714
vt 0.403831 0.416030
vt 0.403831 0.416030
vt 0.403789 0.559417
vt 0.403789 0.559417
vt 0.220942 0.920762
vt 0.183583 0.917849
vt 0.183521 0.914893
vt 0.221005 0.916997
vt 0.183344 0.917858
vt 0.220756 0.920723
vt 0.220806 0.925565
vt 0.183402 0.923465
vt 0.183521 0.914893
vt 0.183402 0.923465
vt 0.220806 0.925565
vt 0.221005 0.916997
vt 0.221063 0.910436
vt 0.183707 0.907385
vt 0.183648 0.904429
vt 0.221129 0.906671
vt 0.183468 0.907393
vt 0.220877 0.910396
vt 0.220923 0.915238
vt 0.183521 0.913000
vt 0.183648 0.904429
vt 0.183521 0.913000
vt 0.220923 0.915238
vt 0.221129 0.906671
vt 0.215172 0.900796
vt 0.177816 0.897745
vt 0.177756 0.894789
vt 0.215238 0.897031
vt 0.177577 0.897753
vt 0.214986 0.900756
vt 0.215032 0.905598
vt 0.177630 0.903360
vt 0.177756 0.894789
vt 0.177630 0.903360
vt 0.215032 0.905598
vt 0.215238 0.897031
vt 0.215842 0.886604
vt 0.188230 0.884348
vt 0.184858 0.880627
vt 0.215908 0.882838
vt 0.187999 0.883482
vt 0.215656 0.886563
vt 0.215701 0.891405
vt 0.184729 0.889205
vt 0.184858 0.880627
vt 0.184729 0.889205
vt 0.215701 0.891405
vt 0.215908 0.882838
vt 0.215842 0.886604
vt 0.178485 0.883552
vt 0.178426 0.880596
vt 0.215908 0.882838
vt 0.178246 0.883561
vt 0.215656 0.886563
vt 0.215701 0.891405
vt 0.178299 0.889168
vt 0.178426 0.880596
vt 0.178299 0.889168
vt 0.215701 0.891405
vt 0.215908 0.882838
vt 0.127918 0.409001
vt 0.127907 0.437189
vt 0.087682 0.437188
vt 0.087692 0.409001
vt 0.127918 0.409001
vt 0.127907 0.437189
vt 0.087682 0.437188
vt 0.087692 0.409001
vt 0.255212 0.923098
vt 0.255212 0.923098
vt 0.254365 0.990188
vt 0.254365 0.990188
vt 0.254365 0.990188
vt 0.254365 0.990188
vt 0.255212 0.923098
vt 0.255212 0.923098
vt 0.235804 0.525508
vt 0.203860 0.525508
vt 0.203860 0.497110
vt 0.235804 0.497110
vt 0.623164 0.273975
vt 0.582269 0.273975
vt 0.580697 0.235213
vt 0.621593 0.235213
vt 0.623164 0.273975
vt 0.582269 0.273975
vt 0.580697 0.235213
vt 0.621593 0.235213
vt 0.429244 0.189309
vt 0.435074 0.195138
vt 0.376660 0.194907
vt 0.370829 0.189077
vt 0.623164 0.273975
vt 0.582269 0.273975
vt 0.580697 0.235213
vt 0.621593 0.235213
vt 0.318504 0.320301
vt 0.318504 0.387258
vt 0.271589 0.387258
vt 0.271589 0.320301
vt 0.053423 0.520928
vt 0.053423 0.460858
vt 0.044798 0.460858
vt 0.044798 0.520928
vt 0.115865 0.520928
vt 0.115865 0.460858
vt 0.098647 0.460858
vt 0.098647 0.520928
vt 0.585088 0.690080
vt 0.585088 0.742715
vt 0.581613 0.742715
vt 0.581613 0.690080
vt 0.585088 0.742715
vt 0.585088 0.690080
vt 0.589122 0.690080
vt 0.589122 0.742715
vt 0.593762 0.678606
vt 0.593762 0.681963
vt 0.576282 0.681963
vt 0.576282 0.678599
vt 0.585088 0.690080
vt 0.585088 0.742715
vt 0.581613 0.742715
vt 0.581613 0.690080
vt 0.585088 0.742715
vt 0.585088 0.690080
vt 0.589122 0.690080
vt 0.589122 0.742715
vt 0.576282 0.666527
vt 0.576282 0.663300
vt 0.593762 0.663300
vt 0.593762 0.666527
vt 0.529554 0.402809
vt 0.506329 0.402812
vt 0.506329 0.410411
vt 0.529554 0.410411
vt 0.506329 0.396074
vt 0.506329 0.402812
vt 0.529554 0.402809
vt 0.529554 0.395940
vt 0.529577 0.428672
vt 0.528653 0.421880
vt 0.506304 0.429336
vt 0.507223 0.436306
vt 0.459874 0.381065
vt 0.466074 0.381065
vt 0.466074 0.326098
vt 0.459874 0.326098
vt 0.568431 0.530458
vt 0.541062 0.530458
vt 0.541062 0.543811
vt 0.568431 0.543811
vt 0.459398 0.446187
vt 0.465538 0.446187
vt 0.465538 0.385916
vt 0.459398 0.385916
vt 0.614526 0.087868
vt 0.614526 0.142406
vt 0.620379 0.142406
vt 0.620379 0.087868
vt 0.456184 0.940811
vt 0.456184 0.867336
vt 0.450752 0.867927
vt 0.450752 0.940661
vt 0.420381 0.755815
vt 0.440166 0.801293
vt 0.462140 0.760344
vt 0.442355 0.714867
vt 0.420381 0.755815
vt 0.442355 0.714867
vt 0.462140 0.760344
vt 0.440166 0.801293
vt 0.672966 0.041328
vt 0.670897 0.049373
vt 0.668201 0.041431
vt 0.670570 0.036658
vt 0.620909 0.509425
vt 0.624266 0.509426
vt 0.624263 0.526431
vt 0.620907 0.526430
vt 0.642227 0.526438
vt 0.638869 0.526437
vt 0.638872 0.509431
vt 0.642229 0.509433
vt 0.638872 0.509431
vt 0.638869 0.526437
vt 0.624263 0.526431
vt 0.624266 0.509426
vt 0.638867 0.550388
vt 0.624260 0.550386
vt 0.624261 0.533380
vt 0.638867 0.533382
vt 0.764467 0.749806
vt 0.765557 0.748776
vt 0.765877 0.751710
vt 0.764785 0.752741
vt 0.757159 0.987813
vt 0.760547 0.752697
vt 0.761685 0.752750
vt 0.759720 0.987933
vt 0.258665 0.711129
vt 0.258665 0.705214
vt 0.282810 0.705216
vt 0.282811 0.711127
vt 0.282813 0.644302
vt 0.282812 0.650213
vt 0.258667 0.650213
vt 0.258668 0.644302
vt 0.258667 0.650213
vt 0.282812 0.650213
vt 0.282810 0.705216
vt 0.258665 0.705214
vt 0.255860 0.650213
vt 0.255856 0.705212
vt 0.231711 0.705207
vt 0.231713 0.650213
vt 0.102203 0.607904
vt 0.094993 0.607904
vt 0.094993 0.647265
vt 0.102203 0.647265
vt 0.179040 0.607904
vt 0.173705 0.607904
vt 0.173705 0.647265
vt 0.179040 0.647265
vt 0.157676 0.607904
vt 0.150188 0.607904
vt 0.150188 0.647265
vt 0.157676 0.647265
vt 0.120054 0.607904
vt 0.114195 0.607904
vt 0.114195 0.647265
vt 0.120054 0.647265
vt 0.047048 0.607904
vt 0.040305 0.607904
vt 0.040305 0.647265
vt 0.047048 0.647265
vt 0.179040 0.558517
vt 0.150188 0.558517
vt 0.150188 0.571361
vt 0.179040 0.571361
vt 0.067074 0.558517
vt 0.040305 0.558517
vt 0.040305 0.571361
vt 0.067074 0.571361
vt 0.026989 0.594544
vt 0.026989 0.607904
vt 0.040305 0.607904
vt 0.040305 0.594544
vt 0.303953 0.627281
vt 0.291504 0.705436
vt 0.298448 0.705436
vt 0.308814 0.625346
vt 0.194891 0.607904
vt 0.192265 0.607904
vt 0.218769 0.694430
vt 0.228216 0.694430
vt 0.179040 0.594544
vt 0.179040 0.607904
vt 0.192265 0.607904
vt 0.192265 0.594544
vt 0.120054 0.594544
vt 0.120054 0.607904
vt 0.150188 0.607904
vt 0.150188 0.594544
vt 0.094993 0.558517
vt 0.094993 0.571361
vt 0.120054 0.571361
vt 0.120054 0.558517
vt 0.357039 0.140832
vt 0.353673 0.140832
vt 0.351834 0.159690
vt 0.355187 0.159690
vt 0.505514 0.033684
vt 0.494759 0.046518
vt 0.538355 0.044972
vt 0.539028 0.033690
vt 0.560439 0.051859
vt 0.560442 0.064079
vt 0.563206 0.064079
vt 0.563198 0.051859
vt 0.554435 0.052086
vt 0.545429 0.052094
vt 0.543276 0.065523
vt 0.553628 0.064318
vt 0.605087 0.069415
vt 0.628208 0.064079
vt 0.563206 0.064079
vt 0.563194 0.069415
vt 0.251623 0.146068
vt 0.253928 0.122758
vt 0.191002 0.122758
vt 0.195147 0.146068
vt 0.288265 0.180679
vt 0.273862 0.180679
vt 0.273862 0.218711
vt 0.288265 0.218711
vt 0.190145 0.218711
vt 0.204610 0.218711
vt 0.204610 0.180679
vt 0.190145 0.180679
vt 0.253651 0.180679
vt 0.224816 0.180679
vt 0.224816 0.218711
vt 0.253651 0.218711
vt 0.143375 0.393908
vt 0.143375 0.386215
vt 0.130774 0.386215
vt 0.130774 0.393908
vt 0.130774 0.393908
vt 0.130774 0.386215
vt 0.112292 0.386215
vt 0.112292 0.393908
vt 0.029856 0.393383
vt 0.029856 0.385739
vt 0.016661 0.385739
vt 0.016661 0.393383
vt 0.048361 0.393383
vt 0.048361 0.385739
vt 0.029856 0.385739
vt 0.029856 0.393383
vt 0.096161 0.392341
vt 0.096161 0.385905
vt 0.064333 0.385905
vt 0.064333 0.392341
vt 0.062526 0.390522
vt 0.064333 0.385905
vt 0.064333 0.347817
vt 0.062526 0.347817
vt 0.130774 0.386215
vt 0.143375 0.386215
vt 0.143375 0.330467
vt 0.130774 0.347674
vt 0.029856 0.346970
vt 0.016661 0.327786
vt 0.016661 0.385739
vt 0.029856 0.385739
vt 0.064333 0.385905
vt 0.096161 0.385905
vt 0.096161 0.347817
vt 0.064333 0.347817
vt 0.130774 0.347674
vt 0.112292 0.347674
vt 0.112292 0.386215
vt 0.130774 0.386215
vt 0.029856 0.385739
vt 0.048361 0.385739
vt 0.048361 0.346970
vt 0.029856 0.346970
vt 0.168663 0.381976
vt 0.168663 0.375227
vt 0.151453 0.375223
vt 0.151453 0.381984
vt 0.168663 0.366040
vt 0.168663 0.359264
vt 0.151453 0.359262
vt 0.151453 0.366048
vt 0.062526 0.347817
vt 0.058308 0.347817
vt 0.058308 0.390522
vt 0.062526 0.390522
vt 0.273862 0.180679
vt 0.253651 0.180679
vt 0.253651 0.218711
vt 0.273862 0.218711
vt 0.224816 0.180679
vt 0.204610 0.180679
vt 0.204610 0.218711
vt 0.224816 0.218711
vt 0.479721 0.564282
vt 0.482873 0.558239
vt 0.549759 0.558239
vt 0.553102 0.564282
vt 0.444019 0.199355
vt 0.446526 0.199355
vt 0.446526 0.207707
vt 0.444019 0.207707
vt 0.363558 0.199355
vt 0.444019 0.199355
vt 0.444019 0.207707
vt 0.363558 0.207707
vt 0.444019 0.207707
vt 0.444019 0.213899
vt 0.363558 0.213899
vt 0.363558 0.207707
vt 0.143375 0.393908
vt 0.130774 0.393908
vt 0.130774 0.386215
vt 0.143375 0.386215
vt 0.147513 0.330467
vt 0.147513 0.391458
vt 0.143375 0.386215
vt 0.143375 0.330467
vt 0.012768 0.390207
vt 0.012768 0.327786
vt 0.016661 0.327786
vt 0.016661 0.385739
vt 0.029856 0.393383
vt 0.016661 0.393383
vt 0.016661 0.385739
vt 0.029856 0.385739
vt 0.130774 0.386215
vt 0.130774 0.347674
vt 0.143375 0.330467
vt 0.143375 0.386215
vt 0.029856 0.346970
vt 0.029856 0.385739
vt 0.016661 0.385739
vt 0.016661 0.327786
vt 0.019625 0.123171
vt 0.114927 0.123171
vt 0.114958 0.132028
vt 0.019601 0.132028
vt 0.349137 0.539191
vt 0.332290 0.539191
vt 0.332290 0.243289
vt 0.349137 0.240638
vt 0.422957 0.719975
vt 0.386129 0.719381
vt 0.399565 0.705436
vt 0.454316 0.705436
vt 0.102203 0.607904
vt 0.102203 0.647265
vt 0.094993 0.647265
vt 0.094993 0.607904
vt 0.067074 0.607904
vt 0.067074 0.647265
vt 0.061864 0.647265
vt 0.061864 0.607904
vt 0.157676 0.607904
vt 0.157676 0.647265
vt 0.150188 0.647265
vt 0.150188 0.607904
vt 0.120054 0.607904
vt 0.120054 0.647265
vt 0.114195 0.647265
vt 0.114195 0.607904
vt 0.004221 0.594544
vt 0.004221 0.534414
vt 0.026989 0.534414
vt 0.026989 0.594544
vt 0.047048 0.607904
vt 0.047048 0.647265
vt 0.040305 0.647265
vt 0.040305 0.607904
vt 0.094993 0.594544
vt 0.094993 0.607904
vt 0.067074 0.607904
vt 0.067074 0.594544
vt 0.067074 0.558517
vt 0.067074 0.571361
vt 0.040305 0.571361
vt 0.040305 0.558517
vt 0.090481 0.719697
vt 0.090482 0.694708
vt 0.027998 0.694708
vt 0.027997 0.717931
vt 0.631883 0.056398
vt 0.655732 0.033892
vt 0.655732 0.138364
vt 0.631883 0.157562
vt 0.553102 0.564282
vt 0.562241 0.715513
vt 0.476527 0.715707
vt 0.479721 0.564282
vt 0.120054 0.594544
vt 0.150188 0.594544
vt 0.150188 0.607904
vt 0.120054 0.607904
vt 0.094993 0.558517
vt 0.120054 0.558517
vt 0.120054 0.571361
vt 0.094993 0.571361
vt 0.574811 0.795107
vt 0.460421 0.795250
vt 0.476527 0.715707
vt 0.562241 0.715513
vt 0.392054 0.061489
vt 0.392054 0.053665
vt 0.422592 0.053665
vt 0.422592 0.061489
vt 0.403260 0.877521
vt 0.406121 0.809228
vt 0.409808 0.814959
vt 0.409818 0.878757
vt 0.415049 0.805416
vt 0.415049 0.814958
vt 0.409808 0.814959
vt 0.409807 0.805416
vt 0.431542 0.878245
vt 0.431542 0.814448
vt 0.436784 0.814449
vt 0.436783 0.878245
vt 0.436785 0.804907
vt 0.436784 0.814449
vt 0.431542 0.814448
vt 0.431542 0.804905
vt 0.479476 0.027200
vt 0.479476 0.018807
vt 0.523302 0.018807
vt 0.523302 0.027200
vt 0.658298 0.018807
vt 0.688688 0.018807
vt 0.688688 0.027200
vt 0.658298 0.027200
vt 0.553692 0.018807
vt 0.584082 0.018807
vt 0.584082 0.027200
vt 0.553692 0.027200
vt 0.318504 0.387258
vt 0.318504 0.454214
vt 0.271589 0.454214
vt 0.271589 0.387258
vt 0.458443 0.320766
vt 0.458443 0.241770
vt 0.482131 0.244068
vt 0.482160 0.325578
vt 0.566090 0.629328
vt 0.566090 0.681963
vt 0.562235 0.681963
vt 0.562235 0.629328
vt 0.458443 0.455619
vt 0.481627 0.450908
vt 0.481516 0.539080
vt 0.458443 0.541273
vt 0.444019 0.414709
vt 0.444019 0.361136
vt 0.448099 0.361136
vt 0.448099 0.414709
vt 0.111467 0.938355
vt 0.111467 0.991277
vt 0.106129 0.991277
vt 0.106129 0.938355
vt 0.456184 0.867336
vt 0.456184 0.940811
vt 0.450752 0.940661
vt 0.450752 0.867927
vt 0.703732 0.023039
vt 0.701362 0.026896
vt 0.699401 0.024688
vt 0.701809 0.019401
vt 0.587261 0.527749
vt 0.602127 0.501671
vt 0.602232 0.547601
vt 0.591783 0.575340
vt 0.602296 0.566158
vt 0.602411 0.609991
vt 0.595175 0.608128
vt 0.596958 0.621402
vt 0.592900 0.555369
vt 0.606611 0.611822
vt 0.596953 0.507388
vt 0.606605 0.497809
vt 0.067074 0.576531
vt 0.067074 0.594544
vt 0.081034 0.594544
vt 0.067074 0.558517
vt 0.094993 0.594544
vt 0.094993 0.558517
vt 0.120054 0.558517
vt 0.123908 0.534414
vt 0.026989 0.534414
vt 0.040305 0.558517
vt 0.040305 0.594544
vt 0.026989 0.594544
vt 0.787860 0.024440
vt 0.717033 0.019661
vt 0.720381 0.101814
vt 0.783296 0.099319
vt 0.738690 0.514732
vt 0.757495 0.512979
vt 0.787860 0.024440
vt 0.717033 0.019661
vt 0.727861 0.267197
vt 0.771811 0.273905
vt 0.738690 0.514732
vt 0.757495 0.512979
vt 0.137567 0.400061
vt 0.137567 0.451100
vt 0.115865 0.451100
vt 0.115865 0.400061
vt 0.098647 0.451100
vt 0.098647 0.400061
vt 0.076043 0.451100
vt 0.076043 0.400061
vt 0.064733 0.451100
vt 0.053423 0.400061
vt 0.036174 0.451100
vt 0.025293 0.400061
vt 0.014412 0.400061
vt 0.014412 0.451100
vt 0.064733 0.520928
vt 0.064733 0.460858
vt 0.076043 0.460858
vt 0.076043 0.520928
vt 0.098647 0.460858
vt 0.098647 0.520928
vt 0.115865 0.460858
vt 0.115865 0.520928
vt 0.553420 0.440386
vt 0.557734 0.440386
vt 0.557734 0.384641
vt 0.553420 0.384641
vt 0.557734 0.334102
vt 0.553420 0.334102
vt 0.479222 0.440386
vt 0.483702 0.440386
vt 0.483702 0.384641
vt 0.479222 0.384641
vt 0.483702 0.334102
vt 0.479222 0.334102
vt 0.130697 0.948486
vt 0.123544 0.960515
vt 0.130697 0.991589
vt 0.136721 0.948486
vt 0.136721 0.991589
vt 0.537946 0.440386
vt 0.542261 0.440386
vt 0.542261 0.384641
vt 0.537946 0.384641
vt 0.542261 0.334102
vt 0.537946 0.334102
vt 0.494254 0.440386
vt 0.498592 0.440386
vt 0.498592 0.384641
vt 0.494254 0.384641
vt 0.498592 0.334102
vt 0.494254 0.334102
vt 0.545135 0.985632
vt 0.567208 0.985433
vt 0.567208 0.973895
vt 0.545135 0.973895
vt 0.562937 0.968515
vt 0.217972 0.719975
vt 0.218769 0.694430
vt 0.173239 0.694430
vt 0.168976 0.719975
vt 0.129250 0.694430
vt 0.127955 0.719975
vt 0.086934 0.719975
vt 0.091490 0.694430
vt 0.026989 0.719975
vt 0.026989 0.694430
vt 0.357039 0.140832
vt 0.355187 0.159690
vt 0.396312 0.159690
vt 0.398652 0.140832
vt 0.460278 0.159690
vt 0.460092 0.140832
vt 0.522814 0.140832
vt 0.530394 0.159690
vt 0.628207 0.033445
vt 0.605086 0.033445
vt 0.623658 0.046279
vt 0.563193 0.033445
vt 0.563192 0.046279
vt 0.609390 0.811579
vt 0.609390 0.985045
vt 0.606974 0.985045
vt 0.606973 0.811649
vt 0.604557 0.985045
vt 0.604557 0.811580
vt 0.602392 0.985062
vt 0.602392 0.811632
vt 0.599975 0.985080
vt 0.599975 0.811684
vt 0.597559 0.985080
vt 0.597559 0.811615
vt 0.468125 0.587467
vt 0.473964 0.593284
vt 0.410842 0.606979
vt 0.408292 0.600011
vt 0.347509 0.620449
vt 0.347882 0.612020
vt 0.444019 0.213899
vt 0.444019 0.222293
vt 0.363558 0.213899
vt 0.403789 0.222293
vt 0.363558 0.222293
vt 0.616189 0.504993
vt 0.616189 0.563901
vt 0.594718 0.504993
vt 0.616189 0.621616
vt 0.594718 0.621616
vt 0.019601 0.132028
vt 0.114958 0.132028
vt 0.116878 0.220960
vt 0.014261 0.220960
vt 0.116878 0.225702
vt 0.014261 0.225702
vt 0.114433 0.314441
vt 0.019296 0.314441
vt 0.460421 0.795250
vt 0.574811 0.795107
vt 0.571450 0.848082
vt 0.464518 0.847406
vt 0.561653 0.942948
vt 0.474818 0.944382
vt 0.518915 0.994448
vt 0.631883 0.157562
vt 0.655732 0.138364
vt 0.655732 0.271340
vt 0.631883 0.311525
vt 0.655732 0.395694
vt 0.631883 0.453617
vt 0.150188 0.594544
vt 0.120054 0.594544
vt 0.120054 0.558517
vt 0.150188 0.558517
vt 0.123908 0.534414
vt 0.094993 0.558517
vt 0.026989 0.534414
vt 0.040305 0.594544
vt 0.026989 0.594544
vt 0.040305 0.558517
vt 0.067074 0.558517
vt 0.094993 0.594544
vt 0.067074 0.594544
vt 0.484849 0.545206
vt 0.484955 0.450212
vt 0.553924 0.511845
vt 0.564737 0.450277
vt 0.623326 0.456628
vt 0.623326 0.332808
vt 0.564737 0.326753
vt 0.554674 0.273720
vt 0.485758 0.228224
vt 0.485521 0.326280
vt 0.086934 0.719975
vt 0.092447 0.757264
vt 0.026989 0.719975
vt 0.096493 0.827916
vt 0.048708 0.803443
vt 0.098273 0.857787
vt 0.086414 0.880488
vt 0.133084 0.879892
vt 0.124894 0.922707
vt 0.211837 0.986392
vt 0.214999 0.920928
vt 0.254365 0.990188
vt 0.255212 0.923098
vt 0.485521 0.326280
vt 0.482160 0.325578
vt 0.482131 0.244068
vt 0.485758 0.228224
vt 0.458443 0.241770
vt 0.459195 0.229758
vt 0.156082 0.173818
vt 0.165432 0.187339
vt 0.146744 0.187681
vt 0.169630 0.209512
vt 0.143102 0.209994
vt 0.143102 0.317607
vt 0.169630 0.317607
vt 0.288265 0.218711
vt 0.288265 0.180679
vt 0.349621 0.218711
vt 0.318943 0.119522
vt 0.349621 0.180679
vt 0.081034 0.607904
vt 0.067074 0.607904
vt 0.067074 0.627584
vt 0.067074 0.647265
vt 0.094993 0.607904
vt 0.094993 0.647265
vt 0.091490 0.694430
vt 0.040305 0.647265
vt 0.120054 0.647265
vt 0.026989 0.694430
vt 0.026989 0.607904
vt 0.040305 0.607904
vt 0.129250 0.694430
vt 0.173239 0.694430
vt 0.150188 0.607904
vt 0.120054 0.607904
vt 0.150188 0.647265
vt 0.179040 0.647265
vt 0.218769 0.694430
vt 0.192265 0.607904
vt 0.179040 0.607904
vt 0.067074 0.627584
vt 0.067074 0.607904
vt 0.061864 0.607904
vt 0.061864 0.627584
vt 0.067074 0.647265
vt 0.061864 0.647265
vt 0.188513 0.094464
vt 0.211357 0.094464
vt 0.211360 0.106944
vt 0.188515 0.106944
vt 0.147375 0.094464
vt 0.147376 0.106944
vt 0.106569 0.106944
vt 0.106573 0.094464
vt 0.075153 0.094464
vt 0.075147 0.106944
vt 0.041626 0.094464
vt 0.041625 0.106944
vt 0.002131 0.094464
vt 0.002131 0.106944
vt 0.257050 0.106944
vt 0.234205 0.106944
vt 0.234201 0.094464
vt 0.257045 0.094464
vt 0.291502 0.106944
vt 0.291474 0.094464
vt 0.297992 0.106833
vt 0.297980 0.094464
vt 0.452923 0.597849
vt 0.473964 0.593284
vt 0.468125 0.587467
vt 0.448181 0.591648
vt 0.431883 0.602414
vt 0.428237 0.595829
vt 0.410842 0.606979
vt 0.408292 0.600011
vt 0.347509 0.620449
vt 0.347882 0.612020
vt 0.309276 0.616383
vt 0.308814 0.625346
vt 0.220497 0.051757
vt 0.188860 0.058637
vt 0.189109 0.063011
vt 0.220548 0.058689
vt 0.284594 0.051757
vt 0.189298 0.060372
vt 0.220550 0.067264
vt 0.284416 0.067264
vt 0.284723 0.058689
vt 0.316763 0.051757
vt 0.316773 0.067264
vt 0.316798 0.058689
vt 0.036174 0.451100
vt 0.025293 0.460858
vt 0.014412 0.460858
vt 0.053423 0.460858
vt 0.064733 0.451100
vt 0.076043 0.460858
vt 0.076043 0.451100
vt 0.098647 0.460858
vt 0.098647 0.451100
vt 0.115865 0.460858
vt 0.115865 0.451100
vt 0.137567 0.460858
vt 0.137567 0.451100
vt 0.117461 0.960155
vt 0.111467 0.938355
vt 0.111467 0.991277
vt 0.106129 0.991277
vt 0.106129 0.938355
vt 0.631883 0.311525
vt 0.631883 0.453617
vt 0.655732 0.395694
vt 0.655732 0.271340
vt 0.631883 0.157562
vt 0.655732 0.227015
vt 0.655732 0.182690
vt 0.655732 0.138364
vt 0.110414 0.391458
vt 0.112292 0.386215
vt 0.112292 0.347674
vt 0.110414 0.347674
vt 0.106203 0.391458
vt 0.106203 0.347674
vt 0.050303 0.346970
vt 0.048361 0.346970
vt 0.048361 0.385739
vt 0.050303 0.390207
vt 0.054523 0.346970
vt 0.054523 0.390207
vt 0.098202 0.347817
vt 0.096161 0.347817
vt 0.096161 0.385905
vt 0.098202 0.390522
vt 0.102413 0.347817
vt 0.102413 0.390522
vt 0.606995 0.638697
vt 0.609390 0.638119
vt 0.609390 0.811579
vt 0.606973 0.811649
vt 0.604556 0.638119
vt 0.604557 0.811580
vt 0.602351 0.638160
vt 0.602392 0.811632
vt 0.599976 0.638201
vt 0.599975 0.811684
vt 0.597559 0.638154
vt 0.597559 0.811615
vt 0.410842 0.606979
vt 0.473964 0.593284
vt 0.454316 0.705436
vt 0.399565 0.705436
vt 0.347509 0.620449
vt 0.362911 0.891122
vt 0.393849 0.838408
vt 0.390597 0.907660
vt 0.364329 0.936660
vt 0.290438 0.925109
vt 0.290904 0.992557
vt 0.254365 0.990188
vt 0.255212 0.923098
vt 0.488966 0.064086
vt 0.482393 0.061497
vt 0.482393 0.055478
vt 0.476464 0.055478
vt 0.476464 0.061497
vt 0.469213 0.055478
vt 0.469213 0.061497
vt 0.454816 0.062226
vt 0.460745 0.062226
vt 0.460745 0.068376
vt 0.454816 0.068376
vt 0.447565 0.062226
vt 0.447565 0.068376
vt 0.433221 0.886738
vt 0.438868 0.886645
vt 0.438869 0.931728
vt 0.433586 0.933282
vt 0.399130 0.886688
vt 0.398941 0.933496
vt 0.393234 0.886647
vt 0.392922 0.931799
vt 0.340975 0.593869
vt 0.340976 0.600007
vt 0.312981 0.600007
vt 0.312981 0.593869
vt 0.340975 0.572878
vt 0.312981 0.572878
vt 0.340975 0.566182
vt 0.312979 0.566182
vt 0.507423 0.228420
vt 0.493395 0.226723
vt 0.496477 0.190553
vt 0.509939 0.198888
vt 0.543714 0.241663
vt 0.546230 0.212133
vt 0.458443 0.541273
vt 0.454953 0.541271
vt 0.458443 0.455502
vt 0.444019 0.455457
vt 0.454918 0.559417
vt 0.444019 0.559417
vt 0.403789 0.559417
vt 0.444019 0.320315
vt 0.403789 0.222293
vt 0.444019 0.222293
vt 0.454173 0.232140
vt 0.454471 0.241504
vt 0.458443 0.241486
vt 0.458443 0.320380
vt 0.481516 0.539080
vt 0.481627 0.450908
vt 0.484955 0.450212
vt 0.484849 0.545206
vt 0.458443 0.541273
vt 0.458443 0.559417
vt 0.003808 0.265001
vt 0.003808 0.124458
vt 0.009100 0.124458
vt 0.009100 0.265001
vt 0.003808 0.295493
vt 0.009100 0.295493
vt 0.009100 0.325636
vt 0.003808 0.325636
vt 0.190145 0.218711
vt 0.190145 0.317607
vt 0.169630 0.317607
vt 0.169630 0.209512
vt 0.190145 0.180679
vt 0.165432 0.187339
vt 0.156082 0.173818
vt 0.155928 0.121863
vt 0.123030 0.180679
vt 0.146744 0.187681
vt 0.123030 0.218677
vt 0.143102 0.209994
vt 0.143102 0.317607
vt 0.123030 0.317607
vt 0.403831 0.416030
vt 0.403789 0.559417
vt 0.363558 0.559417
vt 0.382350 0.416604
vt 0.363586 0.416865
vt 0.352722 0.554278
vt 0.363540 0.359548
vt 0.382294 0.359288
vt 0.403789 0.222293
vt 0.403764 0.358714
vt 0.363558 0.222293
vt 0.352722 0.539191
vt 0.352722 0.240071
vt 0.352722 0.223342
vt 0.349137 0.240638
vt 0.349137 0.539191
vt 0.081034 0.607904
vt 0.094993 0.607904
vt 0.094993 0.594544
vt 0.081034 0.594544
vt 0.067074 0.594544
vt 0.067074 0.607904
vt 0.529554 0.360941
vt 0.506329 0.360941
vt 0.506329 0.368542
vt 0.529554 0.368542
vt 0.529554 0.373697
vt 0.506329 0.373697
vt 0.529554 0.335425
vt 0.506329 0.335408
vt 0.506329 0.340118
vt 0.529554 0.340135
vt 0.529554 0.347042
vt 0.506329 0.347095
vt 0.677309 0.280610
vt 0.677309 0.512054
vt 0.670878 0.512054
vt 0.670878 0.280564
vt 0.670897 0.049373
vt 0.677310 0.049051
vt 0.493329 0.052098
vt 0.493342 0.064318
vt 0.543276 0.065523
vt 0.545429 0.052094
vt 0.493342 0.064318
vt 0.505514 0.069654
vt 0.539029 0.069353
vt 0.328711 0.227754
vt 0.352722 0.223342
vt 0.352722 0.240071
vt 0.332290 0.243289
vt 0.332290 0.539191
vt 0.328711 0.552650
vt 0.067074 0.647265
vt 0.067074 0.607904
vt 0.094993 0.607904
vt 0.094993 0.647265
vt 0.091490 0.694430
vt 0.120054 0.647265
vt 0.040305 0.647265
vt 0.026989 0.694430
vt 0.026989 0.607904
vt 0.040305 0.607904
vt 0.004221 0.694430
vt 0.004221 0.607904
vt 0.026989 0.594544
vt 0.040305 0.594544
vt 0.040305 0.607904
vt 0.026989 0.607904
vt 0.004221 0.607904
vt 0.004221 0.594544
vt 0.397003 0.185745
vt 0.395318 0.166916
vt 0.459289 0.166916
vt 0.459060 0.185745
vt 0.522084 0.185745
vt 0.529440 0.166916
vt 0.540147 0.140832
vt 0.540147 0.135248
vt 0.603344 0.135248
vt 0.603344 0.140832
vt 0.608008 0.159690
vt 0.535494 0.159690
vt 0.460278 0.159690
vt 0.396312 0.159690
vt 0.398652 0.140832
vt 0.460092 0.140832
vt 0.522814 0.140832
vt 0.530394 0.159690
vt 0.316798 0.058689
vt 0.316763 0.051757
vt 0.384764 0.051757
vt 0.386254 0.058689
vt 0.385650 0.067264
vt 0.316773 0.067264
vt 0.004916 0.058689
vt 0.006757 0.051757
vt 0.049409 0.051757
vt 0.049283 0.058689
vt 0.049751 0.067264
vt 0.006214 0.067264
vt 0.211837 0.986392
vt 0.253519 0.989053
vt 0.257915 0.923238
vt 0.214999 0.920928
vt 0.124894 0.922707
vt 0.244492 0.856000
vt 0.133084 0.879892
vt 0.086414 0.880488
vt 0.218161 0.855463
vt 0.258379 0.784392
vt 0.098273 0.857787
vt 0.048708 0.803443
vt 0.137092 0.839135
vt 0.096493 0.827916
vt 0.026989 0.719975
vt 0.218445 0.786000
vt 0.260403 0.719934
vt 0.217972 0.719975
vt 0.168976 0.719975
vt 0.134118 0.770218
vt 0.127955 0.719975
vt 0.092447 0.757264
vt 0.086934 0.719975
vt 0.166014 0.418589
vt 0.141903 0.435745
vt 0.150395 0.401433
vt 0.162659 0.470058
vt 0.150395 0.470058
vt 0.169370 0.435745
vt 0.584141 0.751218
vt 0.585080 0.749045
vt 0.585492 0.755262
vt 0.588593 0.751218
vt 0.588637 0.755262
vt 0.586913 0.748935
vt 0.204812 0.317607
vt 0.212240 0.269006
vt 0.208483 0.269014
vt 0.190145 0.317607
vt 0.190145 0.218711
vt 0.204610 0.218711
vt 0.288265 0.218711
vt 0.171781 0.414538
vt 0.171781 0.363628
vt 0.257295 0.256821
vt 0.257295 0.522438
vt 0.271589 0.454214
vt 0.328711 0.552650
vt 0.271589 0.320301
vt 0.318504 0.454214
vt 0.318504 0.320301
vt 0.328711 0.227754
vt 0.723634 0.506410
vt 0.735231 0.985924
vt 0.730374 0.985924
vt 0.708013 0.026896
vt 0.712036 0.026896
vt 0.720311 0.506410
vt 0.708013 0.026896
vt 0.723081 0.985924
vt 0.715324 0.506410
vt 0.703982 0.026896
vt 0.723081 0.985924
vt 0.708669 0.506410
vt 0.713356 0.985924
vt 0.189109 0.063011
vt 0.188860 0.058637
vt 0.157136 0.051757
vt 0.157082 0.058689
vt 0.157332 0.067264
vt 0.119214 0.058689
vt 0.119429 0.051757
vt 0.119761 0.067264
vt 0.082244 0.058689
vt 0.082488 0.051757
vt 0.082852 0.067264
vt 0.049283 0.058689
vt 0.049409 0.051757
vt 0.049751 0.067264
vt 0.004916 0.058689
vt 0.006757 0.051757
vt 0.006214 0.067264
vn -0.272173 -0.962199 -0.009720999999999941
vn -0.272173 -0.962199 -0.009720999999999941
vn -0.272173 -0.962199 -0.009720999999999941
vn -0.270405 -0.962747 5.895125159693585E-17
vn -0.270405 -0.962747 5.895125159693585E-17
vn -0.270405 -0.962747 5.895125159693585E-17
vn -0.659057 0.44927399999999995 -0.603156
vn -0.643771 0.503299 -0.57641
vn -0.647559 0.512835 -0.563621
vn 0.277127 0.960783 -0.009876000000000058
vn 0.277127 0.960783 -0.009876000000000058
vn 0.277127 0.960783 -0.009876000000000058
vn 0.279327 0.960149 -0.00954600000000006
vn 0.279327 0.960149 -0.00954600000000006
vn 0.279327 0.960149 -0.00954600000000006
vn 0.366499 0.929904 -0.030932000000000057
vn 0.366499 0.929904 -0.030932000000000057
vn 0.366499 0.929904 -0.030932000000000057
vn 0.368739 0.929032 -0.030503000000000054
vn 0.368739 0.929032 -0.030503000000000054
vn 0.368739 0.929032 -0.030503000000000054
vn -0.88654 0.24614699999999998 -0.391738
vn -0.88654 0.24614699999999998 -0.391738
vn -0.88654 0.24614699999999998 -0.391738
vn -0.887797 0.24649599999999997 -0.388659
vn -0.887797 0.24649599999999997 -0.388659
vn -0.887797 0.24649599999999997 -0.388659
vn -0.884058 0.253875 -0.392415
vn -0.884058 0.253875 -0.392415
vn -0.884058 0.253875 -0.392415
vn -0.884788 0.24899799999999997 -0.393891
vn -0.884788 0.24899799999999997 -0.393891
vn -0.884788 0.24899799999999997 -0.393891
vn -0.884094 0.253748 -0.392415
vn -0.884094 0.253748 -0.392415
vn -0.884094 0.253748 -0.392415
vn -0.886661 0.24761599999999998 -0.390536
vn -0.886661 0.24761599999999998 -0.390536
vn -0.886661 0.24761599999999998 -0.390536
vn 0.026718 0.917606 -0.39659200000000006
vn 0.026718 0.917606 -0.39659200000000006
vn 0.026718 0.917606 -0.39659200000000006
vn 0.015572 0.916105 -0.40063600000000005
vn 0.015572 0.916105 -0.40063600000000005
vn 0.015572 0.916105 -0.40063600000000005
vn -0.104894 0.97478 0.19697999999999993
vn -0.104894 0.97478 0.19697999999999993
vn -0.104894 0.97478 0.19697999999999993
vn -0.096138 0.975433 0.19821099999999994
vn -0.096138 0.975433 0.19821099999999994
vn -0.096138 0.975433 0.19821099999999994
vn -0.093402 0.995579 -0.009874000000000062
vn -0.093402 0.995579 -0.009874000000000062
vn -0.093402 0.995579 -0.009874000000000062
vn -0.091121 0.995794 -0.009544000000000061
vn -0.091121 0.995794 -0.009544000000000061
vn -0.091121 0.995794 -0.009544000000000061
vn 0.366494 0.920465 -0.13574400000000006
vn 0.366494 0.920465 -0.13574400000000006
vn 0.366494 0.920465 -0.13574400000000006
vn 0.368727 0.91965 -0.13522100000000006
vn 0.368727 0.91965 -0.13522100000000006
vn 0.368727 0.91965 -0.13522100000000006
vn -0.094119 0.995477 0.01292799999999994
vn -0.094119 0.995477 0.01292799999999994
vn -0.094119 0.995477 0.01292799999999994
vn -0.091824 0.995685 0.01341199999999994
vn -0.091824 0.995685 0.01341199999999994
vn -0.091824 0.995685 0.01341199999999994
vn 0.102625 0.985725 -0.13347000000000006
vn 0.102625 0.985725 -0.13347000000000006
vn 0.102625 0.985725 -0.13347000000000006
vn -0.1891 0.970799 -0.14761800000000005
vn -0.1891 0.970799 -0.14761800000000005
vn -0.1891 0.970799 -0.14761800000000005
vn -0.593245 -0.687169 -0.4193549999999999
vn -0.593245 -0.687169 -0.4193549999999999
vn -0.593245 -0.687169 -0.4193549999999999
vn -0.675414 -0.684548 -0.27424599999999993
vn -0.675414 -0.684548 -0.27424599999999993
vn -0.675414 -0.684548 -0.27424599999999993
vn -0.379128 -0.925189 -0.016940999999999946
vn -0.379128 -0.925189 -0.016940999999999946
vn -0.379128 -0.925189 -0.016940999999999946
vn -0.399968 -0.916407 -0.015000999999999945
vn -0.399968 -0.916407 -0.015000999999999945
vn -0.399968 -0.916407 -0.015000999999999945
vn -0.392398 -0.919737 0.010366000000000056
vn -0.392398 -0.919737 0.010366000000000056
vn -0.392398 -0.919737 0.010366000000000056
vn -0.424788 -0.905048 0.021077000000000054
vn -0.424788 -0.905048 0.021077000000000054
vn -0.424788 -0.905048 0.021077000000000054
vn -0.451666 0.855579 -0.25294700000000003
vn -0.451666 0.855579 -0.25294700000000003
vn -0.451666 0.855579 -0.25294700000000003
vn -0.18792 0.880655 -0.43489500000000003
vn -0.18792 0.880655 -0.43489500000000003
vn -0.18792 0.880655 -0.43489500000000003
vn -0.178951 0.983079 0.03913399999999994
vn -0.178951 0.983079 0.03913399999999994
vn -0.178951 0.983079 0.03913399999999994
vn -0.130283 0.990059 0.05300799999999994
vn -0.130283 0.990059 0.05300799999999994
vn -0.130283 0.990059 0.05300799999999994
vn -0.817522 0.443556 0.36731
vn -0.883179 0.468157 -0.02870800000000003
vn 0.000861 0.14408400000000005 0.989565
vn 0.545854 -0.15195999999999996 0.823985
vn 0.545854 -0.15196199999999996 0.823985
vn 0.545852 -0.15195999999999996 0.823987
vn 1 0 0
vn 1 0 0
vn 1 0 0
vn 1 0 0
vn 1 0 0
vn 1 0 0
vn -0.318182 -0.900747 0.29566100000000006
vn -0.356135 -0.14981499999999995 0.922347
vn -0.366617 -0.37879199999999996 0.84977
vn -0.032022 0.797589 0.602351
vn 0.259327 0.963816 -0.061711000000000064
vn -0.105443 0.644929 0.756933
vn -0.241053 0.17681900000000006 0.954269
vn -0.056349 0.955822 0.2884959999999999
vn -0.210493 0.47693800000000003 0.853359
vn -0.014503 -0.998967 -0.043056999999999936
vn -0.162251 -0.812083 0.560532
vn -0.20481 -0.63731 0.742892
vn -0.267888 -0.963333 0.014997000000000059
vn -0.302956 -0.32030699999999995 0.897564
vn -0.334845 -0.598769 0.727567
vn 0.042103 0.74664 0.663894
vn 0.26775 0.963371 -0.015033000000000058
vn -0.054654 0.536543 0.842101
vn -0.216012 0.36280000000000007 0.906485
vn -0.012295 0.997168 0.07419399999999994
vn -0.174921 0.641347 0.747046
vn 0.000907 -0.99973 0.023208000000000062
vn -0.156924 -0.730636 0.664489
vn -0.199003 -0.509743 0.836995
vn 0.220903 -0.74883 -0.624864
vn -0.159774 -0.981749 0.10315400000000005
vn -0.279685 -0.872233 0.40123000000000003
vn -0.419206 -0.795346 0.4378250000000001
vn -0.521734 0.17005500000000007 0.835987
vn -0.544202 -0.11114199999999995 0.83156
vn -0.679418 -0.705516 0.20159100000000005
vn -0.480072 -0.09900199999999995 0.871625
vn -0.68261 -0.596536 0.42212400000000005
vn 0.059524 -0.0010579999999999388 0.998226
vn -0.359125 -0.11112499999999995 0.92665
vn -0.649716 -0.23937799999999995 0.721504
vn -0.119095 -0.19084199999999996 0.974369
vn 0.156091 -0.11500899999999994 0.981024
vn -0.94112 -0.21574799999999997 0.260279
vn -0.732943 0.62532 -0.2679000000000001
vn -0.66015 0.605056 -0.4450950000000001
vn -0.716493 0.596014 -0.36249800000000004
vn -0.841169 -0.11357100000000003 -0.528712
vn -0.986899 -0.127995 -0.09822099999999999
vn -0.832282 -0.2888240000000001 -0.473168
vn 0.194682 0.582769 0.788974
vn 0.485785 0.37858900000000006 0.787834
vn 0.873384 0.05933800000000003 0.483405
vn -0.885397 0.458251 0.07796799999999997
vn 0.409217 0.766291 0.4953179999999999
vn 0.281192 0.25670899999999996 -0.924679
vn -0.026655 -0.18439799999999995 0.98249
vn 0.582581 -0.49847199999999997 0.64197
vn 0.31117 -0.22795599999999994 0.92261
vn 0.31117 -0.22795599999999994 0.92261
vn -0.377881 0.10519900000000006 0.919858
vn -0.026655 -0.18439799999999995 0.98249
vn -0.172372 0.964948 -0.19790000000000005
vn -0.284522 0.545153 0.788578
vn -0.243304 0.964125 0.10614299999999995
vn -0.649561 -0.60576 0.45948500000000003
vn -0.649244 -0.744241 0.15680600000000006
vn -0.393421 -0.09713399999999994 0.914213
vn -0.46535 0.84066 0.27701999999999993
vn 0.267113 0.959499 0.08951099999999994
vn 0.267116 0.959498 0.08951699999999994
vn -0.465348 0.840659 0.27702499999999997
vn -0.46535 0.84066 0.27701999999999993
vn -0.375163 0.766705 0.520977
vn 0.265324 0.953085 0.14571099999999995
vn 0.265328 0.953084 0.14571499999999996
vn -0.37516 0.766703 0.520981
vn -0.375163 0.766705 0.520977
vn 0.919859 2.4018324115937508E-17 0.392249
vn 0.919859 2.4018324115937508E-17 0.392249
vn 0.676554 0.677528 0.28849699999999995
vn 0.676554 0.677528 0.28849699999999995
vn 0.676553 0.677529 0.28849699999999995
vn 0.919859 2.4018324115937508E-17 0.392249
vn 0.919859 -9.999999999759817E-07 0.392249
vn 0.676556 0.677526 0.2884979999999999
vn 0.676556 0.677526 0.2884979999999999
vn 0.676555 0.677526 0.2884979999999999
vn -0.290665 -0.728155 0.620729
vn -0.439031 -0.709159 0.551674
vn 0.000961 -0.999999 -0.0010259999999999389
vn -0.000151 -0.999986 0.005255000000000062
vn -0.290665 -0.728155 0.620729
vn 0.030996 -0.703138 0.710377
vn -0.290665 -0.728155 0.620729
vn -0.000997 -0.999865 0.01639000000000006
vn 0.030996 -0.703138 0.710377
vn -0.129777 0.727645 0.673566
vn 0.03096 0.70892 0.704609
vn -0.000208 1 -0.0008970000000000613
vn -0.000738 0.999999 0.0009539999999999387
vn -0.129777 0.727645 0.673566
vn -0.441783 0.705137 0.554625
vn -0.129777 0.727645 0.673566
vn -0.001687 0.999996 0.0020869999999999387
vn -0.441783 0.705137 0.554625
vn -0.479285 -0.622636 0.618555
vn -0.616968 -0.56458 0.54827
vn -0.267073 -0.963675 -0.001219999999999941
vn -0.267951 -0.963432 0.00047900000000005897
vn -0.479285 -0.622636 0.618555
vn -0.268091 -0.963391 0.002241000000000059
vn -0.16263 -0.687265 0.707968
vn -0.16263 -0.687265 0.707968
vn -0.479285 -0.622636 0.618555
vn 0.066246 0.736922 0.672724
vn 0.216241 0.675524 0.704917
vn 0.268021 0.963413 -0.000744000000000059
vn 0.267503 0.963557 0.0009209999999999411
vn 0.066246 0.736922 0.672724
vn -0.240428 0.79888 0.551349
vn 0.066246 0.736922 0.672724
vn 0.266631 0.963797 0.001973999999999941
vn -0.240428 0.79888 0.551349
vn -0.919857 -0.002710000000000024 -0.392245
vn -0.919857 -0.002710000000000024 -0.392245
vn -0.846571 -0.0017839999999999675 0.532273
vn -0.846571 -0.0017839999999999675 0.532273
vn -0.846585 -0.0017789999999999675 0.532251
vn 0.095891 0.17103900000000005 0.980587
vn 0.095925 0.17103900000000005 0.980584
vn 0.723645 0.26891800000000005 0.635626
vn 0.723646 0.26891800000000005 0.635626
vn 0.095891 0.17103900000000005 0.980587
vn -0.88922 -0.265862 -0.372298
vn -0.889219 -0.265862 -0.3723
vn -0.942175 -0.18065799999999999 0.282256
vn -0.942175 -0.18065799999999999 0.282256
vn -0.942185 -0.18065799999999999 0.282223
vn -0.919859 -0.001223000000000024 -0.392247
vn -0.919859 -0.001223000000000024 -0.392247
vn -0.723722 -0.0006739999999999577 0.690091
vn -0.723722 -0.0006739999999999577 0.690091
vn -0.724467 -0.00027799999999995775 0.68931
vn -0.290659 -0.72815 0.620737
vn -0.439033 -0.709149 0.551686
vn 0.000996 -0.999999 -0.0010629999999999388
vn 0.000225 -1 0.0004910000000000613
vn -0.290659 -0.72815 0.620737
vn 0.031501 -0.705712 0.707799
vn -0.290659 -0.72815 0.620737
vn 0.000112 -0.999998 0.0021180000000000612
vn 0.031501 -0.705712 0.707799
vn -0.129787 0.727644 0.673565
vn 0.030953 0.708914 0.704615
vn -0.000216 1 -0.0009300000000000613
vn -0.000764 0.999999 0.0009869999999999389
vn -0.129787 0.727644 0.673565
vn -0.441768 0.705166 0.554601
vn -0.129787 0.727644 0.673565
vn -0.001747 0.999996 0.002160999999999939
vn -0.441768 0.705166 0.554601
vn -0.294733 -0.728364 0.618561
vn -0.442949 -0.709358 0.548277
vn 0.001198 -0.999999 -0.001259999999999939
vn 0.000259 -1 0.0004890000000000612
vn -0.294733 -0.728364 0.618561
vn 0.000108 -0.999997 0.0023010000000000612
vn 0.027651 -0.705726 0.707945
vn 0.027651 -0.705726 0.707945
vn -0.294733 -0.728364 0.618561
vn -0.133826 0.72769 0.672724
vn 0.027143 0.708764 0.704923
vn -0.000182 1 -0.0007650000000000612
vn -0.000735 0.999999 0.0009479999999999387
vn -0.133826 0.72769 0.672724
vn -0.445858 0.70516 0.551326
vn -0.133826 0.72769 0.672724
vn -0.001662 0.999997 0.002023999999999939
vn -0.445858 0.70516 0.551326
vn -0.471146 0.725156 -0.502166
vn 0.164999 0.915059 -0.36802500000000005
vn -0.928504 0.030730999999999977 -0.370048
vn -0.907874 -0.388734 -0.15700299999999998
vn -0.471146 0.725156 -0.502166
vn -0.471146 0.725156 -0.502166
vn -0.936768 0.040946999999999976 -0.347548
vn 0.157716 0.924067 -0.34817400000000004
vn -0.471146 0.725156 -0.502166
vn 0.862373 0.498091 0.09065799999999997
vn 0.90404 -0.16395799999999996 0.394753
vn 0.164999 0.915059 -0.36802500000000005
vn -0.471146 0.725156 -0.502166
vn 0.862373 0.498091 0.09065799999999997
vn 0.862373 0.498091 0.09065799999999997
vn 0.157716 0.924067 -0.34817400000000004
vn 0.897635 -0.15604199999999996 0.412192
vn 0.862373 0.498091 0.09065799999999997
vn -0.397026 -0.704186 0.588636
vn -0.054194 0.658218 0.750874
vn -0.05419 0.658217 0.750876
vn -0.397029 -0.704184 0.588637
vn -0.397026 -0.704186 0.588636
vn -0.21781 0.2595680000000001 0.940842
vn -0.383966 -0.47965599999999997 0.788987
vn -0.034871 0.674269 0.737662
vn -0.034876 0.674261 0.737669
vn -0.21781 0.2595680000000001 0.940842
vn -0.397012 -0.70419 0.588641
vn -0.054181 0.658216 0.750877
vn -0.054178 0.658214 0.750879
vn -0.397016 -0.704188 0.58864
vn -0.397012 -0.70419 0.588641
vn -0.394239 0.10619499999999994 -0.912852
vn -0.676548 -0.513485 0.527841
vn -0.902947 -0.426781 0.05044900000000003
vn -0.902947 -0.426781 0.05044900000000003
vn -0.685256 -0.10099200000000004 -0.721266
vn -0.885615 -0.290467 -0.362373
vn -0.902947 -0.426781 0.05044900000000003
vn -0.902947 -0.426781 0.05044900000000003
vn -0.873465 -0.334041 0.354225
vn -0.894346 -0.23375700000000002 -0.38145
vn -0.873465 -0.334041 0.354225
vn -0.873465 -0.334041 0.354225
vn -0.739012 -0.18614199999999997 0.647466
vn -0.676548 -0.513485 0.527841
vn 0.37569 -0.12377899999999994 0.918442
vn 0.387124 -0.041539999999999945 0.921092
vn 0.387124 -0.041539999999999945 0.921092
vn -0.902947 -0.426781 0.05044900000000003
vn -0.873465 -0.334041 0.354225
vn 0.387124 -0.041539999999999945 0.921092
vn 0.387124 -0.041539999999999945 0.921092
vn 0.365513 0.07479900000000006 0.927796
vn -0.739012 -0.18614199999999997 0.647466
vn 0.365513 0.07479900000000006 0.927796
vn 0.365513 0.07479900000000006 0.927796
vn 0.366988 0.10195100000000006 0.924622
vn -0.394239 0.10619499999999994 -0.912852
vn -0.685256 -0.10099200000000004 -0.721266
vn 0.801686 0.50704 -0.31656100000000004
vn 0.801686 0.50704 -0.31656100000000004
vn 0.889481 0.456264 -0.02544700000000003
vn 0.6662 0.0014570000000000457 0.745772
vn 0.91986 0.000551000000000024 0.392248
vn 0.919859 0.000551000000000024 0.392248
vn 0.165611 0.0012090000000000603 0.98619
vn 0.6662 0.0014570000000000457 0.745772
vn -0.632785 0.773626 -0.03295800000000005
vn -0.54871 0.774796 -0.31401900000000005
vn -0.871382 0.295349 -0.391742
vn -0.759908 0.36855999999999994 -0.535447
vn -0.632785 0.773626 -0.03295800000000005
vn -0.737062 0.664115 0.12526399999999996
vn -0.632785 0.773626 -0.03295800000000005
vn -0.74995 0.40981499999999993 -0.519256
vn -0.737062 0.664115 0.12526399999999996
vn -0.806258 0.55665 0.20022299999999998
vn -0.737062 0.664115 0.12526399999999996
vn -0.79929 0.37362399999999996 -0.470681
vn -0.806258 0.55665 0.20022299999999998
vn -0.817522 0.443556 0.36731
vn -0.806258 0.55665 0.20022299999999998
vn -0.81751 0.361504 -0.448321
vn -0.817522 0.443556 0.36731
vn -0.883179 0.468157 -0.02870800000000003
vn -0.817522 0.443556 0.36731
vn -0.818383 0.37541 -0.435105
vn -0.899803 0.08204300000000003 0.428512
vn -0.301014 0.894124 0.33156199999999997
vn -0.656243 0.708616 -0.25924400000000003
vn -0.745753 -0.660529 0.08691100000000004
vn -0.899803 0.08204300000000003 0.428512
vn 0.761742 0.46206400000000003 0.45414299999999996
vn -0.656243 0.708616 -0.25924400000000003
vn -0.301014 0.894124 0.33156199999999997
vn 0.127613 0.39904600000000007 0.908007
vn 0.761742 0.46206400000000003 0.45414299999999996
vn -0.745753 -0.660529 0.08691100000000004
vn 0.319228 -0.821713 0.47210300000000005
vn 0.185948 -0.679475 0.709745
vn 0.185948 -0.679475 0.709745
vn -0.899803 0.08204300000000003 0.428512
vn 0.127613 0.39904600000000007 0.908007
vn -0.301014 0.894124 0.33156199999999997
vn -0.899803 0.08204300000000003 0.428512
vn 0.185948 -0.679475 0.709745
vn 0.127613 0.39904600000000007 0.908007
vn -0.369101 0.10293100000000005 0.923672
vn -0.234694 0.774933 0.586854
vn -0.348527 0.758168 0.551099
vn -0.348527 0.758168 0.551099
vn -0.373048 0.10737900000000006 0.921578
vn -0.348527 0.758168 0.551099
vn -0.595593 0.574182 0.561768
vn -0.595593 0.574182 0.561768
vn -0.375306 0.10779700000000006 0.920611
vn -0.376823 0.10593800000000006 0.920208
vn -0.595593 0.574182 0.561768
vn -0.595593 0.574182 0.561768
vn -0.770269 0.5771 0.27136899999999997
vn -0.379091 0.10274900000000005 0.919637
vn -0.770269 0.5771 0.27136899999999997
vn -0.770269 0.5771 0.27136899999999997
vn -0.820548 0.421969 0.385542
vn -0.820548 0.421969 0.385542
vn -0.869415 0.320009 0.376448
vn -0.869415 0.320009 0.376448
vn -0.37757 0.10513800000000005 0.919993
vn -0.869415 0.320009 0.376448
vn -0.895981 0.24060000000000004 0.37327
vn -0.895981 0.24060000000000004 0.37327
vn -0.377475 0.10543400000000006 0.919998
vn 0.651293 0.732642 0.19761899999999993
vn -0.652531 0.65706 -0.37746100000000005
vn -0.132148 0.979055 -0.15488300000000005
vn -0.132148 0.979055 -0.15488300000000005
vn 0.916674 0.06075800000000002 0.39499
vn -0.910856 0.14024999999999999 -0.388165
vn -0.744571 -0.587494 -0.31696099999999994
vn -0.74392 -0.588308 -0.31698199999999993
vn -0.74392 -0.588308 -0.31698199999999993
vn -0.911373 0.13552099999999997 -0.38863
vn -0.030244 -0.99833 0.04921200000000006
vn -0.025293 -0.997918 0.05932100000000006
vn -0.006254 -0.999977 -0.002744999999999939
vn -0.006254 -0.999977 -0.002744999999999939
vn -0.017602 -0.999654 0.019555000000000062
vn 0.001939 -0.999652 -0.02631099999999994
vn -0.006254 -0.999977 -0.002744999999999939
vn 0.014629 -0.99832 -0.056064999999999934
vn 0.02538 -0.997905 -0.05951899999999994
vn -0.017506 0.999817 -0.007679000000000062
vn -0.069233 0.9843 0.16235799999999995
vn -0.083461 0.98726 0.13546599999999995
vn -0.048934 0.997321 0.05437099999999994
vn -0.017506 0.999817 -0.007679000000000062
vn 0.005394 0.997306 -0.07315000000000006
vn -0.017506 0.999817 -0.007679000000000062
vn 0.04013 0.987181 -0.15447400000000006
vn 0.069467 0.984195 -0.16289700000000004
vn -0.137702 0.972793 0.18630999999999995
vn 0.416068 -0.17802799999999994 0.891736
vn 0.584844 0.49675699999999995 -0.641241
vn 0.996068 0.022364999999999993 -0.085718
vn 0.416068 -0.17802799999999994 0.891736
vn 0.416068 -0.17802799999999994 0.891736
vn -0.596185 -0.722904 0.34924700000000003
vn 0.427005 -0.46055799999999997 0.778173
vn 0.723544 0.678556 -0.12667200000000003
vn -0.596185 -0.722904 0.34924700000000003
vn 0.427005 -0.46055799999999997 0.778173
vn 0.723544 0.678556 -0.12667200000000003
vn -0.67219 0.33265100000000003 0.66144
vn -0.57375 0.74392 -0.34262800000000004
vn -0.57375 0.74392 -0.34262800000000004
vn 0.996068 0.022364999999999993 -0.085718
vn 0.584844 0.49675699999999995 -0.641241
vn -0.57375 0.74392 -0.34262800000000004
vn -0.57375 0.74392 -0.34262800000000004
vn -0.982542 0.02986499999999999 -0.183627
vn -0.137702 0.972793 0.18630999999999995
vn -0.982542 0.02986499999999999 -0.183627
vn -0.67219 0.33265100000000003 0.66144
vn 0.723544 0.678556 -0.12667200000000003
vn 0.409217 0.766291 0.4953179999999999
vn -0.885397 0.458251 0.07796799999999997
vn -0.67219 0.33265100000000003 0.66144
vn -0.885397 0.458251 0.07796799999999997
vn 0.281192 0.25670899999999996 -0.924679
vn -0.445437 0.608709 -0.656551
vn -0.445437 0.608709 -0.656551
vn -0.67219 0.33265100000000003 0.66144
vn 0.182757 0.89101 0.41557199999999994
vn 0.251772 0.44550500000000004 0.859149
vn 0.084779 0.996181 -0.02087300000000006
vn 0.084777 0.996181 -0.02087600000000006
vn 0.182757 0.89101 0.41557199999999994
vn 0.251771 -0.44550499999999993 0.859149
vn 0.182756 -0.891012 0.41557000000000005
vn 0.2391 5.945629593690421E-17 0.970995
vn 0.2391 5.945629593690421E-17 0.970995
vn 0.251771 -0.44550499999999993 0.859149
vn -0.142808 -0.38581599999999994 0.911456
vn 0.515068 -0.608485 0.603698
vn 0.450609 0.2694730000000001 0.851079
vn 0.450609 0.2694730000000001 0.851079
vn 0.210657 0.789837 0.576004
vn -0.266559 -0.34025399999999995 0.901762
vn 0.274073 -0.767779 0.579137
vn 0.509893 0.02264600000000005 0.85994
vn 0.509893 0.02264600000000005 0.85994
vn 0.51351 0.58197 0.63057
vn -0.84311 -0.516274 0.15042300000000003
vn -0.843109 -0.516274 0.15042400000000003
vn -0.46535 0.84066 0.27701999999999993
vn -0.465348 0.840659 0.27702499999999997
vn -0.84311 -0.516274 0.15042300000000003
vn -0.931404 0.09864800000000003 0.350363
vn 0.597423 0.45262300000000005 0.661981
vn 0.16153 0.46886500000000003 0.868374
vn 0.16153 0.46886500000000003 0.868374
vn -0.840309 0.09519000000000002 0.533685
vn 0.16153 0.46886500000000003 0.868374
vn 0.326453 0.39455100000000004 0.858928
vn 0.326453 0.39455100000000004 0.858928
vn -0.983857 -0.172225 0.04862100000000001
vn -0.871382 0.295349 -0.391742
vn -0.54871 0.774796 -0.31401900000000005
vn -0.421082 0.764374 -0.4882850000000001
vn -0.421082 0.764374 -0.4882850000000001
vn -0.891703 0.383848 -0.23984800000000003
vn -0.848548 -0.01962400000000003 -0.528754
vn -0.813823 0.03692799999999997 -0.579938
vn -0.900362 -0.43126 0.05799100000000003
vn -0.900362 -0.43126 0.05799100000000003
vn -0.935645 -0.299538 0.18666900000000003
vn -0.886712 -0.08960400000000003 -0.453555
vn -0.935645 -0.299538 0.18666900000000003
vn -0.935645 -0.299538 0.18666900000000003
vn -0.940067 -0.22029499999999996 0.260278
vn -0.94112 -0.21574799999999997 0.260279
vn -0.893798 -0.10459800000000002 -0.436101
vn -0.940067 -0.22029499999999996 0.260278
vn 0.194283 0.561146 0.804593
vn -0.520998 0.03674900000000005 0.852767
vn 0.238387 0.841907 0.48411199999999993
vn -0.326225 0.757211 0.565871
vn 0.238387 0.841907 0.48411199999999993
vn -0.210674 -0.02906299999999994 0.977124
vn -0.326225 0.757211 0.565871
vn -0.67219 0.33265100000000003 0.66144
vn -0.326225 0.757211 0.565871
vn 0.427005 -0.46055799999999997 0.778173
vn -0.67219 0.33265100000000003 0.66144
vn 0.194682 0.582769 0.788974
vn -0.588656 0.786621 0.18631099999999995
vn 0.485785 0.37858900000000006 0.787834
vn 0.367954 0.697079 0.615378
vn 0.485785 0.37858900000000006 0.787834
vn 0.005126 0.924853 -0.3802900000000001
vn 0.367954 0.697079 0.615378
vn 0.723544 0.678556 -0.12667200000000003
vn 0.367954 0.697079 0.615378
vn -0.445437 0.608709 -0.656551
vn 0.723544 0.678556 -0.12667200000000003
vn -0.137702 0.972793 0.18630999999999995
vn -0.982542 0.02986499999999999 -0.183627
vn 0.416068 -0.17802799999999994 0.891736
vn -0.596185 -0.722904 0.34924700000000003
vn 0.416068 -0.17802799999999994 0.891736
vn -0.57375 0.74392 -0.34262800000000004
vn -0.67219 0.33265100000000003 0.66144
vn 0.427005 -0.46055799999999997 0.778173
vn -0.361391 -0.919591 -0.15410499999999994
vn 0.730142 -0.608239 0.31134900000000004
vn 0.730142 -0.608239 0.31134900000000004
vn 0.730142 -0.608239 0.31134900000000004
vn -0.722788 -0.618533 -0.30821299999999996
vn -0.892716 0.24113399999999996 -0.380675
vn -0.446359 0.874377 -0.19033800000000006
vn -0.732664 -0.34037199999999995 0.589365
vn -0.833986 -0.28065899999999994 0.475077
vn -0.854168 -0.20120999999999997 0.479491
vn -0.854168 -0.20120999999999997 0.479491
vn -0.34687 -0.20404399999999995 0.915449
vn -0.35523 -0.13484099999999993 0.925003
vn -0.732664 -0.34037199999999995 0.589365
vn -0.649716 -0.23937799999999995 0.721504
vn -0.648814 -0.39254999999999995 0.651878
vn -0.366082 -0.3965699999999999 0.841853
vn -0.791711 -0.40620899999999993 0.456276
vn -0.52516 -0.48571099999999995 0.698779
vn -0.370128 -0.45380399999999993 0.810597
vn -0.373833 -0.4511029999999999 0.810404
vn -0.373833 -0.4511029999999999 0.810404
vn -0.373833 -0.4511029999999999 0.810404
vn -0.404428 -0.4850519999999999 0.775347
vn -0.520114 -0.30299499999999996 0.798546
vn -0.392187 -0.44909799999999994 0.802808
vn -0.826117 -0.522097 0.21200500000000003
vn -0.359125 -0.11112499999999995 0.92665
vn -0.649716 -0.23937799999999995 0.721504
vn -0.832042 -0.375294 -0.408486
vn -0.897729 -0.294298 -0.327829
vn -0.835452 -0.356142 0.418548
vn -0.935734 -0.348399 -0.05495399999999998
vn -0.992515 -0.118637 -0.028984999999999993
vn -0.912356 -0.12746600000000002 -0.389049
vn -0.919954 0.011371999999999976 -0.391861
vn -0.99869 0.024833000000000004 0.044731
vn -0.907558 -0.08759499999999998 0.410689
vn -0.800859 0.012293000000000037 0.598727
vn -0.181395 -0.0018539999999999397 0.983409
vn 0.059524 -0.0010579999999999388 0.998226
vn 0.054714 -0.004479999999999939 0.998492
vn -0.391613 0.0009980000000000564 0.92013
vn -0.391915 0.00024200000000005632 0.920002
vn -0.762003 -0.0037799999999999605 0.647562
vn -0.762003 -0.0037799999999999605 0.647562
vn -0.9804 -0.06225299999999999 0.186924
vn -0.9804 -0.06225299999999999 0.186924
vn -0.91204 -0.335542 0.23578500000000002
vn -0.91204 -0.335542 0.23578500000000002
vn -0.711044 -0.678243 0.18548100000000003
vn 0.210872 0.877278 0.43117999999999995
vn 0.162641 0.911555 0.3776439999999999
vn -0.02848 0.728741 0.684197
vn -0.02848 0.728741 0.684197
vn -0.046228 0.3970560000000001 0.916629
vn -0.463172 -0.40048199999999995 0.790624
vn 0.040166 0.32536600000000004 0.944735
vn 0.150879 0.851734 0.501782
vn -0.186827 -0.70331 0.685894
vn -0.360149 -0.925562 0.11673500000000006
vn -0.212443 -0.968574 0.12935600000000005
vn -0.075869 0.651012 0.755267
vn 0.09659 0.879064 0.46681599999999995
vn -0.410548 -0.698992 0.585543
vn -0.185957 -0.827908 0.529139
vn -0.23462 -0.971027 0.04538800000000006
vn -0.27944 -0.960001 0.01765400000000006
vn -0.907874 -0.388734 -0.15700299999999998
vn -0.928504 0.030730999999999977 -0.370048
vn -0.37254 -0.892845 0.25306400000000007
vn -0.37254 -0.892845 0.25306400000000007
vn 0.264223 -0.838022 0.47739500000000007
vn 0.264223 -0.838022 0.47739500000000007
vn -0.380944 -0.882457 0.27595700000000006
vn -0.380944 -0.882457 0.27595700000000006
vn -0.936768 0.040946999999999976 -0.347548
vn 0.077871 0.017710000000000062 0.996806
vn -0.348961 0.44258400000000003 0.826042
vn -0.891985 0.436086 0.11912699999999997
vn -0.658198 0.040604999999999954 -0.751749
vn -0.842852 0.49182 -0.21843600000000002
vn -0.738451 0.674117 0.015990999999999957
vn -0.736199 0.591848 0.3282169999999999
vn -0.677788 0.45152800000000004 0.580281
vn -0.190382 -0.06504899999999994 0.979553
vn 0.077871 0.017710000000000062 0.996806
vn -0.190382 -0.06504899999999994 0.979553
vn -0.190382 -0.06504899999999994 0.979553
vn 0.484753 -0.584785 0.650416
vn 0.838252 -0.404788 0.365349
vn 0.692644 -0.03329899999999996 0.720511
vn -0.348961 0.44258400000000003 0.826042
vn 0.915764 -0.400035 -0.03671399999999997
vn 0.742599 -0.48098900000000006 -0.46604299999999993
vn -0.401847 0.722496 0.5626
vn -0.402229 0.72151 0.563591
vn -0.401847 0.722496 0.5626
vn -0.401465 0.72348 0.561608
vn 0.87324 0.48729 -0.0008230000000000298
vn 0.87324 0.48729 -0.0008230000000000298
vn 0.87324 0.48729 -0.0008230000000000298
vn 0.87324 0.487291 -0.0008230000000000298
vn 0.602217 -0.24535499999999993 0.759695
vn 0.602216 -0.24535399999999993 0.759695
vn 0.602217 -0.24535499999999993 0.759695
vn 0.602217 -0.24535599999999994 0.759694
vn -0.738829 -0.61773 0.2693360000000001
vn -0.738829 -0.617729 0.2693360000000001
vn -0.738829 -0.61773 0.2693360000000001
vn -0.738829 -0.61773 0.2693360000000001
vn 0.408804 -0.73236 -0.544544
vn 0.410924 -0.727081 -0.549995
vn 0.408804 -0.73236 -0.544544
vn 0.406658 -0.737594 -0.539059
vn -0.919859 -2.4018262883597548E-17 -0.392248
vn -0.919859 -2.4018262883597548E-17 -0.392248
vn -0.919859 -2.4018262883597548E-17 -0.392248
vn -0.919859 -2.4018262883597548E-17 -0.392248
vn -0.039729 0.05572700000000006 0.997655
vn -0.051722 0.05854900000000006 0.996944
vn -0.642899 0.21725800000000006 0.734493
vn -0.637353 0.21593800000000005 0.739697
vn 0.007993 -0.04730400000000006 -0.998849
vn -0.004215 -0.04319500000000006 -0.999058
vn -0.725224 0.17823999999999998 -0.665042
vn -0.720168 0.17645499999999997 -0.670986
vn -0.642899 0.21725800000000006 0.734493
vn -0.720168 0.17645499999999997 -0.670986
vn -0.725224 0.17823999999999998 -0.665042
vn -0.637353 0.21593800000000005 0.739697
vn 0.024665 0.04158100000000006 0.998831
vn 0.017481 0.04391900000000006 0.998882
vn -0.587613 0.2711470000000001 0.762358
vn -0.58388 0.2698150000000001 0.765692
vn -0.049919 -0.032120000000000065 -0.998237
vn -0.057065 -0.028769000000000062 -0.997956
vn -0.729247 0.25485899999999995 -0.635016
vn -0.726135 0.25343999999999994 -0.639137
vn -0.587613 0.2711470000000001 0.762358
vn -0.726135 0.25343999999999994 -0.639137
vn -0.729247 0.25485899999999995 -0.635016
vn -0.58388 0.2698150000000001 0.765692
vn -0.886898 0.24390399999999998 -0.392331
vn -0.886898 0.24390399999999998 -0.392331
vn -0.886636 0.24382799999999996 -0.392969
vn -0.886898 0.24390399999999998 -0.392331
vn 0.51377 -0.30206199999999994 0.802993
vn 0.51377 -0.30206399999999994 0.802993
vn 0.51377 -0.30206199999999994 0.802993
vn 0.51377 -0.30206199999999994 0.802993
vn -0.054964 -0.26510999999999996 0.96265
vn -0.054964 -0.26510899999999993 0.962651
vn -0.054964 -0.26510999999999996 0.96265
vn -0.054964 -0.26510999999999996 0.96265
vn -0.388203 -0.19909899999999994 0.89981
vn -0.388203 -0.19909999999999994 0.89981
vn -0.388203 -0.19909899999999994 0.89981
vn -0.388203 -0.19909899999999994 0.89981
vn 0.893285 -0.426793 0.14102800000000001
vn 0.893285 -0.426793 0.14102800000000001
vn 0.893285 -0.426793 0.14102800000000001
vn 0.893285 -0.426793 0.14102800000000001
vn 0.694997 -0.33205499999999993 0.637745
vn 0.694997 -0.33205499999999993 0.637745
vn 0.694997 -0.33205499999999993 0.637745
vn 0.694997 -0.33205499999999993 0.637745
vn 0.899589 -0.429805 -0.07750199999999997
vn 0.899589 -0.429805 -0.07750199999999997
vn 0.899589 -0.429805 -0.07750199999999997
vn 0.899589 -0.429805 -0.07750199999999997
vn 0.993163 -7.1482633666231E-18 -0.11674
vn 0.993163 -7.1482633666231E-18 -0.11674
vn 0.993163 -7.1482633666231E-18 -0.11674
vn 0.993163 -7.1482633666231E-18 -0.11674
vn 0.995047 6.086678288782218E-18 0.099403
vn 0.995047 6.086678288782218E-18 0.099403
vn 0.995047 6.086678288782218E-18 0.099403
vn 0.995047 6.086678288782218E-18 0.099403
vn 0.730509 4.181574865390625E-17 0.682903
vn 0.730509 4.181574865390625E-17 0.682903
vn 0.730509 4.181574865390625E-17 0.682903
vn 0.730509 4.181574865390625E-17 0.682903
vn -0.919783 -2.4029223472449922E-17 -0.392427
vn -0.919783 -2.4029223472449922E-17 -0.392427
vn -0.919783 -2.4029223472449922E-17 -0.392427
vn -0.919783 -2.4029223472449922E-17 -0.392427
vn -0.000106 1 0.00017599999999993877
vn -0.000106 1 0.00017599999999993877
vn -0.000106 1 0.00017599999999993877
vn -0.000106 1 0.00017599999999993877
vn -0.024318 -0.994317 0.10364300000000005
vn -0.024318 -0.994317 0.10364300000000005
vn -0.024318 -0.994317 0.10364300000000005
vn -0.024318 -0.994317 0.10364300000000005
vn -0.227849 0.07146800000000006 0.97107
vn -0.227849 0.07146800000000006 0.97107
vn -0.227849 0.07146800000000006 0.97107
vn -0.227849 0.07146800000000006 0.97107
vn 0.227849 -0.07147800000000006 -0.971069
vn 0.227849 -0.07147800000000006 -0.97107
vn 0.227849 -0.07147800000000006 -0.971069
vn 0.227849 -0.07147800000000006 -0.971069
vn -0.024302 -0.994325 0.10357200000000005
vn -0.024302 -0.994325 0.10357200000000005
vn -0.024302 -0.994325 0.10357200000000005
vn -0.024302 -0.994325 0.10357200000000005
vn -0.024302 -0.994325 0.10357300000000005
vn -0.024302 -0.994325 0.10357300000000005
vn -0.024302 -0.994325 0.10357300000000005
vn -0.024302 -0.994325 0.10357300000000005
vn -0.269179 0.002791000000000059 0.963086
vn -0.280922 0.0010690000000000588 0.95973
vn -0.818579 -0.05770699999999997 0.571488
vn -0.81418 -0.057093999999999964 0.577799
vn 0.23674 -0.00656600000000006 -0.971551
vn 0.225102 -0.00710200000000006 -0.974309
vn -0.581085 -0.07558400000000005 -0.810326
vn -0.57496 -0.07522200000000005 -0.814716
vn -0.818579 -0.05770699999999997 0.571488
vn -0.57496 -0.07522200000000005 -0.814716
vn -0.581085 -0.07558400000000005 -0.810326
vn -0.81418 -0.057093999999999964 0.577799
vn -0.055908 0.037185000000000065 0.997743
vn -0.067626 0.035477000000000064 0.99708
vn -0.677246 -0.03299399999999996 0.735017
vn -0.67181 -0.03222599999999995 0.740022
vn 0.023875 -0.04088800000000006 -0.998878
vn 0.011078 -0.04152300000000006 -0.999076
vn -0.740505 -0.09908400000000005 -0.664706
vn -0.735204 -0.09889500000000004 -0.670593
vn -0.677246 -0.03299399999999996 0.735017
vn -0.735204 -0.09889500000000004 -0.670593
vn -0.740505 -0.09908400000000005 -0.664706
vn -0.67181 -0.03222599999999995 0.740022
vn -0.057353 0.03734000000000006 0.997655
vn -0.069549 0.035581000000000064 0.996944
vn -0.677819 -0.03287899999999996 0.734493
vn -0.672175 -0.032078999999999955 0.739697
vn 0.024739 -0.041105000000000065 -0.998849
vn 0.011874 -0.04174500000000006 -0.999058
vn -0.740174 -0.09929900000000004 -0.665043
vn -0.734815 -0.09911100000000005 -0.670987
vn -0.677819 -0.03287899999999996 0.734493
vn -0.734815 -0.09911100000000005 -0.670987
vn -0.740174 -0.09929900000000004 -0.665043
vn -0.672175 -0.032078999999999955 0.739697
vn 0.024667 0.15410800000000005 0.987746
vn 0.017483 0.15643700000000005 0.987533
vn -0.587613 0.35550300000000007 0.726862
vn -0.583879 0.35455500000000006 0.730326
vn -0.049921 -0.14464100000000005 -0.988224
vn -0.057067 -0.14127900000000004 -0.988324
vn -0.729248 0.18151899999999999 -0.659734
vn -0.726135 0.17964299999999997 -0.663669
vn -0.587613 0.35550300000000007 0.726862
vn -0.726135 0.17964299999999997 -0.663669
vn -0.729248 0.18151899999999999 -0.659734
vn -0.583879 0.35455500000000006 0.730326
vn -0.021003 0.002276000000000061 0.999777
vn -0.031029 0.0008730000000000611 0.999518
vn -0.664333 -0.05894499999999995 0.745108
vn -0.65915 -0.05846899999999995 0.749735
vn -0.005725 -0.005277000000000061 -0.99997
vn -0.016244 -0.005778000000000062 -0.999851
vn -0.750479 -0.07332100000000004 -0.656814
vn -0.745768 -0.07288500000000005 -0.662207
vn -0.664333 -0.05894499999999995 0.745108
vn -0.745768 -0.07288500000000005 -0.662207
vn -0.750479 -0.07332100000000004 -0.656814
vn -0.65915 -0.05846899999999995 0.749735
vn -0.090947 0.9951 -0.038780000000000064
vn -0.090947 0.9951 -0.038780000000000064
vn -0.090947 0.9951 -0.038780000000000064
vn -0.090947 0.9951 -0.038780000000000064
vn -0.246679 -0.969051 0.009488000000000059
vn -0.246678 -0.969051 0.00948700000000006
vn -0.246679 -0.969051 0.009488000000000059
vn -0.24668 -0.969051 0.009488000000000059
vn -0.373231 -0.922945 -0.09418299999999995
vn -0.373234 -0.922944 -0.09418399999999995
vn -0.373231 -0.922945 -0.09418299999999995
vn -0.373231 -0.922945 -0.09418299999999995
vn -0.120685 0.987492 -0.10146200000000005
vn -0.120686 0.987492 -0.10146300000000005
vn -0.120685 0.987492 -0.10146200000000005
vn -0.120685 0.987492 -0.10146200000000005
vn 0.850281 -0.353465 0.38998
vn 0.850492 -0.353184 0.389775
vn 0.850281 -0.353465 0.38998
vn 0.850281 -0.353465 0.38998
vn 0.011896 0.04273199999999994 -0.999016
vn 0.011896 0.04273199999999994 -0.999016
vn 0.011896 0.04273199999999994 -0.999016
vn 0.011896 0.04273199999999994 -0.999016
vn 0.268191 0.963366 -5.898915441536945E-17
vn 0.268192 0.963365 9.999999999410109E-07
vn 0.268191 0.963366 -5.898915441536945E-17
vn 0.268191 0.963366 -5.898915441536945E-17
vn -0.011861 -0.042605999999999936 0.999022
vn -0.011861 -0.042605999999999936 0.999022
vn -0.011861 -0.042605999999999936 0.999022
vn -0.011861 -0.042605999999999936 0.999022
vn -0.26819 -0.963366 1.000000000058989E-06
vn -0.268191 -0.963366 1.000000000058989E-06
vn -0.26819 -0.963366 1.000000000058989E-06
vn -0.26819 -0.963366 1.000000000058989E-06
vn 0.515012 -0.36653899999999995 0.774862
vn 0.515012 -0.36653899999999995 0.774862
vn 0.515012 -0.36653899999999995 0.774862
vn 0.515012 -0.36653899999999995 0.774862
vn 0.320921 0.945232 -0.05954200000000005
vn 0.072157 0.99587 0.05510299999999994
vn 0.542154 0.812455 -0.21444300000000005
vn 0.521383 0.839976 -0.15033300000000005
vn -0.461333 0.818393 0.34264399999999995
vn -0.71206 0.55741 0.42692499999999994
vn 0.072157 0.99587 0.05510299999999994
vn 0.320921 0.945232 -0.05954200000000005
vn -0.437482 5.506177336284385E-17 0.899227
vn -0.437482 5.506177336284385E-17 0.899227
vn -0.437482 5.506177336284385E-17 0.899227
vn -0.437482 5.506177336284385E-17 0.899227
vn 0.625427 0.73329 0.26669699999999996
vn 0.625427 0.73329 0.26669699999999996
vn 0.625427 0.73329 0.26669699999999996
vn 0.625427 0.73329 0.26669699999999996
vn 0.676554 0.677528 0.28849699999999995
vn 0.075349 0.99664 0.032129999999999936
vn 0.075347 0.99664 0.032128999999999935
vn 0.676553 0.677529 0.28849699999999995
vn -0.437482 5.506177336284385E-17 0.899227
vn -0.437482 5.506177336284385E-17 0.899227
vn -0.437482 5.506177336284385E-17 0.899227
vn -0.437482 5.506177336284385E-17 0.899227
vn 0.625427 0.73329 0.26669699999999996
vn 0.625427 0.73329 0.26669699999999996
vn 0.625427 0.73329 0.26669699999999996
vn 0.625427 0.73329 0.26669699999999996
vn 0.075352 0.996639 0.03213099999999994
vn 0.676555 0.677526 0.2884979999999999
vn 0.676556 0.677526 0.2884979999999999
vn 0.075352 0.996639 0.03213099999999994
vn 1 0 0
vn 1 0 0
vn 1 0 0
vn 1 0 0
vn 1 0 0
vn 1 0 0
vn 1 0 0
vn 1 0 0
vn -0.942175 -0.18065799999999999 0.282256
vn 0.095925 0.17103900000000005 0.980584
vn 0.095891 0.17103900000000005 0.980587
vn -0.942185 -0.18065799999999999 0.282223
vn -0.105443 0.644929 0.756933
vn -0.366617 -0.37879199999999996 0.84977
vn -0.356135 -0.14981499999999995 0.922347
vn -0.032022 0.797589 0.602351
vn -0.241053 0.17681900000000006 0.954269
vn -0.210493 0.47693800000000003 0.853359
vn -0.20481 -0.63731 0.742892
vn -0.162251 -0.812083 0.560532
vn -0.054654 0.536543 0.842101
vn -0.334845 -0.598769 0.727567
vn -0.302956 -0.32030699999999995 0.897564
vn 0.042103 0.74664 0.663894
vn -0.216012 0.36280000000000007 0.906485
vn -0.174921 0.641347 0.747046
vn -0.199003 -0.509743 0.836995
vn -0.156924 -0.730636 0.664489
vn -0.57362 -0.795625 -0.19478499999999996
vn -0.595753 -0.788134 -0.15467299999999995
vn -0.679418 -0.705516 0.20159100000000005
vn -0.68261 -0.596536 0.42212400000000005
vn -0.155025 0.639883 0.752673
vn -0.155025 0.639883 0.752673
vn -0.155025 0.639883 0.752673
vn -0.155025 0.639884 0.752673
vn 0.133566 0.11999100000000006 0.983749
vn 0.133565 0.11999100000000006 0.983749
vn 0.133566 0.11999100000000006 0.983749
vn 0.133566 0.11999200000000006 0.983749
vn -0.317163 0.39195800000000003 0.863584
vn -0.317158 0.39195900000000006 0.863585
vn -0.317163 0.39195800000000003 0.863584
vn -0.317169 0.39195700000000006 0.863582
vn -0.05419 0.658217 0.750876
vn -0.054194 0.658218 0.750874
vn 0.242419 0.963365 0.11472099999999995
vn 0.242422 0.963364 0.11472299999999995
vn -0.242425 -0.963364 -0.11472099999999995
vn -0.242418 -0.963365 -0.11472199999999995
vn -0.397026 -0.704186 0.588636
vn -0.397029 -0.704184 0.588637
vn 0.916211 -0.266217 0.299478
vn 0.916211 -0.266217 0.299478
vn 0.916211 -0.266217 0.299478
vn 0.91621 -0.266216 0.299479
vn -0.916214 0.266214 -0.299469
vn -0.916214 0.266214 -0.299469
vn -0.916214 0.266214 -0.299469
vn -0.916214 0.266215 -0.299468
vn 0.916214 -0.266247 0.29944
vn 0.916204 -0.266254 0.299464
vn 0.916214 -0.266247 0.29944
vn 0.916224 -0.266241 0.299416
vn -0.371378 -0.822848 0.43011600000000005
vn -0.371378 -0.822847 0.43011800000000006
vn -0.383966 -0.47965599999999997 0.788987
vn -0.21781 0.2595680000000001 0.940842
vn -0.054178 0.658214 0.750879
vn -0.054181 0.658216 0.750877
vn 0.24242 0.963365 0.11471899999999995
vn 0.242428 0.963363 0.11472199999999995
vn -0.24242 -0.963365 -0.11471899999999995
vn -0.242418 -0.963366 -0.11471799999999995
vn -0.397012 -0.70419 0.588641
vn -0.397016 -0.704188 0.58864
vn 0.916211 -0.266216 0.299478
vn 0.916211 -0.266215 0.299479
vn 0.916211 -0.266216 0.299478
vn 0.916211 -0.266217 0.299477
vn -0.916211 0.266215 -0.299479
vn -0.916211 0.266216 -0.299478
vn -0.916211 0.266215 -0.299479
vn -0.916211 0.266214 -0.29948
vn -0.410101 -0.784357 0.46540500000000007
vn -0.410102 -0.784358 0.46540200000000004
vn -0.410101 -0.784357 0.46540500000000007
vn -0.410101 -0.784355 0.46540800000000004
vn 0.263662 0.964605 -0.004442000000000059
vn 0.26366 0.964606 -0.004439000000000059
vn 0.263662 0.964605 -0.004442000000000059
vn 0.263665 0.964604 -0.004444000000000059
vn -0.278558 -0.960417 -0.002349999999999941
vn -0.278558 -0.960417 -0.002346999999999941
vn -0.278558 -0.960417 -0.002349999999999941
vn -0.278558 -0.960416 -0.002353999999999941
vn 0.333079 0.906372 -0.25989900000000005
vn 0.33308 0.906372 -0.25990100000000005
vn 0.333079 0.906372 -0.25989900000000005
vn 0.333078 0.906373 -0.2598980000000001
vn -0.461913 -0.48019699999999993 0.745686
vn -0.461913 -0.48019599999999996 0.745686
vn 0.245953 -0.624858 0.740986
vn 0.249276 -0.634398 0.731711
vn 0.82109 -0.421295 0.385126
vn 0.821329 -0.421305 0.384605
vn 0.82109 -0.421295 0.385126
vn 0.82085 -0.421286 0.385647
vn 0.992355 -0.04810899999999999 0.113654
vn 0.249276 -0.634398 0.731711
vn 0.245953 -0.624858 0.740986
vn 0.79138 0.549236 -0.26843600000000006
vn 0.813464 -0.449846 0.368667
vn 0.812204 -0.442593 0.380048
vn 0.814866 -0.453376 0.36117000000000005
vn 0.813922 -0.464258 0.34927800000000003
vn 0.183194 0.982555 0.032011999999999936
vn 0.192612 0.981219 -0.010474000000000061
vn 0.183194 0.982555 0.032011999999999936
vn 0.173429 0.982029 0.07443699999999995
vn 0.062508 -0.995754 0.06757200000000005
vn 0.053336 -0.989365 0.13532200000000005
vn 0.062508 -0.995754 0.06757200000000005
vn 0.071384 -0.997449 -0.000496999999999939
vn 0.789586 -0.48203 0.3797380000000001
vn 0.789565 -0.481939 0.37989800000000007
vn 0.789586 -0.48203 0.3797380000000001
vn 0.789607 -0.482122 0.3795780000000001
vn 0.829635 -0.404615 0.384699
vn 0.829899 -0.405199 0.383512
vn 0.829635 -0.404615 0.384699
vn 0.829369 -0.404029 0.385886
vn 0.830073 -0.407101 0.381113
vn 0.830113 -0.409211 0.37876
vn 0.830073 -0.407101 0.381113
vn 0.830025 -0.404987 0.383462
vn -7.9E-05 1 0.00019299999999993877
vn -7.9E-05 1 0.00019299999999993877
vn -7.9E-05 1 0.00019299999999993877
vn -7.9E-05 1 0.00019299999999993877
vn -0.892528 0.24566099999999996 -0.378213
vn -0.886207 0.24671099999999999 -0.392135
vn -0.918109 -0.323506 -0.22895199999999996
vn -0.920084 -0.323982 -0.22018499999999996
vn -0.409003 0.895581 -0.17507500000000006
vn -0.822133 0.448195 -0.351024
vn 0.003324 0.999994 0.00040199999999993876
vn 0.001139 0.999999 0.00048599999999993874
vn -0.918109 -0.323506 -0.22895199999999996
vn -0.625916 -0.77989 -0.00027499999999995226
vn -0.62527 -0.780408 -0.00030299999999995223
vn -0.920084 -0.323982 -0.22018499999999996
vn -0.26514 0.001147000000000059 0.964209
vn 0.6662 0.0014570000000000457 0.745772
vn 0.165611 0.0012090000000000603 0.98619
vn -0.248356 -1.1999999999940686E-05 0.968669
vn 0.185948 -0.679475 0.709745
vn 0.319228 -0.821713 0.47210300000000005
vn 0.761742 0.46206400000000003 0.45414299999999996
vn 0.127613 0.39904600000000007 0.908007
vn -0.385248 -0.022225999999999944 0.922546
vn -0.383407 -0.019609999999999943 0.923371
vn -0.385248 -0.022225999999999944 0.922546
vn -0.387084 -0.024840999999999943 0.92171
vn -0.326057 0.003259000000000058 0.945345
vn -0.338004 -0.013187999999999943 0.941052
vn -0.326057 0.003259000000000058 0.945345
vn -0.31397 0.01970400000000006 0.949229
vn -0.360843 -0.006595999999999943 0.932603
vn -0.351357 5.732828842636582E-17 0.936242
vn -0.360843 -0.006595999999999943 0.932603
vn -0.370276 -0.013190999999999942 0.928828
vn -0.759739 -0.564336 -0.32298799999999994
vn -0.757835 -0.566755 -0.32322499999999993
vn -0.759739 -0.564336 -0.32298799999999994
vn -0.761635 -0.561913 -0.32274899999999995
vn -0.886369 -0.010431999999999973 0.462863
vn -0.908888 -5.299999999997446E-05 0.417041
vn -0.886369 -0.010431999999999973 0.462863
vn -0.861443 -0.020782999999999968 0.507428
vn -0.760179 0.562249 -0.32558400000000004
vn -0.758994 0.564798 -0.32393000000000005
vn -0.760179 0.562249 -0.32558400000000004
vn -0.761355 0.559694 -0.3272340000000001
vn -0.876237 -0.005020999999999971 0.481854
vn -0.891882 0.0003290000000000277 0.452267
vn -0.876237 -0.005020999999999971 0.481854
vn -0.859585 -0.010366999999999968 0.510887
vn -0.888804 -0.005185999999999972 0.458259
vn -0.910551 -7.599999999997469E-05 0.413396
vn -0.888804 -0.005185999999999972 0.458259
vn -0.864824 -0.010281999999999968 0.501971
vn -0.003373 0.999925 0.011795999999999938
vn -0.008624 0.999702 0.022860999999999937
vn -0.003373 0.999925 0.011795999999999938
vn 0.00188 0.999998 0.0007289999999999388
vn 3.4E-05 -1 -4.499999999993877E-05
vn 3.3E-05 -1 -7.799999999993877E-05
vn 3.4E-05 -1 -4.499999999993877E-05
vn 3.5E-05 -1 -1.1999999999938768E-05
vn 0.000497 1 -9.100000000006123E-05
vn 0.00028 1 4.799999999993877E-05
vn 0.000497 1 -9.100000000006123E-05
vn 0.000715 1 -0.00022900000000006124
vn -0.344029 -8.299999999994251E-05 0.938959
vn -0.344149 -0.0001569999999999425 0.938915
vn -0.344029 -8.299999999994251E-05 0.938959
vn -0.34391 -9.999999999942504E-06 0.939003
vn -0.380651 -4.299999999994338E-05 0.924719
vn -0.380584 2.6000000000056624E-05 0.924746
vn -0.380651 -4.299999999994338E-05 0.924719
vn -0.380718 -0.00011199999999994338 0.924691
vn -0.317655 0.0007060000000000581 0.948206
vn -0.317913 0.0004490000000000581 0.94812
vn -0.317655 0.0007060000000000581 0.948206
vn -0.317397 0.0009630000000000581 0.948292
vn 0.508421 0.832244 0.22108399999999995
vn 0.411389 0.894006 0.17751799999999995
vn 0.828868 -0.447226 0.336105
vn 0.295168 -0.949178 0.10925900000000005
vn 0.834411 0.44767 0.321482
vn 0.417267 0.893471 0.16612899999999994
vn 0.838042 -0.447248 0.312498
vn 0.296824 -0.949623 0.10056100000000005
vn 0.001024 0.99998 0.006186999999999938
vn 0.003976 0.999991 0.001496999999999939
vn 0.417267 0.893471 0.16612899999999994
vn 0.834411 0.44767 0.321482
vn -0.378672 -0.006434999999999943 0.925509
vn -0.372219 1.5000000000056833E-05 0.928145
vn -0.378672 -0.006434999999999943 0.925509
vn -0.38509 -0.012883999999999942 0.922789
vn -0.347228 -0.006436999999999943 0.937759
vn -0.340678 1.6000000000057567E-05 0.94018
vn -0.347228 -0.006436999999999943 0.937759
vn -0.353746 -0.012888999999999942 0.935253
vn 0.833496 0.423037 0.355422
vn 0.833496 0.423037 0.355422
vn 0.833496 0.423037 0.355422
vn 0.833496 0.423037 0.355422
vn -0.033843 -0.999066 -0.026880999999999936
vn -0.040439 -0.998874 -0.02480899999999994
vn -0.033843 -0.999066 -0.026880999999999936
vn -0.027246 -0.999209 -0.028951999999999936
vn -0.652531 0.65706 -0.37746100000000005
vn -0.851788 0.24378499999999997 -0.463709
vn -0.86929 0.250978 -0.425845
vn -0.132148 0.979055 -0.15488300000000005
vn 0.076899 -0.023332999999999937 0.996766
vn 0.047032 -0.013433999999999939 0.998803
vn 0.076899 -0.023332999999999937 0.996766
vn 0.106689 -0.03320899999999994 0.993738
vn -0.854327 -0.50537 0.12135300000000003
vn -0.759668 -0.562985 -0.32550499999999993
vn -0.758778 -0.564871 -0.32430899999999996
vn -0.689719 -0.25343899999999997 0.678274
vn -0.392184 2.4000000000056328E-05 0.919887
vn -0.854327 -0.50537 0.12135300000000003
vn -0.689719 -0.25343899999999997 0.678274
vn -0.392181 5.632689473870303E-17 0.919888
vn -0.393195 0.0009510000000000563 0.919455
vn -0.393279 0.0017720000000000563 0.919417
vn -0.393195 0.0009510000000000563 0.919455
vn -0.393111 0.00013000000000005629 0.919491
vn -0.761209 0.562248 -0.32316900000000004
vn -0.763214 0.559693 -0.3228750000000001
vn -0.761209 0.562248 -0.32316900000000004
vn -0.759196 0.564797 -0.32345900000000005
vn -9E-06 -1 5.600000000006123E-05
vn 1.5E-05 -1 3.400000000006123E-05
vn -9E-06 -1 5.600000000006123E-05
vn -3.3E-05 -1 7.700000000006123E-05
vn 0.000279 1 0.00042199999999993875
vn 0.00033 1 0.0006749999999999388
vn 0.000279 1 0.00042199999999993875
vn 0.000229 1 0.00016799999999993876
vn -0.392249 5.632511900084426E-17 0.919859
vn -0.392249 5.632511900084426E-17 0.919859
vn -0.392249 5.632511900084426E-17 0.919859
vn -0.392249 5.632511900084426E-17 0.919859
vn 0.047886 -0.989974 0.13288800000000006
vn 0.047887 -0.989973 0.13288900000000006
vn 0.047886 -0.989974 0.13288800000000006
vn 0.047885 -0.989974 0.13288800000000006
vn 0.039073 -0.47905900000000007 -0.876912
vn -0.136397 -0.43898800000000004 -0.88808
vn 0.039073 -0.47905900000000007 -0.876912
vn 0.213273 -0.503552 -0.837228
vn -0.031795 -0.889672 -0.45549199999999995
vn -0.031795 -0.889672 -0.4554909999999999
vn -0.031795 -0.889672 -0.45549199999999995
vn -0.031795 -0.889672 -0.45549199999999995
vn 0.033489 0.891053 0.45266199999999995
vn 0.655845 0.35883200000000004 0.664159
vn 0.645636 0.35422800000000004 0.676518
vn 0.03349 0.891055 0.4526589999999999
vn -0.276995 -0.960852 -0.006152999999999941
vn -0.276998 -0.960851 -0.006149999999999941
vn -0.276995 -0.960852 -0.006152999999999941
vn -0.276992 -0.960853 -0.006154999999999941
vn 0.088049 0.957936 0.27314199999999994
vn 0.069101 0.944544 0.32103099999999996
vn 0.088049 0.957936 0.27314199999999994
vn 0.106747 0.968615 0.22447899999999996
vn -0.006589 -0.993805 0.11094600000000006
vn -0.006588 -0.993805 0.11094600000000006
vn -0.006589 -0.993805 0.11094600000000006
vn -0.00659 -0.993805 0.11094700000000006
vn 0.150218 -0.650608 -0.744409
vn 0.63633 -0.742147 -0.21048099999999995
vn 0.64116 -0.734879 -0.22105699999999995
vn 0.150216 -0.650609 -0.744408
vn 0.817043 -0.41624 0.398979
vn 0.822462 -0.414282 0.389776
vn 0.817043 -0.41624 0.398979
vn 0.811528 -0.418148 0.408135
vn 0.645636 0.35422800000000004 0.676518
vn 0.655845 0.35883200000000004 0.664159
vn 0.64116 -0.734879 -0.22105699999999995
vn 0.63633 -0.742147 -0.21048099999999995
vn -0.647559 0.512835 -0.563621
vn -0.643771 0.503299 -0.57641
vn -0.716493 0.596014 -0.36249800000000004
vn -0.66015 0.605056 -0.4450950000000001
vn 0.251087 0.962025 0.10706899999999994
vn 0.251087 0.962025 0.10706899999999994
vn 0.251087 0.962025 0.10706899999999994
vn 0.251087 0.962025 0.10706899999999994
vn -0.214261 -0.972494 -0.09136599999999995
vn -0.214261 -0.972494 -0.09136599999999995
vn -0.214261 -0.972494 -0.09136599999999995
vn -0.214261 -0.972494 -0.09136599999999995
vn 0.827975 -0.404152 0.388741
vn 0.828657 -0.40383 0.387619
vn 0.827975 -0.404152 0.388741
vn 0.82729 -0.404473 0.389862
vn 0.77135 -0.45029 0.449732
vn 0.712949 -0.48965999999999993 0.501933
vn 0.77135 -0.45029 0.449732
vn 0.823823 -0.407459 0.394074
vn -0.851188 -0.379064 -0.363029
vn -0.851223 -0.378909 -0.363108
vn -0.851188 -0.379064 -0.363029
vn -0.851152 -0.379219 -0.362951
vn 0.281192 0.25670899999999996 -0.924679
vn 0.409217 0.766291 0.4953179999999999
vn 0.723544 0.678556 -0.12667200000000003
vn -0.445437 0.608709 -0.656551
vn 0.2391 5.945629593690421E-17 0.970995
vn 0.2391 5.945629593690421E-17 0.970995
vn 0.251772 0.44550500000000004 0.859149
vn 0.182757 0.89101 0.41557199999999994
vn 0.824188 0.528703 -0.20294600000000002
vn 0.824189 0.528702 -0.20294500000000001
vn 0.824188 0.528703 -0.20294600000000002
vn 0.824187 0.528704 -0.20294700000000002
vn 0.084777 -0.996181 -0.020876999999999937
vn 0.084777 -0.996181 -0.020879999999999937
vn 0.182756 -0.891012 0.41557000000000005
vn 0.251771 -0.44550499999999993 0.859149
vn 0.824186 -0.528704 -0.20295199999999997
vn 0.824187 -0.528702 -0.20295299999999997
vn 0.824186 -0.528704 -0.20295199999999997
vn 0.824186 -0.528705 -0.20294999999999996
vn -0.750392 -0.58116 0.3149040000000001
vn -0.750393 -0.58116 0.3149040000000001
vn -0.375163 0.766705 0.520977
vn -0.37516 0.766703 0.520981
vn -0.265327 -0.953084 -0.14571499999999996
vn -0.750393 -0.58116 0.3149040000000001
vn -0.750392 -0.58116 0.3149040000000001
vn -0.265328 -0.953083 -0.14571699999999996
vn -0.267117 -0.959497 -0.08951799999999994
vn -0.843109 -0.516274 0.15042400000000003
vn -0.84311 -0.516274 0.15042300000000003
vn -0.267117 -0.959497 -0.08952099999999995
vn 0.294781 -0.06699799999999995 0.953213
vn 0.294781 -0.06699799999999995 0.953213
vn 0.294781 -0.06699799999999995 0.953213
vn 0.294781 -0.06699799999999995 0.953213
vn 0.28532 0.950679 0.12166599999999994
vn 0.28532 0.950679 0.12166599999999994
vn 0.28532 0.950679 0.12166599999999994
vn 0.28532 0.950679 0.12166599999999994
vn -0.438126 5.504260764043719E-17 0.898914
vn -0.438126 5.504260764043719E-17 0.898914
vn -0.438126 5.504260764043719E-17 0.898914
vn -0.438126 5.504260764043719E-17 0.898914
vn 0.28532 0.950679 0.12166599999999994
vn 0.28532 0.950679 0.12166699999999994
vn 0.28532 0.950679 0.12166599999999994
vn 0.285319 0.950679 0.12166599999999994
vn 0.919859 2.4018324115937508E-17 0.392249
vn 0.919859 2.4018324115937508E-17 0.392249
vn 0.919859 2.4018324115937508E-17 0.392249
vn 0.919859 2.4018324115937508E-17 0.392249
vn -0.047313 0.78912 -0.612415
vn -0.048892 0.813684 -0.579248
vn -0.172372 0.964948 -0.19790000000000005
vn -0.243304 0.964125 0.10614299999999995
vn -0.649244 -0.744241 0.15680600000000006
vn -0.649561 -0.60576 0.45948500000000003
vn -0.538697 -0.794635 -0.27992999999999996
vn -0.515512 -0.794892 -0.31999099999999997
vn 0.999818 -1.168680440426319E-18 -0.019086
vn 0.999818 -1.168864137446191E-18 -0.019089
vn 0.999818 -1.168680440426319E-18 -0.019086
vn 0.999818 -1.168496743406447E-18 -0.019083
vn -0.214431 -0.976705 0.008185000000000059
vn -0.214431 -0.976705 0.008185000000000059
vn -0.214431 -0.976705 0.008185000000000059
vn -0.214431 -0.976705 0.00818400000000006
vn -0.214431 -0.976705 0.008185000000000059
vn -0.214431 -0.976705 0.008185000000000059
vn -0.214431 -0.976705 0.008185000000000059
vn -0.000103 1 0.00013699999999993877
vn -6.6E-05 1 0.00022499999999993876
vn -0.000127 1 0.00016799999999993876
vn -0.000127 1 0.00016799999999993876
vn -0.000127 1 0.00016799999999993876
vn 0.179093 -0.574001 -0.79903
vn 0.179098 -0.574 -0.799029
vn 0.179093 -0.574 -0.79903
vn 0.295399 -0.632401 -0.716106
vn 0.179092 -0.573999 -0.799031
vn 0.407721 -0.644367 -0.646957
vn 0.396846 -0.597561 -0.696731
vn 0.446332 -0.642859 -0.622511
vn 0.362415 -0.703321 -0.611551
vn 0.218912 -0.752966 -0.62058
vn 0.19068 -0.705604 -0.682469
vn 0.319879 -0.604527 -0.729537
vn 0.005195 0.07197900000000006 0.997393
vn 0.018042 0.07535700000000005 0.996993
vn 0.07711 0.04275400000000006 0.996105
vn 0.1299 -0.03614399999999994 0.990868
vn 0.19741 -0.08825199999999994 0.976341
vn 0.174178 -0.15954099999999993 0.971704
vn -0.293474 -0.04619099999999995 0.95485
vn -0.302203 -0.057921999999999946 0.951482
vn -0.431993 0.009068000000000055 0.901831
vn -0.563334 0.05844200000000005 0.82416
vn -0.680812 0.10262600000000004 0.725233
vn -0.685315 0.08634000000000004 0.72311
vn -0.190149 -0.975123 0.11392000000000005
vn -0.191084 -0.975095 0.11259500000000006
vn 0.468603 -0.829705 -0.3033159999999999
vn 0.713989 -0.552607 -0.42993699999999996
vn 0.893912 0.07755999999999998 -0.441481
vn 0.839446 0.419069 -0.345993
vn 0.485555 0.873891 -0.023466000000000053
vn 0.165101 0.964332 0.20689499999999994
vn -0.379769 0.761083 0.52586
vn -0.606322 0.48712700000000003 0.628554
vn -0.740561 -0.3322129999999999 0.584127
vn -0.737864 -0.33536399999999994 0.585737
vn -0.190149 -0.975123 0.11392000000000005
vn -0.191084 -0.975095 0.11259500000000006
vn -0.012626 -0.953332 -0.30165999999999993
vn 0.115194 -0.935722 -0.33339899999999995
vn -0.262118 -0.951746 -0.15960399999999994
vn -0.530594 -0.847356 0.021375000000000054
vn -0.83708 -0.45513 0.30356900000000003
vn -0.900618 -0.09776099999999997 0.423475
vn -0.71206 0.55741 0.42692499999999994
vn -0.461333 0.818393 0.34264399999999995
vn -0.441783 0.705137 0.554625
vn -0.439031 -0.709159 0.551674
vn -0.290665 -0.728155 0.620729
vn -0.129777 0.727645 0.673566
vn 0.030996 -0.703138 0.710377
vn 0.03096 0.70892 0.704609
vn -0.240428 0.79888 0.551349
vn -0.616968 -0.56458 0.54827
vn -0.479285 -0.622636 0.618555
vn 0.066246 0.736922 0.672724
vn -0.16263 -0.687265 0.707968
vn 0.216241 0.675524 0.704917
vn -0.111341 0.919111 0.37793999999999994
vn 0.242786 0.962652 -0.11982000000000005
vn -0.196593 0.83629 0.51183
vn -0.521734 0.17005500000000007 0.835987
vn -0.544202 -0.11114199999999995 0.83156
vn -0.441768 0.705166 0.554601
vn -0.439033 -0.709149 0.551686
vn -0.290659 -0.72815 0.620737
vn -0.129787 0.727644 0.673565
vn 0.031501 -0.705712 0.707799
vn 0.030953 0.708914 0.704615
vn -0.445858 0.70516 0.551326
vn -0.442949 -0.709358 0.548277
vn -0.294733 -0.728364 0.618561
vn -0.133826 0.72769 0.672724
vn 0.027651 -0.705726 0.707945
vn 0.027143 0.708764 0.704923
vn -0.279685 -0.872233 0.40123000000000003
vn -0.159774 -0.981749 0.10315400000000005
vn -0.436735 -0.22478699999999993 0.871053
vn -0.426058 -0.05189599999999994 0.903206
vn -0.329107 0.4994700000000001 0.801385
vn -0.891834 0.451118 0.033535999999999976
vn -0.891412 0.452747 0.020137999999999972
vn -0.88988 0.454613 0.03794899999999997
vn -0.888135 0.459519 0.007655999999999972
vn -0.8717 0.486623 -0.057766000000000026
vn -0.866665 0.492983 -0.07654800000000003
vn -0.833068 0.539171 -0.12366200000000002
vn -0.8158 0.55628 -0.15818500000000002
vn -0.716493 0.596014 -0.36249800000000004
vn -0.732943 0.62532 -0.2679000000000001
vn 0.894346 0.23375700000000002 0.381449
vn 0.366988 0.10195100000000006 0.924622
vn 0.365513 0.07479900000000006 0.927796
vn 0.885616 0.290467 0.362373
vn 0.387124 -0.041539999999999945 0.921092
vn 0.801686 0.50704 -0.31656100000000004
vn 0.889481 0.456264 -0.02544700000000003
vn 0.37569 -0.12377899999999994 0.918442
vn -0.992432 -0.116602 -0.038495999999999996
vn -0.973888 -0.059336000000000014 -0.219137
vn -0.959619 -0.03945000000000001 -0.278523
vn -0.822133 0.448195 -0.351024
vn -0.409003 0.895581 -0.17507500000000006
vn -0.871992 -0.299365 -0.387311
vn -0.856549 0.14622699999999997 -0.494916
vn -0.489573 -0.870681 -0.047241999999999944
vn -0.070841 -0.978875 0.19179600000000005
vn 0.582699 -0.680629 0.44407900000000006
vn 0.827778 -0.30632499999999996 0.470052
vn 0.853673 0.432683 0.289877
vn 0.602241 0.795342 0.06881699999999995
vn -0.051817 0.952455 -0.30024000000000006
vn -0.446744 0.772331 -0.45158100000000007
vn -0.856549 0.14622699999999997 -0.494916
vn -0.871992 -0.299365 -0.387311
vn 0.810013 0.35860300000000006 0.463986
vn 0.785446 0.3753790000000001 0.492104
vn 0.817757 0.35092700000000004 0.456206
vn 0.84751 0.3292 0.416358
vn 0.854437 0.323095 0.406874
vn 0.874591 0.310227 0.372626
vn 0.86846 -0.251494 0.427232
vn 0.874209 -0.252283 0.414865
vn 0.916674 0.06075800000000002 0.39499
vn 0.879793 -0.253026 0.40242
vn 0.651293 0.732642 0.19761899999999993
vn -0.933801 2.1908563842706405E-17 0.357794
vn -0.933801 2.1908563842706405E-17 0.357794
vn -0.93177 -0.002313999999999978 0.363042
vn -0.930741 -0.0034709999999999776 0.365662
vn -0.927605 -0.006941999999999978 0.373499
vn 0.379852 0.003527000000000057 0.925041
vn 0.372064 5.683628657480837E-17 0.928207
vn 0.599697 0.0060250000000000485 0.800204
vn 0.794147 0.009517000000000036 0.607651
vn 0.989283 0.009500000000000008 0.145703
vn 0.992455 0.005978999999999992 -0.12246
vn 0.930107 0.0034639999999999775 -0.367273
vn 0.933277 -2.199196228972834E-17 -0.359156
vn -0.06508 -0.997488 -0.027956999999999937
vn -0.065547 -0.997449 -0.028285999999999936
vn -0.135426 -0.989093 -0.05791399999999994
vn -0.205193 -0.974798 -0.08755199999999995
vn -0.28135 -0.952073 -0.12000099999999994
vn -0.285163 -0.950734 -0.12159999999999994
vn -0.296688 -0.946557 -0.12651399999999993
vn -0.092588 0.45823200000000003 0.883997
vn -0.162855 0.47546900000000003 0.864527
vn -0.094158 0.42152600000000007 0.901915
vn -0.045988 0.36915600000000004 0.928229
vn -0.057983 0.33362500000000006 0.940921
vn -0.019048 0.3204600000000001 0.947071
vn -0.571614 0.04371900000000005 0.819357
vn -0.61193 0.032094000000000046 0.79026
vn -0.425874 -0.16058999999999996 0.890417
vn -0.529808 0.05523100000000005 0.846318
vn -0.052811 -0.530261 0.846188
vn -0.149246 -0.504929 0.85016
vn -0.210725 -0.547882 0.809581
vn -0.39239 -0.554013 0.734234
vn -0.324228 -0.43614499999999995 0.839437
vn -0.32549 -0.607332 0.724709
vn -0.292718 -0.47346499999999997 0.830751
vn -0.473166 -0.39241699999999996 0.788748
vn -0.473166 -0.39241699999999996 0.788748
vn 0.882684 0.281416 0.376396
vn 0.876939 0.273267 0.395352
vn 0.869915 0.282486 0.404288
vn 0.87017 0.29318 0.396044
vn 0.866224 0.302116 0.397973
vn 0.884148 0.303727 0.355011
vn 0.89089 0.291787 0.348103
vn 0.899044 0.299014 0.319861
vn 0.893815 0.279623 0.350579
vn 0.886908 0.265256 0.378198
vn 0.510562 0.689133 -0.51422
vn 0.384884 0.750317 -0.537484
vn 0.148156 0.987592 -0.052081000000000065
vn 0.009891 0.785703 -0.618525
vn -0.226555 0.952814 -0.20203600000000005
vn -0.347221 0.741376 -0.574281
vn -0.573872 0.753042 -0.32186800000000004
vn -0.544842 0.554415 -0.629104
vn -0.747471 0.588314 -0.3085010000000001
vn -0.841217 0.377556 -0.387048
vn -0.706832 0.29098799999999997 -0.644759
vn -0.840721 0.23963399999999999 -0.485555
vn -0.733152 0.22020299999999998 -0.643427
vn 0.285329 0.950675 0.12167099999999995
vn 0.28532 0.950679 0.12166599999999994
vn 0.285323 0.950676 0.12167699999999994
vn 0.290779 0.950352 0.11080799999999995
vn 0.293484 0.950139 0.10536699999999995
vn 0.301559 0.949284 0.08900999999999995
vn 0.140113 0.952283 0.2711569999999999
vn 0.139756 0.952373 0.27102299999999996
vn 0.139637 0.952403 0.27097799999999994
vn 0.139176 0.95252 0.27080599999999994
vn 0.139176 0.95252 0.27080499999999996
vn 0.138953 0.952576 0.27072199999999996
vn 0.138953 0.952576 0.27072199999999996
vn -1.3E-05 -1 -3.999999999938768E-06
vn -9E-06 -1 -9.999999999387675E-07
vn -9E-06 -1 -7.999999999938768E-06
vn -7E-06 -1 -8.999999999938768E-06
vn -9E-06 -1 -2.0999999999938765E-05
vn -0.173359 0.584814 0.792426
vn -0.173362 0.584814 0.792426
vn -0.17336 0.584814 0.792426
vn -0.136281 0.580964 0.802439
vn -0.173359 0.584814 0.792426
vn -0.12325 0.538533 0.833541
vn -0.146646 0.582909 0.799195
vn -0.186751 0.686303 0.702932
vn -0.214309 0.31594000000000005 0.924258
vn -0.108056 0.95411 0.2792819999999999
vn -0.146094 0.865041 0.47995899999999997
vn -0.179697 0.599979 0.779573
vn -0.253661 0.37517800000000007 0.89157
vn -0.253686 0.21154700000000007 0.94387
vn -0.197421 0.20416700000000004 0.958823
vn -0.197419 0.20416700000000004 0.958823
vn -0.230083 0.20223500000000005 0.951926
vn -0.277234 0.19453600000000004 0.940902
vn -0.257721 0.20563200000000006 0.944084
vn -0.314278 0.21730400000000005 0.924126
vn -0.351757 0.19525200000000006 0.915502
vn 0.409451 0.786388 -0.46254100000000004
vn 0.409451 0.78639 -0.46253700000000003
vn 0.409449 0.786389 -0.46254000000000006
vn 0.409452 0.786388 -0.46254000000000006
vn 0.79138 0.549236 -0.26843600000000006
vn 0.992355 -0.04810899999999999 0.113654
vn -0.872541 0.291832 -0.391798
vn -0.889414 0.23476599999999997 -0.392208
vn -0.895981 0.24060000000000004 0.37327
vn -0.869415 0.320009 0.376448
vn -0.782352 0.495027 -0.37798600000000004
vn -0.820548 0.421969 0.385542
vn -0.770269 0.5771 0.27136899999999997
vn -0.678812 0.644169 -0.35250500000000007
vn -0.562665 0.762922 -0.31836600000000004
vn -0.595593 0.574182 0.561768
vn -0.275578 0.935715 -0.22021600000000005
vn -0.348527 0.758168 0.551099
vn 0.039607 0.994453 -0.09743900000000005
vn -0.234694 0.774933 0.586854
vn -0.9804 -0.06225299999999999 0.186924
vn -0.762003 -0.0037799999999999605 0.647562
vn -0.919829 -0.008935000000000025 -0.392218
vn -0.910969 -0.14194000000000004 -0.387282
vn -0.91204 -0.335542 0.23578500000000002
vn -0.734613 -0.603481 -0.31008699999999995
vn -0.711044 -0.678243 0.18548100000000003
vn -0.600181 -0.758911 -0.25265899999999997
vn 0.896687 0.366235 0.24864499999999998
vn 0.897476 0.373029 0.23534299999999997
vn 0.897579 0.367146 0.24404199999999998
vn 0.895637 0.359152 0.262382
vn 0.893649 0.357207 0.271651
vn 0.892164 0.349725 0.285896
vn 0.892176 0.344267 0.292407
vn 0.887025 0.329435 0.323511
vn 0.889454 0.283965 0.358101
vn 0.883652 0.277415 0.377093
vn 0.891926 0.24427800000000002 0.380521
vn 0.891949 0.24427900000000002 0.380466
vn 0.469179 -0.05367899999999994 0.88147
vn 0.4622 -0.044114999999999946 0.885678
vn 0.156091 -0.11500899999999994 0.981024
vn -0.119095 -0.19084199999999996 0.974369
vn 0.457223 -0.17197099999999996 0.872567
vn -0.94112 -0.21574799999999997 0.260279
vn -0.940067 -0.22029499999999996 0.260278
vn -0.935645 -0.299538 0.18666900000000003
vn -0.035161 -0.45569599999999993 0.889441
vn 0.436897 -0.37067999999999995 0.819583
vn -0.900362 -0.43126 0.05799100000000003
vn -0.048711 -0.582569 0.81132
vn 0.545852 -0.15195999999999996 0.823987
vn 0.545855 -0.15195899999999996 0.823985
vn 0.545854 -0.15195999999999996 0.823985
vn 0.545851 -0.15195699999999995 0.823988
vn 0.54585 -0.15195699999999995 0.823988
vn 0.545853 -0.15195699999999995 0.823986
vn 0.545853 -0.15196199999999996 0.823986
vn 0.545851 -0.15196199999999996 0.823987
vn 0.54585 -0.15196199999999996 0.823987
vn 0.545852 -0.15195999999999996 0.823987
vn 0.545854 -0.15195999999999996 0.823985
vn 0.545854 -0.15195999999999996 0.823985
vn 0.545854 -0.15196199999999996 0.823985
vn -0.565101 0.10854900000000006 0.817849
vn -0.511358 0.70785 0.4872989999999999
vn -0.545175 0.588423 0.597112
vn -0.396807 0.886416 0.23834999999999995
vn -0.42001 0.86743 0.26675299999999996
vn 0.638951 0.3723159999999999 -0.673144
vn 0.670245 0.32045999999999997 -0.669386
vn 0.638853 0.33362499999999995 -0.693225
vn 0.586579 0.42819599999999997 -0.687439
vn 0.543284 0.47728499999999996 -0.690682
vn 0.510954 0.48581399999999997 -0.709162
vn 0.510954 0.48581399999999997 -0.709162
vn 0.510954 0.48581399999999997 -0.709162
vn 0.508421 0.832244 0.22108399999999995
vn -0.012536 0.999603 0.02523899999999994
vn -0.006054 0.999901 0.01270999999999994
vn -0.000274 0.999993 0.0038089999999999387
vn 0.411389 0.894006 0.17751799999999995
vn 0.002494 0.999996 0.0010179999999999389
vn 0.000302 -0.999978 -0.006553999999999938
vn -0.000448 -1 -0.00018699999999993876
vn 0.001701 -0.999955 -0.009377999999999938
vn 0.296824 -0.949623 0.10056100000000005
vn -0.001694 -0.999978 -0.006392999999999939
vn 0.838042 -0.447248 0.312498
vn 0.002085 -0.999979 -0.006078999999999939
vn 0.001173 -0.999999 0.00047300000000006126
vn 0.00364 -0.999954 -0.008914999999999939
vn 0.295168 -0.949178 0.10925900000000005
vn -3.6E-05 -0.999983 -0.005873999999999938
vn 0.828868 -0.447226 0.336105
vn -0.074723 -0.981584 -0.17581199999999994
vn 0.899129 -0.329327 -0.288289
vn 0.630342 -0.718959 -0.2928589999999999
vn -0.509693 -0.858579 -0.055269999999999944
vn -0.95086 -0.273565 0.14500800000000003
vn -0.955856 0.189382 0.224662
vn -0.525521 0.81832 0.23276499999999994
vn -0.08833 0.983055 0.16062599999999994
vn 0.620332 0.783538 -0.03546400000000005
vn 0.892582 0.421839 -0.15921800000000003
vn 0.899129 -0.329327 -0.288289
vn 0.630342 -0.718959 -0.2928589999999999
vn 0.339635 -0.4067410000000001 -0.848062
vn 0.29138 -0.45345100000000005 -0.842306
vn 0.30934 -0.47110500000000005 -0.826056
vn 0.36335 -0.38252100000000006 -0.849503
vn 0.394536 -0.27129200000000003 -0.877919
vn -0.832282 -0.2888240000000001 -0.473168
vn -0.624529 -0.48188800000000004 -0.614611
vn -0.832042 -0.375294 -0.408486
vn -0.897729 -0.294298 -0.327829
vn -0.841169 -0.11357100000000003 -0.528712
vn -0.912356 -0.12746600000000002 -0.389049
vn -0.919954 0.011371999999999976 -0.391861
vn -0.765293 0.01974499999999996 -0.643379
vn 0.194283 0.561146 0.804593
vn 0.238387 0.841907 0.48411199999999993
vn 0.746277 0.665199 -0.02409900000000004
vn 0.197695 0.943271 -0.26675100000000007
vn -0.326225 0.757211 0.565871
vn -0.445437 0.608709 -0.656551
vn -0.67219 0.33265100000000003 0.66144
vn 0.638919 -0.22840399999999994 0.734584
vn 0.873384 0.05933800000000003 0.483405
vn 0.485785 0.37858900000000006 0.787834
vn 0.367954 0.697079 0.615378
vn 0.427005 -0.46055799999999997 0.778173
vn 0.723544 0.678556 -0.12667200000000003
vn 0.679434 0.674113 0.28972599999999993
vn 0.431646 0.883064 0.18406399999999995
vn 0.210657 0.789837 0.576004
vn 0.450609 0.2694730000000001 0.851079
vn 0.870402 -0.323484 0.371159
vn 0.515068 -0.608485 0.603698
vn 0.46517 -0.862711 0.19835800000000006
vn -0.142808 -0.38581599999999994 0.911456
vn 0.890912 0.31169 0.330341
vn 0.76306 0.598064 0.24506899999999998
vn 0.51351 0.58197 0.63057
vn 0.509893 0.02264600000000005 0.85994
vn 0.687597 -0.633445 0.35490600000000005
vn 0.274073 -0.767779 0.579137
vn 0.159711 -0.971225 0.17667900000000006
vn -0.266559 -0.34025399999999995 0.901762
vn 0.582581 -0.49847199999999997 0.64197
vn -0.026655 -0.18439799999999995 0.98249
vn 0.696153 -0.622722 0.35719600000000007
vn 0.782022 -0.49559 0.37793200000000005
vn 0.31117 -0.22795599999999994 0.92261
vn 0.817939 -0.427577 0.384909
vn 0.919859 2.4018324115937508E-17 0.392249
vn 0.916475 0.07107800000000003 0.393727
vn 0.917315 0.045581000000000024 0.395545
vn 0.917323 0.06427100000000002 0.392921
vn 0.913002 0.12187800000000003 0.389324
vn 0.918335 0.05755000000000002 0.391599
vn 0.91969 -0.006240999999999976 0.392595
vn 0.929036 -0.0010049999999999775 0.369988
vn 0.919756 -0.0077949999999999756 0.392414
vn 0.91777 0.06034200000000002 0.3925
vn 0.939626 -0.04476499999999998 0.339262
vn 0.937106 -0.14052999999999996 0.319506
vn 0.925548 0.04558900000000002 0.375876
vn 0.916037 0.09106900000000002 0.390618
vn 0.28532 0.950679 0.12166699999999994
vn 0.285321 0.950678 0.12166699999999994
vn 0.285321 0.950678 0.12166699999999994
vn 0.28532 0.950679 0.12166599999999994
vn 0.28532 0.950679 0.12166599999999994
vn 0.28532 0.950679 0.12166599999999994
vn -0.492986 5.327440135948828E-17 0.870037
vn -0.392894 5.630828010735598E-17 0.919584
vn -0.392894 5.630828010735598E-17 0.919584
vn -0.588083 4.952477778985892E-17 0.808801
vn -0.863967 3.083348355319253E-17 0.503549
vn -0.863967 3.083348355319253E-17 0.503549
vn -0.974786 -9.999999999863365E-07 0.22314
vn -0.974787 -1.9999999999863364E-06 0.22314
vn 0.001691 0.999998 0.0007819999999999388
vn 0.001078 0.999999 0.00045899999999993873
vn 0.001072 0.999999 0.0006189999999999387
vn 0.002105 0.999998 0.0006099999999999387
vn 0.002335 0.999997 0.0003959999999999387
vn 0.002944 0.999996 0.00033499999999993875
vn 0.001831 0.999998 0.0007809999999999388
vn 0.000373 1 0.00015899999999993876
vn 0.001951 0.999997 0.0015259999999999389
vn 0.002424 0.999996 0.0015159999999999388
vn 0.00166 0.999998 0.0007889999999999387
vn 0.001472 0.999999 0.0003559999999999387
vn 0.001189 0.999999 0.0003449999999999387
vn 0.001077 0.999999 0.00045999999999993876
vn 0.884175 -0.253601 0.392327
vn 0.884184 -0.253431 0.392416
vn 0.871166 -0.295946 0.391773
vn 0.884149 -0.253799 0.392259
vn 0.856385 -0.337873 0.390444
vn 0.821883 -0.419325 0.385585
vn 0.86637 -0.310144 0.391426
vn 0.88407 -0.25388 0.392383
vn 0.884053 -0.253984 0.392356
vn 0.884058 -0.253875 0.392415
vn 0.836404 -0.387264 0.387884
vn 0.857672 -0.334433 0.39058
vn 0.846512 -0.363152 0.389279
vn 0.821886 -0.419319 0.385585
vn 0.88616 -0.24669899999999997 0.392249
vn 0.88616 -0.24669999999999997 0.392249
vn 0.827926 -0.419246 0.372519
vn 0.825613 -0.415159 0.382108
vn 0.827403 -0.416334 0.376922
vn 0.829167 -0.417497 0.371723
vn 0.828427 -0.422146 0.368106
vn 0.827657 -0.426781 0.364476
vn 0.878154 0.0013290000000000294 0.478376
vn 0.878154 0.0013290000000000294 0.478376
vn 0.491154 0.0011830000000000534 0.871072
vn 0.491177 0.0011800000000000534 0.871059
vn -0.846571 -0.0017839999999999675 0.532273
vn -0.846585 -0.0017789999999999675 0.532251
vn 0.919859 -0.000252999999999976 0.392248
vn 0.919859 -0.000252999999999976 0.392248
vn 0.690093 0.00023800000000004433 0.723721
vn 0.690874 6.800000000004428E-05 0.722975
vn -0.723722 -0.0006739999999999577 0.690091
vn -0.724467 -0.00027799999999995775 0.68931
vn 0.264223 -0.838022 0.47739500000000007
vn -0.37254 -0.892845 0.25306400000000007
vn 0.90404 -0.16395799999999996 0.394753
vn 0.862373 0.498091 0.09065799999999997
vn 0.897635 -0.15604199999999996 0.412192
vn -0.380944 -0.882457 0.27595700000000006
vn 0.891188 -0.24944399999999997 0.378896
vn 0.46726 -0.12767899999999993 0.874852
vn 0.460667 -0.12848199999999996 0.878224
vn 0.895893 -0.252609 0.365466
vn 0.46726 -0.12767899999999993 0.874852
vn -0.177072 0.05027300000000006 0.982913
vn -0.204783 0.05568700000000006 0.977222
vn 0.047873 -0.989976 0.13287600000000005
vn 0.047885 -0.989975 0.13287700000000005
vn 0.047887 -0.989975 0.13287500000000005
vn 0.047871 -0.989976 0.13287400000000005
vn 0.04786 -0.989976 0.13287800000000005
vn 0.047866 -0.989976 0.13288000000000005
vn 0.514857 0.40118699999999996 -0.757609
vn 0.473531 0.4047259999999999 -0.782282
vn 0.473531 0.4047259999999999 -0.782282
vn 0.534234 0.3554959999999999 -0.766953
vn 0.502104 0.43327999999999994 -0.748438
vn 0.551047 0.30424299999999993 -0.777035
vn 0.409817 0.520224 -0.749278
vn 0.24051 0.790852 -0.562767
vn 0.237237 0.842257 -0.4840690000000001
vn 0.461273 0.42154099999999994 -0.780725
vn -0.108056 0.95411 0.2792819999999999
vn -0.146094 0.865041 0.47995899999999997
vn 0.804024 -0.445615 0.393666
vn 0.787416 -0.457196 0.41346000000000005
vn 0.797437 -0.448471 0.403694
vn 0.808877 -0.441165 0.388705
vn 0.812204 -0.442593 0.380048
vn 0.813464 -0.449846 0.368667
vn -0.983857 -0.172225 0.04862100000000001
vn -0.872764 -0.316047 -0.372017
vn -0.870824 -0.314729 -0.377639
vn -0.840309 0.09519000000000002 0.533685
vn -0.931404 0.09864800000000003 0.350363
vn -0.902158 -0.283011 -0.325601
vn 0.559495 0.793753 0.23858099999999993
vn -0.892716 0.24113399999999996 -0.380675
vn -0.446359 0.874377 -0.19033800000000006
vn 0.559495 0.793754 0.23858099999999993
vn 0.730142 -0.608239 0.31134900000000004
vn 0.730142 -0.608239 0.31134900000000004
vn 0.870824 0.314729 0.377639
vn 0.872764 0.316047 0.372017
vn 0.326453 0.39455100000000004 0.858928
vn 0.16153 0.46886500000000003 0.868374
vn 0.597423 0.45262300000000005 0.661981
vn 0.902157 0.283012 0.325602
vn 0.276932 -0.953628 0.11791200000000006
vn 0.647103 -0.710782 0.27576500000000004
vn 0.649433 -0.708362 0.27651400000000004
vn 0.27731 -0.953527 0.11783400000000005
vn -0.74392 -0.588308 -0.31698199999999993
vn -0.744571 -0.587494 -0.31696099999999994
vn 0.606875 0.77847 0.16027599999999995
vn 0.846454 0.441802 0.297198
vn 0.9568 0.243268 -0.15922800000000004
vn 0.756695 0.553624 -0.34772600000000004
vn -0.421082 0.764374 -0.4882850000000001
vn -0.54871 0.774796 -0.31401900000000005
vn -0.841217 0.377556 -0.387048
vn -0.840721 0.23963399999999999 -0.485555
vn -0.960316 0.277606 -0.026972000000000017
vn -0.907288 0.418761 0.03830399999999997
vn -0.747471 0.588314 -0.3085010000000001
vn -0.890248 0.266617 0.369288
vn -0.770615 0.636485 0.032259999999999955
vn -0.573872 0.753042 -0.32186800000000004
vn -0.76188 0.34313600000000005 0.549361
vn -0.413768 0.11817600000000006 0.90268
vn -0.588352 0.808505 0.012697999999999949
vn -0.226555 0.952814 -0.20203600000000005
vn -0.681326 0.575789 0.45195399999999997
vn -0.431663 0.819679 0.3765549999999999
vn 0.148156 0.987592 -0.052081000000000065
vn -0.24714 0.18433100000000005 0.951285
vn 0.04802 -0.01433499999999994 0.998744
vn 0.047141 -0.00036399999999993886 0.998888
vn -0.01122 0.12970100000000007 0.99149
vn -0.242203 0.45480600000000004 0.857023
vn -0.0143 0.35065700000000005 0.936395
vn -0.106314 0.686092 0.719705
vn -0.012961 0.646567 0.762747
vn 0.50036 -0.2922989999999999 0.814985
vn 0.50036 -0.2922989999999999 0.814985
vn 0.500361 -0.29229999999999995 0.814985
vn 0.50036 -0.29229799999999995 0.814986
vn 0.50036 -0.2922989999999999 0.814986
vn 0.500361 -0.2922969999999999 0.814986
vn 0.412626 0.845956 0.33778499999999995
vn 0.412606 0.845976 0.3377589999999999
vn 0.412615 0.845959 0.33778899999999995
vn 0.4126 0.845977 0.3377629999999999
vn 0.412607 0.84596 0.33779599999999993
vn 0.412581 0.84601 0.33770399999999995
vn -0.294532 -0.0034279999999999415 0.955636
vn -0.294006 5.852611546061184E-17 0.955804
vn -0.362712 -0.028116999999999944 0.931477
vn -0.329971 -0.05603599999999995 0.942327
vn -0.396483 -0.05917499999999994 0.916133
vn -0.427889 -0.014165999999999944 0.90372
vn -0.427739 -0.015176999999999944 0.903775
vn 0.834253 -0.392193 0.387565
vn 0.834253 -0.392193 0.387565
vn 0.845164 -0.366463 0.389104
vn 0.845164 -0.366463 0.389104
vn 0.850439 -0.353424 0.389672
vn 0.850176 -0.354028 0.389698
vn 0.850372 -0.35349 0.38976
vn 0.84998 -0.354567 0.389636
vn 0.850109 -0.354094 0.389786
vn 0.850372 -0.353489 0.38976
vn -0.057811 0.958207 0.28017499999999995
vn 0.055625 0.98917 0.13582799999999995
vn 0.16861 0.853169 0.49363299999999993
vn -0.047278 0.39878900000000006 0.915823
vn -0.142517 0.731123 0.667195
vn 0.120163 0.593702 0.795662
vn -0.047278 0.39878900000000006 0.915823
vn 0.29768 -0.2633019999999999 0.917637
vn 0.200897 -0.664818 0.719484
vn 0.215318 -0.874257 0.43510100000000007
vn 0.29768 -0.2633019999999999 0.917637
vn 0.173593 -0.910996 0.3741010000000001
vn 0.130679 -0.913226 0.38592800000000005
vn 0.000861 0.14408400000000005 0.989565
vn 0.449483 -0.11119599999999995 0.886341
vn 0.438331 -0.11847299999999994 0.890971
vn -0.01313 0.11746200000000005 0.992991
vn -0.817522 0.443556 0.36731
vn -0.006799 0.13860300000000006 0.990325
vn 0.425631 -0.09427899999999995 0.899972
vn -0.806258 0.55665 0.20022299999999998
vn 0.046112 0.29469600000000007 0.954478
vn 0.452383 0.007898000000000054 0.891789
vn -0.737062 0.664115 0.12526399999999996
vn 0.179812 0.49814200000000003 0.848247
vn 0.557411 0.25033800000000006 0.791596
vn -0.632785 0.773626 -0.03295800000000005
vn 0.606875 0.77847 0.16027599999999995
vn 0.846454 0.441802 0.297198
vn -0.54871 0.774796 -0.31401900000000005
g Material #0
f 1/1/1 2/2/2 3/3/3
f 4/4/4 5/5/5 6/6/6
f 7/7/7 8/8/8 9/9/9
f 10/10/10 11/11/11 12/12/12
f 13/13/13 14/14/14 15/15/15
f 16/16/16 17/17/17 18/18/18
f 19/19/19 20/20/20 21/21/21
f 22/22/22 23/23/23 24/24/24
f 25/25/25 26/26/26 27/27/27
f 28/28/28 29/29/29 30/30/30
f 31/31/31 32/32/32 33/33/33
f 34/34/34 35/35/35 36/36/36
f 37/37/37 38/38/38 39/39/39
f 40/40/40 41/41/41 42/42/42
f 43/43/43 44/44/44 45/45/45
f 46/46/46 47/47/47 48/48/48
f 49/49/49 50/50/50 51/51/51
f 52/52/52 53/53/53 54/54/54
f 55/55/55 56/56/56 57/57/57
f 58/58/58 59/59/59 60/60/60
f 61/61/61 62/62/62 63/63/63
f 64/64/64 65/65/65 66/66/66
f 67/67/67 68/68/68 69/69/69
f 70/70/70 71/71/71 72/72/72
f 73/73/73 74/74/74 75/75/75
f 76/76/76 77/77/77 78/78/78
f 79/79/79 80/80/80 81/81/81
f 82/82/82 83/83/83 84/84/84
f 85/85/85 86/86/86 87/87/87
f 88/88/88 89/89/89 90/90/90
f 91/91/91 92/92/92 93/93/93
f 94/94/94 95/95/95 96/96/96
f 97/97/97 98/98/98 99/99/99
f 100/100/100 101/101/101 102/102/102
f 103/103/103 104/104/104 105/105/105
f 106/106/106 107/107/107 108/108/108
f 109/109/109 110/110/110 111/111/111
f 112/112/112 113/113/113 114/114/114
f 115/115/115 116/116/116 117/117/117
f 118/118/118 119/119/119 120/120/120
f 121/121/121 122/122/122 123/123/123
f 124/124/124 125/125/125 126/126/126
f 127/127/127 128/128/128 129/129/129
f 130/130/130 131/131/131 132/132/132
f 133/133/133 134/134/134 135/135/135
f 136/136/136 137/137/137 138/138/138
f 139/139/139 140/140/140 141/141/141
f 142/142/142 143/143/143 144/144/144
f 145/145/145 146/146/146 147/147/147
f 148/148/148 149/149/149 150/150/150
f 151/151/151 152/152/152 153/153/153
f 154/154/154 155/155/155 156/156/156
f 157/157/157 158/158/158 159/159/159
f 160/160/160 161/161/161 162/162/162
f 163/163/163 164/164/164 165/165/165
f 166/166/166 167/167/167 168/168/168
f 169/169/169 170/170/170 171/171/171
f 172/172/172 173/173/173 174/174/174
f 175/175/175 176/176/176 177/177/177
f 178/178/178 179/179/179 180/180/180
f 181/181/181 182/182/182 183/183/183
f 183/183/183 184/184/184 185/185/185
f 186/186/186 187/187/187 188/188/188
f 188/188/188 189/189/189 190/190/190
f 191/191/191 192/192/192 193/193/193
f 194/194/194 195/195/195 191/191/191
f 196/196/196 197/197/197 198/198/198
f 199/199/199 200/200/200 196/196/196
f 201/201/201 202/202/202 203/203/203
f 203/203/203 204/204/204 205/205/205
f 206/206/206 207/207/207 204/204/204
f 204/204/204 208/208/208 209/209/209
f 210/210/210 211/211/211 212/212/212
f 212/212/212 213/213/213 214/214/214
f 215/215/215 216/216/216 213/213/213
f 213/213/213 217/217/217 218/218/218
f 219/219/219 220/220/220 221/221/221
f 221/221/221 222/222/222 223/223/223
f 222/222/222 224/224/224 225/225/225
f 226/226/226 227/227/227 222/222/222
f 228/228/228 229/229/229 230/230/230
f 230/230/230 231/231/231 232/232/232
f 233/233/233 234/234/234 231/231/231
f 231/231/231 235/235/235 236/236/236
f 237/237/237 238/238/238 239/239/239
f 240/240/240 241/241/241 237/237/237
f 242/242/242 243/243/243 244/244/244
f 244/244/244 245/245/245 246/246/246
f 247/247/247 248/248/248 249/249/249
f 250/250/250 251/251/251 247/247/247
f 252/252/252 253/253/253 254/254/254
f 255/255/255 256/256/256 252/252/252
f 257/257/257 258/258/258 259/259/259
f 259/259/259 260/260/260 261/261/261
f 262/262/262 263/263/263 260/260/260
f 260/260/260 264/264/264 265/265/265
f 266/266/266 267/267/267 268/268/268
f 268/268/268 269/269/269 270/270/270
f 271/271/271 272/272/272 269/269/269
f 269/269/269 273/273/273 274/274/274
f 275/275/275 276/276/276 277/277/277
f 277/277/277 278/278/278 279/279/279
f 278/278/278 280/280/280 281/281/281
f 282/282/282 283/283/283 278/278/278
f 284/284/284 285/285/285 286/286/286
f 286/286/286 287/287/287 288/288/288
f 289/289/289 290/290/290 287/287/287
f 287/287/287 291/291/291 292/292/292
f 293/293/293 294/294/294 295/295/295
f 295/295/295 296/296/296 297/297/297
f 298/298/298 296/296/296 299/299/299
f 299/299/299 300/300/300 301/301/301
f 302/302/302 303/303/303 304/304/304
f 304/304/304 305/305/305 306/306/306
f 307/307/307 305/305/305 308/308/308
f 308/308/308 309/309/309 310/310/310
f 311/311/311 312/312/312 313/313/313
f 313/313/313 314/314/314 315/315/315
f 316/316/316 317/317/317 318/318/318
f 318/318/318 319/319/319 320/320/320
f 321/321/321 322/322/322 323/323/323
f 323/323/323 324/324/324 325/325/325
f 326/326/326 327/327/327 328/328/328
f 329/329/329 330/330/330 326/326/326
f 331/331/331 330/330/330 332/332/332
f 333/333/333 334/334/334 331/331/331
f 335/335/335 331/331/331 336/336/336
f 337/337/337 338/338/338 335/335/335
f 339/339/339 340/340/340 341/341/341
f 342/342/342 343/343/343 339/339/339
f 344/344/344 343/343/343 345/345/345
f 346/346/346 347/347/347 344/344/344
f 348/348/348 344/344/344 349/349/349
f 350/350/350 351/351/351 348/348/348
f 352/352/352 353/353/353 354/354/354
f 355/355/355 356/356/356 352/352/352
f 357/357/357 358/358/358 359/359/359
f 359/359/359 360/360/360 361/361/361
f 362/362/362 363/363/363 364/364/364
f 364/364/364 365/365/365 366/366/366
f 367/367/367 368/368/368 365/365/365
f 365/365/365 369/369/369 370/370/370
f 371/371/371 372/372/372 369/369/369
f 369/369/369 373/373/373 374/374/374
f 375/375/375 376/376/376 373/373/373
f 373/373/373 377/377/377 378/378/378
f 379/379/379 380/380/380 377/377/377
f 377/377/377 381/381/381 379/379/379
f 382/382/382 383/383/383 384/384/384
f 384/384/384 385/385/385 386/386/386
f 387/387/387 388/388/388 389/389/389
f 389/389/389 390/390/390 391/391/391
f 392/392/392 393/393/393 394/394/394
f 395/395/395 396/396/396 392/392/392
f 397/397/397 398/398/398 399/399/399
f 399/399/399 400/400/400 401/401/401
f 402/402/402 403/403/403 404/404/404
f 405/405/405 406/406/406 402/402/402
f 406/406/406 407/407/407 408/408/408
f 409/409/409 410/410/410 406/406/406
f 411/411/411 410/410/410 412/412/412
f 413/413/413 414/414/414 411/411/411
f 415/415/415 411/411/411 416/416/416
f 417/417/417 418/418/418 415/415/415
f 415/415/415 419/419/419 420/420/420
f 421/421/421 422/422/422 415/415/415
f 422/422/422 423/423/423 424/424/424
f 425/425/425 426/426/426 422/422/422
f 427/427/427 428/428/428 429/429/429
f 430/430/430 431/431/431 427/427/427
f 432/432/432 433/433/433 434/434/434
f 435/435/435 436/436/436 432/432/432
f 437/437/437 438/438/438 439/439/439
f 440/440/440 441/441/441 437/437/437
f 442/442/442 441/441/441 443/443/443
f 444/444/444 442/442/442 443/443/443
f 443/443/443 445/445/445 444/444/444
f 446/446/446 447/447/447 448/448/448
f 448/448/448 449/449/449 450/450/450
f 449/449/449 451/451/451 452/452/452
f 452/452/452 451/451/451 453/453/453
f 453/453/453 454/454/454 452/452/452
f 455/455/455 456/456/456 457/457/457
f 458/458/458 457/457/457 459/459/459
f 460/460/460 461/461/461 458/458/458
f 462/462/462 463/463/463 458/458/458
f 458/458/458 464/464/464 465/465/465
f 466/466/466 467/467/467 468/468/468
f 469/469/469 470/470/470 466/466/466
f 471/471/471 470/470/470 472/472/472
f 473/473/473 474/474/474 471/471/471
f 475/475/475 471/471/471 476/476/476
f 477/477/477 478/478/478 479/479/479
f 479/479/479 480/480/480 481/481/481
f 482/482/482 483/483/483 484/484/484
f 485/485/485 486/486/486 482/482/482
f 487/487/487 488/488/488 489/489/489
f 489/489/489 490/490/490 491/491/491
f 492/492/492 493/493/493 494/494/494
f 494/494/494 495/495/495 496/496/496
f 497/497/497 498/498/498 499/499/499
f 500/500/500 501/501/501 497/497/497
f 502/502/502 503/503/503 504/504/504
f 505/505/505 506/506/506 502/502/502
f 507/507/507 508/508/508 509/509/509
f 509/509/509 510/510/510 511/511/511
f 512/512/512 513/513/513 514/514/514
f 515/515/515 516/516/516 512/512/512
f 516/516/516 517/517/517 518/518/518
f 519/519/519 520/520/520 516/516/516
f 521/521/521 522/522/522 523/523/523
f 524/524/524 525/525/525 521/521/521
f 526/526/526 527/527/527 528/528/528
f 529/529/529 530/530/530 526/526/526
f 531/531/531 526/526/526 532/532/532
f 533/533/533 534/534/534 531/531/531
f 535/535/535 536/536/536 531/531/531
f 531/531/531 537/537/537 535/535/535
f 538/538/538 539/539/539 540/540/540
f 541/541/541 542/542/542 539/539/539
f 539/539/539 543/543/543 544/544/544
f 545/545/545 546/546/546 543/543/543
f 543/543/543 547/547/547 548/548/548
f 549/549/549 550/550/550 551/551/551
f 552/552/552 553/553/553 550/550/550
f 550/550/550 554/554/554 555/555/555
f 556/556/556 557/557/557 554/554/554
f 554/554/554 558/558/558 559/559/559
f 560/560/560 561/561/561 562/562/562
f 563/563/563 564/564/564 561/561/561
f 561/561/561 565/565/565 563/563/563
f 563/563/563 565/565/565 566/566/566
f 566/566/566 567/567/567 563/563/563
f 568/568/568 569/569/569 570/570/570
f 571/571/571 572/572/572 568/568/568
f 573/573/573 568/568/568 572/572/572
f 572/572/572 574/574/574 573/573/573
f 575/575/575 576/576/576 577/577/577
f 578/578/578 576/576/576 579/579/579
f 579/579/579 580/580/580 578/578/578
f 581/581/581 578/578/578 582/582/582
f 579/579/579 576/576/576 583/583/583
f 581/581/581 583/583/583 576/576/576
f 583/583/583 584/584/584 579/579/579
f 585/585/585 586/586/586 583/583/583
f 583/583/583 581/581/581 585/585/585
f 583/583/583 587/587/587 584/584/584
f 587/587/587 588/588/588 584/584/584
f 587/587/587 589/589/589 588/588/588
f 587/587/587 590/590/590 589/589/589
f 591/591/591 592/592/592 581/581/581
f 581/581/581 593/593/593 591/591/591
f 594/594/594 591/591/591 593/593/593
f 595/595/595 581/581/581 596/596/596
f 595/595/595 593/593/593 581/581/581
f 597/597/597 594/594/594 598/598/598
f 593/593/593 599/599/599 594/594/594
f 599/599/599 593/593/593 595/595/595
f 594/594/594 600/600/600 598/598/598
f 594/594/594 599/599/599 600/600/600
f 598/598/598 600/600/600 601/601/601
f 601/601/601 600/600/600 599/599/599
f 601/601/601 602/602/602 598/598/598
f 603/603/603 602/602/602 601/601/601
f 601/601/601 604/604/604 603/603/603
f 599/599/599 605/605/605 601/601/601
f 604/604/604 601/601/601 605/605/605
f 595/595/595 605/605/605 599/599/599
f 605/605/605 606/606/606 604/604/604
f 606/606/606 605/605/605 595/595/595
f 595/595/595 607/607/607 606/606/606
f 607/607/607 595/595/595 608/608/608
f 608/608/608 609/609/609 607/607/607
f 610/610/610 611/611/611 612/612/612
f 613/613/613 614/614/614 610/610/610
f 610/610/610 615/615/615 616/616/616
f 617/617/617 618/618/618 610/610/610
f 619/619/619 620/620/620 621/621/621
f 622/622/622 623/623/623 619/619/619
f 623/623/623 622/622/622 624/624/624
f 619/619/619 623/623/623 625/625/625
f 625/625/625 626/626/626 619/619/619
f 624/624/624 627/627/627 623/623/623
f 625/625/625 623/623/623 627/627/627
f 627/627/627 624/624/624 628/628/628
f 628/628/628 629/629/629 627/627/627
f 630/630/630 631/631/631 626/626/626
f 626/626/626 625/625/625 630/630/630
f 632/632/632 630/630/630 625/625/625
f 633/633/633 627/627/627 629/629/629
f 627/627/627 633/633/633 625/625/625
f 625/625/625 633/633/633 632/632/632
f 629/629/629 634/634/634 633/633/633
f 632/632/632 633/633/633 634/634/634
f 634/634/634 635/635/635 632/632/632
f 636/636/636 637/637/637 638/638/638
f 639/639/639 640/640/640 636/636/636
f 636/636/636 641/641/641 642/642/642
f 643/643/643 644/644/644 636/636/636
f 645/645/645 646/646/646 647/647/647
f 647/647/647 648/648/648 649/649/649
f 649/649/649 650/650/650 651/651/651
f 649/649/649 652/652/652 647/647/647
f 651/651/651 652/652/652 649/649/649
f 652/652/652 651/651/651 653/653/653
f 647/647/647 652/652/652 654/654/654
f 655/655/655 654/654/654 652/652/652
f 654/654/654 656/656/656 657/657/657
f 657/657/657 658/658/658 654/654/654
f 659/659/659 660/660/660 654/654/654
f 654/654/654 658/658/658 659/659/659
f 661/661/661 659/659/659 658/658/658
f 658/658/658 662/662/662 661/661/661
f 663/663/663 664/664/664 665/665/665
f 665/665/665 666/666/666 663/663/663
f 667/667/667 668/668/668 669/669/669
f 669/669/669 670/670/670 667/667/667
f 671/671/671 672/672/672 673/673/673
f 673/673/673 674/674/674 671/671/671
f 675/675/675 676/676/676 677/677/677
f 677/677/677 678/678/678 675/675/675
f 679/679/679 680/680/680 681/681/681
f 681/681/681 682/682/682 679/679/679
f 683/683/683 684/684/684 685/685/685
f 685/685/685 686/686/686 683/683/683
f 687/687/687 688/688/688 689/689/689
f 689/689/689 690/690/690 687/687/687
f 691/691/691 692/692/692 693/693/693
f 693/693/693 694/694/694 691/691/691
f 695/695/695 696/696/696 697/697/697
f 697/697/697 698/698/698 695/695/695
f 699/699/699 700/700/700 701/701/701
f 701/701/701 702/702/702 699/699/699
f 703/703/703 704/704/704 705/705/705
f 705/705/705 706/706/706 703/703/703
f 707/707/707 708/708/708 709/709/709
f 709/709/709 710/710/710 707/707/707
f 711/711/711 712/712/712 713/713/713
f 712/712/712 711/711/711 714/714/714
f 715/715/715 716/716/716 717/717/717
f 717/717/717 718/718/718 715/715/715
f 719/719/719 720/720/720 721/721/721
f 721/721/721 722/722/722 719/719/719
f 723/723/723 724/724/724 725/725/725
f 725/725/725 726/726/726 723/723/723
f 727/727/727 728/728/728 729/729/729
f 729/729/729 730/730/730 727/727/727
f 731/731/731 732/732/732 733/733/733
f 733/733/733 734/734/734 731/731/731
f 735/735/735 736/736/736 737/737/737
f 737/737/737 738/738/738 735/735/735
f 739/739/739 740/740/740 741/741/741
f 741/741/741 742/742/742 739/739/739
f 743/743/743 744/744/744 745/745/745
f 745/745/745 746/746/746 743/743/743
f 747/747/747 748/748/748 749/749/749
f 749/749/749 750/750/750 747/747/747
f 751/751/751 752/752/752 753/753/753
f 753/753/753 754/754/754 751/751/751
f 755/755/755 756/756/756 757/757/757
f 757/757/757 758/758/758 755/755/755
f 759/759/759 760/760/760 761/761/761
f 761/761/761 762/762/762 759/759/759
f 763/763/763 764/764/764 765/765/765
f 765/765/765 766/766/766 763/763/763
f 767/767/767 768/768/768 769/769/769
f 769/769/769 770/770/770 767/767/767
f 771/771/771 772/772/772 773/773/773
f 773/773/773 774/774/774 771/771/771
f 775/775/775 776/776/776 777/777/777
f 777/777/777 778/778/778 775/775/775
f 779/779/779 780/780/780 781/781/781
f 781/781/781 782/782/782 779/779/779
f 783/783/783 784/784/784 785/785/785
f 785/785/785 786/786/786 783/783/783
f 787/787/787 788/788/788 789/789/789
f 789/789/789 790/790/790 787/787/787
f 791/791/791 792/792/792 793/793/793
f 793/793/793 794/794/794 791/791/791
f 795/795/795 796/796/796 797/797/797
f 797/797/797 798/798/798 795/795/795
f 799/799/799 800/800/800 801/801/801
f 801/801/801 802/802/802 799/799/799
f 803/803/803 804/804/804 805/805/805
f 805/805/805 806/806/806 803/803/803
f 807/807/807 808/808/808 809/809/809
f 809/809/809 810/810/810 807/807/807
f 811/811/811 812/812/812 813/813/813
f 813/813/813 814/814/814 811/811/811
f 815/815/815 816/816/816 817/817/817
f 817/817/817 818/818/818 815/815/815
f 819/819/819 820/820/820 821/821/821
f 821/821/821 822/822/822 819/819/819
f 823/823/823 824/824/824 825/825/825
f 825/825/825 826/826/826 823/823/823
f 827/827/827 828/828/828 829/829/829
f 829/829/829 830/830/830 827/827/827
f 831/831/831 832/832/832 833/833/833
f 833/833/833 834/834/834 831/831/831
f 835/835/835 836/836/836 837/837/837
f 837/837/837 838/838/838 835/835/835
f 839/839/839 840/840/840 841/841/841
f 841/841/841 842/842/842 839/839/839
f 843/843/843 844/844/844 845/845/845
f 845/845/845 846/846/846 843/843/843
f 847/847/847 848/848/848 849/849/849
f 849/849/849 850/850/850 847/847/847
f 851/851/851 852/852/852 853/853/853
f 853/853/853 854/854/854 851/851/851
f 855/855/855 856/856/856 857/857/857
f 857/857/857 858/858/858 855/855/855
f 859/859/859 860/860/860 861/861/861
f 861/861/861 862/862/862 859/859/859
f 863/863/863 864/864/864 865/865/865
f 865/865/865 866/866/866 863/863/863
f 867/867/867 868/868/868 869/869/869
f 869/869/869 870/870/870 867/867/867
f 871/871/871 872/872/872 873/873/873
f 873/873/873 874/874/874 871/871/871
f 875/875/875 876/876/876 877/877/877
f 877/877/877 878/878/878 875/875/875
f 879/879/879 880/880/880 881/881/881
f 881/881/881 882/882/882 879/879/879
f 883/883/883 884/884/884 885/885/885
f 885/885/885 886/886/886 883/883/883
f 887/887/887 888/888/888 889/889/889
f 889/889/889 890/890/890 887/887/887
f 891/891/891 892/892/892 893/893/893
f 893/893/893 894/894/894 891/891/891
f 895/895/895 896/896/896 897/897/897
f 897/897/897 898/898/898 895/895/895
f 899/899/899 900/900/900 901/901/901
f 901/901/901 902/902/902 899/899/899
f 903/903/903 904/904/904 905/905/905
f 905/905/905 906/906/906 903/903/903
f 907/907/907 908/908/908 909/909/909
f 909/909/909 910/910/910 907/907/907
f 911/911/911 912/912/912 913/913/913
f 913/913/913 914/914/914 911/911/911
f 915/915/915 916/916/916 917/917/917
f 917/917/917 918/918/918 915/915/915
f 919/919/919 920/920/920 921/921/921
f 921/921/921 922/922/922 919/919/919
f 923/923/923 924/924/924 925/925/925
f 925/925/925 926/926/926 923/923/923
f 927/927/927 928/928/928 929/929/929
f 929/929/929 930/930/930 927/927/927
f 931/931/931 932/932/932 933/933/933
f 933/933/933 934/934/934 931/931/931
f 935/935/935 936/936/936 937/937/937
f 937/937/937 938/938/938 935/935/935
f 939/939/939 940/940/940 941/941/941
f 941/941/941 942/942/942 939/939/939
f 943/943/943 944/944/944 945/945/945
f 945/945/945 946/946/946 943/943/943
f 947/947/947 948/948/948 949/949/949
f 949/949/949 950/950/950 947/947/947
f 951/951/951 952/952/952 953/953/953
f 953/953/953 954/954/954 951/951/951
f 955/955/955 956/956/956 957/957/957
f 957/957/957 958/958/958 955/955/955
f 959/959/959 960/960/960 961/961/961
f 961/961/961 962/962/962 959/959/959
f 963/963/963 964/964/964 965/965/965
f 965/965/965 966/966/966 963/963/963
f 967/967/967 968/968/968 969/969/969
f 969/969/969 970/970/970 967/967/967
f 971/971/971 972/972/972 973/973/973
f 973/973/973 974/974/974 971/971/971
f 975/975/975 976/976/976 977/977/977
f 977/977/977 978/978/978 975/975/975
f 979/979/979 980/980/980 981/981/981
f 981/981/981 982/982/982 979/979/979
f 983/983/983 984/984/984 985/985/985
f 985/985/985 986/986/986 983/983/983
f 987/987/987 988/988/988 989/989/989
f 989/989/989 990/990/990 987/987/987
f 991/991/991 992/992/992 993/993/993
f 993/993/993 994/994/994 991/991/991
f 995/995/995 996/996/996 997/997/997
f 997/997/997 998/998/998 995/995/995
f 999/999/999 1000/1000/1000 1001/1001/1001
f 1001/1001/1001 1002/1002/1002 999/999/999
f 1003/1003/1003 1004/1004/1004 1005/1005/1005
f 1005/1005/1005 1006/1006/1006 1003/1003/1003
f 1007/1007/1007 1008/1008/1008 1009/1009/1009
f 1009/1009/1009 1010/1010/1010 1007/1007/1007
f 1011/1011/1011 1012/1012/1012 1013/1013/1013
f 1013/1013/1013 1014/1014/1014 1011/1011/1011
f 1015/1015/1015 1016/1016/1016 1017/1017/1017
f 1017/1017/1017 1018/1018/1018 1015/1015/1015
f 1019/1019/1019 1020/1020/1020 1021/1021/1021
f 1021/1021/1021 1022/1022/1022 1019/1019/1019
f 1023/1023/1023 1024/1024/1024 1025/1025/1025
f 1025/1025/1025 1026/1026/1026 1023/1023/1023
f 1027/1027/1027 1028/1028/1028 1029/1029/1029
f 1029/1029/1029 1030/1030/1030 1027/1027/1027
f 1031/1031/1031 1032/1032/1032 1033/1033/1033
f 1033/1033/1033 1034/1034/1034 1031/1031/1031
f 1035/1035/1035 1036/1036/1036 1037/1037/1037
f 1037/1037/1037 1038/1038/1038 1035/1035/1035
f 1039/1039/1039 1040/1040/1040 1041/1041/1041
f 1041/1041/1041 1042/1042/1042 1039/1039/1039
f 1043/1043/1043 1044/1044/1044 1045/1045/1045
f 1045/1045/1045 1046/1046/1046 1043/1043/1043
f 1047/1047/1047 1048/1048/1048 1049/1049/1049
f 1049/1049/1049 1050/1050/1050 1047/1047/1047
f 1051/1051/1051 1052/1052/1052 1053/1053/1053
f 1053/1053/1053 1054/1054/1054 1051/1051/1051
f 1055/1055/1055 1056/1056/1056 1057/1057/1057
f 1057/1057/1057 1058/1058/1058 1055/1055/1055
f 1059/1059/1059 1060/1060/1060 1061/1061/1061
f 1061/1061/1061 1062/1062/1062 1059/1059/1059
f 1063/1063/1063 1064/1064/1064 1065/1065/1065
f 1065/1065/1065 1066/1066/1066 1063/1063/1063
f 1067/1067/1067 1068/1068/1068 1069/1069/1069
f 1069/1069/1069 1070/1070/1070 1067/1067/1067
f 1071/1071/1071 1072/1072/1072 1073/1073/1073
f 1073/1073/1073 1074/1074/1074 1071/1071/1071
f 1075/1075/1075 1076/1076/1076 1077/1077/1077
f 1077/1077/1077 1078/1078/1078 1075/1075/1075
f 1079/1079/1079 1080/1080/1080 1081/1081/1081
f 1081/1081/1081 1082/1082/1082 1079/1079/1079
f 1083/1083/1083 1084/1084/1084 1085/1085/1085
f 1085/1085/1085 1086/1086/1086 1083/1083/1083
f 1087/1087/1087 1088/1088/1088 1089/1089/1089
f 1089/1089/1089 1090/1090/1090 1087/1087/1087
f 1091/1091/1091 1092/1092/1092 1093/1093/1093
f 1093/1093/1093 1094/1094/1094 1091/1091/1091
f 1095/1095/1095 1096/1096/1096 1097/1097/1097
f 1097/1097/1097 1098/1098/1098 1095/1095/1095
f 1099/1099/1099 1100/1100/1100 1101/1101/1101
f 1101/1101/1101 1102/1102/1102 1099/1099/1099
f 1103/1103/1103 1104/1104/1104 1105/1105/1105
f 1105/1105/1105 1106/1106/1106 1103/1103/1103
f 1107/1107/1107 1108/1108/1108 1109/1109/1109
f 1109/1109/1109 1110/1110/1110 1107/1107/1107
f 1111/1111/1111 1112/1112/1112 1113/1113/1113
f 1113/1113/1113 1114/1114/1114 1111/1111/1111
f 1115/1115/1115 1116/1116/1116 1117/1117/1117
f 1117/1117/1117 1118/1118/1118 1115/1115/1115
f 1119/1119/1119 1120/1120/1120 1121/1121/1121
f 1121/1121/1121 1122/1122/1122 1119/1119/1119
f 1123/1123/1123 1124/1124/1124 1125/1125/1125
f 1125/1125/1125 1126/1126/1126 1123/1123/1123
f 1127/1127/1127 1128/1128/1128 1129/1129/1129
f 1129/1129/1129 1130/1130/1130 1127/1127/1127
f 1131/1131/1131 1132/1132/1132 1133/1133/1133
f 1133/1133/1133 1134/1134/1134 1131/1131/1131
f 1135/1135/1135 1136/1136/1136 1137/1137/1137
f 1137/1137/1137 1138/1138/1138 1135/1135/1135
f 1139/1139/1139 1140/1140/1140 1141/1141/1141
f 1141/1141/1141 1142/1142/1142 1139/1139/1139
f 1143/1143/1143 1144/1144/1144 1145/1145/1145
f 1145/1145/1145 1146/1146/1146 1143/1143/1143
f 1147/1147/1147 1148/1148/1148 1149/1149/1149
f 1149/1149/1149 1150/1150/1150 1147/1147/1147
f 1151/1151/1151 1152/1152/1152 1153/1153/1153
f 1153/1153/1153 1154/1154/1154 1151/1151/1151
f 1155/1155/1155 1156/1156/1156 1157/1157/1157
f 1157/1157/1157 1158/1158/1158 1155/1155/1155
f 1159/1159/1159 1160/1160/1160 1161/1161/1161
f 1161/1161/1161 1162/1162/1162 1159/1159/1159
f 1163/1163/1163 1164/1164/1164 1165/1165/1165
f 1165/1165/1165 1166/1166/1166 1163/1163/1163
f 1167/1167/1167 1168/1168/1168 1169/1169/1169
f 1169/1169/1169 1170/1170/1170 1167/1167/1167
f 1171/1171/1171 1172/1172/1172 1173/1173/1173
f 1173/1173/1173 1174/1174/1174 1171/1171/1171
f 1175/1175/1175 1176/1176/1176 1177/1177/1177
f 1177/1177/1177 1178/1178/1178 1175/1175/1175
f 1179/1179/1179 1180/1180/1180 1181/1181/1181
f 1181/1181/1181 1182/1182/1182 1179/1179/1179
f 1183/1183/1183 1184/1184/1184 1185/1185/1185
f 1185/1185/1185 1186/1186/1186 1183/1183/1183
f 1187/1187/1187 1188/1188/1188 1189/1189/1189
f 1189/1189/1189 1190/1190/1190 1187/1187/1187
f 1191/1191/1191 1192/1192/1192 1193/1193/1193
f 1193/1193/1193 1194/1194/1194 1191/1191/1191
f 1195/1195/1195 1196/1196/1196 1197/1197/1197
f 1197/1197/1197 1198/1198/1198 1195/1195/1195
f 1199/1199/1199 1200/1200/1200 1201/1201/1201
f 1201/1201/1201 1202/1202/1202 1199/1199/1199
f 1203/1203/1203 1204/1204/1204 1205/1205/1205
f 1205/1205/1205 1206/1206/1206 1203/1203/1203
f 1207/1207/1207 1208/1208/1208 1209/1209/1209
f 1209/1209/1209 1210/1210/1210 1207/1207/1207
f 1211/1211/1211 1212/1212/1212 1213/1213/1213
f 1213/1213/1213 1214/1214/1214 1211/1211/1211
f 1215/1215/1215 1216/1216/1216 1217/1217/1217
f 1217/1217/1217 1218/1218/1218 1215/1215/1215
f 1219/1219/1219 1220/1220/1220 1221/1221/1221
f 1221/1221/1221 1222/1222/1222 1219/1219/1219
f 1223/1223/1223 1224/1224/1224 1225/1225/1225
f 1225/1225/1225 1226/1226/1226 1223/1223/1223
f 1227/1227/1227 1228/1228/1228 1229/1229/1229
f 1229/1229/1229 1230/1230/1230 1227/1227/1227
f 1231/1231/1231 1232/1232/1232 1233/1233/1233
f 1233/1233/1233 1234/1234/1234 1231/1231/1231
f 1235/1235/1235 1236/1236/1236 1237/1237/1237
f 1237/1237/1237 1238/1238/1238 1235/1235/1235
f 1239/1239/1239 1240/1240/1240 1241/1241/1241
f 1241/1241/1241 1242/1242/1242 1239/1239/1239
f 1243/1243/1243 1244/1244/1244 1245/1245/1245
f 1245/1245/1245 1246/1246/1246 1243/1243/1243
f 1247/1247/1247 1248/1248/1248 1249/1249/1249
f 1249/1249/1249 1250/1250/1250 1247/1247/1247
f 1251/1251/1251 1252/1252/1252 1253/1253/1253
f 1253/1253/1253 1254/1254/1254 1251/1251/1251
f 1255/1255/1255 1256/1256/1256 1257/1257/1257
f 1257/1257/1257 1258/1258/1258 1255/1255/1255
f 1259/1259/1259 1260/1260/1260 1261/1261/1261
f 1261/1261/1261 1262/1262/1262 1259/1259/1259
f 1263/1263/1263 1264/1264/1264 1265/1265/1265
f 1265/1265/1265 1266/1266/1266 1263/1263/1263
f 1267/1267/1267 1268/1268/1268 1269/1269/1269
f 1269/1269/1269 1270/1270/1270 1267/1267/1267
f 1271/1271/1271 1272/1272/1272 1273/1273/1273
f 1273/1273/1273 1274/1274/1274 1271/1271/1271
f 1275/1275/1275 1276/1276/1276 1277/1277/1277
f 1277/1277/1277 1278/1278/1278 1275/1275/1275
f 1279/1279/1279 1280/1280/1280 1281/1281/1281
f 1281/1281/1281 1282/1282/1282 1279/1279/1279
f 1283/1283/1283 1284/1284/1284 1285/1285/1285
f 1285/1285/1285 1286/1286/1286 1283/1283/1283
f 1287/1287/1287 1288/1288/1288 1289/1289/1289
f 1289/1289/1289 1290/1290/1290 1287/1287/1287
f 1291/1291/1291 1292/1292/1292 1293/1293/1293
f 1293/1293/1293 1294/1294/1294 1291/1291/1291
f 1295/1295/1295 1296/1296/1296 1297/1297/1297
f 1297/1297/1297 1298/1298/1298 1295/1295/1295
f 1299/1299/1299 1300/1300/1300 1301/1301/1301
f 1301/1301/1301 1302/1302/1302 1299/1299/1299
f 1303/1303/1303 1304/1304/1304 1305/1305/1305
f 1305/1305/1305 1306/1306/1306 1303/1303/1303
f 1307/1307/1307 1308/1308/1308 1309/1309/1309
f 1309/1309/1309 1310/1310/1310 1307/1307/1307
f 1311/1311/1311 1312/1312/1312 1313/1313/1313
f 1313/1313/1313 1314/1314/1314 1311/1311/1311
f 1315/1315/1315 1316/1316/1316 1317/1317/1317
f 1317/1317/1317 1318/1318/1318 1315/1315/1315
f 1319/1319/1319 1320/1320/1320 1321/1321/1321
f 1321/1321/1321 1322/1322/1322 1319/1319/1319
f 1322/1322/1322 1321/1321/1321 1323/1323/1323
f 1322/1322/1322 1323/1323/1323 1324/1324/1324
f 1324/1324/1324 1325/1325/1325 1322/1322/1322
f 1326/1326/1326 1327/1327/1327 1328/1328/1328
f 1327/1327/1327 1329/1329/1329 1328/1328/1328
f 1329/1329/1329 1330/1330/1330 1328/1328/1328
f 1331/1331/1331 1332/1332/1332 1333/1333/1333
f 1334/1334/1334 1331/1331/1331 1333/1333/1333
f 1334/1334/1334 1333/1333/1333 1335/1335/1335
f 1336/1336/1336 1334/1334/1334 1335/1335/1335
f 1337/1337/1337 1338/1338/1338 1336/1336/1336
f 1338/1338/1338 1339/1339/1339 1336/1336/1336
f 1339/1339/1339 1334/1334/1334 1336/1336/1336
f 1339/1339/1339 1340/1340/1340 1334/1334/1334
f 1341/1341/1341 1340/1340/1340 1339/1339/1339
f 1339/1339/1339 1342/1342/1342 1341/1341/1341
f 1343/1343/1343 1344/1344/1344 1345/1345/1345
f 1345/1345/1345 1346/1346/1346 1343/1343/1343
f 1346/1346/1346 1345/1345/1345 1347/1347/1347
f 1347/1347/1347 1348/1348/1348 1346/1346/1346
f 1349/1349/1349 1350/1350/1350 1351/1351/1351
f 1351/1351/1351 1352/1352/1352 1349/1349/1349
f 1352/1352/1352 1351/1351/1351 1353/1353/1353
f 1353/1353/1353 1354/1354/1354 1352/1352/1352
f 1355/1355/1355 1356/1356/1356 1357/1357/1357
f 1357/1357/1357 1358/1358/1358 1355/1355/1355
f 1358/1358/1358 1357/1357/1357 1359/1359/1359
f 1359/1359/1359 1360/1360/1360 1358/1358/1358
f 1360/1360/1360 1359/1359/1359 1361/1361/1361
f 1361/1361/1361 1362/1362/1362 1360/1360/1360
f 1362/1362/1362 1361/1361/1361 1363/1363/1363
f 1363/1363/1363 1364/1364/1364 1362/1362/1362
f 1364/1364/1364 1363/1363/1363 1365/1365/1365
f 1365/1365/1365 1366/1366/1366 1364/1364/1364
f 1367/1367/1367 1366/1366/1366 1365/1365/1365
f 1365/1365/1365 1368/1368/1368 1367/1367/1367
f 1369/1369/1369 1370/1370/1370 1371/1371/1371
f 1371/1371/1371 1372/1372/1372 1369/1369/1369
f 1372/1372/1372 1371/1371/1371 1373/1373/1373
f 1373/1373/1373 1374/1374/1374 1372/1372/1372
f 1374/1374/1374 1373/1373/1373 1375/1375/1375
f 1375/1375/1375 1376/1376/1376 1374/1374/1374
f 1377/1377/1377 1378/1378/1378 1379/1379/1379
f 1379/1379/1379 1380/1380/1380 1377/1377/1377
f 1380/1380/1380 1379/1379/1379 1381/1381/1381
f 1381/1381/1381 1382/1382/1382 1380/1380/1380
f 1383/1383/1383 1384/1384/1384 1385/1385/1385
f 1385/1385/1385 1386/1386/1386 1383/1383/1383
f 1386/1386/1386 1385/1385/1385 1387/1387/1387
f 1387/1387/1387 1388/1388/1388 1386/1386/1386
f 1389/1389/1389 1390/1390/1390 1391/1391/1391
f 1392/1392/1392 1389/1389/1389 1391/1391/1391
f 1391/1391/1391 1393/1393/1393 1392/1392/1392
f 1394/1394/1394 1395/1395/1395 1396/1396/1396
f 1396/1396/1396 1397/1397/1397 1394/1394/1394
f 1397/1397/1397 1396/1396/1396 1398/1398/1398
f 1398/1398/1398 1399/1399/1399 1397/1397/1397
f 1400/1400/1400 1401/1401/1401 1402/1402/1402
f 1402/1402/1402 1403/1403/1403 1400/1400/1400
f 1403/1403/1403 1402/1402/1402 1404/1404/1404
f 1404/1404/1404 1405/1405/1405 1403/1403/1403
f 1406/1406/1406 1407/1407/1407 1408/1408/1408
f 1408/1408/1408 1409/1409/1409 1406/1406/1406
f 1408/1408/1408 1410/1410/1410 1409/1409/1409
f 1411/1411/1411 1412/1412/1412 1413/1413/1413
f 1413/1413/1413 1414/1414/1414 1411/1411/1411
f 1414/1414/1414 1413/1413/1413 1415/1415/1415
f 1415/1415/1415 1416/1416/1416 1414/1414/1414
f 1417/1417/1417 1416/1416/1416 1415/1415/1415
f 1415/1415/1415 1418/1418/1418 1417/1417/1417
f 1419/1419/1419 1417/1417/1417 1418/1418/1418
f 1418/1418/1418 1420/1420/1420 1419/1419/1419
f 1421/1421/1421 1422/1422/1422 1423/1423/1423
f 1423/1423/1423 1424/1424/1424 1421/1421/1421
f 1424/1424/1424 1423/1423/1423 1425/1425/1425
f 1425/1425/1425 1426/1426/1426 1424/1424/1424
f 1427/1427/1427 1426/1426/1426 1425/1425/1425
f 1425/1425/1425 1428/1428/1428 1427/1427/1427
f 1429/1429/1429 1430/1430/1430 1431/1431/1431
f 1430/1430/1430 1432/1432/1432 1431/1431/1431
f 1432/1432/1432 1433/1433/1433 1431/1431/1431
f 1434/1434/1434 1435/1435/1435 1436/1436/1436
f 1436/1436/1436 1437/1437/1437 1434/1434/1434
f 1437/1437/1437 1436/1436/1436 1438/1438/1438
f 1438/1438/1438 1439/1439/1439 1437/1437/1437
f 1439/1439/1439 1438/1438/1438 1440/1440/1440
f 1440/1440/1440 1441/1441/1441 1439/1439/1439
f 1441/1441/1441 1440/1440/1440 1442/1442/1442
f 1442/1442/1442 1443/1443/1443 1441/1441/1441
f 1443/1443/1443 1442/1442/1442 1444/1444/1444
f 1444/1444/1444 1445/1445/1445 1443/1443/1443
f 1446/1446/1446 1447/1447/1447 1448/1448/1448
f 1448/1448/1448 1449/1449/1449 1446/1446/1446
f 1449/1449/1449 1448/1448/1448 1450/1450/1450
f 1450/1450/1450 1451/1451/1451 1449/1449/1449
f 1452/1452/1452 1453/1453/1453 1454/1454/1454
f 1453/1453/1453 1455/1455/1455 1454/1454/1454
f 1455/1455/1455 1456/1456/1456 1454/1454/1454
f 1457/1457/1457 1458/1458/1458 1459/1459/1459
f 1458/1458/1458 1460/1460/1460 1459/1459/1459
f 1460/1460/1460 1461/1461/1461 1459/1459/1459
f 1462/1462/1462 1463/1463/1463 1464/1464/1464
f 1464/1464/1464 1465/1465/1465 1462/1462/1462
f 1465/1465/1465 1464/1464/1464 1466/1466/1466
f 1466/1466/1466 1467/1467/1467 1465/1465/1465
f 1467/1467/1467 1466/1466/1466 1468/1468/1468
f 1468/1468/1468 1469/1469/1469 1467/1467/1467
f 1470/1470/1470 1471/1471/1471 1472/1472/1472
f 1472/1472/1472 1473/1473/1473 1470/1470/1470
f 1473/1473/1473 1472/1472/1472 1474/1474/1474
f 1474/1474/1474 1475/1475/1475 1473/1473/1473
f 1474/1474/1474 1476/1476/1476 1475/1475/1475
f 1477/1477/1477 1478/1478/1478 1479/1479/1479
f 1479/1479/1479 1480/1480/1480 1477/1477/1477
f 1480/1480/1480 1479/1479/1479 1481/1481/1481
f 1481/1481/1481 1482/1482/1482 1480/1480/1480
f 1483/1483/1483 1484/1484/1484 1485/1485/1485
f 1485/1485/1485 1486/1486/1486 1483/1483/1483
f 1487/1487/1487 1485/1485/1485 1488/1488/1488
f 1489/1489/1489 1487/1487/1487 1488/1488/1488
f 1490/1490/1490 1491/1491/1491 1489/1489/1489
f 1489/1489/1489 1492/1492/1492 1490/1490/1490
f 1493/1493/1493 1492/1492/1492 1489/1489/1489
f 1493/1493/1493 1489/1489/1489 1488/1488/1488
f 1493/1493/1493 1488/1488/1488 1494/1494/1494
f 1494/1494/1494 1495/1495/1495 1493/1493/1493
f 1496/1496/1496 1497/1497/1497 1498/1498/1498
f 1497/1497/1497 1499/1499/1499 1498/1498/1498
f 1499/1499/1499 1500/1500/1500 1498/1498/1498
f 1501/1501/1501 1500/1500/1500 1499/1499/1499
f 1499/1499/1499 1502/1502/1502 1501/1501/1501
f 1501/1501/1501 1502/1502/1502 1503/1503/1503
f 1504/1504/1504 1503/1503/1503 1502/1502/1502
f 1502/1502/1502 1505/1505/1505 1504/1504/1504
f 1506/1506/1506 1507/1507/1507 1508/1508/1508
f 1508/1508/1508 1507/1507/1507 1509/1509/1509
f 1508/1508/1508 1509/1509/1509 1510/1510/1510
f 1510/1510/1510 1509/1509/1509 1511/1511/1511
f 1511/1511/1511 1512/1512/1512 1510/1510/1510
f 1511/1511/1511 1509/1509/1509 1513/1513/1513
f 1512/1512/1512 1511/1511/1511 1513/1513/1513
f 1513/1513/1513 1514/1514/1514 1512/1512/1512
f 1515/1515/1515 1514/1514/1514 1513/1513/1513
f 1513/1513/1513 1516/1516/1516 1515/1515/1515
f 1517/1517/1517 1515/1515/1515 1516/1516/1516
f 1516/1516/1516 1518/1518/1518 1517/1517/1517
f 1519/1519/1519 1520/1520/1520 1521/1521/1521
f 1521/1521/1521 1522/1522/1522 1519/1519/1519
f 1522/1522/1522 1521/1521/1521 1523/1523/1523
f 1523/1523/1523 1524/1524/1524 1522/1522/1522
f 1525/1525/1525 1526/1526/1526 1527/1527/1527
f 1527/1527/1527 1526/1526/1526 1528/1528/1528
f 1528/1528/1528 1529/1529/1529 1527/1527/1527
f 1530/1530/1530 1529/1529/1529 1528/1528/1528
f 1528/1528/1528 1531/1531/1531 1530/1530/1530
f 1532/1532/1532 1533/1533/1533 1534/1534/1534
f 1533/1533/1533 1535/1535/1535 1534/1534/1534
f 1535/1535/1535 1536/1536/1536 1534/1534/1534
f 1537/1537/1537 1538/1538/1538 1539/1539/1539
f 1537/1537/1537 1539/1539/1539 1540/1540/1540
f 1541/1541/1541 1537/1537/1537 1540/1540/1540
f 1542/1542/1542 1541/1541/1541 1540/1540/1540
f 1542/1542/1542 1540/1540/1540 1543/1543/1543
f 1543/1543/1543 1540/1540/1540 1544/1544/1544
f 1545/1545/1545 1542/1542/1542 1543/1543/1543
f 1544/1544/1544 1546/1546/1546 1543/1543/1543
f 1544/1544/1544 1547/1547/1547 1546/1546/1546
f 1544/1544/1544 1548/1548/1548 1547/1547/1547
f 1543/1543/1543 1549/1549/1549 1545/1545/1545
f 1549/1549/1549 1550/1550/1550 1545/1545/1545
f 1551/1551/1551 1552/1552/1552 1545/1545/1545
f 1545/1545/1545 1553/1553/1553 1551/1551/1551
f 1550/1550/1550 1553/1553/1553 1545/1545/1545
f 1554/1554/1554 1553/1553/1553 1550/1550/1550
f 1554/1554/1554 1550/1550/1550 1555/1555/1555
f 1555/1555/1555 1556/1556/1556 1554/1554/1554
f 1556/1556/1556 1557/1557/1557 1554/1554/1554
f 1558/1558/1558 1559/1559/1559 1560/1560/1560
f 1560/1560/1560 1561/1561/1561 1558/1558/1558
f 1562/1562/1562 1558/1558/1558 1561/1561/1561
f 1561/1561/1561 1563/1563/1563 1562/1562/1562
f 1564/1564/1564 1565/1565/1565 1566/1566/1566
f 1566/1566/1566 1567/1567/1567 1564/1564/1564
f 1568/1568/1568 1564/1564/1564 1567/1567/1567
f 1567/1567/1567 1569/1569/1569 1568/1568/1568
f 1568/1568/1568 1569/1569/1569 1570/1570/1570
f 1570/1570/1570 1571/1571/1571 1568/1568/1568
f 1572/1572/1572 1571/1571/1571 1570/1570/1570
f 1570/1570/1570 1573/1573/1573 1572/1572/1572
f 1574/1574/1574 1572/1572/1572 1573/1573/1573
f 1573/1573/1573 1575/1575/1575 1574/1574/1574
f 1576/1576/1576 1574/1574/1574 1575/1575/1575
f 1575/1575/1575 1577/1577/1577 1576/1576/1576
f 1578/1578/1578 1579/1579/1579 1580/1580/1580
f 1580/1580/1580 1581/1581/1581 1578/1578/1578
f 1582/1582/1582 1578/1578/1578 1581/1581/1581
f 1581/1581/1581 1583/1583/1583 1582/1582/1582
f 1584/1584/1584 1582/1582/1582 1583/1583/1583
f 1583/1583/1583 1585/1585/1585 1584/1584/1584
f 1586/1586/1586 1587/1587/1587 1588/1588/1588
f 1588/1588/1588 1589/1589/1589 1586/1586/1586
f 1590/1590/1590 1586/1586/1586 1589/1589/1589
f 1589/1589/1589 1591/1591/1591 1590/1590/1590
f 1592/1592/1592 1590/1590/1590 1591/1591/1591
f 1591/1591/1591 1593/1593/1593 1592/1592/1592
f 1594/1594/1594 1592/1592/1592 1593/1593/1593
f 1593/1593/1593 1595/1595/1595 1594/1594/1594
f 1594/1594/1594 1595/1595/1595 1596/1596/1596
f 1596/1596/1596 1597/1597/1597 1594/1594/1594
f 1598/1598/1598 1599/1599/1599 1600/1600/1600
f 1600/1600/1600 1601/1601/1601 1598/1598/1598
f 1602/1602/1602 1598/1598/1598 1601/1601/1601
f 1603/1603/1603 1604/1604/1604 1601/1601/1601
f 1601/1601/1601 1604/1604/1604 1605/1605/1605
f 1601/1601/1601 1606/1606/1606 1602/1602/1602
f 1605/1605/1605 1606/1606/1606 1601/1601/1601
f 1607/1607/1607 1602/1602/1602 1606/1606/1606
f 1606/1606/1606 1605/1605/1605 1608/1608/1608
f 1606/1606/1606 1609/1609/1609 1607/1607/1607
f 1608/1608/1608 1609/1609/1609 1606/1606/1606
f 1610/1610/1610 1611/1611/1611 1612/1612/1612
f 1613/1613/1613 1611/1611/1611 1610/1610/1610
f 1610/1610/1610 1614/1614/1614 1613/1613/1613
f 1615/1615/1615 1613/1613/1613 1614/1614/1614
f 1614/1614/1614 1616/1616/1616 1615/1615/1615
f 1617/1617/1617 1615/1615/1615 1616/1616/1616
f 1616/1616/1616 1618/1618/1618 1617/1617/1617
f 1619/1619/1619 1617/1617/1617 1618/1618/1618
f 1618/1618/1618 1620/1620/1620 1619/1619/1619
f 1621/1621/1621 1619/1619/1619 1620/1620/1620
f 1620/1620/1620 1622/1622/1622 1621/1621/1621
f 1623/1623/1623 1624/1624/1624 1625/1625/1625
f 1626/1626/1626 1625/1625/1625 1624/1624/1624
f 1624/1624/1624 1627/1627/1627 1626/1626/1626
f 1628/1628/1628 1629/1629/1629 1630/1630/1630
f 1630/1630/1630 1631/1631/1631 1628/1628/1628
f 1628/1628/1628 1631/1631/1631 1632/1632/1632
f 1631/1631/1631 1633/1633/1633 1632/1632/1632
f 1633/1633/1633 1634/1634/1634 1632/1632/1632
f 1634/1634/1634 1635/1635/1635 1632/1632/1632
f 1636/1636/1636 1637/1637/1637 1638/1638/1638
f 1638/1638/1638 1639/1639/1639 1636/1636/1636
f 1640/1640/1640 1636/1636/1636 1639/1639/1639
f 1639/1639/1639 1641/1641/1641 1640/1640/1640
f 1642/1642/1642 1643/1643/1643 1644/1644/1644
f 1644/1644/1644 1645/1645/1645 1642/1642/1642
f 1646/1646/1646 1642/1642/1642 1645/1645/1645
f 1645/1645/1645 1647/1647/1647 1646/1646/1646
f 1648/1648/1648 1649/1649/1649 1650/1650/1650
f 1650/1650/1650 1651/1651/1651 1648/1648/1648
f 1652/1652/1652 1648/1648/1648 1651/1651/1651
f 1651/1651/1651 1653/1653/1653 1652/1652/1652
f 1654/1654/1654 1655/1655/1655 1656/1656/1656
f 1656/1656/1656 1657/1657/1657 1654/1654/1654
f 1658/1658/1658 1654/1654/1654 1657/1657/1657
f 1657/1657/1657 1659/1659/1659 1658/1658/1658
f 1660/1660/1660 1658/1658/1658 1659/1659/1659
f 1659/1659/1659 1661/1661/1661 1660/1660/1660
f 1662/1662/1662 1660/1660/1660 1661/1661/1661
f 1661/1661/1661 1663/1663/1663 1662/1662/1662
f 1664/1664/1664 1662/1662/1662 1663/1663/1663
f 1663/1663/1663 1665/1665/1665 1664/1664/1664
f 1666/1666/1666 1667/1667/1667 1668/1668/1668
f 1668/1668/1668 1669/1669/1669 1666/1666/1666
f 1666/1666/1666 1669/1669/1669 1670/1670/1670
f 1671/1671/1671 1672/1672/1672 1673/1673/1673
f 1673/1673/1673 1674/1674/1674 1671/1671/1671
f 1675/1675/1675 1671/1671/1671 1674/1674/1674
f 1676/1676/1676 1675/1675/1675 1674/1674/1674
f 1675/1675/1675 1676/1676/1676 1677/1677/1677
f 1677/1677/1677 1678/1678/1678 1675/1675/1675
f 1679/1679/1679 1680/1680/1680 1681/1681/1681
f 1682/1682/1682 1681/1681/1681 1680/1680/1680
f 1680/1680/1680 1683/1683/1683 1682/1682/1682
f 1684/1684/1684 1682/1682/1682 1683/1683/1683
f 1683/1683/1683 1685/1685/1685 1684/1684/1684
f 1686/1686/1686 1687/1687/1687 1688/1688/1688
f 1688/1688/1688 1689/1689/1689 1686/1686/1686
f 1690/1690/1690 1686/1686/1686 1689/1689/1689
f 1689/1689/1689 1691/1691/1691 1690/1690/1690
f 1692/1692/1692 1693/1693/1693 1694/1694/1694
f 1694/1694/1694 1695/1695/1695 1692/1692/1692
f 1696/1696/1696 1692/1692/1692 1695/1695/1695
f 1695/1695/1695 1697/1697/1697 1696/1696/1696
f 1698/1698/1698 1696/1696/1696 1697/1697/1697
f 1697/1697/1697 1699/1699/1699 1698/1698/1698
f 1700/1700/1700 1701/1701/1701 1702/1702/1702
f 1702/1702/1702 1703/1703/1703 1700/1700/1700
f 1704/1704/1704 1700/1700/1700 1703/1703/1703
f 1703/1703/1703 1705/1705/1705 1704/1704/1704
f 1706/1706/1706 1704/1704/1704 1705/1705/1705
f 1705/1705/1705 1707/1707/1707 1706/1706/1706
f 1708/1708/1708 1709/1709/1709 1710/1710/1710
f 1710/1710/1710 1711/1711/1711 1708/1708/1708
f 1712/1712/1712 1708/1708/1708 1711/1711/1711
f 1711/1711/1711 1713/1713/1713 1712/1712/1712
f 1714/1714/1714 1715/1715/1715 1716/1716/1716
f 1715/1715/1715 1717/1717/1717 1716/1716/1716
f 1715/1715/1715 1718/1718/1718 1717/1717/1717
f 1718/1718/1718 1719/1719/1719 1717/1717/1717
f 1717/1717/1717 1719/1719/1719 1720/1720/1720
f 1721/1721/1721 1717/1717/1717 1720/1720/1720
f 1722/1722/1722 1723/1723/1723 1720/1720/1720
f 1723/1723/1723 1721/1721/1721 1720/1720/1720
f 1721/1721/1721 1723/1723/1723 1724/1724/1724
f 1721/1721/1721 1724/1724/1724 1725/1725/1725
f 1721/1721/1721 1725/1725/1725 1726/1726/1726
f 1727/1727/1727 1721/1721/1721 1726/1726/1726
f 1728/1728/1728 1729/1729/1729 1730/1730/1730
f 1730/1730/1730 1731/1731/1731 1728/1728/1728
f 1732/1732/1732 1728/1728/1728 1731/1731/1731
f 1731/1731/1731 1733/1733/1733 1732/1732/1732
f 1734/1734/1734 1735/1735/1735 1736/1736/1736
f 1736/1736/1736 1737/1737/1737 1734/1734/1734
f 1738/1738/1738 1734/1734/1734 1737/1737/1737
f 1737/1737/1737 1739/1739/1739 1738/1738/1738
f 1738/1738/1738 1739/1739/1739 1740/1740/1740
f 1740/1740/1740 1741/1741/1741 1738/1738/1738
f 1742/1742/1742 1743/1743/1743 1744/1744/1744
f 1744/1744/1744 1745/1745/1745 1742/1742/1742
f 1746/1746/1746 1742/1742/1742 1745/1745/1745
f 1745/1745/1745 1747/1747/1747 1746/1746/1746
f 1746/1746/1746 1747/1747/1747 1748/1748/1748
f 1748/1748/1748 1749/1749/1749 1746/1746/1746
f 1750/1750/1750 1749/1749/1749 1748/1748/1748
f 1748/1748/1748 1751/1751/1751 1750/1750/1750
f 1752/1752/1752 1750/1750/1750 1751/1751/1751
f 1751/1751/1751 1753/1753/1753 1752/1752/1752
f 1752/1752/1752 1753/1753/1753 1754/1754/1754
f 1754/1754/1754 1755/1755/1755 1752/1752/1752
f 1756/1756/1756 1757/1757/1757 1758/1758/1758
f 1759/1759/1759 1756/1756/1756 1758/1758/1758
f 1759/1759/1759 1758/1758/1758 1760/1760/1760
f 1760/1760/1760 1758/1758/1758 1761/1761/1761
f 1759/1759/1759 1760/1760/1760 1762/1762/1762
f 1762/1762/1762 1760/1760/1760 1761/1761/1761
f 1762/1762/1762 1763/1763/1763 1759/1759/1759
f 1763/1763/1763 1764/1764/1764 1765/1765/1765
f 1763/1763/1763 1762/1762/1762 1764/1764/1764
f 1762/1762/1762 1766/1766/1766 1764/1764/1764
f 1762/1762/1762 1761/1761/1761 1766/1766/1766
f 1761/1761/1761 1767/1767/1767 1766/1766/1766
f 1768/1768/1768 1769/1769/1769 1766/1766/1766
f 1767/1767/1767 1768/1768/1768 1766/1766/1766
f 1770/1770/1770 1768/1768/1768 1767/1767/1767
f 1767/1767/1767 1771/1771/1771 1770/1770/1770
f 1772/1772/1772 1773/1773/1773 1774/1774/1774
f 1774/1774/1774 1775/1775/1775 1772/1772/1772
f 1772/1772/1772 1775/1775/1775 1776/1776/1776
f 1776/1776/1776 1777/1777/1777 1772/1772/1772
f 1778/1778/1778 1779/1779/1779 1780/1780/1780
f 1780/1780/1780 1781/1781/1781 1778/1778/1778
f 1782/1782/1782 1781/1781/1781 1780/1780/1780
f 1780/1780/1780 1783/1783/1783 1782/1782/1782
f 1784/1784/1784 1785/1785/1785 1786/1786/1786
f 1786/1786/1786 1787/1787/1787 1784/1784/1784
f 1788/1788/1788 1787/1787/1787 1786/1786/1786
f 1786/1786/1786 1789/1789/1789 1788/1788/1788
f 1790/1790/1790 1791/1791/1791 1792/1792/1792
f 1792/1792/1792 1793/1793/1793 1790/1790/1790
f 1790/1790/1790 1793/1793/1793 1794/1794/1794
f 1794/1794/1794 1795/1795/1795 1790/1790/1790
f 1796/1796/1796 1797/1797/1797 1798/1798/1798
f 1798/1798/1798 1799/1799/1799 1796/1796/1796
f 1798/1798/1798 1800/1800/1800 1801/1801/1801
f 1801/1801/1801 1802/1802/1802 1798/1798/1798
f 1803/1803/1803 1804/1804/1804 1805/1805/1805
f 1805/1805/1805 1806/1806/1806 1803/1803/1803
f 1803/1803/1803 1806/1806/1806 1807/1807/1807
f 1807/1807/1807 1808/1808/1808 1803/1803/1803
f 1809/1809/1809 1810/1810/1810 1811/1811/1811
f 1811/1811/1811 1812/1812/1812 1809/1809/1809
f 1809/1809/1809 1812/1812/1812 1813/1813/1813
f 1812/1812/1812 1814/1814/1814 1813/1813/1813
f 1815/1815/1815 1809/1809/1809 1813/1813/1813
f 1813/1813/1813 1816/1816/1816 1815/1815/1815
f 1817/1817/1817 1815/1815/1815 1816/1816/1816
f 1818/1818/1818 1815/1815/1815 1817/1817/1817
f 1817/1817/1817 1816/1816/1816 1819/1819/1819
f 1819/1819/1819 1820/1820/1820 1817/1817/1817
f 1821/1821/1821 1822/1822/1822 1823/1823/1823
f 1823/1823/1823 1824/1824/1824 1821/1821/1821
f 1821/1821/1821 1824/1824/1824 1825/1825/1825
f 1825/1825/1825 1826/1826/1826 1821/1821/1821
f 1827/1827/1827 1828/1828/1828 1829/1829/1829
f 1829/1829/1829 1830/1830/1830 1827/1827/1827
f 1831/1831/1831 1830/1830/1830 1829/1829/1829
f 1829/1829/1829 1832/1832/1832 1831/1831/1831
f 1833/1833/1833 1834/1834/1834 1835/1835/1835
f 1835/1835/1835 1836/1836/1836 1833/1833/1833
f 1833/1833/1833 1836/1836/1836 1837/1837/1837
f 1837/1837/1837 1838/1838/1838 1833/1833/1833
f 1839/1839/1839 1840/1840/1840 1841/1841/1841
f 1841/1841/1841 1842/1842/1842 1839/1839/1839
f 1839/1839/1839 1842/1842/1842 1843/1843/1843
f 1843/1843/1843 1844/1844/1844 1839/1839/1839
f 1845/1845/1845 1846/1846/1846 1847/1847/1847
f 1847/1847/1847 1848/1848/1848 1845/1845/1845
f 1845/1845/1845 1848/1848/1848 1849/1849/1849
f 1849/1849/1849 1850/1850/1850 1845/1845/1845
f 1851/1851/1851 1852/1852/1852 1853/1853/1853
f 1853/1853/1853 1854/1854/1854 1851/1851/1851
f 1851/1851/1851 1854/1854/1854 1855/1855/1855
f 1855/1855/1855 1856/1856/1856 1851/1851/1851
f 1857/1857/1857 1858/1858/1858 1859/1859/1859
f 1859/1859/1859 1860/1860/1860 1857/1857/1857
f 1861/1861/1861 1857/1857/1857 1860/1860/1860
f 1860/1860/1860 1859/1859/1859 1862/1862/1862
f 1860/1860/1860 1863/1863/1863 1861/1861/1861
f 1864/1864/1864 1861/1861/1861 1863/1863/1863
f 1862/1862/1862 1865/1865/1865 1860/1860/1860
f 1865/1865/1865 1862/1862/1862 1866/1866/1866
f 1863/1863/1863 1867/1867/1867 1864/1864/1864
f 1868/1868/1868 1864/1864/1864 1867/1867/1867
f 1869/1869/1869 1863/1863/1863 1860/1860/1860
f 1860/1860/1860 1865/1865/1865 1869/1869/1869
f 1870/1870/1870 1867/1867/1867 1863/1863/1863
f 1867/1867/1867 1870/1870/1870 1868/1868/1868
f 1863/1863/1863 1869/1869/1869 1870/1870/1870
f 1870/1870/1870 1871/1871/1871 1868/1868/1868
f 1869/1869/1869 1865/1865/1865 1872/1872/1872
f 1866/1866/1866 1872/1872/1872 1865/1865/1865
f 1872/1872/1872 1866/1866/1866 1873/1873/1873
f 1873/1873/1873 1874/1874/1874 1872/1872/1872
f 1872/1872/1872 1874/1874/1874 1875/1875/1875
f 1872/1872/1872 1876/1876/1876 1869/1869/1869
f 1872/1872/1872 1875/1875/1875 1876/1876/1876
f 1870/1870/1870 1869/1869/1869 1876/1876/1876
f 1875/1875/1875 1877/1877/1877 1876/1876/1876
f 1876/1876/1876 1878/1878/1878 1870/1870/1870
f 1878/1878/1878 1876/1876/1876 1877/1877/1877
f 1878/1878/1878 1871/1871/1871 1870/1870/1870
f 1877/1877/1877 1879/1879/1879 1878/1878/1878
f 1878/1878/1878 1879/1879/1879 1871/1871/1871
f 1880/1880/1880 1881/1881/1881 1882/1882/1882
f 1880/1880/1880 1883/1883/1883 1881/1881/1881
f 1883/1883/1883 1884/1884/1884 1881/1881/1881
f 1880/1880/1880 1885/1885/1885 1883/1883/1883
f 1886/1886/1886 1887/1887/1887 1888/1888/1888
f 1887/1887/1887 1889/1889/1889 1888/1888/1888
f 1889/1889/1889 1890/1890/1890 1888/1888/1888
f 1887/1887/1887 1891/1891/1891 1889/1889/1889
f 1892/1892/1892 1893/1893/1893 1894/1894/1894
f 1894/1894/1894 1895/1895/1895 1892/1892/1892
f 1896/1896/1896 1895/1895/1895 1894/1894/1894
f 1896/1896/1896 1894/1894/1894 1897/1897/1897
f 1898/1898/1898 1897/1897/1897 1894/1894/1894
f 1899/1899/1899 1900/1900/1900 1901/1901/1901
f 1901/1901/1901 1902/1902/1902 1899/1899/1899
f 1903/1903/1903 1902/1902/1902 1901/1901/1901
f 1904/1904/1904 1902/1902/1902 1903/1903/1903
f 1901/1901/1901 1905/1905/1905 1903/1903/1903
f 1903/1903/1903 1906/1906/1906 1904/1904/1904
f 1907/1907/1907 1905/1905/1905 1901/1901/1901
f 1904/1904/1904 1906/1906/1906 1907/1907/1907
f 1901/1901/1901 1908/1908/1908 1907/1907/1907
f 1907/1907/1907 1908/1908/1908 1904/1904/1904
f 1909/1909/1909 1910/1910/1910 1911/1911/1911
f 1912/1912/1912 1913/1913/1913 1909/1909/1909
f 1911/1911/1911 1914/1914/1914 1909/1909/1909
f 1909/1909/1909 1914/1914/1914 1915/1915/1915
f 1914/1914/1914 1911/1911/1911 1916/1916/1916
f 1914/1914/1914 1917/1917/1917 1912/1912/1912
f 1918/1918/1918 1912/1912/1912 1917/1917/1917
f 1919/1919/1919 1917/1917/1917 1914/1914/1914
f 1917/1917/1917 1920/1920/1920 1918/1918/1918
f 1917/1917/1917 1919/1919/1919 1921/1921/1921
f 1921/1921/1921 1920/1920/1920 1917/1917/1917
f 1922/1922/1922 1923/1923/1923 1924/1924/1924
f 1924/1924/1924 1925/1925/1925 1922/1922/1922
f 1922/1922/1922 1925/1925/1925 1926/1926/1926
f 1927/1927/1927 1925/1925/1925 1924/1924/1924
f 1926/1926/1926 1925/1925/1925 1927/1927/1927
f 1924/1924/1924 1928/1928/1928 1927/1927/1927
f 1927/1927/1927 1929/1929/1929 1926/1926/1926
f 1930/1930/1930 1927/1927/1927 1928/1928/1928
f 1929/1929/1929 1927/1927/1927 1930/1930/1930
f 1928/1928/1928 1931/1931/1931 1930/1930/1930
f 1930/1930/1930 1932/1932/1932 1929/1929/1929
f 1933/1933/1933 1930/1930/1930 1931/1931/1931
f 1932/1932/1932 1930/1930/1930 1933/1933/1933
f 1931/1931/1931 1934/1934/1934 1933/1933/1933
f 1933/1933/1933 1935/1935/1935 1932/1932/1932
f 1936/1936/1936 1933/1933/1933 1934/1934/1934
f 1935/1935/1935 1933/1933/1933 1936/1936/1936
f 1934/1934/1934 1937/1937/1937 1936/1936/1936
f 1936/1936/1936 1938/1938/1938 1935/1935/1935
