v 0.607724 0.682058 0.19792299999999993
v 0.652735 0.587048 -0.031666000000000034
v 0.655204 0.515434 -0.016885000000000032
v 0.594756 0.57579 0.23297999999999996
v 0.574174 0.683764 0.19464799999999993
v 0.561206 0.577496 0.22970499999999996
v 0.621655 0.51714 -0.02015900000000003
v 0.619185 0.588753 -0.034941000000000035
v -0.837223 -0.483559 -0.14357799999999998
v -0.867835 -0.496845 -0.12743699999999997
v -0.899534 -0.511721 -0.13960199999999998
v -0.913751 -0.519474 -0.17294699999999996
v -0.902158 -0.515562 -0.20793899999999998
v -0.871546 -0.502276 -0.22407899999999997
v -0.839847 -0.487399 -0.21191399999999996
v -0.82563 -0.479646 -0.17856899999999998
v -0.846639 -0.46284 -0.14438099999999998
v -0.87725 -0.476126 -0.12823999999999997
v -0.90895 -0.491003 -0.14040499999999997
v -0.923167 -0.498756 -0.17374999999999996
v -0.911574 -0.494844 -0.20874199999999998
v -0.880961 -0.481557 -0.22488199999999997
v -0.849263 -0.466681 -0.21271699999999996
v -0.835046 -0.458927 -0.17937199999999998
v 1.157404 -0.05901799999999996 0.72498
v 0.235107 0.694582 0.028226999999999957
v 0.79416 0.663873 0.12722599999999998
v 0.207302 0.651228 0.029564999999999963
v 0.820835 0.62538 0.14132999999999998
v 0.229381 0.699844 0.053414999999999956
v 0.788434 0.669134 0.15241299999999997
v 0.201577 0.65649 0.05475299999999996
v 0.81511 0.630642 0.16651799999999997
v 0.780728 0.579936 -0.017309000000000036
v 0.78693 0.508647 -0.002064000000000031
v 0.742901 0.674746 0.21281799999999998
v 0.735624 0.568222 0.24873199999999998
v 0.747104 0.579936 -0.020250000000000035
v 0.753306 0.508647 -0.005005000000000031
v 0.709277 0.674746 0.20987599999999998
v 0.702 0.568222 0.24578999999999998
v 0.475285 0.713025 0.18216999999999994
v 0.509012 0.617948 -0.04848300000000003
v 0.508917 0.546223 -0.03404200000000004
v 0.460282 0.6071 0.19544799999999998
v 0.441838 0.715898 0.17867499999999994
v 0.426834 0.609973 0.19195199999999998
v 0.475469 0.549096 -0.03753800000000004
v 0.475564 0.620821 -0.05197900000000003
v 0.288398 0.736579 0.16296699999999995
v 0.322191 0.641504 -0.06767800000000004
v 0.322198 0.569781 -0.053223000000000034
v 0.271697 0.630638 0.19742899999999997
v 0.254946 0.739406 0.15947899999999995
v 0.238245 0.633465 0.19394099999999997
v 0.288745 0.572608 -0.05671000000000004
v 0.288738 0.64433 -0.07116500000000005
v 0.110076 0.736579 0.07439499999999996
v 0.143868 0.641503 -0.15624900000000003
v 0.143875 0.569781 -0.14179500000000003
v 0.093374 0.630638 0.10885699999999995
v 0.076623 0.739406 0.07090799999999996
v 0.059922 0.633465 0.10536999999999996
v 0.110422 0.572608 -0.14528200000000002
v 0.110416 0.64433 -0.15973600000000002
v -0.061921 0.736579 0.022585999999999953
v -0.028129 0.641503 -0.20805800000000002
v -0.028122 0.569781 -0.19360300000000003
v -0.078622 0.630638 0.05704799999999996
v -0.095373 0.739406 0.019098999999999956
v -0.112075 0.633465 0.053560999999999956
v -0.061574 0.572608 -0.19709100000000002
v -0.061581 0.644331 -0.21154500000000004
v 0.583473 -0.316662 0.12672700000000003
v 0.589501 -0.230067 0.10998700000000002
v 0.626167 -0.17244 -0.045720999999999984
v 0.619173 -0.262326 -0.028501999999999982
v 0.524143 -0.20290799999999998 0.338634
v 0.534141 -0.314238 0.348263
v 0.550608 -0.312025 0.12058800000000001
v 0.586309 -0.257689 -0.034640999999999984
v 0.593303 -0.167803 -0.051858999999999995
v 0.556637 -0.22543 0.10384800000000001
v 0.491279 -0.19827099999999998 0.332496
v 0.501277 -0.309602 0.342125
v 0.755453 -0.335031 0.16200000000000003
v 0.786863 -0.28068 0.005852000000000018
v 0.789226 -0.19075 -0.012363999999999988
v 0.75702 -0.24843 0.14430700000000002
v 0.713003 -0.22417599999999996 0.402143
v 0.728595 -0.334766 0.412812
v 0.72234 -0.33209 0.15616200000000002
v 0.753749 -0.277738 1.3000000000017006E-05
v 0.756113 -0.187808 -0.01820299999999999
v 0.723907 -0.245489 0.13846800000000004
v 0.67989 -0.22123399999999996 0.396305
v 0.695482 -0.331825 0.406974
v 0.42 -0.27183 0.050844000000000014
v 0.429079 -0.185373 0.034784000000000016
v 0.468794 -0.127916 -0.12023799999999998
v 0.458635 -0.217633 -0.10372999999999999
v 0.383386 -0.15985099999999997 0.29049
v 0.389538 -0.271523 0.299369
v 0.387357 -0.266037 0.04451200000000002
v 0.425992 -0.21184 -0.11006199999999998
v 0.43615 -0.12212300000000001 -0.12657
v 0.396436 -0.17958 0.028452000000000012
v 0.350743 -0.15405799999999997 0.284158
v 0.356894 -0.26573 0.293037
v 0.222409 -0.229843 -0.04897899999999999
v 0.231367 -0.143378 -0.06506699999999999
v 0.270961 -0.08591300000000002 -0.220116
v 0.260928 -0.175639 -0.203579
v 0.145804 -0.11417399999999998 0.173079
v 0.152107 -0.225835 0.181988
v 0.189756 -0.224096 -0.055303999999999985
v 0.228275 -0.169892 -0.209904
v 0.238309 -0.08016600000000002 -0.22644
v 0.198714 -0.137631 -0.07139099999999998
v 0.113151 -0.10842599999999998 0.166755
v 0.119455 -0.220088 0.175664
v 0.288674 -0.212232 0.125371
v 0.315126 -0.251691 0.13700900000000002
v 0.864189 -0.284427 0.281028
v 0.893148 -0.24191799999999997 0.278053
v 0.283809 -0.207957 0.150924
v 0.888283 -0.23764399999999997 0.303606
v 0.859324 -0.280153 0.30658
v 0.310261 -0.247417 0.16256100000000004
v 0.196577 -0.214389 -0.04564099999999999
v 0.225056 -0.253431 -0.038097999999999986
v 0.890189 -0.276407 0.13845400000000002
v 0.916834 -0.232356 0.14045300000000002
v 0.191363 -0.213206 -0.019828999999999986
v 0.911619 -0.231173 0.16626600000000002
v 0.884974 -0.275224 0.16426600000000002
v 0.219841 -0.252248 -0.012285999999999984
v 0.052896 -0.229565 -0.13997799999999996
v 0.061854 -0.1431 -0.156065
v 0.101449 -0.08563500000000002 -0.311114
v 0.091415 -0.17536100000000002 -0.294578
v -0.023709 -0.113896 0.08208100000000002
v -0.017405 -0.225556 0.09099000000000002
v 0.020243 -0.223818 -0.146302
v 0.058763 -0.16961300000000004 -0.300902
v 0.068796 -0.07988800000000001 -0.317439
v 0.029202 -0.137353 -0.16239
v -0.056361 -0.108148 0.075756
v -0.050058 -0.219809 0.08466500000000002
v -0.261845 0.660952 -0.09424600000000004
v -0.813971 0.38326 -0.24428900000000003
v -0.701553 0.575978 0.0006299999999999648
v -1.197869 0.290301 0.356697
v -1.118284 0.192535 0.014703999999999988
v -0.189378 -0.213874 0.144328
v -0.249913 0.590718 -0.07742500000000004
v -1.328751 0.36075700000000005 0.712928
v -0.206727 -0.155526 0.02838300000000001
v -0.265837 0.558047 -0.16621500000000003
v -0.382679 0.53733 -0.34905700000000006
v -0.772808 0.495036 -0.14890400000000004
v -1.163631 0.239111 0.19343899999999997
v -0.953701 0.453218 0.295725
v -0.963686 0.488554 0.40804699999999994
v -1.1547 0.3311740000000001 0.610558
v -0.932544 0.11260900000000003 0.510571
v -1.104522 0.156781 -0.05618100000000001
v -1.372849 0.3952490000000001 0.719253
v -1.218716 0.3878670000000001 0.629767
v -1.071133 0.183676 -0.02928500000000001
v -1.098421 0.083143 -0.036099000000000006
v -1.367471 0.33032300000000003 0.736959
v -1.210318 0.28647300000000003 0.657418
v -1.062732 0.082281 -0.001634000000000005
v -1.17893 0.323802 0.420325
v -1.170531 0.22240700000000002 0.447977
v -1.257968 0.309007 0.443179
v -1.251868 0.23536900000000002 0.463261
v -0.257704 0.696113 -0.08828300000000004
v -0.655798 0.586228 0.10042099999999995
v -0.594433 0.568415 0.20531199999999997
v -0.247121 0.64216 -0.07590100000000004
v -0.449805 -0.14163599999999998 0.235261
v -0.510015 0.550613 0.04010799999999996
v -0.633684 0.510167 0.06528899999999997
v -0.546141 -0.014579999999999977 0.364301
v -0.611084 0.620802 0.19572199999999998
v -0.512312 0.613696 0.02924799999999996
v -0.47549 0.638793 0.09180499999999996
v -0.470861 0.582565 0.10707399999999996
v -0.252166 0.700394 -0.07647800000000005
v -0.241582 0.646441 -0.06409700000000004
v -0.465323 0.586846 0.11887799999999996
v -1.15646 0.32129100000000005 0.594656
v -1.162327 0.29783300000000007 0.59575
v -1.197078 0.28824900000000003 0.572885
v -1.199737 0.3311970000000001 0.561227
v -1.164987 0.34078100000000006 0.584092
v -1.360493 0.37897200000000003 0.779186
v -1.36636 0.3555130000000001 0.780279
v -1.40111 0.34592900000000004 0.757414
v -1.403769 0.38887700000000003 0.745756
v -1.369019 0.39846100000000007 0.768621
v -1.462508 0.40781300000000004 0.889975
v -1.468375 0.38435400000000003 0.891068
v -1.503126 0.37477000000000005 0.868203
v -1.505786 0.41771800000000003 0.856545
v -1.471035 0.42730200000000007 0.87941
v -1.578168 0.41973000000000005 0.99426
v -1.598863 0.41402300000000003 0.980643
v -1.600447 0.4396010000000001 0.9737
v -1.579752 0.44530800000000004 0.987317
v -0.586861 -0.055074999999999985 0.219436
v -0.469952 0.643074 0.10360899999999997
v -0.546255 -0.013186999999999978 0.363921
v -0.554295 -0.06474699999999997 0.382678
v -0.407528 -0.04345199999999998 0.32014
v -0.136362 -0.10311399999999998 0.235227
v -0.138041 -0.15665699999999996 0.252161
v -0.457576 -0.08242899999999999 0.212745
v -0.189066 -0.143829 0.12289400000000002
v -0.141901 -0.10739499999999999 0.223423
v -0.14358 -0.16093799999999997 0.240357
v -0.413066 -0.04773299999999998 0.308335
v -0.408383 -0.10391799999999998 0.323722
v -0.452372 -0.12168799999999999 0.22768
v -0.406998 -0.08661499999999998 0.324388
v -0.189286 -0.190378 0.137143
v -0.140018 -0.15229399999999998 0.242152
v -0.465323 0.586846 0.11887799999999996
v -0.469952 0.643074 0.10360899999999997
v -0.402842 -0.09966599999999999 0.335534
v -0.407528 -0.04345199999999998 0.32014
v -0.449805 -0.14163599999999998 0.235261
v -0.512312 0.613696 0.02924799999999996
v -0.402842 -0.09966599999999999 0.335534
v -0.407528 -0.04345199999999998 0.32014
v -0.633684 0.510167 0.06528899999999997
v -0.586861 -0.055074999999999985 0.219436
v -1.116883 0.106078 0.040478999999999994
v -1.191188 0.20965300000000003 0.378691
v -0.372376 -0.24775700000000003 -0.25543
v -0.223213 -0.267712 0.07471300000000002
v -0.774816 -0.158957 -0.09422399999999999
v -0.640838 -0.156967 0.200512
v -0.188947 -0.145265 0.12328500000000002
v -1.157053 0.159702 0.215095
v -0.315078 -0.278758 -0.12650099999999997
v -0.716556 -0.184044 0.036288000000000015
v -0.922559 0.07727300000000002 0.398249
v -0.598893 -0.10073599999999999 0.287763
v -0.458049 -0.08454999999999999 0.212645
v -0.554178 -0.06616099999999997 0.383064
v -0.407352 -0.04522199999999998 0.320687
v -0.402842 -0.09966599999999999 0.335534
v -0.189176 -0.167104 0.130018
v -0.139908 -0.12901999999999997 0.235028
v -0.454974 -0.10205799999999998 0.220213
v -0.4096 -0.06698499999999999 0.316921
v -0.189378 -0.213874 0.144328
v -0.932544 0.11260900000000003 0.510571
v -1.367471 0.33032300000000003 0.736959
v -0.546141 -0.014579999999999977 0.364301
v -0.586861 -0.055074999999999985 0.219436
v -0.449805 -0.14163599999999998 0.235261
v -0.29986 0.657563 -0.17761900000000003
v -0.265837 0.558047 -0.16621500000000003
v -0.265837 0.558047 -0.16621500000000003
v -0.206727 -0.155526 0.02838300000000001
v -0.336653 -0.171219 -0.199059
v -0.820294 -0.061071999999999994 0.119115
v -0.924975 0.04062999999999999 -0.09915
v -0.358935 0.447139 -0.344519
v -0.448653 0.544926 -0.13534300000000002
v -0.54175 0.434018 -0.313647
v -0.847951 0.383239 0.08913699999999997
v -0.948505 0.268663 -0.12899000000000002
v -0.061374 -0.227242 0.014218000000000014
v -0.076844 -0.19068 0.002716000000000012
v -0.23325 -0.175182 0.08104300000000002
v -0.239178 -0.218687 0.08944900000000001
v -0.058946 -0.220056 0.03631200000000001
v -0.23675 -0.211499 0.11154400000000002
v -0.230822 -0.167995 0.10313700000000002
v -0.074416 -0.183493 0.02481000000000001
v -0.223012 0.041074 -0.025232000000000004
v -0.427418 0.05596400000000001 0.090075
v -0.451823 0.365159 0.0050449999999999775
v -0.248994 0.354726 -0.11076800000000003
v -0.368409 0.01979999999999999 -0.142825
v -0.427418 0.05596400000000001 0.090075
v -0.451823 0.365159 0.0050449999999999775
v -0.394391 0.333453 -0.22836100000000004
v -1.224329 0.44116900000000003 0.545171
v -0.646231 0.679633 0.14429899999999998
v -1.107226 0.0041140000000000395 0.656381
v -0.434763 -0.10961099999999997 0.345124
v -1.201708 0.46208400000000005 0.593981
v -0.626672 0.697716 0.18650199999999995
v -1.084605 0.02502900000000004 0.705191
v -0.415204 -0.09152699999999997 0.387327
v -1.156949 0.44824600000000003 0.575867
v -0.657334 0.643157 0.21416199999999996
v -0.471306 -0.05113999999999998 0.390827
v -1.049415 0.046906000000000045 0.677989
v -1.135584 0.4314140000000001 0.566204
v -0.676124 0.599837 0.24426699999999998
v -0.512149 -0.012161999999999975 0.399991
v -1.037241 0.06437500000000004 0.659598
v -0.617562 0.494718 0.25193299999999996
v -0.646252 0.488347 0.27263599999999993
v -0.511079 0.09729800000000002 0.353056
v -0.542021 0.09932800000000003 0.371622
v -1.113541 0.48877500000000007 0.670837
v -0.551686 0.555914 0.39502899999999996
v -0.581289 0.548077 0.41170699999999993
v -0.477039 0.15905900000000003 0.510682
v -0.611161 0.659566 0.38333799999999996
v -1.089381 0.47362100000000007 0.664209
v -0.445203 0.15849400000000002 0.496154
v -0.591458 0.704352 0.35725899999999994
v -0.573747 0.638248 0.37407899999999994
v -0.603017 0.629169 0.3910719999999999
v -1.082637 0.4484520000000001 0.670614
v -1.057072 0.3530380000000001 0.694892
v -1.076291 0.34974800000000006 0.706213
v -1.101268 0.44296800000000003 0.682492
v -1.004552 0.533779 0.605374
v -0.901875 0.576176 0.543704
v -0.800292 0.618121 0.48268999999999995
v -0.698828 0.660017 0.42174799999999996
v -0.689435 0.629131 0.42930999999999997
v -0.790015 0.590023 0.48838399999999993
v -0.901145 0.546812 0.553653
v -0.996933 0.509567 0.609912
v -0.870312 0.603464 0.610099
v -0.768729 0.645409 0.549085
v -0.758453 0.61731 0.554779
v -0.869583 0.5741 0.620049
v -0.580067 0.688655 0.44927599999999995
v -0.65834 0.65822 0.49524899999999994
v -0.667733 0.689106 0.48768599999999995
v -0.560363 0.733441 0.42319699999999993
v -0.542651 0.667337 0.44001799999999996
v -0.571922 0.658258 0.45701099999999995
v -1.054881 0.500453 0.729568
v -1.048137 0.47528400000000004 0.735972
v -1.022573 0.37987000000000004 0.76025
v -1.041791 0.37657900000000005 0.771571
v -1.066769 0.46980000000000005 0.747851
v -1.079042 0.515607 0.736195
v -0.970053 0.56061 0.670733
v -0.962434 0.536399 0.675271
v -0.939191 0.569517 0.518178
v -0.799972 0.638771 0.536062
v -0.893999 0.607263 0.591503
v -0.924931 0.554815 0.42361099999999996
v -0.876365 0.579879 0.4338469999999999
v -0.939098 0.559456 0.47348599999999996
v -0.836172 0.604941 0.46142999999999995
v -1.113541 0.48877500000000007 0.670837
v -0.447167 0.047569000000000035 0.539051
v -0.611161 0.659566 0.38333799999999996
v -1.089381 0.47362100000000007 0.664209
v -1.006007 0.08743400000000004 0.772959
v -0.591458 0.704352 0.35725899999999994
v -0.40543 0.010055000000000033 0.533925
v -0.991037 0.10658200000000004 0.757603
v -0.646252 0.488347 0.27263599999999993
v -0.542021 0.09932800000000003 0.371622
v -0.581289 0.548077 0.41170699999999993
v -0.477039 0.15905900000000003 0.510682
v -0.447167 0.047569000000000035 0.539051
v -0.611161 0.659566 0.38333799999999996
v -1.089381 0.47362100000000007 0.664209
v -0.991037 0.10658200000000004 0.757603
v -1.201708 0.46208400000000005 0.593981
v -0.626672 0.697716 0.18650199999999995
v -1.084605 0.02502900000000004 0.705191
v -0.415204 -0.09152699999999997 0.387327
v -1.156949 0.44824600000000003 0.575867
v -0.657334 0.643157 0.21416199999999996
v -1.113541 0.48877500000000007 0.670837
v -0.591458 0.704352 0.35725899999999994
v -1.004552 0.533779 0.605374
v -0.901875 0.576176 0.543704
v -0.800292 0.618121 0.48268999999999995
v -0.698828 0.660017 0.42174799999999996
v -0.870312 0.603464 0.610099
v -0.768729 0.645409 0.549085
v -0.667733 0.689106 0.48768599999999995
v -0.560363 0.733441 0.42319699999999993
v -1.079042 0.515607 0.736195
v -0.970053 0.56061 0.670733
v -1.113541 0.48877500000000007 0.670837
v -0.591458 0.704352 0.35725899999999994
v -1.049415 0.046906000000000045 0.677989
v -1.101268 0.44296800000000003 0.682492
v -1.066769 0.46980000000000005 0.747851
v -1.079042 0.515607 0.736195
v -1.113541 0.48877500000000007 0.670837
v -1.006007 0.08743400000000004 0.772959
v -0.471306 -0.05113999999999998 0.390827
v -1.006007 0.08743400000000004 0.772959
v -0.40543 0.010055000000000033 0.533925
v -0.617562 0.494718 0.25193299999999996
v -0.511079 0.09729800000000002 0.353056
v -0.551686 0.555914 0.39502899999999996
v -0.445203 0.15849400000000002 0.496154
v -0.573747 0.638248 0.37407899999999994
v -0.560363 0.733441 0.42319699999999993
v -0.542651 0.667337 0.44001799999999996
v -0.591458 0.704352 0.35725899999999994
v -0.40543 0.010055000000000033 0.533925
v -0.415975 0.07565700000000004 0.605313
v -0.374221 0.03814400000000003 0.600175
v -0.391933 0.10424900000000004 0.583355
v -0.42412 0.10605400000000004 0.597578
v -0.497733 0.054058000000000044 0.649334
v -0.504991 0.08531600000000004 0.641083
v -0.447391 0.04776700000000003 0.53907
v -0.536408 0.05742600000000003 0.57484
v -0.529149 0.026168000000000035 0.583091
v -0.529149 0.026168000000000035 0.583091
v -0.405637 0.010254000000000032 0.533932
v -0.374221 0.03814400000000003 0.600175
v -0.497733 0.054058000000000044 0.649334
v -0.405637 0.010254000000000032 0.533932
v -0.423349 0.07635900000000002 0.517111
v -0.391933 0.10424900000000004 0.583355
v -0.374221 0.03814400000000003 0.600175
v -0.423349 0.07635900000000002 0.517111
v -0.455536 0.07816400000000003 0.531335
v 0.294763 0.115048 0.030666999999999993
v 0.296595 0.111342 0.009727999999999994
v 0.754357 0.155959 0.02059499999999999
v 0.752525 0.159665 0.041533999999999995
v 0.299326 0.052658 0.042109
v 0.757088 0.097275 0.052975999999999995
v 0.75892 0.093568 0.032036999999999996
v 0.301158 0.048952 0.021169999999999998
v 0.268718 0.006086000000000006 0.093963
v 0.266942 0.0032090000000000044 0.07289
v 0.686297 0.262738 -0.01781200000000002
v 0.688073 0.265616 0.0032619999999999837
v 0.295854 -0.05116199999999999 0.099493
v 0.71521 0.208368 0.008790999999999988
v 0.713434 0.20549 -0.012282000000000012
v 0.294078 -0.05403899999999999 0.078419
v 0.105514 0.511544 0.03066699999999997
v 0.101393 0.511874 0.00972799999999997
v -0.095332 0.096139 0.020594999999999992
v -0.091211 0.095808 0.041533999999999995
v 0.049632 0.539659 0.042108999999999966
v -0.147094 0.123924 0.052975999999999995
v -0.151215 0.124254 0.032036999999999996
v 0.045511 0.53999 0.021169999999999967
v -0.155639 0.625174 0.026945999999999963
v -0.157196 0.628176 0.005872999999999962
v -0.149775 0.135063 -0.0013320000000000083
v -0.148218 0.132062 0.019740999999999995
v -0.218698 0.631278 0.032475999999999956
v -0.211277 0.138165 0.02527099999999999
v -0.212834 0.141167 0.0041969999999999915
v -0.220255 0.634279 0.011401999999999963
v 0.884584 0.329115 0.257396
v 1.086325 0.41778300000000007 0.54689
v 1.138945 0.42546900000000004 0.559619
v 0.947669 0.339322 0.276691
v 0.884581 0.329147 0.25739
v 0.947666 0.339355 0.276684
v 1.138942 0.42550200000000005 0.559613
v 1.086322 0.4178160000000001 0.546883
v 1.121377 0.18980400000000003 0.566237
v 1.12478 0.18637900000000002 0.551116
v 1.105849 0.40504100000000004 0.509352
v 1.102446 0.4084650000000001 0.524473
v 1.050968 0.40207200000000004 0.516601
v 0.968793 0.211707 -0.210802
v 0.932587 0.486099 -0.16765100000000002
v 0.840564 0.687901 0.14001599999999995
v 1.667087 0.639934 0.49040999999999996
v 1.646767 0.642841 0.37133199999999994
v 1.607975 0.460502 0.01651499999999997
v 1.604489 0.220954 -0.10132600000000001
v 0.904274 -0.263068 0.41622
v 1.700899 -0.02212999999999997 0.515813
v 1.719464 0.034983000000000035 0.605954
v 1.644855 -0.03659199999999999 0.110382
v 1.612942 0.123322 -0.08267800000000002
v 1.608715 0.172138 -0.09200200000000001
v 0.82219 0.685019 0.23513799999999996
v 1.636023 0.575061 0.49638999999999994
v 1.678034 0.08983200000000004 0.589067
v 1.636576 0.655533 0.635504
v 1.604079 0.607208 0.638323
v 1.64609 0.12197600000000004 0.731001
v 1.686174 0.08266900000000005 0.744919
v 0.828388 0.587608 0.19676099999999996
v 1.619552 0.548316 0.42516799999999993
v 1.660284 0.07786100000000003 0.515023
v 0.896045 -0.19384099999999999 0.346015
v 0.891584 0.593997 -0.06085200000000004
v 1.614717 0.589242 0.14038399999999998
v 1.673681 -0.09180099999999998 0.270461
v 0.818287 0.637683 0.22348399999999996
v 0.817565 0.581884 0.23317099999999996
v 1.183817 -0.16078599999999998 0.481271
v 1.144853 0.571891 0.28812399999999994
v 1.201741 -0.08515999999999997 0.413619
v 1.201404 -0.08126799999999998 0.412875
v 1.203928 -0.08438199999999997 0.414102
v 1.080694 0.6861 0.4687779999999999
v 1.08359 0.683185 0.45591099999999996
v 1.085457 0.631089 0.47928499999999996
v 1.088353 0.628175 0.46641699999999997
v 0.8229 0.612671 0.24798599999999998
v 0.815391 0.640597 0.23635199999999998
v 0.814669 0.584798 0.24603899999999998
v 1.111926 0.669554 0.32267799999999996
v 1.145062 -0.05735999999999997 0.610777
v 1.686051 0.08409100000000004 0.744648
v 1.645967 0.12340000000000004 0.730729
v 1.176861 -0.08936099999999997 0.469396
v 0.892556 -0.19185999999999998 0.401649
v 1.080694 0.6861 0.4687779999999999
v 1.085457 0.631089 0.47928499999999996
v 1.145062 -0.05735999999999997 0.610777
v 1.14986 -0.11277399999999996 0.621361
v 1.183817 -0.16078599999999998 0.481271
v 1.14986 -0.11277399999999996 0.621361
v 1.117259 0.599052 0.33791099999999996
v 1.111926 0.669554 0.32267799999999996
v 1.145062 -0.05735999999999997 0.610777
v 0.828388 0.587608 0.19676099999999996
v 1.619552 0.548316 0.42516799999999993
v 1.660284 0.07786100000000003 0.515023
v 1.144853 0.571891 0.28812399999999994
v 0.904496 0.09912800000000001 0.301323
v 1.106237 0.18779600000000002 0.590816
v 1.158857 0.19548300000000002 0.603546
v 0.967581 0.10933500000000002 0.320617
v 0.904505 0.09902600000000002 0.301342
v 0.96759 0.10923300000000001 0.320637
v 1.158866 0.19538100000000003 0.603566
v 1.106246 0.18769400000000003 0.590836
v 1.063562 0.16329100000000002 0.478792
v 1.066965 0.15986600000000004 0.463671
v 0.953261 0.13209100000000001 0.390768
v 1.004739 0.13848400000000002 0.398641
v 1.008142 0.13506000000000004 0.38352
v 0.923792 0.11928100000000003 0.349057
v 0.97527 0.12567400000000004 0.35693
v 0.978673 0.12225000000000003 0.341808
v 0.989187 -0.02384600000000001 -0.165812
v 0.990556 -0.254571 -0.027261999999999988
v 0.926843 -0.308622 0.33035
v 0.892682 -0.19331899999999996 0.401928
v 0.96981 -0.309522 0.11171800000000001
v 1.14986 -0.11277399999999996 0.621361
v 1.176768 -0.09089899999999997 0.469623
v 1.145186 -0.058774999999999966 0.611048
v 1.048034 0.378528 0.421907
v 1.044631 0.381952 0.437028
v 0.989211 0.353722 0.341756
v 0.985808 0.357146 0.356877
v 0.93433 0.350753 0.349004
v 0.959742 0.340912 0.300044
v 0.956338 0.344336 0.315166
v 0.90486 0.337943 0.307293
v 0.904274 -0.263068 0.41622
v 1.700899 -0.02212999999999997 0.515813
v 1.719464 0.034983000000000035 0.605954
v 1.644855 -0.03659199999999999 0.110382
v 1.612942 0.123322 -0.08267800000000002
v 1.678034 0.08983200000000004 0.589067
v 1.64609 0.12197600000000004 0.731001
v 1.686174 0.08266900000000005 0.744919
v 1.660284 0.07786100000000003 0.515023
v 0.896045 -0.19384099999999999 0.346015
v 1.673681 -0.09180099999999998 0.270461
v 1.183817 -0.16078599999999998 0.481271
v 1.201741 -0.08515999999999997 0.413619
v 1.203928 -0.08438199999999997 0.414102
v 1.019518 0.366147 0.381607
v 1.016114 0.369572 0.396728
v 1.08007 0.39180400000000004 0.464607
v 1.025189 0.38883500000000004 0.471856
v 1.076667 0.3952280000000001 0.479729
v 1.038449 0.14748500000000003 0.423371
v 1.035046 0.15091000000000002 0.438492
v 1.099001 0.17314200000000002 0.506371
v 1.095598 0.17656700000000003 0.521493
v 0.900222 -0.20022099999999998 0.32039
v 0.832565 0.581228 0.17113499999999998
v 0.962356 -0.223432 0.09527500000000001
v 0.983553 -0.165097 -0.044220999999999996
v 0.897753 0.522747 -0.047243000000000035
v 0.940371 0.386634 -0.14879800000000004
v 0.926843 -0.308622 0.33035
v 1.593793 0.258381 -0.0035150000000000155
v 1.615319 0.086728 0.030112999999999994
v 1.547031 -0.04189199999999998 0.384141
v 1.475616 0.52757 0.27257999999999993
v 1.59918 -0.05873999999999999 0.220879
v 1.61449 -0.016212999999999995 0.119165
v 1.530988 0.48502 0.11435299999999997
v 1.568664 0.38586 0.04113799999999998
v 0.968809 0.23507100000000003 0.317301
v 0.917331 0.22867800000000002 0.309428
v 0.998108 0.24787700000000001 0.360078
v 0.94663 0.24148400000000003 0.352205
v 1.088727 0.28595400000000004 0.48442
v 1.03725 0.27956100000000006 0.476548
v 1.111911 0.29913400000000007 0.545355
v 1.060434 0.29274100000000003 0.537483
v 1.590093 0.234708 -0.09206400000000001
v 1.681759 0.40495700000000007 0.567871
v 1.694767 0.38478400000000007 0.542365
v 1.662338 0.226706 -0.08893700000000002
v 1.688387 0.220941 -0.12154500000000001
v 1.668819 0.151854 -0.07464000000000001
v 1.694869 0.14609 -0.10724900000000001
v 1.599017 0.131642 -0.07237900000000001
v 1.690682 0.3018910000000001 0.587556
v 1.701248 0.30993200000000004 0.556661
v 1.665743 0.209724 -0.08017400000000001
v 1.812161 0.218387 -0.09649700000000001
v 1.690116 0.203229 -0.11516200000000001
v 1.815139 0.183992 -0.08992800000000001
v 1.693094 0.168835 -0.10859300000000001
v 1.66872 0.17533 -0.07360500000000002
v 1.831739 0.658368 0.514575
v 1.834717 0.623973 0.521145
v 1.936059 0.671324 0.530529
v 1.939039 0.636929 0.537099
v 0.811245 0.010653000000000017 0.294289
v 0.960816 0.025270000000000018 0.310907
v 0.814226 0.0070120000000000165 0.275944
v 0.963796 0.021629000000000016 0.292562
v 0.815881 -0.051707999999999976 0.304487
v 0.965451 -0.03709099999999998 0.321105
v 0.818861 -0.05534899999999998 0.286142
v 0.968432 -0.04073199999999998 0.302759
v 0.751581 0.13953100000000002 0.263096
v 0.901151 0.15414800000000003 0.279713
v 0.754561 0.13589000000000004 0.24475
v 0.904132 0.15050700000000003 0.261368
v 0.756216 0.07717100000000002 0.273294
v 0.905787 0.09178800000000001 0.289911
v 0.759197 0.07352900000000001 0.254948
v 0.908767 0.08814600000000002 0.271566
v 0.768489 0.279114 0.24037599999999998
v 0.91806 0.293731 0.256994
v 0.771469 0.275472 0.22203099999999998
v 0.92104 0.290089 0.23864799999999997
v 0.773124 0.21675300000000003 0.250574
v 0.922695 0.23137000000000002 0.267192
v 0.776105 0.21311200000000002 0.232229
v 0.925675 0.22772800000000004 0.24884599999999998
v 0.780141 0.459269 0.20994299999999996
v 0.929712 0.473886 0.22655999999999998
v 0.783122 0.455627 0.19159699999999996
v 0.932692 0.470244 0.20821499999999998
v 0.784776 0.396908 0.22014099999999998
v 0.934347 0.411525 0.23675799999999997
v 0.787757 0.393266 0.20179499999999997
v 0.937327 0.407883 0.21841299999999997
v 1.615423 0.33599500000000004 0.87737
v 1.612928 0.30097900000000005 0.883246
v 1.336817 0.31426500000000007 0.733703
v 1.335764 0.29948500000000006 0.736183
v 1.594494 0.34373200000000004 0.906271
v 1.591999 0.3087150000000001 0.912147
v 1.324296 0.31889400000000007 0.750995
v 1.323242 0.30411400000000005 0.753475
v 1.525072 0.2767220000000001 0.661596
v 1.506907 0.26201300000000005 0.666962
v 1.491707 0.28078400000000003 0.666958
v 1.509871 0.29549200000000003 0.661592
v 1.583561 0.32415200000000005 0.916317
v 1.565396 0.3094430000000001 0.921683
v 1.550195 0.32821400000000006 0.921679
v 1.56836 0.34292200000000006 0.916313
v 1.810748 0.63354 0.688117
v 1.749065 -0.06302899999999995 0.799839
v 1.774224 0.661049 0.835651
v 1.713636 -0.02316599999999994 0.945392
v 1.538372 -0.08320999999999995 0.90888
v 1.62544 -0.031218999999999938 1.015063
v 1.514536 -0.05443799999999994 0.993106
v 1.621674 -0.09486799999999994 0.848716
v 1.648963 -0.07602699999999994 0.888704
v 1.572925 -0.09105099999999995 0.876007
v 1.656801 -0.057066999999999944 0.935881
v 1.220704 0.743069 0.819625
v 1.22834 0.782957 0.822517
v 1.258458 0.780037 0.694553
v 1.2487 0.738165 0.700211
v 1.081567 0.772733 0.654079
v 1.05357 0.777625 0.773494
v 1.053594 0.823699 0.773968
v 1.083888 0.822762 0.645686
v 1.641719 0.26761500000000005 0.994511
v 1.670609 0.2689460000000001 1.007899
v 1.736109 0.23062100000000005 0.904687
v 1.70543 0.23108900000000004 0.899243
v 1.72056 0.4019460000000001 0.87184
v 1.656189 0.43102700000000005 0.968302
v 1.684888 0.43019700000000005 0.982036
v 1.751048 0.39931800000000006 0.87763
v 1.258662 0.782343 0.694183
v 1.22834 0.782957 0.822517
v 1.053594 0.823699 0.773968
v 1.083888 0.822761 0.645686
v 1.670609 0.2689460000000001 1.007899
v 1.684888 0.43019700000000005 0.982036
v 1.751048 0.39931800000000006 0.87763
v 1.736109 0.23062100000000005 0.904687
v 1.046804 -0.11814999999999996 0.648971
v 1.120344 0.744561 0.510103
v 1.778294 0.60778 0.686975
v 1.721443 -0.03422799999999995 0.789947
v 1.810748 0.63354 0.688117
v 1.810748 0.63354 0.688117
v 1.749065 -0.06302899999999995 0.799839
v 1.749065 -0.06302899999999995 0.799839
v 1.043077 -0.16969299999999998 0.656548
v 1.008219 -0.08018699999999995 0.791259
v 1.043077 -0.16969299999999998 0.656548
v 1.046804 -0.11814999999999996 0.648971
v 1.685512 0.006157000000000057 0.93532
v 1.008219 -0.08018699999999995 0.791259
v 1.046804 -0.11814999999999996 0.648971
v 1.721443 -0.03422799999999995 0.789947
v 1.741181 0.634822 0.834489
v 1.778294 0.60778 0.686975
v 1.081599 0.773091 0.654022
v 1.120344 0.744561 0.510103
v 1.120312 0.744203 0.51016
v 1.125395 0.795467 0.501197
v 1.774224 0.661049 0.835651
v 1.713636 -0.02316599999999994 0.945392
v 1.002004 -0.13089599999999996 0.799091
v 1.002004 -0.13089599999999996 0.799091
v 1.713636 -0.02316599999999994 0.945392
v 1.774224 0.661049 0.835651
v 1.741181 0.634822 0.834489
v 1.081599 0.773091 0.654022
v 1.083888 0.822762 0.645686
v 1.083888 0.822762 0.645686
v 1.774224 0.661049 0.835651
v 1.741181 0.634822 0.834489
v 1.713636 -0.02316599999999994 0.945392
v 1.685512 0.006157000000000057 0.93532
v 1.002004 -0.13089599999999996 0.799091
v 1.008219 -0.08018699999999995 0.791259
v 1.685512 0.006157000000000057 0.93532
v 1.002004 -0.13089599999999996 0.799091
v 1.646656 0.05385900000000006 1.045308
v 1.650914 0.10194600000000006 1.037596
v 1.679645 0.10148800000000006 1.05127
v 1.673325 0.030116000000000066 1.062717
v 1.579009 0.01742400000000006 1.046271
v 1.587398 0.042291000000000065 1.034791
v 1.153968 0.020681000000000057 0.909738
v 1.178687 -0.05870899999999995 0.82569
v 1.180211 -0.10360099999999994 0.836279
v 1.154546 -0.019138999999999944 0.925415
v 0.981852 -0.0010249999999999467 0.872632
v 1.008219 -0.08018699999999995 0.791259
v 0.973795 -0.046207999999999944 0.887742
v 1.002004 -0.13089599999999996 0.799091
v 1.722124 0.07268300000000005 0.930019
v 1.713576 -0.02384599999999994 0.945501
v 1.691603 0.07494100000000005 0.924288
v 1.685452 0.005477000000000057 0.935429
v 1.61161 -0.005339999999999944 0.92223
v 1.604343 -0.03953099999999994 0.926973
v 1.046804 -0.11814999999999996 0.648971
v 1.120344 0.744561 0.510103
v 1.778294 0.60778 0.686975
v 1.721443 -0.03422799999999995 0.789947
v 1.823165 0.64098 0.682292
v 1.125395 0.795467 0.501197
v 1.136984 0.785881 0.47542399999999996
v 1.827396 0.636722 0.66349
v 1.759835 -0.07419699999999994 0.796998
v 1.764067 -0.07845499999999996 0.778197
v 1.043077 -0.16969299999999998 0.656548
v 1.055411 -0.17085799999999998 0.629425
v 1.817768 0.626476 0.656923
v 1.756086 -0.07009299999999996 0.768645
v 1.749065 -0.06302899999999995 0.799839
v 1.810748 0.63354 0.688117
v 1.120344 0.744561 0.510103
v 1.046804 -0.11814999999999996 0.648971
v 0.99864 -0.298043 0.12104800000000002
v 1.00144 -0.261481 0.10197500000000001
v 0.858364 -0.245983 0.001342000000000015
v 0.848152 -0.289487 0.00010400000000001772
v 0.980333 -0.290856 0.13365300000000002
v 0.829845 -0.2823 0.012710000000000018
v 0.840057 -0.238796 0.013947000000000013
v 0.983133 -0.254294 0.11458100000000002
v -2.117625 -0.24478899999999992 1.288859
v -1.919433 -0.20487499999999992 1.197763
v -1.960176 -0.2129929999999999 1.256134
v -1.990497 -0.21927699999999992 1.189616
v -1.221675 0.06587900000000005 0.86599
v -1.192436 0.054472000000000055 0.924146
v -1.164245 0.012593000000000059 0.966792
v -1.144657 -0.048536999999999934 0.9825
v -1.138921 -0.11253599999999994 0.967062
v -1.148573 -0.16225799999999996 0.924614
v -1.171026 -0.18437799999999993 0.86653
v -1.200266 -0.17297099999999996 0.808375
v -1.228456 -0.13109199999999993 0.765729
v -1.248044 -0.06996199999999995 0.750021
v -1.25378 -0.005962999999999954 0.765459
v -1.244129 0.04375900000000005 0.807906
v -1.447802 0.08111300000000006 0.965147
v -1.404991 0.06441000000000006 1.050297
v -1.363716 0.003093000000000068 1.112737
v -1.335037 -0.08640899999999993 1.135735
v -1.326638 -0.18011499999999994 1.113132
v -1.340769 -0.25291499999999995 1.050982
v -1.373645 -0.2853029999999999 0.965939
v -1.416455 -0.26859999999999995 0.88079
v -1.457731 -0.20728299999999994 0.81835
v -1.48641 -0.11777999999999994 0.79535
v -1.494809 -0.02407499999999995 0.817954
v -1.480678 0.04872500000000005 0.880104
v -1.441805 0.05148300000000006 0.965211
v -1.405918 0.037482000000000064 1.03659
v -1.371317 -0.013917999999999934 1.088932
v -1.347277 -0.08894599999999993 1.108211
v -1.340236 -0.16749699999999995 1.089263
v -1.352082 -0.22852299999999995 1.037164
v -1.379641 -0.25567399999999996 0.965875
v -1.415529 -0.24167199999999994 0.894497
v -1.450128 -0.19027199999999994 0.842154
v -1.47417 -0.11524299999999994 0.822874
v -1.48121 -0.036692999999999955 0.841823
v -1.469364 0.024333000000000056 0.893922
v -1.216037 0.032145000000000055 0.925588
v -1.175832 -0.05453599999999994 0.974692
v -1.179126 -0.15023399999999995 0.925982
v -1.222626 -0.15924899999999995 0.828165
v -1.262832 -0.07256599999999996 0.77906
v -1.259537 0.023130000000000053 0.827771
v 0.790811 0.422138 -0.03286000000000003
v 0.811777 0.406487 0.005592999999999975
v 0.828073 0.366781 0.02350999999999998
v 0.828514 0.323789 0.00577199999999998
v 0.815316 0.301059 -0.03259800000000002
v 0.794349 0.316709 -0.07105200000000002
v 0.778053 0.356415 -0.08896800000000003
v 0.777612 0.399407 -0.07123000000000003
v -1.940356 -0.2090809999999999 1.210937
v -1.874912 -0.1785839999999999 1.197626
v -1.868192 -0.21178599999999992 1.197697
v -1.881909 -0.21462799999999993 1.166854
v -1.888628 -0.18142599999999992 1.166782
v 0.645395 0.364757 0.07463999999999997
v 0.658955 0.331743 0.08953499999999999
v 0.65933 0.295993 0.07478199999999999
v 0.64835 0.277091 0.042875999999999984
v 0.630046 0.288077 0.008033999999999982
v 0.617363 0.323123 -0.00399800000000002
v 0.617001 0.358876 0.010747999999999978
v 0.627969 0.377775 0.04266099999999998
v 0.625767 0.351532 0.07458499999999997
v 0.635453 0.327931 0.08523399999999999
v 0.635725 0.302362 0.07470699999999998
v 0.62787 0.288867 0.05188499999999998
v 0.614686 0.296554 0.026767999999999983
v 0.605722 0.32177 0.01837999999999998
v 0.60546 0.347323 0.02892299999999998
v 0.613305 0.360834 0.051728999999999976
v -1.990497 -0.21927699999999992 1.189616
v -1.960176 -0.2129929999999999 1.256134
v -1.960176 -0.2129929999999999 1.256134
v -1.990497 -0.21927699999999992 1.189616
v -2.117625 -0.24478899999999992 1.288859
v -1.919433 -0.20487499999999992 1.197763
v -1.534487 0.3197290000000001 1.528441
v -1.524269 0.3217000000000001 1.53408
v -1.51876 0.3321070000000001 1.532882
v -1.523468 0.3405430000000001 1.526045
v -1.533685 0.3385730000000001 1.520406
v -1.539196 0.3281660000000001 1.521604
v -1.040332 -0.04910099999999995 0.74611
v -1.017061 -0.04461399999999995 0.758954
v -1.004514 -0.020911999999999955 0.756227
v -1.015237 -0.0016979999999999548 0.740655
v -1.038509 -0.006184999999999956 0.727811
v -1.051056 -0.029886999999999955 0.730539
v -0.532102 -0.391341 -0.03927899999999998
v -0.521884 -0.389371 -0.03363899999999998
v -0.516375 -0.378964 -0.03483699999999998
v -0.521083 -0.370527 -0.04167399999999998
v -0.531301 -0.372498 -0.04731399999999998
v -0.53681 -0.382905 -0.046115999999999976
v 0.406323 0.420467 0.014061999999999974
v 0.364843 0.432865 0.03527199999999997
v 0.3696 0.444055 0.015477999999999973
v 0.363333 0.432864 -0.0038920000000000265
v 0.358577 0.41406 0.015902999999999976
v 0.216668 0.472086 0.040985999999999974
v 0.221424 0.49089 0.021191999999999968
v 0.215158 0.472086 0.0018229999999999711
v 0.210401 0.453281 0.021616999999999973
v 0.174046 0.484375 0.02301899999999997
v 0.698742 -0.306401 0.341335
v 0.700445 -0.317112 0.326496
v 0.713437 -0.305908 0.3199
v 0.711733 -0.295197 0.334739
v 0.087011 0.162399 -0.06728400000000001
v 0.088714 0.151688 -0.08212200000000001
v 0.101706 0.162892 -0.08871900000000002
v 0.100003 0.173603 -0.07387900000000001
v 1.483804 0.49376800000000004 0.574616
v 1.470808 0.48082100000000005 0.575749
v 1.457811 0.49376800000000004 0.574616
v 1.470808 0.506715 0.573483
v 1.483804 0.5697960000000001 1.443625
v 1.470807 0.5568480000000001 1.444758
v 1.457811 0.5697960000000001 1.443625
v 1.470808 0.5827430000000001 1.442493
v 0.621655 0.51714 -0.02015900000000003
v 0.561206 0.577496 0.22970499999999996
v 0.594756 0.57579 0.23297999999999996
v 0.655204 0.515434 -0.016885000000000032
v 0.574174 0.683764 0.19464799999999993
v 0.607724 0.682058 0.19792299999999993
v 0.594756 0.57579 0.23297999999999996
v 0.561206 0.577496 0.22970499999999996
v 0.619185 0.588753 -0.034941000000000035
v 0.652735 0.587048 -0.031666000000000034
v 0.607724 0.682058 0.19792299999999993
v 0.574174 0.683764 0.19464799999999993
v 0.235107 0.694582 0.028226999999999957
v 0.79416 0.663873 0.12722599999999998
v 0.788434 0.669134 0.15241299999999997
v 0.229381 0.699844 0.053414999999999956
v 0.201577 0.65649 0.05475299999999996
v 0.207302 0.651228 0.029564999999999963
v 0.235107 0.694582 0.028226999999999957
v 0.229381 0.699844 0.053414999999999956
v 0.753306 0.508647 -0.005005000000000031
v 0.702 0.568222 0.24578999999999998
v 0.735624 0.568222 0.24873199999999998
v 0.78693 0.508647 -0.002064000000000031
v 0.709277 0.674746 0.20987599999999998
v 0.742901 0.674746 0.21281799999999998
v 0.735624 0.568222 0.24873199999999998
v 0.702 0.568222 0.24578999999999998
v 0.747104 0.579936 -0.020250000000000035
v 0.780728 0.579936 -0.017309000000000036
v 0.742901 0.674746 0.21281799999999998
v 0.709277 0.674746 0.20987599999999998
v 0.475469 0.549096 -0.03753800000000004
v 0.426834 0.609973 0.19195199999999998
v 0.460282 0.6071 0.19544799999999998
v 0.508917 0.546223 -0.03404200000000004
v 0.441838 0.715898 0.17867499999999994
v 0.475285 0.713025 0.18216999999999994
v 0.460282 0.6071 0.19544799999999998
v 0.426834 0.609973 0.19195199999999998
v 0.475564 0.620821 -0.05197900000000003
v 0.509012 0.617948 -0.04848300000000003
v 0.475285 0.713025 0.18216999999999994
v 0.441838 0.715898 0.17867499999999994
v 0.288745 0.572608 -0.05671000000000004
v 0.238245 0.633465 0.19394099999999997
v 0.271697 0.630638 0.19742899999999997
v 0.322198 0.569781 -0.053223000000000034
v 0.254946 0.739406 0.15947899999999995
v 0.288398 0.736579 0.16296699999999995
v 0.271697 0.630638 0.19742899999999997
v 0.238245 0.633465 0.19394099999999997
v 0.288738 0.64433 -0.07116500000000005
v 0.322191 0.641504 -0.06767800000000004
v 0.288398 0.736579 0.16296699999999995
v 0.254946 0.739406 0.15947899999999995
v 0.81511 0.630642 0.16651799999999997
v 0.820835 0.62538 0.14132999999999998
v 0.207302 0.651228 0.029564999999999963
v 0.201577 0.65649 0.05475299999999996
v 0.788434 0.669134 0.15241299999999997
v 0.79416 0.663873 0.12722599999999998
v 0.820835 0.62538 0.14132999999999998
v 0.81511 0.630642 0.16651799999999997
v 0.110422 0.572608 -0.14528200000000002
v 0.059922 0.633465 0.10536999999999996
v 0.093374 0.630638 0.10885699999999995
v 0.143875 0.569781 -0.14179500000000003
v 0.076623 0.739406 0.07090799999999996
v 0.110076 0.736579 0.07439499999999996
v 0.093374 0.630638 0.10885699999999995
v 0.059922 0.633465 0.10536999999999996
v 0.110416 0.64433 -0.15973600000000002
v 0.143868 0.641503 -0.15624900000000003
v 0.110076 0.736579 0.07439499999999996
v 0.076623 0.739406 0.07090799999999996
v -0.061574 0.572608 -0.19709100000000002
v -0.112075 0.633465 0.053560999999999956
v -0.078622 0.630638 0.05704799999999996
v -0.028122 0.569781 -0.19360300000000003
v -0.095373 0.739406 0.019098999999999956
v -0.061921 0.736579 0.022585999999999953
v -0.078622 0.630638 0.05704799999999996
v -0.112075 0.633465 0.053560999999999956
v -0.061581 0.644331 -0.21154500000000004
v -0.028129 0.641503 -0.20805800000000002
v -0.061921 0.736579 0.022585999999999953
v -0.095373 0.739406 0.019098999999999956
v 0.589501 -0.230067 0.10998700000000002
v 0.583473 -0.316662 0.12672700000000003
v 0.550608 -0.312025 0.12058800000000001
v 0.556637 -0.22543 0.10384800000000001
v 0.501277 -0.309602 0.342125
v 0.491279 -0.19827099999999998 0.332496
v 0.524143 -0.20290799999999998 0.338634
v 0.534141 -0.314238 0.348263
v 0.550608 -0.312025 0.12058800000000001
v 0.501277 -0.309602 0.342125
v 0.534141 -0.314238 0.348263
v 0.583473 -0.316662 0.12672700000000003
v 0.619173 -0.262326 -0.028501999999999982
v 0.586309 -0.257689 -0.034640999999999984
v 0.593303 -0.167803 -0.051858999999999995
v 0.626167 -0.17244 -0.045720999999999984
v 0.589501 -0.230067 0.10998700000000002
v 0.556637 -0.22543 0.10384800000000001
v 0.524143 -0.20290799999999998 0.338634
v 0.491279 -0.19827099999999998 0.332496
v 0.75702 -0.24843 0.14430700000000002
v 0.755453 -0.335031 0.16200000000000003
v 0.72234 -0.33209 0.15616200000000002
v 0.723907 -0.245489 0.13846800000000004
v 0.695482 -0.331825 0.406974
v 0.67989 -0.22123399999999996 0.396305
v 0.713003 -0.22417599999999996 0.402143
v 0.728595 -0.334766 0.412812
v 0.72234 -0.33209 0.15616200000000002
v 0.695482 -0.331825 0.406974
v 0.728595 -0.334766 0.412812
v 0.755453 -0.335031 0.16200000000000003
v 0.786863 -0.28068 0.005852000000000018
v 0.753749 -0.277738 1.3000000000017006E-05
v 0.756113 -0.187808 -0.01820299999999999
v 0.789226 -0.19075 -0.012363999999999988
v 0.75702 -0.24843 0.14430700000000002
v 0.723907 -0.245489 0.13846800000000004
v 0.713003 -0.22417599999999996 0.402143
v 0.67989 -0.22123399999999996 0.396305
v 0.429079 -0.185373 0.034784000000000016
v 0.42 -0.27183 0.050844000000000014
v 0.387357 -0.266037 0.04451200000000002
v 0.396436 -0.17958 0.028452000000000012
v 0.356894 -0.26573 0.293037
v 0.350743 -0.15405799999999997 0.284158
v 0.383386 -0.15985099999999997 0.29049
v 0.389538 -0.271523 0.299369
v 0.387357 -0.266037 0.04451200000000002
v 0.356894 -0.26573 0.293037
v 0.389538 -0.271523 0.299369
v 0.42 -0.27183 0.050844000000000014
v 0.458635 -0.217633 -0.10372999999999999
v 0.425992 -0.21184 -0.11006199999999998
v 0.43615 -0.12212300000000001 -0.12657
v 0.468794 -0.127916 -0.12023799999999998
v 0.429079 -0.185373 0.034784000000000016
v 0.396436 -0.17958 0.028452000000000012
v 0.383386 -0.15985099999999997 0.29049
v 0.350743 -0.15405799999999997 0.284158
v 0.231367 -0.143378 -0.06506699999999999
v 0.222409 -0.229843 -0.04897899999999999
v 0.189756 -0.224096 -0.055303999999999985
v 0.198714 -0.137631 -0.07139099999999998
v 0.119455 -0.220088 0.175664
v 0.113151 -0.10842599999999998 0.166755
v 0.145804 -0.11417399999999998 0.173079
v 0.152107 -0.225835 0.181988
v 0.189756 -0.224096 -0.055303999999999985
v 0.119455 -0.220088 0.175664
v 0.152107 -0.225835 0.181988
v 0.222409 -0.229843 -0.04897899999999999
v 0.260928 -0.175639 -0.203579
v 0.228275 -0.169892 -0.209904
v 0.238309 -0.08016600000000002 -0.22644
v 0.270961 -0.08591300000000002 -0.220116
v 0.231367 -0.143378 -0.06506699999999999
v 0.198714 -0.137631 -0.07139099999999998
v 0.145804 -0.11417399999999998 0.173079
v 0.113151 -0.10842599999999998 0.166755
v 0.864189 -0.284427 0.281028
v 0.315126 -0.251691 0.13700900000000002
v 0.310261 -0.247417 0.16256100000000004
v 0.859324 -0.280153 0.30658
v 0.888283 -0.23764399999999997 0.303606
v 0.893148 -0.24191799999999997 0.278053
v 0.864189 -0.284427 0.281028
v 0.859324 -0.280153 0.30658
v 0.283809 -0.207957 0.150924
v 0.288674 -0.212232 0.125371
v 0.893148 -0.24191799999999997 0.278053
v 0.888283 -0.23764399999999997 0.303606
v 0.310261 -0.247417 0.16256100000000004
v 0.315126 -0.251691 0.13700900000000002
v 0.288674 -0.212232 0.125371
v 0.283809 -0.207957 0.150924
v 0.890189 -0.276407 0.13845400000000002
v 0.225056 -0.253431 -0.038097999999999986
v 0.219841 -0.252248 -0.012285999999999984
v 0.884974 -0.275224 0.16426600000000002
v 0.911619 -0.231173 0.16626600000000002
v 0.916834 -0.232356 0.14045300000000002
v 0.890189 -0.276407 0.13845400000000002
v 0.884974 -0.275224 0.16426600000000002
v 0.191363 -0.213206 -0.019828999999999986
v 0.196577 -0.214389 -0.04564099999999999
v 0.916834 -0.232356 0.14045300000000002
v 0.911619 -0.231173 0.16626600000000002
v 0.219841 -0.252248 -0.012285999999999984
v 0.225056 -0.253431 -0.038097999999999986
v 0.196577 -0.214389 -0.04564099999999999
v 0.191363 -0.213206 -0.019828999999999986
v 0.061854 -0.1431 -0.156065
v 0.052896 -0.229565 -0.13997799999999996
v 0.020243 -0.223818 -0.146302
v 0.029202 -0.137353 -0.16239
v -0.050058 -0.219809 0.08466500000000002
v -0.056361 -0.108148 0.075756
v -0.023709 -0.113896 0.08208100000000002
v -0.017405 -0.225556 0.09099000000000002
v 0.020243 -0.223818 -0.146302
v -0.050058 -0.219809 0.08466500000000002
v -0.017405 -0.225556 0.09099000000000002
v 0.052896 -0.229565 -0.13997799999999996
v 0.091415 -0.17536100000000002 -0.294578
v 0.058763 -0.16961300000000004 -0.300902
v 0.068796 -0.07988800000000001 -0.317439
v 0.101449 -0.08563500000000002 -0.311114
v 0.061854 -0.1431 -0.156065
v 0.029202 -0.137353 -0.16239
v -0.023709 -0.113896 0.08208100000000002
v -0.056361 -0.108148 0.075756
v -0.963686 0.488554 0.40804699999999994
v -1.372849 0.3952490000000001 0.719253
v -1.098421 0.083143 -0.036099000000000006
v -1.251868 0.23536900000000002 0.463261
v -1.367471 0.33032300000000003 0.736959
v -1.372849 0.3952490000000001 0.719253
v -1.367471 0.33032300000000003 0.736959
v -0.611084 0.620802 0.19572199999999998
v -0.594433 0.568415 0.20531199999999997
v -0.465323 0.586846 0.11887799999999996
v -0.469952 0.643074 0.10360899999999997
v -0.465323 0.586846 0.11887799999999996
v -0.469952 0.643074 0.10360899999999997
v -0.512312 0.613696 0.02924799999999996
v -0.510015 0.550613 0.04010799999999996
v -0.465323 0.586846 0.11887799999999996
v -0.512312 0.613696 0.02924799999999996
v -0.261845 0.660952 -0.09424600000000004
v -0.249913 0.590718 -0.07742500000000004
v -0.249913 0.590718 -0.07742500000000004
v -0.510015 0.550613 0.04010799999999996
v -0.512312 0.613696 0.02924799999999996
v -0.465323 0.586846 0.11887799999999996
v -0.241582 0.646441 -0.06409700000000004
v -0.252166 0.700394 -0.07647800000000005
v -0.469952 0.643074 0.10360899999999997
v -1.199737 0.3311970000000001 0.561227
v -1.403769 0.38887700000000003 0.745756
v -1.505786 0.41771800000000003 0.856545
v -1.600447 0.4396010000000001 0.9737
v -0.633684 0.510167 0.06528899999999997
v -0.594433 0.568415 0.20531199999999997
v -0.402842 -0.09966599999999999 0.335534
v -0.407528 -0.04345199999999998 0.32014
v -0.449805 -0.14163599999999998 0.235261
v -0.457576 -0.08242899999999999 0.212745
v -0.189066 -0.143829 0.12289400000000002
v -0.449805 -0.14163599999999998 0.235261
v -0.136362 -0.10311399999999998 0.235227
v -0.407528 -0.04345199999999998 0.32014
v -0.402842 -0.09966599999999999 0.335534
v -0.402842 -0.09966599999999999 0.335534
v -0.138041 -0.15665699999999996 0.252161
v -0.14358 -0.16093799999999997 0.240357
v -0.458049 -0.08454999999999999 0.212645
v -0.586861 -0.055074999999999985 0.219436
v -0.206727 -0.155526 0.02838300000000001
v -0.458049 -0.08454999999999999 0.212645
v -0.451823 0.365159 0.0050449999999999775
v -0.368409 0.01979999999999999 -0.142825
v -0.249913 0.590718 -0.07742500000000004
v -0.261845 0.660952 -0.09424600000000004
v -0.29986 0.657563 -0.17761900000000003
v -0.29986 0.657563 -0.17761900000000003
v -0.249913 0.590718 -0.07742500000000004
v -0.188947 -0.145265 0.12328500000000002
v -0.206727 -0.155526 0.02838300000000001
v -0.223213 -0.267712 0.07471300000000002
v -0.189378 -0.213874 0.144328
v -0.29986 0.657563 -0.17761900000000003
v -0.382679 0.53733 -0.34905700000000006
v -0.358935 0.447139 -0.344519
v -0.265837 0.558047 -0.16621500000000003
v -0.29986 0.657563 -0.17761900000000003
v -0.315078 -0.278758 -0.12650099999999997
v -0.223213 -0.267712 0.07471300000000002
v -0.206727 -0.155526 0.02838300000000001
v -0.206727 -0.155526 0.02838300000000001
v -0.315078 -0.278758 -0.12650099999999997
v -0.336653 -0.171219 -0.199059
v -0.206727 -0.155526 0.02838300000000001
v -0.820294 -0.061071999999999994 0.119115
v -0.336653 -0.171219 -0.199059
v -0.265837 0.558047 -0.16621500000000003
v -0.358935 0.447139 -0.344519
v -0.448653 0.544926 -0.13534300000000002
v -0.54175 0.434018 -0.313647
v -0.948505 0.268663 -0.12899000000000002
v -0.448653 0.544926 -0.13534300000000002
v -0.189176 -0.167104 0.130018
v -0.189286 -0.190378 0.137143
v -0.140018 -0.15229399999999998 0.242152
v -0.139908 -0.12901999999999997 0.235028
v -0.138041 -0.15665699999999996 0.252161
v -0.136362 -0.10311399999999998 0.235227
v -0.141901 -0.10739499999999999 0.223423
v -0.14358 -0.16093799999999997 0.240357
v -0.257704 0.696113 -0.08828300000000004
v -0.247121 0.64216 -0.07590100000000004
v -0.241582 0.646441 -0.06409700000000004
v -0.252166 0.700394 -0.07647800000000005
v -0.23325 -0.175182 0.08104300000000002
v -0.076844 -0.19068 0.002716000000000012
v -0.074416 -0.183493 0.02481000000000001
v -0.230822 -0.167995 0.10313700000000002
v -0.23675 -0.211499 0.11154400000000002
v -0.239178 -0.218687 0.08944900000000001
v -0.23325 -0.175182 0.08104300000000002
v -0.230822 -0.167995 0.10313700000000002
v -0.058946 -0.220056 0.03631200000000001
v -0.061374 -0.227242 0.014218000000000014
v -0.239178 -0.218687 0.08944900000000001
v -0.23675 -0.211499 0.11154400000000002
v -0.074416 -0.183493 0.02481000000000001
v -0.076844 -0.19068 0.002716000000000012
v -0.061374 -0.227242 0.014218000000000014
v -0.058946 -0.220056 0.03631200000000001
v -0.626672 0.697716 0.18650199999999995
v -0.434763 -0.10961099999999997 0.345124
v -1.107226 0.0041140000000000395 0.656381
v -1.201708 0.46208400000000005 0.593981
v -1.084605 0.02502900000000004 0.705191
v -1.135584 0.4314140000000001 0.566204
v -1.089381 0.47362100000000007 0.664209
v -0.40543 0.010055000000000033 0.533925
v -0.991037 0.10658200000000004 0.757603
v -0.991037 0.10658200000000004 0.757603
v -1.006007 0.08743400000000004 0.772959
v -1.113541 0.48877500000000007 0.670837
v -0.611161 0.659566 0.38333799999999996
v -1.089381 0.47362100000000007 0.664209
v -1.113541 0.48877500000000007 0.670837
v -0.611161 0.659566 0.38333799999999996
v -0.591458 0.704352 0.35725899999999994
v -0.551686 0.555914 0.39502899999999996
v -0.581289 0.548077 0.41170699999999993
v -0.434763 -0.10961099999999997 0.345124
v -0.646231 0.679633 0.14429899999999998
v -1.224329 0.44116900000000003 0.545171
v -1.107226 0.0041140000000000395 0.656381
v -0.758453 0.61731 0.554779
v -0.870312 0.603464 0.610099
v -0.560363 0.733441 0.42319699999999993
v -0.580067 0.688655 0.44927599999999995
v -0.580067 0.688655 0.44927599999999995
v -0.667733 0.689106 0.48768599999999995
v -1.054881 0.500453 0.729568
v -1.079042 0.515607 0.736195
v -0.970053 0.56061 0.670733
v -1.054881 0.500453 0.729568
v -0.758453 0.61731 0.554779
v -0.768729 0.645409 0.549085
v -0.790015 0.590023 0.48838399999999993
v -0.869583 0.5741 0.620049
v -0.758453 0.61731 0.554779
v -0.901145 0.546812 0.553653
v -0.870312 0.603464 0.610099
v -0.869583 0.5741 0.620049
v -0.65834 0.65822 0.49524899999999994
v -0.580067 0.688655 0.44927599999999995
v -0.689435 0.629131 0.42930999999999997
v -0.667733 0.689106 0.48768599999999995
v -0.65834 0.65822 0.49524899999999994
v -0.571922 0.658258 0.45701099999999995
v -0.542651 0.667337 0.44001799999999996
v -0.603017 0.629169 0.3910719999999999
v -0.611161 0.659566 0.38333799999999996
v -0.580067 0.688655 0.44927599999999995
v -0.571922 0.658258 0.45701099999999995
v -1.048137 0.47528400000000004 0.735972
v -1.054881 0.500453 0.729568
v -1.022573 0.37987000000000004 0.76025
v -1.057072 0.3530380000000001 0.694892
v -1.041791 0.37657900000000005 0.771571
v -1.022573 0.37987000000000004 0.76025
v -1.076291 0.34974800000000006 0.706213
v -1.066769 0.46980000000000005 0.747851
v -1.041791 0.37657900000000005 0.771571
v -0.962434 0.536399 0.675271
v -0.970053 0.56061 0.670733
v -0.996933 0.509567 0.609912
v -1.089381 0.47362100000000007 0.664209
v -1.054881 0.500453 0.729568
v -0.962434 0.536399 0.675271
v -0.445203 0.15849400000000002 0.496154
v -0.40543 0.010055000000000033 0.533925
v -0.447167 0.047569000000000035 0.539051
v -0.477039 0.15905900000000003 0.510682
v -0.415975 0.07565700000000004 0.605313
v -0.415975 0.07565700000000004 0.605313
v -0.374221 0.03814400000000003 0.600175
v -0.497733 0.054058000000000044 0.649334
v -0.415975 0.07565700000000004 0.605313
v -0.504991 0.08531600000000004 0.641083
v -0.536408 0.05742600000000003 0.57484
v -0.504991 0.08531600000000004 0.641083
v -0.497733 0.054058000000000044 0.649334
v -0.391933 0.10424900000000004 0.583355
v -0.42412 0.10605400000000004 0.597578
v -0.455536 0.07816400000000003 0.531335
v -0.42412 0.10605400000000004 0.597578
v -0.415975 0.07565700000000004 0.605313
v -0.447391 0.04776700000000003 0.53907
v 0.294763 0.115048 0.030666999999999993
v 0.752525 0.159665 0.041533999999999995
v 0.757088 0.097275 0.052975999999999995
v 0.299326 0.052658 0.042109
v 0.296595 0.111342 0.009727999999999994
v 0.294763 0.115048 0.030666999999999993
v 0.299326 0.052658 0.042109
v 0.301158 0.048952 0.021169999999999998
v 0.268718 0.006086000000000006 0.093963
v 0.688073 0.265616 0.0032619999999999837
v 0.71521 0.208368 0.008790999999999988
v 0.295854 -0.05116199999999999 0.099493
v 0.266942 0.0032090000000000044 0.07289
v 0.268718 0.006086000000000006 0.093963
v 0.295854 -0.05116199999999999 0.099493
v 0.294078 -0.05403899999999999 0.078419
v 0.105514 0.511544 0.03066699999999997
v -0.091211 0.095808 0.041533999999999995
v -0.147094 0.123924 0.052975999999999995
v 0.049632 0.539659 0.042108999999999966
v 0.101393 0.511874 0.00972799999999997
v 0.105514 0.511544 0.03066699999999997
v 0.049632 0.539659 0.042108999999999966
v 0.045511 0.53999 0.021169999999999967
v -0.155639 0.625174 0.026945999999999963
v -0.148218 0.132062 0.019740999999999995
v -0.211277 0.138165 0.02527099999999999
v -0.218698 0.631278 0.032475999999999956
v -0.157196 0.628176 0.005872999999999962
v -0.155639 0.625174 0.026945999999999963
v -0.218698 0.631278 0.032475999999999956
v -0.220255 0.634279 0.011401999999999963
v 0.947669 0.339322 0.276691
v 1.138945 0.42546900000000004 0.559619
v 1.138942 0.42550200000000005 0.559613
v 0.947666 0.339355 0.276684
v 1.138945 0.42546900000000004 0.559619
v 1.086325 0.41778300000000007 0.54689
v 1.086322 0.4178160000000001 0.546883
v 1.138942 0.42550200000000005 0.559613
v 1.102446 0.4084650000000001 0.524473
v 1.111911 0.29913400000000007 0.545355
v 1.614717 0.589242 0.14038399999999998
v 1.667087 0.639934 0.49040999999999996
v 1.646767 0.642841 0.37133199999999994
v 1.619552 0.548316 0.42516799999999993
v 1.607975 0.460502 0.01651499999999997
v 1.636576 0.655533 0.635504
v 1.080694 0.6861 0.4687779999999999
v 1.085457 0.631089 0.47928499999999996
v 1.080694 0.6861 0.4687779999999999
v 1.636576 0.655533 0.635504
v 1.604079 0.607208 0.638323
v 1.085457 0.631089 0.47928499999999996
v 1.085457 0.631089 0.47928499999999996
v 1.117259 0.599052 0.33791099999999996
v 1.111926 0.669554 0.32267799999999996
v 1.111926 0.669554 0.32267799999999996
v 1.117259 0.599052 0.33791099999999996
v 0.8229 0.612671 0.24798599999999998
v 0.8229 0.612671 0.24798599999999998
v 0.82219 0.685019 0.23513799999999996
v 1.111926 0.669554 0.32267799999999996
v 0.814669 0.584798 0.24603899999999998
v 1.085457 0.631089 0.47928499999999996
v 1.080694 0.6861 0.4687779999999999
v 0.815391 0.640597 0.23635199999999998
v 1.183817 -0.16078599999999998 0.481271
v 0.892556 -0.19185999999999998 0.401649
v 1.176861 -0.08936099999999997 0.469396
v 1.183817 -0.16078599999999998 0.481271
v 0.967581 0.10933500000000002 0.320617
v 1.158857 0.19548300000000002 0.603546
v 1.158866 0.19538100000000003 0.603566
v 0.96759 0.10923300000000001 0.320637
v 1.158857 0.19548300000000002 0.603546
v 1.106237 0.18779600000000002 0.590816
v 1.106246 0.18769400000000003 0.590836
v 1.158866 0.19538100000000003 0.603566
v 0.985808 0.357146 0.356877
v 0.998108 0.24787700000000001 0.360078
v 0.956338 0.344336 0.315166
v 0.968809 0.23507100000000003 0.317301
v 1.176768 -0.09089899999999997 0.469623
v 1.678034 0.08983200000000004 0.589067
v 1.088727 0.28595400000000004 0.48442
v 1.076667 0.3952280000000001 0.479729
v 0.828388 0.587608 0.19676099999999996
v 0.896045 -0.19384099999999999 0.346015
v 0.990556 -0.254571 -0.027261999999999988
v 0.96981 -0.309522 0.11171800000000001
v 0.896045 -0.19384099999999999 0.346015
v 0.892682 -0.19331899999999996 0.401928
v 0.904274 -0.263068 0.41622
v 0.926843 -0.308622 0.33035
v 0.932587 0.486099 -0.16765100000000002
v 0.891584 0.593997 -0.06085200000000004
v 0.932587 0.486099 -0.16765100000000002
v 0.940371 0.386634 -0.14879800000000004
v 0.983553 -0.165097 -0.044220999999999996
v 0.990556 -0.254571 -0.027261999999999988
v 0.989187 -0.02384600000000001 -0.165812
v 0.832565 0.581228 0.17113499999999998
v 0.897753 0.522747 -0.047243000000000035
v 0.891584 0.593997 -0.06085200000000004
v 0.840564 0.687901 0.14001599999999995
v 0.900222 -0.20022099999999998 0.32039
v 0.896045 -0.19384099999999999 0.346015
v 0.828388 0.587608 0.19676099999999996
v 0.832565 0.581228 0.17113499999999998
v 0.840564 0.687901 0.14001599999999995
v 0.900222 -0.20022099999999998 0.32039
v 0.926843 -0.308622 0.33035
v 0.96981 -0.309522 0.11171800000000001
v 0.962356 -0.223432 0.09527500000000001
v 0.962356 -0.223432 0.09527500000000001
v 0.983553 -0.165097 -0.044220999999999996
v 0.940371 0.386634 -0.14879800000000004
v 0.897753 0.522747 -0.047243000000000035
v 1.530988 0.48502 0.11435299999999997
v 0.940371 0.386634 -0.14879800000000004
v 0.989187 -0.02384600000000001 -0.165812
v 0.968793 0.211707 -0.210802
v 1.593793 0.258381 -0.0035150000000000155
v 0.989187 -0.02384600000000001 -0.165812
v 0.968793 0.211707 -0.210802
v 0.940371 0.386634 -0.14879800000000004
v 1.568664 0.38586 0.04113799999999998
v 1.568664 0.38586 0.04113799999999998
v 1.593793 0.258381 -0.0035150000000000155
v 0.968793 0.211707 -0.210802
v 0.983553 -0.165097 -0.044220999999999996
v 0.989187 -0.02384600000000001 -0.165812
v 1.615319 0.086728 0.030112999999999994
v 1.615319 0.086728 0.030112999999999994
v 1.61449 -0.016212999999999995 0.119165
v 0.983553 -0.165097 -0.044220999999999996
v 0.897753 0.522747 -0.047243000000000035
v 0.832565 0.581228 0.17113499999999998
v 1.475616 0.52757 0.27257999999999993
v 1.530988 0.48502 0.11435299999999997
v 0.897753 0.522747 -0.047243000000000035
v 0.900222 -0.20022099999999998 0.32039
v 0.962356 -0.223432 0.09527500000000001
v 1.59918 -0.05873999999999999 0.220879
v 1.59918 -0.05873999999999999 0.220879
v 0.900222 -0.20022099999999998 0.32039
v 0.828388 0.587608 0.19676099999999996
v 0.840564 0.687901 0.14001599999999995
v 0.82219 0.685019 0.23513799999999996
v 0.8229 0.612671 0.24798599999999998
v 0.97527 0.12567400000000004 0.35693
v 1.004739 0.13848400000000002 0.398641
v 1.701248 0.30993200000000004 0.556661
v 1.665743 0.209724 -0.08017400000000001
v 1.834717 0.623973 0.521145
v 1.693094 0.168835 -0.10859300000000001
v 1.66872 0.17533 -0.07360500000000002
v 1.815139 0.183992 -0.08992800000000001
v 1.939039 0.636929 0.537099
v 1.665743 0.209724 -0.08017400000000001
v 1.690116 0.203229 -0.11516200000000001
v 1.831739 0.658368 0.514575
v 1.668819 0.151854 -0.07464000000000001
v 1.936059 0.671324 0.530529
v 1.939039 0.636929 0.537099
v 1.834717 0.623973 0.521145
v 1.831739 0.658368 0.514575
v 1.690682 0.3018910000000001 0.587556
v 1.681759 0.40495700000000007 0.567871
v 1.694767 0.38478400000000007 0.542365
v 1.701248 0.30993200000000004 0.556661
v 0.815391 0.640597 0.23635199999999998
v 0.814669 0.584798 0.24603899999999998
v 0.817565 0.581884 0.23317099999999996
v 0.818287 0.637683 0.22348399999999996
v 0.811245 0.010653000000000017 0.294289
v 0.960816 0.025270000000000018 0.310907
v 0.965451 -0.03709099999999998 0.321105
v 0.815881 -0.051707999999999976 0.304487
v 0.814226 0.0070120000000000165 0.275944
v 0.811245 0.010653000000000017 0.294289
v 0.815881 -0.051707999999999976 0.304487
v 0.818861 -0.05534899999999998 0.286142
v 0.751581 0.13953100000000002 0.263096
v 0.901151 0.15414800000000003 0.279713
v 0.905787 0.09178800000000001 0.289911
v 0.756216 0.07717100000000002 0.273294
v 0.754561 0.13589000000000004 0.24475
v 0.751581 0.13953100000000002 0.263096
v 0.756216 0.07717100000000002 0.273294
v 0.759197 0.07352900000000001 0.254948
v 0.768489 0.279114 0.24037599999999998
v 0.91806 0.293731 0.256994
v 0.922695 0.23137000000000002 0.267192
v 0.773124 0.21675300000000003 0.250574
v 0.771469 0.275472 0.22203099999999998
v 0.768489 0.279114 0.24037599999999998
v 0.773124 0.21675300000000003 0.250574
v 0.776105 0.21311200000000002 0.232229
v 0.780141 0.459269 0.20994299999999996
v 0.929712 0.473886 0.22655999999999998
v 0.934347 0.411525 0.23675799999999997
v 0.784776 0.396908 0.22014099999999998
v 0.783122 0.455627 0.19159699999999996
v 0.780141 0.459269 0.20994299999999996
v 0.784776 0.396908 0.22014099999999998
v 0.787757 0.393266 0.20179499999999997
v 1.591999 0.3087150000000001 0.912147
v 1.594494 0.34373200000000004 0.906271
v 1.612928 0.30097900000000005 0.883246
v 1.323242 0.30411400000000005 0.753475
v 1.591999 0.3087150000000001 0.912147
v 1.615423 0.33599500000000004 0.87737
v 1.594494 0.34373200000000004 0.906271
v 1.324296 0.31889400000000007 0.750995
v 1.565396 0.3094430000000001 0.921683
v 1.506907 0.26201300000000005 0.666962
v 1.220704 0.743069 0.819625
v 1.258458 0.780037 0.694553
v 1.220704 0.743069 0.819625
v 1.2487 0.738165 0.700211
v 1.081567 0.772733 0.654079
v 1.053594 0.823699 0.773968
v 1.05357 0.777625 0.773494
v 1.081567 0.772733 0.654079
v 1.641719 0.26761500000000005 0.994511
v 1.736109 0.23062100000000005 0.904687
v 1.641719 0.26761500000000005 0.994511
v 1.70543 0.23108900000000004 0.899243
v 1.72056 0.4019460000000001 0.87184
v 1.684888 0.43019700000000005 0.982036
v 1.656189 0.43102700000000005 0.968302
v 1.72056 0.4019460000000001 0.87184
v 1.258662 0.782343 0.694183
v 1.053594 0.823699 0.773968
v 1.05357 0.777625 0.773494
v 1.053594 0.823699 0.773968
v 1.22834 0.782957 0.822517
v 1.22834 0.782957 0.822517
v 1.220704 0.743069 0.819625
v 1.05357 0.777625 0.773494
v 1.684888 0.43019700000000005 0.982036
v 1.670609 0.2689460000000001 1.007899
v 1.641719 0.26761500000000005 0.994511
v 1.656189 0.43102700000000005 0.968302
v 1.083888 0.822762 0.645686
v 1.721443 -0.03422799999999995 0.789947
v 1.685512 0.006157000000000057 0.93532
v 1.778294 0.60778 0.686975
v 1.741181 0.634822 0.834489
v 1.083888 0.822762 0.645686
v 1.081567 0.772733 0.654079
v 1.125395 0.795467 0.501197
v 1.741181 0.634822 0.834489
v 1.774224 0.661049 0.835651
v 1.685512 0.006157000000000057 0.93532
v 1.713636 -0.02316599999999994 0.945392
v 1.646656 0.05385900000000006 1.045308
v 1.646656 0.05385900000000006 1.045308
v 1.673325 0.030116000000000066 1.062717
v 1.579009 0.01742400000000006 1.046271
v 1.153968 0.020681000000000057 0.909738
v 1.180211 -0.10360099999999994 0.836279
v 1.178687 -0.05870899999999995 0.82569
v 1.178687 -0.05870899999999995 0.82569
v 1.153968 0.020681000000000057 0.909738
v 0.981852 -0.0010249999999999467 0.872632
v 1.008219 -0.08018699999999995 0.791259
v 0.981852 -0.0010249999999999467 0.872632
v 0.973795 -0.046207999999999944 0.887742
v 1.008219 -0.08018699999999995 0.791259
v 1.673325 0.030116000000000066 1.062717
v 1.679645 0.10148800000000006 1.05127
v 1.722124 0.07268300000000005 0.930019
v 1.679645 0.10148800000000006 1.05127
v 1.650914 0.10194600000000006 1.037596
v 1.691603 0.07494100000000005 0.924288
v 1.650914 0.10194600000000006 1.037596
v 1.646656 0.05385900000000006 1.045308
v 1.685452 0.005477000000000057 0.935429
v 1.646656 0.05385900000000006 1.045308
v 1.587398 0.042291000000000065 1.034791
v 1.587398 0.042291000000000065 1.034791
v 1.685452 0.005477000000000057 0.935429
v 1.61161 -0.005339999999999944 0.92223
v 1.587398 0.042291000000000065 1.034791
v 1.579009 0.01742400000000006 1.046271
v 1.579009 0.01742400000000006 1.046271
v 1.61161 -0.005339999999999944 0.92223
v 1.604343 -0.03953099999999994 0.926973
v 1.579009 0.01742400000000006 1.046271
v 1.673325 0.030116000000000066 1.062717
v 1.673325 0.030116000000000066 1.062717
v 1.713576 -0.02384599999999994 0.945501
v 1.604343 -0.03953099999999994 0.926973
v 0.973795 -0.046207999999999944 0.887742
v 1.154546 -0.019138999999999944 0.925415
v 1.180211 -0.10360099999999994 0.836279
v 1.180211 -0.10360099999999994 0.836279
v 1.002004 -0.13089599999999996 0.799091
v 0.973795 -0.046207999999999944 0.887742
v 0.981852 -0.0010249999999999467 0.872632
v 1.153968 0.020681000000000057 0.909738
v 1.154546 -0.019138999999999944 0.925415
v 1.154546 -0.019138999999999944 0.925415
v 0.973795 -0.046207999999999944 0.887742
v 0.981852 -0.0010249999999999467 0.872632
v 1.055411 -0.17085799999999998 0.629425
v 1.136984 0.785881 0.47542399999999996
v 1.125395 0.795467 0.501197
v 1.055411 -0.17085799999999998 0.629425
v 1.125395 0.795467 0.501197
v 1.055411 -0.17085799999999998 0.629425
v 1.120344 0.744561 0.510103
v 1.055411 -0.17085799999999998 0.629425
v 1.046804 -0.11814999999999996 0.648971
v 1.043077 -0.16969299999999998 0.656548
v 1.136984 0.785881 0.47542399999999996
v 1.055411 -0.17085799999999998 0.629425
v 1.756086 -0.07009299999999996 0.768645
v 1.817768 0.626476 0.656923
v 0.858364 -0.245983 0.001342000000000015
v 1.00144 -0.261481 0.10197500000000001
v 0.983133 -0.254294 0.11458100000000002
v 0.840057 -0.238796 0.013947000000000013
v 0.829845 -0.2823 0.012710000000000018
v 0.848152 -0.289487 0.00010400000000001772
v 0.858364 -0.245983 0.001342000000000015
v 0.840057 -0.238796 0.013947000000000013
v 0.980333 -0.290856 0.13365300000000002
v 0.99864 -0.298043 0.12104800000000002
v 0.848152 -0.289487 0.00010400000000001772
v 0.829845 -0.2823 0.012710000000000018
v 0.983133 -0.254294 0.11458100000000002
v 1.00144 -0.261481 0.10197500000000001
v 0.99864 -0.298043 0.12104800000000002
v 0.980333 -0.290856 0.13365300000000002
v -1.373645 -0.2853029999999999 0.965939
v -1.171026 -0.18437799999999993 0.86653
v -1.25378 -0.005962999999999954 0.765459
v -1.248044 -0.06996199999999995 0.750021
v -1.228456 -0.13109199999999993 0.765729
v -1.221675 0.06587900000000005 0.86599
v -1.200266 -0.17297099999999996 0.808375
v -1.171026 -0.18437799999999993 0.86653
v -1.138921 -0.11253599999999994 0.967062
v -1.144657 -0.048536999999999934 0.9825
v -1.164245 0.012593000000000059 0.966792
v -1.447802 0.08111300000000006 0.965147
v -1.404991 0.06441000000000006 1.050297
v -1.363716 0.003093000000000068 1.112737
v -1.335037 -0.08640899999999993 1.135735
v -1.326638 -0.18011499999999994 1.113132
v -1.340769 -0.25291499999999995 1.050982
v -1.373645 -0.2853029999999999 0.965939
v -1.416455 -0.26859999999999995 0.88079
v -1.457731 -0.20728299999999994 0.81835
v -1.48641 -0.11777999999999994 0.79535
v -1.494809 -0.02407499999999995 0.817954
v -1.480678 0.04872500000000005 0.880104
v -1.441805 0.05148300000000006 0.965211
v -1.405918 0.037482000000000064 1.03659
v -1.469364 0.024333000000000056 0.893922
v -1.371317 -0.013917999999999934 1.088932
v -1.347277 -0.08894599999999993 1.108211
v -1.340236 -0.16749699999999995 1.089263
v -1.352082 -0.22852299999999995 1.037164
v -1.379641 -0.25567399999999996 0.965875
v -1.415529 -0.24167199999999994 0.894497
v -1.450128 -0.19027199999999994 0.842154
v -1.47417 -0.11524299999999994 0.822874
v -1.48121 -0.036692999999999955 0.841823
v -1.262832 -0.07256599999999996 0.77906
v -1.47417 -0.11524299999999994 0.822874
v -1.148573 -0.16225799999999996 0.924614
v -1.192436 0.054472000000000055 0.924146
v -1.244129 0.04375900000000005 0.807906
v -1.175832 -0.05453599999999994 0.974692
v -1.222626 -0.15924899999999995 0.828165
v -1.259537 0.023130000000000053 0.827771
v 0.658955 0.331743 0.08953499999999999
v 0.828073 0.366781 0.02350999999999998
v -1.881909 -0.21462799999999993 1.166854
v 0.614686 0.296554 0.026767999999999983
v -1.874912 -0.1785839999999999 1.197626
v -1.868192 -0.21178599999999992 1.197697
v -1.868192 -0.21178599999999992 1.197697
v -1.881909 -0.21462799999999993 1.166854
v -1.888628 -0.18142599999999992 1.166782
v 0.625767 0.351532 0.07458499999999997
v 0.613305 0.360834 0.051728999999999976
v 0.635453 0.327931 0.08523399999999999
v 0.635725 0.302362 0.07470699999999998
v 0.635453 0.327931 0.08523399999999999
v 0.62787 0.288867 0.05188499999999998
v 0.614686 0.296554 0.026767999999999983
v 0.605722 0.32177 0.01837999999999998
v 0.60546 0.347323 0.02892299999999998
v -1.216037 0.032145000000000055 0.925588
v -1.262832 -0.07256599999999996 0.77906
v -1.179126 -0.15023399999999995 0.925982
v -1.051056 -0.029886999999999955 0.730539
v -1.539196 0.3281660000000001 1.521604
v -0.53681 -0.382905 -0.046115999999999976
v -1.533685 0.3385730000000001 1.520406
v -1.539196 0.3281660000000001 1.521604
v -1.523468 0.3405430000000001 1.526045
v -1.51876 0.3321070000000001 1.532882
v -0.521884 -0.389371 -0.03363899999999998
v -0.516375 -0.378964 -0.03483699999999998
v -0.521083 -0.370527 -0.04167399999999998
v -0.531301 -0.372498 -0.04731399999999998
v -0.53681 -0.382905 -0.046115999999999976
v -0.532102 -0.391341 -0.03927899999999998
v 0.216668 0.472086 0.040985999999999974
v 0.364843 0.432865 0.03527199999999997
v 0.406323 0.420467 0.014061999999999974
v 0.406323 0.420467 0.014061999999999974
v 0.406323 0.420467 0.014061999999999974
v 0.174046 0.484375 0.02301899999999997
v 0.174046 0.484375 0.02301899999999997
v 0.174046 0.484375 0.02301899999999997
v 0.711733 -0.295197 0.334739
v 0.100003 0.173603 -0.07387900000000001
v 1.470808 0.48082100000000005 0.575749
v 1.470807 0.5568480000000001 1.444758
v -1.257968 0.309007 0.443179
v -1.372849 0.3952490000000001 0.719253
v -1.197078 0.28824900000000003 0.572885
v -1.40111 0.34592900000000004 0.757414
v -1.197078 0.28824900000000003 0.572885
v -1.40111 0.34592900000000004 0.757414
v -1.503126 0.37477000000000005 0.868203
v -1.40111 0.34592900000000004 0.757414
v -1.503126 0.37477000000000005 0.868203
v -1.598863 0.41402300000000003 0.980643
v -1.503126 0.37477000000000005 0.868203
v -1.579752 0.44530800000000004 0.987317
v -0.141901 -0.10739499999999999 0.223423
v -0.138041 -0.15665699999999996 0.252161
v -0.241582 0.646441 -0.06409700000000004
v -0.257704 0.696113 -0.08828300000000004
v -0.646231 0.679633 0.14429899999999998
v -0.646231 0.679633 0.14429899999999998
v -0.415204 -0.09152699999999997 0.387327
v -1.224329 0.44116900000000003 0.545171
v -0.676124 0.599837 0.24426699999999998
v -0.611161 0.659566 0.38333799999999996
v -0.676124 0.599837 0.24426699999999998
v -1.037241 0.06437500000000004 0.659598
v -0.991037 0.10658200000000004 0.757603
v -1.037241 0.06437500000000004 0.659598
v -0.512149 -0.012161999999999975 0.399991
v -0.512149 -0.012161999999999975 0.399991
v -0.447167 0.047569000000000035 0.539051
v 1.636023 0.575061 0.49638999999999994
v 1.636023 0.575061 0.49638999999999994
v 1.636023 0.575061 0.49638999999999994
v 1.604079 0.607208 0.638323
v 1.604079 0.607208 0.638323
v 0.989211 0.353722 0.341756
v 1.004739 0.13848400000000002 0.398641
v 0.998108 0.24787700000000001 0.360078
v 0.959742 0.340912 0.300044
v 0.97527 0.12567400000000004 0.35693
v 0.968809 0.23507100000000003 0.317301
v 1.176768 -0.09089899999999997 0.469623
v 1.201741 -0.08515999999999997 0.413619
v 1.08007 0.39180400000000004 0.464607
v 1.095598 0.17656700000000003 0.521493
v 1.088727 0.28595400000000004 0.48442
v 1.66872 0.17533 -0.07360500000000002
v 1.66872 0.17533 -0.07360500000000002
v 1.812161 0.218387 -0.09649700000000001
v 1.812161 0.218387 -0.09649700000000001
v 1.936059 0.671324 0.530529
v 1.936059 0.671324 0.530529
v 1.550195 0.32821400000000006 0.921679
v 1.491707 0.28078400000000003 0.666958
v 1.550195 0.32821400000000006 0.921679
v 1.509871 0.29549200000000003 0.661592
v 1.525072 0.2767220000000001 0.661596
v 1.583561 0.32415200000000005 0.916317
v 1.583561 0.32415200000000005 0.916317
v 1.56836 0.34292200000000006 0.916313
v 1.509871 0.29549200000000003 0.661592
v 1.827396 0.636722 0.66349
v 1.823165 0.64098 0.682292
v 1.827396 0.636722 0.66349
v 1.764067 -0.07845499999999996 0.778197
v 1.759835 -0.07419699999999994 0.796998
v 1.764067 -0.07845499999999996 0.778197
v 1.817768 0.626476 0.656923
v 1.827396 0.636722 0.66349
v 1.817768 0.626476 0.656923
v 1.756086 -0.07009299999999996 0.768645
v 1.764067 -0.07845499999999996 0.778197
v 1.759835 -0.07419699999999994 0.796998
v 1.749065 -0.06302899999999995 0.799839
v 1.823165 0.64098 0.682292
v 1.823165 0.64098 0.682292
v 1.749065 -0.06302899999999995 0.799839
v 1.810748 0.63354 0.688117
v 0.858364 -0.245983 0.001342000000000015
v 0.829845 -0.2823 0.012710000000000018
v 0.848152 -0.289487 0.00010400000000001772
v 0.980333 -0.290856 0.13365300000000002
v 0.99864 -0.298043 0.12104800000000002
v 0.983133 -0.254294 0.11458100000000002
v -1.874912 -0.1785839999999999 1.197626
v -1.868192 -0.21178599999999992 1.197697
v -1.888628 -0.18142599999999992 1.166782
v -1.940356 -0.2090809999999999 1.210937
v -1.881909 -0.21462799999999993 1.166854
v -1.940356 -0.2090809999999999 1.210937
v -1.888628 -0.18142599999999992 1.166782
v -1.874912 -0.1785839999999999 1.197626
v -1.940356 -0.2090809999999999 1.210937
v -1.534487 0.3197290000000001 1.528441
v -1.524269 0.3217000000000001 1.53408
v -1.534487 0.3197290000000001 1.528441
v -1.534487 0.3197290000000001 1.528441
v 0.3696 0.444055 0.015477999999999973
v 0.221424 0.49089 0.021191999999999968
v 0.363333 0.432864 -0.0038920000000000265
v 0.215158 0.472086 0.0018229999999999711
v 0.363333 0.432864 -0.0038920000000000265
v 0.358577 0.41406 0.015902999999999976
v 0.210401 0.453281 0.021616999999999973
v 0.358577 0.41406 0.015902999999999976
v 0.363333 0.432864 -0.0038920000000000265
v 0.358577 0.41406 0.015902999999999976
v 0.221424 0.49089 0.021191999999999968
v 0.215158 0.472086 0.0018229999999999711
v 0.210401 0.453281 0.021616999999999973
v 0.700445 -0.317112 0.326496
v 0.088714 0.151688 -0.08212200000000001
v 0.700445 -0.317112 0.326496
v 0.713437 -0.305908 0.3199
v 0.101706 0.162892 -0.08871900000000002
v 0.713437 -0.305908 0.3199
v 0.698742 -0.306401 0.341335
v 0.087011 0.162399 -0.06728400000000001
v 0.087011 0.162399 -0.06728400000000001
v 1.457811 0.49376800000000004 0.574616
v 1.457811 0.5697960000000001 1.443625
v 1.457811 0.49376800000000004 0.574616
v 1.470808 0.506715 0.573483
v 1.483804 0.49376800000000004 0.574616
v 1.483804 0.5697960000000001 1.443625
v 1.483804 0.5697960000000001 1.443625
v 1.470808 0.5827430000000001 1.442493
v 1.470808 0.506715 0.573483
vt -0.225602 0.803226
vt -0.226154 0.877738
vt -0.204851 0.882001
vt -0.192400 0.805209
vt -0.235450 0.802434
vt -0.268662 0.803830
vt -0.257584 0.880826
vt -0.236207 0.876944
vt 0.948130 0.924279
vt 0.957885 0.914525
vt 0.971679 0.914525
vt 0.981433 0.924279
vt 0.981433 0.938073
vt 0.971678 0.947827
vt 0.957884 0.947827
vt 0.948130 0.938073
vt 0.930296 0.956301
vt 0.920542 0.966055
vt 0.920541 0.979849
vt 0.930295 0.989603
vt 0.944089 0.989604
vt 0.953843 0.979849
vt 0.953844 0.966055
vt 0.944090 0.956301
vt 0.000000 0.000000
vt 1.848822 1.806443
vt 1.714515 1.811440
vt 1.854328 1.795611
vt 1.706876 1.802697
vt 1.849410 1.812647
vt 1.715106 1.817665
vt 1.855657 1.823101
vt 1.708167 1.826877
vt -0.171545 0.867595
vt -0.150242 0.871858
vt -0.170993 0.793083
vt -0.137791 0.795066
vt -0.181599 0.866801
vt -0.202975 0.870682
vt -0.180842 0.792291
vt -0.214053 0.793687
vt -0.168693 0.800749
vt -0.169245 0.875261
vt -0.147942 0.879524
vt -0.135491 0.802732
vt -0.178542 0.799957
vt -0.211753 0.801353
vt -0.200675 0.878349
vt -0.179299 0.874467
vt -0.163327 0.790016
vt -0.163878 0.864528
vt -0.142576 0.868791
vt -0.130125 0.791999
vt -0.173175 0.789224
vt -0.206387 0.790620
vt -0.195309 0.867616
vt -0.173932 0.863734
vt -0.163327 0.790016
vt -0.163878 0.864528
vt -0.142576 0.868791
vt -0.130125 0.791999
vt -0.173175 0.789224
vt -0.206387 0.790620
vt -0.195309 0.867616
vt -0.173932 0.863734
vt -0.163327 0.790016
vt -0.163878 0.864528
vt -0.142576 0.868791
vt -0.130125 0.791999
vt -0.173175 0.789224
vt -0.206387 0.790620
vt -0.195309 0.867616
vt -0.173932 0.863734
vt -0.248039 0.872747
vt -0.271673 0.889537
vt -0.267414 0.950535
vt -0.238417 0.931347
vt -0.312466 0.806794
vt -0.274166 0.790091
vt -0.241806 0.870602
vt -0.222386 0.927435
vt -0.187166 0.931858
vt -0.209304 0.872986
vt -0.223409 0.782621
vt -0.260793 0.785381
vt -0.264139 0.878114
vt -0.254516 0.936713
vt -0.283514 0.955901
vt -0.287772 0.894903
vt -0.328565 0.812161
vt -0.290266 0.795457
vt -0.257906 0.875969
vt -0.238485 0.932802
vt -0.203266 0.937224
vt -0.225403 0.878352
vt -0.239508 0.787987
vt -0.276892 0.790748
vt -0.225806 0.877347
vt -0.249440 0.894137
vt -0.245181 0.955135
vt -0.216184 0.935947
vt -0.290233 0.811394
vt -0.251934 0.794691
vt -0.219574 0.875202
vt -0.200153 0.932035
vt -0.164933 0.936458
vt -0.187071 0.877586
vt -0.201176 0.787221
vt -0.238560 0.789981
vt -0.241288 0.870803
vt -0.267585 0.883004
vt -0.274514 0.943757
vt -0.242506 0.930175
vt -0.292617 0.794214
vt -0.251915 0.784769
vt -0.234769 0.869830
vt -0.226030 0.929250
vt -0.192206 0.940017
vt -0.203244 0.878096
vt -0.200646 0.786674
vt -0.237907 0.782576
vt 1.869790 1.815691
vt 1.861600 1.805274
vt 1.707222 1.803348
vt 1.700382 1.815461
vt 1.869980 1.787963
vt 1.700620 1.783857
vt 1.707220 1.796201
vt 1.861465 1.798124
vt 1.853745 1.809572
vt 1.847267 1.802225
vt 1.709115 1.808639
vt 1.704608 1.817869
vt 1.852617 1.789087
vt 1.703346 1.794547
vt 1.708780 1.803367
vt 1.846759 1.796959
vt -0.231706 0.881986
vt -0.252066 0.902624
vt -0.237280 0.961956
vt -0.212055 0.938025
vt -0.306607 0.828223
vt -0.271790 0.805122
vt -0.225941 0.878791
vt -0.196947 0.931389
vt -0.161494 0.929628
vt -0.193518 0.875495
vt -0.223101 0.788952
vt -0.259437 0.798162
vt 0.330623 0.719386
vt 0.421008 0.616094
vt 0.423694 0.696953
vt 0.565439 0.709842
vt 0.525010 0.637698
vt 0.322422 0.092211
vt 0.585638 0.250395
vt 0.110832 0.525662
vt 0.409054 0.969458
vt 0.585638 0.236883
vt 0.328703 0.644443
vt 0.422240 0.650564
vt 0.547260 0.675795
vt 0.506047 0.729606
vt 0.517441 0.754590
vt 0.061918 0.525662
vt 0.006548 0.567494
vt 0.608652 0.058219
vt 0.120343 0.517414
vt 0.819604 0.080738
vt 0.614679 0.069118
vt 0.608660 0.042342
vt 0.120489 0.533319
vt 0.819419 0.019781
vt 0.614832 0.031194
vt 0.770070 0.069118
vt 0.769965 0.031194
vt 0.777371 0.058219
vt 0.777100 0.042342
vt 0.216024 0.001766
vt 0.425183 0.722491
vt 0.295615 0.003807
vt 0.216024 0.019974
vt 0.262514 0.092211
vt 0.523380 0.250395
vt 0.494179 0.236883
vt 0.574971 0.950517
vt 0.425556 0.747999
vt 0.390698 0.721308
vt 0.274855 0.001766
vt 0.274855 0.019974
vt 0.216024 0.004924
vt 0.216024 0.016806
vt 0.329045 0.003807
vt 0.820571 0.489459
vt 0.820571 0.484818
vt 0.820571 0.475037
vt 0.820571 0.466636
vt 0.820571 0.494712
vt 0.752543 0.489459
vt 0.752543 0.484818
vt 0.752543 0.475037
vt 0.752543 0.466636
vt 0.752543 0.494712
vt 0.718288 0.489459
vt 0.718288 0.484818
vt 0.718288 0.475037
vt 0.718288 0.466636
vt 0.718288 0.494712
vt 0.684879 0.484818
vt 0.684879 0.475037
vt 0.684879 0.466636
vt 0.684879 0.494712
vt 0.526684 0.947950
vt 0.329045 0.017274
vt 0.201138 0.078744
vt 0.201138 0.092211
vt 0.234568 0.078744
vt 0.613580 0.483005
vt 0.613580 0.471124
vt 0.262514 0.078744
vt 0.322422 0.078744
vt 0.613580 0.486174
vt 0.613580 0.467966
vt 0.672411 0.486174
vt 0.672411 0.467966
vt 0.949224 0.789459
vt 0.923283 0.789459
vt 0.951273 0.728908
vt 0.923104 0.728908
vt 0.329045 0.003807
vt 0.329045 0.017274
vt 0.234568 0.092211
vt 0.234568 0.078744
vt 0.262514 0.092211
vt 0.356990 0.017274
vt 0.234568 0.092211
vt 0.234568 0.078744
vt 0.526683 0.784032
vt 0.526684 0.947950
vt 1.525010 0.637698
vt 1.565439 0.709842
vt 1.332732 0.610110
vt 1.329175 0.698186
vt 1.421008 0.616094
vt 1.423694 0.696953
vt 1.595638 0.250395
vt 1.547260 0.675795
vt 1.328703 0.644443
vt 1.422240 0.650564
vt 1.506047 0.729606
vt 1.425183 0.722491
vt 1.533380 0.250395
vt 1.425556 0.747999
vt 1.533380 0.284366
vt 1.391398 0.748582
vt 1.951272 0.728908
vt 1.923104 0.728908
vt 1.949224 0.789459
vt 1.923283 0.789459
vt 1.330623 0.719386
vt 1.517441 0.754590
vt 1.630814 0.789268
vt 1.504179 0.284366
vt 1.504179 0.236883
vt 1.390698 0.721308
vt 0.329175 0.698186
vt 0.409053 0.762524
vt -0.658208 0.275220
vt 1.595638 0.236883
vt -0.655707 0.345170
vt 1.329175 0.698186
vt 1.328703 0.644443
vt -0.655707 0.345170
vt 0.329175 0.698186
vt 0.328703 0.644443
vt 0.329175 0.698186
vt 0.328703 0.644443
vt 1.783000 1.859940
vt 1.780360 1.849295
vt 1.734025 1.846968
vt 1.732063 1.857922
vt 1.782246 1.833701
vt 1.731382 1.829320
vt 1.732142 1.841100
vt 1.778424 1.843417
vt 0.409054 0.912445
vt 0.473331 0.912292
vt 0.472948 0.822602
vt 0.409053 0.821487
vt 0.409054 0.912445
vt 0.473331 0.912292
vt 0.472948 0.822602
vt 0.409053 0.821487
vt 0.702298 0.974155
vt 0.647797 0.756100
vt 0.857650 0.519847
vt 0.896269 0.756099
vt 0.684861 0.974155
vt 0.632177 0.756100
vt 0.839039 0.519847
vt 0.895781 0.737839
vt 0.341036 0.118197
vt 0.203679 0.098800
vt 0.567855 0.098799
vt 0.430661 0.118196
vt 0.013898 0.118198
vt 0.138351 0.098800
vt 0.633402 0.098798
vt 0.757831 0.118195
vt 0.169957 0.098800
vt 0.163244 0.098800
vt 0.601342 0.098798
vt 0.608509 0.098798
vt 0.886418 0.348483
vt 0.169957 0.144506
vt 0.163244 0.144507
vt 0.608509 0.144505
vt 0.353788 0.163266
vt 0.889760 0.389767
vt 0.601342 0.144505
vt 0.299851 0.163266
vt 0.283689 0.163266
vt 0.276291 0.163267
vt 0.896012 0.389767
vt 0.917068 0.389767
vt 0.921494 0.389767
vt 0.896012 0.348483
vt 0.858915 0.389767
vt 0.899759 0.470696
vt 0.954325 0.514430
vt 0.327439 0.163266
vt 0.333640 0.163266
vt 0.954325 0.506841
vt 0.954325 0.470696
vt 0.865683 0.389767
vt 0.923202 0.470696
vt 0.923202 0.506841
vt 0.930804 0.506841
vt 0.930804 0.470696
vt 0.309314 0.188146
vt 0.327440 0.188145
vt 0.327439 0.181223
vt 0.299851 0.181223
vt 0.299851 0.195378
vt 0.309314 0.195378
vt 0.889760 0.371587
vt 0.896012 0.371587
vt 0.917068 0.371587
vt 0.917068 0.366551
vt 0.896012 0.366551
vt 0.886418 0.366551
vt 0.858915 0.366551
vt 0.858915 0.371587
vt 0.565918 0.451606
vt 0.544632 0.426791
vt 0.544632 0.451105
vt 0.584500 0.438374
vt 0.576004 0.430103
vt 0.576004 0.446452
vt 0.565918 0.425488
vt 0.341036 0.144506
vt 0.559199 0.151631
vt 0.212881 0.151633
vt 0.344819 0.151632
vt 0.430661 0.144506
vt 0.203679 0.144506
vt 0.567855 0.144505
vt 0.434799 0.151632
vt 0.163244 0.098800
vt 0.608509 0.098798
vt 0.163244 0.144507
vt 0.608509 0.144505
vt 0.633402 0.144505
vt 0.138351 0.144507
vt 0.013898 0.144507
vt 0.757831 0.144504
vt 0.701446 0.519848
vt 0.647314 0.737840
vt 0.839039 0.519847
vt 0.895781 0.737839
vt 0.341036 0.118197
vt 0.203679 0.098800
vt 0.886418 0.348483
vt 0.299851 0.163266
vt 0.858915 0.348483
vt 0.899759 0.470696
vt 0.899759 0.506841
vt 0.327439 0.163266
vt 0.923202 0.470696
vt 0.923202 0.506841
vt 0.327439 0.181223
vt 0.299851 0.181223
vt 0.886418 0.366551
vt 0.858915 0.366551
vt 0.341036 0.144506
vt 0.203679 0.144506
vt 0.430661 0.118196
vt 0.896012 0.348483
vt 0.896012 0.366551
vt 0.886418 0.366551
vt 0.341036 0.144506
vt 0.430661 0.144506
vt 0.567855 0.098799
vt 0.430661 0.144506
vt 0.567855 0.144505
vt 0.169957 0.098800
vt 0.601342 0.098798
vt 0.169957 0.144506
vt 0.601342 0.144505
vt 0.283689 0.163266
vt 0.299851 0.181223
vt 0.283689 0.181223
vt 0.203679 0.144506
vt 0.567855 0.144505
vt 0.309314 0.188146
vt 0.299851 0.181223
vt 0.299851 0.195378
vt 0.309314 0.195378
vt 0.327439 0.181223
vt 0.327440 0.188145
vt 0.353788 0.163266
vt 0.333640 0.163266
vt 0.327439 0.163266
vt 0.327439 0.163266
vt 0.299851 0.163266
vt 0.299851 0.181223
vt 0.327439 0.181223
vt 0.299851 0.163266
vt 0.283689 0.163266
vt 0.283689 0.181223
vt 0.299851 0.181223
vt 0.283689 0.163266
vt 0.276291 0.163267
vt -0.619628 0.348651
vt -0.620068 0.356764
vt -0.562521 0.359892
vt -0.562081 0.351789
vt -0.618308 0.324485
vt -0.560762 0.327638
vt -0.560316 0.319536
vt -0.617860 0.316371
vt -0.619628 0.348651
vt -0.620068 0.356764
vt -0.562521 0.359892
vt -0.562081 0.351789
vt -0.618308 0.324485
vt -0.560762 0.327638
vt -0.560316 0.319536
vt -0.617860 0.316371
vt -0.619628 0.348651
vt -0.620068 0.356764
vt -0.562521 0.359892
vt -0.562081 0.351789
vt -0.618308 0.324485
vt -0.560762 0.327638
vt -0.560316 0.319536
vt -0.617860 0.316371
vt -0.619628 0.348651
vt -0.620068 0.356764
vt -0.562521 0.359892
vt -0.562081 0.351789
vt -0.618308 0.324485
vt -0.560762 0.327638
vt -0.560316 0.319536
vt -0.617860 0.316371
vt 0.846027 0.095051
vt 0.928600 0.095051
vt 0.937079 0.086797
vt 0.856991 0.086797
vt 0.846027 0.098186
vt 0.856991 0.106481
vt 0.937079 0.106481
vt 0.928600 0.098185
vt 0.982543 0.030586
vt 0.986238 0.030578
vt 0.986237 0.077476
vt 0.982547 0.077485
vt 0.971565 0.077492
vt -0.583859 0.412387
vt 0.199000 0.617617
vt 0.196593 0.703892
vt 0.009443 0.745488
vt 0.020024 0.718968
vt 0.048379 0.627980
vt 0.587593 0.686746
vt 0.452689 0.092211
vt 0.669375 0.555879
vt 0.662560 0.530142
vt 0.651193 0.648806
vt 0.608521 0.686746
vt 0.598057 0.686746
vt 0.195177 0.726690
vt 0.895286 0.250395
vt 0.997875 0.250395
vt 0.536384 0.495196
vt 0.895286 0.284366
vt 0.997875 0.284366
vt 0.659178 0.495196
vt 0.713656 0.236883
vt 0.886605 0.236883
vt 0.997875 0.236883
vt 0.242120 0.977463
vt 0.195616 0.652228
vt 0.037356 0.666293
vt 0.670874 0.614096
vt 0.084609 0.001767
vt 0.084609 0.019974
vt 0.516692 0.092211
vt 0.781724 0.236883
vt 0.151633 0.959719
vt 0.151633 0.958608
vt 0.150982 0.959592
vt 0.020900 0.004924
vt 0.020900 0.001767
vt 0.020900 0.016806
vt 0.020900 0.019975
vt 0.713656 0.250395
vt 0.084609 0.004924
vt 0.084609 0.016806
vt 0.131484 0.733522
vt 0.551808 0.078744
vt 0.672776 0.092211
vt 0.667303 0.078744
vt 0.516692 0.078744
vt 0.452689 0.078744
vt 0.646285 0.017274
vt 0.646285 0.003807
vt 0.551808 0.078744
vt 0.551808 0.092211
vt 0.516692 0.092211
vt 0.551808 0.092211
vt 0.781724 0.250395
vt 0.611168 0.017274
vt 0.551808 0.078744
vt 0.242119 0.754521
vt 0.015349 0.798884
vt 0.015350 0.933102
vt 0.151632 0.772266
vt 1.846027 0.095051
vt 1.928600 0.095051
vt 1.937079 0.086797
vt 1.856991 0.086797
vt 1.846027 0.098186
vt 1.856991 0.106481
vt 1.937079 0.106481
vt 1.928600 0.098185
vt 1.982543 0.030586
vt 1.986238 0.030578
vt 1.971552 0.030585
vt 1.982543 0.030586
vt 1.986238 0.030578
vt 1.971552 0.030585
vt 1.982543 0.030586
vt 1.986238 0.030578
vt 1.192480 0.559017
vt 1.199000 0.617617
vt 1.196593 0.703892
vt 1.723656 0.250395
vt 1.195616 0.652228
vt 1.129976 0.768484
vt 1.791724 0.250395
vt 1.791724 0.284366
vt 1.986237 0.077476
vt 1.982547 0.077485
vt 1.986237 0.077476
vt 1.982547 0.077485
vt 1.971565 0.077492
vt 1.986237 0.077476
vt 1.982547 0.077485
vt 1.971565 0.077492
vt 1.195176 0.726690
vt 1.020024 0.718968
vt 1.009444 0.745488
vt 1.048379 0.627980
vt 1.057321 0.572558
vt 1.905286 0.250395
vt 1.905286 0.284366
vt 1.007905 0.781275
vt 1.896605 0.236883
vt 1.723656 0.236883
vt 1.037356 0.666293
vt 1.131484 0.733522
vt 1.791724 0.236883
vt 1.791724 0.236883
vt 1.986238 0.030578
vt 1.982543 0.030586
vt 1.986238 0.030578
vt 1.971552 0.030585
vt 1.982543 0.030586
vt 1.986237 0.077476
vt 1.982547 0.077485
vt 1.986237 0.077476
vt 1.982547 0.077485
vt 0.242120 0.977463
vt 0.242119 0.754521
vt -0.655707 0.345170
vt -0.625995 0.383908
vt -0.655707 0.345170
vt -0.625995 0.383908
vt -0.687891 0.279229
vt 1.075719 1.934473
vt 1.093075 1.939291
vt 1.041521 1.932517
vt 1.025350 1.933165
vt 1.058097 1.933805
vt 1.041521 1.932517
vt 1.041521 1.932517
vt 1.058097 1.933805
vt 1.982545 0.054036
vt 1.971559 0.054038
vt 1.982545 0.054036
vt 1.971559 0.054038
vt 1.982545 0.054036
vt 1.971559 0.054038
vt 0.982545 0.054036
vt 0.971559 0.054038
vt 0.174660 0.069118
vt 0.014133 0.069118
vt 0.020869 0.058219
vt 0.174660 0.058219
vt 0.183470 0.058219
vt 0.174660 0.042342
vt 0.183678 0.042342
vt 0.174660 0.031194
vt 0.014119 0.031194
vt 0.020869 0.042342
vt 0.535964 0.329786
vt 0.536844 0.285396
vt 0.527723 0.324444
vt 0.537083 0.292686
vt 0.531804 0.318210
vt 0.539972 0.323595
vt 0.704575 0.321936
vt 0.704439 0.314972
vt 0.709133 0.285396
vt 0.709133 0.292772
vt -0.623336 0.291462
vt -0.565789 0.294600
vt -0.623777 0.299576
vt -0.566229 0.302703
vt -0.622016 0.267295
vt -0.564470 0.270449
vt -0.621569 0.259181
vt -0.564024 0.262347
vt -0.619628 0.348651
vt -0.562081 0.351789
vt -0.620068 0.356764
vt -0.562521 0.359892
vt -0.618308 0.324485
vt -0.560762 0.327638
vt -0.617860 0.316371
vt -0.560316 0.319536
vt -0.623336 0.291462
vt -0.565789 0.294600
vt -0.623777 0.299576
vt -0.566229 0.302703
vt -0.622016 0.267295
vt -0.564470 0.270449
vt -0.621569 0.259181
vt -0.564024 0.262347
vt -0.619628 0.348651
vt -0.562081 0.351789
vt -0.620068 0.356764
vt -0.562521 0.359892
vt -0.618308 0.324485
vt -0.560762 0.327638
vt -0.617860 0.316371
vt -0.560316 0.319536
vt 0.929346 0.135381
vt 0.929346 0.142742
vt 0.861799 0.135381
vt 0.861799 0.142742
vt 0.929346 0.126891
vt 0.929346 0.120436
vt 0.861799 0.126891
vt 0.861799 0.120436
vt 0.981159 0.158934
vt 0.986238 0.158920
vt 0.971075 0.158934
vt 0.976117 0.158934
vt 0.981196 0.096533
vt 0.986238 0.096533
vt 0.971076 0.096547
vt 0.976117 0.096547
vt 0.661488 0.213899
vt 0.811185 0.213768
vt 0.663346 0.177579
vt 0.809136 0.177579
vt 0.653051 0.451606
vt 0.631765 0.426791
vt 0.631765 0.451105
vt 0.671633 0.438374
vt 0.663137 0.430103
vt 0.663137 0.446452
vt 0.653051 0.425488
vt 0.923812 0.858484
vt 0.914684 0.858484
vt 0.914684 0.888470
vt 0.923812 0.888470
vt 0.961405 0.888470
vt 0.961405 0.858484
vt 0.971691 0.858484
vt 0.971691 0.888470
vt 0.964945 0.346618
vt 0.964945 0.353240
vt 0.994627 0.353240
vt 0.994627 0.346618
vt 0.928880 0.387831
vt 0.957588 0.387831
vt 0.964945 0.387831
vt 0.994627 0.387831
vt 0.914684 0.888470
vt 0.914684 0.858484
vt 0.875795 0.858484
vt 0.875795 0.888470
vt 0.964945 0.353240
vt 0.964945 0.387831
vt 0.994627 0.387831
vt 0.994627 0.353240
vt 0.262749 0.471256
vt 0.262623 0.212079
vt 0.059198 0.245915
vt 0.059198 0.436742
vt 0.661488 0.213899
vt 0.661488 0.213899
vt 0.811185 0.213768
vt 0.811185 0.213768
vt 0.974875 0.213768
vt 0.987841 0.177579
vt 0.976740 0.213768
vt 0.987841 0.213768
vt 0.048970 0.487367
vt 0.252733 0.520432
vt 0.262749 0.471256
vt 0.059198 0.436742
vt 0.008082 0.245915
vt 0.059198 0.245915
vt 0.253704 0.163836
vt 0.262623 0.212079
vt 0.487168 0.213768
vt 0.500264 0.213691
vt 0.656963 0.177579
vt 0.815671 0.177579
vt 0.974875 0.177579
vt 0.977510 0.177579
vt 0.809136 0.177579
vt 0.663346 0.177579
vt 0.651594 0.169338
vt 0.504511 0.169338
vt 0.500264 0.177579
vt 0.500264 0.177579
vt 0.656963 0.177579
vt 0.651594 0.169338
vt 0.809136 0.177579
vt 0.802987 0.169338
vt 0.974875 0.177579
vt 0.971166 0.169338
vt 0.820910 0.169338
vt 0.974875 0.177579
vt 0.921170 0.954013
vt 0.921170 0.962230
vt 0.914354 0.962230
vt 0.914354 0.948901
vt 0.934413 0.944553
vt 0.934413 0.950642
vt 0.923812 0.858484
vt 0.923812 0.888470
vt 0.914684 0.888470
vt 0.914684 0.858484
vt 0.961405 0.858484
vt 0.961405 0.888470
vt 0.971691 0.858484
vt 0.971691 0.888470
vt 0.914354 0.991035
vt 0.894138 0.991035
vt 0.921170 0.991035
vt 0.934413 0.991035
vt 0.949263 0.991035
vt 0.956625 0.991035
vt 0.262749 0.471256
vt 0.262623 0.212079
vt 0.059198 0.245915
vt 0.059198 0.436742
vt 0.661488 0.216968
vt 0.500264 0.215306
vt 0.499156 0.223833
vt 0.661488 0.221573
vt 0.811185 0.216939
vt 0.811185 0.221673
vt 0.973387 0.215396
vt 0.972980 0.224051
vt 0.661488 0.224637
vt 0.811185 0.224637
vt 0.811185 0.213768
vt 0.661488 0.213899
vt 0.262623 0.212079
vt 0.262749 0.471256
vt 0.787688 1.868339
vt 0.785370 1.855058
vt 0.728507 1.848287
vt 0.725213 1.861644
vt 0.789015 1.836024
vt 0.726748 1.826320
vt 0.726687 1.840897
vt 0.783482 1.847659
vt 0.980148 0.911908
vt 0.976856 0.828385
vt 0.960234 0.849230
vt 0.990265 0.851995
vt 0.575550 0.231523
vt 0.600035 0.233813
vt 0.624045 0.239130
vt 0.647210 0.247385
vt 0.669174 0.258445
vt 0.689605 0.272132
vt 0.708192 0.288232
vt 0.459206 0.265012
vt 0.480443 0.252612
vt 0.503048 0.242930
vt 0.526678 0.236121
vt 0.550971 0.232297
vt 0.578394 0.139511
vt 0.614243 0.142864
vt 0.649397 0.150649
vt 0.683314 0.162736
vt 0.715473 0.178929
vt 0.745386 0.198968
vt 0.772602 0.222542
vt 0.408048 0.188543
vt 0.439142 0.170389
vt 0.472240 0.156213
vt 0.506838 0.146243
vt 0.542406 0.140644
vt 0.867976 0.873696
vt 0.897131 0.865884
vt 0.918473 0.844542
vt 0.926285 0.815388
vt 0.918473 0.786233
vt 0.897131 0.764891
vt 0.867976 0.757079
vt 0.838822 0.764891
vt 0.817480 0.786233
vt 0.809668 0.815388
vt 0.817480 0.844542
vt 0.838822 0.865884
vt 0.241563 0.250174
vt 0.201746 0.246597
vt 0.162133 0.251983
vt 0.124715 0.266060
vt 0.091375 0.288121
vt 0.279582 0.262533
vt 0.881823 0.733345
vt 0.898293 0.733345
vt 0.913502 0.733345
vt 0.804245 0.733345
vt 0.821044 0.733345
vt 0.836846 0.733345
vt 0.851997 0.733345
vt 0.866915 0.733345
vt 0.007587 0.402582
vt 0.034907 0.402533
vt 0.034704 0.389908
vt 0.034538 0.377305
vt 0.034787 0.415114
vt 0.898293 0.680274
vt 0.913502 0.680274
vt 0.804245 0.680274
vt 0.821044 0.680274
vt 0.836846 0.680274
vt 0.851997 0.680274
vt 0.866915 0.680274
vt 0.881823 0.680274
vt 0.954971 0.399480
vt 0.954936 0.390148
vt 0.954848 0.380811
vt 0.954751 0.371405
vt 0.954592 0.361213
vt 0.954935 0.427597
vt 0.954971 0.418143
vt 0.954998 0.408811
vt 0.930305 0.850964
vt 0.960234 0.849230
vt 0.960234 0.849230
vt 0.930305 0.850964
vt 0.959638 0.909696
vt 0.944106 0.827581
vt 0.027631 0.313618
vt 0.027631 0.318021
vt 0.027631 0.323187
vt 0.027631 0.328513
vt 0.027631 0.332915
vt 0.027631 0.337315
vt 0.398092 0.305178
vt 0.398092 0.315208
vt 0.398092 0.323187
vt 0.398092 0.335269
vt 0.398092 0.345297
vt 0.398092 0.355318
vt 0.768990 0.312998
vt 0.768990 0.318021
vt 0.768990 0.323187
vt 0.768990 0.327779
vt 0.768990 0.331992
vt 0.768990 0.336392
vt 0.874754 0.268797
vt 0.857911 0.262558
vt 0.857911 0.271974
vt 0.857911 0.281453
vt 0.857911 0.291777
vt 0.800692 0.262558
vt 0.800692 0.271974
vt 0.800692 0.281453
vt 0.800692 0.291777
vt 0.783784 0.267970
vt 0.738566 0.670313
vt 0.731727 0.670313
vt 0.724887 0.670313
vt 0.718048 0.670313
vt 0.738567 0.985713
vt 0.731728 0.985713
vt 0.724889 0.985713
vt 0.718049 0.985713
vt 0.761177 0.669248
vt 0.754337 0.669248
vt 0.774856 0.669248
vt 0.768016 0.669248
vt 0.761178 0.984650
vt 0.754339 0.984650
vt 0.774857 0.984650
vt 0.768018 0.984650
vt -0.257584 0.880826
vt -0.268662 0.803830
vt -0.278304 0.806327
vt -0.267286 0.883330
vt -0.278170 0.771877
vt -0.287825 0.774371
vt -0.278304 0.806327
vt -0.268662 0.803830
vt -0.236207 0.876944
vt -0.226154 0.877738
vt -0.225602 0.803226
vt -0.235450 0.802434
vt 1.848822 1.806443
vt 1.714515 1.811440
vt 1.715106 1.817665
vt 1.849410 1.812647
vt 1.854156 1.789385
vt 1.854328 1.795611
vt 1.866574 1.794492
vt 1.866165 1.788275
vt -0.202975 0.870682
vt -0.214053 0.793687
vt -0.223695 0.796183
vt -0.212677 0.873187
vt -0.223561 0.761733
vt -0.233216 0.764227
vt -0.223695 0.796183
vt -0.214053 0.793687
vt -0.181599 0.866801
vt -0.171545 0.867595
vt -0.170993 0.793083
vt -0.180842 0.792291
vt -0.200675 0.878349
vt -0.211753 0.801353
vt -0.221395 0.803850
vt -0.210377 0.880853
vt -0.221261 0.769400
vt -0.230916 0.771894
vt -0.221395 0.803850
vt -0.211753 0.801353
vt -0.179299 0.874467
vt -0.169245 0.875261
vt -0.168693 0.800749
vt -0.178542 0.799957
vt -0.195309 0.867616
vt -0.206387 0.790620
vt -0.216029 0.793117
vt -0.205010 0.870120
vt -0.215895 0.758667
vt -0.225550 0.761161
vt -0.216029 0.793117
vt -0.206387 0.790620
vt -0.173932 0.863734
vt -0.163878 0.864528
vt -0.163327 0.790016
vt -0.173175 0.789224
vt 1.706964 1.796459
vt 1.706876 1.802697
vt 1.854328 1.795611
vt 1.854156 1.789385
vt 1.695468 1.796079
vt 1.695267 1.802307
vt 1.706876 1.802697
vt 1.706964 1.796459
vt -0.195309 0.867616
vt -0.206387 0.790620
vt -0.216029 0.793117
vt -0.205010 0.870120
vt -0.215895 0.758667
vt -0.225550 0.761161
vt -0.216029 0.793117
vt -0.206387 0.790620
vt -0.173932 0.863734
vt -0.163878 0.864528
vt -0.163327 0.790016
vt -0.173175 0.789224
vt -0.195309 0.867616
vt -0.206387 0.790620
vt -0.216029 0.793117
vt -0.205010 0.870120
vt -0.215895 0.758667
vt -0.225550 0.761161
vt -0.216029 0.793117
vt -0.206387 0.790620
vt -0.173932 0.863734
vt -0.163878 0.864528
vt -0.163327 0.790016
vt -0.173175 0.789224
vt -0.271673 0.889537
vt -0.248039 0.872747
vt -0.241806 0.870602
vt -0.209304 0.872986
vt -0.282532 0.780262
vt -0.319653 0.797758
vt -0.312466 0.806794
vt -0.274166 0.790091
vt -0.241806 0.870602
vt -0.260793 0.785381
vt -0.274166 0.790091
vt -0.248039 0.872747
vt -0.238417 0.931347
vt -0.222386 0.927435
vt -0.187166 0.931858
vt -0.174010 0.927152
vt -0.191594 0.868948
vt -0.209304 0.872986
vt -0.218963 0.783407
vt -0.223409 0.782621
vt -0.287772 0.894903
vt -0.264139 0.878114
vt -0.257906 0.875969
vt -0.225403 0.878352
vt -0.298632 0.785629
vt -0.335753 0.803125
vt -0.328565 0.812161
vt -0.290266 0.795457
vt -0.257906 0.875969
vt -0.276892 0.790748
vt -0.290266 0.795457
vt -0.264139 0.878114
vt -0.254516 0.936713
vt -0.238485 0.932802
vt -0.203266 0.937224
vt -0.190110 0.932519
vt -0.207693 0.874315
vt -0.225403 0.878352
vt -0.235063 0.788774
vt -0.239508 0.787987
vt -0.249440 0.894137
vt -0.225806 0.877347
vt -0.219574 0.875202
vt -0.187071 0.877586
vt -0.260299 0.784862
vt -0.297421 0.802358
vt -0.290233 0.811394
vt -0.251934 0.794691
vt -0.219574 0.875202
vt -0.238560 0.789981
vt -0.251934 0.794691
vt -0.225806 0.877347
vt -0.216184 0.935947
vt -0.200153 0.932035
vt -0.164933 0.936458
vt -0.151777 0.931752
vt -0.169361 0.873548
vt -0.187071 0.877586
vt -0.196731 0.788007
vt -0.201176 0.787221
vt -0.267585 0.883004
vt -0.241288 0.870803
vt -0.234769 0.869830
vt -0.203244 0.878096
vt -0.258349 0.773580
vt -0.298037 0.784019
vt -0.292617 0.794214
vt -0.251915 0.784769
vt -0.234769 0.869830
vt -0.237907 0.782576
vt -0.251915 0.784769
vt -0.241288 0.870803
vt -0.242506 0.930175
vt -0.226030 0.929250
vt -0.192206 0.940017
vt -0.178413 0.937787
vt -0.185095 0.877354
vt -0.203244 0.878096
vt -0.196418 0.788257
vt -0.200646 0.786674
vt 1.707222 1.803348
vt 1.861600 1.805274
vt 1.861465 1.798124
vt 1.707220 1.796201
vt 1.693436 1.795811
vt 1.693049 1.802955
vt 1.707222 1.803348
vt 1.707220 1.796201
vt 1.869420 1.822834
vt 1.869790 1.815691
vt 1.700382 1.815461
vt 1.700009 1.822609
vt 1.861465 1.798124
vt 1.861600 1.805274
vt 1.874812 1.805258
vt 1.874803 1.798104
vt 1.709115 1.808639
vt 1.847267 1.802225
vt 1.846759 1.796959
vt 1.708780 1.803367
vt 1.698596 1.803684
vt 1.698625 1.808975
vt 1.709115 1.808639
vt 1.708780 1.803367
vt 1.852617 1.789087
vt 1.852700 1.783797
vt 1.703429 1.789257
vt 1.703346 1.794547
vt 1.846759 1.796959
vt 1.847267 1.802225
vt 1.857052 1.801207
vt 1.856506 1.795944
vt -0.252066 0.902624
vt -0.231706 0.881986
vt -0.225941 0.878791
vt -0.193518 0.875495
vt -0.281736 0.796896
vt -0.315254 0.820572
vt -0.306607 0.828223
vt -0.271790 0.805122
vt -0.225941 0.878791
vt -0.259437 0.798162
vt -0.271790 0.805122
vt -0.231706 0.881986
vt -0.212055 0.938025
vt -0.196947 0.931389
vt -0.161494 0.929628
vt -0.149355 0.922709
vt -0.176779 0.868443
vt -0.193518 0.875495
vt -0.218586 0.788954
vt -0.223101 0.788952
vt 0.005336 0.486014
vt 0.630814 0.789268
vt 0.608660 0.042342
vt 0.777100 0.042342
vt 0.856576 0.042342
vt 0.856576 0.058219
vt 0.856576 0.042342
vt 0.295615 0.017274
vt 0.494179 0.284366
vt 0.523380 0.284366
vt 0.391398 0.748582
vt 0.274855 0.016806
vt 0.274855 0.004924
vt 0.356990 0.017274
vt 0.356990 0.003807
vt 0.329045 0.003807
vt 0.356990 0.017274
vt 0.416898 0.017274
vt 0.416898 0.003807
vt 0.416898 0.003807
vt 0.356990 0.003807
vt 0.356990 0.017274
vt 0.274855 0.016806
vt 0.216024 0.016806
vt 0.216024 0.004924
vt 0.274855 0.004924
vt 0.820571 0.504407
vt 0.752543 0.504407
vt 0.718288 0.504407
vt 0.684879 0.504407
vt 0.526683 0.784032
vt 0.574971 0.781451
vt 0.672411 0.471123
vt 0.672411 0.483005
vt 0.262514 0.092211
vt 0.262514 0.078744
vt 0.322422 0.078744
vt 0.262514 0.092211
vt 0.613580 0.483005
vt 0.672411 0.483005
vt 0.672411 0.471123
vt 0.672411 0.471123
vt 0.613580 0.471124
vt 0.613580 0.467966
vt 1.533380 0.250395
vt 1.504179 0.236883
vt 1.595638 0.236883
vt 1.533380 0.250395
vt 0.472948 0.822602
vt 0.409054 0.912445
vt -0.661804 0.250723
vt -0.681486 0.250723
vt -0.687891 0.279229
vt -0.687891 0.279229
vt -0.661804 0.250723
vt -0.661804 0.250723
vt -0.658208 0.275220
vt -0.687891 0.279229
vt -0.681486 0.250723
vt -0.687891 0.279229
vt -0.675197 0.345170
vt -0.655707 0.345170
vt -0.658208 0.275220
vt -0.687891 0.279229
vt -0.675197 0.345170
vt -0.687891 0.279229
vt -0.658208 0.275220
vt -0.658208 0.275220
vt -0.675197 0.345170
vt 1.328703 0.644443
vt 1.329175 0.698186
vt 1.329175 0.698186
vt 1.328703 0.644443
vt 0.329175 0.698186
vt 0.328703 0.644443
vt 0.329175 0.698186
vt 0.328703 0.644443
vt 0.328703 0.644443
vt 0.329175 0.698186
vt 0.332782 0.089364
vt 0.331795 0.084185
vt 0.385978 0.082653
vt 0.386966 0.087833
vt 0.574971 0.781451
vt 0.585638 0.236883
vt 0.327439 0.163266
vt 0.333640 0.163266
vt 0.866915 0.671800
vt 0.954751 0.371405
vt 0.911616 0.671800
vt 0.851997 0.671800
vt 1.734025 1.846968
vt 1.780360 1.849295
vt 1.778424 1.843417
vt 1.732142 1.841100
vt 1.721483 1.846185
vt 1.723364 1.852063
vt 1.734025 1.846968
vt 1.732142 1.841100
vt 1.781036 1.865800
vt 1.783000 1.859940
vt 1.732063 1.857922
vt 1.730024 1.863745
vt 1.778424 1.843417
vt 1.780360 1.849295
vt 1.790624 1.845552
vt 1.788691 1.839692
vt 0.647314 0.737840
vt 0.911873 0.737839
vt 0.840831 0.974155
vt 0.703236 0.990513
vt 0.840831 0.990512
vt 0.839783 0.118195
vt 0.839783 0.144504
vt 0.567855 0.144505
vt 0.434799 0.151632
vt 0.426771 0.151632
vt 0.430661 0.144506
vt 0.341036 0.144506
vt 0.212881 0.151633
vt 0.337306 0.151632
vt 0.341036 0.144506
vt 0.193804 0.151633
vt 0.203679 0.144506
vt 0.169957 0.144506
vt 0.169957 0.151633
vt 0.896269 0.756099
vt 0.647797 0.756100
vt 0.702298 0.974155
vt 0.840831 0.974155
vt 0.930804 0.506841
vt 0.923202 0.470696
vt 0.299851 0.181223
vt 0.309314 0.188146
vt 0.309314 0.188146
vt 0.327439 0.181223
vt 0.882588 0.371587
vt 0.886418 0.366551
vt 0.858915 0.366551
vt 0.882588 0.371587
vt 0.930804 0.506841
vt 0.930804 0.514430
vt 0.954325 0.506841
vt 0.930804 0.470696
vt 0.930804 0.506841
vt 0.899759 0.464221
vt 0.923202 0.470696
vt 0.923202 0.464221
vt 0.333640 0.181223
vt 0.353788 0.181222
vt 0.333640 0.163266
vt 0.327439 0.181223
vt 0.333640 0.181223
vt 0.276291 0.181223
vt 0.283689 0.181223
vt 0.360437 0.163266
vt 0.353788 0.163266
vt 0.353788 0.181222
vt 0.360437 0.181222
vt 0.896012 0.371587
vt 0.889760 0.371587
vt 0.917068 0.371587
vt 0.917068 0.389767
vt 0.921494 0.371587
vt 0.917068 0.371587
vt 0.917068 0.348483
vt 0.896012 0.366551
vt 0.917068 0.366551
vt 0.865683 0.371587
vt 0.858915 0.371587
vt 0.865683 0.389767
vt 0.889760 0.389767
vt 0.889760 0.371587
vt 0.865683 0.371587
vt 0.601342 0.144505
vt 0.567855 0.144505
vt 0.577117 0.151631
vt 0.601342 0.151631
vt 0.309314 0.188146
vt 0.309314 0.188146
vt 0.299851 0.181223
vt 0.327439 0.181223
vt 0.353788 0.181222
vt 0.333640 0.181223
vt 0.333640 0.163266
vt 0.333640 0.181223
vt 0.327439 0.181223
vt 0.283689 0.181223
vt 0.276291 0.181223
vt 0.360437 0.163266
vt 0.360437 0.181222
vt 0.353788 0.181222
vt 0.353788 0.163266
vt -0.619628 0.348651
vt -0.562081 0.351789
vt -0.560762 0.327638
vt -0.618308 0.324485
vt -0.627736 0.348208
vt -0.619628 0.348651
vt -0.618308 0.324485
vt -0.626420 0.324044
vt -0.619628 0.348651
vt -0.562081 0.351789
vt -0.560762 0.327638
vt -0.618308 0.324485
vt -0.627736 0.348208
vt -0.619628 0.348651
vt -0.618308 0.324485
vt -0.626420 0.324044
vt -0.619628 0.348651
vt -0.562081 0.351789
vt -0.560762 0.327638
vt -0.618308 0.324485
vt -0.627736 0.348208
vt -0.619628 0.348651
vt -0.618308 0.324485
vt -0.626420 0.324044
vt -0.619628 0.348651
vt -0.562081 0.351789
vt -0.560762 0.327638
vt -0.618308 0.324485
vt -0.627736 0.348208
vt -0.619628 0.348651
vt -0.618308 0.324485
vt -0.626420 0.324044
vt 0.856991 0.109713
vt 0.937079 0.109712
vt 0.937079 0.106481
vt 0.856991 0.106481
vt 0.940071 0.095051
vt 0.928600 0.095051
vt 0.928600 0.098185
vt 0.940071 0.098185
vt 0.982547 0.077485
vt 0.982545 0.054036
vt 0.524893 0.614096
vt 0.532889 0.530142
vt 0.526026 0.555879
vt 0.895816 0.236883
vt 0.544797 0.648806
vt 0.007905 0.781275
vt 0.129976 0.768484
vt 0.781724 0.284366
vt 0.646285 0.017274
vt 0.767253 0.017274
vt 0.761779 0.003807
vt 0.646285 0.003807
vt 0.646285 0.003807
vt 0.611168 0.003807
vt 0.611168 0.017274
vt 0.611168 0.017274
vt 0.611168 0.003807
vt 0.547166 0.003807
vt 0.547166 0.003807
vt 0.547166 0.017274
vt 0.611168 0.017274
vt 0.084609 0.016806
vt 0.020900 0.016806
vt 0.020900 0.004924
vt 0.084609 0.004924
vt 0.516692 0.092211
vt 0.452689 0.078744
vt 0.516692 0.078744
vt 0.516692 0.092211
vt 1.856991 0.109713
vt 1.937079 0.109712
vt 1.937079 0.106481
vt 1.856991 0.106481
vt 1.940071 0.095051
vt 1.928600 0.095051
vt 1.928600 0.098185
vt 1.940071 0.098185
vt 1.982547 0.077485
vt 1.982545 0.054036
vt 1.982547 0.077485
vt 1.982545 0.054036
vt 1.791724 0.250395
vt 1.905286 0.250395
vt 1.982545 0.054036
vt 1.982543 0.030586
vt 0.242119 0.754521
vt 0.242120 0.977463
vt -0.653188 0.383908
vt -0.675197 0.345170
vt -0.658344 0.267214
vt -0.661804 0.250723
vt -0.681486 0.250723
vt -0.687891 0.279229
vt -0.653188 0.383908
vt -0.675197 0.345170
vt -0.653188 0.383908
vt -0.625995 0.383908
vt -0.625995 0.383908
vt -0.653188 0.383908
vt -0.583859 0.412387
vt -0.658208 0.275220
vt -0.655707 0.345170
vt -0.675197 0.345170
vt -0.687891 0.279229
vt -0.658208 0.275220
vt -0.658344 0.267214
vt -0.658344 0.267214
vt -0.658208 0.275220
vt -0.687891 0.279229
vt -0.658208 0.275220
vt -0.687891 0.279229
vt -0.675197 0.345170
vt -0.655707 0.345170
vt 1.058222 1.807195
vt 1.035575 1.807149
vt 1.058222 1.807195
vt 1.035575 1.807149
vt 1.041521 1.932517
vt 1.058222 1.807195
vt 1.106047 1.811836
vt 1.082333 1.806963
vt 1.075719 1.934473
vt 1.106047 1.811836
vt 1.082333 1.806963
vt 1.058222 1.807195
vt 1.058097 1.933805
vt 1.058097 1.933805
vt 1.075719 1.934473
vt 1.082333 1.806963
vt 1.082333 1.806963
vt 1.058222 1.807195
vt 1.058097 1.933805
vt 1.058097 1.933805
vt 1.075719 1.934473
vt 1.082333 1.806963
vt 1.035575 1.807149
vt 1.013503 1.810082
vt 1.025350 1.933165
vt 1.041521 1.932517
vt 1.035575 1.807149
vt 1.035575 1.807149
vt 1.013503 1.810082
vt 1.025350 1.933165
vt 1.025350 1.933165
vt 1.035575 1.807149
vt -0.658344 0.267214
vt -0.687891 0.279229
vt -0.681486 0.250723
vt -0.661804 0.250723
vt 1.982543 0.030586
vt 1.982543 0.030586
vt 0.020869 0.042342
vt 0.539891 0.330721
vt 0.704439 0.314972
vt 0.531804 0.318210
vt 0.539972 0.323595
vt 0.537083 0.292686
vt 0.709133 0.292772
vt 0.540059 0.254685
vt 0.531702 0.259844
vt 0.704738 0.263555
vt 0.174660 0.042342
vt 0.495379 0.283088
vt 0.511012 0.282970
vt 0.511115 0.246143
vt 0.495482 0.246262
vt 0.014315 0.040025
vt 0.014728 0.060749
vt 0.020788 0.057464
vt 0.020488 0.042412
vt 0.886418 0.366551
vt 0.341036 0.144506
vt 0.327439 0.163266
vt 0.899759 0.506841
vt -0.623336 0.291462
vt -0.565789 0.294600
vt -0.564470 0.270449
vt -0.622016 0.267295
vt -0.631444 0.291019
vt -0.623336 0.291462
vt -0.622016 0.267295
vt -0.630129 0.266855
vt -0.619628 0.348651
vt -0.562081 0.351789
vt -0.560762 0.327638
vt -0.618308 0.324485
vt -0.627736 0.348208
vt -0.619628 0.348651
vt -0.618308 0.324485
vt -0.626420 0.324044
vt -0.623336 0.291462
vt -0.565789 0.294600
vt -0.564470 0.270449
vt -0.622016 0.267295
vt -0.631444 0.291019
vt -0.623336 0.291462
vt -0.622016 0.267295
vt -0.630129 0.266855
vt -0.619628 0.348651
vt -0.562081 0.351789
vt -0.560762 0.327638
vt -0.618308 0.324485
vt -0.627736 0.348208
vt -0.619628 0.348651
vt -0.618308 0.324485
vt -0.626420 0.324044
vt 0.937556 0.142742
vt 0.937556 0.135381
vt 0.929346 0.142742
vt 0.861799 0.149558
vt 0.929346 0.149558
vt 0.929346 0.135381
vt 0.929346 0.126891
vt 0.861799 0.126891
vt 0.966034 0.096547
vt 0.966033 0.158934
vt 0.923812 0.858484
vt 0.914684 0.888470
vt 0.923812 0.858484
vt 0.923812 0.888470
vt 0.961405 0.888470
vt 0.971691 0.858484
vt 0.961405 0.858484
vt 0.961405 0.888470
vt 0.964945 0.346618
vt 0.994627 0.353240
vt 0.957588 0.353240
vt 0.928880 0.353240
vt 0.994627 0.394185
vt 0.964945 0.387831
vt 0.964945 0.394185
vt 0.994627 0.394185
vt 0.914684 0.888470
vt 0.875795 0.858484
vt 0.961405 0.858484
vt 0.961405 0.848334
vt 0.923812 0.848334
vt 0.923812 0.848334
vt 0.923812 0.858484
vt 0.961405 0.858484
vt 0.964945 0.387831
vt 0.964945 0.353240
vt 0.957588 0.353240
vt 0.957588 0.387831
vt 0.500264 0.177579
vt 0.059198 0.436742
vt 0.008082 0.436742
vt 0.059198 0.245915
vt 0.048674 0.194499
vt 0.497560 0.177579
vt 0.487168 0.177579
vt 0.498258 0.213768
vt 0.669309 0.169338
vt 0.663346 0.177579
vt 0.820910 0.169338
vt 0.815671 0.177579
vt 0.921170 0.954013
vt 0.921170 0.954013
vt 0.914354 0.948901
vt 0.934413 0.944553
vt 0.923812 0.858484
vt 0.914684 0.888470
vt 0.923812 0.888470
vt 0.923812 0.888470
vt 0.923812 0.858484
vt 0.961405 0.858484
vt 0.961405 0.888470
vt 0.961405 0.858484
vt 0.971691 0.858484
vt 0.961405 0.888470
vt 0.894328 0.962230
vt 0.914354 0.962230
vt 0.914354 0.991035
vt 0.914354 0.962230
vt 0.921170 0.962230
vt 0.921170 0.991035
vt 0.921170 0.962230
vt 0.934413 0.962230
vt 0.934413 0.991035
vt 0.934413 0.962230
vt 0.949263 0.962230
vt 0.949263 0.962230
vt 0.934413 0.991035
vt 0.949263 0.991035
vt 0.949263 0.962230
vt 0.956625 0.962230
vt 0.956625 0.962230
vt 0.949263 0.991035
vt 0.871139 0.991035
vt 0.871139 0.962230
vt 0.894328 0.962230
vt 0.894328 0.962230
vt 0.894138 0.991035
vt 0.871139 0.991035
vt 0.875795 0.858484
vt 0.914684 0.858484
vt 0.914684 0.888470
vt 0.914684 0.888470
vt 0.875795 0.888470
vt 0.875795 0.858484
vt 0.961405 0.858484
vt 0.923812 0.858484
vt 0.923812 0.848334
vt 0.923812 0.848334
vt 0.961405 0.848334
vt 0.961405 0.858484
vt 0.273498 0.483626
vt 0.273263 0.199718
vt 0.262631 0.197065
vt 0.273498 0.483626
vt 0.262631 0.197065
vt 0.273498 0.483626
vt 0.262623 0.212079
vt 0.273498 0.483626
vt 0.262749 0.471256
vt 0.262772 0.486235
vt 0.273263 0.199718
vt 0.273498 0.483626
vt 0.486039 0.447074
vt 0.486433 0.237778
vt 0.728507 1.848287
vt 0.785370 1.855058
vt 0.783482 1.847659
vt 0.726687 1.840897
vt 0.917068 0.348483
vt 0.360437 0.163266
vt 0.976117 0.158934
vt 0.889760 0.389767
vt 1.551480 1.132779
vt 1.584989 0.948583
vt 1.488785 1.028640
vt 1.583776 1.081150
vt 1.492815 0.994307
vt 1.585265 1.106688
vt 1.725521 1.094039
vt 1.488785 1.028640
vt 0.379429 0.210392
vt 0.439659 0.279934
vt 0.827800 0.790567
vt 0.821435 0.814321
vt 0.827800 0.838075
vt 0.868942 0.766814
vt 0.845189 0.855464
vt 0.868942 0.861828
vt 0.910085 0.838075
vt 0.916450 0.814321
vt 0.910085 0.790567
vt 0.867976 0.884945
vt 0.902755 0.875626
vt 0.928216 0.850167
vt 0.937534 0.815388
vt 0.928215 0.780608
vt 0.902755 0.755149
vt 0.867976 0.745830
vt 0.833198 0.755149
vt 0.807737 0.780608
vt 0.798418 0.815388
vt 0.807737 0.850167
vt 0.833198 0.875626
vt 0.286286 0.177251
vt 0.257959 0.170088
vt 0.313411 0.188113
vt 0.229096 0.165542
vt 0.199885 0.164871
vt 0.170734 0.166871
vt 0.142107 0.172726
vt 0.114136 0.181172
vt 0.087533 0.193258
vt 0.062147 0.207724
vt 0.038906 0.225434
vt 0.339430 0.201409
vt 0.313892 0.283053
vt 0.363453 0.218042
vt 0.892696 0.855464
vt 0.892696 0.773179
vt 0.845189 0.773179
vt 0.997098 0.705340
vt 0.937132 0.670718
vt 0.937132 0.739961
vt 0.789252 0.680274
vt 0.789252 0.733345
vt 0.034703 0.427714
vt 0.954849 0.437359
vt 0.031977 0.390272
vt 0.023854 0.380633
vt 0.023933 0.424472
vt 0.032021 0.414803
vt 0.034907 0.402533
vt 0.896406 0.671800
vt 0.881823 0.671800
vt 0.911616 0.671800
vt 0.806132 0.671800
vt 0.791138 0.671800
vt 0.821044 0.671800
vt 0.836846 0.671800
vt 0.851997 0.671800
vt 0.866915 0.671800
vt 0.977109 0.739961
vt 0.917143 0.705340
vt 0.977109 0.670718
vt 0.398092 0.295150
vt 0.027631 0.309215
vt 0.768990 0.308596
vt 0.020070 0.313734
vt 0.023850 0.311474
vt 0.020137 0.318138
vt 0.023984 0.320281
vt 0.768990 0.318021
vt 0.772976 0.319734
vt 0.776757 0.317475
vt 0.776690 0.313071
vt 0.772842 0.310927
vt 0.768990 0.312998
vt 0.800692 0.302085
vt 0.857911 0.302085
vt 0.875016 0.273288
vt 0.875571 0.285107
vt 0.876033 0.294390
vt 0.783956 0.277954
vt 0.784080 0.288072
vt 0.784785 0.298916
vt 0.745406 0.670313
vt 0.745407 0.985713
vt 0.781695 0.669248
vt 0.781697 0.984650
vt 0.777371 0.058219
vt 0.856576 0.058219
vt 0.820571 0.475037
vt 0.752543 0.475037
vt 0.820571 0.475037
vt 0.752543 0.475037
vt 0.718288 0.475037
vt 0.752543 0.475037
vt 0.718288 0.475037
vt 0.684879 0.475037
vt 0.718288 0.475037
vt 0.684879 0.494712
vt 0.327439 0.163266
vt 0.574971 0.781451
vt 0.911616 0.671800
vt 0.866915 0.671800
vt 0.647797 0.756100
vt 0.647797 0.756100
vt 0.895781 0.737839
vt 0.702298 0.974155
vt 0.138351 0.098800
vt 0.138351 0.144507
vt 0.138351 0.098800
vt 0.757831 0.118195
vt 0.757831 0.144504
vt 0.757831 0.118195
vt 0.633402 0.098798
vt 0.633402 0.098798
vt 0.633402 0.144505
vt 0.895286 0.250395
vt 0.895286 0.250395
vt 0.895286 0.250395
vt 0.895286 0.284366
vt 0.895286 0.284366
vt 1.986237 0.077476
vt 1.982543 0.030586
vt 1.982545 0.054036
vt 1.986237 0.077476
vt 1.982543 0.030586
vt 1.982545 0.054036
vt 1.791724 0.250395
vt 1.791724 0.236883
vt 1.986238 0.030578
vt 1.982547 0.077485
vt 1.982545 0.054036
vt 0.539972 0.323595
vt 0.539972 0.323595
vt 0.536844 0.285396
vt 0.536844 0.285396
vt 0.709133 0.285396
vt 0.709133 0.285396
vt 0.971076 0.096547
vt 0.971075 0.158934
vt 0.971076 0.096547
vt 0.976117 0.158934
vt 0.981159 0.158934
vt 0.981196 0.096533
vt 0.981196 0.096533
vt 0.976117 0.096547
vt 0.976117 0.158934
vt 0.661488 0.221573
vt 0.661488 0.216968
vt 0.661488 0.221573
vt 0.811185 0.221673
vt 0.811185 0.216939
vt 0.811185 0.221673
vt 0.661488 0.224637
vt 0.661488 0.221573
vt 0.661488 0.224637
vt 0.811185 0.224637
vt 0.811185 0.221673
vt 0.811185 0.216939
vt 0.811185 0.213768
vt 0.661488 0.216968
vt 0.661488 0.216968
vt 0.811185 0.213768
vt 0.661488 0.213899
vt 0.976117 0.158934
vt 0.917068 0.348483
vt 1.488785 1.028640
vt 1.551480 1.132779
vt 1.725521 1.094039
vt 1.492815 0.994307
vt 0.034907 0.402533
vt 0.034704 0.389908
vt 0.034787 0.415114
vt 0.007587 0.402582
vt 0.032021 0.414803
vt 0.007587 0.402582
vt 0.034907 0.402533
vt 0.031977 0.390272
vt 0.007587 0.402582
vt 0.027631 0.313618
vt 0.027631 0.318021
vt 0.027631 0.313618
vt 0.027631 0.313618
vt 0.857911 0.271974
vt 0.800692 0.271974
vt 0.857911 0.281453
vt 0.800692 0.281453
vt 0.857911 0.281453
vt 0.857911 0.291777
vt 0.800692 0.291777
vt 0.857911 0.291777
vt 0.857911 0.281453
vt 0.857911 0.291777
vt 0.800692 0.271974
vt 0.800692 0.281453
vt 0.800692 0.291777
vt 0.731727 0.670313
vt 0.731728 0.985713
vt 0.731727 0.670313
vt 0.724887 0.670313
vt 0.724889 0.985713
vt 0.724887 0.670313
vt 0.738566 0.670313
vt 0.738567 0.985713
vt 0.738567 0.985713
vt 0.774856 0.669248
vt 0.774857 0.984650
vt 0.774856 0.669248
vt 0.768016 0.669248
vt 0.761177 0.669248
vt 0.761178 0.984650
vt 0.761178 0.984650
vt 0.768018 0.984650
vt 0.768016 0.669248
vn 0.976082 -0.04925899999999998 0.211748
vn 0.9766 0.014525000000000014 0.214574
vn 0.973136 0.07824900000000001 0.216526
vn 0.9766 0.014525000000000014 0.214574
vn -0.976082 0.04925799999999999 -0.211747
vn -0.9766 -0.014525000000000014 -0.214574
vn -0.973136 -0.07824900000000001 -0.216526
vn -0.9766 -0.014525000000000014 -0.214574
vn 0.413469 -0.909835 0.035259000000000054
vn 0.413469 -0.909835 0.035260000000000055
vn 0.413468 -0.909836 0.035261000000000056
vn 0.413468 -0.909836 0.035260000000000055
vn 0.413468 -0.909836 0.035260000000000055
vn 0.413469 -0.909835 0.035260000000000055
vn 0.413468 -0.909835 0.03526200000000006
vn 0.413469 -0.909835 0.035260000000000055
vn -0.413471 0.909834 -0.03526200000000006
vn -0.413469 0.909835 -0.035259000000000054
vn -0.413469 0.909835 -0.03525800000000005
vn -0.413468 0.909836 -0.035260000000000055
vn -0.413468 0.909836 -0.035261000000000056
vn -0.413469 0.909835 -0.035261000000000056
vn -0.413471 0.909834 -0.035259000000000054
vn -0.41347 0.909835 -0.035260000000000055
vn 0 0 0
vn 0.164204 -0.19165400000000005 -0.967629
vn 0.156228 -0.24256500000000006 -0.957473
vn 0.171727 -0.14021500000000006 -0.975115
vn 0.164204 -0.19165400000000005 -0.967629
vn -0.164202 0.19166700000000006 0.967627
vn -0.156228 0.24256900000000006 0.957472
vn -0.171724 0.14023700000000006 0.975112
vn -0.164202 0.19166700000000006 0.967627
vn 0.984014 0.05537000000000001 0.169265
vn 0.977711 0.12165500000000001 0.171115
vn 0.985951 -0.01116099999999999 0.166664
vn 0.984014 0.05537000000000001 0.169265
vn -0.984014 -0.05537000000000001 -0.169265
vn -0.977711 -0.12165500000000001 -0.171115
vn -0.985951 0.01116099999999999 -0.166664
vn -0.984014 -0.05537000000000001 -0.169265
vn 0.975157 -0.11434199999999999 0.189721
vn 0.980238 -0.03805699999999999 0.194129
vn 0.979569 0.03845100000000001 0.197398
vn 0.980238 -0.03805699999999999 0.194129
vn -0.975157 0.11434099999999998 -0.189721
vn -0.980238 0.03805699999999999 -0.194128
vn -0.979569 -0.03845000000000001 -0.197397
vn -0.980238 0.03805699999999999 -0.194128
vn 0.978614 -0.09490799999999999 0.182503
vn 0.982156 -0.02847899999999999 0.1859
vn 0.98134 0.038077000000000014 0.188472
vn 0.982156 -0.02847899999999999 0.1859
vn -0.978614 0.09490799999999999 -0.182503
vn -0.982156 0.028479999999999988 -0.1859
vn -0.98134 -0.03807400000000001 -0.188472
vn -0.982156 0.028479999999999988 -0.1859
vn 0.978614 -0.09490899999999998 0.182503
vn 0.982156 -0.028479999999999988 0.1859
vn 0.98134 0.03807500000000001 0.188472
vn 0.982156 -0.028479999999999988 0.1859
vn -0.978614 0.09490699999999999 -0.182503
vn -0.982156 0.028479999999999988 -0.1859
vn -0.98134 -0.03807400000000001 -0.188472
vn -0.982156 0.028479999999999988 -0.1859
vn 0.978614 -0.09490999999999998 0.182503
vn 0.982156 -0.028479999999999988 0.1859
vn 0.98134 0.03807600000000001 0.188473
vn 0.982156 -0.028479999999999988 0.1859
vn -0.978614 0.09490799999999999 -0.182502
vn -0.982156 0.02847899999999999 -0.1859
vn -0.98134 -0.03807600000000001 -0.188472
vn -0.982156 0.02847899999999999 -0.1859
vn 0.976194 -0.026335999999999984 0.215295
vn 0.975887 -0.030332999999999985 0.21616
vn 0.975563 -0.034327999999999984 0.217021
vn 0.975887 -0.030332999999999985 0.21616
vn 0.968109 0.04625700000000001 0.24622
vn 0.97086 0.10579000000000001 0.215032
vn -0.976194 0.026336999999999985 -0.215295
vn -0.975887 0.030332999999999985 -0.21616
vn -0.975563 0.034327999999999984 -0.217021
vn -0.975887 0.030332999999999985 -0.21616
vn -0.968109 -0.04625700000000001 -0.24622
vn -0.97086 -0.10579000000000001 -0.215032
vn 0.978411 0.024228000000000013 0.205241
vn 0.978311 0.020231000000000013 0.206151
vn 0.978194 0.016234000000000012 0.207057
vn 0.978311 0.020231000000000013 0.206151
vn 0.987205 0.08272500000000002 0.136322
vn 0.983267 0.148772 0.10513699999999998
vn -0.978411 -0.024229000000000014 -0.205241
vn -0.978311 -0.020232000000000014 -0.206151
vn -0.978194 -0.016235000000000013 -0.207057
vn -0.978311 -0.020232000000000014 -0.206151
vn -0.987205 -0.08272500000000002 -0.136322
vn -0.983267 -0.148772 -0.10513699999999998
vn 0.97317 -0.060977999999999984 0.221861
vn 0.972721 -0.06496699999999998 0.222694
vn 0.972256 -0.06895599999999999 0.223524
vn 0.972721 -0.06496699999999998 0.222694
vn 0.988352 -0.002479999999999991 0.152162
vn 0.990533 0.06420900000000002 0.121334
vn -0.97317 0.06097599999999999 -0.22186
vn -0.972722 0.06496699999999998 -0.222694
vn -0.972256 0.06895599999999999 -0.223523
vn -0.972722 0.06496699999999998 -0.222694
vn -0.988353 0.0024789999999999908 -0.152162
vn -0.990533 -0.06420900000000002 -0.121334
vn 0.973313 -0.05961099999999998 0.221605
vn 0.97287 -0.06360099999999999 0.22244
vn 0.97241 -0.06758899999999998 0.22327
vn 0.97287 -0.06360099999999999 0.22244
vn 0.948528 0.02163000000000002 0.315953
vn 0.954202 0.07693400000000002 0.289102
vn -0.973313 0.05960899999999999 -0.221605
vn -0.97287 0.06359999999999999 -0.22244
vn -0.97241 0.06758999999999998 -0.223272
vn -0.97287 0.06359999999999999 -0.22244
vn -0.948529 -0.021631000000000022 -0.315952
vn -0.954202 -0.07693200000000001 -0.289102
vn 0.237206 -0.17092100000000005 -0.956305
vn 0.24524 -0.11934200000000006 -0.962089
vn 0.237206 -0.17092100000000005 -0.956305
vn 0.228517 -0.22202700000000006 -0.947884
vn -0.237207 0.17091000000000006 0.956307
vn -0.22852 0.22201100000000004 0.947887
vn -0.237207 0.17091000000000006 0.956307
vn -0.245241 0.11933800000000006 0.962089
vn 0.251792 -0.05250000000000006 -0.966356
vn 0.256568 0.00040699999999994083 -0.966526
vn 0.251792 -0.05250000000000006 -0.966356
vn 0.246306 -0.10525800000000006 -0.96346
vn -0.251793 0.05248800000000006 0.966357
vn -0.246308 0.10523700000000005 0.963461
vn -0.251793 0.05248800000000006 0.966357
vn -0.256568 -0.0004079999999999408 0.966526
vn 0.973313 -0.05961099999999998 0.221605
vn 0.97287 -0.06360099999999999 0.22244
vn 0.97241 -0.06758999999999998 0.223271
vn 0.97287 -0.06360099999999999 0.22244
vn 0.948529 0.02162900000000002 0.315952
vn 0.954202 0.07693200000000001 0.289102
vn -0.973313 0.059606999999999986 -0.221606
vn -0.97287 0.06359799999999999 -0.22244
vn -0.97241 0.06758699999999998 -0.223272
vn -0.97287 0.06359799999999999 -0.22244
vn -0.948529 -0.02163300000000002 -0.315951
vn -0.954202 -0.07693500000000002 -0.289101
vn -0.16787 0.985133 0.036499999999999935
vn -0.704153 0.592817 -0.3908150000000001
vn -0.373473 0.915493 -0.14963800000000005
vn -0.596643 0.750302 -0.2847180000000001
vn -0.705114 0.607331 -0.36601000000000006
vn 0.383118 0.26872500000000005 0.883747
vn 0.272088 -0.91787 0.28893500000000005
vn 0.473676 0.2661180000000001 0.839531
vn 0.488166 0.26703200000000005 0.830896
vn 0.315493 -0.885358 0.34147400000000006
vn -0.316548 0.867158 -0.38449300000000003
vn -0.608716 0.723739 -0.32506500000000005
vn -0.705721 0.620658 -0.34167400000000003
vn -0.501505 0.850558 -0.15825400000000006
vn -0.185096 0.971518 0.14795699999999995
vn 0.522028 0.25682400000000005 0.813344
vn 0.503889 0.10542300000000006 0.857311
vn -0.819003 0.428017 -0.382146
vn -0.642378 0.763676 0.06441599999999996
vn -0.213584 0.91516 -0.3418530000000001
vn -0.324523 0.874556 -0.36032800000000004
vn -0.232842 -0.947901 0.21741100000000005
vn -0.067419 0.11963300000000006 0.990527
vn -0.113192 -0.954617 0.27549000000000007
vn -0.167328 -0.954644 0.24628500000000006
vn -0.266301 0.903362 -0.33618500000000007
vn -0.101003 -0.956512 0.27364700000000003
vn -0.714945 0.567917 -0.4078280000000001
vn -0.140292 -0.955082 0.26102900000000007
vn -0.371229 0.915054 -0.15768900000000005
vn -0.329533 0.942028 -0.06317800000000005
vn 0.494795 -0.650161 0.576601
vn 0.372168 -0.914766 0.15714400000000006
vn 0.910798 -0.036694000000000025 -0.411219
vn 0.320434 -0.897548 0.30287000000000003
vn 0.353748 -0.87362 0.3341410000000001
vn 0.962272 0.005524999999999984 -0.272035
vn -0.122024 0.973813 0.19182999999999995
vn -0.226406 0.970942 -0.07753400000000006
vn -0.371239 0.915047 -0.15770300000000007
vn 0.372168 -0.914766 0.15714500000000006
vn 0.564021 0.28822000000000003 0.773828
vn 0.566706 0.27353200000000005 0.77719
vn 0.572643 -0.027246999999999952 0.819352
vn 0.683657 0.11040800000000005 0.721404
vn 0.281267 -0.782448 0.555575
vn -0.60836 -0.636885 -0.47357899999999997
vn -0.336144 0.726876 -0.598881
vn 0.490891 0.82312 0.28548099999999993
vn 0.718894 0.22713000000000003 0.656965
vn 0.431982 -0.64742 0.627885
vn -0.490164 -0.839806 -0.23337699999999995
vn -0.52907 0.501902 -0.684237
vn 0.378212 0.919878 0.10382899999999995
vn 0.709009 0.28939300000000007 0.643085
vn 0.437321 -0.64715 0.624458
vn -0.515921 -0.831929 -0.20425399999999994
vn -0.587309 0.518974 -0.621075
vn 0.262561 0.964228 0.036415999999999935
vn 0.561748 -0.34654699999999994 0.751229
vn -0.328208 -0.943289 0.049852000000000056
vn -0.732426 0.24091799999999997 -0.636797
vn 0.363153 0.899725 0.24210299999999996
vn 0.962272 0.005524999999999984 -0.272035
vn 0.434981 0.564606 0.701436
vn 0.343228 0.27337400000000006 0.898588
vn 0.343083 0.27398500000000003 0.898457
vn 0.91084 -0.03680200000000003 -0.411115
vn 0.341896 0.2741120000000001 0.898871
vn 0.341941 0.27360600000000007 0.899008
vn 0.91084 -0.03680200000000003 -0.411115
vn 0.369963 0.37226900000000007 0.851201
vn 0.085679 0.92307 -0.3749680000000001
vn -0.082179 -0.924792 0.37149200000000004
vn 0.085679 0.92307 -0.3749680000000001
vn -0.082179 -0.924792 0.37149200000000004
vn -0.107644 -0.917369 0.38320600000000005
vn -0.107644 -0.917369 0.38320600000000005
vn -0.107644 -0.917369 0.38320600000000005
vn -0.107644 -0.917369 0.38320600000000005
vn 0.877047 -0.057336000000000026 -0.47697
vn 0.877047 -0.057336000000000026 -0.47697
vn 0.910798 -0.036694000000000025 -0.411219
vn 0.910798 -0.036694000000000025 -0.411219
vn 0.91084 -0.03680200000000003 -0.411115
vn 0.877047 -0.057336000000000026 -0.47697
vn 0.342244 0.2742740000000001 0.89869
vn 0.342673 0.27419600000000005 0.89855
vn 0.488165 0.26703200000000005 0.830896
vn 0.488166 0.26703200000000005 0.830896
vn -0.579947 -0.806597 0.11429100000000006
vn -0.462811 -0.85444 0.23608800000000005
vn -0.257213 -0.96183 -0.09339999999999994
vn -0.088166 -0.882613 0.46175900000000003
vn -0.478955 -0.876478 0.04888300000000006
vn -0.223105 -0.88291 0.4131520000000001
vn 0.174138 0.974997 -0.13804800000000006
vn -0.580907 -0.80575 0.11538200000000005
vn -0.208724 -0.973973 0.08838400000000006
vn -0.387859 -0.91577 0.10454900000000006
vn -0.353782 -0.85251 0.3847920000000001
vn -0.150399 -0.861491 0.48498700000000006
vn 0.141021 0.927561 -0.34604000000000007
vn -0.248001 -0.89808 0.36324700000000004
vn 0.085554 0.922662 -0.37599800000000005
vn -0.092323 -0.912149 0.39932500000000004
vn 0.096581 0.920309 -0.37908200000000003
vn 0.096581 0.920309 -0.37908200000000003
vn 0.096581 0.920309 -0.37908200000000003
vn 0.096581 0.920309 -0.37908200000000003
vn -0.004962 -0.789862 0.613265
vn -0.395686 -0.896363 0.19991300000000006
vn -0.398154 -0.910603 0.11079600000000006
vn 0.141021 0.927561 -0.34604000000000007
vn 0.195924 0.928751 -0.31469800000000003
vn -0.044514 -0.837407 0.544764
vn -0.246389 0.960693 -0.12790800000000005
vn 0.488165 0.26703200000000005 0.830896
vn 0.920263 0.283753 -0.269446
vn 0.218557 0.972811 -0.07662200000000005
vn 0.862666 -0.15233100000000002 -0.482289
vn 0.130062 0.981284 -0.14200500000000005
vn 0.364949 0.898576 0.24366699999999994
vn 0.824996 0.19042399999999998 -0.53209
vn 0.141696 -0.872054 0.46844900000000006
vn 0.141696 -0.872054 0.46844900000000006
vn 0.473121 -0.850774 0.22878200000000007
vn 0.467362 -0.839223 0.27798800000000007
vn -0.420661 -0.2819650000000001 -0.862288
vn -0.437557 -0.43304100000000006 -0.788048
vn -0.420661 -0.2819650000000001 -0.862288
vn -0.391726 -0.12281800000000005 -0.911848
vn 0.420663 0.28197200000000006 0.862284
vn 0.39173 0.12283500000000006 0.911844
vn 0.420663 0.28197200000000006 0.862284
vn 0.437557 0.43304000000000004 0.788048
vn 0.488166 0.26703200000000005 0.830896
vn 0.488166 0.2670310000000001 0.830896
vn 0.488166 0.26703200000000005 0.830896
vn 0.488166 0.26703200000000005 0.830896
vn 0.965032 0.137537 0.223151
vn 0.965032 0.137537 0.223151
vn 0.965032 0.137537 0.223151
vn 0.965758 0.139632 0.218666
vn -0.744447 0.664973 0.060082999999999956
vn 0.642274 0.550345 -0.533484
vn -0.705768 -0.47121599999999997 0.529005
vn 0.466393 -0.870556 0.15687400000000007
vn -0.913876 0.259222 0.312467
vn -0.026929 0.923296 -0.38314400000000004
vn -0.33937 -0.797409 0.4989660000000001
vn 0.899208 -0.345191 -0.268828
vn -0.88237 -0.12069199999999997 0.454815
vn 0.881355 0.11986399999999997 -0.456997
vn 0.881355 0.11986599999999997 -0.456997
vn 0.031933 -0.924465 0.37992700000000007
vn 0.910846 -0.267809 -0.314068
vn 0.00286 -0.919473 0.39314200000000005
vn -0.898917 0.342821 0.272804
vn 0.318686 0.806873 -0.4973890000000001
vn 0.362027 -0.905761 0.22030200000000005
vn 0.36056 -0.906227 0.22079100000000004
vn -0.139504 0.932058 -0.33437400000000006
vn -0.138208 0.931914 -0.3353130000000001
vn -0.861251 -0.10419799999999997 0.497384
vn 0.363493 -0.905293 0.21981300000000006
vn 0.362027 -0.905761 0.22030200000000005
vn -0.136912 0.931767 -0.3362510000000001
vn 0.445324 -0.877663 0.17718200000000006
vn 0.861247 0.10419899999999997 -0.497389
vn -0.138208 0.931914 -0.3353130000000001
vn 0.877441 0.11670799999999998 -0.46527
vn 0.397438 -0.893985 0.20696400000000006
vn 0.397438 -0.893985 0.20696400000000006
vn 0.861247 0.10419899999999997 -0.497389
vn 0.861249 0.10420299999999998 -0.497386
vn 0.292675 -0.928912 0.22685800000000006
vn -0.861251 -0.10419699999999997 0.497383
vn 0.841448 0.16858999999999996 -0.513365
vn -0.914407 0.10932900000000002 0.389753
vn 0.846538 0.21051999999999998 -0.488932
vn -0.867811 -0.14775099999999997 0.47442
vn 0.445324 -0.877663 0.17718200000000006
vn 0.846538 0.21051999999999998 -0.488932
vn 0.436487 -0.885972 0.15663100000000005
vn 0.841448 0.16858999999999996 -0.513365
vn 0.388524 0.3173810000000001 0.865054
vn 0.388524 0.3173810000000001 0.865054
vn 0.388524 0.3173810000000001 0.865054
vn 0.391826 0.30397300000000005 0.868374
vn 0.397463 0.32486300000000007 0.858188
vn 0.380596 0.3274790000000001 0.864815
vn 0.379547 0.33515700000000004 0.862331
vn 0.397463 0.32486300000000007 0.858188
vn 0.397463 0.32486300000000007 0.858188
vn 0.397464 0.32486500000000007 0.858187
vn 0.436532 0.32993900000000004 0.837007
vn 0.436534 0.32993800000000006 0.837006
vn 0.436541 0.32994200000000007 0.837
vn 0.436531 0.32994300000000004 0.837005
vn 0.436532 0.32993900000000004 0.837007
vn 0.436532 0.32993900000000004 0.837007
vn 0.409968 0.27304000000000006 0.870273
vn 0.398942 0.28866800000000004 0.870354
vn -0.415553 0.887177 -0.20058200000000007
vn -0.415553 0.887177 -0.20058200000000007
vn -0.415553 0.887177 -0.20058200000000007
vn -0.415569 0.887166 -0.20059400000000005
vn -0.415569 0.887166 -0.20059400000000005
vn -0.415569 0.887166 -0.20059400000000005
vn -0.415553 0.887177 -0.20058100000000006
vn 0.436543 0.32994300000000004 0.837
vn 0.383341 0.30748100000000006 0.870922
vn 0.379545 0.33516300000000004 0.862329
vn 0.43654 0.32994300000000004 0.837001
vn 0.384074 0.37599200000000005 0.843277
vn 0.379545 0.33516300000000004 0.862329
vn 0.383341 0.30748100000000006 0.870922
vn 0.383341 0.30748100000000006 0.870922
vn -0.879252 -0.11815999999999997 0.461469
vn -0.879199 -0.11811899999999997 0.461581
vn -0.879252 -0.11816099999999997 0.461469
vn -0.879199 -0.11811899999999997 0.461581
vn -0.486899 0.861672 -0.14301000000000005
vn -0.643952 -0.546423 0.535489
vn 0.730515 -0.681009 -0.05073899999999996
vn 0.699012 0.47534799999999994 -0.534253
vn 0.45117 0.33170000000000005 0.828505
vn 0.451171 0.3317010000000001 0.828504
vn 0.45117 0.33170000000000005 0.828505
vn 0.45117 0.33170000000000005 0.828505
vn -0.458596 0.873598 -0.16284000000000007
vn -0.458525 0.873689 -0.16254900000000005
vn -0.443964 0.886617 -0.12963800000000006
vn -0.460501 0.87173 -0.16740500000000005
vn -0.443964 0.886617 -0.12963800000000006
vn -0.451646 0.880009 -0.14697100000000005
vn -0.451646 0.880009 -0.14697100000000005
vn -0.460501 0.87173 -0.16740500000000005
vn -0.451646 0.880009 -0.14697200000000005
vn -0.451646 0.880009 -0.14697100000000005
vn -0.460501 0.87173 -0.16740600000000005
vn -0.460501 0.87173 -0.16740500000000005
vn -0.443964 0.886617 -0.12963800000000006
vn -0.443964 0.886617 -0.12963800000000006
vn -0.458667 0.873506 -0.16313100000000005
vn -0.458596 0.873598 -0.16284000000000007
vn -0.88237 -0.12069199999999997 0.454814
vn -0.861251 -0.10419799999999997 0.497384
vn -0.861251 -0.10419799999999997 0.497383
vn -0.861251 -0.10419799999999997 0.497384
vn -0.88237 -0.12069199999999997 0.454814
vn -0.882371 -0.12069199999999997 0.454813
vn 0.032123 -0.924364 0.3801570000000001
vn 0.032123 -0.924364 0.3801570000000001
vn 0.032314 -0.924263 0.38038600000000006
vn 0.881355 0.11986399999999997 -0.456997
vn 0.881355 0.11986499999999997 -0.456997
vn 0.881355 0.11986399999999997 -0.456997
vn 0.881355 0.11986399999999997 -0.456997
vn 0.877441 0.11670799999999998 -0.46527
vn 0.877442 0.11670899999999997 -0.465269
vn 0.877441 0.11670799999999998 -0.46527
vn 0.881355 0.11986299999999997 -0.456997
vn 0.881355 0.11986499999999997 -0.456997
vn 0.397465 0.32486100000000007 0.858188
vn 0.397462 0.32486300000000007 0.858189
vn 0.397465 0.32486100000000007 0.858188
vn 0.397465 0.32486100000000007 0.858188
vn 0.383019 0.31786900000000007 0.867327
vn 0.383019 0.31786900000000007 0.867327
vn -0.047314 0.928439 -0.36845900000000004
vn -0.047315 0.928439 -0.36845900000000004
vn -0.885858 -0.08531899999999998 0.456043
vn 0.030178 -0.926262 0.37567000000000006
vn 0.030178 -0.926263 0.37566800000000006
vn 0.030178 -0.926262 0.37567000000000006
vn 0.030178 -0.926262 0.37567000000000006
vn 0.877442 0.11671099999999997 -0.465268
vn 0.877443 0.11670999999999997 -0.465267
vn 0.877442 0.11671099999999997 -0.465268
vn 0.877442 0.11671099999999997 -0.465268
vn -0.100262 0.933115 -0.34531700000000004
vn -0.10026 0.933115 -0.34531700000000004
vn -0.091135 0.979198 -0.18129200000000006
vn -0.091135 0.979198 -0.18129200000000006
vn -0.091135 0.979198 -0.18129200000000006
vn -0.091135 0.979197 -0.18129300000000007
vn 0.091135 -0.979197 0.18129300000000007
vn 0.091135 -0.979198 0.18129200000000006
vn 0.091135 -0.979197 0.18129300000000007
vn 0.091135 -0.979197 0.18129300000000007
vn -0.53583 0.841442 -0.06972500000000005
vn -0.53583 0.841443 -0.06972100000000006
vn -0.53583 0.841442 -0.06972500000000005
vn -0.535831 0.841441 -0.06972900000000005
vn 0.535831 -0.841441 0.06972900000000005
vn 0.53583 -0.841442 0.06972600000000005
vn 0.535831 -0.841441 0.06972900000000005
vn 0.535831 -0.841441 0.06973300000000006
vn 0.887088 -0.424508 -0.18129599999999998
vn 0.887088 -0.424507 -0.18129699999999999
vn 0.887088 -0.424508 -0.18129599999999998
vn 0.887088 -0.424508 -0.18129499999999998
vn -0.887088 0.424508 0.18129499999999998
vn -0.887089 0.424508 0.18128999999999998
vn -0.887088 0.424508 0.18129499999999998
vn -0.887088 0.424507 0.18129899999999996
vn 0.997318 0.016051999999999997 -0.071414
vn 0.997318 0.016051999999999997 -0.071406
vn 0.997318 0.016051999999999997 -0.071414
vn 0.997317 0.016052999999999998 -0.071422
vn -0.997318 -0.016051999999999997 0.071411
vn -0.997318 -0.016051999999999997 0.071411
vn -0.997318 -0.016051999999999997 0.071411
vn -0.997318 -0.016051999999999997 0.071411
vn 0.083778 -0.967647 0.23799500000000007
vn 0.083778 -0.967647 0.23799400000000007
vn 0.083778 -0.967647 0.23799500000000007
vn 0.083778 -0.967647 0.23799500000000007
vn -0.083778 0.967647 -0.23799500000000007
vn -0.083778 0.967647 -0.23799500000000007
vn -0.083778 0.967647 -0.23799500000000007
vn -0.083778 0.967647 -0.23799500000000007
vn 0.973951 0.12095800000000001 0.191805
vn 0.973951 0.12095800000000001 0.191805
vn 0.973951 0.12095800000000001 0.191804
vn 0.973951 0.12095800000000001 0.191805
vn -0.169637 0.17069700000000004 0.970611
vn -0.982689 -0.10574500000000002 -0.152119
vn 0.203892 0.698907 -0.685534
vn 0.08353 0.985939 -0.14472900000000005
vn 0.898407 0.437146 -0.04205300000000003
vn 0.360041 0.926698 -0.10771000000000006
vn 0.939745 0.20003299999999996 -0.277248
vn 0.987571 0.05757099999999999 -0.146249
vn -0.275509 0.14899100000000007 0.949682
vn 0.984323 0.04901699999999999 -0.169425
vn 0.996402 0.082885 -0.017710000000000004
vn 0.990113 0.052879999999999996 -0.129926
vn 0.989487 0.05403899999999999 -0.134149
vn 0.987571 0.05757099999999999 -0.146249
vn 0.041716 0.998395 0.038303999999999935
vn -0.717382 -0.641726 0.2712010000000001
vn -0.994206 -0.0955 -0.04933099999999999
vn 0.325895 0.877023 0.3530209999999999
vn -0.71992 -0.47854899999999995 0.502699
vn -0.973951 -0.12095900000000001 -0.191805
vn 0.973951 0.12095800000000001 0.191805
vn -0.16533 -0.892762 0.41909700000000005
vn -0.704319 -0.595455 0.3864830000000001
vn -0.970306 -0.038395999999999986 0.238812
vn -0.26659 0.15849800000000006 0.950688
vn 0.154638 0.829884 -0.536077
vn 0.777324 0.502249 -0.37883100000000003
vn 0.988021 0.05824599999999999 -0.142909
vn 0.021923 0.976121 -0.21612000000000006
vn -0.01972 -0.97606 0.21660600000000005
vn -0.97354 -0.126451 -0.190342
vn -0.162062 -0.902152 0.39982200000000007
vn -0.266594 0.15849600000000005 0.950688
vn -0.266589 0.15849800000000006 0.950689
vn -0.266589 0.15849800000000006 0.950688
vn -0.441685 0.39543300000000003 0.805324
vn 0.021926 0.97612 -0.21612300000000007
vn -0.458716 -0.32102299999999995 0.828568
vn -0.01972 -0.97606 0.21660600000000005
vn -0.16474 -0.897109 0.40994600000000003
vn -0.665936 0.13596000000000005 0.733515
vn -0.662499 0.11090100000000004 0.740808
vn 0.060175 0.997988 -0.019996000000000062
vn -0.282995 0.15624100000000005 0.94631
vn -0.252449 0.08390000000000006 0.963966
vn -0.267939 0.12016800000000005 0.955912
vn -0.97354 -0.126451 -0.190342
vn -0.275509 0.14899100000000007 0.949682
vn -0.973394 -0.12139500000000002 -0.194337
vn -0.973394 -0.12139500000000002 -0.194337
vn -0.973394 -0.12139400000000002 -0.194337
vn -0.973394 -0.12139400000000002 -0.194337
vn -0.973394 -0.12139400000000002 -0.194337
vn -0.267939 0.12016800000000005 0.955912
vn -0.135574 -0.943989 0.3008410000000001
vn -0.973394 -0.12139500000000002 -0.194337
vn -0.97354 -0.126451 -0.190342
vn -0.26659 0.15849800000000006 0.950688
vn -0.26659 0.15849800000000006 0.950688
vn -0.26659 0.15849800000000006 0.950688
vn -0.266589 0.15849800000000006 0.950688
vn 0.083778 -0.967647 0.23799500000000007
vn 0.083778 -0.967647 0.23799400000000007
vn 0.083778 -0.967647 0.23799500000000007
vn 0.083778 -0.967647 0.23799500000000007
vn -0.083778 0.967647 -0.23799500000000007
vn -0.083778 0.967646 -0.23799500000000007
vn -0.083778 0.967647 -0.23799500000000007
vn -0.083778 0.967647 -0.23799400000000007
vn 0.973951 0.12095800000000001 0.191805
vn 0.973951 0.12095800000000001 0.191805
vn -0.181735 0.31711300000000003 0.930812
vn -0.183521 0.23877900000000005 0.953575
vn 0.973951 0.12095800000000001 0.191805
vn -0.182305 0.3253440000000001 0.927856
vn -0.184995 0.23861000000000004 0.953332
vn 0.973951 0.12095800000000001 0.191804
vn 0.229288 -0.500096 -0.835064
vn 0.336604 -0.76268 -0.552284
vn 0.244208 -0.912284 0.32878700000000005
vn -0.332932 0.94251 -0.028820000000000057
vn 0.318426 -0.939972 -0.12270599999999994
vn 0.242815 -0.89811 0.36666100000000007
vn -0.326147 0.94401 -0.049740000000000055
vn -0.26894 0.924521 -0.2700600000000001
vn 0.973951 0.12095800000000001 0.191805
vn 0.973951 0.12095800000000001 0.191805
vn 0.958066 0.13055100000000003 0.255081
vn 0.974363 0.11533800000000001 0.19317
vn -0.152593 0.01176900000000006 0.988219
vn 0.958917 0.12952400000000003 0.252392
vn 0.974387 0.11498600000000002 0.193256
vn -0.151422 0.002037000000000061 0.988467
vn 0.193029 -0.844872 0.49892900000000007
vn 0.227316 -0.881953 0.41289900000000007
vn 0.218976 -0.874622 0.43253500000000006
vn 0.366574 -0.783414 -0.501882
vn 0.298993 -0.601122 -0.741118
vn -0.269022 0.924536 -0.26992600000000005
vn -0.26894 0.924521 -0.2700600000000001
vn 0.242893 -0.898139 0.36653800000000003
vn -0.323731 0.944132 -0.06174800000000005
vn -0.329041 0.94353 -0.03850500000000005
vn 0.329742 -0.939197 -0.09580599999999995
vn 0.213751 -0.868832 0.44658900000000007
vn -0.325106 0.944449 -0.04818300000000005
vn -0.325106 0.944449 -0.04818300000000005
vn 0.973951 0.12095800000000001 0.191805
vn 0.973951 0.12095800000000001 0.191805
vn 0.95649 0.13227800000000003 0.260057
vn -0.154206 0.025389000000000057 0.987712
vn -0.154206 0.025389000000000057 0.987712
vn 0.973951 0.12095800000000001 0.191805
vn 0.973951 0.12095800000000001 0.191805
vn 0.973951 0.12095800000000001 0.191805
vn -0.180801 0.23909300000000006 0.954016
vn -0.984917 -0.11067600000000001 -0.132999
vn -0.984917 -0.11067600000000001 -0.133
vn -0.973903 -0.11724600000000002 -0.194334
vn -0.974159 -0.11328100000000002 -0.1954
vn -0.96258 -0.12507900000000002 -0.240405
vn -0.962769 -0.12115600000000001 -0.241653
vn -0.964574 -0.245699 -0.09606899999999999
vn -0.321323 0.15074300000000004 0.934895
vn -0.318549 0.14361000000000004 0.936965
vn -0.218598 0.961069 -0.16900200000000007
vn -0.116141 -0.967543 0.22443600000000005
vn -0.29683 0.896106 0.32997899999999997
vn -0.296853 0.896211 0.32967199999999997
vn -0.227478 -0.627078 0.745001
vn -0.224821 -0.632621 0.741111
vn -0.177574 0.14352500000000007 0.973585
vn -0.169188 0.16597000000000006 0.971509
vn -0.176917 0.15341600000000005 0.972195
vn -0.169236 0.16648000000000004 0.971413
vn -0.154206 0.025389000000000057 0.987712
vn -0.154206 0.025389000000000057 0.987712
vn 0.973951 0.12095800000000001 0.191805
vn -0.169637 0.17069700000000004 0.970611
vn 0.117458 0.957527 -0.26333600000000007
vn 0.4181 0.873489 -0.24941800000000006
vn 0.945458 0.301222 -0.12399400000000001
vn 0.837143 0.52287 0.16061899999999998
vn 0.783737 0.18132300000000004 0.594035
vn 0.980176 0.11559700000000002 0.160912
vn 0.783733 0.18132000000000004 0.594042
vn 0.524007 -0.837977 0.15234800000000007
vn 0.731051 -0.678357 0.07345800000000004
vn 0.994925 0.072892 -0.069361
vn -0.564196 0.677387 -0.4720480000000001
vn 0.614982 0.655152 -0.4388310000000001
vn -0.764693 0.27350899999999995 -0.58347
vn 0.011485 -0.81165 0.584031
vn -0.822842 -0.17453200000000002 -0.540804
vn -0.983863 -0.11185400000000001 -0.139648
vn -0.932546 0.360854 -0.011930000000000022
vn -0.95718 -0.027838999999999982 0.288153
vn 0.367584 0.712312 -0.597908
vn 0.011486 -0.81165 0.584031
vn -0.072544 0.975961 -0.20551800000000006
vn -0.072544 0.975961 -0.20551700000000006
vn -0.072544 0.975961 -0.20551800000000006
vn -0.072544 0.975961 -0.20551800000000006
vn 0.072544 -0.975961 0.20551700000000006
vn 0.072544 -0.975961 0.20551700000000006
vn 0.072544 -0.975961 0.20551700000000006
vn 0.072544 -0.975961 0.20551700000000006
vn -0.072544 0.975961 -0.20551800000000006
vn -0.072544 0.975961 -0.20551800000000006
vn -0.072544 0.975961 -0.20551800000000006
vn -0.072544 0.975961 -0.20551800000000006
vn 0.072544 -0.975961 0.20551800000000006
vn 0.072544 -0.975961 0.20551800000000006
vn 0.072544 -0.975961 0.20551700000000006
vn 0.072544 -0.975961 0.20551800000000006
vn -0.072544 0.975961 -0.20551800000000006
vn -0.072544 0.975961 -0.20551800000000006
vn -0.072544 0.975961 -0.20551800000000006
vn -0.072544 0.975961 -0.20551800000000006
vn 0.072544 -0.975961 0.20551800000000006
vn 0.072544 -0.975961 0.20551800000000006
vn 0.072544 -0.975961 0.20551800000000006
vn 0.072544 -0.975961 0.20551800000000006
vn -0.072544 0.975961 -0.20551800000000006
vn -0.072544 0.975961 -0.20551900000000006
vn -0.072544 0.975961 -0.20551700000000006
vn -0.072544 0.975961 -0.20551800000000006
vn 0.072544 -0.975961 0.20551800000000006
vn 0.072544 -0.975961 0.20551800000000006
vn 0.072544 -0.975961 0.20551800000000006
vn 0.072544 -0.975961 0.20551800000000006
vn 0.814265 0.03917000000000004 0.579171
vn 0.814264 0.039173000000000034 0.579172
vn 0.042508 0.972378 -0.22950900000000005
vn -0.096416 -0.97672 0.19163100000000005
vn -0.502556 0.17778500000000005 0.846068
vn -0.502556 0.17778400000000005 0.846068
vn -0.502556 0.17778700000000006 0.846067
vn -0.502556 0.17778500000000005 0.846068
vn 0.972003 -0.12280000000000002 -0.200324
vn 0.229584 -0.964972 0.12696500000000005
vn -0.948053 -0.19220799999999996 0.253481
vn 0.081991 0.976235 -0.20060500000000006
vn 0.972003 -0.12280000000000002 -0.200324
vn -0.385164 -0.887302 0.25366000000000005
vn -0.896192 0.425218 0.12660599999999997
vn 0.08199 0.976235 -0.20060500000000006
vn 0.967646 -0.04589299999999999 0.248104
vn 0.967646 -0.04589299999999999 0.248104
vn 0.967646 -0.04589299999999999 0.248104
vn 0.967646 -0.04589299999999999 0.248104
vn 0.124496 -0.927636 0.35212400000000005
vn 0.124496 -0.927636 0.35212400000000005
vn 0.124496 -0.927636 0.35212400000000005
vn 0.124493 -0.927644 0.35210400000000003
vn 0.124493 -0.927644 0.35210400000000003
vn 0.124493 -0.927644 0.35210400000000003
vn 0.124497 -0.927636 0.35212400000000005
vn 0.9539 -0.19102899999999998 0.231481
vn 0.95291 -0.19899899999999998 0.228826
vn 0.9539 -0.19102899999999998 0.231481
vn 0.9539 -0.19102899999999998 0.231481
vn -0.200703 -0.979628 -0.00692399999999994
vn -0.200665 -0.979636 -0.00681799999999994
vn -0.973199 0.006581999999999986 -0.229873
vn -0.973199 0.006581999999999986 -0.229873
vn -0.070445 -0.946246 0.3156840000000001
vn -0.092605 -0.951176 0.2944280000000001
vn -0.070445 -0.946246 0.3156840000000001
vn -0.070445 -0.946246 0.3156840000000001
vn -0.833751 -0.014696000000000034 -0.551946
vn -0.833751 -0.014697000000000033 -0.551945
vn 0.123288 0.970153 -0.20881300000000005
vn 0.123288 0.970153 -0.20881300000000005
vn 0.213673 0.975944 0.04332999999999994
vn 0.214662 0.975602 0.04605099999999994
vn 0.213673 0.975944 0.04332999999999994
vn 0.213673 0.975944 0.04332999999999994
vn 0.846049 0.010569000000000033 0.533
vn 0.84605 0.010568000000000032 0.532999
vn 0.846049 0.010569000000000033 0.533
vn 0.846049 0.010569000000000033 0.533
vn -0.221993 0.17346100000000006 0.959495
vn -0.221904 0.17336900000000005 0.959532
vn -0.221993 0.17346100000000006 0.959495
vn -0.222082 0.17355200000000007 0.959458
vn 0.258008 0.959275 -0.11499200000000005
vn 0.967646 -0.04589299999999999 0.248104
vn 0.967646 -0.04589299999999999 0.248104
vn 0.086929 -0.955239 0.2827740000000001
vn 0.086472 -0.955002 0.28371300000000005
vn -0.957307 0.07418999999999999 -0.279392
vn -0.958513 0.027610999999999983 -0.283707
vn -0.958172 0.05091399999999999 -0.281627
vn -0.062304 0.958777 -0.27724400000000005
vn -0.064186 0.959738 -0.27346500000000007
vn -0.062304 0.958777 -0.27724400000000005
vn -0.060422 0.957798 -0.2810190000000001
vn -0.96679 0.04526699999999999 -0.251532
vn -0.96679 0.04526699999999999 -0.251532
vn -0.234618 -0.964291 0.12286700000000006
vn -0.234696 -0.963625 0.12784400000000007
vn -0.962006 0.023267999999999983 -0.272037
vn -0.214109 0.945849 -0.24398300000000006
vn 0.25645 0.960088 -0.11164300000000006
vn 0.086472 -0.955002 0.28371300000000005
vn 0.086016 -0.954764 0.28465200000000007
vn -0.958172 0.05091399999999999 -0.281627
vn 0.967646 -0.04589299999999999 0.248104
vn 0.967646 -0.04589299999999999 0.248104
vn -0.226429 0.17133800000000005 0.95884
vn -0.226429 0.17133800000000005 0.95884
vn -0.226429 0.17133800000000005 0.95884
vn -0.20993 0.22228200000000006 0.952113
vn -0.20993 0.22228200000000006 0.952113
vn -0.20993 0.22228200000000006 0.952113
vn -0.169638 0.17069700000000004 0.970611
vn -0.169637 0.17069700000000004 0.970611
vn -0.226189 0.17569700000000005 0.958107
vn -0.226189 0.17569700000000005 0.958107
vn -0.226189 0.17569700000000005 0.958107
vn -0.217759 0.12369200000000005 0.968133
vn -0.420395 0.17986600000000005 0.889335
vn -0.420395 0.17986600000000005 0.889335
vn -0.420395 0.17986600000000005 0.889335
vn -0.420395 0.17986600000000005 0.889335
vn -0.242651 0.47290200000000004 0.847045
vn -0.242651 0.47290200000000004 0.847045
vn 0.976574 0.09093500000000002 0.195022
vn 0.974481 0.08233500000000002 0.208822
vn 0.976574 0.09093500000000002 0.195022
vn 0.976574 0.09093500000000002 0.195022
vn 0.047885 0.723666 -0.688487
vn 0.047885 0.723666 -0.688487
vn -0.935069 0.049362999999999976 -0.351013
vn -0.933322 0.059721999999999976 -0.354038
vn 0.941159 -0.02933999999999998 0.336689
vn 0.941159 -0.02933999999999998 0.336688
vn 0.108458 0.975096 -0.19345300000000007
vn -0.938648 0.02798699999999998 -0.34374
vn -0.062383 0.914257 -0.40030200000000005
vn -0.946552 0.16253699999999996 -0.278606
vn -0.221993 0.17346100000000006 0.959495
vn -0.221904 0.17336900000000005 0.959532
vn -0.221993 0.17346100000000006 0.959495
vn -0.222082 0.17355200000000007 0.959458
vn 0.509432 0.642757 0.572138
vn 0.129491 0.943268 0.30574099999999993
vn 0.309615 0.817758 -0.48519100000000004
vn 0.888503 0.271648 -0.369823
vn 0.619258 -0.36002199999999995 0.697785
vn 0.630077 -0.682391 -0.37060199999999993
vn 0.022572 -0.879698 0.47499700000000006
vn 0.19571 -0.909183 -0.36753699999999995
vn 0.578369 -0.02079200000000005 -0.81551
vn 0.480545 -0.42047300000000004 -0.769597
vn 0.209936 -0.04598299999999994 0.976633
vn 0.169474 0.41653300000000004 0.893185
vn -0.84423 -0.009969000000000033 -0.535889
vn -0.90591 0.009071999999999974 -0.423372
vn 0.560096 -0.28196200000000005 -0.778967
vn 0.486711 -0.43304000000000004 -0.758676
vn 0.560096 -0.28196200000000005 -0.778967
vn 0.61745 -0.12281400000000005 -0.776963
vn -0.560093 0.28197200000000006 0.778966
vn -0.617444 0.12283600000000004 0.776965
vn -0.560093 0.28197200000000006 0.778966
vn -0.486713 0.43303800000000003 0.758676
vn -0.198383 0.980122 -0.0021650000000000597
vn -0.198385 0.980122 -0.00216400000000006
vn -0.198384 0.980122 -0.0021650000000000597
vn -0.198384 0.980122 -0.0021650000000000597
vn 0.057317 0.9981 -0.02262400000000006
vn 0.28247 0.868407 0.4075289999999999
vn 0.489071 0.517519 0.702128
vn 0.621766 0.039365000000000046 0.782213
vn 0.644977 -0.43798699999999996 0.626237
vn 0.552433 -0.786565 0.27592300000000003
vn 0.36892 -0.912868 -0.17484099999999994
vn 0.143644 -0.783014 -0.605191
vn -0.062988 -0.43185200000000007 -0.899743
vn -0.195597 0.04641899999999994 -0.979585
vn -0.218684 0.52361 -0.823414
vn -0.126107 0.87191 -0.47314900000000004
vn -0.012622 0.983605 -0.17989200000000005
vn 0.204863 0.940502 0.27108599999999994
vn 0.424577 0.656918 0.623052
vn 0.587668 0.20874300000000007 0.781711
vn 0.650424 -0.2839999999999999 0.70448
vn 0.595983 -0.68927 0.41196000000000005
vn 0.438902 -0.898365 -0.017476999999999944
vn 0.22129 -0.855192 -0.46869799999999995
vn 0.001504 -0.571342 -0.820711
vn -0.161538 -0.12297000000000005 -0.979175
vn -0.224168 0.3697099999999999 -0.9017
vn -0.169653 0.774708 -0.609135
vn -0.89258 -0.17975599999999997 0.413509
vn -0.892579 -0.17974999999999997 0.413513
vn -0.892587 -0.17975899999999997 0.413493
vn -0.892585 -0.17975599999999997 0.413497
vn -0.892583 -0.17975099999999997 0.413504
vn -0.892583 -0.17974899999999996 0.413504
vn -0.892581 -0.17974599999999996 0.413509
vn -0.892581 -0.17975699999999997 0.413504
vn -0.892581 -0.17975599999999997 0.413506
vn -0.892582 -0.17975199999999997 0.413506
vn -0.892578 -0.17975499999999997 0.413513
vn -0.892577 -0.17975999999999998 0.413513
vn -0.209628 -0.958203 -0.19468699999999994
vn -0.632431 -0.12964500000000007 -0.763691
vn -0.610748 0.680905 -0.40417300000000006
vn -0.288153 0.857958 0.42529599999999995
vn 0.144053 0.12176400000000005 0.98205
vn 0.177473 -0.651895 0.737249
vn -0.310922 0.943292 -0.11631300000000006
vn 0.038756 0.811112 0.583605
vn 0.314529 0.22130000000000005 0.923091
vn 0.39166 -0.546977 0.739878
vn 0.211717 -0.963759 0.16230800000000006
vn -0.181989 -0.755619 -0.629222
vn -0.45028 -0.09309300000000005 -0.888021
vn -0.488048 0.52755 -0.695342
vn -0.892583 -0.17975299999999997 0.413502
vn 0.054007 0.730115 0.681186
vn 0.292132 -0.717687 0.632126
vn -0.305087 -0.631619 -0.712727
vn -0.570977 0.594329 -0.566355
vn -0.138256 0.651988 0.745518
vn 0.091773 0.01028000000000006 0.995727
vn 0.106985 -0.664154 0.739902
vn -0.121535 -0.980335 0.15547600000000006
vn -0.474215 -0.80053 -0.3664319999999999
vn -0.658228 -0.15121500000000004 -0.737475
vn -0.699369 0.545799 -0.4615040000000001
vn -0.47863 0.865451 0.14801299999999995
vn -0.145101 0.601257 0.785771
vn 0.061938 -0.06483199999999995 0.995972
vn 0.121617 -0.593386 0.795677
vn -0.114441 -0.987069 0.11224500000000005
vn -0.531544 -0.703027 -0.47245499999999996
vn -0.738915 -0.030960000000000043 -0.673087
vn -0.653879 0.593738 -0.46895300000000006
vn -0.473088 0.852518 0.22226299999999993
vn 0.198385 -0.980122 0.00216400000000006
vn 0.198385 -0.980122 0.00216400000000006
vn 0.198383 -0.980122 0.0021650000000000597
vn 0.198383 -0.980122 0.0021650000000000597
vn 0.198383 -0.980122 0.0021650000000000597
vn 0.198385 -0.980122 0.00216400000000006
vn -0.681909 -0.42364199999999996 0.596261
vn 0.085714 -0.4312369999999999 0.898158
vn 0.486155 0.32518700000000006 0.811114
vn 0.143916 0.9384 0.31415599999999994
vn -0.253127 0.819275 -0.514505
vn -0.847754 0.015554999999999966 -0.530161
vn -0.377364 -0.910707 0.16795400000000005
vn 0.458435 -0.659973 0.595209
vn 0.863582 0.269738 0.425989
vn 0.402958 0.90298 -0.14917100000000005
vn -0.535619 0.585846 -0.608192
vn -0.855112 -0.337187 -0.393812
vn -0.587112 -0.809042 -0.02737699999999995
vn 0.25314 -0.819268 0.51451
vn 0.847755 -0.015549999999999967 0.53016
vn 0.602109 0.798404 0.003910999999999952
vn -0.23814 0.808625 -0.537973
vn -0.832755 0.004904999999999966 -0.553621
vn 0.998575 -0.036931 -0.038518
vn 0.277642 0.23470600000000005 0.931573
vn 0.381592 0.905427 -0.18598100000000006
vn 0.089197 -0.17582200000000006 -0.980373
vn -0.088511 -0.975817 0.19986900000000005
vn -0.174759 -0.14306599999999994 0.974162
vn 0.126605 0.982117 0.13934899999999995
vn -0.132744 0.2843339999999999 -0.949491
vn -0.426693 -0.886092 -0.18103699999999995
vn -0.958851 0.28149 0.03698199999999999
vn -0.673674 -0.2845869999999999 0.682037
vn -0.233232 -0.793852 -0.561606
vn 0.673677 0.28459699999999993 -0.682029
vn 0.233198 0.793838 0.56164
vn -0.399025 0.24861100000000005 0.882594
vn -0.590791 -0.80583 -0.040056999999999954
vn 0.399001 -0.24864300000000006 -0.882596
vn 0.590776 0.805839 0.04008899999999995
vn 0.948684 -0.315024 0.02756100000000002
vn -0.316239 -0.94507 0.08268200000000006
vn -0.948685 0.315021 -0.027560000000000022
vn 0.316232 0.945072 -0.08268200000000006
vn 0.948684 0.315021 -0.027560000000000022
vn 0.316222 -0.945075 0.08268300000000006
vn -0.948686 -0.315015 0.027560000000000022
vn -0.316229 0.945073 -0.08268200000000006
vn -0.070761 -0.973379 0.21800600000000006
vn -0.070761 -0.973379 0.21800600000000006
vn -0.070761 -0.973379 0.21800600000000006
vn -0.070761 -0.973379 0.21800600000000006
vn -0.075856 0.32071500000000003 0.944133
vn -0.075856 0.32071500000000003 0.944134
vn -0.075856 0.32071500000000003 0.944133
vn -0.075857 0.32071400000000005 0.944133
vn 0.082931 0.926462 -0.3671400000000001
vn 0.08293 0.926462 -0.3671400000000001
vn 0.082931 0.926462 -0.3671400000000001
vn 0.082931 0.926462 -0.36713900000000005
vn 0.086507 0.978953 -0.18484300000000006
vn 0.086507 0.978953 -0.18484300000000006
vn 0.086507 0.978953 -0.18484300000000006
vn 0.086507 0.978953 -0.18484200000000006
vn -0.809492 0.510184 -0.29057800000000006
vn -0.809492 0.510186 -0.29057400000000005
vn -0.809492 0.510184 -0.29057800000000006
vn -0.809492 0.510181 -0.29058200000000006
vn -0.019878 -0.973641 0.22721800000000006
vn -0.019877 -0.973641 0.22721900000000006
vn -0.019878 -0.973641 0.22721800000000006
vn -0.019879 -0.973641 0.22721800000000006
vn -0.08247 0.32344100000000003 0.942648
vn -0.08247 0.32344100000000003 0.942648
vn -0.08247 0.32344100000000003 0.942648
vn -0.08247 0.32344100000000003 0.942648
vn 0.032899 0.925997 -0.37609400000000004
vn 0.0329 0.925997 -0.37609400000000004
vn 0.032899 0.925997 -0.37609400000000004
vn 0.032899 0.925997 -0.37609400000000004
vn -0.107426 -0.966383 0.23358800000000005
vn -0.107425 -0.966383 0.23358800000000005
vn -0.107426 -0.966383 0.23358800000000005
vn -0.107426 -0.966383 0.23358800000000005
vn -0.091361 0.13658700000000004 0.986406
vn -0.09136 0.13658700000000004 0.986406
vn -0.091361 0.13658700000000004 0.986406
vn -0.091361 0.13658700000000004 0.986406
vn 0.117389 0.924072 -0.36374500000000004
vn 0.117388 0.924072 -0.36374500000000004
vn 0.117389 0.924072 -0.36374500000000004
vn 0.117391 0.924072 -0.36374500000000004
vn -0.104449 -0.971073 0.21472800000000006
vn -0.104449 -0.971073 0.21472800000000006
vn -0.104449 -0.971073 0.21472800000000006
vn -0.104449 -0.971073 0.21472800000000006
vn -0.071587 0.3187340000000001 0.945137
vn -0.071588 0.3187340000000001 0.945137
vn -0.071587 0.3187340000000001 0.945137
vn -0.071587 0.3187340000000001 0.945137
vn 0.116035 0.924161 -0.36395400000000006
vn 0.116033 0.924161 -0.36395400000000006
vn 0.116035 0.924161 -0.36395400000000006
vn 0.116036 0.924161 -0.36395400000000006
vn -0.075407 -0.979375 0.18745200000000006
vn -0.075407 -0.979375 0.18745000000000006
vn -0.075407 -0.979375 0.18745200000000006
vn -0.075408 -0.979375 0.18745400000000007
vn 0.809543 0.58377 0.06206599999999997
vn 0.809543 0.58377 0.06206499999999997
vn 0.809543 0.58377 0.06206599999999997
vn 0.809543 0.58377 0.06206699999999996
vn -0.104449 -0.971073 0.21472800000000006
vn -0.104444 -0.971073 0.21472800000000006
vn -0.104449 -0.971073 0.21472800000000006
vn -0.104453 -0.971072 0.21472700000000006
vn -0.071588 0.3187340000000001 0.945137
vn -0.071588 0.3187340000000001 0.945137
vn -0.071588 0.3187340000000001 0.945137
vn -0.071588 0.3187340000000001 0.945137
vn 0.116037 0.924161 -0.36395400000000006
vn 0.116036 0.924161 -0.36395400000000006
vn 0.116037 0.924161 -0.36395400000000006
vn 0.116038 0.924161 -0.36395400000000006
vn -0.104449 -0.971073 0.21472800000000006
vn -0.104444 -0.971073 0.21472800000000006
vn -0.104449 -0.971073 0.21472800000000006
vn -0.104453 -0.971072 0.21472700000000006
vn -0.071587 0.3187340000000001 0.945137
vn -0.071588 0.31873300000000004 0.945137
vn -0.071587 0.3187340000000001 0.945137
vn -0.071587 0.3187340000000001 0.945137
vn 0.116037 0.924161 -0.36395400000000006
vn 0.116035 0.924161 -0.36395400000000006
vn 0.116037 0.924161 -0.36395400000000006
vn 0.116038 0.92416 -0.36395400000000006
vn 0.960979 -0.013484999999999983 0.276294
vn 0.968109 0.04625700000000001 0.24622
vn -0.968109 -0.04625700000000001 -0.24622
vn -0.960979 0.013485999999999982 -0.276294
vn -0.173699 0.06936400000000005 0.982353
vn -0.1737 0.06936400000000005 0.982353
vn -0.173699 0.06936400000000005 0.982353
vn -0.173698 0.06936400000000005 0.982353
vn -0.103522 -0.97744 -0.18410199999999993
vn -0.136115 -0.990502 -0.019473999999999943
vn -0.136114 -0.990502 -0.019473999999999943
vn -0.103522 -0.977441 -0.18410199999999993
vn -0.067997 -0.936683 -0.34351299999999996
vn -0.067998 -0.936683 -0.34351399999999993
vn 0.064169 0.930887 0.35962799999999995
vn 0.064169 0.930887 0.35962799999999995
vn 0.095835 0.970737 0.22019299999999994
vn 0.126039 0.989368 0.07256099999999994
vn 0.152761 0.985534 -0.07339800000000006
vn 0.152762 0.985534 -0.07339800000000006
vn 0.985861 0.01623500000000001 0.166777
vn 0.987205 0.08272500000000002 0.136322
vn -0.987205 -0.08272500000000002 -0.136322
vn -0.985861 -0.01623500000000001 -0.166777
vn -0.167057 0.07131600000000006 0.983365
vn -0.167057 0.07131600000000006 0.983365
vn -0.167057 0.07131600000000006 0.983365
vn -0.167057 0.07131600000000006 0.983365
vn -0.056823 -0.983257 -0.17313599999999996
vn -0.087041 -0.99617 -0.008267999999999939
vn -0.087041 -0.99617 -0.008267999999999939
vn -0.056824 -0.983257 -0.17313699999999996
vn -0.025 -0.942556 -0.33311099999999993
vn -0.024999 -0.942556 -0.33311099999999993
vn 0.021628 0.936752 0.34932499999999994
vn 0.021629 0.936752 0.34932499999999994
vn 0.049312 0.976005 0.21208999999999995
vn 0.076524 0.994799 0.06722499999999994
vn 0.10152 0.991928 -0.07598000000000006
vn 0.10152 0.991928 -0.07598000000000006
vn 0.980832 -0.06915499999999998 0.182169
vn 0.988352 -0.002479999999999991 0.152162
vn -0.988353 0.0024789999999999908 -0.152162
vn -0.980833 0.06915399999999998 -0.182168
vn -0.178298 0.06822400000000006 0.981609
vn -0.178298 0.06822400000000006 0.981609
vn -0.178298 0.06822400000000006 0.981609
vn -0.178298 0.06822400000000006 0.981609
vn -0.136126 -0.972672 -0.18809399999999996
vn -0.170982 -0.985076 -0.01973999999999994
vn -0.170982 -0.985076 -0.01973999999999994
vn -0.136125 -0.972672 -0.18809299999999995
vn -0.097225 -0.931367 -0.3508589999999999
vn -0.097226 -0.931367 -0.35085999999999995
vn 0.093086 0.92559 0.36690399999999995
vn 0.093087 0.92559 0.36690399999999995
vn 0.127044 0.965298 0.22816699999999995
vn 0.158885 0.983961 0.08108899999999994
vn 0.186486 0.980337 -0.06452200000000005
vn 0.186487 0.980336 -0.06452200000000005
vn 0.93924 -0.03375599999999998 0.341599
vn 0.948528 0.02163000000000002 0.315953
vn -0.948529 -0.021631000000000022 -0.315952
vn -0.93924 0.03375299999999998 -0.341597
vn -0.178118 0.06826600000000005 0.981638
vn -0.178118 0.06826600000000005 0.981638
vn -0.178118 0.06826600000000005 0.981638
vn -0.178117 0.06826600000000005 0.981639
vn -0.133313 -0.971743 -0.19478999999999994
vn -0.166913 -0.985395 -0.033702999999999934
vn -0.166915 -0.985395 -0.033702999999999934
vn -0.133313 -0.971743 -0.19478999999999994
vn -0.096077 -0.931597 -0.35056699999999996
vn -0.096078 -0.931596 -0.35056699999999996
vn 0.091945 0.925819 0.36661199999999994
vn 0.091946 0.925819 0.36661199999999994
vn 0.125054 0.96485 0.23114099999999996
vn 0.156173 0.983826 0.08772799999999994
vn 0.183321 0.981541 -0.05450400000000006
vn 0.183324 0.981541 -0.054503000000000065
vn -0.097043 -0.984484 0.14619600000000005
vn -0.097043 -0.984484 0.14619500000000005
vn -0.097043 -0.984484 0.14619600000000005
vn -0.097043 -0.984484 0.14619600000000005
vn 0.809415 -0.534375 0.24349900000000002
vn 0.809414 -0.534375 0.24350100000000002
vn 0.809415 -0.534375 0.24349900000000002
vn 0.809415 -0.534374 0.24349700000000002
vn 0.085877 0.985186 -0.14843700000000007
vn 0.085879 0.985185 -0.14844500000000005
vn 0.085877 0.985186 -0.14843700000000007
vn 0.085876 0.985187 -0.14842900000000006
vn -0.820633 -0.568168 -0.06120499999999997
vn -0.82063 -0.568172 -0.061209999999999966
vn -0.820633 -0.568168 -0.06120499999999997
vn -0.820636 -0.568165 -0.061200999999999964
vn -0.044258 -0.998342 0.03681300000000006
vn -0.044257 -0.998342 0.03681200000000006
vn -0.044258 -0.998342 0.03681300000000006
vn -0.044258 -0.998342 0.03681400000000006
vn 0.83577 -0.51426 0.19242000000000004
vn 0.83577 -0.51426 0.19242000000000004
vn 0.83577 -0.51426 0.19242000000000004
vn 0.83577 -0.51426 0.19242000000000004
vn 0.034912 0.99864 -0.03870900000000006
vn 0.034913 0.99864 -0.038712000000000066
vn 0.034912 0.99864 -0.03870900000000006
vn 0.034912 0.998641 -0.03870600000000006
vn -0.788565 -0.600664 -0.13178599999999996
vn -0.788564 -0.600666 -0.13178899999999996
vn -0.788565 -0.600664 -0.13178599999999996
vn -0.788567 -0.600663 -0.13178299999999998
vn 0.93924 -0.03375599999999998 0.341598
vn 0.948529 0.02162900000000002 0.315952
vn -0.948529 -0.02163300000000002 -0.315951
vn -0.93924 0.033751999999999976 -0.341597
vn -0.178116 0.06826600000000005 0.981639
vn -0.178116 0.06826600000000005 0.981639
vn -0.178116 0.06826600000000005 0.981639
vn -0.178116 0.06826600000000005 0.981639
vn -0.13331 -0.971744 -0.19478899999999993
vn -0.16691 -0.985396 -0.03370099999999994
vn -0.166912 -0.985396 -0.03370199999999994
vn -0.13331 -0.971744 -0.19478899999999993
vn -0.096074 -0.931597 -0.35056599999999993
vn -0.096076 -0.931597 -0.35056699999999996
vn 0.091945 0.925819 0.36661299999999997
vn 0.091944 0.925819 0.36661299999999997
vn 0.125054 0.96485 0.23114099999999996
vn 0.156172 0.983826 0.08772799999999994
vn 0.183319 0.981541 -0.05450500000000006
vn 0.18332 0.981541 -0.05450400000000006
vn -0.185096 0.971518 0.14795699999999995
vn -0.642378 0.763676 0.06441599999999996
vn -0.957181 -0.14726100000000003 -0.249238
vn -0.938377 -0.16111300000000003 -0.305764
vn -0.125308 -0.95251 0.2775290000000001
vn -0.642378 0.763676 0.06441599999999996
vn -0.067419 0.11963300000000006 0.990527
vn -0.122024 0.973813 0.19182999999999995
vn 0.494795 -0.650161 0.576601
vn 0.572643 -0.027246999999999952 0.819352
vn 0.434981 0.564606 0.701436
vn 0.572643 -0.027246999999999952 0.819352
vn 0.434981 0.564606 0.701436
vn 0.878349 -0.04985800000000003 -0.475412
vn 0.878349 -0.04985800000000003 -0.475412
vn 0.878349 -0.04985800000000003 -0.475412
vn 0.382607 0.27616500000000005 0.881671
vn 0.382607 0.27616500000000005 0.881671
vn 0.382607 0.27616500000000005 0.881671
vn 0.383857 0.17022400000000004 0.907567
vn 0.383857 0.17022400000000004 0.907567
vn 0.383857 0.17022400000000004 0.907567
vn 0.372168 -0.914766 0.15714500000000006
vn 0.372168 -0.914766 0.15714500000000006
vn -0.371229 0.915054 -0.15768900000000005
vn -0.371229 0.915054 -0.15768900000000005
vn -0.336144 0.726876 -0.598881
vn -0.52907 0.501902 -0.684237
vn -0.587309 0.518974 -0.621075
vn -0.732426 0.24091799999999997 -0.636797
vn 0.962272 0.005524999999999984 -0.272035
vn 0.96227 0.005520999999999983 -0.272041
vn 0.342244 0.2742740000000001 0.89869
vn 0.342673 0.27419600000000005 0.89855
vn 0.369963 0.37226900000000007 0.851201
vn 0.369963 0.37226900000000007 0.851201
vn 0.383118 0.26872500000000005 0.883747
vn 0.383118 0.26872500000000005 0.883747
vn 0.085679 0.92307 -0.3749680000000001
vn 0.08568 0.923071 -0.3749660000000001
vn -0.082179 -0.924792 0.37149200000000004
vn -0.081349 -0.924128 0.37332400000000004
vn -0.081349 -0.924128 0.37332400000000004
vn -0.081349 -0.924128 0.37332400000000004
vn 0.218557 0.972811 -0.07662200000000005
vn 0.218557 0.972811 -0.07662200000000005
vn 0.174138 0.974997 -0.13804800000000006
vn 0.174138 0.974997 -0.13804800000000006
vn 0.965758 0.139632 0.218666
vn 0.965758 0.139632 0.218666
vn 0.907687 0.05455499999999997 -0.416087
vn 0.907687 0.05455499999999997 -0.416087
vn 0.907687 0.05455499999999997 -0.416087
vn 0.920263 0.283753 -0.269446
vn 0.920263 0.283753 -0.269446
vn 0.951545 -0.16280200000000003 -0.260881
vn 0.96536 -0.207302 -0.158446
vn 0.951545 -0.16280200000000003 -0.260881
vn 0.925678 -0.11624000000000002 -0.360012
vn 0.824996 0.19042399999999998 -0.53209
vn 0.824996 0.19042399999999998 -0.53209
vn 0.805879 0.21218099999999998 -0.552755
vn 0.805879 0.21218099999999998 -0.552755
vn 0.805879 0.21218099999999998 -0.552755
vn 0.877076 -0.287738 -0.384635
vn 0.877076 -0.287738 -0.384635
vn 0.877076 -0.287738 -0.384635
vn 0.862666 -0.15233100000000002 -0.482289
vn 0.862666 -0.15233100000000002 -0.482289
vn 0.130062 0.981284 -0.14200500000000005
vn 0.130062 0.981284 -0.14200500000000005
vn 0.364949 0.898576 0.24366699999999994
vn 0.364949 0.898576 0.24366699999999994
vn 0.141696 -0.872054 0.46844900000000006
vn 0.141696 -0.872054 0.46844900000000006
vn 0.467362 -0.839223 0.27798800000000007
vn 0.467362 -0.839223 0.27798800000000007
vn 0.473121 -0.850774 0.22878200000000007
vn 0.473121 -0.850774 0.22878200000000007
vn 0.914831 -0.12215700000000003 -0.384918
vn 0.914831 -0.12215400000000003 -0.384919
vn 0.914831 -0.12215700000000003 -0.384918
vn 0.914831 -0.12215900000000003 -0.384918
vn 0.914905 -0.14752600000000002 -0.375745
vn 0.914905 -0.14752700000000002 -0.375746
vn 0.914905 -0.14752600000000002 -0.375745
vn 0.914906 -0.14752600000000002 -0.375744
vn 0.892468 0.07290599999999997 -0.445181
vn 0.892468 0.07290599999999997 -0.445181
vn 0.892468 0.07290599999999997 -0.445181
vn 0.892468 0.07290599999999997 -0.445181
vn -0.057535 0.951222 -0.30309600000000003
vn -0.057537 0.95122 -0.30310200000000004
vn -0.057535 0.951222 -0.30309600000000003
vn -0.057533 0.951224 -0.3030900000000001
vn -0.98736 0.146319 0.06092399999999999
vn -0.987361 0.146315 0.060918999999999994
vn -0.98736 0.146319 0.06092399999999999
vn -0.987359 0.146323 0.060927999999999996
vn 0.081294 -0.9504 0.30021900000000007
vn 0.081294 -0.9504 0.30021900000000007
vn 0.081294 -0.9504 0.30021900000000007
vn 0.081294 -0.9504 0.30022000000000004
vn 0.922664 0.325213 -0.20719200000000002
vn 0.922662 0.325214 -0.20719800000000002
vn 0.922664 0.325213 -0.20719200000000002
vn 0.922665 0.325212 -0.20718500000000004
vn -0.026929 0.923296 -0.38314400000000004
vn 0.466393 -0.870556 0.15687400000000007
vn -0.705768 -0.47121599999999997 0.529005
vn -0.913876 0.259222 0.312467
vn -0.33937 -0.797409 0.4989660000000001
vn 0.910846 -0.267809 -0.314068
vn 0.730515 -0.681009 -0.05073899999999996
vn 0.384074 0.37599200000000005 0.843277
vn 0.384074 0.37599200000000005 0.843277
vn 0.43654 0.32994300000000004 0.837001
vn 0.43654 0.32994300000000004 0.837001
vn 0.379545 0.33516300000000004 0.862329
vn 0.407945 0.2688090000000001 0.872538
vn 0.407945 0.2688090000000001 0.872538
vn 0.407945 0.2688090000000001 0.872538
vn 0.397469 0.32486500000000007 0.858185
vn 0.397469 0.32486500000000007 0.858185
vn 0.397469 0.32486500000000007 0.858185
vn 0.397465 0.32486300000000007 0.858188
vn -0.4419 -0.33059600000000006 -0.833925
vn -0.4419 -0.33059600000000006 -0.833925
vn -0.4419 -0.33059600000000006 -0.833925
vn -0.4419 -0.33059600000000006 -0.833925
vn 0.391826 0.30397300000000005 0.868374
vn 0.391826 0.30397300000000005 0.868374
vn 0.379547 0.33515700000000004 0.862331
vn 0.379547 0.33515700000000004 0.862331
vn 0.380596 0.3274790000000001 0.864815
vn 0.380596 0.3274790000000001 0.864815
vn 0.409968 0.27304000000000006 0.870273
vn 0.409968 0.27304000000000006 0.870273
vn 0.398942 0.28866800000000004 0.870354
vn 0.398942 0.28866800000000004 0.870354
vn 0.846538 0.21051999999999998 -0.488932
vn 0.846543 0.21049099999999998 -0.488935
vn 0.436487 -0.885972 0.15663100000000005
vn 0.436487 -0.885972 0.15663100000000005
vn 0.436486 -0.885972 0.15663100000000005
vn -0.914407 0.10932900000000002 0.389753
vn -0.914407 0.10932900000000002 0.389753
vn -0.91441 0.10934000000000003 0.389743
vn 0.445324 -0.877663 0.17718200000000006
vn 0.445324 -0.877664 0.17718100000000006
vn -0.867811 -0.14775099999999997 0.47442
vn -0.867811 -0.14775099999999997 0.47442
vn -0.867814 -0.14774499999999996 0.474415
vn 0.397438 -0.893985 0.20696400000000006
vn 0.397436 -0.893986 0.20696400000000006
vn -0.877444 -0.11670999999999997 0.465265
vn -0.877444 -0.11670999999999997 0.465265
vn -0.877444 -0.11670999999999997 0.465265
vn -0.877441 -0.11671399999999997 0.465268
vn 0.861247 0.10419899999999997 -0.497389
vn 0.861247 0.10419899999999997 -0.497389
vn 0.861249 0.10420299999999998 -0.497386
vn 0.292675 -0.928912 0.22685800000000006
vn 0.292675 -0.928912 0.22685800000000006
vn 0.292676 -0.928911 0.22685800000000006
vn -0.861251 -0.10419699999999997 0.497383
vn -0.861251 -0.10419699999999997 0.497383
vn -0.861247 -0.10419999999999997 0.49739
vn 0.841448 0.16858999999999996 -0.513365
vn 0.84145 0.16857899999999998 -0.513365
vn 0.429105 -0.892364 0.13983900000000005
vn 0.429105 -0.892364 0.13983900000000005
vn 0.429105 -0.892364 0.13983900000000005
vn 0.429107 -0.892363 0.13984000000000005
vn 0.397396 0.32485500000000006 0.858222
vn 0.397396 0.32485500000000006 0.858222
vn 0.397396 0.32485500000000006 0.858222
vn 0.397397 0.32485400000000003 0.858222
vn 0.383019 0.31786900000000007 0.867327
vn 0.385783 0.3104100000000001 0.868802
vn 0.385783 0.3104100000000001 0.868802
vn 0.385783 0.3104100000000001 0.868802
vn -0.047314 0.928439 -0.36845900000000004
vn -0.047314 0.928439 -0.36845900000000004
vn -0.885858 -0.08531899999999998 0.456043
vn -0.885858 -0.08531899999999998 0.456043
vn -0.885858 -0.08531899999999998 0.456043
vn -0.100262 0.933115 -0.34531700000000004
vn -0.100262 0.933115 -0.34531700000000004
vn -0.877442 -0.11670699999999998 0.46527
vn -0.877442 -0.11670699999999998 0.46527
vn -0.877442 -0.11670699999999998 0.46527
vn -0.87744 -0.11671999999999998 0.465269
vn -0.04063 0.17736600000000005 0.983306
vn -0.04063 0.17736600000000005 0.983306
vn -0.04063 0.17736600000000005 0.983306
vn -0.04063 0.17736600000000005 0.983306
vn -0.993723 -0.085831 -0.071749
vn -0.993723 -0.08583 -0.071748
vn -0.993723 -0.085831 -0.071749
vn -0.993723 -0.085831 -0.071751
vn 0.118757 0.15108000000000005 0.981362
vn 0.118757 0.15108000000000005 0.981362
vn 0.118757 0.15108000000000005 0.981362
vn 0.118757 0.15107900000000005 0.981362
vn -0.900551 -0.414087 0.13244000000000003
vn -0.900551 -0.414086 0.13244200000000003
vn -0.900551 -0.414087 0.13244000000000003
vn -0.900551 -0.414088 0.13243800000000003
vn 0.173066 -0.056191999999999936 0.983306
vn 0.173067 -0.056191999999999936 0.983306
vn 0.173066 -0.056191999999999936 0.983306
vn 0.173066 -0.056191999999999936 0.983306
vn 0.436516 0.896831 -0.07174600000000006
vn 0.436518 0.89683 -0.07174100000000005
vn 0.436516 0.896831 -0.07174600000000006
vn 0.436514 0.896832 -0.07175000000000005
vn 0.086069 -0.01326099999999994 0.996201
vn 0.086068 -0.01326099999999994 0.996201
vn 0.086069 -0.01326099999999994 0.996201
vn 0.086069 -0.01326099999999994 0.996201
vn 0.10699 0.985399 0.13244399999999995
vn 0.106994 0.985398 0.13245399999999993
vn 0.10699 0.985399 0.13244399999999995
vn 0.106986 0.985401 0.13243499999999994
vn 0.832675 -0.03344600000000003 -0.552752
vn 0.832639 -0.033132000000000036 -0.552824
vn 0.832675 -0.03344600000000003 -0.552752
vn 0.83271 -0.033761000000000034 -0.55268
vn -0.254126 0.16003400000000007 0.953839
vn -0.254129 0.16006600000000007 0.953833
vn -0.254126 0.16003400000000007 0.953839
vn -0.254123 0.16000200000000006 0.953845
vn -0.169637 0.17069700000000004 0.970611
vn -0.169637 0.17069700000000004 0.970611
vn 0.777324 0.502249 -0.37883100000000003
vn 0.898407 0.437146 -0.04205300000000003
vn 0.360041 0.926698 -0.10771000000000006
vn -0.704319 -0.595455 0.3864830000000001
vn 0.939745 0.20003299999999996 -0.277248
vn 0.325895 0.877023 0.3530209999999999
vn -0.441685 0.39543300000000003 0.805324
vn -0.458716 -0.32102299999999995 0.828568
vn -0.441685 0.39543300000000003 0.805324
vn 0.325895 0.877023 0.3530209999999999
vn -0.71992 -0.47854899999999995 0.502699
vn -0.458716 -0.32102299999999995 0.828568
vn -0.974382 -0.11540600000000001 -0.193033
vn -0.974382 -0.11540600000000001 -0.193033
vn -0.974382 -0.11540600000000001 -0.193033
vn -0.279524 0.18252900000000005 0.942629
vn -0.279524 0.18252900000000005 0.942629
vn -0.279524 0.18252900000000005 0.942629
vn -0.277143 0.16535800000000006 0.946493
vn -0.277143 0.16535800000000006 0.946493
vn -0.277143 0.16535800000000006 0.946493
vn -0.01972 -0.97606 0.21660600000000005
vn -0.01972 -0.97606 0.21660600000000005
vn 0.021926 0.97612 -0.21612300000000007
vn 0.021926 0.97612 -0.21612300000000007
vn -0.275509 0.14899100000000007 0.949682
vn -0.274442 0.13163700000000006 0.952551
vn -0.274442 0.13163700000000006 0.952551
vn -0.274442 0.13163700000000006 0.952551
vn -0.832696 0.03363200000000004 0.552709
vn -0.832717 0.03382700000000004 0.552664
vn -0.832696 0.03363200000000004 0.552709
vn -0.832674 0.033437000000000036 0.552753
vn 0.254195 -0.16068600000000005 -0.953711
vn 0.254195 -0.16068600000000005 -0.953711
vn 0.254195 -0.16068600000000005 -0.953711
vn 0.254195 -0.16068600000000005 -0.953711
vn -0.152593 0.01176900000000006 0.988219
vn -0.169236 0.16648000000000004 0.971413
vn -0.151422 0.002037000000000061 0.988467
vn -0.169188 0.16597000000000006 0.971509
vn -0.26894 0.924521 -0.2700600000000001
vn -0.322287 0.943642 -0.07529800000000006
vn -0.175315 0.16726300000000005 0.9702
vn 0.974328 0.11582800000000001 0.193052
vn -0.984917 -0.11067600000000001 -0.132999
vn -0.984917 -0.11067600000000001 -0.132999
vn -0.973903 -0.11724600000000002 -0.194334
vn -0.973631 -0.12121000000000001 -0.193264
vn -0.97377 -0.208391 -0.09134899999999999
vn -0.982866 -0.175129 -0.057483999999999986
vn -0.97377 -0.208391 -0.09134899999999999
vn -0.9624 -0.241167 -0.12499999999999999
vn -0.96258 -0.12507900000000002 -0.240405
vn -0.962375 -0.12900000000000003 -0.239152
vn -0.982689 -0.10574500000000002 -0.152119
vn -0.982689 -0.10574500000000002 -0.152119
vn -0.978963 -0.10927900000000002 -0.172307
vn -0.978963 -0.10927900000000002 -0.172307
vn -0.978963 -0.10927900000000002 -0.172307
vn -0.966199 -0.06526700000000002 -0.249398
vn -0.95903 -0.13101000000000002 -0.251193
vn -0.966199 -0.06526700000000002 -0.249398
vn -0.96914 0.0007609999999999849 -0.246512
vn -0.964574 -0.245699 -0.09606899999999999
vn -0.964574 -0.245699 -0.09606899999999999
vn -0.985644 0.02520999999999999 -0.166948
vn -0.985644 0.02520999999999999 -0.166948
vn -0.985644 0.02520999999999999 -0.166948
vn -0.956828 -0.191148 -0.218958
vn -0.950166 -0.250396 -0.18570299999999998
vn -0.956828 -0.191148 -0.218958
vn -0.95903 -0.13101000000000002 -0.251193
vn -0.296853 0.896211 0.32967199999999997
vn -0.296853 0.896211 0.32967199999999997
vn -0.227478 -0.627078 0.745001
vn -0.227478 -0.627078 0.745001
vn -0.224821 -0.632621 0.741111
vn -0.224821 -0.632621 0.741111
vn -0.321323 0.15074300000000004 0.934895
vn -0.321323 0.15074300000000004 0.934895
vn -0.318549 0.14361000000000004 0.936965
vn -0.318549 0.14361000000000004 0.936965
vn -0.270336 -0.36037199999999997 0.892777
vn -0.270336 -0.36037199999999997 0.892777
vn -0.270336 -0.36037199999999997 0.892777
vn -0.26838 -0.3651519999999999 0.891424
vn -0.26838 -0.3651519999999999 0.891424
vn -0.26838 -0.3651519999999999 0.891424
vn -0.33169 0.623024 0.708394
vn -0.33169 0.623024 0.708394
vn -0.33169 0.623024 0.708394
vn -0.330558 0.618987 0.712451
vn -0.330558 0.618987 0.712451
vn -0.330558 0.618987 0.712451
vn -0.116141 -0.967543 0.22443600000000005
vn -0.116141 -0.967543 0.22443600000000005
vn -0.114007 -0.968679 0.22059700000000004
vn -0.114007 -0.968679 0.22059700000000004
vn -0.114007 -0.968679 0.22059700000000004
vn -0.217603 0.962942 -0.15934900000000005
vn -0.217603 0.962942 -0.15934900000000005
vn -0.217603 0.962942 -0.15934900000000005
vn -0.218598 0.961069 -0.16900200000000007
vn -0.218598 0.961069 -0.16900200000000007
vn -0.989885 -0.007166000000000008 -0.14169
vn -0.981845 0.012101999999999988 -0.189299
vn -0.989885 -0.007166000000000008 -0.14169
vn -0.99525 -0.026414000000000007 -0.093699
vn -0.182305 0.3253440000000001 0.927856
vn -0.181735 0.31711300000000003 0.930812
vn 0.524007 -0.837977 0.15234800000000007
vn -0.564196 0.677387 -0.4720480000000001
vn 0.160902 -0.816745 0.55411
vn 0.236192 -0.811992 0.533743
vn 0.448376 -0.769281 0.45515500000000003
vn 0.974001 0.04179899999999999 -0.222655
vn 0.973998 0.04181299999999999 -0.222664
vn -0.564196 0.677387 -0.4720480000000001
vn -0.764693 0.27350899999999995 -0.58347
vn -0.932546 0.360854 -0.011930000000000022
vn 0.277889 -0.935111 0.21987800000000005
vn -0.169638 0.17069700000000004 0.970611
vn -0.169638 0.17069700000000004 0.970611
vn -0.169638 0.17069700000000004 0.970611
vn -0.169638 0.17069700000000004 0.970611
vn 0.923431 0.14760900000000002 0.354242
vn 0.923431 0.14760900000000002 0.354241
vn 0.923431 0.14760900000000002 0.354242
vn 0.92343 0.14761000000000002 0.354242
vn -0.97648 -0.024548000000000014 -0.214208
vn -0.97648 -0.024548000000000014 -0.214208
vn -0.97648 -0.024548000000000014 -0.214208
vn -0.97648 -0.024548000000000014 -0.214207
vn -0.123735 0.15118100000000007 0.980731
vn -0.123735 0.15118100000000007 0.980731
vn -0.123735 0.15118100000000007 0.980731
vn -0.123735 0.15118100000000007 0.980731
vn -0.98532 -0.09629100000000002 -0.140968
vn -0.98532 -0.09629100000000002 -0.140968
vn -0.98532 -0.09629100000000002 -0.140968
vn -0.98532 -0.09629100000000002 -0.140968
vn -0.123735 0.15118100000000007 0.980731
vn -0.123735 0.15118100000000007 0.980731
vn -0.123735 0.15118100000000007 0.980731
vn -0.123735 0.15118100000000007 0.980731
vn -0.98532 -0.09629100000000002 -0.140968
vn -0.98532 -0.09629200000000002 -0.140969
vn -0.98532 -0.09629100000000002 -0.140968
vn -0.98532 -0.09629100000000002 -0.140967
vn -0.123735 0.15118100000000007 0.980731
vn -0.123735 0.15118100000000007 0.980731
vn -0.123735 0.15118100000000007 0.980731
vn -0.123735 0.15118100000000007 0.980731
vn -0.98532 -0.09629100000000002 -0.140967
vn -0.98532 -0.09629100000000002 -0.140967
vn -0.98532 -0.09629100000000002 -0.140967
vn -0.98532 -0.09629100000000002 -0.140967
vn -0.123735 0.15118100000000007 0.980731
vn -0.123735 0.15118100000000007 0.980731
vn -0.123735 0.15118100000000007 0.980731
vn -0.123735 0.15118100000000007 0.980731
vn -0.98532 -0.09629100000000002 -0.140968
vn -0.98532 -0.09629100000000002 -0.140968
vn -0.98532 -0.09629100000000002 -0.140968
vn -0.98532 -0.09629100000000002 -0.140968
vn 0.814265 0.03917000000000004 0.579171
vn 0.814266 0.039168000000000036 0.57917
vn -0.096416 -0.97672 0.19163200000000005
vn -0.096416 -0.97672 0.19163200000000005
vn -0.096416 -0.976719 0.19163200000000005
vn 0.042508 0.972378 -0.22950900000000005
vn 0.042508 0.972378 -0.22950900000000005
vn 0.042508 0.972378 -0.22950900000000005
vn -0.385164 -0.887302 0.25366000000000005
vn 0.229584 -0.964972 0.12696500000000005
vn 0.95291 -0.19899899999999998 0.228826
vn 0.95291 -0.19899899999999998 0.228826
vn -0.200665 -0.979636 -0.00681799999999994
vn -0.200665 -0.979636 -0.00681799999999994
vn -0.973199 0.006581999999999986 -0.229873
vn -0.97357 0.002842999999999986 -0.22837
vn -0.97357 0.002842999999999986 -0.22837
vn -0.97357 0.002842999999999986 -0.22837
vn -0.092605 -0.951176 0.2944280000000001
vn -0.092605 -0.951176 0.2944280000000001
vn -0.833751 -0.014697000000000033 -0.551945
vn -0.833751 -0.014697000000000033 -0.551945
vn 0.123288 0.970153 -0.20881300000000005
vn 0.127299 0.969926 -0.20745600000000006
vn 0.127299 0.969926 -0.20745600000000006
vn 0.127299 0.969926 -0.20745600000000006
vn 0.214662 0.975602 0.04605099999999994
vn 0.214662 0.975602 0.04605099999999994
vn -0.269788 -0.00975799999999994 0.96287
vn -0.269788 -0.00975799999999994 0.96287
vn -0.269788 -0.00975799999999994 0.96287
vn -0.269516 -0.018227999999999942 0.962823
vn -0.269516 -0.018227999999999942 0.962823
vn -0.269516 -0.018227999999999942 0.962823
vn -0.420395 0.17986600000000005 0.889335
vn -0.420395 0.17986600000000005 0.889335
vn -0.420395 0.17986600000000005 0.889335
vn -0.420395 0.17986600000000005 0.889335
vn -0.811818 0.490159 -0.3173270000000001
vn -0.96679 0.04526699999999999 -0.251532
vn -0.96679 0.04526699999999999 -0.251532
vn -0.234618 -0.964291 0.12286700000000006
vn -0.234535 -0.964933 0.11788800000000006
vn -0.811818 0.490159 -0.3173270000000001
vn -0.965562 0.0011459999999999843 -0.260169
vn -0.214109 0.945849 -0.24398300000000006
vn -0.169637 0.17069700000000004 0.970611
vn -0.169637 0.17069700000000004 0.970611
vn -0.217759 0.12369200000000005 0.968133
vn -0.217759 0.12369200000000005 0.968133
vn -0.242651 0.47290200000000004 0.847045
vn -0.210128 0.41354300000000005 0.885905
vn -0.210128 0.41354300000000005 0.885905
vn -0.210128 0.41354300000000005 0.885905
vn 0.974481 0.08233500000000002 0.208822
vn 0.974481 0.08233500000000002 0.208822
vn 0.047885 0.723666 -0.688487
vn 0.053493 0.733727 -0.677335
vn 0.053493 0.733727 -0.677335
vn 0.053493 0.733727 -0.677335
vn -0.935069 0.049362999999999976 -0.351013
vn -0.935069 0.049362999999999976 -0.351013
vn -0.933322 0.059721999999999976 -0.354038
vn -0.933322 0.059721999999999976 -0.354038
vn 0.941159 -0.02933999999999998 0.336688
vn 0.941159 -0.02933999999999998 0.336688
vn 0.107834 0.975084 -0.19386300000000006
vn 0.107834 0.975084 -0.19386300000000006
vn 0.107834 0.975084 -0.19386300000000006
vn -0.938648 0.02798599999999998 -0.343741
vn -0.938648 0.02798599999999998 -0.343741
vn -0.938648 0.02798599999999998 -0.343741
vn -0.098843 0.897387 -0.4300320000000001
vn -0.098843 0.897387 -0.4300320000000001
vn -0.098843 0.897387 -0.4300320000000001
vn -0.062383 0.914257 -0.40030200000000005
vn -0.062383 0.914257 -0.40030200000000005
vn -0.941023 0.18738499999999997 -0.281713
vn -0.941023 0.18738499999999997 -0.281713
vn -0.941023 0.18738499999999997 -0.281713
vn -0.946552 0.16253699999999996 -0.278606
vn -0.946552 0.16253699999999996 -0.278606
vn 0.044426 -0.897837 0.43808100000000005
vn 0.044426 -0.897837 0.43808100000000005
vn 0.044426 -0.897837 0.43808100000000005
vn 0.055684 -0.899556 0.43324200000000007
vn 0.055684 -0.899556 0.43324200000000007
vn 0.055684 -0.899556 0.43324200000000007
vn -0.032884 -0.7302 0.682442
vn -0.032884 -0.7302 0.682442
vn -0.032884 -0.7302 0.682442
vn -0.031518 -0.727719 0.685151
vn -0.031518 -0.727719 0.685151
vn -0.031518 -0.727719 0.685151
vn -0.239496 0.3526580000000001 0.904585
vn -0.239496 0.3526580000000001 0.904585
vn -0.239496 0.3526580000000001 0.904585
vn -0.240831 0.34617800000000004 0.906731
vn -0.240831 0.34617800000000004 0.906731
vn -0.240831 0.34617800000000004 0.906731
vn -0.91044 0.011066999999999974 -0.413494
vn -0.91044 0.011066999999999974 -0.413494
vn -0.91044 0.011066999999999974 -0.413494
vn -0.84423 -0.009969000000000033 -0.535889
vn -0.84423 -0.009969000000000033 -0.535889
vn -0.90591 0.009071999999999974 -0.423372
vn -0.90591 0.009071999999999974 -0.423372
vn -0.910204 0.0049439999999999745 -0.414131
vn -0.910204 0.0049439999999999745 -0.414131
vn -0.910204 0.0049439999999999745 -0.414131
vn 0.21583 -0.17308300000000004 -0.960968
vn 0.21583 -0.17308300000000004 -0.960968
vn 0.21583 -0.17308300000000004 -0.960968
vn 0.21564 -0.17322700000000005 -0.960985
vn 0.239668 0.951222 -0.19426000000000004
vn 0.239673 0.951219 -0.19426500000000005
vn 0.239668 0.951222 -0.19426000000000004
vn 0.239663 0.951224 -0.19425400000000007
vn -0.521412 0.14632099999999995 -0.840666
vn -0.521414 0.14632299999999995 -0.840665
vn -0.521412 0.14632099999999995 -0.840666
vn -0.52141 0.14631899999999995 -0.840668
vn -0.225878 -0.9504 0.21381900000000006
vn -0.225881 -0.950399 0.21382200000000007
vn -0.225878 -0.9504 0.21381900000000006
vn -0.225874 -0.950402 0.21381600000000006
vn 0.619573 0.3252090000000001 0.714401
vn 0.619577 0.32521000000000005 0.714397
vn 0.619573 0.3252090000000001 0.714401
vn 0.619569 0.32520800000000005 0.714404
vn 0.438902 -0.898365 -0.017476999999999944
vn 0.36892 -0.912868 -0.17484099999999994
vn 0.892582 0.17975399999999997 -0.413505
vn 0.892583 0.17975299999999997 -0.413503
vn 0.892581 0.17974799999999996 -0.413508
vn 0.89258 0.17974999999999997 -0.41351
vn 0.892581 0.17973199999999998 -0.413516
vn 0.892585 0.17973599999999998 -0.413507
vn 0.892583 0.17974699999999996 -0.413506
vn 0.892582 0.17975299999999997 -0.413506
vn 0.89258 0.17974699999999996 -0.413512
vn -0.89258 -0.17975099999999997 0.41351
vn -0.892582 -0.17975599999999997 0.413504
vn -0.892587 -0.17976199999999998 0.41349
vn -0.892582 -0.17975299999999997 0.413506
vn -0.892583 -0.17974999999999997 0.413503
vn -0.892583 -0.17974699999999996 0.413506
vn -0.892581 -0.17975199999999997 0.413507
vn -0.892581 -0.17975999999999998 0.413503
vn -0.892581 -0.17975399999999997 0.413508
vn -0.89258 -0.17975299999999997 0.413509
vn -0.892576 -0.17975799999999997 0.413516
vn -0.892578 -0.17975799999999997 0.413511
vn -0.06467 -0.991225 0.11528300000000005
vn -0.229737 -0.908404 -0.34931699999999993
vn 0.079799 -0.909024 0.40903300000000004
vn -0.462239 -0.58961 -0.662341
vn -0.59448 -0.12203000000000006 -0.794797
vn -0.654571 0.36071699999999995 -0.664395
vn -0.54628 0.815081 -0.19292600000000004
vn -0.441546 0.889281 0.11923299999999995
vn -0.169961 0.827911 0.534487
vn 0.025434 0.501649 0.864697
vn 0.185134 -0.13323999999999994 0.973639
vn 0.178131 -0.45514799999999994 0.872416
vn 0.144053 0.12176400000000005 0.98205
vn 0.185134 -0.13323999999999994 0.973639
vn 0.892591 0.17972799999999997 -0.413497
vn 0.892579 0.17973399999999998 -0.41352
vn 0.892581 0.17975599999999997 -0.413506
vn -0.892581 -0.17975199999999997 0.413508
vn -0.892581 -0.17975199999999997 0.413508
vn -0.892581 -0.17975199999999997 0.413508
vn 0.091773 0.01028000000000006 0.995727
vn 0.314529 0.22130000000000005 0.923091
vn -0.305087 -0.631619 -0.712727
vn -0.531544 -0.703027 -0.47245499999999996
vn 0.054007 0.730115 0.681186
vn 0.292132 -0.717687 0.632126
vn 0.292132 -0.717687 0.632126
vn -0.305087 -0.631619 -0.712727
vn -0.570977 0.594329 -0.566355
vn -0.145101 0.601257 0.785771
vn -0.473088 0.852518 0.22226299999999993
vn 0.061938 -0.06483199999999995 0.995972
vn 0.121617 -0.593386 0.795677
vn 0.061938 -0.06483199999999995 0.995972
vn -0.114441 -0.987069 0.11224500000000005
vn -0.531544 -0.703027 -0.47245499999999996
vn -0.738915 -0.030960000000000043 -0.673087
vn -0.653879 0.593738 -0.46895300000000006
vn -0.892581 -0.17975499999999997 0.413506
vn -0.892578 -0.17975199999999997 0.413515
vn -0.892581 -0.17975099999999997 0.413507
vn -0.855112 -0.337187 -0.393812
vn -0.847754 0.015554999999999966 -0.530161
vn -0.832755 0.004904999999999966 -0.553621
vn -0.503193 0.35697500000000004 0.786998
vn -0.847754 0.015554999999999966 -0.530161
vn 0.143916 0.9384 0.31415599999999994
vn 0.486155 0.32518700000000006 0.811114
vn 0.503191 -0.3569530000000001 -0.787009
vn 0.503147 -0.35696600000000006 -0.787032
vn 0.5032 -0.3569800000000001 -0.786991
vn 0.503245 -0.35701900000000003 -0.786944
vn 0.503224 -0.35697100000000004 -0.78698
vn 0.503217 -0.35693900000000006 -0.786999
vn -0.174759 -0.14306599999999994 0.974162
vn 0.277642 0.23470600000000005 0.931573
vn 0.998575 -0.036931 -0.038518
vn 0.998575 -0.036931 -0.038518
vn 0.998575 -0.036931 -0.038518
vn -0.958851 0.28149 0.03698199999999999
vn -0.958851 0.28149 0.03698199999999999
vn -0.958851 0.28149 0.03698199999999999
vn 0.233198 0.793838 0.56164
vn 0.590776 0.805839 0.04008899999999995
vn -0.316239 -0.94507 0.08268200000000006
vn 0.316222 -0.945075 0.08268300000000006
vn -0.714945 0.567917 -0.4078280000000001
vn -0.642378 0.763676 0.06441599999999996
vn -0.60836 -0.636885 -0.47357899999999997
vn -0.490164 -0.839806 -0.23337699999999995
vn -0.60836 -0.636885 -0.47357899999999997
vn -0.490164 -0.839806 -0.23337699999999995
vn -0.515921 -0.831929 -0.20425399999999994
vn -0.490164 -0.839806 -0.23337699999999995
vn -0.515921 -0.831929 -0.20425399999999994
vn -0.328208 -0.943289 0.049852000000000056
vn -0.515921 -0.831929 -0.20425399999999994
vn 0.363153 0.899725 0.24210299999999996
vn 0.914905 -0.14752600000000002 -0.375745
vn 0.914905 -0.14752600000000002 -0.375745
vn 0.892468 0.07290599999999997 -0.445181
vn 0.892468 0.07290599999999997 -0.445181
vn 0.642274 0.550345 -0.533484
vn 0.642274 0.550345 -0.533484
vn 0.899208 -0.345191 -0.268828
vn -0.744447 0.664973 0.060082999999999956
vn 0.00286 -0.919473 0.39314200000000005
vn -0.643952 -0.546423 0.535489
vn 0.00286 -0.919473 0.39314200000000005
vn 0.318686 0.806873 -0.4973890000000001
vn 0.699012 0.47534799999999994 -0.534253
vn 0.318686 0.806873 -0.4973890000000001
vn -0.898917 0.342821 0.272804
vn -0.898917 0.342821 0.272804
vn -0.486899 0.861672 -0.14301000000000005
vn -0.717382 -0.641726 0.2712010000000001
vn -0.717382 -0.641726 0.2712010000000001
vn -0.717382 -0.641726 0.2712010000000001
vn -0.71992 -0.47854899999999995 0.502699
vn -0.71992 -0.47854899999999995 0.502699
vn 0.958066 0.13055100000000003 0.255081
vn -0.183521 0.23877900000000005 0.953575
vn -0.176917 0.15341600000000005 0.972195
vn 0.958917 0.12952400000000003 0.252392
vn -0.184995 0.23861000000000004 0.953332
vn -0.177574 0.14352500000000007 0.973585
vn -0.326147 0.94401 -0.049740000000000055
vn -0.325106 0.944449 -0.04818300000000005
vn 0.95649 0.13227800000000003 0.260057
vn -0.180801 0.23909300000000006 0.954016
vn -0.175315 0.16726300000000005 0.9702
vn -0.983863 -0.11185400000000001 -0.139648
vn -0.983863 -0.11185400000000001 -0.139648
vn 0.614982 0.655152 -0.4388310000000001
vn 0.614982 0.655152 -0.4388310000000001
vn 0.367584 0.712312 -0.597908
vn 0.367584 0.712312 -0.597908
vn -0.896192 0.425218 0.12660599999999997
vn -0.948053 -0.19220799999999996 0.253481
vn -0.896192 0.425218 0.12660599999999997
vn 0.081991 0.976235 -0.20060500000000006
vn 0.972003 -0.12280000000000002 -0.200324
vn 0.972003 -0.12280000000000002 -0.200324
vn 0.972003 -0.12280000000000002 -0.200324
vn 0.08199 0.976235 -0.20060500000000006
vn 0.081991 0.976235 -0.20060500000000006
vn 0.888503 0.271648 -0.369823
vn 0.509432 0.642757 0.572138
vn 0.888503 0.271648 -0.369823
vn 0.630077 -0.682391 -0.37060199999999993
vn 0.619258 -0.36002199999999995 0.697785
vn 0.630077 -0.682391 -0.37060199999999993
vn 0.578369 -0.02079200000000005 -0.81551
vn 0.888503 0.271648 -0.369823
vn 0.578369 -0.02079200000000005 -0.81551
vn 0.480545 -0.42047300000000004 -0.769597
vn 0.630077 -0.682391 -0.37060199999999993
vn 0.619258 -0.36002199999999995 0.697785
vn 0.209936 -0.04598299999999994 0.976633
vn 0.509432 0.642757 0.572138
vn 0.509432 0.642757 0.572138
vn 0.209936 -0.04598299999999994 0.976633
vn 0.169474 0.41653300000000004 0.893185
vn -0.521412 0.14632099999999995 -0.840666
vn -0.521412 0.14632099999999995 -0.840666
vn -0.225878 -0.9504 0.21381900000000006
vn -0.225878 -0.9504 0.21381900000000006
vn 0.619573 0.3252090000000001 0.714401
vn 0.619573 0.3252090000000001 0.714401
vn 0.054007 0.730115 0.681186
vn 0.292132 -0.717687 0.632126
vn -0.570977 0.594329 -0.566355
vn -0.892583 -0.17975299999999997 0.413502
vn -0.305087 -0.631619 -0.712727
vn -0.892583 -0.17975299999999997 0.413502
vn -0.570977 0.594329 -0.566355
vn 0.054007 0.730115 0.681186
vn -0.892583 -0.17975299999999997 0.413502
vn -0.681909 -0.42364199999999996 0.596261
vn 0.085714 -0.4312369999999999 0.898158
vn -0.681909 -0.42364199999999996 0.596261
vn -0.681909 -0.42364199999999996 0.596261
vn 0.381592 0.905427 -0.18598100000000006
vn 0.126605 0.982117 0.13934899999999995
vn 0.089197 -0.17582200000000006 -0.980373
vn -0.132744 0.2843339999999999 -0.949491
vn 0.089197 -0.17582200000000006 -0.980373
vn -0.088511 -0.975817 0.19986900000000005
vn -0.426693 -0.886092 -0.18103699999999995
vn -0.088511 -0.975817 0.19986900000000005
vn 0.089197 -0.17582200000000006 -0.980373
vn -0.088511 -0.975817 0.19986900000000005
vn 0.126605 0.982117 0.13934899999999995
vn -0.132744 0.2843339999999999 -0.949491
vn -0.426693 -0.886092 -0.18103699999999995
vn -0.233232 -0.793852 -0.561606
vn -0.590791 -0.80583 -0.040056999999999954
vn -0.233232 -0.793852 -0.561606
vn 0.673677 0.28459699999999993 -0.682029
vn 0.399001 -0.24864300000000006 -0.882596
vn 0.673677 0.28459699999999993 -0.682029
vn -0.673674 -0.2845869999999999 0.682037
vn -0.399025 0.24861100000000005 0.882594
vn -0.399025 0.24861100000000005 0.882594
vn -0.948685 0.315021 -0.027560000000000022
vn -0.948686 -0.315015 0.027560000000000022
vn -0.948685 0.315021 -0.027560000000000022
vn 0.316232 0.945072 -0.08268200000000006
vn 0.948684 -0.315024 0.02756100000000002
vn 0.948684 0.315021 -0.027560000000000022
vn 0.948684 0.315021 -0.027560000000000022
vn -0.316229 0.945073 -0.08268200000000006
vn 0.316232 0.945072 -0.08268200000000006
g hull
f 1897/1897/1897 1896/1896/1896 1895/1895/1895
f 1894/1894/1894 1893/1893/1893 1892/1892/1892
f 1891/1891/1891 1890/1890/1890 930/930/930
f 930/930/930 926/926/926 1889/1889/1889
f 1769/1769/1769 1770/1770/1770 929/929/929
f 929/929/929 925/925/925 1769/1769/1769
f 923/923/923 927/927/927 928/928/928
f 928/928/928 924/924/924 923/923/923
f 1853/1853/1853 1681/1681/1681 1852/1852/1852
f 1680/1680/1680 1679/1679/1679 1678/1678/1678
f 1851/1851/1851 1677/1677/1677 1850/1850/1850
f 1676/1676/1676 1675/1675/1675 1674/1674/1674
f 1849/1849/1849 1673/1673/1673 1848/1848/1848
f 1672/1672/1672 1671/1671/1671 1670/1670/1670
f 1666/1666/1666 1669/1669/1669 1668/1668/1668
f 1668/1668/1668 1667/1667/1667 1666/1666/1666
f 804/804/804 803/803/803 802/802/802
f 802/802/802 805/805/805 804/804/804
f 800/800/800 799/799/799 798/798/798
f 798/798/798 801/801/801 800/800/800
f 1662/1662/1662 1665/1665/1665 1664/1664/1664
f 1664/1664/1664 1663/1663/1663 1662/1662/1662
f 1661/1661/1661 1660/1660/1660 1659/1659/1659
f 797/797/797 1658/1658/1658 1657/1657/1657
f 796/796/796 1656/1656/1656 1655/1655/1655
f 1654/1654/1654 1653/1653/1653 1652/1652/1652
f 784/784/784 785/785/785 1847/1847/1847
f 1846/1846/1846 788/788/788 1845/1845/1845
f 1844/1844/1844 795/795/795 1843/1843/1843
f 790/790/790 1842/1842/1842 794/794/794
f 1841/1841/1841 791/791/791 1840/1840/1840
f 1839/1839/1839 1838/1838/1838 789/789/789
f 789/789/789 793/793/793 1837/1837/1837
f 786/786/786 787/787/787 792/792/792
f 1836/1836/1836 1835/1835/1835 790/790/790
f 790/790/790 791/791/791 1834/1834/1834
f 1833/1833/1833 1832/1832/1832 788/788/788
f 788/788/788 789/789/789 1831/1831/1831
f 786/786/786 785/785/785 784/784/784
f 784/784/784 787/787/787 786/786/786
f 782/782/782 781/781/781 780/780/780
f 780/780/780 783/783/783 782/782/782
f 1651/1651/1651 1650/1650/1650 1649/1649/1649
f 1648/1648/1648 1647/1647/1647 1646/1646/1646
f 1645/1645/1645 1644/1644/1644 1643/1643/1643
f 1642/1642/1642 1641/1641/1641 1640/1640/1640
f 1639/1639/1639 1638/1638/1638 1637/1637/1637
f 1636/1636/1636 1635/1635/1635 1634/1634/1634
f 1633/1633/1633 779/779/779 1632/1632/1632
f 1631/1631/1631 1630/1630/1630 1629/1629/1629
f 1628/1628/1628 778/778/778 1627/1627/1627
f 1626/1626/1626 1625/1625/1625 1624/1624/1624
f 1621/1621/1621 777/777/777 1623/1623/1623
f 1623/1623/1623 1622/1622/1622 1621/1621/1621
f 1618/1618/1618 776/776/776 1620/1620/1620
f 1620/1620/1620 1619/1619/1619 1618/1618/1618
f 775/775/775 774/774/774 1617/1617/1617
f 1617/1617/1617 1616/1616/1616 775/775/775
f 1615/1615/1615 773/773/773 1614/1614/1614
f 772/772/772 1613/1613/1613 1612/1612/1612
f 1611/1611/1611 1610/1610/1610 1609/1609/1609
f 1608/1608/1608 771/771/771 770/770/770
f 1607/1607/1607 767/767/767 1606/1606/1606
f 766/766/766 769/769/769 768/768/768
f 1605/1605/1605 1604/1604/1604 1603/1603/1603
f 1602/1602/1602 765/765/765 764/764/764
f 762/762/762 761/761/761 760/760/760
f 760/760/760 763/763/763 762/762/762
f 759/759/759 1601/1601/1601 1600/1600/1600
f 758/758/758 757/757/757 756/756/756
f 755/755/755 754/754/754 1599/1599/1599
f 1599/1599/1599 1598/1598/1598 755/755/755
f 753/753/753 752/752/752 751/751/751
f 750/750/750 749/749/749 748/748/748
f 1595/1595/1595 1597/1597/1597 740/740/740
f 740/740/740 1596/1596/1596 1595/1595/1595
f 1593/1593/1593 1594/1594/1594 738/738/738
f 738/738/738 739/739/739 1593/1593/1593
f 1591/1591/1591 1592/1592/1592 736/736/736
f 736/736/736 737/737/737 1591/1591/1591
f 734/734/734 733/733/733 732/732/732
f 732/732/732 735/735/735 734/734/734
f 745/745/745 729/729/729 731/731/731
f 731/731/731 730/730/730 745/745/745
f 743/743/743 744/744/744 728/728/728
f 728/728/728 727/727/727 743/743/743
f 747/747/747 746/746/746 726/726/726
f 726/726/726 725/725/725 747/747/747
f 742/742/742 724/724/724 741/741/741
f 741/741/741 1590/1590/1590 742/742/742
f 722/722/722 721/721/721 720/720/720
f 720/720/720 723/723/723 722/722/722
f 1586/1586/1586 1589/1589/1589 1588/1588/1588
f 1588/1588/1588 1587/1587/1587 1586/1586/1586
f 718/718/718 717/717/717 716/716/716
f 716/716/716 719/719/719 718/718/718
f 1585/1585/1585 1584/1584/1584 1583/1583/1583
f 1582/1582/1582 1581/1581/1581 1580/1580/1580
f 1579/1579/1579 713/713/713 1578/1578/1578
f 712/712/712 715/715/715 714/714/714
f 1577/1577/1577 1576/1576/1576 1575/1575/1575
f 710/710/710 711/711/711 1574/1574/1574
f 709/709/709 708/708/708 1573/1573/1573
f 1573/1573/1573 1572/1572/1572 709/709/709
f 1571/1571/1571 705/705/705 1570/1570/1570
f 704/704/704 707/707/707 706/706/706
f 1569/1569/1569 1568/1568/1568 1567/1567/1567
f 702/702/702 703/703/703 1566/1566/1566
f 701/701/701 700/700/700 1565/1565/1565
f 1565/1565/1565 1564/1564/1564 701/701/701
f 1563/1563/1563 697/697/697 1562/1562/1562
f 696/696/696 699/699/699 698/698/698
f 695/695/695 689/689/689 694/694/694
f 694/694/694 693/693/693 695/695/695
f 695/695/695 690/690/690 689/689/689
f 693/693/693 694/694/694 692/692/692
f 690/690/690 691/691/691 689/689/689
f 1830/1830/1830 1829/1829/1829 1828/1828/1828
f 1827/1827/1827 1826/1826/1826 1825/1825/1825
f 1824/1824/1824 684/684/684 680/680/680
f 680/680/680 1823/1823/1823 1822/1822/1822
f 1560/1560/1560 683/683/683 679/679/679
f 679/679/679 1561/1561/1561 1560/1560/1560
f 681/681/681 682/682/682 678/678/678
f 678/678/678 677/677/677 681/681/681
f 687/687/687 688/688/688 686/686/686
f 686/686/686 685/685/685 687/687/687
f 671/671/671 1559/1559/1559 1558/1558/1558
f 1558/1558/1558 1557/1557/1557 671/671/671
f 1554/1554/1554 1556/1556/1556 1555/1555/1555
f 1555/1555/1555 672/672/672 1554/1554/1554
f 669/669/669 1553/1553/1553 1552/1552/1552
f 1552/1552/1552 670/670/670 669/669/669
f 673/673/673 675/675/675 676/676/676
f 676/676/676 674/674/674 673/673/673
f 1548/1548/1548 1551/1551/1551 1550/1550/1550
f 1550/1550/1550 1549/1549/1549 1548/1548/1548
f 1544/1544/1544 1547/1547/1547 1546/1546/1546
f 1546/1546/1546 1545/1545/1545 1544/1544/1544
f 665/665/665 667/667/667 668/668/668
f 668/668/668 666/666/666 665/665/665
f 661/661/661 662/662/662 664/664/664
f 664/664/664 663/663/663 661/661/661
f 1540/1540/1540 1543/1543/1543 1542/1542/1542
f 1542/1542/1542 1541/1541/1541 1540/1540/1540
f 1536/1536/1536 1539/1539/1539 1538/1538/1538
f 1538/1538/1538 1537/1537/1537 1536/1536/1536
f 657/657/657 659/659/659 660/660/660
f 660/660/660 658/658/658 657/657/657
f 653/653/653 654/654/654 656/656/656
f 656/656/656 655/655/655 653/653/653
f 1532/1532/1532 1535/1535/1535 1534/1534/1534
f 1534/1534/1534 1533/1533/1533 1532/1532/1532
f 1528/1528/1528 1531/1531/1531 1530/1530/1530
f 1530/1530/1530 1529/1529/1529 1528/1528/1528
f 649/649/649 651/651/651 652/652/652
f 652/652/652 650/650/650 649/649/649
f 645/645/645 646/646/646 648/648/648
f 648/648/648 647/647/647 645/645/645
f 1524/1524/1524 1527/1527/1527 1526/1526/1526
f 1526/1526/1526 1525/1525/1525 1524/1524/1524
f 1520/1520/1520 1523/1523/1523 1522/1522/1522
f 1522/1522/1522 1521/1521/1521 1520/1520/1520
f 641/641/641 643/643/643 644/644/644
f 644/644/644 642/642/642 641/641/641
f 637/637/637 638/638/638 640/640/640
f 640/640/640 639/639/639 637/637/637
f 1516/1516/1516 1519/1519/1519 1518/1518/1518
f 1518/1518/1518 1517/1517/1517 1516/1516/1516
f 1512/1512/1512 1515/1515/1515 1514/1514/1514
f 1514/1514/1514 1513/1513/1513 1512/1512/1512
f 1508/1508/1508 1511/1511/1511 1510/1510/1510
f 1510/1510/1510 1509/1509/1509 1508/1508/1508
f 1507/1507/1507 1497/1497/1497 624/624/624
f 1506/1506/1506 1821/1821/1821 1504/1504/1504
f 1820/1820/1820 1819/1819/1819 1504/1504/1504
f 1818/1818/1818 1505/1505/1505 1504/1504/1504
f 628/628/628 635/635/635 1503/1503/1503
f 1503/1503/1503 1502/1502/1502 628/628/628
f 1501/1501/1501 1500/1500/1500 1499/1499/1499
f 1500/1500/1500 630/630/630 1499/1499/1499
f 630/630/630 636/636/636 1499/1499/1499
f 633/633/633 1498/1498/1498 1817/1817/1817
f 1816/1816/1816 634/634/634 633/633/633
f 629/629/629 631/631/631 632/632/632
f 632/632/632 627/627/627 629/629/629
f 624/624/624 1497/1497/1497 625/625/625
f 620/620/620 617/617/617 618/618/618
f 618/618/618 619/619/619 620/620/620
f 619/619/619 626/626/626 622/622/622
f 622/622/622 620/620/620 619/619/619
f 620/620/620 622/622/622 623/623/623
f 623/623/623 621/621/621 620/620/620
f 1496/1496/1496 1424/1424/1424 612/612/612
f 612/612/612 549/549/549 1496/1496/1496
f 1495/1495/1495 1426/1426/1426 610/610/610
f 610/610/610 552/552/552 1495/1495/1495
f 1491/1491/1491 1494/1494/1494 1493/1493/1493
f 1493/1493/1493 1492/1492/1492 1491/1491/1491
f 1490/1490/1490 603/603/603 1489/1489/1489
f 1488/1488/1488 1487/1487/1487 1486/1486/1486
f 1485/1485/1485 1484/1484/1484 1483/1483/1483
f 604/604/604 1482/1482/1482 1481/1481/1481
f 1480/1480/1480 1479/1479/1479 1478/1478/1478
f 1477/1477/1477 1476/1476/1476 1475/1475/1475
f 1474/1474/1474 1473/1473/1473 1472/1472/1472
f 1471/1471/1471 1470/1470/1470 1469/1469/1469
f 1468/1468/1468 602/602/602 1467/1467/1467
f 601/601/601 1466/1466/1466 1465/1465/1465
f 1464/1464/1464 608/608/608 1463/1463/1463
f 607/607/607 1462/1462/1462 1461/1461/1461
f 1459/1459/1459 605/605/605 606/606/606
f 606/606/606 1460/1460/1460 1459/1459/1459
f 1455/1455/1455 1458/1458/1458 1457/1457/1457
f 1457/1457/1457 1456/1456/1456 1455/1455/1455
f 1454/1454/1454 1453/1453/1453 1452/1452/1452
f 600/600/600 1451/1451/1451 1450/1450/1450
f 1446/1446/1446 1449/1449/1449 1448/1448/1448
f 1448/1448/1448 1447/1447/1447 1446/1446/1446
f 1445/1445/1445 1444/1444/1444 1443/1443/1443
f 479/479/479 1442/1442/1442 1441/1441/1441
f 1439/1439/1439 599/599/599 598/598/598
f 598/598/598 1440/1440/1440 1439/1439/1439
f 1435/1435/1435 1438/1438/1438 1437/1437/1437
f 1437/1437/1437 1436/1436/1436 1435/1435/1435
f 1433/1433/1433 1434/1434/1434 596/596/596
f 596/596/596 597/597/597 1433/1433/1433
f 1431/1431/1431 595/595/595 594/594/594
f 594/594/594 1432/1432/1432 1431/1431/1431
f 502/502/502 510/510/510 535/535/535
f 510/510/510 511/511/511 535/535/535
f 511/511/511 538/538/538 535/535/535
f 1430/1430/1430 1815/1815/1815 587/587/587
f 1429/1429/1429 1814/1814/1814 1813/1813/1813
f 593/593/593 592/592/592 587/587/587
f 613/613/613 589/589/589 588/588/588
f 588/588/588 614/614/614 613/613/613
f 591/591/591 590/590/590 585/585/585
f 585/585/585 586/586/586 591/591/591
f 561/561/561 1428/1428/1428 579/579/579
f 579/579/579 584/584/584 561/561/561
f 582/582/582 573/573/573 578/578/578
f 578/578/578 560/560/560 582/582/582
f 577/577/577 576/576/576 1427/1427/1427
f 1427/1427/1427 562/562/562 577/577/577
f 556/556/556 574/574/574 581/581/581
f 581/581/581 559/559/559 556/556/556
f 584/584/584 1812/1812/1812 1811/1811/1811
f 583/583/583 580/580/580 561/561/561
f 580/580/580 558/558/558 561/561/561
f 575/575/575 574/574/574 556/556/556
f 556/556/556 555/555/555 575/575/575
f 581/581/581 572/572/572 557/557/557
f 557/557/557 559/559/559 581/581/581
f 571/571/571 557/557/557 582/582/582
f 557/557/557 572/572/572 582/582/582
f 572/572/572 573/573/573 582/582/582
f 1425/1425/1425 570/570/570 610/610/610
f 610/610/610 1426/1426/1426 1425/1425/1425
f 1810/1810/1810 568/568/568 569/569/569
f 609/609/609 1809/1809/1809 1808/1808/1808
f 553/553/553 554/554/554 568/568/568
f 1423/1423/1423 567/567/567 612/612/612
f 612/612/612 1424/1424/1424 1423/1423/1423
f 1807/1807/1807 565/565/565 566/566/566
f 611/611/611 1806/1806/1806 1805/1805/1805
f 550/550/550 551/551/551 565/565/565
f 548/548/548 563/563/563 564/564/564
f 564/564/564 547/547/547 548/548/548
f 1419/1419/1419 1422/1422/1422 1421/1421/1421
f 1421/1421/1421 1420/1420/1420 1419/1419/1419
f 1415/1415/1415 1418/1418/1418 1417/1417/1417
f 1417/1417/1417 1416/1416/1416 1415/1415/1415
f 543/543/543 546/546/546 545/545/545
f 545/545/545 544/544/544 543/543/543
f 539/539/539 542/542/542 541/541/541
f 541/541/541 540/540/540 539/539/539
f 1414/1414/1414 1413/1413/1413 1412/1412/1412
f 525/525/525 486/486/486 1411/1411/1411
f 534/534/534 524/524/524 508/508/508
f 530/530/530 529/529/529 528/528/528
f 531/531/531 522/522/522 523/523/523
f 523/523/523 521/521/521 531/531/531
f 514/514/514 506/506/506 1410/1410/1410
f 1410/1410/1410 1409/1409/1409 514/514/514
f 507/507/507 516/516/516 1408/1408/1408
f 1408/1408/1408 1407/1407/1407 507/507/507
f 1406/1406/1406 1405/1405/1405 1404/1404/1404
f 1403/1403/1403 1402/1402/1402 1401/1401/1401
f 527/527/527 526/526/526 533/533/533
f 1400/1400/1400 1399/1399/1399 1398/1398/1398
f 1394/1394/1394 1397/1397/1397 1396/1396/1396
f 1396/1396/1396 1395/1395/1395 1394/1394/1394
f 509/509/509 532/532/532 517/517/517
f 517/517/517 499/499/499 509/509/509
f 537/537/537 536/536/536 512/512/512
f 536/536/536 538/538/538 512/512/512
f 538/538/538 511/511/511 512/512/512
f 532/532/532 493/493/493 1804/1804/1804
f 1803/1803/1803 1393/1393/1393 532/532/532
f 1391/1391/1391 482/482/482 520/520/520
f 520/520/520 1392/1392/1392 1391/1391/1391
f 513/513/513 518/518/518 519/519/519
f 519/519/519 515/515/515 513/513/513
f 489/489/489 490/490/490 1390/1390/1390
f 490/490/490 491/491/491 1390/1390/1390
f 491/491/491 485/485/485 1390/1390/1390
f 489/489/489 1390/1390/1390 1386/1386/1386
f 1386/1386/1386 505/505/505 489/489/489
f 480/480/480 503/503/503 504/504/504
f 504/504/504 484/484/484 480/480/480
f 498/498/498 488/488/488 1387/1387/1387
f 1387/1387/1387 495/495/495 498/498/498
f 494/494/494 497/497/497 496/496/496
f 496/496/496 1802/1802/1802 494/494/494
f 501/501/501 494/494/494 1801/1801/1801
f 1800/1800/1800 1389/1389/1389 501/501/501
f 493/493/493 532/532/532 509/509/509
f 509/509/509 500/500/500 493/493/493
f 1388/1388/1388 1387/1387/1387 1386/1386/1386
f 1387/1387/1387 487/487/487 1386/1386/1386
f 1387/1387/1387 488/488/488 487/487/487
f 487/487/487 505/505/505 1386/1386/1386
f 504/504/504 503/503/503 481/481/481
f 481/481/481 483/483/483 504/504/504
f 482/482/482 483/483/483 520/520/520
f 483/483/483 481/481/481 520/520/520
f 481/481/481 492/492/492 520/520/520
f 1384/1384/1384 478/478/478 616/616/616
f 616/616/616 1385/1385/1385 1384/1384/1384
f 615/615/615 475/475/475 477/477/477
f 615/615/615 474/474/474 475/475/475
f 475/475/475 476/476/476 477/477/477
f 1380/1380/1380 1383/1383/1383 1382/1382/1382
f 1382/1382/1382 1381/1381/1381 1380/1380/1380
f 1376/1376/1376 1379/1379/1379 1378/1378/1378
f 1378/1378/1378 1377/1377/1377 1376/1376/1376
f 470/470/470 473/473/473 472/472/472
f 472/472/472 471/471/471 470/470/470
f 466/466/466 469/469/469 468/468/468
f 468/468/468 467/467/467 466/466/466
f 1372/1372/1372 1375/1375/1375 1374/1374/1374
f 1374/1374/1374 1373/1373/1373 1372/1372/1372
f 1368/1368/1368 1371/1371/1371 1370/1370/1370
f 1370/1370/1370 1369/1369/1369 1368/1368/1368
f 462/462/462 465/465/465 464/464/464
f 464/464/464 463/463/463 462/462/462
f 458/458/458 461/461/461 460/460/460
f 460/460/460 459/459/459 458/458/458
f 1364/1364/1364 1367/1367/1367 1366/1366/1366
f 1366/1366/1366 1365/1365/1365 1364/1364/1364
f 1360/1360/1360 1363/1363/1363 1362/1362/1362
f 1362/1362/1362 1361/1361/1361 1360/1360/1360
f 454/454/454 457/457/457 456/456/456
f 456/456/456 455/455/455 454/454/454
f 450/450/450 453/453/453 452/452/452
f 452/452/452 451/451/451 450/450/450
f 1356/1356/1356 1359/1359/1359 1358/1358/1358
f 1358/1358/1358 1357/1357/1357 1356/1356/1356
f 1352/1352/1352 1355/1355/1355 1354/1354/1354
f 1354/1354/1354 1353/1353/1353 1352/1352/1352
f 446/446/446 449/449/449 448/448/448
f 448/448/448 447/447/447 446/446/446
f 442/442/442 445/445/445 444/444/444
f 444/444/444 443/443/443 442/442/442
f 1348/1348/1348 1351/1351/1351 1350/1350/1350
f 1350/1350/1350 1349/1349/1349 1348/1348/1348
f 1344/1344/1344 1347/1347/1347 1346/1346/1346
f 1346/1346/1346 1345/1345/1345 1344/1344/1344
f 438/438/438 441/441/441 440/440/440
f 440/440/440 439/439/439 438/438/438
f 434/434/434 437/437/437 436/436/436
f 436/436/436 435/435/435 434/434/434
f 1340/1340/1340 1343/1343/1343 1342/1342/1342
f 1342/1342/1342 1341/1341/1341 1340/1340/1340
f 432/432/432 433/433/433 1339/1339/1339
f 1339/1339/1339 1338/1338/1338 432/432/432
f 428/428/428 429/429/429 430/430/430
f 430/430/430 431/431/431 428/428/428
f 424/424/424 425/425/425 426/426/426
f 426/426/426 427/427/427 424/424/424
f 1335/1335/1335 423/423/423 1337/1337/1337
f 1337/1337/1337 1336/1336/1336 1335/1335/1335
f 421/421/421 422/422/422 1334/1334/1334
f 1334/1334/1334 1333/1333/1333 421/421/421
f 1332/1332/1332 1331/1331/1331 1330/1330/1330
f 1329/1329/1329 420/420/420 419/419/419
f 415/415/415 416/416/416 417/417/417
f 417/417/417 418/418/418 415/415/415
f 1325/1325/1325 1328/1328/1328 1327/1327/1327
f 1327/1327/1327 1326/1326/1326 1325/1325/1325
f 360/360/360 358/358/358 359/359/359
f 359/359/359 354/354/354 360/360/360
f 355/355/355 360/360/360 354/354/354
f 359/359/359 358/358/358 357/357/357
f 356/356/356 355/355/355 354/354/354
f 1321/1321/1321 1324/1324/1324 1323/1323/1323
f 1323/1323/1323 1322/1322/1322 1321/1321/1321
f 328/328/328 1320/1320/1320 1319/1319/1319
f 1319/1319/1319 335/335/335 328/328/328
f 383/383/383 393/393/393 394/394/394
f 394/394/394 385/385/385 383/383/383
f 398/398/398 399/399/399 400/400/400
f 400/400/400 314/314/314 398/398/398
f 1316/1316/1316 1318/1318/1318 1317/1317/1317
f 1317/1317/1317 327/327/327 1316/1316/1316
f 1313/1313/1313 1315/1315/1315 1314/1314/1314
f 1314/1314/1314 326/326/326 1313/1313/1313
f 324/324/324 1310/1310/1310 1312/1312/1312
f 1312/1312/1312 325/325/325 324/324/324
f 319/319/319 1311/1311/1311 1310/1310/1310
f 1310/1310/1310 324/324/324 319/319/319
f 1306/1306/1306 1309/1309/1309 1308/1308/1308
f 1308/1308/1308 1307/1307/1307 1306/1306/1306
f 322/322/322 1305/1305/1305 1304/1304/1304
f 1304/1304/1304 323/323/323 322/322/322
f 321/321/321 411/411/411 412/412/412
f 412/412/412 410/410/410 321/321/321
f 388/388/388 391/391/391 392/392/392
f 392/392/392 384/384/384 388/388/388
f 1301/1301/1301 1303/1303/1303 1302/1302/1302
f 1302/1302/1302 331/331/331 1301/1301/1301
f 318/318/318 1300/1300/1300 1299/1299/1299
f 1299/1299/1299 332/332/332 318/318/318
f 1296/1296/1296 1298/1298/1298 1297/1297/1297
f 1297/1297/1297 329/329/329 1296/1296/1296
f 1293/1293/1293 1295/1295/1295 1294/1294/1294
f 1294/1294/1294 334/334/334 1293/1293/1293
f 330/330/330 1292/1292/1292 1291/1291/1291
f 1291/1291/1291 333/333/333 330/330/330
f 386/386/386 389/389/389 390/390/390
f 390/390/390 387/387/387 386/386/386
f 1290/1290/1290 353/353/353 1289/1289/1289
f 352/352/352 1288/1288/1288 1287/1287/1287
f 1286/1286/1286 341/341/341 1285/1285/1285
f 1284/1284/1284 1283/1283/1283 342/342/342
f 349/349/349 348/348/348 347/347/347
f 347/347/347 350/350/350 349/349/349
f 350/350/350 347/347/347 346/346/346
f 346/346/346 351/351/351 350/350/350
f 340/340/340 345/345/345 344/344/344
f 344/344/344 343/343/343 340/340/340
f 1282/1282/1282 339/339/339 1281/1281/1281
f 338/338/338 337/337/337 336/336/336
f 1277/1277/1277 1280/1280/1280 1279/1279/1279
f 1279/1279/1279 1278/1278/1278 1277/1277/1277
f 380/380/380 378/378/378 377/377/377
f 377/377/377 379/379/379 380/380/380
f 1273/1273/1273 1276/1276/1276 1275/1275/1275
f 1275/1275/1275 1274/1274/1274 1273/1273/1273
f 1272/1272/1272 1271/1271/1271 1270/1270/1270
f 363/363/363 366/366/366 1269/1269/1269
f 364/364/364 361/361/361 1268/1268/1268
f 1268/1268/1268 1267/1267/1267 364/364/364
f 1266/1266/1266 365/365/365 1265/1265/1265
f 367/367/367 362/362/362 368/368/368
f 1799/1799/1799 372/372/372 1798/1798/1798
f 371/371/371 374/374/374 369/369/369
f 401/401/401 397/397/397 402/402/402
f 302/302/302 397/397/397 401/401/401
f 404/404/404 403/403/403 405/405/405
f 305/305/305 403/403/403 404/404/404
f 407/407/407 409/409/409 414/414/414
f 414/414/414 304/304/304 407/407/407
f 313/313/313 317/317/317 320/320/320
f 320/320/320 312/312/312 313/313/313
f 370/370/370 1797/1797/1797 372/372/372
f 373/373/373 1796/1796/1796 1795/1795/1795
f 308/308/308 1794/1794/1794 373/373/373
f 376/376/376 1263/1263/1263 1264/1264/1264
f 309/309/309 1263/1263/1263 376/376/376
f 1793/1793/1793 1792/1792/1792 375/375/375
f 375/375/375 306/306/306 1791/1791/1791
f 307/307/307 369/369/369 374/374/374
f 310/310/310 315/315/315 316/316/316
f 316/316/316 311/311/311 310/310/310
f 303/303/303 413/413/413 408/408/408
f 408/408/408 406/406/406 303/303/303
f 396/396/396 381/381/381 395/395/395
f 382/382/382 381/381/381 396/396/396
f 1260/1260/1260 1262/1262/1262 1261/1261/1261
f 1261/1261/1261 1790/1790/1790 1260/1260/1260
f 1259/1259/1259 1789/1789/1789 300/300/300
f 300/300/300 296/296/296 1259/1259/1259
f 1788/1788/1788 1258/1258/1258 301/301/301
f 301/301/301 297/297/297 1787/1787/1787
f 294/294/294 298/298/298 299/299/299
f 299/299/299 295/295/295 294/294/294
f 289/289/289 267/267/267 288/288/288
f 267/267/267 238/238/238 288/288/288
f 238/238/238 239/239/239 288/288/288
f 239/239/239 287/287/287 288/288/288
f 239/239/239 286/286/286 287/287/287
f 239/239/239 158/158/158 286/286/286
f 1254/1254/1254 1257/1257/1257 1256/1256/1256
f 1256/1256/1256 1255/1255/1255 1254/1254/1254
f 1250/1250/1250 1253/1253/1253 1252/1252/1252
f 1252/1252/1252 1251/1251/1251 1250/1250/1250
f 1246/1246/1246 1249/1249/1249 1248/1248/1248
f 1248/1248/1248 1247/1247/1247 1246/1246/1246
f 1242/1242/1242 1245/1245/1245 1244/1244/1244
f 1244/1244/1244 1243/1243/1243 1242/1242/1242
f 284/284/284 283/283/283 282/282/282
f 282/282/282 285/285/285 284/284/284
f 280/280/280 279/279/279 278/278/278
f 278/278/278 281/281/281 280/280/280
f 1786/1786/1786 1241/1241/1241 1785/1785/1785
f 1240/1240/1240 1239/1239/1239 1238/1238/1238
f 1784/1784/1784 1237/1237/1237 1783/1783/1783
f 1236/1236/1236 1235/1235/1235 1234/1234/1234
f 1230/1230/1230 1233/1233/1233 1232/1232/1232
f 1232/1232/1232 1231/1231/1231 1230/1230/1230
f 1229/1229/1229 276/276/276 1228/1228/1228
f 277/277/277 1227/1227/1227 1226/1226/1226
f 1224/1224/1224 274/274/274 275/275/275
f 275/275/275 1225/1225/1225 1224/1224/1224
f 1223/1223/1223 272/272/272 1222/1222/1222
f 271/271/271 1221/1221/1221 1220/1220/1220
f 1219/1219/1219 270/270/270 1218/1218/1218
f 1217/1217/1217 1216/1216/1216 1215/1215/1215
f 1214/1214/1214 1213/1213/1213 1212/1212/1212
f 273/273/273 1211/1211/1211 1210/1210/1210
f 1206/1206/1206 1209/1209/1209 1208/1208/1208
f 1208/1208/1208 1207/1207/1207 1206/1206/1206
f 1205/1205/1205 268/268/268 1204/1204/1204
f 1203/1203/1203 1202/1202/1202 1201/1201/1201
f 1200/1200/1200 293/293/293 1199/1199/1199
f 292/292/292 291/291/291 290/290/290
f 256/256/256 258/258/258 259/259/259
f 259/259/259 257/257/257 256/256/256
f 1198/1198/1198 246/246/246 1197/1197/1197
f 269/269/269 1196/1196/1196 1195/1195/1195
f 265/265/265 251/251/251 245/245/245
f 265/265/265 255/255/255 251/251/251
f 251/251/251 255/255/255 253/253/253
f 252/252/252 264/264/264 263/263/263
f 263/263/263 254/254/254 252/252/252
f 251/251/251 250/250/250 245/245/245
f 253/253/253 261/261/261 250/250/250
f 250/250/250 251/251/251 253/253/253
f 241/241/241 250/250/250 261/261/261
f 261/261/261 262/262/262 241/241/241
f 247/247/247 240/240/240 244/244/244
f 244/244/244 249/249/249 247/247/247
f 249/249/249 244/244/244 242/242/242
f 242/242/242 248/248/248 249/249/249
f 241/241/241 245/245/245 250/250/250
f 241/241/241 247/247/247 249/249/249
f 249/249/249 245/245/245 241/241/241
f 243/243/243 260/260/260 265/265/265
f 265/265/265 245/245/245 243/243/243
f 245/245/245 249/249/249 248/248/248
f 248/248/248 243/243/243 245/245/245
f 226/226/226 228/228/228 229/229/229
f 229/229/229 227/227/227 226/226/226
f 1194/1194/1194 1193/1193/1193 1192/1192/1192
f 1191/1191/1191 225/225/225 223/223/223
f 224/224/224 1190/1190/1190 1189/1189/1189
f 1189/1189/1189 222/222/222 224/224/224
f 1188/1188/1188 155/155/155 1187/1187/1187
f 221/221/221 1186/1186/1186 1185/1185/1185
f 234/234/234 220/220/220 217/217/217
f 233/233/233 232/232/232 183/183/183
f 218/218/218 1184/1184/1184 1183/1183/1183
f 1183/1183/1183 219/219/219 218/218/218
f 216/216/216 236/236/236 237/237/237
f 237/237/237 215/215/215 216/216/216
f 204/204/204 208/208/208 212/212/212
f 1181/1181/1181 1182/1182/1182 186/186/186
f 186/186/186 213/213/213 1181/1181/1181
f 204/204/204 1782/1782/1782 209/209/209
f 1179/1179/1179 1180/1180/1180 212/212/212
f 212/212/212 208/208/208 1179/1179/1179
f 1781/1781/1781 1780/1780/1780 211/211/211
f 211/211/211 207/207/207 1779/1779/1779
f 205/205/205 209/209/209 210/210/210
f 210/210/210 206/206/206 205/205/205
f 205/205/205 204/204/204 209/209/209
f 203/203/203 208/208/208 204/204/204
f 204/204/204 199/199/199 203/203/203
f 1178/1178/1178 1179/1179/1179 208/208/208
f 208/208/208 203/203/203 1178/1178/1178
f 1778/1778/1778 1777/1777/1777 207/207/207
f 207/207/207 202/202/202 1776/1776/1776
f 200/200/200 205/205/205 206/206/206
f 206/206/206 201/201/201 200/200/200
f 199/199/199 204/204/204 205/205/205
f 205/205/205 200/200/200 199/199/199
f 199/199/199 194/194/194 198/198/198
f 198/198/198 203/203/203 199/199/199
f 1177/1177/1177 1178/1178/1178 203/203/203
f 203/203/203 198/198/198 1177/1177/1177
f 1775/1775/1775 1774/1774/1774 202/202/202
f 202/202/202 197/197/197 1773/1773/1773
f 195/195/195 200/200/200 201/201/201
f 201/201/201 196/196/196 195/195/195
f 200/200/200 195/195/195 194/194/194
f 194/194/194 199/199/199 200/200/200
f 179/179/179 189/189/189 1176/1176/1176
f 1176/1176/1176 1175/1175/1175 179/179/179
f 190/190/190 182/182/182 1174/1174/1174
f 1174/1174/1174 1173/1173/1173 190/190/190
f 1172/1172/1172 1171/1171/1171 1170/1170/1170
f 1169/1169/1169 1168/1168/1168 1167/1167/1167
f 235/235/235 231/231/231 230/230/230
f 1166/1166/1166 1165/1165/1165 1164/1164/1164
f 192/192/192 191/191/191 1163/1163/1163
f 1163/1163/1163 1162/1162/1162 192/192/192
f 266/266/266 152/152/152 188/188/188
f 188/188/188 150/150/150 266/266/266
f 187/187/187 188/188/188 180/180/180
f 187/187/187 1161/1161/1161 188/188/188
f 1159/1159/1159 185/185/185 184/184/184
f 184/184/184 1160/1160/1160 1159/1159/1159
f 1158/1158/1158 181/181/181 193/193/193
f 193/193/193 214/214/214 1158/1158/1158
f 169/169/169 175/175/175 177/177/177
f 177/177/177 1772/1772/1772 169/169/169
f 1156/1156/1156 177/177/177 1154/1154/1154
f 1154/1154/1154 1157/1157/1157 1156/1156/1156
f 178/178/178 176/176/176 173/173/173
f 173/173/173 1155/1155/1155 178/178/178
f 170/170/170 167/167/167 177/177/177
f 1771/1771/1771 175/175/175 170/170/170
f 1153/1153/1153 1154/1154/1154 177/177/177
f 177/177/177 167/167/167 1153/1153/1153
f 174/174/174 176/176/176 178/178/178
f 178/178/178 171/171/171 174/174/174
f 164/164/164 163/163/163 153/153/153
f 153/153/153 1152/1152/1152 164/164/164
f 157/157/157 165/165/165 1151/1151/1151
f 1151/1151/1151 168/168/168 157/157/157
f 187/187/187 180/180/180 163/163/163
f 163/163/163 164/164/164 187/187/187
f 161/161/161 151/151/151 154/154/154
f 154/154/154 162/162/162 161/161/161
f 184/184/184 185/185/185 159/159/159
f 159/159/159 156/156/156 184/184/184
f 168/168/168 172/172/172 157/157/157
f 157/157/157 172/172/172 166/166/166
f 166/166/166 165/165/165 157/157/157
f 163/163/163 180/180/180 152/152/152
f 152/152/152 153/153/153 163/163/163
f 153/153/153 152/152/152 161/161/161
f 161/161/161 162/162/162 153/153/153
f 152/152/152 180/180/180 188/188/188
f 152/152/152 266/266/266 160/160/160
f 160/160/160 161/161/161 152/152/152
f 1148/1148/1148 1150/1150/1150 1149/1149/1149
f 1149/1149/1149 1147/1147/1147 1148/1148/1148
f 1145/1145/1145 1148/1148/1148 1147/1147/1147
f 1147/1147/1147 1146/1146/1146 1145/1145/1145
f 1139/1139/1139 1144/1144/1144 1143/1143/1143
f 1143/1143/1143 1142/1142/1142 1139/1139/1139
f 1139/1139/1139 1142/1142/1142 1141/1141/1141
f 1141/1141/1141 1140/1140/1140 1139/1139/1139
f 1135/1135/1135 1138/1138/1138 1137/1137/1137
f 1137/1137/1137 1136/1136/1136 1135/1135/1135
f 148/148/148 1134/1134/1134 1133/1133/1133
f 1133/1133/1133 149/149/149 148/148/148
f 145/145/145 144/144/144 147/147/147
f 147/147/147 146/146/146 145/145/145
f 142/142/142 143/143/143 1132/1132/1132
f 1132/1132/1132 1131/1131/1131 142/142/142
f 141/141/141 140/140/140 139/139/139
f 139/139/139 138/138/138 141/141/141
f 1127/1127/1127 1130/1130/1130 1129/1129/1129
f 1129/1129/1129 1128/1128/1128 1127/1127/1127
f 1123/1123/1123 1126/1126/1126 1125/1125/1125
f 1125/1125/1125 1124/1124/1124 1123/1123/1123
f 1119/1119/1119 1122/1122/1122 1121/1121/1121
f 1121/1121/1121 1120/1120/1120 1119/1119/1119
f 1115/1115/1115 1118/1118/1118 1117/1117/1117
f 1117/1117/1117 1116/1116/1116 1115/1115/1115
f 136/136/136 135/135/135 134/134/134
f 134/134/134 137/137/137 136/136/136
f 132/132/132 131/131/131 130/130/130
f 130/130/130 133/133/133 132/132/132
f 1111/1111/1111 1114/1114/1114 1113/1113/1113
f 1113/1113/1113 1112/1112/1112 1111/1111/1111
f 1107/1107/1107 1110/1110/1110 1109/1109/1109
f 1109/1109/1109 1108/1108/1108 1107/1107/1107
f 1103/1103/1103 1106/1106/1106 1105/1105/1105
f 1105/1105/1105 1104/1104/1104 1103/1103/1103
f 1099/1099/1099 1102/1102/1102 1101/1101/1101
f 1101/1101/1101 1100/1100/1100 1099/1099/1099
f 128/128/128 127/127/127 126/126/126
f 126/126/126 129/129/129 128/128/128
f 124/124/124 123/123/123 122/122/122
f 122/122/122 125/125/125 124/124/124
f 1096/1096/1096 1098/1098/1098 1097/1097/1097
f 1097/1097/1097 1095/1095/1095 1096/1096/1096
f 1093/1093/1093 1096/1096/1096 1095/1095/1095
f 1095/1095/1095 1094/1094/1094 1093/1093/1093
f 1087/1087/1087 1092/1092/1092 1091/1091/1091
f 1091/1091/1091 1090/1090/1090 1087/1087/1087
f 1087/1087/1087 1090/1090/1090 1089/1089/1089
f 1089/1089/1089 1088/1088/1088 1087/1087/1087
f 1083/1083/1083 1086/1086/1086 1085/1085/1085
f 1085/1085/1085 1084/1084/1084 1083/1083/1083
f 120/120/120 1082/1082/1082 1081/1081/1081
f 1081/1081/1081 121/121/121 120/120/120
f 117/117/117 116/116/116 119/119/119
f 119/119/119 118/118/118 117/117/117
f 114/114/114 115/115/115 1080/1080/1080
f 1080/1080/1080 1079/1079/1079 114/114/114
f 113/113/113 112/112/112 111/111/111
f 111/111/111 110/110/110 113/113/113
f 1076/1076/1076 1078/1078/1078 1077/1077/1077
f 1077/1077/1077 1075/1075/1075 1076/1076/1076
f 1073/1073/1073 1076/1076/1076 1075/1075/1075
f 1075/1075/1075 1074/1074/1074 1073/1073/1073
f 1067/1067/1067 1072/1072/1072 1071/1071/1071
f 1071/1071/1071 1070/1070/1070 1067/1067/1067
f 1067/1067/1067 1070/1070/1070 1069/1069/1069
f 1069/1069/1069 1068/1068/1068 1067/1067/1067
f 1063/1063/1063 1066/1066/1066 1065/1065/1065
f 1065/1065/1065 1064/1064/1064 1063/1063/1063
f 108/108/108 1062/1062/1062 1061/1061/1061
f 1061/1061/1061 109/109/109 108/108/108
f 105/105/105 104/104/104 107/107/107
f 107/107/107 106/106/106 105/105/105
f 102/102/102 103/103/103 1060/1060/1060
f 1060/1060/1060 1059/1059/1059 102/102/102
f 101/101/101 100/100/100 99/99/99
f 99/99/99 98/98/98 101/101/101
f 1056/1056/1056 1058/1058/1058 1057/1057/1057
f 1057/1057/1057 1055/1055/1055 1056/1056/1056
f 1053/1053/1053 1056/1056/1056 1055/1055/1055
f 1055/1055/1055 1054/1054/1054 1053/1053/1053
f 1047/1047/1047 1052/1052/1052 1051/1051/1051
f 1051/1051/1051 1050/1050/1050 1047/1047/1047
f 1047/1047/1047 1050/1050/1050 1049/1049/1049
f 1049/1049/1049 1048/1048/1048 1047/1047/1047
f 1043/1043/1043 1046/1046/1046 1045/1045/1045
f 1045/1045/1045 1044/1044/1044 1043/1043/1043
f 96/96/96 1042/1042/1042 1041/1041/1041
f 1041/1041/1041 97/97/97 96/96/96
f 93/93/93 92/92/92 95/95/95
f 95/95/95 94/94/94 93/93/93
f 90/90/90 91/91/91 1040/1040/1040
f 1040/1040/1040 1039/1039/1039 90/90/90
f 87/87/87 88/88/88 89/89/89
f 89/89/89 86/86/86 87/87/87
f 1036/1036/1036 1038/1038/1038 1037/1037/1037
f 1037/1037/1037 1035/1035/1035 1036/1036/1036
f 1033/1033/1033 1036/1036/1036 1035/1035/1035
f 1035/1035/1035 1034/1034/1034 1033/1033/1033
f 1027/1027/1027 1032/1032/1032 1031/1031/1031
f 1031/1031/1031 1030/1030/1030 1027/1027/1027
f 1027/1027/1027 1030/1030/1030 1029/1029/1029
f 1029/1029/1029 1028/1028/1028 1027/1027/1027
f 1023/1023/1023 1026/1026/1026 1025/1025/1025
f 1025/1025/1025 1024/1024/1024 1023/1023/1023
f 84/84/84 1022/1022/1022 1021/1021/1021
f 1021/1021/1021 85/85/85 84/84/84
f 81/81/81 80/80/80 83/83/83
f 83/83/83 82/82/82 81/81/81
f 78/78/78 79/79/79 1020/1020/1020
f 1020/1020/1020 1019/1019/1019 78/78/78
f 77/77/77 76/76/76 75/75/75
f 75/75/75 74/74/74 77/77/77
f 1015/1015/1015 1018/1018/1018 1017/1017/1017
f 1017/1017/1017 1016/1016/1016 1015/1015/1015
f 1011/1011/1011 1014/1014/1014 1013/1013/1013
f 1013/1013/1013 1012/1012/1012 1011/1011/1011
f 1007/1007/1007 1010/1010/1010 1009/1009/1009
f 1009/1009/1009 1008/1008/1008 1007/1007/1007
f 71/71/71 70/70/70 73/73/73
f 73/73/73 72/72/72 71/71/71
f 69/69/69 68/68/68 67/67/67
f 67/67/67 66/66/66 69/69/69
f 1003/1003/1003 1006/1006/1006 1005/1005/1005
f 1005/1005/1005 1004/1004/1004 1003/1003/1003
f 999/999/999 1002/1002/1002 1001/1001/1001
f 1001/1001/1001 1000/1000/1000 999/999/999
f 995/995/995 998/998/998 997/997/997
f 997/997/997 996/996/996 995/995/995
f 63/63/63 62/62/62 65/65/65
f 65/65/65 64/64/64 63/63/63
f 61/61/61 60/60/60 59/59/59
f 59/59/59 58/58/58 61/61/61
f 991/991/991 994/994/994 993/993/993
f 993/993/993 992/992/992 991/991/991
f 987/987/987 990/990/990 989/989/989
f 989/989/989 988/988/988 987/987/987
f 983/983/983 986/986/986 985/985/985
f 985/985/985 984/984/984 983/983/983
f 979/979/979 982/982/982 981/981/981
f 981/981/981 980/980/980 979/979/979
f 975/975/975 978/978/978 977/977/977
f 977/977/977 976/976/976 975/975/975
f 55/55/55 54/54/54 57/57/57
f 57/57/57 56/56/56 55/55/55
f 53/53/53 52/52/52 51/51/51
f 51/51/51 50/50/50 53/53/53
f 971/971/971 974/974/974 973/973/973
f 973/973/973 972/972/972 971/971/971
f 967/967/967 970/970/970 969/969/969
f 969/969/969 968/968/968 967/967/967
f 963/963/963 966/966/966 965/965/965
f 965/965/965 964/964/964 963/963/963
f 47/47/47 46/46/46 49/49/49
f 49/49/49 48/48/48 47/47/47
f 45/45/45 44/44/44 43/43/43
f 43/43/43 42/42/42 45/45/45
f 959/959/959 962/962/962 961/961/961
f 961/961/961 960/960/960 959/959/959
f 955/955/955 958/958/958 957/957/957
f 957/957/957 956/956/956 955/955/955
f 951/951/951 954/954/954 953/953/953
f 953/953/953 952/952/952 951/951/951
f 41/41/41 40/40/40 38/38/38
f 38/38/38 39/39/39 41/41/41
f 37/37/37 35/35/35 34/34/34
f 34/34/34 36/36/36 37/37/37
f 947/947/947 950/950/950 949/949/949
f 949/949/949 948/948/948 947/947/947
f 943/943/943 946/946/946 945/945/945
f 945/945/945 944/944/944 943/943/943
f 30/30/30 32/32/32 33/33/33
f 33/33/33 31/31/31 30/30/30
f 26/26/26 27/27/27 29/29/29
f 29/29/29 28/28/28 26/26/26
f 9/9/9 10/10/10 16/16/16
f 10/10/10 14/14/14 16/16/16
f 10/10/10 12/12/12 14/14/14
f 10/10/10 11/11/11 12/12/12
f 12/12/12 13/13/13 14/14/14
f 14/14/14 15/15/15 16/16/16
f 17/17/17 24/24/24 18/18/18
f 24/24/24 20/20/20 18/18/18
f 24/24/24 22/22/22 20/20/20
f 24/24/24 23/23/23 22/22/22
f 22/22/22 21/21/21 20/20/20
f 20/20/20 19/19/19 18/18/18
f 939/939/939 942/942/942 941/941/941
f 941/941/941 940/940/940 939/939/939
f 935/935/935 938/938/938 937/937/937
f 937/937/937 936/936/936 935/935/935
f 931/931/931 934/934/934 933/933/933
f 933/933/933 932/932/932 931/931/931
f 6/6/6 5/5/5 8/8/8
f 8/8/8 7/7/7 6/6/6
f 4/4/4 3/3/3 2/2/2
f 2/2/2 1/1/1 4/4/4
g sail
f 1767/1767/1767 1768/1768/1768 1888/1888/1888
f 1887/1887/1887 1886/1886/1886 1767/1767/1767
f 1885/1885/1885 1884/1884/1884 922/922/922
f 922/922/922 918/918/918 1883/1883/1883
f 1882/1882/1882 1881/1881/1881 921/921/921
f 921/921/921 917/917/917 1880/1880/1880
f 915/915/915 919/919/919 920/920/920
f 920/920/920 916/916/916 915/915/915
f 1759/1759/1759 1766/1766/1766 1879/1879/1879
f 913/913/913 1765/1765/1765 1878/1878/1878
f 912/912/912 1764/1764/1764 1877/1877/1877
f 911/911/911 914/914/914 910/910/910
f 1760/1760/1760 1876/1876/1876 1763/1763/1763
f 909/909/909 1875/1875/1875 1762/1762/1762
f 908/908/908 907/907/907 1761/1761/1761
f 907/907/907 906/906/906 905/905/905
f 1874/1874/1874 1760/1760/1760 1759/1759/1759
f 1759/1759/1759 1873/1873/1873 1872/1872/1872
f 1871/1871/1871 909/909/909 913/913/913
f 913/913/913 1870/1870/1870 1869/1869/1869
f 907/907/907 908/908/908 912/912/912
f 912/912/912 1868/1868/1868 1867/1867/1867
f 906/906/906 907/907/907 911/911/911
f 911/911/911 910/910/910 906/906/906
f 1866/1866/1866 1752/1752/1752 1749/1749/1749
f 887/887/887 893/893/893 894/894/894
f 894/894/894 888/888/888 887/887/887
f 889/889/889 895/895/895 896/896/896
f 896/896/896 890/890/890 889/889/889
f 1758/1758/1758 1757/1757/1757 1753/1753/1753
f 1757/1757/1757 1755/1755/1755 1753/1753/1753
f 1757/1757/1757 1756/1756/1756 1755/1755/1755
f 1755/1755/1755 1754/1754/1754 1753/1753/1753
f 1752/1752/1752 1865/1865/1865 1864/1864/1864
f 1749/1749/1749 1752/1752/1752 1751/1751/1751
f 1750/1750/1750 1863/1863/1863 1749/1749/1749
f 1746/1746/1746 1748/1748/1748 899/899/899
f 899/899/899 893/893/893 1746/1746/1746
f 897/897/897 903/903/903 904/904/904
f 904/904/904 898/898/898 897/897/897
f 896/896/896 902/902/902 903/903/903
f 903/903/903 897/897/897 896/896/896
f 895/895/895 901/901/901 902/902/902
f 902/902/902 896/896/896 895/895/895
f 894/894/894 900/900/900 901/901/901
f 901/901/901 895/895/895 894/894/894
f 893/893/893 899/899/899 900/900/900
f 900/900/900 894/894/894 893/893/893
f 887/887/887 1747/1747/1747 1746/1746/1746
f 1746/1746/1746 893/893/893 887/887/887
f 892/892/892 891/891/891 897/897/897
f 897/897/897 898/898/898 892/892/892
f 891/891/891 890/890/890 896/896/896
f 896/896/896 897/897/897 891/891/891
f 889/889/889 888/888/888 894/894/894
f 894/894/894 895/895/895 889/889/889
f 1722/1722/1722 1723/1723/1723 1745/1745/1745
f 1723/1723/1723 1724/1724/1724 1744/1744/1744
f 1743/1743/1743 1724/1724/1724 1722/1722/1722
f 872/872/872 871/871/871 1742/1742/1742
f 1742/1742/1742 1735/1735/1735 872/872/872
f 871/871/871 870/870/870 1741/1741/1741
f 1741/1741/1741 1742/1742/1742 871/871/871
f 870/870/870 869/869/869 1740/1740/1740
f 1740/1740/1740 1741/1741/1741 870/870/870
f 869/869/869 868/868/868 1739/1739/1739
f 1739/1739/1739 1740/1740/1740 869/869/869
f 868/868/868 867/867/867 1737/1737/1737
f 1737/1737/1737 1739/1739/1739 868/868/868
f 867/867/867 1725/1725/1725 1738/1738/1738
f 1738/1738/1738 1737/1737/1737 867/867/867
f 866/866/866 865/865/865 1734/1734/1734
f 1734/1734/1734 1736/1736/1736 866/866/866
f 865/865/865 872/872/872 1735/1735/1735
f 1735/1735/1735 1734/1734/1734 865/865/865
f 1862/1862/1862 1861/1861/1861 1860/1860/1860
f 1859/1859/1859 1733/1733/1733 1858/1858/1858
f 1857/1857/1857 1732/1732/1732 1731/1731/1731
f 860/860/860 1730/1730/1730 1729/1729/1729
f 1856/1856/1856 879/879/879 1727/1727/1727
f 879/879/879 878/878/878 1727/1727/1727
f 878/878/878 1728/1728/1728 1727/1727/1727
f 875/875/875 862/862/862 876/876/876
f 1855/1855/1855 863/863/863 876/876/876
f 863/863/863 877/877/877 876/876/876
f 862/862/862 875/875/875 861/861/861
f 875/875/875 874/874/874 1854/1854/1854
f 874/874/874 873/873/873 861/861/861
f 873/873/873 880/880/880 861/861/861
f 880/880/880 879/879/879 861/861/861
f 879/879/879 864/864/864 861/861/861
f 852/852/852 859/859/859 871/871/871
f 871/871/871 872/872/872 852/852/852
f 859/859/859 858/858/858 870/870/870
f 870/870/870 871/871/871 859/859/859
f 857/857/857 869/869/869 870/870/870
f 870/870/870 858/858/858 857/857/857
f 857/857/857 856/856/856 868/868/868
f 868/868/868 869/869/869 857/857/857
f 856/856/856 855/855/855 867/867/867
f 867/867/867 868/868/868 856/856/856
f 855/855/855 1726/1726/1726 1725/1725/1725
f 1725/1725/1725 867/867/867 855/855/855
f 854/854/854 853/853/853 865/865/865
f 865/865/865 866/866/866 854/854/854
f 853/853/853 852/852/852 872/872/872
f 872/872/872 865/865/865 853/853/853
f 1724/1724/1724 1723/1723/1723 1722/1722/1722
f 1687/1687/1687 1684/1684/1684 1721/1721/1721
f 1687/1687/1687 1690/1690/1690 1686/1686/1686
f 1687/1687/1687 1720/1720/1720 1692/1692/1692
f 1690/1690/1690 1719/1719/1719 1689/1689/1689
f 1718/1718/1718 851/851/851 1716/1716/1716
f 1718/1718/1718 1717/1717/1717 851/851/851
f 851/851/851 1707/1707/1707 1716/1716/1716
f 1713/1713/1713 849/849/849 1714/1714/1714
f 849/849/849 850/850/850 1714/1714/1714
f 850/850/850 1715/1715/1715 1714/1714/1714
f 1711/1711/1711 849/849/849 1712/1712/1712
f 1711/1711/1711 848/848/848 849/849/849
f 849/849/849 1713/1713/1713 1712/1712/1712
f 1709/1709/1709 847/847/847 1710/1710/1710
f 847/847/847 848/848/848 1710/1710/1710
f 848/848/848 1711/1711/1711 1710/1710/1710
f 1706/1706/1706 846/846/846 1708/1708/1708
f 846/846/846 847/847/847 1708/1708/1708
f 847/847/847 1709/1709/1709 1708/1708/1708
f 1707/1707/1707 846/846/846 1705/1705/1705
f 1707/1707/1707 851/851/851 846/846/846
f 846/846/846 1706/1706/1706 1705/1705/1705
f 1704/1704/1704 845/845/845 834/834/834
f 834/834/834 1693/1693/1693 1704/1704/1704
f 1703/1703/1703 844/844/844 845/845/845
f 845/845/845 1704/1704/1704 1703/1703/1703
f 1702/1702/1702 843/843/843 844/844/844
f 844/844/844 1703/1703/1703 1702/1702/1702
f 1701/1701/1701 842/842/842 843/843/843
f 843/843/843 1702/1702/1702 1701/1701/1701
f 1700/1700/1700 841/841/841 842/842/842
f 842/842/842 1701/1701/1701 1700/1700/1700
f 1699/1699/1699 840/840/840 841/841/841
f 841/841/841 1700/1700/1700 1699/1699/1699
f 1698/1698/1698 839/839/839 840/840/840
f 840/840/840 1699/1699/1699 1698/1698/1698
f 1697/1697/1697 838/838/838 839/839/839
f 839/839/839 1698/1698/1698 1697/1697/1697
f 1696/1696/1696 837/837/837 838/838/838
f 838/838/838 1697/1697/1697 1696/1696/1696
f 1695/1695/1695 836/836/836 837/837/837
f 837/837/837 1696/1696/1696 1695/1695/1695
f 1694/1694/1694 835/835/835 836/836/836
f 836/836/836 1695/1695/1695 1694/1694/1694
f 1693/1693/1693 834/834/834 835/835/835
f 835/835/835 1694/1694/1694 1693/1693/1693
f 1690/1690/1690 1687/1687/1687 1692/1692/1692
f 1692/1692/1692 1691/1691/1691 1690/1690/1690
f 1686/1686/1686 1690/1690/1690 1689/1689/1689
f 1689/1689/1689 1688/1688/1688 1686/1686/1686
f 1684/1684/1684 1687/1687/1687 1686/1686/1686
f 1686/1686/1686 1685/1685/1685 1684/1684/1684
f 822/822/822 810/810/810 821/821/821
f 821/821/821 833/833/833 822/822/822
f 833/833/833 821/821/821 820/820/820
f 820/820/820 832/832/832 833/833/833
f 832/832/832 820/820/820 819/819/819
f 819/819/819 831/831/831 832/832/832
f 831/831/831 819/819/819 818/818/818
f 818/818/818 830/830/830 831/831/831
f 830/830/830 818/818/818 817/817/817
f 817/817/817 829/829/829 830/830/830
f 829/829/829 817/817/817 1683/1683/1683
f 1683/1683/1683 1682/1682/1682 829/829/829
f 828/828/828 816/816/816 815/815/815
f 815/815/815 827/827/827 828/828/828
f 827/827/827 815/815/815 814/814/814
f 814/814/814 826/826/826 827/827/827
f 826/826/826 814/814/814 813/813/813
f 813/813/813 825/825/825 826/826/826
f 825/825/825 813/813/813 812/812/812
f 812/812/812 824/824/824 825/825/825
f 824/824/824 812/812/812 811/811/811
f 811/811/811 823/823/823 824/824/824
f 823/823/823 811/811/811 810/810/810
f 810/810/810 822/822/822 823/823/823
f 883/883/883 885/885/885 884/884/884
f 881/881/881 886/886/886 882/882/882
f 808/808/808 807/807/807 809/809/809
f 809/809/809 806/806/806 808/808/808
