v 0.328166 -0.008323000000000002 -0.021098
v 0.288541 -0.508618 0.03344500000000003
v 0.27045 -0.356923 0.001497000000000022
v 0.328166 -0.008323000000000002 -0.021098
v 0.37017 0.090418 -0.019222000000000006
v 0.288541 -0.508618 0.03344500000000003
v 0.37017 0.090418 -0.019222000000000006
v 0.34294 -0.096714 0.04752100000000001
v 0.288541 -0.508618 0.03344500000000003
v 0.37017 0.090418 -0.019222000000000006
v 0.359178 0.103424 0.015319999999999993
v 0.34294 -0.096714 0.04752100000000001
v 0.34294 -0.096714 0.04752100000000001
v 0.320521 -0.337439 0.06488500000000001
v 0.288541 -0.508618 0.03344500000000003
v 0.288541 -0.508618 0.03344500000000003
v 0.282932 -0.854711 0.0020410000000000523
v 0.27045 -0.356923 0.001497000000000022
v 0.359178 0.103424 0.015319999999999993
v 0.37017 0.090418 -0.019222000000000006
v 0.074626 0.15899 0.05590699999999999
v 0.074626 0.15899 0.05590699999999999
v 0.072787 0.170053 0.10998999999999999
v 0.359178 0.103424 0.015319999999999993
v 0.736936 -0.06655299999999999 0.145093
v 0.673988 -0.168305 -0.0009779999999999895
v 0.68988 -0.06714699999999998 0.145546
v 0.736936 -0.06655299999999999 0.145093
v 0.736936 -0.09827399999999999 0.169355
v 0.673988 -0.168305 -0.0009779999999999895
v 0.736936 -0.09827399999999999 0.169355
v 0.783993 -0.09772999999999998 0.168939
v 0.673988 -0.168305 -0.0009779999999999895
v 0.783993 -0.09772999999999998 0.168939
v 0.783993 -0.129465 0.193213
v 0.673988 -0.168305 -0.0009779999999999895
v 0.783993 -0.129465 0.193213
v 0.83105 -0.128972 0.192835
v 0.673988 -0.168305 -0.0009779999999999895
v 0.83105 -0.128972 0.192835
v 0.83105 -0.160727 0.217124
v 0.673988 -0.168305 -0.0009779999999999895
v 0.83105 -0.160727 0.217124
v 0.878107 -0.160285 0.216786
v 0.673988 -0.168305 -0.0009779999999999895
v 0.878107 -0.160285 0.216786
v 0.878107 -0.19206299999999998 0.241092
v 0.673988 -0.168305 -0.0009779999999999895
v 0.878107 -0.19206299999999998 0.241092
v 0.925163 -0.19167199999999998 0.240793
v 0.673988 -0.168305 -0.0009779999999999895
v 0.925163 -0.19167199999999998 0.240793
v 0.925163 -0.22346899999999997 0.265114
v 0.673988 -0.168305 -0.0009779999999999895
v 0.925163 -0.22346899999999997 0.265114
v 0.83105 -0.298245 0.03952500000000002
v 0.673988 -0.168305 -0.0009779999999999895
v 0.925163 -0.22346899999999997 0.265114
v 0.97222 -0.22312899999999997 0.264854
v 0.83105 -0.298245 0.03952500000000002
v 0.97222 -0.22312899999999997 0.264854
v 0.878107 -0.297824 0.039204000000000024
v 0.83105 -0.298245 0.03952500000000002
v 0.97222 -0.22312899999999997 0.264854
v 0.878107 -0.329583 0.06349500000000001
v 0.878107 -0.297824 0.039204000000000024
v 0.97222 -0.22312899999999997 0.264854
v 0.925163 -0.329211 0.06321100000000002
v 0.878107 -0.329583 0.06349500000000001
v 0.97222 -0.22312899999999997 0.264854
v 0.925163 -0.360987 0.08751600000000002
v 0.925163 -0.329211 0.06321100000000002
v 0.97222 -0.22312899999999997 0.264854
v 0.97222 -0.360664 0.08726900000000003
v 0.925163 -0.360987 0.08751600000000002
v 0.83105 -0.298245 0.03952500000000002
v 0.83105 -0.266507 0.015250000000000015
v 0.673988 -0.168305 -0.0009779999999999895
v 0.83105 -0.266507 0.015250000000000015
v 0.783993 -0.266976 0.015609000000000015
v 0.673988 -0.168305 -0.0009779999999999895
v 0.783993 -0.235262 -0.008648999999999987
v 0.736936 -0.23031 -0.0011889999999999859
v 0.673988 -0.168305 -0.0009779999999999895
v 0.783993 -0.235262 -0.008648999999999987
v 0.736936 -0.235779 -0.008252999999999986
v 0.736936 -0.23031 -0.0011889999999999859
v 0.673988 -0.168305 -0.0009779999999999895
v 0.68988 -0.035456999999999995 0.121307
v 0.68988 -0.06714699999999998 0.145546
v -0.01684 0.36038 0.345138
v 0.036963 0.387606 0.23517799999999997
v 0.076097 0.29466200000000004 0.460976
v 0.076097 0.29466200000000004 0.460976
v 0.044572 0.24067800000000003 0.527507
v -0.01684 0.36038 0.345138
v -0.341994 -0.19888 0.035908000000000016
v -0.398498 0.137751 0.206974
v -0.413189 0.152412 0.13907
v -0.398498 0.137751 0.206974
v -0.467855 0.294279 0.17101899999999998
v -0.413189 0.152412 0.13907
v -0.467855 0.294279 0.17101899999999998
v -0.634163 0.598639 0.01681099999999996
v -0.413189 0.152412 0.13907
v -0.302104 -0.303564 0.04254100000000002
v -0.317551 -0.296397 0.007999000000000017
v -0.018293 -0.233037 -0.0010999999999999858
v -0.018293 -0.233037 -0.0010999999999999858
v -0.011966 -0.242297 0.034672000000000015
v -0.302104 -0.303564 0.04254100000000002
v 0.673988 -0.168305 -0.0009779999999999895
v 0.736936 -0.06655299999999999 0.145093
v 0.68988 -0.06714699999999998 0.145546
v 1.373544 0.53244 0.0009499999999999674
v 1.489288 0.17642900000000003 0.272196
v 1.489288 -0.03452 -0.000639999999999998
v 0.736936 -0.09827399999999999 0.169355
v 0.736936 -0.06655299999999999 0.145093
v 0.673988 -0.168305 -0.0009779999999999895
v 0.673988 -0.168305 -0.0009779999999999895
v 0.736936 -0.23031 -0.0011889999999999859
v 0.736936 -0.09827399999999999 0.169355
v 0.673988 -0.168305 -0.0009779999999999895
v 0.68988 -0.06714699999999998 0.145546
v 0.68988 -0.035456999999999995 0.121307
v 0.962864 -0.27115 0.3272
v 0.996336 -0.24146299999999998 0.304696
v 0.850361 -0.01318199999999999 0.130088
v 0.962864 -0.27115 0.3272
v 0.996336 -0.270941 0.32704
v 0.996336 -0.24146299999999998 0.304696
v 0.996336 0.03566000000000004 0.667007
v 0.962864 0.0061690000000000425 0.689767
v 0.850361 0.26394200000000007 0.492398
v 0.996336 0.03566000000000004 0.667007
v 0.996336 0.0063780000000000425 0.689607
v 0.962864 0.0061690000000000425 0.689767
v 0.962864 0.0061690000000000425 0.689767
v 0.962864 0.01844800000000004 0.70599
v 0.664132 0.24839900000000004 0.530104
v 0.664132 0.24839900000000004 0.530104
v 0.664132 0.23609800000000003 0.513899
v 0.962864 0.0061690000000000425 0.689767
v -2.007435 -0.193352 -0.02515499999999999
v -2.071627 -0.274543 -0.025224999999999984
v -2.078336 -0.264128 -0.013249999999999984
v -1.386999 -0.696291 0.25144000000000005
v -1.410567 -0.735818 0.24343300000000007
v -1.06592 -0.524017 0.12769200000000003
v -1.06592 -0.524017 0.12769200000000003
v -1.07723 -0.50629 0.14791300000000002
v -1.386999 -0.696291 0.25144000000000005
v 0.679571 -0.306378 -0.0014019999999999812
v 0.730569 -0.314057 0.006477000000000019
v 0.729588 -0.290832 0.03558200000000002
v 0.729588 -0.290832 0.03558200000000002
v 0.673988 -0.168305 -0.0009779999999999895
v 0.679571 -0.306378 -0.0014019999999999812
v 1.827926 -0.43991299999999994 0.455682
v 1.67171 -0.533179 0.2794110000000001
v 1.684753 -0.557525 0.2507690000000001
v 1.684753 -0.557525 0.2507690000000001
v 1.852125 -0.45784 0.4381840000000001
v 1.827926 -0.43991299999999994 0.455682
v 1.67171 -0.533179 0.2794110000000001
v 0.907687 -0.44667 0.15791400000000003
v 0.907686 -0.469344 0.12872600000000003
v 0.907686 -0.469344 0.12872600000000003
v 1.684753 -0.557525 0.2507690000000001
v 1.67171 -0.533179 0.2794110000000001
v 0.907687 -0.44667 0.15791400000000003
v 0.729588 -0.290832 0.03558200000000002
v 0.730569 -0.314057 0.006477000000000019
v 0.730569 -0.314057 0.006477000000000019
v 0.907686 -0.469344 0.12872600000000003
v 0.907687 -0.44667 0.15791400000000003
v -0.560002 -0.295686 0.07879500000000002
v -0.548128 -0.313875 0.05814400000000002
v -0.405017 -0.215254 0.035941000000000015
v -0.405017 -0.215254 0.035941000000000015
v -0.330762 -0.195708 0.047022000000000015
v -0.560002 -0.295686 0.07879500000000002
v -0.560002 -0.295686 0.07879500000000002
v -0.70438 -0.291581 0.05391200000000002
v -0.692745 -0.309744 0.03338700000000002
v -0.692745 -0.309744 0.03338700000000002
v -0.548128 -0.313875 0.05814400000000002
v -0.560002 -0.295686 0.07879500000000002
v -0.70438 -0.291581 0.05391200000000002
v -1.07723 -0.50629 0.14791300000000002
v -1.06592 -0.524017 0.12769200000000003
v -1.06592 -0.524017 0.12769200000000003
v -0.692745 -0.309744 0.03338700000000002
v -0.70438 -0.291581 0.05391200000000002
v -1.830959 -1.037225 0.4151520000000001
v -1.884097 -1.100778 0.42912000000000006
v -1.410567 -0.735818 0.24343300000000007
v -1.410567 -0.735818 0.24343300000000007
v -1.386999 -0.696291 0.25144000000000005
v -1.830959 -1.037225 0.4151520000000001
v 1.866062 -0.30874899999999994 0.644939
v 1.827926 -0.43991299999999994 0.455682
v 1.852125 -0.45784 0.4381840000000001
v 1.852125 -0.45784 0.4381840000000001
v 1.898782 -0.31272199999999994 0.647977
v 1.866062 -0.30874899999999994 0.644939
v 1.715241 0.15256100000000003 0.291272
v 1.666994 -0.010206999999999997 0.06114
v 1.489288 0.17642900000000003 0.272196
v 1.267365 -0.572639 0.28407200000000005
v 1.210016 -0.465965 0.19591600000000003
v 1.184744 -0.463717 0.19120300000000004
v 1.184744 -0.463717 0.19120300000000004
v 1.258967 -0.587902 0.29667200000000005
v 1.267365 -0.572639 0.28407200000000005
v 1.185439 -0.505412 0.13887800000000003
v 1.210711 -0.507657 0.14358700000000002
v 1.26806 -0.614266 0.23169500000000004
v 1.26806 -0.614266 0.23169500000000004
v 1.259662 -0.629519 0.24428600000000003
v 1.185439 -0.505412 0.13887800000000003
v 1.903208 -0.567178 0.500183
v 1.864959 -0.540326 0.52921
v 1.903095 -0.40838899999999995 0.719513
v 1.903095 -0.40838899999999995 0.719513
v 1.951221 -0.41240599999999994 0.722586
v 1.903208 -0.567178 0.500183
v 1.721786 -0.667808 0.29929300000000003
v 1.708742 -0.627645 0.34838900000000006
v 1.864959 -0.540326 0.52921
v 1.864959 -0.540326 0.52921
v 1.903208 -0.567178 0.500183
v 1.721786 -0.667808 0.29929300000000003
v 1.26806 -0.614266 0.23169500000000004
v 1.267365 -0.572639 0.28407200000000005
v 1.708742 -0.627645 0.34838900000000006
v 1.708742 -0.627645 0.34838900000000006
v 1.721786 -0.667808 0.29929300000000003
v 1.26806 -0.614266 0.23169500000000004
v 1.708742 -0.646857 0.36308500000000005
v 1.258967 -0.587902 0.29667200000000005
v 1.259662 -0.629519 0.24428600000000003
v 1.259662 -0.629519 0.24428600000000003
v 1.721786 -0.687007 0.31397800000000003
v 1.708742 -0.646857 0.36308500000000005
v 1.864959 -0.559538 0.543905
v 1.708742 -0.646857 0.36308500000000005
v 1.721786 -0.687007 0.31397800000000003
v 1.721786 -0.687007 0.31397800000000003
v 1.903208 -0.58638 0.51487
v 1.864959 -0.559538 0.543905
v 1.903095 -0.42760099999999995 0.734209
v 1.864959 -0.559538 0.543905
v 1.903208 -0.58638 0.51487
v 1.903208 -0.58638 0.51487
v 1.951221 -0.43160899999999996 0.737274
v 1.903095 -0.42760099999999995 0.734209
v 1.666994 0.33206300000000005 0.508603
v 1.715241 0.15256100000000003 0.291272
v 1.489288 0.17642900000000003 0.272196
v 1.489288 0.17642900000000003 0.272196
v 1.489287 0.46360400000000007 0.651715
v 1.666994 0.33206300000000005 0.508603
v 0.236323 0.471964 0.03806199999999997
v 0.507421 0.11842700000000002 0.316342
v 0.506793 0.40976100000000004 0.699152
v -0.714437 -0.08440399999999999 0.125285
v -0.70424 -0.213424 0.015709000000000015
v -0.623621 -0.178899 0.002601000000000011
v -0.623621 -0.178899 0.002601000000000011
v -0.637209 -0.043073999999999994 0.119854
v -0.714437 -0.08440399999999999 0.125285
v -0.956733 0.17908000000000002 0.466912
v -0.840274 0.11121500000000002 0.350106
v -0.769688 0.16286700000000004 0.356539
v -0.769688 0.16286700000000004 0.356539
v -0.887542 0.23288800000000004 0.47555
v -0.956733 0.17908000000000002 0.466912
v 1.840025 -0.15433199999999994 0.832015
v 1.678231 -0.00408599999999994 0.97273
v 1.715264 -0.08136699999999994 0.889749
v 1.184744 -0.15496699999999997 0.511404
v 1.210016 -0.15796999999999997 0.515676
v 1.267365 -0.18245499999999998 0.651879
v 1.267365 -0.18245499999999998 0.651879
v 1.258967 -0.18594599999999997 0.67136
v 1.184744 -0.15496699999999997 0.511404
v 1.26806 -0.11639199999999995 0.662456
v 1.210711 -0.09191799999999997 0.526334
v 1.185439 -0.08891599999999997 0.522066
v 1.185439 -0.08891599999999997 0.522066
v 1.259662 -0.11988099999999996 0.681925
v 1.26806 -0.11639199999999995 0.662456
v 1.903208 -0.23827099999999996 0.930179
v 1.951221 -0.41240599999999994 0.722586
v 1.903095 -0.40838899999999995 0.719513
v 1.903095 -0.40838899999999995 0.719513
v 1.864958 -0.25925599999999993 0.896664
v 1.903208 -0.23827099999999996 0.930179
v 1.721786 -0.04993199999999994 0.921889
v 1.903208 -0.23827099999999996 0.930179
v 1.864958 -0.25925599999999993 0.896664
v 1.864958 -0.25925599999999993 0.896664
v 1.708742 -0.08680299999999995 0.870275
v 1.721786 -0.04993199999999994 0.921889
v 1.26806 -0.11639199999999995 0.662456
v 1.721786 -0.04993199999999994 0.921889
v 1.708742 -0.08680299999999995 0.870275
v 1.708742 -0.08680299999999995 0.870275
v 1.267365 -0.18245499999999998 0.651879
v 1.26806 -0.11639199999999995 0.662456
v 1.708742 -0.10601599999999994 0.884971
v 1.721786 -0.06913199999999994 0.936575
v 1.259662 -0.11988099999999996 0.681925
v 1.259662 -0.11988099999999996 0.681925
v 1.258967 -0.18594599999999997 0.67136
v 1.708742 -0.10601599999999994 0.884971
v 1.864959 -0.27846899999999997 0.91136
v 1.903208 -0.25747299999999995 0.944866
v 1.721786 -0.06913199999999994 0.936575
v 1.721786 -0.06913199999999994 0.936575
v 1.708742 -0.10601599999999994 0.884971
v 1.864959 -0.27846899999999997 0.91136
v 1.903095 -0.42760099999999995 0.734209
v 1.951221 -0.43160899999999996 0.737274
v 1.903208 -0.25747299999999995 0.944866
v 1.903208 -0.25747299999999995 0.944866
v 1.864959 -0.27846899999999997 0.91136
v 1.903095 -0.42760099999999995 0.734209
v -1.398827 -0.519996 0.35095300000000007
v -1.250492 -0.23694899999999997 0.457464
v -1.26186 -0.21942099999999998 0.477761
v 0.950963 -0.21854499999999996 0.282424
v 0.950964 -0.3595 0.10036600000000002
v 0.9641 -0.383569 0.11934200000000003
v 0.9641 0.17056600000000005 0.84381
v 0.950964 0.19518100000000005 0.825549
v 0.950963 0.06297700000000005 0.650484
v 1.373544 0.53244 0.0009499999999999674
v 1.489287 0.46360400000000007 0.651715
v 1.489288 0.17642900000000003 0.272196
v 1.373544 0.53244 0.0009499999999999674
v 1.389462 0.692824 0.32808399999999993
v 1.489287 0.46360400000000007 0.651715
v 1.373544 0.53244 0.0009499999999999674
v 1.320099 0.791673 0.0016759999999999514
v 1.389462 0.692824 0.32808399999999993
v 1.389462 0.692824 0.32808399999999993
v 1.433757 0.626779 0.5143
v 1.489287 0.46360400000000007 0.651715
v 0.46928 0.3325640000000001 0.759588
v 0.729588 0.28404700000000005 0.787172
v 0.730569 0.3060570000000001 0.817207
v 0.730569 0.3060570000000001 0.817207
v 0.469259 0.35531900000000005 0.789803
v 0.46928 0.3325640000000001 0.759588
v 1.827926 -0.16043099999999993 0.821075
v 1.852125 -0.14823599999999995 0.842958
v 1.684753 0.0065460000000000605 0.98823
v 0.907686 0.10710400000000006 0.875096
v 0.907687 0.08487000000000006 0.845572
v 1.671709 -0.014722999999999941 0.957234
v 0.907687 0.08487000000000006 0.845572
v 0.907686 0.10710400000000006 0.875096
v 0.730569 0.3060570000000001 0.817207
v 0.730569 0.3060570000000001 0.817207
v 0.729588 0.28404700000000005 0.787172
v 0.907687 0.08487000000000006 0.845572
v 0.076097 0.29466200000000004 0.460976
v 0.46928 0.3325640000000001 0.759588
v 0.469259 0.35531900000000005 0.789803
v 0.469259 0.35531900000000005 0.789803
v 0.044572 0.24067800000000003 0.527507
v 0.076097 0.29466200000000004 0.460976
v -0.834482 0.13127100000000003 0.569746
v -0.823097 0.11330200000000003 0.548841
v -0.544312 0.36929400000000007 0.552209
v -0.544312 0.36929400000000007 0.552209
v -0.621522 0.3476540000000001 0.573862
v -0.834482 0.13127100000000003 0.569746
v -0.823097 0.11330200000000003 0.548841
v -0.834482 0.13127100000000003 0.569746
v -0.963949 0.11185100000000003 0.517922
v -0.963949 0.11185100000000003 0.517922
v -0.952474 0.09408800000000003 0.497158
v -0.823097 0.11330200000000003 0.548841
v -0.952474 0.09408800000000003 0.497158
v -0.963949 0.11185100000000003 0.517922
v -1.26186 -0.21942099999999998 0.477761
v -1.26186 -0.21942099999999998 0.477761
v -1.250492 -0.23694899999999997 0.457464
v -0.952474 0.09408800000000003 0.497158
v -1.830959 -1.037225 0.4151520000000001
v -1.398827 -0.519996 0.35095300000000007
v -1.436234 -0.53801 0.3676710000000001
v -1.436234 -0.53801 0.3676710000000001
v -1.884097 -1.100778 0.42912000000000006
v -1.830959 -1.037225 0.4151520000000001
v 1.866062 -0.30874899999999994 0.644939
v 1.898782 -0.31272199999999994 0.647977
v 1.852125 -0.14823599999999995 0.842958
v 1.852125 -0.14823599999999995 0.842958
v 1.827926 -0.16043099999999993 0.821075
v 1.866062 -0.30874899999999994 0.644939
v -0.978572 0.708577 0.06262599999999996
v -1.014368 0.710389 -0.0030710000000000433
v -1.010357 0.644853 0.26390299999999994
v -0.805831 0.699832 0.37965299999999996
v -0.841655 0.701646 0.31390699999999994
v -1.50299 0.041325 0.003340999999999997
v -1.550949 -0.280607 0.12957600000000002
v -1.544895 -0.290527 0.11549900000000002
v -1.480641 0.058067 -0.025308000000000004
v -1.469086 0.118831 -0.025215000000000008
v 0.076097 0.29466200000000004 0.460976
v 0.036963 0.387606 0.23517799999999997
v 0.506793 0.40976100000000004 0.699152
v 0.236323 0.471964 0.03806199999999997
v 0.506793 0.40976100000000004 0.699152
v 1.875961 -0.646416 0.889115
v 1.86714 -0.790455 0.754738
v 1.922947 -0.640346 0.766607
v 1.875961 -0.646416 0.889115
v 1.867139 -0.42799099999999995 0.857206
v 1.684753 0.0065460000000000605 0.98823
v 1.671709 -0.014722999999999941 0.957234
v 1.827926 -0.16043099999999993 0.821075
v 1.671709 -0.014722999999999941 0.957234
v 0.907686 0.10710400000000006 0.875096
v 0.963581 -0.4136 0.305971
v 0.966197 -0.423013 0.304762
v 1.158518 -0.358941 0.369392
v 1.158518 -0.358941 0.369392
v 1.160948 -0.34838 0.372587
v 1.160948 -0.34838 0.372587
v 1.158518 -0.358941 0.369392
v 1.223621 -0.445697 0.19110700000000003
v 1.223621 -0.445697 0.19110700000000003
v 1.227655 -0.4369 0.18929800000000002
v 0.963581 -0.06083099999999995 0.861048
v 1.160948 -0.06836199999999996 0.768125
v 1.158518 -0.07287399999999995 0.778193
v 1.158518 -0.07287399999999995 0.778193
v 0.966197 -0.06608999999999994 0.868948
v 1.160948 -0.06836199999999996 0.768125
v 1.227655 0.011979000000000059 0.955144
v 1.223621 0.004846000000000059 0.960599
v 1.223621 0.004846000000000059 0.960599
v 1.158518 -0.07287399999999995 0.778193
v 0.169679 0.215346 0.10606899999999998
v 0.360241 0.284805 0.025405999999999984
v 0.358072 0.283681 0.03643599999999998
v 0.358072 0.283681 0.03643599999999998
v 0.172608 0.215654 0.11546299999999998
v 0.360241 0.284805 0.025405999999999984
v 0.331889 0.449223 0.15973099999999998
v 0.330771 0.443584 0.16772299999999998
v 0.330771 0.443584 0.16772299999999998
v 0.358072 0.283681 0.03643599999999998
v -1.045228 -0.399346 0.06841200000000003
v -0.90033 -0.236217 0.06382900000000001
v -0.901238 -0.243552 0.07014600000000001
v -0.901238 -0.243552 0.07014600000000001
v -1.042066 -0.40292 0.07477800000000003
v -0.90033 -0.236217 0.06382900000000001
v -0.980472 -0.187249 0.206154
v -0.978888 -0.196168 0.209003
v -0.978888 -0.196168 0.209003
v -0.901238 -0.243552 0.07014600000000001
v -1.398827 -0.519996 0.35095300000000007
v -1.830959 -1.037225 0.4151520000000001
v -1.745649 -0.842587 0.34868400000000005
v -1.745649 -0.842587 0.34868400000000005
v -1.470265 -0.473379 0.31151900000000005
v -1.250492 -0.23694899999999997 0.457464
v -1.239082 -0.10965699999999998 0.400417
v -0.906484 0.265871 0.45316
v -0.952474 0.09408800000000003 0.497158
v -0.863738 0.19574600000000003 0.499194
v -0.823097 0.11330200000000003 0.548841
v -0.544312 0.36929400000000007 0.552209
v -0.6051 0.42523800000000006 0.505529
v 1.484998 0.20905900000000002 0.286452
v 1.406936 0.587563 -0.048990000000000034
v 1.420831 0.489275 -0.04828400000000003
v 1.484998 0.17278400000000002 0.239025
v -0.652342 0.718559 0.41918799999999995
v -0.805831 0.699832 0.37965299999999996
v -0.76621 0.651376 0.4192699999999999
v -0.686633 0.554057 0.49883599999999995
v 0.783993 -0.266976 0.015609000000000015
v 0.783993 -0.244962 -0.001229999999999985
v 0.673988 -0.168305 -0.0009779999999999895
v 0.783993 -0.235262 -0.008648999999999987
v 1.801351 -0.898013 0.50557
v 1.461812 -0.154964 -0.0009769999999999905
v 1.474052 -0.206775 -0.0011229999999999875
v 1.797949 -0.915821 0.4822620000000001
v 1.582108 -0.235496 -0.0012029999999999855
v 1.571238 -0.1841 -0.0010589999999999888
v 1.913123 -0.994146 0.5579770000000001
v 1.90972 -1.011954 0.5346680000000001
v 1.571238 -0.1841 -0.0010589999999999888
v 1.461812 -0.154964 -0.0009769999999999905
v 1.801351 -0.898013 0.50557
v 1.913123 -0.994146 0.5579770000000001
v 0.925163 -0.360987 0.08751600000000002
v 0.925163 -0.22346899999999997 0.265114
v 0.925163 -0.19167199999999998 0.240793
v 0.925163 -0.329211 0.06321100000000002
v 0.878107 -0.329583 0.06349500000000001
v 0.878107 -0.19206299999999998 0.241092
v 0.878107 -0.160285 0.216786
v 0.878107 -0.297824 0.039204000000000024
v 0.83105 -0.298245 0.03952500000000002
v 0.83105 -0.160727 0.217124
v 0.83105 -0.128972 0.192835
v 0.83105 -0.266507 0.015250000000000015
v 0.97222 -0.22312899999999997 0.264854
v 0.925163 -0.22346899999999997 0.265114
v 0.925163 -0.360987 0.08751600000000002
v 0.97222 -0.360664 0.08726900000000003
v 0.925163 -0.19167199999999998 0.240793
v 0.878107 -0.19206299999999998 0.241092
v 0.878107 -0.329583 0.06349500000000001
v 0.925163 -0.329211 0.06321100000000002
v 0.878107 -0.160285 0.216786
v 0.83105 -0.160727 0.217124
v 0.83105 -0.298245 0.03952500000000002
v 0.878107 -0.297824 0.039204000000000024
v 0.83105 -0.128972 0.192835
v 0.783993 -0.129465 0.193213
v 0.783993 -0.266976 0.015609000000000015
v 0.83105 -0.266507 0.015250000000000015
v 0.962864 -0.27115 0.3272
v 0.850361 -0.01318199999999999 0.130088
v 0.664132 -0.041220999999999994 0.151332
v 0.664132 -0.01558799999999999 0.131725
v 0.962864 -0.27115 0.3272
v 0.664132 -0.041220999999999994 0.151332
v 0.664132 -0.053642999999999996 0.135218
v 0.962864 -0.283593 0.311102
v 0.664132 -0.041220999999999994 0.151332
v 0.664132 -0.01558799999999999 0.131725
v 0.664132 -0.027995999999999993 0.1156
v 0.664132 -0.053642999999999996 0.135218
v 0.996336 -0.24146299999999998 0.304696
v 0.996336 -0.270941 0.32704
v 0.996336 -0.283385 0.310943
v 0.996336 -0.254009 0.288474
v 0.996336 -0.270941 0.32704
v 0.962864 -0.27115 0.3272
v 0.962864 -0.283593 0.311102
v 0.996336 -0.283385 0.310943
v 0.925163 0.20649200000000006 0.829431
v 0.925163 0.23826700000000006 0.805127
v 0.925163 0.11036900000000004 0.635681
v 0.925163 0.07857200000000004 0.660002
v 0.878107 0.24538100000000004 0.815197
v 0.878107 0.2771390000000001 0.790905
v 0.878107 0.14175600000000002 0.611674
v 0.878107 0.10997800000000005 0.63598
v 0.83105 0.27671900000000005 0.791227
v 0.83105 0.30845700000000004 0.766951
v 0.83105 0.17306900000000003 0.587723
v 0.83105 0.14131400000000002 0.612012
v 0.783993 0.30798800000000004 0.76731
v 0.783993 0.33970200000000006 0.743053
v 0.783993 0.20431200000000002 0.563826
v 0.783993 0.17257600000000003 0.588101
v 0.736936 0.33918400000000004 0.743448
v 0.736936 0.37087200000000003 0.719211
v 0.736936 0.23548900000000003 0.53998
v 0.736936 0.20376800000000003 0.564242
v 0.689879 0.3703080000000001 0.719642
v 0.689879 0.4019670000000001 0.695427
v 0.68988 0.26658500000000007 0.516194
v 0.68988 0.23489600000000002 0.540433
v 0.97222 0.07891200000000004 0.659743
v 0.97222 0.20681400000000005 0.829185
v 0.925163 0.20649200000000006 0.829431
v 0.925163 0.07857200000000004 0.660002
v 0.925163 0.11036900000000004 0.635681
v 0.925163 0.23826700000000006 0.805127
v 0.878107 0.24538100000000004 0.815197
v 0.878107 0.10997800000000005 0.63598
v 0.878107 0.14175600000000002 0.611674
v 0.878107 0.2771390000000001 0.790905
v 0.83105 0.27671900000000005 0.791227
v 0.83105 0.14131400000000002 0.612012
v 0.83105 0.17306900000000003 0.587723
v 0.83105 0.30845700000000004 0.766951
v 0.783993 0.30798800000000004 0.76731
v 0.783993 0.17257600000000003 0.588101
v 0.783993 0.20431200000000002 0.563826
v 0.783993 0.33970200000000006 0.743053
v 0.736936 0.33918400000000004 0.743448
v 0.736936 0.20376800000000003 0.564242
v 0.736936 0.23548900000000003 0.53998
v 0.736936 0.37087200000000003 0.719211
v 0.689879 0.3703080000000001 0.719642
v 0.68988 0.23489600000000002 0.540433
v 0.962864 0.0061690000000000425 0.689767
v 0.664132 0.23609800000000003 0.513899
v 0.850361 0.26394200000000007 0.492398
v 0.664132 0.2617320000000001 0.494291
v 0.664132 0.23609800000000003 0.513899
v 0.664132 0.24839900000000004 0.530104
v 0.664132 0.27404600000000007 0.510487
v 0.664132 0.2617320000000001 0.494291
v 0.996336 0.03566000000000004 0.667007
v 0.996336 0.04803200000000004 0.683362
v 0.996336 0.01865600000000004 0.705831
v 0.996336 0.0063780000000000425 0.689607
v 0.996336 0.0063780000000000425 0.689607
v 0.996336 0.01865600000000004 0.705831
v 0.962864 0.01844800000000004 0.70599
v 0.962864 0.0061690000000000425 0.689767
v 1.597836 0.17266200000000004 0.239118
v 1.597836 0.20893800000000004 0.286545
v 1.484998 0.20905900000000002 0.286452
v 1.484998 0.17278400000000002 0.239025
v 1.597836 0.20893800000000004 0.286545
v 1.597836 0.17266200000000004 0.239118
v 1.597836 0.489273 -0.04828400000000003
v 1.597836 0.587562 -0.048990000000000034
v 1.484998 0.20905900000000002 0.286452
v 1.597836 0.20893800000000004 0.286545
v 1.597836 0.587562 -0.048990000000000034
v 1.406936 0.587563 -0.048990000000000034
v 1.597836 0.489273 -0.04828400000000003
v 1.597836 0.17266200000000004 0.239118
v 1.484998 0.17278400000000002 0.239025
v 1.420831 0.489275 -0.04828400000000003
v -1.336653 -0.04894099999999997 0.400989
v -1.162336 -0.17939799999999997 0.524446
v -0.996233 0.03799100000000003 0.536653
v -1.170554 0.16834500000000002 0.413261
v -1.544895 -0.290527 0.11549900000000002
v -1.494409 0.027731 -0.013621000000000001
v -1.50299 0.041325 0.003340999999999997
v -1.480641 0.058067 -0.025308000000000004
v -1.740043 -0.190237 -0.019168999999999988
v -2.036838 -0.366309 -0.02170299999999998
v -2.038382 -0.360193 -0.02541099999999998
v -1.726623 -0.168391 -0.02542699999999999
v -1.972579 -1.352742 0.5180110000000001
v -2.089428 -1.449156 0.5281070000000001
v -2.073372 -1.474066 0.4994670000000001
v -1.956517 -1.377661 0.48936000000000013
v 1.90972 -1.011954 0.5346680000000001
v 1.913123 -0.994146 0.5579770000000001
v 1.801351 -0.898013 0.50557
v 1.797949 -0.915821 0.4822620000000001
v 1.797949 -0.915821 0.4822620000000001
v 1.474052 -0.206775 -0.0011229999999999875
v 1.582108 -0.235496 -0.0012029999999999855
v 1.90972 -1.011954 0.5346680000000001
v 1.840025 -0.15433199999999994 0.832015
v 1.882422 -0.31152399999999997 0.645423
v 1.919455 -0.41567799999999994 0.72489
v 1.877058 -0.25836299999999995 0.911587
v 1.666994 -0.010206999999999997 0.06114
v 1.489288 -0.03452 -0.000639999999999998
v 1.489288 0.17642900000000003 0.272196
v 1.600179 -0.049187 -0.0006809999999999969
v 1.258967 -0.587902 0.29667200000000005
v 1.184744 -0.463717 0.19120300000000004
v 1.185439 -0.505412 0.13887800000000003
v 1.259662 -0.629519 0.24428600000000003
v 1.210711 -0.507657 0.14358700000000002
v 1.210016 -0.465965 0.19591600000000003
v 1.267365 -0.572639 0.28407200000000005
v 1.26806 -0.614266 0.23169500000000004
v 1.414842 -0.45813999999999994 0.65345
v 1.210319 0.13996900000000007 0.830254
v 1.210319 0.14542900000000006 0.812119
v 1.414842 -0.45298299999999997 0.636154
v 1.414842 -0.45298299999999997 0.636154
v 1.210319 0.14542900000000006 0.812119
v 1.232782 0.14718100000000006 0.812098
v 1.436633 -0.45777099999999993 0.634867
v 1.436633 -0.45777099999999993 0.634867
v 1.232782 0.14718100000000006 0.812098
v 1.232782 0.14142300000000005 0.831221
v 1.436633 -0.46285899999999996 0.651934
v 1.436633 -0.46285899999999996 0.651934
v 1.232782 0.14142300000000005 0.831221
v 1.210319 0.13996900000000007 0.830254
v 1.414842 -0.45813999999999994 0.65345
v 1.407256 -0.859421 0.58272
v 1.203062 -0.365319 0.20535000000000003
v 1.203062 -0.376919 0.19037900000000002
v 1.407256 -0.870433 0.56842
v 1.407256 -0.870433 0.56842
v 1.203062 -0.376919 0.19037900000000002
v 1.225525 -0.375905 0.18895400000000004
v 1.429047 -0.874294 0.571524
v 1.429047 -0.874294 0.571524
v 1.225525 -0.375905 0.18895400000000004
v 1.225525 -0.363672 0.20474000000000003
v 1.429047 -0.863429 0.585635
v 1.429047 -0.863429 0.585635
v 1.225525 -0.363672 0.20474000000000003
v 1.203062 -0.365319 0.20535000000000003
v 1.407256 -0.859421 0.58272
v 1.652447 -0.917983 0.37543100000000007
v 1.421439 -0.321427 0.327365
v 1.427862 -0.320544 0.308973
v 1.658344 -0.917126 0.35853000000000007
v 1.658344 -0.917126 0.35853000000000007
v 1.427862 -0.320544 0.308973
v 1.449049 -0.318002 0.316493
v 1.679324 -0.92009 0.36568600000000007
v 1.679324 -0.92009 0.36568600000000007
v 1.449049 -0.318002 0.316493
v 1.442626 -0.318886 0.334885
v 1.673428 -0.920949 0.38258800000000004
v 1.673428 -0.920949 0.38258800000000004
v 1.442626 -0.318886 0.334885
v 1.421439 -0.321427 0.327365
v 1.652447 -0.917983 0.37543100000000007
v 1.826313 -0.640643 0.561188
v 1.650456 0.017866000000000045 0.75616
v 1.650456 0.023459000000000046 0.737478
v 1.826313 -0.635557 0.544004
v 1.826313 -0.635557 0.544004
v 1.650456 0.023459000000000046 0.737478
v 1.673081 0.023426000000000044 0.737468
v 1.847986 -0.640859 0.542441
v 1.847986 -0.640859 0.542441
v 1.673081 0.023426000000000044 0.737468
v 1.673081 0.017833000000000047 0.75615
v 1.847986 -0.645945 0.559625
v 1.847986 -0.645945 0.559625
v 1.673081 0.017833000000000047 0.75615
v 1.650456 0.017866000000000045 0.75616
v 1.826313 -0.640643 0.561188
v 1.867623 -0.6613829999999999 0.907873
v 1.705854 -0.16547199999999998 0.529553
v 1.705854 -0.17731399999999997 0.514059
v 1.867623 -0.67227 0.893637
v 1.867623 -0.67227 0.893637
v 1.705854 -0.17731399999999997 0.514059
v 1.72848 -0.17736399999999997 0.514098
v 1.889296 -0.676662 0.896997
v 1.889296 -0.676662 0.896997
v 1.72848 -0.17736399999999997 0.514098
v 1.72848 -0.16552199999999997 0.529592
v 1.889296 -0.6657749999999999 0.911232
v 1.889296 -0.6657749999999999 0.911232
v 1.72848 -0.16552199999999997 0.529592
v 1.705854 -0.16547199999999998 0.529553
v 1.867623 -0.6613829999999999 0.907873
v -0.840274 0.11121500000000002 0.350106
v -0.755233 0.027714000000000013 0.237659
v -0.681304 0.07417700000000002 0.238179
v -0.769688 0.16286700000000004 0.356539
v -0.755233 0.027714000000000013 0.237659
v -0.714437 -0.08440399999999999 0.125285
v -0.637209 -0.043073999999999994 0.119854
v -0.681304 0.07417700000000002 0.238179
v 1.185439 -0.08891599999999997 0.522066
v 1.184744 -0.15496699999999997 0.511404
v 1.258967 -0.18594599999999997 0.67136
v 1.259662 -0.11988099999999996 0.681925
v 1.267365 -0.18245499999999998 0.651879
v 1.210016 -0.15796999999999997 0.515676
v 1.210711 -0.09191799999999997 0.526334
v 1.26806 -0.11639199999999995 0.662456
v -1.332402 -0.348305 0.433225
v -1.398827 -0.519996 0.35095300000000007
v -1.26186 -0.21942099999999998 0.477761
v -1.436234 -0.53801 0.3676710000000001
v 0.849874 0.2510470000000001 0.50881
v 0.950963 -0.21854499999999996 0.282424
v 0.950963 0.06297700000000005 0.650484
v 0.849874 -0.032576999999999995 0.138003
v 0.950963 -0.21854499999999996 0.282424
v 0.9641 -0.383569 0.11934200000000003
v 0.950963 0.06297700000000005 0.650484
v 0.9641 0.17056600000000005 0.84381
v 0.966197 -0.423013 0.304762
v 0.967593 -0.416542 0.297476
v 1.154788 -0.353635 0.360088
v 1.158518 -0.358941 0.369392
v 1.158518 -0.358941 0.369392
v 1.154788 -0.353635 0.360088
v 1.218262 -0.438598 0.18688700000000003
v 1.223621 -0.445697 0.19110700000000003
v 0.961042 -0.42508 0.308943
v 0.963682 -0.421087 0.313902
v 0.960778 -0.407907 0.304835
v 0.958138 -0.4119 0.299877
v 1.113439 -0.447071 0.17003700000000002
v 1.122725 -0.502161 0.20909200000000003
v 1.081756 -0.501182 0.22021500000000002
v 1.07247 -0.446092 0.18116000000000002
v 1.115532 -0.535213 0.24332900000000002
v 1.074563 -0.529491 0.25291800000000003
v 1.08385 -0.562094 0.31205400000000005
v 1.124819 -0.567816 0.30246700000000004
v 1.057385 -0.444638 0.18815000000000004
v 1.072225 -0.50025 0.22466900000000004
v 1.037393 -0.494112 0.24816900000000003
v 1.022554 -0.438501 0.21165100000000003
v 1.062309 -0.525941 0.25753000000000004
v 1.027478 -0.510189 0.27601700000000007
v 1.042317 -0.544366 0.33309700000000003
v 1.077148 -0.560118 0.31461100000000003
v 1.056718 -0.473784 0.22486100000000003
v 1.144051 -0.341688 0.388913
v 1.139772 -0.322171 0.375566
v 1.050433 -0.445049 0.20516200000000004
v 1.093538 -0.47724 0.20804200000000003
v 1.180872 -0.345145 0.372094
v 1.144051 -0.341688 0.388913
v 1.056718 -0.473784 0.22486100000000003
v 1.087229 -0.448502 0.18835500000000002
v 1.176616 -0.32563 0.358736
v 1.180872 -0.345145 0.372094
v 1.093538 -0.47724 0.20804200000000003
v 1.050433 -0.445049 0.20516200000000004
v 1.139772 -0.322171 0.375566
v 1.176616 -0.32563 0.358736
v 1.087229 -0.448502 0.18835500000000002
v 1.203845 -0.17471499999999998 0.395066
v 1.126815 -0.409536 0.2745
v 1.117527 -0.397783 0.251934
v 1.194695 -0.16297499999999998 0.372436
v 1.179451 -0.17242499999999997 0.406208
v 1.102283 -0.407233 0.285705
v 1.126815 -0.409536 0.2745
v 1.203845 -0.17471499999999998 0.395066
v 1.170163 -0.16067199999999998 0.383641
v 1.093133 -0.395493 0.263076
v 1.102283 -0.407233 0.285705
v 1.179451 -0.17242499999999997 0.406208
v 1.152128 -0.26001 0.13615800000000003
v 1.175494 -0.272446 0.13098200000000002
v 1.119246 -0.42043 0.24315500000000004
v 1.095232 -0.409743 0.24606000000000003
v 1.163196 -0.248318 0.15790000000000004
v 1.152128 -0.26001 0.13615800000000003
v 1.095232 -0.409743 0.24606000000000003
v 1.104232 -0.39318 0.265123
v 1.175494 -0.272446 0.13098200000000002
v 1.186564 -0.260826 0.15263500000000002
v 1.129206 -0.404213 0.262266
v 1.119246 -0.42043 0.24315500000000004
v 0.966197 -0.06608999999999994 0.868948
v 1.158518 -0.07287399999999995 0.778193
v 1.154788 -0.06236999999999995 0.780288
v 0.967593 -0.056345999999999945 0.868839
v 1.158518 -0.07287399999999995 0.778193
v 1.223621 0.004846000000000059 0.960599
v 1.218262 0.012686000000000058 0.958007
v 1.154788 -0.06236999999999995 0.780288
v 0.961042 -0.07060299999999994 0.867767
v 0.958138 -0.05511499999999994 0.863761
v 0.960778 -0.056240999999999944 0.857494
v 0.963682 -0.07172899999999995 0.8615
v 1.113439 0.01985200000000006 0.975453
v 1.07247 0.012097000000000059 0.96742
v 1.081756 -0.053512999999999936 0.983405
v 1.122725 -0.04575799999999994 0.991437
v 1.115532 0.017986000000000057 0.966576
v 1.124819 -0.04762399999999994 0.982561
v 1.08385 -0.055379999999999936 0.974528
v 1.074563 0.010230000000000058 0.958543
v 1.057385 0.007772000000000059 0.961739
v 1.022554 -0.005945999999999943 0.941696
v 1.037393 -0.06998299999999995 0.959737
v 1.072225 -0.05626399999999994 0.97978
v 1.062309 0.0067080000000000585 0.95391
v 1.077148 -0.057328999999999936 0.971952
v 1.042317 -0.07104699999999994 0.951909
v 1.027478 -0.007010999999999943 0.933867
v 1.000743 0.12520300000000006 0.800364
v 0.979922 0.10843800000000006 0.796781
v 1.077424 -0.029730999999999945 0.891905
v 1.096688 -0.012655999999999945 0.89796
v 1.011745 0.11643500000000004 0.777256
v 1.000743 0.12520300000000006 0.800364
v 1.096688 -0.012655999999999945 0.89796
v 1.107761 -0.015600999999999947 0.873722
v 0.979922 0.10843800000000006 0.796781
v 0.990845 0.09966700000000005 0.773755
v 1.087862 -0.03339099999999994 0.867306
v 1.077424 -0.029730999999999945 0.891905
v 1.056718 -0.039054999999999944 0.959673
v 1.050433 -0.005340999999999942 0.950894
v 1.139772 -0.05342499999999995 0.746384
v 1.144051 -0.07629999999999997 0.752368
v 1.093538 -0.02862399999999994 0.97331
v 1.056718 -0.039054999999999944 0.959673
v 1.144051 -0.07629999999999997 0.752368
v 1.180872 -0.06586799999999995 0.766006
v 1.087229 0.005084000000000059 0.964522
v 1.093538 -0.02862399999999994 0.97331
v 1.180872 -0.06586799999999995 0.766006
v 1.176616 -0.042984999999999954 0.760031
v 1.050433 -0.005340999999999942 0.950894
v 1.087229 0.005084000000000059 0.964522
v 1.176616 -0.042984999999999954 0.760031
v 1.139772 -0.05342499999999995 0.746384
v 1.203845 0.02854200000000004 0.622267
v 1.194695 0.05332600000000004 0.628241
v 1.117527 -0.009660999999999946 0.884539
v 1.126815 -0.034405999999999944 0.878616
v 1.179451 0.02163100000000004 0.613232
v 1.203845 0.02854200000000004 0.622267
v 1.126815 -0.034405999999999944 0.878616
v 1.102283 -0.04135599999999994 0.86953
v 1.170163 0.046376000000000035 0.619155
v 1.179451 0.02163100000000004 0.613232
v 1.102283 -0.04135599999999994 0.86953
v 1.093133 -0.016571999999999948 0.875504
v 1.152128 0.16809000000000004 0.856435
v 1.095232 -0.013068999999999945 0.89742
v 1.119246 -0.017882999999999944 0.907395
v 1.175494 0.16384300000000004 0.869218
v 1.163196 0.15934100000000007 0.833351
v 1.104232 -0.01660099999999995 0.872415
v 1.095232 -0.013068999999999945 0.89742
v 1.152128 0.16809000000000004 0.856435
v 1.175494 0.16384300000000004 0.869218
v 1.119246 -0.017882999999999944 0.907395
v 1.129206 -0.021677999999999944 0.882619
v 1.186564 0.15511500000000006 0.846247
v 0.172608 0.215654 0.11546299999999998
v 0.358072 0.283681 0.03643599999999998
v 0.349247 0.290304 0.03381299999999998
v 0.168963 0.223732 0.11117599999999998
v 0.358072 0.283681 0.03643599999999998
v 0.330771 0.443584 0.16772299999999998
v 0.323016 0.445621 0.16201199999999996
v 0.349247 0.290304 0.03381299999999998
v 0.170821 0.208993 0.11633599999999998
v 0.161654 0.217639 0.10606199999999999
v 0.165899 0.215991 0.10088799999999999
v 0.175066 0.207345 0.11116199999999998
v 0.324748 0.458426 0.16317999999999996
v 0.333915 0.449779 0.17345499999999997
v 0.33816 0.448131 0.16827999999999999
v 0.328993 0.456778 0.15800599999999998
v 0.227774 0.399662 0.17468399999999998
v 0.1993 0.368406 0.17076499999999997
v 0.235847 0.329766 0.21339999999999998
v 0.264321 0.361023 0.21731899999999998
v 0.190188 0.354811 0.16749399999999998
v 0.172638 0.318119 0.15529399999999996
v 0.212557 0.284458 0.19910999999999998
v 0.230107 0.32115 0.21130999999999997
v 0.122718 0.354297 -0.028688000000000023
v 0.114494 0.328919 -0.02471700000000002
v 0.242045 0.312467 0.12056199999999999
v 0.248231 0.33811 0.11868999999999999
v 0.141721 0.345435 -0.04578400000000002
v 0.122718 0.354297 -0.028688000000000023
v 0.248231 0.33811 0.11868999999999999
v 0.26467 0.333274 0.09807099999999999
v 0.114494 0.328919 -0.02471700000000002
v 0.133414 0.320041 -0.041737000000000024
v 0.258394 0.306614 0.09992499999999999
v 0.242045 0.312467 0.12056199999999999
v 0.213363 0.318385 0.18575699999999998
v 0.193452 0.337205 0.16333999999999999
v 0.340275 0.276623 -0.000644000000000017
v 0.35379 0.263871 0.014590999999999984
v 0.235719 0.351391 0.19358699999999998
v 0.213363 0.318385 0.18575699999999998
v 0.35379 0.263871 0.014590999999999984
v 0.376147 0.296878 0.022420999999999983
v 0.215794 0.37019 0.17116299999999998
v 0.235719 0.351391 0.19358699999999998
v 0.376147 0.296878 0.022420999999999983
v 0.362646 0.309652 0.007189999999999981
v 0.193452 0.337205 0.16333999999999999
v 0.215794 0.37019 0.17116299999999998
v 0.362646 0.309652 0.007189999999999981
v 0.340275 0.276623 -0.000644000000000017
v 0.340275 0.276623 -0.000644000000000017
v 0.362646 0.309652 0.007189999999999981
v 0.376147 0.296878 0.022420999999999983
v 0.35379 0.263871 0.014590999999999984
v 0.322653 0.345769 -0.047253000000000024
v 0.267322 0.347007 0.10528399999999997
v 0.288764 0.331323 0.11057299999999999
v 0.345913 0.329968 -0.04713900000000002
v 0.288764 0.331323 0.11057299999999999
v 0.273869 0.309333 0.10535599999999999
v 0.329126 0.308096 -0.046982000000000024
v 0.345913 0.329968 -0.04713900000000002
v 0.273869 0.309333 0.10535599999999999
v 0.252511 0.32514 0.10009699999999999
v 0.305849 0.323875 -0.04709500000000002
v 0.329126 0.308096 -0.046982000000000024
v 0.214635 0.49 0.00350299999999997
v 0.247347 0.336805 0.11837999999999999
v 0.267438 0.349957 0.12945499999999996
v 0.233241 0.504233 0.01687099999999997
v 0.233679 0.481198 -0.01357900000000003
v 0.262526 0.33011 0.09731999999999999
v 0.247347 0.336805 0.11837999999999999
v 0.214635 0.49 0.00350299999999997
v 0.233241 0.504233 0.01687099999999997
v 0.267438 0.349957 0.12945499999999996
v 0.283497 0.343674 0.10871599999999997
v 0.25225 0.495487 -0.00011800000000003034
v -1.042066 -0.40292 0.07477800000000003
v -0.901238 -0.243552 0.07014600000000001
v -0.912053 -0.240147 0.06996600000000001
v -1.048747 -0.395691 0.07464800000000003
v -0.901238 -0.243552 0.07014600000000001
v -0.978888 -0.196168 0.209003
v -0.98717 -0.194371 0.2053
v -0.912053 -0.240147 0.06996600000000001
v -0.990337 -0.18436999999999998 0.231311
v -0.977975 -0.19318199999999996 0.235615
v -0.973746 -0.19029899999999997 0.232203
v -0.986108 -0.18148599999999998 0.227898
v -1.038952 -0.344638 0.16374600000000003
v -1.065822 -0.325414 0.15434700000000004
v -0.917269 -0.236209 0.04445900000000001
v -0.899038 -0.249249 0.050859000000000015
v -1.030293 -0.315027 0.18328800000000003
v -1.038952 -0.344638 0.16374600000000003
v -0.899038 -0.249249 0.050859000000000015
v -0.890378 -0.219638 0.07040200000000002
v -1.057169 -0.295822 0.17387600000000003
v -1.030293 -0.315027 0.18328800000000003
v -0.890378 -0.219638 0.07040200000000002
v -0.908605 -0.206578 0.06401500000000002
v -1.065822 -0.325414 0.15434700000000004
v -1.057169 -0.295822 0.17387600000000003
v -0.908605 -0.206578 0.06401500000000002
v -0.917269 -0.236209 0.04445900000000001
v 0.473031 0.30388000000000004 0.816253
v 0.473905 0.3101940000000001 0.827061
v 0.477058 0.49183000000000004 0.73446
v 0.476184 0.48551500000000003 0.723652
v 0.495428 0.48424700000000004 0.722081
v 0.496302 0.49056200000000005 0.732889
v 0.49315 0.30892600000000003 0.82549
v 0.492275 0.3026110000000001 0.814682
v 0.477058 0.49183000000000004 0.73446
v 0.473905 0.3101940000000001 0.827061
v 0.49315 0.30892600000000003 0.82549
v 0.496302 0.49056200000000005 0.732889
v 0.541957 0.33776300000000004 0.82758
v 0.542831 0.3440770000000001 0.838388
v 0.545984 0.4677760000000001 0.745787
v 0.54511 0.46146100000000007 0.73498
v 0.564355 0.4601930000000001 0.733409
v 0.565229 0.46650700000000006 0.744216
v 0.562076 0.34280900000000003 0.836817
v 0.561202 0.33649500000000004 0.826009
v 0.545984 0.4677760000000001 0.745787
v 0.542831 0.3440770000000001 0.838388
v 0.562076 0.34280900000000003 0.836817
v 0.565229 0.46650700000000006 0.744216
v 1.150244 -0.31245699999999993 0.671271
v 1.148935 -0.28639999999999993 0.653348
v 1.148931 -0.3138059999999999 0.617518
v 1.150241 -0.33792599999999995 0.637973
v 1.148931 -0.3138059999999999 0.617518
v 1.482988 -0.3200859999999999 0.60893
v 1.48169 -0.34419599999999995 0.62938
v 1.150241 -0.33792599999999995 0.637973
v 1.48169 -0.34419599999999995 0.62938
v 1.482988 -0.3200859999999999 0.60893
v 1.482988 -0.2798959999999999 0.661474
v 1.48169 -0.30594499999999997 0.679389
v 1.482988 -0.2798959999999999 0.661474
v 1.148935 -0.28639999999999993 0.653348
v 1.150244 -0.31245699999999993 0.671271
v 1.48169 -0.30594499999999997 0.679389
v 1.48169 -0.30594499999999997 0.679389
v 1.150244 -0.31245699999999993 0.671271
v 1.150241 -0.33792599999999995 0.637973
v 1.48169 -0.34419599999999995 0.62938
v 0.359178 0.103424 0.015319999999999993
v 0.072787 0.170053 0.10998999999999999
v 0.032043 -0.049964999999999996 0.064642
v 0.34294 -0.096714 0.04752100000000001
v -0.0038 -0.244451 0.06481200000000001
v 0.320521 -0.337439 0.06488500000000001
v -0.05016 -0.400637 0.035168000000000026
v 0.288541 -0.508618 0.03344500000000003
v -0.046944 -0.746616 0.0027230000000000457
v 0.282932 -0.854711 0.0020410000000000523
v -0.00988 0.721222 -0.049951000000000044
v 0.232909 0.458389 -0.04806200000000003
v 0.236323 0.471964 0.03806199999999997
v 0.08676 0.676803 0.23229199999999997
v 0.08676 0.676803 0.23229199999999997
v 0.036963 0.387606 0.23517799999999997
v -0.057771 0.533452 0.29078499999999996
v -0.01684 0.36038 0.345138
v 1.822946 -0.85494 0.779534
v 1.844618 -0.859326 0.782889
v 1.75885 -0.579231 0.40636500000000003
v 1.736701 -0.577024 0.40467700000000006
v 1.673082 -0.299135 0.355403
v 1.650456 -0.299109 0.355382
v -0.652342 0.718559 0.41918799999999995
v -0.686633 0.554057 0.49883599999999995
v -0.621522 0.3476540000000001 0.573862
v -0.6051 0.42523800000000006 0.505529
v -0.544312 0.36929400000000007 0.552209
v -0.341994 -0.19888 0.035908000000000016
v -0.317551 -0.296397 0.007999000000000017
v -0.302104 -0.303564 0.04254100000000002
v -0.398498 0.137751 0.206974
v -0.335464 -0.09839099999999999 0.149693
v -0.302104 -0.303564 0.04254100000000002
v -0.011966 -0.242297 0.034672000000000015
v -0.103659 -0.04229299999999999 0.144109
v -0.335464 -0.09839099999999999 0.149693
v -0.117078 0.165908 0.202385
v -0.398498 0.137751 0.206974
v -0.140812 0.327091 0.17274199999999998
v -0.467855 0.294279 0.17101899999999998
v -0.207301 0.677678 -0.019372000000000042
v -0.634163 0.598639 0.01681099999999996
v -0.729817 -0.174541 -0.0049329999999999895
v -0.72976 -0.175394 -0.0056519999999999895
v -0.728906 -0.176666 -0.00493699999999999
v -0.738283 -0.04889999999999999 0.101056
v -0.70424 -0.213424 0.015709000000000015
v -0.714437 -0.08440399999999999 0.125285
v -0.755233 0.027714000000000013 0.237659
v -0.779074 0.06325500000000002 0.213462
v -0.864155 0.14677200000000004 0.325938
v -0.840274 0.11121500000000002 0.350106
v -0.956733 0.17908000000000002 0.466912
v -0.978795 0.21174800000000002 0.439374
v 0.996336 -0.254009 0.288474
v 0.996336 -0.283385 0.310943
v 0.962864 -0.283593 0.311102
v 0.687058 -0.027683999999999993 0.115362
v 0.664132 -0.053642999999999996 0.135218
v 0.664132 -0.027995999999999993 0.1156
v -1.745649 -0.842587 0.34868400000000005
v -1.830959 -1.037225 0.4151520000000001
v -1.386999 -0.696291 0.25144000000000005
v -1.370793 -0.563024 0.19589800000000002
v -1.07723 -0.50629 0.14791300000000002
v -1.056168 -0.369234 0.09337300000000003
v -0.70438 -0.291581 0.05391200000000002
v -0.686958 -0.166527 -0.00496699999999999
v -0.653555 -0.16705 -0.0050049999999999895
v -0.601161 -0.21243 0.030025000000000013
v -0.633145 -0.15995 -0.00501599999999999
v -0.560002 -0.295686 0.07879500000000002
v -0.330762 -0.195708 0.047022000000000015
v -0.475195 -0.13171 0.01181300000000001
v 1.207846 -0.479024 0.17956000000000003
v 1.26338 -0.592072 0.25991100000000006
v 1.715264 -0.645016 0.33804500000000004
v 1.678231 -0.546947 0.2630330000000001
v 1.877058 -0.554494 0.524442
v 1.840025 -0.450464 0.444871
v 1.919455 -0.41548699999999994 0.725141
v 1.882422 -0.31152399999999997 0.645423
v 1.26338 -0.592072 0.25991100000000006
v 1.207846 -0.479024 0.17956000000000003
v 1.678231 -0.546947 0.2630330000000001
v 1.715264 -0.645016 0.33804500000000004
v 1.840025 -0.450464 0.444871
v 1.877058 -0.554494 0.524442
v 1.882422 -0.31152399999999997 0.645423
v 1.919455 -0.41558199999999995 0.725015
v 1.877058 -0.25836299999999995 0.911587
v 1.840025 -0.15433199999999994 0.832015
v 1.715264 -0.08136699999999994 0.889749
v 1.26806 -0.11639199999999995 0.662456
v 1.259662 -0.11988099999999996 0.681925
v 1.721786 -0.06913199999999994 0.936575
v 1.721786 -0.04993199999999994 0.921889
v 1.903208 -0.25747299999999995 0.944866
v 1.903208 -0.23827099999999996 0.930179
v 1.951221 -0.43160899999999996 0.737274
v 1.951221 -0.41240599999999994 0.722586
v 1.903208 -0.567178 0.500183
v 1.903208 -0.58638 0.51487
v 1.721786 -0.667808 0.29929300000000003
v 1.721786 -0.687007 0.31397800000000003
v 1.26806 -0.614266 0.23169500000000004
v 1.259662 -0.629519 0.24428600000000003
v 1.258967 -0.18594599999999997 0.67136
v 1.267365 -0.18245499999999998 0.651879
v 1.708742 -0.08680299999999995 0.870275
v 1.708742 -0.10601599999999994 0.884971
v 1.864958 -0.25925599999999993 0.896664
v 1.864959 -0.27846899999999997 0.91136
v 1.903095 -0.40838899999999995 0.719513
v 1.903095 -0.42760099999999995 0.734209
v 1.864959 -0.559538 0.543905
v 1.864959 -0.540326 0.52921
v 1.708742 -0.646857 0.36308500000000005
v 1.708742 -0.627645 0.34838900000000006
v 1.258967 -0.587902 0.29667200000000005
v 1.267365 -0.572639 0.28407200000000005
v 1.831138 -0.22042999999999996 0.576839
v 1.866062 -0.30874899999999994 0.644939
v 1.827926 -0.16043099999999993 0.821075
v 1.793002 -0.07188299999999996 0.753346
v 1.671709 -0.014722999999999941 0.957234
v 1.636785 0.06182400000000005 0.898685
v 0.907687 0.08487000000000006 0.845572
v 0.9641 0.17056600000000005 0.84381
v 0.729588 0.28404700000000005 0.787172
v 0.950964 0.19518100000000005 0.825549
v 0.849874 0.37764000000000003 0.676711
v 0.506793 0.40976100000000004 0.699152
v 0.46928 0.3325640000000001 0.759588
v 0.076097 0.29466200000000004 0.460976
v 0.849874 0.2510470000000001 0.50881
v 0.849874 0.37764000000000003 0.676711
v 0.506793 0.40976100000000004 0.699152
v 0.875838 0.11002600000000001 0.322801
v 0.507421 0.11842700000000002 0.316342
v 0.673988 -0.168305 -0.0009779999999999895
v 0.849874 -0.032576999999999995 0.138003
v 0.849874 -0.140455 -0.0009369999999999914
v 0.673988 -0.168305 -0.0009779999999999895
v 0.236323 0.471964 0.03806199999999997
v 0.600368 -0.071313 -0.044254999999999996
v 0.232909 0.458389 -0.04806200000000003
v 0.963682 -0.421087 0.313902
v 0.961042 -0.42508 0.308943
v 1.013737 -0.460491 0.2526010000000001
v 1.016377 -0.456498 0.25756000000000007
v 1.075915 -0.47432 0.21258400000000002
v 1.078556 -0.470327 0.21754300000000001
v 1.148042 -0.4731 0.19125600000000004
v 1.150682 -0.469107 0.19621500000000003
v 1.229653 -0.450297 0.18625300000000003
v 1.232292 -0.446304 0.19121200000000002
v 1.232292 -0.446304 0.19121200000000002
v 1.229389 -0.433124 0.18214500000000003
v 1.145386 -0.445066 0.17967700000000003
v 1.150682 -0.469107 0.19621500000000003
v 1.073259 -0.446286 0.20100500000000002
v 1.078556 -0.470327 0.21754300000000001
v 1.011081 -0.432458 0.24102300000000002
v 1.016377 -0.456498 0.25756000000000007
v 0.960778 -0.407907 0.304835
v 0.963682 -0.421087 0.313902
v 1.229653 0.005494000000000059 0.967255
v 1.226749 0.02098200000000006 0.963249
v 1.142746 0.01501500000000006 0.973884
v 1.148042 -0.01323499999999994 0.981191
v 1.070618 -0.0018879999999999412 0.96082
v 1.075915 -0.030137999999999943 0.968128
v 1.00844 -0.023033999999999943 0.92414
v 1.013737 -0.05128399999999995 0.931447
v 0.958138 -0.05511499999999994 0.863761
v 0.961042 -0.07060299999999994 0.867767
v 0.333915 0.449779 0.17345499999999997
v 0.324748 0.458426 0.16317999999999996
v 0.255027 0.411562 0.17534699999999998
v 0.271747 0.395791 0.19408799999999998
v 0.206254 0.354471 0.17081799999999997
v 0.222975 0.3387 0.18955799999999998
v 0.17348 0.291169 0.14678799999999997
v 0.1902 0.275398 0.16552899999999998
v 0.161654 0.217639 0.10606199999999999
v 0.170821 0.208993 0.11633599999999998
v -0.977975 -0.19318199999999996 0.235615
v -0.990337 -0.18436999999999998 0.231311
v -1.036301 -0.251841 0.21412900000000004
v -1.013754 -0.267915 0.22198000000000004
v -1.060064 -0.311279 0.18491800000000003
v -1.037517 -0.327353 0.19276900000000002
v -1.067887 -0.35985 0.14284600000000003
v -1.04534 -0.375924 0.15069700000000003
v -1.053508 -0.400387 0.08874400000000003
v -1.041147 -0.4092 0.09304800000000003
v 1.45996 -0.17989199999999997 0.510241
v 1.458962 -0.36344899999999997 0.653521
v 1.434707 -0.36344899999999997 0.653521
v 1.433709 -0.17989199999999997 0.510241
v 1.422045 -0.34870399999999996 0.672579
v 1.420036 -0.16386299999999998 0.531197
v 1.434707 -0.33417099999999994 0.691799
v 1.433709 -0.14783399999999997 0.552154
v 1.458962 -0.33417099999999994 0.691799
v 1.45996 -0.14783399999999997 0.552154
v 1.471624 -0.34870399999999996 0.672579
v 1.473633 -0.16386299999999998 0.531197
v 1.458962 -0.36344899999999997 0.653521
v 1.45996 -0.17989199999999997 0.510241
v 1.75885 -0.590643 0.3915370000000001
v 1.844618 -0.87023 0.768666
v 1.822946 -0.865844 0.765311
v 1.736701 -0.588437 0.38985000000000003
v 1.673082 -0.311057 0.33997
v 1.650456 -0.31103 0.339949
v -2.038382 -0.360193 -0.02541099999999998
v -2.036838 -0.366309 -0.02170299999999998
v -2.071627 -0.274543 -0.025224999999999984
v -2.078336 -0.264128 -0.013249999999999984
v -2.060321 -0.329903 0.020174000000000022
v 0.783993 -0.229482 -0.001185999999999986
v 0.783993 -0.235262 -0.008648999999999987
v 0.783993 -0.244962 -0.001229999999999985
v 0.783993 -0.266976 0.015609000000000015
v 0.783993 -0.09772999999999998 0.168939
v 0.783993 -0.129465 0.193213
v 0.783993 -0.229482 -0.001185999999999986
v 0.783993 -0.09772999999999998 0.168939
v 0.736936 -0.09827399999999999 0.169355
v 0.736936 -0.23031 -0.0011889999999999859
v 0.783993 -0.235262 -0.008648999999999987
v 0.736936 -0.235779 -0.008252999999999986
v -0.607185 -0.256835 -0.005213999999999984
v -0.446485 -0.179633 -0.0052589999999999885
v -0.405017 -0.215254 0.035941000000000015
v -0.548128 -0.313875 0.05814400000000002
v -0.680074 -0.267789 -0.005150999999999984
v -0.692745 -0.309744 0.03338700000000002
v -0.846306 -0.312025 -0.0050419999999999805
v -1.109856 -0.464558 0.07741700000000003
v -0.863076 -0.311017 -0.005020999999999981
v -1.06592 -0.524017 0.12769200000000003
v -1.151114 -0.293697 -0.004667999999999982
v -1.413936 -0.655222 0.20111100000000004
v -1.410567 -0.735818 0.24343300000000007
v -1.884097 -1.100778 0.42912000000000006
v -1.766592 -0.878914 0.35955300000000007
v -1.451136 -0.241835 0.028453000000000013
v -1.362098 -0.21392 -0.004292999999999987
v -1.640381 -0.33673 0.14031100000000002
v -1.457036 -0.123932 -0.004028999999999992
v -1.589707 -0.0013940000000000003 -0.003667
v 0.962864 0.01844800000000004 0.70599
v 0.996336 0.01865600000000004 0.705831
v 0.996336 0.04803200000000004 0.683362
v 0.687058 0.27435800000000005 0.510249
v 0.664132 0.24839900000000004 0.530104
v 0.664132 0.27404600000000007 0.510487
v -1.693656 -0.614503 0.19678600000000002
v -1.647859 -0.324398 0.07257800000000002
v -1.544895 -0.290527 0.11549900000000002
v -1.603657 -0.595251 0.23172400000000004
v -1.801619 -0.93344 0.31860200000000005
v -1.722259 -0.932511 0.34243900000000005
v -1.956517 -1.377661 0.48936000000000013
v -2.073372 -1.474066 0.4994670000000001
v -1.766725 -0.148859 0.02842200000000001
v -2.060321 -0.329903 0.020174000000000022
v -2.036838 -0.366309 -0.02170299999999998
v -1.740043 -0.190237 -0.019168999999999988
v -1.707893 -0.176731 0.05967500000000001
v -1.681213 -0.218107 0.012086000000000013
v -1.646708 -0.325681 0.07378900000000001
v -1.673353 -0.284259 0.12139400000000002
v -1.720338 -0.573097 0.24438700000000002
v -1.693656 -0.614503 0.19678600000000002
v -1.824962 -0.897242 0.36020900000000006
v -1.801619 -0.93344 0.31860200000000005
v -2.073372 -1.474066 0.4994670000000001
v -2.089428 -1.449156 0.5281070000000001
v 1.827926 -0.43991299999999994 0.455682
v 1.866062 -0.30874899999999994 0.644939
v 1.831138 -0.22042999999999996 0.576839
v 1.793002 -0.352256 0.386799
v 1.67171 -0.533179 0.2794110000000001
v 1.636785 -0.457527 0.21971000000000002
v 0.907687 -0.44667 0.15791400000000003
v 0.9641 -0.383569 0.11934200000000003
v 0.729588 -0.290832 0.03558200000000002
v 0.950964 -0.3595 0.10036600000000002
v 0.808086 -0.202682 -0.0011109999999999876
v 0.673988 -0.168305 -0.0009779999999999895
v 0.866225 -0.18871 -0.0010719999999999885
v 1.715241 0.15256100000000003 0.291272
v 1.666994 0.33206300000000005 0.508603
v 1.898782 -0.31272199999999994 0.647977
v 1.852125 -0.14823599999999995 0.842958
v 1.489287 0.46360400000000007 0.651715
v 1.684753 0.0065460000000000605 0.98823
v 0.764029 0.545391 0.680364
v 0.907686 0.10710400000000006 0.875096
v 1.433757 0.626779 0.5143
v 0.730569 0.3060570000000001 0.817207
v 0.684603 0.710497 0.525036
v 1.389462 0.692824 0.32808399999999993
v 0.420505 0.562278 0.686947
v 0.469259 0.35531900000000005 0.789803
v 0.632959 0.779991 0.37530699999999995
v 1.320099 0.791673 0.0016759999999999514
v 0.570395 0.843871 0.0018229999999999484
v -0.01684 0.36038 0.345138
v 0.044572 0.24067800000000003 0.527507
v 0.35497 0.811961 0.4009249999999999
v 0.380791 0.730264 0.541334
v -0.057771 0.533452 0.29078499999999996
v 0.08676 0.676803 0.23229199999999997
v 0.304143 0.861836 0.0018729999999999474
v 0.194457 0.824069 -0.05069000000000005
v -0.00988 0.721222 -0.049951000000000044
v 0.08676 0.676803 0.23229199999999997
v 1.142746 -0.449059 0.17471800000000004
v 1.226749 -0.437117 0.17718600000000004
v 1.229653 -0.450297 0.18625300000000003
v 1.148042 -0.4731 0.19125600000000004
v 1.070618 -0.450279 0.19604600000000003
v 1.075915 -0.47432 0.21258400000000002
v 1.00844 -0.436451 0.23606400000000002
v 1.013737 -0.460491 0.2526010000000001
v 0.958138 -0.4119 0.299877
v 0.961042 -0.42508 0.308943
v 1.013737 -0.05128399999999995 0.931447
v 0.961042 -0.07060299999999994 0.867767
v 0.963682 -0.07172899999999995 0.8615
v 1.016377 -0.05240999999999994 0.92518
v 1.075915 -0.030137999999999943 0.968128
v 1.078556 -0.031263999999999945 0.961861
v 1.148042 -0.01323499999999994 0.981191
v 1.150682 -0.014360999999999942 0.974925
v 1.229653 0.005494000000000059 0.967255
v 1.232292 0.004368000000000059 0.960989
v 1.145386 0.01388900000000006 0.967618
v 1.229389 0.019856000000000058 0.956983
v 1.232292 0.004368000000000059 0.960989
v 1.150682 -0.014360999999999942 0.974925
v 1.073259 -0.0030139999999999416 0.954554
v 1.078556 -0.031263999999999945 0.961861
v 1.011081 -0.024159999999999945 0.917873
v 1.016377 -0.05240999999999994 0.92518
v 0.960778 -0.056240999999999944 0.857494
v 0.963682 -0.07172899999999995 0.8615
v 0.1902 0.275398 0.16552899999999998
v 0.170821 0.208993 0.11633599999999998
v 0.175066 0.207345 0.11116199999999998
v 0.194445 0.27375 0.16035499999999997
v 0.222975 0.3387 0.18955799999999998
v 0.22722 0.337052 0.18438399999999996
v 0.271747 0.395791 0.19408799999999998
v 0.275992 0.394144 0.18891399999999997
v 0.333915 0.449779 0.17345499999999997
v 0.33816 0.448131 0.16827999999999999
v 0.259272 0.409914 0.17017299999999996
v 0.328993 0.456778 0.15800599999999998
v 0.33816 0.448131 0.16827999999999999
v 0.275992 0.394144 0.18891399999999997
v 0.2105 0.352823 0.16564399999999999
v 0.22722 0.337052 0.18438399999999996
v 0.177725 0.289521 0.14161399999999996
v 0.194445 0.27375 0.16035499999999997
v 0.165899 0.215991 0.10088799999999999
v 0.175066 0.207345 0.11116199999999998
v -1.04534 -0.375924 0.15069700000000003
v -1.041147 -0.4092 0.09304800000000003
v -1.036917 -0.406316 0.08963500000000003
v -1.04111 -0.37304 0.14728400000000003
v -1.037517 -0.327353 0.19276900000000002
v -1.033287 -0.324469 0.18935700000000003
v -1.013754 -0.267915 0.22198000000000004
v -1.009525 -0.265031 0.21856800000000004
v -0.977975 -0.19318199999999996 0.235615
v -0.973746 -0.19029899999999997 0.232203
v -1.032072 -0.248958 0.21071700000000002
v -0.986108 -0.18148599999999998 0.227898
v -0.973746 -0.19029899999999997 0.232203
v -1.009525 -0.265031 0.21856800000000004
v -1.055834 -0.308396 0.18150500000000003
v -1.033287 -0.324469 0.18935700000000003
v -1.063658 -0.356967 0.13943400000000003
v -1.04111 -0.37304 0.14728400000000003
v -1.049279 -0.397504 0.08533100000000003
v -1.036917 -0.406316 0.08963500000000003
v 0.032043 -0.049964999999999996 0.064642
v 0.072787 0.170053 0.10998999999999999
v 0.074626 0.15899 0.05590699999999999
v -0.023075 -0.302847 0.005741000000000018
v -0.05016 -0.400637 0.035168000000000026
v -0.0038 -0.244451 0.06481200000000001
v -0.046944 -0.746616 0.0027230000000000457
v 1.736701 -0.588437 0.38985000000000003
v 1.822946 -0.865844 0.765311
v 1.822946 -0.85494 0.779534
v 1.736701 -0.577024 0.40467700000000006
v 1.650456 -0.299109 0.355382
v 1.650456 -0.31103 0.339949
v 1.75885 -0.579231 0.40636500000000003
v 1.844618 -0.859326 0.782889
v 1.844618 -0.87023 0.768666
v 1.75885 -0.590643 0.3915370000000001
v 1.673082 -0.311057 0.33997
v 1.673082 -0.299135 0.355403
v -0.652342 0.718559 0.41918799999999995
v -0.527481 0.353442 0.17901399999999998
v -0.805831 0.699832 0.37965299999999996
v -0.536957 0.331526 -0.04715000000000002
v -0.830515 0.626752 0.12705599999999997
v -0.841655 0.701646 0.31390699999999994
v -1.014368 0.710389 -0.0030710000000000433
v -0.978572 0.708577 0.06262599999999996
v -0.870117 0.591684 -0.049020000000000036
v -0.207301 0.677678 -0.019372000000000042
v -0.140812 0.327091 0.17274199999999998
v -0.117078 0.165908 0.202385
v -0.124192 0.226989 0.14331399999999997
v -0.011966 -0.242297 0.034672000000000015
v -0.018293 -0.233037 -0.0010999999999999858
v -0.103659 -0.04229299999999999 0.144109
v -0.613079 -0.08078399999999998 0.142879
v -0.601161 -0.21243 0.030025000000000013
v -0.475195 -0.13171 0.01181300000000001
v -0.657994 0.037703000000000014 0.262657
v -0.516074 0.06355800000000002 0.188092
v -0.491385 -0.029906000000000002 -0.04245
v -0.492303 -0.023181000000000004 -0.044601
v -0.525123 0.19443 -0.04616500000000001
v -0.536957 0.331526 -0.04715000000000002
v -0.527481 0.353442 0.17901399999999998
v -0.533816 0.13659800000000002 0.25272
v -0.558911 0.24226100000000003 0.346518
v -0.747176 0.12767300000000004 0.382455
v -0.652342 0.718559 0.41918799999999995
v -0.863738 0.19574600000000003 0.499194
v -0.6051 0.42523800000000006 0.505529
v -2.060321 -0.329903 0.020174000000000022
v -1.766725 -0.148859 0.02842200000000001
v -2.078336 -0.264128 -0.013249999999999984
v -2.007435 -0.193352 -0.02515499999999999
v -1.652264 0.036959 -0.025152000000000004
v -1.707893 -0.176731 0.05967500000000001
v -1.50299 0.041325 0.003340999999999997
v -1.469086 0.118831 -0.025215000000000008
v -1.673353 -0.284259 0.12139400000000002
v -1.550949 -0.280607 0.12957600000000002
v -1.720338 -0.573097 0.24438700000000002
v -1.619616 -0.570483 0.26019400000000004
v -1.824962 -0.897242 0.36020900000000006
v -1.7456 -0.896313 0.3840470000000001
v -1.972579 -1.352742 0.5180110000000001
v -2.089428 -1.449156 0.5281070000000001
v -1.722259 -0.932511 0.34243900000000005
v -1.603657 -0.595251 0.23172400000000004
v -1.619616 -0.570483 0.26019400000000004
v -1.7456 -0.896313 0.3840470000000001
v -1.972579 -1.352742 0.5180110000000001
v -1.956517 -1.377661 0.48936000000000013
v 1.666994 -0.010206999999999997 0.06114
v 1.715241 0.15256100000000003 0.291272
v 1.898782 -0.31272199999999994 0.647977
v 1.852125 -0.45784 0.4381840000000001
v 1.684753 -0.557525 0.2507690000000001
v 1.600179 -0.049187 -0.0006809999999999969
v 1.545635 -0.241772 -0.0012209999999999853
v 0.730569 -0.314057 0.006477000000000019
v 0.679571 -0.306378 -0.0014019999999999812
v 0.907686 -0.469344 0.12872600000000003
v -0.686958 -0.166527 -0.00496699999999999
v -0.650441 -0.132388 -0.004947999999999992
v -1.056168 -0.369234 0.09337300000000003
v -0.779074 0.06325500000000002 0.213462
v -0.906484 0.265871 0.45316
v -1.239082 -0.10965699999999998 0.400417
v -1.179722 -0.262381 0.24575700000000003
v -1.370793 -0.563024 0.19589800000000002
v -1.470265 -0.473379 0.31151900000000005
v -1.426577 -0.491972 0.28344100000000005
v -1.745649 -0.842587 0.34868400000000005
v -0.637209 -0.043073999999999994 0.119854
v -0.623621 -0.178899 0.002601000000000011
v -0.601161 -0.21243 0.030025000000000013
v -0.613079 -0.08078399999999998 0.142879
v -0.657994 0.037703000000000014 0.262657
v -0.681304 0.07417700000000002 0.238179
v -0.769688 0.16286700000000004 0.356539
v -0.747176 0.12767300000000004 0.382455
v -0.863738 0.19574600000000003 0.499194
v -0.887542 0.23288800000000004 0.47555
v -1.588228 0.0022229999999999997 -0.003662
v -1.589217 0.0018469999999999997 -0.005058
v -1.589707 -0.0013940000000000003 -0.003667
v -1.521413 0.027662000000000006 0.090603
v -1.491374 0.153498 -0.0035070000000000097
v -1.640381 -0.33673 0.14031100000000002
v -1.434325 0.142866 0.128914
v -1.379512 0.305628 -0.003367000000000019
v -1.532484 -0.10163099999999999 0.19123
v -1.355231 0.247493 0.16370799999999996
v -1.276632 0.445541 -0.0032390000000000274
v -1.473163 0.05424100000000001 0.224084
v -1.370909 0.13271200000000002 0.264324
v -1.446114 0.0006820000000000147 0.240403
v -1.409137 0.010165000000000018 0.270916
v -1.100717 0.544482 0.24015999999999998
v -1.060565 0.672665 -0.0030850000000000413
v -1.014368 0.710389 -0.0030710000000000433
v -1.010357 0.644853 0.26390299999999994
v -1.097235 0.46392 0.3517219999999999
v -0.805831 0.699832 0.37965299999999996
v -1.056094 0.403028 0.397918
v -0.76621 0.651376 0.4192699999999999
v -0.686633 0.554057 0.49883599999999995
v -1.29022 -0.00932199999999998 0.33453
v -1.343995 -0.03004599999999998 0.335121
v -1.365795 -0.15056899999999998 0.373032
v -0.971934 0.27846600000000005 0.492419
v -0.621522 0.3476540000000001 0.573862
v -0.834482 0.13127100000000003 0.569746
v -0.963949 0.11185100000000003 0.517922
v -1.26186 -0.21942099999999998 0.477761
v -1.384673 -0.22608199999999998 0.362101
v -1.332402 -0.348305 0.433225
v -1.365795 -0.15056899999999998 0.373032
v -1.396219 -0.24955899999999998 0.342909
v -1.441694 -0.454164 0.32908500000000007
v -1.436234 -0.53801 0.3676710000000001
v -1.884097 -1.100778 0.42912000000000006
v -1.766592 -0.878915 0.35955400000000004
v -1.396219 -0.24955899999999998 0.342909
v -1.422046 -0.23970099999999997 0.317338
v -1.449996 -0.14950299999999997 0.284174
v -1.592913 -0.357588 0.20800700000000003
v -1.493643 -0.252449 0.250206
v 1.527364 -0.25392599999999993 0.73299
v 1.338957 -0.18187199999999998 0.599999
v 1.38174 -0.3898249999999999 0.680631
v 1.570821 -0.559411 0.638043
v 1.688069 -0.35226699999999994 0.710242
v 1.38174 -0.659701 0.49547100000000005
v 1.320037 -0.786768 0.48755600000000004
v 1.527364 -0.775257 0.541466
v 1.688069 -0.849586 0.602565
v 1.745377 -0.595093 0.721929
v 1.867139 -0.42799099999999995 0.857206
v 1.86714 -0.790455 0.754738
v 1.875961 -0.646416 0.889115
v 0.964099 -0.10171399999999997 0.484758
v 0.9641 -0.383569 0.11934200000000003
v 1.636785 -0.457527 0.21971000000000002
v 1.831138 -0.22042999999999996 0.576839
v 1.793002 -0.352256 0.386799
v 1.636785 0.06182400000000005 0.898685
v 0.9641 0.17056600000000005 0.84381
v 1.793002 -0.07188299999999996 0.753346
v -1.361142 -0.13079699999999997 0.263142
v -1.422046 -0.23970099999999997 0.317338
v -1.396219 -0.24955899999999998 0.342909
v -1.449996 -0.14950299999999997 0.284174
v -1.532484 -0.10163099999999999 0.19123
v -1.446114 0.0006820000000000147 0.240403
v -1.409137 0.010165000000000018 0.270916
v -1.343995 -0.03004599999999998 0.335121
v -1.365795 -0.15056899999999998 0.373032
v -1.396219 -0.24955899999999998 0.342909
v -0.841655 0.701646 0.31390699999999994
v -0.923076 0.644953 0.21398699999999998
v -1.010357 0.644853 0.26390299999999994
v -0.978572 0.708577 0.06262599999999996
v -0.830515 0.626752 0.12705599999999997
vt 0.333890 0.877388
vt 0.279083 0.743301
vt 0.292903 0.782109
vt 0.333890 0.877388
vt 0.345063 0.903862
vt 0.279083 0.743301
vt 0.345063 0.903862
vt 0.298465 0.853006
vt 0.279083 0.743301
vt 0.345063 0.903862
vt 0.335593 0.907055
vt 0.298465 0.853006
vt 0.298465 0.853006
vt 0.274306 0.788547
vt 0.279083 0.743301
vt 0.279083 0.743301
vt 0.312077 0.652448
vt 0.292903 0.782109
vt 0.635238 0.992703
vt 0.633466 0.982059
vt 0.678016 0.982059
vt 0.678016 0.982059
vt 0.678309 0.992703
vt 0.635238 0.992703
vt 0.007730 0.228083
vt 0.051534 0.244528
vt 0.007730 0.251320
vt 0.007730 0.228083
vt 0.007730 0.208778
vt 0.051534 0.244528
vt 0.007730 0.208778
vt 0.007730 0.185541
vt 0.051534 0.244528
vt 0.007730 0.185541
vt 0.007730 0.166235
vt 0.051534 0.244528
vt 0.007730 0.166235
vt 0.007730 0.142998
vt 0.051534 0.244528
vt 0.007730 0.142998
vt 0.007730 0.123693
vt 0.051534 0.244528
vt 0.007730 0.123693
vt 0.007730 0.100456
vt 0.051534 0.244528
vt 0.007730 0.100456
vt 0.007730 0.081151
vt 0.051534 0.244528
vt 0.007730 0.081151
vt 0.007730 0.057914
vt 0.051534 0.244528
vt 0.007730 0.057914
vt 0.007730 0.038609
vt 0.051534 0.244528
vt 0.007730 0.038609
vt 0.063187 0.123693
vt 0.051534 0.244528
vt 0.007730 0.038609
vt 0.007730 0.015372
vt 0.063187 0.123693
vt 0.007730 0.015372
vt 0.063187 0.100456
vt 0.063187 0.123693
vt 0.007730 0.015372
vt 0.063187 0.081151
vt 0.063187 0.100456
vt 0.007730 0.015372
vt 0.063187 0.057914
vt 0.063187 0.081151
vt 0.007730 0.015372
vt 0.063187 0.038609
vt 0.063187 0.057914
vt 0.007730 0.015372
vt 0.063187 0.015372
vt 0.063187 0.038609
vt 0.063187 0.123693
vt 0.063187 0.142998
vt 0.051534 0.244528
vt 0.063187 0.142998
vt 0.063187 0.166235
vt 0.051534 0.244528
vt 0.063187 0.185541
vt 0.060981 0.208778
vt 0.051534 0.244528
vt 0.063187 0.185541
vt 0.063187 0.208778
vt 0.060981 0.208778
vt 0.051534 0.244528
vt 0.007730 0.270626
vt 0.007730 0.251320
vt 0.410768 0.993315
vt 0.408578 0.977624
vt 0.428216 0.986017
vt 0.428216 0.986017
vt 0.429318 0.989639
vt 0.410768 0.993315
vt 0.333890 0.877388
vt 0.274306 0.788547
vt 0.292903 0.782109
vt 0.274306 0.788547
vt 0.279083 0.743301
vt 0.292903 0.782109
vt 0.279083 0.743301
vt 0.312077 0.652448
vt 0.292903 0.782109
vt 0.635238 0.992703
vt 0.633466 0.982059
vt 0.678016 0.982059
vt 0.678016 0.982059
vt 0.678309 0.992703
vt 0.635238 0.992703
vt 0.051534 0.244528
vt 0.007730 0.228083
vt 0.007730 0.251320
vt 0.294149 0.552440
vt 0.294149 0.437638
vt 0.347283 0.437638
vt 0.007730 0.208778
vt 0.007730 0.228083
vt 0.051534 0.244528
vt 0.051534 0.244528
vt 0.060981 0.208778
vt 0.007730 0.208778
vt 0.051534 0.244528
vt 0.007730 0.251320
vt 0.007730 0.270626
vt 0.539344 0.916511
vt 0.539605 0.929711
vt 0.582365 0.954907
vt 0.539344 0.916511
vt 0.536037 0.922831
vt 0.539605 0.929711
vt 0.539603 0.929711
vt 0.539342 0.916511
vt 0.582362 0.954907
vt 0.539603 0.929711
vt 0.536034 0.922831
vt 0.539342 0.916511
vt 0.539369 0.914132
vt 0.539290 0.909942
vt 0.596903 0.907556
vt 0.596903 0.907556
vt 0.596982 0.911746
vt 0.539369 0.914132
vt 0.290101 0.027455
vt 0.295578 0.023382
vt 0.295578 0.027455
vt 0.450020 0.982059
vt 0.447212 0.992703
vt 0.498603 0.992703
vt 0.498603 0.992703
vt 0.496560 0.982059
vt 0.450020 0.982059
vt 0.771740 0.992703
vt 0.779164 0.992703
vt 0.779277 0.982059
vt 0.779277 0.982059
vt 0.743669 0.982059
vt 0.771740 0.992703
vt 0.955519 0.982059
vt 0.918931 0.982059
vt 0.915405 0.992703
vt 0.915405 0.992703
vt 0.954125 0.992703
vt 0.955519 0.982059
vt 0.913799 0.982059
vt 0.816777 0.982059
vt 0.816525 0.992703
vt 0.816525 0.992703
vt 0.915405 0.992703
vt 0.913799 0.982059
vt 0.816777 0.982059
vt 0.779277 0.982059
vt 0.779164 0.992703
vt 0.779164 0.992703
vt 0.816525 0.992703
vt 0.816777 0.982059
vt 0.578364 0.982059
vt 0.579047 0.992703
vt 0.604656 0.992703
vt 0.604656 0.992703
vt 0.605192 0.982059
vt 0.578364 0.982059
vt 0.578364 0.982059
vt 0.559188 0.982059
vt 0.560613 0.992703
vt 0.560613 0.992703
vt 0.579047 0.992703
vt 0.578364 0.982059
vt 0.559188 0.982059
vt 0.496560 0.982059
vt 0.498603 0.992703
vt 0.498603 0.992703
vt 0.560613 0.992703
vt 0.559188 0.982059
vt 0.394243 0.982059
vt 0.385433 0.992703
vt 0.447212 0.992703
vt 0.447212 0.992703
vt 0.450020 0.982059
vt 0.394243 0.982059
vt 0.990117 0.982059
vt 0.955519 0.982059
vt 0.954125 0.992703
vt 0.954125 0.992703
vt 0.991111 0.992703
vt 0.990117 0.982059
vt 0.294145 0.372978
vt 0.334234 0.386942
vt 0.294149 0.437638
vt 0.896261 0.900653
vt 0.896261 0.946840
vt 0.893738 0.946840
vt 0.893738 0.946840
vt 0.893738 0.900653
vt 0.896261 0.900653
vt 0.907651 0.946840
vt 0.905185 0.946840
vt 0.905185 0.900653
vt 0.905185 0.900653
vt 0.907651 0.900653
vt 0.907651 0.946840
vt 0.904433 0.722034
vt 0.897031 0.722034
vt 0.897031 0.649979
vt 0.897031 0.649979
vt 0.904433 0.649979
vt 0.904433 0.722034
vt 0.904433 0.802447
vt 0.897031 0.802447
vt 0.897031 0.722034
vt 0.897031 0.722034
vt 0.904433 0.722034
vt 0.904433 0.802447
vt 0.904433 0.900653
vt 0.897031 0.900653
vt 0.897031 0.802447
vt 0.897031 0.802447
vt 0.904433 0.802447
vt 0.904433 0.900653
vt 0.915631 0.802447
vt 0.915631 0.900653
vt 0.908589 0.900653
vt 0.908589 0.900653
vt 0.908589 0.802447
vt 0.915631 0.802447
vt 0.915631 0.722034
vt 0.915631 0.802447
vt 0.908589 0.802447
vt 0.908589 0.802447
vt 0.908589 0.722034
vt 0.915631 0.722034
vt 0.915631 0.649979
vt 0.915631 0.722034
vt 0.908589 0.722034
vt 0.908589 0.722034
vt 0.908589 0.649979
vt 0.915631 0.649979
vt 0.242291 0.386942
vt 0.282381 0.372978
vt 0.282377 0.437638
vt 0.282377 0.437638
vt 0.209253 0.437638
vt 0.242291 0.386942
vt 0.687939 0.599075
vt 0.688956 0.500859
vt 0.767285 0.501087
vt 0.648066 0.920366
vt 0.611838 0.935113
vt 0.610315 0.908779
vt 0.610315 0.908779
vt 0.646162 0.893566
vt 0.648066 0.920366
vt 0.756513 0.935919
vt 0.720374 0.920731
vt 0.722325 0.893983
vt 0.722325 0.893983
vt 0.760373 0.911613
vt 0.756513 0.935919
vt 0.886502 0.733195
vt 0.886502 0.821364
vt 0.865490 0.821364
vt 0.893738 0.353119
vt 0.896261 0.353119
vt 0.896261 0.399306
vt 0.896261 0.399306
vt 0.893738 0.399306
vt 0.893738 0.353119
vt 0.905185 0.399306
vt 0.905185 0.353119
vt 0.907651 0.353119
vt 0.907651 0.353119
vt 0.907651 0.399306
vt 0.905185 0.399306
vt 0.904433 0.577925
vt 0.904433 0.649979
vt 0.897031 0.649979
vt 0.897031 0.649979
vt 0.897031 0.577925
vt 0.904433 0.577925
vt 0.904433 0.497512
vt 0.904433 0.577925
vt 0.897031 0.577925
vt 0.897031 0.577925
vt 0.897031 0.497512
vt 0.904433 0.497512
vt 0.904433 0.399306
vt 0.904433 0.497512
vt 0.897031 0.497512
vt 0.897031 0.497512
vt 0.897031 0.399306
vt 0.904433 0.399306
vt 0.915631 0.497512
vt 0.908589 0.497512
vt 0.908589 0.399306
vt 0.908589 0.399306
vt 0.915631 0.399306
vt 0.915631 0.497512
vt 0.915631 0.577925
vt 0.908589 0.577925
vt 0.908589 0.497512
vt 0.908589 0.497512
vt 0.915631 0.497512
vt 0.915631 0.577925
vt 0.915631 0.649979
vt 0.908589 0.649979
vt 0.908589 0.577925
vt 0.908589 0.577925
vt 0.915631 0.577925
vt 0.915631 0.649979
vt 0.450020 0.982059
vt 0.496560 0.982059
vt 0.498603 0.992703
vt 0.648242 0.301218
vt 0.608447 0.299891
vt 0.608568 0.291953
vt 0.768844 0.291953
vt 0.768880 0.299891
vt 0.728758 0.299891
vt 0.282377 0.552440
vt 0.209253 0.437638
vt 0.282377 0.437638
vt 0.282377 0.552440
vt 0.236560 0.538700
vt 0.209253 0.437638
vt 0.282377 0.552440
vt 0.260420 0.605700
vt 0.236560 0.538700
vt 0.236560 0.538700
vt 0.210790 0.498413
vt 0.209253 0.437638
vt 0.740995 0.982059
vt 0.779277 0.982059
vt 0.779164 0.992703
vt 0.779164 0.992703
vt 0.741123 0.992703
vt 0.740995 0.982059
vt 0.955519 0.982059
vt 0.954125 0.992703
vt 0.915405 0.992703
vt 0.816525 0.992703
vt 0.816777 0.982059
vt 0.913799 0.982059
vt 0.816777 0.982059
vt 0.816525 0.992703
vt 0.779164 0.992703
vt 0.779164 0.992703
vt 0.779277 0.982059
vt 0.816777 0.982059
vt 0.678016 0.982059
vt 0.740995 0.982059
vt 0.741123 0.992703
vt 0.741123 0.992703
vt 0.678309 0.992703
vt 0.678016 0.982059
vt 0.579047 0.992703
vt 0.578364 0.982059
vt 0.633466 0.982059
vt 0.633466 0.982059
vt 0.635238 0.992703
vt 0.579047 0.992703
vt 0.578364 0.982059
vt 0.579047 0.992703
vt 0.560613 0.992703
vt 0.560613 0.992703
vt 0.559188 0.982059
vt 0.578364 0.982059
vt 0.559188 0.982059
vt 0.560613 0.992703
vt 0.498603 0.992703
vt 0.498603 0.992703
vt 0.496560 0.982059
vt 0.559188 0.982059
vt 0.394243 0.982059
vt 0.450020 0.982059
vt 0.447212 0.992703
vt 0.447212 0.992703
vt 0.385433 0.992703
vt 0.394243 0.982059
vt 0.990117 0.982059
vt 0.991111 0.992703
vt 0.954125 0.992703
vt 0.954125 0.992703
vt 0.955519 0.982059
vt 0.990117 0.982059
vt 0.217999 0.879807
vt 0.203392 0.899604
vt 0.217020 0.823048
vt 0.288483 0.784276
vt 0.273866 0.804088
vt 0.944403 0.065488
vt 0.958934 0.060772
vt 0.929872 0.076531
vt 0.929874 0.077919
vt 0.939996 0.066919
vt 0.725095 0.657123
vt 0.705087 0.671300
vt 0.767285 0.501087
vt 0.687939 0.599075
vt 0.767285 0.501087
vt 0.120748 0.568732
vt 0.158873 0.568732
vt 0.120748 0.594469
vt 0.120748 0.568732
vt 0.083254 0.568732
vt 0.915405 0.992703
vt 0.918931 0.982059
vt 0.955519 0.982059
vt 0.913799 0.982059
vt 0.816525 0.992703
vt 0.992677 0.798890
vt 0.990847 0.798890
vt 0.990847 0.873101
vt 0.990847 0.873101
vt 0.992677 0.873101
vt 0.992677 0.873101
vt 0.990847 0.873101
vt 0.990847 0.950634
vt 0.990847 0.950634
vt 0.992677 0.950634
vt 0.992677 0.535946
vt 0.992677 0.610157
vt 0.990847 0.610157
vt 0.990847 0.610157
vt 0.990847 0.535946
vt 0.992677 0.610157
vt 0.992677 0.687690
vt 0.990847 0.687690
vt 0.990847 0.687690
vt 0.990847 0.610157
vt 0.992677 0.535946
vt 0.992677 0.610157
vt 0.990847 0.610157
vt 0.990847 0.610157
vt 0.990847 0.535946
vt 0.992677 0.610157
vt 0.992677 0.687690
vt 0.990847 0.687690
vt 0.990847 0.687690
vt 0.990847 0.610157
vt 0.992674 0.798890
vt 0.992675 0.873101
vt 0.990845 0.873101
vt 0.990845 0.873101
vt 0.990845 0.798890
vt 0.992675 0.873101
vt 0.992675 0.950634
vt 0.990845 0.950634
vt 0.990845 0.950634
vt 0.990845 0.873101
vt 0.057871 0.602502
vt 0.007036 0.579414
vt 0.019702 0.621088
vt 0.019702 0.621088
vt 0.066965 0.632452
vt 0.099604 0.619007
vt 0.108565 0.650230
vt 0.172703 0.666833
vt 0.157511 0.631537
vt 0.172338 0.639375
vt 0.170968 0.609204
vt 0.221675 0.622887
vt 0.219235 0.650018
vt 0.520499 0.228663
vt 0.531634 0.121921
vt 0.538026 0.144534
vt 0.528742 0.232261
vt 0.279233 0.762674
vt 0.250437 0.787132
vt 0.248825 0.767305
vt 0.245587 0.727485
vt 0.063187 0.166235
vt 0.063187 0.179636
vt 0.051534 0.244528
vt 0.063187 0.185541
vt 0.177583 0.085558
vt 0.289655 0.085558
vt 0.284496 0.078397
vt 0.177583 0.078397
vt 0.278148 0.048578
vt 0.283441 0.041414
vt 0.160349 0.041414
vt 0.160418 0.048578
vt 0.283181 0.110000
vt 0.289502 0.093160
vt 0.176417 0.093160
vt 0.159230 0.110000
vt 0.063187 0.038609
vt 0.007730 0.038609
vt 0.007730 0.057914
vt 0.063187 0.057914
vt 0.063187 0.081151
vt 0.007730 0.081151
vt 0.007730 0.100456
vt 0.063187 0.100456
vt 0.063187 0.123693
vt 0.007730 0.123693
vt 0.007730 0.142998
vt 0.063187 0.142998
vt 0.007730 0.015372
vt 0.007730 0.038609
vt 0.063187 0.038609
vt 0.063187 0.015372
vt 0.007730 0.057914
vt 0.007730 0.081151
vt 0.063187 0.081151
vt 0.063187 0.057914
vt 0.007730 0.100456
vt 0.007730 0.123693
vt 0.063187 0.123693
vt 0.063187 0.100456
vt 0.007730 0.142998
vt 0.007730 0.166235
vt 0.063187 0.166235
vt 0.063187 0.142998
vt 0.539344 0.916511
vt 0.582365 0.954907
vt 0.597576 0.913408
vt 0.600749 0.919359
vt 0.539371 0.914132
vt 0.596985 0.911746
vt 0.596905 0.907556
vt 0.539292 0.909942
vt 0.597774 0.912055
vt 0.602264 0.911810
vt 0.602183 0.906183
vt 0.597693 0.906428
vt 0.539298 0.928890
vt 0.535699 0.921786
vt 0.533635 0.925723
vt 0.537219 0.932859
vt 0.534287 0.915519
vt 0.539035 0.915260
vt 0.538954 0.909633
vt 0.534206 0.909892
vt 0.063184 0.038609
vt 0.063184 0.057914
vt 0.007727 0.057914
vt 0.007727 0.038609
vt 0.063184 0.081151
vt 0.063184 0.100456
vt 0.007727 0.100456
vt 0.007727 0.081151
vt 0.063184 0.123693
vt 0.063184 0.142998
vt 0.007727 0.142998
vt 0.007727 0.123693
vt 0.063184 0.166235
vt 0.063184 0.185541
vt 0.007727 0.185541
vt 0.007727 0.166235
vt 0.063184 0.208778
vt 0.063184 0.228083
vt 0.007727 0.228083
vt 0.007727 0.208778
vt 0.063184 0.251320
vt 0.063184 0.270626
vt 0.007727 0.270626
vt 0.007727 0.251320
vt 0.007727 0.015372
vt 0.063184 0.015372
vt 0.063184 0.038609
vt 0.007727 0.038609
vt 0.007727 0.057914
vt 0.063184 0.057914
vt 0.063184 0.081151
vt 0.007727 0.081151
vt 0.007727 0.100456
vt 0.063184 0.100456
vt 0.063184 0.123693
vt 0.007727 0.123693
vt 0.007727 0.142998
vt 0.063184 0.142998
vt 0.063184 0.166235
vt 0.007727 0.166235
vt 0.007727 0.185541
vt 0.063184 0.185541
vt 0.063184 0.208778
vt 0.007727 0.208778
vt 0.007727 0.228083
vt 0.063184 0.228083
vt 0.063184 0.251320
vt 0.007727 0.251320
vt 0.539342 0.916511
vt 0.597573 0.913408
vt 0.582362 0.954907
vt 0.600746 0.919359
vt 0.597771 0.912055
vt 0.597690 0.906428
vt 0.602181 0.906183
vt 0.602261 0.911810
vt 0.539295 0.928890
vt 0.537216 0.932859
vt 0.533633 0.925723
vt 0.535696 0.921786
vt 0.534284 0.915519
vt 0.534204 0.909892
vt 0.538952 0.909633
vt 0.539032 0.915260
vt 0.504574 0.245679
vt 0.504574 0.228663
vt 0.520499 0.228663
vt 0.520499 0.245679
vt 0.504574 0.228663
vt 0.496109 0.228663
vt 0.496109 0.140903
vt 0.504574 0.121908
vt 0.520499 0.228663
vt 0.504574 0.228663
vt 0.504574 0.121908
vt 0.531634 0.121921
vt 0.496109 0.140903
vt 0.496109 0.228663
vt 0.480097 0.228663
vt 0.470992 0.140920
vt 0.013732 0.392053
vt 0.013732 0.292805
vt 0.063287 0.292805
vt 0.063287 0.392053
vt 0.929872 0.076531
vt 0.929874 0.077770
vt 0.944403 0.065488
vt 0.929874 0.077919
vt 0.125663 0.051716
vt 0.141096 0.094222
vt 0.140534 0.094711
vt 0.123743 0.050589
vt 0.381262 0.011778
vt 0.392836 0.011778
vt 0.392834 0.027455
vt 0.381260 0.027455
vt 0.160418 0.048578
vt 0.160349 0.041414
vt 0.144004 0.041414
vt 0.144442 0.048578
vt 0.176573 0.070568
vt 0.284534 0.070568
vt 0.278475 0.054884
vt 0.159678 0.054884
vt 0.886505 0.733195
vt 0.886505 0.652897
vt 0.865493 0.652897
vt 0.865493 0.733195
vt 0.334234 0.386942
vt 0.347283 0.437638
vt 0.294149 0.437638
vt 0.346656 0.406003
vt 0.915631 0.900653
vt 0.915631 0.946840
vt 0.908589 0.946840
vt 0.908589 0.900653
vt 0.904433 0.946840
vt 0.897031 0.946840
vt 0.897031 0.900653
vt 0.904433 0.900653
vt 0.925759 0.218544
vt 0.925759 0.411528
vt 0.924031 0.411528
vt 0.924031 0.218544
vt 0.923454 0.218544
vt 0.923454 0.411528
vt 0.921225 0.411529
vt 0.921225 0.218544
vt 0.931195 0.218544
vt 0.931195 0.411528
vt 0.928904 0.411528
vt 0.928904 0.218544
vt 0.928555 0.218544
vt 0.928555 0.411528
vt 0.926346 0.411528
vt 0.926345 0.218544
vt 0.967967 0.035318
vt 0.967967 0.228302
vt 0.965825 0.228302
vt 0.965825 0.035318
vt 0.965273 0.035318
vt 0.965274 0.228302
vt 0.963408 0.228302
vt 0.963408 0.035318
vt 0.972962 0.035318
vt 0.972963 0.228302
vt 0.971139 0.228302
vt 0.971139 0.035318
vt 0.970351 0.035318
vt 0.970351 0.228302
vt 0.968552 0.228302
vt 0.968552 0.035318
vt 0.968836 0.415598
vt 0.968836 0.238604
vt 0.971029 0.238604
vt 0.971029 0.415598
vt 0.971523 0.415598
vt 0.971523 0.238604
vt 0.973546 0.238604
vt 0.973547 0.415598
vt 0.963671 0.415598
vt 0.963671 0.238604
vt 0.965861 0.238604
vt 0.965861 0.415598
vt 0.966367 0.415598
vt 0.966367 0.238604
vt 0.968330 0.238604
vt 0.968330 0.415598
vt 0.982669 0.223704
vt 0.982668 0.046709
vt 0.984698 0.046709
vt 0.984698 0.223704
vt 0.985190 0.223704
vt 0.985190 0.046709
vt 0.987393 0.046709
vt 0.987394 0.223704
vt 0.977520 0.223704
vt 0.977520 0.046709
vt 0.979578 0.046709
vt 0.979579 0.223704
vt 0.980142 0.223704
vt 0.980142 0.046709
vt 0.982109 0.046709
vt 0.982109 0.223704
vt 0.979899 0.415925
vt 0.979899 0.238930
vt 0.981953 0.238930
vt 0.981954 0.415925
vt 0.982428 0.415925
vt 0.982428 0.238930
vt 0.984505 0.238930
vt 0.984506 0.415925
vt 0.985040 0.415925
vt 0.985040 0.238930
vt 0.987145 0.238930
vt 0.987146 0.415925
vt 0.977379 0.415925
vt 0.977379 0.238930
vt 0.979355 0.238930
vt 0.979356 0.415925
vt 0.720374 0.920731
vt 0.686629 0.914081
vt 0.686629 0.885874
vt 0.722325 0.893983
vt 0.686629 0.914081
vt 0.648066 0.920366
vt 0.646162 0.893566
vt 0.686629 0.885874
vt 0.908589 0.353119
vt 0.915631 0.353119
vt 0.915631 0.399306
vt 0.908589 0.399306
vt 0.897031 0.399306
vt 0.897031 0.353119
vt 0.904433 0.353119
vt 0.904433 0.399306
vt 0.477813 0.992703
vt 0.450020 0.982059
vt 0.498603 0.992703
vt 0.447212 0.992703
vt 0.728758 0.385099
vt 0.648242 0.301218
vt 0.728758 0.299891
vt 0.648242 0.385098
vt 0.648242 0.301218
vt 0.608568 0.291953
vt 0.728758 0.299891
vt 0.768844 0.291953
vt 0.990847 0.798890
vt 0.988923 0.798890
vt 0.988923 0.873101
vt 0.990847 0.873101
vt 0.990847 0.873101
vt 0.988923 0.873101
vt 0.988923 0.950634
vt 0.990847 0.950634
vt 0.926025 0.778889
vt 0.924723 0.778889
vt 0.924723 0.784973
vt 0.926025 0.784973
vt 0.968068 0.870904
vt 0.968068 0.896230
vt 0.976161 0.896230
vt 0.976161 0.870904
vt 0.985995 0.870904
vt 0.977920 0.870904
vt 0.977920 0.896230
vt 0.985995 0.896230
vt 0.986395 0.854556
vt 0.986395 0.829229
vt 0.978305 0.829229
vt 0.978305 0.854556
vt 0.968499 0.854556
vt 0.976591 0.854556
vt 0.976591 0.829229
vt 0.968499 0.829229
vt 0.930707 0.724885
vt 0.974146 0.724885
vt 0.973888 0.716311
vt 0.930707 0.711937
vt 0.930707 0.739955
vt 0.974146 0.739955
vt 0.974146 0.724885
vt 0.930707 0.724885
vt 0.930707 0.753052
vt 0.974146 0.749020
vt 0.974146 0.739955
vt 0.930707 0.739955
vt 0.930707 0.711937
vt 0.973888 0.716311
vt 0.974314 0.701263
vt 0.930870 0.696592
vt 0.975129 0.926607
vt 0.922873 0.926607
vt 0.922873 0.936633
vt 0.975129 0.936633
vt 0.975129 0.917231
vt 0.922873 0.917231
vt 0.922873 0.925953
vt 0.975129 0.925953
vt 0.975129 0.907012
vt 0.922873 0.907012
vt 0.922873 0.916122
vt 0.975129 0.916122
vt 0.960072 0.884101
vt 0.960072 0.874192
vt 0.923524 0.874192
vt 0.923524 0.884101
vt 0.960072 0.894011
vt 0.960072 0.884101
vt 0.923524 0.884101
vt 0.923524 0.894011
vt 0.960072 0.874192
vt 0.960072 0.864246
vt 0.923524 0.864246
vt 0.923524 0.874192
vt 0.990847 0.535946
vt 0.990847 0.610157
vt 0.988923 0.610157
vt 0.988923 0.535946
vt 0.990847 0.610157
vt 0.990847 0.687690
vt 0.988923 0.687690
vt 0.988923 0.610157
vt 0.926025 0.516531
vt 0.926025 0.521438
vt 0.924723 0.521438
vt 0.924723 0.516531
vt 0.968068 0.607960
vt 0.976161 0.607960
vt 0.976161 0.633286
vt 0.968068 0.633286
vt 0.985995 0.607960
vt 0.985995 0.633286
vt 0.977920 0.633286
vt 0.977920 0.607960
vt 0.986239 0.591125
vt 0.978460 0.591125
vt 0.978460 0.566772
vt 0.986239 0.566772
vt 0.968728 0.590895
vt 0.968728 0.567002
vt 0.976362 0.567002
vt 0.976362 0.590895
vt 0.960643 0.551475
vt 0.960643 0.559560
vt 0.924094 0.559560
vt 0.924094 0.551475
vt 0.960643 0.540471
vt 0.960643 0.550049
vt 0.924094 0.550049
vt 0.924094 0.540471
vt 0.960643 0.560701
vt 0.960643 0.569826
vt 0.924094 0.569826
vt 0.924094 0.560701
vt 0.930707 0.461408
vt 0.930707 0.449743
vt 0.973888 0.453683
vt 0.974146 0.461408
vt 0.930707 0.475756
vt 0.930707 0.463197
vt 0.974146 0.463197
vt 0.974146 0.475755
vt 0.930707 0.489613
vt 0.930707 0.477374
vt 0.974146 0.477374
vt 0.974146 0.485845
vt 0.930707 0.448994
vt 0.930870 0.433648
vt 0.974314 0.438319
vt 0.973888 0.453367
vt 0.975129 0.664317
vt 0.975129 0.673035
vt 0.922873 0.673035
vt 0.922873 0.664317
vt 0.975129 0.654571
vt 0.975129 0.662725
vt 0.922873 0.662725
vt 0.922873 0.654571
vt 0.975129 0.643612
vt 0.975129 0.653633
vt 0.922873 0.653633
vt 0.922873 0.643612
vt 0.960072 0.620493
vt 0.923524 0.620493
vt 0.923524 0.612078
vt 0.960072 0.612078
vt 0.960072 0.631068
vt 0.923524 0.631068
vt 0.923524 0.621157
vt 0.960072 0.621157
vt 0.960072 0.610418
vt 0.923524 0.610418
vt 0.923524 0.601966
vt 0.960072 0.601966
vt 0.990847 0.535946
vt 0.990847 0.610157
vt 0.988923 0.610157
vt 0.988923 0.535946
vt 0.990847 0.610157
vt 0.990847 0.687690
vt 0.988923 0.687690
vt 0.988923 0.610157
vt 0.926025 0.516531
vt 0.926025 0.521438
vt 0.924723 0.521438
vt 0.924723 0.516531
vt 0.986974 0.521438
vt 0.986974 0.516531
vt 0.988278 0.516531
vt 0.988278 0.521438
vt 0.968068 0.607960
vt 0.976161 0.607960
vt 0.976161 0.633286
vt 0.968068 0.633286
vt 0.986239 0.591125
vt 0.978460 0.591125
vt 0.978460 0.566772
vt 0.986239 0.566772
vt 0.960643 0.551475
vt 0.960643 0.559560
vt 0.924094 0.559560
vt 0.924094 0.551475
vt 0.960643 0.540471
vt 0.960643 0.550049
vt 0.924094 0.550049
vt 0.924094 0.540471
vt 0.960643 0.560701
vt 0.960643 0.569826
vt 0.924094 0.569826
vt 0.924094 0.560701
vt 0.930707 0.461408
vt 0.930707 0.449743
vt 0.973888 0.453683
vt 0.974146 0.461408
vt 0.930707 0.475756
vt 0.930707 0.463197
vt 0.974146 0.463197
vt 0.974146 0.475755
vt 0.930707 0.489613
vt 0.930707 0.477374
vt 0.974146 0.477374
vt 0.974146 0.485845
vt 0.930707 0.448994
vt 0.930870 0.433648
vt 0.974314 0.438319
vt 0.973888 0.453367
vt 0.978664 0.463197
vt 0.978664 0.475755
vt 0.974146 0.475755
vt 0.974146 0.463197
vt 0.953710 0.673035
vt 0.922873 0.673035
vt 0.922873 0.664317
vt 0.954753 0.664317
vt 0.922873 0.662725
vt 0.922873 0.654571
vt 0.953670 0.654571
vt 0.954753 0.662725
vt 0.922873 0.653633
vt 0.922873 0.643612
vt 0.952626 0.643612
vt 0.953670 0.653633
vt 0.960072 0.620493
vt 0.923524 0.620493
vt 0.923524 0.612078
vt 0.960072 0.612078
vt 0.960072 0.631068
vt 0.923524 0.631068
vt 0.923524 0.621157
vt 0.960072 0.621157
vt 0.960072 0.610418
vt 0.923524 0.610418
vt 0.923524 0.601966
vt 0.960072 0.601966
vt 0.990845 0.798890
vt 0.990845 0.873101
vt 0.988921 0.873101
vt 0.988921 0.798890
vt 0.990845 0.873101
vt 0.990845 0.950634
vt 0.988921 0.950634
vt 0.988921 0.873101
vt 0.986972 0.784973
vt 0.986972 0.778889
vt 0.988275 0.778889
vt 0.988275 0.784973
vt 0.930704 0.724885
vt 0.930704 0.711937
vt 0.973885 0.716311
vt 0.974144 0.724885
vt 0.930704 0.739955
vt 0.930704 0.724885
vt 0.974144 0.724885
vt 0.974144 0.739955
vt 0.930704 0.753052
vt 0.930704 0.739955
vt 0.974144 0.739955
vt 0.974144 0.749020
vt 0.930704 0.711937
vt 0.930868 0.696592
vt 0.974311 0.701263
vt 0.973885 0.716311
vt 0.929687 0.023150
vt 0.929687 0.020183
vt 0.958552 0.020183
vt 0.958552 0.023150
vt 0.958552 0.029241
vt 0.958552 0.032129
vt 0.929687 0.032129
vt 0.929687 0.029241
vt 0.958552 0.037363
vt 0.929687 0.037363
vt 0.929687 0.033107
vt 0.958552 0.033107
vt 0.929869 0.092605
vt 0.929869 0.090078
vt 0.958734 0.090078
vt 0.958734 0.092605
vt 0.958734 0.099286
vt 0.958734 0.101876
vt 0.929869 0.101876
vt 0.929869 0.099286
vt 0.958734 0.107151
vt 0.929869 0.107151
vt 0.929869 0.103257
vt 0.958734 0.103257
vt 0.013414 0.962278
vt 0.008639 0.962278
vt 0.008639 0.944241
vt 0.013414 0.944241
vt 0.013939 0.932321
vt 0.080700 0.932402
vt 0.080416 0.942643
vt 0.013939 0.943108
vt 0.081157 0.942415
vt 0.087635 0.942415
vt 0.087635 0.964410
vt 0.081157 0.964410
vt 0.080902 0.975032
vt 0.013939 0.974585
vt 0.013939 0.963083
vt 0.080613 0.964109
vt 0.081157 0.964410
vt 0.013939 0.960653
vt 0.013939 0.945866
vt 0.081157 0.942415
vt 0.252734 0.672544
vt 0.288767 0.681485
vt 0.279007 0.736012
vt 0.250668 0.728857
vt 0.278955 0.787473
vt 0.245465 0.786747
vt 0.277907 0.822213
vt 0.238691 0.822064
vt 0.273935 0.923766
vt 0.221412 0.912167
vt 0.652695 0.644046
vt 0.709637 0.617769
vt 0.702105 0.604460
vt 0.647655 0.591423
vt 0.647655 0.591423
vt 0.684994 0.556138
vt 0.654252 0.555452
vt 0.664505 0.522248
vt 0.940557 0.413980
vt 0.938539 0.413980
vt 0.938538 0.325483
vt 0.940557 0.325483
vt 0.938538 0.236985
vt 0.940557 0.236985
vt 0.455780 0.976485
vt 0.430446 0.990945
vt 0.396114 0.993164
vt 0.411536 0.985055
vt 0.397105 0.980784
vt 0.333890 0.877388
vt 0.345063 0.903862
vt 0.335593 0.907055
vt 0.274306 0.788547
vt 0.298465 0.853006
vt 0.252734 0.672544
vt 0.288767 0.681485
vt 0.279007 0.736012
vt 0.250668 0.728857
vt 0.278955 0.787473
vt 0.245465 0.786747
vt 0.277907 0.822213
vt 0.238691 0.822064
vt 0.273935 0.923766
vt 0.221412 0.912167
vt 0.615179 0.950194
vt 0.614945 0.950290
vt 0.614842 0.949783
vt 0.649532 0.935974
vt 0.611838 0.935113
vt 0.648066 0.920366
vt 0.686629 0.914081
vt 0.686629 0.929745
vt 0.719364 0.936396
vt 0.720374 0.920731
vt 0.756513 0.935919
vt 0.755906 0.951799
vt 0.538879 0.895848
vt 0.535437 0.903162
vt 0.538954 0.909182
vt 0.598303 0.895848
vt 0.597693 0.906082
vt 0.600712 0.899809
vt 0.019702 0.621088
vt 0.007036 0.579414
vt 0.057871 0.602502
vt 0.066965 0.632452
vt 0.099604 0.619007
vt 0.108565 0.650230
vt 0.157511 0.631537
vt 0.165968 0.665090
vt 0.170222 0.661068
vt 0.172338 0.639375
vt 0.172613 0.660053
vt 0.170968 0.609204
vt 0.195656 0.615866
vt 0.193307 0.644134
vt 0.886505 0.353159
vt 0.865493 0.370715
vt 0.865493 0.484429
vt 0.886505 0.484429
vt 0.865493 0.572598
vt 0.886505 0.572598
vt 0.865493 0.652897
vt 0.886505 0.652897
vt 0.865491 0.370715
vt 0.886502 0.353159
vt 0.886503 0.484429
vt 0.865491 0.484429
vt 0.886502 0.572598
vt 0.865490 0.572598
vt 0.886502 0.652897
vt 0.865490 0.652897
vt 0.865490 0.733195
vt 0.886502 0.733195
vt 0.865490 0.821364
vt 0.905185 0.399306
vt 0.907651 0.399306
vt 0.907651 0.497512
vt 0.905185 0.497512
vt 0.907651 0.577925
vt 0.905185 0.577925
vt 0.907651 0.649979
vt 0.905185 0.649979
vt 0.905185 0.722034
vt 0.907651 0.722034
vt 0.905185 0.802447
vt 0.907651 0.802447
vt 0.905185 0.900653
vt 0.907651 0.900653
vt 0.893738 0.399306
vt 0.896261 0.399306
vt 0.896261 0.497512
vt 0.893738 0.497512
vt 0.896261 0.577925
vt 0.893738 0.577925
vt 0.896261 0.649979
vt 0.893738 0.649979
vt 0.893738 0.722034
vt 0.896261 0.722034
vt 0.893738 0.802447
vt 0.896261 0.802447
vt 0.893738 0.900653
vt 0.896261 0.900653
vt 0.532438 0.544135
vt 0.532438 0.515308
vt 0.501327 0.518154
vt 0.501327 0.546981
vt 0.468019 0.526885
vt 0.468019 0.551838
vt 0.379113 0.564084
vt 0.386659 0.583044
vt 0.355559 0.616086
vt 0.384917 0.591013
vt 0.371511 0.652340
vt 0.326002 0.657128
vt 0.321017 0.631593
vt 0.262670 0.646912
vt 0.728758 0.385099
vt 0.769152 0.385099
vt 0.771167 0.501018
vt 0.686629 0.376349
vt 0.686629 0.501018
vt 0.618172 0.490813
vt 0.648242 0.385098
vt 0.612579 0.385098
vt 0.618300 0.501018
vt 0.686629 0.662184
vt 0.617917 0.527403
vt 0.666567 0.662184
vt 0.926025 0.776288
vt 0.926025 0.778889
vt 0.942143 0.776393
vt 0.942143 0.773752
vt 0.956528 0.776393
vt 0.956528 0.773752
vt 0.970821 0.776393
vt 0.970821 0.773752
vt 0.986974 0.778889
vt 0.986974 0.776288
vt 0.986974 0.771209
vt 0.986974 0.765167
vt 0.970821 0.762678
vt 0.970821 0.773752
vt 0.956528 0.762678
vt 0.956528 0.773752
vt 0.942143 0.762678
vt 0.942143 0.773752
vt 0.926025 0.765167
vt 0.926025 0.771209
vt 0.986974 0.516531
vt 0.986974 0.521438
vt 0.970821 0.523402
vt 0.970821 0.514519
vt 0.956528 0.523402
vt 0.956528 0.514519
vt 0.942143 0.523402
vt 0.942143 0.514519
vt 0.926025 0.521438
vt 0.926025 0.516531
vt 0.986974 0.516531
vt 0.986974 0.521438
vt 0.970821 0.523402
vt 0.970821 0.514519
vt 0.956528 0.523402
vt 0.956528 0.514519
vt 0.942143 0.523402
vt 0.942143 0.514519
vt 0.926025 0.521438
vt 0.926025 0.516531
vt 0.986972 0.778889
vt 0.986972 0.784973
vt 0.970818 0.787409
vt 0.970818 0.776393
vt 0.956525 0.787409
vt 0.956525 0.776393
vt 0.942141 0.787409
vt 0.942141 0.776393
vt 0.926022 0.784973
vt 0.926022 0.778889
vt 0.065568 0.905773
vt 0.018678 0.905773
vt 0.018678 0.895609
vt 0.065568 0.895609
vt 0.018678 0.884145
vt 0.065568 0.884145
vt 0.018678 0.872678
vt 0.065568 0.872678
vt 0.018678 0.862502
vt 0.065568 0.862502
vt 0.018678 0.851031
vt 0.065568 0.851031
vt 0.018678 0.839558
vt 0.065568 0.839558
vt 0.945759 0.325483
vt 0.945759 0.413980
vt 0.943671 0.413980
vt 0.943671 0.325483
vt 0.945758 0.236985
vt 0.943670 0.236985
vt 0.530759 0.004751
vt 0.533260 0.004836
vt 0.509281 0.021280
vt 0.509777 0.027353
vt 0.534999 0.026071
vt 0.060857 0.185541
vt 0.063187 0.185541
vt 0.063187 0.179636
vt 0.063187 0.166235
vt 0.007730 0.185541
vt 0.007730 0.166235
vt 0.060857 0.185541
vt 0.007730 0.185541
vt 0.007730 0.208778
vt 0.060981 0.208778
vt 0.063187 0.185541
vt 0.063187 0.208778
vt 0.204621 0.690217
vt 0.226024 0.685366
vt 0.227150 0.666196
vt 0.205725 0.660880
vt 0.197545 0.696259
vt 0.193503 0.682459
vt 0.178136 0.708450
vt 0.141890 0.696321
vt 0.176562 0.710640
vt 0.141156 0.681074
vt 0.149526 0.748251
vt 0.104580 0.687193
vt 0.099297 0.670962
vt 0.048092 0.653322
vt 0.059863 0.683826
vt 0.126288 0.799503
vt 0.136049 0.796164
vt 0.090782 0.800450
vt 0.129619 0.831975
vt 0.113526 0.877640
vt 0.538952 0.909182
vt 0.535435 0.903162
vt 0.538877 0.895848
vt 0.598301 0.895848
vt 0.597690 0.906082
vt 0.600709 0.899809
vt 0.163276 0.028737
vt 0.137651 0.028737
vt 0.136191 0.013381
vt 0.162645 0.013381
vt 0.191295 0.028737
vt 0.189902 0.013381
vt 0.230995 0.013381
vt 0.240903 0.028737
vt 0.513228 0.011778
vt 0.539486 0.011778
vt 0.539483 0.027455
vt 0.513226 0.027455
vt 0.507321 0.011778
vt 0.507319 0.027455
vt 0.496631 0.027455
vt 0.496634 0.011778
vt 0.471020 0.011778
vt 0.471018 0.027455
vt 0.442496 0.011778
vt 0.442495 0.027455
vt 0.392834 0.027455
vt 0.392836 0.011778
vt 0.501327 0.518154
vt 0.532438 0.515308
vt 0.532438 0.544135
vt 0.501327 0.546981
vt 0.468019 0.526885
vt 0.468019 0.551838
vt 0.379113 0.564084
vt 0.386659 0.583044
vt 0.355559 0.616086
vt 0.384917 0.591013
vt 0.365969 0.639745
vt 0.323429 0.630510
vt 0.373679 0.642421
vt 0.532988 0.708995
vt 0.498579 0.706995
vt 0.539101 0.570346
vt 0.507629 0.570507
vt 0.463741 0.712543
vt 0.475217 0.578228
vt 0.376916 0.729013
vt 0.393015 0.613738
vt 0.457990 0.773345
vt 0.372309 0.662202
vt 0.367506 0.787426
vt 0.453052 0.836300
vt 0.336037 0.733250
vt 0.341498 0.677684
vt 0.360184 0.829817
vt 0.441891 0.909633
vt 0.350765 0.916468
vt 0.279007 0.736012
vt 0.288767 0.681485
vt 0.326851 0.827987
vt 0.331173 0.788594
vt 0.278955 0.787473
vt 0.277907 0.822213
vt 0.317792 0.920888
vt 0.304220 0.921779
vt 0.275106 0.893822
vt 0.277907 0.822213
vt 0.970821 0.787409
vt 0.986974 0.784973
vt 0.986974 0.778889
vt 0.970821 0.776393
vt 0.956528 0.787409
vt 0.956528 0.776393
vt 0.942143 0.787409
vt 0.942143 0.776393
vt 0.926025 0.784973
vt 0.926025 0.778889
vt 0.942143 0.513413
vt 0.926025 0.515622
vt 0.926025 0.513320
vt 0.942143 0.511076
vt 0.956528 0.513413
vt 0.956528 0.511076
vt 0.970821 0.513413
vt 0.970821 0.511076
vt 0.986974 0.515622
vt 0.986974 0.513320
vt 0.970821 0.499734
vt 0.986974 0.502223
vt 0.986974 0.508265
vt 0.970821 0.510808
vt 0.956528 0.499734
vt 0.956528 0.510808
vt 0.942143 0.499734
vt 0.942143 0.510808
vt 0.926025 0.502223
vt 0.926025 0.508265
vt 0.942143 0.513413
vt 0.926025 0.515622
vt 0.926025 0.513320
vt 0.942143 0.511076
vt 0.956528 0.513413
vt 0.956528 0.511076
vt 0.970821 0.513413
vt 0.970821 0.511076
vt 0.986974 0.515622
vt 0.986974 0.513320
vt 0.970821 0.499734
vt 0.986974 0.502223
vt 0.986974 0.508265
vt 0.970821 0.510808
vt 0.956528 0.499734
vt 0.956528 0.510808
vt 0.942143 0.499734
vt 0.942143 0.510808
vt 0.926025 0.502223
vt 0.926025 0.508265
vt 0.942141 0.776393
vt 0.926022 0.778889
vt 0.926022 0.776288
vt 0.942141 0.773752
vt 0.956525 0.776393
vt 0.956525 0.773752
vt 0.970818 0.776393
vt 0.970818 0.773752
vt 0.986972 0.778889
vt 0.986972 0.776288
vt 0.970818 0.762678
vt 0.986972 0.765167
vt 0.986972 0.771209
vt 0.970818 0.773752
vt 0.956525 0.762678
vt 0.956525 0.773752
vt 0.942141 0.762678
vt 0.942141 0.773752
vt 0.926022 0.765167
vt 0.926022 0.771209
vt 0.263482 0.847450
vt 0.231581 0.903608
vt 0.221490 0.900824
vt 0.264472 0.771170
vt 0.273259 0.742949
vt 0.280929 0.788739
vt 0.220424 0.642776
vt 0.943085 0.325483
vt 0.943086 0.413980
vt 0.941132 0.413980
vt 0.941132 0.325483
vt 0.941132 0.236985
vt 0.943085 0.236985
vt 0.938048 0.325483
vt 0.938048 0.413980
vt 0.935889 0.413980
vt 0.935889 0.325483
vt 0.935889 0.236986
vt 0.938048 0.236985
vt 0.624554 0.643401
vt 0.708296 0.646333
vt 0.627508 0.604878
vt 0.750094 0.630232
vt 0.678870 0.579558
vt 0.637568 0.592797
vt 0.686072 0.534550
vt 0.676019 0.546623
vt 0.711606 0.561420
vt 0.220424 0.642776
vt 0.273259 0.742949
vt 0.280929 0.788739
vt 0.264472 0.771170
vt 0.231581 0.903608
vt 0.221490 0.900824
vt 0.263482 0.847450
vt 0.646225 0.875157
vt 0.609325 0.891850
vt 0.607524 0.838536
vt 0.686629 0.868082
vt 0.666682 0.819800
vt 0.606025 0.794155
vt 0.606233 0.791648
vt 0.628061 0.726314
vt 0.638593 0.662184
vt 0.686629 0.662184
vt 0.686629 0.810913
vt 0.716029 0.797994
vt 0.724981 0.876239
vt 0.772998 0.662184
vt 0.763469 0.894071
vt 0.768416 0.773686
vt 0.141096 0.094222
vt 0.125663 0.051716
vt 0.135385 0.099188
vt 0.129205 0.090820
vt 0.109311 0.042116
vt 0.128151 0.041166
vt 0.110897 0.013381
vt 0.103225 0.013381
vt 0.137651 0.028737
vt 0.136191 0.013381
vt 0.163276 0.028737
vt 0.162645 0.013381
vt 0.191295 0.028737
vt 0.189902 0.013381
vt 0.230995 0.013381
vt 0.240903 0.028737
vt 0.340107 0.027455
vt 0.310634 0.027455
vt 0.310637 0.011778
vt 0.340112 0.011778
vt 0.381262 0.011778
vt 0.381260 0.027455
vt 0.498579 0.706995
vt 0.532988 0.708995
vt 0.539101 0.570346
vt 0.507629 0.570507
vt 0.475217 0.578228
vt 0.485481 0.709081
vt 0.467049 0.673824
vt 0.372309 0.662202
vt 0.366296 0.665224
vt 0.393015 0.613738
vt 0.770537 0.036002
vt 0.772033 0.019370
vt 0.790710 0.177742
vt 0.845040 0.019370
vt 0.922505 0.019370
vt 0.899480 0.177742
vt 0.845040 0.177742
vt 0.811811 0.277768
vt 0.878079 0.277768
vt 0.845040 0.277768
vt 0.845040 0.380246
vt 0.646162 0.890361
vt 0.610315 0.906579
vt 0.609325 0.894823
vt 0.646225 0.878635
vt 0.686629 0.869375
vt 0.686629 0.884581
vt 0.722325 0.890626
vt 0.724981 0.879324
vt 0.763469 0.896365
vt 0.760373 0.908547
vt 0.114001 0.877933
vt 0.113746 0.878386
vt 0.113526 0.877640
vt 0.131197 0.847360
vt 0.138826 0.888540
vt 0.090782 0.800450
vt 0.146968 0.839951
vt 0.159321 0.896789
vt 0.127054 0.797629
vt 0.161291 0.833222
vt 0.178170 0.904376
vt 0.139880 0.793967
vt 0.155588 0.789480
vt 0.139048 0.780672
vt 0.146490 0.770149
vt 0.206642 0.821942
vt 0.214221 0.910579
vt 0.221412 0.912167
vt 0.238691 0.822064
vt 0.203617 0.785841
vt 0.245465 0.786747
vt 0.203616 0.763230
vt 0.247194 0.767504
vt 0.250668 0.728857
vt 0.148720 0.742772
vt 0.144305 0.735083
vt 0.141890 0.696321
vt 0.203614 0.716976
vt 0.252734 0.672544
vt 0.205725 0.660880
vt 0.193503 0.682459
vt 0.141156 0.681074
vt 0.132610 0.694051
vt 0.124222 0.676983
vt 0.141890 0.696321
vt 0.131003 0.711006
vt 0.104580 0.687193
vt 0.099297 0.670962
vt 0.048092 0.653322
vt 0.059863 0.683826
vt 0.131003 0.711006
vt 0.121760 0.723472
vt 0.123504 0.747896
vt 0.102850 0.769321
vt 0.117440 0.750383
vt 0.052795 0.461899
vt 0.038280 0.407512
vt 0.079901 0.418230
vt 0.120748 0.461899
vt 0.052921 0.514683
vt 0.161810 0.418230
vt 0.203458 0.407512
vt 0.188768 0.461899
vt 0.188609 0.514683
vt 0.120748 0.514683
vt 0.083254 0.568732
vt 0.158873 0.568732
vt 0.120748 0.568732
vt 0.686629 0.288855
vt 0.608568 0.288855
vt 0.615402 0.078346
vt 0.686629 0.012057
vt 0.649643 0.025239
vt 0.763633 0.078346
vt 0.768844 0.288855
vt 0.729798 0.025239
vt 0.830000 0.895685
vt 0.837212 0.890174
vt 0.837270 0.897082
vt 0.831208 0.890016
vt 0.818983 0.889693
vt 0.820700 0.898080
vt 0.821765 0.903284
vt 0.829162 0.904203
vt 0.837339 0.905219
vt 0.837270 0.897082
vt 0.820747 0.904291
vt 0.829197 0.899283
vt 0.831718 0.905242
vt 0.838680 0.890456
vt 0.827645 0.890597
vn 0.451668 -0.13197300000000006 -0.882371
vn 0.451668 -0.13197300000000006 -0.882371
vn 0.451668 -0.13197300000000006 -0.882371
vn 0.343961 -0.12864900000000007 -0.930129
vn 0.343961 -0.12864900000000007 -0.930129
vn 0.343961 -0.12864900000000007 -0.930129
vn 0.990664 -0.131998 0.034080000000000006
vn 0.990664 -0.131998 0.034080000000000006
vn 0.990664 -0.131998 0.034080000000000006
vn 0.949616 -0.02680599999999998 0.312268
vn 0.949616 -0.02680599999999998 0.312268
vn 0.949616 -0.02680599999999998 0.312268
vn 0.933136 -0.11155700000000003 -0.341778
vn 0.933136 -0.11155700000000003 -0.341778
vn 0.933136 -0.11155700000000003 -0.341778
vn 0.911857 0.022415999999999974 -0.409895
vn 0.911857 0.022415999999999974 -0.409895
vn 0.911857 0.022415999999999974 -0.409895
vn 0.139476 0.940526 -0.30976900000000007
vn 0.139476 0.940526 -0.30976900000000007
vn 0.139476 0.940526 -0.30976900000000007
vn 0.161549 0.967908 -0.19250100000000006
vn 0.161549 0.967908 -0.19250100000000006
vn 0.161549 0.967908 -0.19250100000000006
vn -0.015849 0.823632 -0.566902
vn -0.015849 0.823632 -0.566902
vn -0.015849 0.823632 -0.566902
vn 0.942689 -0.20271900000000004 -0.265033
vn 0.942689 -0.20271900000000004 -0.265033
vn 0.942689 -0.20271900000000004 -0.265033
vn -0.014033 0.926603 -0.37577800000000006
vn -0.014033 0.926603 -0.37577800000000006
vn -0.014033 0.926603 -0.37577800000000006
vn 0.850451 -0.319598 -0.41784
vn 0.850451 -0.319598 -0.41784
vn 0.850451 -0.319598 -0.41784
vn -0.011815 0.981777 -0.18966900000000006
vn -0.011815 0.981777 -0.18966900000000006
vn -0.011815 0.981777 -0.18966900000000006
vn 0.749538 -0.40216700000000005 -0.52579
vn 0.749538 -0.40216700000000005 -0.52579
vn 0.749538 -0.40216700000000005 -0.52579
vn -0.009596 0.999567 -0.027817000000000064
vn -0.009596 0.999567 -0.027817000000000064
vn -0.009596 0.999567 -0.027817000000000064
vn 0.656907 -0.45806600000000003 -0.598873
vn 0.656907 -0.45806600000000003 -0.598873
vn 0.656907 -0.45806600000000003 -0.598873
vn -0.007602 0.994546 0.10401999999999995
vn -0.007602 0.994546 0.10401999999999995
vn -0.007602 0.994546 0.10401999999999995
vn 0.577854 -0.4958370000000001 -0.648252
vn 0.577854 -0.4958370000000001 -0.648252
vn 0.577854 -0.4958370000000001 -0.648252
vn 0.631787 0.617677 -0.46831700000000004
vn 0.631787 0.617677 -0.46831700000000004
vn 0.631787 0.617677 -0.46831700000000004
vn -0.008578 0.950241 -0.31139800000000006
vn -0.008578 0.950241 -0.31139800000000006
vn -0.008578 0.950241 -0.31139800000000006
vn -0.010613 0.950598 -0.3102420000000001
vn -0.010613 0.950598 -0.3102420000000001
vn -0.010613 0.950598 -0.3102420000000001
vn 0.92231 -0.23478400000000002 -0.306955
vn 0.92231 -0.23478400000000002 -0.306955
vn 0.92231 -0.23478400000000002 -0.306955
vn -0.009788 0.885898 -0.46377700000000005
vn -0.009788 0.885898 -0.46377700000000005
vn -0.009788 0.885898 -0.46377700000000005
vn 0.978751 -0.12457700000000001 -0.162869
vn 0.978751 -0.12457700000000001 -0.162869
vn 0.978751 -0.12457700000000001 -0.162869
vn -0.008622 0.790586 -0.61229
vn -0.008622 0.790586 -0.61229
vn -0.008622 0.790586 -0.61229
vn 0.285407 0.582269 0.761253
vn 0.285407 0.582269 0.761253
vn 0.285407 0.582269 0.761253
vn -0.005799 -0.17205700000000004 -0.98507
vn -0.005799 -0.17205700000000004 -0.98507
vn -0.005799 -0.17205700000000004 -0.98507
vn -0.17182 -0.17114200000000004 -0.970149
vn -0.17182 -0.17114200000000004 -0.970149
vn -0.17182 -0.17114200000000004 -0.970149
vn -0.013842 0.790643 -0.612122
vn -0.013842 0.790643 -0.612122
vn -0.013842 0.790643 -0.612122
vn 0.996031 -0.05407300000000001 -0.070694
vn 0.996031 -0.05407300000000001 -0.070694
vn 0.996031 -0.05407300000000001 -0.070694
vn -0.226236 -0.913925 -0.33698399999999995
vn -0.226236 -0.913925 -0.33698399999999995
vn -0.226236 -0.913925 -0.33698399999999995
vn 0.153331 -0.80164 -0.577809
vn 0.153331 -0.80164 -0.577809
vn 0.153331 -0.80164 -0.577809
vn -0.958263 -0.239881 0.15553000000000003
vn -0.958263 -0.239881 0.15553000000000003
vn -0.958263 -0.239881 0.15553000000000003
vn -0.917676 -0.379856 0.11652900000000002
vn -0.917676 -0.379856 0.11652900000000002
vn -0.917676 -0.379856 0.11652900000000002
vn -0.898903 -0.390935 0.19784500000000002
vn -0.898903 -0.390935 0.19784500000000002
vn -0.898903 -0.390935 0.19784500000000002
vn 0.190649 -0.940741 -0.28046299999999996
vn 0.190649 -0.940741 -0.28046299999999996
vn 0.190649 -0.940741 -0.28046299999999996
vn 0.191283 -0.94148 -0.2775349999999999
vn 0.191283 -0.94148 -0.2775349999999999
vn 0.191283 -0.94148 -0.2775349999999999
vn 0.015849 -0.823633 0.566903
vn 0.015849 -0.823633 0.566903
vn 0.015849 -0.823633 0.566903
vn 0.968149 0.198075 -0.153147
vn 0.968149 0.198075 -0.153147
vn 0.968149 0.198075 -0.153147
vn -0.942689 0.20271900000000004 0.265033
vn -0.942689 0.20271900000000004 0.265033
vn -0.942689 0.20271900000000004 0.265033
vn -0.613473 -0.624443 0.48344800000000004
vn -0.613473 -0.624443 0.48344800000000004
vn -0.613473 -0.624443 0.48344800000000004
vn -0.996031 0.05407300000000001 0.070694
vn -0.996031 0.05407300000000001 0.070694
vn -0.996031 0.05407300000000001 0.070694
vn -0.00308 0.606292 0.795236
vn -0.00308 0.606292 0.795236
vn -0.00308 0.606292 0.795236
vn 3.4E-05 0.604067 0.796933
vn 3.4E-05 0.604067 0.796933
vn 3.4E-05 0.604067 0.796933
vn -0.00308 -0.608778 -0.793335
vn -0.00308 -0.608778 -0.793335
vn -0.00308 -0.608778 -0.793335
vn 3.4E-05 -0.610997 -0.791633
vn 3.4E-05 -0.610997 -0.791633
vn 3.4E-05 -0.610997 -0.791633
vn -0.695926 -0.57261 0.43336500000000006
vn -0.695926 -0.57261 0.43336500000000006
vn -0.695926 -0.57261 0.43336500000000006
vn -0.695892 -0.572013 0.43420600000000004
vn -0.695892 -0.572013 0.43420600000000004
vn -0.695892 -0.572013 0.43420600000000004
vn -0.560219 0.4435279999999999 -0.699598
vn -0.560219 0.4435279999999999 -0.699598
vn -0.560219 0.4435279999999999 -0.699598
vn 0.522689 -0.45738299999999993 0.719442
vn 0.522689 -0.45738299999999993 0.719442
vn 0.522689 -0.45738299999999993 0.719442
vn 0.525889 -0.47175999999999996 0.707731
vn 0.525889 -0.47175999999999996 0.707731
vn 0.525889 -0.47175999999999996 0.707731
vn -0.209164 -0.767774 0.605618
vn -0.209164 -0.767774 0.605618
vn -0.209164 -0.767774 0.605618
vn -0.589041 -0.026296999999999952 0.807675
vn -0.589041 -0.026296999999999952 0.807675
vn -0.589041 -0.026296999999999952 0.807675
vn -0.188719 -0.78899 0.584706
vn -0.188719 -0.78899 0.584706
vn -0.188719 -0.78899 0.584706
vn -0.17259 -0.79739 0.578258
vn -0.17259 -0.79739 0.578258
vn -0.17259 -0.79739 0.578258
vn -0.18379 -0.776258 0.603029
vn -0.18379 -0.776258 0.603029
vn -0.18379 -0.776258 0.603029
vn -0.181754 -0.788548 0.587502
vn -0.181754 -0.788548 0.587502
vn -0.181754 -0.788548 0.587502
vn -0.743606 -0.534612 0.40154700000000004
vn -0.743606 -0.534612 0.40154700000000004
vn -0.743606 -0.534612 0.40154700000000004
vn -0.744696 -0.527055 0.4094400000000001
vn -0.744696 -0.527055 0.4094400000000001
vn -0.744696 -0.527055 0.4094400000000001
vn 0.465846 -0.513809 0.720408
vn 0.465846 -0.513809 0.720408
vn 0.465846 -0.513809 0.720408
vn 0.289536 -0.820512 -0.4928779999999999
vn 0.289536 -0.820512 -0.4928779999999999
vn 0.289536 -0.820512 -0.4928779999999999
vn -0.128185 -0.77765 0.615491
vn -0.128185 -0.77765 0.615491
vn -0.128185 -0.77765 0.615491
vn -0.127265 -0.779478 0.613366
vn -0.127265 -0.779478 0.613366
vn -0.127265 -0.779478 0.613366
vn 0.475385 -0.512433 0.715138
vn 0.475385 -0.512433 0.715138
vn 0.475385 -0.512433 0.715138
vn 0.473782 -0.508775 0.718803
vn 0.473782 -0.508775 0.718803
vn 0.473782 -0.508775 0.718803
vn 0.51407 -0.24944899999999995 0.820675
vn 0.51407 -0.24944899999999995 0.820675
vn 0.51407 -0.24944899999999995 0.820675
vn 0.606538 -0.48868199999999995 0.627138
vn 0.606538 -0.48868199999999995 0.627138
vn 0.606538 -0.48868199999999995 0.627138
vn -0.166207 -0.794479 0.584104
vn -0.166207 -0.794479 0.584104
vn -0.166207 -0.794479 0.584104
vn -0.151074 -0.796941 0.58486
vn -0.151074 -0.796941 0.58486
vn -0.151074 -0.796941 0.58486
vn 0.133922 0.795621 -0.590806
vn 0.133922 0.795621 -0.590806
vn 0.133922 0.795621 -0.590806
vn -0.05496 0.623358 0.780002
vn -0.093898 0.603739 0.791633
vn -0.05496 0.623358 0.780002
vn -0.05496 0.623358 0.780002
vn -0.01591 0.641708 0.766784
vn -0.05496 0.623358 0.780002
vn 0.054949 -0.623373 -0.779992
vn 0.093889 -0.603742 -0.791632
vn 0.054949 -0.623373 -0.779992
vn 0.054949 -0.623373 -0.779992
vn 0.015897 -0.641734 -0.766763
vn 0.054949 -0.623373 -0.779992
vn 0.122748 0.803909 -0.581948
vn 0.122748 0.803909 -0.581948
vn 0.122748 0.803909 -0.581948
vn 0.104481 0.805597 -0.583179
vn 0.104481 0.805597 -0.583179
vn 0.104481 0.805597 -0.583179
vn 0.232071 0.782185 -0.578212
vn 0.232071 0.782185 -0.578212
vn 0.232071 0.782185 -0.578212
vn 0.156477 0.819242 -0.551686
vn 0.156477 0.819242 -0.551686
vn 0.156477 0.819242 -0.551686
vn 0.184911 0.770565 -0.609949
vn 0.184911 0.770565 -0.609949
vn 0.184911 0.770565 -0.609949
vn 0.180964 0.784245 -0.593475
vn 0.180964 0.784245 -0.593475
vn 0.180964 0.784245 -0.593475
vn -0.190839 -0.769828 0.609053
vn -0.190839 -0.769828 0.609053
vn -0.190839 -0.769828 0.609053
vn -0.186784 -0.784285 0.591615
vn -0.186784 -0.784285 0.591615
vn -0.186784 -0.784285 0.591615
vn -0.231816 -0.782359 0.578079
vn -0.231816 -0.782359 0.578079
vn -0.231816 -0.782359 0.578079
vn -0.156304 -0.819354 0.551569
vn -0.156304 -0.819354 0.551569
vn -0.156304 -0.819354 0.551569
vn -0.12246 -0.803967 0.581929
vn -0.12246 -0.803967 0.581929
vn -0.12246 -0.803967 0.581929
vn -0.104242 -0.805646 0.583154
vn -0.104242 -0.805646 0.583154
vn -0.104242 -0.805646 0.583154
vn 0.134001 0.778467 -0.613216
vn 0.134001 0.778467 -0.613216
vn 0.134001 0.778467 -0.613216
vn 0.103774 0.79313 -0.600147
vn 0.103774 0.79313 -0.600147
vn 0.103774 0.79313 -0.600147
vn -0.775315 -0.63153 0.007554000000000039
vn -0.498189 -0.72432 0.4766210000000001
vn -0.060816 -0.946288 0.31755400000000006
vn 0.367995 -0.584843 0.722869
vn 0.367995 -0.584843 0.722869
vn 0.367995 -0.584843 0.722869
vn 0.365044 -0.58717 0.722477
vn 0.365044 -0.58717 0.722477
vn 0.365044 -0.58717 0.722477
vn 0.369859 -0.594369 0.714094
vn 0.369859 -0.594369 0.714094
vn 0.369859 -0.594369 0.714094
vn 0.370954 -0.591887 0.715585
vn 0.370954 -0.591887 0.715585
vn 0.370954 -0.591887 0.715585
vn 0.779187 0.08954000000000004 0.620363
vn -0.146535 -0.755665 0.638355
vn 0.360415 -0.11607799999999995 0.925542
vn -0.054958 -0.985501 -0.16051999999999994
vn -0.093898 -0.986011 -0.13771699999999995
vn -0.054958 -0.985501 -0.16051999999999994
vn -0.054958 -0.985501 -0.16051999999999994
vn -0.015906 -0.982985 -0.18299699999999994
vn -0.054958 -0.985501 -0.16051999999999994
vn 0.054952 0.985499 0.16053599999999996
vn 0.093892 0.986011 0.13771999999999995
vn 0.054952 0.985499 0.16053599999999996
vn 0.054952 0.985499 0.16053599999999996
vn 0.0159 0.98298 0.18302499999999994
vn 0.054952 0.985499 0.16053599999999996
vn 0.104481 0.773719 -0.624855
vn 0.104481 0.773719 -0.624855
vn 0.104481 0.773719 -0.624855
vn 0.12275 0.772088 -0.623548
vn 0.12275 0.772088 -0.623548
vn 0.12275 0.772088 -0.623548
vn 0.462664 0.41110399999999997 -0.785452
vn 0.462664 0.41110399999999997 -0.785452
vn 0.462664 0.41110399999999997 -0.785452
vn 0.663863 0.518958 -0.538487
vn 0.663863 0.518958 -0.538487
vn 0.663863 0.518958 -0.538487
vn 0.233456 0.762353 -0.603586
vn 0.233456 0.762353 -0.603586
vn 0.233456 0.762353 -0.603586
vn 0.414675 0.13960399999999995 -0.899197
vn 0.414675 0.13960399999999995 -0.899197
vn 0.414675 0.13960399999999995 -0.899197
vn -0.249753 -0.756794 0.604059
vn -0.249753 -0.756794 0.604059
vn -0.249753 -0.756794 0.604059
vn -0.404312 -0.14027699999999996 0.9038
vn -0.404312 -0.14027699999999996 0.9038
vn -0.404312 -0.14027699999999996 0.9038
vn -0.46256 -0.41098499999999993 0.785576
vn -0.46256 -0.41098499999999993 0.785576
vn -0.46256 -0.41098499999999993 0.785576
vn -0.663792 -0.518873 0.538656
vn -0.663792 -0.518873 0.538656
vn -0.663792 -0.518873 0.538656
vn -0.104242 -0.773708 0.624908
vn -0.104242 -0.773708 0.624908
vn -0.104242 -0.773708 0.624908
vn -0.122461 -0.772086 0.623608
vn -0.122461 -0.772086 0.623608
vn -0.122461 -0.772086 0.623608
vn 0.474833 -0.516881 0.712297
vn 0.474833 -0.516881 0.712297
vn 0.474833 -0.516881 0.712297
vn -0.919132 -0.311501 0.24117200000000003
vn -0.919132 -0.311501 0.24117200000000003
vn -0.919132 -0.311501 0.24117200000000003
vn -0.919132 -0.314377 0.23741000000000004
vn -0.919132 -0.314377 0.23741000000000004
vn -0.919132 -0.314377 0.23741000000000004
vn 0.96815 0.199655 -0.151074
vn 0.96815 0.199655 -0.151074
vn 0.96815 0.199655 -0.151074
vn 0.966291 0.20945 -0.149707
vn 0.966291 0.20945 -0.149707
vn 0.966291 0.20945 -0.149707
vn 0.968931 0.200165 -0.145284
vn 0.968931 0.200165 -0.145284
vn 0.968931 0.200165 -0.145284
vn 0.96775 0.193183 -0.16168
vn 0.96775 0.193183 -0.16168
vn 0.96775 0.193183 -0.16168
vn -0.208169 -0.785681 0.582556
vn -0.208169 -0.785681 0.582556
vn -0.208169 -0.785681 0.582556
vn -0.208967 -0.781241 0.588214
vn -0.208967 -0.781241 0.588214
vn -0.208967 -0.781241 0.588214
vn -0.172591 -0.766842 0.618196
vn -0.172591 -0.766842 0.618196
vn -0.172591 -0.766842 0.618196
vn -0.188602 -0.784488 0.590768
vn -0.188602 -0.784488 0.590768
vn -0.188602 -0.784488 0.590768
vn -0.738082 -0.538977 0.4058800000000001
vn -0.738082 -0.538977 0.4058800000000001
vn -0.738082 -0.538977 0.4058800000000001
vn -0.735048 -0.535222 0.41622400000000004
vn -0.735048 -0.535222 0.41622400000000004
vn -0.735048 -0.535222 0.41622400000000004
vn -0.355011 -0.746893 0.562244
vn -0.355011 -0.746893 0.562244
vn -0.355011 -0.746893 0.562244
vn 0.466454 -0.78196 -0.4134729999999999
vn 0.466454 -0.78196 -0.4134729999999999
vn 0.466454 -0.78196 -0.4134729999999999
vn 0.472862 -0.524281 0.708189
vn 0.472862 -0.524281 0.708189
vn 0.472862 -0.524281 0.708189
vn 0.343266 -0.35438499999999995 0.869816
vn 0.343266 -0.35438499999999995 0.869816
vn 0.343266 -0.35438499999999995 0.869816
vn -0.125083 -0.78505 0.606672
vn -0.125083 -0.78505 0.606672
vn -0.125083 -0.78505 0.606672
vn -0.124554 -0.786923 0.604349
vn -0.124554 -0.786923 0.604349
vn -0.124554 -0.786923 0.604349
vn 0.480142 -0.517643 0.708173
vn 0.480142 -0.517643 0.708173
vn 0.480142 -0.517643 0.708173
vn 0.477241 -0.515019 0.712037
vn 0.477241 -0.515019 0.712037
vn 0.477241 -0.515019 0.712037
vn 0.513146 -0.33039599999999997 0.792162
vn 0.513146 -0.33039599999999997 0.792162
vn 0.513146 -0.33039599999999997 0.792162
vn 0.765984 -0.579111 0.27910300000000005
vn 0.765984 -0.579111 0.27910300000000005
vn 0.765984 -0.579111 0.27910300000000005
vn -0.151074 -0.773097 0.616035
vn -0.151074 -0.773097 0.616035
vn -0.151074 -0.773097 0.616035
vn -0.166207 -0.771723 0.613856
vn -0.166207 -0.771723 0.613856
vn -0.166207 -0.771723 0.613856
vn -0.370436 0.900772 0.22668499999999994
vn -0.370436 0.900772 0.22668499999999994
vn -0.370434 0.900773 0.22668599999999994
vn -0.370434 0.900773 0.22668599999999994
vn -0.370434 0.900773 0.22668599999999994
vn 0.873552 -0.06895499999999997 0.481821
vn 0.922164 0.014193000000000025 0.386538
vn 0.912324 0.022968000000000023 0.408824
vn 0.821451 -0.15979399999999996 0.547435
vn 0.821087 -0.15698499999999999 0.548792
vn 0.438762 -0.801646 -0.40601999999999994
vn -0.368364 -0.545119 -0.753096
vn -0.060816 -0.946288 0.31755400000000006
vn -0.775315 -0.63153 0.007554000000000039
vn -0.060816 -0.946288 0.31755400000000006
vn 0.132813 -0.31759199999999993 0.93888
vn -0.25 -0.513468 0.820884
vn 0.927415 -0.13445999999999997 0.34903
vn 0.132813 -0.31759199999999993 0.93888
vn -0.282431 0.01676600000000006 0.959141
vn -0.188342 -0.771008 0.608337
vn -0.188721 -0.770866 0.608399
vn -0.188721 -0.770866 0.608399
vn -0.188342 -0.771008 0.608337
vn -0.188342 -0.771008 0.608337
vn -0.248418 -0.21098599999999995 0.945396
vn 0.345906 -0.932636 -0.10266399999999995
vn -0.040933 -0.647878 0.760644
vn -0.040933 -0.647878 0.760644
vn -0.242355 -0.22944499999999995 0.942666
vn 0.833979 -0.3118389999999999 0.45523
vn -0.443994 -0.858572 0.25636400000000004
vn 0.494548 -0.697373 0.518743
vn 0.494548 -0.697373 0.518743
vn 0.843532 -0.29442 0.449189
vn -0.248418 -0.852129 -0.46061399999999997
vn -0.242355 -0.862171 -0.4448889999999999
vn -0.040933 -0.999116 -0.00961199999999994
vn -0.040933 -0.999116 -0.00961199999999994
vn 0.345906 -0.534031 0.771466
vn 0.83398 -0.548179 -0.06305999999999998
vn 0.843533 -0.532195 -0.07224999999999997
vn 0.494549 -0.848932 0.18637500000000007
vn 0.494549 -0.848932 0.18637500000000007
vn -0.443995 -0.756535 0.48012800000000005
vn 0.324314 -0.944648 -0.049602999999999946
vn 0.33065 -0.943241 -0.03107999999999994
vn 0.464016 -0.779504 0.4207890000000001
vn 0.464016 -0.779504 0.4207890000000001
vn 0.371719 0.06438800000000006 0.92611
vn 0.98365 0.02240000000000001 0.178693
vn 0.985867 0.036403000000000005 0.163529
vn 0.790459 -0.30147499999999994 0.533187
vn 0.790459 -0.30147499999999994 0.533187
vn -0.108806 -0.642284 0.758704
vn 0.601795 -0.549751 -0.579325
vn 0.611116 -0.558572 -0.560833
vn 0.743568 -0.661334 -0.09870799999999996
vn 0.743568 -0.661334 -0.09870799999999996
vn 0.371494 -0.30209199999999997 0.877914
vn 0.87711 0.262489 0.402216
vn 0.874268 0.281634 0.395396
vn 0.812476 -0.23186799999999996 0.534902
vn 0.812476 -0.23186799999999996 0.534902
vn 0.165015 -0.901902 0.39917700000000006
vn 0.423205 -0.24363000000000007 -0.872664
vn 0.912271 -0.307422 0.270653
vn 0.972305 -0.134075 0.191435
vn 0.972305 -0.134075 0.191435
vn 0.539013 -0.20350000000000004 -0.817345
vn 0.586102 -0.2545470000000001 -0.769214
vn 0.650866 -0.35830200000000006 -0.669323
vn 0.476078 -0.34917700000000007 -0.807109
vn 0.422456 -0.3292550000000001 -0.844465
vn 0.365694 -0.34155800000000003 -0.865798
vn 0.365507 -0.3413050000000001 -0.865977
vn 0.338714 -0.35756800000000005 -0.870297
vn 0.338843 -0.35785700000000004 -0.870128
vn -0.98831 -0.128718 0.08170200000000001
vn -0.987594 -0.139086 0.07288600000000002
vn -0.98831 -0.128718 0.08170200000000001
vn -0.988842 -0.118327 0.09050300000000001
vn -0.273611 0.46475800000000006 0.842102
vn -0.273612 0.46476000000000006 0.842101
vn -0.273611 0.46475800000000006 0.842102
vn -0.273611 0.46475800000000006 0.842102
vn 0.391282 0.5591 0.730962
vn 0.391282 0.559101 0.730962
vn 0.391282 0.559101 0.730962
vn 0.391282 0.559101 0.730962
vn -0.928214 -0.21908899999999998 0.300696
vn -0.928395 -0.22015799999999996 0.299354
vn -0.928214 -0.21908899999999998 0.300696
vn -0.928031 -0.21801999999999996 0.302036
vn 0.937475 0.19811499999999999 -0.286165
vn 0.937648 0.19912499999999997 -0.284898
vn 0.937475 0.19811499999999999 -0.286165
vn 0.937301 0.19710499999999997 -0.287432
vn 0.157406 0.60476 0.780698
vn 0.161741 0.605255 0.779427
vn 0.157406 0.60476 0.780698
vn 0.153069 0.604252 0.781953
vn -1 1E-06 -1E-06
vn -1 0 0
vn -1 1E-06 -1E-06
vn -1 1E-06 -1E-06
vn -1 0 0
vn -1 -1E-06 1E-06
vn -1 0 0
vn -1 0 0
vn -1 1E-06 -1E-06
vn -1 0 0
vn -1 1E-06 -1E-06
vn -1 1E-06 -1E-06
vn 0.008855 -0.790614 0.61225
vn 0.009087 -0.790642 0.612211
vn 0.008855 -0.790614 0.61225
vn 0.008622 -0.790586 0.61229
vn 0.010196 -0.790594 0.612255
vn 0.010459 -0.790626 0.61221
vn 0.010196 -0.790594 0.612255
vn 0.009932 -0.790563 0.612301
vn 0.011541 -0.790587 0.612241
vn 0.011834 -0.790622 0.61219
vn 0.011541 -0.790587 0.612241
vn 0.011247 -0.790552 0.612292
vn 0.012877 -0.790593 0.612207
vn 0.0132 -0.790631 0.612151
vn 0.012877 -0.790593 0.612207
vn 0.012555 -0.790555 0.612263
vn -0.000725 0.606944 0.794744
vn -0.000867 0.607539 0.79429
vn -0.000867 0.607539 0.79429
vn -0.000867 0.607539 0.79429
vn -0.695924 -0.568161 0.4391840000000001
vn -0.695892 -0.568775 0.4384390000000001
vn -0.695924 -0.568161 0.4391840000000001
vn -0.695924 -0.568161 0.4391840000000001
vn -1 0 0
vn -1 0 0
vn -1 0 0
vn -1 0 0
vn 1 0 0
vn 1 0 0
vn 1 0 0
vn 1 0 0
vn 0.007813 -0.791124 0.611607
vn 0.007849 -0.791159 0.61156
vn 0.007813 -0.791124 0.611607
vn 0.007813 -0.791124 0.611607
vn -1 -0 0
vn -1 1E-06 -1E-06
vn -1 -0 0
vn -1 -0 0
vn -1 -1E-06 1E-06
vn -1 0 0
vn -1 -1E-06 1E-06
vn -1 -1E-06 1E-06
vn -1 -0 0
vn -1 1E-06 -1E-06
vn -1 -0 0
vn -1 -0 0
vn -1 -0 0
vn -1 -0 0
vn -1 -0 0
vn -1 -0 0
vn -1 -0 0
vn -1 -2E-06 1.2246467991473532E-22
vn -1 -0 0
vn -1 -0 0
vn -1 -0 0
vn -1 -0 0
vn -1 -0 0
vn -1 -0 0
vn 0.008854 -0.798079 0.602488
vn 0.008622 -0.798112 0.602448
vn 0.008854 -0.798079 0.602488
vn 0.009086 -0.798046 0.602527
vn 0.009358 -0.797982 0.602609
vn 0.008259 -0.798129 0.602431
vn 0.009358 -0.797982 0.602609
vn 0.010458 -0.797834 0.602786
vn 0.011541 -0.797854 0.602741
vn 0.011248 -0.797894 0.602694
vn 0.011541 -0.797854 0.602741
vn 0.011833 -0.797814 0.602787
vn 0.012878 -0.797822 0.602755
vn 0.012557 -0.797866 0.602704
vn 0.012878 -0.797822 0.602755
vn 0.013199 -0.797779 0.602806
vn 0.014196 -0.797799 0.602757
vn 0.013842 -0.797847 0.602701
vn 0.014196 -0.797799 0.602757
vn 0.014551 -0.79775 0.602813
vn 0.015482 -0.797799 0.602724
vn 0.015095 -0.797853 0.602663
vn 0.015482 -0.797799 0.602724
vn 0.015868 -0.797746 0.602785
vn -0.000726 -0.608133 -0.793835
vn -0.000867 -0.607539 -0.794289
vn -0.000867 -0.607539 -0.794289
vn -0.000867 -0.607539 -0.794289
vn -1 0 0
vn -1 0 0
vn -1 0 0
vn -1 0 0
vn 1 0 0
vn 1 0 0
vn 1 0 0
vn 1 0 0
vn 0.007848 -0.797356 0.603458
vn 0.007813 -0.797391 0.603412
vn 0.007848 -0.797356 0.603458
vn 0.007848 -0.797356 0.603458
vn -0.001355 -0.794293 0.607533
vn -0.001352 -0.794289 0.607538
vn -0.001355 -0.794293 0.607533
vn -0.001359 -0.794297 0.607528
vn 1 0 0
vn 1 0 0
vn 1 0 0
vn 1 0 0
vn 5.1E-05 0.663246 0.748401
vn 9.7E-05 0.663238 0.748408
vn 5.1E-05 0.663246 0.748401
vn 4E-06 0.663254 0.748395
vn -6E-05 -0.672137 -0.740427
vn -0.000114 -0.672127 -0.740436
vn -6E-05 -0.672137 -0.740427
vn -6E-06 -0.672148 -0.740417
vn -0.414963 0.2681760000000001 0.869418
vn -0.414972 0.2682530000000001 0.86939
vn -0.414963 0.2681760000000001 0.869418
vn -0.414955 0.26809900000000003 0.869446
vn 0.912324 0.022968000000000023 0.408824
vn 0.868096 -0.06591199999999997 0.492
vn 0.873552 -0.06895499999999997 0.481821
vn 0.821451 -0.15979399999999996 0.547435
vn 0.26106 -0.42645200000000005 -0.866017
vn 0.27276 -0.4475160000000001 -0.851664
vn 0.26106 -0.42645200000000005 -0.866017
vn 0.249156 -0.40505300000000005 -0.879689
vn 0.481833 -0.509288 0.713065
vn 0.481834 -0.509289 0.713064
vn 0.481833 -0.509288 0.713065
vn 0.481833 -0.509288 0.713066
vn -0.687156 -0.525422 0.501745
vn -0.687154 -0.525419 0.501751
vn -0.687156 -0.525422 0.501745
vn -0.687158 -0.525426 0.501739
vn -0.157252 -0.604725 -0.780756
vn -0.161437 -0.605189 -0.779541
vn -0.157252 -0.604725 -0.780756
vn -0.153065 -0.604249 -0.781956
vn -0.951022 -0.306256 0.04200300000000002
vn -0.951044 -0.306207 0.041869000000000024
vn -0.951022 -0.306256 0.04200300000000002
vn -0.951001 -0.306304 0.04213600000000002
vn 0.103849 0.786837 -0.60836
vn 0.103849 0.786837 -0.60836
vn 0.103849 0.786838 -0.60836
vn 0.103849 0.786837 -0.60836
vn -0.909738 -0.330688 0.251044
vn -0.909791 -0.330413 0.251213
vn -0.909738 -0.330688 0.251044
vn -0.909684 -0.330964 0.250875
vn 0.923647 0.30576 -0.23105700000000004
vn 0.923691 0.305536 -0.23117800000000002
vn 0.923647 0.30576 -0.23105700000000004
vn 0.923603 0.305984 -0.23093600000000003
vn -0.950218 -0.298477 -0.08942999999999998
vn -0.950213 -0.29837 -0.08983199999999998
vn -0.950218 -0.298477 -0.08942999999999998
vn -0.950222 -0.298584 -0.08902799999999998
vn -0.008421 0.27895799999999993 -0.960267
vn -0.022365 0.27499699999999994 -0.961185
vn -0.008421 0.27895799999999993 -0.960267
vn 0.005526 0.28285999999999994 -0.959145
vn 0.951481 0.294762 0.08831199999999999
vn 0.951484 0.294631 0.08871599999999999
vn 0.951481 0.294762 0.08831199999999999
vn 0.951478 0.294893 0.08790899999999999
vn -0.008266 -0.28649899999999995 0.958045
vn -0.02231 -0.29127899999999995 0.956378
vn -0.008266 -0.28649899999999995 0.958045
vn 0.00578 -0.28165599999999996 0.959498
vn -0.950066 -0.246954 0.19075700000000004
vn -0.950069 -0.246659 0.19112200000000001
vn -0.950066 -0.246954 0.19075700000000004
vn -0.950062 -0.24725 0.19039100000000003
vn -0.008425 -0.610688 -0.791827
vn -0.022369 -0.613771 -0.789167
vn -0.008425 -0.610688 -0.791827
vn 0.005521 -0.607476 -0.794319
vn 0.951337 0.243873 -0.18837000000000004
vn 0.951332 0.243593 -0.18875700000000004
vn 0.951337 0.243873 -0.18837000000000004
vn 0.951342 0.244152 -0.18798400000000004
vn -0.008263 0.604431 0.796615
vn -0.0223 0.60026 0.799494
vn -0.008263 0.604431 0.796615
vn 0.005777 0.608467 0.793558
vn -0.873518 -0.364286 -0.322898
vn -0.873629 -0.364293 -0.322588
vn -0.873518 -0.364286 -0.322898
vn -0.873406 -0.364278 -0.323207
vn 0.328766 0.04867499999999995 -0.943156
vn 0.328921 0.04873299999999994 -0.943099
vn 0.328766 0.04867499999999995 -0.943156
vn 0.32861 0.048616999999999945 -0.943214
vn 0.874787 0.360966 0.32319
vn 0.874893 0.360992 0.322873
vn 0.874787 0.360966 0.32319
vn 0.87468 0.360941 0.323506
vn -0.328763 -0.05132099999999994 0.943017
vn -0.328606 -0.05124999999999994 0.943076
vn -0.328763 -0.05132099999999994 0.943017
vn -0.32892 -0.051392999999999946 0.942959
vn -0.968747 -0.237743 -0.07076999999999999
vn -0.968744 -0.237643 -0.07114399999999999
vn -0.968747 -0.237743 -0.07076999999999999
vn -0.968749 -0.237843 -0.07039599999999999
vn -0.000162 0.28165699999999994 -0.959515
vn -5E-06 0.28168999999999994 -0.959505
vn -0.000162 0.28165699999999994 -0.959515
vn -0.000319 0.28162299999999996 -0.959525
vn 0.969536 0.234771 0.06988099999999998
vn 0.969538 0.234653 0.07024599999999999
vn 0.969536 0.234771 0.06988099999999998
vn 0.969533 0.234889 0.06951499999999998
vn -0.000159 -0.28393299999999994 0.958844
vn -2E-06 -0.2838899999999999 0.958857
vn -0.000159 -0.28393299999999994 0.958844
vn -0.000317 -0.28397599999999995 0.958831
vn -0.967975 -0.199438 0.152475
vn -0.967975 -0.19946 0.152448
vn -0.967975 -0.199438 0.152475
vn -0.967975 -0.199416 0.152503
vn -0.000174 -0.608575 -0.793496
vn -6E-06 -0.608545 -0.793519
vn -0.000174 -0.608575 -0.793496
vn -0.000341 -0.608605 -0.793474
vn 0.968856 0.196714 -0.150404
vn 0.968856 0.196736 -0.150373
vn 0.968856 0.196714 -0.150404
vn 0.968856 0.196692 -0.150435
vn -0.000175 0.606501 0.795083
vn -4E-06 0.60654 0.795053
vn -0.000175 0.606501 0.795083
vn -0.000346 0.606461 0.795113
vn 0.367467 -0.591545 0.717665
vn 0.367105 -0.592151 0.71735
vn 0.367467 -0.591545 0.717665
vn 0.367467 -0.591545 0.717665
vn 0.365435 -0.589528 0.720357
vn 0.365903 -0.589031 0.720526
vn 0.365435 -0.589528 0.720357
vn 0.365435 -0.589528 0.720357
vn -0.909738 -0.056521999999999975 0.411319
vn -0.909791 -0.056804999999999974 0.411161
vn -0.909738 -0.056521999999999975 0.411319
vn -0.909684 -0.05623899999999997 0.411476
vn 0.923647 0.05133599999999998 -0.379791
vn 0.92369 0.05155099999999998 -0.379656
vn 0.923647 0.05133599999999998 -0.379791
vn 0.923603 0.05111999999999998 -0.379927
vn 0.544934 -0.524354 0.654293
vn 0.544934 -0.524354 0.654293
vn 0.544934 -0.524354 0.654293
vn 0.544934 -0.524354 0.654293
vn -0.91889 -0.313358 0.23968300000000003
vn -0.91889 -0.313358 0.23968300000000003
vn -0.918891 -0.313358 0.23968200000000003
vn -0.91889 -0.313358 0.23968300000000003
vn -0.925076 -0.301657 0.23073200000000002
vn -0.925072 -0.301665 0.23073900000000003
vn -0.925072 -0.301665 0.23073900000000003
vn -0.925072 -0.301665 0.23073900000000003
vn 0.345906 -0.932636 -0.10266399999999995
vn 0.42572 -0.715462 -0.553965
vn 0.425754 -0.708735 -0.562519
vn -0.040933 -0.647878 0.760644
vn -0.443994 -0.858572 0.25636400000000004
vn -0.810186 -0.586097 -0.009407999999999963
vn -0.804388 -0.594091 -0.004020999999999964
vn 0.494548 -0.697373 0.518743
vn -0.906302 0.08509200000000003 0.413976
vn -0.906302 0.08509200000000003 0.413976
vn -0.906302 0.08509200000000003 0.413976
vn -0.906302 0.08509200000000003 0.413976
vn -0.224904 -0.588469 -0.77661
vn -0.224905 -0.588468 -0.77661
vn -0.224904 -0.588469 -0.77661
vn -0.224902 -0.58847 -0.77661
vn 0.224897 0.867795 0.4431169999999999
vn 0.224902 0.867793 0.44311799999999996
vn 0.224897 0.867795 0.4431169999999999
vn 0.224893 0.867797 0.44311599999999995
vn -0.528934 -0.559928 -0.637737
vn -0.528929 -0.559932 -0.637739
vn -0.528934 -0.559928 -0.637737
vn -0.528939 -0.559925 -0.637736
vn 0.528928 0.781664 0.33050899999999994
vn 0.528931 0.781662 0.33050899999999994
vn 0.528928 0.781664 0.33050899999999994
vn 0.528925 0.781666 0.33050899999999994
vn -0.90631 0.08497500000000002 0.413982
vn -0.906208 0.08462500000000003 0.414278
vn -0.90631 0.08497500000000002 0.413982
vn -0.906412 0.08532500000000003 0.413687
vn 0.178615 -0.810638 0.557641
vn 0.178608 -0.810638 0.557643
vn 0.178615 -0.810638 0.557641
vn 0.178621 -0.810638 0.557639
vn 0.906295 -0.08519300000000003 -0.41397
vn 0.90635 -0.08560700000000003 -0.413765
vn 0.906295 -0.08519300000000003 -0.41397
vn 0.906241 -0.08477900000000002 -0.414175
vn -0.159329 0.838491 -0.521102
vn -0.159327 0.83849 -0.521104
vn -0.159329 0.838491 -0.521102
vn -0.159331 0.838491 -0.521101
vn 0.906306 -0.08508000000000003 -0.41397
vn 0.905479 -0.08338100000000002 -0.416119
vn 0.906306 -0.08508000000000003 -0.41397
vn 0.907125 -0.08677800000000002 -0.411817
vn 0.316208 -0.513347 0.797802
vn 0.316211 -0.513347 0.797801
vn 0.316208 -0.513347 0.797802
vn 0.316205 -0.513347 0.797803
vn -0.906305 0.08507800000000003 0.413971
vn -0.90726 0.08627200000000003 0.411627
vn -0.906305 0.08507800000000003 0.413971
vn -0.905344 0.08388300000000003 0.416313
vn -0.363707 -0.46413200000000004 -0.80765
vn -0.412957 -0.44525800000000004 -0.794488
vn -0.363707 -0.46413200000000004 -0.80765
vn -0.313383 -0.48163400000000006 -0.818425
vn -0.887351 0.443156 0.12736399999999998
vn -0.863951 0.466849 0.18878799999999998
vn -0.887351 0.443156 0.12736399999999998
vn -0.906419 0.417298 0.06531899999999997
vn 0.879587 -0.453189 -0.14473199999999997
vn 0.857891 -0.481117 -0.18041199999999996
vn 0.879587 -0.453189 -0.14473199999999997
vn 0.899062 -0.424117 -0.10868599999999998
vn 0.345906 -0.534031 0.771466
vn -0.040933 -0.999116 -0.00961199999999994
vn 0.425755 -0.040021999999999947 0.903953
vn 0.42572 -0.05089799999999994 0.903423
vn -0.443995 -0.756535 0.48012800000000005
vn 0.494549 -0.848932 0.18637500000000007
vn -0.804388 -0.386518 0.45118
vn -0.810186 -0.377209 0.448677
vn -0.906304 -0.256759 -0.335691
vn -0.906304 -0.256758 -0.33569
vn -0.906304 -0.256759 -0.335691
vn -0.906303 -0.25676 -0.335692
vn -0.224903 0.20048000000000005 0.953534
vn -0.224906 0.20048200000000005 0.953533
vn -0.224903 0.20048000000000005 0.953534
vn -0.224899 0.20047900000000005 0.953535
vn 0.224899 -0.20048100000000005 -0.953534
vn 0.224894 -0.20047900000000005 -0.953536
vn 0.224899 -0.20048100000000005 -0.953534
vn 0.224904 -0.20048300000000005 -0.953533
vn -0.528934 0.11434500000000006 0.840924
vn -0.528936 0.11434500000000006 0.840923
vn -0.528934 0.11434500000000006 0.840924
vn -0.528933 0.11434400000000006 0.840925
vn 0.52893 -0.11434700000000006 -0.840927
vn 0.528927 -0.11434700000000006 -0.840929
vn 0.52893 -0.11434700000000006 -0.840927
vn 0.528932 -0.11434800000000006 -0.840926
vn -0.443827 0.2827470000000001 0.850337
vn -0.399377 0.31173200000000006 0.862161
vn -0.443827 0.2827470000000001 0.850337
vn -0.486965 0.25292500000000007 0.835999
vn 0.734302 0.653827 0.18251099999999998
vn 0.768999 0.626194 0.12853999999999996
vn 0.734302 0.653827 0.18251099999999998
vn 0.696022 0.67827 0.23558999999999997
vn -0.743886 -0.647813 -0.16423299999999996
vn -0.761023 -0.637893 -0.11805499999999995
vn -0.743886 -0.647813 -0.16423299999999996
vn -0.724871 -0.656098 -0.20999599999999996
vn -0.90631 -0.256843 -0.33561
vn -0.906412 -0.256389 -0.335681
vn -0.90631 -0.256843 -0.33561
vn -0.906207 -0.257297 -0.33554
vn 0.178613 -0.952571 0.24638600000000005
vn 0.178619 -0.952569 0.24638700000000005
vn 0.178613 -0.952571 0.24638600000000005
vn 0.178607 -0.952572 0.24638500000000005
vn 0.906296 0.256686 0.335768
vn 0.906241 0.257112 0.33559
vn 0.906296 0.256686 0.335768
vn 0.90635 0.256261 0.335946
vn -0.15933 0.943247 -0.29137500000000005
vn -0.159331 0.943247 -0.29137500000000005
vn -0.15933 0.943247 -0.29137500000000005
vn -0.159328 0.943247 -0.2913740000000001
vn 0.906306 0.256763 0.335682
vn 0.907125 0.254024 0.335553
vn 0.906306 0.256763 0.335682
vn 0.905479 0.2595 0.335809
vn 0.316209 -0.938956 -0.13554799999999995
vn 0.316207 -0.938957 -0.13554799999999995
vn 0.316209 -0.938956 -0.13554799999999995
vn 0.316211 -0.938956 -0.13554699999999995
vn -0.906306 -0.256765 -0.335681
vn -0.905344 -0.259317 -0.336315
vn -0.906306 -0.256765 -0.335681
vn -0.907261 -0.25421 -0.335045
vn -0.363707 0.3054450000000001 0.880012
vn -0.313382 0.30210400000000004 0.900292
vn -0.363707 0.3054450000000001 0.880012
vn -0.412957 0.30788400000000005 0.857131
vn -0.887351 0.19442199999999998 -0.4181
vn -0.906419 0.22431199999999998 -0.357894
vn -0.887351 0.19442199999999998 -0.4181
vn -0.863952 0.16358299999999998 -0.476265
vn 0.879586 -0.18788899999999997 0.437065
vn 0.899062 -0.19604099999999997 0.391478
vn 0.879586 -0.18788899999999997 0.437065
vn 0.857891 -0.17926199999999998 0.481548
vn 0.371719 0.06438800000000006 0.92611
vn 0.464016 -0.779504 0.4207890000000001
vn 0.161897 0.528447 0.833386
vn 0.167392 0.520035 0.837582
vn -0.108806 -0.642284 0.758704
vn 0.790459 -0.30147499999999994 0.533187
vn -0.58668 -0.571736 0.573519
vn -0.595559 -0.5688 0.567253
vn -0.550287 -0.812429 -0.19272599999999995
vn -0.550292 -0.812426 -0.19272299999999995
vn -0.550287 -0.812429 -0.19272599999999995
vn -0.550283 -0.812431 -0.19272799999999995
vn 0.550306 0.812418 0.19272099999999995
vn 0.550301 0.812418 0.19273399999999993
vn 0.550306 0.812418 0.19272099999999995
vn 0.55031 0.812418 0.19270899999999994
vn -0.512712 0.3699410000000001 0.774771
vn -0.512714 0.36994000000000005 0.77477
vn -0.512712 0.3699410000000001 0.774771
vn -0.512709 0.36994200000000005 0.774773
vn -0.697309 0.09740100000000004 0.710122
vn -0.697311 0.09740000000000004 0.710121
vn -0.697309 0.09740100000000004 0.710122
vn -0.697308 0.09740200000000004 0.710123
vn -0.712033 0.27457800000000004 0.646233
vn -0.692085 0.32512100000000005 0.64445
vn -0.712033 0.27457800000000004 0.646233
vn -0.729876 0.22322300000000003 0.646106
vn 0.245707 0.962347 -0.11625700000000005
vn 0.30116 0.941202 -0.15310800000000005
vn 0.245707 0.962347 -0.11625700000000005
vn 0.189056 0.978797 -0.07883800000000006
vn -0.261016 -0.956517 0.13017400000000007
vn -0.291166 -0.941877 0.16760100000000006
vn -0.261016 -0.956517 0.13017400000000007
vn -0.230208 -0.968743 0.09241700000000005
vn -0.550262 -0.812471 -0.19261799999999996
vn -0.550556 -0.812211 -0.19287599999999994
vn -0.550262 -0.812471 -0.19261799999999996
vn -0.549969 -0.812731 -0.19235999999999995
vn 0.56381 -0.531783 0.631923
vn 0.563814 -0.531778 0.631923
vn 0.56381 -0.531783 0.631923
vn 0.563806 -0.531787 0.631922
vn 0.550295 0.812399 0.19283199999999995
vn 0.550078 0.812627 0.19248599999999993
vn 0.550295 0.812399 0.19283199999999995
vn 0.550511 0.81217 0.19317799999999993
vn -0.532442 0.519198 -0.668535
vn -0.532443 0.519195 -0.668536
vn -0.532442 0.519198 -0.668535
vn -0.532441 0.5192 -0.668534
vn 0.617398 -0.24050200000000005 -0.748985
vn 0.617396 -0.24049300000000007 -0.74899
vn 0.617398 -0.24050200000000005 -0.748985
vn 0.6174 -0.24051000000000006 -0.748981
vn 0.549403 0.813106 0.19239399999999995
vn 0.548054 0.814063 0.19219199999999995
vn 0.549403 0.813106 0.19239399999999995
vn 0.550751 0.812146 0.19259499999999993
vn 0.762243 -0.583009 0.2812220000000001
vn 0.762244 -0.583008 0.2812220000000001
vn 0.762243 -0.583009 0.2812220000000001
vn 0.762243 -0.58301 0.2812220000000001
vn -0.551206 -0.811727 -0.19305799999999995
vn -0.552498 -0.810805 -0.19324099999999994
vn -0.551206 -0.811727 -0.19305799999999995
vn -0.549912 -0.812647 -0.19287499999999994
vn -0.663383 0.34640300000000007 0.66327
vn -0.624479 0.37883200000000006 0.683018
vn -0.663383 0.34640300000000007 0.66327
vn -0.700328 0.31295000000000006 0.641563
vn -0.73893 -0.49131500000000006 -0.46107699999999996
vn -0.783923 -0.457636 -0.41956399999999994
vn -0.73893 -0.49131500000000006 -0.46107699999999996
vn -0.69033 -0.522595 -0.500338
vn 0.724722 0.49878200000000006 0.47538899999999995
vn 0.755808 0.486973 0.43773499999999993
vn 0.724722 0.49878200000000006 0.47538899999999995
vn 0.691807 0.509333 0.511843
vn 0.371494 -0.30209199999999997 0.877914
vn 0.743568 -0.661334 -0.09870799999999996
vn 0.000455 0.029186000000000063 0.999574
vn 0.006751 0.02416100000000006 0.999685
vn 0.165015 -0.901902 0.39917700000000006
vn 0.812476 -0.23186799999999996 0.534902
vn -0.289389 -0.943836 0.15945800000000004
vn -0.299178 -0.941926 0.15253900000000006
vn 0.183386 0.627032 0.7571
vn 0.183383 0.627024 0.757107
vn 0.183386 0.627032 0.7571
vn 0.183389 0.62704 0.757092
vn -0.183332 -0.62711 -0.757048
vn -0.183653 -0.626876 -0.757164
vn -0.183332 -0.62711 -0.757048
vn -0.18301 -0.627344 -0.756933
vn 0.722815 -0.51527 0.46047200000000005
vn 0.722816 -0.515265 0.4604770000000001
vn 0.722815 -0.51527 0.46047200000000005
vn 0.722814 -0.515276 0.46046800000000004
vn 0.18338 0.626938 0.757179
vn 0.183131 0.627233 0.756995
vn 0.18338 0.626938 0.757179
vn 0.183629 0.626643 0.757363
vn -0.686543 0.529557 -0.49822400000000006
vn -0.686543 0.529556 -0.49822600000000006
vn -0.686543 0.529557 -0.49822400000000006
vn -0.686543 0.529558 -0.4982230000000001
vn -0.997506 0.045025 0.054352
vn -0.997506 0.045025 0.054352
vn -0.997506 0.045025 0.054352
vn -0.997506 0.045025 0.054352
vn 0.997506 -0.045025 -0.054352
vn 0.997507 -0.04502 -0.054344
vn 0.997506 -0.045025 -0.054352
vn 0.997506 -0.045029 -0.054361
vn 0.102083 0.45041600000000004 0.886964
vn 0.102084 0.45041600000000004 0.886964
vn 0.102083 0.45041600000000004 0.886964
vn 0.102081 0.45041600000000004 0.886964
vn -0.997168 0.059674 0.04576299999999999
vn -0.997169 0.059673 0.045760999999999996
vn -0.997168 0.059674 0.04576299999999999
vn -0.997168 0.059676 0.04576499999999999
vn 0.997168 -0.059674 -0.04576299999999999
vn 0.997168 -0.059676 -0.04576499999999999
vn 0.997168 -0.059674 -0.04576299999999999
vn 0.997169 -0.059673 -0.045760999999999996
vn 0.104259 0.594313 0.797447
vn 0.104258 0.594313 0.797447
vn 0.104259 0.594313 0.797447
vn 0.10426 0.594313 0.797447
vn -0.999142 -0.032852 0.025223000000000002
vn -0.999142 -0.032841 0.025223000000000002
vn -0.999142 -0.032852 0.025223000000000002
vn -0.999142 -0.032863 0.025223000000000002
vn -0.03187 -0.646502 -0.762246
vn -0.031752 -0.645528 -0.763076
vn -0.03187 -0.646502 -0.762246
vn -0.031989 -0.647475 -0.761415
vn 0.999156 -0.032627 0.024956000000000002
vn 0.999156 -0.032627 0.024956000000000002
vn 0.999156 -0.032627 0.024956000000000002
vn 0.999156 -0.032627 0.024956000000000002
vn -0.031179 0.56643 0.82352
vn -0.031057 0.565398 0.824233
vn -0.031179 0.56643 0.82352
vn -0.031301 0.567461 0.822805
vn 0.000726 -0.794285 0.607544
vn 0.000724 -0.794281 0.60755
vn 0.000726 -0.794285 0.607544
vn 0.000727 -0.79429 0.607539
vn 0.16953 -0.04499699999999994 0.984497
vn 0.253858 -0.24012999999999995 0.93696
vn 0.130495 -0.03286299999999994 0.990904
vn 0.050346 0.07129300000000005 0.996184
vn 0.008036 -0.037206999999999935 0.999275
vn -0.026629 -0.09177399999999994 0.995424
vn -0.041352 -0.14578899999999995 0.988451
vn -0.033966 -0.11839299999999994 0.992386
vn -0.026083 -0.09173199999999994 0.995442
vn -0.027399 -0.08989499999999995 0.995574
vn -0.728685 -0.670482 0.13954200000000003
vn -0.774025 -0.619997 0.12841300000000003
vn -0.775315 -0.63153 0.007554000000000039
vn -0.778269 -0.20132000000000003 -0.594784
vn -0.778269 -0.20132000000000003 -0.594784
vn -0.368364 -0.545119 -0.753096
vn -0.659878 -0.14773800000000006 -0.736705
vn -0.807959 -0.34181000000000006 -0.479967
vn 0.054255 0.807537 0.587316
vn 0.073076 0.808098 0.584497
vn 0.017693 0.635071 0.772251
vn -0.008663 0.40750400000000003 0.913163
vn -0.029862 0.16788400000000006 0.985354
vn -0.000683 0.17444200000000007 0.984667
vn 0.544932 0.3608950000000001 0.756838
vn -0.214039 0.36160800000000004 0.907429
vn 0.115013 0.4104610000000001 0.904596
vn 0.468462 0.526024 0.709818
vn 0.026892 0.657501 0.752974
vn -0.888443 -0.317543 0.331416
vn -0.888443 -0.317543 0.331416
vn -0.888439 -0.317544 0.331424
vn -0.888439 -0.317544 0.331424
vn -0.888439 -0.317544 0.331424
vn 0.122312 -0.43894199999999994 0.890152
vn 0.116128 -0.43526699999999996 0.89278
vn 0.110957 -0.38197999999999993 0.917486
vn 0.085111 -0.31242799999999993 0.946121
vn 0.041991 -0.10508299999999994 0.993577
vn 0.00339 0.05696100000000006 0.998371
vn -0.027112 0.2913970000000001 0.956218
vn -0.028845 0.38094000000000006 0.92415
vn -0.029692 0.46068400000000004 0.887068
vn -0.007344 0.44875300000000007 0.893626
vn -0.854596 -0.367257 0.367135
vn -0.854583 -0.367252 0.36717
vn -0.854597 -0.367261 0.367127
vn -0.868231 -0.410055 0.27934
vn -0.863323 -0.36137 0.352257
vn -0.87407 -0.417004 0.24921700000000002
vn -0.834216 -0.551294 0.012560000000000033
vn -0.834289 -0.551187 0.012428000000000033
vn -0.731471 -0.647862 -0.21265999999999996
vn -0.735769 -0.641568 -0.21687399999999998
vn -0.677349 -0.676153 -0.28985399999999995
vn -0.668482 -0.688521 -0.28119599999999995
vn -1E-06 -0.607539 -0.79429
vn -1E-06 -0.607539 -0.79429
vn 0 -0.607539 -0.79429
vn 1E-06 -0.607539 -0.79429
vn 1E-06 -0.607539 -0.79429
vn 1E-06 -0.607539 -0.79429
vn 0.972305 -0.134075 0.191435
vn 0.912271 -0.307422 0.270653
vn 0.110142 0.33623700000000006 0.935315
vn 0.086537 0.36850700000000003 0.925589
vn 0.061632 0.3665880000000001 0.92834
vn 0.038074 0.38341400000000003 0.922791
vn -0.053379 0.43003500000000006 0.901233
vn 0.007696 0.4250860000000001 0.90512
vn -0.107954 0.46082600000000007 0.8809
vn -0.127101 0.4429080000000001 0.887512
vn -0.165164 0.47606400000000004 0.863762
vn -0.111943 0.46048900000000004 0.880579
vn -0.082301 0.40537300000000004 0.910439
vn -0.079782 0.33622100000000005 0.938398
vn -0.067979 0.572394 0.817156
vn -0.078978 0.551466 0.83045
vn -0.334513 0.47611600000000004 0.813274
vn -0.59119 0.3417140000000001 0.730565
vn -0.858752 0.07608900000000003 0.50671
vn -0.916661 -0.020925999999999976 0.399118
vn -0.95102 -0.12070799999999998 0.284587
vn -0.951042 -0.12056399999999999 0.284575
vn 0.068447 -0.572751 -0.816867
vn 0.06672 -0.556069 -0.828454
vn 0.3329 -0.47728500000000007 -0.813251
vn 0.594221 -0.33949200000000007 -0.729141
vn 0.858678 -0.07622400000000003 -0.506815
vn 0.917267 0.022345999999999977 -0.397646
vn 0.962283 0.216084 -0.165285
vn 0.962292 0.216058 -0.165265
vn 0.887411 0.43423 0.15474699999999997
vn 0.779187 0.08954000000000004 0.620363
vn 0.360415 -0.11607799999999995 0.925542
vn -0.351029 0.827408 0.43837799999999993
vn -0.165266 0.9807 0.10447099999999994
vn -0.052136 0.806898 0.588385
vn 0.205173 0.594611 0.777394
vn 0.72723 0.4170090000000001 0.545197
vn 0.898904 0.266189 0.348015
vn 1 0 0
vn 1 0 0
vn 0.941184 -0.20528400000000002 -0.268386
vn 0.868365 -0.301295 -0.393909
vn 0.574269 -0.49737200000000004 -0.650259
vn 0.308371 -0.592648 -0.744094
vn 0.040454 -0.627364 -0.777675
vn 0.034284 -0.647407 -0.761373
vn 0.370549 -0.82502 -0.42665699999999995
vn 0.243508 -0.967485 -0.06839199999999994
vn 0.081661 -0.807454 -0.584251
vn -0.187805 -0.596732 -0.780154
vn -0.708419 -0.42880000000000007 -0.560601
vn -0.896838 -0.268753 -0.35136
vn -1 -1E-06 1E-06
vn -1 0 0
vn -0.945708 0.19746100000000003 0.258159
vn -0.875841 0.293197 0.383324
vn -0.581576 0.49422600000000005 0.64615
vn -0.309 0.592133 0.744243
vn -0.03411 0.626879 0.77837
vn -0.030575 0.646251 0.762512
vn -0.954418 -0.237088 0.18131600000000003
vn -0.954302 -0.23734 0.18159900000000004
vn -0.911784 -0.406171 -0.06061699999999997
vn -0.850702 -0.492404 -0.18396799999999996
vn -0.561258 -0.639735 -0.525099
vn -0.260123 -0.49126000000000003 -0.831264
vn 0.097075 -0.27432600000000007 -0.956724
vn 0.042136 -0.29064600000000007 -0.955903
vn -0.048501 -0.567155 -0.822182
vn -0.132623 -0.652553 -0.746046
vn -0.12776 -0.683742 -0.718453
vn 0.120662 -0.686869 -0.716695
vn 0.239245 -0.667948 -0.704704
vn 0.487563 -0.672667 -0.556598
vn -0.035858 -0.798381 0.601085
vn -0.035356 -0.797975 0.601652
vn -0.060816 -0.946288 0.31755400000000006
vn 0.012708 -0.786858 0.617003
vn -0.498189 -0.72432 0.4766210000000001
vn -0.327762 -0.81117 0.48433100000000007
vn 0.134219 -0.788514 0.600192
vn 0.123959 -0.783775 0.608548
vn -0.327762 -0.81117 0.48433100000000007
vn -0.775315 -0.63153 0.007554000000000039
vn -0.815981 -0.56518 0.12143600000000003
vn -0.774025 -0.619997 0.12841300000000003
vn 0.096274 -0.799688 0.592646
vn 0.096277 -0.799687 0.592648
vn 0.123828 -0.804067 0.581501
vn 0.151293 -0.807723 0.56982
vn 0.178601 -0.810645 0.557634
vn 0.178603 -0.810645 0.557634
vn 0.20575 -0.812834 0.544947
vn 0.232734 -0.814287 0.531763
vn 0.259482 -0.815006 0.518106
vn 0.259482 -0.815001 0.518114
vn -0.102344 0.548372 0.829948
vn -0.102343 0.548375 0.829946
vn 0.005434 0.567555 0.823317
vn 0.114465 0.580021 0.80652
vn 0.329505 0.583305 0.742416
vn 0.435235 0.573381 0.694122
vn 0.621054 0.532467 0.575127
vn 0.701821 0.502184 0.505232
vn 0.773116 0.466188 0.4300689999999999
vn 0.773116 0.46619 0.43006799999999995
vn 0.102345 0.26703400000000005 0.958237
vn 0.102344 0.26702800000000004 0.958239
vn -0.005433 0.24945000000000006 0.968372
vn -0.114464 0.22859800000000005 0.966768
vn -0.329505 0.17804700000000007 0.927214
vn -0.435235 0.14809400000000006 0.888053
vn -0.621055 0.08508100000000005 0.779135
vn -0.701822 0.052172000000000045 0.710439
vn -0.773118 0.019028000000000038 0.633977
vn -0.773118 0.019031000000000037 0.633977
vn -0.273501 0.601734 0.750408
vn -0.2735 0.601732 0.750411
vn -0.357196 0.532859 0.767119
vn -0.437541 0.45661300000000005 0.774637
vn -0.582731 0.28606400000000004 0.760652
vn -0.646928 0.19128800000000007 0.738169
vn -0.745133 0.0024990000000000407 0.666911
vn -0.780032 -0.09138799999999996 0.61903
vn -0.805067 -0.18303599999999998 0.564238
vn -0.80507 -0.18303199999999997 0.564236
vn -0.335836 -0.011053999999999942 0.941856
vn -0.335835 -0.011054999999999943 0.941856
vn -0.381821 -0.08612899999999994 0.920215
vn -0.425011 -0.16111199999999995 0.890735
vn -0.507078 -0.32050899999999993 0.800092
vn -0.544046 -0.40395799999999993 0.735413
vn -0.599269 -0.562306 0.569815
vn -0.615389 -0.635409 0.46642500000000003
vn -0.621461 -0.697245 0.3572620000000001
vn -0.621465 -0.697242 0.35726100000000005
vn 0.33945 -0.579923 -0.740583
vn 0.677408 -0.4546970000000001 -0.578247
vn -0.337957 -0.580249 -0.74101
vn -0.677408 -0.45471500000000004 -0.578233
vn -0.985311 -0.11058000000000001 -0.130129
vn -0.985026 0.09766000000000001 0.142081
vn -0.677406 0.43904100000000007 0.590224
vn -0.339452 0.562928 0.753581
vn 0.337951 0.563257 0.754009
vn 0.677406 0.43902300000000005 0.590238
vn 0.98531 0.09664500000000001 0.140797
vn 0.985026 -0.11155900000000002 -0.131451
vn 0.677408 -0.4546970000000001 -0.578247
vn 0.33945 -0.579923 -0.740583
vn -0.018003 -0.636556 -0.77102
vn -0.073474 -0.809071 -0.5831
vn -0.054552 -0.808518 -0.585937
vn 0.00849 -0.4095230000000001 -0.912261
vn 0.029719 -0.17030100000000006 -0.984944
vn 0.00068 -0.17683500000000005 -0.98424
vn -0.912867 -0.353893 -0.20355399999999998
vn -0.912745 -0.353788 -0.20427999999999996
vn -0.912861 -0.353892 -0.20358299999999996
vn -0.912745 -0.353788 -0.20427999999999996
vn -0.912745 -0.353788 -0.20427999999999996
vn -1 0 0
vn -1 0 0
vn -1 0 0
vn -1 0 0
vn -1 0 0
vn -1 0 0
vn 0.014097 -0.79058 0.612197
vn 0.014551 -0.790544 0.612232
vn 0.014211 -0.790593 0.612177
vn 0.013861 -0.790613 0.61216
vn 0.013856 -0.790598 0.612179
vn 0.013842 -0.790643 0.612122
vn 0.218803 -0.61496 -0.757595
vn 0.275004 -0.572899 -0.772114
vn 0.275004 -0.572898 -0.772114
vn 0.161177 -0.654054 -0.739077
vn 0.130235 -0.691766 -0.710281
vn 0.151152 -0.666929 -0.729629
vn 0.115722 -0.619621 -0.776323
vn 0.003807 -0.525456 -0.850812
vn -0.027456 -0.4382480000000001 -0.898434
vn 0.062336 -0.556728 -0.828353
vn -0.12658 -0.45422300000000004 -0.88185
vn -0.096884 -0.41533400000000004 -0.904495
vn -0.000262 -0.46492200000000006 -0.885352
vn -0.939179 0.22702999999999998 -0.257684
vn -0.302612 -0.25817700000000005 -0.917481
vn -0.237582 -0.35661100000000007 -0.903539
vn -0.217695 -0.36668200000000006 -0.904518
vn -0.372394 -0.29469900000000004 -0.880043
vn -0.253979 -0.26868600000000004 -0.929141
vn -0.304284 -0.29630500000000004 -0.905326
vn 0 0.607538 0.79429
vn 0 0.607538 0.79429
vn 0 0.607538 0.79429
vn 1E-06 0.607538 0.794291
vn 1E-06 0.607538 0.794291
vn 1E-06 0.607538 0.794291
vn 0.424428 -0.4154050000000001 -0.80455
vn 0.462525 -0.4096620000000001 -0.786287
vn 0.433856 -0.4015790000000001 -0.806538
vn 0.360907 -0.40797400000000006 -0.838632
vn 0.305308 -0.4210380000000001 -0.854116
vn 0.26737 -0.40495900000000007 -0.874369
vn 0.2717 -0.42638800000000004 -0.86277
vn 0.278441 -0.4276670000000001 -0.859983
vn 0.057669 -0.737164 0.673249
vn 0.350247 -0.600732 0.718644
vn 0.350242 -0.600727 0.71865
vn -0.27977 -0.79665 0.535796
vn -0.781049 -0.616645 0.09854600000000004
vn -0.781048 -0.616688 0.09829000000000004
vn -0.920333 -0.22429100000000002 -0.320437
vn -0.920466 -0.22421700000000003 -0.320107
vn -0.874874 -0.00671900000000003 -0.484303
vn -0.858065 0.03584099999999996 -0.51229
vn -0.809905 0.13426799999999997 -0.570987
vn -0.809843 0.13419699999999998 -0.571092
vn -0.776809 0.18955399999999997 -0.600531
vn -0.776876 0.18960799999999997 -0.600428
vn -0.9126 -0.044753999999999974 0.406396
vn -0.954302 -0.23734 0.18159900000000004
vn -0.954418 -0.237088 0.18131600000000003
vn -0.851887 0.05409600000000003 0.520924
vn -0.585452 0.3310040000000001 0.740055
vn -0.322634 0.47437200000000007 0.819072
vn -0.063467 0.575785 0.815135
vn -0.05932 0.57621 0.815146
vn -0.036863 0.49329000000000006 0.869083
vn -0.09066 0.513024 0.853573
vn -0.047734 0.4197870000000001 0.906366
vn 0.082779 0.31924900000000006 0.944049
vn -0.112481 0.46556800000000004 0.877835
vn 0.954328 0.237292 -0.18152500000000002
vn 0.903172 0.417914 0.09812499999999998
vn 0.954888 0.235865 -0.18043200000000004
vn 0.840632 0.493997 0.22204599999999997
vn 0.464269 0.648728 0.602998
vn 0.297906 0.58485 0.754455
vn 0.076963 0.581134 0.810161
vn 0.075629 0.42546600000000007 0.901809
vn 0.103763 0.791926 0.601736
vn 0.088582 0.46689400000000003 0.879865
vn 0.092223 0.826766 0.554935
vn 0.122124 0.940262 0.31779399999999997
vn -0.21129 0.521264 0.826825
vn -0.426262 0.45053100000000007 0.784425
vn 0.113578 0.945134 0.30630299999999994
vn 0.097809 0.972733 0.21029299999999995
vn 0.087335 0.986329 0.13974399999999995
vn -0.613917 0.34472400000000003 0.71012
vn -0.527059 0.618125 0.583207
vn -0.244618 0.91667 0.31603499999999995
vn -0.278436 0.684364 0.673884
vn -0.60057 0.539639 0.590005
vn -0.517872 0.81237 0.2680739999999999
vn -0.341257 0.913897 0.21985599999999994
vn -0.430479 0.857311 0.28231999999999996
vn -0.430479 0.857311 0.28231999999999996
vn -0.517872 0.81237 0.2680739999999999
vn -0.005432 -0.567559 -0.823315
vn 0.102344 -0.548384 -0.82994
vn 0.102345 -0.548377 -0.829945
vn -0.114464 -0.580023 -0.806518
vn -0.329505 -0.583309 -0.742413
vn -0.435235 -0.573384 -0.694119
vn -0.621055 -0.532466 -0.575126
vn -0.701822 -0.502177 -0.505236
vn -0.773118 -0.46618 -0.43007499999999993
vn -0.773118 -0.466178 -0.43007699999999993
vn 0.123828 -0.966277 0.22577900000000006
vn 0.096275 -0.971821 0.21516500000000005
vn 0.096274 -0.97182 0.21516600000000005
vn 0.151296 -0.959855 0.23619400000000004
vn 0.178605 -0.952572 0.24638700000000005
vn 0.178607 -0.952572 0.24638800000000005
vn 0.205751 -0.944427 0.25636600000000004
vn 0.232733 -0.935424 0.2661140000000001
vn 0.259483 -0.925585 0.27561100000000005
vn 0.259483 -0.925588 0.27560000000000007
vn 0.005434 -0.24946100000000004 -0.96837
vn -0.102343 -0.26704400000000006 -0.958235
vn -0.102343 -0.26704600000000006 -0.958234
vn 0.114465 -0.22860100000000005 -0.966767
vn 0.329505 -0.17804800000000007 -0.927214
vn 0.435233 -0.14809200000000006 -0.888055
vn 0.621053 -0.08507900000000004 -0.779137
vn 0.70182 -0.05216600000000004 -0.710441
vn 0.773117 -0.019020000000000037 -0.633978
vn 0.773117 -0.01901800000000004 -0.633978
vn 0.529721 -0.579639 0.619205
vn 0.511958 -0.60278 0.61201
vn 0.511963 -0.602778 0.612007
vn 0.547015 -0.555953 0.625852
vn 0.563798 -0.531787 0.631929
vn 0.5638 -0.531786 0.631928
vn 0.58008 -0.507143 0.637427
vn 0.59585 -0.4820229999999999 0.642352
vn 0.611064 -0.4564869999999999 0.646699
vn 0.611066 -0.45648999999999995 0.646696
vn 0.3572 -0.532864 -0.767114
vn 0.273504 -0.601737 -0.750406
vn 0.273505 -0.601739 -0.750404
vn 0.437546 -0.45661700000000005 -0.774632
vn 0.582734 -0.28606800000000004 -0.760649
vn 0.646928 -0.19128800000000007 -0.738168
vn 0.745131 -0.0024990000000000407 -0.666914
vn 0.780026 0.09139499999999996 -0.619037
vn 0.80506 0.18304399999999998 -0.564247
vn 0.805058 0.18304599999999996 -0.564248
vn 0.716549 -0.561895 0.4133180000000001
vn 0.712239 -0.584257 0.38905000000000006
vn 0.71223 -0.584266 0.38905300000000004
vn 0.720082 -0.538873 0.43714700000000006
vn 0.722818 -0.515275 0.46046200000000004
vn 0.722821 -0.515273 0.46046000000000004
vn 0.724698 -0.49186499999999994 0.48257800000000006
vn 0.725826 -0.4679189999999999 0.50421
vn 0.7262 -0.44350899999999993 0.525294
vn 0.726206 -0.44350999999999996 0.525285
vn 0.381823 0.08612799999999994 -0.920214
vn 0.335836 0.011053999999999942 -0.941855
vn 0.335838 0.011052999999999943 -0.941855
vn 0.425014 0.16111099999999995 -0.890734
vn 0.507081 0.32050599999999996 -0.800091
vn 0.544046 0.4039559999999999 -0.735414
vn 0.599266 0.562307 -0.569817
vn 0.615379 0.635415 -0.46642900000000004
vn 0.62145 0.697252 -0.35726600000000003
vn 0.621449 0.697253 -0.35726600000000003
vn -0.974225 0.204081 0.09611099999999999
vn -0.977813 0.196205 -0.07338500000000002
vn -0.979888 0.199215 -0.011500000000000012
vn -0.959815 0.168882 -0.224131
vn -0.983699 0.164914 -0.07169400000000001
vn -0.850508 0.15718600000000002 0.501925
vn -0.808591 0.04748199999999997 -0.586452
vn -0.96615 -0.204406 0.157393
vn -0.982016 -0.14983 0.11487200000000002
vn -0.982027 -0.149677 0.11497900000000001
vn -0.966178 -0.204355 0.157288
vn -0.945398 -0.258103 0.19901200000000002
vn -0.945346 -0.25805 0.19932800000000003
vn 0.96707 0.20166 -0.15527
vn 0.982421 0.148153 -0.11357500000000001
vn 0.982429 0.148011 -0.11369100000000001
vn 0.96709 0.20163 -0.155182
vn 0.947028 0.254331 -0.19609700000000002
vn 0.94699 0.254247 -0.19638700000000003
vn 0.898635 0.391851 -0.19725300000000004
vn 0.952871 0.299504 -0.04831800000000002
vn 0.545048 0.742 -0.39033200000000007
vn 0.817513 0.556054 -0.14991900000000002
vn 0.569079 0.769578 -0.28965300000000005
vn 0.55495 0.783066 -0.28078000000000003
vn 0.582254 0.778204 -0.23532900000000007
vn 0.554951 0.783065 -0.28078200000000003
vn 0.612629 0.78381 -0.10162400000000005
vn 0.985034 0.172331 -0.0030580000000000104
vn 0.985617 0.12401599999999999 -0.11479600000000001
vn 0.962935 0.09959800000000002 0.250671
vn 0.972943 0.228403 0.034836999999999986
vn 0.945957 0.10347100000000001 0.307344
vn 0.961539 0.254093 -0.10430800000000001
vn 0.550953 -0.19182299999999994 0.812191
vn 0.464106 -0.543508 0.699431
vn 0.456215 -0.554994 0.695593
vn 0.677776 -0.41271699999999995 0.60851
vn 0.466737 -0.524892 0.71179
vn 0.96828 -0.05814699999999998 0.24301
vn 0.985969 0.162095 0.039874999999999994
vn 0.987756 0.149299 0.045252999999999995
vn 0.992663 0.117759 0.027441999999999994
vn 0.817513 0.556054 -0.14991900000000002
vn 0.952871 0.299504 -0.04831800000000002
vn 0.811297 -0.26636299999999996 0.52043
vn 0.774298 -0.27741799999999994 0.568771
vn 0.450317 -0.510021 0.732867
vn 0.898635 0.391851 -0.19725300000000004
vn 0.445874 -0.511941 0.734243
vn 0.852264 -0.20360999999999999 0.48186
vn -0.259347 0.3801320000000001 0.887828
vn -0.26645 0.40711500000000006 0.873648
vn -0.264842 0.39850500000000005 0.878096
vn -0.270214 0.41669300000000004 0.867958
vn -0.225626 0.41144200000000003 0.883068
vn -0.222756 0.41696900000000003 0.881202
vn -0.164687 0.40528100000000006 0.899236
vn -0.182606 0.40924200000000005 0.893966
vn -0.122015 0.40319600000000005 0.906943
vn -0.09896 0.40372100000000005 0.909515
vn -0.125723 0.40453500000000003 0.905839
vn -0.189727 0.4147660000000001 0.889928
vn -0.232484 0.39682500000000004 0.887965
vn -0.266635 0.41120100000000004 0.871676
vn -0.255577 0.38939000000000007 0.884905
vn -0.242241 0.38676200000000005 0.889794
vn 0.797565 -0.15577199999999997 0.582773
vn 0.824417 -0.10750199999999997 0.555679
vn 0.824356 -0.10746299999999998 0.555777
vn 0.797509 -0.15571899999999997 0.582864
vn 0.767759 -0.20349299999999998 0.607566
vn 0.76781 -0.20355899999999996 0.60748
vn 0.876779 -0.027992000000000027 -0.480078
vn 0.954328 0.237292 -0.18152500000000002
vn 0.954888 0.235865 -0.18043200000000004
vn 0.885607 -0.024390000000000026 -0.463796
vn 0.510883 -0.38645900000000005 -0.767886
vn 0.726314 -0.20386700000000002 -0.656435
vn 0.293327 -0.4961610000000001 -0.81718
vn 0.050888 -0.582429 -0.811287
vn 0.0423 -0.564735 -0.824188
vn 0.063641 -0.57149 -0.818138
vn 0.469233 -0.502311 0.726295
vn 0.469232 -0.502309 0.726297
vn 0.479925 -0.4886829999999999 0.728602
vn 0.47506 -0.513273 0.714751
vn 0.482371 -0.525643 0.700727
vn 0.494906 -0.516474 0.698801
vn 0.491329 -0.45864599999999994 0.740433
vn 0.545518 -0.43670699999999996 0.71533
vn 0.46612 -0.35535599999999995 0.810219
vn 0.500724 -0.35725099999999993 0.788446
vn 0.521694 -0.32822699999999994 0.787466
vn -0.881449 -0.413891 0.22746800000000003
vn -0.887692 -0.348539 0.300872
vn -0.880924 -0.354071 0.314017
vn -0.877511 -0.41805 0.23496600000000004
vn -0.840691 -0.541514 0.0006120000000000332
vn -0.842035 -0.53942 -0.001927999999999967
vn -0.744022 -0.629935 -0.22273899999999996
vn -0.741081 -0.634894 -0.21842399999999998
vn -0.692548 -0.653243 -0.30602399999999996
vn -0.697682 -0.645263 -0.31124699999999994
vn -0.798691 0.38544000000000006 0.462092
vn -0.809785 0.33048700000000003 0.484796
vn -0.809788 0.33049600000000007 0.484785
vn -0.836858 0.405017 0.368279
vn -0.771178 0.505738 0.38666999999999996
vn -0.755627 0.32696700000000006 0.567557
vn -0.77267 0.540284 0.33327799999999996
vn -0.77516 0.542566 0.32364899999999996
vn -0.667252 0.25978500000000004 0.69806
vn -0.772565 0.523966 0.35861299999999996
vn -0.744881 0.601933 0.28779999999999994
vn -0.735485 0.3551190000000001 0.57702
vn -0.641604 0.3564280000000001 0.679193
vn -0.520495 -0.004080999999999948 0.853855
vn -0.588352 0.12666100000000005 0.798623
vn -0.724767 0.604417 0.33074599999999993
vn -0.656096 0.706912 0.26422199999999996
vn -0.682717 0.693353 0.23056399999999994
vn -0.680918 0.598482 0.42210099999999995
vn -0.606509 0.4659650000000001 0.644223
vn -0.433337 0.44275000000000003 0.784979
vn -0.454119 0.3024530000000001 0.838032
vn -0.383958 0.3756570000000001 0.84348
vn -0.214039 0.36160800000000004 0.907429
vn -0.453251 0.35952800000000007 0.815661
vn -0.663964 0.27815000000000006 0.694107
vn -0.752489 0.28966000000000003 0.591487
vn -0.440732 0.27055300000000004 0.855895
vn 0.115013 0.4104610000000001 0.904596
vn -0.325893 0.18294800000000006 0.927536
vn -0.442174 0.20824000000000006 0.872421
vn -0.638357 0.19201500000000005 0.745406
vn -0.809783 0.13177800000000003 0.571739
vn -0.732442 0.14411600000000002 0.665401
vn -0.752489 0.28966000000000003 0.591487
vn -0.846236 0.289376 0.447378
vn -0.660172 0.22973400000000005 0.715119
vn -0.583964 0.30767400000000006 0.751214
vn -0.939179 0.22702999999999998 -0.257684
vn -0.581025 0.43837300000000007 0.685739
vn -0.846236 0.289376 0.447378
vn -0.434905 0.3168000000000001 0.842909
vn -0.456334 0.34537200000000007 0.820047
vn -0.592633 0.34822000000000003 0.726312
vn -0.671632 0.17797000000000004 0.719192
vn -0.216877 -0.13671199999999994 0.966578
vn -0.505113 0.21969800000000006 0.834622
vn -0.312366 -0.22366199999999994 0.923257
vn -0.330662 -0.30180199999999996 0.894191
vn -0.401062 -0.16849399999999995 0.900422
vn -0.361344 -0.26025199999999993 0.895377
vn -0.254449 0.06344900000000006 0.965003
vn -0.404605 -0.16955499999999996 0.898636
vn -0.501016 -0.27030799999999994 0.822141
vn -0.636602 -0.18000599999999994 0.74989
vn -0.282431 0.01676600000000006 0.959141
vn -0.25 -0.513468 0.820884
vn 0.132813 -0.31759199999999993 0.93888
vn -0.173058 -0.782316 0.598358
vn -0.175422 -0.779543 0.601282
vn -0.139067 -0.790442 0.596541
vn -0.120753 -0.788453 0.603126
vn -0.070462 -0.812947 0.578059
vn -0.138985 -0.782664 0.60673
vn -0.175338 -0.784459 0.594879
vn -0.070325 -0.770642 0.633376
vn -0.654811 0.26878900000000006 0.706382
vn -0.434905 0.3168000000000001 0.842909
vn -0.846236 0.289376 0.447378
vn -0.456334 0.34537200000000007 0.820047
vn -0.667252 0.25978500000000004 0.69806
vn -0.520495 -0.004080999999999948 0.853855
vn -0.588352 0.12666100000000005 0.798623
vn -0.663964 0.27815000000000006 0.694107
vn -0.752489 0.28966000000000003 0.591487
vn -0.846236 0.289376 0.447378
vn -0.188189 0.912122 -0.3641690000000001
vn 0.054515 0.997369 -0.04778900000000006
vn -0.01046 0.999813 -0.01627200000000006
vn 0.289653 0.91566 0.27868999999999994
vn 0.119987 0.989592 -0.07943500000000006
g shipsdfg
f 1/1/1 2/2/2 3/3/3
f 4/4/4 5/5/5 6/6/6
f 7/7/7 8/8/8 9/9/9
f 10/10/10 11/11/11 12/12/12
f 13/13/13 14/14/14 15/15/15
f 16/16/16 17/17/17 18/18/18
f 19/19/19 20/20/20 21/21/21
f 22/22/22 23/23/23 24/24/24
f 25/25/25 26/26/26 27/27/27
f 28/28/28 29/29/29 30/30/30
f 31/31/31 32/32/32 33/33/33
f 34/34/34 35/35/35 36/36/36
f 37/37/37 38/38/38 39/39/39
f 40/40/40 41/41/41 42/42/42
f 43/43/43 44/44/44 45/45/45
f 46/46/46 47/47/47 48/48/48
f 49/49/49 50/50/50 51/51/51
f 52/52/52 53/53/53 54/54/54
f 55/55/55 56/56/56 57/57/57
f 58/58/58 59/59/59 60/60/60
f 61/61/61 62/62/62 63/63/63
f 64/64/64 65/65/65 66/66/66
f 67/67/67 68/68/68 69/69/69
f 70/70/70 71/71/71 72/72/72
f 73/73/73 74/74/74 75/75/75
f 76/76/76 77/77/77 78/78/78
f 79/79/79 80/80/80 81/81/81
f 82/82/82 83/83/83 84/84/84
f 85/85/85 86/86/86 87/87/87
f 88/88/88 89/89/89 90/90/90
f 91/91/91 92/92/92 93/93/93
f 94/94/94 95/95/95 96/96/96
f 97/97/97 98/98/98 99/99/99
f 100/100/100 101/101/101 102/102/102
f 103/103/103 104/104/104 105/105/105
f 106/106/106 107/107/107 108/108/108
f 109/109/109 110/110/110 111/111/111
f 112/112/112 113/113/113 114/114/114
f 115/115/115 116/116/116 117/117/117
f 118/118/118 119/119/119 120/120/120
f 121/121/121 122/122/122 123/123/123
f 124/124/124 125/125/125 126/126/126
f 127/127/127 128/128/128 129/129/129
f 130/130/130 131/131/131 132/132/132
f 133/133/133 134/134/134 135/135/135
f 136/136/136 137/137/137 138/138/138
f 139/139/139 140/140/140 141/141/141
f 142/142/142 143/143/143 144/144/144
f 145/145/145 146/146/146 147/147/147
f 148/148/148 149/149/149 150/150/150
f 151/151/151 152/152/152 153/153/153
f 154/154/154 155/155/155 156/156/156
f 157/157/157 158/158/158 159/159/159
f 160/160/160 161/161/161 162/162/162
f 163/163/163 164/164/164 165/165/165
f 166/166/166 167/167/167 168/168/168
f 169/169/169 170/170/170 171/171/171
f 172/172/172 173/173/173 174/174/174
f 175/175/175 176/176/176 177/177/177
f 178/178/178 179/179/179 180/180/180
f 181/181/181 182/182/182 183/183/183
f 184/184/184 185/185/185 186/186/186
f 187/187/187 188/188/188 189/189/189
f 190/190/190 191/191/191 192/192/192
f 193/193/193 194/194/194 195/195/195
f 196/196/196 197/197/197 198/198/198
f 199/199/199 200/200/200 201/201/201
f 202/202/202 203/203/203 204/204/204
f 205/205/205 206/206/206 207/207/207
f 208/208/208 209/209/209 210/210/210
f 211/211/211 212/212/212 213/213/213
f 214/214/214 215/215/215 216/216/216
f 217/217/217 218/218/218 219/219/219
f 220/220/220 221/221/221 222/222/222
f 223/223/223 224/224/224 225/225/225
f 226/226/226 227/227/227 228/228/228
f 229/229/229 230/230/230 231/231/231
f 232/232/232 233/233/233 234/234/234
f 235/235/235 236/236/236 237/237/237
f 238/238/238 239/239/239 240/240/240
f 241/241/241 242/242/242 243/243/243
f 244/244/244 245/245/245 246/246/246
f 247/247/247 248/248/248 249/249/249
f 250/250/250 251/251/251 252/252/252
f 253/253/253 254/254/254 255/255/255
f 256/256/256 257/257/257 258/258/258
f 259/259/259 260/260/260 261/261/261
f 262/262/262 263/263/263 264/264/264
f 265/265/265 266/266/266 267/267/267
f 268/268/268 269/269/269 270/270/270
f 271/271/271 272/272/272 273/273/273
f 274/274/274 275/275/275 276/276/276
f 277/277/277 278/278/278 279/279/279
f 280/280/280 281/281/281 282/282/282
f 283/283/283 284/284/284 285/285/285
f 286/286/286 287/287/287 288/288/288
f 289/289/289 290/290/290 291/291/291
f 292/292/292 293/293/293 294/294/294
f 295/295/295 296/296/296 297/297/297
f 298/298/298 299/299/299 300/300/300
f 301/301/301 302/302/302 303/303/303
f 304/304/304 305/305/305 306/306/306
f 307/307/307 308/308/308 309/309/309
f 310/310/310 311/311/311 312/312/312
f 313/313/313 314/314/314 315/315/315
f 316/316/316 317/317/317 318/318/318
f 319/319/319 320/320/320 321/321/321
f 322/322/322 323/323/323 324/324/324
f 325/325/325 326/326/326 327/327/327
f 328/328/328 329/329/329 330/330/330
f 331/331/331 332/332/332 333/333/333
f 334/334/334 335/335/335 336/336/336
f 337/337/337 338/338/338 339/339/339
f 340/340/340 341/341/341 342/342/342
f 343/343/343 344/344/344 345/345/345
f 346/346/346 347/347/347 348/348/348
f 349/349/349 350/350/350 351/351/351
f 352/352/352 353/353/353 354/354/354
f 355/355/355 356/356/356 357/357/357
f 358/358/358 359/359/359 360/360/360
f 361/361/361 362/362/362 363/363/363
f 364/364/364 365/365/365 366/366/366
f 367/367/367 368/368/368 369/369/369
f 370/370/370 371/371/371 372/372/372
f 373/373/373 374/374/374 375/375/375
f 376/376/376 377/377/377 378/378/378
f 379/379/379 380/380/380 381/381/381
f 382/382/382 383/383/383 384/384/384
f 385/385/385 386/386/386 387/387/387
f 388/388/388 389/389/389 390/390/390
f 391/391/391 392/392/392 393/393/393
f 394/394/394 395/395/395 396/396/396
f 397/397/397 398/398/398 399/399/399
f 400/400/400 401/401/401 402/402/402
f 403/403/403 404/404/404 405/405/405
f 406/406/406 407/407/407 408/408/408
f 408/408/408 409/409/409 410/410/410
f 411/411/411 412/412/412 413/413/413
f 414/414/414 415/415/415 411/411/411
f 416/416/416 417/417/417 418/418/418
f 417/417/417 419/419/419 420/420/420
f 421/421/421 422/422/422 423/423/423
f 424/424/424 423/423/423 425/425/425
f 426/426/426 427/427/427 428/428/428
f 429/429/429 426/426/426 430/430/430
f 431/431/431 432/432/432 433/433/433
f 434/434/434 435/435/435 431/431/431
f 436/436/436 437/437/437 438/438/438
f 439/439/439 440/440/440 436/436/436
f 441/441/441 442/442/442 443/443/443
f 444/444/444 445/445/445 441/441/441
f 446/446/446 447/447/447 448/448/448
f 449/449/449 450/450/450 446/446/446
f 451/451/451 452/452/452 453/453/453
f 454/454/454 455/455/455 451/451/451
f 456/456/456 457/457/457 458/458/458
f 459/459/459 460/460/460 456/456/456
f 461/461/461 462/462/462 463/463/463
f 464/464/464 465/465/465 461/461/461
f 466/466/466 467/467/467 468/468/468
f 469/469/469 470/470/470 466/466/466
f 471/471/471 472/472/472 473/473/473
f 474/474/474 475/475/475 471/471/471
f 476/476/476 471/471/471 475/475/475
f 475/475/475 477/477/477 476/476/476
f 476/476/476 477/477/477 478/478/478
f 478/478/478 479/479/479 476/476/476
f 479/479/479 478/478/478 480/480/480
f 480/480/480 481/481/481 479/479/479
f 482/482/482 481/481/481 480/480/480
f 480/480/480 483/483/483 482/482/482
f 484/484/484 485/485/485 486/486/486
f 486/486/486 487/487/487 484/484/484
f 488/488/488 489/489/489 490/490/490
f 488/488/488 490/490/490 491/491/491
f 492/492/492 493/493/493 494/494/494
f 493/493/493 495/495/495 494/494/494
f 496/496/496 497/497/497 498/498/498
f 498/498/498 499/499/499 496/496/496
f 500/500/500 501/501/501 502/502/502
f 502/502/502 503/503/503 500/500/500
f 504/504/504 505/505/505 506/506/506
f 506/506/506 507/507/507 504/504/504
f 508/508/508 509/509/509 510/510/510
f 510/510/510 511/511/511 508/508/508
f 512/512/512 513/513/513 514/514/514
f 514/514/514 515/515/515 512/512/512
f 516/516/516 517/517/517 518/518/518
f 518/518/518 519/519/519 516/516/516
f 520/520/520 521/521/521 522/522/522
f 522/522/522 523/523/523 520/520/520
f 524/524/524 525/525/525 526/526/526
f 526/526/526 527/527/527 524/524/524
f 528/528/528 529/529/529 530/530/530
f 530/530/530 531/531/531 528/528/528
f 532/532/532 533/533/533 534/534/534
f 534/534/534 535/535/535 532/532/532
f 536/536/536 537/537/537 538/538/538
f 537/537/537 539/539/539 538/538/538
f 540/540/540 541/541/541 542/542/542
f 542/542/542 543/543/543 540/540/540
f 544/544/544 545/545/545 546/546/546
f 546/546/546 547/547/547 544/544/544
f 548/548/548 549/549/549 550/550/550
f 550/550/550 551/551/551 548/548/548
f 552/552/552 553/553/553 554/554/554
f 554/554/554 555/555/555 552/552/552
f 556/556/556 557/557/557 558/558/558
f 558/558/558 559/559/559 556/556/556
f 560/560/560 561/561/561 562/562/562
f 562/562/562 563/563/563 560/560/560
f 564/564/564 565/565/565 566/566/566
f 566/566/566 567/567/567 564/564/564
f 568/568/568 569/569/569 570/570/570
f 570/570/570 571/571/571 568/568/568
f 572/572/572 573/573/573 574/574/574
f 574/574/574 575/575/575 572/572/572
f 576/576/576 577/577/577 578/578/578
f 578/578/578 579/579/579 576/576/576
f 580/580/580 581/581/581 582/582/582
f 582/582/582 583/583/583 580/580/580
f 584/584/584 585/585/585 586/586/586
f 586/586/586 587/587/587 584/584/584
f 588/588/588 589/589/589 590/590/590
f 590/590/590 591/591/591 588/588/588
f 592/592/592 593/593/593 594/594/594
f 594/594/594 595/595/595 592/592/592
f 596/596/596 597/597/597 598/598/598
f 598/598/598 599/599/599 596/596/596
f 600/600/600 601/601/601 602/602/602
f 602/602/602 603/603/603 600/600/600
f 604/604/604 605/605/605 606/606/606
f 605/605/605 607/607/607 606/606/606
f 608/608/608 609/609/609 610/610/610
f 610/610/610 611/611/611 608/608/608
f 612/612/612 613/613/613 614/614/614
f 614/614/614 615/615/615 612/612/612
f 616/616/616 617/617/617 618/618/618
f 618/618/618 619/619/619 616/616/616
f 620/620/620 621/621/621 622/622/622
f 622/622/622 623/623/623 620/620/620
f 624/624/624 625/625/625 626/626/626
f 626/626/626 627/627/627 624/624/624
f 628/628/628 629/629/629 630/630/630
f 630/630/630 631/631/631 628/628/628
f 632/632/632 633/633/633 634/634/634
f 634/634/634 635/635/635 632/632/632
f 636/636/636 637/637/637 638/638/638
f 638/638/638 639/639/639 636/636/636
f 640/640/640 641/641/641 642/642/642
f 642/642/642 641/641/641 643/643/643
f 644/644/644 645/645/645 646/646/646
f 646/646/646 647/647/647 644/644/644
f 648/648/648 649/649/649 650/650/650
f 650/650/650 651/651/651 648/648/648
f 652/652/652 653/653/653 654/654/654
f 654/654/654 655/655/655 652/652/652
f 656/656/656 657/657/657 658/658/658
f 658/658/658 659/659/659 656/656/656
f 660/660/660 661/661/661 662/662/662
f 662/662/662 663/663/663 660/660/660
f 664/664/664 665/665/665 666/666/666
f 664/664/664 667/667/667 665/665/665
f 668/668/668 669/669/669 670/670/670
f 670/670/670 671/671/671 668/668/668
f 672/672/672 673/673/673 674/674/674
f 674/674/674 675/675/675 672/672/672
f 676/676/676 677/677/677 678/678/678
f 678/678/678 679/679/679 676/676/676
f 680/680/680 681/681/681 682/682/682
f 682/682/682 683/683/683 680/680/680
f 684/684/684 685/685/685 686/686/686
f 686/686/686 687/687/687 684/684/684
f 688/688/688 689/689/689 690/690/690
f 690/690/690 691/691/691 688/688/688
f 692/692/692 693/693/693 694/694/694
f 694/694/694 695/695/695 692/692/692
f 696/696/696 697/697/697 698/698/698
f 698/698/698 699/699/699 696/696/696
f 700/700/700 701/701/701 702/702/702
f 702/702/702 703/703/703 700/700/700
f 704/704/704 705/705/705 706/706/706
f 706/706/706 707/707/707 704/704/704
f 708/708/708 709/709/709 710/710/710
f 710/710/710 711/711/711 708/708/708
f 712/712/712 713/713/713 714/714/714
f 714/714/714 715/715/715 712/712/712
f 716/716/716 717/717/717 718/718/718
f 718/718/718 719/719/719 716/716/716
f 720/720/720 721/721/721 722/722/722
f 722/722/722 723/723/723 720/720/720
f 724/724/724 725/725/725 726/726/726
f 726/726/726 727/727/727 724/724/724
f 728/728/728 729/729/729 730/730/730
f 730/730/730 731/731/731 728/728/728
f 732/732/732 733/733/733 734/734/734
f 734/734/734 735/735/735 732/732/732
f 736/736/736 737/737/737 738/738/738
f 738/738/738 739/739/739 736/736/736
f 740/740/740 741/741/741 742/742/742
f 742/742/742 743/743/743 740/740/740
f 744/744/744 745/745/745 746/746/746
f 746/746/746 747/747/747 744/744/744
f 748/748/748 749/749/749 750/750/750
f 750/750/750 751/751/751 748/748/748
f 752/752/752 753/753/753 754/754/754
f 754/754/754 755/755/755 752/752/752
f 756/756/756 757/757/757 758/758/758
f 758/758/758 759/759/759 756/756/756
f 760/760/760 761/761/761 762/762/762
f 762/762/762 763/763/763 760/760/760
f 764/764/764 765/765/765 766/766/766
f 766/766/766 767/767/767 764/764/764
f 768/768/768 769/769/769 770/770/770
f 770/770/770 771/771/771 768/768/768
f 772/772/772 773/773/773 774/774/774
f 772/772/772 775/775/775 773/773/773
f 776/776/776 777/777/777 778/778/778
f 776/776/776 779/779/779 777/777/777
f 780/780/780 781/781/781 782/782/782
f 781/781/781 783/783/783 782/782/782
f 784/784/784 785/785/785 786/786/786
f 786/786/786 787/787/787 784/784/784
f 788/788/788 789/789/789 790/790/790
f 790/790/790 791/791/791 788/788/788
f 792/792/792 793/793/793 794/794/794
f 794/794/794 795/795/795 792/792/792
f 796/796/796 797/797/797 798/798/798
f 798/798/798 799/799/799 796/796/796
f 800/800/800 801/801/801 802/802/802
f 802/802/802 803/803/803 800/800/800
f 804/804/804 805/805/805 806/806/806
f 806/806/806 807/807/807 804/804/804
f 808/808/808 809/809/809 810/810/810
f 810/810/810 811/811/811 808/808/808
f 812/812/812 813/813/813 814/814/814
f 814/814/814 815/815/815 812/812/812
f 816/816/816 817/817/817 818/818/818
f 818/818/818 819/819/819 816/816/816
f 820/820/820 821/821/821 822/822/822
f 822/822/822 823/823/823 820/820/820
f 824/824/824 825/825/825 826/826/826
f 826/826/826 827/827/827 824/824/824
f 828/828/828 829/829/829 830/830/830
f 830/830/830 831/831/831 828/828/828
f 832/832/832 833/833/833 834/834/834
f 834/834/834 835/835/835 832/832/832
f 836/836/836 837/837/837 838/838/838
f 838/838/838 839/839/839 836/836/836
f 840/840/840 841/841/841 842/842/842
f 842/842/842 843/843/843 840/840/840
f 844/844/844 845/845/845 846/846/846
f 846/846/846 847/847/847 844/844/844
f 848/848/848 849/849/849 850/850/850
f 850/850/850 851/851/851 848/848/848
f 852/852/852 853/853/853 854/854/854
f 854/854/854 855/855/855 852/852/852
f 856/856/856 857/857/857 858/858/858
f 858/858/858 859/859/859 856/856/856
f 860/860/860 861/861/861 862/862/862
f 862/862/862 863/863/863 860/860/860
f 864/864/864 865/865/865 866/866/866
f 866/866/866 867/867/867 864/864/864
f 868/868/868 869/869/869 870/870/870
f 870/870/870 871/871/871 868/868/868
f 872/872/872 873/873/873 874/874/874
f 874/874/874 875/875/875 872/872/872
f 876/876/876 877/877/877 878/878/878
f 878/878/878 879/879/879 876/876/876
f 880/880/880 881/881/881 882/882/882
f 882/882/882 883/883/883 880/880/880
f 884/884/884 885/885/885 886/886/886
f 886/886/886 887/887/887 884/884/884
f 888/888/888 889/889/889 890/890/890
f 890/890/890 891/891/891 888/888/888
f 892/892/892 893/893/893 894/894/894
f 894/894/894 895/895/895 892/892/892
f 896/896/896 897/897/897 898/898/898
f 898/898/898 899/899/899 896/896/896
f 900/900/900 901/901/901 902/902/902
f 902/902/902 903/903/903 900/900/900
f 904/904/904 905/905/905 906/906/906
f 906/906/906 907/907/907 904/904/904
f 908/908/908 909/909/909 910/910/910
f 910/910/910 911/911/911 908/908/908
f 912/912/912 913/913/913 914/914/914
f 914/914/914 915/915/915 912/912/912
f 916/916/916 917/917/917 918/918/918
f 918/918/918 919/919/919 916/916/916
f 920/920/920 921/921/921 922/922/922
f 922/922/922 923/923/923 920/920/920
f 924/924/924 925/925/925 926/926/926
f 926/926/926 927/927/927 924/924/924
f 928/928/928 929/929/929 930/930/930
f 930/930/930 931/931/931 928/928/928
f 932/932/932 933/933/933 934/934/934
f 934/934/934 935/935/935 932/932/932
f 936/936/936 937/937/937 938/938/938
f 938/938/938 939/939/939 936/936/936
f 940/940/940 941/941/941 942/942/942
f 942/942/942 943/943/943 940/940/940
f 944/944/944 945/945/945 946/946/946
f 946/946/946 947/947/947 944/944/944
f 948/948/948 949/949/949 950/950/950
f 950/950/950 951/951/951 948/948/948
f 952/952/952 953/953/953 954/954/954
f 954/954/954 955/955/955 952/952/952
f 956/956/956 957/957/957 958/958/958
f 958/958/958 959/959/959 956/956/956
f 960/960/960 961/961/961 962/962/962
f 962/962/962 963/963/963 960/960/960
f 964/964/964 965/965/965 966/966/966
f 966/966/966 967/967/967 964/964/964
f 968/968/968 969/969/969 970/970/970
f 970/970/970 971/971/971 968/968/968
f 972/972/972 973/973/973 974/974/974
f 974/974/974 975/975/975 972/972/972
f 976/976/976 977/977/977 978/978/978
f 978/978/978 979/979/979 976/976/976
f 980/980/980 981/981/981 982/982/982
f 982/982/982 983/983/983 980/980/980
f 984/984/984 985/985/985 986/986/986
f 986/986/986 987/987/987 984/984/984
f 988/988/988 989/989/989 990/990/990
f 990/990/990 991/991/991 988/988/988
f 992/992/992 993/993/993 994/994/994
f 994/994/994 995/995/995 992/992/992
f 996/996/996 997/997/997 998/998/998
f 998/998/998 999/999/999 996/996/996
f 1000/1000/1000 1001/1001/1001 1002/1002/1002
f 1002/1002/1002 1003/1003/1003 1000/1000/1000
f 1004/1004/1004 1005/1005/1005 1006/1006/1006
f 1006/1006/1006 1007/1007/1007 1004/1004/1004
f 1008/1008/1008 1009/1009/1009 1010/1010/1010
f 1010/1010/1010 1011/1011/1011 1008/1008/1008
f 1012/1012/1012 1013/1013/1013 1014/1014/1014
f 1014/1014/1014 1015/1015/1015 1012/1012/1012
f 1016/1016/1016 1017/1017/1017 1018/1018/1018
f 1018/1018/1018 1019/1019/1019 1016/1016/1016
f 1020/1020/1020 1021/1021/1021 1022/1022/1022
f 1022/1022/1022 1023/1023/1023 1020/1020/1020
f 1024/1024/1024 1025/1025/1025 1026/1026/1026
f 1026/1026/1026 1027/1027/1027 1024/1024/1024
f 1028/1028/1028 1029/1029/1029 1030/1030/1030
f 1030/1030/1030 1031/1031/1031 1028/1028/1028
f 1032/1032/1032 1033/1033/1033 1034/1034/1034
f 1034/1034/1034 1035/1035/1035 1032/1032/1032
f 1036/1036/1036 1037/1037/1037 1038/1038/1038
f 1038/1038/1038 1039/1039/1039 1036/1036/1036
f 1040/1040/1040 1041/1041/1041 1042/1042/1042
f 1042/1042/1042 1043/1043/1043 1040/1040/1040
f 1044/1044/1044 1045/1045/1045 1046/1046/1046
f 1046/1046/1046 1047/1047/1047 1044/1044/1044
f 1048/1048/1048 1049/1049/1049 1050/1050/1050
f 1050/1050/1050 1051/1051/1051 1048/1048/1048
f 1052/1052/1052 1053/1053/1053 1054/1054/1054
f 1054/1054/1054 1055/1055/1055 1052/1052/1052
f 1056/1056/1056 1057/1057/1057 1058/1058/1058
f 1058/1058/1058 1059/1059/1059 1056/1056/1056
f 1060/1060/1060 1061/1061/1061 1062/1062/1062
f 1062/1062/1062 1063/1063/1063 1060/1060/1060
f 1064/1064/1064 1065/1065/1065 1066/1066/1066
f 1066/1066/1066 1067/1067/1067 1064/1064/1064
f 1068/1068/1068 1069/1069/1069 1070/1070/1070
f 1070/1070/1070 1071/1071/1071 1068/1068/1068
f 1072/1072/1072 1073/1073/1073 1074/1074/1074
f 1074/1074/1074 1075/1075/1075 1072/1072/1072
f 1076/1076/1076 1077/1077/1077 1078/1078/1078
f 1078/1078/1078 1079/1079/1079 1076/1076/1076
f 1080/1080/1080 1081/1081/1081 1082/1082/1082
f 1082/1082/1082 1083/1083/1083 1080/1080/1080
f 1084/1084/1084 1085/1085/1085 1086/1086/1086
f 1086/1086/1086 1087/1087/1087 1084/1084/1084
f 1087/1087/1087 1086/1086/1086 1088/1088/1088
f 1088/1088/1088 1089/1089/1089 1087/1087/1087
f 1089/1089/1089 1088/1088/1088 1090/1090/1090
f 1090/1090/1090 1091/1091/1091 1089/1089/1089
f 1091/1091/1091 1090/1090/1090 1092/1092/1092
f 1092/1092/1092 1093/1093/1093 1091/1091/1091
f 1094/1094/1094 1095/1095/1095 1096/1096/1096
f 1096/1096/1096 1097/1097/1097 1094/1094/1094
f 1098/1098/1098 1096/1096/1096 1099/1099/1099
f 1099/1099/1099 1100/1100/1100 1098/1098/1098
f 1099/1099/1099 1101/1101/1101 1100/1100/1100
f 1102/1102/1102 1103/1103/1103 1104/1104/1104
f 1104/1104/1104 1105/1105/1105 1102/1102/1102
f 1105/1105/1105 1104/1104/1104 1106/1106/1106
f 1106/1106/1106 1107/1107/1107 1105/1105/1105
f 1108/1108/1108 1109/1109/1109 1110/1110/1110
f 1110/1110/1110 1111/1111/1111 1108/1108/1108
f 1110/1110/1110 1112/1112/1112 1111/1111/1111
f 1113/1113/1113 1114/1114/1114 1115/1115/1115
f 1113/1113/1113 1115/1115/1115 1116/1116/1116
f 1115/1115/1115 1117/1117/1117 1116/1116/1116
f 1118/1118/1118 1119/1119/1119 1120/1120/1120
f 1120/1120/1120 1121/1121/1121 1118/1118/1118
f 1121/1121/1121 1120/1120/1120 1122/1122/1122
f 1122/1122/1122 1123/1123/1123 1121/1121/1121
f 1123/1123/1123 1122/1122/1122 1124/1124/1124
f 1124/1124/1124 1125/1125/1125 1123/1123/1123
f 1125/1125/1125 1124/1124/1124 1126/1126/1126
f 1126/1126/1126 1127/1127/1127 1125/1125/1125
f 1128/1128/1128 1129/1129/1129 1130/1130/1130
f 1131/1131/1131 1128/1128/1128 1130/1130/1130
f 1131/1131/1131 1130/1130/1130 1132/1132/1132
f 1133/1133/1133 1131/1131/1131 1132/1132/1132
f 1131/1131/1131 1133/1133/1133 1134/1134/1134
f 1134/1134/1134 1135/1135/1135 1131/1131/1131
f 1136/1136/1136 1135/1135/1135 1134/1134/1134
f 1134/1134/1134 1137/1137/1137 1136/1136/1136
f 1136/1136/1136 1137/1137/1137 1138/1138/1138
f 1138/1138/1138 1139/1139/1139 1136/1136/1136
f 1140/1140/1140 1141/1141/1141 1142/1142/1142
f 1140/1140/1140 1142/1142/1142 1143/1143/1143
f 1142/1142/1142 1144/1144/1144 1143/1143/1143
f 1144/1144/1144 1145/1145/1145 1143/1143/1143
f 1146/1146/1146 1147/1147/1147 1148/1148/1148
f 1148/1148/1148 1149/1149/1149 1146/1146/1146
f 1149/1149/1149 1148/1148/1148 1150/1150/1150
f 1150/1150/1150 1151/1151/1151 1149/1149/1149
f 1151/1151/1151 1150/1150/1150 1152/1152/1152
f 1153/1153/1153 1151/1151/1151 1152/1152/1152
f 1153/1153/1153 1152/1152/1152 1154/1154/1154
f 1154/1154/1154 1152/1152/1152 1155/1155/1155
f 1156/1156/1156 1154/1154/1154 1155/1155/1155
f 1152/1152/1152 1157/1157/1157 1155/1155/1155
f 1155/1155/1155 1157/1157/1157 1158/1158/1158
f 1158/1158/1158 1159/1159/1159 1155/1155/1155
f 1160/1160/1160 1161/1161/1161 1162/1162/1162
f 1162/1162/1162 1163/1163/1163 1160/1160/1160
f 1163/1163/1163 1162/1162/1162 1164/1164/1164
f 1164/1164/1164 1165/1165/1165 1163/1163/1163
f 1165/1165/1165 1164/1164/1164 1166/1166/1166
f 1166/1166/1166 1167/1167/1167 1165/1165/1165
f 1168/1168/1168 1169/1169/1169 1170/1170/1170
f 1170/1170/1170 1171/1171/1171 1168/1168/1168
f 1171/1171/1171 1170/1170/1170 1172/1172/1172
f 1172/1172/1172 1173/1173/1173 1171/1171/1171
f 1173/1173/1173 1172/1172/1172 1174/1174/1174
f 1174/1174/1174 1175/1175/1175 1173/1173/1173
f 1176/1176/1176 1175/1175/1175 1174/1174/1174
f 1174/1174/1174 1177/1177/1177 1176/1176/1176
f 1178/1178/1178 1176/1176/1176 1177/1177/1177
f 1179/1179/1179 1180/1180/1180 1181/1181/1181
f 1181/1181/1181 1182/1182/1182 1179/1179/1179
f 1182/1182/1182 1181/1181/1181 1183/1183/1183
f 1183/1183/1183 1184/1184/1184 1182/1182/1182
f 1184/1184/1184 1183/1183/1183 1185/1185/1185
f 1185/1185/1185 1186/1186/1186 1184/1184/1184
f 1187/1187/1187 1186/1186/1186 1185/1185/1185
f 1185/1185/1185 1188/1188/1188 1187/1187/1187
f 1189/1189/1189 1187/1187/1187 1188/1188/1188
f 1188/1188/1188 1190/1190/1190 1189/1189/1189
f 1191/1191/1191 1189/1189/1189 1190/1190/1190
f 1190/1190/1190 1192/1192/1192 1191/1191/1191
f 1193/1193/1193 1194/1194/1194 1195/1195/1195
f 1195/1195/1195 1196/1196/1196 1193/1193/1193
f 1196/1196/1196 1195/1195/1195 1197/1197/1197
f 1197/1197/1197 1198/1198/1198 1196/1196/1196
f 1198/1198/1198 1197/1197/1197 1199/1199/1199
f 1199/1199/1199 1200/1200/1200 1198/1198/1198
f 1201/1201/1201 1200/1200/1200 1199/1199/1199
f 1199/1199/1199 1202/1202/1202 1201/1201/1201
f 1203/1203/1203 1201/1201/1201 1202/1202/1202
f 1202/1202/1202 1204/1204/1204 1203/1203/1203
f 1205/1205/1205 1203/1203/1203 1204/1204/1204
f 1204/1204/1204 1206/1206/1206 1205/1205/1205
f 1207/1207/1207 1208/1208/1208 1209/1209/1209
f 1209/1209/1209 1210/1210/1210 1207/1207/1207
f 1210/1210/1210 1209/1209/1209 1211/1211/1211
f 1211/1211/1211 1212/1212/1212 1210/1210/1210
f 1212/1212/1212 1211/1211/1211 1213/1213/1213
f 1213/1213/1213 1214/1214/1214 1212/1212/1212
f 1214/1214/1214 1213/1213/1213 1215/1215/1215
f 1216/1216/1216 1214/1214/1214 1215/1215/1215
f 1217/1217/1217 1216/1216/1216 1215/1215/1215
f 1218/1218/1218 1217/1217/1217 1215/1215/1215
f 1215/1215/1215 1219/1219/1219 1218/1218/1218
f 1218/1218/1218 1219/1219/1219 1220/1220/1220
f 1221/1221/1221 1222/1222/1222 1223/1223/1223
f 1223/1223/1223 1224/1224/1224 1221/1221/1221
f 1223/1223/1223 1225/1225/1225 1224/1224/1224
f 1225/1225/1225 1226/1226/1226 1224/1224/1224
f 1227/1227/1227 1224/1224/1224 1226/1226/1226
f 1226/1226/1226 1228/1228/1228 1227/1227/1227
f 1229/1229/1229 1225/1225/1225 1230/1230/1230
f 1231/1231/1231 1229/1229/1229 1230/1230/1230
f 1231/1231/1231 1230/1230/1230 1232/1232/1232
f 1233/1233/1233 1234/1234/1234 1235/1235/1235
f 1235/1235/1235 1236/1236/1236 1233/1233/1233
f 1236/1236/1236 1235/1235/1235 1237/1237/1237
f 1237/1237/1237 1238/1238/1238 1236/1236/1236
f 1238/1238/1238 1237/1237/1237 1239/1239/1239
f 1239/1239/1239 1240/1240/1240 1238/1238/1238
f 1240/1240/1240 1239/1239/1239 1241/1241/1241
f 1241/1241/1241 1242/1242/1242 1240/1240/1240
f 1243/1243/1243 1244/1244/1244 1245/1245/1245
f 1245/1245/1245 1246/1246/1246 1243/1243/1243
f 1246/1246/1246 1245/1245/1245 1247/1247/1247
f 1247/1247/1247 1248/1248/1248 1246/1246/1246
f 1248/1248/1248 1247/1247/1247 1249/1249/1249
f 1249/1249/1249 1250/1250/1250 1248/1248/1248
f 1250/1250/1250 1249/1249/1249 1251/1251/1251
f 1251/1251/1251 1252/1252/1252 1250/1250/1250
f 1253/1253/1253 1254/1254/1254 1255/1255/1255
f 1255/1255/1255 1256/1256/1256 1253/1253/1253
f 1256/1256/1256 1255/1255/1255 1257/1257/1257
f 1257/1257/1257 1258/1258/1258 1256/1256/1256
f 1258/1258/1258 1257/1257/1257 1259/1259/1259
f 1259/1259/1259 1260/1260/1260 1258/1258/1258
f 1260/1260/1260 1259/1259/1259 1261/1261/1261
f 1261/1261/1261 1262/1262/1262 1260/1260/1260
f 1263/1263/1263 1264/1264/1264 1265/1265/1265
f 1265/1265/1265 1266/1266/1266 1263/1263/1263
f 1266/1266/1266 1265/1265/1265 1267/1267/1267
f 1267/1267/1267 1268/1268/1268 1266/1266/1266
f 1268/1268/1268 1267/1267/1267 1269/1269/1269
f 1269/1269/1269 1270/1270/1270 1268/1268/1268
f 1270/1270/1270 1269/1269/1269 1271/1271/1271
f 1271/1271/1271 1272/1272/1272 1270/1270/1270
f 1273/1273/1273 1274/1274/1274 1275/1275/1275
f 1275/1275/1275 1276/1276/1276 1273/1273/1273
f 1276/1276/1276 1275/1275/1275 1277/1277/1277
f 1277/1277/1277 1278/1278/1278 1276/1276/1276
f 1278/1278/1278 1277/1277/1277 1279/1279/1279
f 1279/1279/1279 1280/1280/1280 1278/1278/1278
f 1280/1280/1280 1279/1279/1279 1281/1281/1281
f 1281/1281/1281 1282/1282/1282 1280/1280/1280
f 1283/1283/1283 1284/1284/1284 1285/1285/1285
f 1285/1285/1285 1286/1286/1286 1283/1283/1283
f 1286/1286/1286 1285/1285/1285 1287/1287/1287
f 1287/1287/1287 1288/1288/1288 1286/1286/1286
f 1288/1288/1288 1287/1287/1287 1289/1289/1289
f 1289/1289/1289 1290/1290/1290 1288/1288/1288
f 1290/1290/1290 1289/1289/1289 1291/1291/1291
f 1291/1291/1291 1292/1292/1292 1290/1290/1290
f 1292/1292/1292 1291/1291/1291 1293/1293/1293
f 1293/1293/1293 1294/1294/1294 1292/1292/1292
f 1294/1294/1294 1293/1293/1293 1295/1295/1295
f 1295/1295/1295 1296/1296/1296 1294/1294/1294
f 1297/1297/1297 1298/1298/1298 1299/1299/1299
f 1299/1299/1299 1300/1300/1300 1297/1297/1297
f 1301/1301/1301 1297/1297/1297 1300/1300/1300
f 1300/1300/1300 1302/1302/1302 1301/1301/1301
f 1303/1303/1303 1304/1304/1304 1305/1305/1305
f 1304/1304/1304 1306/1306/1306 1305/1305/1305
f 1304/1304/1304 1307/1307/1307 1306/1306/1306
f 1308/1308/1308 1309/1309/1309 1310/1310/1310
f 1308/1308/1308 1310/1310/1310 1311/1311/1311
f 1308/1308/1308 1311/1311/1311 1312/1312/1312
f 1311/1311/1311 1313/1313/1313 1312/1312/1312
f 1314/1314/1314 1315/1315/1315 1316/1316/1316
f 1316/1316/1316 1317/1317/1317 1314/1314/1314
f 1318/1318/1318 1314/1314/1314 1317/1317/1317
f 1317/1317/1317 1319/1319/1319 1318/1318/1318
f 1320/1320/1320 1321/1321/1321 1322/1322/1322
f 1322/1322/1322 1323/1323/1323 1320/1320/1320
f 1324/1324/1324 1320/1320/1320 1323/1323/1323
f 1323/1323/1323 1325/1325/1325 1324/1324/1324
f 1326/1326/1326 1324/1324/1324 1325/1325/1325
f 1326/1326/1326 1325/1325/1325 1327/1327/1327
f 1328/1328/1328 1326/1326/1326 1327/1327/1327
f 1325/1325/1325 1329/1329/1329 1327/1327/1327
f 1327/1327/1327 1330/1330/1330 1328/1328/1328
f 1331/1331/1331 1327/1327/1327 1329/1329/1329
f 1329/1329/1329 1332/1332/1332 1331/1331/1331
f 1331/1331/1331 1332/1332/1332 1333/1333/1333
f 1333/1333/1333 1334/1334/1334 1331/1331/1331
f 1330/1330/1330 1327/1327/1327 1335/1335/1335
f 1327/1327/1327 1331/1331/1331 1335/1335/1335
f 1335/1335/1335 1331/1331/1331 1334/1334/1334
f 1330/1330/1330 1335/1335/1335 1336/1336/1336
f 1334/1334/1334 1337/1337/1337 1335/1335/1335
f 1338/1338/1338 1336/1336/1336 1335/1335/1335
f 1335/1335/1335 1337/1337/1337 1339/1339/1339
f 1339/1339/1339 1338/1338/1338 1335/1335/1335
f 1340/1340/1340 1341/1341/1341 1342/1342/1342
f 1340/1340/1340 1342/1342/1342 1343/1343/1343
f 1340/1340/1340 1343/1343/1343 1344/1344/1344
f 1343/1343/1343 1345/1345/1345 1344/1344/1344
f 1346/1346/1346 1347/1347/1347 1348/1348/1348
f 1348/1348/1348 1349/1349/1349 1346/1346/1346
f 1350/1350/1350 1346/1346/1346 1349/1349/1349
f 1349/1349/1349 1351/1351/1351 1350/1350/1350
f 1350/1350/1350 1351/1351/1351 1352/1352/1352
f 1352/1352/1352 1353/1353/1353 1350/1350/1350
f 1354/1354/1354 1355/1355/1355 1356/1356/1356
f 1356/1356/1356 1357/1357/1357 1354/1354/1354
f 1358/1358/1358 1354/1354/1354 1357/1357/1357
f 1357/1357/1357 1359/1359/1359 1358/1358/1358
f 1358/1358/1358 1359/1359/1359 1360/1360/1360
f 1360/1360/1360 1361/1361/1361 1358/1358/1358
f 1362/1362/1362 1361/1361/1361 1360/1360/1360
f 1360/1360/1360 1363/1363/1363 1362/1362/1362
f 1364/1364/1364 1362/1362/1362 1363/1363/1363
f 1363/1363/1363 1365/1365/1365 1364/1364/1364
f 1364/1364/1364 1365/1365/1365 1366/1366/1366
f 1366/1366/1366 1367/1367/1367 1364/1364/1364
f 1368/1368/1368 1369/1369/1369 1370/1370/1370
f 1370/1370/1370 1371/1371/1371 1368/1368/1368
f 1372/1372/1372 1368/1368/1368 1371/1371/1371
f 1371/1371/1371 1373/1373/1373 1372/1372/1372
f 1374/1374/1374 1372/1372/1372 1373/1373/1373
f 1373/1373/1373 1375/1375/1375 1374/1374/1374
f 1374/1374/1374 1375/1375/1375 1376/1376/1376
f 1375/1375/1375 1377/1377/1377 1376/1376/1376
f 1377/1377/1377 1378/1378/1378 1376/1376/1376
f 1379/1379/1379 1376/1376/1376 1378/1378/1378
f 1377/1377/1377 1380/1380/1380 1378/1378/1378
f 1381/1381/1381 1382/1382/1382 1383/1383/1383
f 1382/1382/1382 1384/1384/1384 1383/1383/1383
f 1384/1384/1384 1382/1382/1382 1385/1385/1385
f 1385/1385/1385 1386/1386/1386 1384/1384/1384
f 1386/1386/1386 1385/1385/1385 1387/1387/1387
f 1387/1387/1387 1388/1388/1388 1386/1386/1386
f 1387/1387/1387 1385/1385/1385 1389/1389/1389
f 1387/1387/1387 1390/1390/1390 1388/1388/1388
f 1389/1389/1389 1391/1391/1391 1387/1387/1387
f 1391/1391/1391 1389/1389/1389 1392/1392/1392
f 1390/1390/1390 1387/1387/1387 1393/1393/1393
f 1393/1393/1393 1387/1387/1387 1391/1391/1391
f 1393/1393/1393 1394/1394/1394 1390/1390/1390
f 1392/1392/1392 1395/1395/1395 1391/1391/1391
f 1395/1395/1395 1392/1392/1392 1396/1396/1396
f 1396/1396/1396 1397/1397/1397 1395/1395/1395
f 1398/1398/1398 1399/1399/1399 1394/1394/1394
f 1394/1394/1394 1393/1393/1393 1398/1398/1398
f 1400/1400/1400 1395/1395/1395 1397/1397/1397
f 1398/1398/1398 1393/1393/1393 1401/1401/1401
f 1391/1391/1391 1401/1401/1401 1393/1393/1393
f 1401/1401/1401 1391/1391/1391 1395/1395/1395
f 1395/1395/1395 1400/1400/1400 1401/1401/1401
f 1401/1401/1401 1402/1402/1402 1398/1398/1398
f 1402/1402/1402 1401/1401/1401 1400/1400/1400
f 1400/1400/1400 1403/1403/1403 1402/1402/1402
f 1397/1397/1397 1404/1404/1404 1400/1400/1400
f 1404/1404/1404 1403/1403/1403 1400/1400/1400
f 1404/1404/1404 1405/1405/1405 1406/1406/1406
f 1404/1404/1404 1406/1406/1406 1407/1407/1407
f 1408/1408/1408 1409/1409/1409 1410/1410/1410
f 1410/1410/1410 1411/1411/1411 1408/1408/1408
f 1412/1412/1412 1408/1408/1408 1411/1411/1411
f 1411/1411/1411 1413/1413/1413 1412/1412/1412
f 1414/1414/1414 1412/1412/1412 1413/1413/1413
f 1413/1413/1413 1415/1415/1415 1414/1414/1414
f 1416/1416/1416 1414/1414/1414 1415/1415/1415
f 1415/1415/1415 1417/1417/1417 1416/1416/1416
f 1418/1418/1418 1419/1419/1419 1420/1420/1420
f 1420/1420/1420 1421/1421/1421 1418/1418/1418
f 1422/1422/1422 1418/1418/1418 1421/1421/1421
f 1421/1421/1421 1423/1423/1423 1422/1422/1422
f 1424/1424/1424 1422/1422/1422 1423/1423/1423
f 1423/1423/1423 1425/1425/1425 1424/1424/1424
f 1426/1426/1426 1424/1424/1424 1425/1425/1425
f 1425/1425/1425 1427/1427/1427 1426/1426/1426
f 1428/1428/1428 1429/1429/1429 1430/1430/1430
f 1430/1430/1430 1431/1431/1431 1428/1428/1428
f 1432/1432/1432 1428/1428/1428 1431/1431/1431
f 1431/1431/1431 1433/1433/1433 1432/1432/1432
f 1434/1434/1434 1432/1432/1432 1433/1433/1433
f 1433/1433/1433 1435/1435/1435 1434/1434/1434
f 1436/1436/1436 1434/1434/1434 1435/1435/1435
f 1435/1435/1435 1437/1437/1437 1436/1436/1436
f 1438/1438/1438 1439/1439/1439 1440/1440/1440
f 1440/1440/1440 1441/1441/1441 1438/1438/1438
f 1442/1442/1442 1438/1438/1438 1441/1441/1441
f 1441/1441/1441 1443/1443/1443 1442/1442/1442
f 1444/1444/1444 1442/1442/1442 1443/1443/1443
f 1443/1443/1443 1445/1445/1445 1444/1444/1444
f 1446/1446/1446 1444/1444/1444 1445/1445/1445
f 1445/1445/1445 1447/1447/1447 1446/1446/1446
f 1448/1448/1448 1449/1449/1449 1450/1450/1450
f 1450/1450/1450 1451/1451/1451 1448/1448/1448
f 1452/1452/1452 1448/1448/1448 1451/1451/1451
f 1451/1451/1451 1453/1453/1453 1452/1452/1452
f 1454/1454/1454 1452/1452/1452 1453/1453/1453
f 1453/1453/1453 1455/1455/1455 1454/1454/1454
f 1456/1456/1456 1454/1454/1454 1455/1455/1455
f 1455/1455/1455 1457/1457/1457 1456/1456/1456
f 1458/1458/1458 1459/1459/1459 1460/1460/1460
f 1460/1460/1460 1461/1461/1461 1458/1458/1458
f 1462/1462/1462 1458/1458/1458 1461/1461/1461
f 1461/1461/1461 1463/1463/1463 1462/1462/1462
f 1464/1464/1464 1462/1462/1462 1463/1463/1463
f 1463/1463/1463 1465/1465/1465 1464/1464/1464
f 1466/1466/1466 1464/1464/1464 1465/1465/1465
f 1465/1465/1465 1467/1467/1467 1466/1466/1466
f 1468/1468/1468 1469/1469/1469 1470/1470/1470
f 1470/1470/1470 1471/1471/1471 1468/1468/1468
f 1472/1472/1472 1468/1468/1468 1471/1471/1471
f 1471/1471/1471 1473/1473/1473 1472/1472/1472
f 1474/1474/1474 1472/1472/1472 1473/1473/1473
f 1473/1473/1473 1475/1475/1475 1474/1474/1474
f 1476/1476/1476 1474/1474/1474 1475/1475/1475
f 1475/1475/1475 1477/1477/1477 1476/1476/1476
f 1478/1478/1478 1479/1479/1479 1480/1480/1480
f 1481/1481/1481 1478/1478/1478 1480/1480/1480
f 1481/1481/1481 1482/1482/1482 1478/1478/1478
f 1482/1482/1482 1483/1483/1483 1478/1478/1478
f 1481/1481/1481 1484/1484/1484 1482/1482/1482
f 1485/1485/1485 1486/1486/1486 1487/1487/1487
f 1487/1487/1487 1488/1488/1488 1485/1485/1485
f 1485/1485/1485 1488/1488/1488 1489/1489/1489
f 1489/1489/1489 1490/1490/1490 1485/1485/1485
f 1491/1491/1491 1492/1492/1492 1493/1493/1493
f 1493/1493/1493 1494/1494/1494 1491/1491/1491
f 1491/1491/1491 1494/1494/1494 1495/1495/1495
f 1495/1495/1495 1496/1496/1496 1491/1491/1491
f 1497/1497/1497 1498/1498/1498 1499/1499/1499
f 1498/1498/1498 1500/1500/1500 1499/1499/1499
f 1501/1501/1501 1502/1502/1502 1499/1499/1499
f 1500/1500/1500 1501/1501/1501 1499/1499/1499
f 1500/1500/1500 1503/1503/1503 1501/1501/1501
f 1503/1503/1503 1504/1504/1504 1501/1501/1501
f 1500/1500/1500 1505/1505/1505 1503/1503/1503
f 1506/1506/1506 1507/1507/1507 1508/1508/1508
f 1509/1509/1509 1506/1506/1506 1508/1508/1508
f 1509/1509/1509 1508/1508/1508 1510/1510/1510
f 1509/1509/1509 1510/1510/1510 1511/1511/1511
f 1508/1508/1508 1512/1512/1512 1510/1510/1510
f 1513/1513/1513 1514/1514/1514 1515/1515/1515
f 1516/1516/1516 1513/1513/1513 1515/1515/1515
f 1517/1517/1517 1516/1516/1516 1515/1515/1515
f 1517/1517/1517 1515/1515/1515 1518/1518/1518
f 1519/1519/1519 1517/1517/1517 1518/1518/1518
f 1519/1519/1519 1520/1520/1520 1517/1517/1517
f 1521/1521/1521 1517/1517/1517 1520/1520/1520
f 1521/1521/1521 1522/1522/1522 1517/1517/1517
f 1523/1523/1523 1516/1516/1516 1517/1517/1517
f 1522/1522/1522 1523/1523/1523 1517/1517/1517
f 1523/1523/1523 1524/1524/1524 1516/1516/1516
f 1524/1524/1524 1523/1523/1523 1522/1522/1522
f 1525/1525/1525 1516/1516/1516 1524/1524/1524
f 1522/1522/1522 1526/1526/1526 1524/1524/1524
f 1527/1527/1527 1525/1525/1525 1524/1524/1524
f 1528/1528/1528 1524/1524/1524 1526/1526/1526
f 1528/1528/1528 1527/1527/1527 1524/1524/1524
f 1529/1529/1529 1530/1530/1530 1531/1531/1531
f 1530/1530/1530 1532/1532/1532 1531/1531/1531
f 1530/1530/1530 1533/1533/1533 1532/1532/1532
f 1533/1533/1533 1530/1530/1530 1534/1534/1534
f 1535/1535/1535 1533/1533/1533 1534/1534/1534
f 1535/1535/1535 1536/1536/1536 1533/1533/1533
f 1535/1535/1535 1534/1534/1534 1537/1537/1537
f 1535/1535/1535 1537/1537/1537 1538/1538/1538
f 1538/1538/1538 1537/1537/1537 1539/1539/1539
f 1539/1539/1539 1540/1540/1540 1538/1538/1538
f 1540/1540/1540 1539/1539/1539 1541/1541/1541
f 1541/1541/1541 1542/1542/1542 1540/1540/1540
f 1543/1543/1543 1542/1542/1542 1541/1541/1541
f 1541/1541/1541 1544/1544/1544 1543/1543/1543
f 1545/1545/1545 1546/1546/1546 1547/1547/1547
f 1547/1547/1547 1548/1548/1548 1545/1545/1545
f 1545/1545/1545 1548/1548/1548 1549/1549/1549
f 1549/1549/1549 1550/1550/1550 1545/1545/1545
f 1551/1551/1551 1552/1552/1552 1553/1553/1553
f 1554/1554/1554 1551/1551/1551 1553/1553/1553
f 1551/1551/1551 1554/1554/1554 1555/1555/1555
f 1556/1556/1556 1551/1551/1551 1555/1555/1555
f 1556/1556/1556 1555/1555/1555 1557/1557/1557
f 1557/1557/1557 1555/1555/1555 1558/1558/1558
f 1557/1557/1557 1558/1558/1558 1559/1559/1559
f 1555/1555/1555 1560/1560/1560 1558/1558/1558
f 1561/1561/1561 1562/1562/1562 1563/1563/1563
f 1562/1562/1562 1564/1564/1564 1563/1563/1563
f 1564/1564/1564 1565/1565/1565 1566/1566/1566
f 1564/1564/1564 1567/1567/1567 1563/1563/1563
f 1566/1566/1566 1567/1567/1567 1564/1564/1564
f 1568/1568/1568 1563/1563/1563 1567/1567/1567
f 1567/1567/1567 1566/1566/1566 1569/1569/1569
f 1567/1567/1567 1570/1570/1570 1568/1568/1568
f 1569/1569/1569 1570/1570/1570 1567/1567/1567
f 1570/1570/1570 1571/1571/1571 1568/1568/1568
f 1570/1570/1570 1569/1569/1569 1571/1571/1571
f 1572/1572/1572 1573/1573/1573 1574/1574/1574
f 1574/1574/1574 1575/1575/1575 1572/1572/1572
f 1572/1572/1572 1575/1575/1575 1576/1576/1576
f 1576/1576/1576 1577/1577/1577 1572/1572/1572
f 1578/1578/1578 1577/1577/1577 1576/1576/1576
f 1576/1576/1576 1579/1579/1579 1578/1578/1578
f 1578/1578/1578 1579/1579/1579 1580/1580/1580
f 1580/1580/1580 1581/1581/1581 1578/1578/1578
f 1582/1582/1582 1583/1583/1583 1584/1584/1584
f 1582/1582/1582 1584/1584/1584 1585/1585/1585
f 1582/1582/1582 1585/1585/1585 1586/1586/1586
f 1584/1584/1584 1587/1587/1587 1585/1585/1585
f 1586/1586/1586 1585/1585/1585 1588/1588/1588
f 1588/1588/1588 1589/1589/1589 1586/1586/1586
f 1587/1587/1587 1590/1590/1590 1585/1585/1585
f 1589/1589/1589 1588/1588/1588 1591/1591/1591
f 1591/1591/1591 1592/1592/1592 1589/1589/1589
f 1593/1593/1593 1588/1588/1588 1585/1585/1585
f 1585/1585/1585 1590/1590/1590 1593/1593/1593
f 1594/1594/1594 1591/1591/1591 1588/1588/1588
f 1588/1588/1588 1593/1593/1593 1594/1594/1594
f 1593/1593/1593 1590/1590/1590 1595/1595/1595
f 1594/1594/1594 1593/1593/1593 1595/1595/1595
f 1595/1595/1595 1596/1596/1596 1594/1594/1594
f 1592/1592/1592 1591/1591/1591 1597/1597/1597
f 1597/1597/1597 1591/1591/1591 1594/1594/1594
f 1597/1597/1597 1598/1598/1598 1592/1592/1592
f 1599/1599/1599 1598/1598/1598 1597/1597/1597
f 1597/1597/1597 1600/1600/1600 1599/1599/1599
f 1600/1600/1600 1597/1597/1597 1601/1601/1601
f 1594/1594/1594 1601/1601/1601 1597/1597/1597
f 1601/1601/1601 1602/1602/1602 1600/1600/1600
f 1602/1602/1602 1601/1601/1601 1603/1603/1603
f 1603/1603/1603 1601/1601/1601 1594/1594/1594
f 1603/1603/1603 1604/1604/1604 1602/1602/1602
f 1605/1605/1605 1604/1604/1604 1603/1603/1603
f 1606/1606/1606 1594/1594/1594 1596/1596/1596
f 1594/1594/1594 1606/1606/1606 1603/1603/1603
f 1596/1596/1596 1607/1607/1607 1606/1606/1606
f 1607/1607/1607 1608/1608/1608 1606/1606/1606
f 1603/1603/1603 1609/1609/1609 1605/1605/1605
f 1609/1609/1609 1603/1603/1603 1606/1606/1606
f 1606/1606/1606 1608/1608/1608 1609/1609/1609
f 1610/1610/1610 1605/1605/1605 1609/1609/1609
f 1609/1609/1609 1611/1611/1611 1610/1610/1610
f 1612/1612/1612 1611/1611/1611 1609/1609/1609
f 1612/1612/1612 1609/1609/1609 1608/1608/1608
f 1608/1608/1608 1613/1613/1613 1612/1612/1612
f 1613/1613/1613 1608/1608/1608 1614/1614/1614
f 1614/1614/1614 1615/1615/1615 1613/1613/1613
f 1614/1614/1614 1616/1616/1616 1617/1617/1617
f 1618/1618/1618 1614/1614/1614 1617/1617/1617
f 1615/1615/1615 1614/1614/1614 1618/1618/1618
f 1618/1618/1618 1619/1619/1619 1615/1615/1615
f 1620/1620/1620 1619/1619/1619 1618/1618/1618
f 1618/1618/1618 1621/1621/1621 1620/1620/1620
f 1622/1622/1622 1623/1623/1623 1618/1618/1618
f 1618/1618/1618 1623/1623/1623 1624/1624/1624
f 1625/1625/1625 1621/1621/1621 1618/1618/1618
f 1587/1587/1587 1621/1621/1621 1625/1625/1625
f 1624/1624/1624 1626/1626/1626 1618/1618/1618
f 1618/1618/1618 1626/1626/1626 1625/1625/1625
f 1587/1587/1587 1625/1625/1625 1626/1626/1626
f 1624/1624/1624 1590/1590/1590 1626/1626/1626
f 1587/1587/1587 1626/1626/1626 1590/1590/1590
f 1627/1627/1627 1628/1628/1628 1629/1629/1629
f 1629/1629/1629 1630/1630/1630 1627/1627/1627
f 1631/1631/1631 1627/1627/1627 1630/1630/1630
f 1630/1630/1630 1629/1629/1629 1632/1632/1632
f 1632/1632/1632 1633/1633/1633 1634/1634/1634
f 1634/1634/1634 1630/1630/1630 1632/1632/1632
f 1630/1630/1630 1634/1634/1634 1635/1635/1635
f 1630/1630/1630 1636/1636/1636 1631/1631/1631
f 1635/1635/1635 1636/1636/1636 1630/1630/1630
f 1637/1637/1637 1631/1631/1631 1636/1636/1636
f 1636/1636/1636 1635/1635/1635 1638/1638/1638
f 1636/1636/1636 1639/1639/1639 1637/1637/1637
f 1638/1638/1638 1639/1639/1639 1636/1636/1636
f 1640/1640/1640 1641/1641/1641 1642/1642/1642
f 1643/1643/1643 1642/1642/1642 1644/1644/1644
f 1642/1642/1642 1643/1643/1643 1640/1640/1640
f 1640/1640/1640 1643/1643/1643 1645/1645/1645
f 1645/1645/1645 1646/1646/1646 1640/1640/1640
f 1645/1645/1645 1643/1643/1643 1647/1647/1647
f 1648/1648/1648 1649/1649/1649 1650/1650/1650
f 1651/1651/1651 1649/1649/1649 1648/1648/1648
f 1648/1648/1648 1652/1652/1652 1651/1651/1651
f 1653/1653/1653 1652/1652/1652 1648/1648/1648
f 1648/1648/1648 1654/1654/1654 1653/1653/1653
f 1655/1655/1655 1654/1654/1654 1648/1648/1648
f 1648/1648/1648 1656/1656/1656 1655/1655/1655
f 1657/1657/1657 1656/1656/1656 1648/1648/1648
f 1658/1658/1658 1659/1659/1659 1660/1660/1660
f 1659/1659/1659 1661/1661/1661 1660/1660/1660
f 1659/1659/1659 1658/1658/1658 1662/1662/1662
f 1661/1661/1661 1659/1659/1659 1662/1662/1662
