v -1.580213 -1.276497 7.816289825855995E-17
v -1.580481 1.273464 0.9383349999999999
v -1.580213 -1.276497 0.9383350000000001
v -1.458689 -0.7024059999999999 2.041749
v -1.458808 -0.0015169999999998026 3.221955
v -1.458689 -0.7024059999999999 2.117702
v -1.458808 -0.001516999999999797 3.313823
v -0.845508 -0.9650529999999999 1.967695
v -0.345743 -0.9650529999999999 1.967695
v -0.345743 -0.6564069999999999 2.06969
v -0.336564 -0.6564069999999999 2.478151
v -0.595624 -0.1383809999999998 3.036003
v -0.845508 -0.6564069999999999 2.06969
v -0.854423 -0.6564069999999999 2.478151
v -0.845508 -0.9650529999999999 2.478693
v -0.595624 -0.9650529999999998 3.038548
v -0.345743 -0.9650529999999999 2.478693
v -0.845508 -0.6564069999999999 2.478151
v -0.345743 -0.6564069999999999 2.478151
v -0.32687 -0.9649199999999999 1.936079
v -0.864383 -0.9649199999999999 1.936079
v -0.32687 -0.9649199999999999 2.485675
v -0.864383 -0.9649199999999999 2.485675
v -0.864383 -1.0304839999999997 2.485675
v -0.617078 -1.4958099999999999 2.854976
v -0.575327 -1.4956409999999998 2.854976
v -0.614004 -1.1395829999999998 2.847786
v -0.614004 -1.2145249999999999 2.848656
v -0.614004 -1.0203629999999997 2.656196
v -0.614004 -1.0212029999999999 2.718915
v -0.577924 -1.1395829999999998 2.847786
v -0.577922 -1.0212029999999999 2.718915
v -0.577922 -1.2145259999999998 2.848656
v -0.577924 -1.0203629999999997 2.656196
v -0.617078 -1.0204319999999998 2.854976
v -0.575327 -1.0203629999999997 2.854976
v 1.504239 -0.6564069999999999 2.06969
v -1.458808 -0.6564069999999999 2.06969
v -1.142705 -0.25761799999999985 2.901119
v -1.04251 -0.4424489999999998 3.097999
v -1.142705 -0.4424489999999998 2.900504
v -0.942315 -0.25761799999999985 2.901119
v -0.942315 -0.4417519999999998 2.711522
v -0.942315 -0.4424489999999998 2.900504
v -1.142705 -0.4417519999999998 2.711522
v -1.458808 -1.214109 0.9383350000000001
v -0.853183 -1.3114709999999998 2.113857
v -0.917049 -1.3114709999999998 2.113857
v -0.917049 -1.2310739999999998 2.113883
v -0.853183 -1.2310739999999998 2.113883
v -0.839682 -1.328349 0.9383350000000001
v -0.930549 -1.328348 0.9383350000000001
v -0.839682 -1.3283479999999999 1.945805
v -0.839682 -1.276041 0.9383350000000001
v -0.839682 -0.6564369999999999 2.13347
v -0.839682 -0.6559499999999999 2.06969
v -0.930549 -0.6564369999999999 2.13347
v -0.930549 -1.276041 0.9383350000000001
v -0.930549 -0.6559499999999999 2.06969
v -1.458808 -0.6564069999999999 2.06969
v -1.458808 -0.6564069999999999 2.47815
v -0.845508 -0.6564069999999999 2.06969
v -0.845508 -0.6564069999999999 2.478151
v -1.458773 -1.276497 0.9383350000000001
v 1.504258 -1.276497 0.9383350000000001
v -1.458773 -1.2764969999999998 1.889578
v 1.504258 -1.2764969999999998 1.889578
v -1.042509 -0.08096099999999981 3.09873
v -1.163311 -0.25761799999999985 2.872568
v -0.921709 -0.25761799999999985 2.872568
v -1.04251 -0.47274799999999984 3.098614
v -1.163311 -0.47274799999999984 2.871954
v -0.921709 -0.47274799999999984 2.871954
v 1.504266 -1.2140059999999997 1.889579
v -1.458772 -1.2140059999999997 1.889578
v -1.58037 -0.20423499999999983 2.553409
v -1.580392 -0.4022359999999998 2.403179
v -1.694391 -0.4022359999999998 2.403179
v -1.647953 -0.20423499999999983 2.553409
v -1.864882 -0.3040729999999998 2.403179
v -1.745515 -0.16041699999999984 2.553409
v -1.864882 0.27430600000000016 2.403179
v -1.745515 0.13062800000000016 2.553409
v -1.694392 0.37241700000000016 2.403179
v -1.647954 0.18677200000000016 2.553409
v -1.580392 0.37241700000000016 2.403179
v -1.58037 0.18677200000000016 2.553409
v -1.580356 -0.0013489999999998195 2.945728
v -1.580196 -0.22976899999999995 0.939346
v -1.580193 -0.028427999999999964 0.541269
v -1.792413 -0.16137099999999993 0.939346
v -1.792413 0.21333700000000005 0.939346
v -1.580196 0.28170100000000003 0.939346
v -1.580193 0.05043200000000003 0.541269
v -0.854423 -0.9650529999999999 2.478693
v -0.336564 -0.9650529999999999 2.478693
v 1.504239 -0.6564069999999999 2.06969
v 1.504239 -0.6564069999999999 2.47815
v 0.890939 -0.6564069999999999 2.47815
v 0.890939 -0.6564069999999999 2.06969
v -0.345743 -0.6564069999999999 2.06969
v -0.345743 -0.6564069999999999 2.478151
v 0.391173 -0.6564069999999999 2.47815
v 1.000324 -0.654449 4.0073443652759304E-17
v 1.000324 -0.654449 0.8021
v -0.954042 -0.654449 0.8021
v -0.954042 -0.654449 4.0073443652759304E-17
v -0.95491 0.651414 -3.98876035009887E-17
v -0.95491 0.651414 0.8021
v -0.839682 -1.2178919999999998 1.888627
v -0.930549 -1.2178919999999998 1.888627
v -1.458801 -1.2150029999999998 1.889016
v -1.458755 -0.5993349999999998 2.06969
v -1.458758 -0.5993349999999998 2.626471
v -1.458808 -1.3288059999999997 1.945805
v -1.458794 -1.2144499999999998 1.945832
v -1.476933 -1.3119319999999999 2.113857
v -1.45876 -0.5993349999999998 2.550826
v -1.45869 0.7089890000000001 2.117702
v -1.580213 0.7089890000000001 2.117701
v -1.580213 0.7089890000000001 2.626015
v -1.458755 0.7089890000000001 2.626016
v -1.476891 0.6958810000000002 2.794063
v -1.579384 0.6958810000000002 2.794062
v -1.579384 0.6234390000000002 2.794517
v -1.476894 0.6234390000000002 2.794518
v -1.458755 0.6059190000000001 2.06969
v -1.45869 0.7089890000000001 2.041749
v -1.458759 0.6059190000000001 2.626471
v -1.580214 0.6059190000000001 2.62647
v -1.458759 0.6059190000000001 2.626471
v -1.476895 0.6234390000000002 2.794518
v -1.579385 0.6234390000000002 2.794517
v 0.391173 -0.6564079999999999 2.06969
v 0.391173 -0.6564079999999999 2.47815
v -1.458689 -0.7024059999999999 2.041749
v 0.391173 -0.6564069999999999 2.47815
v -1.458773 -1.2764969999999998 1.889578
v 1.504258 -1.2764969999999998 1.889578
v -1.580213 -1.3288059999999997 1.945804
v -1.580213 -0.7024059999999999 2.117702
v -1.580213 -0.7024059999999999 2.626015
v -1.580213 -0.001516999999999797 3.313821
v -1.580213 -1.328806 0.9383350000000001
v -1.458808 -1.328806 0.9383350000000001
v -1.458689 -0.7024059999999999 2.117702
v -1.458808 -0.001516999999999797 3.313823
v -1.580213 -1.2144499999999998 1.945832
v -1.579384 -1.2315569999999998 2.113883
v -1.579384 -0.6168549999999998 2.794517
v -1.458755 -0.7024059999999999 2.626016
v -1.458794 -1.2144499999999998 1.945832
v -1.476922 -1.2315569999999998 2.113883
v -1.580213 -0.7024059999999999 2.117702
v -1.458689 -0.7024059999999999 2.117702
v -1.579384 -0.6892969999999998 2.794062
v -1.47689 -0.6892969999999998 2.794063
v -1.458755 0.7089890000000001 2.626016
v -1.476891 0.6958810000000002 2.794063
v -1.579384 0.6958810000000002 2.794062
v -1.580213 -1.2144499999999998 1.945832
v -1.580213 -0.5993349999999998 2.62647
v -1.476894 -0.6168549999999998 2.794518
v -1.458758 -0.5993349999999998 2.626471
v -1.458794 -1.2144499999999998 1.945832
v -1.476891 0.6958810000000002 2.794063
v -1.476894 0.6234390000000002 2.794518
v -0.864383 -1.0304829999999998 1.936078
v -0.32687 -1.0304829999999998 1.936078
v -0.595626 -0.9649199999999998 3.08782
v -0.595626 -1.0304839999999997 3.087819
v -1.042509 -0.08096099999999981 3.09873
v -1.04251 -0.47274799999999984 3.098614
v -1.142705 -0.4424489999999998 2.900504
v -0.942315 -0.4417519999999998 2.711522
v -0.942315 -0.4424489999999998 2.900504
v -1.142705 -0.4417519999999998 2.711522
v -0.954042 -0.654449 0.8021
v -0.954042 -0.654449 4.0073443652759304E-17
v -1.580213 -1.276497 0.9383350000000001
v -0.930549 -1.3283479999999999 1.945804
v -0.839682 -1.2139609999999998 1.945832
v -0.930549 -1.2139599999999997 1.945831
v -1.580213 0.7089900000000001 2.117702
v -1.580213 0.7089900000000001 2.626015
v -1.580213 0.6059190000000001 2.62647
v -1.580213 1.33539 0.9383349999999999
v -1.580213 1.3353900000000003 1.945804
v -1.580213 1.2210030000000003 1.945832
v -1.579384 -1.3119319999999999 2.113857
v -1.579384 1.3185120000000001 2.113857
v -1.579384 1.2381150000000003 2.113883
v -1.579384 0.6958820000000002 2.794062
v -1.579384 0.6234390000000002 2.794517
v -0.029951 -0.26902499999999985 2.901118
v -0.029951 -0.44175299999999984 2.711522
v -0.029951 -0.44244999999999984 2.900504
v -0.230341 -0.44244999999999984 2.900504
v -0.230342 -0.44175299999999984 2.711522
v -0.230341 -0.26902499999999985 2.901118
v -0.130147 -0.4727489999999998 3.075504
v -0.250947 -0.4727489999999998 2.871954
v -0.250947 -0.26902499999999985 2.872568
v -0.130146 -0.0870609999999998 3.098729
v -0.130147 -0.4727489999999998 3.075504
v -0.130146 -0.0870609999999998 3.098729
v -0.009346 -0.26902499999999985 2.872568
v -0.009346 -0.4727489999999998 2.871954
v -0.029951 -0.44244999999999984 2.900504
v -0.029951 -0.44175299999999984 2.711522
v -0.230342 -0.44175299999999984 2.711522
v -0.230341 -0.44244999999999984 2.900504
v -0.130146 -0.44244999999999984 3.074889
v 0.984793 -0.27912499999999985 2.901118
v 0.984793 -0.4417519999999998 2.711522
v 0.984793 -0.4424489999999998 2.900504
v 1.185183 -0.4424489999999998 2.900504
v 1.185184 -0.4417519999999998 2.711522
v 1.185183 -0.27912499999999985 2.901118
v 1.084988 -0.4727469999999998 3.098614
v 1.205789 -0.47274799999999984 2.871954
v 1.205789 -0.27912499999999985 2.872568
v 1.084987 -0.10246799999999981 3.098729
v 1.084988 -0.4727469999999998 3.098614
v 1.084987 -0.10246799999999981 3.098729
v 0.964187 -0.27912499999999985 2.872568
v 0.964187 -0.47274799999999984 2.871954
v 0.984793 -0.4424489999999998 2.900504
v 0.984793 -0.4417519999999998 2.711522
v 1.185184 -0.4417519999999998 2.711522
v 1.185183 -0.4424489999999998 2.900504
v 1.084988 -0.4424489999999998 3.097998
v 0.072429 -0.2791259999999998 2.901118
v 0.072429 -0.44175299999999984 2.711521
v 0.072429 -0.44244999999999984 2.900504
v 0.272819 -0.44244999999999984 2.900504
v 0.27282 -0.44175299999999984 2.711521
v 0.272819 -0.2791259999999998 2.901118
v 0.172625 -0.4727489999999998 3.098614
v 0.293425 -0.4727489999999998 2.871953
v 0.293425 -0.2791259999999998 2.872568
v 0.172624 -0.10246899999999981 3.098729
v 0.172625 -0.4727489999999998 3.098614
v 0.172624 -0.10246899999999981 3.098729
v 0.051823 -0.2791259999999998 2.872568
v 0.051823 -0.4727489999999998 2.871953
v 0.072429 -0.44244999999999984 2.900504
v 0.072429 -0.44175299999999984 2.711521
v 0.27282 -0.44175299999999984 2.711521
v 0.272819 -0.44244999999999984 2.900504
v 0.172624 -0.44244999999999984 3.097998
v -0.32687 -1.0304829999999998 2.485675
v 0.890922 -0.6564069999999999 2.06969
v 0.890922 -0.6564069999999999 2.478151
v 0.890922 -0.9650529999999999 2.478693
v 0.890922 -0.9650529999999999 1.967695
v 0.391157 -0.9650529999999999 1.967695
v 0.391157 -0.9650529999999999 2.478693
v 0.391157 -0.6564069999999999 2.478151
v 0.391157 -0.6564069999999999 2.06969
v 0.899836 -0.6564069999999999 2.478151
v 0.641036 -0.1616329999999998 3.036003
v 0.641037 -0.9650529999999998 3.038548
v 0.899836 -0.9650529999999999 2.478693
v 0.381976 -0.6564069999999999 2.478151
v 0.381976 -0.9650529999999999 2.478693
v 0.372282 -1.0304829999999998 2.485675
v 0.372282 -0.9649199999999999 2.485675
v 0.372282 -0.9649199999999999 1.936079
v 0.372282 -1.0304829999999998 1.936078
v 0.641038 -1.0304839999999997 3.087819
v 0.641039 -0.9649199999999998 3.08782
v 0.909797 -1.0304839999999997 2.485675
v 0.909797 -0.9649199999999999 2.485675
v 0.909797 -1.0304829999999998 1.936078
v 0.909797 -0.9649199999999999 1.936079
v 0.662492 -1.4958099999999999 2.854976
v 0.62074 -1.4956409999999998 2.854976
v 0.662492 -1.0204319999999998 2.854976
v 0.62074 -1.0203629999999997 2.854976
v 0.659418 -1.1395829999999998 2.847786
v 0.659418 -1.2145249999999999 2.848655
v 0.659418 -1.0203629999999997 2.656196
v 0.659418 -1.0212029999999999 2.718915
v 0.623338 -1.1395829999999998 2.847786
v 0.623336 -1.0212029999999999 2.718915
v 0.623336 -1.2145259999999998 2.848655
v 0.623338 -1.0203629999999997 2.656196
v 0.898597 -1.2310739999999998 2.113883
v 0.898597 -1.3114709999999998 2.113857
v 0.962462 -1.3114709999999998 2.113857
v 0.962462 -1.2310739999999998 2.113883
v 0.885096 -1.3283479999999999 1.945805
v 0.885096 -1.328349 0.9383350000000001
v 0.975963 -1.328348 0.9383350000000001
v 0.975963 -1.3283479999999999 1.945804
v 0.885096 -1.276041 0.9383350000000001
v 0.885096 -1.2139609999999998 1.945832
v 0.975963 -1.2139599999999997 1.945831
v 0.975963 -0.6564369999999999 2.13347
v 0.885096 -0.6564369999999999 2.13347
v 0.975963 -0.6559499999999999 2.06969
v 0.975963 -1.2178919999999998 1.888627
v 0.885096 -0.6559499999999999 2.06969
v 0.885096 -1.2178919999999998 1.888627
v 0.975963 -1.276041 0.9383350000000001
v 0.354123 -1.2310739999999998 2.113883
v 0.354123 -1.3114709999999998 2.113856
v 0.290257 -1.3114709999999998 2.113856
v 0.290257 -1.2310739999999998 2.113883
v 0.367624 -1.3283489999999998 1.945804
v 0.367624 -1.328349 0.9383350000000001
v 0.276757 -1.328349 0.9383350000000001
v 0.276757 -1.3283489999999998 1.945804
v 0.367624 -1.276042 0.9383350000000001
v 0.367624 -1.2139619999999998 1.945831
v 0.276757 -1.2139599999999997 1.945831
v 0.276757 -0.6564369999999999 2.13347
v 0.367624 -0.6564369999999999 2.13347
v 0.276757 -0.6559499999999999 2.06969
v 0.276757 -1.2178919999999998 1.888627
v 0.367624 -0.6559499999999999 2.06969
v 0.367624 -1.2178919999999998 1.888627
v 0.276757 -1.276042 0.9383350000000001
v -0.313074 -1.2310759999999998 2.113884
v -0.249209 -1.2310759999999998 2.113884
v -0.249209 -1.3114729999999999 2.113857
v -0.313074 -1.3114729999999999 2.113857
v -0.326576 -1.3283499999999997 1.945805
v -0.235708 -1.3283499999999997 1.945805
v -0.235708 -1.32835 0.9383360000000001
v -0.326576 -1.328351 0.9383360000000001
v -0.326576 -1.276043 0.9383360000000001
v -0.326576 -1.2139629999999997 1.945833
v -0.326576 -0.6564379999999999 2.133471
v -0.235708 -0.6564379999999999 2.133471
v -0.235708 -1.2139619999999998 1.945832
v -0.235708 -0.6559509999999998 2.069691
v -0.235708 -1.2178929999999997 1.888628
v -0.326576 -0.6559509999999998 2.069691
v -0.326576 -1.2178929999999997 1.888628
v -0.235708 -1.276043 0.9383360000000001
v -0.595624 -0.9650529999999998 3.038548
v 0.641037 -0.9650529999999998 3.038548
v -1.828445 0.23921600000000015 2.403178
v -1.828445 0.23921600000000007 0.939346
v -1.828445 -0.26898999999999995 0.939346
v -1.828445 -0.26898999999999984 2.403178
v -1.580382 -0.35689999999999983 2.403178
v -1.680737 0.32513000000000003 0.939346
v -1.682521 -0.35208899999999993 0.939346
v -1.580382 0.32707800000000015 2.403178
v -1.580382 -0.35689899999999997 0.939346
v -1.580382 0.32707800000000004 0.939346
v 0.391174 -0.6564089999999999 2.478149
v 0.391174 -0.6564089999999999 2.478149
v -1.680737 0.32513000000000014 2.403178
v -1.682521 -0.3520889999999998 2.403178
v -1.476922 1.2381370000000003 2.113883
v -1.476933 1.3185120000000001 2.113857
v -1.579384 1.3185120000000001 2.113857
v -1.579384 1.2381370000000003 2.113883
v -1.458808 1.3353860000000002 1.945805
v -1.458808 1.335386 0.9383349999999999
v -1.580213 1.335386 0.9383349999999999
v -1.580213 1.3353860000000002 1.945804
v -1.458808 1.22069 0.9383349999999999
v -1.458794 1.2210300000000003 1.945832
v -1.458794 1.2210300000000003 1.945832
v -1.580213 1.2210300000000003 1.945832
v -1.580213 0.7089860000000001 2.117702
v -1.458689 0.7089860000000001 2.117702
v -1.458758 0.6059150000000001 2.626471
v -1.580213 0.6059150000000001 2.62647
v -1.580213 -0.001516999999999797 3.313821
v -1.458808 -0.001516999999999797 3.313823
v -1.580213 1.2210300000000003 1.945832
v -1.458801 1.2224670000000002 1.879293
v -1.458794 1.2210300000000003 1.945832
v -1.458689 0.7089860000000001 2.117702
v -1.458689 0.7089860000000001 2.041749
v -1.458758 0.6059150000000001 2.626471
v -1.458808 -0.001516999999999797 3.313823
v -1.458808 -0.0015169999999998026 3.221955
v -1.45876 0.6059150000000001 2.550826
v 1.62576 -1.276498 7.81629594908999E-17
v 1.625626 1.273463 0.9383349999999999
v 1.504102 0.6993710000000001 2.040835
v 1.504221 -0.0015169999999998026 3.221955
v 1.504102 0.6993710000000001 2.117702
v 1.504221 -0.001516999999999797 3.313823
v 0.890922 0.9620180000000002 1.967695
v 0.391157 0.9620180000000002 1.967695
v 0.391157 0.6533720000000001 2.06969
v 0.381976 0.6533720000000001 2.478151
v 0.641036 0.15859800000000018 3.036003
v 0.890922 0.6533720000000001 2.06969
v 0.899836 0.6533720000000001 2.478151
v 0.890922 0.9620180000000002 2.478693
v 0.641037 0.9620180000000003 3.038548
v 0.391157 0.9620180000000002 2.478693
v 0.890922 0.6533720000000001 2.478151
v 0.391157 0.6533720000000001 2.478151
v 0.372282 0.9618850000000001 1.936079
v 0.909797 0.9618850000000001 1.936079
v 0.372282 0.9618850000000001 2.485675
v 0.909797 0.9618850000000001 2.485675
v 0.909797 1.0274490000000003 2.485675
v 0.662492 1.4927760000000003 2.854976
v 0.62074 1.4926060000000003 2.854976
v 0.659418 1.1602080000000001 2.843839
v 0.659418 1.2351500000000002 2.844709
v 0.659418 1.0173290000000001 2.656196
v 0.659418 1.0181680000000002 2.718915
v 0.623338 1.1602080000000001 2.843839
v 0.623336 1.0181680000000002 2.718915
v 0.623336 1.2351510000000003 2.844709
v 0.623338 1.0173290000000001 2.656196
v 0.662492 1.0173970000000003 2.854976
v 0.62074 1.0173290000000001 2.854976
v -1.458826 0.6533730000000001 2.06969
v 1.504222 0.6533720000000001 2.06969
v 1.188118 0.27609000000000017 2.901119
v 1.087923 0.4394140000000002 3.097999
v 1.188118 0.4394140000000002 2.900504
v 0.987728 0.27609000000000017 2.901119
v 0.987728 0.4387170000000002 2.711522
v 0.987728 0.4394140000000002 2.900504
v 1.188118 0.4387170000000002 2.711522
v 1.504222 1.211075 0.9383349999999999
v 0.898597 1.3084360000000002 2.113857
v 0.962462 1.3084360000000002 2.113857
v 0.962462 1.2280390000000003 2.113883
v 0.898597 1.2280390000000003 2.113883
v 0.885096 1.325313 0.9383349999999999
v 0.975963 1.325313 0.9383349999999999
v 0.885096 1.3253130000000002 1.945805
v 0.885096 1.273006 0.9383349999999999
v 0.885096 0.6534010000000001 2.13347
v 0.885096 0.6529150000000001 2.06969
v 0.975963 0.6534010000000001 2.13347
v 0.975963 1.273006 0.9383349999999999
v 0.975963 0.6529150000000001 2.06969
v 1.504222 0.6533720000000001 2.06969
v 1.504222 0.6533720000000001 2.47815
v 0.890922 0.6533720000000001 2.06969
v 0.890922 0.6533720000000001 2.478151
v 1.504187 1.273463 0.9383349999999999
v -1.458844 1.273463 0.9383349999999999
v 1.504187 1.2734630000000002 1.889578
v -1.458844 1.2734630000000002 1.889578
v 1.087922 0.09943300000000019 3.09873
v 1.208724 0.27609000000000017 2.872568
v 0.967121 0.27609000000000017 2.872568
v 1.087923 0.4697140000000002 3.098614
v 1.208724 0.4697140000000002 2.871954
v 0.967121 0.4697140000000002 2.871954
v -1.458853 1.2109720000000002 1.889579
v 1.504185 1.2109710000000002 1.889578
v 1.625783 0.20120000000000016 2.553409
v 1.625805 0.39920000000000017 2.403179
v 1.739805 0.39920000000000017 2.403179
v 1.693366 0.20120000000000016 2.553409
v 1.910295 0.30103800000000014 2.403179
v 1.790928 0.15738200000000016 2.553409
v 1.910295 -0.27734099999999984 2.403179
v 1.790928 -0.13366299999999984 2.553409
v 1.739806 -0.37545199999999984 2.403179
v 1.693366 -0.18980699999999984 2.553409
v 1.625804 -0.37545199999999984 2.403179
v 1.625782 -0.18980699999999984 2.553409
v 1.62577 -0.0016859999999998196 2.945728
v 0.899836 0.9620180000000002 2.478693
v 0.381976 0.9620180000000002 2.478693
v -1.458826 0.6533730000000001 2.06969
v -1.458826 0.6533730000000001 2.47815
v -0.845525 0.6533720000000001 2.47815
v -0.845525 0.6533720000000001 2.06969
v 0.391157 0.6533720000000001 2.06969
v 0.391157 0.6533720000000001 2.478151
v -0.34576 0.6533720000000001 2.47815
v -0.95491 0.651414 -3.98876035009887E-17
v -0.95491 0.651414 0.8021
v 0.999455 0.651414 0.8021
v 0.999455 0.651414 -3.98876035009887E-17
v 1.000324 -0.654449 4.0073443652759304E-17
v 1.000324 -0.654449 0.8021
v 0.885096 1.2148570000000003 1.888627
v 0.975963 1.2148570000000003 1.888627
v 1.504215 1.2117430000000002 1.888495
v 1.504169 0.5963000000000002 2.06969
v 1.504172 0.5963000000000002 2.626471
v 1.504222 1.3257710000000003 1.945805
v 1.504207 1.2114150000000001 1.945832
v 1.522334 1.2285220000000001 2.113883
v 1.504174 0.5963000000000002 2.550826
v 1.504102 -0.7120239999999999 2.117702
v 1.625626 -0.7120239999999999 2.117701
v 1.625626 -0.7120239999999999 2.626015
v 1.504169 -0.7120239999999999 2.626016
v 1.522304 -0.6989149999999997 2.794063
v 1.624797 -0.6989149999999997 2.794062
v 1.624797 -0.6264729999999997 2.794517
v 1.522307 -0.6264729999999997 2.794518
v 1.504169 -0.6089539999999999 2.06969
v 1.504102 -0.7120239999999999 2.040835
v 1.504172 -0.6089539999999999 2.626471
v 1.625627 -0.6089539999999999 2.62647
v 1.504172 -0.6089539999999999 2.626471
v 1.522308 -0.6264729999999997 2.794518
v 1.624798 -0.6264729999999997 2.794517
v -0.34576 0.6533730000000001 2.06969
v -0.34576 0.6533730000000001 2.47815
v 1.504102 0.6993710000000001 2.040835
v -0.34576 0.6533720000000001 2.47815
v 1.504187 1.2734630000000002 1.889578
v -1.458844 1.2734630000000002 1.889578
v 1.625626 1.3257710000000003 1.945804
v 1.625626 0.6993710000000001 2.117702
v 1.625626 0.6993710000000001 2.626015
v 1.625626 -0.001516999999999797 3.313821
v 1.625626 1.325771 0.9383349999999999
v 1.504222 1.325771 0.9383349999999999
v 1.504102 0.6993710000000001 2.117702
v 1.504221 -0.001516999999999797 3.313823
v 1.625626 1.2114150000000001 1.945832
v 1.624798 1.2285220000000001 2.113883
v 1.624797 0.6138200000000003 2.794517
v 1.504169 0.6993710000000001 2.626016
v 1.504207 1.2114150000000001 1.945832
v 1.625626 0.6993710000000001 2.117702
v 1.504102 0.6993710000000001 2.117702
v 1.624798 1.3088970000000002 2.113857
v 1.624797 0.6862620000000003 2.794062
v 1.522303 0.6862620000000003 2.794063
v 1.522346 1.3088970000000002 2.113857
v 1.504169 -0.7120239999999999 2.626016
v 1.522304 -0.6989149999999997 2.794063
v 1.624797 -0.6989149999999997 2.794062
v 1.625626 0.5963000000000002 2.62647
v 1.522307 0.6138200000000003 2.794518
v 1.504171 0.5963000000000002 2.626471
v 1.504207 1.2114150000000001 1.945832
v 1.522304 -0.6989149999999997 2.794063
v 1.522307 -0.6264729999999997 2.794518
v 0.909797 1.0274480000000001 1.936078
v 0.372282 1.0274480000000001 1.936078
v 0.641039 0.9618850000000002 3.08782
v 0.641038 1.0274490000000003 3.087819
v 1.087922 0.09943300000000019 3.09873
v 1.087923 0.4697140000000002 3.098614
v 1.188118 0.4394140000000002 2.900504
v 0.987728 0.4387170000000002 2.711522
v 0.987728 0.4394140000000002 2.900504
v 1.188118 0.4387170000000002 2.711522
v 0.999455 0.651414 0.8021
v 0.999455 0.651414 -3.98876035009887E-17
v 0.975963 1.3253130000000002 1.945804
v 0.885096 1.2109260000000002 1.945832
v 0.975963 1.2109250000000003 1.945831
v 1.625626 -0.7120249999999999 2.117702
v 1.625626 -0.7120249999999999 2.626015
v 1.625626 -0.6089539999999999 2.62647
v 1.625626 -1.338424 0.9383350000000001
v 1.625626 -1.3384239999999998 1.945804
v 1.625626 -1.2240379999999997 1.945832
v 1.625626 1.2114150000000001 1.945832
v 1.624797 -1.3215459999999999 2.113857
v 1.624797 -1.2411499999999998 2.113883
v 1.624797 -0.6989169999999998 2.794062
v 1.624797 -0.6264729999999997 2.794517
v 0.075364 0.27609100000000014 2.901118
v 0.075364 0.43871800000000016 2.711522
v 0.075364 0.43941500000000017 2.900504
v 0.275754 0.43941500000000017 2.900504
v 0.275754 0.43871800000000016 2.711522
v 0.275754 0.27609100000000014 2.901118
v 0.17556 0.46971500000000016 3.098614
v 0.29636 0.46971500000000016 2.871954
v 0.29636 0.27609100000000014 2.872568
v 0.175559 0.09943400000000019 3.098729
v 0.17556 0.46971500000000016 3.098614
v 0.175559 0.09943400000000019 3.098729
v 0.054758 0.27609100000000014 2.872568
v 0.054758 0.46971500000000016 2.871954
v 0.075364 0.43941500000000017 2.900504
v 0.075364 0.43871800000000016 2.711522
v 0.275754 0.43871800000000016 2.711522
v 0.275754 0.43941500000000017 2.900504
v 0.175559 0.43941500000000017 3.097998
v -0.939379 0.2669110000000002 2.901118
v -0.939379 0.4387170000000002 2.711522
v -0.939379 0.4394140000000002 2.900504
v -1.13977 0.4394140000000002 2.900504
v -1.13977 0.43871800000000016 2.711522
v -1.13977 0.26691200000000015 2.901118
v -1.039575 0.46971300000000016 3.098614
v -1.160376 0.4697140000000002 2.871954
v -1.160376 0.26691200000000015 2.872568
v -1.039574 0.0921260000000002 3.079203
v -1.039575 0.46971300000000016 3.098614
v -1.039574 0.0921260000000002 3.079203
v -0.918773 0.2669110000000002 2.872568
v -0.918773 0.4697140000000002 2.871954
v -0.939379 0.4394140000000002 2.900504
v -0.939379 0.4387170000000002 2.711522
v -1.13977 0.43871800000000016 2.711522
v -1.13977 0.4394140000000002 2.900504
v -1.039575 0.4394140000000002 3.097998
v -0.027015 0.26166500000000015 2.901118
v -0.027015 0.43871800000000016 2.711521
v -0.027015 0.43941500000000017 2.900504
v -0.227405 0.43941500000000017 2.900504
v -0.227406 0.43871800000000016 2.711521
v -0.227405 0.26166500000000015 2.901118
v -0.127211 0.4697140000000002 3.111966
v -0.248012 0.46971500000000016 2.871953
v -0.248012 0.26166500000000015 2.872568
v -0.127211 0.0824730000000002 3.098729
v -0.127211 0.4697140000000002 3.111966
v -0.127211 0.0824730000000002 3.098729
v -0.00641 0.26166500000000015 2.872568
v -0.00641 0.46971500000000016 2.871953
v -0.027015 0.43941500000000017 2.900504
v -0.027015 0.43871800000000016 2.711521
v -0.227406 0.43871800000000016 2.711521
v -0.227405 0.43941500000000017 2.900504
v -0.127211 0.43941500000000017 3.11135
v 0.372282 1.0274480000000001 2.485675
v -0.845508 0.6533720000000001 2.06969
v -0.845508 0.6533720000000001 2.478151
v -0.845508 0.9620180000000002 2.478693
v -0.845508 0.9620180000000002 1.967695
v -0.345743 0.9620180000000002 1.967695
v -0.345743 0.9620180000000002 2.478693
v -0.345743 0.6533720000000001 2.478151
v -0.345743 0.6533720000000001 2.06969
v -0.854423 0.6533720000000001 2.478151
v -0.595624 0.12325000000000018 3.036003
v -0.595624 0.9620180000000003 3.038548
v -0.854423 0.9620180000000002 2.478693
v -0.336564 0.6533720000000001 2.478151
v -0.336564 0.9620180000000002 2.478693
v -0.32687 1.0274480000000001 2.485675
v -0.32687 0.9618850000000001 2.485675
v -0.32687 0.9618850000000001 1.936079
v -0.32687 1.0274480000000001 1.936078
v -0.595626 1.0274490000000003 3.087819
v -0.595626 0.9618850000000002 3.08782
v -0.864383 1.0274490000000003 2.485675
v -0.864383 0.9618850000000001 2.485675
v -0.864383 1.0274480000000001 1.936078
v -0.864383 0.9618850000000001 1.936079
v -0.617078 1.4927760000000003 2.854976
v -0.575327 1.4926060000000003 2.854976
v -0.617078 1.0173970000000003 2.854976
v -0.575327 1.0173290000000001 2.854976
v -0.614004 1.1602080000000001 2.843839
v -0.614004 1.2351500000000002 2.844709
v -0.614004 1.0173290000000001 2.656196
v -0.614004 1.0181680000000002 2.718915
v -0.577924 1.1602080000000001 2.843839
v -0.577922 1.0181680000000002 2.718915
v -0.577922 1.2351510000000003 2.844709
v -0.577924 1.0173290000000001 2.656196
v -0.853183 1.2280390000000003 2.113883
v -0.853183 1.3084360000000002 2.113857
v -0.917049 1.3084360000000002 2.113857
v -0.917049 1.2280390000000003 2.113883
v -0.839682 1.3253130000000002 1.945805
v -0.839682 1.325313 0.9383349999999999
v -0.930549 1.325313 0.9383349999999999
v -0.930549 1.3253130000000002 1.945804
v -0.839682 1.273006 0.9383349999999999
v -0.839682 1.2109260000000002 1.945832
v -0.930549 1.2109250000000003 1.945831
v -0.930549 0.6534010000000001 2.13347
v -0.839682 0.6534010000000001 2.13347
v -0.930549 0.6529150000000001 2.06969
v -0.930549 1.2148570000000003 1.888627
v -0.839682 0.6529150000000001 2.06969
v -0.839682 1.2148570000000003 1.888627
v -0.930549 1.273006 0.9383349999999999
v -0.308709 1.2280400000000002 2.113883
v -0.308709 1.3084360000000002 2.113856
v -0.244844 1.3084360000000002 2.113856
v -0.244844 1.2280400000000002 2.113883
v -0.32221 1.3253130000000002 1.945804
v -0.32221 1.325314 0.9383349999999999
v -0.231343 1.325313 0.9383349999999999
v -0.231343 1.3253130000000002 1.945804
v -0.32221 1.273006 0.9383349999999999
v -0.32221 1.2109270000000003 1.945831
v -0.231343 1.2109260000000002 1.945831
v -0.231343 0.6534020000000001 2.13347
v -0.32221 0.6534020000000001 2.13347
v -0.231343 0.6529150000000001 2.06969
v -0.231343 1.2148570000000003 1.888627
v -0.32221 0.6529150000000001 2.06969
v -0.32221 1.2148570000000003 1.888627
v -0.231343 1.273006 0.9383349999999999
v 0.358487 1.2280410000000002 2.113884
v 0.294623 1.2280410000000002 2.113884
v 0.294623 1.3084370000000003 2.113857
v 0.358487 1.3084370000000003 2.113857
v 0.371989 1.3253150000000002 1.945805
v 0.281122 1.3253150000000002 1.945805
v 0.281122 1.325315 0.9383359999999998
v 0.371989 1.325315 0.9383359999999998
v 0.371989 1.273008 0.9383359999999998
v 0.371989 1.2109280000000002 1.945833
v 0.371989 0.6534030000000001 2.133471
v 0.281122 0.6534030000000001 2.133471
v 0.281122 1.2109270000000003 1.945832
v 0.281122 0.6529170000000001 2.069691
v 0.281122 1.2148590000000001 1.888628
v 0.371989 0.6529170000000001 2.069691
v 0.371989 1.2148590000000001 1.888628
v 0.281122 1.273008 0.9383359999999998
v 0.641037 0.9620180000000003 3.038548
v 1.625626 1.273463 0.9383349999999999
v -0.595624 0.9620180000000003 3.038548
v -0.345761 0.6533750000000002 2.478149
v -0.345761 0.6533740000000001 2.478149
v 1.522334 -1.2411709999999998 2.113884
v 1.522346 -1.3215459999999999 2.113857
v 1.624797 -1.3215459999999999 2.113857
v 1.624797 -1.2411709999999998 2.113884
v 1.504221 -1.3384199999999997 1.945805
v 1.504221 -1.33842 0.9383360000000001
v 1.625626 -1.33842 0.9383350000000001
v 1.625626 -1.3384199999999997 1.945805
v 1.504221 -1.223724 0.9383360000000001
v 1.504206 -1.2240639999999998 1.945832
v 1.504206 -1.2240639999999998 1.945832
v 1.625626 -1.2240639999999998 1.945832
v 1.625626 -0.7120199999999999 2.117702
v 1.504102 -0.7120199999999999 2.117702
v 1.504171 -0.6089489999999999 2.626471
v 1.625626 -0.6089489999999999 2.626471
v 1.625626 -0.001516999999999797 3.313822
v 1.504221 -0.001516999999999797 3.313823
v 1.504215 -1.2243469999999999 1.875921
v 1.504206 -1.2240639999999998 1.945832
v 1.504102 -0.7120199999999999 2.117702
v 1.504102 -0.7120199999999999 2.040836
v 1.504171 -0.6089489999999999 2.626471
v 1.504221 -0.001516999999999797 3.313823
v 1.504221 -0.0015169999999998026 3.221955
v 1.504174 -0.6089489999999999 2.535479
v 1.522334 -1.2411499999999998 2.113883
v 1.624797 -1.2411499999999998 2.113883
v 1.625626 -1.2240429999999998 1.945831
v 1.504206 -1.2240429999999998 1.945831
v -1.580481 1.273464 -7.797718057146924E-17
v 1.873859 -0.24225199999999986 2.403178
v 1.873859 0.26595500000000016 2.403178
v 1.873859 0.26595500000000005 0.939346
v 1.873859 -0.24225199999999994 0.939346
v 1.726151 -0.3281649999999998 2.403178
v 1.726151 -0.32816499999999993 0.939346
v 1.625796 -0.33011299999999993 0.939346
v 1.625796 -0.3301129999999998 2.403178
v 1.727934 0.34905500000000006 0.939346
v 1.727934 0.34905500000000017 2.403178
v 1.625796 0.3538640000000002 2.403178
v 1.625796 0.35386400000000007 0.939346
v 1.837827 0.15833600000000006 0.939346
v 1.625609 0.22673500000000005 0.939346
v 1.625606 0.025393000000000034 0.541269
v 1.837825 -0.21637199999999995 0.939346
v 1.625609 -0.28473499999999996 0.939346
v 1.625606 -0.053465999999999965 0.541269
v 1.625626 1.273463 -7.79771193391293E-17
v 1.62576 -1.276498 0.9383350000000001
v -1.35174 1.2734660000000002 1.989578
v 1.397084 1.2734640000000002 1.989578
v 1.397083 1.2110760000000003 2.05758
v -1.351741 1.2110780000000003 2.05758
v 1.397083 1.2110760000000003 1.889578
v -1.35174 1.2110780000000003 1.889578
v -1.35174 1.2734660000000002 1.889578
v 1.397084 1.2734640000000002 1.889578
v -1.35174 1.2734660000000002 1.989578
v 1.397084 1.2734640000000002 1.989578
v 1.397083 1.2110760000000003 2.05758
v -1.351741 1.2110780000000003 2.05758
v 1.397153 -1.2764979999999997 1.989578
v -1.351669 -1.2764969999999998 1.989578
v -1.351669 -1.2141089999999999 2.05758
v 1.397154 -1.2141109999999997 2.05758
v -1.351669 -1.2141089999999999 1.889578
v 1.397153 -1.2141109999999997 1.889578
v 1.397153 -1.2764979999999997 1.889578
v -1.351669 -1.2764969999999998 1.889578
v 1.397153 -1.2764979999999997 1.989578
v -1.351669 -1.2764969999999998 1.989578
v -1.351669 -1.2141089999999999 2.05758
v 1.397154 -1.2141109999999997 2.05758
v -1.042558 -0.7005959999999999 2.444017
v -1.458859 -0.7005959999999999 2.444017
v -1.458808 -0.0015169999999998026 3.221955
v -1.042509 -0.0015169999999998043 3.194413
v -0.595669 -0.7005959999999999 2.444017
v -0.595624 -0.0015169999999998045 3.19005
v 0.013736 -0.7005959999999999 2.444017
v 0.022706 -0.007353999999999804 3.207583
v 1.080975 -0.0015169999999998015 3.239681
v 1.504272 -0.0015169999999998026 3.221955
v 1.504239 -0.7005959999999999 2.444017
v 1.08094 -0.7005959999999999 2.444017
v 0.641039 0.013450000000000198 3.239687
v 0.641001 -0.7005959999999999 2.444017
v -1.458859 0.6975620000000001 2.444017
v -1.042558 0.7074500000000001 2.432914
v -0.595669 0.6975620000000001 2.444017
v 0.016418 0.7174770000000001 2.440854
v 1.08094 0.6975620000000001 2.440959
v 1.504239 0.6975620000000001 2.444017
v 0.641001 0.6975620000000001 2.444017
v -1.458808 -1.3288059999999997 1.945805
v -1.458808 -1.328806 0.9383350000000001
v -1.458755 -0.7024059999999999 2.626016
v -0.595624 -0.9650529999999998 3.038548
v -0.595624 -0.1383809999999998 3.036003
v -0.32687 -1.0304829999999998 2.485675
v -0.32687 -1.0304829999999998 1.936078
v -0.32687 -0.9649199999999999 2.485675
v -0.32687 -1.0304829999999998 2.485675
v -0.864383 -1.0304839999999997 2.485675
v -0.595626 -0.9649199999999998 3.08782
v -0.595626 -1.0304839999999997 3.087819
v -0.864383 -1.0304829999999998 1.936078
v -0.864383 -0.9649199999999999 2.485675
v -0.864383 -1.0304839999999997 2.485675
v -0.845508 -0.9650529999999999 1.967695
v -0.845508 -0.9650529999999999 2.478693
v -0.864383 -0.9649199999999999 2.485675
v -0.864383 -0.9649199999999999 1.936079
v -0.595626 -0.9649199999999998 3.08782
v -0.864383 -0.9649199999999999 2.485675
v -0.845508 -0.9650529999999999 2.478693
v -0.32687 -0.9649199999999999 2.485675
v -0.595626 -0.9649199999999998 3.08782
v -0.595624 -0.9650529999999998 3.038548
v -0.345743 -0.9650529999999999 2.478693
v -0.32687 -0.9649199999999999 2.485675
v -0.345743 -0.9650529999999999 2.478693
v -0.345743 -0.9650529999999999 1.967695
v -0.32687 -0.9649199999999999 1.936079
v -0.595626 -1.0304839999999997 3.087819
v -1.458758 -0.5993349999999998 2.626471
v -1.476922 -1.2315569999999998 2.113883
v -1.579384 -1.2315569999999998 2.113883
v -1.458794 -1.2144499999999998 1.945832
v -1.476933 -1.3119319999999999 2.113857
v -1.476922 -1.2315569999999998 2.113883
v -1.579384 -1.3119319999999999 2.113857
v -1.476933 -1.3119319999999999 2.113857
v -1.476894 -0.6168549999999998 2.794518
v -1.579384 -0.6168549999999998 2.794517
v -1.580213 -0.5993349999999998 2.62647
v -1.458758 -0.5993349999999998 2.626471
v -1.47689 -0.6892969999999998 2.794063
v -1.476894 -0.6168549999999998 2.794518
v -1.579384 -0.6892969999999998 2.794062
v -1.47689 -0.6892969999999998 2.794063
v -0.839682 -1.3283479999999999 1.945805
v -0.839682 -1.328349 0.9383350000000001
v -0.839682 -1.2139609999999998 1.945832
v -0.917049 -1.2310739999999998 2.113883
v -0.917049 -1.3114709999999998 2.113857
v -0.930549 -1.3283479999999999 1.945804
v -0.930549 -1.2139599999999997 1.945831
v -0.853183 -1.2310739999999998 2.113883
v -0.917049 -1.2310739999999998 2.113883
v -0.930549 -1.2139599999999997 1.945831
v -0.839682 -1.2139609999999998 1.945832
v -0.853183 -1.3114709999999998 2.113857
v -0.853183 -1.2310739999999998 2.113883
v -0.917049 -1.3114709999999998 2.113857
v -0.853183 -1.3114709999999998 2.113857
v -0.930549 -0.6564369999999999 2.13347
v -0.930549 -1.2139599999999997 1.945831
v -1.163311 -0.25761799999999985 2.872568
v -1.04251 -0.47274799999999984 3.098614
v -0.921709 -0.25761799999999985 2.872568
v -1.04251 -0.47274799999999984 3.098614
v 1.504266 -1.2140059999999997 1.889579
v -1.458772 -1.2140059999999997 1.889578
v -0.942315 -0.4424489999999998 2.900504
v -1.142705 -0.4424489999999998 2.900504
v -0.839682 -1.2139609999999998 1.945832
v -0.839682 -0.6564369999999999 2.13347
v -0.930549 -1.328348 0.9383350000000001
v -1.458759 0.6059190000000001 2.626471
v -1.458755 0.7089890000000001 2.626016
v -1.580213 -1.276497 7.816289825855995E-17
v -1.580213 -1.276497 0.9383350000000001
v -1.579384 -1.2315569999999998 2.113883
v -1.579384 -1.3119319999999999 2.113857
v -1.580213 -1.3288059999999997 1.945804
v -1.580213 -1.2144499999999998 1.945832
v -1.579384 -0.6168549999999998 2.794517
v -1.579384 -0.6892969999999998 2.794062
v -1.580213 -0.7024059999999999 2.626015
v -1.580213 -0.5993349999999998 2.62647
v -1.580213 0.7089900000000001 2.626015
v -1.580213 0.6059190000000001 2.62647
v -1.580213 -0.5993349999999998 2.62647
v -1.580213 -0.7024059999999999 2.626015
v -1.580213 -0.7024059999999999 2.117702
v -1.580213 -1.2144499999999998 1.945832
v -1.580213 1.2210030000000003 1.945832
v -1.580213 -0.001516999999999797 3.313821
v -1.580213 1.3353900000000003 1.945804
v -1.580213 -1.3288059999999997 1.945804
v -1.580213 -1.328806 0.9383350000000001
v -0.250947 -0.26902499999999985 2.872568
v -0.130147 -0.4727489999999998 3.075504
v -0.009346 -0.26902499999999985 2.872568
v -0.130147 -0.4727489999999998 3.075504
v -0.029951 -0.44244999999999984 2.900504
v -0.230341 -0.44244999999999984 2.900504
v 1.205789 -0.27912499999999985 2.872568
v 1.084988 -0.4727469999999998 3.098614
v 0.964187 -0.27912499999999985 2.872568
v 1.084988 -0.4727469999999998 3.098614
v 0.984793 -0.4424489999999998 2.900504
v 1.185183 -0.4424489999999998 2.900504
v 0.293425 -0.2791259999999998 2.872568
v 0.172625 -0.4727489999999998 3.098614
v 0.051823 -0.2791259999999998 2.872568
v 0.172625 -0.4727489999999998 3.098614
v 0.072429 -0.44244999999999984 2.900504
v 0.272819 -0.44244999999999984 2.900504
v 0.641037 -0.9650529999999998 3.038548
v 0.641036 -0.1616329999999998 3.036003
v 0.372282 -1.0304829999999998 2.485675
v 0.372282 -0.9649199999999999 2.485675
v 0.641038 -1.0304839999999997 3.087819
v 0.641039 -0.9649199999999998 3.08782
v 0.909797 -1.0304839999999997 2.485675
v 0.909797 -0.9649199999999999 2.485675
v 0.890922 -0.9650529999999999 1.967695
v 0.909797 -0.9649199999999999 1.936079
v 0.909797 -0.9649199999999999 2.485675
v 0.890922 -0.9650529999999999 2.478693
v 0.890922 -0.9650529999999999 2.478693
v 0.909797 -0.9649199999999999 2.485675
v 0.641039 -0.9649199999999998 3.08782
v 0.372282 -0.9649199999999999 2.485675
v 0.391157 -0.9650529999999999 2.478693
v 0.641037 -0.9650529999999998 3.038548
v 0.641039 -0.9649199999999998 3.08782
v 0.372282 -0.9649199999999999 2.485675
v 0.372282 -0.9649199999999999 1.936079
v 0.391157 -0.9650529999999999 1.967695
v 0.391157 -0.9650529999999999 2.478693
v 0.372282 -1.0304829999999998 2.485675
v 0.909797 -1.0304839999999997 2.485675
v 0.909797 -1.0304829999999998 1.936078
v 0.372282 -1.0304829999999998 1.936078
v 0.641038 -1.0304839999999997 3.087819
v 0.885096 -1.3283479999999999 1.945805
v 0.885096 -1.328349 0.9383350000000001
v 0.885096 -1.2139609999999998 1.945832
v 0.962462 -1.2310739999999998 2.113883
v 0.975963 -1.2139599999999997 1.945831
v 0.975963 -1.3283479999999999 1.945804
v 0.962462 -1.3114709999999998 2.113857
v 0.898597 -1.2310739999999998 2.113883
v 0.885096 -1.2139609999999998 1.945832
v 0.975963 -1.2139599999999997 1.945831
v 0.962462 -1.2310739999999998 2.113883
v 0.898597 -1.3114709999999998 2.113857
v 0.898597 -1.2310739999999998 2.113883
v 0.962462 -1.3114709999999998 2.113857
v 0.898597 -1.3114709999999998 2.113857
v 0.975963 -1.2139599999999997 1.945831
v 0.975963 -0.6564369999999999 2.13347
v 0.885096 -0.6564369999999999 2.13347
v 0.885096 -1.2139609999999998 1.945832
v 0.975963 -1.328348 0.9383350000000001
v 0.367624 -1.3283489999999998 1.945804
v 0.367624 -1.328349 0.9383350000000001
v 0.367624 -1.2139619999999998 1.945831
v 0.290257 -1.2310739999999998 2.113883
v 0.290257 -1.3114709999999998 2.113856
v 0.276757 -1.3283489999999998 1.945804
v 0.276757 -1.2139599999999997 1.945831
v 0.354123 -1.2310739999999998 2.113883
v 0.290257 -1.2310739999999998 2.113883
v 0.276757 -1.2139599999999997 1.945831
v 0.367624 -1.2139619999999998 1.945831
v 0.354123 -1.3114709999999998 2.113856
v 0.354123 -1.2310739999999998 2.113883
v 0.290257 -1.3114709999999998 2.113856
v 0.354123 -1.3114709999999998 2.113856
v 0.276757 -0.6564369999999999 2.13347
v 0.276757 -1.2139599999999997 1.945831
v 0.367624 -1.2139619999999998 1.945831
v 0.367624 -0.6564369999999999 2.13347
v 0.276757 -1.328349 0.9383350000000001
v -0.326576 -1.3283499999999997 1.945805
v -0.326576 -1.328351 0.9383360000000001
v -0.326576 -1.2139629999999997 1.945833
v -0.249209 -1.2310759999999998 2.113884
v -0.235708 -1.2139619999999998 1.945832
v -0.235708 -1.3283499999999997 1.945805
v -0.249209 -1.3114729999999999 2.113857
v -0.313074 -1.2310759999999998 2.113884
v -0.326576 -1.2139629999999997 1.945833
v -0.235708 -1.2139619999999998 1.945832
v -0.249209 -1.2310759999999998 2.113884
v -0.313074 -1.3114729999999999 2.113857
v -0.313074 -1.2310759999999998 2.113884
v -0.249209 -1.3114729999999999 2.113857
v -0.313074 -1.3114729999999999 2.113857
v -0.235708 -1.2139619999999998 1.945832
v -0.235708 -0.6564379999999999 2.133471
v -0.326576 -0.6564379999999999 2.133471
v -0.326576 -1.2139629999999997 1.945833
v -0.235708 -1.32835 0.9383360000000001
v -1.828445 0.23921600000000015 2.403178
v -1.828445 0.23921600000000007 0.939346
v -1.680737 0.32513000000000003 0.939346
v -1.680737 0.32513000000000014 2.403178
v -1.828445 -0.26898999999999995 0.939346
v -1.828445 -0.26898999999999984 2.403178
v -1.682521 -0.35208899999999993 0.939346
v -1.682521 -0.3520889999999998 2.403178
v -1.458808 1.3353860000000002 1.945805
v -1.458808 1.335386 0.9383349999999999
v -1.476922 1.2381370000000003 2.113883
v -1.458794 1.2210300000000003 1.945832
v -1.579384 1.2381370000000003 2.113883
v -1.476933 1.3185120000000001 2.113857
v -1.476922 1.2381370000000003 2.113883
v -1.579384 1.3185120000000001 2.113857
v -1.476933 1.3185120000000001 2.113857
v 1.504222 1.3257710000000003 1.945805
v 1.504222 1.325771 0.9383349999999999
v 1.504169 0.6993710000000001 2.626016
v 0.641037 0.9620180000000003 3.038548
v 0.641036 0.15859800000000018 3.036003
v 0.372282 1.0274480000000001 2.485675
v 0.372282 1.0274480000000001 1.936078
v 0.372282 0.9618850000000001 2.485675
v 0.372282 1.0274480000000001 2.485675
v 0.909797 1.0274490000000003 2.485675
v 0.641039 0.9618850000000002 3.08782
v 0.641038 1.0274490000000003 3.087819
v 0.909797 1.0274480000000001 1.936078
v 0.909797 0.9618850000000001 2.485675
v 0.909797 1.0274490000000003 2.485675
v 0.890922 0.9620180000000002 1.967695
v 0.890922 0.9620180000000002 2.478693
v 0.909797 0.9618850000000001 2.485675
v 0.909797 0.9618850000000001 1.936079
v 0.641039 0.9618850000000002 3.08782
v 0.909797 0.9618850000000001 2.485675
v 0.890922 0.9620180000000002 2.478693
v 0.372282 0.9618850000000001 2.485675
v 0.641039 0.9618850000000002 3.08782
v 0.641037 0.9620180000000003 3.038548
v 0.391157 0.9620180000000002 2.478693
v 0.372282 0.9618850000000001 2.485675
v 0.391157 0.9620180000000002 2.478693
v 0.391157 0.9620180000000002 1.967695
v 0.372282 0.9618850000000001 1.936079
v 0.641038 1.0274490000000003 3.087819
v 1.504171 0.5963000000000002 2.626471
v 1.522334 1.2285220000000001 2.113883
v 1.624798 1.2285220000000001 2.113883
v 1.504207 1.2114150000000001 1.945832
v 1.522346 1.3088970000000002 2.113857
v 1.522334 1.2285220000000001 2.113883
v 1.624798 1.3088970000000002 2.113857
v 1.522346 1.3088970000000002 2.113857
v 1.522307 0.6138200000000003 2.794518
v 1.624797 0.6138200000000003 2.794517
v 1.625626 0.5963000000000002 2.62647
v 1.504171 0.5963000000000002 2.626471
v 1.522303 0.6862620000000003 2.794063
v 1.522307 0.6138200000000003 2.794518
v 1.624797 0.6862620000000003 2.794062
v 1.522303 0.6862620000000003 2.794063
v 0.885096 1.3253130000000002 1.945805
v 0.885096 1.325313 0.9383349999999999
v 0.885096 1.2109260000000002 1.945832
v 0.962462 1.2280390000000003 2.113883
v 0.962462 1.3084360000000002 2.113857
v 0.975963 1.3253130000000002 1.945804
v 0.975963 1.2109250000000003 1.945831
v 0.898597 1.2280390000000003 2.113883
v 0.962462 1.2280390000000003 2.113883
v 0.975963 1.2109250000000003 1.945831
v 0.885096 1.2109260000000002 1.945832
v 0.898597 1.3084360000000002 2.113857
v 0.898597 1.2280390000000003 2.113883
v 0.962462 1.3084360000000002 2.113857
v 0.898597 1.3084360000000002 2.113857
v 0.975963 0.6534010000000001 2.13347
v 0.975963 1.2109250000000003 1.945831
v 1.208724 0.27609000000000017 2.872568
v 1.087923 0.4697140000000002 3.098614
v 0.967121 0.27609000000000017 2.872568
v 1.087923 0.4697140000000002 3.098614
v -1.458853 1.2109720000000002 1.889579
v 1.504185 1.2109710000000002 1.889578
v 0.987728 0.4394140000000002 2.900504
v 1.188118 0.4394140000000002 2.900504
v 0.885096 1.2109260000000002 1.945832
v 0.885096 0.6534010000000001 2.13347
v 0.975963 1.325313 0.9383349999999999
v 1.504172 -0.6089539999999999 2.626471
v 1.504169 -0.7120239999999999 2.626016
v -1.580481 1.273464 -7.797718057146924E-17
v -1.580481 1.273464 0.9383349999999999
v 1.624798 1.2285220000000001 2.113883
v 1.624798 1.3088970000000002 2.113857
v 1.625626 1.3257710000000003 1.945804
v 1.625626 1.2114150000000001 1.945832
v 1.624797 0.6138200000000003 2.794517
v 1.624797 0.6862620000000003 2.794062
v 1.625626 0.6993710000000001 2.626015
v 1.625626 0.5963000000000002 2.62647
v 1.625626 -0.7120249999999999 2.626015
v 1.625626 -0.6089539999999999 2.62647
v 1.625626 0.5963000000000002 2.62647
v 1.625626 0.6993710000000001 2.626015
v 1.625626 0.6993710000000001 2.117702
v 1.625626 1.2114150000000001 1.945832
v 1.625626 -1.2240379999999997 1.945832
v 1.625626 -0.001516999999999797 3.313821
v 1.625626 -1.3384239999999998 1.945804
v 1.625626 1.3257710000000003 1.945804
v 1.625626 1.325771 0.9383349999999999
v 0.29636 0.27609100000000014 2.872568
v 0.17556 0.46971500000000016 3.098614
v 0.054758 0.27609100000000014 2.872568
v 0.17556 0.46971500000000016 3.098614
v 0.075364 0.43941500000000017 2.900504
v 0.275754 0.43941500000000017 2.900504
v -1.160376 0.26691200000000015 2.872568
v -1.039575 0.46971300000000016 3.098614
v -0.918773 0.2669110000000002 2.872568
v -1.039575 0.46971300000000016 3.098614
v -0.939379 0.4394140000000002 2.900504
v -1.13977 0.4394140000000002 2.900504
v -0.248012 0.26166500000000015 2.872568
v -0.127211 0.4697140000000002 3.111966
v -0.00641 0.26166500000000015 2.872568
v -0.127211 0.4697140000000002 3.111966
v -0.027015 0.43941500000000017 2.900504
v -0.227405 0.43941500000000017 2.900504
v -0.595624 0.9620180000000003 3.038548
v -0.595624 0.12325000000000018 3.036003
v -0.32687 1.0274480000000001 2.485675
v -0.32687 0.9618850000000001 2.485675
v -0.595626 1.0274490000000003 3.087819
v -0.595626 0.9618850000000002 3.08782
v -0.864383 1.0274490000000003 2.485675
v -0.864383 0.9618850000000001 2.485675
v -0.845508 0.9620180000000002 1.967695
v -0.864383 0.9618850000000001 1.936079
v -0.864383 0.9618850000000001 2.485675
v -0.845508 0.9620180000000002 2.478693
v -0.845508 0.9620180000000002 2.478693
v -0.864383 0.9618850000000001 2.485675
v -0.595626 0.9618850000000002 3.08782
v -0.32687 0.9618850000000001 2.485675
v -0.345743 0.9620180000000002 2.478693
v -0.595624 0.9620180000000003 3.038548
v -0.595626 0.9618850000000002 3.08782
v -0.32687 0.9618850000000001 2.485675
v -0.32687 0.9618850000000001 1.936079
v -0.345743 0.9620180000000002 1.967695
v -0.345743 0.9620180000000002 2.478693
v -0.32687 1.0274480000000001 2.485675
v -0.864383 1.0274490000000003 2.485675
v -0.864383 1.0274480000000001 1.936078
v -0.32687 1.0274480000000001 1.936078
v -0.595626 1.0274490000000003 3.087819
v -0.839682 1.3253130000000002 1.945805
v -0.839682 1.325313 0.9383349999999999
v -0.839682 1.2109260000000002 1.945832
v -0.917049 1.2280390000000003 2.113883
v -0.930549 1.2109250000000003 1.945831
v -0.930549 1.3253130000000002 1.945804
v -0.917049 1.3084360000000002 2.113857
v -0.853183 1.2280390000000003 2.113883
v -0.839682 1.2109260000000002 1.945832
v -0.930549 1.2109250000000003 1.945831
v -0.917049 1.2280390000000003 2.113883
v -0.853183 1.3084360000000002 2.113857
v -0.853183 1.2280390000000003 2.113883
v -0.917049 1.3084360000000002 2.113857
v -0.853183 1.3084360000000002 2.113857
v -0.930549 1.2109250000000003 1.945831
v -0.930549 0.6534010000000001 2.13347
v -0.839682 0.6534010000000001 2.13347
v -0.839682 1.2109260000000002 1.945832
v -0.930549 1.325313 0.9383349999999999
v -0.32221 1.3253130000000002 1.945804
v -0.32221 1.325314 0.9383349999999999
v -0.32221 1.2109270000000003 1.945831
v -0.244844 1.2280400000000002 2.113883
v -0.244844 1.3084360000000002 2.113856
v -0.231343 1.3253130000000002 1.945804
v -0.231343 1.2109260000000002 1.945831
v -0.308709 1.2280400000000002 2.113883
v -0.244844 1.2280400000000002 2.113883
v -0.231343 1.2109260000000002 1.945831
v -0.32221 1.2109270000000003 1.945831
v -0.308709 1.3084360000000002 2.113856
v -0.308709 1.2280400000000002 2.113883
v -0.244844 1.3084360000000002 2.113856
v -0.308709 1.3084360000000002 2.113856
v -0.231343 0.6534020000000001 2.13347
v -0.231343 1.2109260000000002 1.945831
v -0.32221 1.2109270000000003 1.945831
v -0.32221 0.6534020000000001 2.13347
v -0.231343 1.325313 0.9383349999999999
v 0.371989 1.3253150000000002 1.945805
v 0.371989 1.325315 0.9383359999999998
v 0.371989 1.2109280000000002 1.945833
v 0.294623 1.2280410000000002 2.113884
v 0.281122 1.2109270000000003 1.945832
v 0.281122 1.3253150000000002 1.945805
v 0.294623 1.3084370000000003 2.113857
v 0.358487 1.2280410000000002 2.113884
v 0.371989 1.2109280000000002 1.945833
v 0.281122 1.2109270000000003 1.945832
v 0.294623 1.2280410000000002 2.113884
v 0.358487 1.3084370000000003 2.113857
v 0.358487 1.2280410000000002 2.113884
v 0.294623 1.3084370000000003 2.113857
v 0.358487 1.3084370000000003 2.113857
v 0.281122 1.2109270000000003 1.945832
v 0.281122 0.6534030000000001 2.133471
v 0.371989 0.6534030000000001 2.133471
v 0.371989 1.2109280000000002 1.945833
v 0.281122 1.325315 0.9383359999999998
v 1.504221 -1.3384199999999997 1.945805
v 1.504221 -1.33842 0.9383360000000001
v 1.522346 -1.3215459999999999 2.113857
v 1.522334 -1.2411709999999998 2.113884
v 1.624797 -1.3215459999999999 2.113857
v 1.522346 -1.3215459999999999 2.113857
v 1.873859 -0.24225199999999986 2.403178
v 1.873859 -0.24225199999999994 0.939346
v 1.726151 -0.32816499999999993 0.939346
v 1.726151 -0.3281649999999998 2.403178
v 1.873859 0.26595500000000005 0.939346
v 1.873859 0.26595500000000016 2.403178
v 1.727934 0.34905500000000006 0.939346
v 1.727934 0.34905500000000017 2.403178
v 1.625626 1.273463 -7.79771193391293E-17
v 1.62576 -1.276498 7.81629594908999E-17
v 1.62576 -1.276498 0.9383350000000001
v 1.625626 1.273463 0.9383349999999999
v -1.458808 -0.0015169999999998026 3.221955
v -1.042509 -0.0015169999999998043 3.194413
v -0.595624 -0.0015169999999998045 3.19005
v 0.022706 -0.007353999999999804 3.207583
v 1.504272 -0.0015169999999998026 3.221955
v 1.080975 -0.0015169999999998015 3.239681
v 0.641039 0.013450000000000198 3.239687
v -1.580356 -0.0013489999999998195 2.945728
v -1.580356 -0.0013489999999998195 2.945728
v 1.62577 -0.0016859999999998196 2.945728
v 1.62577 -0.0016859999999998196 2.945728
vt 0.563309 0.995476
vt 0.984229 0.847600
vt 0.000000 0.000000
vt 0.650350 0.673688
vt 0.581811 0.378865
vt 0.432964 0.388513
vt 0.593089 0.388513
vt 0.939653 0.377455
vt 0.792836 0.377455
vt 0.740579 0.360186
vt 0.994778 0.072345
vt 0.863044 0.175914
vt 0.991910 0.360186
vt 0.734820 0.071447
vt 0.939653 0.290937
vt 0.863044 0.006588
vt 0.792836 0.290937
vt 0.991910 0.291029
vt 0.740579 0.291029
vt 0.805281 0.382806
vt 0.927169 0.382806
vt 0.805281 0.289754
vt 0.924616 0.282625
vt 0.911440 0.289754
vt 0.727426 0.392571
vt 0.727426 0.400374
vt 0.609613 0.396359
vt 0.599725 0.406187
vt 0.634653 0.406187
vt 0.628473 0.396359
vt 0.609613 0.388813
vt 0.628473 0.388813
vt 0.599725 0.379017
vt 0.634653 0.379017
vt 0.641883 0.392571
vt 0.641902 0.400374
vt 0.007313 0.235065
vt 0.727426 0.235067
vt 0.837407 0.621523
vt 0.786269 0.585044
vt 0.807817 0.621415
vt 0.733810 0.621167
vt 0.763273 0.656018
vt 0.763399 0.621279
vt 0.807692 0.656154
vt 0.539018 0.847590
vt 0.015761 0.704859
vt 0.004161 0.704859
vt 0.004161 0.692189
vt 0.015761 0.692189
vt 0.066282 0.847590
vt 0.049777 0.847528
vt 0.066283 0.688810
vt 0.080762 0.847590
vt 0.339000 0.390958
vt 0.335766 0.378865
vt 0.339000 0.403270
vt 0.035448 0.847528
vt 0.335765 0.414053
vt 0.620987 0.595623
vt 0.620987 0.523657
vt 0.506632 0.595623
vt 0.506632 0.523657
vt 0.544567 0.847590
vt 0.087283 0.847590
vt 0.544567 0.697672
vt 0.087283 0.697672
vt 0.832790 0.188460
vt 0.796497 0.253801
vt 0.796297 0.128744
vt 0.756791 0.188461
vt 0.756792 0.253942
vt 0.756791 0.128937
vt 0.007305 0.361271
vt 0.727426 0.361271
vt 0.938218 0.463129
vt 0.991567 0.436923
vt 0.977220 0.414761
vt 0.927645 0.451253
vt 0.938841 0.388702
vt 0.904850 0.435674
vt 0.795235 0.388629
vt 0.829047 0.435683
vt 0.756852 0.414390
vt 0.803758 0.450473
vt 0.742144 0.436295
vt 0.792849 0.462611
vt 0.863623 0.535436
vt 0.998338 0.514852
vt 0.951931 0.470592
vt 0.974220 0.537710
vt 0.918207 0.537685
vt 0.895154 0.513514
vt 0.947039 0.469065
vt 0.734958 0.006588
vt 0.995074 0.006588
vt 0.242544 0.595623
vt 0.242544 0.523657
vt 0.358346 0.523657
vt 0.358346 0.595623
vt 0.499265 0.595623
vt 0.499265 0.523657
vt 0.367191 0.523657
vt 0.242067 0.517901
vt 0.242067 0.419438
vt 0.523789 0.419438
vt 0.523789 0.517901
vt 0.728060 0.517901
vt 0.728060 0.419438
vt 0.240355 0.378865
vt 0.240355 0.414053
vt 0.342062 0.378811
vt 0.634412 0.669274
vt 0.444896 0.388513
vt 0.560774 0.688810
vt 0.345092 0.388513
vt 0.563462 0.656900
vt 0.435618 0.378865
vt 0.921406 0.661718
vt 0.902651 0.661718
vt 0.902651 0.581607
vt 0.925941 0.581607
vt 0.927962 0.554967
vt 0.902779 0.551830
vt 0.902763 0.540412
vt 0.939143 0.554895
vt 0.941853 0.669242
vt 0.925958 0.673685
vt 0.941848 0.581534
vt 0.940075 0.608312
vt 0.958820 0.608312
vt 0.956021 0.634940
vt 0.940203 0.634940
vt 0.367191 0.595623
vt 0.000000 0.000000
vt 0.429053 0.376827
vt 0.000000 0.000000
vt 0.727426 0.374710
vt 0.007306 0.374710
vt 0.578701 0.688810
vt 0.432964 0.413670
vt 0.673640 0.581607
vt 0.593093 0.413670
vt 0.578701 0.847590
vt 0.560774 0.847590
vt 0.432964 0.392723
vt 0.593089 0.392723
vt 0.345092 0.413670
vt 0.578591 0.644233
vt 0.673528 0.540412
vt 0.654895 0.581607
vt 0.345092 0.392723
vt 0.563460 0.644233
vt 0.673640 0.661718
vt 0.654885 0.661718
vt 0.673512 0.551830
vt 0.657694 0.551807
vt 0.921396 0.581607
vt 0.918597 0.555122
vt 0.902779 0.555122
vt 0.619608 0.667251
vt 0.444891 0.413670
vt 0.657710 0.540389
vt 0.634443 0.581534
vt 0.539070 0.688806
vt 0.918597 0.551807
vt 0.918581 0.540389
vt 0.911440 0.382806
vt 0.820434 0.382806
vt 0.852327 0.181544
vt 0.862463 0.186069
vt 0.832790 0.194097
vt 0.756791 0.194098
vt 0.804290 0.621415
vt 0.767859 0.656018
vt 0.767985 0.621279
vt 0.804164 0.656154
vt 0.529842 0.419438
vt 0.529842 0.517901
vt 0.563309 0.847590
vt 0.049777 0.688937
vt 0.092039 0.688806
vt 0.243298 0.403270
vt 0.897122 0.661718
vt 0.897122 0.581607
vt 0.881215 0.581535
vt 0.993794 0.847590
vt 0.993794 0.688810
vt 0.976140 0.688806
vt 0.578591 0.656900
vt 0.991189 0.662325
vt 0.978781 0.662320
vt 0.895099 0.555122
vt 0.883919 0.555050
vt 0.733810 0.621167
vt 0.763273 0.656018
vt 0.763399 0.621279
vt 0.807817 0.621415
vt 0.807692 0.656154
vt 0.837407 0.621523
vt 0.756791 0.194098
vt 0.756792 0.253942
vt 0.796497 0.253801
vt 0.832790 0.194097
vt 0.756791 0.188461
vt 0.832790 0.188460
vt 0.796297 0.128744
vt 0.756791 0.128937
vt 0.767985 0.621279
vt 0.767859 0.656018
vt 0.804164 0.656154
vt 0.804290 0.621415
vt 0.786269 0.585044
vt 0.733810 0.621167
vt 0.763273 0.656018
vt 0.763399 0.621279
vt 0.807817 0.621415
vt 0.807692 0.656154
vt 0.837407 0.621523
vt 0.756791 0.194098
vt 0.756792 0.253942
vt 0.796497 0.253801
vt 0.832790 0.194097
vt 0.756791 0.188461
vt 0.832790 0.188460
vt 0.796297 0.128744
vt 0.756791 0.128937
vt 0.767985 0.621279
vt 0.767859 0.656018
vt 0.804164 0.656154
vt 0.804290 0.621415
vt 0.786269 0.585044
vt 0.733810 0.621167
vt 0.763273 0.656018
vt 0.763399 0.621279
vt 0.807817 0.621415
vt 0.807692 0.656154
vt 0.837407 0.621523
vt 0.756791 0.194098
vt 0.756792 0.253942
vt 0.796497 0.253801
vt 0.832790 0.194097
vt 0.756791 0.188461
vt 0.832790 0.188460
vt 0.796297 0.128744
vt 0.756791 0.128937
vt 0.767985 0.621279
vt 0.767859 0.656018
vt 0.804164 0.656154
vt 0.804290 0.621415
vt 0.786269 0.585044
vt 0.820434 0.289754
vt 0.991910 0.360186
vt 0.991910 0.291029
vt 0.939653 0.290937
vt 0.939653 0.377455
vt 0.792836 0.377455
vt 0.792836 0.290937
vt 0.740579 0.291029
vt 0.740579 0.360186
vt 0.734820 0.071447
vt 0.863044 0.175914
vt 0.863044 0.006588
vt 0.734958 0.006588
vt 0.994778 0.072345
vt 0.995074 0.006588
vt 0.816381 0.289754
vt 0.805281 0.289754
vt 0.805281 0.382806
vt 0.816381 0.382806
vt 0.862463 0.186069
vt 0.852327 0.181544
vt 0.914480 0.287149
vt 0.924616 0.282625
vt 0.916068 0.382806
vt 0.927169 0.382806
vt 0.727426 0.392571
vt 0.727426 0.400374
vt 0.641883 0.392571
vt 0.641902 0.400374
vt 0.609613 0.396359
vt 0.599725 0.406187
vt 0.634653 0.406187
vt 0.628473 0.396359
vt 0.609613 0.388813
vt 0.628473 0.388813
vt 0.599725 0.379017
vt 0.634653 0.379017
vt 0.015761 0.692189
vt 0.015761 0.704859
vt 0.004161 0.704859
vt 0.004161 0.692189
vt 0.066283 0.688810
vt 0.066282 0.847590
vt 0.049777 0.847528
vt 0.049777 0.688937
vt 0.080762 0.847590
vt 0.092039 0.688806
vt 0.243298 0.403270
vt 0.339000 0.403270
vt 0.339000 0.390958
vt 0.335765 0.414053
vt 0.240355 0.414053
vt 0.335766 0.378865
vt 0.240355 0.378865
vt 0.035448 0.847528
vt 0.015761 0.692189
vt 0.015761 0.704859
vt 0.004161 0.704859
vt 0.004161 0.692189
vt 0.066283 0.688810
vt 0.066282 0.847590
vt 0.049777 0.847528
vt 0.049777 0.688937
vt 0.080762 0.847590
vt 0.092039 0.688806
vt 0.243298 0.403270
vt 0.339000 0.403270
vt 0.339000 0.390958
vt 0.335765 0.414053
vt 0.240355 0.414053
vt 0.335766 0.378865
vt 0.240355 0.378865
vt 0.035448 0.847528
vt 0.015761 0.692189
vt 0.004161 0.692189
vt 0.004161 0.704859
vt 0.015761 0.704859
vt 0.066283 0.688810
vt 0.049777 0.688937
vt 0.049777 0.847528
vt 0.066282 0.847590
vt 0.080762 0.847590
vt 0.092039 0.688806
vt 0.339000 0.390958
vt 0.339000 0.403270
vt 0.243298 0.403270
vt 0.335765 0.414053
vt 0.240355 0.414053
vt 0.335766 0.378865
vt 0.240355 0.378865
vt 0.035448 0.847528
vt 0.889231 0.184944
vt 0.889231 0.184944
vt 0.162987 0.378807
vt 0.162987 0.596781
vt 0.062683 0.596777
vt 0.062683 0.378804
vt 0.008256 0.378797
vt 0.198466 0.596782
vt 0.027629 0.596774
vt 0.218072 0.378804
vt 0.008256 0.596774
vt 0.218072 0.596782
vt 0.000000 0.000000
vt 0.000000 0.000000
vt 0.198466 0.378807
vt 0.027629 0.378808
vt 0.563460 0.644233
vt 0.563462 0.656900
vt 0.578591 0.656900
vt 0.578591 0.644233
vt 0.560774 0.688810
vt 0.560774 0.847590
vt 0.578701 0.847590
vt 0.578701 0.688810
vt 0.539018 0.847590
vt 0.539070 0.688806
vt 0.345092 0.392723
vt 0.345092 0.413670
vt 0.432964 0.413670
vt 0.432964 0.392723
vt 0.444896 0.392723
vt 0.444891 0.413670
vt 0.593093 0.413670
vt 0.593089 0.392723
vt 0.619608 0.667251
vt 0.341438 0.377202
vt 0.345092 0.388513
vt 0.432964 0.388513
vt 0.429030 0.376827
vt 0.444896 0.388513
vt 0.593089 0.388513
vt 0.581811 0.378865
vt 0.435618 0.378865
vt 0.068511 0.995476
vt 0.000000 0.000000
vt 0.650350 0.673832
vt 0.581811 0.378865
vt 0.432964 0.388513
vt 0.593089 0.388513
vt 0.939653 0.377455
vt 0.792836 0.377455
vt 0.740579 0.360186
vt 0.994778 0.072345
vt 0.863044 0.175914
vt 0.991910 0.360186
vt 0.734820 0.071447
vt 0.939653 0.290937
vt 0.863044 0.006588
vt 0.792836 0.290937
vt 0.991910 0.291029
vt 0.740579 0.291029
vt 0.805281 0.382806
vt 0.927169 0.382806
vt 0.805281 0.289754
vt 0.924616 0.282625
vt 0.911440 0.289754
vt 0.727426 0.392571
vt 0.727426 0.400374
vt 0.609613 0.396359
vt 0.599725 0.406187
vt 0.634653 0.406187
vt 0.628473 0.396359
vt 0.609613 0.388813
vt 0.628473 0.388813
vt 0.599725 0.379017
vt 0.634653 0.379017
vt 0.641883 0.392571
vt 0.641902 0.400374
vt 0.007313 0.235065
vt 0.727426 0.235067
vt 0.837407 0.621523
vt 0.786269 0.585044
vt 0.807817 0.621415
vt 0.733810 0.621167
vt 0.763273 0.656018
vt 0.763399 0.621279
vt 0.807692 0.656154
vt 0.539018 0.847590
vt 0.015761 0.704859
vt 0.004161 0.704859
vt 0.004161 0.692189
vt 0.015761 0.692189
vt 0.066282 0.847590
vt 0.049777 0.847528
vt 0.066283 0.688810
vt 0.080762 0.847590
vt 0.339000 0.390958
vt 0.335766 0.378865
vt 0.339000 0.403270
vt 0.035448 0.847528
vt 0.335765 0.414053
vt 0.620987 0.595623
vt 0.620987 0.523657
vt 0.506632 0.595623
vt 0.506632 0.523657
vt 0.544567 0.847590
vt 0.087283 0.847590
vt 0.544567 0.697672
vt 0.087283 0.697672
vt 0.832790 0.188460
vt 0.796497 0.253801
vt 0.796297 0.128744
vt 0.756791 0.188461
vt 0.756792 0.253942
vt 0.756791 0.128937
vt 0.007305 0.361271
vt 0.727426 0.361271
vt 0.938218 0.463637
vt 0.991567 0.436923
vt 0.977220 0.414761
vt 0.927645 0.451253
vt 0.938841 0.388702
vt 0.904850 0.435674
vt 0.795235 0.388629
vt 0.829047 0.435683
vt 0.756852 0.414390
vt 0.803758 0.450473
vt 0.742144 0.436295
vt 0.792849 0.462611
vt 0.863623 0.535436
vt 0.734958 0.006588
vt 0.995074 0.006588
vt 0.242544 0.595623
vt 0.242544 0.523657
vt 0.358346 0.523657
vt 0.358346 0.595623
vt 0.499265 0.595623
vt 0.499265 0.523657
vt 0.367191 0.523657
vt 0.242067 0.517901
vt 0.242067 0.419438
vt 0.523789 0.419438
vt 0.523789 0.517901
vt 0.728060 0.517901
vt 0.728060 0.419438
vt 0.240355 0.378865
vt 0.240355 0.414053
vt 0.342070 0.378712
vt 0.634412 0.669274
vt 0.444896 0.388513
vt 0.560774 0.688810
vt 0.345092 0.388513
vt 0.563460 0.644233
vt 0.435618 0.378865
vt 0.921406 0.661718
vt 0.902651 0.661718
vt 0.902651 0.581607
vt 0.925941 0.581607
vt 0.927962 0.554967
vt 0.902779 0.551830
vt 0.902763 0.540412
vt 0.939143 0.554895
vt 0.941853 0.669242
vt 0.925959 0.673829
vt 0.941848 0.581534
vt 0.940075 0.608312
vt 0.958820 0.608312
vt 0.956021 0.634940
vt 0.940203 0.634940
vt 0.367191 0.595623
vt 0.000000 0.000000
vt 0.429007 0.376687
vt 0.000000 0.000000
vt 0.727426 0.374710
vt 0.007306 0.374710
vt 0.578701 0.688810
vt 0.432964 0.413670
vt 0.673640 0.581607
vt 0.593093 0.413670
vt 0.578701 0.847590
vt 0.560774 0.847590
vt 0.432964 0.392723
vt 0.593089 0.392723
vt 0.345092 0.413670
vt 0.578591 0.644233
vt 0.673528 0.540412
vt 0.654895 0.581607
vt 0.345092 0.392723
vt 0.673640 0.661718
vt 0.654885 0.661718
vt 0.578591 0.656900
vt 0.673512 0.551830
vt 0.657694 0.551807
vt 0.563462 0.656900
vt 0.921396 0.581607
vt 0.918597 0.555122
vt 0.902779 0.555122
vt 0.444891 0.413670
vt 0.657710 0.540389
vt 0.634443 0.581534
vt 0.539070 0.688806
vt 0.918597 0.551807
vt 0.918581 0.540389
vt 0.911440 0.382806
vt 0.820434 0.382806
vt 0.852327 0.181544
vt 0.862463 0.186069
vt 0.832790 0.194097
vt 0.756791 0.194098
vt 0.804290 0.621415
vt 0.767859 0.656018
vt 0.767985 0.621279
vt 0.804164 0.656154
vt 0.529842 0.419438
vt 0.529842 0.517901
vt 0.049777 0.688937
vt 0.092039 0.688806
vt 0.243298 0.403270
vt 0.897122 0.661718
vt 0.897122 0.581607
vt 0.881215 0.581535
vt 0.993794 0.847590
vt 0.993794 0.688810
vt 0.976140 0.688806
vt 0.619608 0.667251
vt 0.991189 0.662325
vt 0.978781 0.662320
vt 0.895099 0.555122
vt 0.883919 0.555050
vt 0.733810 0.621167
vt 0.763273 0.656018
vt 0.763399 0.621279
vt 0.807817 0.621415
vt 0.807692 0.656154
vt 0.837407 0.621523
vt 0.756791 0.194098
vt 0.756792 0.253942
vt 0.796497 0.253801
vt 0.832790 0.194097
vt 0.756791 0.188461
vt 0.832790 0.188460
vt 0.796297 0.128744
vt 0.756791 0.128937
vt 0.767985 0.621279
vt 0.767859 0.656018
vt 0.804164 0.656154
vt 0.804290 0.621415
vt 0.786269 0.585044
vt 0.733810 0.621167
vt 0.763273 0.656018
vt 0.763399 0.621279
vt 0.807817 0.621415
vt 0.807692 0.656154
vt 0.837407 0.621523
vt 0.756791 0.194098
vt 0.756792 0.253942
vt 0.796497 0.253801
vt 0.832790 0.194097
vt 0.756791 0.188461
vt 0.832790 0.188460
vt 0.796297 0.128744
vt 0.756791 0.128937
vt 0.767985 0.621279
vt 0.767859 0.656018
vt 0.804164 0.656154
vt 0.804290 0.621415
vt 0.786269 0.585044
vt 0.733810 0.621167
vt 0.763273 0.656018
vt 0.763399 0.621279
vt 0.807817 0.621415
vt 0.807692 0.656154
vt 0.837407 0.621523
vt 0.756791 0.194098
vt 0.756792 0.253942
vt 0.796497 0.253801
vt 0.832790 0.194097
vt 0.756791 0.188461
vt 0.832790 0.188460
vt 0.796297 0.128744
vt 0.756791 0.128937
vt 0.767985 0.621279
vt 0.767859 0.656018
vt 0.804164 0.656154
vt 0.804290 0.621415
vt 0.786269 0.585044
vt 0.820434 0.289754
vt 0.991910 0.360186
vt 0.991910 0.291029
vt 0.939653 0.290937
vt 0.939653 0.377455
vt 0.792836 0.377455
vt 0.792836 0.290937
vt 0.740579 0.291029
vt 0.740579 0.360186
vt 0.734820 0.071447
vt 0.863044 0.175914
vt 0.863044 0.006588
vt 0.734958 0.006588
vt 0.994778 0.072345
vt 0.995074 0.006588
vt 0.816381 0.289754
vt 0.805281 0.289754
vt 0.805281 0.382806
vt 0.816381 0.382806
vt 0.862463 0.186069
vt 0.852327 0.181544
vt 0.914480 0.287149
vt 0.924616 0.282625
vt 0.916068 0.382806
vt 0.927169 0.382806
vt 0.727426 0.392571
vt 0.727426 0.400374
vt 0.641883 0.392571
vt 0.641902 0.400374
vt 0.609613 0.396359
vt 0.599725 0.406187
vt 0.634653 0.406187
vt 0.628473 0.396359
vt 0.609613 0.388813
vt 0.628473 0.388813
vt 0.599725 0.379017
vt 0.634653 0.379017
vt 0.015761 0.692189
vt 0.015761 0.704859
vt 0.004161 0.704859
vt 0.004161 0.692189
vt 0.066283 0.688810
vt 0.066282 0.847590
vt 0.049777 0.847528
vt 0.049777 0.688937
vt 0.080762 0.847590
vt 0.092039 0.688806
vt 0.243298 0.403270
vt 0.339000 0.403270
vt 0.339000 0.390958
vt 0.335765 0.414053
vt 0.240355 0.414053
vt 0.335766 0.378865
vt 0.240355 0.378865
vt 0.035448 0.847528
vt 0.015761 0.692189
vt 0.015761 0.704859
vt 0.004161 0.704859
vt 0.004161 0.692189
vt 0.066283 0.688810
vt 0.066282 0.847590
vt 0.049777 0.847528
vt 0.049777 0.688937
vt 0.080762 0.847590
vt 0.092039 0.688806
vt 0.243298 0.403270
vt 0.339000 0.403270
vt 0.339000 0.390958
vt 0.335765 0.414053
vt 0.240355 0.414053
vt 0.335766 0.378865
vt 0.240355 0.378865
vt 0.035448 0.847528
vt 0.015761 0.692189
vt 0.004161 0.692189
vt 0.004161 0.704859
vt 0.015761 0.704859
vt 0.066283 0.688810
vt 0.049777 0.688937
vt 0.049777 0.847528
vt 0.066282 0.847590
vt 0.080762 0.847590
vt 0.092039 0.688806
vt 0.339000 0.390958
vt 0.339000 0.403270
vt 0.243298 0.403270
vt 0.335765 0.414053
vt 0.240355 0.414053
vt 0.335766 0.378865
vt 0.240355 0.378865
vt 0.035448 0.847528
vt 0.889231 0.184944
vt 0.563309 0.847590
vt 0.889231 0.184944
vt 0.000000 0.000000
vt 0.000000 0.000000
vt 0.563460 0.644233
vt 0.563462 0.656900
vt 0.578591 0.656900
vt 0.578591 0.644233
vt 0.560774 0.688810
vt 0.560774 0.847590
vt 0.578701 0.847590
vt 0.578701 0.688810
vt 0.539018 0.847590
vt 0.539070 0.688806
vt 0.345092 0.392723
vt 0.345092 0.413670
vt 0.432964 0.413670
vt 0.432964 0.392723
vt 0.444896 0.392723
vt 0.444891 0.413670
vt 0.593093 0.413670
vt 0.593089 0.392723
vt 0.341446 0.376561
vt 0.345092 0.388513
vt 0.432964 0.388513
vt 0.428982 0.376687
vt 0.444896 0.388513
vt 0.593089 0.388513
vt 0.581811 0.378865
vt 0.435618 0.378865
vt 0.635549 0.640628
vt 0.619736 0.640628
vt 0.619608 0.667251
vt 0.638347 0.667251
vt 0.984237 0.995476
vt 0.162987 0.378807
vt 0.062683 0.378804
vt 0.062683 0.596777
vt 0.162987 0.596781
vt 0.198466 0.378807
vt 0.198466 0.596782
vt 0.218072 0.596782
vt 0.218072 0.378804
vt 0.027629 0.596774
vt 0.027629 0.378808
vt 0.008256 0.378797
vt 0.008256 0.596774
vt 0.974220 0.537710
vt 0.998338 0.514852
vt 0.951931 0.470592
vt 0.918207 0.537685
vt 0.895154 0.513514
vt 0.947039 0.469065
vt 0.563309 0.995476
vt 0.068511 0.847590
vt 0.103812 0.642407
vt 0.528038 0.642407
vt 0.528038 0.627879
vt 0.103811 0.627878
vt 0.528038 0.601402
vt 0.103811 0.601402
vt 0.103812 0.662261
vt 0.528038 0.662261
vt 0.103812 0.646501
vt 0.528038 0.646501
vt 0.528038 0.631690
vt 0.103811 0.631689
vt 0.103812 0.642407
vt 0.528038 0.642407
vt 0.528038 0.627879
vt 0.103811 0.627878
vt 0.528038 0.601402
vt 0.103811 0.601402
vt 0.103812 0.662261
vt 0.528038 0.662261
vt 0.103812 0.646501
vt 0.528038 0.646501
vt 0.528038 0.631690
vt 0.103811 0.631689
vt 0.626011 0.228651
vt 0.727426 0.228651
vt 0.727426 0.006502
vt 0.626010 0.006502
vt 0.517145 0.228651
vt 0.517143 0.006502
vt 0.368669 0.228644
vt 0.366509 0.006502
vt 0.108701 0.006502
vt 0.005580 0.006502
vt 0.005589 0.228651
vt 0.108708 0.228651
vt 0.215875 0.006502
vt 0.215881 0.228651
vt 0.727426 0.228651
vt 0.626011 0.228651
vt 0.517145 0.228651
vt 0.368294 0.229675
vt 0.108550 0.232869
vt 0.005589 0.228651
vt 0.215881 0.228651
vt 0.556719 0.688810
vt 0.556719 0.847590
vt 0.650350 0.581607
vt 0.867885 0.006588
vt 0.867885 0.175914
vt 0.816381 0.289754
vt 0.816381 0.382806
vt 0.806823 0.283494
vt 0.816960 0.288017
vt 0.914480 0.287149
vt 0.879113 0.180676
vt 0.868976 0.185201
vt 0.916068 0.382806
vt 0.927169 0.289754
vt 0.916068 0.289754
vt 0.935108 0.377455
vt 0.935108 0.290937
vt 0.931912 0.289754
vt 0.931912 0.382806
vt 0.883021 0.179373
vt 0.928524 0.281323
vt 0.931538 0.279734
vt 0.802481 0.281757
vt 0.847985 0.179807
vt 0.841775 0.185378
vt 0.799468 0.280168
vt 0.800656 0.289754
vt 0.797460 0.290937
vt 0.797460 0.377455
vt 0.800656 0.382806
vt 0.865937 0.187806
vt 0.444896 0.392723
vt 0.635549 0.640628
vt 0.619736 0.640628
vt 0.638347 0.667251
vt 0.554115 0.662170
vt 0.541711 0.662166
vt 0.578579 0.662191
vt 0.563450 0.662191
vt 0.620270 0.634940
vt 0.636088 0.634940
vt 0.636216 0.608312
vt 0.617472 0.608312
vt 0.648329 0.554967
vt 0.637149 0.554895
vt 0.673512 0.555122
vt 0.657694 0.555122
vt 0.071261 0.688810
vt 0.071261 0.847590
vt 0.243298 0.390958
vt 0.027280 0.662489
vt 0.041884 0.662493
vt 0.044949 0.688937
vt 0.024172 0.689060
vt 0.006176 0.662438
vt 0.017777 0.662438
vt 0.020229 0.689060
vt 0.003724 0.689060
vt 0.074327 0.662325
vt 0.088930 0.662320
vt 0.052230 0.662191
vt 0.063830 0.662191
vt 0.339000 0.406214
vt 0.243298 0.406214
vt 0.796497 0.253801
vt 0.756791 0.194098
vt 0.796297 0.128744
vt 0.756791 0.188461
vt 0.007305 0.361271
vt 0.727426 0.361271
vt 0.767985 0.621279
vt 0.804290 0.621415
vt 0.243298 0.387422
vt 0.339000 0.387422
vt 0.044949 0.847528
vt 0.941848 0.581534
vt 0.925941 0.581607
vt 0.590702 0.995476
vt 0.590702 0.847590
vt 0.597637 0.662320
vt 0.585233 0.662325
vt 0.582629 0.688810
vt 0.600278 0.688806
vt 0.692504 0.555050
vt 0.681324 0.555122
vt 0.679301 0.581607
vt 0.695208 0.581535
vt 0.897122 0.581607
vt 0.881215 0.581535
vt 0.695208 0.581535
vt 0.679301 0.581607
vt 0.679301 0.661718
vt 0.600278 0.688806
vt 0.976140 0.688806
vt 0.787469 0.473206
vt 0.993794 0.688810
vt 0.582629 0.688810
vt 0.582629 0.847590
vt 0.796497 0.253801
vt 0.756791 0.194098
vt 0.796297 0.128744
vt 0.756791 0.188461
vt 0.767985 0.621279
vt 0.804290 0.621415
vt 0.796497 0.253801
vt 0.756791 0.194098
vt 0.796297 0.128744
vt 0.756791 0.188461
vt 0.767985 0.621279
vt 0.804290 0.621415
vt 0.796497 0.253801
vt 0.756791 0.194098
vt 0.796297 0.128744
vt 0.756791 0.188461
vt 0.767985 0.621279
vt 0.804290 0.621415
vt 0.867885 0.006588
vt 0.867885 0.175914
vt 0.816960 0.288017
vt 0.806823 0.283494
vt 0.868976 0.185201
vt 0.879113 0.180676
vt 0.916068 0.289754
vt 0.927169 0.289754
vt 0.935108 0.377455
vt 0.931912 0.382806
vt 0.931912 0.289754
vt 0.935108 0.290937
vt 0.931538 0.279734
vt 0.928524 0.281323
vt 0.883021 0.179373
vt 0.802481 0.281757
vt 0.799468 0.280168
vt 0.841775 0.185378
vt 0.847985 0.179807
vt 0.800656 0.289754
vt 0.800656 0.382806
vt 0.797460 0.377455
vt 0.797460 0.290937
vt 0.820434 0.289754
vt 0.911440 0.289754
vt 0.911440 0.382806
vt 0.820434 0.382806
vt 0.865937 0.187806
vt 0.071261 0.688810
vt 0.071261 0.847590
vt 0.243298 0.390958
vt 0.027280 0.662489
vt 0.024172 0.689060
vt 0.044949 0.688937
vt 0.041884 0.662493
vt 0.006176 0.662438
vt 0.003724 0.689060
vt 0.020229 0.689060
vt 0.017777 0.662438
vt 0.074327 0.662325
vt 0.088930 0.662320
vt 0.052230 0.662191
vt 0.063830 0.662191
vt 0.243298 0.406214
vt 0.339000 0.406214
vt 0.339000 0.387422
vt 0.243298 0.387422
vt 0.044949 0.847528
vt 0.071261 0.688810
vt 0.071261 0.847590
vt 0.243298 0.390958
vt 0.027280 0.662489
vt 0.041884 0.662493
vt 0.044949 0.688937
vt 0.024172 0.689060
vt 0.006176 0.662438
vt 0.017777 0.662438
vt 0.020229 0.689060
vt 0.003724 0.689060
vt 0.074327 0.662325
vt 0.088930 0.662320
vt 0.052230 0.662191
vt 0.063830 0.662191
vt 0.339000 0.406214
vt 0.243298 0.406214
vt 0.243298 0.387422
vt 0.339000 0.387422
vt 0.044949 0.847528
vt 0.071261 0.688810
vt 0.071261 0.847590
vt 0.243298 0.390958
vt 0.027280 0.662489
vt 0.024172 0.689060
vt 0.044949 0.688937
vt 0.041884 0.662493
vt 0.006176 0.662438
vt 0.003724 0.689060
vt 0.020229 0.689060
vt 0.017777 0.662438
vt 0.074327 0.662325
vt 0.088930 0.662320
vt 0.052230 0.662191
vt 0.063830 0.662191
vt 0.243298 0.406214
vt 0.339000 0.406214
vt 0.339000 0.387422
vt 0.243298 0.387422
vt 0.044949 0.847528
vt 0.166963 0.378807
vt 0.166963 0.596781
vt 0.199758 0.596782
vt 0.199758 0.378808
vt 0.058697 0.596777
vt 0.058697 0.378804
vt 0.025601 0.596717
vt 0.025584 0.378805
vt 0.556719 0.688810
vt 0.556719 0.847590
vt 0.635549 0.640628
vt 0.638347 0.667251
vt 0.619736 0.640628
vt 0.554115 0.662170
vt 0.541711 0.662166
vt 0.578579 0.662191
vt 0.563450 0.662191
vt 0.556719 0.688810
vt 0.556719 0.847590
vt 0.650350 0.581607
vt 0.867885 0.006588
vt 0.867885 0.175914
vt 0.816381 0.289754
vt 0.816381 0.382806
vt 0.806823 0.283494
vt 0.816960 0.288017
vt 0.914480 0.287149
vt 0.879113 0.180676
vt 0.868976 0.185201
vt 0.916068 0.382806
vt 0.927169 0.289754
vt 0.916068 0.289754
vt 0.935108 0.377455
vt 0.935108 0.290937
vt 0.931912 0.289754
vt 0.931912 0.382806
vt 0.883021 0.179373
vt 0.928524 0.281323
vt 0.931538 0.279734
vt 0.802481 0.281757
vt 0.847985 0.179807
vt 0.841775 0.185378
vt 0.799468 0.280168
vt 0.800656 0.289754
vt 0.797460 0.290937
vt 0.797460 0.377455
vt 0.800656 0.382806
vt 0.865937 0.187806
vt 0.444896 0.392723
vt 0.635549 0.640628
vt 0.619736 0.640628
vt 0.638347 0.667251
vt 0.554115 0.662170
vt 0.541711 0.662166
vt 0.578579 0.662191
vt 0.563450 0.662191
vt 0.620270 0.634940
vt 0.636088 0.634940
vt 0.636216 0.608312
vt 0.617472 0.608312
vt 0.648329 0.554967
vt 0.637149 0.554895
vt 0.673512 0.555122
vt 0.657694 0.555122
vt 0.071261 0.688810
vt 0.071261 0.847590
vt 0.243298 0.390958
vt 0.027280 0.662489
vt 0.041884 0.662493
vt 0.044949 0.688937
vt 0.024172 0.689060
vt 0.006176 0.662438
vt 0.017777 0.662438
vt 0.020229 0.689060
vt 0.003724 0.689060
vt 0.074327 0.662325
vt 0.088930 0.662320
vt 0.052230 0.662191
vt 0.063830 0.662191
vt 0.339000 0.406214
vt 0.243298 0.406214
vt 0.796497 0.253801
vt 0.756791 0.194098
vt 0.796297 0.128744
vt 0.756791 0.188461
vt 0.007305 0.361271
vt 0.727426 0.361271
vt 0.767985 0.621279
vt 0.804290 0.621415
vt 0.243298 0.387422
vt 0.339000 0.387422
vt 0.044949 0.847528
vt 0.941848 0.581534
vt 0.925941 0.581607
vt 0.068511 0.995476
vt 0.068511 0.847590
vt 0.597637 0.662320
vt 0.585233 0.662325
vt 0.582629 0.688810
vt 0.600278 0.688806
vt 0.692504 0.555050
vt 0.681324 0.555122
vt 0.679301 0.581607
vt 0.695208 0.581535
vt 0.897122 0.581607
vt 0.881215 0.581535
vt 0.695208 0.581535
vt 0.679301 0.581607
vt 0.679301 0.661718
vt 0.600278 0.688806
vt 0.976140 0.688806
vt 0.787469 0.473206
vt 0.993794 0.688810
vt 0.582629 0.688810
vt 0.582629 0.847590
vt 0.796497 0.253801
vt 0.756791 0.194098
vt 0.796297 0.128744
vt 0.756791 0.188461
vt 0.767985 0.621279
vt 0.804290 0.621415
vt 0.796497 0.253801
vt 0.756791 0.194098
vt 0.796297 0.128744
vt 0.756791 0.188461
vt 0.767985 0.621279
vt 0.804290 0.621415
vt 0.796497 0.253801
vt 0.756791 0.194098
vt 0.796297 0.128744
vt 0.756791 0.188461
vt 0.767985 0.621279
vt 0.804290 0.621415
vt 0.867885 0.006588
vt 0.867885 0.175914
vt 0.816960 0.288017
vt 0.806823 0.283494
vt 0.868976 0.185201
vt 0.879113 0.180676
vt 0.916068 0.289754
vt 0.927169 0.289754
vt 0.935108 0.377455
vt 0.931912 0.382806
vt 0.931912 0.289754
vt 0.935108 0.290937
vt 0.931538 0.279734
vt 0.928524 0.281323
vt 0.883021 0.179373
vt 0.802481 0.281757
vt 0.799468 0.280168
vt 0.841775 0.185378
vt 0.847985 0.179807
vt 0.800656 0.289754
vt 0.800656 0.382806
vt 0.797460 0.377455
vt 0.797460 0.290937
vt 0.820434 0.289754
vt 0.911440 0.289754
vt 0.911440 0.382806
vt 0.820434 0.382806
vt 0.865937 0.187806
vt 0.071261 0.688810
vt 0.071261 0.847590
vt 0.243298 0.390958
vt 0.027280 0.662489
vt 0.024172 0.689060
vt 0.044949 0.688937
vt 0.041884 0.662493
vt 0.006176 0.662438
vt 0.003724 0.689060
vt 0.020229 0.689060
vt 0.017777 0.662438
vt 0.074327 0.662325
vt 0.088930 0.662320
vt 0.052230 0.662191
vt 0.063830 0.662191
vt 0.243298 0.406214
vt 0.339000 0.406214
vt 0.339000 0.387422
vt 0.243298 0.387422
vt 0.044949 0.847528
vt 0.071261 0.688810
vt 0.071261 0.847590
vt 0.243298 0.390958
vt 0.027280 0.662489
vt 0.041884 0.662493
vt 0.044949 0.688937
vt 0.024172 0.689060
vt 0.006176 0.662438
vt 0.017777 0.662438
vt 0.020229 0.689060
vt 0.003724 0.689060
vt 0.074327 0.662325
vt 0.088930 0.662320
vt 0.052230 0.662191
vt 0.063830 0.662191
vt 0.339000 0.406214
vt 0.243298 0.406214
vt 0.243298 0.387422
vt 0.339000 0.387422
vt 0.044949 0.847528
vt 0.071261 0.688810
vt 0.071261 0.847590
vt 0.243298 0.390958
vt 0.027280 0.662489
vt 0.024172 0.689060
vt 0.044949 0.688937
vt 0.041884 0.662493
vt 0.006176 0.662438
vt 0.003724 0.689060
vt 0.020229 0.689060
vt 0.017777 0.662438
vt 0.074327 0.662325
vt 0.088930 0.662320
vt 0.052230 0.662191
vt 0.063830 0.662191
vt 0.243298 0.406214
vt 0.339000 0.406214
vt 0.339000 0.387422
vt 0.243298 0.387422
vt 0.044949 0.847528
vt 0.556719 0.688810
vt 0.556719 0.847590
vt 0.554115 0.662170
vt 0.541711 0.662166
vt 0.578579 0.662191
vt 0.563450 0.662191
vt 0.166963 0.378807
vt 0.166963 0.596781
vt 0.199758 0.596782
vt 0.199758 0.378808
vt 0.058697 0.596777
vt 0.058697 0.378804
vt 0.025601 0.596717
vt 0.025584 0.378805
vt 0.590702 0.995476
vt 0.984237 0.995476
vt 0.984229 0.847600
vt 0.590702 0.847590
vt 0.727426 0.006502
vt 0.626010 0.006502
vt 0.517143 0.006502
vt 0.366509 0.006502
vt 0.005580 0.006502
vt 0.108701 0.006502
vt 0.215875 0.006502
vt 0.863623 0.535436
vt 0.863623 0.535436
vt 0.863623 0.535436
vt 0.863623 0.535436
vn -0 -1 6.123233995736766E-17
vn -1 -0.000105 6.4293956955236045E-21
vn 0 0 0
vn 1 0.000603 0.00011199999999999996
vn 1 9.6E-05 -1.3000000000000004E-05
vn 1 -0.000189 -6.599999999999999E-05
vn 1 8.3E-05 -5.082284216461516E-21
vn -1 0 0
vn 1 0 0
vn 1 0 0
vn 0.907431 0.0012940000000000258 0.420199
vn -0.907592 0.0012920000000000258 0.419851
vn -1 0 0
vn -0.907592 0.0012920000000000258 0.419851
vn -1 0 0
vn -0.907592 0.0012920000000000258 0.419851
vn 1 0 0
vn -1 0 0
vn 1 0 0
vn 1 0 0
vn -1 0 0
vn 1 0 0
vn -0.91317 2.4957015887483954E-17 0.407579
vn 2E-06 -1 -1.9999999999387675E-06
vn 0 6.123233995736766E-17 1
vn 0 6.123233995736766E-17 1
vn -1 0 0
vn -1 0 0
vn -1 0 0
vn -1 0 0
vn 1 2.6000000000000002E-05 3.9E-05
vn 1 3.0000000000000005E-06 4E-06
vn 1 3.0000000000000005E-06 4E-06
vn 1 -2.1000000000000002E-05 -3.1E-05
vn 0 6.123233995736766E-17 1
vn 0 6.123233995736766E-17 1
vn -0 -0.30737499999999995 0.951588
vn -0 -0.30737499999999995 0.951588
vn -1 1.8369701987210298E-22 3E-06
vn 0 -1 6.123233995736766E-17
vn -1 1.8369701987210298E-22 3E-06
vn 1 0 0
vn 1 0 0
vn 1 0 0
vn -1 1.8369701987210298E-22 3E-06
vn 1 -6.3E-05 -6.999999999999996E-06
vn 0 -0.00033199999999993874 1
vn 0 -0.00033199999999993874 1
vn 0 -0.00033199999999993874 1
vn 0 -0.00033199999999993874 1
vn -1E-05 -1 1.0000000000612324E-06
vn -5E-06 -1 6.123233995736766E-17
vn -3E-06 -0.998748 0.050026000000000063
vn 1 0 0
vn 0 -0.3189759999999999 0.947763
vn 1 0 0
vn -6E-06 -0.3189759999999999 0.947763
vn -1 0 0
vn -1 0 0
vn 0 -1 6.123233995736766E-17
vn 0 -1 6.123233995736766E-17
vn 0 -1 6.123233995736766E-17
vn 0 -1 6.123233995736766E-17
vn 0 -1 6.123233995736766E-17
vn 0 -1 6.123233995736766E-17
vn 0 -1 6.123233995736766E-17
vn 0 -1 6.123233995736766E-17
vn 0.882014 -0.00014099999999997115 0.471224
vn -0.88249 -0.0013429999999999712 0.47033
vn 0.882014 -0.00014099999999997115 0.471224
vn 0.882014 -0.00014099999999997115 0.471224
vn -0.88249 -0.0013429999999999712 0.47033
vn 0.882488 -0.0013429999999999712 0.470333
vn -0 6.123233995736766E-17 1
vn -0 6.123233995736766E-17 1
vn 0 -0.714647 0.699485
vn 0 -0.604445 0.796647
vn -0.102715 -0.585847 0.803886
vn -0.192072 -0.705877 0.681796
vn -0.482753 -0.39825299999999997 0.779964
vn -0.697732 -0.31103499999999995 0.645312
vn -0.668667 0.19479200000000005 0.717593
vn -0.617554 0.4154070000000001 0.66788
vn -0.212774 0.581943 0.784901
vn -0.158683 0.72597 0.669169
vn 0 0.629062 0.777355
vn 0 0.784575 0.620034
vn -0.61678 -0.004887999999999951 0.78712
vn -0.276404 -0.857587 -0.43375699999999995
vn -0.783261 -0.32906700000000005 -0.527463
vn -0.680971 -0.503947 -0.531334
vn -0.776406 0.31807699999999994 -0.544078
vn -0.268329 0.832958 -0.4839220000000001
vn -0.672412 0.48671299999999995 -0.557649
vn -0.907709 0.0007370000000000257 0.419599
vn 0.907549 0.0007370000000000257 0.419947
vn 0 -1 6.123233995736766E-17
vn 0 -1 6.123233995736766E-17
vn 0 -1 6.123233995736766E-17
vn 0 -1 6.123233995736766E-17
vn -1E-06 -1 1.0000000000612324E-06
vn 0 -1 6.123233995736766E-17
vn -1E-06 -1 1.0000000000612324E-06
vn 0 -1 6.123233995736766E-17
vn 0 -1 6.123233995736766E-17
vn 0 -1 6.123233995736766E-17
vn 0 -1 6.123233995736766E-17
vn -1 -0.000665 4.071950607164949E-20
vn -1 -0.000665 4.071950607164949E-20
vn 1 0 0
vn -1 0 0
vn 1 -0.000189 -6.599999999999999E-05
vn 1 0.000316 5.799999999999998E-05
vn 1 9.6E-05 -1.3000000000000004E-05
vn -0 -0.998749 0.050014000000000065
vn 1 -0.000159 -0.000133
vn 0 -0.00033199999999993874 1
vn 1 0.000108 -2.5000000000000008E-05
vn 0 1 -6.123233995736766E-17
vn 0 1 -6.123233995736766E-17
vn -0 0.999243 0.03891299999999994
vn 0.994223 0.00043700000000000656 0.107333
vn 0.994223 0.00043700000000000656 0.107333
vn -1.2E-05 0.0062730000000000615 0.99998
vn -1.2E-05 0.0062730000000000615 0.99998
vn 0.994234 0.0006340000000000066 0.107228
vn 1 -3.7E-05 7.0000000000000024E-06
vn 1 -0.000603 0.00011200000000000004
vn 0.994223 0.00043700000000000656 0.107333
vn -1E-06 -0.99461 0.10369100000000006
vn -1E-06 -0.99461 0.10369100000000006
vn -1E-06 -0.99461 0.10369100000000006
vn -1E-06 -0.994609 0.10369200000000006
vn -1E-06 -1 2.0000000000612323E-06
vn 0 0 0
vn 1 -0.000219 1.3409882450663518E-20
vn 0 0 0
vn -0 6.123233995736766E-17 1
vn 0 -1.0999999999938768E-05 1
vn -0 -0.998749 0.050014000000000065
vn 0 -0.31820799999999994 0.948021
vn -0 -0.999243 0.038913000000000066
vn -3E-06 -0.754539 0.656255
vn 0 -1 6.123233995736766E-17
vn 0 -1 6.123233995736766E-17
vn -2E-06 -0.31820799999999994 0.948021
vn -8E-06 -0.75454 0.656254
vn 0 -0.31820799999999994 0.948021
vn 0 -0.00033199999999993874 1
vn -1.4E-05 -0.006275999999999939 0.99998
vn -0 -0.999243 0.038913000000000066
vn 0 -0.31820799999999994 0.948021
vn 0 -0.00033199999999993874 1
vn 0 -1 6.123233995736766E-17
vn 0 -1 6.123233995736766E-17
vn -7E-06 -0.006285999999999938 0.99998
vn -7E-06 -0.006285999999999938 0.99998
vn -0 0.999243 0.03891299999999994
vn -1E-06 0.996972 0.07776699999999995
vn -1E-06 0.996972 0.07776699999999995
vn 0 0.994858 0.10127799999999995
vn -3E-06 -0.754539 0.656255
vn -7E-06 -0.006285999999999938 0.99998
vn 0.997432 -0.0003469999999999956 0.071615
vn 0.997435 -0.0001489999999999956 0.071579
vn -7E-06 0.0062790000000000614 0.99998
vn -1.2E-05 0.0062730000000000615 0.99998
vn 2E-06 -1 -1.9999999999387675E-06
vn 0 -1 6.123233995736766E-17
vn 0.913171 -2.999999999975043E-06 0.407577
vn 0.913171 -2.999999999975043E-06 0.407577
vn -0.882014 -0.00013699999999997113 0.471224
vn -0.88249 -0.0013429999999999712 0.47033
vn 0 -0.999993 -0.003688999999999939
vn 0 -0.999993 -0.003688999999999939
vn 0 -0.999993 -0.003688999999999939
vn 0 -0.999993 -0.003688999999999939
vn -1 -0.000665 4.071950607164949E-20
vn -1 -0.000665 4.071950607164949E-20
vn -0 -1 6.123233995736766E-17
vn -0 -0.998748 0.05002500000000006
vn 0.999486 -8.999999999998037E-06 0.032057
vn -6E-06 -0.3189759999999999 0.947763
vn -1 0 0
vn -0.999988 2.20000000000003E-05 0.00493
vn -0.999988 3.1000000000000306E-05 0.004926
vn -1 0 0
vn -0.999988 1.0000000000003017E-06 0.004929
vn -0.999988 2.0000000000003015E-06 0.004928
vn 0 -0.00033199999999993874 1
vn -0.999988 2.0000000000003015E-06 0.004928
vn -0.999988 2.0000000000003015E-06 0.004928
vn -0.999988 3.1000000000000306E-05 0.004926
vn -0.999988 3.1000000000000306E-05 0.004926
vn 1 0 0
vn 1 0 0
vn 1 0 0
vn -1 3.061616997868383E-22 5E-06
vn -1 3.061616997868383E-22 5E-06
vn -1 3.061616997868383E-22 5E-06
vn -0.859961 -0.0015389999999999688 0.510357
vn -0.859961 -0.0015389999999999688 0.510357
vn -0.859961 -0.0015389999999999688 0.510357
vn -0.871632 -0.02946099999999997 0.489274
vn 0.871632 -0.02946499999999997 0.489274
vn 0.871632 -0.02946499999999997 0.489274
vn 0.871632 -0.02946499999999997 0.489274
vn 0.859959 -0.0015389999999999688 0.51036
vn 0 -0.999993 -0.003688999999999939
vn 0 -0.999993 -0.003688999999999939
vn 0 -0.999993 -0.003688999999999939
vn 0 -0.999993 -0.003688999999999939
vn 0 -1 6.123233995736766E-17
vn -1 0 0
vn -1 0 0
vn -1 0 0
vn 1 3.061616997868383E-22 5E-06
vn 1 3.061616997868383E-22 5E-06
vn 1 3.061616997868383E-22 5E-06
vn 0.88201 -0.00014399999999997114 0.471231
vn 0.882489 -0.0014919999999999712 0.470332
vn 0.88201 -0.00014399999999997114 0.471231
vn 0.88201 -0.00014399999999997114 0.471231
vn -0.882489 -0.0014919999999999712 0.470332
vn -0.882012 -0.00014899999999997112 0.471228
vn -0.882489 -0.0014919999999999712 0.470332
vn -0.882489 -0.0014919999999999712 0.470332
vn 0 -1 6.123233995736766E-17
vn 0 -0.999993 -0.003688999999999939
vn 0 -0.999993 -0.003688999999999939
vn 0 -1 6.123233995736766E-17
vn 0 -1 6.123233995736766E-17
vn -1 0 0
vn -1 0 0
vn -1 0 0
vn 1 3.061616997868383E-22 5E-06
vn 1 3.061616997868383E-22 5E-06
vn 1 3.061616997868383E-22 5E-06
vn 0.882012 -0.00014499999999997113 0.471228
vn 0.88249 -0.0014919999999999712 0.470329
vn 0.882012 -0.00014499999999997113 0.471228
vn 0.882012 -0.00014499999999997113 0.471228
vn -0.882487 -0.0014919999999999712 0.470335
vn -0.88201 -0.00014899999999997112 0.47123
vn -0.882487 -0.0014919999999999712 0.470335
vn -0.882487 -0.0014919999999999712 0.470335
vn 0 -1 6.123233995736766E-17
vn 0 -0.999993 -0.003688999999999939
vn 0 -0.999993 -0.003688999999999939
vn 0 -1 6.123233995736766E-17
vn 0 -1 6.123233995736766E-17
vn 2E-06 -1 -1.9999999999387675E-06
vn 1 0 0
vn 1 0 0
vn 1 0 0
vn 1 0 0
vn -1 0 0
vn -1 0 0
vn -1 0 0
vn -1 0 0
vn 0.90771 0.0007370000000000257 0.419598
vn 0.907585 0.0013310000000000257 0.419867
vn 0.90771 0.0007370000000000257 0.419598
vn 0.90771 0.0007370000000000257 0.419598
vn -0.907548 0.0007370000000000257 0.419948
vn -0.907548 0.0007370000000000257 0.419948
vn -1 0 0
vn -1 0 0
vn -1 0 0
vn -1 0 0
vn -0.913171 2.495689342280404E-17 0.407577
vn -0.91317 9.000000000024957E-06 0.407578
vn 0.913169 -1.7999999999975043E-05 0.407581
vn 0.91317 2.4957015887483954E-17 0.407579
vn 1 0 0
vn 1 0 0
vn 0 6.123233995736766E-17 1
vn 0 6.123233995736766E-17 1
vn 0 6.123233995736766E-17 1
vn 0 6.123233995736766E-17 1
vn 1 0 0
vn 1 0 0
vn 1 0 0
vn 1 0 0
vn -1 2.6000000000000002E-05 3.9E-05
vn -1 3.0000000000000005E-06 4E-06
vn -1 3.0000000000000005E-06 4E-06
vn -1 -2.1000000000000002E-05 -3.1E-05
vn 0 -0.00033199999999993874 1
vn 0 -0.00033199999999993874 1
vn 0 -0.00033199999999993874 1
vn 0 -0.00033199999999993874 1
vn 3E-06 -0.998748 0.050026000000000063
vn 1E-05 -1 1.0000000000612324E-06
vn 5E-06 -1 6.123233995736766E-17
vn 0 -0.998748 0.05002500000000006
vn -1 0 0
vn -0.999486 -8.999999999998037E-06 0.032057
vn 6E-06 -0.3189759999999999 0.947763
vn 0 -0.3189759999999999 0.947763
vn 0 -0.3189759999999999 0.947763
vn 1 0 0
vn 1 0 0
vn -1 0 0
vn -1 0 0
vn 1 0 0
vn 0 -0.00033199999999993874 1
vn 0 -0.00033199999999993874 1
vn 0 -0.00033199999999993874 1
vn 0 -0.00033199999999993874 1
vn -0 -0.998748 0.050028000000000065
vn 0 -1 6.123233995736766E-17
vn 0 -1 6.123233995736766E-17
vn -0 -0.998748 0.050028000000000065
vn 1 0 0
vn 0.999486 -8.999999999998037E-06 0.032057
vn -9E-06 -0.3189759999999999 0.947763
vn -9E-06 -0.3189759999999999 0.947763
vn -2E-06 -0.31897499999999995 0.947763
vn -1 0 0
vn -1 0 0
vn 1 0 0
vn 1 0 0
vn -1 0 0
vn 0 -0.00033199999999993874 1
vn 0 -0.00033199999999993874 1
vn 0 -0.00033199999999993874 1
vn 0 -0.00033199999999993874 1
vn 3E-06 -0.998748 0.050026000000000063
vn 0 -0.998748 0.05002500000000006
vn 5E-06 -1 6.123233995736766E-17
vn 1E-05 -1 1.0000000000612324E-06
vn -1 0 0
vn -0.999486 -8.999999999998037E-06 0.032059
vn 0 -0.31897499999999995 0.947763
vn 0 -0.31897499999999995 0.947763
vn 8E-06 -0.3189759999999999 0.947763
vn 1 0 0
vn 1 0 0
vn -1 0 0
vn -1 0 0
vn 1 0 0
vn 0.006071 0.999978 -0.002709000000000061
vn -0.006071 0.999978 -0.0027100000000000613
vn -1 0 0
vn -1 0 0
vn -1 0 0
vn -1 0 0
vn -0.047039 -0.998893 6.116455575703485E-17
vn -0.502782 0.864413 -5.293003067956805E-17
vn -0.494856 -0.868975 5.320937261445357E-17
vn -0.019406 0.999812 -6.122082827745568E-17
vn -0.047034 -0.998893 -9.999999999388355E-07
vn -0.019406 0.999812 -6.122082827745568E-17
vn 0 0 0
vn 0 0 0
vn -0.502782 0.864413 -5.293003067956805E-17
vn -0.494856 -0.868975 5.320937261445357E-17
vn 0 0.00033200000000006125 1
vn 0 0.00033200000000006125 1
vn 0 0.00033200000000006125 1
vn 0 0.00033200000000006125 1
vn -0 0.998749 0.050015999999999936
vn 0 1 -6.123233995736766E-17
vn 0 1 -6.123233995736766E-17
vn -0 0.998749 0.050015999999999936
vn 1 6.3E-05 -7.000000000000004E-06
vn 0.997435 0.00014900000000000438 0.071579
vn -4E-06 0.31820800000000005 0.948021
vn 0 0.3182070000000001 0.948021
vn -4E-06 0.31820800000000005 0.948021
vn -4E-06 0.31820800000000005 0.948021
vn -8E-06 0.749326 0.662201
vn -1E-06 0.749326 0.662201
vn -8E-06 0.749326 0.662201
vn -8E-06 0.749326 0.662201
vn 0 -0.994858 0.10127600000000006
vn 1 0.000192 -5.600000000000001E-05
vn 1 0.000167 -0.00011100000000000001
vn 1 0.000192 -5.600000000000001E-05
vn 1 0.000218 -1.334865011070615E-20
vn 1 -9.4E-05 -1.2999999999999994E-05
vn 1 -8.2E-05 5.021051876504148E-21
vn 1 -9.4E-05 -1.2999999999999994E-05
vn 1 -0.000106 -2.4999999999999994E-05
vn -0 -1 6.123233995736766E-17
vn 0 0 0
vn -1 -0.000616 0.00011400000000000005
vn -1 -9.6E-05 -1.2999999999999994E-05
vn -1 0.00019 -6.600000000000002E-05
vn -1 -8.3E-05 5.082284216461516E-21
vn 1 0 0
vn -1 0 0
vn -1 0 0
vn -0.907423 -0.0013299999999999742 0.420216
vn 0.907585 -0.0013309999999999741 0.419867
vn 1 0 0
vn 0.907585 -0.0013309999999999741 0.419867
vn 1 0 0
vn 0.907585 -0.0013309999999999741 0.419867
vn -1 0 0
vn 1 0 0
vn -1 0 0
vn -1 0 0
vn 1 0 0
vn -1 0 0
vn 0.91317 2.4957015887483954E-17 0.407579
vn -1E-06 1 -1.0000000000612324E-06
vn 0 6.123233995736766E-17 1
vn 0 6.123233995736766E-17 1
vn 1 0 0
vn 1 0 0
vn 1 0 0
vn 1 0 0
vn -1 -2.5999999999999995E-05 4.5E-05
vn -1 -3.999999999999999E-06 7E-06
vn -1 -3.999999999999999E-06 7E-06
vn -1 1.7999999999999997E-05 -3.1E-05
vn 0 6.123233995736766E-17 1
vn 0 6.123233995736766E-17 1
vn 0 0.30737500000000006 0.951588
vn 0 0.30737500000000006 0.951588
vn 1 0 0
vn 0 1 -6.123233995736766E-17
vn 1 0 0
vn -1 0 0
vn -1 0 0
vn -1 0 0
vn 1 0 0
vn -1 6.7E-05 -8.000000000000003E-06
vn 0 0.00033200000000006125 1
vn 0 0.00033200000000006125 1
vn 0 0.00033200000000006125 1
vn 0 0.00033200000000006125 1
vn 5E-06 1 -6.123233995736766E-17
vn 3E-06 1 -6.123233995736766E-17
vn 1E-06 0.998748 0.05002599999999994
vn -1 0 0
vn 0 0.31897500000000006 0.947763
vn -1 0 0
vn 8E-06 0.31897600000000004 0.947763
vn 1 0 0
vn 1 0 0
vn 0 1 -6.123233995736766E-17
vn 0 1 -6.123233995736766E-17
vn 0 1 -6.123233995736766E-17
vn 0 1 -6.123233995736766E-17
vn 0 1 -6.123233995736766E-17
vn 0 1 -6.123233995736766E-17
vn 0 1 -6.123233995736766E-17
vn 0 1 -6.123233995736766E-17
vn -0.88201 0.00014900000000002886 0.47123
vn 0.882489 0.001492000000000029 0.470332
vn -0.88201 0.00014900000000002886 0.47123
vn -0.88201 0.00014900000000002886 0.47123
vn 0.882489 0.001492000000000029 0.470332
vn -0.882487 0.001492000000000029 0.470334
vn 0 6.123233995736766E-17 1
vn 0 6.123233995736766E-17 1
vn 0 0.714648 0.699485
vn 0 0.604446 0.796646
vn 0.102715 0.585848 0.803885
vn 0.192072 0.705878 0.681795
vn 0.482754 0.39825400000000005 0.779963
vn 0.697732 0.31103600000000003 0.645311
vn 0.668669 -0.19479199999999994 0.717592
vn 0.617554 -0.41540799999999994 0.66788
vn 0.212774 -0.581943 0.784901
vn 0.158681 -0.72597 0.669169
vn 0 -0.629062 0.777355
vn 0 -0.784575 0.620034
vn 0.616779 0.004887000000000048 0.787121
vn 0.90771 -0.0007369999999999743 0.419598
vn -0.907548 -0.0007369999999999743 0.419948
vn 1E-06 1 -6.123233995736766E-17
vn 1E-06 1 -6.123233995736766E-17
vn 1E-06 1 -6.123233995736766E-17
vn 1E-06 1 -6.123233995736766E-17
vn 0 1 9.999999999387675E-07
vn 0 1 -6.123233995736766E-17
vn 0 1 9.999999999387675E-07
vn 0 1 -6.123233995736766E-17
vn 0 1 -6.123233995736766E-17
vn 0 1 -6.123233995736766E-17
vn 0 1 -6.123233995736766E-17
vn 1 0.000665 -4.071950607164949E-20
vn 1 0.000665 -4.071950607164949E-20
vn -1 0 0
vn 1 0 0
vn -1 0.00019 -6.600000000000002E-05
vn -1 -0.000317 5.900000000000002E-05
vn -1 -9.6E-05 -1.2999999999999994E-05
vn 0 0.998749 0.05001399999999994
vn -1 0.000161 -0.000132
vn 0 0.00033200000000006125 1
vn -1 -0.000108 -2.4999999999999994E-05
vn 0 -1 6.123233995736766E-17
vn 0 -1 6.123233995736766E-17
vn 0 -0.999242 0.03891600000000006
vn -0.994224 -0.00044599999999999344 0.107328
vn -0.994224 -0.00044599999999999344 0.107328
vn 1.2E-05 -0.006272999999999938 0.99998
vn 1.2E-05 -0.006272999999999938 0.99998
vn -0.994234 -0.0006339999999999934 0.107228
vn -1 2.8E-05 4.999999999999999E-06
vn -1 0.000616 0.00011399999999999997
vn -0.994224 -0.00044599999999999344 0.107328
vn 1E-06 0.99461 0.10368799999999995
vn 1E-06 0.99461 0.10368799999999995
vn 1E-06 0.99461 0.10368799999999995
vn 1E-06 0.99461 0.10368899999999995
vn 1E-06 1 9.999999999387675E-07
vn 0 0 0
vn -1 0.00022 -1.3471114790620885E-20
vn 0 0 0
vn 0 6.123233995736766E-17 1
vn 0 1.1000000000061232E-05 1
vn 0 0.998749 0.05001399999999994
vn 0 0.31820800000000005 0.948021
vn 0 0.999243 0.038913999999999935
vn 3E-06 0.75454 0.656254
vn 0 1 -6.123233995736766E-17
vn 0 1 -6.123233995736766E-17
vn 2E-06 0.31820800000000005 0.948021
vn 8E-06 0.75454 0.656254
vn 0 0.31820800000000005 0.948021
vn 0 0.00033200000000006125 1
vn 1.4E-05 0.006276000000000062 0.99998
vn 0 0.999243 0.038913999999999935
vn 0 0.31820800000000005 0.948021
vn 0 1 -6.123233995736766E-17
vn 0 1 -6.123233995736766E-17
vn 0 0.00033200000000006125 1
vn 7E-06 0.0062860000000000615 0.99998
vn 7E-06 0.0062860000000000615 0.99998
vn 0 0.00033200000000006125 1
vn 0 -0.999242 0.03891600000000006
vn 1E-06 -0.996971 0.07777300000000005
vn 1E-06 -0.996971 0.07777300000000005
vn 3E-06 0.75454 0.656254
vn 7E-06 0.0062860000000000615 0.99998
vn -0.997432 0.0003530000000000044 0.071612
vn -0.997435 0.0001560000000000044 0.071576
vn 7E-06 -0.006278999999999938 0.99998
vn 1.2E-05 -0.006272999999999938 0.99998
vn -1E-06 1 -1.0000000000612324E-06
vn 0 1 -6.123233995736766E-17
vn -0.91317 -9.999999999975044E-06 0.407578
vn -0.91317 -9.999999999975044E-06 0.407578
vn 0.88201 0.00014500000000002887 0.47123
vn 0.882489 0.001492000000000029 0.470332
vn 0 0.999993 -0.003689000000000061
vn 0 0.999993 -0.003689000000000061
vn 0 0.999993 -0.003689000000000061
vn 0 0.999993 -0.003689000000000061
vn 1 0.000665 -4.071950607164949E-20
vn 1 0.000665 -4.071950607164949E-20
vn 0 0.998748 0.05002499999999994
vn -0.999486 9.000000000001964E-06 0.032057
vn 8E-06 0.31897600000000004 0.947763
vn 1 0 0
vn 0.999988 -2.1999999999999698E-05 0.004933
vn 0.999988 -3.0999999999999696E-05 0.004928
vn 1 0 0
vn 0.999988 -9.99999999999698E-07 0.004932
vn 0.999988 -1.999999999999698E-06 0.004931
vn 0 -0.994858 0.10127600000000006
vn 0.999988 -1.999999999999698E-06 0.004931
vn 0.999988 -1.999999999999698E-06 0.004931
vn 0.999988 -3.0999999999999696E-05 0.004928
vn 0.999988 -3.0999999999999696E-05 0.004928
vn -1 0 0
vn -1 0 0
vn -1 0 0
vn 1 0 0
vn 1 0 0
vn 1 0 0
vn 0.88249 0.001492000000000029 0.470329
vn 0.88249 0.001492000000000029 0.470329
vn 0.88249 0.001492000000000029 0.470329
vn 0.882012 0.00014400000000002887 0.471228
vn -0.88201 0.00014900000000002886 0.47123
vn -0.88201 0.00014900000000002886 0.47123
vn -0.88201 0.00014900000000002886 0.47123
vn -0.882487 0.001492000000000029 0.470334
vn 0 0.999993 -0.003689000000000061
vn 0 0.999993 -0.003689000000000061
vn 0 0.999993 -0.003689000000000061
vn 0 0.999993 -0.003689000000000061
vn 0 1 -6.123233995736766E-17
vn 1 0 0
vn 1 0 0
vn 1 0 0
vn -1 1.8369701987210298E-22 3E-06
vn -1 1.8369701987210298E-22 3E-06
vn -1 1.8369701987210298E-22 3E-06
vn -0.872138 -0.02511999999999997 0.488615
vn -0.882489 0.0014250000000000289 0.470332
vn -0.872138 -0.02511999999999997 0.488615
vn -0.872138 -0.02511999999999997 0.488615
vn 0.882488 0.0014250000000000289 0.470333
vn 0.872138 -0.02511799999999997 0.488615
vn 0.882488 0.0014250000000000289 0.470333
vn 0.882488 0.0014250000000000289 0.470333
vn 2E-06 1 9.999999999387675E-07
vn 5E-06 0.999993 -0.003689000000000061
vn 2E-06 0.999993 -0.003686000000000061
vn 2E-06 1 9.999999999387675E-07
vn 2E-06 1 9.999999999387675E-07
vn 1 0 0
vn 1 0 0
vn 1 0 0
vn -1 3.061616997868383E-22 5E-06
vn -1 3.061616997868383E-22 5E-06
vn -1 3.061616997868383E-22 5E-06
vn -0.887088 -0.01576999999999997 0.461331
vn -0.89324 0.0013270000000000276 0.449578
vn -0.887088 -0.01576999999999997 0.461331
vn -0.887088 -0.01576999999999997 0.461331
vn 0.89324 0.0013270000000000276 0.449578
vn 0.887088 -0.01576999999999997 0.461331
vn 0.89324 0.0013270000000000276 0.449578
vn 0.89324 0.0013270000000000276 0.449578
vn 0 1 -6.123233995736766E-17
vn 0 0.999993 -0.003689000000000061
vn 0 0.999993 -0.003689000000000061
vn 0 1 -6.123233995736766E-17
vn 0 1 -6.123233995736766E-17
vn -1E-06 1 -1.0000000000612324E-06
vn -1 0 0
vn -1 0 0
vn -1 0 0
vn -1 0 0
vn 1 0 0
vn 1 0 0
vn 1 0 0
vn 1 0 0
vn -0.907709 -0.0007369999999999743 0.419599
vn -0.907596 -0.0012739999999999742 0.419842
vn -0.907709 -0.0007369999999999743 0.419599
vn -0.907709 -0.0007369999999999743 0.419599
vn 0.907549 -0.0007369999999999743 0.419947
vn 0.907549 -0.0007369999999999743 0.419947
vn 1 0 0
vn 1 0 0
vn 1 0 0
vn 1 0 0
vn 0.913171 2.495689342280404E-17 0.407577
vn 0.913171 4.000000000024957E-06 0.407577
vn -0.91317 4.000000000024957E-06 0.40758
vn -0.91317 2.4957015887483954E-17 0.407579
vn -1 0 0
vn -1 0 0
vn 0 6.123233995736766E-17 1
vn 0 6.123233995736766E-17 1
vn 0 6.123233995736766E-17 1
vn 0 6.123233995736766E-17 1
vn -1 0 0
vn -1 0 0
vn -1 0 0
vn -1 0 0
vn 1 -2.5999999999999995E-05 4.5E-05
vn 1 -3.999999999999999E-06 7E-06
vn 1 -3.999999999999999E-06 7E-06
vn 1 1.7999999999999997E-05 -3.1E-05
vn 0 0.00033200000000006125 1
vn 0 0.00033200000000006125 1
vn 0 0.00033200000000006125 1
vn 0 0.00033200000000006125 1
vn -1E-06 0.998748 0.05002599999999994
vn -5E-06 1 -6.123233995736766E-17
vn -3E-06 1 -6.123233995736766E-17
vn -0 0.998748 0.05002499999999994
vn 1 0 0
vn 0.999486 9.000000000001964E-06 0.032057
vn -8E-06 0.31897600000000004 0.947763
vn 0 0.31897500000000006 0.947763
vn 0 0.31897500000000006 0.947763
vn -1 0 0
vn -1 0 0
vn 1 0 0
vn 1 0 0
vn -1 0 0
vn 0 0.00033200000000006125 1
vn 0 0.00033200000000006125 1
vn 0 0.00033200000000006125 1
vn 0 0.00033200000000006125 1
vn 3E-06 0.998748 0.05002599999999994
vn 1E-05 1 9.999999999387675E-07
vn 5E-06 1 -6.123233995736766E-17
vn 0 0.998748 0.05002499999999994
vn -1 0 0
vn -0.999486 9.000000000001964E-06 0.032057
vn 6E-06 0.31897600000000004 0.947763
vn 6E-06 0.31897600000000004 0.947763
vn 2E-06 0.31897600000000004 0.947763
vn 1 0 0
vn 1 0 0
vn -1 0 0
vn -1 0 0
vn 1 0 0
vn 0 0.00033200000000006125 1
vn 0 0.00033200000000006125 1
vn 0 0.00033200000000006125 1
vn 0 0.00033200000000006125 1
vn -1E-06 0.998748 0.05002699999999994
vn -0 0.998748 0.05002699999999994
vn -3E-06 1 -6.123233995736766E-17
vn -5E-06 1 -6.123233995736766E-17
vn 1 0 0
vn 0.999486 9.000000000001964E-06 0.032057
vn 0 0.31897500000000006 0.947763
vn 0 0.31897500000000006 0.947763
vn -1E-05 0.31897600000000004 0.947763
vn -1 0 0
vn -1 0 0
vn 1 0 0
vn 1 0 0
vn -1 0 0
vn -0.006071 -0.999978 -0.002708999999999939
vn 0 1 -6.123233995736766E-17
vn 0.006071 -0.999978 -0.002709999999999939
vn 0 0 0
vn 0 0 0
vn 0 -0.00033199999999993874 1
vn 0 -0.00033199999999993874 1
vn 0 -0.00033199999999993874 1
vn 0 -0.00033199999999993874 1
vn 0 -0.998749 0.050014000000000065
vn 0 -1 6.123233995736766E-17
vn 0 -1 6.123233995736766E-17
vn 0 -0.998749 0.050014000000000065
vn -1 -6.7E-05 -7.999999999999996E-06
vn -0.997435 -0.0001559999999999956 0.07158
vn 2E-06 -0.31820799999999994 0.948021
vn 0 -0.31820799999999994 0.948021
vn 2E-06 -0.31820799999999994 0.948021
vn 2E-06 -0.31820799999999994 0.948021
vn 7E-06 -0.749326 0.662201
vn 4E-06 -0.749326 0.662201
vn 7E-06 -0.749326 0.662201
vn 7E-06 -0.749326 0.662201
vn -1 -0.000191 -6.0999999999999985E-05
vn -1 -0.000162 -0.00012199999999999998
vn -1 -0.000191 -6.0999999999999985E-05
vn -1 -0.00022 1.3471114790620885E-20
vn -1 9.9E-05 -1.6000000000000006E-05
vn -1 8.3E-05 -5.082284216461516E-21
vn -1 9.9E-05 -1.6000000000000006E-05
vn -1 0.000114 -3.100000000000001E-05
vn 0 0.994858 0.10127799999999995
vn 0 0.994858 0.10127799999999995
vn 0 0.994858 0.10127799999999995
vn 0 0.994858 0.10127799999999995
vn -1 -0.000105 6.4293956955236045E-21
vn 1 0 0
vn 1 0 0
vn 1 0 0
vn 1 0 0
vn 0.502778 -0.864416 5.2930214376587924E-17
vn 0.502778 -0.864416 5.2930214376587924E-17
vn 0.019411 -0.999812 6.122082827745568E-17
vn 0.019411 -0.999812 6.122082827745568E-17
vn 0.494854 0.868976 -5.320943384679352E-17
vn 0.494854 0.868976 -5.320943384679352E-17
vn 0.047035 0.998893 -6.116455575703485E-17
vn 0.047035 0.998893 -6.116455575703485E-17
vn 0.680972 0.503945 -0.531335
vn 0.276403 0.857588 -0.43375700000000006
vn 0.783262 0.32906599999999997 -0.527463
vn 0.776406 -0.31807900000000006 -0.544078
vn 0.268329 -0.832959 -0.48392099999999993
vn 0.672413 -0.48671300000000006 -0.557648
vn 0 1 -6.123233995736766E-17
vn -0 -1 6.123233995736766E-17
vn 0 0.736866 0.676039
vn 1E-06 0.736868 0.676037
vn -1E-06 -1 6.123233995736766E-17
vn -1E-06 -1 6.123233995736766E-17
vn -1E-06 -1 6.123233995736766E-17
vn -1E-06 -1 6.123233995736766E-17
vn 1E-06 1 -6.123233995736766E-17
vn 1E-06 1 -6.123233995736766E-17
vn 1E-06 1 -6.123233995736766E-17
vn 1E-06 1 -6.123233995736766E-17
vn 0 0.736866 0.676039
vn 0 0.736866 0.676039
vn -1E-06 -0.736869 0.676036
vn -0 -0.736862 0.676043
vn 1E-06 1 -6.123233995736766E-17
vn 1E-06 1 -6.123233995736766E-17
vn 1E-06 1 -6.123233995736766E-17
vn 1E-06 1 -6.123233995736766E-17
vn -0 -1 6.123233995736766E-17
vn -0 -1 6.123233995736766E-17
vn -0 -1 6.123233995736766E-17
vn -0 -1 6.123233995736766E-17
vn -1E-06 -0.736869 0.676036
vn -1E-06 -0.736869 0.676036
vn 0.002219 -0.73102 0.682353
vn 0.022095 -0.737589 0.674889
vn 0.044177 -0.743075 0.667748
vn 0.016948 -0.73564 0.67716
vn -0.008757 -0.733249 0.679903
vn -0.006538 -0.730344 0.683049
vn -0.003332 -0.741648 0.670781
vn -0.012089 -0.736765 0.676041
vn 0.001045 -0.75123 0.66004
vn 0.013816 -0.747455 0.664168
vn 0 -0.7438 0.668402
vn 0.000522 -0.747638 0.664106
vn -0.008884 -0.744996 0.66701
vn 0 -0.74425 0.667901
vn 0.000157 0.743801 0.668402
vn 0.014824 0.735814 0.677022
vn -0.004754 0.730424 0.682977
vn -0.004379 0.727691 0.685891
vn 0.008459 0.754391 0.656371
vn 0.011612 0.748109 0.663474
vn -0.011688 0.747891 0.663719
vn 0.999359 -9.19999999999978E-05 0.035789
vn 1 0 0
vn 0.999357 6.20000000000022E-05 0.035861
vn 0.907431 0.0012940000000000258 0.420199
vn 0.907431 0.0012940000000000258 0.420199
vn 1 0 0
vn 1 0 0
vn 0.913171 -2.999999999975043E-06 0.407577
vn 0.913171 2.495689342280404E-17 0.407577
vn -0.91317 2.4957015887483954E-17 0.407579
vn -0.91317 2.4957015887483954E-17 0.407579
vn -0.91317 -2.999999999975043E-06 0.40758
vn -1 0 0
vn -1 0 0
vn -1 0 0
vn 0.007073 0.999975 -6.123080914886872E-17
vn 0.007073 0.999975 -6.123080914886872E-17
vn 0.007073 0.999975 -6.123080914886872E-17
vn 0.007073 0.999975 -6.123080914886872E-17
vn 0.006071 0.999978 -0.002709000000000061
vn 0.006071 0.999978 -0.002709000000000061
vn 0.006071 0.999978 -0.0027100000000000613
vn -0.006072 0.999978 -0.0027100000000000613
vn -0.006072 0.999978 -0.0027100000000000613
vn -0.006072 0.999978 -0.0027100000000000613
vn -0.006072 0.999978 -0.0027100000000000613
vn -0.007074 0.999975 -6.123080914886872E-17
vn -0.007074 0.999975 -6.123080914886872E-17
vn -0.007074 0.999975 -6.123080914886872E-17
vn -0.007074 0.999975 -6.123080914886872E-17
vn 2E-06 -1 -9.999999999387675E-07
vn -3E-06 -0.754539 0.656255
vn 0 0.994858 0.10127799999999995
vn 0 0.994858 0.10127799999999995
vn 0 0.994858 0.10127799999999995
vn 0.994233 -0.00015999999999999345 0.107238
vn 0.994234 -0.00017099999999999345 0.107232
vn -0 -0.994997 0.09990300000000006
vn 0 -0.994997 0.09990300000000006
vn -1E-06 0.994609 0.10369399999999994
vn -1E-06 0.994609 0.10369399999999994
vn -1E-06 0.994609 0.10369399999999994
vn -0 0.994609 0.10369399999999994
vn 0.994229 -0.0005339999999999934 0.107281
vn 0.994234 -0.0006219999999999934 0.107235
vn -1E-06 -0.996972 0.07776700000000006
vn -1E-06 -0.996972 0.07776700000000006
vn 0.999643 -5.9999999999983645E-06 0.026713
vn 1 0 0
vn -6E-06 -0.3189759999999999 0.947763
vn -0.996789 -2.2999999999995097E-05 0.080076
vn -0.996789 -2.6999999999995096E-05 0.080078
vn -0.999197 -1.0999999999997547E-05 0.04007
vn -0.999799 -4.999999999998774E-06 0.02003
vn 0 0.994855 0.10131199999999994
vn 0 0.994855 0.10131199999999994
vn 0 0.994855 0.10131199999999994
vn 1E-05 0.994855 0.10130699999999994
vn 0.996788 -2.2999999999995097E-05 0.080081
vn 0.996789 -2.6999999999995096E-05 0.080079
vn -0 -0.994995 0.09992600000000006
vn 0 -0.994995 0.09992600000000006
vn -1 0 0
vn -0.999799 -4.999999999998774E-06 0.02003
vn -0.882014 -0.00013699999999997113 0.471224
vn -0.882014 -0.00013699999999997113 0.471224
vn 0.882488 -0.0013429999999999712 0.470333
vn 0.882488 -0.0013429999999999712 0.470333
vn -0 -0.30737499999999995 0.951588
vn -0 -0.30737499999999995 0.951588
vn 0 -1 6.123233995736766E-17
vn 0 -1 6.123233995736766E-17
vn 0.999486 -8.999999999998037E-06 0.032057
vn 1 0 0
vn -1 0 0
vn 1 -3.7E-05 7.0000000000000024E-06
vn 1 -3.7E-05 7.0000000000000024E-06
vn -1 -0.000105 6.4293956955236045E-21
vn -1 -0.000105 6.4293956955236045E-21
vn -0.999988 -1.999999999999698E-06 0.004929
vn -0.999988 -1.999999999999698E-06 0.004929
vn -0.999988 -1.999999999999698E-06 0.004929
vn -0.999988 -9.999999999996982E-07 0.004928
vn -0.999988 -3.0999999999999696E-05 0.004934
vn -0.999988 -3.0999999999999696E-05 0.004934
vn -0.999988 -3.0999999999999696E-05 0.004934
vn -0.999988 -2.1999999999999698E-05 0.004929
vn -1 0 0
vn -1 0 0
vn -1 0 0
vn -1 0 0
vn -1 0 0
vn -1 0 0
vn -1 0 0
vn -1 0 0
vn -1 0 0
vn -1 0 0
vn -1 0 0
vn -0.871632 -0.02946099999999997 0.489274
vn -0.871632 -0.02946099999999997 0.489274
vn 0.859959 -0.0015389999999999688 0.51036
vn 0.859959 -0.0015389999999999688 0.51036
vn 0 -1 6.123233995736766E-17
vn 0 -1 6.123233995736766E-17
vn 0.882489 -0.0014919999999999712 0.470332
vn 0.882489 -0.0014919999999999712 0.470332
vn -0.882012 -0.00014899999999997112 0.471228
vn -0.882012 -0.00014899999999997112 0.471228
vn 0 -0.999993 -0.003688999999999939
vn 0 -0.999993 -0.003688999999999939
vn 0.88249 -0.0014919999999999712 0.470329
vn 0.88249 -0.0014919999999999712 0.470329
vn -0.88201 -0.00014899999999997112 0.47123
vn -0.88201 -0.00014899999999997112 0.47123
vn 0 -0.999993 -0.003688999999999939
vn 0 -0.999993 -0.003688999999999939
vn -0.907548 0.0007370000000000257 0.419948
vn -0.907423 0.0013300000000000258 0.420217
vn -0.913171 2.495689342280404E-17 0.407577
vn -0.913171 2.495689342280404E-17 0.407577
vn 0.913169 -1.7999999999975043E-05 0.407581
vn 0.913169 -1.7999999999975043E-05 0.407581
vn 1 0 0
vn 1 0 0
vn -0.007073 0.999975 -6.123080914886872E-17
vn -0.007073 0.999975 -6.123080914886872E-17
vn -0.007073 0.999975 -6.123080914886872E-17
vn -0.007073 0.999975 -6.123080914886872E-17
vn -0.006071 0.999978 -0.0027100000000000613
vn -0.006071 0.999978 -0.0027100000000000613
vn -0.006071 0.999978 -0.002709000000000061
vn 0.006071 0.999978 -0.0027100000000000613
vn 0.006071 0.999978 -0.0027100000000000613
vn 0.006071 0.999978 -0.0027100000000000613
vn 0.006072 0.999978 -0.0027100000000000613
vn 0.007074 0.999975 -6.123080914886872E-17
vn 0.007074 0.999975 -6.123080914886872E-17
vn 0.007074 0.999975 -6.123080914886872E-17
vn 0.007074 0.999975 -6.123080914886872E-17
vn -2E-06 -1 -1.9999999999387675E-06
vn -2E-06 -1 -1.9999999999387675E-06
vn -2E-06 -1 -1.9999999999387675E-06
vn 0 -1 6.123233995736766E-17
vn -2E-06 -1 -9.999999999387675E-07
vn -0.999643 -5.9999999999983645E-06 0.026713
vn -1 0 0
vn 0 -0.3189759999999999 0.947763
vn 0.996788 -2.2999999999995097E-05 0.080082
vn 0.999799 -4.999999999998774E-06 0.020032
vn 0.999197 -1.0999999999997547E-05 0.040073
vn 0.996788 -2.6999999999995096E-05 0.080084
vn -1E-05 0.994855 0.10130699999999994
vn -1E-05 0.994855 0.10130699999999994
vn -1E-05 0.994855 0.10130699999999994
vn 0 0.994855 0.10131199999999994
vn -0.996788 -2.2999999999995097E-05 0.080081
vn -0.996789 -2.6999999999995096E-05 0.080079
vn 0 -0.994995 0.09992600000000006
vn 0 -0.994995 0.09992600000000006
vn 0.999799 -4.999999999998774E-06 0.020032
vn 1 0 0
vn -1 0 0
vn -0.999486 -8.999999999998037E-06 0.032057
vn 1 0 0
vn 0.999643 -5.9999999999983645E-06 0.026713
vn 1 0 0
vn -9E-06 -0.3189759999999999 0.947763
vn -0.996789 -2.2999999999995097E-05 0.080076
vn -0.996789 -2.6999999999995096E-05 0.080078
vn -0.999197 -1.0999999999997547E-05 0.04007
vn -0.999799 -4.999999999998774E-06 0.02003
vn 0 0.994855 0.10131199999999994
vn 0 0.994855 0.10131199999999994
vn 0 0.994855 0.10131199999999994
vn 2.1E-05 0.994856 0.10130199999999995
vn 0.996788 -2.2999999999995097E-05 0.080081
vn 0.996789 -2.6999999999995096E-05 0.080079
vn -0 -0.994994 0.09993100000000006
vn 0 -0.994994 0.09993100000000006
vn -1 0 0
vn -0.999799 -4.999999999998774E-06 0.02003
vn 0.999486 -8.999999999998037E-06 0.032057
vn 1 0 0
vn -1 0 0
vn -0.999643 -5.9999999999983645E-06 0.026715
vn -1 0 0
vn 0 -0.31897499999999995 0.947763
vn 0.996788 -2.2999999999995097E-05 0.080082
vn 0.999799 -4.999999999998774E-06 0.020032
vn 0.999197 -1.0999999999997547E-05 0.040073
vn 0.996788 -2.6999999999995096E-05 0.080084
vn -1E-05 0.994855 0.10130699999999994
vn -1E-05 0.994855 0.10130699999999994
vn -1E-05 0.994855 0.10130699999999994
vn 0 0.994855 0.10131199999999994
vn -0.996788 -2.2999999999995097E-05 0.080087
vn -0.996788 -2.6999999999995096E-05 0.080084
vn 0 -0.994995 0.09992600000000006
vn 0 -0.994995 0.09992600000000006
vn 0.999799 -4.999999999998774E-06 0.020032
vn 1 0 0
vn -1 0 0
vn -0.999486 -8.999999999998037E-06 0.032059
vn 1 0 0
vn -0.502782 0.864413 -5.293003067956805E-17
vn -0.502782 0.864413 -5.293003067956805E-17
vn -0.019406 0.999812 -6.122082827745568E-17
vn -0.019406 0.999812 -6.122082827745568E-17
vn -0.494856 -0.868975 5.320937261445357E-17
vn -0.494856 -0.868975 5.320937261445357E-17
vn -0.047039 -0.998893 6.116455575703485E-17
vn -0.047043 -0.998893 6.116455575703485E-17
vn 0.999359 9.20000000000022E-05 0.035789
vn 1 0 0
vn 0 -0.994858 0.10127600000000006
vn 0 -0.994858 0.10127600000000006
vn 0 -0.994858 0.10127600000000006
vn 0.994233 0.00016100000000000657 0.107238
vn 0.994234 0.00017100000000000657 0.107232
vn -0 0.994997 0.09990599999999994
vn 0 0.994997 0.09990599999999994
vn -0.999359 9.70000000000022E-05 0.035787
vn -1 0 0
vn -0.999357 -5.9999999999997806E-05 0.03586
vn -0.907423 -0.0013299999999999742 0.420216
vn -0.907423 -0.0013299999999999742 0.420216
vn -1 0 0
vn -1 0 0
vn -0.91317 -9.999999999975044E-06 0.407578
vn -0.913171 2.495689342280404E-17 0.407577
vn 0.91317 2.4957015887483954E-17 0.407579
vn 0.91317 2.4957015887483954E-17 0.407579
vn 0.913169 1.6000000000024956E-05 0.407581
vn 1 0 0
vn 1 0 0
vn 1 0 0
vn -0.007073 -0.999975 6.123080914886872E-17
vn -0.007073 -0.999975 6.123080914886872E-17
vn -0.007073 -0.999975 6.123080914886872E-17
vn -0.007073 -0.999975 6.123080914886872E-17
vn -0.006071 -0.999978 -0.002708999999999939
vn -0.006071 -0.999978 -0.002708999999999939
vn -0.006071 -0.999978 -0.002709999999999939
vn 0.006072 -0.999978 -0.002709999999999939
vn 0.006072 -0.999978 -0.002709999999999939
vn 0.006072 -0.999978 -0.002709999999999939
vn 0.006071 -0.999978 -0.002709999999999939
vn 0.007074 -0.999975 6.123080914886872E-17
vn 0.007074 -0.999975 6.123080914886872E-17
vn 0.007074 -0.999975 6.123080914886872E-17
vn 0.007074 -0.999975 6.123080914886872E-17
vn -1E-06 1 -6.123233995736766E-17
vn 3E-06 0.75454 0.656254
vn 0 -0.994858 0.10127600000000006
vn 0 -0.994858 0.10127600000000006
vn 0 -0.994858 0.10127600000000006
vn -0.994234 0.00016800000000000655 0.107234
vn -0.994234 0.00017700000000000655 0.107228
vn 0 0.994997 0.09990299999999995
vn 0 0.994997 0.09990299999999995
vn 1E-06 -0.994609 0.10369200000000006
vn 1E-06 -0.994609 0.10369200000000006
vn 1E-06 -0.994609 0.10369200000000006
vn 0 -0.99461 0.10369100000000006
vn -0.994229 0.0005380000000000066 0.107279
vn -0.994234 0.0006220000000000067 0.107235
vn 1E-06 0.996971 0.07776999999999995
vn 1E-06 0.996971 0.07776999999999995
vn -0.999643 6.000000000001636E-06 0.026713
vn -1 0 0
vn 8E-06 0.31897600000000004 0.947763
vn 0.996788 2.3000000000004903E-05 0.080082
vn 0.996788 2.70000000000049E-05 0.080084
vn 0.999197 1.1000000000002453E-05 0.040073
vn 0.999799 5.000000000001227E-06 0.020032
vn 0 -0.994855 0.10131200000000005
vn 0 -0.994855 0.10131200000000005
vn 0 -0.994855 0.10131200000000005
vn -1.5E-05 -0.994855 0.10130500000000006
vn -0.996788 2.3000000000004903E-05 0.080081
vn -0.996789 2.70000000000049E-05 0.080079
vn 0 0.994995 0.09992599999999995
vn 0 0.994995 0.09992599999999995
vn 1 0 0
vn 0.999799 5.000000000001227E-06 0.020032
vn 0.88201 0.00014500000000002887 0.47123
vn 0.88201 0.00014500000000002887 0.47123
vn -0.882487 0.001492000000000029 0.470334
vn -0.882487 0.001492000000000029 0.470334
vn 0 0.30737500000000006 0.951588
vn 0 0.30737500000000006 0.951588
vn 0 1 -6.123233995736766E-17
vn 0 1 -6.123233995736766E-17
vn -0.999486 9.000000000001964E-06 0.032057
vn -1 0 0
vn 1 0 0
vn -1 2.8E-05 4.999999999999999E-06
vn -1 2.8E-05 4.999999999999999E-06
vn 0 1 -6.123233995736766E-17
vn 0 1 -6.123233995736766E-17
vn 0.999988 2.0000000000003015E-06 0.004926
vn 0.999988 2.0000000000003015E-06 0.004926
vn 0.999988 2.0000000000003015E-06 0.004926
vn 0.999988 1.0000000000003015E-06 0.004926
vn 0.999988 3.1000000000000306E-05 0.004934
vn 0.999988 3.1000000000000306E-05 0.004934
vn 0.999988 3.1000000000000306E-05 0.004934
vn 0.999988 2.20000000000003E-05 0.004929
vn 1 0 0
vn 1 0 0
vn 1 0 0
vn 1 0 0
vn 1 0 0
vn 1 0 0
vn 1 0 0
vn 1 0 0
vn 1 0 0
vn 1 0 0
vn 1 0 0
vn 0.882012 0.00014400000000002887 0.471228
vn 0.882012 0.00014400000000002887 0.471228
vn -0.882487 0.001492000000000029 0.470334
vn -0.882487 0.001492000000000029 0.470334
vn 0 1 -6.123233995736766E-17
vn 0 1 -6.123233995736766E-17
vn -0.882489 0.0014250000000000289 0.470332
vn -0.882489 0.0014250000000000289 0.470332
vn 0.872138 -0.02511799999999997 0.488615
vn 0.872138 -0.02511799999999997 0.488615
vn 2E-06 0.999993 -0.003686000000000061
vn 2E-06 0.999993 -0.003686000000000061
vn -0.89324 0.0013270000000000276 0.449578
vn -0.89324 0.0013270000000000276 0.449578
vn 0.887088 -0.01576999999999997 0.461331
vn 0.887088 -0.01576999999999997 0.461331
vn 0 0.999993 -0.003689000000000061
vn 0 0.999993 -0.003689000000000061
vn 0.907549 -0.0007369999999999743 0.419947
vn 0.907435 -0.0012749999999999743 0.42019
vn 0.913171 2.495689342280404E-17 0.407577
vn 0.913171 2.495689342280404E-17 0.407577
vn -0.91317 4.000000000024957E-06 0.40758
vn -0.91317 4.000000000024957E-06 0.40758
vn -1 0 0
vn -1 0 0
vn 0.007073 -0.999975 6.123080914886872E-17
vn 0.007073 -0.999975 6.123080914886872E-17
vn 0.007073 -0.999975 6.123080914886872E-17
vn 0.007073 -0.999975 6.123080914886872E-17
vn 0.006071 -0.999978 -0.002709999999999939
vn 0.006071 -0.999978 -0.002709999999999939
vn 0.006071 -0.999978 -0.002708999999999939
vn -0.006072 -0.999978 -0.002709999999999939
vn -0.006072 -0.999978 -0.002709999999999939
vn -0.006072 -0.999978 -0.002709999999999939
vn -0.006072 -0.999978 -0.002709999999999939
vn -0.007074 -0.999975 6.123080914886872E-17
vn -0.007074 -0.999975 6.123080914886872E-17
vn -0.007074 -0.999975 6.123080914886872E-17
vn -0.007074 -0.999975 6.123080914886872E-17
vn 1E-06 1 -1.0000000000612324E-06
vn 1E-06 1 -1.0000000000612324E-06
vn 1E-06 1 -1.0000000000612324E-06
vn 0 1 -6.123233995736766E-17
vn 1E-06 1 -6.123233995736766E-17
vn 0.999643 6.000000000001636E-06 0.026713
vn 1 0 0
vn 0 0.31897500000000006 0.947763
vn -0.996789 2.3000000000004903E-05 0.080076
vn -0.999799 5.000000000001227E-06 0.02003
vn -0.999197 1.1000000000002453E-05 0.04007
vn -0.996789 2.70000000000049E-05 0.080078
vn 1.5E-05 -0.994855 0.10130500000000006
vn 1.5E-05 -0.994855 0.10130500000000006
vn 1.5E-05 -0.994855 0.10130500000000006
vn 0 -0.994855 0.10131200000000005
vn 0.996788 2.3000000000004903E-05 0.080081
vn 0.996789 2.70000000000049E-05 0.080079
vn -0 0.994995 0.09992599999999995
vn 0 0.994995 0.09992599999999995
vn -0.999799 5.000000000001227E-06 0.02003
vn -1 0 0
vn 1 0 0
vn 0.999486 9.000000000001964E-06 0.032057
vn -1 0 0
vn -0.999643 6.000000000001636E-06 0.026713
vn -1 0 0
vn 6E-06 0.31897600000000004 0.947763
vn 0.996788 2.3000000000004903E-05 0.080082
vn 0.996788 2.70000000000049E-05 0.080084
vn 0.999197 1.1000000000002453E-05 0.040073
vn 0.999799 5.000000000001227E-06 0.020032
vn 0 -0.994855 0.10131200000000005
vn 0 -0.994855 0.10131200000000005
vn 0 -0.994855 0.10131200000000005
vn -1E-05 -0.994855 0.10130700000000005
vn -0.996788 2.3000000000004903E-05 0.080081
vn -0.996789 2.70000000000049E-05 0.080079
vn 0 0.994995 0.09992599999999995
vn 0 0.994995 0.09992599999999995
vn 1 0 0
vn 0.999799 5.000000000001227E-06 0.020032
vn -0.999486 9.000000000001964E-06 0.032057
vn -1 0 0
vn 1 0 0
vn 0.999643 6.000000000001636E-06 0.026713
vn 1 0 0
vn 0 0.31897500000000006 0.947763
vn -0.996788 2.3000000000004903E-05 0.080082
vn -0.999799 5.000000000001227E-06 0.020032
vn -0.999197 1.1000000000002453E-05 0.040073
vn -0.996788 2.70000000000049E-05 0.080084
vn 1.5E-05 -0.994856 0.10130500000000006
vn 1.5E-05 -0.994856 0.10130500000000006
vn 1.5E-05 -0.994856 0.10130500000000006
vn 0 -0.994855 0.10131200000000005
vn 0.996788 2.3000000000004903E-05 0.080081
vn 0.996789 2.70000000000049E-05 0.080079
vn -0 0.994995 0.09992799999999995
vn 0 0.994995 0.09992899999999995
vn -0.999799 5.000000000001227E-06 0.020032
vn -1 0 0
vn 1 0 0
vn 0.999486 9.000000000001964E-06 0.032057
vn -1 0 0
vn -0.999359 -9.69999999999978E-05 0.035789
vn -1 0 0
vn -0.994233 -0.00016799999999999343 0.107239
vn -0.994234 -0.00017699999999999343 0.107234
vn 0 -0.994997 0.09990300000000006
vn 0 -0.994997 0.09990300000000006
vn 0.502778 -0.864416 5.2930214376587924E-17
vn 0.502778 -0.864416 5.2930214376587924E-17
vn 0.019411 -0.999812 6.122082827745568E-17
vn 0.019411 -0.999812 6.122082827745568E-17
vn 0.494854 0.868976 -5.320943384679352E-17
vn 0.494854 0.868976 -5.320943384679352E-17
vn 0.047035 0.998893 -6.116455575703485E-17
vn 0.047035 0.998893 -6.116455575703485E-17
vn 1 5.3E-05 -3.245314017740486E-21
vn 1 5.3E-05 -3.245314017740486E-21
vn 1 5.3E-05 -3.245314017740486E-21
vn 1 5.3E-05 -3.245314017740486E-21
vn 0.022603 0.737695 0.674756
vn 0.016996 0.731062 0.6821
vn -0.008717 0.728649 0.684832
vn -0.017409 0.737278 0.675366
vn 0.027978 0.74351 0.668139
vn 0.016276 0.749506 0.661798
vn -0.009715 0.756307 0.654145
vn -0.61678 -0.004887999999999951 0.78712
vn -0.61678 -0.004887999999999951 0.78712
vn 0.616779 0.004887000000000048 0.787121
vn 0.616779 0.004887000000000048 0.787121
g 01
f 820/820/820 817/817/817 1267/1267/1267
f 1267/1267/1267 1270/1270/1270 820/820/820
f 818/818/818 820/820/820 1270/1270/1270
f 1270/1270/1270 1269/1269/1269 818/818/818
f 819/819/819 818/818/818 1269/1269/1269
f 1269/1269/1269 1268/1268/1268 819/819/819
f 1266/1266/1266 1267/1267/1267 817/817/817
f 817/817/817 816/816/816 1266/1266/1266
f 1265/1265/1265 1266/1266/1266 816/816/816
f 816/816/816 815/815/815 1265/1265/1265
f 1264/1264/1264 1265/1265/1265 815/815/815
f 815/815/815 814/814/814 1264/1264/1264
f 812/812/812 807/807/807 806/806/806
f 806/806/806 813/813/813 812/812/812
f 812/812/812 813/813/813 811/811/811
f 811/811/811 808/808/808 812/812/812
f 809/809/809 808/808/808 811/811/811
f 811/811/811 810/810/810 809/809/809
f 804/804/804 806/806/806 807/807/807
f 807/807/807 805/805/805 804/804/804
f 800/800/800 804/804/804 805/805/805
f 805/805/805 803/803/803 800/800/800
f 801/801/801 800/800/800 803/803/803
f 803/803/803 802/802/802 801/801/801
f 797/797/797 795/795/795 794/794/794
f 794/794/794 796/796/796 797/797/797
f 791/791/791 793/793/793 792/792/792
f 792/792/792 790/790/790 791/791/791
f 798/798/798 789/789/789 788/788/788
f 788/788/788 799/799/799 798/798/798
f 785/785/785 783/783/783 782/782/782
f 782/782/782 784/784/784 785/785/785
f 779/779/779 781/781/781 780/780/780
f 780/780/780 778/778/778 779/779/779
f 786/786/786 777/777/777 776/776/776
f 776/776/776 787/787/787 786/786/786
f 1260/1260/1260 1263/1263/1263 1262/1262/1262
f 1262/1262/1262 1261/1261/1261 1260/1260/1260
f 772/772/772 773/773/773 771/771/771
f 771/771/771 773/773/773 770/770/770
f 770/770/770 768/768/768 771/771/771
f 770/770/770 769/769/769 768/768/768
f 766/766/766 1259/1259/1259 1258/1258/1258
f 1258/1258/1258 767/767/767 766/766/766
f 765/765/765 1257/1257/1257 1256/1256/1256
f 1256/1256/1256 764/764/764 765/765/765
f 1254/1254/1254 1255/1255/1255 763/763/763
f 763/763/763 762/762/762 1254/1254/1254
f 761/761/761 1253/1253/1253 1252/1252/1252
f 1252/1252/1252 760/760/760 761/761/761
f 759/759/759 758/758/758 757/757/757
f 757/757/757 756/756/756 759/759/759
f 751/751/751 752/752/752 753/753/753
f 753/753/753 754/754/754 751/751/751
f 747/747/747 748/748/748 749/749/749
f 749/749/749 750/750/750 747/747/747
f 743/743/743 744/744/744 745/745/745
f 745/745/745 746/746/746 743/743/743
f 1250/1250/1250 1251/1251/1251 729/729/729
f 729/729/729 732/732/732 1250/1250/1250
f 1248/1248/1248 1249/1249/1249 734/734/734
f 734/734/734 1246/1246/1246 1248/1248/1248
f 739/739/739 740/740/740 741/741/741
f 741/741/741 742/742/742 739/739/739
f 735/735/735 736/736/736 737/737/737
f 737/737/737 738/738/738 735/735/735
f 1246/1246/1246 734/734/734 733/733/733
f 733/733/733 1247/1247/1247 1246/1246/1246
f 729/729/729 730/730/730 731/731/731
f 731/731/731 732/732/732 729/729/729
f 725/725/725 726/726/726 727/727/727
f 727/727/727 728/728/728 725/725/725
f 719/719/719 1230/1230/1230 1231/1231/1231
f 1231/1231/1231 1245/1245/1245 719/719/719
f 717/717/717 718/718/718 1244/1244/1244
f 1244/1244/1244 1243/1243/1243 717/717/717
f 715/715/715 1242/1242/1242 1241/1241/1241
f 1241/1241/1241 716/716/716 715/715/715
f 1239/1239/1239 1240/1240/1240 706/706/706
f 706/706/706 707/707/707 1239/1239/1239
f 1237/1237/1237 1238/1238/1238 711/711/711
f 711/711/711 1226/1226/1226 1237/1237/1237
f 1233/1233/1233 1236/1236/1236 1235/1235/1235
f 1235/1235/1235 1234/1234/1234 1233/1233/1233
f 1229/1229/1229 1232/1232/1232 1231/1231/1231
f 1231/1231/1231 1230/1230/1230 1229/1229/1229
f 1228/1228/1228 714/714/714 713/713/713
f 713/713/713 712/712/712 1228/1228/1228
f 1226/1226/1226 711/711/711 710/710/710
f 710/710/710 1227/1227/1227 1226/1226/1226
f 706/706/706 709/709/709 708/708/708
f 708/708/708 707/707/707 706/706/706
f 702/702/702 705/705/705 704/704/704
f 704/704/704 703/703/703 702/702/702
f 701/701/701 1225/1225/1225 1211/1211/1211
f 1211/1211/1211 1212/1212/1212 701/701/701
f 699/699/699 1224/1224/1224 1223/1223/1223
f 1223/1223/1223 700/700/700 699/699/699
f 697/697/697 698/698/698 1222/1222/1222
f 1222/1222/1222 1221/1221/1221 697/697/697
f 1219/1219/1219 691/691/691 688/688/688
f 688/688/688 1220/1220/1220 1219/1219/1219
f 1217/1217/1217 1206/1206/1206 693/693/693
f 693/693/693 1218/1218/1218 1217/1217/1217
f 1213/1213/1213 1216/1216/1216 1215/1215/1215
f 1215/1215/1215 1214/1214/1214 1213/1213/1213
f 1209/1209/1209 1212/1212/1212 1211/1211/1211
f 1211/1211/1211 1210/1210/1210 1209/1209/1209
f 1208/1208/1208 696/696/696 695/695/695
f 695/695/695 694/694/694 1208/1208/1208
f 1206/1206/1206 1207/1207/1207 692/692/692
f 692/692/692 693/693/693 1206/1206/1206
f 688/688/688 691/691/691 690/690/690
f 690/690/690 689/689/689 688/688/688
f 684/684/684 687/687/687 686/686/686
f 686/686/686 685/685/685 684/684/684
f 683/683/683 1190/1190/1190 1191/1191/1191
f 1191/1191/1191 1205/1205/1205 683/683/683
f 681/681/681 682/682/682 1204/1204/1204
f 1204/1204/1204 1203/1203/1203 681/681/681
f 679/679/679 1202/1202/1202 1201/1201/1201
f 1201/1201/1201 680/680/680 679/679/679
f 1199/1199/1199 1200/1200/1200 670/670/670
f 670/670/670 673/673/673 1199/1199/1199
f 1197/1197/1197 1198/1198/1198 675/675/675
f 675/675/675 1186/1186/1186 1197/1197/1197
f 1193/1193/1193 1196/1196/1196 1195/1195/1195
f 1195/1195/1195 1194/1194/1194 1193/1193/1193
f 1189/1189/1189 1192/1192/1192 1191/1191/1191
f 1191/1191/1191 1190/1190/1190 1189/1189/1189
f 1188/1188/1188 676/676/676 677/677/677
f 677/677/677 678/678/678 1188/1188/1188
f 1186/1186/1186 675/675/675 674/674/674
f 674/674/674 1187/1187/1187 1186/1186/1186
f 670/670/670 671/671/671 672/672/672
f 672/672/672 673/673/673 670/670/670
f 666/666/666 667/667/667 668/668/668
f 668/668/668 669/669/669 666/666/666
f 1185/1185/1185 1181/1181/1181 1182/1182/1182
f 1181/1181/1181 1184/1184/1184 1183/1183/1183
f 1183/1183/1183 1182/1182/1182 1181/1181/1181
f 664/664/664 662/662/662 663/663/663
f 663/663/663 665/665/665 664/664/664
f 658/658/658 659/659/659 660/660/660
f 660/660/660 661/661/661 658/658/658
f 657/657/657 655/655/655 654/654/654
f 654/654/654 656/656/656 657/657/657
f 1177/1177/1177 1180/1180/1180 1179/1179/1179
f 1179/1179/1179 1178/1178/1178 1177/1177/1177
f 1173/1173/1173 1176/1176/1176 1175/1175/1175
f 1175/1175/1175 1174/1174/1174 1173/1173/1173
f 722/722/722 1172/1172/1172 1171/1171/1171
f 1171/1171/1171 1170/1170/1170 722/722/722
f 1166/1166/1166 1169/1169/1169 1168/1168/1168
f 1168/1168/1168 1167/1167/1167 1166/1166/1166
f 652/652/652 653/653/653 1165/1165/1165
f 1165/1165/1165 1164/1164/1164 652/652/652
f 650/650/650 651/651/651 1163/1163/1163
f 1163/1163/1163 1162/1162/1162 650/650/650
f 648/648/648 649/649/649 1161/1161/1161
f 1161/1161/1161 1160/1160/1160 648/648/648
f 644/644/644 645/645/645 646/646/646
f 646/646/646 647/647/647 644/644/644
f 1158/1158/1158 1159/1159/1159 642/642/642
f 642/642/642 643/643/643 1158/1158/1158
f 638/638/638 639/639/639 640/640/640
f 640/640/640 641/641/641 638/638/638
f 634/634/634 635/635/635 636/636/636
f 636/636/636 637/637/637 634/634/634
f 630/630/630 631/631/631 632/632/632
f 632/632/632 633/633/633 630/630/630
f 625/625/625 626/626/626 1156/1156/1156
f 626/626/626 1157/1157/1157 1156/1156/1156
f 627/627/627 628/628/628 624/624/624
f 1155/1155/1155 621/621/621 1154/1154/1154
f 622/622/622 623/623/623 620/620/620
f 1153/1153/1153 617/617/617 1152/1152/1152
f 618/618/618 619/619/619 616/616/616
f 614/614/614 615/615/615 613/613/613
f 611/611/611 612/612/612 610/610/610
f 606/606/606 607/607/607 1150/1150/1150
f 607/607/607 1151/1151/1151 1150/1150/1150
f 608/608/608 609/609/609 605/605/605
f 1149/1149/1149 602/602/602 1148/1148/1148
f 603/603/603 604/604/604 601/601/601
f 1147/1147/1147 598/598/598 1146/1146/1146
f 599/599/599 600/600/600 597/597/597
f 595/595/595 596/596/596 594/594/594
f 592/592/592 593/593/593 591/591/591
f 590/590/590 1145/1145/1145 1144/1144/1144
f 589/589/589 588/588/588 586/586/586
f 588/588/588 587/587/587 586/586/586
f 1143/1143/1143 585/585/585 1142/1142/1142
f 584/584/584 583/583/583 582/582/582
f 1141/1141/1141 581/581/581 1140/1140/1140
f 580/580/580 579/579/579 578/578/578
f 577/577/577 576/576/576 575/575/575
f 574/574/574 573/573/573 572/572/572
f 564/564/564 1139/1139/1139 1137/1137/1137
f 1139/1139/1139 1134/1134/1134 1137/1137/1137
f 1139/1139/1139 1138/1138/1138 1134/1134/1134
f 1134/1134/1134 1135/1135/1135 1137/1137/1137
f 1131/1131/1131 1136/1136/1136 1130/1130/1130
f 1134/1134/1134 1133/1133/1133 561/561/561
f 561/561/561 1135/1135/1135 1134/1134/1134
f 1133/1133/1133 1132/1132/1132 561/561/561
f 1132/1132/1132 1131/1131/1131 561/561/561
f 1131/1131/1131 1130/1130/1130 561/561/561
f 1130/1130/1130 1129/1129/1129 561/561/561
f 570/570/570 562/562/562 563/563/563
f 563/563/563 571/571/571 570/570/570
f 568/568/568 565/565/565 566/566/566
f 566/566/566 569/569/569 568/568/568
f 1125/1125/1125 1128/1128/1128 1127/1127/1127
f 1127/1127/1127 1126/1126/1126 1125/1125/1125
f 1121/1121/1121 1124/1124/1124 1123/1123/1123
f 1123/1123/1123 1122/1122/1122 1121/1121/1121
f 485/485/485 482/482/482 483/483/483
f 483/483/483 484/484/484 485/485/485
f 1119/1119/1119 1120/1120/1120 721/721/721
f 721/721/721 774/774/774 1119/1119/1119
f 451/451/451 450/450/450 448/448/448
f 448/448/448 449/449/449 451/451/451
f 510/510/510 511/511/511 508/508/508
f 508/508/508 509/509/509 510/510/510
f 505/505/505 506/506/506 1118/1118/1118
f 1118/1118/1118 1117/1117/1117 505/505/505
f 539/539/539 538/538/538 537/537/537
f 537/537/537 499/499/499 539/539/539
f 501/501/501 504/504/504 507/507/507
f 507/507/507 500/500/500 501/501/501
f 545/545/545 544/544/544 502/502/502
f 502/502/502 503/503/503 545/545/545
f 537/537/537 497/497/497 498/498/498
f 498/498/498 499/499/499 537/537/537
f 492/492/492 496/496/496 389/389/389
f 389/389/389 391/391/391 492/492/492
f 490/490/490 514/514/514 390/390/390
f 390/390/390 494/494/494 490/490/490
f 442/442/442 1116/1116/1116 1094/1094/1094
f 1094/1094/1094 1095/1095/1095 442/442/442
f 440/440/440 1115/1115/1115 1114/1114/1114
f 1114/1114/1114 488/488/488 440/440/440
f 486/486/486 557/557/557 556/556/556
f 556/556/556 487/487/487 486/486/486
f 479/479/479 512/512/512 481/481/481
f 481/481/481 480/480/480 479/479/479
f 476/476/476 477/477/477 478/478/478
f 478/478/478 475/475/475 476/476/476
f 469/469/469 1274/1274/1274 471/471/471
f 467/467/467 1273/1273/1273 469/469/469
f 465/465/465 472/472/472 467/467/467
f 463/463/463 472/472/472 465/465/465
f 460/460/460 472/472/472 463/463/463
f 469/469/469 471/471/471 470/470/470
f 470/470/470 468/468/468 469/469/469
f 467/467/467 469/469/469 468/468/468
f 468/468/468 466/466/466 467/467/467
f 465/465/465 467/467/467 466/466/466
f 466/466/466 464/464/464 465/465/465
f 463/463/463 465/465/465 464/464/464
f 464/464/464 462/462/462 463/463/463
f 460/460/460 463/463/463 462/462/462
f 462/462/462 461/461/461 460/460/460
f 424/424/424 1113/1113/1113 1112/1112/1112
f 552/552/552 555/555/555 554/554/554
f 555/555/555 553/553/553 554/554/554
f 444/444/444 446/446/446 447/447/447
f 447/447/447 445/445/445 444/444/444
f 422/422/422 1111/1111/1111 1110/1110/1110
f 1110/1110/1110 421/421/421 422/422/422
f 1109/1109/1109 457/457/457 1108/1108/1108
f 454/454/454 452/452/452 455/455/455
f 1107/1107/1107 550/550/550 1106/1106/1106
f 453/453/453 456/456/456 551/551/551
f 516/516/516 517/517/517 458/458/458
f 458/458/458 459/459/459 516/516/516
f 443/443/443 489/489/489 1105/1105/1105
f 1105/1105/1105 1104/1104/1104 443/443/443
f 1102/1102/1102 558/558/558 437/437/437
f 437/437/437 1103/1103/1103 1102/1102/1102
f 1100/1100/1100 1089/1089/1089 559/559/559
f 559/559/559 1101/1101/1101 1100/1100/1100
f 1096/1096/1096 1099/1099/1099 1098/1098/1098
f 1098/1098/1098 1097/1097/1097 1096/1096/1096
f 1092/1092/1092 1095/1095/1095 1094/1094/1094
f 1094/1094/1094 1093/1093/1093 1092/1092/1092
f 1091/1091/1091 439/439/439 441/441/441
f 441/441/441 560/560/560 1091/1091/1091
f 1089/1089/1089 1090/1090/1090 438/438/438
f 438/438/438 559/559/559 1089/1089/1089
f 437/437/437 558/558/558 436/436/436
f 436/436/436 435/435/435 437/437/437
f 434/434/434 433/433/433 432/432/432
f 432/432/432 431/431/431 434/434/434
f 1087/1087/1087 520/520/520 529/529/529
f 529/529/529 1088/1088/1088 1087/1087/1087
f 1085/1085/1085 1044/1044/1044 542/542/542
f 542/542/542 1086/1086/1086 1085/1085/1085
f 1081/1081/1081 1084/1084/1084 1083/1083/1083
f 1083/1083/1083 1082/1082/1082 1081/1081/1081
f 1079/1079/1079 518/518/518 493/493/493
f 493/493/493 1080/1080/1080 1079/1079/1079
f 1077/1077/1077 1042/1042/1042 543/543/543
f 543/543/543 1078/1078/1078 1077/1077/1077
f 1074/1074/1074 1076/1076/1076 567/567/567
f 567/567/567 1075/1075/1075 1074/1074/1074
f 1073/1073/1073 525/525/525 521/521/521
f 521/521/521 540/540/540 1073/1073/1073
f 530/530/530 524/524/524 519/519/519
f 519/519/519 526/526/526 530/530/530
f 423/423/423 429/429/429 425/425/425
f 428/428/428 427/427/427 426/426/426
f 629/629/629 1072/1072/1072 408/408/408
f 417/417/417 418/418/418 416/416/416
f 416/416/416 415/415/415 417/417/417
f 411/411/411 414/414/414 413/413/413
f 413/413/413 412/412/412 411/411/411
f 420/420/420 419/419/419 409/409/409
f 409/409/409 410/410/410 420/420/420
f 1068/1068/1068 1071/1071/1071 1070/1070/1070
f 1070/1070/1070 1069/1069/1069 1068/1068/1068
f 1064/1064/1064 1067/1067/1067 1066/1066/1066
f 1066/1066/1066 1065/1065/1065 1064/1064/1064
f 720/720/720 1063/1063/1063 1062/1062/1062
f 1062/1062/1062 1061/1061/1061 720/720/720
f 1057/1057/1057 1060/1060/1060 1059/1059/1059
f 1059/1059/1059 1058/1058/1058 1057/1057/1057
f 1054/1054/1054 1056/1056/1056 1055/1055/1055
f 1055/1055/1055 405/405/405 1054/1054/1054
f 1051/1051/1051 1053/1053/1053 1052/1052/1052
f 1052/1052/1052 407/407/407 1051/1051/1051
f 549/549/549 1050/1050/1050 1049/1049/1049
f 1049/1049/1049 548/548/548 549/549/549
f 1047/1047/1047 1048/1048/1048 404/404/404
f 404/404/404 406/406/406 1047/1047/1047
f 1045/1045/1045 474/474/474 395/395/395
f 395/395/395 1046/1046/1046 1045/1045/1045
f 398/398/398 473/473/473 400/400/400
f 400/400/400 396/396/396 398/398/398
f 393/393/393 394/394/394 403/403/403
f 403/403/403 401/401/401 393/393/393
f 397/397/397 392/392/392 399/399/399
f 399/399/399 402/402/402 397/397/397
f 546/546/546 547/547/547 629/629/629
f 629/629/629 408/408/408 546/546/546
f 1044/1044/1044 388/388/388 491/491/491
f 491/491/491 542/542/542 1044/1044/1044
f 1042/1042/1042 1043/1043/1043 430/430/430
f 430/430/430 543/543/543 1042/1042/1042
f 493/493/493 518/518/518 522/522/522
f 522/522/522 523/523/523 493/493/493
f 541/541/541 528/528/528 534/534/534
f 534/534/534 535/535/535 541/541/541
f 529/529/529 520/520/520 531/531/531
f 531/531/531 532/532/532 529/529/529
f 495/495/495 527/527/527 533/533/533
f 533/533/533 536/536/536 495/495/495
f 382/382/382 383/383/383 384/384/384
f 384/384/384 385/385/385 382/382/382
f 378/378/378 379/379/379 380/380/380
f 380/380/380 381/381/381 378/378/378
f 1040/1040/1040 1041/1041/1041 363/363/363
f 363/363/363 366/366/366 1040/1040/1040
f 1038/1038/1038 1039/1039/1039 368/368/368
f 368/368/368 1033/1033/1033 1038/1038/1038
f 1035/1035/1035 1037/1037/1037 377/377/377
f 377/377/377 1036/1036/1036 1035/1035/1035
f 373/373/373 374/374/374 375/375/375
f 375/375/375 376/376/376 373/373/373
f 369/369/369 370/370/370 371/371/371
f 371/371/371 372/372/372 369/369/369
f 1033/1033/1033 368/368/368 367/367/367
f 367/367/367 1034/1034/1034 1033/1033/1033
f 363/363/363 364/364/364 365/365/365
f 365/365/365 366/366/366 363/363/363
f 359/359/359 360/360/360 361/361/361
f 361/361/361 362/362/362 359/359/359
f 349/349/349 1032/1032/1032 1031/1031/1031
f 1031/1031/1031 353/353/353 349/349/349
f 358/358/358 1030/1030/1030 1029/1029/1029
f 1029/1029/1029 351/351/351 358/358/358
f 1027/1027/1027 1028/1028/1028 352/352/352
f 352/352/352 354/354/354 1027/1027/1027
f 350/350/350 1026/1026/1026 1025/1025/1025
f 1025/1025/1025 357/357/357 350/350/350
f 346/346/346 347/347/347 348/348/348
f 348/348/348 345/345/345 346/346/346
f 342/342/342 1009/1009/1009 1010/1010/1010
f 1010/1010/1010 1024/1024/1024 342/342/342
f 340/340/340 341/341/341 1023/1023/1023
f 1023/1023/1023 1022/1022/1022 340/340/340
f 338/338/338 1021/1021/1021 1020/1020/1020
f 1020/1020/1020 339/339/339 338/338/338
f 1018/1018/1018 1019/1019/1019 329/329/329
f 329/329/329 330/330/330 1018/1018/1018
f 1016/1016/1016 1017/1017/1017 334/334/334
f 334/334/334 1005/1005/1005 1016/1016/1016
f 1012/1012/1012 1015/1015/1015 1014/1014/1014
f 1014/1014/1014 1013/1013/1013 1012/1012/1012
f 1008/1008/1008 1011/1011/1011 1010/1010/1010
f 1010/1010/1010 1009/1009/1009 1008/1008/1008
f 1007/1007/1007 337/337/337 336/336/336
f 336/336/336 335/335/335 1007/1007/1007
f 1005/1005/1005 334/334/334 333/333/333
f 333/333/333 1006/1006/1006 1005/1005/1005
f 329/329/329 332/332/332 331/331/331
f 331/331/331 330/330/330 329/329/329
f 325/325/325 328/328/328 327/327/327
f 327/327/327 326/326/326 325/325/325
f 324/324/324 1004/1004/1004 990/990/990
f 990/990/990 991/991/991 324/324/324
f 322/322/322 1003/1003/1003 1002/1002/1002
f 1002/1002/1002 323/323/323 322/322/322
f 320/320/320 321/321/321 1001/1001/1001
f 1001/1001/1001 1000/1000/1000 320/320/320
f 998/998/998 314/314/314 311/311/311
f 311/311/311 999/999/999 998/998/998
f 996/996/996 985/985/985 316/316/316
f 316/316/316 997/997/997 996/996/996
f 992/992/992 995/995/995 994/994/994
f 994/994/994 993/993/993 992/992/992
f 988/988/988 991/991/991 990/990/990
f 990/990/990 989/989/989 988/988/988
f 987/987/987 319/319/319 318/318/318
f 318/318/318 317/317/317 987/987/987
f 985/985/985 986/986/986 315/315/315
f 315/315/315 316/316/316 985/985/985
f 311/311/311 314/314/314 313/313/313
f 313/313/313 312/312/312 311/311/311
f 307/307/307 310/310/310 309/309/309
f 309/309/309 308/308/308 307/307/307
f 306/306/306 969/969/969 970/970/970
f 970/970/970 984/984/984 306/306/306
f 304/304/304 305/305/305 983/983/983
f 983/983/983 982/982/982 304/304/304
f 302/302/302 981/981/981 980/980/980
f 980/980/980 303/303/303 302/302/302
f 978/978/978 979/979/979 293/293/293
f 293/293/293 296/296/296 978/978/978
f 976/976/976 977/977/977 298/298/298
f 298/298/298 965/965/965 976/976/976
f 972/972/972 975/975/975 974/974/974
f 974/974/974 973/973/973 972/972/972
f 968/968/968 971/971/971 970/970/970
f 970/970/970 969/969/969 968/968/968
f 967/967/967 299/299/299 300/300/300
f 300/300/300 301/301/301 967/967/967
f 965/965/965 298/298/298 297/297/297
f 297/297/297 966/966/966 965/965/965
f 293/293/293 294/294/294 295/295/295
f 295/295/295 296/296/296 293/293/293
f 289/289/289 290/290/290 291/291/291
f 291/291/291 292/292/292 289/289/289
f 964/964/964 960/960/960 961/961/961
f 960/960/960 963/963/963 962/962/962
f 962/962/962 961/961/961 960/960/960
f 287/287/287 285/285/285 286/286/286
f 286/286/286 288/288/288 287/287/287
f 281/281/281 282/282/282 283/283/283
f 283/283/283 284/284/284 281/281/281
f 280/280/280 278/278/278 277/277/277
f 277/277/277 279/279/279 280/280/280
f 956/956/956 959/959/959 958/958/958
f 958/958/958 957/957/957 956/956/956
f 952/952/952 955/955/955 954/954/954
f 954/954/954 953/953/953 952/952/952
f 344/344/344 951/951/951 950/950/950
f 950/950/950 949/949/949 344/344/344
f 945/945/945 948/948/948 947/947/947
f 947/947/947 946/946/946 945/945/945
f 275/275/275 276/276/276 944/944/944
f 944/944/944 943/943/943 275/275/275
f 273/273/273 274/274/274 942/942/942
f 942/942/942 941/941/941 273/273/273
f 271/271/271 272/272/272 940/940/940
f 940/940/940 939/939/939 271/271/271
f 267/267/267 268/268/268 269/269/269
f 269/269/269 270/270/270 267/267/267
f 937/937/937 938/938/938 265/265/265
f 265/265/265 266/266/266 937/937/937
f 261/261/261 262/262/262 263/263/263
f 263/263/263 264/264/264 261/261/261
f 257/257/257 258/258/258 259/259/259
f 259/259/259 260/260/260 257/257/257
f 253/253/253 254/254/254 255/255/255
f 255/255/255 256/256/256 253/253/253
f 248/248/248 249/249/249 935/935/935
f 249/249/249 936/936/936 935/935/935
f 250/250/250 251/251/251 247/247/247
f 934/934/934 244/244/244 933/933/933
f 245/245/245 246/246/246 243/243/243
f 932/932/932 240/240/240 931/931/931
f 241/241/241 242/242/242 239/239/239
f 237/237/237 238/238/238 236/236/236
f 234/234/234 235/235/235 233/233/233
f 229/229/229 230/230/230 929/929/929
f 230/230/230 930/930/930 929/929/929
f 231/231/231 232/232/232 228/228/228
f 928/928/928 225/225/225 927/927/927
f 226/226/226 227/227/227 224/224/224
f 926/926/926 221/221/221 925/925/925
f 222/222/222 223/223/223 220/220/220
f 218/218/218 219/219/219 217/217/217
f 215/215/215 216/216/216 214/214/214
f 213/213/213 924/924/924 923/923/923
f 212/212/212 211/211/211 209/209/209
f 211/211/211 210/210/210 209/209/209
f 922/922/922 208/208/208 921/921/921
f 207/207/207 206/206/206 205/205/205
f 920/920/920 204/204/204 919/919/919
f 203/203/203 202/202/202 201/201/201
f 200/200/200 199/199/199 198/198/198
f 197/197/197 196/196/196 195/195/195
f 187/187/187 918/918/918 916/916/916
f 918/918/918 913/913/913 916/916/916
f 918/918/918 917/917/917 913/913/913
f 913/913/913 914/914/914 916/916/916
f 910/910/910 915/915/915 909/909/909
f 913/913/913 912/912/912 184/184/184
f 184/184/184 914/914/914 913/913/913
f 912/912/912 911/911/911 184/184/184
f 911/911/911 910/910/910 184/184/184
f 910/910/910 909/909/909 184/184/184
f 909/909/909 908/908/908 184/184/184
f 193/193/193 185/185/185 186/186/186
f 186/186/186 194/194/194 193/193/193
f 191/191/191 188/188/188 189/189/189
f 189/189/189 192/192/192 191/191/191
f 904/904/904 907/907/907 906/906/906
f 906/906/906 905/905/905 904/904/904
f 900/900/900 903/903/903 902/902/902
f 902/902/902 901/901/901 900/900/900
f 107/107/107 104/104/104 105/105/105
f 105/105/105 106/106/106 107/107/107
f 898/898/898 899/899/899 2/2/2
f 2/2/2 755/755/755 898/898/898
f 386/386/386 775/775/775 180/180/180
f 180/180/180 1/1/1 386/386/386
f 67/67/67 66/66/66 64/64/64
f 64/64/64 65/65/65 67/67/67
f 132/132/132 133/133/133 130/130/130
f 130/130/130 131/131/131 132/132/132
f 127/127/127 128/128/128 897/897/897
f 897/897/897 896/896/896 127/127/127
f 160/160/160 159/159/159 158/158/158
f 158/158/158 121/121/121 160/160/160
f 123/123/123 126/126/126 129/129/129
f 129/129/129 122/122/122 123/123/123
f 167/167/167 166/166/166 124/124/124
f 124/124/124 125/125/125 167/167/167
f 158/158/158 119/119/119 120/120/120
f 120/120/120 121/121/121 158/158/158
f 114/114/114 118/118/118 5/5/5
f 5/5/5 7/7/7 114/114/114
f 112/112/112 136/136/136 6/6/6
f 6/6/6 116/116/116 112/112/112
f 58/58/58 895/895/895 873/873/873
f 873/873/873 874/874/874 58/58/58
f 56/56/56 894/894/894 893/893/893
f 893/893/893 110/110/110 56/56/56
f 108/108/108 179/179/179 178/178/178
f 178/178/178 109/109/109 108/108/108
f 101/101/101 134/134/134 103/103/103
f 103/103/103 102/102/102 101/101/101
f 98/98/98 99/99/99 100/100/100
f 100/100/100 97/97/97 98/98/98
f 93/93/93 94/94/94 92/92/92
f 92/92/92 94/94/94 90/90/90
f 90/90/90 91/91/91 92/92/92
f 90/90/90 89/89/89 91/91/91
f 85/85/85 1272/1272/1272 87/87/87
f 83/83/83 1271/1271/1271 85/85/85
f 81/81/81 88/88/88 83/83/83
f 79/79/79 88/88/88 81/81/81
f 76/76/76 88/88/88 79/79/79
f 85/85/85 87/87/87 86/86/86
f 86/86/86 84/84/84 85/85/85
f 83/83/83 85/85/85 84/84/84
f 84/84/84 82/82/82 83/83/83
f 81/81/81 83/83/83 82/82/82
f 82/82/82 80/80/80 81/81/81
f 79/79/79 81/81/81 80/80/80
f 80/80/80 78/78/78 79/79/79
f 76/76/76 79/79/79 78/78/78
f 78/78/78 77/77/77 76/76/76
f 40/40/40 892/892/892 891/891/891
f 174/174/174 177/177/177 176/176/176
f 177/177/177 175/175/175 176/176/176
f 60/60/60 62/62/62 63/63/63
f 63/63/63 61/61/61 60/60/60
f 38/38/38 890/890/890 889/889/889
f 889/889/889 37/37/37 38/38/38
f 888/888/888 73/73/73 887/887/887
f 70/70/70 68/68/68 71/71/71
f 886/886/886 172/172/172 885/885/885
f 69/69/69 72/72/72 173/173/173
f 138/138/138 139/139/139 74/74/74
f 74/74/74 75/75/75 138/138/138
f 59/59/59 111/111/111 884/884/884
f 884/884/884 883/883/883 59/59/59
f 881/881/881 181/181/181 53/53/53
f 53/53/53 882/882/882 881/881/881
f 879/879/879 868/868/868 182/182/182
f 182/182/182 880/880/880 879/879/879
f 875/875/875 878/878/878 877/877/877
f 877/877/877 876/876/876 875/875/875
f 871/871/871 874/874/874 873/873/873
f 873/873/873 872/872/872 871/871/871
f 870/870/870 55/55/55 57/57/57
f 57/57/57 183/183/183 870/870/870
f 868/868/868 869/869/869 54/54/54
f 54/54/54 182/182/182 868/868/868
f 53/53/53 181/181/181 52/52/52
f 52/52/52 51/51/51 53/53/53
f 50/50/50 49/49/49 48/48/48
f 48/48/48 47/47/47 50/50/50
f 866/866/866 142/142/142 151/151/151
f 151/151/151 867/867/867 866/866/866
f 864/864/864 823/823/823 164/164/164
f 164/164/164 865/865/865 864/864/864
f 860/860/860 863/863/863 862/862/862
f 862/862/862 861/861/861 860/860/860
f 858/858/858 140/140/140 115/115/115
f 115/115/115 859/859/859 858/858/858
f 856/856/856 821/821/821 165/165/165
f 165/165/165 857/857/857 856/856/856
f 853/853/853 855/855/855 161/161/161
f 161/161/161 854/854/854 853/853/853
f 852/852/852 147/147/147 143/143/143
f 143/143/143 162/162/162 852/852/852
f 152/152/152 146/146/146 141/141/141
f 141/141/141 148/148/148 152/152/152
f 39/39/39 45/45/45 41/41/41
f 44/44/44 43/43/43 42/42/42
f 252/252/252 851/851/851 24/24/24
f 33/33/33 34/34/34 32/32/32
f 32/32/32 31/31/31 33/33/33
f 27/27/27 30/30/30 29/29/29
f 29/29/29 28/28/28 27/27/27
f 36/36/36 35/35/35 25/25/25
f 25/25/25 26/26/26 36/36/36
f 847/847/847 850/850/850 849/849/849
f 849/849/849 848/848/848 847/847/847
f 843/843/843 846/846/846 845/845/845
f 845/845/845 844/844/844 843/843/843
f 343/343/343 842/842/842 841/841/841
f 841/841/841 840/840/840 343/343/343
f 836/836/836 839/839/839 838/838/838
f 838/838/838 837/837/837 836/836/836
f 833/833/833 835/835/835 834/834/834
f 834/834/834 21/21/21 833/833/833
f 830/830/830 832/832/832 831/831/831
f 831/831/831 23/23/23 830/830/830
f 171/171/171 829/829/829 828/828/828
f 828/828/828 170/170/170 171/171/171
f 826/826/826 827/827/827 20/20/20
f 20/20/20 22/22/22 826/826/826
f 824/824/824 96/96/96 11/11/11
f 11/11/11 825/825/825 824/824/824
f 14/14/14 95/95/95 16/16/16
f 16/16/16 12/12/12 14/14/14
f 9/9/9 10/10/10 19/19/19
f 19/19/19 17/17/17 9/9/9
f 13/13/13 8/8/8 15/15/15
f 15/15/15 18/18/18 13/13/13
f 168/168/168 169/169/169 252/252/252
f 252/252/252 24/24/24 168/168/168
f 823/823/823 4/4/4 113/113/113
f 113/113/113 164/164/164 823/823/823
f 821/821/821 822/822/822 46/46/46
f 46/46/46 165/165/165 821/821/821
f 115/115/115 140/140/140 144/144/144
f 144/144/144 145/145/145 115/115/115
f 163/163/163 150/150/150 156/156/156
f 156/156/156 157/157/157 163/163/163
f 151/151/151 142/142/142 154/154/154
f 154/154/154 155/155/155 151/151/151
f 153/153/153 149/149/149 190/190/190
f 190/190/190 117/117/117 153/153/153
