v 1.911359 -2.432708 1.8718900000000003
v 2.283047 -2.262318 2.228895
v 1.923466 -2.425634 2.234466
v 2.022743 -2.672885 1.8734770000000003
v 2.033265 -2.663044 2.235711
v 2.394058 -2.502808 2.230028
v -2.650228 3.125458 1.9306049999999997
v -2.140871 3.170093 1.7004259999999998
v -2.233143 3.157869 1.6981479999999998
v -2.233143 3.157869 1.6981479999999998
v -2.708253 3.117086 1.8948779999999998
v -2.650228 3.125458 1.9306049999999997
v -2.096588 1.959777 1.6981479999999998
v -2.004316 1.972001 1.7004259999999998
v -2.436298 1.9403790000000003 1.9306049999999997
v -2.436298 1.9403790000000003 1.9306049999999997
v -2.494323 1.9320080000000002 1.9127419999999997
v -2.096588 1.959777 1.6981479999999998
v -0.392723 1.111915 1.054494
v -0.69762 1.001221 -6.13071046444556E-17
v -0.69762 1.001221 1.177783
v -0.229901 1.168493 0.7128879999999999
v -0.69762 1.001221 -6.13071046444556E-17
v -0.392723 1.111915 1.054494
v -0.230116 1.168493 -7.15495606138044E-17
v -0.69762 1.001221 -6.13071046444556E-17
v -0.229901 1.168493 0.7128879999999999
v 1.982269 1.3435 -8.226564873272345E-17
v 2.103258 1.413943 1.581999
v 1.708801 1.168491 1.581999
v 1.708801 1.168491 1.581999
v 1.707843 1.168491 -0.00035400000000007154
v 1.982269 1.3435 -8.226564873272345E-17
v 0.077701 1.168492 1.155614
v -0.951025 1.17074 1.581999
v -0.403758 1.168493 1.294471
v -0.951025 1.17074 1.581999
v -0.498504 1.168493 1.294471
v -0.403758 1.168493 1.294471
v -0.245533 1.168493 -0.00017700000000007155
v -0.403758 1.168493 0.9832629999999999
v -0.950917 1.170684 -0.00035400000000007165
v -0.403758 1.168493 0.9832629999999999
v -0.498504 1.168493 0.9832629999999999
v -0.950917 1.170684 -0.00035400000000007165
v -3.826716 -3.327169 2.552109
v -3.728953 -3.326137 2.584551
v -3.698616 -3.129877 2.584551
v -3.698616 -3.129877 2.584551
v -3.793784 -3.096802 2.552109
v -3.826716 -3.327169 2.552109
v -3.785818 -3.550097 2.552109
v -3.694695 -3.514737 2.584551
v -3.728953 -3.326137 2.584551
v -3.728953 -3.326137 2.584551
v -3.826716 -3.327169 2.552109
v -3.785818 -3.550097 2.552109
v -3.668614 -3.747743 2.5521090000000006
v -3.595918 -3.684772 2.5845510000000003
v -3.694695 -3.514737 2.584551
v -3.694695 -3.514737 2.584551
v -3.785818 -3.550097 2.552109
v -3.668614 -3.747743 2.5521090000000006
v -3.495964 -3.893814 2.5521090000000006
v -3.447006 -3.808596 2.5845510000000003
v -3.595918 -3.684772 2.5845510000000003
v -3.595918 -3.684772 2.5845510000000003
v -3.668614 -3.747743 2.5521090000000006
v -3.495964 -3.893814 2.5521090000000006
v -3.285185 -3.974005 2.5521090000000006
v -3.267814 -3.874439 2.5845510000000003
v -3.447006 -3.808596 2.5845510000000003
v -3.447006 -3.808596 2.5845510000000003
v -3.495964 -3.893814 2.5521090000000006
v -3.285185 -3.974005 2.5521090000000006
v -2.842877 -3.889324 2.5521090000000006
v -2.888481 -3.803168 2.5845520000000004
v -3.063683 -3.870439 2.5845510000000003
v -3.063683 -3.870439 2.5845510000000003
v -3.044322 -3.969881 2.5521090000000006
v -2.842877 -3.889324 2.5521090000000006
v -4.179099 1.4981040000000003 2.071502
v -4.327857 1.6286390000000002 2.347054
v -4.357131 1.6230650000000002 2.334223
v -4.357131 1.6230650000000002 2.334223
v -4.21347 1.4915600000000002 2.056436
v -4.179099 1.4981040000000003 2.071502
v -4.221478 1.0615870000000003 2.113612
v -4.417093 1.0315380000000003 2.389165
v -4.43164 1.0055300000000003 2.376334
v -4.43164 1.0055300000000003 2.376334
v -4.238558 1.0310510000000002 2.098547
v -4.221478 1.0615870000000003 2.113612
v -4.148342 0.6361210000000002 2.071502
v -4.343957 0.6060720000000002 2.347054
v -4.358504 0.5800640000000001 2.334223
v -4.358504 0.5800640000000001 2.334223
v -4.165422 0.6055840000000001 2.056436
v -4.148342 0.6361210000000002 2.071502
v -4.164096 -1.3966209999999997 2.071502
v -4.354084 -1.3411839999999997 2.347054
v -4.378258 -1.3586079999999998 2.334223
v -4.378258 -1.3586079999999998 2.334223
v -4.192482 -1.4170779999999998 2.056436
v -4.164096 -1.3966209999999997 2.071502
v -4.205555 -1.7660229999999997 2.111125
v -4.403416 -1.7616479999999999 2.386678
v -4.422258 -1.7847339999999998 2.373847
v -4.422258 -1.7847339999999998 2.373847
v -4.227678 -1.7931299999999997 2.09606
v -4.205555 -1.7660229999999997 2.111125
v -4.092596 -2.162741 2.133557
v -4.266136 -2.257882 2.409109
v -4.27091 -2.287297 2.396279
v -4.27091 -2.287297 2.396279
v -4.098202 -2.197278 2.118492
v -4.092596 -2.162741 2.133557
v -3.92269 -2.52043 2.071502
v -4.096231 -2.615572 2.347054
v -4.101006 -2.644986 2.334223
v -4.101006 -2.644986 2.334223
v -3.928297 -2.554967 2.056436
v -3.92269 -2.52043 2.071502
v -3.737557 -2.875486 2.113576
v -3.911098 -2.970627 2.389128
v -3.915872 -3.000042 2.376297
v -3.915872 -3.000042 2.376297
v -3.743164 -2.910023 2.098511
v -3.737557 -2.875486 2.113576
v -3.731258 -3.455275 2.071502
v -3.926874 -3.485324 2.347054
v -3.941421 -3.511332 2.334223
v -3.941421 -3.511332 2.334223
v -3.748339 -3.485812 2.056436
v -3.731258 -3.455275 2.071502
v -3.525164 -3.764071 2.1123960000000004
v -3.642236 -3.92364 2.3879490000000003
v -3.634133 -3.952316 2.3751180000000005
v -3.634133 -3.952316 2.3751180000000005
v -3.515648 -3.797742 2.0973310000000005
v -3.525164 -3.764071 2.1123960000000004
v -3.157939 -3.914993 2.0715020000000006
v -3.162314 -4.112854 2.3470540000000004
v -3.139228 -4.131696 2.3342230000000006
v -3.139228 -4.131696 2.3342230000000006
v -3.130832 -3.937116 2.0564360000000006
v -3.157939 -3.914993 2.0715020000000006
v -2.79366 -3.7675 2.0715020000000006
v -2.656845 -3.910502 2.3470540000000004
v -2.627197 -3.907501 2.3342230000000006
v -2.627197 -3.907501 2.3342230000000006
v -2.758849 -3.763976 2.0564360000000006
v -2.79366 -3.7675 2.0715020000000006
v -2.1042 -3.845249 2.1113790000000003
v -2.091314 -4.042738 2.3869320000000003
v -2.066673 -4.059497 2.3741010000000005
v -2.066673 -4.059497 2.3741010000000005
v -2.075268 -3.864926 2.0963140000000005
v -2.1042 -3.845249 2.1113790000000003
v -1.486506 -3.646777 2.0715020000000006
v -1.406852 -3.827949 2.3470540000000004
v -1.377966 -3.835269 2.3342230000000006
v -1.377966 -3.835269 2.3342230000000006
v -1.45259 -3.655371 2.0564360000000006
v -1.486506 -3.646777 2.0715020000000006
v -1.139426 -3.306577 2.071502
v -0.979857 -3.42365 2.347054
v -0.951181 -3.415546 2.334223
v -0.951181 -3.415546 2.334223
v -1.105756 -3.297063 2.056436
v -1.139426 -3.306577 2.071502
v -0.702188 -2.908146 2.113144
v -0.592283 -3.072734 2.388696
v -0.562565 -3.074927 2.375865
v -0.562565 -3.074927 2.375865
v -0.667294 -2.910721 2.098079
v -0.702188 -2.908146 2.113144
v -2.669546 -3.747238 2.5521090000000006
v -2.746431 -3.680737 2.5845510000000003
v -2.888481 -3.803168 2.5845510000000003
v -2.888481 -3.803168 2.5845510000000003
v -2.842878 -3.889324 2.5521090000000006
v -2.669546 -3.747238 2.5521090000000006
v -4.372696 1.4125460000000003 2.350506
v -4.362875 1.4095500000000003 2.452827
v -4.330729 1.4418370000000003 2.452827
v -4.330729 1.4418370000000003 2.452827
v -4.337409 1.4520750000000002 2.350506
v -4.372696 1.4125460000000003 2.350506
v -4.256618 1.3907700000000003 2.350506
v -4.266438 1.3937660000000003 2.452827
v -4.253476 1.3378330000000003 2.452827
v -4.253476 1.3378330000000003 2.452827
v -4.243288 1.3264390000000001 2.350506
v -4.256618 1.3907700000000003 2.350506
v -4.337409 1.4520750000000002 2.350506
v -4.330729 1.4418370000000003 2.452827
v -4.240076 1.4203290000000002 2.452827
v -4.240076 1.4203290000000002 2.452827
v -4.221795 1.4258220000000001 2.350506
v -4.337409 1.4520750000000002 2.350506
v -4.372696 1.4125460000000003 2.350506
v -4.358069 1.3294970000000002 2.350506
v -4.347031 1.3356350000000001 2.452827
v -4.347031 1.3356350000000001 2.452827
v -4.362875 1.4095500000000003 2.452827
v -4.372696 1.4125460000000003 2.350506
v -4.243288 1.3264390000000001 2.350506
v -4.253476 1.3378330000000003 2.452827
v -4.347031 1.3356350000000001 2.452827
v -4.347031 1.3356350000000001 2.452827
v -4.358069 1.3294970000000002 2.350506
v -4.243288 1.3264390000000001 2.350506
v -4.167078 0.34540800000000016 2.350506
v -4.156841 0.34459900000000016 2.452827
v -4.163488 0.38560900000000015 2.452827
v -4.163488 0.38560900000000015 2.452827
v -4.17603 0.3983300000000002 2.350506
v -4.167078 0.34540800000000016 2.350506
v -4.065648 0.3442910000000002 2.350506
v -4.075883 0.3451000000000002 2.452827
v -4.074332 0.29313300000000014 2.452827
v -4.074332 0.29313300000000014 2.452827
v -4.061928 0.2842020000000002 2.350506
v -4.065648 0.3442910000000002 2.350506
v -4.17603 0.3983300000000002 2.350506
v -4.163488 0.38560900000000015 2.452827
v -4.084983 0.3905540000000002 2.452827
v -4.084983 0.3905540000000002 2.452827
v -4.074359 0.4001870000000002 2.350506
v -4.17603 0.3983300000000002 2.350506
v -4.167078 0.34540800000000016 2.350506
v -4.163511 0.28390600000000016 2.350506
v -4.154056 0.29227800000000015 2.452827
v -4.154056 0.29227800000000015 2.452827
v -4.156841 0.34459900000000016 2.452827
v -4.167078 0.34540800000000016 2.350506
v -4.061928 0.2842020000000002 2.350506
v -4.074332 0.29313300000000014 2.452827
v -4.154056 0.29227800000000015 2.452827
v -4.154056 0.29227800000000015 2.452827
v -4.163511 0.28390600000000016 2.350506
v -4.061928 0.2842020000000002 2.350506
v -4.065648 0.3442910000000002 2.350506
v -4.074359 0.4001870000000002 2.350506
v -4.084983 0.3905540000000002 2.452827
v -4.084983 0.3905540000000002 2.452827
v -4.075883 0.3451000000000002 2.452827
v -4.065648 0.3442910000000002 2.350506
v -4.256481 -1.9032469999999997 2.350506
v -4.244105 -1.9140129999999997 2.452827
v -4.174115 -1.9051969999999998 2.452827
v -4.174115 -1.9051969999999998 2.452827
v -4.157546 -1.8927199999999997 2.350506
v -4.256481 -1.9032469999999997 2.350506
v -4.223489 -2.002012 2.452827
v -4.244105 -1.9140129999999997 2.452827
v -4.256481 -1.9032469999999997 2.350506
v -4.256481 -1.9032469999999997 2.350506
v -4.23143 -2.011832 2.350506
v -4.223489 -2.002012 2.452827
v -4.127246 -1.9957409999999998 2.350506
v -4.145366 -1.9897509999999998 2.452827
v -4.223489 -2.002012 2.452827
v -4.223489 -2.002012 2.452827
v -4.23143 -2.011832 2.350506
v -4.127246 -1.9957409999999998 2.350506
v -4.174115 -1.9051969999999998 2.452827
v -4.145366 -1.9897509999999998 2.452827
v -4.127246 -1.9957409999999998 2.350506
v -4.127246 -1.9957409999999998 2.350506
v -4.157546 -1.8927199999999997 2.350506
v -4.174115 -1.9051969999999998 2.452827
v -0.81985 -2.934225 2.350506
v -0.821791 -2.955218 2.452827
v -0.786502 -3.013905 2.452827
v -0.786502 -3.013905 2.452827
v -0.768191 -3.023649 2.350506
v -0.81985 -2.934225 2.350506
v -0.888667 -3.005394 2.452827
v -0.821791 -2.955218 2.452827
v -0.81985 -2.934225 2.350506
v -0.81985 -2.934225 2.350506
v -0.900923 -3.002347 2.350506
v -0.888667 -3.005394 2.452827
v -0.844681 -3.08838 2.350506
v -0.84691 -3.069427 2.452827
v -0.888667 -3.005394 2.452827
v -0.888667 -3.005394 2.452827
v -0.900923 -3.002347 2.350506
v -0.844681 -3.08838 2.350506
v -0.786502 -3.013905 2.452827
v -0.84691 -3.069427 2.452827
v -0.844681 -3.08838 2.350506
v -0.844681 -3.08838 2.350506
v -0.768191 -3.023649 2.350506
v -0.786502 -3.013905 2.452827
v -1.437186 -3.694087 2.3505060000000007
v -1.430572 -3.683074 2.4528270000000005
v -1.46485 -3.61324 2.452827
v -1.46485 -3.61324 2.452827
v -1.483161 -3.603496 2.350506
v -1.437186 -3.694087 2.3505060000000007
v -1.357828 -3.633265 2.4528270000000005
v -1.430572 -3.683074 2.4528270000000005
v -1.437186 -3.694087 2.3505060000000007
v -1.437186 -3.694087 2.3505060000000007
v -1.345572 -3.636312 2.3505060000000007
v -1.357828 -3.633265 2.4528270000000005
v -1.46485 -3.61324 2.452827
v -1.399128 -3.570684 2.452827
v -1.401358 -3.55173 2.350506
v -1.401358 -3.55173 2.350506
v -1.483161 -3.603496 2.350506
v -1.46485 -3.61324 2.452827
v 1.976723 1.285639 -7.87226843104502E-17
v 1.976723 1.285639 1.598536
v 1.966141 1.225623 1.545136
v 1.966141 1.225623 1.545136
v 1.966141 1.225623 -7.504776419556882E-17
v 1.976723 1.285639 -7.87226843104502E-17
v 3.405361 1.029802 -6.305718615277714E-17
v 3.405361 1.029802 1.598536
v 3.465378 1.01922 1.545136
v 3.465378 1.01922 1.545136
v 3.465378 1.01922 -6.240922553134827E-17
v 3.405361 1.029802 -6.305718615277714E-17
v 3.924645 1.472319 -9.01535375336916E-17
v 3.914062 1.412302 -8.647855618647026E-17
v 3.914062 1.412302 0.7121609999999999
v 3.914062 1.412302 0.7121609999999999
v 3.924645 1.472319 0.7655609999999999
v 3.924645 1.472319 -9.01535375336916E-17
v 3.740237 2.928967 -1.793475030679113E-16
v 3.800253 2.918384 -1.7869948121414247E-16
v 3.800253 2.918384 1.5451359999999998
v 3.800253 2.918384 1.5451359999999998
v 3.740237 2.928967 1.5985359999999997
v 3.740237 2.928967 -1.793475030679113E-16
v 1.863934 -1.169269 1.595152
v 1.887613 -1.219084 1.595152
v 2.820573 -0.783752 0.13610600000000006
v 2.820573 -0.783752 0.13610600000000006
v 2.79737 -0.734001 0.13610600000000006
v 1.863934 -1.169269 1.595152
v 3.293919 -1.645968 1.003863
v 2.954429 -0.917931 -0.019629999999999946
v 3.299888 -1.646395 -0.0196299999999999
v -3.793784 -3.096802 2.552109
v -3.698616 -3.129877 2.584551
v -3.668377 -3.074273 2.583772
v -3.668377 -3.074273 2.583772
v -3.739674 -3.000383 2.552109
v -3.793784 -3.096802 2.552109
v -2.603697 -3.632086 2.5521090000000006
v -2.692852 -3.588376 2.583179
v -2.746431 -3.680737 2.5845510000000003
v -2.746431 -3.680737 2.5845510000000003
v -2.669546 -3.747238 2.5521090000000006
v -2.603697 -3.632086 2.5521090000000006
v -3.044322 -3.969881 2.5521090000000006
v -3.063683 -3.870439 2.5845520000000004
v -3.267814 -3.874439 2.5845520000000004
v -3.267814 -3.874439 2.5845520000000004
v -3.285185 -3.974005 2.5521090000000006
v -3.044322 -3.969881 2.5521090000000006
v -2.176837 -3.885826 2.3505060000000007
v -2.165102 -3.880598 2.4528270000000005
v -2.156692 -3.802358 2.4528270000000005
v -2.156692 -3.802358 2.4528270000000005
v -2.166103 -3.783874 2.3505060000000007
v -2.176837 -3.885826 2.3505060000000007
v -2.085409 -3.890159 2.4528270000000005
v -2.165102 -3.880598 2.4528270000000005
v -2.176837 -3.885826 2.3505060000000007
v -2.176837 -3.885826 2.3505060000000007
v -2.077117 -3.899685 2.3505060000000007
v -2.085409 -3.890159 2.4528270000000005
v -2.071077 -3.790953 2.3505060000000007
v -2.080122 -3.807758 2.4528270000000005
v -2.085409 -3.890159 2.4528270000000005
v -2.085409 -3.890159 2.4528270000000005
v -2.077117 -3.899685 2.3505060000000007
v -2.071077 -3.790953 2.3505060000000007
v -2.156692 -3.802358 2.4528270000000005
v -2.080122 -3.807758 2.4528270000000005
v -2.071077 -3.790953 2.3505060000000007
v -2.071077 -3.790953 2.3505060000000007
v -2.166103 -3.783874 2.3505060000000007
v -2.156692 -3.802358 2.4528270000000005
v -0.261526 -2.656015 2.071502
v -0.164716 -2.828631 2.347054
v -0.135257 -2.833122 2.334223
v -0.135257 -2.833122 2.334223
v -0.226937 -2.661288 2.056436
v -0.261526 -2.656015 2.071502
v 4.050869 2.187942 -1.3397280835100293E-16
v 4.050869 2.187942 0.7655609999999999
v 4.061451 2.247958 0.7121609999999999
v 4.061451 2.247958 0.7121609999999999
v 4.061451 2.247958 -1.376477284658843E-16
v 4.050869 2.187942 -1.3397280835100293E-16
v 2.310016 3.181154 -1.9478950318473994E-16
v 2.310016 3.181154 1.5985359999999997
v 2.25 3.191736 1.5451359999999998
v 2.25 3.191736 1.5451359999999998
v 2.25 3.191736 -1.9543746380616883E-16
v 2.310016 3.181154 -1.9478950318473994E-16
v -0.436181 -1.1880549999999999 2.188866
v -0.73195 -1.1952649999999998 2.188866
v -0.73195 -1.1952649999999998 2.025023
v -0.73195 -1.1952649999999998 2.025023
v -0.436244 -1.1877149999999999 2.025023
v -0.436181 -1.1880549999999999 2.188866
v -0.397272 -1.1822879999999998 2.188866
v -0.436181 -1.1880549999999999 2.188866
v -0.436244 -1.1877149999999999 2.025023
v -0.436244 -1.1877149999999999 2.025023
v -0.401201 -1.1847509999999999 2.025023
v -0.397272 -1.1822879999999998 2.188866
v 0.129576 -0.9303689999999999 1.302541
v 0.129576 -0.9303689999999999 1.466385
v -0.397272 -1.1822879999999998 2.188866
v -0.397272 -1.1822879999999998 2.188866
v -0.401201 -1.1847509999999999 2.025023
v 0.129576 -0.9303689999999999 1.302541
v 2.801965 -3.161961 1.2651530000000002
v 2.802036 -3.126069 1.3271020000000002
v 2.801965 -3.233557 1.2651530000000002
v 2.802036 -3.126069 1.3271020000000002
v 2.80229 -3.161599 1.3890520000000002
v 2.801965 -3.233557 1.2651530000000002
v 2.80229 -3.161599 1.3890520000000002
v 2.802289 -3.233187 1.3890520000000002
v 2.801965 -3.233557 1.2651530000000002
v 2.802289 -3.233187 1.3890520000000002
v 2.802036 -3.269257 1.3271020000000002
v 2.801965 -3.233557 1.2651530000000002
v -4.10569 -0.7823959999999999 1.552585
v -4.182096 -1.155924 1.555502
v -4.084811 -1.1758979999999999 1.987516
v -4.084811 -1.1758979999999999 1.987516
v -4.007744 -0.7778839999999999 1.987516
v -4.10569 -0.7823959999999999 1.552585
v -4.105175 -0.7830829999999999 2.35284
v -4.10569 -0.7823959999999999 1.552585
v -4.007744 -0.7778839999999999 1.987516
v -4.007744 -0.7778839999999999 1.987516
v -4.006832 -0.7785709999999999 2.35284
v -4.105175 -0.7830829999999999 2.35284
v -4.183391 -1.1557749999999998 2.35284
v -4.087257 -1.1753319999999998 2.35284
v -4.084811 -1.1758979999999999 1.987516
v -4.084811 -1.1758979999999999 1.987516
v -4.182096 -1.155924 1.555502
v -4.183391 -1.1557749999999998 2.35284
v 0.325102 -0.9822699999999998 3.080701
v 0.323058 -0.9677939999999999 2.495209
v 0.00274 -1.1163159999999999 2.495209
v 0.00274 -1.1163159999999999 2.495209
v 0.004662 -1.1298979999999998 3.080701
v 0.325102 -0.9822699999999998 3.080701
v 2.001932 -1.596351 1.59606
v 2.051354 -1.573121 1.596611
v 1.887613 -1.219084 1.595152
v 1.887613 -1.219084 1.595152
v 1.814053 -1.192529 1.595367
v 2.001932 -1.596351 1.59606
v 1.814053 -1.192529 1.595367
v 1.887613 -1.219084 1.595152
v 1.863934 -1.169269 1.595152
v 1.726896 -0.8762559999999999 1.595152
v 2.660664 -0.440833 0.13610600000000003
v 2.637956 -0.39213 0.13610600000000003
v 2.637956 -0.39213 0.13610600000000003
v 1.703788 -0.8287229999999999 1.595152
v 1.726896 -0.8762559999999999 1.595152
v -2.708253 3.117086 1.8948779999999998
v -3.178418 3.035332 2.192842
v -3.15464 3.03985 2.236593
v -3.15464 3.03985 2.236593
v -2.650228 3.125458 1.9306049999999997
v -2.708253 3.117086 1.8948779999999998
v -2.494323 1.9320080000000002 1.9127419999999997
v -2.436298 1.9403790000000003 1.9306049999999997
v -2.869536 1.9087580000000002 2.215223
v -2.869536 1.9087580000000002 2.215223
v -2.893313 1.9042390000000002 2.171472
v -2.494323 1.9320080000000002 1.9127419999999997
v -3.15464 3.03985 2.236593
v -3.15464 3.03985 2.236593
v -2.869536 1.9087580000000002 2.215223
v -3.475139 -0.053105999999999876 2.019
v -3.475139 -0.05310599999999993 1.116167
v -3.475139 -0.05310599999999983 2.783273
v -4.077051 1.6006320000000003 2.783273
v -3.816274 1.6917490000000002 2.970574
v -3.854967 1.6934950000000002 2.019
v -3.854967 1.6934950000000002 2.019
v -4.077051 1.6006320000000003 2.019
v -4.077051 1.6006320000000003 2.783273
v -0.317845 -0.6291019999999999 2.086607
v -0.510317 -0.4366289999999999 2.086607
v -0.510317 -0.4366289999999998 2.672099
v -0.510317 -0.4366289999999998 2.672099
v -0.317624 -0.6302239999999999 2.672099
v -0.317845 -0.6291019999999999 2.086607
v -0.510317 -0.4366289999999998 2.672099
v -0.510317 -0.4366289999999999 2.086607
v -0.630821 -0.5571339999999999 2.086607
v -0.630821 -0.5571339999999999 2.086607
v -0.636853 -0.5654719999999998 2.743387
v -0.510317 -0.4366289999999998 2.672099
v -0.443283 -0.7587479999999998 2.743387
v -0.43835 -0.7496049999999999 2.086607
v -0.317845 -0.6291019999999999 2.086607
v -0.317845 -0.6291019999999999 2.086607
v -0.317624 -0.6302239999999999 2.672099
v -0.443283 -0.7587479999999998 2.743387
v 3.293919 -1.645968 1.155363
v 3.293743 -1.64605 1.155362
v 3.266346 -1.722392 1.155362
v 3.727697 -1.443695 1.155363
v 3.828297 -1.396784 1.155363
v 3.840821 -1.397679 -0.019629999999999915
v 3.840821 -1.397679 -0.019629999999999915
v 3.741987 -1.444716 -0.019629999999999915
v 3.727697 -1.443695 1.155363
v -2.481325 0.33275900000000014 2.258803
v -2.276469 -0.3060059999999999 2.258803
v -2.277184 -0.3053009999999999 2.022721
v -2.121338 -0.7943299999999999 2.022721
v -1.970796 -0.6116789999999999 2.021293
v -2.277184 -0.3053009999999999 2.022721
v -1.174984 0.6432270000000001 1.128565
v -1.26439 0.08030400000000007 1.128565
v -0.946142 0.41619600000000007 1.132873
v -0.946142 0.416195 -2.5484593728556633E-17
v -1.173769 0.642916 -3.936725107603099E-17
v -1.172553 0.6426060000000001 1.316697
v -1.172553 0.6426060000000001 1.316697
v -0.946142 0.41619600000000007 1.316697
v -0.946142 0.416195 -2.5484593728556633E-17
v 1.216327 1.001219 1.177783
v 1.216327 1.001219 -6.13069821797757E-17
v 0.91143 1.111913 1.054494
v 0.91143 1.111913 1.054494
v 1.216327 1.001219 -6.13069821797757E-17
v 0.748608 1.168492 0.7128879999999999
v 1.216327 1.001219 -6.13069821797757E-17
v 0.748823 1.168492 -7.154949938146446E-17
v 0.748608 1.168492 0.7128879999999999
v -0.477614 -0.7982689999999998 4.532564
v -0.47727 -0.8002259999999998 3.928233
v -0.493851 -0.8202419999999998 3.928233
v -0.493851 -0.8202419999999998 3.928233
v -0.494227 -0.8180689999999998 4.532564
v -0.477614 -0.7982689999999998 4.532564
v 3.727697 -1.443695 1.003863
v 3.741987 -1.444716 -0.019629999999999915
v 3.388206 -0.715657 -0.019629999999999957
v 3.293743 -1.64605 1.155362
v 3.300212 -1.646258 1.0080422951353617E-16
v 3.118988 -1.268732 7.768742913879099E-17
v 3.118988 -1.268732 7.768742913879099E-17
v 3.118604 -1.270464 1.155362
v 3.293743 -1.64605 1.155362
v 3.118604 -1.270464 1.155362
v 3.118988 -1.268732 7.768742913879099E-17
v 2.634318 -1.402133 8.58558845214438E-17
v 2.634318 -1.402133 8.58558845214438E-17
v 2.63481 -1.401612 1.155362
v 3.118604 -1.270464 1.155362
v 2.016867 1.584366 -9.701443752889477E-17
v 1.671803 1.357968 -8.315155822722666E-17
v 1.672761 1.357968 1.582353
v 1.672761 1.357968 1.582353
v 2.137856 1.654809 1.581999
v 2.016867 1.584366 -9.701443752889477E-17
v 2.137856 1.654809 1.581999
v 1.672761 1.357968 1.582353
v 1.708801 1.168491 1.581999
v 1.708801 1.168491 1.581999
v 2.103258 1.413943 1.581999
v 2.137856 1.654809 1.581999
v -4.064327 2.7032330000000004 4.661072
v -4.036672 2.6886190000000005 3.642848
v -4.053078 2.6690670000000005 3.642848
v -4.081166 2.6831660000000004 4.661072
v -4.064327 2.7032330000000004 4.661072
v -4.081166 2.6831660000000004 4.661072
v -4.053078 2.6690670000000005 3.642848
v -4.033526 2.6526610000000006 3.642848
v -4.033526 2.6526610000000006 3.642848
v -4.061097 2.6663270000000003 4.661072
v -4.061097 2.6663270000000003 4.661072
v -4.033526 2.6526610000000006 3.642848
v -4.01712 2.6722130000000006 3.642848
v -4.01712 2.6722130000000006 3.642848
v -4.044259 2.6863950000000005 4.661072
v -0.772965 1.05441 -6.456399157444804E-17
v -0.772965 1.1793 -7.221129851172368E-17
v -0.804624 1.178331 0.6177299999999999
v -0.804624 1.092324 0.5297539999999998
v -0.772965 1.05441 -6.456399157444804E-17
v -0.914196 1.054411 -6.456405280678799E-17
v -0.772965 1.05441 -6.456399157444804E-17
v -0.804624 1.092324 0.5297539999999998
v -0.882536 1.092324 0.5297539999999998
v -0.914196 1.054411 -6.456405280678799E-17
v 1.466682 1.054405 -6.456368541274824E-17
v 1.466682 1.179295 -7.22109923500239E-17
v 1.435023 1.178326 0.6177299999999999
v 1.435023 1.09232 0.5297539999999998
v 1.466682 1.054405 -6.456368541274824E-17
v 1.325451 1.054406 -6.45637466450882E-17
v 1.466682 1.054405 -6.456368541274824E-17
v 1.435023 1.09232 0.5297539999999998
v 1.35711 1.09232 0.5297539999999998
v 1.325451 1.054406 -6.45637466450882E-17
v 1.075433 -0.83235 -0.00957599999999995
v 1.101622 -0.79591 0.23034300000000005
v 1.087024 -0.703259 0.23659700000000006
v 1.062361 -0.682941 -0.009575999999999958
v 1.075433 -0.83235 -0.00957599999999995
v 1.220539 -0.816249 -0.00957599999999995
v 1.194764 -0.79324 0.23659700000000006
v 1.101622 -0.79591 0.23034300000000005
v 1.075433 -0.83235 -0.00957599999999995
v 1.220539 -0.816249 -0.00957599999999995
v 1.220539 -0.816249 -0.00957599999999995
v 1.214487 -0.669631 -0.009575999999999958
v 1.188014 -0.717843 0.23659700000000006
v 1.188014 -0.717843 0.23659700000000006
v 1.194764 -0.79324 0.23659700000000006
v 3.496547 0.695131 0.18003299999999994
v 3.498436 0.671038 -0.006146000000000041
v 3.572673 0.759509 -0.006146000000000047
v 3.572673 0.759509 -0.006146000000000047
v 3.531321 0.764023 0.18003299999999994
v 3.44548 0.744366 0.17530299999999993
v 3.496547 0.695131 0.18003299999999994
v 3.487539 0.800911 0.18003299999999994
v 3.498436 0.671038 -0.006146000000000041
v 3.496547 0.695131 0.18003299999999994
v 3.44548 0.744366 0.17530299999999993
v 3.44548 0.744366 0.17530299999999993
v 3.411544 0.743948 -0.006146000000000046
v 3.44548 0.744366 0.17530299999999993
v 3.487539 0.800911 0.18003299999999994
v 3.484465 0.82686 -0.006146000000000051
v 3.484465 0.82686 -0.006146000000000051
v 3.411544 0.743948 -0.006146000000000046
v 3.484465 0.82686 -0.006146000000000051
v 3.487539 0.800911 0.18003299999999994
v 3.531321 0.764023 0.18003299999999994
v 3.531321 0.764023 0.18003299999999994
v 3.572673 0.759509 -0.006146000000000047
v 1.020228 -3.468137 -0.006145999999999788
v 1.016854 -3.501908 0.1753030000000002
v 1.061451 -3.557071 0.18003300000000022
v 1.085288 -3.561053 -0.006145999999999783
v 1.020228 -3.468137 -0.006145999999999788
v 0.931276 -3.533554 -0.0061459999999997844
v 0.956858 -3.538878 0.18003300000000022
v 1.016854 -3.501908 0.1753030000000002
v 1.020228 -3.468137 -0.006145999999999788
v 0.931276 -3.533554 -0.0061459999999997844
v 0.931276 -3.533554 -0.0061459999999997844
v 0.990683 -3.627296 -0.006145999999999778
v 0.989791 -3.585708 0.18003300000000022
v 0.989791 -3.585708 0.18003300000000022
v 0.956858 -3.538878 0.18003300000000022
v -4.355121 -2.070058 -0.006145999999999874
v -4.386867 -2.058059 0.17530300000000013
v -4.451693 -2.086858 0.18003300000000014
v -4.461709 -2.108852 -0.006145999999999871
v -4.355121 -2.070058 -0.006145999999999874
v -4.395287 -1.967206 -0.00614599999999988
v -4.40705 -1.990538 0.1800330000000001
v -4.386867 -2.058059 0.17530300000000013
v -4.355121 -2.070058 -0.006145999999999874
v -4.395287 -1.967206 -0.00614599999999988
v -4.460808 -2.010228 0.1800330000000001
v -4.40705 -1.990538 0.1800330000000001
v -4.395287 -1.967206 -0.00614599999999988
v -4.501209 -2.000326 -0.006145999999999878
v -4.460808 -2.010228 0.1800330000000001
v -2.212015 2.301194 -0.006146000000000141
v -2.178214 2.298139 0.17530299999999985
v -2.123473 2.343252 0.18003299999999986
v -2.119716 2.367126 -0.006146000000000145
v -2.212015 2.301194 -0.006146000000000141
v -2.145764 2.212862 -0.006146000000000136
v -2.140682 2.238493 0.18003299999999986
v -2.178214 2.298139 0.17530299999999985
v -2.212015 2.301194 -0.006146000000000141
v -2.145764 2.212862 -0.006146000000000136
v -2.094163 2.271865 0.18003299999999986
v -2.140682 2.238493 0.18003299999999986
v -2.145764 2.212862 -0.006146000000000136
v -2.052585 2.273148 -0.006146000000000139
v -2.094163 2.271865 0.18003299999999986
v -4.111199 -0.6832029999999999 2.350506
v -4.100446 -0.6930459999999999 2.596095
v -4.021713 -0.6896919999999999 2.596095
v -4.021713 -0.6896919999999999 2.596095
v -4.01195 -0.6789749999999999 2.350506
v -4.106406 -0.7826629999999999 2.350506
v -4.096643 -0.7719459999999999 2.596095
v -4.100446 -0.6930459999999999 2.596095
v -4.111199 -0.6832029999999999 2.350506
v -4.106406 -0.7826629999999999 2.350506
v -4.007157 -0.7784349999999999 2.350506
v -4.017911 -0.7685919999999999 2.596095
v -4.096643 -0.7719459999999999 2.596095
v -4.106406 -0.7826629999999999 2.350506
v -4.007157 -0.7784349999999999 2.350506
v -3.75942 -3.028652 2.350506
v -3.745344 -3.024856 2.596095
v -3.705942 -2.95661 2.596095
v -3.705942 -2.95661 2.596095
v -3.70975 -2.942621 2.350506
v -4.178755 1.5327500000000003 2.055666
v -4.327564 1.6581450000000002 2.333568
v -4.327857 1.6286390000000002 2.347054
v -4.179099 1.4981040000000003 2.071502
v -4.178755 1.5327500000000003 2.055666
v -4.247796 1.0841210000000001 2.097777
v -4.439507 1.0507290000000002 2.375678
v -4.417093 1.0315380000000003 2.389165
v -4.221478 1.0615870000000003 2.113612
v -4.247796 1.0841210000000001 2.097777
v -4.174661 0.6586550000000001 2.055666
v -4.366372 0.6252630000000001 2.333568
v -4.343957 0.6060720000000002 2.347054
v -4.148342 0.6361210000000002 2.071502
v -4.174661 0.6586550000000001 2.055666
v -4.178426 -1.3650759999999997 2.055666
v -4.366288 -1.3143179999999999 2.333568
v -4.354084 -1.3411839999999997 2.347054
v -4.164096 -1.3966209999999997 2.071502
v -4.178426 -1.3650759999999997 2.055666
v -4.227561 -1.7392619999999999 2.09529
v -4.422158 -1.7388559999999997 2.373191
v -4.403416 -1.7616479999999999 2.386678
v -4.205555 -1.7660229999999997 2.111125
v -4.227561 -1.7392619999999999 2.09529
v -4.125034 -2.150568 2.117722
v -4.293763 -2.247515 2.395623
v -4.266136 -2.257882 2.409109
v -4.092596 -2.162741 2.133557
v -4.125034 -2.150568 2.117722
v -3.955129 -2.508257 2.055666
v -4.123858 -2.605205 2.333568
v -4.096231 -2.615572 2.347054
v -3.92269 -2.52043 2.071502
v -3.955129 -2.508257 2.055666
v -3.769995 -2.863312 2.097741
v -3.938725 -2.960259 2.375642
v -3.911098 -2.970627 2.389128
v -3.737557 -2.875486 2.113576
v -3.769995 -2.863312 2.097741
v -3.757577 -3.432741 2.055666
v -3.949289 -3.466133 2.333568
v -3.926874 -3.485324 2.347054
v -3.731258 -3.455275 2.071502
v -3.757577 -3.432741 2.055666
v -3.559707 -3.766747 2.0965610000000003
v -3.671657 -3.925919 2.3744620000000003
v -3.642236 -3.92364 2.3879490000000003
v -3.525164 -3.764071 2.1123960000000004
v -3.559707 -3.766747 2.0965610000000003
v -3.184701 -3.936998 2.0556660000000004
v -3.185107 -4.131596 2.3335680000000005
v -3.162314 -4.112854 2.3470540000000004
v -3.157939 -3.914993 2.0715020000000006
v -3.184701 -3.936998 2.0556660000000004
v -2.797023 -3.801983 2.0556660000000004
v -2.659709 -3.939871 2.3335680000000005
v -2.656845 -3.910502 2.3470540000000004
v -2.79366 -3.7675 2.0715020000000006
v -2.797023 -3.801983 2.0556660000000004
v -2.128942 -3.869503 2.0955440000000003
v -2.112386 -4.063396 2.3734450000000002
v -2.091314 -4.042738 2.3869320000000003
v -2.1042 -3.845249 2.1113790000000003
v -2.128942 -3.869503 2.0955440000000003
v -1.501461 -3.67803 2.0556660000000004
v -1.419589 -3.854567 2.3335680000000005
v -1.406852 -3.827949 2.3470540000000004
v -1.486506 -3.646777 2.0715020000000006
v -1.501461 -3.67803 2.0556660000000004
v -1.13675 -3.341121 2.055666
v -0.977578 -3.45307 2.333568
v -0.979857 -3.42365 2.347054
v -1.139426 -3.306577 2.071502
v -1.13675 -3.341121 2.055666
v -0.711488 -2.941522 2.097309
v -0.600204 -3.10116 2.37521
v -0.592283 -3.072734 2.388696
v -0.702188 -2.908146 2.113144
v -0.711488 -2.941522 2.097309
v 0.221044 -2.080706 3.517169
v 0.24782 -2.139431 3.421864
v 0.261642 -2.137866 3.421864
v 0.276433 -2.074365 3.517169
v 0.221044 -2.080706 3.517169
v 0.234917 -1.9359479999999998 3.556803
v -1.92592 -0.8187719999999998 4.180843
v -1.92592 -0.8187719999999998 3.947339
v -1.944436 -0.8317369999999997 3.947339
v -1.944436 -0.8317369999999997 3.947339
v -1.944436 -0.8317369999999997 4.180843
v -1.931621 -0.8500379999999997 4.180843
v -1.944436 -0.8317369999999997 4.180843
v -1.944436 -0.8317369999999997 3.947339
v -1.931621 -0.8500379999999997 3.947339
v -1.931621 -0.8500379999999997 4.180843
v -1.913106 -0.8370729999999997 4.180843
v -1.931621 -0.8500379999999997 4.180843
v -1.931621 -0.8500379999999997 3.947339
v -1.913106 -0.8370729999999997 3.947339
v -1.913106 -0.8370729999999997 4.180843
v -0.772964 1.471022 -9.007411918876689E-17
v -0.804623 1.433107 0.5297539999999998
v -0.804624 1.347101 0.6177299999999999
v -0.772964 1.346131 -8.242675101915128E-17
v -0.772964 1.471022 -9.007411918876689E-17
v -0.914195 1.471021 -9.007405795642693E-17
v -0.882536 1.433107 0.5297539999999998
v -0.804623 1.433107 0.5297539999999998
v -0.772964 1.471022 -9.007411918876689E-17
v -0.914195 1.471021 -9.007405795642693E-17
v 1.028328 1.47102 -9.007399672408697E-17
v 0.996668 1.433106 0.5297539999999998
v 0.996668 1.347099 0.6177299999999999
v 1.028328 1.34613 -8.242668978681133E-17
v 1.028328 1.47102 -9.007399672408697E-17
v 0.887097 1.471019 -9.007393549174702E-17
v 0.918756 1.433106 0.5297539999999998
v 0.996668 1.433106 0.5297539999999998
v 1.028328 1.47102 -9.007399672408697E-17
v 0.887097 1.471019 -9.007393549174702E-17
v 1.073297 -3.2838159999999994 5.345489
v 1.074118 -3.2757579999999997 4.351873
v 1.056746 -3.2964609999999994 4.351873
v 1.055819 -3.3046459999999995 5.345489
v 1.073297 -3.2838159999999994 5.345489
v 1.055819 -3.3046459999999995 5.345489
v 1.056746 -3.2964609999999994 4.351873
v 1.077449 -3.3138329999999994 4.351873
v 1.077449 -3.3138329999999994 4.351873
v 1.07665 -3.3221249999999998 5.345489
v 1.07665 -3.3221249999999998 5.345489
v 1.077449 -3.3138329999999994 4.351873
v 1.094821 -3.2931299999999997 4.351873
v 1.094821 -3.2931299999999997 4.351873
v 1.094128 -3.3012949999999996 5.345489
v -2.133293 -2.4097459999999997 6.879637
v -2.141769 -2.4066999999999994 5.861414
v -2.157956 -2.4259909999999993 5.861414
v -2.14981 -2.4294299999999995 6.879637
v -2.133293 -2.4097459999999997 6.879637
v -2.14981 -2.4294299999999995 6.879637
v -2.157956 -2.4259909999999993 5.861414
v -2.138665 -2.4421779999999997 5.861414
v -2.138665 -2.4421779999999997 5.861414
v -2.130125 -2.4459469999999994 6.879637
v -2.130125 -2.4459469999999994 6.879637
v -2.138665 -2.4421779999999997 5.861414
v -2.122478 -2.4228869999999993 5.861414
v -2.122478 -2.4228869999999993 5.861414
v -2.113609 -2.4262629999999996 6.879637
v 0.726582 1.409394 -0.006146000000000086
v 0.677773 1.304723 -0.00614600000000008
v 0.700408 1.313193 0.18003299999999992
v 0.748149 1.373825 0.18003299999999992
v 0.726582 1.409394 -0.006146000000000086
v 0.800084 1.349734 0.18003299999999992
v 0.700408 1.313193 0.18003299999999992
v 0.766611 1.287719 0.1753029999999999
v 0.766611 1.287719 0.1753029999999999
v 0.700408 1.313193 0.18003299999999992
v 0.677773 1.304723 -0.00614600000000008
v 0.780575 1.256786 -0.006146000000000078
v 0.766611 1.287719 0.1753029999999999
v 0.800084 1.349734 0.18003299999999992
v 0.766611 1.287719 0.1753029999999999
v 0.780575 1.256786 -0.006146000000000078
v 0.824901 1.357915 -0.006146000000000084
v 0.800084 1.349734 0.18003299999999992
v 0.748149 1.373825 0.18003299999999992
v 0.800084 1.349734 0.18003299999999992
v 0.824901 1.357915 -0.006146000000000084
v 0.726582 1.409394 -0.006146000000000086
v 0.748149 1.373825 0.18003299999999992
v -0.239263 1.256019 -0.003527000000000077
v -0.190454 1.36069 -0.0035270000000000835
v -0.213088 1.35222 0.10330499999999991
v -0.260829 1.291589 0.10330499999999991
v -0.239263 1.256019 -0.003527000000000077
v -0.337581 1.307498 -0.0035270000000000804
v -0.312764 1.315679 0.10330499999999991
v -0.293255 1.408627 -0.0035270000000000865
v -0.279291 1.377694 0.10059099999999992
v -0.190454 1.36069 -0.0035270000000000835
v -0.213088 1.35222 0.10330499999999991
v -0.312764 1.315679 0.10330499999999991
v -0.213088 1.35222 0.10330499999999991
v -0.279291 1.377694 0.10059099999999992
v 1.43799 1.47102 -9.007399672408697E-17
v 1.40633 1.433106 0.5297539999999998
v 1.40633 1.347099 0.6177299999999999
v 1.437989 1.34613 -8.242668978681133E-17
v 1.43799 1.47102 -9.007399672408697E-17
v 1.296759 1.471019 -9.007393549174702E-17
v 1.328418 1.433105 0.5297539999999998
v 1.40633 1.433106 0.5297539999999998
v 1.43799 1.47102 -9.007399672408697E-17
v 1.296759 1.471019 -9.007393549174702E-17
v 1.904306 1.236526 -7.5715380398124E-17
v 1.904306 1.236526 1.545136
v 1.914888 1.296542 1.598536
v 1.914888 1.296542 -7.939030051300538E-17
v 1.904306 1.236526 -7.5715380398124E-17
v 3.454474 0.957385 -5.862292379008445E-17
v 3.454474 0.9573850000000002 1.545136
v 3.394458 0.9679670000000001 1.598536
v 3.394458 0.967967 -5.92708844115133E-17
v 3.454474 0.957385 -5.862292379008445E-17
v 3.975897 1.401399 -8.581093998391509E-17
v 3.98648 1.461415 -8.948586009879645E-17
v 3.98648 1.461415 0.7655609999999999
v 3.975897 1.401399 0.7121609999999999
v 3.975897 1.401399 -8.581093998391509E-17
v 3.811156 2.980219 -1.824857829554063E-16
v 3.75114 2.990802 -1.831338048091751E-16
v 3.75114 2.990802 1.5985359999999997
v 3.811156 2.980219 1.5451359999999998
v 3.811156 2.980219 -1.824857829554063E-16
v 3.006237 -2.474694 2.73194
v 2.931066 -2.401543 2.689795
v 2.920382 -2.409025 2.689795
v 2.96341 -2.504681 2.73194
v 3.006237 -2.474694 2.73194
v 3.062108 -2.600062 2.689795
v 4.498293 -1.833722 1.1228308889130415E-16
v 4.444768 -1.782847 0.3586670000000001
v 4.343988 -1.74848 0.4466440000000001
v 4.366762 -1.784875 1.092920727814066E-16
v 4.498293 -1.833722 1.1228308889130415E-16
v 4.520702 -1.678854 1.0280015886678653E-16
v 4.460051 -1.697621 0.3586670000000001
v 4.444768 -1.782847 0.3586670000000001
v 4.498293 -1.833722 1.1228308889130415E-16
v 4.520702 -1.678854 1.0280015886678653E-16
v 3.722239 -3.955559 2.4220813340942526E-16
v 3.723145 -3.880384 0.35866700000000024
v 3.679431 -3.792065 0.4466440000000002
v 3.667913 -3.848081 2.356270039754873E-16
v 3.722239 -3.955559 2.4220813340942526E-16
v 3.860437 -3.893286 2.383950119032601E-16
v 3.798722 -3.846142 0.35866700000000024
v 3.723145 -3.880384 0.35866700000000024
v 3.722239 -3.955559 2.4220813340942526E-16
v 3.860437 -3.893286 2.383950119032601E-16
v 2.711126 -3.626759 2.220749400314428E-16
v 2.773242 -3.591324 0.5297540000000002
v 2.84317 -3.528349 0.6177300000000002
v 2.810886 -3.554193 2.1763155405009646E-16
v 2.711126 -3.626759 2.220749400314428E-16
v 2.809825 -3.749883 2.296141106563537E-16
v 2.826405 -3.656303 0.5297540000000002
v 2.773242 -3.591324 0.5297540000000002
v 2.711126 -3.626759 2.220749400314428E-16
v 2.809825 -3.749883 2.296141106563537E-16
v -2.61069 -3.64256 2.3505060000000007
v -2.614498 -3.628572 2.5960950000000005
v -2.692851 -3.588376 2.583179
v -2.697202 -3.593253 2.350506
v -2.61069 -3.64256 2.3505060000000007
v -2.56102 -3.556529 2.350506
v -2.575095 -3.560325 2.596095
v -2.614498 -3.628572 2.5960950000000005
v -2.61069 -3.64256 2.3505060000000007
v -2.56102 -3.556529 2.350506
v 4.141043 -0.9299139999999998 2.974757
v 4.141042 -0.3654449999999999 1.872863
v 3.858808 -0.4410689999999999 1.872863
v 4.141043 -0.9299139999999998 2.974757
v 3.652196 -0.6476789999999999 1.872863
v 4.141043 -0.9299139999999998 2.974757
v 3.576572 -0.9299149999999999 1.872863
v 4.141043 -0.9299139999999998 2.974757
v 3.652197 -1.2121499999999998 1.872863
v 4.141043 -0.9299139999999998 2.974757
v 3.858808 -1.4187599999999998 1.872863
v 4.141043 -0.9299139999999998 2.974757
v 4.141043 -1.4943849999999999 1.872863
v -4.406845 0.352462 -0.006146000000000022
v -4.434404 0.372268 0.17530299999999996
v -4.504475 0.361229 0.18003299999999997
v -4.519842 0.342576 -0.006146000000000021
v -4.406845 0.352462 -0.006146000000000022
v -4.419022 0.462205 -0.006146000000000029
v -4.436423 0.442711 0.18003299999999997
v -4.434404 0.372268 0.17530299999999996
v -4.406845 0.352462 -0.006146000000000022
v -4.419022 0.462205 -0.006146000000000029
v -4.493446 0.437607 0.18003299999999997
v -4.436423 0.442711 0.18003299999999997
v -4.419022 0.462205 -0.006146000000000029
v -4.529908 0.457628 -0.006146000000000028
v -4.493446 0.437607 0.18003299999999997
v -4.182981 -1.1548199999999997 2.350506
v -4.174985 -1.1670109999999998 2.596095
v -4.097855 -1.1831669999999999 2.596095
v -4.097855 -1.1831669999999999 2.596095
v -4.085752 -1.1751869999999998 2.350506
v -4.202852 -1.2523929999999999 2.350506
v -4.190749 -1.2444139999999997 2.596095
v -4.174985 -1.1670109999999998 2.596095
v -4.182981 -1.1548199999999997 2.350506
v -4.202852 -1.2523929999999999 2.350506
v -4.105624 -1.2727609999999998 2.350506
v -4.113619 -1.2605709999999999 2.596095
v -4.190749 -1.2444139999999997 2.596095
v -4.202852 -1.2523929999999999 2.350506
v -4.105624 -1.2727609999999998 2.350506
v -0.363875 1.471021 -9.007405795642693E-17
v -0.395535 1.433107 0.5297539999999998
v -0.395535 1.3471 0.6177299999999999
v -0.363876 1.346131 -8.242675101915128E-17
v -0.363875 1.471021 -9.007405795642693E-17
v -0.505106 1.47102 -9.007399672408697E-17
v -0.473447 1.433107 0.5297539999999998
v -0.395535 1.433107 0.5297539999999998
v -0.363875 1.471021 -9.007405795642693E-17
v -0.505106 1.47102 -9.007399672408697E-17
v -0.273387 -2.688569 2.055666
v -0.174817 -2.856356 2.333568
v -0.164716 -2.828631 2.347054
v -0.261526 -2.656015 2.071502
v -0.273387 -2.688569 2.055666
v 4.123286 2.237055 -1.369801122633291E-16
v 4.123286 2.237055 0.7121609999999999
v 4.112704 2.177039 0.7655609999999999
v 4.112704 2.177039 -1.3330519214844776E-16
v 4.123286 2.237055 -1.369801122633291E-16
v 2.260903 3.253571 -1.9922376554743266E-16
v 2.260903 3.253571 1.5451359999999998
v 2.32092 3.242989 1.5985359999999997
v 2.32092 3.242989 -1.985758049260038E-16
v 2.260903 3.253571 -1.9922376554743266E-16
v -0.03224 -3.685864 2.25694077484623E-16
v -0.028053 -3.636647 0.35866700000000024
v -0.077385 -3.566195 0.4466440000000002
v -0.103874 -3.583561 2.194298254099644E-16
v -0.03224 -3.685864 2.25694077484623E-16
v 0.08345 -3.604857 2.207338293216965E-16
v 0.035769 -3.591959 0.35866700000000024
v -0.028053 -3.636647 0.35866700000000024
v -0.03224 -3.685864 2.25694077484623E-16
v 0.08345 -3.604857 2.207338293216965E-16
v 0.473573 -3.396896 2.0799989067182237E-16
v 0.494341 -3.352079 0.5297540000000002
v 0.472081 -3.269003 0.6177300000000002
v 0.441249 -3.276261 2.006131273410653E-16
v 0.473573 -3.396896 2.0799989067182237E-16
v 0.609992 -3.360342 2.0576160371702078E-16
v 0.569599 -3.331915 0.5297540000000002
v 0.494341 -3.352079 0.5297540000000002
v 0.473573 -3.396896 2.0799989067182237E-16
v 0.609992 -3.360342 2.0576160371702078E-16
v 2.934703 -2.389719 2.690643
v 2.934703 -2.389719 2.45714
v 2.914592 -2.403801 2.45714
v 2.914592 -2.403801 2.45714
v 2.914592 -2.403801 2.690643
v 2.92851 -2.423678 2.690643
v 2.914592 -2.403801 2.690643
v 2.914592 -2.403801 2.45714
v 2.92851 -2.423678 2.45714
v 2.92851 -2.423678 2.690643
v 2.948621 -2.409597 2.690643
v 2.92851 -2.423678 2.690643
v 2.92851 -2.423678 2.45714
v 2.948621 -2.409597 2.45714
v 2.948621 -2.409597 2.690643
v 2.877778 -2.140231 2.558592
v 2.890496 -2.131326 2.558592
v 2.890496 -2.131326 2.440436
v 2.890496 -2.131326 2.440436
v 2.877778 -2.140231 2.440436
v 2.88658 -2.152801 2.558592
v 2.877778 -2.140231 2.558592
v 2.877778 -2.140231 2.440436
v 2.88658 -2.152801 2.440436
v 2.88658 -2.152801 2.558592
v 2.899298 -2.143896 2.558592
v 2.88658 -2.152801 2.558592
v 2.88658 -2.152801 2.440436
v 2.899298 -2.143896 2.440436
v 2.899298 -2.143896 2.558592
v 4.314245 -2.693031 1.649005897077298E-16
v 4.204031 -2.640466 0.5297540000000001
v 4.100236 -2.623405 0.6177300000000001
v 4.191507 -2.671735 1.635965857959977E-16
v 4.314245 -2.693031 1.649005897077298E-16
v 4.333467 -2.544955 1.558335497362026E-16
v 4.217319 -2.562869 0.5297540000000001
v 4.204031 -2.640466 0.5297540000000001
v 4.314245 -2.693031 1.649005897077298E-16
v 4.333467 -2.544955 1.558335497362026E-16
v 4.19873 -3.233315 0.30567100000000025
v 4.218123 -3.288718 2.0137589859991424E-16
v 4.347801 -3.277044 2.0066107226325194E-16
v 4.347801 -3.277044 2.0066107226325194E-16
v 4.301898 -3.233618 0.2176940000000002
v 4.366701 -3.095935 1.8957134440591304E-16
v 4.366701 -3.095935 1.8957134440591304E-16
v 4.311574 -3.133895 0.2176940000000002
v 1.736354 -3.459795 2.1185134362280085E-16
v 1.783364 -3.426472 0.35866700000000024
v 1.809453 -3.330445 0.4466440000000002
v 1.772905 -3.321827 2.0340324014356275E-16
v 1.736354 -3.459795 2.1185134362280085E-16
v 1.886862 -3.508711 2.1484658476415544E-16
v 1.867209 -3.452556 0.35866700000000024
v 1.783364 -3.426472 0.35866700000000024
v 1.736354 -3.459795 2.1185134362280085E-16
v 1.886862 -3.508711 2.1484658476415544E-16
v -0.474384 -0.8346869999999997 4.532564
v -0.474002 -0.8371899999999998 3.928233
v -0.457424 -0.8171569999999998 3.928233
v -0.457424 -0.8171569999999998 3.928233
v -0.457815 -0.8148829999999998 4.532564
v -0.547409 -1.0229249999999999 3.058591
v -0.547602 -1.0215439999999998 2.979513
v -0.147313 -1.4343779999999997 2.979513
v -0.147118 -1.4357559999999998 3.058591
v -0.547409 -1.0229249999999999 3.058591
v -0.088701 -1.3759189999999997 3.058591
v -0.088885 -1.3746179999999997 2.979513
v -0.489139 -0.9619979999999998 2.979513
v -0.488954 -0.9633169999999998 3.058591
v -0.088701 -1.3759189999999997 3.058591
v 4.141043 -0.9299139999999998 2.974757
v 4.423278 -0.4410699999999999 1.872863
v 4.141042 -0.3654449999999999 1.872863
v 4.141043 -0.9299139999999998 2.974757
v 4.629888 -0.6476789999999999 1.872863
v 4.705513 -0.9299149999999999 1.872863
v 4.629888 -1.2121489999999997 1.872863
v 4.423278 -1.4187599999999998 1.872863
v 4.141043 -1.4943849999999999 1.872863
v -2.372621 -1.4440649999999997 5.417832
v -2.621168 -1.5198649999999998 5.40933
v -3.034149 -1.7100109999999997 5.421197
v -1.946153 -2.6257909999999995 5.418202
v -3.107023 -3.0352429999999995 5.443072
v -3.034149 -1.7100109999999997 5.421197
v -3.529491 -1.8633819999999996 5.447418
v 0.744225 -1.0340849999999997 2.541098
v 0.743434 -1.0285099999999998 2.3845
v 1.120804 -0.8485849999999999 2.386215
v 1.121308 -0.8521319999999999 2.542813
v 1.120804 -0.8485849999999999 2.386215
v 1.565408 -1.8004179999999999 2.386215
v 1.565408 -1.8004179999999999 2.542813
v 1.121308 -0.8521319999999999 2.542813
v 1.187512 -1.9766349999999997 2.3845
v 1.565408 -1.8004179999999999 2.386215
v 1.120804 -0.8485849999999999 2.386215
v 0.743434 -1.0285099999999998 2.3845
v 0.683447 -1.0767569999999997 3.167057
v 0.683446 -1.0767559999999998 3.26475
v -0.211056 -1.4938699999999998 3.26475
v -0.211055 -1.4938709999999997 3.167057
v -0.211055 -1.4938709999999997 3.167057
v -0.211056 -1.4938699999999998 3.26475
v 0.202034 -2.360644 3.26475
v 0.202035 -2.360645 3.167057
v 0.202035 -2.360645 3.167057
v 0.202034 -2.360644 3.26475
v 1.096536 -1.9435289999999998 3.26475
v 1.096537 -1.9435299999999998 3.167057
v 1.096536 -1.9435289999999998 3.26475
v 0.683446 -1.0767559999999998 3.26475
v 0.683447 -1.0767569999999997 3.167057
v 1.096537 -1.9435299999999998 3.167057
v 0.168319 -2.452152 3.26475
v 0.168325 -2.45189 2.004098
v 0.505224 -2.29479 2.004098
v 0.505149 -2.294859 3.26475
v 1.154265 -0.7544379999999999 2.543104
v 1.629496 -1.7705339999999998 2.543104
v 1.628212 -1.770785 1.084293091114073E-16
v 1.153627 -0.750031 4.5926153170564425E-17
v 0.168319 -2.452152 3.26475
v -0.303447 -1.4602419999999998 3.26475
v -0.307544 -1.4313879999999999 2.004098
v 0.168325 -2.45189 2.004098
v 1.096537 -1.9435299999999998 3.167057
v 0.683447 -1.0767569999999997 3.167057
v -0.211055 -1.4938709999999997 3.167057
v 0.202035 -2.360645 3.167057
v 0.602045 -2.2942859999999996 4.253809
v 1.065229 -3.2880209999999996 4.265651
v 2.022595 -2.8295089999999994 4.254179
v 1.568727 -1.8347749999999998 4.235382
v 2.609631 -1.2964389999999997 2.317078
v 2.610037 -1.296393 7.938117689435172E-17
v 1.618474 -1.759254 0.007768000000000107
v 1.617596 -1.7589559999999997 2.322304
v 2.577857 -1.3797579999999998 2.220199
v 2.578439 -1.3795719999999998 2.317453
v 1.643488 -1.8151179999999998 2.322667
v 1.643039 -1.8152169999999999 2.226577
v 2.109294 -2.829783 2.235558
v 2.103898 -2.825839 2.332703
v 3.053129 -2.410995 2.320694
v 3.054756 -2.411443 2.222612
v 3.054756 -2.411443 2.222612
v 3.053129 -2.410995 2.320694
v 2.578439 -1.3795719999999998 2.317453
v 2.577857 -1.3797579999999998 2.220199
v 1.568727 -1.8347749999999998 4.235382
v 1.568726 -1.8347739999999997 4.329436
v 0.602044 -2.2942849999999995 4.347863
v 0.602045 -2.2942859999999996 4.253809
v 0.602045 -2.2942859999999996 4.253809
v 0.602044 -2.2942849999999995 4.347863
v 1.06536 -3.2883299999999998 4.360489
v 1.065229 -3.2880209999999996 4.265651
v 1.065229 -3.2880209999999996 4.265651
v 1.06536 -3.2883299999999998 4.360489
v 2.017941 -2.8287039999999997 4.34817
v 2.022595 -2.8295089999999994 4.254179
v 2.022595 -2.8295089999999994 4.254179
v 2.017941 -2.8287039999999997 4.34817
v 1.568726 -1.8347739999999997 4.329436
v 1.568727 -1.8347749999999998 4.235382
v -3.14738 2.903435 3.54138
v -4.031815 2.668152 3.561715
v -3.789483 1.7637570000000002 3.561715
v -2.911397 1.9990400000000002 3.561715
v -3.14738 2.903435 3.54138
v -3.143441 2.9034350000000004 3.637829
v -4.031815 2.6681530000000007 3.659157
v -4.031815 2.668152 3.561715
v -4.031815 2.668152 3.561715
v -4.031815 2.6681530000000007 3.659157
v -3.789483 1.7637580000000002 3.659409
v -3.789483 1.7637570000000002 3.561715
v -3.789483 1.7637570000000002 3.561715
v -3.789483 1.7637580000000002 3.659409
v -2.911398 1.9990400000000002 3.659253
v -2.911397 1.9990400000000002 3.561715
v -2.911397 1.9990400000000002 3.561715
v -2.911398 1.9990400000000002 3.659253
v -3.143441 2.9034350000000004 3.637829
v -3.14738 2.903435 3.54138
v -1.263291 -0.04262599999999976 3.81206
v -1.263291 -0.04262599999999976 3.908213
v -2.039492 -0.8188279999999998 3.934848
v -2.039492 -0.8188289999999998 3.837154
v -2.039492 -0.8188289999999998 3.837154
v -2.039492 -0.8188279999999998 3.934848
v -1.263515 -1.5948049999999998 3.974572
v -1.263514 -1.5948059999999997 3.875932
v -1.263514 -1.5948059999999997 3.875932
v -1.263515 -1.5948049999999998 3.974572
v -0.479723 -0.8262909999999998 3.908234
v -0.481879 -0.8262709999999998 3.812103
v -0.481879 -0.8262709999999998 3.812103
v -0.479723 -0.8262909999999998 3.908234
v -1.263291 -0.04262599999999976 3.908213
v -1.263291 -0.04262599999999976 3.81206
v -1.263514 -1.5948059999999997 3.875932
v -0.481879 -0.8262709999999998 3.812103
v -1.263291 -0.04262599999999976 3.81206
v -2.039492 -0.8188289999999998 3.837154
v -3.529491 -1.8633819999999996 5.447418
v -3.529491 -1.8633809999999995 5.545112
v -3.107023 -3.0352419999999998 5.540765
v -3.107023 -3.0352429999999995 5.443072
v -3.107023 -3.0352429999999995 5.443072
v -3.107023 -3.0352419999999998 5.540765
v -1.947134 -2.6222599999999994 5.516221
v -1.946153 -2.6257909999999995 5.418202
v -1.946153 -2.6257909999999995 5.418202
v -1.947134 -2.6222599999999994 5.516221
v -2.373679 -1.4423259999999996 5.514728
v -2.372621 -1.4440649999999997 5.417832
v 2.283047 -2.262318 2.228895
v 1.911359 -2.432708 1.8718900000000003
v 2.022743 -2.672885 1.8734770000000003
v 2.394058 -2.502808 2.230028
v 1.58966 -3.259227 0.7619500000000002
v 0.985641 -3.555646 0.7619530000000002
v 0.985807 -3.556003 2.1774238458541928E-16
v 1.589655 -3.259421 1.9958197473618326E-16
v 1.438917 -3.233994 0.8240420000000003
v 1.028092 -3.422689 0.8250380000000003
v 0.985641 -3.555646 0.7619530000000002
v 1.58966 -3.259227 0.7619500000000002
v 0.985641 -3.555646 0.7619530000000002
v 1.028092 -3.422689 0.8250380000000003
v 0.903727 -3.157055 0.8237020000000003
v 0.818402 -3.197002 0.7619500000000002
v 0.985807 -3.556003 2.1774238458541928E-16
v 0.985641 -3.555646 0.7619530000000002
v 0.818402 -3.197002 0.7619500000000002
v 0.818402 -3.197002 1.9575991330838432E-16
v -4.301193 2.815259 0.7635819999999998
v -3.985356 1.636541 0.7635819999999999
v -3.910337 1.656758 0.8201429999999998
v -4.206284 2.761251 0.8201429999999997
v -4.301193 2.815259 0.7635819999999998
v -4.206284 2.761251 0.8201429999999997
v -3.127027 3.050586 0.8201429999999997
v -3.146786 3.124583 0.7635819999999998
v -4.301193 2.815259 0.7635819999999998
v -3.146786 3.124583 0.7635819999999998
v -3.146386 3.12469 -1.9133208034138716E-16
v -4.301193 2.815259 -1.7238489615603893E-16
v -2.968224 -1.9976029999999996 5.569699
v -2.928259 -2.1104199999999995 5.5697
v -2.943213 -2.1570219999999996 5.375389
v -3.003639 -1.9864459999999997 5.375388
v -2.968224 -1.9976029999999996 5.569699
v -3.003639 -1.9864459999999997 5.375388
v -2.943213 -2.1570219999999996 5.375389
v -2.928259 -2.1104199999999995 5.5697
v -3.599303 2.3269660000000005 3.695549
v -3.715174 2.2969850000000003 3.695549
v -3.760295 2.315944 3.501238
v -3.585102 2.361273 3.501238
v 1.01599 -2.8572949999999997 4.419664
v 1.124895 -2.8076499999999998 4.419664
v 1.172623 -2.8184849999999995 4.225354
v 1.007963 -2.8935479999999996 4.225354
v -1.79447 0.17599300000000007 1.124841
v -1.79447 0.1759930000000001 1.362352
v -1.733949 0.11547100000000009 1.362352
v -1.733948 0.11547100000000007 1.124841
v -3.599303 2.3269660000000005 3.695549
v -3.585102 2.361273 3.501238
v -3.760295 2.315944 3.501238
v -3.715174 2.2969850000000003 3.695549
v -4.233888 -0.8822049999999999 1.559118
v -4.262868 -1.032894 1.559118
v -4.058321 -1.0735519999999998 2.039782
v -4.02934 -0.9228629999999999 2.041314
v 1.01599 -2.8572949999999997 4.419664
v 1.007963 -2.8935479999999996 4.225354
v 1.172623 -2.8184849999999995 4.225354
v 1.124895 -2.8076499999999998 4.419664
v 0.752623 -1.9895969999999998 3.156176
v 0.618703 -2.064515 3.156176
v 0.71939 -2.2471489999999994 3.63684
v 0.853309 -2.1722309999999996 3.638372
v -0.042636 -1.9811709999999998 3.404022
v -0.13275 -2.025332 2.014669
v -0.040764 -2.218111 2.014669
v 0.039158 -2.152591 3.404022
v -2.708253 3.117086 1.8948779999999998
v -2.233143 3.157869 1.6981479999999998
v -2.227733 3.10821 1.7003359999999998
v -2.702843 3.067428 1.8970669999999998
v -2.494323 1.9320080000000002 1.9127419999999997
v -2.893313 1.9042390000000002 2.171472
v -2.898278 1.9539330000000001 2.169038
v -2.499288 1.9817010000000002 1.9103069999999998
v -4.118484 -1.169434 1.774823
v -4.118484 -1.169434 1.561741
v -4.566917 -1.130202 1.561741
v -4.566918 -1.130202 1.774823
v -4.566918 -1.130202 1.774823
v -4.566917 -1.130202 1.561741
v -4.43764 0.3474350000000001 1.561741
v -4.43764 0.3474350000000001 1.774823
v -4.43764 0.3474350000000001 1.774823
v -4.43764 0.3474350000000001 1.561741
v -3.989208 0.3082020000000001 1.561741
v -3.989208 0.3082020000000001 1.774823
v -4.621084 -1.175653 7.198798416789917E-17
v -4.621084 -1.175653 1.774823
v -4.483092 0.4016030000000001 1.774823
v -4.483092 0.401602 -2.459103019155877E-17
v -3.984426 0.3579750000000001 1.774823
v -3.984426 0.357974 -2.1919585663898732E-17
v -4.483092 0.401602 -2.459103019155877E-17
v -4.483092 0.4016030000000001 1.774823
v -4.122417 -1.219281 7.46594286955592E-17
v -4.122417 -1.219281 1.774823
v -4.621084 -1.175653 1.774823
v -4.621084 -1.175653 7.198798416789917E-17
v -4.566917 -1.130202 1.561741
v -4.118484 -1.169434 1.561741
v -3.989208 0.3082020000000001 1.561741
v -4.43764 0.3474350000000001 1.561741
v -4.044259 2.6863950000000005 4.661072
v -4.01712 2.6722130000000006 3.642848
v -4.036672 2.6886190000000005 3.642848
v -4.064327 2.7032330000000004 4.661072
v 4.113492 1.80932 1.207034
v 4.017765 1.397413 0.6844359999999999
v 3.948828 1.409569 0.6844359999999999
v 4.044555 1.821475 1.2070339999999997
v 4.011015 1.35913 0.7158829999999999
v 4.017765 1.397413 0.6844359999999999
v 4.113492 1.80932 1.207034
v 4.113492 1.80932 1.282588
v 2.705163 1.0401470000000002 2.155206
v 1.860799 1.182052 1.520752
v 1.876427 1.270684 1.520752
v 2.68374 1.1311360000000001 2.155062
v 2.236825 3.314597 1.5207519999999999
v 3.048524 3.164586 2.163785
v 3.032896 3.075953 2.163785
v 2.221196 3.225964 1.5207519999999999
v 1.827718 1.187885 1.557787
v 1.860799 1.182052 1.520752
v 2.705163 1.0401470000000002 2.155206
v 2.705163 1.0401470000000002 2.227185
v 3.048524 3.164586 2.163785
v 2.236825 3.314597 1.5207519999999999
v 2.203743 3.32043 1.5577869999999998
v 3.048524 3.164586 2.235764
v 3.510416 1.4474 0.7158829999999999
v 4.011015 1.35913 0.7158829999999999
v 4.113492 1.80932 1.282588
v 3.590377 1.900887 1.2851169999999998
v -2.385243 1.3239780000000003 3.086294
v -2.276632 1.0304020000000003 2.696804
v -2.323617 1.0133010000000002 2.696804
v -2.432227 1.3068770000000003 3.086475
v -2.266178 1.0016790000000002 2.716456
v -2.276632 1.0304020000000003 2.696804
v -2.385243 1.3239780000000003 3.086294
v -2.385243 1.3239780000000003 3.136878
v -3.49079 1.9108340000000001 3.399231
v -2.839 2.102548 2.672095
v -2.821898 2.055557 2.672182
v -3.474906 1.8670120000000001 3.399517
v -2.204115 0.35821100000000017 2.669735
v -2.84386 0.10568800000000021 3.415242
v -2.860961 0.15267200000000022 3.415242
v -2.221216 0.40519600000000017 2.669735
v -2.791094 2.11998 2.721137
v -2.839 2.102548 2.672095
v -3.49079 1.9108340000000001 3.399231
v -3.49118 1.9127870000000002 3.496657
v -2.84386 0.10568800000000021 3.415242
v -2.204115 0.35821100000000017 2.669735
v -2.156205 0.3756490000000002 2.7177
v -2.84386 0.10568800000000023 3.520655
v -2.385243 1.3239780000000003 3.136878
v -2.865246 1.1492710000000002 3.136636
v -2.471493 0.9269500000000002 2.716456
v -2.266178 1.0016790000000002 2.716456
v 4.164188 2.22782 0.6844359999999999
v 4.113492 1.80932 1.207034
v 4.044555 1.821475 1.2070339999999997
v 4.095251 2.239976 0.6844359999999999
v 4.113492 1.80932 1.207034
v 4.164188 2.22782 0.6844359999999999
v 4.170938 2.266103 0.7158829999999999
v 4.113492 1.80932 1.282588
v 3.048524 3.164586 2.163785
v 3.857125 3.028894 1.5207519999999999
v 3.841497 2.940262 1.5207519999999999
v 3.032896 3.075953 2.163785
v 3.481101 0.8963500000000001 1.520752
v 2.705163 1.0401470000000002 2.155206
v 2.68374 1.1311360000000001 2.155062
v 3.496728 0.9849820000000001 1.520752
v 3.890206 3.023062 1.5577869999999998
v 3.857125 3.028894 1.5207519999999999
v 3.048524 3.164586 2.163785
v 3.048524 3.164586 2.235764
v 2.705163 1.0401470000000002 2.155206
v 3.481101 0.8963500000000001 1.520752
v 3.514182 0.8905170000000001 1.557787
v 2.705163 1.0401470000000002 2.227185
v 4.113492 1.80932 1.282588
v 4.170938 2.266103 0.7158829999999999
v 3.670339 2.354372 0.7158829999999999
v 3.590377 1.900887 1.2851169999999998
v -2.493365 1.6186910000000003 2.694421
v -2.385243 1.3239780000000003 3.086294
v -2.432227 1.3068770000000003 3.086475
v -2.54035 1.6015900000000003 2.694528
v -2.385243 1.3239780000000003 3.086294
v -2.493365 1.6186910000000003 2.694421
v -2.503819 1.6474130000000002 2.714402
v -2.385243 1.3239780000000003 3.136878
v -2.84386 0.10568800000000021 3.415242
v -3.490762 -0.11008999999999983 2.669735
v -3.507863 -0.06310599999999983 2.669735
v -2.860961 0.15267200000000022 3.415242
v -4.125647 1.6342400000000001 2.669735
v -3.49079 1.9108340000000001 3.399231
v -3.474906 1.8670120000000001 3.399517
v -4.108545 1.5872560000000002 2.669735
v -3.538672 -0.12752799999999984 2.7177
v -3.490762 -0.11008999999999983 2.669735
v -2.84386 0.10568800000000021 3.415242
v -2.84386 0.10568800000000023 3.520655
v -3.49079 1.9108340000000001 3.399231
v -4.125647 1.6342400000000001 2.669735
v -4.173556 1.6168030000000002 2.7177
v -3.49118 1.9127870000000002 3.496657
v -2.385243 1.3239780000000003 3.136878
v -2.503819 1.6474130000000002 2.714402
v -2.709134 1.5726850000000003 2.714913
v -2.865246 1.1492710000000002 3.136636
v -1.494333 -1.5019919999999998 3.078378
v -2.086329 -1.9972009999999998 3.078378
v -2.086329 -1.9972019999999997 3.311469
v -1.494332 -1.5019899999999997 3.311469
v -0.914196 1.1793 -7.221129851172368E-17
v -0.914196 1.054411 -6.456405280678799E-17
v -0.882536 1.092324 0.5297539999999998
v -0.882536 1.178331 0.6177299999999999
v -0.804624 1.178331 0.6177299999999999
v -0.882536 1.178331 0.6177299999999999
v -0.882536 1.092324 0.5297539999999998
v -0.804624 1.092324 0.5297539999999998
v 1.325451 1.179295 -7.22109923500239E-17
v 1.325451 1.054406 -6.45637466450882E-17
v 1.35711 1.09232 0.5297539999999998
v 1.35711 1.178326 0.6177299999999999
v 1.435023 1.178326 0.6177299999999999
v 1.35711 1.178326 0.6177299999999999
v 1.35711 1.09232 0.5297539999999998
v 1.435023 1.09232 0.5297539999999998
v -0.680364 0.953811 -5.84040794070768E-17
v -0.680364 0.9538110000000001 1.177783
v -0.69762 1.001221 1.177783
v -0.69762 1.001221 -6.13071046444556E-17
v -0.951025 1.17074 1.581999
v -0.498504 1.168493 0.9832629999999999
v -0.498504 1.168493 1.294471
v -0.950917 1.170684 -0.00035400000000007165
v 1.708801 1.168491 1.581999
v -0.951025 1.17074 1.581999
v 0.180202 1.168492 1.177606
v 0.077701 1.168492 1.155614
v 3.715543 3.231174 1.2380409999999997
v 3.494704 2.968194 1.2380409999999997
v 3.543247 2.898867 1.1840509999999997
v 3.792246 3.195407 1.1840509999999997
v 3.775299 3.570283 1.2380409999999997
v 3.715543 3.231174 1.2380409999999997
v 3.859609 3.577659 1.1840509999999997
v 3.657706 3.892735 1.2380409999999997
v 3.775299 3.570283 1.2380409999999997
v 3.727032 3.941278 1.1840509999999997
v 3.394908 4.112383 1.2380409999999997
v 3.657706 3.892735 1.2380409999999997
v 3.430675 4.189087 1.1840509999999997
v 3.056593 4.172096 1.2380409999999997
v 3.394908 4.112383 1.2380409999999997
v 3.049217 4.256406 1.1840509999999997
v 2.734027 4.055186 1.2380409999999997
v 3.056593 4.172096 1.2380409999999997
v 2.685484 4.124513 1.1840509999999997
v 2.513356 3.792945 1.2380409999999997
v 2.734027 4.055186 1.2380409999999997
v 2.436653 3.828712 1.1840509999999997
v 2.45418 3.45419 1.2380409999999997
v 2.513356 3.792945 1.2380409999999997
v 2.36987 3.446814 1.1840509999999997
v 2.571358 3.13127 1.2380409999999997
v 2.45418 3.45419 1.2380409999999997
v 2.502031 3.082727 1.1840509999999997
v -1.441875 -1.5656489999999998 3.078378
v -1.441777 -1.5658029999999998 3.279027
v -2.033775 -2.061014 3.279026
v -2.033872 -2.060858 3.078378
v -1.441777 -1.5658029999999998 3.279027
v -1.494332 -1.5019899999999997 3.311469
v -2.086329 -1.9972009999999998 3.311469
v -2.033775 -2.061014 3.279026
v -1.199885 -0.21958699999999975 3.999319
v -1.177129 -0.25530599999999976 3.999319
v -1.140899 -0.24891799999999978 3.840291
v -1.178784 -0.1894519999999998 3.840291
v -1.241233 -0.21041999999999975 3.999319
v -1.199885 -0.21958699999999975 3.999319
v -1.247622 -0.1741909999999998 3.840291
v -1.276952 -0.23317599999999974 3.999319
v -1.241233 -0.21041999999999975 3.999319
v -1.307088 -0.2120749999999998 3.840291
v -1.286119 -0.27452399999999977 3.999319
v -1.276952 -0.23317599999999974 3.999319
v -1.322349 -0.2809119999999998 3.840291
v -1.263364 -0.31024299999999977 3.999319
v -1.286119 -0.27452399999999977 3.999319
v -1.28446 -0.3402199999999998 3.840291
v -1.222016 -0.3194099999999998 3.999319
v -1.263364 -0.31024299999999977 3.999319
v -1.215584 -0.3554279999999998 3.840291
v -1.186297 -0.29665399999999975 3.999319
v -1.222016 -0.3194099999999998 3.999319
v -1.156106 -0.31758799999999976 3.840291
v -1.177129 -0.25530599999999976 3.999319
v -1.186297 -0.29665399999999975 3.999319
v -1.140899 -0.24891799999999978 3.840291
v -1.389302 -0.4121069999999998 3.999319
v -1.429694 -0.39937099999999975 3.999319
v -1.453404 -0.4274289999999998 3.840291
v -1.386145 -0.4485949999999998 3.840291
v -1.351735 -0.39255099999999976 3.999319
v -1.389302 -0.4121069999999998 3.999319
v -1.323565 -0.4160689999999998 3.840291
v -1.339 -0.3521589999999998 3.999319
v -1.351735 -0.39255099999999976 3.999319
v -1.302352 -0.3489529999999998 3.840291
v -1.358556 -0.3145929999999998 3.999319
v -1.339 -0.3521589999999998 3.999319
v -1.334908 -0.2864109999999998 3.840291
v -1.358556 -0.3145929999999998 3.999319
v -1.402154 -0.2652079999999998 3.840291
v -1.398947 -0.30185699999999976 3.999319
v -1.436514 -0.32141199999999975 3.999319
v -1.398947 -0.30185699999999976 3.999319
v -1.464696 -0.2977649999999998 3.840291
v -1.449249 -0.36180499999999977 3.999319
v -1.436514 -0.32141199999999975 3.999319
v -1.485899 -0.36501099999999975 3.840291
v -1.429694 -0.39937099999999975 3.999319
v -1.449249 -0.36180499999999977 3.999319
v -1.453404 -0.4274289999999998 3.840291
v -2.169228 -3.680503 2.1585380000000005
v -2.155396 -3.636633 2.1585380000000005
v -2.186005 -3.610949 1.9995090000000002
v -2.209033 -3.683986 1.9995090000000002
v -2.147987 -3.721306 2.1585380000000005
v -2.169228 -3.680503 2.1585380000000005
v -2.173671 -3.751915 1.9995090000000002
v -2.104118 -3.735138 2.1585380000000005
v -2.147987 -3.721306 2.1585380000000005
v -2.100635 -3.774943 1.9995090000000002
v -2.063316 -3.713898 2.1585380000000005
v -2.104118 -3.735138 2.1585380000000005
v -2.032706 -3.739582 1.9995090000000002
v -2.063316 -3.713898 2.1585380000000005
v -2.009678 -3.666545 1.9995090000000002
v -2.049483 -3.670028 2.1585380000000005
v -2.070723 -3.629226 2.1585380000000005
v -2.049483 -3.670028 2.1585380000000005
v -2.045039 -3.598617 1.9995090000000002
v -2.114594 -3.615394 2.158538
v -2.070723 -3.629226 2.1585380000000005
v -2.118076 -3.575588 1.9995090000000002
v -2.155396 -3.636633 2.1585380000000005
v -2.114594 -3.615394 2.158538
v -2.186005 -3.610949 1.9995090000000002
v -4.130909 -1.9171109999999998 2.158538
v -4.148512 -1.8746129999999999 2.158538
v -4.18847 -1.8746129999999999 1.9995090000000002
v -4.159163 -1.9453649999999998 1.9995090000000002
v -4.08841 -1.9347139999999998 2.158538
v -4.130909 -1.9171109999999998 2.158538
v -4.08841 -1.9746709999999998 1.9995090000000002
v -4.045913 -1.9171109999999998 2.158538
v -4.08841 -1.9347139999999998 2.158538
v -4.017659 -1.9453639999999999 1.9995090000000002
v -4.02831 -1.8746129999999999 2.158538
v -4.045913 -1.9171109999999998 2.158538
v -3.988352 -1.8746139999999998 1.9995090000000002
v -4.02831 -1.8746129999999999 2.158538
v -4.017659 -1.8038609999999997 1.999509
v -4.045912 -1.8321149999999997 2.158538
v -4.08841 -1.8145119999999997 2.158538
v -4.045912 -1.8321149999999997 2.158538
v -4.08841 -1.7745539999999997 1.999509
v -4.130908 -1.8321149999999997 2.158538
v -4.08841 -1.8145119999999997 2.158538
v -4.159163 -1.8038609999999997 1.999509
v -4.148512 -1.8746129999999999 2.158538
v -4.130908 -1.8321149999999997 2.158538
v -4.18847 -1.8746129999999999 1.9995090000000002
v -4.01195 -0.6789749999999999 2.350506
v -4.021713 -0.6896919999999999 2.596095
v -4.017911 -0.7685919999999999 2.596095
v -4.007157 -0.7784349999999999 2.350506
v -4.021713 -0.6896919999999999 2.596095
v -4.100446 -0.6930459999999999 2.596095
v -4.096643 -0.7719459999999999 2.596095
v -4.017911 -0.7685919999999999 2.596095
v -3.672908 -3.077958 2.350506
v -3.668377 -3.074274 2.583772
v -3.745344 -3.024856 2.596095
v -3.75942 -3.028652 2.350506
v -3.70975 -2.942621 2.350506
v -3.705942 -2.95661 2.596095
v -3.625926 -2.99509 2.584551
v -3.625926 -2.99509 2.352771
v -3.705942 -2.95661 2.596095
v -3.745344 -3.024856 2.596095
v -3.668377 -3.074274 2.583772
v -3.625926 -2.99509 2.584551
v -4.213126 1.5262060000000002 2.040601
v -4.356838 1.6525720000000002 2.320736
v -4.327564 1.6581450000000002 2.333568
v -4.178755 1.5327500000000003 2.055666
v -4.21347 1.4915600000000002 2.056436
v -4.357131 1.6230650000000002 2.334223
v -4.356838 1.6525720000000002 2.320736
v -4.213126 1.5262060000000002 2.040601
v -4.264877 1.0535840000000003 2.082712
v -4.454055 1.0247220000000001 2.362847
v -4.439507 1.0507290000000002 2.375678
v -4.247796 1.0841210000000001 2.097777
v -4.238558 1.0310510000000002 2.098547
v -4.43164 1.0055300000000003 2.376334
v -4.454055 1.0247220000000001 2.362847
v -4.264877 1.0535840000000003 2.082712
v -4.191741 0.6281180000000001 2.040601
v -4.380919 0.5992550000000001 2.320736
v -4.366372 0.6252630000000001 2.333568
v -4.174661 0.6586550000000001 2.055666
v -4.165422 0.6055840000000001 2.056436
v -4.358504 0.5800640000000001 2.334223
v -4.380919 0.5992550000000001 2.320736
v -4.191741 0.6281180000000001 2.040601
v -4.206811 -1.3855329999999997 2.040601
v -4.390463 -1.3317409999999998 2.320736
v -4.366288 -1.3143179999999999 2.333568
v -4.178426 -1.3650759999999997 2.055666
v -4.192482 -1.4170779999999998 2.056436
v -4.378258 -1.3586079999999998 2.334223
v -4.390463 -1.3317409999999998 2.320736
v -4.206811 -1.3855329999999997 2.040601
v -4.249684 -1.7663679999999997 2.080225
v -4.441 -1.7619419999999997 2.36036
v -4.422158 -1.7388559999999997 2.373191
v -4.227561 -1.7392619999999999 2.09529
v -4.227678 -1.7931299999999997 2.09606
v -4.422258 -1.7847339999999998 2.373847
v -4.441 -1.7619419999999997 2.36036
v -4.249684 -1.7663679999999997 2.080225
v -4.130641 -2.185105 2.102657
v -4.298538 -2.276929 2.382792
v -4.293763 -2.247515 2.395623
v -4.125034 -2.150568 2.117722
v -4.098202 -2.197278 2.118492
v -4.27091 -2.287297 2.396279
v -4.298538 -2.276929 2.382792
v -4.130641 -2.185105 2.102657
v -3.960736 -2.542794 2.040601
v -4.128633 -2.634619 2.320736
v -4.123858 -2.605205 2.333568
v -3.955129 -2.508257 2.055666
v -3.928297 -2.554967 2.056436
v -4.101006 -2.644986 2.334223
v -4.128633 -2.634619 2.320736
v -3.960736 -2.542794 2.040601
v -3.775602 -2.897849 2.082675
v -3.9435 -2.989673 2.362811
v -3.938725 -2.960259 2.375642
v -3.769995 -2.863312 2.097741
v -3.743164 -2.910023 2.098511
v -3.915872 -3.000042 2.376297
v -3.9435 -2.989673 2.362811
v -3.775602 -2.897849 2.082675
v -3.774658 -3.463278 2.040601
v -3.963836 -3.492141 2.320736
v -3.949289 -3.466133 2.333568
v -3.757577 -3.432741 2.055666
v -3.748339 -3.485812 2.056436
v -3.941421 -3.511332 2.334223
v -3.963836 -3.492141 2.320736
v -3.774658 -3.463278 2.040601
v -3.550193 -3.800418 2.0814960000000005
v -3.663553 -3.954596 2.3616310000000005
v -3.671657 -3.925919 2.3744620000000003
v -3.559707 -3.766747 2.0965610000000003
v -3.515648 -3.797742 2.0973310000000005
v -3.634133 -3.952316 2.3751180000000005
v -3.663553 -3.954596 2.3616310000000005
v -3.550193 -3.800418 2.0814960000000005
v -3.157595 -3.959122 2.0406010000000006
v -3.162021 -4.150438 2.3207360000000006
v -3.185107 -4.131596 2.3335680000000005
v -3.184701 -3.936998 2.0556660000000004
v -3.130832 -3.937116 2.0564360000000006
v -3.139228 -4.131696 2.3342230000000006
v -3.162021 -4.150438 2.3207360000000006
v -3.157595 -3.959122 2.0406010000000006
v -2.762212 -3.79846 2.0406010000000006
v -2.630061 -3.936871 2.3207360000000006
v -2.659709 -3.939871 2.3335680000000005
v -2.797023 -3.801983 2.0556660000000004
v -2.758849 -3.763976 2.0564360000000006
v -2.627197 -3.907501 2.3342230000000006
v -2.630061 -3.936871 2.3207360000000006
v -2.762212 -3.79846 2.0406010000000006
v -2.10001 -3.889181 2.0804790000000004
v -2.087745 -4.080154 2.3606140000000004
v -2.112386 -4.063396 2.3734450000000002
v -2.128942 -3.869503 2.0955440000000003
v -2.075268 -3.864926 2.0963140000000005
v -2.066673 -4.059497 2.3741010000000005
v -2.087745 -4.080154 2.3606140000000004
v -2.10001 -3.889181 2.0804790000000004
v -1.467544 -3.686626 2.0406010000000006
v -1.390702 -3.861888 2.3207360000000006
v -1.419589 -3.854567 2.3335680000000005
v -1.501461 -3.67803 2.0556660000000004
v -1.45259 -3.655371 2.0564360000000006
v -1.377966 -3.835269 2.3342230000000006
v -1.390702 -3.861888 2.3207360000000006
v -1.467544 -3.686626 2.0406010000000006
v -1.10308 -3.331607 2.040601
v -0.948901 -3.444967 2.320736
v -0.977578 -3.45307 2.333568
v -1.13675 -3.341121 2.055666
v -1.105756 -3.297063 2.056436
v -0.951181 -3.415546 2.334223
v -0.948901 -3.444967 2.320736
v -1.10308 -3.331607 2.040601
v -0.676594 -2.944097 2.082244
v -0.570485 -3.103353 2.362379
v -0.600204 -3.10116 2.37521
v -0.711488 -2.941522 2.097309
v -0.667294 -2.910721 2.098079
v -0.562565 -3.074927 2.375865
v -0.570485 -3.103353 2.362379
v -0.676594 -2.944097 2.082244
v 0.182805 -2.137339 3.517169
v 0.202257 -2.188036 3.517169
v 0.250819 -2.141079 3.421864
v 0.056299 -2.213944 3.556803
v 0.12899 -2.224923 3.467123
v 0.177912 -2.271373 3.467123
v 0.248337 -2.152605 3.41172
v 0.029403 -2.373296 3.41172
v 0.42018 -2.174859 3.467123
v 0.419546 -2.107143 3.467123
v 0.284706 -2.144758 3.41172
v 0.596797 -2.137332 3.41172
v -1.913106 -0.8370729999999997 4.180843
v -1.913106 -0.8370729999999997 3.947339
v -1.92592 -0.8187719999999998 3.947339
v -1.92592 -0.8187719999999998 4.180843
v -1.975725 -0.7669319999999997 3.954493
v -1.953069 -0.7996939999999998 3.829218
v -1.963868 -0.8609359999999998 3.829218
v -1.996363 -0.8839729999999998 3.954493
v -1.996363 -0.8839729999999998 3.954493
v -1.963868 -0.8609359999999998 3.829218
v -1.903338 -0.8716089999999997 3.829218
v -1.880682 -0.9043709999999998 3.954493
v -1.880682 -0.9043709999999998 3.954493
v -1.903338 -0.8716089999999997 3.829218
v -1.89254 -0.8103669999999997 3.829218
v -1.860044 -0.7873289999999997 3.954493
v -1.860044 -0.7873289999999997 3.954493
v -1.89254 -0.8103669999999997 3.829218
v -1.953069 -0.7996939999999998 3.829218
v -1.975725 -0.7669319999999997 3.954493
v -1.880682 -0.9043709999999998 3.954493
v -1.860044 -0.7873289999999997 3.954493
v -1.975725 -0.7669319999999997 3.954493
v -1.996363 -0.8839729999999998 3.954493
v -1.97559 -0.7555439999999998 4.222139
v -2.009628 -0.7895809999999998 4.222139
v -1.925529 -0.8396439999999997 4.179995
v -2.080331 -0.6848409999999998 4.179995
v -2.005142 -0.8882399999999998 4.222139
v -1.968266 -0.9191819999999998 4.222139
v -1.925724 -0.8310379999999998 4.179995
v -2.066447 -0.9987439999999997 4.179995
v -1.899489 -0.9246179999999998 4.222139
v -1.860058 -0.8970079999999998 4.222139
v -1.934187 -0.8331029999999998 4.179995
v -1.808617 -1.0124349999999998 4.179995
v -1.889747 -0.7439399999999998 4.222139
v -1.937153 -0.7355809999999998 4.222139
v -1.929924 -0.8331859999999998 4.179995
v -1.892359 -0.6174929999999997 4.179995
v -1.836626 -0.8327539999999998 4.222139
v -1.849085 -0.7862579999999998 4.222139
v -1.93449 -0.8340589999999998 4.179995
v -1.723349 -0.7774249999999998 4.179995
v 2.765986 -3.391085 1.4338390000000003
v 2.795318 -3.299878 1.4662810000000002
v 2.31375 -3.379589 1.4662810000000002
v 2.310286 -3.462624 1.4338390000000003
v 1.399451 -3.23052 1.4338390000000003
v 2.31375 -3.379589 1.4662810000000002
v 1.422529 -3.15085 1.4662810000000002
v 2.907288 -3.559572 1.4338390000000003
v 2.953639 -3.48528 1.4662810000000002
v 2.795319 -3.299878 1.4662810000000002
v 2.765986 -3.391085 1.4338390000000003
v 3.084435 -3.703285 1.4338390000000003
v 3.115577 -3.624189 1.4662810000000002
v 2.953639 -3.48528 1.4662810000000002
v 2.907288 -3.559572 1.4338390000000003
v 4.066527 -3.22377 1.4338390000000003
v 3.98386 -3.221735 1.4662810000000002
v 3.9088 -3.417811 1.4662810000000002
v 3.990243 -3.441736 1.4338390000000003
v 4.059942 -3.036462 1.4338390000000003
v 3.978013 -3.04649 1.4662810000000002
v 3.98386 -3.221735 1.4662810000000002
v 4.066527 -3.22377 1.4338390000000003
v 4.005682 -2.734103 1.4338390000000003
v 3.921673 -2.742518 1.4662810000000002
v 3.978013 -3.04649 1.4662810000000002
v 4.059942 -3.036462 1.4338390000000003
v 4.076602 -2.36499 1.4338390000000003
v 3.996845 -2.344866 1.4662810000000002
v 3.921673 -2.742518 1.4662810000000002
v 4.005682 -2.734103 1.4338390000000003
v 3.572001 -1.2583279999999997 2.037619
v 3.633669 -1.2225399999999997 2.108276
v 3.555914 -0.9281579999999999 2.108276
v 3.484265 -0.9292119999999999 2.037619
v 3.555914 -0.9281579999999999 2.108276
v 3.632489 -0.6346259999999999 2.108276
v 3.571529 -0.6004359999999999 2.037619
v 3.632489 -0.6346259999999999 2.108276
v 3.84855 -0.4230679999999999 2.108276
v 3.812682 -0.3610839999999999 2.037619
v 3.84855 -0.4230679999999999 2.108276
v 4.141042 -0.3426169999999999 2.108276
v 4.141044 -0.2722699999999999 2.037619
v 4.469988 -0.3613089999999999 2.037619
v 4.141042 -0.3426169999999999 2.108276
v 4.434999 -0.4236279999999999 2.108276
v 4.434999 -0.4236279999999999 2.108276
v 4.650918 -0.6367089999999999 2.108276
v 4.711084 -0.6012689999999999 2.037619
v 4.650918 -0.6367089999999999 2.108276
v 4.726104 -0.9296029999999998 2.108276
v 4.797793 -0.9297899999999999 2.037619
v 4.726104 -0.9296029999999998 2.108276
v 4.649529 -1.2231339999999997 2.108276
v 4.710529 -1.2585659999999999 2.037619
v 4.649529 -1.2231339999999997 2.108276
v 4.433327 -1.4365059999999998 2.108276
v 4.469318 -1.4986429999999997 2.037619
v 4.140959 -1.5874569999999997 2.037619
v 4.433327 -1.4365059999999998 2.108276
v 4.140835 -1.5169559999999997 2.108276
v 4.140835 -1.5169559999999997 2.108276
v 3.849588 -1.4356209999999998 2.108276
v 3.813097 -1.4982879999999998 2.037619
v 3.849588 -1.4356209999999998 2.108276
v 3.741628 -1.3290809999999997 2.108276
v 3.633669 -1.2225399999999997 2.108276
v 3.572001 -1.2583279999999997 2.037619
v 3.946358 -0.36835899999999994 1.313083
v 3.946358 -0.3683589999999999 1.545728
v 3.291831 1.02132 1.545728
v 3.291831 1.02132 1.313083
v 3.366437 1.056506 1.313083
v 3.366312 1.056458 1.513286
v 4.02084 -0.3332219999999999 1.513286
v 4.020964 -0.33317399999999997 1.313083
v 3.366312 1.056458 1.513286
v 3.291831 1.02132 1.545728
v 3.946358 -0.3683589999999999 1.545728
v 4.02084 -0.3332219999999999 1.513286
v -0.914196 1.346131 -8.242675101915128E-17
v -0.882536 1.347101 0.6177299999999999
v -0.882536 1.433107 0.5297539999999998
v -0.914195 1.471021 -9.007405795642693E-17
v -0.804624 1.347101 0.6177299999999999
v -0.804623 1.433107 0.5297539999999998
v -0.882536 1.433107 0.5297539999999998
v -0.882536 1.347101 0.6177299999999999
v 0.887096 1.34613 -8.242668978681133E-17
v 0.918756 1.3471 0.6177299999999999
v 0.918756 1.433106 0.5297539999999998
v 0.887097 1.471019 -9.007393549174702E-17
v 0.996668 1.347099 0.6177299999999999
v 0.996668 1.433106 0.5297539999999998
v 0.918756 1.433106 0.5297539999999998
v 0.918756 1.3471 0.6177299999999999
v -3.437019 2.886337 1.1840509999999997
v -3.382617 2.951169 1.2380409999999997
v -3.579697 3.232398 1.2380409999999997
v -3.659225 3.203451 1.1840509999999997
v -3.579697 3.232398 1.2380409999999997
v -3.609669 3.575423 1.2380409999999997
v -3.693016 3.59012 1.1840509999999997
v -3.609669 3.575423 1.2380409999999997
v -3.464418 3.886399 1.2380409999999997
v -3.52925 3.9408 1.1840509999999997
v -3.464418 3.886399 1.2380409999999997
v -3.183476 4.082307 1.2380409999999997
v -3.212422 4.161835 1.1840509999999997
v -2.826549 4.19565 1.1840509999999997
v -3.183476 4.082307 1.2380409999999997
v -2.841245 4.112304 1.2380409999999997
v -2.475695 4.032558 1.1840509999999997
v -2.841245 4.112304 1.2380409999999997
v -2.530095 3.967725 1.2380409999999997
v -2.253593 3.716195 1.1840509999999997
v -2.530095 3.967725 1.2380409999999997
v -2.333122 3.687249 1.2380409999999997
v -2.220349 3.329929 1.1840509999999997
v -2.333122 3.687249 1.2380409999999997
v -2.303696 3.344625 1.2380409999999997
v -2.38374 2.978747 1.1840509999999997
v -2.303696 3.344625 1.2380409999999997
v -2.448573 3.033147 1.2380409999999997
v 1.094128 -3.3012949999999996 5.345489
v 1.094821 -3.2931299999999997 4.351873
v 1.074118 -3.2757579999999997 4.351873
v 1.073297 -3.2838159999999994 5.345489
v -2.113609 -2.4262629999999996 6.879637
v -2.122478 -2.4228869999999993 5.861414
v -2.141769 -2.4066999999999994 5.861414
v -2.133293 -2.4097459999999997 6.879637
v -1.013327 1.618876 1.239174
v -1.080837 1.369042 1.239174
v -1.023334 1.335935 1.18535
v -0.947293 1.618876 1.18535
v -1.080918 1.867736 1.2391739999999998
v -1.013327 1.618876 1.239174
v -1.023731 1.900754 1.1853499999999997
v -1.262788 2.051632 1.2391739999999998
v -1.080918 1.867736 1.2391739999999998
v -1.230085 2.108956 1.1853499999999997
v -1.513408 2.119285 1.2391739999999998
v -1.262788 2.051632 1.2391739999999998
v -1.51334 2.185053 1.1853499999999997
v -1.76307 2.05205 1.2391739999999998
v -1.513408 2.119285 1.2391739999999998
v -1.796212 2.109122 1.1853499999999997
v -2.003745 1.901957 1.1853499999999997
v -1.946558 1.86894 1.2391739999999998
v -1.76307 2.05205 1.2391739999999998
v -1.888896 -2.0689249999999997 6.058097
v -1.899196 -2.0748719999999996 6.147776
v -1.842458 -2.0421149999999995 6.147776
v -1.828942 -2.0343119999999995 6.058097
v -1.858904 -2.1808629999999996 6.058097
v -1.870797 -2.1808629999999996 6.147776
v -1.899196 -2.0748719999999996 6.147776
v -1.888896 -2.0689249999999997 6.058097
v -1.790337 -2.1808629999999996 6.058097
v -1.80528 -2.1808629999999996 6.147776
v -1.870797 -2.1808629999999996 6.147776
v -1.858904 -2.1808629999999996 6.058097
v -2.082776 -1.9569899999999996 6.058097
v -2.082776 -1.9689969999999997 6.148635
v -2.082776 -1.9028529999999995 6.148635
v -2.082776 -1.8870959999999997 6.058097
v -1.97084 -1.9869829999999995 6.058097
v -1.976843 -1.9973819999999995 6.148635
v -2.082776 -1.9689969999999997 6.148635
v -2.082776 -1.9569899999999996 6.058097
v -1.935893 -1.9264539999999997 6.058097
v -1.943771 -1.9400989999999996 6.148635
v -1.976843 -1.9973819999999995 6.148635
v -1.97084 -1.9869829999999995 6.058097
v -2.276656 -2.0689259999999994 6.058097
v -2.266257 -2.0749299999999997 6.148635
v -2.323539 -2.0418579999999995 6.148635
v -2.337184 -2.0339799999999997 6.058097
v -2.194712 -1.9869819999999996 6.058097
v -2.188709 -1.9973809999999996 6.148635
v -2.266257 -2.0749299999999997 6.148635
v -2.276656 -2.0689259999999994 6.058097
v -2.229659 -1.9264539999999997 6.058097
v -2.221781 -1.9400989999999996 6.148635
v -2.188709 -1.9973809999999996 6.148635
v -2.194712 -1.9869819999999996 6.058097
v -2.276655 -2.2927979999999994 6.058097
v -2.266257 -2.2867949999999997 6.148635
v -2.323539 -2.3198669999999995 6.148635
v -2.337184 -2.3277449999999997 6.058097
v -2.306648 -2.1808609999999997 6.058097
v -2.294641 -2.1808619999999994 6.148635
v -2.266257 -2.2867949999999997 6.148635
v -2.276655 -2.2927979999999994 6.058097
v -2.376541 -2.1808619999999994 6.058097
v -2.360785 -2.1808619999999994 6.148635
v -2.294641 -2.1808619999999994 6.148635
v -2.306648 -2.1808609999999997 6.058097
v -2.082776 -2.4047349999999996 6.058097
v -2.082776 -2.3927279999999995 6.148635
v -2.082776 -2.4588729999999996 6.148635
v -2.082776 -2.4746279999999996 6.058097
v -2.194712 -2.3747419999999995 6.058097
v -2.188709 -2.3643429999999994 6.148635
v -2.082776 -2.3927279999999995 6.148635
v -2.082776 -2.4047349999999996 6.058097
v -2.229659 -2.4352709999999997 6.058097
v -2.221781 -2.4216259999999994 6.148635
v -2.188709 -2.3643429999999994 6.148635
v -2.194712 -2.3747419999999995 6.058097
v 3.299619 -3.7771 1.4338390000000003
v 3.322958 -3.696703 1.4662810000000002
v 3.115577 -3.624189 1.4662810000000002
v 3.084435 -3.703285 1.4338390000000003
v 3.511956 -3.782171 1.4338390000000003
v 3.508997 -3.697183 1.4662810000000002
v 3.322958 -3.696703 1.4662810000000002
v 3.299619 -3.7771 1.4338390000000003
v 3.696441 -3.729291 1.4338390000000003
v 3.666451 -3.652648 1.4662810000000002
v 3.508997 -3.697184 1.4662810000000002
v 3.511956 -3.782172 1.4338390000000003
v 4.415301 -1.439086 1.433839
v 4.3176 -1.469561 1.466281
v 3.996845 -2.344866 1.4662810000000002
v 4.076603 -2.36499 1.4338390000000003
v -1.017569 1.299747 1.582364
v -1.017569 1.2997470000000002 1.81501
v -2.325492 1.9769120000000002 1.8150099999999998
v -2.325493 1.976912 1.5823639999999999
v -2.287657 2.050209 1.5823639999999999
v -2.287675 2.050139 1.7825679999999997
v -0.979751 1.372975 1.782568
v -0.979733 1.373044 1.582364
v -2.287675 2.050139 1.7825679999999997
v -2.325492 1.9769120000000002 1.8150099999999998
v -1.017569 1.2997470000000002 1.81501
v -0.979751 1.372975 1.782568
v 1.911186 1.416236 1.582364
v 1.911186 1.4162360000000003 1.81501
v 1.755358 1.3133090000000003 1.81501
v 1.755358 1.313309 1.582364
v 1.865724 1.485063 1.582364
v 1.865917 1.484665 1.782568
v 1.911186 1.4162360000000003 1.81501
v 1.911186 1.416236 1.582364
v 1.709897 1.382137 1.582364
v 1.710089 1.381739 1.782568
v 1.865917 1.484665 1.782568
v 1.865724 1.485063 1.582364
v 1.710089 1.381739 1.782568
v 1.755358 1.3133090000000003 1.81501
v 1.911186 1.4162360000000003 1.81501
v 1.865917 1.484665 1.782568
v 1.672761 1.275481 1.582353
v 1.672761 1.2754810000000003 1.814999
v -0.948519 1.2762760000000002 1.81501
v -0.948519 1.276276 1.582364
v -0.948519 1.358763 1.582364
v -0.948519 1.359245 1.782568
v 1.672761 1.35845 1.782556
v 1.672761 1.357968 1.582353
v -0.948519 1.359245 1.782568
v -0.948519 1.2762760000000002 1.81501
v 1.672761 1.2754810000000003 1.814999
v 1.672761 1.35845 1.782556
v -4.256618 1.3907700000000003 2.350506
v -4.221795 1.4258220000000001 2.350506
v -4.240076 1.4203290000000002 2.452827
v -4.266438 1.3937660000000003 2.452827
v -4.244105 -1.9140129999999997 2.452827
v -4.223489 -2.002012 2.452827
v -4.145366 -1.9897509999999998 2.452827
v -4.174115 -1.9051969999999998 2.452827
v -0.821791 -2.955218 2.452827
v -0.888667 -3.005394 2.452827
v -0.84691 -3.069427 2.452827
v -0.786502 -3.013905 2.452827
v -1.401358 -3.55173 2.350506
v -1.399128 -3.570684 2.452827
v -1.357828 -3.633265 2.4528270000000005
v -1.345572 -3.636312 2.3505060000000007
v -1.430572 -3.683074 2.4528270000000005
v -1.357828 -3.633265 2.4528270000000005
v -1.399128 -3.570684 2.452827
v -1.46485 -3.61324 2.452827
v 1.296758 1.34613 -8.242668978681133E-17
v 1.328418 1.347099 0.6177299999999999
v 1.328418 1.433105 0.5297539999999998
v 1.296759 1.471019 -9.007393549174702E-17
v 1.40633 1.347099 0.6177299999999999
v 1.40633 1.433106 0.5297539999999998
v 1.328418 1.433105 0.5297539999999998
v 1.328418 1.347099 0.6177299999999999
v 1.914888 1.296542 -7.939030051300538E-17
v 1.914888 1.296542 1.598536
v 1.976723 1.285639 1.598536
v 1.976723 1.285639 -7.87226843104502E-17
v 1.966141 1.225623 -7.504776419556882E-17
v 1.966141 1.225623 1.545136
v 1.904306 1.236526 1.545136
v 1.904306 1.236526 -7.5715380398124E-17
v 3.394458 0.967967 -5.92708844115133E-17
v 3.394458 0.9679670000000001 1.598536
v 3.405361 1.029802 1.598536
v 3.405361 1.029802 -6.305718615277714E-17
v 3.465378 1.01922 -6.240922553134827E-17
v 3.465378 1.01922 1.545136
v 3.454474 0.9573850000000002 1.545136
v 3.454474 0.957385 -5.862292379008445E-17
v 3.98648 1.461415 -8.948586009879645E-17
v 3.924645 1.472319 -9.01535375336916E-17
v 3.924645 1.472319 0.7655609999999999
v 3.98648 1.461415 0.7655609999999999
v 3.914062 1.412302 -8.647855618647026E-17
v 3.975897 1.401399 -8.581093998391509E-17
v 3.975897 1.401399 0.7121609999999999
v 3.914062 1.412302 0.7121609999999999
v 3.75114 2.990802 -1.831338048091751E-16
v 3.740237 2.928967 -1.793475030679113E-16
v 3.740237 2.928967 1.5985359999999997
v 3.75114 2.990802 1.5985359999999997
v 3.800253 2.918384 -1.7869948121414247E-16
v 3.811156 2.980219 -1.824857829554063E-16
v 3.811156 2.980219 1.5451359999999998
v 3.800253 2.918384 1.5451359999999998
v 2.880754 -2.321045 2.73194
v 2.843785 -2.358014 2.73194
v 2.935128 -2.412388 2.689795
v 2.766993 -2.244253 2.689795
v 2.848658 -2.465169 2.73194
v 2.888709 -2.498776 2.73194
v 2.934915 -2.403042 2.689795
v 2.782073 -2.585191 2.689795
v 2.611614 -1.4761639999999998 2.528475
v 2.554878 -1.4373689999999997 2.528475
v 2.506788 -1.5685809999999998 2.473073
v 2.683228 -1.3105469999999997 2.473073
v 2.518302 -1.5057669999999999 2.578521
v 2.462793 -1.5112449999999997 2.578521
v 2.49666 -1.5704449999999999 2.483217
v 2.476251 -1.3636439999999999 2.618155
v 2.424671 -1.5687019999999998 2.578521
v 2.44433 -1.6209019999999998 2.578521
v 2.492747 -1.5728669999999998 2.483217
v 2.298275 -1.6461049999999997 2.618155
v 2.37101 -1.6573859999999998 2.528475
v 2.420147 -1.7054439999999997 2.528475
v 2.490291 -1.5845759999999998 2.473073
v 2.271725 -1.8080499999999997 2.473073
v 2.54795 -1.6384349999999999 2.578521
v 2.575301 -1.5898219999999998 2.578521
v 2.507382 -1.5836089999999998 2.483217
v 2.68849 -1.6855069999999999 2.618155
v 2.662545 -1.6100129999999997 2.528475
v 2.661782 -1.5412859999999997 2.528475
v 2.526717 -1.5771539999999997 2.473073
v 2.839287 -1.5736829999999997 2.473073
v 2.450759 -1.6377359999999999 2.472887
v 2.562045 -1.6365009999999998 2.472887
v 2.56081 -1.5252149999999998 2.472887
v 2.449523 -1.5264509999999998 2.472887
v -4.46918 1.472464 0.7625389999999999
v -3.770724 2.152668 0.7625389999999999
v -3.770724 2.152668 -1.3181289879134673E-16
v -4.515756 1.503899 -9.208725482954527E-17
v -3.703034 2.115117 2.352771
v -3.75733 2.079297 0.8221239999999999
v -4.373828 1.412336 0.8221239999999999
v -4.373757 1.4122880000000002 2.352771
v -1.436172 -3.590569 1.9875160000000003
v -2.124472 -3.807855 1.9875160000000003
v -2.124473 -3.807855 2.3527710000000006
v -1.436172 -3.590569 2.352771
v -2.124472 -3.807855 1.9875160000000003
v -2.647908 -3.506132 1.9875160000000003
v -2.647908 -3.506131 2.352771
v -2.124473 -3.807855 2.3527710000000006
v -4.253534 1.3889030000000002 2.352771
v -4.253534 1.3889030000000002 1.987516
v -3.628587 2.04067 1.9875159999999998
v -3.628587 2.04067 2.352771
v -3.405354 -1.5014439999999998 4.371648
v -2.674348 -1.2353789999999998 4.371648
v -2.674348 -1.2353789999999998 3.653968
v -3.405354 -1.5014439999999998 3.653968
v -4.077051 1.6006320000000003 2.019
v -3.475139 -0.053105999999999876 2.019
v -3.475139 -0.05310599999999983 2.783273
v -4.077051 1.6006320000000003 2.783273
v -2.862473 2.042702 1.1130079999999998
v -2.862473 2.042702 2.783273
v -2.260562 0.38896400000000014 2.783273
v -2.260562 0.38896400000000003 1.113008
v 2.820573 -0.783752 0.13610600000000006
v 2.820573 -0.783752 -0.019629999999999953
v 2.797371 -0.734 -0.019629999999999957
v 2.79737 -0.734001 0.13610600000000006
v 2.79737 -0.734001 0.13610600000000006
v 2.797371 -0.734 -0.019629999999999957
v 1.863934 -1.169269 1.439417
v 1.863934 -1.169269 1.595152
v 3.001903 -0.895793 -0.019629999999999946
v 3.001903 -0.895793 0.13187000000000004
v 3.341392 -1.623831 1.155363
v 3.341392 -1.623831 0.9336880000000001
v 2.954429 -0.917931 -0.019629999999999946
v 2.954429 -0.917931 0.13187000000000004
v 3.001903 -0.895793 0.13187000000000004
v 3.001903 -0.895793 -0.019629999999999946
v 3.293919 -1.645968 1.003863
v 3.293919 -1.645968 1.155363
v 2.954429 -0.917931 0.13187000000000004
v 2.954429 -0.917931 -0.019629999999999946
v 3.293919 -1.645968 1.155363
v 3.341392 -1.623831 1.155363
v 3.001903 -0.895793 0.13187000000000004
v 2.954429 -0.917931 0.13187000000000004
v 4.388227 -1.62994 9.980504019011184E-17
v 4.360723 -1.663357 0.4466440000000001
v 4.460051 -1.697621 0.3586670000000001
v 4.520702 -1.678854 1.0280015886678653E-16
v 4.343988 -1.74848 0.4466440000000001
v 4.444768 -1.782847 0.3586670000000001
v 4.460051 -1.697621 0.3586670000000001
v 4.360723 -1.663357 0.4466440000000001
v 3.813593 -3.784716 2.317470167540887E-16
v 3.756285 -3.757624 0.4466440000000002
v 3.798722 -3.846142 0.35866700000000024
v 3.860437 -3.893286 2.383950119032601E-16
v 3.679431 -3.792065 0.4466440000000002
v 3.723145 -3.880384 0.35866700000000024
v 3.798722 -3.846142 0.35866700000000024
v 3.756285 -3.757624 0.4466440000000002
v 2.910834 -3.679399 2.252982104067986E-16
v 2.896033 -3.59302 0.6177300000000002
v 2.826405 -3.656303 0.5297540000000002
v 2.809825 -3.749883 2.296141106563537E-16
v 2.84317 -3.528349 0.6177300000000002
v 2.773242 -3.591324 0.5297540000000002
v 2.826405 -3.656303 0.5297540000000002
v 2.896033 -3.59302 0.6177300000000002
v -0.497768 1.35797 0.9834399999999999
v -0.497768 1.35797 1.294648
v -0.498504 1.168493 1.294471
v -0.498504 1.168493 0.9832629999999999
v -0.403758 1.168493 0.9832629999999999
v -0.403758 1.168493 1.294471
v -0.403022 1.35797 1.294648
v -0.403022 1.35797 0.9834399999999999
v -0.497768 1.35797 0.9834399999999999
v -0.498504 1.168493 0.9832629999999999
v -0.403758 1.168493 0.9832629999999999
v -0.403022 1.35797 0.9834399999999999
v -0.262935 1.266063 0.7548649999999999
v 0.770921 1.266063 0.7548649999999999
v 0.770921 1.266063 1.281189
v -0.262935 1.266063 1.281189
v 3.402017 0.772498 0.594808
v 3.838943 -0.16449299999999997 0.594808
v 3.838943 -0.16449299999999994 1.121132
v 3.402017 0.7724980000000001 1.121132
v 3.402017 0.772498 0.594808
v 3.402017 0.7724980000000001 1.121132
v 3.838943 -0.16449299999999994 1.121132
v 3.838943 -0.16449299999999997 0.594808
v -2.647532 -3.507223 2.350506
v -2.647908 -3.506132 2.584551
v -2.575095 -3.560325 2.596095
v -2.56102 -3.556529 2.350506
v -2.647908 -3.506132 2.584551
v -2.692851 -3.588376 2.583179
v -2.614498 -3.628572 2.5960950000000005
v -2.575095 -3.560325 2.596095
v 2.251927 -2.075843 2.390506
v 2.251927 -2.075843 2.211213
v 2.231313 -2.031638 2.211213
v 2.231313 -2.031638 2.390506
v 2.231313 -2.031638 2.390506
v 2.231313 -2.031638 2.211213
v 1.827271 -2.220045 2.663821
v 1.827271 -2.220045 2.840569
v 2.251927 -2.075843 2.390506
v 1.848023 -2.264185 2.840569
v 2.251927 -2.075843 2.211213
v 1.848022 -2.264187 2.211213
v 1.827271 -2.220045 2.840569
v 1.848023 -2.264185 2.840569
v 2.251927 -2.075843 2.390506
v 2.231313 -2.031638 2.390506
v 0.921886 -3.076057 1.6476480000000002
v 0.915998 -3.057902 1.4244710000000003
v 0.388039 -3.229453 1.4125980000000002
v 0.393927 -3.247607 1.6357740000000003
v 0.409424 -3.295389 1.6355030000000002
v 0.415601 -3.314439 1.4125980000000002
v 0.943577 -3.142995 1.4001340000000002
v 0.9374 -3.123946 1.6476480000000002
v 0.393927 -3.247607 1.6357740000000003
v 0.409424 -3.295389 1.6355030000000002
v 0.9374 -3.123946 1.6476480000000002
v 0.921886 -3.076057 1.6476480000000002
v -4.299152 0.1278300000000001 1.716305
v -4.316755 0.17032800000000012 1.716305
v -4.356713 0.1703280000000001 1.557276
v -4.327406 0.0995770000000001 1.557276
v -4.256654 0.11022700000000012 1.716305
v -4.299152 0.1278300000000001 1.716305
v -4.256654 0.0702700000000001 1.557276
v -4.214156 0.1278300000000001 1.716305
v -4.256654 0.11022700000000012 1.716305
v -4.185903 0.0995770000000001 1.557276
v -4.196553 0.17032800000000012 1.716305
v -4.214156 0.1278300000000001 1.716305
v -4.156596 0.1703280000000001 1.557276
v -4.196553 0.17032800000000012 1.716305
v -4.185902 0.24108000000000007 1.557276
v -4.214156 0.2128260000000001 1.716305
v -4.256653 0.2304300000000001 1.716305
v -4.214156 0.2128260000000001 1.716305
v -4.256654 0.2703870000000001 1.557276
v -4.299151 0.2128260000000001 1.716305
v -4.256653 0.2304300000000001 1.716305
v -4.327406 0.24108000000000007 1.557276
v -4.316755 0.17032800000000012 1.716305
v -4.299151 0.2128260000000001 1.716305
v -4.356713 0.1703280000000001 1.557276
v -4.085752 -1.1751869999999998 2.350506
v -4.097855 -1.1831669999999999 2.596095
v -4.113619 -1.2605709999999999 2.596095
v -4.105624 -1.2727609999999998 2.350506
v -4.097855 -1.1831669999999999 2.596095
v -4.174985 -1.1670109999999998 2.596095
v -4.190749 -1.2444139999999997 2.596095
v -4.113619 -1.2605709999999999 2.596095
v 0.369637 -2.04397 3.467123
v 0.31318 -2.007171 3.467123
v 0.26485 -2.136715 3.41172
v 0.44151 -1.8801259999999997 3.41172
v 0.305674 -2.204003 3.517169
v 0.333089 -2.155878 3.517169
v 0.265387 -2.15133 3.421864
v 0.445998 -2.249144 3.556803
v 0.208713 -2.205094 3.411534
v 0.319804 -2.202378 3.411534
v 0.318876 -2.093367 3.411534
v 0.207876 -2.096663 3.411534
v -0.505107 1.346131 -8.242675101915128E-17
v -0.473447 1.347101 0.6177299999999999
v -0.473447 1.433107 0.5297539999999998
v -0.505106 1.47102 -9.007399672408697E-17
v -0.395535 1.3471 0.6177299999999999
v -0.395535 1.433107 0.5297539999999998
v -0.473447 1.433107 0.5297539999999998
v -0.473447 1.347101 0.6177299999999999
v 0.684567 -0.6149929999999999 1.803959
v 0.899276 -0.8709349999999999 1.803959
v 0.969309 -0.8382779999999999 1.738083
v 0.728889 -0.5516949999999999 1.738083
v 0.368291 -0.5003549999999999 1.803959
v 0.684567 -0.6149929999999999 1.803959
v 0.375372 -0.42326399999999986 1.738083
v 0.038807 -0.5587949999999999 1.803959
v 0.368291 -0.5003549999999999 1.803959
v 0.005871 -0.4885889999999999 1.738083
v -0.218791 -0.7746589999999999 1.803959
v 0.038807 -0.5587949999999999 1.803959
v -0.282202 -0.7301669999999999 1.738083
v -0.411064 -1.08315 1.738083
v -0.33429 -1.089868 1.803959
v -0.218791 -0.7746589999999999 1.803959
v -1.888896 -2.2927979999999994 6.058097
v -1.899295 -2.2867949999999997 6.148635
v -1.842012 -2.3198679999999996 6.148635
v -1.828368 -2.3277449999999997 6.058097
v -1.970839 -2.3747409999999998 6.058097
v -1.976843 -2.3643429999999994 6.148635
v -1.899295 -2.2867949999999997 6.148635
v -1.888896 -2.2927979999999994 6.058097
v -1.935805 -2.4352979999999995 6.058097
v -1.943693 -2.4216489999999995 6.148635
v -1.976843 -2.3643429999999994 6.148635
v -1.970839 -2.3747409999999998 6.058097
v 3.872423 -3.607504 1.4338390000000003
v 3.818371 -3.543566 1.4662810000000002
v 3.666451 -3.652648 1.4662810000000002
v 3.696441 -3.729291 1.4338390000000003
v 3.990243 -3.441736 1.4338390000000003
v 3.9088 -3.417811 1.4662810000000002
v 3.818372 -3.543565 1.4662810000000002
v 3.872423 -3.607504 1.4338390000000003
v 1.065396 -3.1205999999999996 4.289222
v 1.161932 -3.3276239999999997 4.449167
v 1.39887 -3.2171379999999994 4.449167
v 1.302333 -3.0101139999999997 4.289222
v -2.165102 -3.880598 2.4528270000000005
v -2.085409 -3.890159 2.4528270000000005
v -2.080122 -3.807758 2.4528270000000005
v -2.156692 -3.802358 2.4528270000000005
v -1.341516 -3.733423 0.7625400000000002
v -2.172902 -4.001002 0.7625400000000002
v -2.172902 -4.001002 2.449907146341079E-16
v -1.341516 -3.733422 2.2860616510831547E-16
v -4.46918 1.472464 0.7625389999999999
v -4.515756 1.503899 -9.208725482954527E-17
v -4.244347 0.330998 -2.0267782061208783E-17
v -4.243957 0.33099800000000007 0.76254
v -0.238797 -2.693843 2.040601
v -0.145358 -2.860848 2.320736
v -0.174817 -2.856356 2.333568
v -0.273387 -2.688569 2.055666
v -0.226937 -2.661288 2.056436
v -0.135257 -2.833122 2.334223
v -0.145358 -2.860848 2.320736
v -0.238797 -2.693843 2.040601
v 4.112704 2.177039 -1.3330519214844776E-16
v 4.112704 2.177039 0.7655609999999999
v 4.050869 2.187942 0.7655609999999999
v 4.050869 2.187942 -1.3397280835100293E-16
v 4.061451 2.247958 -1.376477284658843E-16
v 4.061451 2.247958 0.7121609999999999
v 4.123286 2.237055 0.7121609999999999
v 4.123286 2.237055 -1.369801122633291E-16
v 2.32092 3.242989 -1.985758049260038E-16
v 2.32092 3.242989 1.5985359999999997
v 2.310016 3.181154 1.5985359999999997
v 2.310016 3.181154 -1.9478950318473994E-16
v 2.25 3.191736 -1.9543746380616883E-16
v 2.25 3.191736 1.5451359999999998
v 2.260903 3.253571 1.5451359999999998
v 2.260903 3.253571 -1.9922376554743266E-16
v -4.27774 -0.08116499999999989 1.716305
v -4.295342 -0.0386679999999999 1.716305
v -4.3353 -0.038667999999999904 1.557276
v -4.305994 -0.1094189999999999 1.557276
v -4.235241 -0.09876899999999988 1.716305
v -4.27774 -0.08116499999999989 1.716305
v -4.235241 -0.1387259999999999 1.557276
v -4.192743 -0.08116499999999989 1.716305
v -4.235241 -0.09876899999999988 1.716305
v -4.16449 -0.1094189999999999 1.557276
v -4.17514 -0.0386679999999999 1.716305
v -4.192743 -0.08116499999999989 1.716305
v -4.135183 -0.038667999999999904 1.557276
v -4.17514 -0.0386679999999999 1.716305
v -4.164489 0.0320840000000001 1.557276
v -4.192743 0.003830000000000105 1.716305
v -4.23524 0.021434000000000106 1.716305
v -4.192743 0.003830000000000105 1.716305
v -4.235241 0.0613910000000001 1.557276
v -4.277739 0.003830000000000105 1.716305
v -4.23524 0.021434000000000106 1.716305
v -4.305993 0.0320840000000001 1.557276
v -4.295342 -0.0386679999999999 1.716305
v -4.277739 0.003830000000000105 1.716305
v -4.3353 -0.038667999999999904 1.557276
v 0.127365 -0.9299159999999999 1.302407
v -0.401201 -1.1847509999999999 2.025023
v -0.279406 -1.4307539999999999 2.022156
v 0.242092 -1.175948 1.302407
v 0.10153 -0.8745119999999998 1.302541
v 0.10153 -0.8745119999999998 1.466385
v 0.129576 -0.9303689999999999 1.466385
v 0.129576 -0.9303689999999999 1.302541
v -0.397272 -1.1822879999999998 2.188866
v 0.129576 -0.9303689999999999 1.466385
v 0.10153 -0.8745119999999998 1.466385
v -0.43077 -1.1229529999999999 2.191167
v 2.098863 -1.7475959999999997 2.211218
v 2.09887 -1.7475929999999997 2.267804
v 2.231296 -2.031582 2.267804
v 2.231289 -2.031586 2.211218
v 1.877811 -2.196415 2.663821
v 2.231296 -2.031582 2.267804
v 2.09887 -1.7475929999999997 2.267804
v 1.744852 -1.9126749999999997 2.663821
v 1.76241 -2.254202 2.663821
v 1.877811 -2.196415 2.663821
v 1.744852 -1.9126749999999997 2.663821
v 1.629375 -1.9704969999999997 2.663821
v -1.739169 0.12069100000000008 1.124906
v -1.739227 0.12063400000000007 1.199771
v -1.488855 -0.1297379999999999 1.199771
v -1.488797 -0.12967999999999993 1.124906
v -1.739227 0.12063400000000007 1.199771
v -2.181694 -0.3218339999999999 2.022381
v -1.931322 -0.5722059999999999 2.022381
v -1.488855 -0.1297379999999999 1.199771
v -1.970796 -0.6116789999999999 2.021293
v -1.931322 -0.5722059999999999 2.022381
v -2.181694 -0.3218339999999999 2.022381
v -2.215696 -0.3667789999999999 2.021293
v -0.471126 -0.175475 1.074474485401909E-17
v -0.471126 -0.175475 0.08623900000000001
v -0.727882 -0.432231 0.08623900000000002
v -0.727882 -0.432231 2.646651553211298E-17
v -0.471126 -0.175475 0.08623900000000001
v -0.963443 0.31684200000000007 1.129578
v -1.220199 0.06008600000000007 1.129578
v -0.727882 -0.432231 0.08623900000000002
v -1.261225 0.10111200000000006 1.132873
v -1.220199 0.06008600000000007 1.129578
v -0.963443 0.31684200000000007 1.129578
v -1.007452 0.35488600000000003 1.132873
v 3.001903 -0.895794 0.0018200000000000549
v 3.001903 -0.895794 0.06838200000000005
v 3.340775 -0.737775 0.06838200000000004
v 3.340775 -0.737775 0.001820000000000045
v 3.001903 -0.895794 0.06838200000000005
v 3.341392 -1.623831 1.005456
v 3.680265 -1.465813 1.005746
v 3.340775 -0.737775 0.06838200000000004
v 2.660666 -0.440832 -0.018521999999999973
v 2.662219 -0.440108 0.06638000000000002
v 2.798926 -0.733276 0.06638000000000004
v 2.797372 -0.734001 -0.018521999999999955
v 1.945255 -1.131315 1.437
v 2.798926 -0.733276 0.06638000000000004
v 2.662219 -0.440108 0.06638000000000002
v 1.808228 -0.8382979999999999 1.437
v 0.011816 -3.502554 2.1446957724703794E-16
v -0.013562 -3.521507 0.4466440000000002
v 0.035769 -3.591959 0.35866700000000024
v 0.08345 -3.604857 2.207338293216965E-16
v -0.077385 -3.566195 0.4466440000000002
v -0.028053 -3.636647 0.35866700000000024
v 0.035769 -3.591959 0.35866700000000024
v -0.013562 -3.521507 0.4466440000000002
v 0.577668 -3.239708 1.9837490161860365E-16
v 0.547338 -3.248838 0.6177300000000002
v 0.569599 -3.331915 0.5297540000000002
v 0.609992 -3.360342 2.0576160371702078E-16
v 0.472081 -3.269003 0.6177300000000002
v 0.494341 -3.352079 0.5297540000000002
v 0.569599 -3.331915 0.5297540000000002
v 0.547338 -3.248838 0.6177300000000002
v -0.569955 -0.39136199999999993 0.491025
v -0.569955 -0.39136199999999993 0.60166
v -0.659847 -0.48297899999999994 0.60166
v -0.66071 -0.48211599999999993 0.49102500000000004
v -0.391701 -0.751125 0.553837
v -0.392099 -0.750727 0.60166
v -0.300946 -0.660371 0.60166
v -0.300946 -0.660371 0.553837
v 2.934703 -2.389719 2.690643
v 2.948621 -2.409597 2.690643
v 2.948621 -2.409597 2.45714
v 2.934703 -2.389719 2.45714
v 2.880607 -2.333414 2.464293
v 2.905215 -2.368998 2.339018
v 2.893486 -2.435514 2.339018
v 2.858193 -2.460536 2.464293
v 2.858193 -2.460536 2.464293
v 2.893486 -2.435514 2.339018
v 2.959229 -2.447107 2.339018
v 2.983836 -2.482691 2.464293
v 2.983836 -2.482691 2.464293
v 2.959229 -2.447107 2.339018
v 2.970958 -2.380591 2.339018
v 3.006251 -2.355569 2.464293
v 3.006251 -2.355569 2.464293
v 2.970958 -2.380591 2.339018
v 2.905215 -2.368998 2.339018
v 2.880607 -2.333414 2.464293
v 2.983836 -2.482691 2.464293
v 3.006251 -2.355569 2.464293
v 2.880607 -2.333414 2.464293
v 2.858193 -2.460536 2.464293
v 2.97399 -2.308442 2.73194
v 2.922502 -2.299363 2.73194
v 2.930354 -2.405375 2.689795
v 2.971644 -2.171208 2.689795
v 3.031687 -2.404905 2.73194
v 3.018155 -2.354404 2.73194
v 2.925395 -2.406323 2.689795
v 3.155071 -2.344781 2.689795
v 2.899298 -2.143896 2.558592
v 2.899298 -2.143896 2.440436
v 2.890496 -2.131326 2.440436
v 2.890496 -2.131326 2.558592
v 2.849855 -2.074386 2.446683
v 2.868554 -2.107215 2.337285
v 2.853288 -2.164187 2.337285
v 2.82068 -2.183269 2.446683
v 2.82068 -2.183269 2.446683
v 2.853288 -2.164187 2.337285
v 2.909598 -2.179276 2.337285
v 2.928297 -2.212105 2.446683
v 2.928297 -2.212105 2.446683
v 2.909598 -2.179276 2.337285
v 2.924864 -2.122304 2.337285
v 2.957472 -2.103222 2.446683
v 2.957472 -2.103222 2.446683
v 2.924864 -2.122304 2.337285
v 2.868554 -2.107215 2.337285
v 2.849855 -2.074386 2.446683
v 2.928297 -2.212105 2.446683
v 2.957472 -2.103222 2.446683
v 2.849855 -2.074386 2.446683
v 2.82068 -2.183269 2.446683
v 2.836306 -1.8581189999999999 2.341179
v 2.836305 -2.602814 2.341179
v 2.919049 -2.602815 2.341179
v 2.91905 -1.8581179999999997 2.341179
v 2.987227 -2.091472 2.341179
v 2.927807 -2.553896 2.341179
v 3.009294 -2.568264 2.341179
v 3.068714 -2.10584 2.341179
v -3.75733 2.079297 0.8221239999999999
v -3.770724 2.152668 0.7625389999999999
v -4.46918 1.472464 0.7625389999999999
v -4.373828 1.412336 0.8221239999999999
v -1.382352 -3.676871 0.8221240000000002
v -2.125241 -3.915282 0.8221240000000002
v -2.172902 -4.001002 0.7625400000000002
v -1.341516 -3.733423 0.7625400000000002
v -2.172902 -4.001002 0.7625400000000002
v -2.125241 -3.915282 0.8221240000000002
v -2.603697 -3.632086 0.8221240000000002
v -2.651358 -3.717805 0.7625400000000002
v -4.165273 0.34647200000000006 0.822124
v -4.373828 1.412336 0.8221239999999999
v -4.46918 1.472464 0.7625389999999999
v -4.243957 0.33099800000000007 0.76254
v -2.125241 -3.915282 0.8221240000000002
v -2.125241 -3.915283 2.3527710000000006
v -2.603697 -3.632086 2.3527710000000006
v -2.603697 -3.632086 0.8221240000000002
v -2.172902 -4.001002 0.7625400000000002
v -2.651358 -3.717805 0.7625400000000002
v -2.651358 -3.717805 2.2764989965520125E-16
v -2.172902 -4.001002 2.449907146341079E-16
v -2.125241 -3.915283 2.3527710000000006
v -2.125241 -3.915282 0.8221240000000002
v -1.382352 -3.676871 0.8221240000000002
v -1.382352 -3.676872 2.3527710000000006
v -2.125241 -3.915283 2.3527710000000006
v -1.382352 -3.676872 2.3527710000000006
v -1.436172 -3.590569 2.352771
v -2.124473 -3.807855 2.3527710000000006
v -2.603697 -3.632086 2.3527710000000006
v -2.125241 -3.915283 2.3527710000000006
v -2.124473 -3.807855 2.3527710000000006
v -2.647908 -3.506131 2.352771
v -4.253534 1.3889030000000002 2.352771
v -3.628587 2.04067 2.352771
v -3.703034 2.115117 2.352771
v -4.373757 1.4122880000000002 2.352771
v -2.201391 3.131105 1.7219939999999998
v -2.072329 1.998747 1.7219939999999998
v -2.072329 1.998747 -1.2238795579276875E-16
v -2.201391 3.131105 -1.9172488580221365E-16
v 2.051354 -1.573121 1.596611
v 2.051354 -1.573121 0.007768000000000096
v 1.887613 -1.219084 -0.009814999999999926
v 1.887613 -1.219084 1.595152
v 1.887613 -1.219084 1.595152
v 1.887613 -1.219084 -0.009814999999999926
v 2.820573 -0.783752 -0.019629999999999953
v 2.820573 -0.783752 0.13610600000000006
v 1.863934 -1.169269 1.595152
v 1.863934 -1.169269 1.439417
v 1.814053 -1.192529 1.439631
v 1.814053 -1.192529 1.595367
v 1.814053 -1.192529 1.595367
v 1.814053 -1.192529 1.439631
v 2.001932 -1.59635 1.440324
v 2.001932 -1.596351 1.59606
v 1.303211 -1.073823 1.595561
v 1.303211 -1.073823 1.439825
v 1.726896 -0.8762559999999999 1.439417
v 1.726896 -0.8762559999999999 1.595152
v 1.726896 -0.8762559999999999 1.595152
v 1.726896 -0.8762559999999999 1.439417
v 2.660665 -0.440832 -0.019629999999999974
v 2.660664 -0.440833 0.13610600000000003
v 2.660664 -0.440833 0.13610600000000003
v 2.660665 -0.440832 -0.019629999999999974
v 2.637956 -0.392129 -0.019629999999999977
v 2.637956 -0.39213 0.13610600000000003
v 1.703788 -0.8287229999999999 1.595152
v 1.281108 -1.026421 1.595561
v 1.303211 -1.073823 1.595561
v 1.726896 -0.8762559999999999 1.595152
v 0.004662 -1.1298979999999998 3.080701
v 0.00274 -1.1163159999999999 2.495209
v 0.074889 -1.2718499999999997 2.495209
v 0.077028 -1.2869449999999998 3.151989
v 0.397495 -1.1394969999999998 3.151989
v 0.395216 -1.1234049999999998 2.495209
v 0.323058 -0.9677939999999999 2.495209
v 0.325102 -0.9822699999999998 3.080701
v 0.330676 -0.9322539999999998 3.073413
v -0.036993 -1.1020719999999997 3.073413
v 0.053523 -1.2988169999999999 3.163388
v 0.421227 -1.1292369999999998 3.163388
v 3.956444 1.429986 -8.756138888627635E-17
v 3.956444 1.429986 0.7647449999999999
v 3.520886 1.506786 0.7647449999999999
v 3.520886 1.506786 -9.226403259500218E-17
v 3.659867 2.294986 -1.4052736294939938E-16
v 3.659867 2.294986 0.7647449999999999
v 4.095425 2.218185 0.7647449999999999
v 4.095425 2.218185 -1.358246580083336E-16
v 1.935658 1.252165 -7.667299296271727E-17
v 1.935658 1.252164 1.614765
v 2.283189 3.22311 1.6147649999999998
v 2.283189 3.22311 -1.973585672399913E-16
v 3.782265 2.958783 -1.8117320651608015E-16
v 3.782265 2.958783 1.6147649999999998
v 3.434734 0.9878370000000001 1.614765
v 3.434734 0.987838 -6.048763223880615E-17
v -3.15464 3.03985 2.236593
v -3.178418 3.035332 2.192842
v -3.173008 2.985674 2.19503
v -3.14923 2.990192 2.238781
v -2.708253 3.117086 1.8948779999999998
v -2.702843 3.067428 1.8970669999999998
v -3.173008 2.985674 2.19503
v -3.178418 3.035332 2.192842
v -2.494323 1.9320080000000002 1.9127419999999997
v -2.499288 1.9817010000000002 1.9103069999999998
v -2.101553 2.00947 1.6957139999999997
v -2.096588 1.959777 1.6981479999999998
v -2.336078 1.0582900000000002 2.118872
v -2.336078 1.0582900000000002 2.754847
v -2.499416 0.9988390000000003 2.754846
v -2.499416 0.9988390000000001 2.118872
v -2.6817 1.4996600000000002 2.118872
v -2.6817 1.4996600000000002 2.754846
v -2.518362 1.5591100000000002 2.754847
v -2.518362 1.5591100000000002 2.118872
v -0.273339 -0.6140919999999999 2.66481
v -0.494397 -0.39230699999999985 2.66481
v -0.651067 -0.5512199999999998 2.754786
v -0.428995 -0.7735339999999998 2.754786
v -3.405354 -1.5014439999999998 4.371648
v -3.405354 -1.5014439999999998 3.653968
v -3.310194 -1.7628969999999997 3.653968
v -3.310194 -1.7628969999999997 4.492745
v -2.579186 -1.4968319999999997 4.492745
v -2.579186 -1.4968319999999997 3.653968
v -2.674348 -1.2353789999999998 3.653968
v -2.674348 -1.2353789999999998 4.371648
v -3.34926 -1.7771149999999998 4.492761
v -2.540121 -1.4826119999999998 4.492761
v -2.660441 -1.1520349999999997 4.344662
v -3.46958 -1.4465369999999997 4.344662
v 3.086614 -1.336957 1.155362
v 2.658542 -1.453646 1.155361
v 2.658542 -1.453646 1.003861
v 3.086614 -1.336957 1.003862
v 3.118604 -1.270464 1.155362
v 2.63481 -1.401612 1.155362
v 2.658542 -1.453646 1.155361
v 3.086614 -1.336957 1.155362
v 3.266346 -1.722392 1.155362
v 3.086614 -1.336957 1.155362
v 3.086614 -1.336957 1.003862
v 3.266346 -1.722392 1.003862
v 3.293743 -1.64605 1.155362
v 3.118604 -1.270464 1.155362
v 3.086614 -1.336957 1.155362
v 3.266346 -1.722392 1.155362
v 3.365939 -1.676473 1.155363
v 3.293919 -1.645968 1.155363
v 3.341392 -1.623831 1.155363
v 3.365939 -1.676473 1.155363
v 3.266346 -1.722392 1.155362
v 3.266346 -1.722392 1.003862
v 3.365939 -1.676473 1.003863
v 3.341392 -1.623831 1.155363
v 3.365939 -1.676473 1.155363
v 3.365939 -1.676473 1.003863
v 3.341392 -1.623831 1.003863
v 3.700342 -1.50887 1.003863
v 3.881301 -1.42775 1.003863
v 3.881301 -1.42775 1.155363
v 3.700342 -1.50887 1.155363
v 3.680265 -1.465813 1.005697
v 3.700342 -1.50887 1.003863
v 3.700342 -1.50887 1.155363
v 3.680265 -1.465813 1.155363
v 3.680265 -1.465813 0.9336390000000001
v 3.340775 -0.737774 0.13187000000000004
v 3.340775 -0.737774 -0.019630999999999954
v 3.340775 -0.737774 -0.019630999999999954
v 3.340775 -0.737774 0.13187000000000004
v 3.388206 -0.715657 0.13187000000000004
v 3.388206 -0.715657 -0.019629999999999957
v 3.388206 -0.715657 -0.019629999999999957
v 3.388206 -0.715657 0.13187000000000004
v 3.727697 -1.443695 1.155363
v 3.727697 -1.443695 1.003863
v 3.388206 -0.715657 0.13187000000000004
v 3.340775 -0.737774 0.13187000000000004
v 3.680265 -1.465813 1.155363
v 3.727697 -1.443695 1.155363
v -2.307809 -0.4532749999999999 2.258803
v -2.56077 0.2997630000000001 2.258803
v -2.56077 0.2997630000000001 2.021293
v -2.307809 -0.4532749999999999 2.021293
v -2.276469 -0.30600599999999994 1.111474
v -2.479392 0.32923500000000006 1.112902
v -2.277184 -0.3053009999999999 2.022721
v -2.481325 0.33275900000000014 2.258803
v -2.215696 -0.3667789999999999 2.021293
v -2.215696 -0.3667789999999999 2.258803
v -2.307809 -0.4532749999999999 2.258803
v -2.307809 -0.4532749999999999 2.021293
v -1.733948 0.11547100000000007 1.124841
v -1.733949 0.11547100000000009 1.362352
v -2.215696 -0.3667789999999999 2.258803
v -2.215696 -0.3667789999999999 2.021293
v -1.79447 0.1759930000000001 1.362352
v -2.276469 -0.3060059999999999 2.258803
v -2.215696 -0.3667789999999999 2.258803
v -1.733949 0.11547100000000009 1.362352
v -1.260743 0.6087130000000001 1.316697
v -1.151669 1.275489 1.316697
v -1.151669 1.275489 1.132873
v -1.260743 0.6087130000000001 1.132873
v -1.172553 0.6426060000000001 1.316697
v -1.077084 1.253784 1.316697
v -1.151669 1.275489 1.316697
v -1.260743 0.6087130000000001 1.316697
v -1.007452 0.35488600000000003 1.132873
v -1.007452 0.35488600000000003 1.316698
v -1.260743 0.6087130000000001 1.316697
v -1.260743 0.6087130000000001 1.132873
v -0.472872 -0.177222 1.085171775192461E-17
v -0.472872 -0.177222 0.183825
v -1.007452 0.35488600000000003 1.316698
v -1.007452 0.35488600000000003 1.132873
v -0.412799 -0.117148 7.173246161325707E-18
v -0.412799 -0.11714799999999999 0.183825
v -0.472872 -0.177222 0.183825
v -0.472872 -0.177222 1.085171775192461E-17
v -1.172553 0.6426060000000001 1.316697
v -1.260743 0.6087130000000001 1.316697
v -1.007452 0.35488600000000003 1.316698
v -0.946142 0.41619600000000007 1.316697
v -0.412799 -0.11714799999999999 0.183825
v -0.946142 0.41619600000000007 1.316697
v -1.007452 0.35488600000000003 1.316698
v -0.472872 -0.177222 0.183825
v -0.412799 -0.117148 7.173246161325707E-18
v -0.946142 0.416195 -2.5484593728556633E-17
v -0.946142 0.41619600000000007 1.316697
v -0.412799 -0.11714799999999999 0.183825
v 4.210546 -2.523402 1.5451380911310146E-16
v 4.113858 -2.546594 0.6177300000000001
v 4.217319 -2.562869 0.5297540000000001
v 4.333467 -2.544955 1.558335497362026E-16
v 4.100236 -2.623405 0.6177300000000001
v 4.204031 -2.640466 0.5297540000000001
v 4.217319 -2.562869 0.5297540000000001
v 4.113858 -2.546594 0.6177300000000001
v 4.238079 -3.105656 1.9016658398263862E-16
v 4.207668 -3.13355 0.3056710000000002
v 4.311574 -3.133895 0.2176940000000002
v 4.366701 -3.095935 1.8957134440591304E-16
v 4.19873 -3.233315 0.30567100000000025
v 4.301898 -3.233618 0.2176940000000002
v 4.311574 -3.133895 0.2176940000000002
v 4.207668 -3.13355 0.3056710000000002
v 1.923089 -3.371101 2.0642040246262208E-16
v 1.893672 -3.356117 0.4466440000000002
v 1.867209 -3.452556 0.35866700000000024
v 1.886862 -3.508711 2.1484658476415544E-16
v 1.809453 -3.330445 0.4466440000000002
v 1.783364 -3.426472 0.35866700000000024
v 1.867209 -3.452556 0.35866700000000024
v 1.893672 -3.356117 0.4466440000000002
v 1.092071 1.357969 0.9834399999999999
v 0.996656 1.357969 0.9834399999999999
v 0.99592 1.168492 0.9832629999999999
v 1.091335 1.168492 0.9832629999999999
v 0.996656 1.357969 0.9834399999999999
v 0.996656 1.357969 1.294648
v 0.99592 1.168492 1.294471
v 0.99592 1.168492 0.9832629999999999
v 1.091335 1.168492 0.9832629999999999
v 1.091372 1.168492 1.294471
v 1.092072 1.357969 1.294648
v 1.092071 1.357969 0.9834399999999999
v -0.262935 1.266063 0.7548649999999999
v -0.262935 1.266063 1.281189
v 0.770921 1.266063 1.281189
v 0.770921 1.266063 0.7548649999999999
v 0.301449 -3.254085 1.4162850000000002
v 0.314672 -3.260225 1.6618740000000003
v 0.388723 -3.233272 1.6618740000000003
v 0.394797 -3.220108 1.4162850000000002
v 0.336027 -3.347464 1.4162850000000002
v 0.342102 -3.334301 1.6618740000000003
v 0.314672 -3.260225 1.6618740000000003
v 0.301449 -3.254085 1.4162850000000002
v 0.429375 -3.313488 1.4162850000000002
v 0.416153 -3.307348 1.6618740000000003
v 0.342102 -3.334301 1.6618740000000003
v 0.336027 -3.347464 1.4162850000000002
v 0.388723 -3.233272 1.6618740000000003
v 0.314672 -3.260225 1.6618740000000003
v 0.342102 -3.334301 1.6618740000000003
v 0.416153 -3.307348 1.6618740000000003
v 1.694188 -1.9362359999999998 2.840569
v 1.694188 -1.9362349999999997 2.663821
v 2.098839 -1.7475439999999998 2.211213
v 2.098839 -1.7475439999999998 2.390506
v 2.098839 -1.7475439999999998 2.390506
v 2.098839 -1.7475439999999998 2.211213
v 2.078225 -1.7033389999999997 2.211213
v 2.078225 -1.7033399999999999 2.390506
v 1.673435 -1.8920959999999998 2.840569
v 2.078225 -1.7033399999999999 2.390506
v 2.078225 -1.7033389999999997 2.211213
v 1.673436 -1.8920959999999998 2.211213
v 2.098839 -1.7475439999999998 2.390506
v 2.078225 -1.7033399999999999 2.390506
v 1.673435 -1.8920959999999998 2.840569
v 1.694188 -1.9362359999999998 2.840569
v -0.494227 -0.8180689999999998 4.532564
v -0.493851 -0.8202419999999998 3.928233
v -0.474002 -0.8371899999999998 3.928233
v -0.474384 -0.8346869999999997 4.532564
v -0.457815 -0.8148829999999998 4.532564
v -0.457424 -0.8171569999999998 3.928233
v -0.47727 -0.8002259999999998 3.928233
v -0.477614 -0.7982689999999998 4.532564
v -1.888896 -2.0689249999999997 6.058097
v -1.828942 -2.0343119999999995 6.058097
v -1.935893 -1.9264539999999997 6.058097
v -1.97084 -1.9869829999999995 6.058097
v -2.082776 -1.9569899999999996 6.058097
v -2.082776 -1.8870959999999997 6.058097
v -2.229659 -1.9264539999999997 6.058097
v -2.194712 -1.9869819999999996 6.058097
v -2.276656 -2.0689259999999994 6.058097
v -2.337184 -2.0339799999999997 6.058097
v -2.376541 -2.1808619999999994 6.058097
v -2.306648 -2.1808609999999997 6.058097
v -2.276655 -2.2927979999999994 6.058097
v -2.337184 -2.3277449999999997 6.058097
v -2.229659 -2.4352709999999997 6.058097
v -2.194712 -2.3747419999999995 6.058097
v -2.082776 -2.4047349999999996 6.058097
v -2.082776 -2.4746279999999996 6.058097
v -1.935805 -2.4352979999999995 6.058097
v -1.970839 -2.3747409999999998 6.058097
v -1.888896 -2.2927979999999994 6.058097
v -1.828368 -2.3277449999999997 6.058097
v -1.78901 -2.1808629999999996 6.058097
v -1.858904 -2.1808629999999996 6.058097
v -1.68299 1.551778 0.8896849999999998
v -1.468458 1.440099 0.8896849999999998
v -1.392112 1.58689 0.8891429999999999
v -1.606937 1.698002 0.8891429999999999
v -1.606937 1.698002 0.8891429999999999
v -1.606937 1.698002 1.451169
v -1.68299 1.551778 1.451169
v -1.68299 1.551778 0.8896849999999998
v -1.392112 1.58689 1.451169
v -1.392112 1.58689 0.8891429999999999
v -1.468458 1.440099 0.8896849999999998
v -1.468458 1.440099 1.451169
v -1.745469 1.584303 0.8896849999999998
v -1.738479 1.597731 1.128565
v -1.930488 1.228886 1.128565
v -1.776336 1.525008 0.8896849999999998
v -1.776336 1.525008 0.8896849999999998
v -1.930488 1.228886 1.128565
v -1.569735 1.041089 1.128565
v -1.415583 1.337211 0.8896849999999998
v -1.415583 1.337211 0.8896849999999998
v -1.569735 1.041089 1.128565
v -1.37793 1.409542 1.128565
v -1.384716 1.396506 0.8896849999999998
v -1.776336 1.525008 0.8896849999999998
v -1.415583 1.337211 0.8896849999999998
v -1.384716 1.396506 0.8896849999999998
v -1.745469 1.584303 0.8896849999999998
v -0.088701 -1.3759189999999997 3.058591
v -0.488954 -0.9633169999999998 3.058591
v -0.547409 -1.0229249999999999 3.058591
v -0.147118 -1.4357559999999998 3.058591
v -1.942668 -2.4163479999999997 4.781389
v -2.010537 -2.2927789999999995 4.597907
v -1.961496 -2.2451789999999994 4.597907
v -1.839985 -2.3169839999999997 4.781389
v -1.961496 -2.2451789999999994 4.597907
v -1.942488 -2.1798359999999994 4.597907
v -1.799706 -2.1799749999999998 4.781389
v -1.942488 -2.1798359999999994 4.597907
v -1.958441 -2.1141609999999997 4.597907
v -1.835482 -2.0422989999999994 4.781389
v -1.958441 -2.1141609999999997 4.597907
v -2.00786 -2.0666079999999996 4.597907
v -1.937112 -1.9419799999999998 4.781389
v -2.00786 -2.0666079999999996 4.597907
v -2.074446 -2.0495419999999998 4.597907
v -2.076856 -1.9067099999999997 4.781389
v -2.074446 -2.0495419999999998 4.597907
v -2.140659 -2.0674029999999997 4.597907
v -2.215069 -1.9445369999999997 4.781389
v -1.870797 -2.1808629999999996 6.147776
v -1.80528 -2.1808629999999996 6.147776
v -1.842458 -2.0421149999999995 6.147776
v -1.899196 -2.0748719999999996 6.147776
v -1.976843 -1.9973819999999995 6.148635
v -1.943771 -1.9400989999999996 6.148635
v -2.082776 -1.9028529999999995 6.148635
v -2.082776 -1.9689969999999997 6.148635
v -2.188709 -1.9973809999999996 6.148635
v -2.221781 -1.9400989999999996 6.148635
v -2.323539 -2.0418579999999995 6.148635
v -2.266257 -2.0749299999999997 6.148635
v -2.294641 -2.1808619999999994 6.148635
v -2.360785 -2.1808619999999994 6.148635
v -2.323539 -2.3198669999999995 6.148635
v -2.266257 -2.2867949999999997 6.148635
v -2.188709 -2.3643429999999994 6.148635
v -2.221781 -2.4216259999999994 6.148635
v -2.082776 -2.4588729999999996 6.148635
v -2.082776 -2.3927279999999995 6.148635
v -1.976843 -2.3643429999999994 6.148635
v -1.943693 -2.4216489999999995 6.148635
v -1.842012 -2.3198679999999996 6.148635
v -1.899295 -2.2867949999999997 6.148635
v -2.078932 -2.097642 3.078378
v -1.389896 -1.5194819999999998 3.078378
v -1.442018 -1.4575059999999997 3.078378
v -2.131051 -2.035674 3.078378
v 3.873579 -0.4255939999999999 1.312497
v 4.041574 -0.37617399999999995 1.312497
v 3.386039 1.0128 1.312497
v 3.178022 1.046675 1.312497
v -1.078129 1.253059 -7.672773467463916E-17
v -1.077084 1.253784 1.316697
v -1.172553 0.6426060000000001 1.316697
v -1.173769 0.642916 -3.936725107603099E-17
v 1.708801 1.168491 1.581999
v 1.672761 1.357968 1.582353
v -0.950723 1.35797 1.582353
v -0.951025 1.17074 1.581999
v -0.951025 1.17074 1.581999
v -0.950723 1.35797 1.582353
v -2.214097 2.013247 1.5819989999999997
v -2.497561 1.975818 1.5819989999999997
v -0.830602 -4.022661 0.4130560000000002
v -0.355075 -3.625983 0.9221990000000002
v -0.355075 -3.625983 0.4382870000000002
v -0.830602 -4.022661 2.4631694588524456E-16
v -0.355075 -3.625983 0.9221990000000002
v 0.299728 -3.248907 1.4157870000000001
v 0.299728 -3.248907 0.9719840000000002
v -0.355075 -3.625983 0.4382870000000002
v 0.93021 -3.048453 1.4157870000000001
v 0.93021 -3.048454 0.9643020000000002
v 0.299728 -3.248907 0.9719840000000002
v 0.299728 -3.248907 1.4157870000000001
v -0.830602 -4.022661 0.4130560000000002
v -0.830602 -4.022661 2.4631694588524456E-16
v -0.74995 -4.090335 2.504607832595194E-16
v -0.74995 -4.090335 0.41305600000000026
v 0.335737 -3.347841 1.4157870000000001
v 0.966219 -3.147388 1.4157870000000001
v 0.93021 -3.048453 1.4157870000000001
v 0.299728 -3.248907 1.4157870000000001
v -3.102619 2.9672400000000003 3.63751
v -2.846978 1.9625580000000002 3.659372
v -2.846139 1.9619250000000001 3.29167
v -3.087633 2.970734 3.274299
v -2.845181 1.9609940000000001 3.076221
v -3.084641 2.975589 3.061673
v -2.839112 1.9545820000000003 2.18697
v -3.120324 3.00972 2.134105
v 2.609631 -1.2964389999999997 2.317078
v 3.133839 -2.435945 2.320507
v 3.10754 -2.429483 1.4446640000000002
v 2.610037 -1.296393 7.938117689435172E-17
v 3.133244 -2.436139 1.0006710000000003
v 2.657972 -1.399188 8.567555528026934E-17
v -1.259513 0.09561600000000012 1.732045
v -1.260506 0.10041 -6.148339255119287E-18
v -2.186335 -0.8254249999999999 2.013036
v -1.252033 0.05349100000000014 2.328012
v -2.180599 -0.8248889999999999 2.342325
v -2.170783 -0.8239709999999999 2.589896
v -1.250882 0.03630400000000016 2.589211
v -2.141667 -0.8212489999999998 3.141945
v -1.258189 0.03585500000000019 3.179575
v -2.129192 -0.8200819999999998 3.395042
v -1.261235 0.03913100000000021 3.378668
v -1.263296 0.033600000000000234 3.907815
v -2.115717 -0.8188219999999998 3.934848
v -1.86853 -2.6583309999999996 5.514308
v -3.141173 -3.1146059999999998 5.540227
v -3.133732 -3.1232069999999994 5.106754
v -1.858209 -2.6660749999999998 5.071168
v -3.127951 -3.1298569999999994 4.873425
v -1.852186 -2.6692909999999994 4.795256
v -3.118725 -3.1448899999999997 4.241567
v -1.839339 -2.6767999999999996 4.262087
v -1.829598 -2.6843749999999997 3.965064
v -3.120037 -3.1527109999999996 4.00407
v -3.133582 -3.175079 3.421535
v -1.808326 -2.703876 3.407856
v -3.139336 -3.184246 3.174282
v -1.797889 -2.71182 3.097956
v -1.787449 -2.714114 2.629347
v -3.150886 -3.202645 2.584774
v -1.78077 -2.711136 2.003598
v -3.157094 -3.212533 2.003658
v -2.372621 -1.4440649999999997 5.417832
v -2.373679 -1.4423259999999996 5.514728
v -2.608307 -1.5142929999999994 5.506859
v -2.621168 -1.5198649999999998 5.40933
v -3.032481 -1.7062129999999995 5.515963
v -3.034149 -1.7100109999999997 5.421197
v -3.529491 -1.8633819999999996 5.447418
v -3.529491 -1.8633809999999995 5.545112
v 1.187512 -1.9766349999999997 2.3845
v 0.743434 -1.0285099999999998 2.3845
v 1.188841 -1.9762729999999997 3.26475
v 0.712498 -0.9620639999999999 2.3845
v 0.717075 -0.9843639999999998 3.26475
v 1.565408 -1.8004179999999999 2.542813
v 1.629496 -1.7705339999999998 2.543104
v 1.154265 -0.7544379999999999 2.543104
v 1.121308 -0.8521319999999999 2.542813
v 0.713283 -0.9675889999999999 2.541098
v 0.744225 -1.0340849999999997 2.541098
v -0.303447 -1.4602419999999998 3.26475
v 0.717075 -0.9843639999999998 3.26475
v 0.713283 -0.9675889999999999 2.541098
v -0.307544 -1.4313879999999999 2.004098
v 1.154265 -0.7544379999999999 2.543104
v 1.153627 -0.750031 4.5926153170564425E-17
v 0.902492 -0.869568 5.3245683392048284E-17
v 1.617596 -1.7589559999999997 2.322304
v 1.643488 -1.8151179999999998 2.322667
v 2.578439 -1.3795719999999998 2.317453
v 2.609631 -1.2964389999999997 2.317078
v 3.053129 -2.410995 2.320694
v 3.133839 -2.435945 2.320507
v 2.103898 -2.825839 2.332703
v 2.123892 -2.874392 2.33352
v -3.127027 3.050586 0.8201429999999997
v -4.206284 2.761251 0.8201429999999997
v -4.152211 2.733442 2.136825
v -3.120324 3.00972 2.134105
v -4.107785 2.710633 3.050818
v -3.084641 2.975589 3.061673
v -3.087633 2.970734 3.274299
v -4.100811 2.706989 3.289183
v -3.102619 2.9672400000000003 3.63751
v -4.096235 2.7046350000000006 3.659342
v -4.206284 2.761251 0.8201429999999997
v -3.910337 1.656758 0.8201429999999998
v -3.867057 1.6791540000000003 2.18697
v -4.152211 2.733442 2.136825
v -3.837722 1.6943810000000001 2.97957
v -4.107785 2.710633 3.050818
v -3.830425 1.6981760000000001 3.289387
v -4.100811 2.706989 3.289183
v -4.096235 2.7046350000000006 3.659342
v -3.827031 1.6999530000000003 3.659409
v -1.78077 -2.711136 2.003598
v -2.28141 -1.3356639999999997 2.003658
v -2.284669 -1.3465429999999998 2.576463
v -1.787449 -2.714114 2.629347
v -2.289369 -1.3622359999999998 3.083383
v -1.797889 -2.71182 3.097956
v -1.808326 -2.703876 3.407856
v -2.292898 -1.3740189999999999 3.409724
v -1.829598 -2.6843749999999997 3.965064
v -2.300615 -1.3943129999999997 4.03271
v -1.839339 -2.6767999999999996 4.262087
v -2.309654 -1.3916669999999998 4.46718
v -1.852186 -2.6692909999999994 4.795256
v -2.316903 -1.3835169999999999 4.791007
v -1.858209 -2.6660749999999998 5.071168
v -2.324398 -1.3765129999999999 5.061374
v -1.86853 -2.6583309999999996 5.514308
v -2.33425 -1.3683879999999995 5.516311
v -3.985356 1.636541 -1.0020923486617043E-16
v -3.985356 1.636541 0.7635819999999999
v -4.234866 2.567725 -1.5722781011703187E-16
v -4.301193 2.815259 0.7635819999999998
v -4.301193 2.815259 -1.7238489615603893E-16
v -2.444661 3.010156 0.5733819999999997
v -2.444661 3.010156 -1.4479690000000003
v -2.298932 3.322674 -1.4479690000000003
v -2.298932 3.322673 0.5733819999999997
v -2.328985 3.666185 -1.4479690000000003
v -2.328985 3.666185 0.5733819999999997
v -2.526768 3.948647 0.5733819999999997
v -2.526768 3.948647 -1.4479690000000003
v -2.839284 4.094376 0.5733819999999997
v -2.839284 4.094377 -1.4479690000000003
v -3.182796 4.064323 0.5733819999999997
v -3.182796 4.064324 -1.4479690000000003
v -3.465259 3.866541 0.5733819999999997
v -3.465259 3.866541 -1.4479690000000003
v -3.610989 3.554024 0.5733819999999997
v -3.610988 3.554024 -1.4479690000000003
v -3.580935 3.210513 0.5733819999999997
v -3.580935 3.210513 -1.4479690000000003
v -3.383152 2.928049 -1.4479690000000003
v -3.383152 2.928049 0.5733819999999997
v -0.330421 -1.090174 6.675390498068334E-17
v -0.330421 -1.090175 1.349685
v -0.215939 -0.7756379999999999 1.349685
v -0.215939 -0.775637 4.7494068467512783E-17
v 0.040474 -0.5604809999999999 1.349685
v 0.040474 -0.56048 3.4319501899305426E-17
v 0.370113 -0.5023569999999999 1.349685
v 0.370113 -0.502356 3.076043337162339E-17
v 0.68465 -0.616839 3.777049534696271E-17
v 0.684651 -0.6168399999999999 1.349685
v 0.902492 -0.869568 5.3245683392048284E-17
v 0.899807 -0.8732529999999998 1.349685
v -2.417439 1.9746240000000002 1.9095409999999997
v -2.831693 1.9456670000000003 2.18697
v -2.830548 1.945974 1.1119699999999997
v -2.072329 1.998747 1.7219939999999998
v -2.072329 1.998747 -1.2238795579276875E-16
v -2.004316 1.972001 1.7004259999999998
v -2.140871 3.170093 1.7004259999999998
v -2.650228 3.125458 1.9306049999999997
v -2.436298 1.9403790000000003 1.9306049999999997
v -3.15464 3.03985 2.236593
v -2.869536 1.9087580000000002 2.215223
v -3.989208 0.3082020000000001 1.774823
v -3.984426 0.3579750000000001 1.774823
v -4.483092 0.4016030000000001 1.774823
v -4.43764 0.3474350000000001 1.774823
v -4.621084 -1.175653 1.774823
v -4.566918 -1.130202 1.774823
v -4.122417 -1.219281 1.774823
v -4.118484 -1.169434 1.774823
v 3.543519 2.898663 1.1840509999999997
v 3.543519 2.898663 0.5626039999999998
v 3.792272 3.195115 0.5626039999999998
v 3.792272 3.195115 1.1840509999999997
v 3.859472 3.576225 0.5626039999999998
v 3.859472 3.576225 1.1840509999999997
v 3.727115 3.939877 0.5626039999999998
v 3.727115 3.939877 1.1840509999999997
v 3.430664 4.18863 0.5626039999999998
v 3.430664 4.18863 1.1840509999999997
v 3.049554 4.255832 0.5626039999999998
v 3.049554 4.255832 1.1840509999999997
v 2.685901 4.123473 0.5626039999999998
v 2.685901 4.123473 1.1840509999999997
v 2.437148 3.827023 0.5626039999999998
v 2.437149 3.827023 1.1840509999999997
v 2.369947 3.445912 0.5626039999999998
v 2.369947 3.445912 1.1840509999999997
v 2.502305 3.08226 0.5626039999999998
v 2.502305 3.08226 1.1840509999999997
v 2.208308 2.828381 0.10330499999999983
v 2.204701 2.852278 -0.003527000000000175
v 2.136539 2.761613 -0.0035270000000001693
v 2.169692 2.768878 0.10059099999999983
v 2.226315 2.69733 -0.0035270000000001654
v 2.223444 2.723302 0.10330499999999983
v 2.257754 2.769132 0.10330499999999983
v 2.297015 2.782876 -0.0035270000000001706
v 2.208308 2.828381 0.10330499999999983
v 2.169692 2.768878 0.10059099999999983
v 2.223444 2.723302 0.10330499999999983
v 2.297015 2.782876 -0.0035270000000001706
v 2.204701 2.852278 -0.003527000000000175
v 2.208308 2.828381 0.10330499999999983
v 3.925046 -0.088717 0.103305
v 3.947042 -0.098732 -0.003526999999999994
v 3.908246 0.007856 -0.0035270000000000006
v 3.896247 -0.023890999999999992 0.100591
v 3.805394 -0.03231 -0.003526999999999998
v 3.828727 -0.044072999999999994 0.103305
v 3.848416 -0.097831 0.103305
v 3.838514 -0.138233 -0.0035269999999999915
v 3.925046 -0.088717 0.103305
v 3.896247 -0.023890999999999992 0.100591
v 3.828727 -0.044072999999999994 0.103305
v 3.838514 -0.138233 -0.0035269999999999915
v 3.947042 -0.098732 -0.003526999999999994
v 3.925046 -0.088717 0.103305
v -2.207191 -4.027419 0.10330500000000024
v -2.225563 -4.04312 -0.0035269999999997526
v -2.112566 -4.053006 -0.003526999999999752
v -2.136267 -4.028714 0.10059100000000025
v -2.105501 -3.942815 -0.0035269999999997586
v -2.126024 -3.958991 0.10330500000000023
v -2.183066 -3.954115 0.10330500000000023
v -2.215498 -3.928067 -0.0035269999999997595
v -2.207191 -4.027419 0.10330500000000024
v -2.136267 -4.028714 0.10059100000000025
v -2.126024 -3.958991 0.10330500000000023
v -2.215498 -3.928067 -0.0035269999999997595
v -2.225563 -4.04312 -0.0035269999999997526
v -2.207191 -4.027419 0.10330500000000024
v -4.647832 -1.147143 0.10330500000000006
v -4.67167 -1.143162 -0.0035269999999999304
v -4.60661 -1.236077 -0.0035269999999999243
v -4.603237 -1.202306 0.10059100000000007
v -4.517658 -1.17066 -0.0035269999999999286
v -4.543241 -1.165336 0.10330500000000006
v -4.576173 -1.118505 0.10330500000000006
v -4.577065 -1.076918 -0.0035269999999999343
v -4.603237 -1.202306 0.10059100000000007
v -4.543241 -1.165336 0.10330500000000006
v -4.647832 -1.147143 0.10330500000000006
v -4.577065 -1.076918 -0.0035269999999999343
v -4.67167 -1.143162 -0.0035269999999999304
v -4.647832 -1.147143 0.10330500000000006
v -4.513473 1.540261 0.1033049999999999
v -4.525744 1.561081 -0.0035270000000000956
v -4.555102 1.451517 -0.003527000000000089
v -4.527063 1.470641 0.10059099999999992
v -4.447813 1.425426 -0.0035270000000000874
v -4.460178 1.448445 0.10330499999999991
v -4.445472 1.503774 0.1033049999999999
v -4.414188 1.53119 -0.003527000000000094
v -4.527063 1.470641 0.10059099999999992
v -4.460178 1.448445 0.10330499999999991
v -4.513473 1.540261 0.1033049999999999
v -4.414188 1.53119 -0.003527000000000094
v -4.525744 1.561081 -0.0035270000000000956
v -4.513473 1.540261 0.1033049999999999
v -0.33429 -1.089868 1.803959
v -0.33429 -1.089868 1.546679
v -0.218791 -0.7746589999999999 1.546679
v -0.218791 -0.7746589999999999 1.803959
v 0.038807 -0.5587949999999999 1.546679
v 0.038807 -0.5587949999999999 1.803959
v 0.368291 -0.5003549999999999 1.546679
v 0.368291 -0.5003549999999999 1.803959
v 0.684567 -0.6149929999999999 1.546679
v 0.684567 -0.6149929999999999 1.803959
v 0.899276 -0.8709349999999999 1.803959
v 0.899276 -0.8709349999999999 1.546679
v 3.741628 -1.3290809999999997 1.872863
v 3.741628 -1.3290809999999997 2.108276
v 3.849588 -1.4356209999999998 2.108276
v 3.849588 -1.4356209999999998 1.872863
v 4.140835 -1.5169559999999997 2.108276
v 4.140835 -1.5169559999999997 1.872863
v 4.433327 -1.4365059999999998 1.872863
v 4.433327 -1.4365059999999998 2.108276
v 4.649529 -1.2231339999999997 2.108276
v 4.649529 -1.2231339999999997 1.872863
v 4.726104 -0.9296029999999998 2.108276
v 4.726104 -0.9296029999999998 1.872863
v 4.650918 -0.6367089999999999 2.108276
v 4.650918 -0.6367089999999999 1.872863
v 4.434999 -0.4236279999999999 2.108276
v 4.434999 -0.4236279999999999 1.872863
v 4.141042 -0.3426169999999999 1.872863
v 4.141042 -0.3426169999999999 2.108276
v 3.84855 -0.4230679999999999 2.108276
v 3.84855 -0.4230679999999999 1.872863
v 3.632489 -0.6346259999999999 2.108276
v 3.632489 -0.6346259999999999 1.872863
v 3.555914 -0.9281579999999999 2.108276
v 3.555914 -0.9281579999999999 1.872863
v 3.633669 -1.2225399999999997 2.108276
v 3.633669 -1.2225399999999997 1.872863
v 3.741628 -1.3290809999999997 2.108276
v 3.741628 -1.3290809999999997 1.872863
v -1.946558 1.86894 1.2391739999999998
v -1.946557 1.86894 1.0144619999999998
v -1.76307 2.052049 1.0144619999999998
v -1.76307 2.05205 1.2391739999999998
v -1.513408 2.119285 1.0144619999999998
v -1.513408 2.119285 1.2391739999999998
v -1.262788 2.051631 1.0144619999999998
v -1.262788 2.051632 1.2391739999999998
v -1.080918 1.867736 1.0144619999999998
v -1.080918 1.867736 1.2391739999999998
v -1.013327 1.618876 1.239174
v -1.013327 1.618875 1.014462
v -1.080837 1.369042 1.239174
v -1.080838 1.369042 1.014462
v -0.354615 -1.5284519999999997 2.30888
v -0.353649 -1.5226589999999998 2.017256
v -0.416415 -1.5708569999999997 2.017256
v -0.417094 -1.5762859999999999 2.30888
v -0.426743 -1.6493509999999998 2.017256
v -0.427423 -1.6544849999999998 2.30888
v -0.37858 -1.7121579999999998 2.017256
v -0.379555 -1.7172039999999997 2.30888
v -0.300141 -1.7224909999999998 2.017256
v -0.301512 -1.7277329999999997 2.30888
v -0.237369 -1.6742989999999998 2.017256
v -0.238972 -1.6799399999999998 2.30888
v -0.227041 -1.5958069999999998 2.017256
v -0.228621 -1.6017919999999999 2.30888
v -0.275209 -1.5329929999999998 2.017256
v -0.276549 -1.5390309999999998 2.30888
v -0.354615 -1.5284519999999997 2.30888
v -0.353649 -1.5226589999999998 2.017256
v -0.251185 -1.7347519999999998 2.30888
v -0.250097 -1.7296289999999999 2.017256
v -0.312862 -1.7778269999999998 2.017256
v -0.313667 -1.7825469999999999 2.30888
v -0.32319 -1.8563209999999999 2.017256
v -0.324031 -1.8604669999999999 2.30888
v -0.275027 -1.9191269999999998 2.017256
v -0.276202 -1.9228689999999997 2.30888
v -0.196588 -1.9294609999999999 2.017256
v -0.198191 -1.9331549999999997 2.30888
v -0.133816 -1.8812679999999997 2.017256
v -0.135664 -1.8852899999999997 2.30888
v -0.123488 -1.8027759999999997 2.017256
v -0.125289 -1.8073619999999997 2.30888
v -0.171656 -1.7399629999999997 2.017256
v -0.173162 -1.7450279999999998 2.30888
v -0.251185 -1.7347519999999998 2.30888
v -0.250097 -1.7296289999999999 2.017256
v 2.767875 -3.283876 1.2550520000000003
v 2.763211 -3.289352 1.0044950000000001
v 2.830171 -3.24655 1.0044950000000001
v 2.83426 -3.241237 1.2550520000000003
v 2.847783 -3.168722 1.0044950000000001
v 2.851337 -3.163867 1.2550520000000003
v 2.805696 -3.101494 1.0044950000000001
v 2.809103 -3.097104 1.2550520000000003
v 2.728603 -3.084201 1.0044950000000001
v 2.73228 -3.080009 1.2550520000000003
v 2.661687 -3.126942 1.0044950000000001
v 2.665835 -3.122584 1.2550520000000003
v 2.644118 -3.204721 1.0044950000000001
v 2.648742 -3.199935 1.2550520000000003
v 2.686158 -3.272012 1.0044950000000001
v 2.691036 -3.266764 1.2550520000000003
v 2.767875 -3.283876 1.2550520000000003
v 2.763211 -3.289352 1.0044950000000001
v 2.614606 -3.244211 1.2961190000000002
v 2.613188 -3.249438 1.0044950000000001
v 2.61015 -3.169889 1.0044950000000001
v 2.610872 -3.165401 1.2961190000000002
v 2.552366 -3.115753 1.0044950000000001
v 2.552407 -3.111927 1.2961190000000002
v 2.473671 -3.118763 1.0044950000000001
v 2.473471 -3.115121 1.2961190000000002
v 2.420252 -3.177049 1.0044950000000001
v 2.420255 -3.173104 1.2961190000000002
v 2.423409 -3.25646 1.0044950000000001
v 2.423903 -3.251935 1.2961190000000002
v 2.481212 -3.310571 1.0044950000000001
v 2.482345 -3.305413 1.2961190000000002
v 2.559787 -3.307704 1.0044950000000001
v 2.561368 -3.3022 1.2961190000000002
v 2.614606 -3.244211 1.2961190000000002
v 2.613188 -3.249438 1.0044950000000001
v -1.812056 -3.639619 2.2968880000000005
v -1.811471 -3.642273 2.0052650000000005
v -1.801171 -3.56381 2.005265
v -1.802048 -3.561357 2.296888
v -1.849373 -3.501004 2.005265
v -1.850339 -3.498543 2.296888
v -1.927839 -3.490649 2.005265
v -1.928631 -3.487981 2.296888
v -1.990611 -3.538806 2.005265
v -1.991107 -3.535842 2.296888
v -2.00092 -3.617271 2.005265
v -2.001203 -3.614109 2.296888
v -1.95272 -3.680076 2.0052650000000005
v -1.952935 -3.676923 2.2968880000000005
v -1.874245 -3.690432 2.0052650000000005
v -1.874555 -3.687482 2.2968880000000005
v -1.812056 -3.639619 2.2968880000000005
v -1.811471 -3.642273 2.0052650000000005
v -0.981345 0.422873 -0.0011500000000000258
v -0.97865 0.423224 0.290473
v -1.020883 0.489657 0.2904729999999999
v -1.023849 0.489605 -0.00115000000000003
v -1.003534 0.566819 0.2904729999999999
v -1.006693 0.566879 -0.0011500000000000347
v -0.936752 0.609428 0.2904729999999999
v -0.939926 0.609421 -0.0011500000000000373
v -0.859663 0.592549 0.2904729999999999
v -0.862659 0.592313 -0.0011500000000000362
v -0.817429 0.526139 0.2904729999999999
v -0.820156 0.525583 -0.001150000000000032
v -0.834774 0.449066 0.290473
v -0.83731 0.448318 -0.0011500000000000275
v -0.901558 0.406433 0.290473
v -0.904078 0.405774 -0.001150000000000025
v -0.97865 0.423224 0.290473
v -0.981345 0.422873 -0.0011500000000000258
v -1.049456 0.589482 -0.001150000000000036
v -1.047617 0.591483 0.2904729999999999
v -1.122672 0.615227 0.2904729999999999
v -1.124911 0.613281 -0.0011500000000000375
v -1.15898 0.685489 0.2904729999999999
v -1.161439 0.683504 -0.0011500000000000418
v -1.135211 0.761055 0.2904729999999999
v -1.137638 0.75901 -0.0011500000000000464
v -1.065308 0.797677 0.2904729999999999
v -1.067451 0.79557 -0.0011500000000000488
v -0.990268 0.773952 0.2904729999999999
v -0.991999 0.771773 -0.0011500000000000473
v -0.954013 0.703761 0.2904729999999999
v -0.955474 0.701558 -0.001150000000000043
v -0.977768 0.628175 0.2904729999999999
v -0.979275 0.626049 -0.0011500000000000384
v -1.047617 0.591483 0.2904729999999999
v -1.049456 0.589482 -0.001150000000000036
v -2.756585 1.783532 1.416981
v -2.759176 1.784353 1.125357
v -2.696375 1.736202 1.125357
v -2.693812 1.735734 1.416981
v -2.617882 1.746542 1.125357
v -2.615268 1.746148 1.416981
v -2.569681 1.809319 1.125357
v -2.566976 1.80867 1.416981
v -2.580001 1.887759 1.1253569999999997
v -2.577186 1.886707 1.4169809999999998
v -2.642799 1.935919 1.1253569999999997
v -2.639919 1.934583 1.4169809999999998
v -2.721289 1.92558 1.1253569999999997
v -2.718451 1.92419 1.4169809999999998
v -2.769496 1.862796 1.1253569999999997
v -2.766785 1.86159 1.4169809999999998
v -2.756585 1.783532 1.416981
v -2.759176 1.784353 1.125357
v -3.382617 2.951169 1.2380409999999997
v -3.382617 2.951169 0.9841819999999998
v -3.579697 3.232397 0.9841819999999998
v -3.579697 3.232398 1.2380409999999997
v -3.60967 3.575423 0.9841819999999998
v -3.609669 3.575423 1.2380409999999997
v -3.464418 3.886399 1.2380409999999997
v -3.464418 3.886399 0.9841819999999998
v -3.183476 4.082307 1.2380409999999997
v -3.183477 4.082306 0.9841819999999998
v -2.841245 4.112304 1.2380409999999997
v -2.841245 4.112303 0.9841819999999998
v -2.530095 3.967725 1.2380409999999997
v -2.530096 3.967725 0.9841819999999998
v -2.333122 3.687249 1.2380409999999997
v -2.333122 3.687249 0.9841819999999998
v -2.303696 3.344625 1.2380409999999997
v -2.303696 3.344626 0.9841819999999998
v -2.448573 3.033147 1.2380409999999997
v -2.448573 3.033148 0.9841819999999998
v -0.904674 0.570555 0.28985199999999994
v -0.904257 0.57054 0.500043
v -0.887237 0.516351 0.500043
v -0.887691 0.516428 0.28985199999999994
v -0.9138 0.46582100000000004 0.500043
v -0.914312 0.465919 0.28985199999999994
v -0.968356 0.44856000000000007 0.500043
v -0.968906 0.44863 0.289852
v -1.01895 0.47467700000000007 0.500043
v -1.019495 0.474686 0.28985199999999994
v -1.035983 0.528864 0.500043
v -1.036494 0.52881 0.28985199999999994
v -1.009469 0.579388 0.500043
v -1.009935 0.579309 0.28985199999999994
v -0.9549 0.596651 0.500043
v -0.955325 0.596601 0.28985199999999994
v -0.904257 0.57054 0.500043
v -0.904674 0.570555 0.28985199999999994
v -1.693493 -1.7742209999999998 2.903336
v -1.745611 -1.7122509999999997 2.903336
v -1.648669 -1.6313499999999999 2.830635
v -1.596285 -1.6931049999999999 2.830635
v -1.58192 -1.5748979999999997 2.635433
v -1.529802 -1.6368679999999998 2.635433
v -1.529802 -1.6368669999999998 2.016589
v -1.581921 -1.5748979999999997 2.016589
v 3.178022 1.046675 -6.40903594248778E-17
v 3.35684 0.670025 -4.102719857993527E-17
v 3.356841 0.670024 0.673665
v 3.178022 1.046675 1.312497
v 3.418466 0.5390760000000001 0.951087
v 3.48009 0.4081270000000001 1.031669
v 3.541714 0.27717800000000004 1.057414
v 3.873579 -0.4255939999999999 1.312497
v 3.603338 0.14623000000000005 1.031669
v 3.664963 0.015281000000000058 0.951087
v 3.726587 -0.11566799999999997 0.673665
v 3.873579 -0.425594 2.606011649181593E-17
v 3.726586 -0.115667 7.082561065848845E-18
v 0.180938 1.35797 1.177783
v 0.180202 1.168492 1.177606
v 0.077701 1.168492 1.155614
v 0.078437 1.357969 1.155791
v -0.07322 1.168492 1.054317
v -0.072484 1.357969 1.054494
v -0.173156 1.168493 0.9104479999999999
v -0.172421 1.35797 0.9106239999999999
v -0.245481 1.168493 0.7127989999999998
v -0.244746 1.35797 0.7129759999999999
v -0.245533 1.168493 -0.00017700000000007155
v -0.244746 1.35797 -8.315168069190656E-17
v 4.117597 -3.599082 0.10330500000000022
v 4.121935 -3.624885 -0.003526999999999778
v 4.19321 -3.518808 -0.0035269999999997846
v 4.158705 -3.530847 0.10059100000000022
v 4.108952 -3.467687 -0.0035269999999997877
v 4.108091 -3.492673 0.1033050000000002
v 4.070794 -3.54666 0.10330500000000022
v 4.031606 -3.569805 -0.0035269999999997816
v 4.117597 -3.599082 0.10330500000000022
v 4.158705 -3.530847 0.10059100000000022
v 4.108091 -3.492673 0.1033050000000002
v 4.031606 -3.569805 -0.0035269999999997816
v 4.121935 -3.624885 -0.003526999999999778
v 4.117597 -3.599082 0.10330500000000022
v -0.223092 -1.8742629999999998 2.305531
v -0.222685 -1.8795779999999997 2.515723
v -0.275089 -1.8580749999999997 2.515723
v -0.275449 -1.8526179999999999 2.305531
v -0.296603 -1.8060349999999998 2.515723
v -0.296972 -1.8001419999999997 2.305531
v -0.274629 -1.7540079999999998 2.515723
v -0.27506 -1.7476409999999998 2.305531
v -0.222045 -1.7324339999999998 2.515723
v -0.222553 -1.7258409999999997 2.305531
v -0.169643 -1.7538779999999998 2.515723
v -0.170194 -1.7474339999999997 2.305531
v -0.148111 -1.8058249999999998 2.515723
v -0.148646 -1.7998159999999999 2.305531
v -0.170083 -1.8579109999999999 2.515723
v -0.17056 -1.8523679999999998 2.305531
v -0.223092 -1.8742629999999998 2.305531
v -0.222685 -1.8795779999999997 2.515723
v -2.488108 3.726411 0.8532619999999997
v -2.490699 3.727232 1.1448859999999998
v -2.480498 3.649175 1.1448859999999998
v -2.477788 3.647968 0.8532619999999997
v -2.528832 3.586575 1.1448859999999998
v -2.525994 3.585185 0.8532619999999997
v -2.607365 3.576181 1.1448859999999998
v -2.604485 3.574846 0.8532619999999997
v -2.670097 3.624057 1.1448859999999998
v -2.667282 3.623006 0.8532619999999997
v -2.680308 3.702094 1.1448859999999998
v -2.677602 3.701446 0.8532619999999997
v -2.632016 3.764616 1.1448859999999998
v -2.629401 3.764223 0.8532619999999997
v -2.553472 3.77503 1.1448859999999998
v -2.550909 3.774563 0.8532619999999997
v -2.490699 3.727232 1.1448859999999998
v -2.488108 3.726411 0.8532619999999997
v -0.436181 -1.1880549999999999 2.188866
v -0.397272 -1.1822879999999998 2.188866
v -0.43077 -1.1229529999999999 2.191167
v -0.73195 -1.1952649999999998 2.188866
v -0.674122 -1.1324249999999998 2.191167
v 0.10153 -0.8745119999999998 1.302541
v -0.330421 -1.090174 6.675390498068334E-17
v 0.10153 -0.8745119999999998 1.466385
v -0.430812 -1.122747 0.002301000000000069
v -0.43077 -1.1229529999999999 2.191167
v -0.674122 -1.1324249999999998 2.191167
v -0.665745 -1.130268 -0.0023009999999999307
v -1.90257 -2.91228 2.590731
v -1.946468 -2.791674 2.590731
v -1.945322 -2.791257 2.701366
v -1.90257 -2.91228 2.701366
v -1.964115 -2.798098 2.719153
v -1.920219 -2.918704 2.719154
v -2.241799 -3.035749 2.719154
v -2.285697 -2.915143 2.719153
v -2.304491 -2.921984 2.701366
v -2.260064 -3.042397 2.701366
v -2.303961 -2.921791 2.653543
v -2.260064 -3.042397 2.653543
v -0.569955 -0.39136199999999993 0.491025
v -0.66071 -0.48211599999999993 0.49102500000000004
v -0.661572 -0.48125399999999996 0.60166
v -0.569955 -0.39136199999999993 0.60166
v -0.647429 -0.49539599999999995 0.619447
v -0.556675 -0.40464199999999995 0.619448
v -0.31469 -0.646627 0.619448
v -0.405444 -0.737382 0.619447
v -0.391302 -0.751524 0.60166
v -0.300946 -0.660371 0.60166
v -0.391701 -0.751125 0.553837
v -0.300946 -0.660371 0.553837
v 2.801965 -3.161961 1.2651530000000002
v 2.612011 -3.161961 1.2651520000000003
v 2.612051 -3.126069 1.3271020000000002
v 2.802036 -3.126069 1.3271020000000002
v 2.612192 -3.161599 1.3890520000000002
v 2.80229 -3.161599 1.3890520000000002
v 2.612191 -3.233187 1.3890520000000002
v 2.802289 -3.233187 1.3890520000000002
v 2.612051 -3.269258 1.3271020000000002
v 2.802036 -3.269257 1.3271020000000002
v 2.612011 -3.233557 1.2651530000000002
v 2.801965 -3.233557 1.2651530000000002
v -4.182026 -1.155581 0.8221240000000001
v -4.277316 -1.17601 0.7625400000000001
v -4.365171 -1.607703 0.7625400000000001
v -4.269876 -1.587246 0.8221240000000001
v -4.355553 -1.988293 0.7625400000000001
v -4.254043 -1.964724 0.8221240000000001
v -3.793784 -3.096802 0.7625400000000002
v -3.739674 -3.000383 0.8221240000000002
v 0.613736 -2.356519 0.8221240000000001
v 0.613737 -2.35652 2.352771
v -0.076192 -2.58522 2.352771
v -0.076192 -2.58522 0.8221240000000001
v -0.813778 -3.048423 2.352771
v -0.813778 -3.048422 0.8221240000000002
v -1.382352 -3.676871 0.8221240000000002
v -1.382352 -3.676872 2.3527710000000006
v 1.703788 -0.8287229999999999 1.595152
v 2.637956 -0.39213 0.13610600000000003
v 1.281108 -1.026421 1.595561
v 2.637956 -0.392129 -0.019629999999999977
v 1.281108 -1.02642 6.285009837904132E-17
v 1.935658 1.252165 -7.667299296271727E-17
v 3.434734 0.987838 -6.048763223880615E-17
v 3.434734 0.9878370000000001 1.614765
v 1.935658 1.252164 1.614765
v 2.685195 1.1200010000000002 2.159632
v 3.782265 2.958783 -1.8117320651608015E-16
v 2.283189 3.22311 -1.973585672399913E-16
v 2.283189 3.22311 1.6147649999999998
v 3.782265 2.958783 1.6147649999999998
v 3.032727 3.090947 2.159632
v -3.346639 2.994212 0.9841819999999998
v -3.346639 2.994212 0.8684419999999998
v -3.526728 3.251405 0.8684429999999997
v -3.526728 3.251405 0.9841819999999998
v -3.554093 3.564185 0.8684419999999998
v -3.554093 3.564185 0.9841819999999998
v -3.421401 3.848743 0.8684429999999997
v -3.421401 3.848743 0.9841819999999998
v -3.164207 4.028832 0.8684429999999997
v -3.164207 4.028832 0.9841819999999998
v -2.851427 4.056197 0.8684429999999997
v -2.851427 4.056197 0.9841819999999998
v -2.566869 3.923505 0.8684429999999997
v -2.566869 3.923505 0.9841819999999998
v -2.386781 3.666312 0.8684419999999998
v -2.386781 3.666312 0.9841819999999998
v -2.359416 3.353531 0.8684429999999997
v -2.359416 3.353531 0.9841819999999998
v -2.492108 3.068973 0.8684419999999998
v -2.492108 3.068973 0.9841819999999998
v -3.437307 2.886158 0.9841819999999998
v -3.346639 2.994212 0.9841819999999998
v -3.526728 3.251405 0.9841819999999998
v -3.659276 3.203162 0.9841819999999998
v -3.554093 3.564185 0.9841819999999998
v -3.693003 3.588679 0.9841819999999998
v -3.421401 3.848743 0.9841819999999998
v -3.529454 3.939411 0.9841819999999998
v -3.164207 4.028832 0.9841819999999998
v -3.212451 4.16138 0.9841819999999998
v -2.851427 4.056197 0.9841819999999998
v -2.826933 4.195107 0.9841819999999998
v -2.566869 3.923505 0.9841819999999998
v -2.476201 4.031559 0.9841819999999998
v -2.386781 3.666312 0.9841819999999998
v -2.254233 3.714556 0.9841819999999998
v -2.359416 3.353531 0.9841819999999998
v -2.220505 3.329038 0.9841819999999998
v -2.492108 3.068973 0.9841819999999998
v -2.384054 2.978305 0.9841819999999998
v -2.336078 1.0582900000000002 2.118872
v -2.518362 1.5591100000000002 2.118872
v -2.336078 1.0582900000000002 2.754847
v -2.518362 1.5591100000000002 2.754847
v -2.42722 1.3086990000000003 3.09647
v -3.475139 -0.05310599999999993 1.116167
v -2.260562 0.38896400000000003 1.113008
v -2.260562 0.38896400000000014 2.783273
v -3.475139 -0.05310599999999983 2.783273
v -2.867851 0.16792900000000022 3.458937
v -2.307809 -0.4532749999999999 2.258803
v -2.215696 -0.3667789999999999 2.258803
v -2.276469 -0.3060059999999999 2.258803
v -2.56077 0.2997630000000001 2.258803
v -2.481325 0.33275900000000014 2.258803
v -2.276469 -0.3060059999999999 2.258803
v -1.79447 0.1759930000000001 1.362352
v -2.277184 -0.3053009999999999 2.022721
v -1.79447 0.17599300000000007 1.124841
v -2.276469 -0.30600599999999994 1.124841
v -2.078932 -2.097642 2.016589
v -1.939029 -1.9802489999999997 2.016589
v -1.939029 -1.9802499999999998 2.635433
v -2.078932 -2.097642 3.078378
v -1.872281 -1.9237999999999997 2.830635
v -1.775338 -1.8428979999999997 2.903336
v -1.693493 -1.7742209999999998 2.903336
v -1.389896 -1.5194819999999998 3.078378
v -1.596285 -1.6931049999999999 2.830635
v -1.529802 -1.6368679999999998 2.635433
v -1.529802 -1.6368669999999998 2.016589
v -1.389899 -1.5194739999999998 2.016589
v -1.078129 1.253059 1.128565
v -1.37793 1.409542 1.128565
v -1.569735 1.041089 1.128565
v -1.174984 0.6432270000000001 1.128565
v -1.930488 1.228886 1.128565
v -1.738479 1.597731 1.128565
v -2.492333 1.991205 1.1285649999999998
v -2.857957 1.956712 1.1285649999999998
v -2.161203 -0.7958129999999999 1.128565
v -1.26439 0.08030400000000007 1.128565
v -2.492334 0.32175400000000004 1.128565
v 4.041574 -0.376174 2.3034014251122824E-17
v 3.882678 -0.041215 2.5236908913429083E-18
v 3.882679 -0.04121599999999996 0.673665
v 4.041574 -0.37617399999999995 1.312497
v 3.821084 0.08974700000000005 0.951087
v 3.75949 0.22071000000000005 1.031669
v 3.697895 0.35167300000000007 1.057413
v 3.386039 1.0128 1.312497
v 3.6363 0.48263500000000004 1.031669
v 3.574706 0.6135990000000001 0.951087
v 3.51311 0.744561 0.673665
v 3.51311 0.744562 -4.5591273503337577E-17
v 3.386039 1.0128 -6.201611390882196E-17
v 0.748516 1.357969 -8.31516194595666E-17
v 0.748823 1.168492 -7.154949938146446E-17
v 0.748608 1.168492 0.7128879999999999
v 0.748516 1.357969 0.7129759999999999
v 0.675456 1.168492 0.9104479999999999
v 0.676192 1.357969 0.9106239999999999
v 0.575519 1.168492 1.054317
v 0.576255 1.357969 1.054494
v 0.424597 1.168492 1.155614
v 0.425333 1.357969 1.155791
v 0.322097 1.168492 1.177606
v 0.322832 1.357969 1.177783
v 0.970472 -0.8396019999999998 1.738083
v 0.970473 -0.8396019999999998 1.193669
v 0.72889 -0.5516939999999999 1.193669
v 0.728889 -0.5516949999999999 1.738083
v 0.375719 -0.42315099999999994 1.193669
v 0.375372 -0.42326399999999986 1.738083
v 0.005593 -0.48841499999999993 1.193669
v 0.005871 -0.4885889999999999 1.738083
v -0.282314 -0.7299969999999999 1.193669
v -0.282202 -0.7301669999999999 1.738083
v -0.410858 -1.083168 1.193669
v -0.411064 -1.08315 1.738083
v -0.30753 -1.092208 1.546679
v -0.30753 -1.092207 1.300808
v -0.19735 -0.7894899999999999 1.300808
v -0.19735 -0.7894909999999999 1.546679
v 0.049428 -0.5824199999999999 1.300808
v 0.049428 -0.5824199999999999 1.546679
v 0.366679 -0.5264789999999999 1.300808
v 0.366679 -0.5264799999999998 1.546679
v 0.669396 -0.6366589999999999 1.300808
v 0.669396 -0.6366589999999999 1.546679
v 0.876467 -0.8834369999999999 1.300808
v 0.876467 -0.8834369999999999 1.546679
v -0.410858 -1.083167 1.546679
v -0.30753 -1.092208 1.546679
v -0.19735 -0.7894909999999999 1.546679
v -0.282315 -0.7299979999999999 1.546679
v 0.049428 -0.5824199999999999 1.546679
v 0.005593 -0.4884149999999999 1.546679
v 0.366679 -0.5264799999999998 1.546679
v 0.375719 -0.42315199999999986 1.546679
v 0.669396 -0.6366589999999999 1.546679
v 0.728889 -0.5516949999999999 1.546679
v 0.876467 -0.8834369999999999 1.546679
v 0.970472 -0.8396019999999998 1.546679
v -1.104818 1.383041 0.8900039999999999
v -1.104818 1.383042 1.014462
v -1.041627 1.618875 1.014462
v -1.041627 1.618875 0.8900039999999999
v -1.104818 1.854709 1.0144619999999998
v -1.104818 1.854709 0.8900039999999999
v -1.277461 2.027352 1.0144619999999998
v -1.277461 2.027352 0.8900039999999999
v -1.513295 2.090543 1.0144619999999998
v -1.513295 2.090543 0.8900039999999999
v -1.749129 2.027351 1.0144619999999998
v -1.749129 2.027351 0.8900039999999999
v -1.921771 1.854709 1.0144619999999998
v -1.921771 1.854709 0.8900039999999999
v -2.003467 1.901876 1.0144619999999998
v -1.921771 1.854709 1.0144619999999998
v -1.749129 2.027351 1.0144619999999998
v -1.796212 2.109122 1.0144619999999998
v -1.513295 2.090543 1.0144619999999998
v -1.51334 2.185053 1.0144619999999998
v -1.277461 2.027352 1.0144619999999998
v -1.230085 2.108956 1.0144619999999998
v -1.104818 1.854709 1.0144619999999998
v -1.023731 1.900754 1.0144619999999998
v -1.041627 1.618875 1.014462
v -0.947293 1.618876 1.014462
v -1.104818 1.383042 1.014462
v -1.023334 1.335935 1.014462
v -1.888896 -2.0689249999999997 6.058097
v -1.890311 -2.0697419999999997 5.782872
v -1.860537 -2.1808619999999994 5.782872
v -1.858904 -2.1808629999999996 6.058097
v -1.890311 -2.2919809999999994 5.782872
v -1.888896 -2.2927979999999994 6.058097
v -1.971657 -2.3733259999999996 5.782872
v -1.970839 -2.3747409999999998 6.058097
v -2.082776 -2.4030999999999993 5.782872
v -2.082776 -2.4047349999999996 6.058097
v -2.193895 -2.3733259999999996 5.782872
v -2.194712 -2.3747419999999995 6.058097
v -2.27524 -2.2919809999999994 5.782872
v -2.276655 -2.2927979999999994 6.058097
v -2.305015 -2.1808619999999994 5.782872
v -2.306648 -2.1808609999999997 6.058097
v -2.27524 -2.0697419999999997 5.782872
v -2.276656 -2.0689259999999994 6.058097
v -2.193895 -1.9883979999999997 5.782872
v -2.194712 -1.9869819999999996 6.058097
v -2.082776 -1.9586229999999996 5.782872
v -2.082776 -1.9569899999999996 6.058097
v -1.971657 -1.9883969999999995 5.782872
v -1.97084 -1.9869829999999995 6.058097
v -1.890311 -2.0697419999999997 5.782872
v -1.888896 -2.0689249999999997 6.058097
v -2.082776 -2.4746279999999996 6.058097
v -2.082776 -2.5060019999999996 5.76089
v -1.920206 -2.4624409999999997 5.76089
v -1.935805 -2.4352979999999995 6.058097
v -1.801197 -2.3434319999999995 5.76089
v -1.828368 -2.3277449999999997 6.058097
v -1.943693 -2.4216489999999995 6.148635
v -1.842012 -2.3198679999999996 6.148635
v -1.757636 -2.1808619999999994 5.76089
v -1.78901 -2.1808629999999996 6.058097
v -1.801196 -2.0182929999999994 5.76089
v -1.828942 -2.0343119999999995 6.058097
v -1.80528 -2.1808629999999996 6.147776
v -1.842458 -2.0421149999999995 6.147776
v -1.920206 -1.8992829999999996 5.76089
v -1.935893 -1.9264539999999997 6.058097
v -2.082775 -1.8557229999999996 5.76089
v -2.082776 -1.8870959999999997 6.058097
v -1.943771 -1.9400989999999996 6.148635
v -2.082776 -1.9028529999999995 6.148635
v -2.245346 -1.8992829999999996 5.76089
v -2.229659 -1.9264539999999997 6.058097
v -2.364355 -2.0182919999999998 5.76089
v -2.337184 -2.0339799999999997 6.058097
v -2.221781 -1.9400989999999996 6.148635
v -2.323539 -2.0418579999999995 6.148635
v -2.407915 -2.1808619999999994 5.76089
v -2.376541 -2.1808619999999994 6.058097
v -2.364355 -2.3434319999999995 5.76089
v -2.337184 -2.3277449999999997 6.058097
v -2.360785 -2.1808619999999994 6.148635
v -2.323539 -2.3198669999999995 6.148635
v -2.245345 -2.4624409999999997 5.76089
v -2.229659 -2.4352709999999997 6.058097
v -2.082776 -2.5060019999999996 5.76089
v -2.082776 -2.4746279999999996 6.058097
v -2.221781 -2.4216259999999994 6.148635
v -2.082776 -2.4588729999999996 6.148635
v -2.082776 -2.4510979999999996 5.385756
v -2.082776 -2.4510969999999994 5.760889
v -2.217893 -2.4148919999999996 5.760889
v -2.217893 -2.4148929999999997 5.385756
v -2.316806 -2.3159789999999996 5.760889
v -2.316806 -2.3159799999999997 5.385756
v -2.353011 -2.1808629999999996 5.760889
v -2.353011 -2.1808629999999996 5.385756
v -2.316806 -2.0457449999999997 5.760889
v -2.316806 -2.0457459999999994 5.385756
v -2.217893 -1.9468329999999996 5.760889
v -2.215069 -1.9445369999999997 4.781389
v -2.082776 -1.9106279999999995 5.760889
v -2.076856 -1.9067099999999997 4.781389
v -1.947658 -1.9468319999999995 5.760889
v -1.937112 -1.9419799999999998 4.781389
v -1.848746 -2.0457459999999994 5.760889
v -1.835482 -2.0422989999999994 4.781389
v -1.812541 -2.1808619999999994 5.760889
v -1.799706 -2.1799749999999998 4.781389
v -1.848746 -2.3159799999999997 5.760889
v -1.839985 -2.3169839999999997 4.781389
v -1.947658 -2.4148919999999996 5.760889
v -1.942668 -2.4163479999999997 4.781389
v -2.082776 -2.4510969999999994 5.760889
v -2.082776 -2.4510979999999996 5.385756
v 4.140959 -1.5874569999999997 1.872863
v 4.141043 -1.4943849999999999 1.872863
v 3.858808 -1.4187599999999998 1.872863
v 3.813097 -1.4982879999999998 1.872863
v 3.652197 -1.2121499999999998 1.872863
v 3.572001 -1.2583279999999997 1.872863
v 3.576572 -0.9299149999999999 1.872863
v 3.484265 -0.9292119999999999 1.872863
v 3.652196 -0.6476789999999999 1.872863
v 3.571529 -0.6004359999999999 1.872863
v 3.858808 -0.4410689999999999 1.872863
v 3.812682 -0.3610839999999999 1.872863
v 4.141042 -0.3654449999999999 1.872863
v 4.141044 -0.2722699999999999 1.872863
v 4.423278 -0.4410699999999999 1.872863
v 4.469988 -0.3613089999999999 1.872863
v 4.629888 -0.6476789999999999 1.872863
v 4.711084 -0.6012689999999999 1.872863
v 4.705513 -0.9299149999999999 1.872863
v 4.797793 -0.9297899999999999 1.872863
v 4.629888 -1.2121489999999997 1.872863
v 4.710529 -1.2585659999999999 1.872863
v 4.423278 -1.4187599999999998 1.872863
v 4.469318 -1.4986429999999997 1.872863
v 4.141043 -1.4943849999999999 1.872863
v 4.140959 -1.5874569999999997 1.872863
v -1.946134 1.912373 -1.1709907366129108E-16
v -1.949829 1.86444 0.8448179999999998
v -1.765934 2.048769 0.8448179999999998
v -1.751119 2.134808 -1.3071928919970814E-16
v -1.514009 2.116827 0.8448179999999998
v -1.488803 2.211906 -1.3544018014574127E-16
v -1.215989 2.13118 -1.3049713827034281E-16
v -1.262626 2.049469 0.8448179999999998
v -1.078601 1.865444 0.8448179999999998
v -1.007266 1.936118 -1.1855303557357876E-16
v -1.011029 1.612968 0.8448179999999998
v -0.935097 1.666858 -1.0206561571665795E-16
v -1.079013 1.361673 0.8448179999999998
v -1.029098 1.384742 -8.479099289724521E-17
v -1.260736 -1.7510239999999997 2.012655
v -0.334902 -0.825192 5.052843707410014E-17
v -0.340299 -0.8251469999999999 1.739057
v -0.342293 -0.8251299999999999 2.381731
v -1.261088 -1.7408829999999997 2.334547
v -1.261395 -1.7320149999999999 2.616056
v -0.348524 -0.8291539999999998 2.593889
v -1.262366 -1.7010749999999997 3.148772
v -0.366503 -0.8448439999999998 3.16901
v -1.262856 -1.6869649999999998 3.413519
v -0.376079 -0.8451539999999997 3.382818
v -0.401459 -0.8280219999999998 3.907815
v -1.263509 -1.6710299999999998 3.973987
v -2.180599 -0.8248889999999999 2.342325
v -2.186335 -0.8254249999999999 2.013036
v -1.260736 -1.7510239999999997 2.012655
v -1.261088 -1.7408829999999997 2.334547
v -2.170783 -0.8239709999999999 2.589896
v -1.261395 -1.7320149999999999 2.616056
v -2.141667 -0.8212489999999998 3.141945
v -1.262366 -1.7010749999999997 3.148772
v -1.262856 -1.6869649999999998 3.413519
v -2.129192 -0.8200819999999998 3.395042
v -2.115717 -0.8188219999999998 3.934848
v -1.263509 -1.6710299999999998 3.973987
v -1.261235 0.03913100000000021 3.378668
v -1.263296 0.033600000000000234 3.907815
v -0.401459 -0.8280219999999998 3.907815
v -0.376079 -0.8451539999999997 3.382818
v -1.258189 0.03585500000000019 3.179575
v -0.366503 -0.8448439999999998 3.16901
v -1.250882 0.03630400000000016 2.589211
v -0.348524 -0.8291539999999998 2.593889
v -0.342293 -0.8251299999999999 2.381731
v -1.252033 0.05349100000000014 2.328012
v -1.259513 0.09561600000000012 1.732045
v -0.340299 -0.8251469999999999 1.739057
v -0.334902 -0.825192 5.052843707410014E-17
v -1.260506 0.10041 -6.148339255119287E-18
v -2.284669 -1.3465429999999998 2.576463
v -2.28141 -1.3356639999999997 2.003658
v -3.657122 -1.8363839999999998 2.003658
v -3.644128 -1.8337129999999997 2.630818
v -2.289369 -1.3622359999999998 3.083383
v -3.628351 -1.8227399999999998 3.148326
v -2.292898 -1.3740189999999999 3.409724
v -3.61783 -1.8232279999999998 3.409771
v -3.593773 -1.8432949999999997 3.904019
v -2.300615 -1.3943129999999997 4.03271
v -3.585561 -1.8552069999999998 4.325303
v -2.309654 -1.3916669999999998 4.46718
v -3.593041 -1.8439069999999997 4.818769
v -2.316903 -1.3835169999999999 4.791007
v -2.324398 -1.3765129999999999 5.061374
v -3.597407 -1.8382319999999999 5.078839
v -3.605233 -1.8280569999999996 5.545112
v -3.034806 -1.6442989999999995 5.514704
v -2.621874 -1.4562509999999995 5.506041
v -2.33425 -1.3683879999999995 5.516311
v 2.079684 -2.8585219999999993 3.97104
v 2.095698 -2.8581909999999997 4.35014
v 1.035243 -3.3701689999999997 4.360868
v 1.024587 -3.3693959999999996 3.97391
v 2.077647 -2.8603589999999994 3.754133
v 1.013941 -3.3687139999999998 3.759674
v 0.991459 -3.364319 3.206711
v 2.083169 -2.866034 3.181104
v 0.990872 -3.361056 2.980358
v 2.088914 -2.867493 2.957639
v 1.003141 -3.357839 2.489252
v 2.111644 -2.866221 2.499073
v 2.123892 -2.874392 2.33352
v 1.009357 -3.360777 2.29323
v 3.10754 -2.429483 1.4446640000000002
v 3.133839 -2.435945 2.320507
v 3.133244 -2.436139 1.0006710000000003
v 1.438624 -3.232453 1.0039760000000002
v 1.028092 -3.422689 0.8250380000000003
v 1.438917 -3.233994 0.8240420000000003
v 1.024587 -3.3693959999999996 3.97391
v 1.035243 -3.3701689999999997 4.360868
v 0.5204 -2.2656379999999996 4.349949
v 0.520685 -2.2682439999999997 3.982693
v 1.013941 -3.3687139999999998 3.759674
v 0.520292 -2.2699599999999998 3.773308
v 0.516681 -2.271612 3.257402
v 0.503747 -2.263685 2.440192
v 0.991459 -3.364319 3.206711
v 0.990872 -3.361056 2.980358
v 1.003141 -3.357839 2.489252
v 1.009357 -3.360777 2.29323
v 0.504186 -2.270374 2.217763
v 0.497557 -2.281897 0.9809620000000001
v 0.903862 -3.15623 0.9774520000000002
v 0.903727 -3.157055 0.8237020000000003
v 1.028092 -3.422689 0.8250380000000003
v 2.577857 -1.3797579999999998 2.220199
v 1.643039 -1.8152169999999999 2.226577
v 1.923466 -2.425634 2.234466
v 2.283047 -2.262318 2.228895
v 3.054756 -2.411443 2.222612
v 2.394058 -2.502808 2.230028
v 2.033265 -2.663044 2.235711
v 2.109294 -2.829783 2.235558
v -2.846139 1.9619250000000001 3.29167
v -2.846978 1.9625580000000002 3.659372
v -3.827031 1.6999530000000003 3.659409
v -3.830425 1.6981760000000001 3.289387
v -2.845181 1.9609940000000001 3.076221
v -3.837722 1.6943810000000001 2.97957
v -3.867057 1.6791540000000003 2.18697
v -2.839112 1.9545820000000003 2.18697
v 1.932713 1.874335 1.5394229999999998
v 1.827718 1.187885 1.557787
v 2.705163 1.0401470000000002 2.227185
v 2.796291 1.7500500000000003 2.186292
v 2.078402 2.609582 1.5577869999999998
v 2.896153 2.460968 2.177321
v 2.203743 3.32043 1.5577869999999998
v 3.048524 3.164586 2.235764
v 3.764865 2.312214 1.5577869999999998
v 3.890206 3.023062 1.5577869999999998
v 3.048524 3.164586 2.235764
v 2.896153 2.460968 2.177321
v 3.639523 1.601366 1.557787
v 2.796291 1.7500500000000003 2.186292
v 3.514182 0.8905170000000001 1.557787
v 2.705163 1.0401470000000002 2.227185
v -3.744715 0.4721440000000002 2.70937
v -3.538672 -0.12752799999999984 2.7177
v -2.84386 0.10568800000000023 3.520655
v -3.036693 0.7156120000000002 3.47482
v -3.961928 1.0353590000000001 2.7177
v -3.26819 1.3124210000000003 3.474669
v -4.173556 1.6168030000000002 2.7177
v -3.49118 1.9127870000000002 3.496657
v -2.579464 1.5385370000000003 2.719991
v -2.791094 2.11998 2.721137
v -3.49118 1.9127870000000002 3.496657
v -3.26819 1.3124210000000003 3.474669
v -2.345461 0.9671990000000001 2.689431
v -3.036693 0.7156120000000002 3.47482
v -2.156205 0.3756490000000002 2.7177
v -2.84386 0.10568800000000023 3.520655
v -1.991148 -1.9182809999999997 2.635433
v -1.991147 -1.9182799999999998 2.016589
v -2.131051 -2.035674 2.016589
v -2.131051 -2.035674 3.078378
v -1.924399 -1.8618309999999998 2.830635
v -1.827457 -1.7809289999999998 2.903336
v -1.745611 -1.7122519999999999 2.903336
v -1.442017 -1.4575059999999997 3.078378
v -1.648404 -1.6311359999999997 2.830635
v -1.581921 -1.5748989999999998 2.635433
v -1.58192 -1.5748979999999997 2.016589
v -1.442017 -1.4575059999999997 2.016589
v -0.680364 0.9538110000000001 1.177783
v -0.680364 0.953811 -5.84040794070768E-17
v -0.375466 1.064504 1.054494
v -0.213473 1.123091 0.7129759999999999
v -0.213473 1.123091 -6.876948991506E-17
v -0.403758 1.168493 1.294471
v -0.07322 1.168492 1.054317
v 0.077701 1.168492 1.155614
v -0.403758 1.168493 0.9832629999999999
v -0.173156 1.168493 0.9104479999999999
v -0.245481 1.168493 0.7127989999999998
v -0.245533 1.168493 -0.00017700000000007155
v 3.715543 3.231174 0.9841819999999998
v 3.494704 2.968194 0.9841819999999998
v 3.494704 2.968194 1.2380409999999997
v 3.715543 3.231174 1.2380409999999997
v 3.7753 3.570283 0.9841819999999998
v 3.775299 3.570283 1.2380409999999997
v 3.657706 3.892735 0.9841819999999998
v 3.657706 3.892735 1.2380409999999997
v 3.394908 4.112382 0.9841819999999998
v 3.394908 4.112383 1.2380409999999997
v 3.056594 4.172095 0.9841819999999998
v 3.056593 4.172096 1.2380409999999997
v 2.734027 4.055186 0.9841819999999998
v 2.734027 4.055186 1.2380409999999997
v 2.513357 3.792945 0.9841819999999998
v 2.513356 3.792945 1.2380409999999997
v 2.454181 3.454191 0.9841819999999998
v 2.45418 3.45419 1.2380409999999997
v 2.571358 3.131271 0.9841819999999998
v 2.571358 3.13127 1.2380409999999997
v 2.656854 3.742171 1.1448859999999998
v 2.67382 3.819042 1.1448859999999998
v 2.671167 3.81845 0.8532619999999997
v 2.654049 3.741205 0.8532619999999997
v 2.699548 3.675596 1.1448859999999998
v 2.6966 3.674459 0.8532619999999997
v 2.77389 3.657318 0.8532619999999997
v 2.776876 3.658397 1.1448859999999998
v 2.843542 3.700624 1.1448859999999998
v 2.840647 3.699821 0.8532619999999997
v 2.860516 3.777473 1.1448859999999998
v 2.857764 3.777064 0.8532619999999997
v 2.817857 3.843967 1.1448859999999998
v 2.815218 3.843802 0.8532619999999997
v 2.740519 3.861187 1.1448859999999998
v 2.737926 3.860945 0.8532619999999997
v 2.67382 3.819042 1.1448859999999998
v 2.671167 3.81845 0.8532619999999997
v 2.447521 3.432737 -1.4479690000000003
v 2.565457 3.108708 -1.4479690000000003
v 2.565457 3.108707 0.5733819999999997
v 2.447522 3.432736 0.5733819999999997
v 2.5074 3.772322 -1.4479690000000003
v 2.5074 3.772322 0.5733809999999998
v 2.729049 4.036471 -1.4479690000000003
v 2.729049 4.036471 0.5733809999999998
v 3.053078 4.154408 -1.4479690000000003
v 3.053078 4.154408 0.5733819999999997
v 3.392663 4.094528 -1.4479690000000003
v 3.392663 4.094528 0.5733819999999997
v 3.656812 3.872879 -1.4479680000000001
v 3.656813 3.872879 0.5733819999999997
v 3.774749 3.54885 -1.4479680000000001
v 3.774749 3.54885 0.5733819999999997
v 3.714869 3.209265 0.5733819999999997
v 3.714869 3.209266 -1.4479680000000001
v 3.49322 2.945116 -1.4479690000000003
v 3.49322 2.945115 0.5733819999999997
v 3.664434 3.254726 0.8684429999999997
v 3.462613 3.014208 0.8684419999999998
v 3.462613 3.014208 0.9841809999999998
v 3.664434 3.254726 0.9841819999999998
v 3.718955 3.563931 0.8684419999999998
v 3.718955 3.563931 0.9841819999999998
v 3.61157 3.858972 0.8684429999999997
v 3.61157 3.858972 0.9841819999999998
v 3.371052 4.060791 0.8684429999999997
v 3.371052 4.060791 0.9841809999999998
v 3.061847 4.115314 0.8684429999999997
v 3.061847 4.115314 0.9841809999999998
v 2.766807 4.007929 0.8684429999999997
v 2.766807 4.007929 0.9841819999999998
v 2.564987 3.767411 0.8684419999999998
v 2.564987 3.76741 0.9841819999999998
v 2.510465 3.458206 0.8684429999999997
v 2.510465 3.458206 0.9841819999999998
v 2.61785 3.163165 0.8684419999999998
v 2.61785 3.163165 0.9841809999999998
v 3.664434 3.254726 0.9841819999999998
v 3.462613 3.014208 0.9841809999999998
v 3.543519 2.898663 0.9841819999999998
v 3.792272 3.195114 0.9841819999999998
v 3.718955 3.563931 0.9841819999999998
v 3.859472 3.576225 0.9841819999999998
v 3.61157 3.858972 0.9841819999999998
v 3.727116 3.939877 0.9841819999999998
v 3.371052 4.060791 0.9841809999999998
v 3.430664 4.18863 0.9841819999999998
v 3.061847 4.115314 0.9841809999999998
v 3.049554 4.255831 0.9841819999999998
v 2.766807 4.007929 0.9841819999999998
v 2.685902 4.123473 0.9841819999999998
v 2.564987 3.76741 0.9841819999999998
v 2.437149 3.827023 0.9841809999999998
v 2.510465 3.458206 0.9841819999999998
v 2.369947 3.445912 0.9841819999999998
v 2.61785 3.163165 0.9841809999999998
v 2.502305 3.08226 0.9841809999999998
v -4.362875 1.4095500000000003 2.452827
v -4.347031 1.3356350000000001 2.452827
v -4.253476 1.3378330000000003 2.452827
v -4.266438 1.3937660000000003 2.452827
v -4.330729 1.4418370000000003 2.452827
v -4.240076 1.4203290000000002 2.452827
v -4.156841 0.34459900000000016 2.452827
v -4.154056 0.29227800000000015 2.452827
v -4.074332 0.29313300000000014 2.452827
v -4.075883 0.3451000000000002 2.452827
v -4.163488 0.38560900000000015 2.452827
v -4.084983 0.3905540000000002 2.452827
v -4.168884 -1.5896659999999998 1.987516
v -4.084811 -1.1758979999999999 1.987516
v -4.087257 -1.1753319999999998 2.35284
v -4.168884 -1.5896659999999998 2.352771
v -4.155578 -1.9404749999999997 1.9875160000000003
v -4.155578 -1.9404739999999998 2.352771
v -3.625925 -2.99509 1.9875160000000003
v -3.625926 -2.99509 2.352771
v -0.130013 -2.498917 2.352771
v 0.559916 -2.270217 2.352771
v 0.559916 -2.270217 1.9875160000000003
v -0.130013 -2.498918 1.9875160000000003
v -0.867598 -2.96212 2.352771
v -0.867598 -2.96212 1.9875160000000003
v -1.436172 -3.590569 2.352771
v -1.436172 -3.590569 1.9875160000000003
v -2.746431 -3.680737 2.5845510000000003
v -2.647908 -3.506131 2.584551
v -2.647908 -3.506132 1.9875160000000003
v -2.746431 -3.680737 1.9875160000000003
v -2.888481 -3.803168 2.5845510000000003
v -2.88848 -3.803168 1.9875160000000003
v -3.063683 -3.870439 2.5845510000000003
v -3.063682 -3.870439 1.9875160000000003
v -3.267814 -3.874439 2.5845510000000003
v -3.267814 -3.874439 1.9875160000000003
v -3.447006 -3.808596 2.5845510000000003
v -3.447006 -3.808596 1.9875160000000003
v -3.595918 -3.684772 2.5845510000000003
v -3.595918 -3.684772 1.9875160000000003
v -3.694695 -3.514737 2.584551
v -3.694695 -3.514737 1.9875160000000003
v -3.728952 -3.326137 2.584551
v -3.728952 -3.326137 1.9875160000000003
v -3.698616 -3.129877 2.584551
v -3.698616 -3.129878 1.9875160000000003
v -3.625926 -2.99509 2.584551
v -3.625925 -2.99509 1.9875160000000003
v -4.064702 0.3440520000000002 2.352771
v -4.006832 -0.7785709999999999 2.35284
v -4.007744 -0.7778839999999999 1.987516
v -4.064702 0.34405200000000014 1.987516
v -4.253534 1.3889030000000002 2.352771
v -4.253534 1.3889030000000002 1.987516
v 2.956803 -2.110285 2.583652
v 2.877897 -2.06833 2.583652
v 2.924166 -2.076489 2.65415
v 2.83567 -2.088926 2.65415
v 2.813613 -2.130409 2.583652
v 2.820152 -2.176934 2.65415
v 2.852789 -2.210729 2.583652
v 2.899056 -2.218888 2.65415
v 2.941284 -2.198292 2.583652
v 2.888478 -2.143609 2.540082
v 2.813613 -2.130409 2.583652
v 2.877897 -2.06833 2.583652
v 2.956803 -2.110285 2.583652
v 2.956803 -2.110285 2.583652
v 2.963341 -2.15681 2.65415
v 2.956803 -2.110285 2.583652
v 2.924166 -2.076489 2.65415
v 2.888478 -2.143609 2.697719
v 2.924166 -2.076489 2.65415
v 2.820152 -2.176934 2.65415
v 2.83567 -2.088926 2.65415
v 2.924166 -2.076489 2.65415
v -0.778025 -3.120039 0.7625400000000002
v -1.341516 -3.733423 0.7625400000000002
v -1.341516 -3.733422 2.2860616510831547E-16
v -0.778024 -3.120039 0.38443600000000017
v -0.040439 -2.656837 0.7625400000000001
v -0.813778 -3.048422 0.8221240000000002
v -1.382352 -3.676871 0.8221240000000002
v -1.341516 -3.733423 0.7625400000000002
v -0.778025 -3.120039 0.7625400000000002
v -0.076192 -2.58522 0.8221240000000001
v -0.040439 -2.656837 0.7625400000000001
v -4.168884 -1.5896659999999998 2.352771
v -4.087257 -1.1753319999999998 2.35284
v -4.183391 -1.1557749999999998 2.35284
v -4.269876 -1.5872449999999998 2.352771
v -4.155578 -1.9404739999999998 2.352771
v -4.253741 -1.9645719999999998 2.352771
v -3.625926 -2.99509 2.352771
v -3.739674 -3.000383 2.352771
v -0.076192 -2.58522 2.352771
v 0.613737 -2.35652 2.352771
v 0.559916 -2.270217 2.352771
v -0.130013 -2.498917 2.352771
v -0.813778 -3.048423 2.352771
v -0.867598 -2.96212 2.352771
v -1.382352 -3.676872 2.3527710000000006
v -1.436172 -3.590569 2.352771
v -2.669546 -3.747238 2.3527710000000006
v -2.603697 -3.632086 2.3527710000000006
v -2.647908 -3.506131 2.352771
v -2.746431 -3.680737 2.3527710000000006
v -2.842878 -3.889324 2.3527710000000006
v -2.888481 -3.803168 2.3527710000000006
v -3.044323 -3.969881 2.3527710000000006
v -3.063683 -3.870439 2.3527710000000006
v -3.285186 -3.974005 2.3527710000000006
v -3.267814 -3.874439 2.3527710000000006
v -3.495964 -3.893814 2.3527710000000006
v -3.447006 -3.808596 2.3527710000000006
v -3.668614 -3.747743 2.3527710000000006
v -3.595918 -3.684772 2.3527710000000006
v -3.785818 -3.550097 2.352771
v -3.694695 -3.514737 2.352771
v -3.826716 -3.327169 2.352771
v -3.728952 -3.326137 2.352771
v -3.793784 -3.096802 2.352771
v -3.698616 -3.129877 2.352771
v -3.739674 -3.000383 2.352771
v -3.625926 -2.99509 2.352771
v -4.165693 0.34647200000000017 2.352771
v -4.105175 -0.7830829999999999 2.35284
v -4.006832 -0.7785709999999999 2.35284
v -4.064702 0.3440520000000002 2.352771
v -4.373757 1.4122880000000002 2.352771
v -4.253534 1.3889030000000002 2.352771
v 3.996845 -2.344866 1.4662810000000002
v 4.3176 -1.469561 1.466281
v 4.317601 -1.46956 0.9799940000000001
v 4.011349 -2.3459 0.9799940000000001
v 3.921673 -2.742518 1.4662810000000002
v 3.936037 -2.743543 0.9799940000000003
v 3.978013 -3.04649 1.4662810000000002
v 3.988219 -3.048048 0.9799940000000003
v 3.98386 -3.221735 1.4662810000000002
v 3.989961 -3.226064 0.9799940000000003
v 3.9088 -3.417812 1.4662810000000002
v 3.913103 -3.425903 0.9799940000000003
v 3.818371 -3.543565 1.4662810000000002
v 3.8233 -3.552861 0.9799940000000003
v 3.666451 -3.652648 1.4662810000000002
v 3.671418 -3.662018 0.9799940000000003
v 3.508997 -3.697184 1.4662810000000002
v 3.513651 -3.706769 0.9799940000000003
v 3.322958 -3.696703 1.4662810000000002
v 3.325434 -3.70644 0.9799940000000003
v 3.115916 -3.624417 1.4662810000000002
v 3.114284 -3.631801 0.9799940000000003
v 2.953639 -3.48528 1.4662810000000002
v 2.949822 -3.48982 0.9799940000000003
v 2.795319 -3.299878 1.4662810000000002
v 2.791465 -3.304136 0.9799940000000003
v 4.076801 -2.364683 1.2346280000000003
v 4.415301 -1.439086 1.234628
v 4.3176 -1.469561 1.234628
v 3.996845 -2.344866 1.2346280000000003
v 4.005682 -2.734103 1.2346280000000003
v 3.921673 -2.742518 1.2346280000000003
v 4.059941 -3.036462 1.2346280000000003
v 3.978013 -3.04649 1.2346280000000003
v 4.066527 -3.22377 1.2346280000000003
v 3.98386 -3.221735 1.2346280000000003
v 3.990243 -3.441736 1.2346280000000003
v 3.9088 -3.417812 1.2346280000000003
v 3.872423 -3.607504 1.2346280000000003
v 3.818371 -3.543565 1.2346280000000003
v 3.696442 -3.729291 1.2346280000000003
v 3.666451 -3.652648 1.2346280000000003
v 3.511956 -3.782172 1.2346280000000003
v 3.508997 -3.697184 1.2346280000000003
v 3.299619 -3.777101 1.2346280000000003
v 3.322958 -3.696703 1.2346280000000003
v 3.084255 -3.70294 1.2346280000000003
v 3.115916 -3.624417 1.2346280000000003
v 2.907288 -3.559572 1.2346280000000003
v 2.953639 -3.48528 1.2346280000000003
v 2.765986 -3.391085 1.2346280000000003
v 2.795319 -3.299878 1.2346280000000003
v 2.310249 -3.462717 1.2346280000000003
v 2.315043 -3.378835 1.2346280000000003
v 1.399451 -3.23052 1.2346280000000003
v 1.422529 -3.15085 1.2346280000000003
v 4.141043 -1.515884 1.637704
v 3.848058 -1.437379 1.637704
v 3.866355 -1.438685 8.80940490115655E-17
v 4.176013 -1.518381 9.297402157680787E-17
v 4.434027 -1.437379 1.637704
v 4.447248 -1.438322 8.807182167216097E-17
v 4.648507 -1.222899 1.637704
v 4.648507 -1.222899 7.488096730152496E-17
v 4.727012 -0.929914 5.694081017911559E-17
v 4.727012 -0.9299139999999999 1.637704
v 4.648507 -0.6369299999999999 1.637704
v 4.648507 -0.63693 3.9000714289046184E-17
v 4.434027 -0.422451 2.5867663247329927E-17
v 4.434027 -0.4224509999999999 1.637704
v 4.141042 -0.3439449999999999 1.637704
v 4.141042 -0.343945 2.106055716663682E-17
v 3.848058 -0.42245 2.5867602014989967E-17
v 3.848058 -0.4224499999999999 1.637704
v 3.83456 -0.435948 2.6694116139734518E-17
v 3.647076 -0.623432 3.8174200164301633E-17
v 3.633578 -0.636929 3.9000653056706227E-17
v 3.633578 -0.6369289999999999 1.637704
v 3.555073 -0.929915 5.694087141145556E-17
v 3.555073 -0.9299149999999999 1.637704
v 3.633578 -1.222899 1.637704
v 3.633578 -1.222899 7.488096730152496E-17
v 3.866355 -1.438685 8.80940490115655E-17
v 3.848058 -1.437379 1.637704
v 3.956444 1.429986 0.7647449999999999
v 3.956444 1.429986 -8.756138888627635E-17
v 4.095425 2.218185 -1.358246580083336E-16
v 4.095425 2.218185 0.7647449999999999
v 4.025936 1.824085 1.2598399999999998
v -3.659276 3.203162 0.5626039999999998
v -3.437307 2.886158 0.5626039999999998
v -3.437307 2.886158 1.1840509999999997
v -3.659276 3.203162 1.1840509999999997
v -3.693003 3.588679 0.5626039999999998
v -3.693003 3.588679 1.1840509999999997
v -3.529454 3.939411 0.5626039999999998
v -3.529454 3.939411 1.1840509999999997
v -3.212451 4.16138 0.5626039999999998
v -3.212451 4.16138 1.1840509999999997
v -2.826934 4.195108 0.5626039999999998
v -2.826933 4.195107 1.1840509999999997
v -2.476201 4.031559 0.5626039999999998
v -2.476201 4.031559 1.1840509999999997
v -2.254233 3.714555 0.5626039999999998
v -2.254233 3.714556 1.1840509999999997
v -2.220505 3.329038 0.5626039999999998
v -2.220504 3.329038 1.1840509999999997
v -2.384054 2.978305 0.5626039999999998
v -2.384053 2.978305 1.1840509999999997
v 3.700342 -1.50887 1.155363
v 3.881301 -1.42775 1.155363
v 3.828297 -1.396784 1.155363
v 3.727697 -1.443695 1.155363
v 3.680265 -1.465813 1.155363
v 0.894173 1.064502 1.054494
v 1.199071 0.953808 -5.840389571005693E-17
v 1.199071 0.9538080000000001 1.177783
v 0.732181 1.12309 0.7129759999999999
v 0.732181 1.12309 -6.876942868272004E-17
v -1.924665 -1.8620459999999999 2.830635
v -1.827457 -1.7809279999999998 2.903336
v -1.775338 -1.8428979999999997 2.903336
v -1.872281 -1.9237999999999997 2.830635
v -1.991148 -1.9182809999999997 2.635433
v -1.939029 -1.9802499999999998 2.635433
v -1.991148 -1.9182809999999997 2.016589
v -1.939029 -1.9802489999999997 2.016589
v 3.603338 0.14623000000000005 1.031669
v 3.541714 0.27717800000000004 1.057414
v 3.697895 0.35167300000000007 1.057413
v 3.75949 0.22071000000000005 1.031669
v 3.664963 0.015281000000000058 0.951087
v 3.821084 0.08974700000000005 0.951087
v 3.726587 -0.11566799999999997 0.673665
v 3.882679 -0.04121599999999996 0.673665
v 3.726586 -0.115667 7.082561065848845E-18
v 3.882678 -0.041215 2.5236908913429083E-18
v -0.947293 1.618875 1.18535
v -1.023334 1.335935 1.18535
v -1.023334 1.335935 0.8352189999999999
v -0.947293 1.618875 0.8352189999999999
v -1.023732 1.900753 1.1853499999999997
v -1.023731 1.900753 0.8352189999999999
v -1.230085 2.108956 1.1853499999999997
v -1.230085 2.108956 0.8352189999999999
v -1.51334 2.185053 1.1853499999999997
v -1.51334 2.185053 0.8352189999999999
v -1.796212 2.109122 1.1853499999999997
v -1.796212 2.109122 0.8352189999999999
v -2.003467 1.901876 1.1853499999999997
v -2.003467 1.901876 0.8352189999999999
v 3.484265 -0.9292119999999999 1.637704
v 3.572001 -1.258328 1.637704
v 3.572001 -1.2583279999999997 2.037619
v 3.484265 -0.9292119999999999 2.037619
v 3.571529 -0.6004359999999999 1.637704
v 3.571529 -0.6004359999999999 2.037619
v 3.812682 -0.3610839999999999 1.637704
v 3.812682 -0.3610839999999999 2.037619
v 4.141044 -0.2722699999999999 1.637704
v 4.141044 -0.2722699999999999 2.037619
v 4.469988 -0.3613089999999999 1.637704
v 4.469988 -0.3613089999999999 2.037619
v 4.711084 -0.6012689999999999 1.637704
v 4.711084 -0.6012689999999999 2.037619
v 4.797793 -0.9297899999999999 1.637704
v 4.797793 -0.9297899999999999 2.037619
v 4.710529 -1.258566 1.637704
v 4.710529 -1.2585659999999999 2.037619
v 4.469318 -1.498643 1.637704
v 4.469318 -1.4986429999999997 2.037619
v 4.140959 -1.587457 1.637704
v 4.140959 -1.5874569999999997 2.037619
v 3.813097 -1.498288 1.637704
v 3.813097 -1.4982879999999998 2.037619
v 3.572001 -1.258328 1.637704
v 3.572001 -1.2583279999999997 2.037619
v 3.075181 -3.637857 1.0056040000000002
v 3.442019 -3.74274 1.0056040000000002
v 3.855422 -3.56952 1.0056040000000002
v 4.031057 -3.202009 1.0056040000000002
v 2.795695 -3.30797 1.0056040000000002
v 3.931526 -2.741723 1.0056040000000002
v 4.307798 -1.460851 1.005604
v 3.826861 -1.397454 1.005604
v 3.294059 -1.645903 1.005023
v 2.532682 -1.4798 1.004733
v 3.103917 -1.295324 1.005604
v 2.293153 -3.381609 1.0056040000000002
v 1.229023 -3.142231 1.0056040000000002
v -0.831639 -3.032167 0.4283540000000002
v -1.740259 -3.787443 2.3191399734515245E-16
v -0.74624 -4.039437 2.473441796203694E-16
v -0.354463 -3.703818 0.42835400000000023
v -0.088625 -2.573236 0.9846640000000001
v 0.340836 -3.324046 0.9846640000000002
v 0.619386 -2.342829 0.9846640000000001
v 0.933534 -3.053118 0.9846640000000002
v -0.319066 -3.724917 0.9221990000000002
v -0.74995 -4.090335 0.41305600000000026
v -0.74995 -4.090335 2.504607832595194E-16
v -0.319066 -3.724917 2.280853840569781E-16
v 0.335737 -3.347841 1.4157870000000001
v 0.335737 -3.347841 2.049961382352137E-16
v 0.966219 -3.147388 1.9272193199373947E-16
v 0.966219 -3.147388 1.4157870000000001
v -0.355075 -3.625983 0.9221990000000002
v -0.830602 -4.022661 0.4130560000000002
v -0.74995 -4.090335 0.41305600000000026
v -0.319066 -3.724917 0.9221990000000002
v 0.299728 -3.248907 1.4157870000000001
v 0.335737 -3.347841 1.4157870000000001
v -3.133732 -3.1232069999999994 5.106754
v -3.141173 -3.1146059999999998 5.540227
v -3.605233 -1.8280569999999996 5.545112
v -3.597407 -1.8382319999999999 5.078839
v -3.593041 -1.8439069999999997 4.818769
v -3.127951 -3.1298569999999994 4.873425
v -3.585561 -1.8552069999999998 4.325303
v -3.118725 -3.1448899999999997 4.241567
v -3.120037 -3.1527109999999996 4.00407
v -3.593773 -1.8432949999999997 3.904019
v -3.133582 -3.175079 3.421535
v -3.61783 -1.8232279999999998 3.409771
v -3.139336 -3.184246 3.174282
v -3.628351 -1.8227399999999998 3.148326
v -3.644128 -1.8337129999999997 2.630818
v -3.150886 -3.202645 2.584774
v -3.157094 -3.212533 2.003658
v -3.657122 -1.8363839999999998 2.003658
v 1.611727 -1.7614949999999998 2.393378
v 1.170618 -1.9672659999999997 2.391886
v 0.516681 -2.271612 3.257402
v 1.605229 -1.7581289999999998 3.233783
v 1.601372 -1.7561319999999998 3.732548
v 0.520292 -2.2699599999999998 3.773308
v 1.599982 -1.7545769999999998 3.961401
v 0.520685 -2.2682439999999997 3.982693
v 0.5204 -2.2656379999999996 4.349949
v 1.598886 -1.7530929999999998 4.329624
v 1.598886 -1.7530929999999998 4.329624
v 2.095698 -2.8581909999999997 4.35014
v 2.079684 -2.8585219999999993 3.97104
v 1.599982 -1.7545769999999998 3.961401
v 1.601372 -1.7561319999999998 3.732548
v 2.077647 -2.8603589999999994 3.754133
v 1.605229 -1.7581289999999998 3.233783
v 2.083169 -2.866034 3.181104
v 2.088914 -2.867493 2.957639
v 1.611727 -1.7614949999999998 2.393378
v 2.111644 -2.866221 2.499073
v 2.12998 -2.878692 1.8734770000000003
v 2.123892 -2.874392 2.33352
v 1.61257 -1.7609499999999998 1.873417
v -2.603697 -3.632086 2.224011247063957E-16
v -2.603697 -3.632086 2.5521090000000006
v -2.669546 -3.747238 2.5521090000000006
v -2.669546 -3.747238 2.294521511171665E-16
v -2.842877 -3.889323 2.3815234814000907E-16
v -2.842878 -3.889324 2.5521090000000006
v -3.044322 -3.969881 2.430851029822947E-16
v -3.044323 -3.969881 2.5521090000000006
v -3.285185 -3.974005 2.4333762515227886E-16
v -3.285186 -3.974005 2.5521090000000006
v -3.495964 -3.893814 2.384273425787576E-16
v -3.495964 -3.893814 2.5521090000000006
v -3.668613 -3.747743 2.2948307344884493E-16
v -3.668614 -3.747743 2.5521090000000006
v -3.785818 -3.550097 2.1738074638563106E-16
v -3.785818 -3.550097 2.552109
v -3.826716 -3.327169 2.03730343303615E-16
v -3.826716 -3.327169 2.552109
v -3.793784 -3.096802 1.8962443284465607E-16
v -3.793784 -3.096802 2.552109
v -3.739674 -3.000383 2.552109
v -3.739674 -3.000383 1.8372047185830664E-16
v 1.062361 -0.682941 -0.009575999999999958
v 1.087024 -0.703259 0.23659700000000006
v 1.188014 -0.717843 0.23659700000000006
v 1.214487 -0.669631 -0.009575999999999958
v 1.087024 -0.703259 0.23659700000000006
v 1.101622 -0.79591 0.23034300000000005
v 1.194764 -0.79324 0.23659700000000006
v 1.085288 -3.561053 -0.006145999999999783
v 1.061451 -3.557071 0.18003300000000022
v 0.989791 -3.585708 0.18003300000000022
v 0.990683 -3.627296 -0.006145999999999778
v 1.061451 -3.557071 0.18003300000000022
v 1.016854 -3.501908 0.1753030000000002
v 0.956858 -3.538878 0.18003300000000022
v -4.461709 -2.108852 -0.006145999999999871
v -4.451693 -2.086858 0.18003300000000014
v -4.460808 -2.010228 0.1800330000000001
v -4.501209 -2.000326 -0.006145999999999878
v -4.451693 -2.086858 0.18003300000000014
v -4.386867 -2.058059 0.17530300000000013
v -4.40705 -1.990538 0.1800330000000001
v -2.119716 2.367126 -0.006146000000000145
v -2.123473 2.343252 0.18003299999999986
v -2.094163 2.271865 0.18003299999999986
v -2.052585 2.273148 -0.006146000000000139
v -2.123473 2.343252 0.18003299999999986
v -2.178214 2.298139 0.17530299999999985
v -2.140682 2.238493 0.18003299999999986
v 2.416127 -1.4937879999999997 2.309743
v 2.449523 -1.5264509999999998 2.472887
v 2.56081 -1.5252149999999998 2.472887
v 2.593472 -1.4918189999999998 2.309743
v 2.577559 -1.5080889999999998 2.217514
v 2.432398 -1.5097009999999997 2.217514
v 2.418097 -1.6711339999999997 2.309743
v 2.450759 -1.6377359999999999 2.472887
v 2.449523 -1.5264509999999998 2.472887
v 2.416127 -1.4937879999999997 2.309743
v 2.432398 -1.5097009999999997 2.217514
v 2.43401 -1.6548629999999998 2.217514
v 2.595442 -1.6691639999999999 2.309743
v 2.562045 -1.6365009999999998 2.472887
v 2.450759 -1.6377359999999999 2.472887
v 2.418097 -1.6711339999999997 2.309743
v 2.43401 -1.6548629999999998 2.217514
v 2.579171 -1.6532509999999998 2.217514
v 2.593472 -1.4918189999999998 2.309743
v 2.56081 -1.5252149999999998 2.472887
v 2.562045 -1.6365009999999998 2.472887
v 2.595442 -1.6691639999999999 2.309743
v 2.579171 -1.6532509999999998 2.217514
v 2.577559 -1.5080889999999998 2.217514
v 3.6363 0.48263500000000004 1.031669
v 3.697895 0.35167300000000007 1.057413
v 3.541714 0.27717800000000004 1.057414
v 3.48009 0.4081270000000001 1.031669
v 3.418466 0.5390760000000001 0.951087
v 3.574706 0.6135990000000001 0.951087
v 3.356841 0.670024 0.673665
v 3.51311 0.744561 0.673665
v 3.51311 0.744562 -4.5591273503337577E-17
v 3.35684 0.670025 -4.102719857993527E-17
v -4.519842 0.342576 -0.006146000000000021
v -4.504475 0.361229 0.18003299999999997
v -4.493446 0.437607 0.18003299999999997
v -4.529908 0.457628 -0.006146000000000028
v -4.504475 0.361229 0.18003299999999997
v -4.434404 0.372268 0.17530299999999996
v -4.436423 0.442711 0.18003299999999997
v 0.174774 -2.066069 3.248391
v 0.207876 -2.096663 3.411534
v 0.318876 -2.093367 3.411534
v 0.351604 -2.060439 3.248391
v 0.335686 -2.076682 3.156161
v 0.190931 -2.081198 3.156161
v 0.176043 -2.238456 3.248391
v 0.208713 -2.205094 3.411534
v 0.207876 -2.096663 3.411534
v 0.174774 -2.066069 3.248391
v 0.190931 -2.081198 3.156161
v 0.191983 -2.222382 3.156161
v 0.353108 -2.234314 3.248391
v 0.319804 -2.202378 3.411534
v 0.208713 -2.205094 3.411534
v 0.176043 -2.238456 3.248391
v 0.191983 -2.222382 3.156161
v 0.336896 -2.218866 3.156161
v 0.351604 -2.060439 3.248391
v 0.318876 -2.093367 3.411534
v 0.319804 -2.202378 3.411534
v 0.353108 -2.234314 3.248391
v 0.336896 -2.218866 3.156161
v 0.335686 -2.076682 3.156161
v -4.277316 -1.17601 0.7625400000000001
v -4.279786 -1.176926 7.206593293666488E-17
v -4.42532 -1.637819 1.0028748979663594E-16
v -4.365171 -1.607703 0.7625400000000001
v -4.355553 -1.988293 0.7625400000000001
v -4.445451 -2.033304 1.245039617646755E-16
v -3.793784 -3.096802 1.8962443284465607E-16
v -3.793784 -3.096802 0.7625400000000002
v -4.164901 0.3464730000000001 1.549667
v -4.10569 -0.7823959999999999 1.552585
v -4.105175 -0.7830829999999999 2.35284
v -4.165693 0.34647200000000017 2.352771
v -4.373828 1.412336 0.8221239999999999
v -4.373757 1.4122880000000002 2.352771
v -4.165273 0.34647200000000006 0.822124
v -4.254043 -1.964724 0.8221240000000001
v -3.739674 -3.000383 0.8221240000000002
v -3.739674 -3.000383 2.352771
v -4.253741 -1.9645719999999998 2.352771
v -4.269876 -1.5872449999999998 2.352771
v -4.269876 -1.587246 0.8221240000000001
v -4.182026 -1.155581 0.8221240000000001
v -4.182096 -1.155924 1.555502
v -4.183391 -1.1557749999999998 2.35284
v -3.121553 3.009722 2.134105
v -3.121581 3.009715 2.18697
v -2.553697 3.100522 1.8750519999999997
v -3.127031 3.050737 0.7918629999999998
v -2.201391 3.131105 -1.9172488580221365E-16
v -2.201391 3.131105 1.7219939999999998
v -3.126636 3.050993 -1.8681944058354903E-16
v 2.31375 -3.379589 1.4662810000000002
v 2.795319 -3.299878 1.4662810000000002
v 2.791465 -3.304136 0.9799940000000003
v 2.313883 -3.380117 0.9799940000000003
v 1.42253 -3.150849 0.9799940000000003
v 1.422529 -3.15085 1.4662810000000002
v 0.669396 -0.6366589999999999 1.300808
v 0.366679 -0.5264789999999999 1.300808
v 0.049428 -0.5824199999999999 1.300808
v 0.876467 -0.8834369999999999 1.300808
v -0.30753 -1.092207 1.300808
v -0.19735 -0.7894899999999999 1.300808
v -0.25159 -1.409459 1.300808
v -1.041627 1.618875 0.8900039999999999
v -1.104818 1.854709 0.8900039999999999
v -1.277461 2.027352 0.8900039999999999
v -1.104818 1.383041 0.8900039999999999
v -1.749129 2.027351 0.8900039999999999
v -1.513295 2.090543 0.8900039999999999
v -1.921771 1.854709 0.8900039999999999
v 2.764649 -3.392563 1.0757970000000001
v 2.730894 -3.467099 2.1229858463384947E-16
v 2.885857 -3.66136 2.2419364022630766E-16
v 2.90601 -3.560984 1.0774500000000002
v 2.765986 -3.391085 1.4338390000000003
v 3.083708 -3.827133 2.3434430891806035E-16
v 2.907288 -3.559572 1.4338390000000003
v 3.083401 -3.704269 1.0791450000000002
v 3.084255 -3.70294 1.4338390000000003
v 3.300514 -3.779327 1.0795780000000001
v 3.299619 -3.777101 1.4338390000000003
v 3.325306 -3.912445 2.395681623045033E-16
v 3.511956 -3.782172 1.4338390000000003
v 3.513837 -3.78572 1.0681410000000002
v 3.559258 -3.916215 2.3979900822614257E-16
v 3.760755 -3.857123 2.3618066679338184E-16
v 3.698023 -3.732274 1.0791480000000002
v 3.696442 -3.729291 1.4338390000000003
v 3.87389 -3.61027 1.0836180000000002
v 3.964121 -3.732254 2.2853464573524527E-16
v 3.872423 -3.607504 1.4338390000000003
v 4.11167 -3.558038 2.178669923972325E-16
v 3.990243 -3.441736 1.4338390000000003
v 3.991439 -3.443994 1.0757620000000003
v 4.066796 -3.224061 1.0783070000000001
v 4.222714 -3.318142 2.0317759897081984E-16
v 4.066527 -3.22377 1.4338390000000003
v 4.062 -3.036608 1.0817310000000002
v 4.059941 -3.036462 1.4338390000000003
v 4.24039 -3.107732 1.902937023203901E-16
v 4.005682 -2.734103 1.4338390000000003
v 4.011042 -2.734485 1.0699910000000001
v 4.191919 -2.766589 1.6940471817031386E-16
v 4.250444 -2.377084 1.4555441559521935E-16
v 4.081052 -2.364986 1.0844380000000002
v 4.429539 -1.440102 8.818081523728508E-17
v 4.076801 -2.364683 1.4338390000000003
v 4.415301 -1.439086 1.074051
v 4.415301 -1.439086 1.433839
v 1.945255 -1.131315 1.437
v 1.808228 -0.8382979999999999 1.437
v 1.863934 -1.169269 1.439417
v 1.595682 -1.857035 1.4398810000000002
v 2.031428 -1.646544 1.440356
v 1.233025 -1.099194 1.439846
v 2.612011 -3.233557 1.2651530000000002
v 2.612051 -3.269258 1.3271020000000002
v 2.612011 -3.161961 1.2651520000000003
v 2.612192 -3.161599 1.3890520000000002
v 2.612051 -3.126069 1.3271020000000002
v 2.612191 -3.233187 1.3890520000000002
v -2.214097 2.013247 -1.2327582472215056E-16
v -1.606937 1.698002 0.8891429999999999
v -1.606937 1.698002 0.8891429999999999
v -2.214097 2.013247 1.5819989999999997
v -1.606937 1.698002 1.451169
v -0.950723 1.35797 1.582353
v -1.392112 1.58689 1.451169
v -0.950587 1.35797 -8.315168069190656E-17
v -1.606937 1.698002 0.8891429999999999
v -1.392112 1.58689 0.8891429999999999
v -1.392112 1.58689 0.8891429999999999
v -3.654888 -3.702216 2.0227210000000007
v -3.266303 -3.906564 2.0227210000000007
v -2.817043 -3.829776 2.0227210000000007
v -3.649141 -2.976111 2.022721
v -3.812446 -3.315823 2.022721
v -2.618903 -3.544888 2.022721
v -4.164259 -1.9673359999999998 2.022721
v -2.103785 -3.845373 2.0227210000000007
v -1.374033 -3.620009 2.022721
v -0.848183 -2.986843 2.022721
v -0.279406 -1.4307539999999999 2.022156
v 0.171323 -2.439529 2.022721
v -0.665745 -1.1302679999999998 2.022721
v -0.430812 -1.1227469999999997 2.027324
v -2.121338 -0.7943299999999999 2.022721
v -4.196454 -1.5809969999999998 2.022721
v -4.084812 -1.1758979999999999 1.987516
v -4.007744 -0.7778839999999999 1.987516
v -3.455971 -0.014177999999999876 2.022721
v -2.479392 0.3292350000000001 2.022721
v -4.078406 0.3506980000000001 2.022721
v -4.260746 1.3914800000000003 2.022721
v -4.056943 1.6063000000000003 2.022721
v 0.180202 1.168492 1.177606
v 0.322097 1.168492 1.177606
v 1.708801 1.168491 1.581999
v 0.424597 1.168492 1.155614
v 0.99592 1.168492 1.294471
v 0.575519 1.168492 1.054317
v 1.091372 1.168492 1.294471
v 0.99592 1.168492 0.9832629999999999
v 1.091335 1.168492 0.9832629999999999
v 0.675456 1.168492 0.9104479999999999
v 1.707843 1.168491 -0.00035400000000007154
v 0.748608 1.168492 0.7128879999999999
v 0.747045 1.168492 -0.00035400000000007154
v 2.764649 -3.392563 1.0757970000000001
v 2.765986 -3.391085 1.4338390000000003
v 2.310286 -3.462624 1.4338390000000003
v 2.310188 -3.462784 1.0760780000000003
v 1.399451 -3.23052 1.4338390000000003
v 1.399451 -3.23052 1.0777210000000002
v 2.278517 -3.497788 2.141777439148011E-16
v 2.730894 -3.467099 2.1229858463384947E-16
v 1.399452 -3.230519 1.9781223764673542E-16
v 2.843542 3.700624 1.1448859999999998
v 2.860516 3.777473 1.1448859999999998
v 2.776876 3.658397 1.1448859999999998
v 2.656854 3.742171 1.1448859999999998
v 2.699548 3.675596 1.1448859999999998
v 2.740519 3.861187 1.1448859999999998
v 2.67382 3.819042 1.1448859999999998
v 2.817857 3.843967 1.1448859999999998
v 2.510465 3.458206 0.8684429999999997
v 2.61785 3.163165 0.8684419999999998
v 3.462613 3.014208 0.8684419999999998
v 2.766807 4.007929 0.8684429999999997
v 2.564987 3.767411 0.8684419999999998
v 3.664434 3.254726 0.8684429999999997
v 3.718955 3.563931 0.8684419999999998
v 3.371052 4.060791 0.8684429999999997
v 3.61157 3.858972 0.8684429999999997
v 3.061847 4.115314 0.8684429999999997
v -2.129831 -0.06678799999999993 1.095288
v -2.193614 -0.03590799999999992 1.326942
v -2.188266 0.008487000000000081 1.344836
v -2.164482 0.03851700000000007 1.086225
v -2.143304 -0.021250999999999912 1.400524
v -2.193614 -0.03590799999999992 1.326942
v -2.09282 -0.08734599999999991 1.355923
v -2.034777 -0.11111199999999993 1.122703
v -2.074873 -0.04938099999999992 1.377439
v -1.952959 -0.06942799999999993 1.147043
v -1.952959 -0.06942799999999993 1.147043
v -1.977843 0.03131800000000007 1.142574
v -2.061102 -0.004409999999999916 1.367067
v -2.143304 -0.021250999999999912 1.400524
v -2.077959 0.08625400000000007 1.113867
v -2.161896 0.047028000000000084 1.338086
v -2.143304 -0.021250999999999912 1.400524
v -2.188266 0.008487000000000081 1.344836
v -2.164482 0.03851700000000007 1.086225
v -2.143304 -0.021250999999999912 1.400524
v -2.24586 0.013034000000000068 1.107525
v -2.240908 0.048617000000000084 1.347098
v -2.230757 0.09332800000000008 1.361848
v -2.281852 0.11827600000000008 1.106674
v -2.171711 0.06449800000000008 1.402953
v -2.240908 0.048617000000000084 1.347098
v -2.135939 -0.0026359999999999175 1.347098
v -2.146853 -0.03111499999999993 1.107525
v -2.112667 0.03566900000000008 1.361848
v -2.061569 0.010719000000000067 1.106674
v -2.061569 0.010719000000000067 1.106674
v -2.086881 0.11145400000000007 1.107525
v -2.102515 0.08037900000000009 1.347098
v -2.171711 0.06449800000000008 1.402953
v -2.191128 0.16620800000000005 1.107525
v -2.207483 0.13163100000000008 1.347098
v -2.171711 0.06449800000000008 1.402953
v -2.230757 0.09332800000000008 1.361848
v -2.281852 0.11827600000000008 1.106674
v -2.171711 0.06449800000000008 1.402953
v -1.286119 -0.27452399999999977 3.999319
v -1.263364 -0.31024299999999977 3.999319
v -1.276952 -0.23317599999999974 3.999319
v -1.199885 -0.21958699999999975 3.999319
v -1.241233 -0.21041999999999975 3.999319
v -1.186297 -0.29665399999999975 3.999319
v -1.177129 -0.25530599999999976 3.999319
v -1.222016 -0.3194099999999998 3.999319
v -1.358556 -0.3145929999999998 3.999319
v -1.398947 -0.30185699999999976 3.999319
v -1.339 -0.3521589999999998 3.999319
v -1.389302 -0.4121069999999998 3.999319
v -1.351735 -0.39255099999999976 3.999319
v -1.449249 -0.36180499999999977 3.999319
v -1.429694 -0.39937099999999975 3.999319
v -1.436514 -0.32141199999999975 3.999319
v -2.063316 -3.713898 2.1585380000000005
v -2.049483 -3.670028 2.1585380000000005
v -2.104118 -3.735138 2.1585380000000005
v -2.169228 -3.680503 2.1585380000000005
v -2.147987 -3.721306 2.1585380000000005
v -2.114594 -3.615394 2.158538
v -2.155396 -3.636633 2.1585380000000005
v -2.070723 -3.629226 2.1585380000000005
v -4.02831 -1.8746129999999999 2.158538
v -4.045912 -1.8321149999999997 2.158538
v -4.045913 -1.9171109999999998 2.158538
v -4.130909 -1.9171109999999998 2.158538
v -4.08841 -1.9347139999999998 2.158538
v -4.130908 -1.8321149999999997 2.158538
v -4.148512 -1.8746129999999999 2.158538
v -4.08841 -1.8145119999999997 2.158538
v -0.228621 -1.6017919999999999 2.30888
v -0.276549 -1.5390309999999998 2.30888
v -0.238972 -1.6799399999999998 2.30888
v -0.379555 -1.7172039999999997 2.30888
v -0.301512 -1.7277329999999997 2.30888
v -0.417094 -1.5762859999999999 2.30888
v -0.427423 -1.6544849999999998 2.30888
v -0.354615 -1.5284519999999997 2.30888
v -0.125289 -1.8073619999999997 2.30888
v -0.173162 -1.7450279999999998 2.30888
v -0.135664 -1.8852899999999997 2.30888
v -0.276202 -1.9228689999999997 2.30888
v -0.198191 -1.9331549999999997 2.30888
v -0.313667 -1.7825469999999999 2.30888
v -0.324031 -1.8604669999999999 2.30888
v -0.251185 -1.7347519999999998 2.30888
v 2.648742 -3.199935 1.2550520000000003
v 2.691036 -3.266764 1.2550520000000003
v 2.665835 -3.122584 1.2550520000000003
v 2.809103 -3.097104 1.2550520000000003
v 2.73228 -3.080009 1.2550520000000003
v 2.83426 -3.241237 1.2550520000000003
v 2.851337 -3.163867 1.2550520000000003
v 2.767875 -3.283876 1.2550520000000003
v 2.482345 -3.305413 1.2961190000000002
v 2.561368 -3.3022 1.2961190000000002
v 2.423903 -3.251935 1.2961190000000002
v 2.473471 -3.115121 1.2961190000000002
v 2.420255 -3.173104 1.2961190000000002
v 2.610872 -3.165401 1.2961190000000002
v 2.552407 -3.111927 1.2961190000000002
v 2.614606 -3.244211 1.2961190000000002
v -1.952935 -3.676923 2.2968880000000005
v -1.874555 -3.687482 2.2968880000000005
v -2.001203 -3.614109 2.296888
v -1.928631 -3.487981 2.296888
v -1.991107 -3.535842 2.296888
v -1.802048 -3.561357 2.296888
v -1.850339 -3.498543 2.296888
v -1.812056 -3.639619 2.2968880000000005
v -1.003534 0.566819 0.2904729999999999
v -1.020883 0.489657 0.2904729999999999
v -0.936752 0.609428 0.2904729999999999
v -0.817429 0.526139 0.2904729999999999
v -0.859663 0.592549 0.2904729999999999
v -0.901558 0.406433 0.290473
v -0.834774 0.449066 0.290473
v -0.97865 0.423224 0.290473
v -1.15898 0.685489 0.2904729999999999
v -1.122672 0.615227 0.2904729999999999
v -1.135211 0.761055 0.2904729999999999
v -0.990268 0.773952 0.2904729999999999
v -1.065308 0.797677 0.2904729999999999
v -0.977768 0.628175 0.2904729999999999
v -0.954013 0.703761 0.2904729999999999
v -1.047617 0.591483 0.2904729999999999
v -2.718451 1.92419 1.4169809999999998
v -2.766785 1.86159 1.4169809999999998
v -2.639919 1.934583 1.4169809999999998
v -2.566976 1.80867 1.416981
v -2.577186 1.886707 1.4169809999999998
v -2.693812 1.735734 1.416981
v -2.615268 1.746148 1.416981
v -2.756585 1.783532 1.416981
v -2.360544 -0.09212599999999993 1.107525
v -2.34372 -0.060382999999999916 1.347098
v -2.318889 -0.021839999999999915 1.361848
v -2.358371 0.019079000000000068 1.106674
v -2.273265 -0.06912599999999992 1.402953
v -2.34372 -0.060382999999999916 1.347098
v -2.262611 -0.1444459999999999 1.347098
v -2.282608 -0.16747499999999996 1.107525
v -2.227641 -0.11641099999999992 1.361848
v -2.188159 -0.15733199999999994 1.106674
v -2.188159 -0.15733199999999994 1.106674
v -2.177491 -0.05401499999999993 1.107525
v -2.20281 -0.07786999999999991 1.347098
v -2.273265 -0.06912599999999992 1.402953
v -2.256724 0.03309100000000007 1.107525
v -2.283919 0.006193000000000082 1.347098
v -2.273265 -0.06912599999999992 1.402953
v -2.318889 -0.021839999999999915 1.361848
v -2.358371 0.019079000000000068 1.106674
v -2.273265 -0.06912599999999992 1.402953
v -0.887237 0.516351 0.500043
v -0.904257 0.57054 0.500043
v -0.9138 0.46582100000000004 0.500043
v -1.01895 0.47467700000000007 0.500043
v -0.968356 0.44856000000000007 0.500043
v -1.009469 0.579388 0.500043
v -1.035983 0.528864 0.500043
v -0.9549 0.596651 0.500043
v -2.389975 0.07857100000000007 1.10692
v -2.339646 0.023307000000000085 1.337351
v -2.348295 0.057695000000000086 1.369945
v -2.470099 0.13990300000000008 1.153722
v -2.274197 0.052859000000000086 1.392154
v -2.339646 0.023307000000000085 1.337351
v -2.227111 0.040673000000000084 1.311279
v -2.285808 0.09815400000000007 1.084176
v -2.221694 0.07723200000000008 1.340613
v -2.23394 0.17634600000000006 1.099008
v -2.23394 0.17634600000000006 1.099008
v -2.302501 0.2393810000000001 1.144996
v -2.238091 0.12210000000000008 1.346743
v -2.274197 0.052859000000000086 1.392154
v -2.416077 0.22507800000000008 1.172587
v -2.350625 0.10473400000000008 1.372815
v -2.274197 0.052859000000000086 1.392154
v -2.348295 0.057695000000000086 1.369945
v -2.470099 0.13990300000000008 1.153722
v -2.274197 0.052859000000000086 1.392154
v -0.275089 -1.8580749999999997 2.515723
v -0.222685 -1.8795779999999997 2.515723
v -0.296603 -1.8060349999999998 2.515723
v -0.222045 -1.7324339999999998 2.515723
v -0.274629 -1.7540079999999998 2.515723
v -0.148111 -1.8058249999999998 2.515723
v -0.169643 -1.7538779999999998 2.515723
v -0.170083 -1.8579109999999999 2.515723
v -4.196553 0.17032800000000012 1.716305
v -4.214156 0.2128260000000001 1.716305
v -4.214156 0.1278300000000001 1.716305
v -4.299152 0.1278300000000001 1.716305
v -4.256654 0.11022700000000012 1.716305
v -4.299151 0.2128260000000001 1.716305
v -4.316755 0.17032800000000012 1.716305
v -4.256653 0.2304300000000001 1.716305
v -2.528832 3.586575 1.1448859999999998
v -2.480498 3.649175 1.1448859999999998
v -2.607365 3.576181 1.1448859999999998
v -2.680308 3.702094 1.1448859999999998
v -2.670097 3.624057 1.1448859999999998
v -2.553472 3.77503 1.1448859999999998
v -2.632016 3.764616 1.1448859999999998
v -2.490699 3.727232 1.1448859999999998
v -4.17514 -0.0386679999999999 1.716305
v -4.192743 0.003830000000000105 1.716305
v -4.192743 -0.08116499999999989 1.716305
v -4.27774 -0.08116499999999989 1.716305
v -4.235241 -0.09876899999999988 1.716305
v -4.277739 0.003830000000000105 1.716305
v -4.295342 -0.0386679999999999 1.716305
v -4.23524 0.021434000000000106 1.716305
v -3.421401 3.848743 0.8684429999999997
v -3.554093 3.564185 0.8684419999999998
v -3.164207 4.028832 0.8684429999999997
v -2.566869 3.923505 0.8684429999999997
v -2.851427 4.056197 0.8684429999999997
v -3.526728 3.251405 0.8684429999999997
v -3.34218 2.948647 0.8684419999999998
v -2.359416 3.353531 0.8684429999999997
v -2.386781 3.666312 0.8684419999999998
v -2.487649 3.023408 0.8684419999999998
v -2.201278 -1.9829169999999996 5.782873
v -2.284939 -2.0665779999999994 5.782873
v -2.086995 -1.9522949999999994 5.782873
v -1.88905 -2.0665779999999994 5.782873
v -1.972711 -1.9829169999999996 5.782873
v -1.88905 -2.2951449999999998 5.782873
v -1.858428 -2.1808619999999994 5.782873
v -2.315561 -2.1808609999999997 5.782873
v -2.284939 -2.2951449999999998 5.782873
v -2.086994 -2.4094279999999997 5.782873
v -1.972711 -2.3788059999999995 5.782873
v -2.201277 -2.3788059999999995 5.782873
v 1.671803 1.357968 -8.315155822722666E-17
v 0.748516 1.357969 -8.31516194595666E-17
v 1.092071 1.357969 0.9834399999999999
v 0.748516 1.357969 0.7129759999999999
v 1.672761 1.357968 1.582353
v 0.996656 1.357969 0.9834399999999999
v 0.676192 1.357969 0.9106239999999999
v 1.092072 1.357969 1.294648
v 0.576255 1.357969 1.054494
v 0.996656 1.357969 1.294648
v 0.425333 1.357969 1.155791
v 0.322832 1.357969 1.177783
v 0.180938 1.35797 1.177783
v -0.950723 1.35797 1.582353
v 0.078437 1.357969 1.155791
v -0.403022 1.35797 1.294648
v -0.072484 1.357969 1.054494
v -0.497768 1.35797 1.294648
v -0.497768 1.35797 0.9834399999999999
v -0.403022 1.35797 0.9834399999999999
v -0.950587 1.35797 -8.315168069190656E-17
v -0.172421 1.35797 0.9106239999999999
v -0.244746 1.35797 -8.315168069190656E-17
v -0.244746 1.35797 0.7129759999999999
v -3.034806 -1.6442989999999995 5.514704
v -3.032481 -1.7062129999999995 5.515963
v -2.608307 -1.5142929999999994 5.506859
v -3.529491 -1.8633809999999995 5.545112
v -2.621874 -1.4562509999999995 5.506041
v -3.605233 -1.8280569999999996 5.545112
v -2.373679 -1.4423259999999996 5.514728
v -3.141173 -3.1146059999999998 5.540227
v -2.33425 -1.3683879999999995 5.516311
v -3.107023 -3.0352419999999998 5.540765
v -1.947134 -2.6222599999999994 5.516221
v -1.86853 -2.6583309999999996 5.514308
v 0.202034 -2.360644 3.26475
v 0.505149 -2.294859 3.26475
v 1.188841 -1.9762729999999997 3.26475
v 0.168319 -2.452152 3.26475
v 1.096536 -1.9435289999999998 3.26475
v -0.211056 -1.4938699999999998 3.26475
v 0.717075 -0.9843639999999998 3.26475
v -0.303447 -1.4602419999999998 3.26475
v 0.683446 -1.0767559999999998 3.26475
v 1.568726 -1.8347739999999997 4.329436
v 1.598886 -1.7530929999999998 4.329624
v 0.5204 -2.2656379999999996 4.349949
v 2.095698 -2.8581909999999997 4.35014
v 0.602044 -2.2942849999999995 4.347863
v 2.017941 -2.8287039999999997 4.34817
v 1.035243 -3.3701689999999997 4.360868
v 1.06536 -3.2883299999999998 4.360489
v -0.950893 1.170672 -0.00035400000000007165
v -1.468458 1.440099 0.8896849999999998
v -1.468458 1.440099 0.8896849999999998
v -1.468458 1.4401 1.451169
v -2.497558 1.975816 -1.2098383700520634E-16
v -0.951025 1.17074 1.581999
v -1.68299 1.551778 0.8896849999999998
v -1.68299 1.551778 1.451169
v -2.497561 1.975818 1.5819989999999997
v -3.143441 2.9034350000000004 3.637829
v -3.102619 2.9672400000000003 3.63751
v -4.096235 2.7046350000000006 3.659342
v -4.031815 2.6681530000000007 3.659157
v -2.911398 1.9990400000000002 3.659253
v -3.827031 1.6999530000000003 3.659409
v -2.846978 1.9625580000000002 3.659372
v -3.789483 1.7637580000000002 3.659409
v -1.263291 -0.04262599999999976 3.908213
v -1.263296 0.033600000000000234 3.907815
v -2.115717 -0.8188219999999998 3.934848
v -2.039492 -0.8188279999999998 3.934848
v -0.479723 -0.8262909999999998 3.908234
v -1.263509 -1.6710299999999998 3.973987
v -0.401459 -0.8280219999999998 3.907815
v -1.263515 -1.5948049999999998 3.974572
vt 0.170317 0.283729
vt 0.188507 0.262493
vt 0.188507 0.282898
vt 0.180357 0.286955
vt 0.179518 0.305496
vt 0.158728 0.305496
vt 0.337581 0.358437
vt 0.337581 0.392301
vt 0.335252 0.387393
vt 0.335252 0.387393
vt 0.335252 0.355984
vt 0.337581 0.358437
vt 0.408310 0.387393
vt 0.405822 0.392301
vt 0.405822 0.363824
vt 0.405822 0.363824
vt 0.408310 0.361370
vt 0.408310 0.387393
vt 0.762334 0.840176
vt 0.776435 0.894864
vt 0.776435 0.833782
vt 0.754875 0.857886
vt 0.776435 0.894864
vt 0.762334 0.840176
vt 0.754850 0.894864
vt 0.776435 0.894864
vt 0.754875 0.857886
vt 0.891259 0.894303
vt 0.899414 0.806429
vt 0.867229 0.806410
vt 0.867229 0.806410
vt 0.867182 0.894303
vt 0.891259 0.894303
vt 0.770200 0.830104
vt 0.710161 0.806410
vt 0.742113 0.822391
vt 0.710161 0.806410
vt 0.736585 0.822391
vt 0.742113 0.822391
vt 0.751346 0.894303
vt 0.742113 0.839677
vt 0.710169 0.894303
vt 0.742113 0.839677
vt 0.736586 0.839677
vt 0.710169 0.894303
vt 0.592543 0.627945
vt 0.596032 0.623252
vt 0.605076 0.623252
vt 0.605076 0.623252
vt 0.605996 0.627945
vt 0.592543 0.627945
vt 0.579773 0.627945
vt 0.580769 0.623252
vt 0.591554 0.623252
vt 0.591554 0.623252
vt 0.592543 0.627945
vt 0.579773 0.627945
vt 0.566831 0.627945
vt 0.567834 0.623252
vt 0.578905 0.623252
vt 0.578905 0.623252
vt 0.579775 0.627945
vt 0.566831 0.627945
vt 0.554081 0.627945
vt 0.555079 0.623252
vt 0.565948 0.623252
vt 0.565948 0.623252
vt 0.566845 0.627945
vt 0.554081 0.627945
vt 0.541392 0.627945
vt 0.542482 0.623252
vt 0.553225 0.623252
vt 0.553225 0.623252
vt 0.554093 0.627945
vt 0.541392 0.627945
vt 0.515602 0.627945
vt 0.516136 0.623252
vt 0.526696 0.623252
vt 0.526696 0.623252
vt 0.527824 0.627945
vt 0.515602 0.627945
vt 0.716581 0.062989
vt 0.686104 0.062989
vt 0.686104 0.059447
vt 0.686104 0.059447
vt 0.716581 0.059447
vt 0.716581 0.062989
vt 0.716581 0.062989
vt 0.686104 0.062989
vt 0.686104 0.059447
vt 0.686104 0.059447
vt 0.716581 0.059447
vt 0.716581 0.062989
vt 0.716581 0.062989
vt 0.686104 0.062989
vt 0.686104 0.059447
vt 0.686104 0.059447
vt 0.716581 0.059447
vt 0.716581 0.062989
vt 0.716581 0.062989
vt 0.686104 0.062989
vt 0.686104 0.059447
vt 0.686104 0.059447
vt 0.716581 0.059447
vt 0.716581 0.062989
vt 0.716581 0.062989
vt 0.686104 0.062989
vt 0.686104 0.059447
vt 0.686104 0.059447
vt 0.716581 0.059447
vt 0.716581 0.062989
vt 0.716581 0.062989
vt 0.686104 0.062989
vt 0.686104 0.059447
vt 0.686104 0.059447
vt 0.716581 0.059447
vt 0.716581 0.062989
vt 0.716581 0.062989
vt 0.686104 0.062989
vt 0.686104 0.059447
vt 0.686104 0.059447
vt 0.716581 0.059447
vt 0.716581 0.062989
vt 0.716581 0.062989
vt 0.686104 0.062989
vt 0.686104 0.059447
vt 0.686104 0.059447
vt 0.716581 0.059447
vt 0.716581 0.062989
vt 0.716581 0.062989
vt 0.686104 0.062989
vt 0.686104 0.059447
vt 0.686104 0.059447
vt 0.716581 0.059447
vt 0.716581 0.062989
vt 0.716581 0.062989
vt 0.686104 0.062989
vt 0.686104 0.059447
vt 0.686104 0.059447
vt 0.716581 0.059447
vt 0.716581 0.062989
vt 0.716581 0.062989
vt 0.686104 0.062989
vt 0.686104 0.059447
vt 0.686104 0.059447
vt 0.716581 0.059447
vt 0.716581 0.062989
vt 0.716581 0.062989
vt 0.686104 0.062989
vt 0.686104 0.059447
vt 0.686104 0.059447
vt 0.716581 0.059447
vt 0.716581 0.062989
vt 0.716581 0.062989
vt 0.686104 0.062989
vt 0.686104 0.059447
vt 0.686104 0.059447
vt 0.716581 0.059447
vt 0.716581 0.062989
vt 0.716581 0.062989
vt 0.686104 0.062989
vt 0.686104 0.059447
vt 0.686104 0.059447
vt 0.716581 0.059447
vt 0.716581 0.062989
vt 0.716581 0.062989
vt 0.686104 0.062989
vt 0.686104 0.059447
vt 0.686104 0.059447
vt 0.716581 0.059447
vt 0.716581 0.062989
vt 0.716581 0.062989
vt 0.686104 0.062989
vt 0.686104 0.059447
vt 0.686104 0.059447
vt 0.716581 0.059447
vt 0.716581 0.062989
vt 0.502979 0.627945
vt 0.503965 0.623252
vt 0.514515 0.623252
vt 0.514515 0.623252
vt 0.515603 0.627945
vt 0.502979 0.627945
vt 0.300170 0.001922
vt 0.300170 0.007786
vt 0.296869 0.007786
vt 0.296869 0.007786
vt 0.296869 0.001922
vt 0.300170 0.001922
vt 0.266739 0.005033
vt 0.272926 0.005033
vt 0.272926 0.007920
vt 0.272926 0.007920
vt 0.266739 0.007920
vt 0.266739 0.005033
vt 0.292680 0.001922
vt 0.292680 0.007786
vt 0.287285 0.007786
vt 0.287285 0.007786
vt 0.287285 0.001922
vt 0.292680 0.001922
vt 0.300170 0.001922
vt 0.303464 0.001922
vt 0.303464 0.007786
vt 0.303464 0.007786
vt 0.300170 0.007786
vt 0.300170 0.001922
vt 0.313842 0.001922
vt 0.313842 0.007786
vt 0.308093 0.007786
vt 0.308093 0.007786
vt 0.308093 0.001922
vt 0.313842 0.001922
vt 0.300170 0.001922
vt 0.300170 0.007786
vt 0.296869 0.007786
vt 0.296869 0.007786
vt 0.296869 0.001922
vt 0.300170 0.001922
vt 0.266739 0.005033
vt 0.272926 0.005033
vt 0.272926 0.007920
vt 0.272926 0.007920
vt 0.266739 0.007920
vt 0.266739 0.005033
vt 0.292680 0.001922
vt 0.292680 0.007786
vt 0.287285 0.007786
vt 0.287285 0.007786
vt 0.287285 0.001922
vt 0.292680 0.001922
vt 0.300170 0.001922
vt 0.303464 0.001922
vt 0.303464 0.007786
vt 0.303464 0.007786
vt 0.300170 0.007786
vt 0.300170 0.001922
vt 0.313842 0.001922
vt 0.313842 0.007786
vt 0.308093 0.007786
vt 0.308093 0.007786
vt 0.308093 0.001922
vt 0.313842 0.001922
vt 0.266739 0.005033
vt 0.266739 0.002772
vt 0.272926 0.002772
vt 0.272926 0.002772
vt 0.272926 0.005033
vt 0.266739 0.005033
vt 0.292680 0.001922
vt 0.292680 0.007786
vt 0.287285 0.007786
vt 0.287285 0.007786
vt 0.287285 0.001922
vt 0.292680 0.001922
vt 0.303464 0.007786
vt 0.296869 0.007786
vt 0.296869 0.001922
vt 0.296869 0.001922
vt 0.303464 0.001922
vt 0.303464 0.007786
vt 0.313842 0.001922
vt 0.313842 0.007786
vt 0.308093 0.007786
vt 0.308093 0.007786
vt 0.308093 0.001922
vt 0.313842 0.001922
vt 0.272926 0.002772
vt 0.272926 0.007920
vt 0.266739 0.007920
vt 0.266739 0.007920
vt 0.266739 0.002772
vt 0.272926 0.002772
vt 0.313842 0.001922
vt 0.313842 0.007786
vt 0.308093 0.007786
vt 0.308093 0.007786
vt 0.308093 0.001922
vt 0.313842 0.001922
vt 0.272926 0.002772
vt 0.272926 0.007920
vt 0.266739 0.007920
vt 0.266739 0.007920
vt 0.266739 0.002772
vt 0.272926 0.002772
vt 0.292680 0.001922
vt 0.292680 0.007786
vt 0.287285 0.007786
vt 0.287285 0.007786
vt 0.287285 0.001922
vt 0.292680 0.001922
vt 0.303464 0.007786
vt 0.296869 0.007786
vt 0.296869 0.001922
vt 0.296869 0.001922
vt 0.303464 0.001922
vt 0.303464 0.007786
vt 0.292680 0.001922
vt 0.292680 0.007786
vt 0.287285 0.007786
vt 0.287285 0.007786
vt 0.287285 0.001922
vt 0.292680 0.001922
vt 0.303464 0.007786
vt 0.296869 0.007786
vt 0.296869 0.001922
vt 0.296869 0.001922
vt 0.303464 0.001922
vt 0.303464 0.007786
vt 0.272926 0.002772
vt 0.272926 0.007920
vt 0.266739 0.007920
vt 0.266739 0.007920
vt 0.266739 0.002772
vt 0.272926 0.002772
vt 0.638250 0.067338
vt 0.551303 0.067338
vt 0.554205 0.063897
vt 0.554205 0.063897
vt 0.638250 0.063897
vt 0.638250 0.067338
vt 0.638250 0.067338
vt 0.551303 0.067338
vt 0.554205 0.063897
vt 0.554205 0.063897
vt 0.638250 0.063897
vt 0.638250 0.067338
vt 0.544655 0.067338
vt 0.544655 0.063896
vt 0.505916 0.063896
vt 0.505916 0.063896
vt 0.503014 0.067338
vt 0.544655 0.067338
vt 0.638250 0.067338
vt 0.638250 0.063897
vt 0.554205 0.063897
vt 0.554205 0.063897
vt 0.551303 0.067338
vt 0.638250 0.067338
vt 0.549116 0.084537
vt 0.549116 0.087592
vt 0.646269 0.087592
vt 0.646269 0.087592
vt 0.646269 0.084537
vt 0.549116 0.084537
vt 0.770219 0.435709
vt 0.815869 0.381311
vt 0.770219 0.381311
vt 0.605849 0.627945
vt 0.606790 0.623252
vt 0.610621 0.623252
vt 0.610621 0.623252
vt 0.612051 0.627945
vt 0.605849 0.627945
vt 0.495678 0.627945
vt 0.495934 0.623252
vt 0.501906 0.623252
vt 0.501906 0.623252
vt 0.502978 0.627945
vt 0.495678 0.627945
vt 0.527820 0.627945
vt 0.528778 0.623252
vt 0.540263 0.623252
vt 0.540263 0.623252
vt 0.541395 0.627945
vt 0.527820 0.627945
vt 0.292680 0.001922
vt 0.292680 0.007786
vt 0.287285 0.007786
vt 0.287285 0.007786
vt 0.287285 0.001922
vt 0.292680 0.001922
vt 0.303463 0.007786
vt 0.296869 0.007786
vt 0.296869 0.001922
vt 0.296869 0.001922
vt 0.303463 0.001922
vt 0.303463 0.007786
vt 0.313842 0.001922
vt 0.313842 0.007786
vt 0.308093 0.007786
vt 0.308093 0.007786
vt 0.308093 0.001922
vt 0.313842 0.001922
vt 0.272926 0.002772
vt 0.272926 0.007920
vt 0.266738 0.007920
vt 0.266738 0.007920
vt 0.266738 0.002772
vt 0.272926 0.002772
vt 0.716581 0.062989
vt 0.686104 0.062989
vt 0.686104 0.059447
vt 0.686104 0.059447
vt 0.716581 0.059447
vt 0.716581 0.062989
vt 0.544655 0.067338
vt 0.503014 0.067338
vt 0.505916 0.063896
vt 0.505916 0.063896
vt 0.544655 0.063896
vt 0.544655 0.067338
vt 0.638250 0.067338
vt 0.551303 0.067338
vt 0.554205 0.063897
vt 0.554205 0.063897
vt 0.638250 0.063897
vt 0.638250 0.067338
vt 0.957031 0.334758
vt 0.940570 0.334758
vt 0.940570 0.328250
vt 0.940570 0.328250
vt 0.957031 0.328250
vt 0.957031 0.334758
vt 0.958902 0.334758
vt 0.957031 0.334758
vt 0.957031 0.328250
vt 0.957031 0.328250
vt 0.958902 0.328250
vt 0.958902 0.334758
vt 0.533500 0.073894
vt 0.526434 0.080694
vt 0.475846 0.080694
vt 0.475846 0.080694
vt 0.482794 0.073894
vt 0.533500 0.073894
vt 0.253693 0.068368
vt 0.253693 0.064494
vt 0.257206 0.070242
vt 0.253693 0.064494
vt 0.257206 0.062488
vt 0.257206 0.070242
vt 0.257206 0.062488
vt 0.260723 0.064362
vt 0.257206 0.070242
vt 0.260723 0.064362
vt 0.260723 0.068243
vt 0.257206 0.070242
vt 0.986655 0.213411
vt 0.965264 0.213411
vt 0.965264 0.188393
vt 0.965264 0.188393
vt 0.986655 0.188393
vt 0.986655 0.213411
vt 0.995935 0.169041
vt 0.996117 0.214132
vt 0.989642 0.189966
vt 0.989642 0.189966
vt 0.990617 0.169030
vt 0.995935 0.169041
vt 0.957285 0.169210
vt 0.962671 0.168937
vt 0.962728 0.189366
vt 0.962728 0.189366
vt 0.957526 0.213837
vt 0.957285 0.169210
vt 0.261032 0.605985
vt 0.261032 0.637890
vt 0.242551 0.637890
vt 0.242551 0.637890
vt 0.242551 0.605985
vt 0.261032 0.605985
vt 0.414385 0.900286
vt 0.414385 0.903301
vt 0.395757 0.903301
vt 0.395757 0.903301
vt 0.393021 0.900286
vt 0.414385 0.900286
vt 0.393021 0.900286
vt 0.395757 0.903301
vt 0.393049 0.903331
vt 0.549116 0.084537
vt 0.646269 0.084537
vt 0.646269 0.087592
vt 0.646269 0.087592
vt 0.549116 0.087592
vt 0.549116 0.084537
vt 0.335252 0.355984
vt 0.335252 0.324574
vt 0.337581 0.324574
vt 0.337581 0.324574
vt 0.337581 0.358437
vt 0.335252 0.355984
vt 0.408310 0.361370
vt 0.405822 0.363824
vt 0.405822 0.335347
vt 0.405822 0.335347
vt 0.408310 0.335347
vt 0.408310 0.361370
vt 0.341050 0.324574
vt 0.341050 0.324574
vt 0.402537 0.335347
vt 0.867102 0.505376
vt 0.868234 0.554583
vt 0.867102 0.462874
vt 0.969323 0.462670
vt 0.979020 0.452256
vt 0.979083 0.505173
vt 0.979083 0.505173
vt 0.969323 0.505173
vt 0.969323 0.462670
vt 0.405500 0.522699
vt 0.390694 0.522699
vt 0.390694 0.489435
vt 0.390694 0.489435
vt 0.405500 0.489435
vt 0.405500 0.522699
vt 0.387488 0.489435
vt 0.387488 0.522699
vt 0.378218 0.522699
vt 0.378218 0.522699
vt 0.378218 0.485386
vt 0.387488 0.489435
vt 0.416815 0.485386
vt 0.416815 0.522699
vt 0.408321 0.522699
vt 0.408321 0.522699
vt 0.408321 0.489435
vt 0.416815 0.485386
vt 0.903164 0.231213
vt 0.903164 0.231213
vt 0.906127 0.227890
vt 0.971487 0.415864
vt 0.977506 0.415872
vt 0.977653 0.450068
vt 0.977653 0.450068
vt 0.971488 0.450068
vt 0.971487 0.415864
vt 0.917099 0.238695
vt 0.955019 0.238657
vt 0.951647 0.251118
vt 0.623461 0.276947
vt 0.628953 0.264831
vt 0.650895 0.273237
vt 0.689377 0.454575
vt 0.708858 0.429505
vt 0.707774 0.454570
vt 0.881412 0.387373
vt 0.897866 0.387373
vt 0.897866 0.323117
vt 0.897866 0.323117
vt 0.881412 0.323117
vt 0.881412 0.387373
vt 0.776435 0.833782
vt 0.776435 0.894864
vt 0.762334 0.840176
vt 0.762334 0.840176
vt 0.776435 0.894864
vt 0.754875 0.857886
vt 0.776435 0.894864
vt 0.754850 0.894864
vt 0.754875 0.857886
vt 0.921011 0.026657
vt 0.950417 0.026657
vt 0.950417 0.028177
vt 0.950417 0.028177
vt 0.921011 0.028177
vt 0.921011 0.026657
vt 0.770048 0.435706
vt 0.770048 0.381311
vt 0.815869 0.381311
vt 0.903159 0.234844
vt 0.903164 0.299003
vt 0.881921 0.299003
vt 0.881921 0.299003
vt 0.881952 0.234828
vt 0.903159 0.234844
vt 0.878825 0.234828
vt 0.878848 0.299003
vt 0.853812 0.299003
vt 0.853812 0.299003
vt 0.853825 0.234828
vt 0.878825 0.234828
vt 0.891259 0.894303
vt 0.867182 0.894303
vt 0.867229 0.806410
vt 0.867229 0.806410
vt 0.899414 0.806429
vt 0.891259 0.894303
vt 0.237352 0.041572
vt 0.260846 0.041572
vt 0.263820 0.049620
vt 0.263820 0.049620
vt 0.244037 0.049620
vt 0.237352 0.041572
vt 0.836063 0.028177
vt 0.885606 0.028177
vt 0.885606 0.029697
vt 0.836063 0.029697
vt 0.836063 0.028177
vt 0.836063 0.023617
vt 0.885606 0.023617
vt 0.885606 0.025137
vt 0.885606 0.025137
vt 0.836063 0.025137
vt 0.836063 0.025137
vt 0.885606 0.025137
vt 0.885606 0.026657
vt 0.885606 0.026657
vt 0.836063 0.026657
vt 0.189928 0.058970
vt 0.189928 0.053359
vt 0.154648 0.053359
vt 0.160242 0.058970
vt 0.189928 0.058970
vt 0.189928 0.064325
vt 0.189928 0.058970
vt 0.160242 0.058970
vt 0.160242 0.064325
vt 0.189928 0.064325
vt 0.189928 0.058970
vt 0.189928 0.053359
vt 0.154648 0.053359
vt 0.160242 0.058970
vt 0.189928 0.058970
vt 0.189928 0.064325
vt 0.189928 0.058970
vt 0.160242 0.058970
vt 0.160242 0.064325
vt 0.189928 0.064325
vt 0.739685 0.372131
vt 0.735909 0.361224
vt 0.740506 0.359001
vt 0.746376 0.369225
vt 0.739685 0.372131
vt 0.731404 0.373353
vt 0.730343 0.361703
vt 0.735909 0.361224
vt 0.739685 0.372131
vt 0.731404 0.373353
vt 0.731404 0.373353
vt 0.723040 0.373089
vt 0.725852 0.361668
vt 0.725852 0.361668
vt 0.730343 0.361703
vt 0.720349 0.360111
vt 0.715547 0.370762
vt 0.723040 0.373089
vt 0.723040 0.373089
vt 0.725852 0.361668
vt 0.726239 0.355073
vt 0.722017 0.357884
vt 0.729578 0.358935
vt 0.746376 0.369225
vt 0.740506 0.359001
vt 0.735909 0.361224
vt 0.735909 0.361224
vt 0.739685 0.372131
vt 0.735909 0.361224
vt 0.730343 0.361703
vt 0.731404 0.373353
vt 0.731404 0.373353
vt 0.739685 0.372131
vt 0.731404 0.373353
vt 0.730343 0.361703
vt 0.725852 0.361668
vt 0.725852 0.361668
vt 0.723040 0.373089
vt 0.739685 0.372131
vt 0.735909 0.361224
vt 0.740506 0.359001
vt 0.746376 0.369225
vt 0.739685 0.372131
vt 0.731404 0.373353
vt 0.730343 0.361703
vt 0.735909 0.361224
vt 0.739685 0.372131
vt 0.731404 0.373353
vt 0.731404 0.373353
vt 0.723040 0.373089
vt 0.725852 0.361668
vt 0.725852 0.361668
vt 0.730343 0.361703
vt 0.739685 0.372131
vt 0.735909 0.361224
vt 0.740506 0.359001
vt 0.746376 0.369225
vt 0.739685 0.372131
vt 0.731404 0.373353
vt 0.730343 0.361703
vt 0.735909 0.361224
vt 0.739685 0.372131
vt 0.731404 0.373353
vt 0.725852 0.361668
vt 0.730343 0.361703
vt 0.731404 0.373353
vt 0.723040 0.373089
vt 0.725852 0.361668
vt 0.739685 0.372131
vt 0.735909 0.361224
vt 0.740506 0.359001
vt 0.746376 0.369225
vt 0.739685 0.372131
vt 0.731404 0.373353
vt 0.730343 0.361703
vt 0.735909 0.361224
vt 0.739685 0.372131
vt 0.731404 0.373353
vt 0.725852 0.361668
vt 0.730343 0.361703
vt 0.731404 0.373353
vt 0.723040 0.373089
vt 0.725852 0.361668
vt 0.024814 0.070075
vt 0.010853 0.070075
vt 0.010994 0.065846
vt 0.010994 0.065846
vt 0.024814 0.065730
vt 0.024814 0.056862
vt 0.010853 0.056862
vt 0.011101 0.052438
vt 0.024814 0.052602
vt 0.024814 0.056862
vt 0.024814 0.061428
vt 0.010853 0.061428
vt 0.010853 0.056862
vt 0.024814 0.056862
vt 0.024814 0.061428
vt 0.024814 0.070075
vt 0.010853 0.070075
vt 0.010994 0.065846
vt 0.010994 0.065846
vt 0.024814 0.065730
vt 0.716581 0.066355
vt 0.686104 0.066355
vt 0.686104 0.062989
vt 0.716581 0.062989
vt 0.716581 0.066355
vt 0.716581 0.066355
vt 0.686104 0.066355
vt 0.686104 0.062989
vt 0.716581 0.062989
vt 0.716581 0.066355
vt 0.716581 0.066355
vt 0.686104 0.066355
vt 0.686104 0.062989
vt 0.716581 0.062989
vt 0.716581 0.066355
vt 0.716581 0.066355
vt 0.686104 0.066355
vt 0.686104 0.062989
vt 0.716581 0.062989
vt 0.716581 0.066355
vt 0.716581 0.066355
vt 0.686104 0.066355
vt 0.686104 0.062989
vt 0.716581 0.062989
vt 0.716581 0.066355
vt 0.716581 0.066355
vt 0.686104 0.066355
vt 0.686104 0.062989
vt 0.716581 0.062989
vt 0.716581 0.066355
vt 0.716581 0.066355
vt 0.686104 0.066355
vt 0.686104 0.062989
vt 0.716581 0.062989
vt 0.716581 0.066355
vt 0.716581 0.066355
vt 0.686104 0.066355
vt 0.686104 0.062989
vt 0.716581 0.062989
vt 0.716581 0.066355
vt 0.716581 0.066355
vt 0.686104 0.066355
vt 0.686104 0.062989
vt 0.716581 0.062989
vt 0.716581 0.066355
vt 0.716581 0.066355
vt 0.686104 0.066355
vt 0.686104 0.062989
vt 0.716581 0.062989
vt 0.716581 0.066355
vt 0.716581 0.066355
vt 0.686104 0.066355
vt 0.686104 0.062989
vt 0.716581 0.062989
vt 0.716581 0.066355
vt 0.716581 0.066355
vt 0.686104 0.066355
vt 0.686104 0.062989
vt 0.716581 0.062989
vt 0.716581 0.066355
vt 0.716581 0.066355
vt 0.686104 0.066355
vt 0.686104 0.062989
vt 0.716581 0.062989
vt 0.716581 0.066355
vt 0.716581 0.066355
vt 0.686104 0.066355
vt 0.686104 0.062989
vt 0.716581 0.062989
vt 0.716581 0.066355
vt 0.716581 0.066355
vt 0.686104 0.066355
vt 0.686104 0.062989
vt 0.716581 0.062989
vt 0.716581 0.066355
vt 0.716581 0.066355
vt 0.686104 0.066355
vt 0.686104 0.062989
vt 0.716581 0.062989
vt 0.716581 0.066355
vt 0.973781 0.164112
vt 0.975827 0.151954
vt 0.975827 0.151954
vt 0.978608 0.164112
vt 0.973781 0.164112
vt 0.975827 0.179493
vt 0.003582 0.001847
vt 0.019303 0.001847
vt 0.019303 0.003374
vt 0.019303 0.003374
vt 0.003582 0.003374
vt 0.003582 0.004871
vt 0.003582 0.003374
vt 0.019303 0.003374
vt 0.019303 0.004871
vt 0.003582 0.004871
vt 0.003582 0.006430
vt 0.003582 0.004871
vt 0.019303 0.004871
vt 0.019303 0.006430
vt 0.003582 0.006430
vt 0.189928 0.058970
vt 0.160242 0.058970
vt 0.154648 0.053359
vt 0.189928 0.053359
vt 0.189928 0.058970
vt 0.189928 0.064325
vt 0.160242 0.064325
vt 0.160242 0.058970
vt 0.189928 0.058970
vt 0.189928 0.064325
vt 0.189928 0.058970
vt 0.160242 0.058970
vt 0.154648 0.053359
vt 0.189928 0.053359
vt 0.189928 0.058970
vt 0.189928 0.064325
vt 0.160242 0.064325
vt 0.160242 0.058970
vt 0.189928 0.058970
vt 0.189928 0.064325
vt 0.836063 0.028177
vt 0.885607 0.028177
vt 0.885607 0.029697
vt 0.836063 0.029697
vt 0.836063 0.028177
vt 0.836063 0.023617
vt 0.885607 0.023617
vt 0.885607 0.025137
vt 0.885607 0.025137
vt 0.836063 0.025137
vt 0.836063 0.025137
vt 0.885607 0.025137
vt 0.885607 0.026657
vt 0.885607 0.026657
vt 0.836063 0.026657
vt 0.836063 0.028177
vt 0.885607 0.028177
vt 0.885607 0.029697
vt 0.836063 0.029697
vt 0.836063 0.028177
vt 0.836063 0.023617
vt 0.885607 0.023617
vt 0.885607 0.025137
vt 0.885607 0.025137
vt 0.836063 0.025137
vt 0.836063 0.025137
vt 0.885607 0.025137
vt 0.885607 0.026657
vt 0.885607 0.026657
vt 0.836063 0.026657
vt 0.723040 0.373089
vt 0.715547 0.370762
vt 0.720349 0.360111
vt 0.725852 0.361668
vt 0.723040 0.373089
vt 0.729578 0.358935
vt 0.722017 0.357884
vt 0.726239 0.355073
vt 0.735909 0.361224
vt 0.740506 0.359001
vt 0.746376 0.369225
vt 0.739685 0.372131
vt 0.735909 0.361224
vt 0.730343 0.361703
vt 0.735909 0.361224
vt 0.739685 0.372131
vt 0.731404 0.373353
vt 0.730343 0.361703
vt 0.725852 0.361668
vt 0.730343 0.361703
vt 0.731404 0.373353
vt 0.723040 0.373089
vt 0.725852 0.361668
vt 0.870953 0.437279
vt 0.870458 0.448130
vt 0.861364 0.445952
vt 0.861214 0.438395
vt 0.870953 0.437279
vt 0.865658 0.427088
vt 0.858610 0.432985
vt 0.857438 0.419929
vt 0.853373 0.428202
vt 0.847769 0.417176
vt 0.846801 0.426408
vt 0.856848 0.435208
vt 0.858551 0.444528
vt 0.853570 0.440451
vt 0.189928 0.058970
vt 0.160242 0.058970
vt 0.154648 0.053359
vt 0.189928 0.053359
vt 0.189928 0.058970
vt 0.189928 0.064325
vt 0.160242 0.064325
vt 0.160242 0.058970
vt 0.189928 0.058970
vt 0.189928 0.064325
vt 0.638250 0.060364
vt 0.554205 0.060364
vt 0.551303 0.056920
vt 0.638250 0.056920
vt 0.638250 0.060364
vt 0.638250 0.060364
vt 0.554205 0.060364
vt 0.551303 0.056920
vt 0.638250 0.056920
vt 0.638250 0.060364
vt 0.544655 0.060348
vt 0.544655 0.056904
vt 0.503014 0.056904
vt 0.505916 0.060348
vt 0.544655 0.060348
vt 0.638250 0.060364
vt 0.638250 0.056920
vt 0.551303 0.056920
vt 0.554205 0.060364
vt 0.638250 0.060364
vt 0.965399 0.164112
vt 0.967422 0.151954
vt 0.967422 0.151954
vt 0.970007 0.164112
vt 0.965399 0.164112
vt 0.967422 0.179493
vt 0.224049 0.059051
vt 0.205266 0.059051
vt 0.199499 0.053426
vt 0.224049 0.053426
vt 0.224049 0.059051
vt 0.224049 0.064627
vt 0.205226 0.064627
vt 0.205266 0.059051
vt 0.224049 0.059051
vt 0.224049 0.064627
vt 0.224049 0.059051
vt 0.205266 0.059051
vt 0.199499 0.053426
vt 0.224049 0.053426
vt 0.224049 0.059051
vt 0.224049 0.064627
vt 0.205226 0.064627
vt 0.205266 0.059051
vt 0.224049 0.059051
vt 0.224049 0.064627
vt 0.102097 0.058831
vt 0.072401 0.058831
vt 0.066818 0.053198
vt 0.102097 0.053198
vt 0.102097 0.058831
vt 0.102097 0.064274
vt 0.072401 0.064274
vt 0.072401 0.058831
vt 0.102097 0.058831
vt 0.102097 0.064274
vt 0.024814 0.056862
vt 0.010853 0.056862
vt 0.011101 0.052438
vt 0.024814 0.052602
vt 0.024814 0.056862
vt 0.024814 0.061428
vt 0.010853 0.061428
vt 0.010853 0.056862
vt 0.024814 0.056862
vt 0.024814 0.061428
vt 0.423775 0.430876
vt 0.433398 0.357371
vt 0.447992 0.362032
vt 0.423775 0.430876
vt 0.461237 0.370527
vt 0.423775 0.430876
vt 0.472396 0.382385
vt 0.423775 0.430876
vt 0.480847 0.396944
vt 0.423775 0.430876
vt 0.486184 0.413071
vt 0.423775 0.430876
vt 0.488073 0.430479
vt 0.739685 0.372131
vt 0.735909 0.361223
vt 0.740506 0.359001
vt 0.746376 0.369224
vt 0.739685 0.372131
vt 0.731404 0.373353
vt 0.730342 0.361703
vt 0.735909 0.361223
vt 0.739685 0.372131
vt 0.731404 0.373353
vt 0.725852 0.361668
vt 0.730342 0.361703
vt 0.731404 0.373353
vt 0.723040 0.373089
vt 0.725852 0.361668
vt 0.024814 0.070075
vt 0.010852 0.070075
vt 0.010852 0.065730
vt 0.010852 0.065730
vt 0.024814 0.065730
vt 0.024814 0.056862
vt 0.010852 0.056862
vt 0.010852 0.052602
vt 0.024814 0.052602
vt 0.024814 0.056862
vt 0.024814 0.061428
vt 0.010852 0.061428
vt 0.010852 0.056862
vt 0.024814 0.056862
vt 0.024814 0.061428
vt 0.189928 0.058970
vt 0.160241 0.058970
vt 0.154648 0.053359
vt 0.189928 0.053359
vt 0.189928 0.058970
vt 0.189928 0.064325
vt 0.160241 0.064325
vt 0.160241 0.058970
vt 0.189928 0.058970
vt 0.189928 0.064325
vt 0.716581 0.066355
vt 0.686104 0.066355
vt 0.686104 0.062989
vt 0.716581 0.062989
vt 0.716581 0.066355
vt 0.544655 0.060348
vt 0.505916 0.060348
vt 0.503014 0.056904
vt 0.544655 0.056904
vt 0.544655 0.060348
vt 0.638250 0.060364
vt 0.554205 0.060364
vt 0.551303 0.056920
vt 0.638250 0.056920
vt 0.638250 0.060364
vt 0.059157 0.058157
vt 0.039340 0.058157
vt 0.033532 0.052720
vt 0.059157 0.052720
vt 0.059157 0.058157
vt 0.059157 0.063484
vt 0.039340 0.063484
vt 0.039340 0.058157
vt 0.059157 0.058157
vt 0.059157 0.063484
vt 0.146008 0.058917
vt 0.116342 0.058917
vt 0.110735 0.053275
vt 0.146008 0.053275
vt 0.146008 0.058917
vt 0.146008 0.064310
vt 0.116342 0.064310
vt 0.116342 0.058917
vt 0.146008 0.058917
vt 0.146008 0.064310
vt 0.003582 0.001847
vt 0.019303 0.001847
vt 0.019303 0.003374
vt 0.019303 0.003374
vt 0.003582 0.003374
vt 0.003582 0.004871
vt 0.003582 0.003374
vt 0.019303 0.003374
vt 0.019303 0.004871
vt 0.003582 0.004871
vt 0.003582 0.006430
vt 0.003582 0.004871
vt 0.019303 0.004871
vt 0.019303 0.006430
vt 0.003582 0.006430
vt 0.801285 0.017125
vt 0.801285 0.018071
vt 0.795434 0.018071
vt 0.795434 0.018071
vt 0.795434 0.017125
vt 0.801285 0.019952
vt 0.801285 0.020887
vt 0.795434 0.020887
vt 0.795434 0.019952
vt 0.801285 0.019952
vt 0.801285 0.019006
vt 0.801285 0.019952
vt 0.795434 0.019952
vt 0.795434 0.019006
vt 0.801285 0.019006
vt 0.102097 0.058831
vt 0.072401 0.058831
vt 0.066817 0.053198
vt 0.102097 0.053198
vt 0.102097 0.058831
vt 0.102097 0.064274
vt 0.072401 0.064274
vt 0.072401 0.058831
vt 0.102097 0.058831
vt 0.102097 0.064274
vt 0.232749 0.053704
vt 0.249820 0.053704
vt 0.249820 0.059064
vt 0.249820 0.059064
vt 0.239048 0.059064
vt 0.249820 0.064800
vt 0.249820 0.064800
vt 0.239048 0.064800
vt 0.224049 0.059051
vt 0.205266 0.059051
vt 0.199498 0.053426
vt 0.224049 0.053426
vt 0.224049 0.059051
vt 0.224049 0.064627
vt 0.205226 0.064627
vt 0.205266 0.059051
vt 0.224049 0.059051
vt 0.224049 0.064627
vt 0.921014 0.023652
vt 0.950417 0.023652
vt 0.950417 0.025172
vt 0.950417 0.025172
vt 0.921014 0.025172
vt 0.645172 0.060804
vt 0.645172 0.056334
vt 0.675909 0.056334
vt 0.675909 0.060804
vt 0.645172 0.060804
vt 0.675909 0.065486
vt 0.675909 0.069955
vt 0.645172 0.069955
vt 0.645172 0.065486
vt 0.675909 0.065486
vt 0.423775 0.430876
vt 0.486184 0.413071
vt 0.488072 0.430479
vt 0.423775 0.430876
vt 0.480847 0.396944
vt 0.472396 0.382385
vt 0.461237 0.370527
vt 0.447992 0.362032
vt 0.433398 0.357371
vt 0.078575 0.518054
vt 0.064151 0.518054
vt 0.038733 0.518054
vt 0.078575 0.445720
vt 0.009266 0.445720
vt 0.038733 0.518054
vt 0.009266 0.518054
vt 0.948590 0.055021
vt 0.948590 0.065711
vt 0.925911 0.065711
vt 0.925911 0.055021
vt 0.922725 0.065711
vt 0.865458 0.065711
vt 0.865458 0.055021
vt 0.922725 0.055021
vt 0.445121 0.995560
vt 0.421914 0.995560
vt 0.421914 0.925604
vt 0.445121 0.925604
vt 0.111385 0.029152
vt 0.111385 0.023632
vt 0.165405 0.023632
vt 0.165405 0.029152
vt 0.165405 0.029152
vt 0.165405 0.023632
vt 0.219424 0.023632
vt 0.219424 0.029152
vt 0.003346 0.029152
vt 0.003346 0.023632
vt 0.057366 0.023632
vt 0.057366 0.029152
vt 0.057366 0.023632
vt 0.111385 0.023632
vt 0.111385 0.029152
vt 0.057366 0.029152
vt 0.438473 0.434662
vt 0.438473 0.503130
vt 0.420657 0.503130
vt 0.420661 0.434662
vt 0.591820 0.473858
vt 0.648363 0.473858
vt 0.648999 0.611250
vt 0.591820 0.611978
vt 0.442739 0.434662
vt 0.499421 0.434662
vt 0.499421 0.503130
vt 0.442739 0.503130
vt 0.370464 0.466045
vt 0.370464 0.517796
vt 0.322096 0.517796
vt 0.322096 0.466045
vt 0.243873 0.517417
vt 0.175040 0.517417
vt 0.175040 0.446801
vt 0.243873 0.446801
vt 0.060644 0.309098
vt 0.060644 0.437813
vt 0.004121 0.438124
vt 0.004180 0.309004
vt 0.947617 0.037926
vt 0.947617 0.032287
vt 0.998012 0.032287
vt 0.998012 0.037926
vt 0.841389 0.037926
vt 0.841389 0.032287
vt 0.891785 0.032287
vt 0.891785 0.037926
vt 0.891785 0.037926
vt 0.891785 0.032287
vt 0.947617 0.032287
vt 0.947617 0.037926
vt 0.113637 0.036978
vt 0.113637 0.032287
vt 0.168119 0.032287
vt 0.168120 0.036978
vt 0.168120 0.036978
vt 0.168119 0.032287
vt 0.223685 0.032287
vt 0.223685 0.036978
vt 0.003588 0.036978
vt 0.003588 0.032287
vt 0.058071 0.032287
vt 0.058071 0.036978
vt 0.058071 0.036978
vt 0.058071 0.032287
vt 0.113637 0.032287
vt 0.113637 0.036978
vt 0.309830 0.465011
vt 0.309830 0.518680
vt 0.256600 0.518680
vt 0.256600 0.465011
vt 0.543922 0.037027
vt 0.543922 0.032287
vt 0.592849 0.032287
vt 0.592849 0.037027
vt 0.592849 0.037027
vt 0.592849 0.032287
vt 0.643243 0.032287
vt 0.643243 0.037027
vt 0.643243 0.037027
vt 0.643243 0.032287
vt 0.692171 0.032287
vt 0.692171 0.037027
vt 0.493528 0.037027
vt 0.493528 0.032287
vt 0.543922 0.032287
vt 0.543922 0.037027
vt 0.417074 0.029152
vt 0.417074 0.023632
vt 0.481926 0.023632
vt 0.481926 0.029152
vt 0.222558 0.029152
vt 0.222558 0.023632
vt 0.287390 0.023632
vt 0.287390 0.029152
vt 0.287390 0.029152
vt 0.287390 0.023632
vt 0.352242 0.023632
vt 0.352242 0.029152
vt 0.352242 0.029152
vt 0.352242 0.023632
vt 0.417074 0.023632
vt 0.417074 0.029152
vt 0.091901 0.446444
vt 0.160936 0.446444
vt 0.160936 0.517221
vt 0.091901 0.517221
vt 0.292835 0.037621
vt 0.292835 0.032287
vt 0.358126 0.032287
vt 0.358126 0.037926
vt 0.358126 0.037926
vt 0.358126 0.032287
vt 0.423440 0.032287
vt 0.423439 0.037926
vt 0.423439 0.037926
vt 0.423440 0.032287
vt 0.488731 0.032287
vt 0.488731 0.037926
vt 0.982353 0.504751
vt 0.982170 0.463881
vt 0.996779 0.463855
vt 0.996954 0.504723
vt 0.569292 0.150544
vt 0.605766 0.150544
vt 0.605766 0.189841
vt 0.569292 0.189841
vt 0.576063 0.142263
vt 0.600594 0.142263
vt 0.605766 0.147476
vt 0.569292 0.147476
vt 0.609181 0.147476
vt 0.614588 0.142263
vt 0.630656 0.142263
vt 0.630656 0.147476
vt 0.609181 0.189841
vt 0.609181 0.150544
vt 0.630656 0.150544
vt 0.630656 0.189841
vt 0.498643 0.147363
vt 0.432486 0.147363
vt 0.432486 0.142041
vt 0.494507 0.142041
vt 0.501544 0.147363
vt 0.505737 0.142062
vt 0.566342 0.142062
vt 0.566344 0.147346
vt 0.501544 0.150443
vt 0.566344 0.150428
vt 0.566366 0.189810
vt 0.501544 0.189829
vt 0.322997 0.397030
vt 0.322997 0.408720
vt 0.342196 0.412523
vt 0.342196 0.394848
vt 0.322997 0.397030
vt 0.342196 0.394848
vt 0.342196 0.412523
vt 0.322997 0.408720
vt 0.322997 0.397030
vt 0.322997 0.408720
vt 0.342196 0.412523
vt 0.342196 0.394848
vt 0.273615 0.410027
vt 0.273615 0.399090
vt 0.255655 0.395533
vt 0.255655 0.412068
vt 0.584048 0.007619
vt 0.568312 0.007619
vt 0.568312 0.002441
vt 0.584048 0.002441
vt 0.322997 0.397030
vt 0.342196 0.394848
vt 0.342196 0.412523
vt 0.322997 0.408720
vt 0.113418 0.193461
vt 0.113418 0.206834
vt 0.067697 0.206834
vt 0.067697 0.193461
vt 0.273615 0.410027
vt 0.255655 0.412068
vt 0.255655 0.395533
vt 0.273615 0.399090
vt 0.161901 0.193461
vt 0.161901 0.206834
vt 0.116180 0.206834
vt 0.116180 0.193461
vt 0.415691 0.054357
vt 0.497408 0.054436
vt 0.497408 0.070453
vt 0.415691 0.068599
vt 0.331965 0.355984
vt 0.331965 0.387393
vt 0.329042 0.387393
vt 0.329042 0.355984
vt 0.411422 0.361370
vt 0.411422 0.335347
vt 0.414035 0.335347
vt 0.414035 0.361370
vt 0.861050 0.055021
vt 0.861050 0.065711
vt 0.836565 0.065711
vt 0.836565 0.055021
vt 0.832838 0.055021
vt 0.832838 0.065711
vt 0.752157 0.065711
vt 0.752157 0.055021
vt 0.748040 0.055021
vt 0.748040 0.065711
vt 0.723555 0.065711
vt 0.723555 0.055021
vt 0.653508 0.996677
vt 0.653508 0.898630
vt 0.748060 0.898630
vt 0.748060 0.996677
vt 0.780393 0.898630
vt 0.780393 0.996677
vt 0.752078 0.996677
vt 0.752078 0.898630
vt 0.619724 0.996677
vt 0.619724 0.898630
vt 0.649618 0.898630
vt 0.649618 0.996677
vt 0.882894 0.544229
vt 0.882894 0.509715
vt 0.993264 0.509715
vt 0.993264 0.544229
vt 0.836063 0.026657
vt 0.885606 0.026657
vt 0.885606 0.028177
vt 0.836063 0.028177
vt 0.074692 0.695612
vt 0.117774 0.695612
vt 0.117774 0.693352
vt 0.074692 0.693352
vt 0.117774 0.700464
vt 0.117774 0.697624
vt 0.074692 0.697624
vt 0.071038 0.700464
vt 0.254042 0.647547
vt 0.319966 0.647547
vt 0.319966 0.641936
vt 0.254042 0.641936
vt 0.322304 0.793269
vt 0.257466 0.793269
vt 0.257466 0.799212
vt 0.322304 0.799212
vt 0.322304 0.653830
vt 0.319966 0.650376
vt 0.254042 0.650376
vt 0.254042 0.653830
vt 0.257466 0.790084
vt 0.322304 0.790084
vt 0.322304 0.786173
vt 0.254042 0.786173
vt 0.117774 0.732595
vt 0.117774 0.703794
vt 0.071038 0.703794
vt 0.071038 0.732595
vt 0.247056 0.434647
vt 0.247056 0.399845
vt 0.250410 0.399845
vt 0.250410 0.434647
vt 0.240788 0.399845
vt 0.243081 0.399845
vt 0.243081 0.434647
vt 0.240788 0.437314
vt 0.121204 0.794778
vt 0.121204 0.735971
vt 0.124063 0.735971
vt 0.124063 0.794778
vt 0.007202 0.735971
vt 0.007202 0.794778
vt 0.004344 0.794778
vt 0.004344 0.735971
vt 0.114159 0.735971
vt 0.118110 0.735971
vt 0.118110 0.794778
vt 0.114159 0.799336
vt 0.010016 0.794778
vt 0.010016 0.735971
vt 0.013657 0.735971
vt 0.013657 0.799336
vt 0.237425 0.437314
vt 0.203221 0.437314
vt 0.222707 0.399845
vt 0.237425 0.399845
vt 0.117773 0.695612
vt 0.074692 0.695612
vt 0.074692 0.693352
vt 0.117773 0.693352
vt 0.074692 0.697624
vt 0.117773 0.697624
vt 0.117773 0.700464
vt 0.071038 0.700464
vt 0.257466 0.793269
vt 0.322304 0.793269
vt 0.322304 0.799212
vt 0.257466 0.799212
vt 0.319966 0.647547
vt 0.254042 0.647547
vt 0.254042 0.641936
vt 0.319966 0.641936
vt 0.322304 0.786173
vt 0.322304 0.790084
vt 0.257466 0.790084
vt 0.254042 0.786173
vt 0.254042 0.650376
vt 0.319966 0.650376
vt 0.322304 0.653830
vt 0.254042 0.653830
vt 0.071038 0.703794
vt 0.117773 0.703794
vt 0.117773 0.732595
vt 0.071038 0.732595
vt 0.247056 0.399845
vt 0.247056 0.434647
vt 0.250410 0.434647
vt 0.250410 0.399845
vt 0.243081 0.434647
vt 0.243081 0.399845
vt 0.240788 0.399845
vt 0.240788 0.437314
vt 0.007202 0.794778
vt 0.007202 0.735971
vt 0.004344 0.735971
vt 0.004344 0.794778
vt 0.121204 0.735971
vt 0.121204 0.794778
vt 0.124063 0.794778
vt 0.124063 0.735971
vt 0.013657 0.735971
vt 0.010016 0.735971
vt 0.010016 0.794778
vt 0.013657 0.799336
vt 0.118110 0.794778
vt 0.118110 0.735971
vt 0.114159 0.735971
vt 0.114159 0.799336
vt 0.237425 0.437314
vt 0.237425 0.399845
vt 0.222707 0.399845
vt 0.203221 0.437314
vt 0.718184 0.394983
vt 0.761976 0.394988
vt 0.761952 0.383845
vt 0.718186 0.383863
vt 0.189928 0.069941
vt 0.189928 0.064325
vt 0.160242 0.064325
vt 0.154648 0.069941
vt 0.149729 0.058970
vt 0.149729 0.064325
vt 0.156731 0.064325
vt 0.156731 0.058970
vt 0.189928 0.069941
vt 0.189928 0.064325
vt 0.160242 0.064325
vt 0.154648 0.069941
vt 0.149729 0.058970
vt 0.149729 0.064325
vt 0.156731 0.064325
vt 0.156731 0.058970
vt 0.782124 0.894864
vt 0.782124 0.833782
vt 0.779433 0.833782
vt 0.779433 0.894864
vt 0.710161 0.806410
vt 0.736586 0.839677
vt 0.736585 0.822391
vt 0.710169 0.894303
vt 0.863210 0.806410
vt 0.710161 0.806410
vt 0.776180 0.828882
vt 0.770200 0.830104
vt 0.135831 0.097731
vt 0.115854 0.097729
vt 0.114580 0.102290
vt 0.137079 0.102294
vt 0.158414 0.097733
vt 0.138384 0.097734
vt 0.159685 0.102303
vt 0.180921 0.097745
vt 0.160955 0.097749
vt 0.182203 0.102312
vt 0.203371 0.097743
vt 0.183447 0.097744
vt 0.204588 0.102306
vt 0.225891 0.097747
vt 0.205907 0.097745
vt 0.227040 0.102310
vt 0.248380 0.097759
vt 0.228422 0.097750
vt 0.249638 0.102320
vt 0.270833 0.097767
vt 0.250896 0.097757
vt 0.272118 0.102321
vt 0.293351 0.097741
vt 0.273346 0.097741
vt 0.294590 0.102297
vt 0.315883 0.097738
vt 0.295899 0.097731
vt 0.317157 0.102299
vt 0.718184 0.394983
vt 0.718186 0.383863
vt 0.761961 0.383897
vt 0.761976 0.394961
vt 0.718186 0.383863
vt 0.718160 0.378930
vt 0.761934 0.379019
vt 0.761961 0.383897
vt 0.370326 0.642586
vt 0.373928 0.642586
vt 0.375193 0.652688
vt 0.369196 0.652688
vt 0.364435 0.642586
vt 0.368038 0.642586
vt 0.363175 0.652688
vt 0.358377 0.642586
vt 0.361980 0.642586
vt 0.357104 0.652688
vt 0.352334 0.642586
vt 0.355937 0.642586
vt 0.351078 0.652688
vt 0.346381 0.642586
vt 0.349984 0.642586
vt 0.345036 0.652688
vt 0.340289 0.642586
vt 0.343891 0.642586
vt 0.338977 0.652688
vt 0.334336 0.642586
vt 0.337939 0.642586
vt 0.332975 0.652688
vt 0.328204 0.642586
vt 0.331806 0.642586
vt 0.326973 0.652688
vt 0.421550 0.642590
vt 0.425153 0.642590
vt 0.426417 0.652688
vt 0.420420 0.652688
vt 0.415659 0.642590
vt 0.419262 0.642590
vt 0.414400 0.652688
vt 0.409602 0.642590
vt 0.413204 0.642590
vt 0.408328 0.652688
vt 0.403558 0.642590
vt 0.407161 0.642590
vt 0.402302 0.652688
vt 0.401208 0.642590
vt 0.396260 0.652688
vt 0.397605 0.642590
vt 0.391513 0.642590
vt 0.395115 0.642590
vt 0.390202 0.652688
vt 0.385560 0.642590
vt 0.389163 0.642590
vt 0.384199 0.652688
vt 0.379428 0.642590
vt 0.383030 0.642590
vt 0.378197 0.652688
vt 0.370326 0.642586
vt 0.373928 0.642586
vt 0.375193 0.652688
vt 0.369196 0.652688
vt 0.364435 0.642586
vt 0.368038 0.642586
vt 0.363175 0.652688
vt 0.358377 0.642586
vt 0.361980 0.642586
vt 0.357104 0.652688
vt 0.352334 0.642586
vt 0.355937 0.642586
vt 0.351078 0.652688
vt 0.349984 0.642586
vt 0.345036 0.652688
vt 0.346381 0.642586
vt 0.340289 0.642586
vt 0.343891 0.642586
vt 0.338977 0.652688
vt 0.334336 0.642586
vt 0.337939 0.642586
vt 0.332975 0.652688
vt 0.328204 0.642586
vt 0.331806 0.642586
vt 0.326973 0.652688
vt 0.421550 0.642590
vt 0.425153 0.642590
vt 0.426417 0.652688
vt 0.420420 0.652688
vt 0.415659 0.642590
vt 0.419262 0.642590
vt 0.414400 0.652688
vt 0.409602 0.642590
vt 0.413204 0.642590
vt 0.408328 0.652688
vt 0.403558 0.642590
vt 0.407161 0.642590
vt 0.402302 0.652688
vt 0.401208 0.642590
vt 0.396260 0.652688
vt 0.397605 0.642590
vt 0.391513 0.642590
vt 0.395115 0.642590
vt 0.390202 0.652688
vt 0.385560 0.642590
vt 0.389163 0.642590
vt 0.384199 0.652688
vt 0.379428 0.642590
vt 0.383030 0.642590
vt 0.378197 0.652688
vt 0.024814 0.065730
vt 0.010994 0.065846
vt 0.010853 0.061428
vt 0.024814 0.061428
vt 0.008178 0.065932
vt 0.003440 0.065915
vt 0.003483 0.061428
vt 0.007969 0.061428
vt 0.024814 0.056862
vt 0.010853 0.056862
vt 0.011101 0.052438
vt 0.024814 0.052602
vt 0.024814 0.065730
vt 0.010994 0.065846
vt 0.010853 0.061428
vt 0.024814 0.061428
vt 0.008178 0.065932
vt 0.003440 0.065915
vt 0.003483 0.061428
vt 0.007969 0.061428
vt 0.716581 0.069518
vt 0.686104 0.069518
vt 0.686104 0.066355
vt 0.716581 0.066355
vt 0.716581 0.059447
vt 0.686104 0.059447
vt 0.686104 0.056046
vt 0.716581 0.056046
vt 0.716581 0.069518
vt 0.686104 0.069518
vt 0.686104 0.066355
vt 0.716581 0.066355
vt 0.716581 0.059447
vt 0.686104 0.059447
vt 0.686104 0.056046
vt 0.716581 0.056046
vt 0.716581 0.069518
vt 0.686104 0.069518
vt 0.686104 0.066355
vt 0.716581 0.066355
vt 0.716581 0.059447
vt 0.686104 0.059447
vt 0.686104 0.056046
vt 0.716581 0.056046
vt 0.716581 0.069518
vt 0.686104 0.069518
vt 0.686104 0.066355
vt 0.716581 0.066355
vt 0.716581 0.059447
vt 0.686104 0.059447
vt 0.686104 0.056046
vt 0.716581 0.056046
vt 0.716581 0.069518
vt 0.686104 0.069518
vt 0.686104 0.066355
vt 0.716581 0.066355
vt 0.716581 0.059447
vt 0.686104 0.059447
vt 0.686104 0.056046
vt 0.716581 0.056046
vt 0.716581 0.069518
vt 0.686104 0.069518
vt 0.686104 0.066355
vt 0.716581 0.066355
vt 0.716581 0.059447
vt 0.686104 0.059447
vt 0.686104 0.056046
vt 0.716581 0.056046
vt 0.716581 0.069518
vt 0.686104 0.069518
vt 0.686104 0.066355
vt 0.716581 0.066355
vt 0.716581 0.059447
vt 0.686104 0.059447
vt 0.686104 0.056046
vt 0.716581 0.056046
vt 0.716581 0.069518
vt 0.686104 0.069518
vt 0.686104 0.066355
vt 0.716581 0.066355
vt 0.716581 0.059447
vt 0.686104 0.059447
vt 0.686104 0.056046
vt 0.716581 0.056046
vt 0.716581 0.069518
vt 0.686104 0.069518
vt 0.686104 0.066355
vt 0.716581 0.066355
vt 0.716581 0.059447
vt 0.686104 0.059447
vt 0.686104 0.056046
vt 0.716581 0.056046
vt 0.716581 0.069518
vt 0.686104 0.069518
vt 0.686104 0.066355
vt 0.716581 0.066355
vt 0.716581 0.059447
vt 0.686104 0.059447
vt 0.686104 0.056046
vt 0.716581 0.056046
vt 0.716581 0.069518
vt 0.686104 0.069518
vt 0.686104 0.066355
vt 0.716581 0.066355
vt 0.716581 0.059447
vt 0.686104 0.059447
vt 0.686104 0.056046
vt 0.716581 0.056046
vt 0.716581 0.069518
vt 0.686104 0.069518
vt 0.686104 0.066355
vt 0.716581 0.066355
vt 0.716581 0.059447
vt 0.686104 0.059447
vt 0.686104 0.056046
vt 0.716581 0.056046
vt 0.716581 0.069518
vt 0.686104 0.069518
vt 0.686104 0.066355
vt 0.716581 0.066355
vt 0.716581 0.059447
vt 0.686104 0.059447
vt 0.686104 0.056046
vt 0.716581 0.056046
vt 0.716581 0.069518
vt 0.686104 0.069518
vt 0.686104 0.066355
vt 0.716581 0.066355
vt 0.716581 0.059447
vt 0.686104 0.059447
vt 0.686104 0.056046
vt 0.716581 0.056046
vt 0.716581 0.069518
vt 0.686104 0.069518
vt 0.686104 0.066355
vt 0.716581 0.066355
vt 0.716581 0.059447
vt 0.686104 0.059447
vt 0.686104 0.056046
vt 0.716581 0.056046
vt 0.716581 0.069518
vt 0.686104 0.069518
vt 0.686104 0.066355
vt 0.716581 0.066355
vt 0.716581 0.059447
vt 0.686104 0.059447
vt 0.686104 0.056046
vt 0.716581 0.056046
vt 0.978608 0.164112
vt 0.973781 0.164112
vt 0.975827 0.151954
vt 0.975827 0.179493
vt 0.997015 0.144710
vt 0.989809 0.144710
vt 0.992990 0.129429
vt 0.992990 0.163677
vt 0.997015 0.144710
vt 0.989809 0.144710
vt 0.992990 0.129429
vt 0.992990 0.163677
vt 0.003582 0.006430
vt 0.019303 0.006430
vt 0.019303 0.007943
vt 0.003582 0.007943
vt 0.519467 0.547505
vt 0.517795 0.554662
vt 0.514120 0.554662
vt 0.512434 0.547505
vt 0.511180 0.547505
vt 0.509489 0.554662
vt 0.505698 0.554662
vt 0.503924 0.547505
vt 0.502692 0.547505
vt 0.501006 0.554662
vt 0.497331 0.554662
vt 0.495658 0.547505
vt 0.528467 0.547505
vt 0.526693 0.554662
vt 0.522902 0.554662
vt 0.521211 0.547505
vt 0.496604 0.530541
vt 0.509123 0.530541
vt 0.509123 0.543458
vt 0.496604 0.543458
vt 0.986988 0.164112
vt 0.982177 0.164112
vt 0.984300 0.151954
vt 0.984300 0.179493
vt 0.986988 0.164112
vt 0.982177 0.164112
vt 0.984300 0.151954
vt 0.984300 0.179493
vt 0.970007 0.164112
vt 0.965399 0.164112
vt 0.967422 0.151954
vt 0.967422 0.179493
vt 0.970007 0.164112
vt 0.965399 0.164112
vt 0.967422 0.151954
vt 0.967422 0.179493
vt 0.986988 0.164112
vt 0.982177 0.164112
vt 0.984300 0.151954
vt 0.984300 0.179493
vt 0.823270 0.686993
vt 0.820945 0.682068
vt 0.847883 0.682068
vt 0.848721 0.686993
vt 0.900589 0.686993
vt 0.849672 0.682068
vt 0.900397 0.682068
vt 0.808625 0.686993
vt 0.810106 0.682068
vt 0.823919 0.682068
vt 0.821100 0.686993
vt 0.795686 0.686993
vt 0.797155 0.682068
vt 0.809225 0.682068
vt 0.808627 0.686993
vt 0.723173 0.686993
vt 0.724719 0.682068
vt 0.736612 0.682068
vt 0.736280 0.686993
vt 0.712549 0.686993
vt 0.712975 0.682068
vt 0.722922 0.682068
vt 0.723180 0.686993
vt 0.695124 0.686993
vt 0.694759 0.682068
vt 0.712269 0.682068
vt 0.712549 0.686993
vt 0.673805 0.686993
vt 0.673543 0.682068
vt 0.696497 0.682068
vt 0.695125 0.686993
vt 0.320873 0.112402
vt 0.321932 0.106869
vt 0.339644 0.106869
vt 0.340769 0.112402
vt 0.341828 0.106869
vt 0.359474 0.106869
vt 0.360510 0.112402
vt 0.361569 0.106869
vt 0.379159 0.106869
vt 0.380246 0.112402
vt 0.381341 0.106869
vt 0.398987 0.106869
vt 0.400046 0.112402
vt 0.419889 0.112402
vt 0.401105 0.106869
vt 0.418842 0.106869
vt 0.421016 0.106869
vt 0.438663 0.106869
vt 0.439696 0.112402
vt 0.440755 0.106869
vt 0.458344 0.106869
vt 0.459471 0.112402
vt 0.460530 0.106869
vt 0.478176 0.106869
vt 0.479245 0.112402
vt 0.480304 0.106869
vt 0.497974 0.106869
vt 0.499033 0.112402
vt 0.518871 0.112402
vt 0.500166 0.106869
vt 0.517812 0.106869
vt 0.519938 0.106869
vt 0.537528 0.106869
vt 0.538696 0.112402
vt 0.539755 0.106869
vt 0.548578 0.106869
vt 0.557401 0.106869
vt 0.558460 0.112402
vt 0.992741 0.773287
vt 0.992741 0.787101
vt 0.903127 0.787101
vt 0.903127 0.773287
vt 0.903127 0.811738
vt 0.903127 0.799149
vt 0.992739 0.799150
vt 0.992741 0.811741
vt 0.903127 0.795789
vt 0.903127 0.790224
vt 0.992740 0.790178
vt 0.992739 0.795742
vt 0.189928 0.069941
vt 0.154648 0.069941
vt 0.160242 0.064325
vt 0.189928 0.064325
vt 0.149729 0.058970
vt 0.156731 0.058970
vt 0.156731 0.064325
vt 0.149729 0.064325
vt 0.189928 0.069941
vt 0.154648 0.069941
vt 0.160242 0.064325
vt 0.189928 0.064325
vt 0.149729 0.058970
vt 0.156731 0.058970
vt 0.156731 0.064325
vt 0.149729 0.064325
vt 0.114580 0.102290
vt 0.115854 0.097729
vt 0.135831 0.097731
vt 0.137079 0.102294
vt 0.138384 0.097734
vt 0.158414 0.097733
vt 0.159685 0.102303
vt 0.160955 0.097749
vt 0.180921 0.097745
vt 0.182203 0.102312
vt 0.183447 0.097744
vt 0.203371 0.097743
vt 0.204588 0.102306
vt 0.227040 0.102310
vt 0.205907 0.097745
vt 0.225891 0.097747
vt 0.249638 0.102320
vt 0.228422 0.097750
vt 0.248380 0.097759
vt 0.272118 0.102321
vt 0.250896 0.097757
vt 0.270833 0.097767
vt 0.294590 0.102297
vt 0.273346 0.097741
vt 0.293351 0.097741
vt 0.317157 0.102299
vt 0.295899 0.097731
vt 0.315883 0.097738
vt 0.836063 0.026657
vt 0.885607 0.026657
vt 0.885607 0.028177
vt 0.836063 0.028177
vt 0.836063 0.026657
vt 0.885607 0.026657
vt 0.885607 0.028177
vt 0.836063 0.028177
vt 0.647939 0.110466
vt 0.662994 0.110466
vt 0.663988 0.115177
vt 0.646945 0.115177
vt 0.630950 0.110466
vt 0.645951 0.110466
vt 0.629939 0.115177
vt 0.613883 0.110466
vt 0.628928 0.110466
vt 0.612890 0.115177
vt 0.596796 0.110466
vt 0.611897 0.110466
vt 0.595809 0.115177
vt 0.579780 0.110466
vt 0.594821 0.110466
vt 0.578787 0.115177
vt 0.561720 0.115177
vt 0.562714 0.110466
vt 0.577794 0.110466
vt 0.181834 0.007935
vt 0.181834 0.001920
vt 0.186731 0.001920
vt 0.186731 0.007935
vt 0.168258 0.007935
vt 0.168258 0.001920
vt 0.176429 0.001920
vt 0.176429 0.007935
vt 0.158391 0.007935
vt 0.158391 0.001920
vt 0.163291 0.001920
vt 0.163291 0.007935
vt 0.181834 0.007935
vt 0.181834 0.001920
vt 0.186731 0.001920
vt 0.186731 0.007935
vt 0.168258 0.007935
vt 0.168258 0.001920
vt 0.176429 0.001920
vt 0.176429 0.007935
vt 0.158391 0.007935
vt 0.158391 0.001920
vt 0.163291 0.001920
vt 0.163291 0.007935
vt 0.181834 0.007935
vt 0.181834 0.001920
vt 0.186731 0.001920
vt 0.186731 0.007935
vt 0.168258 0.007935
vt 0.168258 0.001920
vt 0.176429 0.001920
vt 0.176429 0.007935
vt 0.158391 0.007935
vt 0.158391 0.001920
vt 0.163291 0.001920
vt 0.163291 0.007935
vt 0.181834 0.007935
vt 0.181834 0.001920
vt 0.186731 0.001920
vt 0.186731 0.007935
vt 0.168258 0.007935
vt 0.168258 0.001920
vt 0.176429 0.001920
vt 0.176429 0.007935
vt 0.158391 0.007935
vt 0.158391 0.001920
vt 0.163291 0.001920
vt 0.163291 0.007935
vt 0.181834 0.007935
vt 0.181834 0.001920
vt 0.186731 0.001920
vt 0.186731 0.007935
vt 0.168258 0.007935
vt 0.168258 0.001920
vt 0.176429 0.001920
vt 0.176429 0.007935
vt 0.158391 0.007935
vt 0.158391 0.001920
vt 0.163291 0.001920
vt 0.163291 0.007935
vt 0.782887 0.686993
vt 0.783479 0.682068
vt 0.795514 0.682068
vt 0.795705 0.686993
vt 0.770832 0.686993
vt 0.771082 0.682068
vt 0.781625 0.682068
vt 0.782887 0.686993
vt 0.759954 0.686993
vt 0.760415 0.682068
vt 0.769655 0.682068
vt 0.770839 0.686993
vt 0.617881 0.686993
vt 0.621391 0.682068
vt 0.674255 0.682068
vt 0.673816 0.686993
vt 0.703835 0.772478
vt 0.703835 0.784091
vt 0.617914 0.784091
vt 0.617914 0.772478
vt 0.617898 0.806403
vt 0.617898 0.795326
vt 0.703823 0.795289
vt 0.703809 0.806403
vt 0.617898 0.792022
vt 0.617898 0.786898
vt 0.703835 0.786992
vt 0.703823 0.791929
vt 0.880705 0.772478
vt 0.880705 0.784091
vt 0.869810 0.784091
vt 0.869810 0.772478
vt 0.598981 0.213216
vt 0.598981 0.201822
vt 0.603470 0.200020
vt 0.603470 0.213216
vt 0.869814 0.806409
vt 0.869810 0.795289
vt 0.880705 0.795289
vt 0.880708 0.806409
vt 0.869810 0.791929
vt 0.869810 0.786992
vt 0.880705 0.786992
vt 0.880705 0.791929
vt 0.863210 0.772477
vt 0.863210 0.784091
vt 0.710290 0.784091
vt 0.710290 0.772478
vt 0.710290 0.806409
vt 0.710290 0.795289
vt 0.863213 0.795289
vt 0.863213 0.806410
vt 0.710290 0.791929
vt 0.710290 0.786992
vt 0.863210 0.786951
vt 0.863213 0.791880
vt 0.266739 0.005033
vt 0.266739 0.002772
vt 0.272926 0.002772
vt 0.272926 0.005033
vt 0.282783 0.002772
vt 0.282783 0.007920
vt 0.277389 0.007920
vt 0.277389 0.002772
vt 0.277389 0.007920
vt 0.277389 0.002772
vt 0.282783 0.002772
vt 0.282783 0.007920
vt 0.313842 0.001922
vt 0.313842 0.007786
vt 0.308093 0.007786
vt 0.308093 0.001922
vt 0.282783 0.002772
vt 0.282783 0.007920
vt 0.277389 0.007920
vt 0.277389 0.002772
vt 0.189928 0.069941
vt 0.154648 0.069941
vt 0.160242 0.064325
vt 0.189928 0.064325
vt 0.149729 0.058970
vt 0.156731 0.058970
vt 0.156731 0.064325
vt 0.149729 0.064325
vt 0.638250 0.070886
vt 0.551303 0.070886
vt 0.551303 0.067338
vt 0.638250 0.067338
vt 0.638250 0.063897
vt 0.554205 0.063897
vt 0.554205 0.060364
vt 0.638250 0.060364
vt 0.638250 0.070886
vt 0.551303 0.070886
vt 0.551303 0.067338
vt 0.638250 0.067338
vt 0.638250 0.063897
vt 0.554205 0.063897
vt 0.554205 0.060364
vt 0.638250 0.060364
vt 0.544655 0.070886
vt 0.544655 0.067338
vt 0.503014 0.067338
vt 0.503014 0.070886
vt 0.544655 0.063896
vt 0.544655 0.060348
vt 0.505916 0.060348
vt 0.505916 0.063896
vt 0.638250 0.070886
vt 0.638250 0.067338
vt 0.551303 0.067338
vt 0.551303 0.070886
vt 0.638250 0.063897
vt 0.638250 0.060364
vt 0.554205 0.060364
vt 0.554205 0.063897
vt 0.986988 0.164112
vt 0.982177 0.164112
vt 0.984300 0.151954
vt 0.984300 0.179493
vt 0.986988 0.164112
vt 0.982177 0.164112
vt 0.984300 0.151954
vt 0.984300 0.179493
vt 0.997015 0.144710
vt 0.989809 0.144710
vt 0.992990 0.129429
vt 0.992990 0.163677
vt 0.978608 0.164112
vt 0.973781 0.164112
vt 0.975827 0.151954
vt 0.975827 0.179493
vt 0.978608 0.164112
vt 0.973781 0.164112
vt 0.975827 0.151954
vt 0.975827 0.179493
vt 0.997015 0.144710
vt 0.989809 0.144710
vt 0.992990 0.129429
vt 0.992990 0.163677
vt 0.978608 0.164112
vt 0.973781 0.164112
vt 0.975827 0.151954
vt 0.975827 0.179493
vt 0.997015 0.144710
vt 0.989809 0.144710
vt 0.992990 0.129429
vt 0.992990 0.163677
vt 0.571339 0.246434
vt 0.577393 0.246434
vt 0.577393 0.252633
vt 0.571339 0.252633
vt 0.376672 0.150446
vt 0.429298 0.150446
vt 0.429298 0.189829
vt 0.376672 0.189829
vt 0.382345 0.554702
vt 0.382345 0.638094
vt 0.336801 0.638094
vt 0.336801 0.554702
vt 0.136050 0.526401
vt 0.175732 0.526401
vt 0.175732 0.543025
vt 0.136050 0.543025
vt 0.177767 0.526401
vt 0.213207 0.526401
vt 0.213207 0.543025
vt 0.177767 0.543025
vt 0.339852 0.526401
vt 0.339852 0.543025
vt 0.382345 0.543025
vt 0.382345 0.526401
vt 0.714651 0.153452
vt 0.754898 0.153452
vt 0.754898 0.191682
vt 0.714651 0.191682
vt 0.963931 0.505376
vt 0.871352 0.505376
vt 0.871352 0.462874
vt 0.963931 0.462874
vt 0.701316 0.555763
vt 0.701316 0.462874
vt 0.793967 0.462874
vt 0.793967 0.555763
vt 0.650379 0.087592
vt 0.658906 0.087592
vt 0.658906 0.084537
vt 0.650379 0.084537
vt 0.646269 0.081583
vt 0.653131 0.076515
vt 0.555981 0.076515
vt 0.549116 0.081583
vt 0.830563 0.402079
vt 0.820789 0.402078
vt 0.774995 0.456419
vt 0.789296 0.456411
vt 0.819764 0.381311
vt 0.819764 0.389403
vt 0.822810 0.389403
vt 0.822810 0.381311
vt 0.770219 0.435709
vt 0.770202 0.443764
vt 0.815869 0.389403
vt 0.815869 0.381311
vt 0.770202 0.450355
vt 0.772755 0.452370
vt 0.818529 0.398008
vt 0.815869 0.395994
vt 0.224049 0.070207
vt 0.199432 0.070207
vt 0.205226 0.064627
vt 0.224049 0.064627
vt 0.194468 0.059051
vt 0.201504 0.059051
vt 0.201465 0.064627
vt 0.194468 0.064627
vt 0.224049 0.070207
vt 0.199432 0.070207
vt 0.205226 0.064627
vt 0.224049 0.064627
vt 0.194468 0.059051
vt 0.201504 0.059051
vt 0.201465 0.064627
vt 0.194468 0.064627
vt 0.102097 0.069941
vt 0.066818 0.069941
vt 0.072401 0.064274
vt 0.102097 0.064274
vt 0.062457 0.058831
vt 0.069517 0.058831
vt 0.069517 0.064274
vt 0.062457 0.064274
vt 0.981032 0.065711
vt 0.997308 0.065711
vt 0.997308 0.055021
vt 0.981032 0.055021
vt 0.969735 0.065711
vt 0.952807 0.065711
vt 0.952807 0.055021
vt 0.969735 0.055021
vt 0.977969 0.065711
vt 0.977969 0.055021
vt 0.972798 0.055021
vt 0.972798 0.065711
vt 0.364100 0.320072
vt 0.364100 0.259725
vt 0.328513 0.259725
vt 0.328513 0.320072
vt 0.364100 0.320072
vt 0.364100 0.259725
vt 0.328513 0.259725
vt 0.328513 0.320072
vt 0.364100 0.320072
vt 0.328513 0.320072
vt 0.328513 0.259725
vt 0.364100 0.259725
vt 0.024814 0.065730
vt 0.010994 0.065846
vt 0.010853 0.061428
vt 0.024814 0.061428
vt 0.008178 0.065932
vt 0.003440 0.065915
vt 0.003483 0.061428
vt 0.007969 0.061428
vt 0.988297 0.356975
vt 0.997417 0.356975
vt 0.997417 0.359654
vt 0.988297 0.359654
vt 0.986571 0.362752
vt 0.986571 0.372806
vt 0.963953 0.347889
vt 0.963953 0.337918
vt 0.988297 0.353077
vt 0.965646 0.328193
vt 0.997417 0.353077
vt 0.997417 0.328193
vt 0.963953 0.334020
vt 0.965646 0.332091
vt 0.988297 0.356975
vt 0.986571 0.358855
vt 0.950930 0.194543
vt 0.951384 0.164545
vt 0.919886 0.181126
vt 0.919792 0.193758
vt 0.807951 0.103397
vt 0.807951 0.115945
vt 0.775940 0.115945
vt 0.775940 0.103397
vt 0.807951 0.097644
vt 0.807951 0.100457
vt 0.775940 0.100528
vt 0.775940 0.097644
vt 0.421550 0.642590
vt 0.425152 0.642590
vt 0.426417 0.652688
vt 0.420420 0.652688
vt 0.415659 0.642590
vt 0.419262 0.642590
vt 0.414400 0.652688
vt 0.409602 0.642590
vt 0.413204 0.642590
vt 0.408329 0.652688
vt 0.403558 0.642590
vt 0.407161 0.642590
vt 0.402302 0.652688
vt 0.401208 0.642590
vt 0.396260 0.652688
vt 0.397605 0.642590
vt 0.391513 0.642590
vt 0.395115 0.642590
vt 0.390202 0.652688
vt 0.385560 0.642590
vt 0.389163 0.642590
vt 0.384199 0.652688
vt 0.379428 0.642590
vt 0.383030 0.642590
vt 0.378197 0.652688
vt 0.024814 0.065730
vt 0.010852 0.065730
vt 0.010852 0.061428
vt 0.024814 0.061428
vt 0.007969 0.065730
vt 0.003483 0.065730
vt 0.003483 0.061428
vt 0.007969 0.061428
vt 0.997015 0.144710
vt 0.989809 0.144710
vt 0.992990 0.129429
vt 0.992990 0.163677
vt 0.978608 0.164112
vt 0.973781 0.164112
vt 0.975827 0.151954
vt 0.975827 0.179493
vt 0.571339 0.246434
vt 0.577393 0.246434
vt 0.577393 0.252633
vt 0.571339 0.252633
vt 0.189928 0.069941
vt 0.154648 0.069941
vt 0.160241 0.064325
vt 0.189928 0.064325
vt 0.149729 0.058970
vt 0.156731 0.058970
vt 0.156731 0.064325
vt 0.149729 0.064325
vt 0.090817 0.097808
vt 0.110250 0.097808
vt 0.111414 0.103427
vt 0.089653 0.103427
vt 0.068920 0.097808
vt 0.088490 0.097808
vt 0.067757 0.103427
vt 0.047119 0.097808
vt 0.066585 0.097808
vt 0.045956 0.103427
vt 0.025225 0.097808
vt 0.044776 0.097808
vt 0.024062 0.103427
vt 0.002195 0.103427
vt 0.003359 0.097808
vt 0.022887 0.097808
vt 0.181833 0.007935
vt 0.181833 0.001920
vt 0.186731 0.001920
vt 0.186731 0.007935
vt 0.168258 0.007935
vt 0.168258 0.001920
vt 0.176429 0.001920
vt 0.176429 0.007935
vt 0.158391 0.007935
vt 0.158391 0.001920
vt 0.163291 0.001920
vt 0.163291 0.007935
vt 0.747814 0.686993
vt 0.748308 0.682068
vt 0.758872 0.682068
vt 0.759956 0.686993
vt 0.736279 0.686993
vt 0.737873 0.682068
vt 0.746649 0.682068
vt 0.747815 0.686993
vt 0.462058 0.658614
vt 0.462018 0.642536
vt 0.477586 0.642522
vt 0.477586 0.658614
vt 0.282783 0.002772
vt 0.282783 0.007920
vt 0.277389 0.007920
vt 0.277389 0.002772
vt 0.115419 0.150446
vt 0.159173 0.150446
vt 0.159173 0.189829
vt 0.115419 0.189829
vt 0.373141 0.150446
vt 0.373141 0.189829
vt 0.310748 0.189829
vt 0.310748 0.150446
vt 0.716581 0.069518
vt 0.686104 0.069518
vt 0.686104 0.066355
vt 0.716581 0.066355
vt 0.716581 0.059447
vt 0.686104 0.059447
vt 0.686104 0.056046
vt 0.716581 0.056046
vt 0.544655 0.070886
vt 0.503014 0.070886
vt 0.503014 0.067338
vt 0.544655 0.067338
vt 0.544655 0.063896
vt 0.505916 0.063896
vt 0.505916 0.060348
vt 0.544655 0.060348
vt 0.638250 0.070886
vt 0.551303 0.070886
vt 0.551303 0.067338
vt 0.638250 0.067338
vt 0.638250 0.063897
vt 0.554205 0.063897
vt 0.554205 0.060364
vt 0.638250 0.060364
vt 0.370326 0.642586
vt 0.373928 0.642586
vt 0.375192 0.652688
vt 0.369196 0.652688
vt 0.364435 0.642586
vt 0.368038 0.642586
vt 0.363175 0.652688
vt 0.358377 0.642586
vt 0.361980 0.642586
vt 0.357104 0.652688
vt 0.352334 0.642586
vt 0.355937 0.642586
vt 0.351078 0.652688
vt 0.349983 0.642586
vt 0.345035 0.652688
vt 0.346381 0.642586
vt 0.340289 0.642586
vt 0.343891 0.642586
vt 0.338977 0.652688
vt 0.334336 0.642586
vt 0.337939 0.642586
vt 0.332974 0.652688
vt 0.328204 0.642586
vt 0.331806 0.642586
vt 0.326973 0.652688
vt 0.982297 0.460959
vt 0.982632 0.395344
vt 0.997303 0.395495
vt 0.997316 0.460959
vt 0.538437 0.087782
vt 0.529715 0.087782
vt 0.529715 0.083648
vt 0.538437 0.083648
vt 0.475846 0.083648
vt 0.526434 0.083648
vt 0.526434 0.087782
vt 0.475846 0.087782
vt 0.024419 0.361427
vt 0.024419 0.365873
vt 0.004553 0.365873
vt 0.004553 0.361427
vt 0.004553 0.427678
vt 0.004553 0.365873
vt 0.024419 0.365873
vt 0.024419 0.427674
vt 0.004553 0.437829
vt 0.004553 0.427678
vt 0.024419 0.427674
vt 0.024419 0.437825
vt 0.420939 0.506180
vt 0.424695 0.506180
vt 0.424695 0.522667
vt 0.420939 0.522667
vt 0.424695 0.506180
vt 0.497367 0.506180
vt 0.497367 0.522667
vt 0.424695 0.522667
vt 0.500169 0.522667
vt 0.497367 0.522667
vt 0.497367 0.506180
vt 0.500169 0.506180
vt 0.777258 0.069327
vt 0.782276 0.069327
vt 0.782276 0.094630
vt 0.777258 0.094630
vt 0.782276 0.069327
vt 0.883500 0.069327
vt 0.883500 0.094630
vt 0.782276 0.094630
vt 0.886880 0.094630
vt 0.883500 0.094630
vt 0.883500 0.069327
vt 0.886880 0.069327
vt 0.891772 0.069399
vt 0.895614 0.069399
vt 0.895614 0.094669
vt 0.891772 0.094669
vt 0.895614 0.069399
vt 0.996052 0.069400
vt 0.996168 0.094670
vt 0.895614 0.094669
vt 0.004177 0.305685
vt 0.004177 0.302053
vt 0.025694 0.302053
vt 0.025694 0.305685
vt 0.025694 0.202800
vt 0.025694 0.302053
vt 0.004177 0.302053
vt 0.004177 0.202800
vt 0.059157 0.068890
vt 0.033532 0.068890
vt 0.039340 0.063484
vt 0.059157 0.063484
vt 0.028532 0.058157
vt 0.035578 0.058157
vt 0.035578 0.063484
vt 0.028532 0.063484
vt 0.146008 0.069941
vt 0.110735 0.069941
vt 0.116342 0.064310
vt 0.146008 0.064310
vt 0.105820 0.058917
vt 0.112832 0.058917
vt 0.112832 0.064310
vt 0.105820 0.064310
vt 0.798205 0.029567
vt 0.792167 0.029567
vt 0.792167 0.023527
vt 0.798205 0.023527
vt 0.761697 0.029567
vt 0.759103 0.029567
vt 0.759103 0.023527
vt 0.761697 0.023527
vt 0.003582 0.007943
vt 0.003582 0.006430
vt 0.019303 0.006430
vt 0.019303 0.007943
vt 0.519467 0.547505
vt 0.517795 0.554662
vt 0.514119 0.554662
vt 0.512434 0.547505
vt 0.511180 0.547505
vt 0.509489 0.554662
vt 0.505698 0.554662
vt 0.503923 0.547505
vt 0.502691 0.547505
vt 0.501006 0.554662
vt 0.497331 0.554662
vt 0.495658 0.547505
vt 0.528467 0.547505
vt 0.526693 0.554662
vt 0.522902 0.554662
vt 0.521210 0.547505
vt 0.496604 0.530541
vt 0.509123 0.530541
vt 0.509123 0.543458
vt 0.496604 0.543458
vt 0.970007 0.164112
vt 0.965399 0.164112
vt 0.967422 0.151954
vt 0.967422 0.179493
vt 0.986988 0.164112
vt 0.982177 0.164112
vt 0.984300 0.151954
vt 0.984300 0.179493
vt 0.801285 0.019006
vt 0.795434 0.019006
vt 0.795434 0.018071
vt 0.801285 0.018071
vt 0.869144 0.099705
vt 0.867332 0.108125
vt 0.863204 0.108125
vt 0.861370 0.099705
vt 0.859011 0.099705
vt 0.857239 0.108125
vt 0.852998 0.108125
vt 0.851059 0.099705
vt 0.892075 0.099705
vt 0.890241 0.108125
vt 0.886114 0.108125
vt 0.884301 0.099705
vt 0.880853 0.099705
vt 0.878914 0.108125
vt 0.874673 0.108125
vt 0.872901 0.099705
vt 0.876126 0.112179
vt 0.886336 0.112179
vt 0.886336 0.123049
vt 0.876126 0.123049
vt 0.477670 0.234084
vt 0.477693 0.268832
vt 0.472994 0.268832
vt 0.472975 0.234081
vt 0.477711 0.196711
vt 0.477711 0.221510
vt 0.473085 0.221510
vt 0.473085 0.196711
vt 0.429298 0.141602
vt 0.429298 0.147367
vt 0.376672 0.147367
vt 0.376672 0.141602
vt 0.115419 0.141602
vt 0.159173 0.141602
vt 0.159173 0.147367
vt 0.115419 0.147367
vt 0.162353 0.147367
vt 0.162353 0.141602
vt 0.192427 0.141602
vt 0.192427 0.147367
vt 0.310748 0.141602
vt 0.373141 0.141602
vt 0.373141 0.147367
vt 0.310748 0.147367
vt 0.177767 0.638128
vt 0.177767 0.554719
vt 0.207524 0.554719
vt 0.207524 0.638128
vt 0.162353 0.150446
vt 0.192427 0.150446
vt 0.192427 0.189829
vt 0.162353 0.189829
vt 0.175732 0.554719
vt 0.175732 0.638128
vt 0.136050 0.638128
vt 0.136050 0.554719
vt 0.175732 0.551716
vt 0.136050 0.551716
vt 0.136050 0.545808
vt 0.175732 0.545808
vt 0.207524 0.551716
vt 0.177767 0.551716
vt 0.177767 0.545808
vt 0.213207 0.545808
vt 0.339852 0.545808
vt 0.382345 0.545808
vt 0.382345 0.551698
vt 0.336801 0.551698
vt 0.084362 0.215791
vt 0.147501 0.215785
vt 0.147501 0.305663
vt 0.084362 0.305672
vt 0.414385 0.906397
vt 0.414385 0.995617
vt 0.395723 0.995617
vt 0.395723 0.906397
vt 0.392425 0.906397
vt 0.392425 0.995617
vt 0.337167 0.995617
vt 0.337167 0.987558
vt 0.543785 0.081583
vt 0.550650 0.076515
vt 0.548866 0.073980
vt 0.542001 0.079048
vt 0.393021 0.897314
vt 0.393021 0.891703
vt 0.414385 0.891703
vt 0.414385 0.897314
vt 0.449077 0.897400
vt 0.449077 0.890846
vt 0.473618 0.890846
vt 0.473618 0.897400
vt 0.549116 0.081583
vt 0.555981 0.076515
vt 0.653130 0.076515
vt 0.646269 0.081583
vt 0.650378 0.084537
vt 0.658906 0.084537
vt 0.658906 0.087592
vt 0.650378 0.087592
vt 0.473618 0.903109
vt 0.449077 0.903109
vt 0.449077 0.900185
vt 0.473618 0.900185
vt 0.239940 0.605985
vt 0.239940 0.637890
vt 0.231581 0.637890
vt 0.231581 0.602102
vt 0.272752 0.602102
vt 0.272752 0.637890
vt 0.263837 0.637890
vt 0.263837 0.605985
vt 0.227482 0.606316
vt 0.227482 0.632865
vt 0.210646 0.632864
vt 0.210646 0.606316
vt 0.324175 0.456867
vt 0.324175 0.414337
vt 0.345753 0.414337
vt 0.345753 0.456867
vt 0.253151 0.456867
vt 0.253151 0.414337
vt 0.275491 0.414337
vt 0.275491 0.456867
vt 0.893586 0.648282
vt 0.893586 0.558481
vt 0.997183 0.558481
vt 0.997183 0.648282
vt 0.701264 0.648282
vt 0.701264 0.558481
vt 0.807716 0.558481
vt 0.807716 0.648282
vt 0.414435 0.390347
vt 0.414385 0.393269
vt 0.411462 0.393269
vt 0.411462 0.390347
vt 0.331965 0.355984
vt 0.329042 0.355984
vt 0.329042 0.324574
vt 0.331965 0.324574
vt 0.411422 0.361370
vt 0.414035 0.361370
vt 0.414035 0.387393
vt 0.411422 0.387393
vt 0.539982 0.612139
vt 0.539982 0.576773
vt 0.549037 0.576773
vt 0.549037 0.612139
vt 0.496289 0.612139
vt 0.496289 0.576773
vt 0.505343 0.576773
vt 0.505343 0.612139
vt 0.411606 0.483497
vt 0.383539 0.483497
vt 0.383539 0.462252
vt 0.411606 0.462252
vt 0.711589 0.153452
vt 0.711589 0.191682
vt 0.698145 0.191682
vt 0.698145 0.147005
vt 0.772087 0.147005
vt 0.772087 0.191682
vt 0.758396 0.191682
vt 0.758396 0.153452
vt 0.946920 0.306355
vt 0.991950 0.306355
vt 0.991950 0.324056
vt 0.946920 0.324056
vt 0.876403 0.224531
vt 0.854305 0.224531
vt 0.854316 0.217764
vt 0.876413 0.217764
vt 0.878807 0.231213
vt 0.853842 0.231213
vt 0.854305 0.227890
vt 0.876403 0.227890
vt 0.906127 0.224531
vt 0.884389 0.224531
vt 0.884389 0.217764
vt 0.906127 0.217764
vt 0.903164 0.231213
vt 0.881996 0.231213
vt 0.884389 0.227890
vt 0.906127 0.227890
vt 0.906127 0.234415
vt 0.903164 0.231213
vt 0.903164 0.234415
vt 0.914039 0.224531
vt 0.909211 0.224531
vt 0.909211 0.217764
vt 0.914039 0.217765
vt 0.775002 0.456427
vt 0.776608 0.460029
vt 0.786378 0.460029
vt 0.784772 0.456427
vt 0.968615 0.398598
vt 0.979526 0.398598
vt 0.979526 0.407023
vt 0.968611 0.407023
vt 0.784772 0.456427
vt 0.786378 0.460029
vt 0.776608 0.460029
vt 0.774835 0.456427
vt 0.789569 0.456427
vt 0.820635 0.401997
vt 0.830555 0.401997
vt 0.822681 0.381311
vt 0.822682 0.389402
vt 0.819764 0.389402
vt 0.819764 0.381311
vt 0.815869 0.381311
vt 0.815869 0.389402
vt 0.770048 0.443805
vt 0.770048 0.435706
vt 0.815869 0.395994
vt 0.818560 0.398079
vt 0.772761 0.452509
vt 0.770048 0.450396
vt 0.962523 0.228494
vt 0.917210 0.228494
vt 0.917210 0.217618
vt 0.962523 0.217618
vt 0.955019 0.299238
vt 0.917210 0.299238
vt 0.951647 0.251118
vt 0.917099 0.238695
vt 0.973186 0.217618
vt 0.973001 0.228494
vt 0.965926 0.228494
vt 0.965926 0.217618
vt 0.390506 0.073720
vt 0.380511 0.080057
vt 0.320985 0.080041
vt 0.330980 0.073704
vt 0.380511 0.087849
vt 0.320985 0.087849
vt 0.320985 0.082996
vt 0.380511 0.083012
vt 0.903235 0.312306
vt 0.938981 0.312306
vt 0.938981 0.303523
vt 0.903235 0.303523
vt 0.905866 0.319526
vt 0.938981 0.319526
vt 0.938981 0.315571
vt 0.903235 0.315571
vt 0.881412 0.303523
vt 0.881412 0.312306
vt 0.900288 0.312306
vt 0.900288 0.303523
vt 0.465646 0.073881
vt 0.457727 0.079899
vt 0.387607 0.079899
vt 0.395497 0.073881
vt 0.471574 0.087854
vt 0.461606 0.087854
vt 0.461606 0.082853
vt 0.471574 0.082853
vt 0.897866 0.319526
vt 0.900288 0.315571
vt 0.881412 0.315571
vt 0.881412 0.319526
vt 0.457727 0.087854
vt 0.387607 0.087854
vt 0.387607 0.082853
vt 0.457727 0.082853
vt 0.837662 0.387373
vt 0.878103 0.387373
vt 0.878168 0.323010
vt 0.837746 0.378594
vt 0.102097 0.069941
vt 0.066817 0.069941
vt 0.072401 0.064274
vt 0.102097 0.064274
vt 0.062457 0.058831
vt 0.069517 0.058831
vt 0.069517 0.064274
vt 0.062457 0.064274
vt 0.249820 0.070200
vt 0.232749 0.070200
vt 0.239048 0.064800
vt 0.249820 0.064800
vt 0.228092 0.059064
vt 0.235287 0.059064
vt 0.235287 0.064800
vt 0.228092 0.064800
vt 0.224049 0.070207
vt 0.199432 0.070207
vt 0.205226 0.064627
vt 0.224049 0.064627
vt 0.194468 0.059051
vt 0.201504 0.059051
vt 0.201465 0.064627
vt 0.194468 0.064627
vt 0.977969 0.065711
vt 0.972797 0.065711
vt 0.972797 0.055021
vt 0.977969 0.055021
vt 0.969734 0.065711
vt 0.952807 0.065711
vt 0.952807 0.055021
vt 0.969734 0.055021
vt 0.981032 0.055021
vt 0.997308 0.055021
vt 0.997308 0.065711
vt 0.981032 0.065711
vt 0.364099 0.320072
vt 0.328513 0.320072
vt 0.328513 0.259725
vt 0.364099 0.259725
vt 0.914819 0.181307
vt 0.915373 0.195182
vt 0.919837 0.195193
vt 0.920446 0.181320
vt 0.942003 0.201631
vt 0.942003 0.213654
vt 0.937612 0.213654
vt 0.937612 0.201631
vt 0.807951 0.115945
vt 0.807951 0.102002
vt 0.812441 0.102010
vt 0.812967 0.115981
vt 0.820279 0.097543
vt 0.824693 0.097552
vt 0.824660 0.102010
vt 0.820247 0.102002
vt 0.963953 0.337918
vt 0.963953 0.347889
vt 0.986571 0.372806
vt 0.986571 0.362752
vt 0.988297 0.359654
vt 0.997417 0.359654
vt 0.997417 0.356975
vt 0.988297 0.356975
vt 0.965646 0.328193
vt 0.988297 0.353077
vt 0.997417 0.353077
vt 0.997417 0.328193
vt 0.986571 0.358855
vt 0.988297 0.356975
vt 0.965646 0.332091
vt 0.963953 0.334020
vt 0.921011 0.028177
vt 0.950417 0.028177
vt 0.950417 0.029697
vt 0.921011 0.029697
vt 0.921014 0.025172
vt 0.950417 0.025172
vt 0.950417 0.026657
vt 0.921011 0.026657
vt 0.668925 0.080969
vt 0.667567 0.076817
vt 0.679057 0.076817
vt 0.677663 0.080969
vt 0.686353 0.080969
vt 0.684807 0.076817
vt 0.696290 0.076817
vt 0.695090 0.080969
vt 0.703779 0.080969
vt 0.702399 0.076817
vt 0.713890 0.076817
vt 0.712518 0.080969
vt 0.721208 0.080969
vt 0.719816 0.076817
vt 0.731307 0.076817
vt 0.729949 0.080969
vt 0.738721 0.080969
vt 0.737398 0.076817
vt 0.748888 0.076817
vt 0.747462 0.080969
vt 0.756074 0.080969
vt 0.754660 0.076817
vt 0.766151 0.076817
vt 0.764814 0.080969
vt 0.122370 0.049620
vt 0.109282 0.049620
vt 0.109282 0.041572
vt 0.122370 0.041572
vt 0.152919 0.049620
vt 0.122370 0.049620
vt 0.122370 0.041572
vt 0.152919 0.041572
vt 0.078763 0.041572
vt 0.109282 0.041572
vt 0.109282 0.049620
vt 0.078763 0.049620
vt 0.693482 0.529420
vt 0.684015 0.543170
vt 0.659222 0.526389
vt 0.689395 0.526389
vt 0.689395 0.522617
vt 0.659222 0.522617
vt 0.659222 0.494493
vt 0.689395 0.494493
vt 0.689395 0.491098
vt 0.659222 0.491098
vt 0.684015 0.474428
vt 0.693482 0.488366
vt 0.693167 0.522617
vt 0.693167 0.494493
vt 0.698310 0.494493
vt 0.698310 0.522617
vt 0.675909 0.065486
vt 0.645172 0.065486
vt 0.645172 0.060804
vt 0.675909 0.060804
vt 0.930531 0.445155
vt 0.928312 0.458202
vt 0.924119 0.458202
vt 0.921702 0.445155
vt 0.919395 0.458202
vt 0.915202 0.458202
vt 0.912916 0.445155
vt 0.910540 0.458202
vt 0.906347 0.458202
vt 0.904089 0.445155
vt 0.901499 0.458202
vt 0.897307 0.458202
vt 0.895224 0.445155
vt 0.892527 0.458202
vt 0.888335 0.458202
vt 0.886375 0.445155
vt 0.884720 0.458202
vt 0.880532 0.458202
vt 0.877536 0.445155
vt 0.666892 0.240267
vt 0.665848 0.244100
vt 0.675043 0.244100
vt 0.673940 0.240267
vt 0.685813 0.240267
vt 0.684677 0.244100
vt 0.693817 0.244100
vt 0.692687 0.240267
vt 0.704348 0.240267
vt 0.703542 0.244100
vt 0.712677 0.244100
vt 0.711427 0.240267
vt 0.723690 0.240267
vt 0.722511 0.244100
vt 0.731602 0.244100
vt 0.730565 0.240267
vt 0.742205 0.240267
vt 0.741150 0.244100
vt 0.750151 0.244100
vt 0.749104 0.240267
vt 0.648104 0.240267
vt 0.647007 0.244100
vt 0.656146 0.244100
vt 0.654996 0.240267
vt 0.527670 0.041572
vt 0.595679 0.041572
vt 0.595674 0.049620
vt 0.527665 0.049620
vt 0.455795 0.049620
vt 0.455795 0.041572
vt 0.520339 0.041572
vt 0.525167 0.049620
vt 0.938981 0.387373
vt 0.938981 0.323117
vt 0.905866 0.323117
vt 0.905866 0.387373
vt 0.263820 0.049620
vt 0.265299 0.041572
vt 0.377013 0.041572
vt 0.376967 0.049620
vt 0.376967 0.049620
vt 0.380689 0.041572
vt 0.441291 0.041572
vt 0.451212 0.049620
vt 0.838681 0.125377
vt 0.872299 0.153653
vt 0.872299 0.126365
vt 0.838681 0.102084
vt 0.872299 0.153653
vt 0.914844 0.181266
vt 0.914844 0.156239
vt 0.872299 0.126365
vt 0.952207 0.181415
vt 0.952207 0.155955
vt 0.914844 0.156239
vt 0.914844 0.181266
vt 0.812188 0.032287
vt 0.831605 0.032287
vt 0.831605 0.037926
vt 0.812188 0.037926
vt 0.729828 0.037926
vt 0.698084 0.037926
vt 0.698084 0.032287
vt 0.729828 0.032287
vt 0.004195 0.642179
vt 0.063442 0.642179
vt 0.063442 0.662544
vt 0.004195 0.662632
vt 0.063442 0.674476
vt 0.004195 0.674774
vt 0.063442 0.723381
vt 0.004195 0.726650
vt 0.063759 0.309098
vt 0.129933 0.309136
vt 0.129933 0.357669
vt 0.063759 0.437813
vt 0.129933 0.382334
vt 0.069600 0.437813
vt 0.540918 0.900259
vt 0.540947 0.996581
vt 0.471912 0.884633
vt 0.540947 0.867115
vt 0.471912 0.866321
vt 0.471917 0.852553
vt 0.540945 0.852589
vt 0.471913 0.821851
vt 0.540948 0.819444
vt 0.471911 0.807775
vt 0.540948 0.807960
vt 0.540947 0.777755
vt 0.471912 0.777755
vt 0.245124 0.803827
vt 0.322526 0.803827
vt 0.322526 0.827291
vt 0.245124 0.827955
vt 0.322526 0.839796
vt 0.245124 0.843077
vt 0.322526 0.873720
vt 0.245124 0.872405
vt 0.245124 0.888698
vt 0.322526 0.886621
vt 0.322526 0.918642
vt 0.245124 0.919178
vt 0.322526 0.932243
vt 0.245124 0.936180
vt 0.245124 0.962049
vt 0.322526 0.964670
vt 0.245124 0.996636
vt 0.322526 0.996636
vt 0.227521 0.037926
vt 0.227521 0.032287
vt 0.240364 0.032287
vt 0.241114 0.037863
vt 0.264877 0.032287
vt 0.265067 0.037751
vt 0.292835 0.037621
vt 0.292835 0.032287
vt 0.694707 0.191524
vt 0.637630 0.191524
vt 0.694707 0.142571
vt 0.633662 0.191524
vt 0.633661 0.142571
vt 0.421136 0.995560
vt 0.417515 0.995560
vt 0.417515 0.920318
vt 0.421136 0.924956
vt 0.445121 0.920318
vt 0.445121 0.924956
vt 0.503051 0.434662
vt 0.562356 0.434662
vt 0.562279 0.473964
vt 0.503051 0.503130
vt 0.587963 0.473858
vt 0.587963 0.611978
vt 0.573315 0.611978
vt 0.348510 0.396890
vt 0.351475 0.396890
vt 0.351475 0.454123
vt 0.348510 0.457221
vt 0.414659 0.454123
vt 0.417069 0.457221
vt 0.414659 0.396890
vt 0.417069 0.396890
vt 0.250158 0.799241
vt 0.191439 0.799281
vt 0.191439 0.726426
vt 0.250119 0.726500
vt 0.191439 0.675853
vt 0.250000 0.674722
vt 0.249983 0.662599
vt 0.191439 0.662664
vt 0.249954 0.642179
vt 0.191439 0.642179
vt 0.187475 0.799281
vt 0.128092 0.799325
vt 0.128092 0.723381
vt 0.187475 0.726426
vt 0.128092 0.679535
vt 0.187475 0.675853
vt 0.128092 0.662511
vt 0.187475 0.662664
vt 0.187475 0.642179
vt 0.128092 0.642179
vt 0.241211 0.996636
vt 0.166300 0.996636
vt 0.166300 0.965127
vt 0.241211 0.962049
vt 0.166300 0.937243
vt 0.241211 0.936180
vt 0.241211 0.919178
vt 0.166300 0.919291
vt 0.241211 0.888698
vt 0.166300 0.885037
vt 0.241211 0.872405
vt 0.166300 0.861224
vt 0.241211 0.843077
vt 0.166300 0.843496
vt 0.241211 0.827955
vt 0.166300 0.828783
vt 0.241211 0.803827
vt 0.166300 0.803827
vt 0.432486 0.189829
vt 0.432486 0.150443
vt 0.484750 0.189829
vt 0.498643 0.150443
vt 0.498643 0.189829
vt 0.491449 0.662146
vt 0.491449 0.773080
vt 0.473085 0.773080
vt 0.473085 0.662146
vt 0.454721 0.773080
vt 0.454721 0.662146
vt 0.436357 0.662146
vt 0.436357 0.773080
vt 0.417992 0.662146
vt 0.417993 0.773080
vt 0.399628 0.662146
vt 0.399628 0.773080
vt 0.381264 0.662146
vt 0.381264 0.773080
vt 0.362900 0.662146
vt 0.362900 0.773080
vt 0.344536 0.662146
vt 0.344536 0.773080
vt 0.326172 0.773080
vt 0.326172 0.662146
vt 0.904122 0.769854
vt 0.904122 0.699334
vt 0.922527 0.699334
vt 0.922527 0.769854
vt 0.940932 0.699334
vt 0.940932 0.769854
vt 0.959337 0.699334
vt 0.959337 0.769854
vt 0.977742 0.769854
vt 0.977742 0.699334
vt 0.996117 0.769854
vt 0.996117 0.699334
vt 0.167637 0.205960
vt 0.187755 0.191510
vt 0.187698 0.247620
vt 0.150837 0.215785
vt 0.150837 0.305663
vt 0.402537 0.392301
vt 0.341050 0.392301
vt 0.341050 0.358437
vt 0.402537 0.363824
vt 0.341050 0.324574
vt 0.402537 0.335347
vt 0.993264 0.509715
vt 0.996985 0.509715
vt 0.996985 0.547932
vt 0.993264 0.544229
vt 0.879173 0.547932
vt 0.882894 0.544229
vt 0.879173 0.509715
vt 0.882894 0.509715
vt 0.114581 0.105080
vt 0.114581 0.137563
vt 0.137093 0.137563
vt 0.137079 0.105080
vt 0.159605 0.137563
vt 0.159644 0.105080
vt 0.182203 0.137563
vt 0.182203 0.105080
vt 0.204588 0.137563
vt 0.204588 0.105080
vt 0.227140 0.137563
vt 0.227040 0.105080
vt 0.249652 0.137563
vt 0.249652 0.105080
vt 0.272118 0.137563
vt 0.272118 0.105080
vt 0.294590 0.137563
vt 0.294590 0.105080
vt 0.317188 0.137563
vt 0.317172 0.105080
vt 0.846801 0.426408
vt 0.847769 0.417176
vt 0.857438 0.419929
vt 0.853373 0.428202
vt 0.865658 0.427088
vt 0.858610 0.432985
vt 0.861214 0.438395
vt 0.870953 0.437279
vt 0.858551 0.444528
vt 0.853570 0.440451
vt 0.856848 0.435208
vt 0.870953 0.437279
vt 0.870458 0.448130
vt 0.861364 0.445952
vt 0.846801 0.426408
vt 0.847769 0.417176
vt 0.857438 0.419929
vt 0.853373 0.428202
vt 0.865658 0.427088
vt 0.858610 0.432985
vt 0.861214 0.438395
vt 0.870953 0.437279
vt 0.858551 0.444528
vt 0.853570 0.440451
vt 0.856848 0.435208
vt 0.870953 0.437279
vt 0.870458 0.448130
vt 0.861364 0.445952
vt 0.846801 0.426408
vt 0.847769 0.417176
vt 0.857438 0.419929
vt 0.853373 0.428202
vt 0.865658 0.427088
vt 0.858610 0.432985
vt 0.861214 0.438395
vt 0.870953 0.437279
vt 0.858551 0.444528
vt 0.853570 0.440451
vt 0.856848 0.435208
vt 0.870953 0.437279
vt 0.870458 0.448130
vt 0.861364 0.445952
vt 0.846801 0.426408
vt 0.847769 0.417176
vt 0.857438 0.419929
vt 0.853373 0.428202
vt 0.865658 0.427088
vt 0.858610 0.432985
vt 0.861214 0.438395
vt 0.870953 0.437279
vt 0.853570 0.440451
vt 0.856848 0.435208
vt 0.858551 0.444528
vt 0.870953 0.437279
vt 0.870458 0.448130
vt 0.861364 0.445952
vt 0.846801 0.426408
vt 0.847769 0.417176
vt 0.857438 0.419929
vt 0.853373 0.428202
vt 0.865658 0.427088
vt 0.858610 0.432985
vt 0.861214 0.438395
vt 0.870953 0.437279
vt 0.853570 0.440451
vt 0.856848 0.435208
vt 0.858551 0.444528
vt 0.870953 0.437279
vt 0.870458 0.448130
vt 0.861364 0.445952
vt 0.110746 0.074063
vt 0.110746 0.084642
vt 0.089228 0.084642
vt 0.089228 0.074063
vt 0.067480 0.084642
vt 0.067480 0.074063
vt 0.045779 0.084642
vt 0.045779 0.074063
vt 0.024015 0.084642
vt 0.024015 0.074063
vt 0.002547 0.074063
vt 0.002547 0.084642
vt 0.556803 0.103420
vt 0.556803 0.091222
vt 0.548358 0.091222
vt 0.548358 0.103420
vt 0.528579 0.091222
vt 0.528579 0.103420
vt 0.508709 0.103420
vt 0.508709 0.091222
vt 0.488740 0.091222
vt 0.488740 0.103420
vt 0.468733 0.091222
vt 0.468733 0.103420
vt 0.448759 0.091222
vt 0.448759 0.103420
vt 0.428704 0.091222
vt 0.428704 0.103420
vt 0.408543 0.103420
vt 0.408543 0.091222
vt 0.388532 0.091222
vt 0.388532 0.103420
vt 0.368672 0.091222
vt 0.368672 0.103420
vt 0.348811 0.091222
vt 0.348811 0.103420
vt 0.328888 0.091222
vt 0.328888 0.103420
vt 0.320471 0.091222
vt 0.320471 0.103420
vt 0.663070 0.091926
vt 0.663070 0.101434
vt 0.646225 0.101434
vt 0.646225 0.091926
vt 0.629311 0.101434
vt 0.629311 0.091926
vt 0.612363 0.101434
vt 0.612363 0.091926
vt 0.595460 0.101434
vt 0.595460 0.091926
vt 0.578581 0.091926
vt 0.578581 0.101434
vt 0.561688 0.091926
vt 0.561688 0.101434
vt 0.363872 0.053251
vt 0.363872 0.069208
vt 0.358872 0.069208
vt 0.358872 0.053251
vt 0.353691 0.069208
vt 0.353691 0.053251
vt 0.348571 0.069208
vt 0.348571 0.053251
vt 0.343718 0.069208
vt 0.343718 0.053251
vt 0.338506 0.069208
vt 0.338506 0.053251
vt 0.332850 0.069208
vt 0.332850 0.053251
vt 0.327246 0.069208
vt 0.327246 0.053251
vt 0.322142 0.053251
vt 0.322142 0.069208
vt 0.363872 0.053251
vt 0.363872 0.069208
vt 0.358872 0.069208
vt 0.358872 0.053251
vt 0.353691 0.069208
vt 0.353691 0.053251
vt 0.348571 0.069208
vt 0.348571 0.053251
vt 0.343718 0.069208
vt 0.343718 0.053251
vt 0.338506 0.069208
vt 0.338506 0.053251
vt 0.332850 0.069208
vt 0.332850 0.053251
vt 0.327246 0.069208
vt 0.327246 0.053251
vt 0.322142 0.053251
vt 0.322142 0.069208
vt 0.363872 0.053251
vt 0.363872 0.069208
vt 0.358872 0.069208
vt 0.358872 0.053251
vt 0.353691 0.069208
vt 0.353691 0.053251
vt 0.348571 0.069208
vt 0.348571 0.053251
vt 0.343718 0.069208
vt 0.343718 0.053251
vt 0.338506 0.069208
vt 0.338506 0.053251
vt 0.332850 0.069208
vt 0.332850 0.053251
vt 0.327246 0.069208
vt 0.327246 0.053251
vt 0.322142 0.053251
vt 0.322142 0.069208
vt 0.363872 0.053251
vt 0.363872 0.069208
vt 0.358872 0.069208
vt 0.358872 0.053251
vt 0.353691 0.069208
vt 0.353691 0.053251
vt 0.348571 0.069208
vt 0.348571 0.053251
vt 0.343718 0.069208
vt 0.343718 0.053251
vt 0.338506 0.069208
vt 0.338506 0.053251
vt 0.332850 0.069208
vt 0.332850 0.053251
vt 0.327246 0.069208
vt 0.327246 0.053251
vt 0.322142 0.053251
vt 0.322142 0.069208
vt 0.363872 0.053251
vt 0.363872 0.069208
vt 0.358872 0.069208
vt 0.358872 0.053251
vt 0.353691 0.069208
vt 0.353691 0.053251
vt 0.348571 0.069208
vt 0.348571 0.053251
vt 0.343718 0.069208
vt 0.343718 0.053251
vt 0.338506 0.069208
vt 0.338506 0.053251
vt 0.332850 0.069208
vt 0.332850 0.053251
vt 0.327246 0.069208
vt 0.327246 0.053251
vt 0.322142 0.053251
vt 0.322142 0.069208
vt 0.322142 0.069208
vt 0.322142 0.053251
vt 0.327246 0.053251
vt 0.327246 0.069208
vt 0.332850 0.053251
vt 0.332850 0.069208
vt 0.338506 0.053251
vt 0.338506 0.069208
vt 0.343718 0.053251
vt 0.343718 0.069208
vt 0.348571 0.053251
vt 0.348571 0.069208
vt 0.353691 0.053251
vt 0.353691 0.069208
vt 0.358872 0.053251
vt 0.358872 0.069208
vt 0.363872 0.053251
vt 0.363872 0.069208
vt 0.322142 0.069208
vt 0.322142 0.053251
vt 0.327246 0.053251
vt 0.327246 0.069208
vt 0.332850 0.053251
vt 0.332850 0.069208
vt 0.338506 0.053251
vt 0.338506 0.069208
vt 0.343718 0.053251
vt 0.343718 0.069208
vt 0.348571 0.053251
vt 0.348571 0.069208
vt 0.353691 0.053251
vt 0.353691 0.069208
vt 0.358872 0.053251
vt 0.358872 0.069208
vt 0.363872 0.053251
vt 0.363872 0.069208
vt 0.363872 0.053251
vt 0.363872 0.069208
vt 0.358872 0.069208
vt 0.358872 0.053251
vt 0.353691 0.069208
vt 0.353691 0.053251
vt 0.348571 0.069208
vt 0.348571 0.053251
vt 0.343718 0.069208
vt 0.343718 0.053251
vt 0.338506 0.069208
vt 0.338506 0.053251
vt 0.332850 0.069208
vt 0.332850 0.053251
vt 0.327246 0.069208
vt 0.327246 0.053251
vt 0.322142 0.053251
vt 0.322142 0.069208
vt 0.316488 0.073981
vt 0.316488 0.087630
vt 0.294465 0.087630
vt 0.294465 0.073981
vt 0.271931 0.087630
vt 0.271931 0.073981
vt 0.249426 0.073981
vt 0.249426 0.087630
vt 0.226943 0.073981
vt 0.226943 0.087630
vt 0.204428 0.073981
vt 0.204428 0.087630
vt 0.181920 0.073981
vt 0.181920 0.087630
vt 0.159421 0.073981
vt 0.159421 0.087630
vt 0.136892 0.073981
vt 0.136892 0.087630
vt 0.114865 0.073981
vt 0.114865 0.087630
vt 0.411762 0.053229
vt 0.411762 0.069504
vt 0.407238 0.069504
vt 0.407238 0.053229
vt 0.401809 0.069504
vt 0.401809 0.053229
vt 0.396347 0.069504
vt 0.396347 0.053229
vt 0.391470 0.069504
vt 0.391470 0.053229
vt 0.386012 0.069504
vt 0.386012 0.053229
vt 0.380948 0.069504
vt 0.380948 0.053229
vt 0.375474 0.069504
vt 0.375474 0.053229
vt 0.370733 0.069504
vt 0.370733 0.053229
vt 0.716019 0.010426
vt 0.716019 0.014240
vt 0.708634 0.014240
vt 0.708634 0.010426
vt 0.697805 0.014240
vt 0.697805 0.010426
vt 0.666465 0.010426
vt 0.666465 0.014240
vt 0.995465 0.894303
vt 0.973215 0.894303
vt 0.973215 0.851943
vt 0.995465 0.811774
vt 0.965015 0.834499
vt 0.956814 0.829433
vt 0.948613 0.827814
vt 0.905921 0.811774
vt 0.940412 0.829433
vt 0.932212 0.834499
vt 0.924011 0.851943
vt 0.905921 0.894303
vt 0.924011 0.894303
vt 0.233806 0.041572
vt 0.233806 0.049620
vt 0.228105 0.049620
vt 0.228105 0.041572
vt 0.218216 0.049620
vt 0.218216 0.041572
vt 0.208687 0.049620
vt 0.208687 0.041572
vt 0.197242 0.049620
vt 0.197242 0.041572
vt 0.158460 0.049620
vt 0.158460 0.041572
vt 0.846801 0.426408
vt 0.847769 0.417176
vt 0.857438 0.419929
vt 0.853373 0.428202
vt 0.865658 0.427088
vt 0.858609 0.432985
vt 0.861214 0.438395
vt 0.870953 0.437279
vt 0.858550 0.444528
vt 0.853570 0.440451
vt 0.856848 0.435208
vt 0.870953 0.437279
vt 0.870458 0.448130
vt 0.861364 0.445952
vt 0.411762 0.053229
vt 0.411762 0.069504
vt 0.407238 0.069504
vt 0.407238 0.053229
vt 0.401809 0.069504
vt 0.401809 0.053229
vt 0.396347 0.069504
vt 0.396347 0.053229
vt 0.391469 0.069504
vt 0.391469 0.053229
vt 0.386012 0.069504
vt 0.386012 0.053229
vt 0.380948 0.069504
vt 0.380948 0.053229
vt 0.375474 0.069504
vt 0.375474 0.053229
vt 0.370733 0.053229
vt 0.370733 0.069504
vt 0.322142 0.069208
vt 0.322142 0.053251
vt 0.327246 0.053251
vt 0.327246 0.069208
vt 0.332850 0.053251
vt 0.332850 0.069208
vt 0.338506 0.053251
vt 0.338506 0.069208
vt 0.343718 0.053251
vt 0.343718 0.069208
vt 0.348571 0.053251
vt 0.348571 0.069208
vt 0.353691 0.053251
vt 0.353691 0.069208
vt 0.358872 0.053251
vt 0.358872 0.069208
vt 0.363872 0.053251
vt 0.363872 0.069208
vt 0.957031 0.337754
vt 0.958902 0.337754
vt 0.957031 0.340955
vt 0.940570 0.337754
vt 0.943954 0.340955
vt 0.988865 0.390355
vt 0.963088 0.458292
vt 0.988865 0.381814
vt 0.957031 0.458292
vt 0.957031 0.343796
vt 0.943954 0.343796
vt 0.943954 0.458292
vt 0.832992 0.023528
vt 0.832992 0.029567
vt 0.826974 0.029567
vt 0.826974 0.023528
vt 0.825542 0.029567
vt 0.825542 0.023528
vt 0.806588 0.023528
vt 0.806588 0.029567
vt 0.805143 0.029567
vt 0.805143 0.023528
vt 0.802542 0.029567
vt 0.802542 0.023528
vt 0.792167 0.023527
vt 0.792167 0.029567
vt 0.786125 0.029567
vt 0.786125 0.023527
vt 0.784694 0.029567
vt 0.784694 0.023527
vt 0.765736 0.023527
vt 0.765736 0.029567
vt 0.764292 0.029567
vt 0.764292 0.023527
vt 0.761697 0.029567
vt 0.761697 0.023527
vt 0.316037 0.053482
vt 0.316037 0.069020
vt 0.309666 0.069020
vt 0.309666 0.053482
vt 0.302869 0.069020
vt 0.302869 0.053482
vt 0.295743 0.069020
vt 0.295743 0.053482
vt 0.289780 0.069020
vt 0.289780 0.053482
vt 0.283095 0.069020
vt 0.283095 0.053482
vt 0.307298 0.141602
vt 0.307298 0.147367
vt 0.283400 0.147367
vt 0.283400 0.141602
vt 0.262382 0.147367
vt 0.262382 0.141602
vt 0.195918 0.147367
vt 0.195918 0.141602
vt 0.005308 0.638128
vt 0.005308 0.554719
vt 0.044229 0.554719
vt 0.044229 0.638128
vt 0.090746 0.554719
vt 0.090746 0.638128
vt 0.133986 0.638128
vt 0.133986 0.554719
vt 0.473591 0.905755
vt 0.527763 0.986928
vt 0.449077 0.905755
vt 0.527763 0.994974
vt 0.449077 0.994974
vt 0.889928 0.648282
vt 0.811646 0.648282
vt 0.811646 0.558481
vt 0.889928 0.558481
vt 0.850787 0.528181
vt 0.697201 0.648282
vt 0.615470 0.648282
vt 0.615470 0.558481
vt 0.697201 0.558481
vt 0.656335 0.528181
vt 0.316488 0.088648
vt 0.316488 0.093867
vt 0.294465 0.093867
vt 0.294465 0.088648
vt 0.271931 0.093867
vt 0.271931 0.088648
vt 0.249426 0.093867
vt 0.249426 0.088648
vt 0.226943 0.093867
vt 0.226943 0.088648
vt 0.204427 0.093867
vt 0.204427 0.088648
vt 0.181920 0.093867
vt 0.181920 0.088648
vt 0.159421 0.093867
vt 0.159421 0.088648
vt 0.136892 0.093867
vt 0.136892 0.088648
vt 0.114865 0.093867
vt 0.114865 0.088648
vt 0.536904 0.311213
vt 0.542244 0.315966
vt 0.535758 0.330967
vt 0.528911 0.329706
vt 0.537164 0.347425
vt 0.530642 0.349990
vt 0.546082 0.360925
vt 0.541635 0.366628
vt 0.560125 0.367853
vt 0.558944 0.375170
vt 0.575530 0.366352
vt 0.577931 0.373319
vt 0.588168 0.356825
vt 0.593507 0.361574
vt 0.594653 0.341821
vt 0.601501 0.343085
vt 0.593248 0.325365
vt 0.599769 0.322801
vt 0.584329 0.311866
vt 0.588776 0.306160
vt 0.536543 0.612139
vt 0.508782 0.612139
vt 0.536543 0.576773
vt 0.508782 0.576773
vt 0.522663 0.557772
vt 0.868234 0.554583
vt 0.798093 0.555763
vt 0.798093 0.462874
vt 0.867102 0.462874
vt 0.832597 0.425298
vt 0.962523 0.231600
vt 0.959354 0.237417
vt 0.955019 0.235465
vt 0.917210 0.231600
vt 0.917210 0.235465
vt 0.958247 0.238558
vt 0.996911 0.286315
vt 0.958268 0.251122
vt 0.996911 0.299238
vt 0.958247 0.299238
vt 0.765262 0.453986
vt 0.754903 0.453986
vt 0.754903 0.419612
vt 0.765262 0.395076
vt 0.749945 0.408769
vt 0.742783 0.404731
vt 0.736722 0.404731
vt 0.714243 0.395076
vt 0.729541 0.408769
vt 0.724602 0.419612
vt 0.724602 0.453986
vt 0.714243 0.453986
vt 0.668778 0.481520
vt 0.651564 0.475350
vt 0.659266 0.453818
vt 0.689377 0.454575
vt 0.638477 0.445908
vt 0.630691 0.467675
vt 0.587127 0.451657
vt 0.574924 0.435398
vt 0.709776 0.360432
vt 0.708858 0.429505
vt 0.653218 0.389323
vt 0.995522 0.894303
vt 0.973215 0.894303
vt 0.973215 0.851943
vt 0.995522 0.811774
vt 0.965014 0.834499
vt 0.956814 0.829433
vt 0.948613 0.827814
vt 0.905921 0.811774
vt 0.940412 0.829433
vt 0.932211 0.834499
vt 0.924010 0.851943
vt 0.924010 0.894303
vt 0.905921 0.894303
vt 0.158459 0.041572
vt 0.158459 0.049620
vt 0.197242 0.049620
vt 0.197242 0.041572
vt 0.208687 0.049620
vt 0.208687 0.041572
vt 0.218216 0.049620
vt 0.218216 0.041572
vt 0.228104 0.049620
vt 0.228104 0.041572
vt 0.233806 0.049620
vt 0.233806 0.041572
vt 0.111516 0.106708
vt 0.111516 0.137437
vt 0.089653 0.137437
vt 0.089653 0.106708
vt 0.067790 0.137437
vt 0.067790 0.106708
vt 0.045928 0.137437
vt 0.045927 0.106708
vt 0.024064 0.137437
vt 0.024064 0.106708
vt 0.002202 0.137437
vt 0.002202 0.106708
vt 0.110746 0.084642
vt 0.110746 0.094753
vt 0.089228 0.094753
vt 0.089228 0.084642
vt 0.067480 0.094753
vt 0.067480 0.084642
vt 0.045779 0.094753
vt 0.045779 0.084642
vt 0.024015 0.094753
vt 0.024015 0.084642
vt 0.002547 0.094753
vt 0.002547 0.084642
vt 0.890577 0.126357
vt 0.897535 0.122488
vt 0.915180 0.139483
vt 0.911163 0.146184
vt 0.939283 0.145703
vt 0.939283 0.153442
vt 0.963387 0.139483
vt 0.967405 0.146184
vt 0.981032 0.122488
vt 0.987991 0.126357
vt 0.987491 0.099273
vt 0.995525 0.099273
vt 0.561688 0.107226
vt 0.561688 0.102186
vt 0.578581 0.102186
vt 0.578581 0.107226
vt 0.595460 0.102186
vt 0.595460 0.107226
vt 0.612363 0.102186
vt 0.612363 0.107226
vt 0.629311 0.102186
vt 0.629311 0.107226
vt 0.646225 0.102186
vt 0.646225 0.107226
vt 0.663070 0.102186
vt 0.663070 0.107226
vt 0.849837 0.217580
vt 0.849837 0.223603
vt 0.835791 0.227531
vt 0.832724 0.222362
vt 0.825238 0.238524
vt 0.820105 0.235606
vt 0.821284 0.253638
vt 0.815426 0.253761
vt 0.824992 0.268823
vt 0.819936 0.271965
vt 0.835360 0.280009
vt 0.832429 0.285339
vt 0.849837 0.284200
vt 0.849837 0.290300
vt 0.773596 0.084608
vt 0.773596 0.099848
vt 0.764871 0.099848
vt 0.764814 0.084608
vt 0.756146 0.099848
vt 0.756074 0.084608
vt 0.747421 0.099848
vt 0.747462 0.084608
vt 0.738697 0.099848
vt 0.738721 0.084608
vt 0.729973 0.099848
vt 0.729949 0.084608
vt 0.721249 0.099848
vt 0.721208 0.084608
vt 0.712525 0.099848
vt 0.712518 0.084608
vt 0.703802 0.099848
vt 0.703779 0.084608
vt 0.695080 0.099848
vt 0.695090 0.084608
vt 0.686358 0.099848
vt 0.686353 0.084608
vt 0.677638 0.099848
vt 0.677663 0.084608
vt 0.668918 0.099848
vt 0.668925 0.084608
vt 0.637711 0.251464
vt 0.637711 0.265527
vt 0.647007 0.265527
vt 0.647007 0.251464
vt 0.656146 0.265527
vt 0.656146 0.251464
vt 0.647007 0.247104
vt 0.656146 0.247104
vt 0.665848 0.265527
vt 0.665848 0.251464
vt 0.675043 0.265527
vt 0.675043 0.251464
vt 0.665848 0.247104
vt 0.675043 0.247104
vt 0.684677 0.265527
vt 0.684677 0.251464
vt 0.693817 0.265527
vt 0.693817 0.251464
vt 0.684677 0.247104
vt 0.693817 0.247104
vt 0.703542 0.265527
vt 0.703542 0.251464
vt 0.712677 0.265527
vt 0.712677 0.251464
vt 0.703542 0.247104
vt 0.712677 0.247104
vt 0.722511 0.265527
vt 0.722511 0.251464
vt 0.731602 0.265527
vt 0.731602 0.251464
vt 0.722511 0.247104
vt 0.731602 0.247104
vt 0.741150 0.265527
vt 0.741150 0.251464
vt 0.750151 0.265527
vt 0.750151 0.251464
vt 0.741150 0.247104
vt 0.750151 0.247104
vt 0.833354 0.412148
vt 0.833354 0.391684
vt 0.842191 0.391684
vt 0.842191 0.412148
vt 0.851027 0.391684
vt 0.851027 0.412148
vt 0.859863 0.391684
vt 0.859863 0.412148
vt 0.868700 0.391684
vt 0.868700 0.412148
vt 0.877536 0.391684
vt 0.877536 0.445155
vt 0.886372 0.391684
vt 0.886375 0.445155
vt 0.895209 0.391684
vt 0.895224 0.445155
vt 0.904045 0.391684
vt 0.904089 0.445155
vt 0.912881 0.391684
vt 0.912916 0.445155
vt 0.921718 0.391684
vt 0.921702 0.445155
vt 0.930554 0.391684
vt 0.930531 0.445155
vt 0.939390 0.391684
vt 0.939390 0.412148
vt 0.825732 0.049620
vt 0.825732 0.041572
vt 0.839710 0.041572
vt 0.839710 0.049620
vt 0.854206 0.041572
vt 0.854206 0.049620
vt 0.868670 0.041572
vt 0.868670 0.049620
vt 0.883024 0.041572
vt 0.883024 0.049620
vt 0.897433 0.041572
vt 0.897433 0.049620
vt 0.911824 0.041572
vt 0.911824 0.049620
vt 0.926204 0.041572
vt 0.926204 0.049620
vt 0.940647 0.041572
vt 0.940647 0.049620
vt 0.955137 0.041572
vt 0.955137 0.049620
vt 0.969580 0.041572
vt 0.969580 0.049620
vt 0.984004 0.041572
vt 0.984004 0.049620
vt 0.997958 0.041572
vt 0.997958 0.049620
vt 0.903848 0.696089
vt 0.903848 0.652378
vt 0.919307 0.652378
vt 0.919307 0.696089
vt 0.934766 0.652378
vt 0.934766 0.696089
vt 0.950225 0.696089
vt 0.950225 0.652378
vt 0.965685 0.652378
vt 0.965685 0.696089
vt 0.981144 0.652378
vt 0.981144 0.696089
vt 0.996603 0.652378
vt 0.996603 0.696089
vt 0.394424 0.884654
vt 0.326226 0.996581
vt 0.326226 0.899868
vt 0.326226 0.864127
vt 0.394423 0.866752
vt 0.394423 0.851097
vt 0.326228 0.852329
vt 0.394423 0.821668
vt 0.326226 0.820052
vt 0.394425 0.807598
vt 0.326225 0.807721
vt 0.326226 0.777755
vt 0.394424 0.777755
vt 0.467712 0.866321
vt 0.467712 0.884633
vt 0.398515 0.884654
vt 0.398516 0.866752
vt 0.467706 0.852553
vt 0.398517 0.851097
vt 0.467710 0.821851
vt 0.398515 0.821668
vt 0.398515 0.807598
vt 0.467713 0.807775
vt 0.467712 0.777755
vt 0.398515 0.777755
vt 0.545039 0.807960
vt 0.545040 0.777755
vt 0.614157 0.777755
vt 0.614158 0.807721
vt 0.545039 0.819444
vt 0.614158 0.820052
vt 0.545045 0.852590
vt 0.614156 0.852329
vt 0.614157 0.864127
vt 0.545040 0.867115
vt 0.545044 0.900258
vt 0.614157 0.899868
vt 0.614157 0.996581
vt 0.545040 0.996581
vt 0.162318 0.965127
vt 0.162318 0.996636
vt 0.086113 0.996636
vt 0.086113 0.962247
vt 0.162318 0.937243
vt 0.086113 0.934024
vt 0.162318 0.919291
vt 0.086113 0.919694
vt 0.086113 0.892367
vt 0.162318 0.885037
vt 0.086113 0.869405
vt 0.162318 0.861224
vt 0.086113 0.843024
vt 0.162318 0.843496
vt 0.162318 0.828783
vt 0.086113 0.828989
vt 0.086113 0.803827
vt 0.120223 0.803827
vt 0.145602 0.803827
vt 0.162318 0.803827
vt 0.191046 0.215096
vt 0.191045 0.192758
vt 0.256885 0.192758
vt 0.256885 0.215181
vt 0.191047 0.227857
vt 0.256885 0.227603
vt 0.256885 0.259510
vt 0.191048 0.260989
vt 0.256889 0.272460
vt 0.191049 0.273769
vt 0.256885 0.300276
vt 0.191051 0.299750
vt 0.191051 0.309041
vt 0.256885 0.311267
vt 0.133009 0.357669
vt 0.133009 0.309136
vt 0.133009 0.382334
vt 0.232855 0.382304
vt 0.256885 0.392188
vt 0.232856 0.392188
vt 0.259903 0.215181
vt 0.259903 0.192758
vt 0.325211 0.192758
vt 0.325211 0.214389
vt 0.259903 0.227603
vt 0.325211 0.226730
vt 0.325211 0.256634
vt 0.325087 0.303067
vt 0.259903 0.259510
vt 0.259898 0.272460
vt 0.259903 0.300276
vt 0.259903 0.311267
vt 0.325087 0.315509
vt 0.325087 0.383706
vt 0.275221 0.383706
vt 0.275221 0.392188
vt 0.259903 0.392188
vt 0.352400 0.453869
vt 0.352400 0.396890
vt 0.388221 0.396890
vt 0.388221 0.419722
vt 0.413734 0.453869
vt 0.403554 0.419722
vt 0.403554 0.396890
vt 0.413734 0.396890
vt 0.067727 0.662373
vt 0.067727 0.642179
vt 0.123964 0.642179
vt 0.123970 0.662661
vt 0.067727 0.674204
vt 0.123974 0.679810
vt 0.123986 0.723381
vt 0.067727 0.723381
vt 0.322304 0.699212
vt 0.322304 0.657250
vt 0.254042 0.657250
vt 0.254042 0.699212
vt 0.322304 0.741173
vt 0.254042 0.741173
vt 0.322304 0.783135
vt 0.254042 0.783135
vt 0.322304 0.741173
vt 0.322304 0.783135
vt 0.254042 0.783135
vt 0.254042 0.741173
vt 0.322304 0.699212
vt 0.254042 0.699212
vt 0.322304 0.657250
vt 0.254042 0.657250
vt 0.048194 0.735971
vt 0.016655 0.735971
vt 0.016655 0.799336
vt 0.048194 0.799336
vt 0.079733 0.735971
vt 0.079733 0.799336
vt 0.111271 0.735971
vt 0.111271 0.799336
vt 0.079733 0.735971
vt 0.111271 0.735971
vt 0.111271 0.799336
vt 0.079733 0.799336
vt 0.048194 0.735971
vt 0.048194 0.799336
vt 0.016655 0.735971
vt 0.016655 0.799336
vt 0.754903 0.419612
vt 0.754903 0.453986
vt 0.765262 0.453986
vt 0.765262 0.395076
vt 0.749945 0.408769
vt 0.742783 0.404731
vt 0.736722 0.404731
vt 0.714243 0.395076
vt 0.729541 0.408769
vt 0.724602 0.419612
vt 0.724602 0.453986
vt 0.714243 0.453986
vt 0.785065 0.833782
vt 0.785065 0.894864
vt 0.798603 0.840176
vt 0.805792 0.857886
vt 0.805792 0.894864
vt 0.742113 0.822391
vt 0.761396 0.835730
vt 0.770200 0.830104
vt 0.742113 0.839677
vt 0.755566 0.843721
vt 0.751346 0.854700
vt 0.751346 0.894303
vt 0.294465 0.087630
vt 0.316488 0.087630
vt 0.316488 0.073981
vt 0.294465 0.073981
vt 0.271931 0.087630
vt 0.271931 0.073981
vt 0.249426 0.087630
vt 0.249426 0.073981
vt 0.226943 0.087630
vt 0.226943 0.073981
vt 0.204428 0.087630
vt 0.204428 0.073981
vt 0.181920 0.087630
vt 0.181920 0.073981
vt 0.159421 0.087630
vt 0.159421 0.073981
vt 0.136892 0.087630
vt 0.136892 0.073981
vt 0.114865 0.087630
vt 0.114865 0.073981
vt 0.327246 0.053251
vt 0.322142 0.053251
vt 0.322142 0.069208
vt 0.327246 0.069208
vt 0.332850 0.053251
vt 0.332850 0.069208
vt 0.338506 0.069208
vt 0.338506 0.053251
vt 0.343718 0.053251
vt 0.343718 0.069208
vt 0.348571 0.053251
vt 0.348571 0.069208
vt 0.353691 0.053251
vt 0.353691 0.069208
vt 0.358872 0.053251
vt 0.358872 0.069208
vt 0.363872 0.053251
vt 0.363872 0.069208
vt 0.473085 0.773080
vt 0.491449 0.773080
vt 0.491449 0.662146
vt 0.473085 0.662146
vt 0.454721 0.773080
vt 0.454721 0.662146
vt 0.436357 0.773080
vt 0.436357 0.662146
vt 0.417993 0.773080
vt 0.417992 0.662146
vt 0.399629 0.773080
vt 0.399629 0.662146
vt 0.381264 0.773080
vt 0.381264 0.662146
vt 0.362900 0.773080
vt 0.362900 0.662146
vt 0.344536 0.662146
vt 0.344536 0.773080
vt 0.326172 0.773080
vt 0.326172 0.662146
vt 0.294465 0.093867
vt 0.316488 0.093867
vt 0.316488 0.088648
vt 0.294465 0.088648
vt 0.271931 0.093867
vt 0.271931 0.088648
vt 0.249426 0.093867
vt 0.249426 0.088648
vt 0.226943 0.093867
vt 0.226943 0.088648
vt 0.204428 0.093867
vt 0.204428 0.088648
vt 0.181920 0.093867
vt 0.181920 0.088648
vt 0.159421 0.093867
vt 0.159421 0.088648
vt 0.136893 0.093867
vt 0.136893 0.088648
vt 0.114865 0.093867
vt 0.114865 0.088648
vt 0.535758 0.330967
vt 0.542244 0.315966
vt 0.536904 0.311213
vt 0.528911 0.329706
vt 0.537164 0.347425
vt 0.530642 0.349990
vt 0.546082 0.360925
vt 0.541635 0.366628
vt 0.560125 0.367853
vt 0.558944 0.375170
vt 0.575530 0.366352
vt 0.577931 0.373319
vt 0.588168 0.356825
vt 0.593507 0.361574
vt 0.594653 0.341821
vt 0.601501 0.343085
vt 0.593248 0.325365
vt 0.599769 0.322801
vt 0.584329 0.311866
vt 0.588776 0.306160
vt 0.282783 0.005033
vt 0.282783 0.007920
vt 0.277389 0.007920
vt 0.277389 0.005033
vt 0.282783 0.002772
vt 0.277389 0.002772
vt 0.282783 0.005033
vt 0.282783 0.007920
vt 0.277389 0.007920
vt 0.277389 0.005033
vt 0.282783 0.002772
vt 0.277389 0.002772
vt 0.467953 0.526401
vt 0.491477 0.526401
vt 0.491477 0.543025
vt 0.467953 0.543025
vt 0.447723 0.526401
vt 0.447723 0.543025
vt 0.383470 0.526401
vt 0.383470 0.543025
vt 0.044229 0.543025
vt 0.005308 0.543025
vt 0.005308 0.526401
vt 0.044229 0.526401
vt 0.090746 0.543025
vt 0.090746 0.526401
vt 0.133986 0.543025
vt 0.133986 0.526401
vt 0.762183 0.103063
vt 0.773311 0.103063
vt 0.773311 0.136718
vt 0.762183 0.136718
vt 0.751776 0.103063
vt 0.751776 0.136718
vt 0.741360 0.103063
vt 0.741360 0.136718
vt 0.730028 0.103063
vt 0.730028 0.136718
vt 0.719432 0.103063
vt 0.719432 0.136718
vt 0.708683 0.103063
vt 0.708683 0.136718
vt 0.697769 0.103063
vt 0.697769 0.136718
vt 0.687129 0.103063
vt 0.687129 0.136718
vt 0.676107 0.103063
vt 0.676107 0.136718
vt 0.667608 0.103063
vt 0.667608 0.136718
vt 0.275627 0.526401
vt 0.215203 0.526401
vt 0.215203 0.543025
vt 0.275627 0.543025
vt 0.331426 0.526401
vt 0.331426 0.543025
vt 0.730815 0.289097
vt 0.723436 0.289097
vt 0.727126 0.283158
vt 0.719746 0.283158
vt 0.716056 0.289097
vt 0.712367 0.283158
vt 0.708677 0.289097
vt 0.704987 0.283158
vt 0.701297 0.289097
vt 0.704957 0.295610
vt 0.712188 0.295610
vt 0.708208 0.301665
vt 0.700846 0.301665
vt 0.697726 0.295610
vt 0.697634 0.283158
vt 0.693917 0.289097
vt 0.690228 0.283158
vt 0.701324 0.276867
vt 0.694093 0.276867
vt 0.708555 0.276867
vt 0.704574 0.270812
vt 0.697213 0.270812
vt 0.070319 0.150446
vt 0.112272 0.150446
vt 0.112272 0.189829
vt 0.070319 0.169846
vt 0.025203 0.150446
vt 0.070319 0.141602
vt 0.112272 0.141602
vt 0.112272 0.147367
vt 0.070319 0.147367
vt 0.025203 0.141602
vt 0.025203 0.147367
vt 0.467953 0.545808
vt 0.491477 0.545808
vt 0.491477 0.551679
vt 0.467953 0.551679
vt 0.447723 0.545808
vt 0.447723 0.551679
vt 0.383470 0.545808
vt 0.385930 0.551679
vt 0.044229 0.551716
vt 0.005308 0.551716
vt 0.005308 0.545808
vt 0.044229 0.545808
vt 0.090746 0.551716
vt 0.090746 0.545808
vt 0.133986 0.551716
vt 0.133986 0.545808
vt 0.488777 0.375121
vt 0.493293 0.368492
vt 0.500447 0.368677
vt 0.494251 0.377665
vt 0.485501 0.388407
vt 0.491246 0.388708
vt 0.486217 0.401660
vt 0.492017 0.400162
vt 0.492003 0.415123
vt 0.496894 0.411585
vt 0.501547 0.424737
vt 0.504884 0.419819
vt 0.513664 0.430534
vt 0.515219 0.424874
vt 0.527157 0.431922
vt 0.526775 0.425955
vt 0.540098 0.428426
vt 0.537715 0.422978
vt 0.551597 0.420643
vt 0.547455 0.416221
vt 0.555404 0.415149
vt 0.553025 0.408427
vt 0.275627 0.551698
vt 0.215203 0.551698
vt 0.215203 0.545808
vt 0.275627 0.545808
vt 0.333697 0.551698
vt 0.331426 0.545808
vt 0.845739 0.651973
vt 0.901111 0.651973
vt 0.901111 0.678555
vt 0.845739 0.678555
vt 0.821859 0.651973
vt 0.821859 0.678555
vt 0.802359 0.651973
vt 0.802359 0.678555
vt 0.792343 0.651973
vt 0.792343 0.678555
vt 0.781453 0.651973
vt 0.781453 0.678555
vt 0.771758 0.651973
vt 0.771758 0.678555
vt 0.761237 0.651973
vt 0.761237 0.678579
vt 0.751625 0.651973
vt 0.751625 0.678567
vt 0.741052 0.651973
vt 0.741052 0.678549
vt 0.728079 0.651973
vt 0.728079 0.678505
vt 0.715992 0.651973
vt 0.715992 0.678505
vt 0.700616 0.651973
vt 0.700616 0.678505
vt 0.778476 0.041572
vt 0.819376 0.041572
vt 0.819376 0.049620
vt 0.778476 0.049620
vt 0.761353 0.041572
vt 0.761353 0.049620
vt 0.747302 0.041572
vt 0.747302 0.049620
vt 0.739097 0.041572
vt 0.739097 0.049620
vt 0.729451 0.041572
vt 0.729451 0.049620
vt 0.720823 0.041572
vt 0.720823 0.049620
vt 0.711552 0.041572
vt 0.711552 0.049620
vt 0.703246 0.041572
vt 0.703246 0.049620
vt 0.694456 0.041572
vt 0.694456 0.049620
vt 0.684210 0.041572
vt 0.684210 0.049620
vt 0.674479 0.041572
vt 0.674479 0.049620
vt 0.662903 0.041572
vt 0.662903 0.049620
vt 0.640898 0.041572
vt 0.640898 0.049620
vt 0.600912 0.041572
vt 0.600912 0.049620
vt 0.977355 0.898497
vt 0.994927 0.898497
vt 0.994927 0.996655
vt 0.977355 0.996655
vt 0.959782 0.898497
vt 0.959782 0.996655
vt 0.942210 0.898497
vt 0.942210 0.996655
vt 0.924637 0.996655
vt 0.924637 0.898497
vt 0.907065 0.898497
vt 0.907065 0.996655
vt 0.889492 0.996655
vt 0.889492 0.898497
vt 0.871919 0.898497
vt 0.871919 0.996655
vt 0.854347 0.996655
vt 0.854347 0.898497
vt 0.853241 0.996655
vt 0.837880 0.996655
vt 0.836774 0.996655
vt 0.836774 0.898497
vt 0.819202 0.996655
vt 0.819202 0.898497
vt 0.801629 0.898497
vt 0.801629 0.996655
vt 0.784057 0.996655
vt 0.784057 0.898497
vt 0.321314 0.414337
vt 0.321314 0.456867
vt 0.278161 0.456867
vt 0.278161 0.414337
vt 0.299738 0.386804
vt 0.137093 0.137563
vt 0.114581 0.137563
vt 0.114580 0.105080
vt 0.137079 0.105080
vt 0.159605 0.137563
vt 0.159668 0.105080
vt 0.182203 0.137563
vt 0.182203 0.105080
vt 0.204588 0.137563
vt 0.204588 0.105080
vt 0.227140 0.137563
vt 0.227040 0.105080
vt 0.249652 0.137563
vt 0.249786 0.105080
vt 0.272118 0.137563
vt 0.272118 0.105080
vt 0.294590 0.137563
vt 0.294590 0.105080
vt 0.317188 0.137563
vt 0.317172 0.105080
vt 0.968611 0.409856
vt 0.979526 0.409855
vt 0.977506 0.413041
vt 0.971487 0.413029
vt 0.968929 0.413010
vt 0.798603 0.840176
vt 0.785065 0.894864
vt 0.785065 0.833782
vt 0.805792 0.857886
vt 0.805792 0.894864
vt 0.708634 0.010426
vt 0.716019 0.010426
vt 0.716019 0.014240
vt 0.708634 0.014240
vt 0.697805 0.010426
vt 0.697805 0.014240
vt 0.666465 0.010426
vt 0.666465 0.014240
vt 0.065934 0.041572
vt 0.073929 0.041572
vt 0.073929 0.049620
vt 0.065934 0.049620
vt 0.056925 0.041572
vt 0.056925 0.049620
vt 0.039903 0.041572
vt 0.039903 0.049620
vt 0.003260 0.041572
vt 0.003260 0.049620
vt 0.646945 0.117779
vt 0.663988 0.117779
vt 0.663988 0.137488
vt 0.646945 0.137488
vt 0.629901 0.117779
vt 0.629901 0.137488
vt 0.612858 0.117779
vt 0.612858 0.137488
vt 0.595815 0.117779
vt 0.595815 0.137488
vt 0.578771 0.117779
vt 0.578771 0.137488
vt 0.561728 0.117779
vt 0.561728 0.137488
vt 0.340637 0.137598
vt 0.320834 0.137598
vt 0.320834 0.115025
vt 0.340637 0.115025
vt 0.360440 0.137598
vt 0.360440 0.115025
vt 0.380246 0.137598
vt 0.380246 0.115025
vt 0.400046 0.137598
vt 0.400046 0.115025
vt 0.419889 0.137598
vt 0.419889 0.115025
vt 0.439652 0.137598
vt 0.439652 0.115025
vt 0.459454 0.137598
vt 0.459454 0.115025
vt 0.479257 0.137598
vt 0.479257 0.115025
vt 0.499061 0.137598
vt 0.499061 0.115025
vt 0.518863 0.137598
vt 0.518863 0.115025
vt 0.538666 0.137598
vt 0.538666 0.115025
vt 0.558469 0.137598
vt 0.558469 0.115025
vt 0.755348 0.257504
vt 0.769330 0.242389
vt 0.793180 0.239067
vt 0.811203 0.251571
vt 0.751371 0.281096
vt 0.818695 0.276581
vt 0.871465 0.327160
vt 0.850889 0.343759
vt 0.819443 0.346831
vt 0.788579 0.376275
vt 0.820150 0.369025
vt 0.725883 0.291655
vt 0.683060 0.333118
vt 0.162496 0.386003
vt 0.228798 0.386003
vt 0.195464 0.437506
vt 0.162496 0.437506
vt 0.109282 0.386003
vt 0.109282 0.437506
vt 0.073098 0.386003
vt 0.073098 0.437506
vt 0.855312 0.143617
vt 0.886957 0.172355
vt 0.886957 0.195670
vt 0.855312 0.195670
vt 0.812990 0.115981
vt 0.812990 0.195670
vt 0.775936 0.195695
vt 0.775940 0.115945
vt 0.773861 0.032287
vt 0.812188 0.032287
vt 0.812188 0.037926
vt 0.773861 0.037926
vt 0.729828 0.032287
vt 0.729828 0.037926
vt 0.004160 0.827291
vt 0.004160 0.803827
vt 0.082062 0.803827
vt 0.081881 0.829124
vt 0.081780 0.843234
vt 0.003950 0.839950
vt 0.082062 0.869405
vt 0.004160 0.873720
vt 0.004160 0.886621
vt 0.082062 0.892367
vt 0.004160 0.918642
vt 0.082062 0.919694
vt 0.004160 0.932243
vt 0.082062 0.934024
vt 0.082062 0.962247
vt 0.004160 0.964670
vt 0.004160 0.996636
vt 0.082062 0.996636
vt 0.393138 0.305659
vt 0.367338 0.305659
vt 0.328624 0.256634
vt 0.393139 0.256856
vt 0.393140 0.227893
vt 0.328624 0.226730
vt 0.393137 0.214346
vt 0.328624 0.214389
vt 0.328624 0.192758
vt 0.393141 0.192758
vt 0.396069 0.192758
vt 0.464616 0.192758
vt 0.464609 0.215087
vt 0.396070 0.214346
vt 0.396068 0.227893
vt 0.464604 0.227844
vt 0.396067 0.256856
vt 0.464593 0.260963
vt 0.464589 0.273738
vt 0.396066 0.305659
vt 0.464580 0.299710
vt 0.463249 0.334569
vt 0.464577 0.308997
vt 0.396000 0.334652
vt 0.495678 0.772849
vt 0.495678 0.631150
vt 0.503121 0.631100
vt 0.503121 0.772849
vt 0.515603 0.772849
vt 0.515603 0.631100
vt 0.527822 0.772849
vt 0.527822 0.631100
vt 0.541392 0.772849
vt 0.541392 0.631100
vt 0.554095 0.772849
vt 0.554095 0.631100
vt 0.566805 0.772849
vt 0.566805 0.631100
vt 0.579776 0.772849
vt 0.579776 0.631100
vt 0.592541 0.772849
vt 0.592541 0.631100
vt 0.605893 0.772849
vt 0.605893 0.631105
vt 0.612051 0.631148
vt 0.612051 0.772849
vt 0.715547 0.370762
vt 0.720349 0.360111
vt 0.725852 0.361668
vt 0.723040 0.373089
vt 0.722017 0.357884
vt 0.726239 0.355073
vt 0.729578 0.358935
vt 0.715547 0.370762
vt 0.720349 0.360111
vt 0.725852 0.361668
vt 0.723040 0.373089
vt 0.722017 0.357884
vt 0.726239 0.355073
vt 0.729578 0.358935
vt 0.715547 0.370762
vt 0.720349 0.360111
vt 0.725852 0.361668
vt 0.723040 0.373089
vt 0.722017 0.357884
vt 0.726239 0.355073
vt 0.729578 0.358935
vt 0.715547 0.370762
vt 0.720349 0.360111
vt 0.725852 0.361668
vt 0.723040 0.373089
vt 0.722017 0.357884
vt 0.726239 0.355073
vt 0.729578 0.358935
vt 0.593797 0.252825
vt 0.595728 0.243648
vt 0.601781 0.243648
vt 0.603444 0.252825
vt 0.602512 0.257998
vt 0.594616 0.257998
vt 0.580709 0.252825
vt 0.582606 0.243648
vt 0.588660 0.243648
vt 0.590374 0.252825
vt 0.589424 0.257998
vt 0.581528 0.257998
vt 0.619571 0.252825
vt 0.621468 0.243648
vt 0.627521 0.243648
vt 0.629218 0.252825
vt 0.628286 0.257998
vt 0.620390 0.257998
vt 0.606653 0.252825
vt 0.608530 0.243648
vt 0.614584 0.243648
vt 0.616148 0.252825
vt 0.615348 0.257998
vt 0.607452 0.257998
vt 0.065935 0.049620
vt 0.073930 0.049620
vt 0.073930 0.041572
vt 0.065935 0.041572
vt 0.056925 0.041572
vt 0.056925 0.049620
vt 0.039904 0.041572
vt 0.039904 0.049620
vt 0.003260 0.049620
vt 0.003260 0.041572
vt 0.715547 0.370762
vt 0.720349 0.360111
vt 0.725852 0.361668
vt 0.723040 0.373089
vt 0.722017 0.357884
vt 0.726239 0.355073
vt 0.729578 0.358935
vt 0.593797 0.252825
vt 0.595728 0.243648
vt 0.601781 0.243648
vt 0.603443 0.252825
vt 0.602512 0.257998
vt 0.594616 0.257998
vt 0.580709 0.252825
vt 0.582606 0.243648
vt 0.588660 0.243648
vt 0.590374 0.252825
vt 0.589424 0.257998
vt 0.581528 0.257998
vt 0.619571 0.252825
vt 0.621468 0.243648
vt 0.627521 0.243648
vt 0.629217 0.252825
vt 0.628286 0.257998
vt 0.620390 0.257998
vt 0.606652 0.252825
vt 0.608530 0.243648
vt 0.614584 0.243648
vt 0.616148 0.252825
vt 0.615348 0.257998
vt 0.607452 0.257998
vt 0.307298 0.150446
vt 0.307298 0.189829
vt 0.283400 0.189829
vt 0.283400 0.150446
vt 0.262382 0.150446
vt 0.262382 0.189829
vt 0.195918 0.189829
vt 0.195918 0.150446
vt 0.275627 0.598449
vt 0.215203 0.598290
vt 0.215203 0.554702
vt 0.275627 0.554702
vt 0.333697 0.638094
vt 0.333697 0.554702
vt 0.275627 0.638094
vt 0.447723 0.638067
vt 0.385930 0.638067
vt 0.385930 0.554684
vt 0.447723 0.554684
vt 0.467953 0.554684
vt 0.467953 0.638067
vt 0.491477 0.638070
vt 0.491477 0.598107
vt 0.491477 0.554684
vt 0.029521 0.194282
vt 0.029519 0.191522
vt 0.061463 0.207828
vt 0.029561 0.264341
vt 0.081040 0.305672
vt 0.081040 0.215791
vt 0.029584 0.305672
vt 0.669944 0.651973
vt 0.698675 0.651973
vt 0.698675 0.678505
vt 0.669944 0.678505
vt 0.616301 0.678505
vt 0.616301 0.651973
vt 0.976559 0.120114
vt 0.960805 0.135288
vt 0.939283 0.140842
vt 0.982326 0.099387
vt 0.902008 0.120115
vt 0.917763 0.135288
vt 0.896241 0.099387
vt 0.836885 0.275149
vt 0.827628 0.265859
vt 0.824317 0.253249
vt 0.849811 0.278629
vt 0.837270 0.231568
vt 0.827848 0.240698
vt 0.849811 0.228306
vt 0.821100 0.709944
vt 0.821100 0.769667
vt 0.808627 0.769667
vt 0.808627 0.709852
vt 0.821059 0.690069
vt 0.795708 0.769667
vt 0.808608 0.690069
vt 0.795708 0.709758
vt 0.795710 0.690068
vt 0.782887 0.709734
vt 0.782773 0.690070
vt 0.782887 0.769667
vt 0.770841 0.690073
vt 0.770839 0.710369
vt 0.770839 0.769667
vt 0.759954 0.769667
vt 0.759953 0.709758
vt 0.759903 0.690073
vt 0.747814 0.709510
vt 0.747814 0.769667
vt 0.747818 0.690071
vt 0.736279 0.769667
vt 0.736361 0.690070
vt 0.736279 0.709946
vt 0.723180 0.709805
vt 0.723180 0.769667
vt 0.723193 0.690067
vt 0.712549 0.709615
vt 0.712564 0.690068
vt 0.712549 0.769667
vt 0.695119 0.690078
vt 0.695125 0.710266
vt 0.695125 0.769667
vt 0.673786 0.769667
vt 0.673786 0.709464
vt 0.617883 0.769667
vt 0.673748 0.690077
vt 0.617883 0.710041
vt 0.617883 0.690067
vt 0.025694 0.200283
vt 0.004177 0.200283
vt 0.025694 0.194637
vt 0.060569 0.160839
vt 0.060186 0.191404
vt 0.003727 0.160299
vt 0.253693 0.054579
vt 0.257210 0.052741
vt 0.253693 0.058454
vt 0.260726 0.058661
vt 0.257210 0.060489
vt 0.260726 0.054786
vt 0.623039 0.894303
vt 0.662779 0.844915
vt 0.662779 0.844915
vt 0.623039 0.806403
vt 0.662779 0.813697
vt 0.705708 0.806403
vt 0.676826 0.813697
vt 0.705715 0.894303
vt 0.662779 0.844915
vt 0.676826 0.844915
vt 0.676826 0.844915
vt 0.516400 0.425475
vt 0.497470 0.410350
vt 0.491045 0.385415
vt 0.551694 0.407771
vt 0.538984 0.424135
vt 0.500450 0.368449
vt 0.612697 0.410070
vt 0.474042 0.349173
vt 0.468429 0.306262
vt 0.487378 0.264057
vt 0.550426 0.197524
vt 0.490890 0.198535
vt 0.573901 0.210180
vt 0.568918 0.197924
vt 0.623461 0.276947
vt 0.632300 0.402464
vt 0.649543 0.387016
vt 0.667227 0.373515
vt 0.691961 0.326849
vt 0.686492 0.268421
vt 0.723959 0.350097
vt 0.778945 0.334523
vt 0.784796 0.318899
vt 0.776180 0.828882
vt 0.784458 0.828882
vt 0.863210 0.806410
vt 0.790437 0.830104
vt 0.823767 0.822391
vt 0.799242 0.835730
vt 0.829334 0.822391
vt 0.823767 0.839677
vt 0.829333 0.839677
vt 0.805072 0.843721
vt 0.863154 0.894303
vt 0.809291 0.854700
vt 0.809291 0.894303
vt 0.823271 0.709944
vt 0.823378 0.690068
vt 0.848726 0.690067
vt 0.848723 0.709928
vt 0.900571 0.690067
vt 0.900582 0.709837
vt 0.848723 0.769667
vt 0.823271 0.769667
vt 0.900582 0.769667
vt 0.264050 0.058844
vt 0.264050 0.065146
vt 0.268366 0.054381
vt 0.278794 0.058844
vt 0.274474 0.054381
vt 0.274474 0.069600
vt 0.278794 0.065146
vt 0.268366 0.069600
vt 0.590791 0.326899
vt 0.582669 0.314604
vt 0.544341 0.318339
vt 0.586165 0.355549
vt 0.592071 0.341885
vt 0.538435 0.332000
vt 0.539714 0.346989
vt 0.560626 0.365593
vt 0.547837 0.359283
vt 0.574655 0.364226
vt 0.784390 0.371400
vt 0.780918 0.350983
vt 0.782915 0.347663
vt 0.792611 0.368208
vt 0.772266 0.345710
vt 0.780918 0.350983
vt 0.773582 0.353001
vt 0.776647 0.370571
vt 0.770661 0.351685
vt 0.772256 0.372618
vt 0.772256 0.372618
vt 0.765282 0.373616
vt 0.767621 0.353083
vt 0.772266 0.345710
vt 0.756866 0.373002
vt 0.760756 0.351541
vt 0.772266 0.345710
vt 0.759325 0.348952
vt 0.749713 0.370975
vt 0.772266 0.345710
vt 0.784390 0.371400
vt 0.780918 0.350983
vt 0.782915 0.347663
vt 0.792611 0.368208
vt 0.772266 0.345710
vt 0.780918 0.350983
vt 0.773582 0.353001
vt 0.776647 0.370571
vt 0.770661 0.351685
vt 0.772256 0.372618
vt 0.772256 0.372618
vt 0.765282 0.373616
vt 0.767621 0.353083
vt 0.772266 0.345710
vt 0.756866 0.373002
vt 0.760756 0.351541
vt 0.772266 0.345710
vt 0.759325 0.348952
vt 0.749713 0.370975
vt 0.772266 0.345710
vt 0.430533 0.648664
vt 0.428527 0.646916
vt 0.433280 0.648576
vt 0.435058 0.644146
vt 0.435153 0.646705
vt 0.430305 0.642486
vt 0.433052 0.642399
vt 0.428432 0.644357
vt 0.435153 0.657142
vt 0.433278 0.659012
vt 0.435059 0.654582
vt 0.430305 0.652921
vt 0.433051 0.652833
vt 0.428524 0.657352
vt 0.428430 0.654795
vt 0.430532 0.659100
vt 0.430533 0.648664
vt 0.428527 0.646916
vt 0.433280 0.648576
vt 0.435058 0.644146
vt 0.435153 0.646705
vt 0.430305 0.642486
vt 0.433052 0.642399
vt 0.428432 0.644357
vt 0.435153 0.657142
vt 0.433278 0.659012
vt 0.435059 0.654582
vt 0.430305 0.652921
vt 0.433051 0.652833
vt 0.428524 0.657352
vt 0.428430 0.654795
vt 0.430532 0.659100
vt 0.274475 0.054381
vt 0.278794 0.058844
vt 0.268366 0.054381
vt 0.264050 0.065146
vt 0.264050 0.058844
vt 0.274475 0.069600
vt 0.268366 0.069600
vt 0.278794 0.065146
vt 0.274475 0.054381
vt 0.278794 0.058844
vt 0.268366 0.054381
vt 0.264050 0.065146
vt 0.264050 0.058844
vt 0.274475 0.069600
vt 0.268366 0.069600
vt 0.278794 0.065146
vt 0.274475 0.054381
vt 0.278794 0.058844
vt 0.268366 0.054381
vt 0.264050 0.065146
vt 0.264050 0.058844
vt 0.274475 0.069600
vt 0.268366 0.069600
vt 0.278794 0.065146
vt 0.274475 0.054381
vt 0.278794 0.058844
vt 0.268366 0.054381
vt 0.264050 0.065146
vt 0.264050 0.058844
vt 0.274475 0.069600
vt 0.268366 0.069600
vt 0.278794 0.065146
vt 0.274475 0.054381
vt 0.278794 0.058844
vt 0.268366 0.054381
vt 0.264050 0.065146
vt 0.264050 0.058844
vt 0.274475 0.069600
vt 0.268366 0.069600
vt 0.278794 0.065146
vt 0.274475 0.054381
vt 0.278794 0.058844
vt 0.268366 0.054381
vt 0.264050 0.065146
vt 0.264050 0.058844
vt 0.274475 0.069600
vt 0.268366 0.069600
vt 0.278794 0.065146
vt 0.274475 0.054381
vt 0.278794 0.058844
vt 0.268366 0.054381
vt 0.264050 0.065146
vt 0.264050 0.058844
vt 0.274475 0.069600
vt 0.268366 0.069600
vt 0.278794 0.065146
vt 0.274475 0.054381
vt 0.278794 0.058844
vt 0.268366 0.054381
vt 0.264050 0.065146
vt 0.264050 0.058844
vt 0.274475 0.069600
vt 0.268366 0.069600
vt 0.278794 0.065146
vt 0.784390 0.371400
vt 0.780918 0.350983
vt 0.782915 0.347663
vt 0.792611 0.368208
vt 0.772266 0.345710
vt 0.780918 0.350983
vt 0.773582 0.353001
vt 0.776647 0.370571
vt 0.770661 0.351685
vt 0.772256 0.372618
vt 0.772256 0.372618
vt 0.765282 0.373616
vt 0.767621 0.353083
vt 0.772266 0.345710
vt 0.756866 0.373002
vt 0.760756 0.351541
vt 0.772266 0.345710
vt 0.759325 0.348952
vt 0.749713 0.370975
vt 0.772266 0.345710
vt 0.320528 0.006287
vt 0.320528 0.003336
vt 0.322693 0.008374
vt 0.327917 0.006287
vt 0.325752 0.008374
vt 0.325752 0.001248
vt 0.327917 0.003336
vt 0.322693 0.001248
vt 0.784390 0.371400
vt 0.780918 0.350983
vt 0.782915 0.347663
vt 0.792611 0.368208
vt 0.771140 0.345927
vt 0.780918 0.350983
vt 0.773582 0.353001
vt 0.776647 0.370571
vt 0.770661 0.351685
vt 0.772256 0.372618
vt 0.772256 0.372618
vt 0.765282 0.373616
vt 0.767621 0.353083
vt 0.771140 0.345927
vt 0.756866 0.373002
vt 0.760756 0.351541
vt 0.771140 0.345927
vt 0.759325 0.348952
vt 0.749713 0.370975
vt 0.771140 0.345927
vt 0.320528 0.006287
vt 0.320528 0.003336
vt 0.322693 0.008374
vt 0.327917 0.006287
vt 0.325752 0.008374
vt 0.325752 0.001248
vt 0.327917 0.003336
vt 0.322693 0.001248
vt 0.435153 0.657142
vt 0.433278 0.659012
vt 0.435059 0.654582
vt 0.430305 0.652921
vt 0.433051 0.652833
vt 0.428524 0.657352
vt 0.428430 0.654795
vt 0.430532 0.659100
vt 0.274474 0.054381
vt 0.278794 0.058844
vt 0.268366 0.054381
vt 0.264050 0.065146
vt 0.264050 0.058844
vt 0.274474 0.069600
vt 0.268366 0.069600
vt 0.278794 0.065146
vt 0.430533 0.648664
vt 0.428526 0.646916
vt 0.433280 0.648576
vt 0.435058 0.644146
vt 0.435153 0.646705
vt 0.430305 0.642486
vt 0.433052 0.642399
vt 0.428432 0.644357
vt 0.547837 0.359283
vt 0.539714 0.346989
vt 0.560626 0.365593
vt 0.586164 0.355549
vt 0.574655 0.364226
vt 0.538434 0.332000
vt 0.544155 0.316199
vt 0.590791 0.326899
vt 0.592071 0.341885
vt 0.582477 0.312420
vt 0.996615 0.250031
vt 0.991396 0.255366
vt 0.998525 0.242743
vt 0.991396 0.230120
vt 0.996615 0.235455
vt 0.977139 0.230120
vt 0.984268 0.228167
vt 0.984268 0.257319
vt 0.977139 0.255366
vt 0.970011 0.242743
vt 0.971921 0.235455
vt 0.971921 0.250031
vt 0.863154 0.894303
vt 0.809291 0.894303
vt 0.829333 0.839677
vt 0.809291 0.854700
vt 0.863210 0.806410
vt 0.823767 0.839677
vt 0.805072 0.843721
vt 0.829334 0.822391
vt 0.799242 0.835730
vt 0.823767 0.822391
vt 0.790437 0.830104
vt 0.784458 0.828882
vt 0.776180 0.828882
vt 0.710161 0.806410
vt 0.770200 0.830104
vt 0.742113 0.822391
vt 0.761396 0.835730
vt 0.736585 0.822391
vt 0.736586 0.839677
vt 0.742113 0.839677
vt 0.710169 0.894303
vt 0.755566 0.843721
vt 0.751346 0.894303
vt 0.751346 0.854700
vt 0.040066 0.522175
vt 0.039108 0.518786
vt 0.065808 0.518786
vt 0.008655 0.518786
vt 0.065921 0.522175
vt 0.005314 0.522175
vt 0.079797 0.518786
vt 0.005314 0.441559
vt 0.082951 0.522175
vt 0.008655 0.444814
vt 0.079797 0.444814
vt 0.082952 0.441559
vt 0.320635 0.464481
vt 0.336370 0.461048
vt 0.374817 0.461048
vt 0.317429 0.461048
vt 0.371513 0.464481
vt 0.320635 0.518918
vt 0.374817 0.522453
vt 0.317429 0.522453
vt 0.371513 0.518918
vt 0.245650 0.444953
vt 0.248928 0.441488
vt 0.248928 0.522330
vt 0.170151 0.441488
vt 0.245650 0.518865
vt 0.173421 0.444952
vt 0.170151 0.522330
vt 0.173421 0.518865
vt 0.705715 0.894303
vt 0.676826 0.844915
vt 0.676826 0.844915
vt 0.676826 0.813697
vt 0.623039 0.894303
vt 0.705708 0.806403
vt 0.662779 0.844915
vt 0.662779 0.813697
vt 0.623039 0.806403
vt 0.310879 0.463579
vt 0.313355 0.460932
vt 0.313355 0.522386
vt 0.310879 0.519739
vt 0.255269 0.463578
vt 0.252794 0.522386
vt 0.252794 0.460932
vt 0.255269 0.519739
vt 0.163021 0.519359
vt 0.165830 0.522237
vt 0.087007 0.522237
vt 0.089815 0.519358
vt 0.163021 0.444306
vt 0.087007 0.441428
vt 0.165830 0.441428
vt 0.089815 0.444306
vn 0.413576 -0.910461 0.0039540000000000556
vn 0.413576 -0.910461 0.0039540000000000556
vn 0.413576 -0.910461 0.0039540000000000556
vn -0.406027 0.913768 -0.013032000000000056
vn -0.406027 0.913768 -0.013032000000000056
vn -0.406027 0.913768 -0.013032000000000056
vn -0.128511 0.987346 -0.09291700000000006
vn -0.128511 0.987346 -0.09291700000000006
vn -0.128511 0.987346 -0.09291700000000006
vn -0.108513 0.992499 -0.05631700000000006
vn -0.108513 0.992499 -0.05631700000000006
vn -0.108513 0.992499 -0.05631700000000006
vn 0.128066 -0.986207 0.10486100000000005
vn 0.128066 -0.986207 0.10486100000000005
vn 0.128066 -0.986207 0.10486100000000005
vn 0.115985 -0.989439 0.08693600000000005
vn 0.115985 -0.989439 0.08693600000000005
vn 0.115985 -0.989439 0.08693600000000005
vn -0.341257 0.93997 -5.755656258972688E-17
vn -0.341257 0.93997 -5.755656258972688E-17
vn -0.341257 0.93997 -5.755656258972688E-17
vn -0.333173 0.942862 -0.002641000000000058
vn -0.333173 0.942862 -0.002641000000000058
vn -0.333173 0.942862 -0.002641000000000058
vn -0.336883 0.941547 0.00010099999999994235
vn -0.336883 0.941547 0.00010099999999994235
vn -0.336883 0.941547 0.00010099999999994235
vn 0.52832 -0.849042 -0.002598999999999948
vn 0.52832 -0.849042 -0.002598999999999948
vn 0.52832 -0.849042 -0.002598999999999948
vn 0.537695 -0.843139 -0.0003259999999999484
vn 0.537695 -0.843139 -0.0003259999999999484
vn 0.537695 -0.843139 -0.0003259999999999484
vn 0.004996 -0.999837 0.017325000000000063
vn 0.004996 -0.999837 0.017325000000000063
vn 0.004996 -0.999837 0.017325000000000063
vn -3E-06 -0.999969 0.007811000000000062
vn -3E-06 -0.999969 0.007811000000000062
vn -3E-06 -0.999969 0.007811000000000062
vn -0.003107 -0.999995 -0.0004999999999999388
vn -0.003107 -0.999995 -0.0004999999999999388
vn -0.003107 -0.999995 -0.0004999999999999388
vn -2E-06 -0.999998 -0.0022269999999999387
vn -2E-06 -0.999998 -0.0022269999999999387
vn -2E-06 -0.999998 -0.0022269999999999387
vn -0.315042 0.04869700000000005 0.947827
vn -0.315042 0.04869700000000005 0.947827
vn -0.315042 0.04869700000000005 0.947827
vn -0.308577 0.044113000000000055 0.950176
vn -0.308577 0.044113000000000055 0.950176
vn -0.308577 0.044113000000000055 0.950176
vn -0.315065 -0.05722999999999995 0.947343
vn -0.315065 -0.05722999999999995 0.947343
vn -0.315065 -0.05722999999999995 0.947343
vn -0.313884 -0.05758299999999995 0.947714
vn -0.313884 -0.05758299999999995 0.947714
vn -0.313884 -0.05758299999999995 0.947714
vn -0.280784 -0.16311799999999996 0.945808
vn -0.280784 -0.16311799999999996 0.945808
vn -0.280784 -0.16311799999999996 0.945808
vn -0.274311 -0.16266899999999995 0.947783
vn -0.274311 -0.16266899999999995 0.947783
vn -0.274311 -0.16266899999999995 0.947783
vn -0.203125 -0.24427899999999994 0.948192
vn -0.203125 -0.24427899999999994 0.948192
vn -0.203125 -0.24427899999999994 0.948192
vn -0.208679 -0.24665199999999995 0.94637
vn -0.208679 -0.24665199999999995 0.94637
vn -0.208679 -0.24665199999999995 0.94637
vn -0.106966 -0.2911079999999999 0.950692
vn -0.106966 -0.2911079999999999 0.950692
vn -0.106966 -0.2911079999999999 0.950692
vn -0.112728 -0.2962989999999999 0.94842
vn -0.112728 -0.2962989999999999 0.94842
vn -0.112728 -0.2962989999999999 0.94842
vn 0.113929 -0.29672099999999996 0.948144
vn 0.113929 -0.29672099999999996 0.948144
vn 0.113929 -0.29672099999999996 0.948144
vn 0.115078 -0.28777299999999995 0.95076
vn 0.115078 -0.28777299999999995 0.95076
vn 0.115078 -0.28777299999999995 0.95076
vn 0.39058 -0.732343 0.557782
vn 0.798107 -0.24882499999999996 0.548736
vn -0.416385 -0.885986 0.20409100000000005
vn -0.416385 -0.885986 0.20409100000000005
vn -0.815826 -0.55611 -0.15864899999999998
vn 0.39058 -0.732343 0.557782
vn 0.812067 -0.17153899999999997 0.557782
vn 0.703627 0.45143900000000003 0.548737
vn 0.411056 -0.88847 0.20409100000000005
vn 0.411056 -0.88847 0.20409100000000005
vn -0.098401 -0.982419 -0.15864999999999996
vn 0.812067 -0.17153899999999997 0.557782
vn 0.812068 -0.17153699999999997 0.557782
vn 0.703626 0.45144100000000004 0.548736
vn 0.411059 -0.888468 0.20409300000000005
vn 0.411059 -0.888468 0.20409300000000005
vn -0.098401 -0.982419 -0.15864999999999996
vn 0.812068 -0.17153699999999997 0.557782
vn 0.66349 -0.49865799999999993 0.557783
vn 0.828489 0.11177900000000003 0.548737
vn -0.002936 -0.978947 0.20409300000000005
vn -0.002936 -0.978947 0.20409300000000005
vn -0.504371 -0.848787 -0.15865199999999993
vn 0.66349 -0.49865799999999993 0.557783
vn 0.769945 -0.30993999999999994 0.557783
vn 0.771327 0.32240300000000005 0.548735
vn 0.250536 -0.94635 0.20409400000000005
vn 0.250536 -0.94635 0.20409400000000005
vn -0.267502 -0.950407 -0.15865099999999993
vn 0.769945 -0.30993999999999994 0.557783
vn 0.821763 0.11655300000000003 0.557782
vn 0.506789 0.664871 0.548736
vn 0.690144 -0.694296 0.20409300000000005
vn 0.690144 -0.694296 0.20409300000000005
vn 0.24354 -0.956827 -0.15865099999999993
vn 0.821763 0.11655300000000003 0.557782
vn 0.821763 0.11655000000000003 0.557782
vn 0.506789 0.664871 0.548737
vn 0.690142 -0.694298 0.20409200000000005
vn 0.690142 -0.694298 0.20409200000000005
vn 0.243538 -0.956827 -0.15865199999999993
vn 0.821763 0.11655000000000003 0.557782
vn 0.821764 0.11654800000000003 0.557782
vn 0.506792 0.664868 0.548737
vn 0.69014 -0.694301 0.20408900000000005
vn 0.69014 -0.694301 0.20408900000000005
vn 0.243534 -0.956828 -0.15865499999999993
vn 0.821764 0.11654800000000003 0.557782
vn 0.812067 -0.17154099999999997 0.557782
vn 0.703627 0.45143800000000006 0.548737
vn 0.411057 -0.88847 0.20409200000000005
vn 0.411057 -0.88847 0.20409200000000005
vn -0.098401 -0.982419 -0.15864999999999996
vn 0.812067 -0.17154099999999997 0.557782
vn 0.695516 0.4529210000000001 0.557781
vn 0.17833 0.816753 0.548737
vn 0.918904 -0.337582 0.20409100000000002
vn 0.918904 -0.337582 0.20409100000000002
vn 0.625098 -0.764254 -0.15864799999999996
vn 0.695516 0.4529210000000001 0.557781
vn 0.309952 0.769942 0.557781
vn -0.32239 0.771331 0.548738
vn 0.946353 0.250528 0.20408899999999996
vn 0.946353 0.250528 0.20408899999999996
vn 0.950405 -0.267506 -0.15865399999999996
vn 0.309952 0.769942 0.557781
vn -0.325264 0.763599 0.55778
vn -0.773377 0.31745100000000004 0.548738
vn 0.49202 0.846324 0.20408999999999994
vn 0.49202 0.846324 0.20408999999999994
vn 0.861192 0.482884 -0.15865400000000002
vn -0.325264 0.763599 0.55778
vn 0.241665 0.794027 0.557781
vn -0.388389 0.740298 0.548738
vn 0.920916 0.332057 0.20408999999999997
vn 0.920916 0.332057 0.20408999999999997
vn 0.970104 -0.183651 -0.158651
vn 0.241665 0.794027 0.557781
vn -0.04448 0.828796 0.557781
vn -0.618155 0.562822 0.54874
vn 0.751808 0.627002 0.20408899999999996
vn 0.751808 0.627002 0.20408899999999996
vn 0.974412 0.159214 -0.158655
vn -0.04448 0.828796 0.557781
vn -0.452916 0.69552 0.55778
vn -0.81675 0.17833800000000002 0.548739
vn 0.337586 0.918904 0.20408699999999994
vn 0.337586 0.918904 0.20408699999999994
vn 0.76426 0.625088 -0.15865700000000002
vn -0.452916 0.69552 0.55778
vn -0.187718 0.808483 0.55778
vn -0.7065 0.4469270000000001 0.548739
vn 0.631514 0.748024 0.20408499999999993
vn 0.631514 0.748024 0.20408499999999993
vn 0.931962 0.326 -0.15865600000000002
vn -0.187718 0.808483 0.55778
vn 0.200434 -0.23255299999999995 0.951707
vn 0.200434 -0.23255299999999995 0.951707
vn 0.200434 -0.23255299999999995 0.951707
vn 0.203837 -0.24866199999999994 0.946899
vn 0.203837 -0.24866199999999994 0.946899
vn 0.203837 -0.24866199999999994 0.946899
vn -0.705881 0.702801 0.08833099999999997
vn -0.705881 0.702801 0.08833099999999997
vn -0.705881 0.702801 0.08833099999999997
vn -0.741088 0.66156 0.11457799999999996
vn -0.741088 0.66156 0.11457799999999996
vn -0.741088 0.66156 0.11457799999999996
vn 0.970524 0.224925 0.08656099999999999
vn 0.970524 0.224925 0.08656099999999999
vn 0.970524 0.224925 0.08656099999999999
vn 0.976465 0.202331 0.07468999999999999
vn 0.976465 0.202331 0.07468999999999999
vn 0.976465 0.202331 0.07468999999999999
vn 0.230071 0.969712 0.08200999999999994
vn 0.230071 0.969712 0.08200999999999994
vn 0.230071 0.969712 0.08200999999999994
vn 0.220512 0.971081 0.09152799999999994
vn 0.220512 0.971081 0.09152799999999994
vn 0.220512 0.971081 0.09152799999999994
vn -0.978209 -0.172292 0.11585800000000002
vn -0.978209 -0.172292 0.11585800000000002
vn -0.978209 -0.172292 0.11585800000000002
vn -0.974048 -0.208795 0.08737700000000001
vn -0.974048 -0.208795 0.08737700000000001
vn -0.974048 -0.208795 0.08737700000000001
vn 0.023347 -0.993327 0.11294200000000006
vn 0.023347 -0.993327 0.11294200000000006
vn 0.023347 -0.993327 0.11294200000000006
vn -0.026583 -0.997678 0.06271000000000006
vn -0.026583 -0.997678 0.06271000000000006
vn -0.026583 -0.997678 0.06271000000000006
vn -0.98246 -0.159242 0.09702700000000002
vn -0.98246 -0.159242 0.09702700000000002
vn -0.98246 -0.159242 0.09702700000000002
vn -0.981087 -0.165964 0.09962100000000002
vn -0.981087 -0.165964 0.09962100000000002
vn -0.981087 -0.165964 0.09962100000000002
vn 0.994618 0.029697000000000008 0.099258
vn 0.994618 0.029697000000000008 0.099258
vn 0.994618 0.029697000000000008 0.099258
vn 0.991486 0.06138600000000001 0.114836
vn 0.991486 0.06138600000000001 0.114836
vn 0.991486 0.06138600000000001 0.114836
vn -0.062324 0.989467 0.13065699999999994
vn -0.062324 0.989467 0.13065699999999994
vn -0.062324 0.989467 0.13065699999999994
vn -0.018179 0.995608 0.09184299999999994
vn -0.018179 0.995608 0.09184299999999994
vn -0.018179 0.995608 0.09184299999999994
vn -0.99366 -0.05763299999999999 0.096533
vn -0.99366 -0.05763299999999999 0.096533
vn -0.99366 -0.05763299999999999 0.096533
vn -0.993681 -0.052904999999999994 0.09899
vn -0.993681 -0.052904999999999994 0.09899
vn -0.993681 -0.052904999999999994 0.09899
vn 0.010681 -0.996043 0.08822900000000006
vn 0.010681 -0.996043 0.08822900000000006
vn 0.010681 -0.996043 0.08822900000000006
vn 0.002912 -0.996687 0.08128500000000005
vn 0.002912 -0.996687 0.08128500000000005
vn 0.002912 -0.996687 0.08128500000000005
vn 0.981368 0.152945 0.11629399999999998
vn 0.981368 0.152945 0.11629399999999998
vn 0.981368 0.152945 0.11629399999999998
vn 0.976006 0.195396 0.09608599999999999
vn 0.976006 0.195396 0.09608599999999999
vn 0.976006 0.195396 0.09608599999999999
vn -0.124085 0.985152 0.11865699999999994
vn -0.124085 0.985152 0.11865699999999994
vn -0.124085 0.985152 0.11865699999999994
vn -0.105243 0.989039 0.10356399999999995
vn -0.105243 0.989039 0.10356399999999995
vn -0.105243 0.989039 0.10356399999999995
vn -0.969386 -0.227103 0.09335400000000002
vn -0.969386 -0.227103 0.09335400000000002
vn -0.969386 -0.227103 0.09335400000000002
vn -0.969835 -0.223747 0.09673800000000002
vn -0.969835 -0.223747 0.09673800000000002
vn -0.969835 -0.223747 0.09673800000000002
vn 0.154483 -0.984334 0.08497900000000005
vn 0.154483 -0.984334 0.08497900000000005
vn 0.154483 -0.984334 0.08497900000000005
vn 0.152113 -0.984896 0.08271500000000005
vn 0.152113 -0.984896 0.08271500000000005
vn 0.152113 -0.984896 0.08271500000000005
vn 0.936457 0.318402 0.14720099999999997
vn 0.936457 0.318402 0.14720099999999997
vn 0.936457 0.318402 0.14720099999999997
vn 0.942546 0.277213 0.18643799999999996
vn 0.942546 0.277213 0.18643799999999996
vn 0.942546 0.277213 0.18643799999999996
vn 0.850691 0.511529 0.12109099999999998
vn 0.850691 0.511529 0.12109099999999998
vn 0.850691 0.511529 0.12109099999999998
vn 0.860958 0.497358 0.10670999999999997
vn 0.860958 0.497358 0.10670999999999997
vn 0.860958 0.497358 0.10670999999999997
vn -0.59327 0.790721 0.15096999999999994
vn -0.59327 0.790721 0.15096999999999994
vn -0.59327 0.790721 0.15096999999999994
vn -0.640119 0.761823 0.09936099999999996
vn -0.640119 0.761823 0.09936099999999996
vn -0.640119 0.761823 0.09936099999999996
vn -0.834764 -0.544369 0.08264700000000003
vn -0.834764 -0.544369 0.08264700000000003
vn -0.834764 -0.544369 0.08264700000000003
vn -0.834081 -0.545261 0.08366400000000003
vn -0.834081 -0.545261 0.08366400000000003
vn -0.834081 -0.545261 0.08366400000000003
vn 0.669104 -0.727991 0.14943000000000006
vn 0.669104 -0.727991 0.14943000000000006
vn 0.669104 -0.727991 0.14943000000000006
vn 0.634839 -0.750158 0.18504700000000004
vn 0.634839 -0.750158 0.18504700000000004
vn 0.634839 -0.750158 0.18504700000000004
vn -0.892738 -0.4382 0.10487500000000002
vn -0.892738 -0.4382 0.10487500000000002
vn -0.892738 -0.4382 0.10487500000000002
vn -0.885747 -0.449515 0.11570500000000003
vn -0.885747 -0.449515 0.11570500000000003
vn -0.885747 -0.449515 0.11570500000000003
vn 0.564191 -0.823991 0.05221900000000005
vn 0.564191 -0.823991 0.05221900000000005
vn 0.564191 -0.823991 0.05221900000000005
vn 0.531315 -0.842515 0.08872800000000006
vn 0.531315 -0.842515 0.08872800000000006
vn 0.531315 -0.842515 0.08872800000000006
vn -0.536067 0.827885 0.16503899999999994
vn -0.536067 0.827885 0.16503899999999994
vn -0.536067 0.827885 0.16503899999999994
vn -0.526629 0.832204 0.17349199999999995
vn -0.526629 0.832204 0.17349199999999995
vn -0.526629 0.832204 0.17349199999999995
vn 0.958496 0.285105 -1.7457646283545308E-17
vn 0.595738 0.803178 -4.918046834227864E-17
vn 0.803183 -0.595733 3.6478125579822505E-17
vn 0.803183 -0.595733 3.6478125579822505E-17
vn 0.285103 -0.958497 5.869101415211703E-17
vn 0.958496 0.285105 -1.7457646283545308E-17
vn -0.285105 0.958496 -5.869095291977707E-17
vn -0.803181 0.595735 -3.6478248044502425E-17
vn 0.595734 0.803182 -4.918071327163847E-17
vn 0.595734 0.803182 -4.918071327163847E-17
vn 0.958497 0.285101 -1.7457401354185477E-17
vn -0.285105 0.958496 -5.869095291977707E-17
vn -0.803175 0.595743 -3.647873790322208E-17
vn -0.595737 -0.80318 4.9180590806958555E-17
vn -0.958499 -0.285095 1.745703396014573E-17
vn -0.958499 -0.285095 1.745703396014573E-17
vn -0.2851 0.958498 -5.869107538445698E-17
vn -0.803175 0.595743 -3.647873790322208E-17
vn -0.595735 -0.803181 4.918065203929852E-17
vn 0.803181 -0.595735 3.6478248044502425E-17
vn 0.285104 -0.958497 5.869101415211703E-17
vn 0.285104 -0.958497 5.869101415211703E-17
vn -0.958496 -0.285106 1.7457707515885265E-17
vn -0.595735 -0.803181 4.918065203929852E-17
vn 0.737947 0.35078300000000007 0.576528
vn 0.737947 0.35078300000000007 0.576528
vn 0.737947 0.35078300000000007 0.576528
vn 0.740404 0.3452970000000001 0.57669
vn 0.740404 0.3452970000000001 0.57669
vn 0.740404 0.3452970000000001 0.57669
vn -0.903535 -0.428483 -0.005091999999999974
vn -0.903535 -0.428483 -0.005091999999999974
vn -0.903535 -0.428483 -0.005091999999999974
vn -0.268484 0.15931700000000004 0.950018
vn -0.268484 0.15931700000000004 0.950018
vn -0.268484 0.15931700000000004 0.950018
vn -0.267278 0.14999500000000004 0.951874
vn -0.267278 0.14999500000000004 0.951874
vn -0.267278 0.14999500000000004 0.951874
vn 0.264347 -0.13916999999999993 0.954333
vn 0.264347 -0.13916999999999993 0.954333
vn 0.264347 -0.13916999999999993 0.954333
vn 0.268477 -0.15352599999999994 0.950973
vn 0.268477 -0.15352599999999994 0.950973
vn 0.268477 -0.15352599999999994 0.950973
vn 0.006057 -0.30908399999999997 0.951015
vn 0.006057 -0.30908399999999997 0.951015
vn 0.006057 -0.30908399999999997 0.951015
vn 0.005319 -0.31064299999999995 0.950512
vn 0.005319 -0.31064299999999995 0.950512
vn 0.005319 -0.31064299999999995 0.950512
vn -0.988464 0.106253 0.107936
vn -0.988464 0.106253 0.107936
vn -0.988464 0.106253 0.107936
vn -0.988499 0.104078 0.109718
vn -0.988499 0.104078 0.109718
vn -0.988499 0.104078 0.109718
vn -0.118871 -0.990829 0.06425200000000006
vn -0.118871 -0.990829 0.06425200000000006
vn -0.118871 -0.990829 0.06425200000000006
vn -0.137207 -0.987242 0.08078800000000005
vn -0.137207 -0.987242 0.08078800000000005
vn -0.137207 -0.987242 0.08078800000000005
vn 0.994949 -0.063841 0.077465
vn 0.994949 -0.063841 0.077465
vn 0.994949 -0.063841 0.077465
vn 0.994782 -0.055263999999999994 0.085758
vn 0.994782 -0.055263999999999994 0.085758
vn 0.994782 -0.055263999999999994 0.085758
vn 0.069356 0.983405 0.16764499999999993
vn 0.069356 0.983405 0.16764499999999993
vn 0.069356 0.983405 0.16764499999999993
vn 0.073203 0.982588 0.17077199999999995
vn 0.073203 0.982588 0.17077199999999995
vn 0.073203 0.982588 0.17077199999999995
vn -0.12446 0.820604 0.557781
vn -0.669716 0.500365 0.548739
vn 0.687616 0.696801 0.20408699999999994
vn 0.687616 0.696801 0.20408699999999994
vn 0.954435 0.252749 -0.15865500000000002
vn -0.12446 0.820604 0.557781
vn -0.958497 -0.285104 1.745758505120535E-17
vn -0.595733 -0.803183 4.9180774503978426E-17
vn -0.803181 0.595735 -3.6478248044502425E-17
vn -0.803181 0.595735 -3.6478248044502425E-17
vn -0.285106 0.958496 -5.869095291977707E-17
vn -0.958497 -0.285104 1.745758505120535E-17
vn 0.285106 -0.958496 5.869095291977707E-17
vn 0.803178 -0.595739 3.6478492973862253E-17
vn -0.595734 -0.803182 4.918071327163847E-17
vn -0.595734 -0.803182 4.918071327163847E-17
vn -0.958498 -0.285099 1.7457278889505562E-17
vn 0.285106 -0.958496 5.869095291977707E-17
vn 0.02437 -0.999703 -9.999999999387857E-07
vn 0.02437 -0.999703 -9.999999999387857E-07
vn 0.02437 -0.999703 -9.999999999387857E-07
vn 0.025525 -0.999672 -0.0020869999999999387
vn 0.025525 -0.999672 -0.0020869999999999387
vn 0.025525 -0.999672 -0.0020869999999999387
vn 0.146624 -0.98919 -0.0021119999999999394
vn 0.146624 -0.98919 -0.0021119999999999394
vn 0.146624 -0.98919 -0.0021119999999999394
vn 0.084281 -0.996358 0.012954000000000061
vn 0.084281 -0.996358 0.012954000000000061
vn 0.084281 -0.996358 0.012954000000000061
vn 0.431384 -0.902168 5.524185767465847E-17
vn 0.431384 -0.902168 5.524185767465847E-17
vn 0.431384 -0.902168 5.524185767465847E-17
vn 0.435598 -0.900136 0.003083000000000055
vn 0.435598 -0.900136 0.003083000000000055
vn 0.435598 -0.900136 0.003083000000000055
vn 0.999999 -1.0000000000000707E-06 -0.001155
vn 0.999999 -1.0000000000000707E-06 -0.001155
vn 0.999999 -1.0000000000000707E-06 -0.001155
vn 0.999994 0.0012779999999999998 -0.003373
vn 0.999994 0.0012779999999999998 -0.003373
vn 0.999994 0.0012779999999999998 -0.003373
vn 0.999997 -1.700000000000016E-05 -0.002621
vn 0.999997 -1.700000000000016E-05 -0.002621
vn 0.999997 -1.700000000000016E-05 -0.002621
vn 0.999993 -0.002525 -0.002613
vn 0.999993 -0.002525 -0.002613
vn 0.999993 -0.002525 -0.002613
vn -0.954465 0.196985 0.224041
vn -0.954465 0.196985 0.224041
vn -0.954465 0.196985 0.224041
vn -0.959012 0.185693 0.214043
vn -0.959012 0.185693 0.214043
vn -0.959012 0.185693 0.214043
vn 0.049956 -0.998751 -0.0008899999999999388
vn 0.049956 -0.998751 -0.0008899999999999388
vn 0.049956 -0.998751 -0.0008899999999999388
vn 0.045832 -0.998947 -0.0019919999999999387
vn 0.045832 -0.998947 -0.0019919999999999387
vn 0.045832 -0.998947 -0.0019919999999999387
vn 0.199351 0.979928 -0.00018300000000006
vn 0.199351 0.979928 -0.00018300000000006
vn 0.199351 0.979928 -0.00018300000000006
vn 0.200508 0.979692 0.00014199999999994003
vn 0.200508 0.979692 0.00014199999999994003
vn 0.200508 0.979692 0.00014199999999994003
vn -0.420533 0.906963 0.023891999999999945
vn -0.420533 0.906963 0.023891999999999945
vn -0.420533 0.906963 0.023891999999999945
vn -0.418329 0.908018 0.022436999999999943
vn -0.418329 0.908018 0.022436999999999943
vn -0.418329 0.908018 0.022436999999999943
vn -0.010754 -0.0008539999999999388 0.999942
vn -0.010754 -0.0008539999999999388 0.999942
vn -0.010754 -0.0008539999999999388 0.999942
vn 0.004252 0.003694000000000061 0.999984
vn 0.004252 0.003694000000000061 0.999984
vn 0.004252 0.003694000000000061 0.999984
vn 0.003523 0.0016750000000000612 0.999992
vn 0.003523 0.0016750000000000612 0.999992
vn 0.003523 0.0016750000000000612 0.999992
vn 0.740345 0.34519600000000006 0.576827
vn 0.740345 0.34519600000000006 0.576827
vn 0.740345 0.34519600000000006 0.576827
vn 0.734483 0.35705500000000007 0.577102
vn 0.734483 0.35705500000000007 0.577102
vn 0.734483 0.35705500000000007 0.577102
vn -0.175256 0.984502 -0.006417000000000061
vn -0.175256 0.984502 -0.006417000000000061
vn -0.175256 0.984502 -0.006417000000000061
vn -0.155153 0.987677 0.02056099999999994
vn -0.155153 0.987677 0.02056099999999994
vn -0.155153 0.987677 0.02056099999999994
vn 0.120317 -0.990037 0.07314700000000006
vn 0.120317 -0.990037 0.07314700000000006
vn 0.120317 -0.990037 0.07314700000000006
vn 0.100354 -0.993789 0.04809600000000006
vn 0.100354 -0.993789 0.04809600000000006
vn 0.100354 -0.993789 0.04809600000000006
vn 1 0 0
vn 1 0 0
vn 1 0 0
vn -0.199061 -0.979987 6.000689713780087E-17
vn -0.199061 -0.979987 6.000689713780087E-17
vn -0.199061 -0.979987 6.000689713780087E-17
vn -0.33974 0.940391 0.015539999999999943
vn -0.33974 0.940391 0.015539999999999943
vn -0.33974 0.940391 0.015539999999999943
vn -0.385777 0.922592 -5.649246698594775E-17
vn -0.385777 0.922592 -5.649246698594775E-17
vn -0.385777 0.922592 -5.649246698594775E-17
vn 0.707109 0.707104 -4.32976325132145E-17
vn 0.707109 0.707104 -4.32976325132145E-17
vn 0.707109 0.707104 -4.32976325132145E-17
vn 0.708756 0.705453 0.0010849999999999569
vn 0.708756 0.705453 0.0010849999999999569
vn 0.708756 0.705453 0.0010849999999999569
vn -0.707108 0.707106 -4.3297754977894416E-17
vn -0.707108 0.707106 -4.3297754977894416E-17
vn -0.707108 0.707106 -4.3297754977894416E-17
vn -0.712809 0.701354 0.0023569999999999572
vn -0.712809 0.701354 0.0023569999999999572
vn -0.712809 0.701354 0.0023569999999999572
vn 0.707098 -0.707101 -0.004530999999999957
vn 0.707098 -0.707101 -0.004530999999999957
vn 0.707098 -0.707101 -0.004530999999999957
vn 0.714583 -0.699549 -0.001610999999999957
vn 0.714583 -0.699549 -0.001610999999999957
vn 0.714583 -0.699549 -0.001610999999999957
vn -0.006522 0.0023410000000000613 0.999976
vn -0.006522 0.0023410000000000613 0.999976
vn -0.006522 0.0023410000000000613 0.999976
vn -0.422615 0.906294 -0.005194000000000055
vn -0.422615 0.906294 -0.005194000000000055
vn -0.422615 0.906294 -0.005194000000000055
vn -0.429729 0.902938 -0.006011000000000055
vn -0.429729 0.902938 -0.006011000000000055
vn -0.429729 0.902938 -0.006011000000000055
vn 0.952227 0.305385 -0.0019720000000000184
vn 0.952227 0.305385 -0.0019720000000000184
vn 0.952227 0.305385 -0.0019720000000000184
vn 0.006843 0.0021810000000000614 0.999974
vn 0.006843 0.0021810000000000614 0.999974
vn 0.006843 0.0021810000000000614 0.999974
vn -0.016259 0.002583000000000061 0.999865
vn -0.016259 0.002583000000000061 0.999865
vn -0.016259 0.002583000000000061 0.999865
vn 0.705696 0.708515 -0.0004850000000000434
vn 0.705696 0.708515 -0.0004850000000000434
vn 0.705696 0.708515 -0.0004850000000000434
vn 0.707106 0.707107 -4.329781621023438E-17
vn 0.707106 0.707107 -4.329781621023438E-17
vn 0.707106 0.707107 -4.329781621023438E-17
vn 0.34126 0.939969 -5.755650135738693E-17
vn 0.34126 0.939969 -5.755650135738693E-17
vn 0.34126 0.939969 -5.755650135738693E-17
vn 0.333176 0.942861 -0.002641000000000058
vn 0.333176 0.942861 -0.002641000000000058
vn 0.333176 0.942861 -0.002641000000000058
vn 0.336886 0.941546 0.00010099999999994235
vn 0.336886 0.941546 0.00010099999999994235
vn 0.336886 0.941546 0.00010099999999994235
vn -0.400026 0.916498 -0.003317000000000056
vn 0.234292 0.972161 -0.0031710000000000596
vn -0.972818 0.231565 -0.001318000000000014
vn -0.972818 0.231565 -0.001318000000000014
vn -0.918725 -0.394898 0.0010320000000000242
vn -0.400026 0.916498 -0.003317000000000056
vn 0.899604 0.436539 0.012124999999999974
vn 0.899604 0.436539 0.012124999999999974
vn 0.899604 0.436539 0.012124999999999974
vn 0.901501 0.432749 0.004969999999999973
vn 0.901501 0.432749 0.004969999999999973
vn 0.901501 0.432749 0.004969999999999973
vn 0.906307 0.422619 0.000934999999999974
vn 0.906307 0.422619 0.000934999999999974
vn 0.906307 0.422619 0.000934999999999974
vn -0.265372 0.964145 0.001356999999999941
vn -0.265372 0.964145 0.001356999999999941
vn -0.265372 0.964145 0.001356999999999941
vn -0.261639 0.965166 -0.0003240000000000591
vn -0.261639 0.965166 -0.0003240000000000591
vn -0.261639 0.965166 -0.0003240000000000591
vn -0.54857 0.836104 0.0003319999999999488
vn -0.54857 0.836104 0.0003319999999999488
vn -0.54857 0.836104 0.0003319999999999488
vn -0.537993 0.842942 0.0036109999999999485
vn -0.537993 0.842942 0.0036109999999999485
vn -0.537993 0.842942 0.0036109999999999485
vn 0.001741 -0.0015359999999999389 0.999997
vn 0.001741 -0.0015359999999999389 0.999997
vn 0.001741 -0.0015359999999999389 0.999997
vn 0 6.123233995736766E-17 1
vn 0 6.123233995736766E-17 1
vn 0 6.123233995736766E-17 1
vn -0.397447 0.917312 -0.023961000000000055
vn 0.232479 0.972571 -0.00764500000000006
vn -0.972236 0.232068 -0.030033000000000015
vn -0.917261 -0.397793 -0.019794999999999976
vn -0.397447 0.917312 -0.023961000000000055
vn -0.917261 -0.397793 -0.019794999999999976
vn -0.972236 0.232068 -0.030033000000000015
vn -0.232485 -0.972577 0.00675800000000006
vn -0.232485 -0.972577 0.00675800000000006
vn 0.397469 -0.917325 0.023074000000000056
vn 0.397469 -0.917325 0.023074000000000056
vn -0.232485 -0.972577 0.00675800000000006
vn 0.972263 -0.232069 0.029145000000000015
vn 0.972263 -0.232069 0.029145000000000015
vn 0.917272 0.397812 0.018906999999999976
vn 0.879461 -0.468791 0.08236200000000003
vn 0.998689 3.1341160883779065E-18 0.051184
vn 0.683851 -0.51288 0.518943
vn 0.322784 -0.89975 0.29370000000000007
vn 0.879461 -0.468791 0.08236200000000003
vn -0.445662 -0.890628 0.09037500000000005
vn 0.879461 -0.468791 0.08236200000000003
vn 0.322784 -0.89975 0.29370000000000007
vn -0.561548 -0.697811 0.44466200000000006
vn -0.445662 -0.890628 0.09037500000000005
vn 0.87946 -0.468792 0.08236200000000003
vn 0.998689 -1.999999999996866E-06 0.051184
vn 0.683851 -0.51288 0.518943
vn 0.322784 -0.89975 0.29370000000000007
vn 0.87946 -0.468792 0.08236200000000003
vn -0.445662 -0.890628 0.09037500000000005
vn 0.87946 -0.468792 0.08236200000000003
vn 0.322784 -0.89975 0.29370000000000007
vn -0.561548 -0.697811 0.44466200000000006
vn -0.445662 -0.890628 0.09037500000000005
vn -0.822628 -0.545678 0.15974600000000003
vn -0.27419 -0.658553 0.700805
vn -0.784594 0.2856580000000001 0.550284
vn -0.439502 0.883737 0.16076899999999994
vn -0.822628 -0.545678 0.15974600000000003
vn 0.743568 -0.650259 0.15578800000000004
vn 0.534153 -0.514775 0.670587
vn -0.27419 -0.658553 0.700805
vn -0.822628 -0.545678 0.15974600000000003
vn 0.743568 -0.650259 0.15578800000000004
vn 0.743568 -0.650259 0.15578800000000004
vn 0.649071 0.730349 0.21283299999999994
vn 0.525418 0.540837 0.656834
vn 0.525418 0.540837 0.656834
vn 0.534153 -0.514775 0.670587
vn 0.36556 -0.733341 0.573216
vn -0.258323 -0.956668 0.13437400000000005
vn 0.97567 -0.127064 0.178667
vn 0.97567 -0.127064 0.178667
vn 0.605514 0.3278670000000001 0.725159
vn -0.773336 -0.06491099999999995 0.630665
vn 0.36556 -0.733341 0.573216
vn -0.115301 0.732817 0.670586
vn -0.258323 -0.956668 0.13437400000000005
vn 0.36556 -0.733341 0.573216
vn -0.773336 -0.06491099999999995 0.630665
vn -0.773336 -0.06491099999999995 0.630665
vn -0.980129 -0.07537999999999999 0.183483
vn -0.773336 -0.06491099999999995 0.630665
vn -0.115301 0.732817 0.670586
vn -0.106167 0.982069 0.15578799999999995
vn -0.106167 0.982069 0.15578799999999995
vn -0.980129 -0.07537999999999999 0.183483
vn -0.106167 0.982069 0.15578799999999995
vn -0.115301 0.732817 0.670586
vn 0.605514 0.3278670000000001 0.725159
vn 0.605514 0.3278670000000001 0.725159
vn 0.97567 -0.127064 0.178667
vn 0.439579 0.883884 0.15974699999999994
vn -0.09182 0.707419 0.700804
vn 0.822307 0.14491000000000004 0.550284
vn 0.822488 -0.545588 0.16077000000000002
vn 0.439579 0.883884 0.15974699999999994
vn -0.969078 0.191357 0.155789
vn -0.719977 0.17873200000000003 0.670588
vn -0.09182 0.707419 0.700804
vn 0.439579 0.883884 0.15974699999999994
vn -0.969078 0.191357 0.155789
vn -0.969078 0.191357 0.155789
vn -0.196937 -0.957036 0.21283400000000005
vn -0.184607 -0.731087 0.656834
vn -0.184607 -0.731087 0.656834
vn -0.719977 0.17873200000000003 0.670588
vn 0.739996 -0.653366 0.15974600000000003
vn 0.707079 -0.09439899999999996 0.700805
vn -0.072856 -0.831793 0.550284
vn -0.739873 -0.653255 0.16076900000000002
vn 0.739996 -0.653366 0.15974600000000003
vn 0.435651 0.886531 0.15578799999999995
vn 0.358984 0.649187 0.670587
vn 0.707079 -0.09439899999999996 0.700805
vn 0.739996 -0.653366 0.15974600000000003
vn 0.435651 0.886531 0.15578799999999995
vn -0.658397 0.36753600000000003 0.656834
vn 0.358984 0.649187 0.670587
vn 0.435651 0.886531 0.15578799999999995
vn -0.873455 0.437925 0.21283299999999997
vn -0.658397 0.36753600000000003 0.656834
vn -0.887981 0.431243 0.15974699999999997
vn -0.706524 -0.09847099999999996 0.700804
vn -0.152641 0.820907 0.550284
vn 0.537823 0.827586 0.16076999999999994
vn -0.887981 0.431243 0.15974699999999997
vn -0.182234 -0.970835 0.15578900000000007
vn -0.171954 -0.721626 0.670587
vn -0.706524 -0.09847099999999996 0.700804
vn -0.887981 0.431243 0.15974699999999997
vn -0.182234 -0.970835 0.15578900000000007
vn 0.732791 -0.17771999999999996 0.656836
vn -0.171954 -0.721626 0.670587
vn -0.182234 -0.970835 0.15578900000000007
vn 0.958847 -0.187923 0.212834
vn 0.732791 -0.17771999999999996 0.656836
vn -0.485081 0.87266 0.05621699999999995
vn -0.913024 0.404019 0.05617199999999997
vn 0.407082 0.911675 0.05596799999999994
vn 0.407082 0.911675 0.05596799999999994
vn 0.87105 0.488 0.055923999999999974
vn -0.871047 -0.488005 0.05592200000000003
vn -0.407082 -0.911676 0.05596600000000006
vn -0.913024 0.404019 0.05617199999999997
vn -0.485081 0.87266 0.05621699999999995
vn -0.871047 -0.488005 0.05592200000000003
vn 0.485079 -0.872661 0.05621600000000006
vn 0.913022 -0.404025 0.05617200000000003
vn -0.407082 -0.911676 0.05596600000000006
vn -0.871047 -0.488005 0.05592200000000003
vn 0.485079 -0.872661 0.05621600000000006
vn -0.996691 0.058708 0.05621799999999999
vn -0.841899 -0.537527 0.047653000000000036
vn -0.562173 0.825141 0.055716999999999954
vn -0.562173 0.825141 0.055716999999999954
vn 0.046 0.998206 0.03833399999999994
vn 0.806196 0.564567 0.17695199999999997
vn 0.406764 0.894443 -0.18578200000000006
vn 0.798107 -0.24882499999999996 0.548736
vn 0.39058 -0.732343 0.557782
vn 0.806196 0.564567 0.17695199999999997
vn 0.085733 0.980478 0.17695499999999995
vn -0.42372 0.886536 -0.18578200000000006
vn 0.703627 0.45143900000000003 0.548737
vn 0.812067 -0.17153899999999997 0.557782
vn 0.085733 0.980478 0.17695499999999995
vn 0.085734 0.980478 0.17695499999999995
vn -0.42372 0.886536 -0.18578200000000006
vn 0.703626 0.45144100000000004 0.548736
vn 0.812068 -0.17153699999999997 0.557782
vn 0.085734 0.980478 0.17695499999999995
vn 0.492068 0.852382 0.17695499999999995
vn -0.009357 0.982546 -0.18578400000000006
vn 0.828489 0.11177900000000003 0.548737
vn 0.66349 -0.49865799999999993 0.557783
vn 0.492068 0.852382 0.17695499999999995
vn 0.254686 0.950696 0.17695299999999994
vn -0.263338 0.946646 -0.18578300000000006
vn 0.771327 0.32240300000000005 0.548735
vn 0.769945 -0.30993999999999994 0.557783
vn 0.254686 0.950696 0.17695299999999994
vn -0.254781 0.95067 0.17695399999999994
vn -0.70138 0.688151 -0.18578200000000006
vn 0.506789 0.664871 0.548736
vn 0.821763 0.11655300000000003 0.557782
vn -0.254781 0.95067 0.17695399999999994
vn -0.25478 0.95067 0.17695499999999995
vn -0.701378 0.688152 -0.18578100000000006
vn 0.506789 0.664871 0.548737
vn 0.821763 0.11655000000000003 0.557782
vn -0.25478 0.95067 0.17695499999999995
vn -0.254778 0.950671 0.17695599999999995
vn -0.701377 0.688154 -0.18578100000000006
vn 0.506792 0.664868 0.548737
vn 0.821764 0.11654800000000003 0.557782
vn -0.254778 0.950671 0.17695599999999995
vn 0.085733 0.980478 0.17695499999999995
vn -0.423722 0.886535 -0.18578300000000006
vn 0.703627 0.45143800000000006 0.548737
vn 0.812067 -0.17154099999999997 0.557782
vn 0.085733 0.980478 0.17695499999999995
vn -0.632676 0.753928 0.17695699999999995
vn -0.92649 0.327262 -0.18578300000000003
vn 0.17833 0.816753 0.548737
vn 0.695516 0.4529210000000001 0.557781
vn -0.632676 0.753928 0.17695699999999995
vn -0.950693 0.254694 0.17695899999999998
vn -0.946647 -0.263335 -0.18577999999999997
vn -0.32239 0.771331 0.548738
vn 0.309952 0.769942 0.557781
vn -0.950693 0.254694 0.17695899999999998
vn -0.852339 -0.492141 0.17696100000000003
vn -0.48318 -0.855584 -0.18577699999999994
vn -0.773377 0.31745100000000004 0.548738
vn -0.325264 0.763599 0.55778
vn -0.852339 -0.492141 0.17696100000000003
vn -0.969273 0.170867 0.176959
vn -0.920094 -0.344838 -0.18577999999999997
vn -0.388389 0.740298 0.548738
vn 0.241665 0.794027 0.557781
vn -0.969273 0.170867 0.176959
vn -0.969259 -0.17094 0.176964
vn -0.746666 -0.63873 -0.18577899999999997
vn -0.618155 0.562822 0.54874
vn -0.04448 0.828796 0.557781
vn -0.969259 -0.17094 0.176964
vn -0.753933 -0.632668 0.17696400000000004
vn -0.327266 -0.92649 -0.18577899999999994
vn -0.81675 0.17833800000000002 0.548739
vn -0.452916 0.69552 0.55778
vn -0.753933 -0.632668 0.17696400000000004
vn -0.92485 -0.336657 0.17696200000000004
vn -0.624404 -0.758686 -0.18578099999999995
vn -0.7065 0.4469270000000001 0.548739
vn -0.187718 0.808483 0.55778
vn -0.92485 -0.336657 0.17696200000000004
vn 0.078085 -0.685402 0.723966
vn 0.09458 -0.835452 0.541364
vn 0.095091 -0.835308 0.541496
vn 0.067469 -0.5894 0.805019
vn 0.078085 -0.685402 0.723966
vn 0.030527 -0.26667799999999997 0.963302
vn -0.146696 0.989182 -6.056992850370885E-17
vn 0.476157 0.87936 -5.3845270464910827E-17
vn -0.984811 0.173632 -1.0631893651477662E-17
vn -0.984811 0.173632 -1.0631893651477662E-17
vn -0.984811 0.173632 -1.0631893651477662E-17
vn -0.476143 -0.879368 5.384576032363049E-17
vn -0.984811 0.173632 -1.0631893651477662E-17
vn -0.984811 0.173632 -1.0631893651477662E-17
vn 0.1467 -0.989181 6.05698672713689E-17
vn -0.476143 -0.879368 5.384576032363049E-17
vn 0.984809 -0.173641 1.0632444742537277E-17
vn -0.476143 -0.879368 5.384576032363049E-17
vn 0.1467 -0.989181 6.05698672713689E-17
vn 0.984809 -0.173641 1.0632444742537277E-17
vn 0.984809 -0.173641 1.0632444742537277E-17
vn 0.879462 0.468789 0.08236199999999998
vn 0.322785 0.89975 0.29369999999999996
vn 0.683852 0.512878 0.518943
vn 0.998689 -2.999999999996866E-06 0.051184
vn 0.879462 0.468789 0.08236199999999998
vn -0.445661 0.890628 0.09037499999999994
vn -0.561547 0.697812 0.44466199999999995
vn 0.322785 0.89975 0.29369999999999996
vn 0.879462 0.468789 0.08236199999999998
vn -0.445661 0.890628 0.09037499999999994
vn 0.879462 0.468789 0.08236199999999998
vn 0.322787 0.899749 0.29369999999999996
vn 0.683853 0.512877 0.518944
vn 0.998689 -1.999999999996866E-06 0.051184
vn 0.879462 0.468789 0.08236199999999998
vn -0.44566 0.890629 0.09037399999999994
vn -0.561546 0.697812 0.4446629999999999
vn 0.322787 0.899749 0.29369999999999996
vn 0.879462 0.468789 0.08236199999999998
vn -0.44566 0.890629 0.09037399999999994
vn -0.397698 0.917489 0.007111999999999944
vn 0.232326 0.972604 0.00807899999999994
vn -0.972631 0.232351 0.0010059999999999856
vn -0.917503 -0.397707 -0.004131999999999976
vn -0.397698 0.917489 0.007111999999999944
vn -0.917503 -0.397707 -0.004131999999999976
vn -0.972631 0.232351 0.0010059999999999856
vn -0.23232 -0.972604 -0.00830299999999994
vn -0.23232 -0.972604 -0.00830299999999994
vn 0.397701 -0.917486 -0.007335999999999943
vn 0.397701 -0.917486 -0.007335999999999943
vn -0.23232 -0.972604 -0.00830299999999994
vn 0.972631 -0.232351 -0.0012309999999999858
vn 0.972631 -0.232351 -0.0012309999999999858
vn 0.917506 0.397703 0.003907999999999976
vn -0.397694 0.917498 0.006054999999999943
vn 0.232345 0.972633 0.0009749999999999404
vn -0.972601 0.232322 0.008564999999999986
vn -0.917487 -0.397721 0.005997000000000024
vn -0.397694 0.917498 0.006054999999999943
vn -0.917487 -0.397721 0.005997000000000024
vn -0.972601 0.232322 0.008564999999999986
vn -0.232345 -0.972632 -0.0016519999999999404
vn -0.232345 -0.972632 -0.0016519999999999404
vn 0.397698 -0.917492 -0.006730999999999944
vn 0.397698 -0.917492 -0.006730999999999944
vn -0.232345 -0.972632 -0.0016519999999999404
vn 0.972598 -0.232311 -0.009241999999999986
vn 0.972598 -0.232311 -0.009241999999999986
vn 0.917482 0.397722 -0.006673000000000024
vn -0.527496 0.830558 0.17866499999999993
vn -0.757864 -0.638424 0.13437500000000002
vn -0.642056 -3.499999999995305E-05 0.766657
vn 0.039819 0.859676 0.509286
vn -0.527496 0.830558 0.17866499999999993
vn 0.689344 -0.021431999999999955 0.724117
vn -0.642056 -3.499999999995305E-05 0.766657
vn 0.046435 -0.871127 0.48885800000000007
vn 0.046435 -0.871127 0.48885800000000007
vn -0.642056 -3.499999999995305E-05 0.766657
vn -0.757864 -0.638424 0.13437500000000002
vn 0.598541 -0.784001 0.16459200000000004
vn 0.046435 -0.871127 0.48885800000000007
vn 0.689344 -0.021431999999999955 0.724117
vn 0.046435 -0.871127 0.48885800000000007
vn 0.598541 -0.784001 0.16459200000000004
vn 0.783736 0.605682 0.13750399999999996
vn 0.689344 -0.021431999999999955 0.724117
vn 0.039819 0.859676 0.509286
vn 0.689344 -0.021431999999999955 0.724117
vn 0.783736 0.605682 0.13750399999999996
vn -0.527496 0.830558 0.17866499999999993
vn 0.039819 0.859676 0.509286
vn 0.509049 -0.806459 0.30082000000000003
vn 0.744939 0.626242 0.22997199999999998
vn 0.596013 -0.005785999999999951 0.802954
vn -0.045358 -0.807939 0.587518
vn 0.509049 -0.806459 0.30082000000000003
vn -0.769124 -0.594274 0.23513100000000003
vn -0.643711 0.006724000000000047 0.765239
vn -0.582361 0.763502 0.27914199999999995
vn -0.036482 0.823224 0.566544
vn 0.744939 0.626242 0.22997199999999998
vn 0.596013 -0.005785999999999951 0.802954
vn -0.643711 0.006724000000000047 0.765239
vn 0.596013 -0.005785999999999951 0.802954
vn -0.036482 0.823224 0.566544
vn 0.879462 0.46879 0.08236199999999998
vn 0.322786 0.89975 0.29369999999999996
vn 0.683852 0.512879 0.518943
vn 0.998689 -1.999999999996866E-06 0.051184
vn 0.879462 0.46879 0.08236199999999998
vn -0.44566 0.890629 0.09037499999999994
vn -0.561546 0.697812 0.44466199999999995
vn 0.322786 0.89975 0.29369999999999996
vn 0.879462 0.46879 0.08236199999999998
vn -0.44566 0.890629 0.09037499999999994
vn -0.958497 -0.285104 1.745758505120535E-17
vn -0.595736 -0.80318 4.9180590806958555E-17
vn -0.803181 0.595736 -3.647830927684238E-17
vn -0.285099 0.958498 -5.869107538445698E-17
vn -0.958497 -0.285104 1.745758505120535E-17
vn 0.285104 -0.958497 5.869101415211703E-17
vn 0.803179 -0.595737 3.647837050918233E-17
vn -0.595734 -0.803182 4.918071327163847E-17
vn -0.958497 -0.285104 1.745758505120535E-17
vn 0.285104 -0.958497 5.869101415211703E-17
vn 0.803177 -0.59574 3.647855420620221E-17
vn 0.595738 0.803179 -4.91805295746186E-17
vn 0.958499 0.285097 -1.7457156424825648E-17
vn 0.285103 -0.958497 5.869101415211703E-17
vn 0.803177 -0.59574 3.647855420620221E-17
vn 0.595732 0.803183 -4.9180774503978426E-17
vn -0.803183 0.595732 -3.6478064347482554E-17
vn -0.285108 0.958495 -5.869089168743711E-17
vn 0.958496 0.285105 -1.7457646283545308E-17
vn 0.595732 0.803183 -4.9180774503978426E-17
vn -0.092538 0.13215400000000005 0.9869
vn -0.217145 0.31010600000000005 0.925571
vn -0.217143 0.31010800000000005 0.925571
vn -0.024404 0.034852000000000063 0.999094
vn -0.092538 0.13215400000000005 0.9869
vn 0.171221 -0.24452999999999994 0.954405
vn 0.184139 -0.970674 0.15454600000000004
vn 0.787147 -0.46922 0.40029000000000003
vn 0.240708 -0.761469 0.601851
vn -0.347542 -0.935835 0.058537000000000054
vn 0.184139 -0.970674 0.15454600000000004
vn 0.950314 0.255791 0.17741099999999999
vn 0.782621 0.37670600000000004 0.495577
vn 0.787147 -0.46922 0.40029000000000003
vn 0.184139 -0.970674 0.15454600000000004
vn 0.950314 0.255791 0.17741099999999999
vn -0.570197 -0.805208 0.16283500000000006
vn 0.076232 -0.918866 0.38713600000000004
vn -0.393282 -0.729623 0.559446
vn -0.889655 -0.449688 0.07934000000000002
vn -0.570197 -0.805208 0.16283500000000006
vn 0.759167 -0.615631 0.21134200000000003
vn 0.769011 -0.37587999999999994 0.517046
vn 0.076232 -0.918866 0.38713600000000004
vn -0.570197 -0.805208 0.16283500000000006
vn 0.759167 -0.615631 0.21134200000000003
vn -0.911759 0.404386 0.07187799999999997
vn -0.890977 -0.3093 0.332406
vn -0.820017 0.23336400000000002 0.522602
vn -0.58824 0.80868 -0.0030890000000000496
vn -0.911759 0.404386 0.07187799999999997
vn -0.420579 -0.891203 0.16991400000000006
vn -0.185236 -0.845179 0.501358
vn -0.890977 -0.3093 0.332406
vn -0.911759 0.404386 0.07187799999999997
vn -0.420579 -0.891203 0.16991400000000006
vn -0.040454 -0.997936 0.049867000000000064
vn 0.557516 -0.828287 0.05582100000000005
vn -0.478418 -0.877419 0.03539000000000005
vn -0.494978 -0.868472 0.027459000000000053
vn -0.040454 -0.997936 0.049867000000000064
vn 0.996691 -0.058713 0.05621500000000001
vn 0.857717 0.5129 0.035433999999999966
vn 0.557516 -0.828287 0.05582100000000005
vn -0.040454 -0.997936 0.049867000000000064
vn 0.996691 -0.058713 0.05621500000000001
vn 1E-06 6.123233995736766E-17 1
vn 1E-06 0.890016 0.45592999999999995
vn -0.445006 0.770777 0.4559309999999999
vn 1E-06 6.123233995736766E-17 1
vn -0.770776 0.44500700000000004 0.455931
vn 1E-06 6.123233995736766E-17 1
vn -0.890015 -9.999999999720822E-07 0.455931
vn 1E-06 6.123233995736766E-17 1
vn -0.770775 -0.44500799999999996 0.455931
vn 1E-06 6.123233995736766E-17 1
vn -0.445008 -0.770776 0.45593000000000006
vn 1E-06 6.123233995736766E-17 1
vn -1E-06 -0.890015 0.45593100000000003
vn 0.545676 -0.822629 0.15974700000000006
vn 0.658553 -0.27419199999999994 0.700805
vn -0.285659 -0.784594 0.550284
vn -0.883737 -0.439502 0.16077100000000002
vn 0.545676 -0.822629 0.15974700000000006
vn 0.650262 0.743565 0.15578899999999996
vn 0.514779 0.53415 0.670586
vn 0.658553 -0.27419199999999994 0.700805
vn 0.545676 -0.822629 0.15974700000000006
vn 0.650262 0.743565 0.15578899999999996
vn -0.540834 0.525419 0.656836
vn 0.514779 0.53415 0.670586
vn 0.650262 0.743565 0.15578899999999996
vn -0.730348 0.649071 0.21283399999999997
vn -0.540834 0.525419 0.656836
vn -0.255007 0.965303 0.056217999999999935
vn -0.785263 0.616609 0.056171999999999965
vn 0.619245 0.7832 0.05596799999999995
vn 0.619245 0.7832 0.05596799999999995
vn 0.964463 0.258232 0.05592299999999999
vn -0.964462 -0.258238 0.05592200000000001
vn -0.619245 -0.783201 0.05596600000000005
vn -0.785263 0.616609 0.056171999999999965
vn -0.255007 0.965303 0.056217999999999935
vn -0.964462 -0.258238 0.05592200000000001
vn 0.255005 -0.965304 0.056216000000000065
vn 0.785259 -0.616614 0.056172000000000034
vn -0.619245 -0.783201 0.05596600000000005
vn -0.964462 -0.258238 0.05592200000000001
vn 0.255005 -0.965304 0.056216000000000065
vn 0.879462 0.468788 0.08236199999999998
vn 0.322788 0.899749 0.29369999999999996
vn 0.683853 0.512878 0.518943
vn 0.998689 -2.999999999996866E-06 0.051184
vn 0.879462 0.468788 0.08236199999999998
vn -0.445659 0.890629 0.09037499999999994
vn -0.561545 0.697813 0.44466199999999995
vn 0.322788 0.899749 0.29369999999999996
vn 0.879462 0.468788 0.08236199999999998
vn -0.445659 0.890629 0.09037499999999994
vn -0.948171 -0.263925 0.17696100000000003
vn -0.681362 -0.707978 -0.18577799999999994
vn -0.669716 0.500365 0.548739
vn -0.12446 0.820604 0.557781
vn -0.948171 -0.263925 0.17696100000000003
vn 0.958497 0.285104 -1.745758505120535E-17
vn 0.595733 0.803183 -4.9180774503978426E-17
vn 0.803181 -0.595735 3.6478248044502425E-17
vn 0.285106 -0.958496 5.869095291977707E-17
vn 0.958497 0.285104 -1.745758505120535E-17
vn -0.285108 0.958495 -5.869089168743711E-17
vn -0.803178 0.595739 -3.6478492973862253E-17
vn 0.595731 0.803184 -4.918083573631839E-17
vn 0.958498 0.2851 -1.7457340121845523E-17
vn -0.285108 0.958495 -5.869089168743711E-17
vn -0.43764 -0.891133 0.11980300000000006
vn 0.25395 -0.912464 0.32080900000000007
vn -0.253711 -0.809319 0.529749
vn -0.8171 -0.572143 0.07070600000000005
vn -0.43764 -0.891133 0.11980300000000006
vn 0.871879 -0.471356 0.13285700000000003
vn 0.850889 -0.25087199999999993 0.461575
vn 0.25395 -0.912464 0.32080900000000007
vn -0.43764 -0.891133 0.11980300000000006
vn 0.871879 -0.471356 0.13285700000000003
vn -0.728164 -0.680437 0.08236200000000005
vn -0.078922 -0.952634 0.29369900000000004
vn -0.52781 -0.672396 0.518942
vn -0.96466 -0.25848 0.051184000000000014
vn -0.728164 -0.680437 0.08236200000000005
vn 0.660982 -0.744939 0.09037500000000004
vn 0.723016 -0.528698 0.44466400000000006
vn -0.078922 -0.952634 0.29369900000000004
vn -0.728164 -0.680437 0.08236200000000005
vn 0.660982 -0.744939 0.09037500000000004
vn 0.173642 0.984809 -6.030215948107529E-17
vn 0.173642 0.984809 -6.030215948107529E-17
vn -0.984809 0.173643 -1.0632567207217193E-17
vn -0.984809 0.173643 -1.0632567207217193E-17
vn -0.984809 0.173643 -1.0632567207217193E-17
vn -0.476159 -0.879359 5.384520923257087E-17
vn -0.984809 0.173643 -1.0632567207217193E-17
vn -0.984809 0.173643 -1.0632567207217193E-17
vn 0.146681 -0.989184 6.057005096838877E-17
vn -0.476159 -0.879359 5.384520923257087E-17
vn 0.879356 -0.476165 2.9156697155799975E-17
vn -0.476159 -0.879359 5.384520923257087E-17
vn 0.146681 -0.989184 6.057005096838877E-17
vn 0.989183 0.146691 -8.982233180686218E-18
vn 0.879356 -0.476165 2.9156697155799975E-17
vn -0.879349 0.476177 -2.915743194387946E-17
vn 0.173654 0.984807 -6.030203701639537E-17
vn 0.173654 0.984807 -6.030203701639537E-17
vn 0.173654 0.984807 -6.030203701639537E-17
vn -0.989183 -0.146684 8.981804554306519E-18
vn -0.476161 -0.879358 5.3845148000230907E-17
vn -0.879349 0.476177 -2.915743194387946E-17
vn -0.989183 -0.146684 8.981804554306519E-18
vn 0.146678 -0.989184 6.057005096838877E-17
vn -0.476161 -0.879358 5.3845148000230907E-17
vn 0.984808 -0.173648 1.063287336891698E-17
vn -0.476161 -0.879358 5.3845148000230907E-17
vn 0.146678 -0.989184 6.057005096838877E-17
vn 0.984808 -0.173648 1.063287336891698E-17
vn 0.984808 -0.173648 1.063287336891698E-17
vn 0.312738 -0.937361 0.15345600000000006
vn 0.795487 -0.448324 0.407683
vn 0.340676 -0.749648 0.567422
vn -0.170722 -0.983959 0.05175900000000006
vn 0.312738 -0.937361 0.15345600000000006
vn 0.927581 0.304671 0.21626399999999998
vn 0.729823 0.4384890000000001 0.524486
vn 0.795487 -0.448324 0.407683
vn 0.312738 -0.937361 0.15345600000000006
vn 0.927581 0.304671 0.21626399999999998
vn 0.487373 -0.635333 0.599016
vn 0.088148 -0.979142 0.18306300000000006
vn 0.506361 -0.822694 0.2584060000000001
vn 0.506361 -0.822694 0.2584060000000001
vn 0.827679 -0.360646 0.429978
vn 0.881913 0.37398 0.287
vn 0.881913 0.37398 0.287
vn 0.648774 0.502695 0.571306
vn -0.964293 -0.225268 0.139262
vn -0.562528 -0.746662 0.35504800000000003
vn -0.775956 -0.28173899999999996 0.564371
vn -0.963256 0.255195 0.08374399999999999
vn -0.964293 -0.225268 0.139262
vn 0.164358 -0.973337 0.16000400000000006
vn 0.345486 -0.788916 0.508184
vn -0.562528 -0.746662 0.35504800000000003
vn -0.964293 -0.225268 0.139262
vn 0.164358 -0.973337 0.16000400000000006
vn 0.400906 -0.916111 0.003944000000000056
vn -0.234001 -0.972229 0.0036950000000000593
vn 0.973017 -0.23073 0.0016000000000000142
vn 0.973017 -0.23073 0.0016000000000000142
vn 0.91869 0.394979 -0.0007350000000000242
vn -0.510281 -0.49477799999999994 0.703426
vn -0.717892 -0.696076 -0.010407999999999957
vn -0.71789 -0.696079 -0.010383999999999956
vn -0.510274 -0.49477299999999996 0.703434
vn -0.510281 -0.49477799999999994 0.703426
vn 0.505033 0.48990800000000007 0.710586
vn 0.717746 0.696236 0.009790999999999956
vn 0.717739 0.696243 0.009863999999999956
vn 0.50501 0.4898950000000001 0.710611
vn 0.505033 0.48990800000000007 0.710586
vn 1E-06 6.123233995736766E-17 1
vn 0.445007 0.770776 0.45592999999999995
vn 1E-06 0.890016 0.45592999999999995
vn 1E-06 6.123233995736766E-17 1
vn 0.770776 0.44500800000000007 0.45593
vn 0.890015 2.791766075676264E-17 0.45593
vn 0.770776 -0.44500699999999993 0.45593
vn 0.445008 -0.770776 0.45593100000000003
vn -1E-06 -0.890015 0.45593100000000003
vn -0.04321 0.13409600000000005 0.990026
vn -0.144624 0.37134800000000007 0.917161
vn -0.033148 0.13642300000000004 0.990096
vn 0.018902 0.007135000000000061 0.999796
vn 0.021974 0.01251600000000006 0.99968
vn -0.033148 0.13642300000000004 0.990096
vn 0.048591 0.013813000000000061 0.998723
vn 0.432411 -0.90124 -0.028038999999999946
vn 0.430247 -0.90206 -0.034281999999999944
vn 0.432411 -0.90124 -0.028038999999999946
vn 0.434556 -0.900381 -0.021793999999999945
vn -0.905816 -0.423659 -0.003346999999999974
vn -0.906032 -0.423209 2.591407736101761E-17
vn -0.905816 -0.423659 -0.003346999999999974
vn -0.905589 -0.424104 -0.006694999999999974
vn -0.00372 -0.0017399999999999389 0.999992
vn -0.003726 -0.0017399999999999389 0.999992
vn -0.00372 -0.0017399999999999389 0.999992
vn -0.003714 -0.0017399999999999389 0.999992
vn 0.422619 -0.906308 1.2000000000055496E-05
vn 0.422619 -0.906308 1.5000000000055496E-05
vn 0.422619 -0.906308 1.2000000000055496E-05
vn 0.422619 -0.906308 9.000000000055496E-06
vn 0.902723 0.430223 -1.0000000000263435E-06
vn 0.902723 0.430223 -1.0000000000263435E-06
vn 0.902723 0.430223 -1.0000000000263435E-06
vn 0.902723 0.430223 -1.0000000000263435E-06
vn -0.422619 0.906307 -1.3000000000055495E-05
vn -0.42262 0.906307 -1.0000000000055497E-05
vn -0.422619 0.906307 -1.3000000000055495E-05
vn -0.422619 0.906308 -1.6000000000055493E-05
vn -0.902723 -0.430223 1.0000000000263435E-06
vn -0.902723 -0.430223 2.634356099347859E-17
vn -0.902723 -0.430223 1.0000000000263435E-06
vn -0.902723 -0.430223 1.0000000000263435E-06
vn 0.42287 -0.906191 -0.00010499999999994452
vn 0.42262 -0.906307 -0.0001859999999999445
vn 0.42287 -0.906191 -0.00010499999999994452
vn 0.423119 -0.906074 -2.399999999994452E-05
vn 0.906304 0.422626 1.9999999999741214E-06
vn 0.905823 0.423656 -0.0004990000000000259
vn 0.906304 0.422626 1.9999999999741214E-06
vn 0.906784 0.421596 0.0005029999999999742
vn -0.904686 -0.426065 -0.003493999999999974
vn -0.903041 -0.429499 -0.006895999999999974
vn -0.904686 -0.426065 -0.003493999999999974
vn -0.906307 -0.422619 -9.199999999997413E-05
vn 0 6.123233995736766E-17 1
vn 0 6.123233995736766E-17 1
vn 0 6.123233995736766E-17 1
vn 0 6.123233995736766E-17 1
vn 0.006705 0.018488000000000063 0.999807
vn 0.005129 0.01430600000000006 0.999885
vn 0.006705 0.018488000000000063 0.999807
vn 0.008281 0.02267000000000006 0.999709
vn -0.422773 0.906235 -0.00016600000000005548
vn -0.422985 0.906137 -5.600000000005548E-05
vn -0.422773 0.906235 -0.00016600000000005548
vn -0.422562 0.906334 -0.0002770000000000555
vn 0.422262 -0.906473 -0.0009139999999999445
vn 0.422273 -0.906468 -0.0007869999999999445
vn 0.422262 -0.906473 -0.0009139999999999445
vn 0.42225 -0.906479 -0.0010399999999999444
vn -0.402676 0.914668 -0.035142000000000055
vn -0.400382 0.914423 -0.059369000000000054
vn -0.402676 0.914668 -0.035142000000000055
vn -0.404732 0.914371 -0.010893000000000055
vn -0.908052 -0.418843 -0.003461999999999974
vn -0.908318 -0.418075 -0.013158999999999975
vn -0.908052 -0.418843 -0.003461999999999974
vn -0.907701 -0.419572 0.006234000000000026
vn 0.429313 -0.903156 1.4000000000055303E-05
vn 0.429313 -0.903156 1.5000000000055303E-05
vn 0.429313 -0.903156 1.4000000000055303E-05
vn 0.429313 -0.903156 1.3000000000055302E-05
vn 0.906381 0.422462 6.0999999999974134E-05
vn 0.906383 0.422457 -2.000000000025868E-06
vn 0.906381 0.422462 6.0999999999974134E-05
vn 0.906378 0.422468 0.00012399999999997415
vn -0.433344 0.901138 -0.012787000000000055
vn -0.434524 0.900653 0.003534999999999945
vn -0.433344 0.901138 -0.012787000000000055
vn -0.432048 0.901381 -0.029105000000000054
vn -0.91017 -0.413713 -0.020772999999999976
vn -0.910172 -0.412143 -0.041534999999999975
vn -0.91017 -0.413713 -0.020772999999999976
vn -0.909774 -0.415104 -1.999999999974582E-06
vn 0.007915 0.01338200000000006 0.999879
vn 0.021457 0.005749000000000061 0.999753
vn 0.007915 0.01338200000000006 0.999879
vn -0.00563 0.02101100000000006 0.999763
vn 0.256431 -0.966548 -0.005218999999999941
vn 0.255771 -0.966681 -0.010441999999999941
vn 0.256431 -0.966548 -0.005218999999999941
vn 0.257085 -0.966389 5.000000000059175E-06
vn 0.965926 0.25882 -1.0000000000158482E-06
vn 0.965926 0.25882 -1.0000000000158482E-06
vn 0.965926 0.25882 -1.0000000000158482E-06
vn 0.965926 0.25882 -1.0000000000158482E-06
vn -0.25882 0.965926 -2.0000000000591457E-06
vn -0.25882 0.965926 -5.000000000059146E-06
vn -0.25882 0.965926 -2.0000000000591457E-06
vn -0.25882 0.965926 9.99999999940854E-07
vn -0.968036 -0.250034 0.019751000000000015
vn -0.968626 -0.248523 -4.999999999984783E-06
vn -0.968036 -0.250034 0.019751000000000015
vn -0.967065 -0.251447 0.039500000000000014
vn 0.707107 -0.707106 7.000000000043298E-06
vn 0.707107 -0.707106 5.000000000043298E-06
vn 0.707107 -0.707106 7.000000000043298E-06
vn 0.707108 -0.707106 8.000000000043297E-06
vn 0.707106 0.707107 -6.000000000043298E-06
vn 0.707106 0.707107 -8.000000000043298E-06
vn 0.707106 0.707107 -6.000000000043298E-06
vn 0.707106 0.707107 -5.000000000043298E-06
vn -0.700259 0.713845 0.007920999999999956
vn -0.700114 0.714031 -9.000000000043722E-06
vn -0.700259 0.713845 0.007920999999999956
vn -0.700359 0.713615 0.015849999999999954
vn -0.707611 -0.706558 0.007857000000000043
vn -0.707064 -0.706975 0.015706000000000043
vn -0.707611 -0.706558 0.007857000000000043
vn -0.708115 -0.706097 7.000000000043236E-06
vn 0.016166 0.04110700000000006 0.999024
vn 0.041136 0.04107400000000006 0.998309
vn 0.016166 0.04110700000000006 0.999024
vn -0.008814 0.04111500000000006 0.999116
vn 0.940734 0.339145 -4.0000000000207665E-06
vn 0.940734 0.339145 -3.0000000000207668E-06
vn 0.940734 0.339145 -4.0000000000207665E-06
vn 0.940734 0.339145 -4.0000000000207665E-06
vn -0.334324 0.942274 -0.01864700000000006
vn -0.335426 0.942067 -1.1000000000057684E-05
vn -0.334324 0.942274 -0.01864700000000006
vn -0.333106 0.942152 -0.03727600000000005
vn -0.94053 -0.339711 -0.0006729999999999792
vn -0.940435 -0.339963 0.002836000000000021
vn -0.94053 -0.339711 -0.0006729999999999792
vn -0.940613 -0.339455 -0.004181999999999979
vn -0.598502 -0.27265399999999995 0.753296
vn -0.598549 -0.27260699999999993 0.753276
vn -0.598502 -0.27265399999999995 0.753296
vn -0.598455 -0.27270199999999994 0.753316
vn 0.440702 -0.897653 0.000371000000000055
vn 0.440554 -0.897726 0.0005160000000000549
vn 0.440702 -0.897653 0.000371000000000055
vn 0.44085 -0.897581 0.00022500000000005496
vn 0.236117 -0.4942369999999999 0.836647
vn 0.220067 -0.47462799999999994 0.852232
vn 0.236117 -0.4942369999999999 0.836647
vn 0.251957 -0.513408 0.820323
vn -0.501336 -0.23215699999999995 0.833526
vn -0.505825 -0.23263799999999996 0.830675
vn -0.501336 -0.23215699999999995 0.833526
vn -0.496833 -0.23166899999999996 0.836353
vn -0.906308 -0.422619 2.5877950280442764E-17
vn -0.906307 -0.422619 1.0000000000258779E-06
vn -0.906308 -0.422619 2.5877950280442764E-17
vn -0.906308 -0.422618 2.5877889048102807E-17
vn -0.568493 -0.15232699999999993 0.808462
vn -0.568497 -0.15232899999999994 0.80846
vn -0.568493 -0.15232699999999993 0.808462
vn -0.56849 -0.15232599999999993 0.808465
vn -0.153694 0.573443 0.8047
vn -0.153631 0.573063 0.804982
vn -0.153694 0.573443 0.8047
vn -0.153756 0.573822 0.804417
vn -0.25882 0.965926 -5.914590920566031E-17
vn -0.25882 0.965925 -5.914584797332036E-17
vn -0.25882 0.965926 -5.914590920566031E-17
vn -0.25882 0.965926 -5.914590920566031E-17
vn 0.931814 0.33009 -0.15087600000000004
vn 0.931815 0.330089 -0.15087500000000004
vn 0.931814 0.33009 -0.15087600000000004
vn 0.931813 0.330092 -0.15087700000000004
vn -0.931814 -0.33009 0.15087600000000004
vn -0.931813 -0.330092 0.15087700000000004
vn -0.931814 -0.33009 0.15087600000000004
vn -0.931815 -0.330089 0.15087500000000004
vn 0.247624 -0.957036 -0.15087799999999996
vn 0.247624 -0.957036 -0.15087799999999996
vn 0.247624 -0.957036 -0.15087799999999996
vn 0.247623 -0.957036 -0.15087799999999996
vn -0.410044 0.8995 -0.15087800000000007
vn -0.41004 0.899502 -0.15087400000000006
vn -0.410044 0.8995 -0.15087800000000007
vn -0.410048 0.899497 -0.15088100000000004
vn 0.707106 0.707108 9.999999999567022E-07
vn 0.707108 0.707106 -4.3297754977894416E-17
vn 0.707106 0.707108 9.999999999567022E-07
vn 0.707106 0.707108 9.999999999567022E-07
vn -0.247624 0.957036 0.15087799999999996
vn -0.247623 0.957036 0.15087799999999996
vn -0.247624 0.957036 0.15087799999999996
vn -0.247624 0.957036 0.15087799999999996
vn -0.901469 0.17135000000000003 0.397484
vn -0.900867 0.17325400000000002 0.398022
vn -0.901469 0.17135000000000003 0.397484
vn -0.902067 0.16944500000000004 0.396944
vn 0.410044 -0.8995 0.15087800000000007
vn 0.410048 -0.899497 0.15088100000000004
vn 0.410044 -0.8995 0.15087800000000007
vn 0.41004 -0.899502 0.15087400000000006
vn -0.449727 0.799845 0.39748399999999995
vn -0.447884 0.800612 0.39802199999999993
vn -0.449727 0.799845 0.39748399999999995
vn -0.451568 0.799076 0.39694399999999996
vn -0.900177 -0.429525 0.07203800000000003
vn -0.900177 -0.429524 0.07203800000000003
vn -0.900177 -0.429525 0.07203800000000003
vn -0.900177 -0.429525 0.07203800000000003
vn -0.375313 -0.08157700000000005 -0.923302
vn -0.375313 -0.08157200000000006 -0.923302
vn -0.375313 -0.08157700000000005 -0.923302
vn -0.375313 -0.08157700000000005 -0.923302
vn -0.536988 -0.09470700000000006 -0.838257
vn -0.536988 -0.09470700000000006 -0.838257
vn -0.536988 -0.09470700000000006 -0.838257
vn -0.536988 -0.09470700000000006 -0.838257
vn 0.087154 0.996195 -6.099935090382987E-17
vn 0.087153 0.996195 9.999999999390007E-07
vn 0.087154 0.996195 -6.099935090382987E-17
vn 0.087154 0.996195 -6.099935090382987E-17
vn 0.996195 -0.087156 1.0000000000053367E-06
vn 0.996195 -0.087156 2.0000000000053366E-06
vn 0.996195 -0.087156 1.0000000000053367E-06
vn 0.996195 -0.087156 5.336765821324336E-18
vn -0.087157 -0.996195 6.099935090382987E-17
vn -0.087157 -0.996195 6.099935090382987E-17
vn -0.087157 -0.996195 6.099935090382987E-17
vn -0.087157 -0.996195 6.099935090382987E-17
vn -0.996195 0.087155 -5.336704588984378E-18
vn -0.996195 0.087155 -5.336704588984378E-18
vn -0.996195 0.087155 -5.336704588984378E-18
vn -0.996195 0.087155 -5.336704588984378E-18
vn 0.087156 0.996195 -6.099935090382987E-17
vn 0.087156 0.996195 -6.099935090382987E-17
vn 0.087156 0.996195 -6.099935090382987E-17
vn 0.087156 0.996195 -6.099935090382987E-17
vn -0.087155 -0.996195 6.099935090382987E-17
vn -0.087155 -0.996195 6.099935090382987E-17
vn -0.087155 -0.996195 6.099935090382987E-17
vn -0.087155 -0.996195 6.099935090382987E-17
vn 0 6.123233995736766E-17 1
vn 0 6.123233995736766E-17 1
vn 0 6.123233995736766E-17 1
vn 0 6.123233995736766E-17 1
vn 0.917272 0.397812 0.018906999999999976
vn 0.972263 -0.232069 0.029145000000000015
vn 0.232479 0.972571 -0.00764500000000006
vn -0.397447 0.917312 -0.023961000000000055
vn 0.135066 0.765998 -0.628494
vn 0.135067 0.765998 -0.628494
vn 0.135066 0.765998 -0.628494
vn 0.135065 0.765998 -0.628494
vn 0.977984 -0.208266 -0.013154999999999988
vn 0.980549 -0.194502 -0.02630599999999999
vn 0.98473 -0.173591 -0.01317099999999999
vn 0.98482 -0.173578 1.0628587105119964E-17
vn 0.611531 0.021655999999999953 -0.790924
vn 0.586333 -0.10338700000000006 -0.803446
vn 0.611531 0.021655999999999953 -0.790924
vn 0.626683 0.14634199999999994 -0.76541
vn 0.605224 -0.10671800000000004 -0.78887
vn 0.605224 -0.10671600000000005 -0.78887
vn 0.605224 -0.10671800000000004 -0.78887
vn 0.605223 -0.10671900000000004 -0.78887
vn -0.167476 -0.985874 0.0021760000000000603
vn -0.168915 -0.985621 0.0043510000000000605
vn -0.173859 -0.984768 0.00223100000000006
vn -0.173957 -0.984753 6.029873047003768E-17
vn 0.173628 0.984809 0.0021859999999999397
vn 0.178384 0.983951 0.00436999999999994
vn 0.179901 0.983682 0.0021849999999999396
vn 0.173622 0.984812 -6.030234317809516E-17
vn -0.132895 -0.765101 0.630047
vn -0.13469 -0.763863 0.631167
vn -0.132895 -0.765101 0.630047
vn -0.131099 -0.766334 0.628924
vn -0.267683 0.732144 -0.626348
vn -0.266596 0.732467 -0.626433
vn -0.267683 0.732144 -0.626348
vn -0.268771 0.731819 -0.626261
vn 0.938556 0.345124 0.001396999999999979
vn 0.939071 0.343711 0.002793999999999979
vn 0.93885 0.344326 0.0003609999999999789
vn 0.938465 0.345374 -2.11480581804359E-17
vn -0.686598 -0.25222800000000006 -0.681883
vn -0.686886 -0.25125000000000003 -0.681954
vn -0.686598 -0.25222800000000006 -0.681883
vn -0.686309 -0.25320600000000004 -0.681812
vn -0.690778 -0.25142600000000004 -0.677946
vn -0.690778 -0.25142700000000007 -0.677946
vn -0.690778 -0.25142600000000004 -0.677946
vn -0.690779 -0.25142400000000004 -0.677946
vn -0.309012 0.950713 -0.02562600000000006
vn -0.313661 0.949031 -0.03094100000000006
vn -0.34161 0.939494 -0.02559000000000006
vn -0.341683 0.939598 -0.02020400000000006
vn 0.341953 -0.939693 -0.006653999999999943
vn 0.353699 -0.935265 -0.013278999999999942
vn 0.35958 -0.933091 -0.006639999999999943
vn 0.341926 -0.939727 5.754168313111723E-17
vn 0.264678 -0.727634 0.632846
vn 0.264524 -0.72765 0.632892
vn 0.264678 -0.727634 0.632846
vn 0.264832 -0.727619 0.6328
vn -0.135232 -0.766948 -0.627298
vn -0.135233 -0.766948 -0.627298
vn -0.135232 -0.766948 -0.627298
vn -0.135232 -0.766949 -0.627298
vn 0.98473 -0.173591 -0.01317099999999999
vn 0.987942 -0.152566 -0.026335999999999988
vn 0.990247 -0.1387 -0.01316999999999999
vn 0.98482 -0.173578 1.0628587105119964E-17
vn -0.607759 0.10716299999999995 -0.786858
vn -0.607759 0.10716299999999995 -0.786858
vn -0.607759 0.10716299999999995 -0.786858
vn -0.607759 0.10716299999999995 -0.786858
vn -0.626616 -0.023548000000000048 -0.778973
vn -0.642376 -0.15243300000000007 -0.751078
vn -0.626616 -0.023548000000000048 -0.778973
vn -0.599804 0.10575299999999996 -0.793128
vn 0.167347 0.985896 0.00218699999999994
vn 0.168877 0.985627 0.00437399999999994
vn 0.173628 0.984809 0.0021859999999999397
vn 0.173622 0.984812 -6.030234317809516E-17
vn -0.173859 -0.984768 0.00223100000000006
vn -0.178599 -0.983911 0.00457300000000006
vn -0.180234 -0.983621 0.0022870000000000603
vn -0.173957 -0.984753 6.029873047003768E-17
vn 0.135922 0.765019 0.6295
vn 0.134844 0.764738 0.630073
vn 0.135922 0.765019 0.6295
vn 0.137 0.765299 0.628926
vn 0.265257 -0.734034 -0.625167
vn 0.264811 -0.734165 -0.625202
vn 0.265257 -0.734034 -0.625167
vn 0.265704 -0.733902 -0.625132
vn 0.93885 0.344326 0.0003609999999999789
vn 0.939391 0.342845 -0.001348000000000021
vn 0.939142 0.343528 -0.000674000000000021
vn 0.938465 0.345374 -2.11480581804359E-17
vn 0.693482 0.25240499999999993 -0.674814
vn 0.693482 0.25240499999999993 -0.674814
vn 0.693482 0.25240499999999993 -0.674814
vn 0.693482 0.25240499999999993 -0.674814
vn 0.683172 0.24589999999999995 -0.687611
vn 0.684045 0.24345999999999995 -0.687612
vn 0.683172 0.24589999999999995 -0.687611
vn 0.682294 0.24833899999999995 -0.687607
vn 0.324205 -0.945963 -0.006664999999999942
vn 0.330178 -0.943825 -0.013328999999999943
vn 0.341953 -0.939693 -0.006653999999999943
vn 0.341926 -0.939727 5.754168313111723E-17
vn -0.34161 0.939494 -0.02559000000000006
vn -0.369094 0.928876 -0.030979000000000055
vn -0.373801 0.927158 -0.025523000000000056
vn -0.341683 0.939598 -0.02020400000000006
vn -0.264441 0.728265 0.632219
vn -0.263684 0.72878 0.631942
vn -0.264441 0.728265 0.632219
vn -0.265198 0.727749 0.632496
vn -0.641621 0.767022 -2.0000000000469666E-06
vn -0.64162 0.767023 2.9999999999530334E-06
vn -0.641621 0.767022 -2.0000000000469666E-06
vn -0.641621 0.767022 -2.0000000000469666E-06
vn -0.998125 -0.026111999999999996 0.055364
vn -0.445662 -0.890628 0.09037500000000005
vn -0.561548 -0.697811 0.44466200000000006
vn -0.680807 -0.523762 0.51203
vn 0.683851 -0.51288 0.518943
vn -0.680807 -0.523762 0.51203
vn -0.561548 -0.697811 0.44466200000000006
vn 0.322784 -0.89975 0.29370000000000007
vn -0.998125 -0.026110999999999995 0.055364
vn -0.445662 -0.890628 0.09037500000000005
vn -0.561548 -0.697811 0.44466200000000006
vn -0.680808 -0.523761 0.512031
vn 0.683851 -0.51288 0.518943
vn -0.680808 -0.523761 0.512031
vn -0.561548 -0.697811 0.44466200000000006
vn 0.322784 -0.89975 0.29370000000000007
vn -0.939692 -0.342021 2.0942746144558845E-17
vn -0.939692 -0.342021 2.0942746144558845E-17
vn -0.939692 -0.342021 2.0942746144558845E-17
vn -0.939692 -0.342021 2.0942746144558845E-17
vn -0.00492 -0.999988 3.500000000006123E-05
vn -0.00492 -0.999988 3.500000000006123E-05
vn -0.004966 -0.999988 6.123160516928818E-17
vn -0.00492 -0.999988 3.500000000006123E-05
vn -0.000846 -0.999995 0.0031930000000000612
vn -0.000744 -0.999994 0.003476000000000061
vn -0.000744 -0.999994 0.003476000000000061
vn -0.000744 -0.999994 0.003476000000000061
vn 0.466512 -0.27059999999999995 0.842106
vn 0.421993 -0.35437099999999994 0.834472
vn 0.42203 -0.35438699999999995 0.834446
vn 0.507124 -0.18356499999999995 0.842098
vn 0.539331 -0.0008229999999999483 0.842094
vn 0.466512 -0.27059999999999995 0.842106
vn 0.530906 0.09484600000000006 0.842106
vn 0.467284 0.26932400000000006 0.842087
vn 0.539331 -0.0008229999999999483 0.842094
vn 0.411975 0.34797200000000006 0.842135
vn 0.270011 0.46698400000000007 0.842034
vn 0.467284 0.26932400000000006 0.842087
vn 0.183306 0.507254 0.842076
vn 0.001287 0.539339 0.842088
vn 0.270011 0.46698400000000007 0.842034
vn -0.094138 0.531105 0.84206
vn -0.268167 0.4678860000000001 0.842122
vn 0.001287 0.539339 0.842088
vn -0.346913 0.41300900000000007 0.842066
vn -0.466423 0.27063100000000007 0.842145
vn -0.268167 0.4678860000000001 0.842122
vn -0.507179 0.18321700000000005 0.842141
vn -0.539419 0.0006120000000000516 0.842037
vn -0.466423 0.27063100000000007 0.842145
vn -0.531035 -0.09455499999999994 0.842058
vn -0.518026 -0.18800799999999995 0.834447
vn -0.539419 0.0006120000000000516 0.842037
vn -0.518104 -0.18806799999999996 0.834385
vn 0.64162 -0.767022 -0.0009059999999999531
vn 0.641621 -0.767022 -0.000900999999999953
vn 0.64162 -0.767022 -0.0009059999999999531
vn 0.64162 -0.767022 -0.0009059999999999531
vn 0.234403 -0.28021699999999994 0.930878
vn 0.234402 -0.28021599999999997 0.930878
vn 0.234403 -0.28021699999999994 0.930878
vn 0.234403 -0.28021699999999994 0.930878
vn 0.663037 0.714484 0.22336999999999996
vn 0.974042 0.03645300000000001 0.223412
vn 0.927732 0.299032 0.22336899999999998
vn 0.444619 0.867422 0.22336799999999996
vn -0.036382 0.974055 0.22336899999999996
vn 0.663037 0.714484 0.22336999999999996
vn -0.298966 0.927753 0.22336999999999996
vn -0.714484 0.663037 0.22336999999999999
vn -0.036382 0.974055 0.22336899999999996
vn -0.867417 0.444627 0.22336999999999999
vn -0.974055 -0.03636699999999998 0.223371
vn -0.714484 0.663037 0.22336999999999999
vn -0.92765 -0.299377 0.22324600000000003
vn -0.66279 -0.714869 0.22287300000000004
vn -0.974055 -0.03636699999999998 0.223371
vn -0.44411 -0.867922 0.22243700000000005
vn 0.036665 -0.974293 0.22228100000000006
vn -0.66279 -0.714869 0.22287300000000004
vn 0.29907 -0.927969 0.22232800000000005
vn 0.714406 -0.663298 0.22284500000000002
vn 0.036665 -0.974293 0.22228100000000006
vn 0.867393 -0.444763 0.22319400000000003
vn 0.974042 0.03645300000000001 0.223412
vn 0.714406 -0.663298 0.22284500000000002
vn 0.927732 0.299032 0.22336899999999998
vn -0.048468 -0.973719 0.22253600000000007
vn -0.722808 -0.654024 0.22316300000000003
vn -0.518406 -0.825574 0.22289700000000007
vn 0.216966 -0.950495 0.22245100000000007
vn 0.653909 -0.723065 0.22266600000000006
vn -0.048468 -0.973719 0.22253600000000007
vn 0.825202 -0.518957 0.22299000000000002
vn 0.973532 -0.04889499999999999 0.223258
vn 0.653909 -0.723065 0.22266600000000006
vn 0.950327 0.216755 0.223375
vn 0.626256 0.746329 0.22538099999999994
vn 0.973532 -0.04889499999999999 0.223258
vn 0.626255 0.746329 0.22538499999999995
vn 0.626256 0.746329 0.22538099999999994
vn -0.084904 0.970564 0.22538099999999994
vn -0.084898 0.970565 0.22538099999999994
vn -0.653975 0.722787 0.22337099999999993
vn -0.084898 0.970565 0.22538099999999994
vn -0.825368 0.518529 0.22337199999999996
vn -0.973518 0.048659000000000015 0.223373
vn -0.653975 0.722787 0.22337099999999993
vn -0.95028 -0.216964 0.223372
vn -0.722808 -0.654024 0.22316300000000003
vn -0.973518 0.048659000000000015 0.223373
vn -0.518406 -0.825574 0.22289700000000007
vn -0.969184 0.048437000000000015 0.241529
vn -0.651057 0.719574 0.24153199999999994
vn -0.82169 0.516225 0.24152999999999997
vn -0.946048 -0.21600399999999997 0.241527
vn -0.719566 -0.651068 0.24152700000000002
vn -0.969184 0.048437000000000015 0.241529
vn -0.516221 -0.821694 0.24152700000000005
vn -0.048437 -0.969185 0.24152600000000005
vn -0.719566 -0.651068 0.24152700000000002
vn 0.215997 -0.94605 0.24152700000000005
vn 0.742947 -0.623417 0.24368100000000004
vn -0.048437 -0.969185 0.24152600000000005
vn 0.742949 -0.623413 0.24368600000000004
vn 0.742947 -0.623417 0.24368100000000004
vn 0.966166 0.08452100000000001 0.24368
vn 0.966167 0.08451400000000002 0.243678
vn 0.719569 0.651065 0.24152499999999996
vn 0.966167 0.08451400000000002 0.243678
vn 0.516223 0.821693 0.24152699999999994
vn 0.048441 0.969184 0.24152899999999994
vn 0.719569 0.651065 0.24152499999999996
vn -0.215992 0.94605 0.24152999999999994
vn -0.651057 0.719574 0.24153199999999994
vn 0.048441 0.969184 0.24152899999999994
vn -0.82169 0.516225 0.24152999999999997
vn -0.773572 -0.585877 0.24152700000000002
vn -0.961272 0.13273600000000002 0.241532
vn -0.961274 -0.13272299999999998 0.24153
vn -0.58587 -0.773578 0.24152500000000005
vn -0.132722 -0.961275 0.24152600000000005
vn -0.773572 -0.585877 0.24152700000000002
vn 0.132728 -0.961274 0.24152600000000005
vn 0.585877 -0.773572 0.24152500000000005
vn -0.132722 -0.961275 0.24152600000000005
vn 0.773573 -0.585876 0.24152500000000002
vn 0.969855 -7.999999999985078E-06 0.243682
vn 0.585877 -0.773572 0.24152500000000005
vn 0.969854 -6.9999999999850786E-06 0.243686
vn 0.969855 -7.999999999985078E-06 0.243682
vn 0.685796 0.685786 0.24368199999999995
vn 0.685801 0.685782 0.24368099999999995
vn 0.132725 0.961275 0.24152699999999994
vn 0.685801 0.685782 0.24368099999999995
vn -0.132727 0.961274 0.24152799999999994
vn -0.585872 0.773575 0.24152899999999994
vn 0.132725 0.961275 0.24152699999999994
vn -0.773567 0.585881 0.24153099999999997
vn -0.961272 0.13273600000000002 0.241532
vn -0.585872 0.773575 0.24152899999999994
vn -0.961274 -0.13272299999999998 0.24153
vn 0.87105 0.488 0.055923999999999974
vn 0.407082 0.911675 0.05596799999999994
vn 0.913022 -0.404025 0.05617200000000003
vn 0.485079 -0.872661 0.05621600000000006
vn 0 6.123233995736766E-17 1
vn 0 6.123233995736766E-17 1
vn 0 6.123233995736766E-17 1
vn 0 6.123233995736766E-17 1
vn -0.516263 -0.855803 0.03277400000000005
vn -0.537436 -0.84297 0.023754000000000053
vn -0.841899 -0.537527 0.047653000000000036
vn -0.996691 0.058708 0.05621799999999999
vn 0.046 0.998206 0.03833399999999994
vn -0.562173 0.825141 0.055716999999999954
vn 0.485152 0.874148 0.022207999999999947
vn 0.53057 0.847641 -1.000000000051903E-06
vn 0.112876 -0.06777799999999995 0.991295
vn 0.115755 -0.06683099999999995 0.991027
vn 0.112876 -0.06777799999999995 0.991295
vn 0.109995 -0.06872399999999994 0.991553
vn -0.400202 0.740811 -0.539479
vn -0.807739 0.25728599999999996 -0.530435
vn 0.406764 0.894443 -0.18578200000000006
vn 0.806196 0.564567 0.17695199999999997
vn -0.815826 -0.55611 -0.15864899999999998
vn -0.416385 -0.885986 0.20409100000000005
vn -0.807739 0.25728599999999996 -0.530435
vn -0.400202 0.740811 -0.539479
vn -0.824739 0.16960999999999998 -0.539479
vn -0.7163 -0.45337900000000003 -0.530436
vn -0.42372 0.886536 -0.18578200000000006
vn 0.085733 0.980478 0.17695499999999995
vn -0.098401 -0.982419 -0.15864999999999996
vn 0.411056 -0.88847 0.20409100000000005
vn -0.7163 -0.45337900000000003 -0.530436
vn -0.824739 0.16960999999999998 -0.539479
vn -0.824739 0.16961099999999998 -0.539479
vn -0.716299 -0.45338000000000006 -0.530435
vn -0.42372 0.886536 -0.18578200000000006
vn 0.085734 0.980478 0.17695499999999995
vn -0.098401 -0.982419 -0.15864999999999996
vn 0.411059 -0.888468 0.20409300000000005
vn -0.716299 -0.45338000000000006 -0.530435
vn -0.824739 0.16961099999999998 -0.539479
vn -0.675788 0.502267 -0.53948
vn -0.840794 -0.10817900000000003 -0.530436
vn -0.009357 0.982546 -0.18578400000000006
vn 0.492068 0.852382 0.17695499999999995
vn -0.504371 -0.848787 -0.15865199999999993
vn -0.002936 -0.978947 0.20409300000000005
vn -0.840794 -0.10817900000000003 -0.530436
vn -0.675788 0.502267 -0.53948
vn -0.782757 0.31024899999999994 -0.539479
vn -0.784146 -0.32210500000000003 -0.530436
vn -0.263338 0.946646 -0.18578300000000006
vn 0.254686 0.950696 0.17695299999999994
vn -0.267502 -0.950407 -0.15865099999999993
vn 0.250536 -0.94635 0.20409400000000005
vn -0.784146 -0.32210500000000003 -0.530436
vn -0.782757 0.31024899999999994 -0.539479
vn -0.833012 -0.12269400000000003 -0.539479
vn -0.518037 -0.671026 -0.530436
vn -0.70138 0.688151 -0.18578200000000006
vn -0.254781 0.95067 0.17695399999999994
vn 0.24354 -0.956827 -0.15865099999999993
vn 0.690144 -0.694296 0.20409300000000005
vn -0.518037 -0.671026 -0.530436
vn -0.833012 -0.12269400000000003 -0.539479
vn -0.833012 -0.12269100000000002 -0.539479
vn -0.518038 -0.671025 -0.530436
vn -0.701378 0.688152 -0.18578100000000006
vn -0.25478 0.95067 0.17695499999999995
vn 0.243538 -0.956827 -0.15865199999999993
vn 0.690142 -0.694298 0.20409200000000005
vn -0.518038 -0.671025 -0.530436
vn -0.833012 -0.12269100000000002 -0.539479
vn -0.833012 -0.12269100000000002 -0.539479
vn -0.518042 -0.671021 -0.530437
vn -0.701377 0.688154 -0.18578100000000006
vn -0.254778 0.950671 0.17695599999999995
vn 0.243534 -0.956828 -0.15865499999999993
vn 0.69014 -0.694301 0.20408900000000005
vn -0.518042 -0.671021 -0.530437
vn -0.833012 -0.12269100000000002 -0.539479
vn -0.824739 0.16961099999999998 -0.53948
vn -0.716299 -0.45338000000000006 -0.530436
vn -0.423722 0.886535 -0.18578300000000006
vn 0.085733 0.980478 0.17695499999999995
vn -0.098401 -0.982419 -0.15864999999999996
vn 0.411057 -0.88847 0.20409200000000005
vn -0.716299 -0.45338000000000006 -0.530436
vn -0.824739 0.16961099999999998 -0.53948
vn -0.70311 -0.46324600000000005 -0.53948
vn -0.18591 -0.827089 -0.530435
vn -0.92649 0.327262 -0.18578300000000003
vn -0.632676 0.753928 0.17695699999999995
vn 0.625098 -0.764254 -0.15864799999999996
vn 0.918904 -0.337582 0.20409100000000002
vn -0.18591 -0.827089 -0.530435
vn -0.70311 -0.46324600000000005 -0.53948
vn -0.310253 -0.782755 -0.539479
vn 0.3221 -0.784147 -0.530438
vn -0.946647 -0.263335 -0.18577999999999997
vn -0.950693 0.254694 0.17695899999999998
vn 0.950405 -0.267506 -0.15865399999999996
vn 0.946353 0.250528 0.20408899999999996
vn 0.3221 -0.784147 -0.530438
vn -0.310253 -0.782755 -0.539479
vn 0.334106 -0.772876 -0.539477
vn 0.782236 -0.32671600000000006 -0.530437
vn -0.48318 -0.855584 -0.18577699999999994
vn -0.852339 -0.492141 0.17696100000000003
vn 0.861192 0.482884 -0.15865400000000002
vn 0.49202 0.846324 0.20408999999999994
vn 0.782236 -0.32671600000000006 -0.530437
vn 0.334106 -0.772876 -0.539477
vn -0.240848 -0.806818 -0.539479
vn 0.389221 -0.75309 -0.530437
vn -0.920094 -0.344838 -0.18577999999999997
vn -0.969273 0.170867 0.176959
vn 0.970104 -0.183651 -0.158651
vn 0.920916 0.332057 0.20408999999999997
vn 0.389221 -0.75309 -0.530437
vn -0.240848 -0.806818 -0.539479
vn 0.049622 -0.840536 -0.539479
vn 0.623315 -0.574555 -0.530438
vn -0.746666 -0.63873 -0.18577899999999997
vn -0.969259 -0.17094 0.176964
vn 0.974412 0.159214 -0.158655
vn 0.751808 0.627002 0.20408899999999996
vn 0.623315 -0.574555 -0.530438
vn 0.049622 -0.840536 -0.539479
vn 0.463241 -0.703115 -0.539479
vn 0.827085 -0.18592100000000003 -0.530438
vn -0.327266 -0.92649 -0.18577899999999994
vn -0.753933 -0.632668 0.17696400000000004
vn 0.76426 0.625088 -0.15865700000000002
vn 0.337586 0.918904 0.20408699999999994
vn 0.827085 -0.18592100000000003 -0.530438
vn 0.463241 -0.703115 -0.539479
vn 0.194829 -0.819148 -0.539479
vn 0.713619 -0.45758600000000005 -0.530437
vn -0.624404 -0.758686 -0.18578099999999995
vn -0.92485 -0.336657 0.17696200000000004
vn 0.931962 0.326 -0.15865600000000002
vn 0.631514 0.748024 0.20408499999999993
vn 0.713619 -0.45758600000000005 -0.530437
vn 0.194829 -0.819148 -0.539479
vn 0.549562 0.21085700000000004 0.808406
vn 0.549562 0.21085700000000004 0.808406
vn 0.782005 0.30004000000000003 0.546301
vn 0.245301 0.09411700000000006 0.964868
vn 0.029505 0.031076000000000062 0.999082
vn 0.029505 0.031076000000000062 0.999082
vn 0.262044 0.27599700000000005 0.924748
vn -0.206562 -0.21756099999999995 0.953939
vn -0.042752 -0.0004009999999999388 0.999086
vn -0.042752 -0.0004009999999999388 0.999086
vn -0.379199 -0.0035529999999999434 0.925308
vn 0.298767 0.0027990000000000584 0.954322
vn 0.984809 -0.173641 1.0632444742537277E-17
vn 0.984809 -0.173641 1.0632444742537277E-17
vn 0.476157 0.87936 -5.3845270464910827E-17
vn -0.146696 0.989182 -6.056992850370885E-17
vn -0.961092 0.169469 -0.218133
vn -0.961092 0.169471 -0.218134
vn -0.961092 0.169469 -0.218133
vn -0.961093 0.169468 -0.218131
vn -0.169372 -0.960552 -0.22057499999999994
vn -0.169372 -0.960552 -0.22057499999999994
vn -0.169372 -0.960552 -0.22057499999999994
vn -0.169372 -0.960552 -0.22057499999999994
vn 0.961093 -0.169467 -0.218133
vn 0.961093 -0.169466 -0.218132
vn 0.961093 -0.169467 -0.218133
vn 0.961092 -0.169468 -0.218134
vn 0.169373 0.960551 -0.22057600000000005
vn 0.169376 0.96055 -0.22057800000000005
vn 0.169373 0.960551 -0.22057600000000005
vn 0.16937 0.960552 -0.22057400000000005
vn 0 6.123233995736766E-17 1
vn 0 6.123233995736766E-17 1
vn 0 6.123233995736766E-17 1
vn 0 6.123233995736766E-17 1
vn 0.032012 -0.03201299999999994 0.998975
vn 0.032012 -0.03201299999999994 0.998975
vn 0.287077 -0.28707699999999997 0.913878
vn -0.227449 0.22744900000000007 0.946855
vn 0.029099 0.034680000000000065 0.998975
vn 0.029099 0.034680000000000065 0.998975
vn 0.260961 0.31100400000000006 0.913879
vn -0.20676 -0.24640899999999993 0.946855
vn -0.025966 0.03708400000000006 0.998975
vn -0.025966 0.03708400000000006 0.998975
vn -0.232863 0.3325640000000001 0.91388
vn 0.184497 -0.26348999999999995 0.946855
vn -0.007865 -0.04460099999999994 0.998974
vn -0.007865 -0.04460099999999994 0.998974
vn -0.070502 -0.39981799999999995 0.913879
vn 0.055852 0.3167420000000001 0.946866
vn -0.04335 -0.011615999999999939 0.998992
vn -0.04335 -0.011615999999999939 0.998992
vn -0.392153 -0.10507899999999995 0.913879
vn 0.31142 0.08344600000000006 0.946602
vn 0.057741 -0.35825899999999994 0.931835
vn 0.058116 -0.35110299999999994 0.934532
vn -0.0167 -0.35813399999999995 0.933521
vn -0.017118 -0.36324599999999996 0.931536
vn -0.091047 -0.35602399999999995 0.930031
vn -0.0167 -0.35813399999999995 0.933521
vn -0.090592 -0.3529649999999999 0.93124
vn -0.280035 -0.23695499999999994 0.930286
vn -0.275429 -0.23519699999999993 0.932106
vn -0.280035 -0.23695499999999994 0.930286
vn -0.284633 -0.23870699999999995 0.928441
vn -0.232133 -0.27798599999999996 0.932115
vn -0.243862 -0.28429199999999993 0.927205
vn -0.232133 -0.27798599999999996 0.932115
vn -0.220357 -0.2716239999999999 0.936837
vn 0.348175 -0.12774699999999994 0.928684
vn 0.358917 -0.13739499999999993 0.923202
vn 0.348175 -0.12774699999999994 0.928684
vn 0.337351 -0.11806899999999994 0.933946
vn 0.366202 0.012547000000000058 0.930451
vn 0.366845 0.012239000000000057 0.930202
vn 0.366202 0.012547000000000058 0.930451
vn 0.36556 0.012854000000000058 0.930699
vn 0.357147 0.06513300000000005 0.931774
vn 0.35375 0.06556500000000005 0.933039
vn 0.357147 0.06513300000000005 0.931774
vn 0.36054 0.06470000000000005 0.930497
vn 0.363277 -0.06923899999999994 0.929105
vn 0.36108 -0.06825799999999994 0.930034
vn 0.363277 -0.06923899999999994 0.929105
vn 0.365472 -0.07021999999999995 0.92817
vn -0.638965 -0.29603399999999996 0.709992
vn -0.57449 -0.40485699999999997 0.711374
vn -0.701637 -0.06297699999999996 0.709746
vn -0.703512 0.06163800000000004 0.708006
vn -0.701637 -0.06297699999999996 0.709746
vn -0.643077 0.29961000000000004 0.704759
vn -0.578833 0.41006700000000007 0.704839
vn -0.643077 0.29961000000000004 0.704759
vn -0.405894 0.579674 0.706561
vn -0.298007 0.639988 0.708243
vn -0.405894 0.579674 0.706561
vn 8.8E-05 0.704785 0.709421
vn 6.9E-05 0.70866 0.70555
vn 0.353606 0.611708 0.707655
vn 8.8E-05 0.704785 0.709421
vn 0.351941 0.608656 0.711108
vn 0.351941 0.608656 0.711108
vn 0.581311 0.4074340000000001 0.704326
vn 0.64468 0.29640600000000006 0.70465
vn 0.581311 0.4074340000000001 0.704326
vn 0.70469 0.06172900000000004 0.706825
vn 0.702759 -0.06179199999999996 0.708739
vn 0.70469 0.06172900000000004 0.706825
vn 0.641125 -0.29728299999999996 0.707518
vn 0.577595 -0.40745299999999995 0.707366
vn 0.641125 -0.29728299999999996 0.707518
vn 0.352527 -0.610655 0.709101
vn 0.350658 -0.607423 0.712794
vn -0.000759 -0.703594 0.710602
vn 0.352527 -0.610655 0.709101
vn -0.001482 -0.707889 0.706323
vn -0.001482 -0.707889 0.706323
vn -0.297143 -0.63746 0.710881
vn -0.42725 -0.5575 0.711794
vn -0.297143 -0.63746 0.710881
vn -0.498165 -0.5048 0.704989
vn -0.57449 -0.40485699999999997 0.711374
vn -0.638965 -0.29603399999999996 0.709992
vn -0.904678 -0.426096 2.609085512647453E-17
vn -0.904678 -0.426096 2.609085512647453E-17
vn -0.904678 -0.426096 2.609085512647453E-17
vn -0.904678 -0.426096 2.609085512647453E-17
vn 0.904678 0.426095 0.0006619999999999739
vn 0.904678 0.426096 0.0006669999999999738
vn 0.904678 0.426095 0.0006619999999999739
vn 0.904678 0.426095 0.0006619999999999739
vn 0.331582 0.15617200000000006 0.930411
vn 0.331585 0.15617300000000006 0.930409
vn 0.331582 0.15617200000000006 0.930411
vn 0.331582 0.15617200000000006 0.930411
vn -0.998125 0.026115000000000003 0.055364
vn -0.680806 0.523763 0.51203
vn -0.561547 0.697812 0.44466199999999995
vn -0.445661 0.890628 0.09037499999999994
vn 0.683852 0.512878 0.518943
vn 0.322785 0.89975 0.29369999999999996
vn -0.561547 0.697812 0.44466199999999995
vn -0.680806 0.523763 0.51203
vn -0.998125 0.026113000000000004 0.055364
vn -0.680806 0.523762 0.512031
vn -0.561546 0.697812 0.4446629999999999
vn -0.44566 0.890629 0.09037399999999994
vn 0.683853 0.512877 0.518944
vn 0.322787 0.899749 0.29369999999999996
vn -0.561546 0.697812 0.4446629999999999
vn -0.680806 0.523762 0.512031
vn -0.451311 -0.31625499999999995 0.834447
vn -0.451273 -0.31624299999999994 0.834472
vn -0.488321 -0.22890999999999995 0.842106
vn -0.521192 -0.13866599999999996 0.842099
vn -0.488321 -0.22890999999999995 0.842106
vn -0.537349 0.04618700000000005 0.842094
vn -0.520617 0.14075800000000005 0.842107
vn -0.537349 0.04618700000000005 0.842094
vn -0.442031 0.3090260000000001 0.842088
vn -0.380078 0.38255500000000003 0.842136
vn -0.442031 0.3090260000000001 0.842088
vn -0.183558 0.505635 0.842995
vn -0.183525 0.505532 0.843063
vn 0.045754 0.537398 0.842087
vn -0.183558 0.505635 0.842995
vn 0.140071 0.52089 0.842053
vn 0.307953 0.44272300000000003 0.842117
vn 0.140071 0.52089 0.842053
vn 0.381576 0.38122500000000004 0.842061
vn 0.488232 0.22898500000000005 0.842137
vn 0.381576 0.38122500000000004 0.842061
vn 0.521195 0.13834200000000005 0.84215
vn 0.537404 -0.04642599999999995 0.842046
vn 0.521195 0.13834200000000005 0.84215
vn 0.520774 -0.14051499999999995 0.842051
vn 0.499679 -0.23244799999999993 0.834439
vn 0.520774 -0.14051499999999995 0.842051
vn 0.499777 -0.23245999999999994 0.834377
vn 0.917506 0.397703 0.003907999999999976
vn 0.972631 -0.232351 -0.0012309999999999858
vn 0.232326 0.972604 0.00807899999999994
vn -0.397698 0.917489 0.007111999999999944
vn 0.917482 0.397722 -0.006673000000000024
vn 0.972598 -0.232311 -0.009241999999999986
vn 0.232345 0.972633 0.0009749999999999404
vn -0.397694 0.917498 0.006054999999999943
vn 0.630021 -0.05602699999999995 0.774554
vn 0.620512 -0.16767599999999994 0.766061
vn 0.621702 -0.16753999999999994 0.765126
vn 0.630556 0.05754000000000005 0.774008
vn 0.574588 0.2668630000000001 0.773714
vn 0.630021 -0.05602699999999995 0.774554
vn 0.519347 0.36327500000000007 0.773505
vn 0.366286 0.516545 0.773961
vn 0.574588 0.2668630000000001 0.773714
vn 0.268248 0.574348 0.773413
vn 0.056547 0.631588 0.77324
vn 0.366286 0.516545 0.773961
vn -0.05663 0.631934 0.77295
vn -0.266945 0.575153 0.773266
vn 0.056547 0.631588 0.77324
vn -0.363994 0.51848 0.773749
vn -0.455685 0.45649100000000004 0.764177
vn -0.455568 0.45644000000000007 0.764278
vn -0.266945 0.575153 0.773266
vn -0.49999 0.866031 -2.000000000053029E-06
vn -0.499996 0.866028 1.999999999946971E-06
vn -0.49999 0.866031 -2.000000000053029E-06
vn -0.49999 0.866031 -2.000000000053029E-06
vn -0.958098 -0.256714 -0.12706599999999998
vn -0.958098 -0.256716 -0.12706399999999998
vn -0.958098 -0.256714 -0.12706599999999998
vn -0.958098 -0.256714 -0.12706599999999998
vn 6E-06 -1 1.0000000000612324E-06
vn 7E-06 -1 1.0000000000612324E-06
vn 6E-06 -1 1.0000000000612324E-06
vn 6E-06 -1 1.0000000000612324E-06
vn -1 8E-06 9.999999999999995E-07
vn -1 1.0000000000000002E-06 5E-06
vn -1 8E-06 9.999999999999995E-07
vn -1 8E-06 9.999999999999995E-07
vn -0.256722 -0.958096 -0.12706599999999996
vn -0.256719 -0.958097 -0.12706199999999995
vn -0.256722 -0.958096 -0.12706599999999996
vn -0.256722 -0.958096 -0.12706599999999996
vn 0.866024 -0.500002 -1.9999999999693835E-06
vn 0.866027 -0.499998 2.000000000030616E-06
vn 0.866024 -0.500002 -1.9999999999693835E-06
vn 0.866024 -0.500002 -1.9999999999693835E-06
vn -0.500005 -0.866023 -1.9999999999469714E-06
vn -0.500009 -0.866021 -3.999999999946971E-06
vn -0.500005 -0.866023 -1.9999999999469714E-06
vn -0.500005 -0.866023 -1.9999999999469714E-06
vn 0.701377 -0.701373 -0.12706599999999996
vn 0.701378 -0.701373 -0.12706499999999996
vn 0.701377 -0.701373 -0.12706599999999996
vn 0.701377 -0.701373 -0.12706599999999996
vn 0.866024 0.500002 9.999999999693837E-07
vn 0.866024 0.500002 9.999999999693837E-07
vn 0.866024 0.500002 9.999999999693837E-07
vn 0.866024 0.500002 9.999999999693837E-07
vn 0.500006 -0.866022 1.0000000000530285E-06
vn 0.499999 -0.866026 -2.999999999946971E-06
vn 0.500006 -0.866022 1.0000000000530285E-06
vn 0.500006 -0.866022 1.0000000000530285E-06
vn 0.958097 0.256721 -0.12706000000000003
vn 0.958097 0.256719 -0.12706200000000004
vn 0.958097 0.256721 -0.12706000000000003
vn 0.958097 0.256721 -0.12706000000000003
vn -1E-05 1 6.999999999938768E-06
vn -7E-06 1 3.999999999938768E-06
vn -1E-05 1 6.999999999938768E-06
vn -1E-05 1 6.999999999938768E-06
vn 1 3E-06 2E-06
vn 1 -1E-06 6.123233995736766E-23
vn 1 3E-06 2E-06
vn 1 3E-06 2E-06
vn 0.25672 0.958097 -0.12706100000000006
vn 0.25672 0.958097 -0.12706100000000006
vn 0.25672 0.958097 -0.12706100000000006
vn 0.25672 0.958097 -0.12706100000000006
vn -0.866027 0.499997 -1.000000000030616E-06
vn -0.866028 0.499996 -3.0615925049324E-17
vn -0.866027 0.499997 -1.000000000030616E-06
vn -0.866027 0.499997 -1.000000000030616E-06
vn -0.117607 -0.33954499999999993 0.933208
vn -0.119417 -0.34152099999999996 0.932257
vn -0.117607 -0.33954499999999993 0.933208
vn -0.115797 -0.3375659999999999 0.934152
vn -0.004902 -0.36433099999999996 0.931256
vn -0.000921 -0.3566579999999999 0.934235
vn -0.004902 -0.36433099999999996 0.931256
vn -0.008883 -0.37197399999999997 0.9282
vn 0.100523 -0.35303599999999996 0.930194
vn 0.100223 -0.3543259999999999 0.929736
vn 0.100523 -0.35303599999999996 0.930194
vn 0.100824 -0.35174399999999995 0.930651
vn 0.347176 -0.12711099999999995 0.929146
vn 0.348182 -0.12759099999999995 0.928703
vn 0.347176 -0.12711099999999995 0.929146
vn 0.346169 -0.12662999999999994 0.929587
vn -0.459772 -0.888037 5.4376583478720904E-17
vn -0.459772 -0.888037 5.4376583478720904E-17
vn -0.459772 -0.888037 5.4376583478720904E-17
vn -0.459772 -0.888037 5.4376583478720904E-17
vn 0.459772 0.888037 0.00034599999999994563
vn 0.459772 0.888037 0.00034899999999994565
vn 0.459772 0.888037 0.00034599999999994563
vn 0.459772 0.888037 0.00034599999999994563
vn 0.168407 0.32527300000000003 0.930504
vn 0.168408 0.32527400000000006 0.930503
vn 0.168407 0.32527300000000003 0.930504
vn 0.168407 0.32527300000000003 0.930504
vn 0.551142 -0.834412 5.1092999248507064E-17
vn 0.551142 -0.834412 5.1092999248507064E-17
vn 0.551142 -0.834412 5.1092999248507064E-17
vn 0.551142 -0.834412 5.1092999248507064E-17
vn 0.834413 0.55114 -3.374759184410361E-17
vn 0.833952 0.551836 0.0002959999999999662
vn 0.834413 0.55114 -3.374759184410361E-17
vn 0.834413 0.55114 -3.374759184410361E-17
vn -0.551139 0.834411 0.002189999999999949
vn -0.551141 0.834409 0.0021919999999999488
vn -0.551139 0.834411 0.002189999999999949
vn -0.551139 0.834411 0.002189999999999949
vn -0.20266 0.30682100000000007 0.929941
vn -0.20266 0.30682200000000004 0.92994
vn -0.20266 0.30682100000000007 0.929941
vn -0.20266 0.30682100000000007 0.929941
vn -0.000303 -1 6.123233995736766E-17
vn -0.000303 -1 6.123233995736766E-17
vn -0.000303 -1 6.123233995736766E-17
vn -0.000303 -1 6.123233995736766E-17
vn 0.000303 0.999997 -0.0024090000000000613
vn 0.000303 0.999997 -0.0024090000000000613
vn 0.000303 0.999997 -0.0024090000000000613
vn 0.000303 0.999997 -0.0024090000000000613
vn 0.000114 0.3641690000000001 0.931333
vn 0.000114 0.36417200000000005 0.931332
vn 0.000114 0.3641690000000001 0.931333
vn 0.000114 0.3641690000000001 0.931333
vn 0.706989 -0.701678 0.08840100000000004
vn 0.706624 -0.702025 0.08856100000000004
vn 0.706989 -0.701678 0.08840100000000004
vn 0.706989 -0.701678 0.08840100000000004
vn 0 6.123233995736766E-17 1
vn 0 6.123233995736766E-17 1
vn 0 6.123233995736766E-17 1
vn 0 6.123233995736766E-17 1
vn 0 6.123233995736766E-17 1
vn 0 6.123233995736766E-17 1
vn 0 6.123233995736766E-17 1
vn 0 6.123233995736766E-17 1
vn 0.831885 0.54866 0.08330099999999997
vn 0.831713 0.548883 0.08355199999999997
vn 0.831885 0.54866 0.08330099999999997
vn 0.831885 0.54866 0.08330099999999997
vn 0 6.123233995736766E-17 1
vn 0 6.123233995736766E-17 1
vn 0 6.123233995736766E-17 1
vn 0 6.123233995736766E-17 1
vn -0.998125 0.026115000000000003 0.055364
vn -0.680806 0.523763 0.51203
vn -0.561546 0.697812 0.44466199999999995
vn -0.44566 0.890629 0.09037499999999994
vn 0.683852 0.512879 0.518943
vn 0.322786 0.89975 0.29369999999999996
vn -0.561546 0.697812 0.44466199999999995
vn -0.680806 0.523763 0.51203
vn -0.285099 0.958498 -5.869107538445698E-17
vn -0.803181 0.595736 -3.647830927684238E-17
vn 0.595738 0.803178 -4.918046834227864E-17
vn 0.958496 0.285105 -1.7457646283545308E-17
vn 0.285103 -0.958497 5.869101415211703E-17
vn 0.803183 -0.595733 3.6478125579822505E-17
vn -0.595736 -0.80318 4.9180590806958555E-17
vn -0.958497 -0.285104 1.745758505120535E-17
vn -0.958497 -0.285104 1.745758505120535E-17
vn -0.595734 -0.803182 4.918071327163847E-17
vn -0.803181 0.595735 -3.6478248044502425E-17
vn -0.285105 0.958496 -5.869095291977707E-17
vn 0.958497 0.285101 -1.7457401354185477E-17
vn 0.595734 0.803182 -4.918071327163847E-17
vn 0.803179 -0.595737 3.647837050918233E-17
vn 0.285104 -0.958497 5.869101415211703E-17
vn 0.595738 0.803179 -4.91805295746186E-17
vn -0.803175 0.595743 -3.647873790322208E-17
vn -0.2851 0.958498 -5.869107538445698E-17
vn 0.958499 0.285097 -1.7457156424825648E-17
vn -0.595737 -0.80318 4.9180590806958555E-17
vn 0.803177 -0.59574 3.647855420620221E-17
vn 0.285103 -0.958497 5.869101415211703E-17
vn -0.958499 -0.285095 1.745703396014573E-17
vn -0.803183 0.595732 -3.6478064347482554E-17
vn -0.595735 -0.803181 4.918065203929852E-17
vn -0.958496 -0.285106 1.7457707515885265E-17
vn -0.285108 0.958495 -5.869089168743711E-17
vn 0.803181 -0.595735 3.6478248044502425E-17
vn 0.595732 0.803183 -4.9180774503978426E-17
vn 0.958496 0.285105 -1.7457646283545308E-17
vn 0.285104 -0.958497 5.869101415211703E-17
vn 0.030085 -0.030084999999999938 0.999094
vn 0.030085 -0.030084999999999938 0.999094
vn 0.267693 -0.26769099999999996 0.925571
vn -0.211083 0.21108200000000005 0.954405
vn 0.027349 0.03259300000000006 0.999094
vn 0.027349 0.03259300000000006 0.999094
vn 0.243343 0.29000600000000004 0.92557
vn -0.191881 -0.22867599999999993 0.954405
vn -0.024014 -0.035119999999999936 0.999095
vn -0.024014 -0.035119999999999936 0.999095
vn -0.213681 -0.31249799999999994 0.925573
vn 0.168493 0.24641400000000005 0.954406
vn 0.057788 -0.585534 0.808585
vn 0.057788 -0.585534 0.808585
vn 0.082233 -0.833222 0.54679
vn 0.025803 -0.26144399999999995 0.964874
vn 0.550627 0.20736500000000005 0.808585
vn 0.550627 0.20736500000000005 0.808585
vn 0.783548 0.29508300000000004 0.546789
vn 0.245857 0.09259000000000006 0.964874
vn 0.029749 0.030417000000000062 0.999095
vn 0.029749 0.030417000000000062 0.999095
vn 0.264701 0.2706450000000001 0.925573
vn -0.208724 -0.21341099999999993 0.954406
vn -0.512788 0.28850900000000007 0.808585
vn -0.512788 0.28850900000000007 0.808585
vn -0.729703 0.41055200000000003 0.546791
vn -0.228963 0.12882100000000005 0.964874
vn -0.042543 -0.0004729999999999388 0.999094
vn -0.042543 -0.0004729999999999388 0.999094
vn -0.378546 -0.004205999999999943 0.925573
vn 0.298494 0.0033160000000000585 0.954406
vn 0 6.123233995736766E-17 1
vn 0 6.123233995736766E-17 1
vn 0 6.123233995736766E-17 1
vn 0 6.123233995736766E-17 1
vn -0.677056 0.735073 0.03554699999999996
vn -0.697684 0.716405 -4.386715450715798E-17
vn -0.677056 0.735073 0.03554699999999996
vn -0.655048 0.752242 0.07102099999999996
vn -0.728903 0.684598 0.005109999999999958
vn -0.734303 0.678746 0.010163999999999958
vn -0.728903 0.684598 0.005109999999999958
vn -0.723437 0.69039 5.4999999999957725E-05
vn -0.462167 0.886793 -5.430041044781394E-17
vn -0.301041 0.953611 -5.839183293908533E-17
vn -0.301041 0.953611 -5.839183293908533E-17
vn -0.613688 0.789549 -4.834593278099967E-17
vn 0.499401 0.866371 9.9999999994695E-07
vn 0.4994 0.866371 -5.304992360120458E-17
vn 0.499401 0.866371 9.9999999994695E-07
vn 0.499401 0.866371 9.9999999994695E-07
vn 0.95744 -0.288634 1.7673735211254857E-17
vn 0.95744 -0.288634 1.7673735211254857E-17
vn 0.721801 -0.6921 1.000000000042379E-06
vn 0.721802 -0.6921 1.000000000042379E-06
vn -0.34202 0.939693 -5.753960123155869E-17
vn -0.34202 0.939693 -5.753960123155869E-17
vn -0.34202 0.939693 -5.753960123155869E-17
vn -0.34202 0.939693 -5.753960123155869E-17
vn -0.939693 -0.34202 2.0942684912218888E-17
vn -0.939693 -0.34202 2.0942684912218888E-17
vn -0.939693 -0.34202 2.0942684912218888E-17
vn -0.939693 -0.34202 2.0942684912218888E-17
vn 0.939693 0.34202 -2.0942684912218888E-17
vn 0.939693 0.34202 -2.0942684912218888E-17
vn 0.939693 0.34202 -2.0942684912218888E-17
vn 0.939693 0.34202 -2.0942684912218888E-17
vn 0.906289 0.422659 1.9999999999741197E-06
vn 0.906287 0.422664 3.999999999974119E-06
vn 0.906289 0.422659 1.9999999999741197E-06
vn 0.906289 0.422659 1.9999999999741197E-06
vn -0.422614 0.90631 3.999999999944504E-06
vn -0.422618 0.906308 -5.549535956208197E-17
vn -0.422614 0.90631 3.999999999944504E-06
vn -0.422614 0.90631 3.999999999944504E-06
vn 0.906308 0.422618 -2.5877889048102807E-17
vn 0.906308 0.422618 -2.5877889048102807E-17
vn 0.906308 0.422618 -2.5877889048102807E-17
vn 0.906308 0.422618 -2.5877889048102807E-17
vn -0.422619 0.906308 -5.549535956208197E-17
vn -0.422619 0.906308 -5.549535956208197E-17
vn -0.422619 0.906308 -5.549535956208197E-17
vn -0.422619 0.906308 -5.549535956208197E-17
vn -0.906308 -0.422618 2.5877889048102807E-17
vn -0.906308 -0.422618 2.5877889048102807E-17
vn -0.906308 -0.422618 2.5877889048102807E-17
vn -0.906308 -0.422618 2.5877889048102807E-17
vn -0.332449 0.712942 0.617407
vn -0.332448 0.712943 0.617407
vn -0.332449 0.712942 0.617407
vn -0.33245 0.712942 0.617407
vn 0.370914 0.923274 0.09994499999999995
vn 0.662841 0.507158 0.550847
vn 0.782621 0.37670600000000004 0.495577
vn 0.950314 0.255791 0.17741099999999999
vn 0.240708 -0.761469 0.601851
vn 0.787147 -0.46922 0.40029000000000003
vn 0.782621 0.37670600000000004 0.495577
vn 0.662841 0.507158 0.550847
vn 0.922792 0.371581 0.10189899999999998
vn 0.806849 -0.17421899999999998 0.564485
vn 0.769011 -0.37587999999999994 0.517046
vn 0.759167 -0.615631 0.21134200000000003
vn -0.393282 -0.729623 0.559446
vn 0.076232 -0.918866 0.38713600000000004
vn 0.769011 -0.37587999999999994 0.517046
vn 0.806849 -0.17421899999999998 0.564485
vn 0.571154 -0.811054 0.12638700000000005
vn 0.030104 -0.822573 0.567863
vn -0.185236 -0.845179 0.501358
vn -0.420579 -0.891203 0.16991400000000006
vn -0.820017 0.23336400000000002 0.522602
vn -0.890977 -0.3093 0.332406
vn -0.185236 -0.845179 0.501358
vn 0.030104 -0.822573 0.567863
vn 0.999993 -0.003884 1.0000000000002378E-06
vn 0.999992 -0.003882 2.0000000000002375E-06
vn 0.999993 -0.003884 1.0000000000002378E-06
vn 0.999993 -0.003884 1.0000000000002378E-06
vn -0.999992 0.003883 9.999999999997622E-07
vn -0.999993 0.003884 -2.3782640839441597E-19
vn -0.999992 0.003883 9.999999999997622E-07
vn -0.999992 0.003883 9.999999999997622E-07
vn -0 -0.0009339999999999388 1
vn -0 -0.0009339999999999388 1
vn -0 -0.0009339999999999388 1
vn -0 -0.0009339999999999388 1
vn -0 -1 6.123233995736766E-17
vn -0 -1 6.123233995736766E-17
vn -0 -1 6.123233995736766E-17
vn -0 -1 6.123233995736766E-17
vn -0.906308 -0.422618 2.5877889048102807E-17
vn -0.906308 -0.422618 2.5877889048102807E-17
vn -0.906308 -0.422618 2.5877889048102807E-17
vn -0.906308 -0.422618 2.5877889048102807E-17
vn 0.906308 0.422618 -2.5877889048102807E-17
vn 0.906308 0.422618 -2.5877889048102807E-17
vn 0.906308 0.422618 -2.5877889048102807E-17
vn 0.906308 0.422618 -2.5877889048102807E-17
vn 0.547194 0.836778 0.019537999999999948
vn 0.597344 0.801981 -0.002778000000000049
vn 0.857717 0.5129 0.035433999999999966
vn 0.996691 -0.058713 0.05621500000000001
vn -0.122001 0.06011200000000006 0.990708
vn -0.133993 0.05671300000000006 0.989358
vn -0.122001 0.06011200000000006 0.990708
vn -0.109989 0.06350300000000006 0.991902
vn 0.906306 0.422623 -2.5878195209802595E-17
vn 0.906306 0.422623 -2.5878195209802595E-17
vn 0.906306 0.422623 -2.5878195209802595E-17
vn 0.906306 0.422623 -2.5878195209802595E-17
vn -0.422616 0.906309 -5.549542079442193E-17
vn -0.422616 0.906309 -5.549542079442193E-17
vn -0.422616 0.906309 -5.549542079442193E-17
vn -0.422616 0.906309 -5.549542079442193E-17
vn 0.422617 -0.906308 5.549535956208197E-17
vn 0.422619 -0.906307 2.0000000000554954E-06
vn 0.422619 -0.906307 2.0000000000554954E-06
vn 0.422619 -0.906307 2.0000000000554954E-06
vn 0.643473 0.30129000000000006 0.703681
vn 0.643055 0.30232500000000007 0.703619
vn 0.643473 0.30129000000000006 0.703681
vn 0.643889 0.30025500000000005 0.703743
vn -0.309636 0.94703 0.08520599999999995
vn -0.309636 0.94703 0.08520699999999995
vn -0.309636 0.94703 0.08520599999999995
vn -0.309635 0.94703 0.08520399999999995
vn 0.307841 -0.947628 0.08506400000000006
vn 0.309516 -0.946675 0.08948200000000006
vn 0.307841 -0.947628 0.08506400000000006
vn 0.306159 -0.948559 0.08064400000000005
vn -0.019741 -0.009235999999999939 0.999762
vn -0.019138 -0.011880999999999938 0.999746
vn -0.019741 -0.009235999999999939 0.999762
vn -0.020343 -0.006589999999999939 0.999771
vn -0.773573 -0.585876 0.24152600000000002
vn -0.961272 0.13273300000000002 0.241531
vn -0.961275 -0.13272299999999998 0.241528
vn -0.585872 -0.773576 0.24152400000000004
vn -0.132723 -0.961275 0.24152500000000005
vn -0.773573 -0.585876 0.24152600000000002
vn 0.132726 -0.961275 0.24152700000000005
vn 0.585876 -0.773573 0.24152500000000005
vn -0.132723 -0.961275 0.24152500000000005
vn 0.773575 -0.585874 0.24152500000000002
vn 0.969855 -8.999999999985079E-06 0.243681
vn 0.585876 -0.773573 0.24152500000000005
vn 0.969855 -8.999999999985079E-06 0.243682
vn 0.969855 -8.999999999985079E-06 0.243681
vn 0.685799 0.685783 0.24368399999999996
vn 0.685801 0.685781 0.24368399999999996
vn 0.132726 0.961274 0.24152799999999994
vn 0.685801 0.685781 0.24368399999999996
vn -0.132727 0.961274 0.24152799999999994
vn -0.585872 0.773575 0.24152899999999994
vn 0.132726 0.961274 0.24152799999999994
vn -0.773569 0.585879 0.24152999999999997
vn -0.961272 0.13273300000000002 0.241531
vn -0.585872 0.773575 0.24152899999999994
vn -0.961275 -0.13272299999999998 0.241528
vn 0.964463 0.258232 0.05592299999999999
vn 0.619245 0.7832 0.05596799999999995
vn 0.785259 -0.616614 0.056172000000000034
vn 0.255005 -0.965304 0.056216000000000065
vn 0 6.123233995736766E-17 1
vn 0 6.123233995736766E-17 1
vn 0 6.123233995736766E-17 1
vn 0 6.123233995736766E-17 1
vn -0.023337 -0.03580399999999994 0.999086
vn -0.023337 -0.03580399999999994 0.999086
vn -0.207422 -0.31823499999999993 0.925042
vn 0.163529 0.25089200000000006 0.954103
vn -0.515051 0.29341600000000007 0.805376
vn -0.515051 0.29341600000000007 0.805376
vn -0.731557 0.41675600000000007 0.539572
vn -0.230176 0.13112800000000005 0.964274
vn 0 6.123233995736766E-17 1
vn 0 6.123233995736766E-17 1
vn 0 6.123233995736766E-17 1
vn 0 6.123233995736766E-17 1
vn -0.998125 0.026114000000000002 0.055364
vn -0.680806 0.523763 0.512031
vn -0.561545 0.697813 0.44466199999999995
vn -0.445659 0.890629 0.09037499999999994
vn 0.683853 0.512878 0.518943
vn 0.322788 0.899749 0.29369999999999996
vn -0.561545 0.697813 0.44466199999999995
vn -0.680806 0.523763 0.512031
vn 0.418673 0.49750200000000006 0.75974
vn 0.506947 0.42527400000000004 0.749764
vn 0.506953 0.4252850000000001 0.749754
vn 0.323608 0.563546 0.760062
vn 0.113335 0.639885 0.760068
vn 0.418673 0.49750200000000006 0.75974
vn -0.001686 0.649416 0.760432
vn -0.221047 0.610557 0.760499
vn 0.113335 0.639885 0.760068
vn -0.325421 0.561556 0.760761
vn -0.496077 0.4186170000000001 0.760702
vn -0.221047 0.610557 0.760499
vn -0.56319 0.32452800000000004 0.759934
vn -0.622615 0.22729500000000005 0.748791
vn -0.621484 0.22730300000000006 0.749727
vn -0.496077 0.4186170000000001 0.760702
vn 0.500004 0.866023 7.99999999994697E-06
vn 0.500008 0.866021 3.999999999946971E-06
vn 0.500004 0.866023 7.99999999994697E-06
vn 0.500004 0.866023 7.99999999994697E-06
vn -0.701375 0.701375 -0.12706300000000006
vn -0.701377 0.701374 -0.12706100000000006
vn -0.701375 0.701375 -0.12706300000000006
vn -0.701375 0.701375 -0.12706300000000006
vn -0.865583 -0.500765 0.00011400000000003068
vn -0.865605 -0.500728 7.500000000003065E-05
vn -0.865583 -0.500765 0.00011400000000003068
vn -0.865583 -0.500765 0.00011400000000003068
vn 0.212484 -0.3015169999999999 0.929483
vn 0.211307 -0.29429099999999997 0.932063
vn 0.212484 -0.3015169999999999 0.929483
vn 0.213649 -0.30872399999999994 0.926846
vn 0.30378 -0.21718099999999996 0.927658
vn 0.304817 -0.21919099999999994 0.926845
vn 0.30378 -0.21718099999999996 0.927658
vn 0.302742 -0.21517099999999995 0.928466
vn -0.242403 0.519837 0.819152
vn -0.242404 0.519836 0.819153
vn -0.242403 0.519837 0.819152
vn -0.242403 0.519837 0.819152
vn 0 6.123233995736766E-17 1
vn 0 6.123233995736766E-17 1
vn 0 6.123233995736766E-17 1
vn 0 6.123233995736766E-17 1
vn 0.30637 -0.951913 5.828786042583773E-17
vn 0.30637 -0.951913 5.828786042583773E-17
vn 0.30637 -0.951913 5.828786042583773E-17
vn 0.306371 -0.951912 -9.999999999417122E-07
vn -0.977489 -0.209461 0.025337000000000012
vn -0.973031 -0.225159 0.050150000000000014
vn -0.977489 -0.209461 0.025337000000000012
vn -0.981085 -0.193579 0.0005020000000000118
vn 0.130714 -0.831791 -0.539478
vn 0.675984 -0.511548 -0.530438
vn -0.681362 -0.707978 -0.18577799999999994
vn -0.948171 -0.263925 0.17696100000000003
vn 0.954435 0.252749 -0.15865500000000002
vn 0.687616 0.696801 0.20408699999999994
vn 0.675984 -0.511548 -0.530438
vn 0.130714 -0.831791 -0.539478
vn 0.285106 -0.958496 5.869095291977707E-17
vn 0.803181 -0.595735 3.6478248044502425E-17
vn -0.595733 -0.803183 4.9180774503978426E-17
vn -0.958497 -0.285104 1.745758505120535E-17
vn -0.285106 0.958496 -5.869095291977707E-17
vn -0.803181 0.595735 -3.6478248044502425E-17
vn 0.595733 0.803183 -4.9180774503978426E-17
vn 0.958497 0.285104 -1.745758505120535E-17
vn 0.958498 0.2851 -1.7457340121845523E-17
vn 0.595731 0.803184 -4.918083573631839E-17
vn 0.803178 -0.595739 3.6478492973862253E-17
vn 0.285106 -0.958496 5.869095291977707E-17
vn -0.958498 -0.285099 1.7457278889505562E-17
vn -0.595734 -0.803182 4.918071327163847E-17
vn -0.803178 0.595739 -3.6478492973862253E-17
vn -0.285108 0.958495 -5.869089168743711E-17
vn -0.773574 -0.585874 0.24152700000000002
vn -0.961273 0.13273300000000002 0.241531
vn -0.961275 -0.13272199999999998 0.241529
vn -0.585872 -0.773576 0.24152600000000005
vn -0.132723 -0.961275 0.24152600000000005
vn -0.773574 -0.585874 0.24152700000000002
vn 0.132726 -0.961275 0.24152700000000005
vn 0.585876 -0.773573 0.24152500000000005
vn -0.132723 -0.961275 0.24152600000000005
vn 0.773575 -0.585873 0.24152500000000002
vn 0.969856 -6.9999999999850786E-06 0.243681
vn 0.585876 -0.773573 0.24152500000000005
vn 0.969855 -5.999999999985079E-06 0.243682
vn 0.969856 -6.9999999999850786E-06 0.243681
vn 0.685798 0.685784 0.24368199999999995
vn 0.685801 0.685781 0.24368199999999995
vn 0.132726 0.961274 0.24152799999999994
vn 0.685801 0.685781 0.24368199999999995
vn -0.132726 0.961274 0.24152799999999994
vn -0.585872 0.773575 0.24152899999999994
vn 0.132726 0.961274 0.24152799999999994
vn -0.773569 0.585879 0.24152999999999997
vn -0.961273 0.13273300000000002 0.241531
vn -0.585872 0.773575 0.24152899999999994
vn -0.961275 -0.13272199999999998 0.241529
vn 0.702078 0.33376700000000004 0.629036
vn 0.69859 0.33852400000000005 0.630376
vn 0.702078 0.33376700000000004 0.629036
vn 0.705539 0.32899800000000007 0.627674
vn 0.893673 0.448719 -2.7476114353330057E-17
vn 0.893673 0.448719 -2.7476114353330057E-17
vn 0.893673 0.448719 -2.7476114353330057E-17
vn 0.893673 0.448719 -2.7476114353330057E-17
vn 0.507383 0.24747500000000006 0.82542
vn 0.695071 0.34900000000000003 0.628551
vn 0.69108 0.35624900000000004 0.628884
vn 0.187659 0.06871100000000005 0.979828
vn 0.906308 0.422617 -0.0001430000000000259
vn 0.906308 0.422617 -0.0001420000000000259
vn 0.906308 0.422617 -0.0001430000000000259
vn 0.906308 0.422617 -0.0001430000000000259
vn 0.645199 0.30159800000000003 0.701966
vn 0.645721 0.30110400000000004 0.701698
vn 0.645199 0.30159800000000003 0.701966
vn 0.644677 0.30209100000000005 0.702234
vn 0 6.123233995736766E-17 1
vn 0 6.123233995736766E-17 1
vn 0 6.123233995736766E-17 1
vn 0 6.123233995736766E-17 1
vn 0.707106 0.707106 0.0010889999999999565
vn 0.707106 0.707107 0.0010899999999999567
vn 0.707106 0.707106 0.0010889999999999565
vn 0.707106 0.707106 0.0010889999999999565
vn 0.562787 0.562787 0.605427
vn 0.562787 0.562787 0.605426
vn 0.562787 0.562787 0.605427
vn 0.562787 0.562787 0.605427
vn -0.013787 -0.01378699999999994 0.99981
vn -0.013787 -0.01378699999999994 0.99981
vn -0.013787 -0.01378699999999994 0.99981
vn -0.013787 -0.01378699999999994 0.99981
vn 0.707107 -0.707107 4.329781621023438E-17
vn 0.707107 -0.707107 4.329781621023438E-17
vn 0.707107 -0.707107 4.329781621023438E-17
vn 0.707107 -0.707107 4.329781621023438E-17
vn 0.588171 -0.588171 0.555077
vn 0.588171 -0.588171 0.555077
vn 0.588171 -0.588171 0.555077
vn 0.588171 -0.588171 0.555077
vn 0.040094 -0.040094999999999936 0.998391
vn 0.040092 -0.04009199999999994 0.998391
vn 0.040094 -0.040094999999999936 0.998391
vn 0.040097 -0.04009899999999994 0.998391
vn -0.422619 0.906307 -5.549529832974201E-17
vn -0.422619 0.906307 -5.549529832974201E-17
vn -0.422619 0.906307 -5.549529832974201E-17
vn -0.422619 0.906307 -5.549529832974201E-17
vn -0.32111 0.688024 0.650777
vn -0.321317 0.687873 0.650835
vn -0.32111 0.688024 0.650777
vn -0.320902 0.688176 0.650719
vn 0.906123 0.422532 -0.020193000000000023
vn 0.906122 0.422534 -0.020187000000000024
vn 0.906123 0.422532 -0.020193000000000023
vn 0.906123 0.422531 -0.020198000000000025
vn 0.7467 0.34869100000000003 0.56644
vn 0.746935 0.34830300000000003 0.566368
vn 0.7467 0.34869100000000003 0.56644
vn 0.746464 0.34907800000000005 0.566512
vn 0.836701 0.541902 0.07920199999999997
vn 0.853566 -0.04990899999999997 0.518589
vn 0.850889 -0.25087199999999993 0.461575
vn 0.871879 -0.471356 0.13285700000000003
vn -0.253711 -0.809319 0.529749
vn 0.25395 -0.912464 0.32080900000000007
vn 0.850889 -0.25087199999999993 0.461575
vn 0.853566 -0.04990899999999997 0.518589
vn 0.970872 0.233113 0.05536399999999998
vn 0.793168 -0.3297069999999999 0.512033
vn 0.723016 -0.528698 0.44466400000000006
vn 0.660982 -0.744939 0.09037500000000004
vn -0.52781 -0.672396 0.518942
vn -0.078922 -0.952634 0.29369900000000004
vn 0.723016 -0.528698 0.44466400000000006
vn 0.793168 -0.3297069999999999 0.512033
vn 0.710446 -0.70373 -0.005512999999999956
vn 0.713793 -0.700357 4.2884497915522144E-17
vn 0.710446 -0.70373 -0.005512999999999956
vn 0.707062 -0.707066 -0.011024999999999957
vn -0.705541 0.708645 -0.005891000000000044
vn -0.703947 0.710155 -0.011783000000000043
vn -0.705541 0.708645 -0.005891000000000044
vn -0.707107 0.707107 -4.329781621023438E-17
vn 0.173642 0.984809 -6.030215948107529E-17
vn 0.879356 -0.476165 2.9156697155799975E-17
vn 0.989183 0.146691 -8.982233180686218E-18
vn 0.173642 0.984809 -6.030215948107529E-17
vn -0.95701 0.16874799999999998 -0.235915
vn -0.957009 0.16874999999999998 -0.235917
vn -0.95701 0.16874799999999998 -0.235915
vn -0.957011 0.16874499999999998 -0.235913
vn -0.168638 -0.95638 -0.23853199999999994
vn -0.168638 -0.95638 -0.23853199999999994
vn -0.168638 -0.95638 -0.23853199999999994
vn -0.168638 -0.95638 -0.23853199999999994
vn 0.957011 -0.16874800000000004 -0.235912
vn 0.957011 -0.16874700000000004 -0.235911
vn 0.957011 -0.16874800000000004 -0.235912
vn 0.957011 -0.16874900000000004 -0.235912
vn 0.168637 0.95638 -0.23853300000000005
vn 0.168639 0.95638 -0.23853400000000005
vn 0.168637 0.95638 -0.23853300000000005
vn 0.168636 0.956381 -0.23853200000000005
vn 0 6.123233995736766E-17 1
vn 0 6.123233995736766E-17 1
vn 0 6.123233995736766E-17 1
vn 0 6.123233995736766E-17 1
vn -0.007388 -0.04189999999999994 0.999094
vn -0.007388 -0.04189999999999994 0.999094
vn -0.065739 -0.37282199999999993 0.925571
vn 0.051837 0.29398100000000005 0.954405
vn -0.041097 -0.011011999999999939 0.999094
vn -0.041097 -0.011011999999999939 0.999094
vn -0.365676 -0.09798099999999994 0.925571
vn 0.288344 0.07726000000000005 0.954405
vn 0.984808 -0.173648 1.063287336891698E-17
vn 0.984808 -0.173648 1.063287336891698E-17
vn 0.173654 0.984807 -6.030203701639537E-17
vn 0.173654 0.984807 -6.030203701639537E-17
vn -0.938661 0.251518 -0.23591200000000004
vn -0.938661 0.251518 -0.23591200000000004
vn -0.938661 0.251518 -0.23591200000000004
vn -0.938662 0.251517 -0.23591100000000004
vn -0.25135 -0.938043 -0.23853399999999994
vn -0.25135 -0.938043 -0.23853399999999994
vn -0.25135 -0.938043 -0.23853399999999994
vn -0.25135 -0.938043 -0.23853399999999994
vn 0.93866 -0.251515 -0.23591699999999996
vn 0.938661 -0.251515 -0.23591599999999996
vn 0.93866 -0.251515 -0.23591699999999996
vn 0.93866 -0.251516 -0.23591699999999996
vn 0.251349 0.938044 -0.23853200000000005
vn 0.251351 0.938043 -0.23853300000000005
vn 0.251349 0.938044 -0.23853200000000005
vn 0.251348 0.938044 -0.23853200000000005
vn 0 6.123233995736766E-17 1
vn 0 6.123233995736766E-17 1
vn 0 6.123233995736766E-17 1
vn 0 6.123233995736766E-17 1
vn 0 6.123233995736766E-17 1
vn 0 6.123233995736766E-17 1
vn 0 6.123233995736766E-17 1
vn 0 6.123233995736766E-17 1
vn 0 6.123233995736766E-17 1
vn 0 6.123233995736766E-17 1
vn 0 6.123233995736766E-17 1
vn 0 6.123233995736766E-17 1
vn -0.419721 0.4129940000000001 0.808251
vn -0.483816 0.49679900000000005 0.720495
vn -0.419721 0.4129940000000001 0.808251
vn -0.347721 0.32141300000000006 0.880786
vn 0.203844 -0.634265 0.745758
vn 0.202974 -0.632465 0.747522
vn 0.203844 -0.634265 0.745758
vn 0.204714 -0.636061 0.743989
vn -0.264536 -0.44692999999999994 0.854561
vn -0.264535 -0.44692899999999997 0.854562
vn -0.264536 -0.44692999999999994 0.854561
vn -0.264536 -0.44692999999999994 0.854561
vn -0.580955 -0.11415499999999995 0.805891
vn -0.576758 -0.11285299999999994 0.809083
vn -0.580955 -0.11415499999999995 0.805891
vn -0.585136 -0.11545299999999994 0.802675
vn -0.509358 -0.860555 5.269379631201252E-17
vn -0.509359 -0.860554 -9.999999999473062E-07
vn -0.509358 -0.860555 5.269379631201252E-17
vn -0.509358 -0.860555 5.269379631201252E-17
vn -0.509359 -0.860554 5.269373507967257E-17
vn -0.509359 -0.860554 5.269373507967257E-17
vn -0.509359 -0.860554 5.269373507967257E-17
vn -0.509359 -0.860554 5.269373507967257E-17
vn 0.305574 -0.952168 -9.999999999416966E-07
vn 0.305574 -0.952168 -9.999999999416966E-07
vn 0.305574 -0.952168 -9.999999999416966E-07
vn 0.305574 -0.952168 5.830347467252685E-17
vn 0 6.123233995736766E-17 1
vn 0 6.123233995736766E-17 1
vn 0 6.123233995736766E-17 1
vn 0 6.123233995736766E-17 1
vn 0 6.123233995736766E-17 1
vn 0 6.123233995736766E-17 1
vn 0 6.123233995736766E-17 1
vn 0 6.123233995736766E-17 1
vn 0 6.123233995736766E-17 1
vn 0 6.123233995736766E-17 1
vn 0 6.123233995736766E-17 1
vn 0 6.123233995736766E-17 1
vn 0.993567 0.113243 -6.9341338737921856E-18
vn 0.993567 0.113243 -6.9341338737921856E-18
vn 0.993567 0.113243 -6.9341338737921856E-18
vn 0.993567 0.113243 -6.9341338737921856E-18
vn 0.907628 0.419775 -2.570380550560401E-17
vn 0.907628 0.419775 -2.570380550560401E-17
vn 0.907628 0.419775 -2.570380550560401E-17
vn 0.907628 0.419775 -2.570380550560401E-17
vn 0.422845 -0.906202 5.5488868934046485E-17
vn 0.422846 -0.906202 5.5488868934046485E-17
vn 0.422845 -0.906202 5.5488868934046485E-17
vn 0.422845 -0.906202 5.5488868934046485E-17
vn -0.422621 0.906307 2.9999999999445046E-06
vn -0.422622 0.906306 3.999999999944505E-06
vn -0.422621 0.906307 2.9999999999445046E-06
vn -0.422621 0.906307 2.9999999999445046E-06
vn -0.906674 -0.421832 -1.99999999997417E-06
vn -0.906674 -0.421833 2.5829821661236272E-17
vn -0.906674 -0.421832 -1.99999999997417E-06
vn -0.906674 -0.421832 -1.99999999997417E-06
vn 0.422618 -0.906308 -3.999999999944505E-06
vn 0.422618 -0.906308 -2.9999999999445046E-06
vn 0.422618 -0.906308 -3.999999999944505E-06
vn 0.422618 -0.906308 -3.999999999944505E-06
vn 0.422617 -0.906308 -9.999999999445047E-07
vn 0.422613 -0.90631 -3.999999999944504E-06
vn 0.422617 -0.906308 -9.999999999445047E-07
vn 0.422617 -0.906308 -9.999999999445047E-07
vn 0.906323 0.422586 1.999999999974124E-06
vn 0.906322 0.422587 1.999999999974124E-06
vn 0.906323 0.422586 1.999999999974124E-06
vn 0.906323 0.422586 1.999999999974124E-06
vn 0.000787 0.00038200000000006127 1
vn 0.000794 0.00037000000000006125 1
vn 0.000787 0.00038200000000006127 1
vn 0.000787 0.00038200000000006127 1
vn -0.907034 -0.421003 -0.006721999999999974
vn -0.907127 -0.420802 -0.006781999999999974
vn -0.907034 -0.421003 -0.006721999999999974
vn -0.907034 -0.421003 -0.006721999999999974
vn 0.907065 0.420928 0.007238999999999974
vn 0.907185 0.420671 0.007158999999999974
vn 0.907065 0.420928 0.007238999999999974
vn 0.907065 0.420928 0.007238999999999974
vn -0.160531 0.34808500000000003 0.923616
vn -0.160877 0.34831000000000006 0.923471
vn -0.160531 0.34808500000000003 0.923616
vn -0.160531 0.34808500000000003 0.923616
vn -0.173647 -0.984808 6.030209824873533E-17
vn -0.173647 -0.984808 6.030209824873533E-17
vn -0.173647 -0.984808 6.030209824873533E-17
vn -0.173647 -0.984808 6.030209824873533E-17
vn 0.173648 0.984808 -6.030209824873533E-17
vn 0.173648 0.984808 -6.030209824873533E-17
vn 0.173648 0.984808 -6.030209824873533E-17
vn 0.173648 0.984808 -6.030209824873533E-17
vn -0.984808 0.173648 -1.063287336891698E-17
vn -0.984808 0.173648 -1.063287336891698E-17
vn -0.984808 0.173648 -1.063287336891698E-17
vn -0.984808 0.173648 -1.063287336891698E-17
vn 0.984808 -0.173648 1.063287336891698E-17
vn 0.984808 -0.173648 1.063287336891698E-17
vn 0.984808 -0.173648 1.063287336891698E-17
vn 0.984808 -0.173648 1.063287336891698E-17
vn -0.873006 -0.07385299999999997 0.482085
vn -0.873007 -0.07385199999999997 0.482084
vn -0.873006 -0.07385299999999997 0.482085
vn -0.873006 -0.07385299999999997 0.482085
vn -0.521187 -0.09416000000000005 -0.848232
vn -0.521188 -0.09415900000000006 -0.848232
vn -0.521187 -0.09416000000000005 -0.848232
vn -0.521187 -0.09416000000000005 -0.848232
vn -0.468051 -0.08982200000000005 -0.879125
vn -0.468051 -0.08982200000000005 -0.879125
vn -0.468051 -0.08982200000000005 -0.879125
vn -0.468051 -0.08982200000000005 -0.879125
vn 0.342023 -0.939692 5.753953999921874E-17
vn 0.342023 -0.939692 5.753953999921874E-17
vn 0.342023 -0.939692 5.753953999921874E-17
vn 0.342023 -0.939692 5.753953999921874E-17
vn -0.342021 0.939692 -5.753953999921874E-17
vn -0.342021 0.939692 -5.753953999921874E-17
vn -0.342021 0.939692 -5.753953999921874E-17
vn -0.342021 0.939692 -5.753953999921874E-17
vn 0.26492 0.26463100000000006 0.927248
vn 0.264861 0.26399300000000003 0.927446
vn 0.26492 0.26463100000000006 0.927248
vn 0.26492 0.26463100000000006 0.927248
vn -0.939693 -0.342018 2.094256244753897E-17
vn -0.939693 -0.342018 2.094256244753897E-17
vn -0.939693 -0.342018 2.094256244753897E-17
vn -0.939694 -0.342018 2.094256244753897E-17
vn 0.939692 0.342022 -2.0942807376898802E-17
vn 0.939692 0.342022 -2.0942807376898802E-17
vn 0.939692 0.342022 -2.0942807376898802E-17
vn 0.939692 0.342022 -2.0942807376898802E-17
vn -0.132704 0.36460200000000004 0.921659
vn -0.132704 0.36460200000000004 0.921659
vn -0.132704 0.36460200000000004 0.921659
vn -0.132704 0.36460200000000004 0.921659
vn 0.262995 -0.964797 5.907677789384845E-17
vn 0.262995 -0.964797 5.907677789384845E-17
vn 0.262995 -0.964797 5.907677789384845E-17
vn 0.262995 -0.964797 5.907677789384845E-17
vn 1E-06 -7.999999999938768E-06 1
vn 3E-06 -1.1999999999938768E-05 1
vn 1E-06 -7.999999999938768E-06 1
vn 1E-06 -7.999999999938768E-06 1
vn -0.906307 -0.422619 2.5877950280442764E-17
vn -0.906307 -0.422619 2.5877950280442764E-17
vn -0.906307 -0.422619 2.5877950280442764E-17
vn -0.906307 -0.422619 2.5877950280442764E-17
vn -2E-06 1.0000000000612324E-06 1
vn -8E-06 -2.9999999999387676E-06 1
vn -2E-06 1.0000000000612324E-06 1
vn -3E-06 -1.0999999999938768E-05 1
vn 2E-06 1.0000000000612324E-06 1
vn 2E-06 1.0000000000612324E-06 1
vn 2E-06 1.0000000000612324E-06 1
vn 0.418701 -0.908124 5.560655749144455E-17
vn 0.418701 -0.908124 5.560655749144455E-17
vn 0.418701 -0.908124 5.560655749144455E-17
vn 0.418701 -0.908124 5.560655749144455E-17
vn 0.906308 0.422619 -2.5877950280442764E-17
vn 0.906308 0.422619 -2.5877950280442764E-17
vn 0.906308 0.422619 -2.5877950280442764E-17
vn 0.906308 0.422619 -2.5877950280442764E-17
vn 0.409056 -0.912509 5.587506130215761E-17
vn 0.409056 -0.912509 5.587506130215761E-17
vn 0.409056 -0.912509 5.587506130215761E-17
vn 0.409056 -0.912509 5.587506130215761E-17
vn -0.906309 -0.422615 1.0000000000258777E-06
vn -0.906308 -0.422618 2.5877889048102807E-17
vn -0.906309 -0.422615 1.0000000000258777E-06
vn -0.906308 -0.422617 1.0000000000258779E-06
vn -0.906308 -0.422618 2.5877889048102807E-17
vn -0.906308 -0.422618 2.5877889048102807E-17
vn -0.906308 -0.422618 2.5877889048102807E-17
vn -0.42262 0.906307 -5.549529832974201E-17
vn -0.42262 0.906307 -5.549529832974201E-17
vn -0.42262 0.906307 -5.549529832974201E-17
vn -0.42262 0.906307 -5.549529832974201E-17
vn 0.906308 0.422619 -2.5877950280442764E-17
vn 0.906308 0.422619 -2.5877950280442764E-17
vn 0.906308 0.422619 -2.5877950280442764E-17
vn 0.906308 0.422619 -2.5877950280442764E-17
vn -0.332451 0.712941 0.617407
vn -0.332453 0.71294 0.617407
vn -0.332451 0.712941 0.617407
vn -0.332449 0.712942 0.617407
vn -0.947945 -0.318433 1.949839770964446E-17
vn -0.947945 -0.318434 1.9498458941984413E-17
vn -0.947945 -0.318433 1.949839770964446E-17
vn -0.947945 -0.318433 1.949839770964446E-17
vn 0.952578 0.304293 0.0005119999999999813
vn 0.952512 0.304499 0.0006699999999999814
vn 0.952512 0.304499 0.0006699999999999814
vn 0.952512 0.304499 0.0006699999999999814
vn 0.68453 -0.728985 4.463745734382166E-17
vn 0.684531 -0.728984 1.0000000000446373E-06
vn 0.68453 -0.728985 4.463745734382166E-17
vn 0.68453 -0.728985 4.463745734382166E-17
vn 0.707476 -0.706737 1.000000000043275E-06
vn 0.707476 -0.706737 1.000000000043275E-06
vn 0.707476 -0.706737 1.000000000043275E-06
vn 0.707476 -0.706737 1.000000000043275E-06
vn 0.562867 0.562867 0.605278
vn 0.562866 0.562868 0.605278
vn 0.562867 0.562867 0.605278
vn 0.562868 0.562866 0.605278
vn -0.986883 0.16144 -9.885348962717435E-18
vn -0.986883 0.16144 -9.885348962717435E-18
vn -0.986883 0.16144 -9.885348962717435E-18
vn -0.986883 0.16144 -9.885348962717435E-18
vn 0 6.123233995736766E-17 1
vn 0 6.123233995736766E-17 1
vn 0 6.123233995736766E-17 1
vn 0 6.123233995736766E-17 1
vn -0.707853 -0.70636 4.325207565228622E-17
vn -0.707853 -0.70636 4.325207565228622E-17
vn -0.707853 -0.70636 4.325207565228622E-17
vn -0.707853 -0.70636 4.325207565228622E-17
vn -0.705466 -0.708744 4.339805355074459E-17
vn -0.705466 -0.708744 4.339805355074459E-17
vn -0.705466 -0.708744 4.339805355074459E-17
vn -0.705466 -0.708744 4.339805355074459E-17
vn 0.707108 -0.707106 4.3297754977894416E-17
vn 0.707108 -0.707106 4.3297754977894416E-17
vn 0.707108 -0.707106 4.3297754977894416E-17
vn 0.707108 -0.707106 4.3297754977894416E-17
vn 4E-06 4.000000000061232E-06 1
vn -1E-06 1.0000000000612324E-06 1
vn 4E-06 4.000000000061232E-06 1
vn 4E-06 4.000000000061232E-06 1
vn 0.588586 -0.588584 0.554198
vn 0.588586 -0.588584 0.554198
vn 0.588586 -0.588584 0.554198
vn 0.588586 -0.588584 0.554198
vn 0.707107 0.707107 -4.329781621023438E-17
vn 0.707107 0.707107 -4.329781621023438E-17
vn 0.707107 0.707107 -4.329781621023438E-17
vn 0.707107 0.707107 -4.329781621023438E-17
vn 0.192545 0.978756 0.07045599999999995
vn 0.57604 0.587038 0.568827
vn 0.729823 0.4384890000000001 0.524486
vn 0.927581 0.304671 0.21626399999999998
vn 0.340676 -0.749648 0.567422
vn 0.795487 -0.448324 0.407683
vn 0.729823 0.4384890000000001 0.524486
vn 0.57604 0.587038 0.568827
vn 0.006399 0.991944 0.12651199999999996
vn 0.49948 0.636757 0.587419
vn 0.648774 0.502695 0.571306
vn 0.881913 0.37398 0.287
vn 0.487373 -0.635333 0.599016
vn 0.827679 -0.360646 0.429978
vn 0.648774 0.502695 0.571306
vn 0.49948 0.636757 0.587419
vn 0.953557 -0.289612 0.08279000000000002
vn 0.510707 -0.651701 0.560771
vn 0.345486 -0.788916 0.508184
vn 0.164358 -0.973337 0.16000400000000006
vn -0.775956 -0.28173899999999996 0.564371
vn -0.562528 -0.746662 0.35504800000000003
vn 0.345486 -0.788916 0.508184
vn 0.510707 -0.651701 0.560771
vn -0 -0.0009339999999999388 1
vn 0 -0.0009339999999999388 1
vn -0 -0.0009339999999999388 1
vn -0 -0.0009339999999999388 1
vn 0.999992 -0.003883 -9.999999999997622E-07
vn 0.999993 -0.003884 -1.999999999999762E-06
vn 0.999992 -0.003883 -9.999999999997622E-07
vn 0.999992 -0.003883 -9.999999999997622E-07
vn -0.999993 0.003884 1.999999999999762E-06
vn -0.999993 0.003691 0.00011899999999999978
vn -0.999993 0.003884 1.999999999999762E-06
vn -0.999993 0.003884 1.999999999999762E-06
vn 0 1 -6.123233995736766E-17
vn 0 1 -6.123233995736766E-17
vn 0 1 -6.123233995736766E-17
vn 0 1 -6.123233995736766E-17
vn -0.341725 0.938867 0.041871999999999944
vn -0.341723 0.938868 0.04187099999999994
vn -0.341725 0.938867 0.041871999999999944
vn -0.341727 0.938866 0.041872999999999945
vn -0.936953 -0.346949 0.04177200000000002
vn -0.936954 -0.346948 0.04177200000000002
vn -0.936953 -0.346949 0.04177200000000002
vn -0.936953 -0.34695 0.04177200000000002
vn 0.34172 -0.938869 0.04187000000000005
vn 0.341722 -0.938868 0.041871000000000054
vn 0.34172 -0.938869 0.04187000000000005
vn 0.341717 -0.93887 0.04186900000000006
vn 0 6.123233995736766E-17 1
vn 0 6.123233995736766E-17 1
vn 0 6.123233995736766E-17 1
vn 0 6.123233995736766E-17 1
vn 0.422615 -0.906309 -1.9999999999445044E-06
vn 0.422614 -0.90631 -2.9999999999445046E-06
vn 0.422615 -0.906309 -1.9999999999445044E-06
vn 0.422615 -0.906309 -1.9999999999445044E-06
vn 0.906305 0.422625 -2.5878317674482506E-17
vn 0.906304 0.422627 9.999999999741216E-07
vn 0.906305 0.422625 -2.5878317674482506E-17
vn 0.906305 0.422625 -2.5878317674482506E-17
vn -0.422619 0.906307 -5.549529832974201E-17
vn -0.422614 0.90631 3.999999999944504E-06
vn -0.422619 0.906307 -5.549529832974201E-17
vn -0.422619 0.906307 -5.549529832974201E-17
vn 0.642881 0.30101900000000004 0.704338
vn 0.643299 0.29998100000000005 0.704399
vn 0.642881 0.30101900000000004 0.704338
vn 0.642463 0.3020570000000001 0.704275
vn -0.918725 -0.394898 0.0010320000000000242
vn -0.972818 0.231565 -0.001318000000000014
vn -0.234001 -0.972229 0.0036950000000000593
vn 0.400906 -0.916111 0.003944000000000056
vn 0.91869 0.394979 -0.0007350000000000242
vn 0.973017 -0.23073 0.0016000000000000142
vn 0.234292 0.972161 -0.0031710000000000596
vn -0.400026 0.916498 -0.003317000000000056
vn 0 6.123233995736766E-17 1
vn 0 6.123233995736766E-17 1
vn 0 6.123233995736766E-17 1
vn 0 6.123233995736766E-17 1
vn 0 6.123233995736766E-17 1
vn 0 6.123233995736766E-17 1
vn 0 6.123233995736766E-17 1
vn 0 6.123233995736766E-17 1
vn 0 6.123233995736766E-17 1
vn 0 6.123233995736766E-17 1
vn 0 6.123233995736766E-17 1
vn 0 6.123233995736766E-17 1
vn 0 6.123233995736766E-17 1
vn 0 6.123233995736766E-17 1
vn 0 6.123233995736766E-17 1
vn 0 6.123233995736766E-17 1
vn 0 6.123233995736766E-17 1
vn 0 6.123233995736766E-17 1
vn 0 6.123233995736766E-17 1
vn 0 6.123233995736766E-17 1
vn 0 6.123233995736766E-17 1
vn 0 6.123233995736766E-17 1
vn 0 6.123233995736766E-17 1
vn 0 6.123233995736766E-17 1
vn 0.001509 0.002921000000000061 0.999995
vn 0.001512 0.002904000000000061 0.999995
vn 0.001509 0.002921000000000061 0.999995
vn 0.001509 0.002921000000000061 0.999995
vn 0.887178 -0.461427 2.8254254929508284E-17
vn 0.887178 -0.461427 2.8254254929508284E-17
vn 0.887178 -0.461427 2.8254254929508284E-17
vn 0.887178 -0.461427 2.8254254929508284E-17
vn -0.88718 0.461423 -2.825401000014846E-17
vn -0.887179 0.461425 -2.825413246482837E-17
vn -0.88718 0.461423 -2.825401000014846E-17
vn -0.88718 0.461423 -2.825401000014846E-17
vn 0.88701 -0.46175 -9.99999999971726E-07
vn 0.88701 -0.461749 2.8273971742974564E-17
vn 0.88701 -0.46175 -9.99999999971726E-07
vn 0.88701 -0.46175 -9.99999999971726E-07
vn 0.268699 0.516166 0.813249
vn 0.268699 0.516166 0.813249
vn 0.268699 0.516166 0.813249
vn 0.268699 0.516166 0.813249
vn -0.88701 0.46175 -2.8274032975314515E-17
vn -0.88701 0.461749 -2.8273971742974564E-17
vn -0.88701 0.46175 -2.8274032975314515E-17
vn -0.88701 0.46175 -2.8274032975314515E-17
vn 0 6.123233995736766E-17 1
vn 0 6.123233995736766E-17 1
vn 0 6.123233995736766E-17 1
vn 0 6.123233995736766E-17 1
vn 0.505033 0.48990800000000007 0.710586
vn 0.50501 0.4898950000000001 0.710611
vn -0.510281 -0.49477799999999994 0.703426
vn -0.510274 -0.49477299999999996 0.703434
vn 0.559069 -0.576877 -0.595529
vn 0.55962 -0.576575 -0.595303
vn 0.64152 -0.46811400000000003 -0.607719
vn 0.712516 -0.34897100000000003 -0.608719
vn 0.64152 -0.46811400000000003 -0.607719
vn 0.786333 -0.08892300000000004 -0.61137
vn 0.788768 0.05570499999999996 -0.612162
vn 0.786333 -0.08892300000000004 -0.61137
vn 0.717711 0.32957699999999995 -0.613409
vn 0.643962 0.45852699999999996 -0.612426
vn 0.717711 0.32957699999999995 -0.613409
vn 0.446734 0.652128 -0.612502
vn 0.324621 0.719743 -0.61367
vn 0.446734 0.652128 -0.612502
vn 0.063177 0.787542 -0.613014
vn -0.075764 0.786526 -0.612893
vn 0.063177 0.787542 -0.613014
vn -0.209369 0.770538 -0.602026
vn -0.210885 0.770537 -0.601498
vn 0 6.123233995736766E-17 1
vn 0 6.123233995736766E-17 1
vn 0 6.123233995736766E-17 1
vn 0 6.123233995736766E-17 1
vn 0 6.123233995736766E-17 1
vn 0 6.123233995736766E-17 1
vn 0 6.123233995736766E-17 1
vn 0 6.123233995736766E-17 1
vn 0 6.123233995736766E-17 1
vn 0 6.123233995736766E-17 1
vn 0 6.123233995736766E-17 1
vn 0 6.123233995736766E-17 1
vn 0 6.123233995736766E-17 1
vn 0 6.123233995736766E-17 1
vn 0 6.123233995736766E-17 1
vn 0 6.123233995736766E-17 1
vn 0 6.123233995736766E-17 1
vn 0 6.123233995736766E-17 1
vn 0 6.123233995736766E-17 1
vn 0 6.123233995736766E-17 1
vn 0 6.123233995736766E-17 1
vn 0 6.123233995736766E-17 1
vn 0 6.123233995736766E-17 1
vn 0 6.123233995736766E-17 1
vn 0 6.123233995736766E-17 1
vn 0 6.123233995736766E-17 1
vn 0 6.123233995736766E-17 1
vn 0 6.123233995736766E-17 1
vn 0 6.123233995736766E-17 1
vn 0 6.123233995736766E-17 1
vn 0 6.123233995736766E-17 1
vn 0 6.123233995736766E-17 1
vn 0.987936 -0.154859 -0.0009489999999999905
vn 0.988019 -0.154333 -0.0006989999999999905
vn 0.987936 -0.154859 -0.0009489999999999905
vn 0.987936 -0.154859 -0.0009489999999999905
vn -2E-06 -0.001888999999999939 0.999998
vn -0 -0.0018669999999999388 0.999998
vn -2E-06 -0.001888999999999939 0.999998
vn -2E-06 -0.001888999999999939 0.999998
vn -0.000629 -0.0009439999999999387 0.999999
vn -0.001259 -0.0018869999999999389 0.999997
vn -0.000629 -0.0009439999999999387 0.999999
vn 0 6.123233995736766E-17 1
vn -0.64057 0.7679 -4.702031385326263E-17
vn -0.64057 0.7679 -4.702031385326263E-17
vn -0.64057 0.7679 -4.702031385326263E-17
vn -0.64057 0.7679 -4.702031385326263E-17
vn -0.499033 0.866583 -5.306290485727554E-17
vn -0.499033 0.866583 -5.306290485727554E-17
vn -0.499033 0.866583 -5.306290485727554E-17
vn -0.499033 0.866583 -5.306290485727554E-17
vn -0.302991 0.952993 -1.000000000058354E-06
vn -0.30299 0.952994 -3.0000000000583543E-06
vn -0.302991 0.952993 -1.000000000058354E-06
vn -0.302992 0.952993 -5.835399135299168E-17
vn -0.642785 -0.766046 4.690678909498167E-17
vn -0.642785 -0.766046 4.690678909498167E-17
vn -0.642785 -0.766046 4.690678909498167E-17
vn -0.642785 -0.766046 4.690678909498167E-17
vn 0 6.123233995736766E-17 1
vn 0 6.123233995736766E-17 1
vn 0 6.123233995736766E-17 1
vn 0 6.123233995736766E-17 1
vn 0.970519 0.240013 0.022059999999999986
vn 0.969109 0.246628 0.0017849999999999847
vn 0.971225 0.237639 0.015813999999999988
vn 0.972465 0.232053 0.021533999999999987
vn 0.972946 0.230856 0.009083999999999986
vn 0.971099 0.238672 -0.0012720000000000144
vn 0.969958 0.243005 -0.011383000000000016
vn 0.966244 0.25613 -0.027747000000000018
vn 0.911997 0.410021 -0.012012000000000024
vn 0.908242 0.417747 -0.024190000000000024
vn 0.905969 0.423286 0.006973999999999974
vn 0.905111 0.424813 0.017535999999999975
vn 0.899577 0.435974 0.026216999999999973
vn 0.906281 0.422609 0.007489999999999974
vn -0.699826 0.713644 0.030895999999999955
vn -0.704528 0.709672 0.0023679999999999565
vn -0.695631 0.717991 0.024192999999999954
vn -0.687779 0.725005 0.03643899999999996
vn -0.686952 0.726488 0.017661999999999956
vn -0.683909 0.728679 0.03598399999999996
vn -0.687205 0.726029 0.025120999999999956
vn -0.691962 0.721698 0.018460999999999957
vn -0.698961 0.71516 0.0001719999999999562
vn -0.702754 0.711396 0.0073179999999999565
vn -0.703575 0.710566 -0.008882000000000043
vn -0.705128 0.709005 0.010339999999999957
vn -0.706763 0.707269 0.015990999999999957
vn 0.337854 -0.940883 0.024390000000000057
vn 0.337831 -0.940889 0.02446800000000006
vn 0.337919 -0.940759 0.027988000000000058
vn 0.338813 -0.940496 0.02596100000000006
vn 0.339826 -0.940101 0.02696900000000006
vn 0.341546 -0.939598 0.022406000000000058
vn 0.342204 -0.9392 0.028265000000000057
vn 0.343057 -0.938887 0.02834000000000006
vn 0.340391 -0.93965 0.03452100000000006
vn 0.341779 -0.939346 0.02858300000000006
vn 0.337343 -0.94078 0.033657000000000055
vn 0.334668 -0.941645 0.036078000000000054
vn 0.334567 -0.942058 0.024331000000000057
vn 0.333285 -0.942528 0.023710000000000057
vn 0.335569 -0.941948 0.011313000000000057
vn 0.338739 -0.940811 0.011413000000000057
vn 0.339811 -0.940476 0.005725000000000057
vn 0.34227 -0.939521 0.012331000000000057
vn 0.291862 -0.956285 0.01830700000000006
vn 0.292561 -0.95603 0.02036000000000006
vn 0.332595 -0.943 0.011459000000000058
vn 0.374795 -0.926996 0.014350000000000057
vn 0.35815 -0.933544 0.014965000000000056
vn 0.358732 -0.932923 0.031079000000000054
vn 0.2994 -0.953985 0.016515000000000057
vn 0.301512 -0.953462 8.000000000058382E-06
vn 0.905589 0.424155 -0.001542000000000026
vn 0.906072 0.423115 -0.002907000000000026
vn 0.905076 0.42525 0.00012399999999997396
vn 0.904818 0.425797 0.0009569999999999739
vn 0.903045 0.429501 0.006184999999999974
vn -0.003711 -0.001736999999999939 0.999992
vn -0.003726 -0.0017429999999999388 0.999992
vn -0.003712 -0.0017329999999999388 0.999992
vn -0.003708 -0.0017279999999999388 0.999992
vn -0.003714 -0.001725999999999939 0.999992
vn -0.003713 -0.0017279999999999388 0.999992
vn -0.422833 0.905924 0.022661999999999946
vn -0.422505 0.906063 0.023215999999999945
vn -0.426874 0.903752 0.03178899999999994
vn -0.427232 0.903985 0.016865999999999944
vn -0.427915 0.903449 0.025863999999999946
vn -0.42526 0.905068 -0.0023470000000000556
vn -0.429776 0.902913 -0.006372000000000056
vn 0.002978 0.005246000000000061 0.999982
vn 0.002118 0.007425000000000062 0.99997
vn 0.00253 0.0047960000000000615 0.999985
vn 0.00309 0.0039060000000000613 0.999988
vn 0.004012 0.0074950000000000615 0.999964
vn 0.005046 0.01245200000000006 0.99991
vn 0.00567 0.01630000000000006 0.999851
vn 0.004736 0.018765000000000063 0.999813
vn -0.258623 0.965475 0.03118299999999994
vn -0.258819 0.965428 0.031018999999999942
vn -0.258539 0.965437 0.03300499999999994
vn -0.255899 0.965966 0.03774399999999994
vn -0.252926 0.967 0.03065199999999994
vn -0.250882 0.967492 0.03190299999999994
vn -0.251453 0.967779 0.013210999999999942
vn -0.252946 0.967427 0.01012399999999994
vn -0.253629 0.967293 0.004109999999999941
vn -0.255317 0.966813 0.009305999999999941
vn -0.96525 -0.259043 0.03448100000000001
vn -0.965341 -0.258662 0.034805000000000016
vn -0.965171 -0.259053 0.036552000000000015
vn -0.965044 -0.259255 0.03842800000000001
vn -0.965236 -0.258932 0.035679000000000016
vn -0.965446 -0.258845 0.030213000000000018
vn -0.965786 -0.258738 0.017651000000000017
vn -0.965764 -0.258845 0.01729500000000002
vn -0.965867 -0.258839 0.010198000000000016
vn -0.965876 -0.258806 0.010102000000000015
vn 0.939613 0.342036 0.011747999999999979
vn 0.939625 0.342002 0.011839999999999979
vn 0.939547 0.342123 0.014267999999999979
vn 0.939469 0.342225 0.01673899999999998
vn 0.93936 0.34229 0.02098299999999998
vn 0.93935 0.342312 0.021055999999999978
vn 0.93932 0.342264 0.02308499999999998
vn 0.93938 0.3421 0.02305599999999998
vn 0.93943 0.341973 0.022915999999999978
vn 0.93961 0.341617 0.02078099999999998
vn 0.939731 0.341378 0.01913699999999998
vn 0.940026 0.340731 0.01593699999999998
vn 0.940182 0.340314 0.01563499999999998
vn 0.940314 0.339958 0.015438999999999979
vn 0.94028 0.339997 0.01659299999999998
vn 0.940339 0.33987 0.015838999999999978
vn 0.940382 0.339785 0.015129999999999979
vn 0.940486 0.33953 0.01430399999999998
vn -0.965926 -0.25882 1.5848154227765898E-17
vn -0.965926 -0.25882 1.5848154227765898E-17
vn -0.965926 -0.25882 1.5848154227765898E-17
vn -0.965925 -0.25882 1.5848154227765898E-17
vn -0.965925 -0.258821 1.5848215460105855E-17
vn 0.906308 -0.422618 2.5877889048102807E-17
vn 0.906308 -0.422618 2.5877889048102807E-17
vn 0.965455 -0.26057 1.5955310822691293E-17
vn 0.996351 -0.085349 5.226118983021372E-18
vn 0.939692 0.34202 -2.0942684912218888E-17
vn 0.939693 0.34202 -2.0942684912218888E-17
vn 0.708388 0.705824 -4.321925511806907E-17
vn 0.57209 0.820191 -5.022221414197334E-17
vn 0.260571 0.965455 -5.91170687735404E-17
vn 0.08535 0.996351 -6.100890314886322E-17
vn -0.257066 0.966394 -5.917456594076036E-17
vn -0.424261 0.90554 -5.544833312499471E-17
vn -0.705823 0.708388 -4.337625483771976E-17
vn -0.820191 0.57209 -3.503040936621046E-17
vn -0.965455 0.26057 -1.5955310822691293E-17
vn -0.996351 0.085349 -5.226118983021372E-18
vn -0.939692 -0.342021 2.0942746144558845E-17
vn -0.939692 -0.34202 2.0942684912218888E-17
vn -0.819152 -0.573577 3.512146185572707E-17
vn -0.819152 -0.573576 3.512140062338711E-17
vn -0.939692 0.342021 -2.0942746144558845E-17
vn -0.939692 0.342021 -2.0942746144558845E-17
vn -0.866931 0.498429 9.999999999694799E-07
vn -0.764877 0.644176 9.999999999605555E-07
vn -0.50157 0.865117 9.999999999470267E-07
vn -0.340315 0.940311 9.999999999424225E-07
vn 0.087156 0.996195 9.999999999390007E-07
vn 0.087156 0.996195 9.999999999390007E-07
vn 0.49471 0.869058 9.999999999467855E-07
vn 0.640733 0.767763 0.001125999999999953
vn 0.761765 0.647852 0.0016399999999999603
vn 0.766041 0.642784 0.0032789999999999603
vn 0.0696 -0.997575 -0.0002159999999999389
vn 0.06959 -0.997576 -0.00020999999999993891
vn 0.069545 -0.997579 -0.0001439999999999389
vn 0.069522 -0.99758 -0.00010999999999993892
vn 0.069434 -0.997587 6.108458632105053E-17
vn 0.436191 0.06515800000000005 0.897492
vn 0.407972 0.046499000000000054 0.911809
vn 0.459538 0.07389500000000006 0.885078
vn 0.503034 0.09841500000000006 0.858645
vn 0.522214 0.10567600000000006 0.846242
vn 0.538957 0.12009800000000005 0.833728
vn 0 6.123233995736766E-17 1
vn 0 6.123233995736766E-17 1
vn 0 6.123233995736766E-17 1
vn 0 6.123233995736766E-17 1
vn 0 6.123233995736766E-17 1
vn 0 6.123233995736766E-17 1
vn 0 6.123233995736766E-17 1
vn 0 6.123233995736766E-17 1
vn 0.766043 -0.642789 3.9359474568856407E-17
vn 0.766043 -0.642789 3.9359474568856407E-17
vn 0.865116 -0.501571 3.071236598475685E-17
vn 0.940311 -0.340317 2.083840623727149E-17
vn 0.999998 -0.001816 1.1119792936257968E-19
vn 0.984492 0.175431 -1.0742050631060967E-17
vn 0.866932 0.498426 -3.051979027559093E-17
vn 0.764879 0.644174 -3.944428135969736E-17
vn 0.501572 0.865116 -5.297307701455808E-17
vn 0.340318 0.94031 -5.757738158531238E-17
vn 0.001816 0.999998 -6.123221749268775E-17
vn -0.175433 0.984491 -6.028268759696884E-17
vn -0.498428 0.866931 -5.30842137115807E-17
vn -0.644174 0.764879 -4.6835330954251415E-17
vn -0.865115 0.501573 -3.071248844943677E-17
vn -0.94031 0.340318 -2.083846746961145E-17
vn -0.999998 0.001817 -1.1125916170253704E-19
vn -0.984492 -0.175431 1.0742050631060967E-17
vn -0.939694 -0.342018 2.094256244753897E-17
vn -0.939694 -0.342018 2.094256244753897E-17
vn -0.358737 0.704677 0.612158
vn 0.254212 0.928028 0.2722859999999999
vn -0.951936 0.14262800000000003 0.271063
vn -0.596615 -0.29026299999999994 0.748196
vn 0.117008 -0.957149 0.26490400000000003
vn 0.061894 -0.702381 0.709106
vn 0.710482 0.045053000000000044 0.702272
vn 0.930319 0.09528100000000003 0.354159
vn -0.358737 0.704677 0.612158
vn -0.596615 -0.29026299999999994 0.748196
vn 0.061894 -0.702381 0.709106
vn 0.930319 0.09528100000000003 0.354159
vn 0.254212 0.928028 0.2722859999999999
vn -0.358737 0.704677 0.612158
vn 0.78628 -0.08380899999999995 0.61216
vn 0.639052 -0.719356 0.27228600000000003
vn 0.638883 0.719967 0.27106499999999994
vn 0.082243 0.65836 0.748197
vn -0.865983 0.424145 0.264905
vn -0.622403 0.33133700000000005 0.709105
vn -0.349868 -0.620004 0.702273
vn -0.427712 -0.831646 0.35415700000000006
vn 0.78628 -0.08380899999999995 0.61216
vn 0.082243 0.65836 0.748197
vn -0.622403 0.33133700000000005 0.709105
vn -0.427712 -0.831646 0.35415700000000006
vn 0.639052 -0.719356 0.27228600000000003
vn 0.78628 -0.08380899999999995 0.61216
vn -0.408256 -0.677193 0.612157
vn -0.922033 -0.275166 0.272284
vn 0.382505 -0.883298 0.2710620000000001
vn 0.56192 -0.3527699999999999 0.748198
vn 0.750383 0.6056 0.26490499999999995
vn 0.56333 0.42406200000000005 0.709105
vn -0.414056 0.579113 0.702272
vn -0.572972 0.739106 0.35415299999999994
vn -0.408256 -0.677193 0.612157
vn 0.56192 -0.3527699999999999 0.748198
vn 0.56333 0.42406200000000005 0.709105
vn -0.572972 0.739106 0.35415299999999994
vn -0.922033 -0.275166 0.272284
vn -0.408256 -0.677193 0.612157
vn -0.781183 -0.12254699999999996 0.612157
vn -0.80346 0.529446 0.27228299999999994
vn -0.430778 -0.860788 0.27106300000000005
vn 0.090957 -0.657211 0.748198
vn 0.946253 -0.18555399999999997 0.264906
vn 0.686952 -0.15894999999999995 0.709106
vn 0.177475 0.689432 0.702272
vn 0.197891 0.914009 0.35415699999999994
vn 0.090957 -0.657211 0.748198
vn 0.686952 -0.15894999999999995 0.709106
vn -0.781183 -0.12254699999999996 0.612157
vn 0.197891 0.914009 0.35415699999999994
vn -0.80346 0.529446 0.27228299999999994
vn -0.781183 -0.12254699999999996 0.612157
vn -0.596013 0.519642 0.612161
vn -0.110877 0.955807 0.27228399999999997
vn -0.936299 -0.22331599999999996 0.271063
vn -0.444986 -0.4921269999999999 0.748196
vn 0.466096 -0.844145 0.26490500000000006
vn 0.319799 -0.628409 0.709105
vn 0.642213 0.30720400000000003 0.702273
vn 0.827374 0.43592 0.354155
vn -0.444986 -0.4921269999999999 0.748196
vn 0.319799 -0.628409 0.709105
vn -0.596013 0.519642 0.612161
vn 0.827374 0.43592 0.354155
vn -0.110877 0.955807 0.27228399999999997
vn -0.596013 0.519642 0.612161
vn 0.938951 -0.344052 2.106710902701226E-17
vn 0.938951 -0.344052 2.106710902701226E-17
vn 0.866095 -0.49988 3.060882209788895E-17
vn 0.764142 -0.645048 3.949779842482009E-17
vn 0.501469 -0.865176 5.297675095495552E-17
vn 0.34076 -0.94015 5.756758441091921E-17
vn 0.002928 -0.999996 6.123209502800783E-17
vn -0.174223 -0.984706 6.029585255005968E-17
vn -0.573079 -0.8195 5.01799025950628E-17
vn -0.573079 -0.8195 5.01799025950628E-17
vn -0.766122 -0.642695 3.935371872890041E-17
vn -0.766122 -0.642695 3.935371872890041E-17
vn 0.702414 0.711769 -4.3583281379115624E-17
vn 0.702414 0.711769 -4.3583281379115624E-17
vn 0.57418 0.818729 -5.013269246095567E-17
vn 0.425493 0.904962 -5.541294083249936E-17
vn 0.001956 0.999998 -6.123221749268775E-17
vn 0.001956 0.999998 -6.123221749268775E-17
vn -0.50001 0.866019 -5.3028369817539585E-17
vn -0.50001 0.86602 -5.302843104987954E-17
vn -0.816767 0.576967 -3.5329039488182545E-17
vn -0.908062 0.418837 -2.5646369570724E-17
vn -0.99613 0.087892 -5.381832823532958E-18
vn -0.996466 -0.083993 5.1430879300391816E-18
vn -0.909166 -0.416434 2.5499228257806445E-17
vn -0.817484 -0.575951 3.526682743078586E-17
vn -0.500216 -0.865901 5.3021144401424616E-17
vn -0.500216 -0.865901 5.3021144401424616E-17
vn -0.00025 -1 6.123233995736766E-17
vn -0.00025 -1 6.123233995736766E-17
vn 0.421949 -0.906619 5.551440281980871E-17
vn 0.570973 -0.820969 5.0269852902460166E-17
vn 0.815224 -0.579146 3.546246475694966E-17
vn 0.90753 -0.419988 2.5716847994014928E-17
vn 0.996325 -0.08565 5.24454991734854E-18
vn 0.99606 0.088684 -5.430328836779194E-18
vn 0.907192 0.420717 -2.576148636984385E-17
vn 0.816191 0.577782 -3.5378943845247806E-17
vn 0.702414 0.711769 -4.3583281379115624E-17
vn 0.702414 0.711769 -4.3583281379115624E-17
vn 0.706378 -0.707835 1.0000000000433424E-06
vn 0.706378 -0.707835 1.0000000000433424E-06
vn 0.574824 -0.818277 1.000000000050105E-06
vn 0.421449 -0.906852 1.0000000000555287E-06
vn 0.089217 -0.996012 1.000000000060988E-06
vn -0.089811 -0.995959 1.0000000000609848E-06
vn -0.423736 -0.905786 1.0000000000554632E-06
vn -0.578614 -0.815601 1.000000000049941E-06
vn -0.866557 -0.499077 2.0000000000305596E-06
vn -0.866557 -0.499077 1.0000000000305596E-06
vn -0.995889 -0.090579 2.0000000000055463E-06
vn -0.996005 0.089298 1.999999999994532E-06
vn -0.965375 0.260866 1.9999999999840266E-06
vn -0.965375 0.260867 2.9999999999840267E-06
vn -0.257685 0.966052 0.01850299999999994
vn -0.258928 0.965723 0.01832799999999994
vn -0.789333 0.613888 0.009730999999999962
vn -0.926097 0.377255 0.004817999999999977
vn -0.992267 -0.124046 -0.004448999999999992
vn -0.921855 -0.387427 -0.009191999999999976
vn -0.614498 -0.788767 -0.015479999999999952
vn -0.378602 -0.925393 -0.017579999999999943
vn 0.123221 -0.992234 -0.01695499999999994
vn 0.387017 -0.921951 -0.014969999999999943
vn 0.789138 -0.614173 -0.007328999999999962
vn 0.925954 -0.377629 -0.002299999999999977
vn 0.992262 0.123905 0.007999999999999993
vn 0.921827 0.387391 0.012749999999999975
vn 0.501319 0.865029 0.020089999999999948
vn 0.502552 0.864311 0.02020499999999995
vn -0.257685 0.966052 0.01850299999999994
vn -0.258928 0.965723 0.01832799999999994
vn -0.258497 0.965882 0.01586499999999994
vn -0.258935 0.965762 0.01600199999999994
vn -0.789254 0.614015 0.007940999999999962
vn -0.925934 0.37767 0.003420999999999977
vn -0.992305 -0.12374 -0.004485999999999993
vn -0.921695 -0.38783 -0.008194999999999975
vn -0.613958 -0.789238 -0.012576999999999951
vn -0.377069 -0.926088 -0.013411999999999943
vn 0.124259 -0.992179 -0.011873999999999938
vn 0.388155 -0.921543 -0.009675999999999943
vn 0.789323 -0.613969 -0.003328999999999962
vn 0.92596 -0.377621 0.0005120000000000231
vn 0.992288 0.123681 0.008220999999999992
vn 0.921551 0.388077 0.011864999999999976
vn 0.499937 0.865884 0.017570999999999948
vn 0.499768 0.86598 0.01762099999999995
vn -0.258497 0.965882 0.01586499999999994
vn -0.258935 0.965762 0.01600199999999994
vn 0.173944 -0.984586 0.01827900000000006
vn 0.172858 -0.984777 0.01830600000000006
vn 0.733314 -0.679887 0.0022060000000000417
vn 0.889873 -0.456188 -0.004243999999999973
vn 0.999314 0.033654 -0.015428000000000002
vn 0.952725 0.303248 -0.018860000000000016
vn 0.68341 0.729685 -0.022608000000000045
vn 0.457918 0.888732 -0.021606000000000056
vn -0.036576 0.999197 -0.01637300000000006
vn -0.307738 0.951405 -0.011241000000000058
vn -0.73305 0.680175 0.00014199999999995835
vn -0.889721 0.456446 0.007321999999999973
vn -0.999269 -0.033411 0.018555000000000002
vn -0.952722 -0.302893 0.024028000000000018
vn -0.576606 -0.816541 0.028022000000000047
vn -0.574954 -0.817695 0.028321000000000048
vn 0.173944 -0.984586 0.01827900000000006
vn 0.172858 -0.984777 0.01830600000000006
vn 0.939452 -0.342674 0.0023130000000000208
vn 0.938739 -0.344626 0.001611000000000021
vn 0.956744 0.29083 -0.007730000000000018
vn 0.841232 0.540596 -0.009243000000000032
vn 0.471853 0.881585 -0.012797000000000053
vn 0.212896 0.976993 -0.012636000000000059
vn -0.291803 0.956399 -0.01235900000000006
vn -0.541496 0.840632 -0.010938000000000052
vn -0.883363 0.468648 -0.006264000000000028
vn -0.977496 0.210943 -0.002211000000000013
vn -0.956676 -0.291104 0.005509000000000018
vn -0.841378 -0.540336 0.010910000000000033
vn -0.472268 -0.881304 0.016323000000000056
vn -0.213478 -0.976773 0.01850800000000006
vn 0.420059 -0.907381 0.014480000000000055
vn 0.420805 -0.90703 0.014837000000000055
vn 0.939452 -0.342674 0.0023130000000000208
vn 0.938739 -0.344626 0.001611000000000021
vn 0.866389 -0.499326 0.006590000000000031
vn 0.866081 -0.499864 0.00628600000000003
vn 0.992067 0.1257 0.0016019999999999923
vn 0.920867 0.389876 -0.00042900000000002387
vn 0.613547 0.789644 -0.0047110000000000485
vn 0.377703 0.925902 -0.006840000000000056
vn -0.123041 0.99236 -0.00913200000000006
vn -0.387294 0.921907 -0.009553000000000058
vn -0.789345 0.613904 -0.007516000000000037
vn -0.926547 0.376143 -0.005173000000000023
vn -0.992121 -0.125283 0.00016700000000000766
vn -0.921028 -0.389481 0.0033870000000000237
vn -0.613604 -0.789573 0.008024000000000048
vn -0.377705 -0.925878 0.009470000000000056
vn 0.257756 -0.966156 0.01018400000000006
vn 0.256895 -0.966387 0.010051000000000058
vn 0.866389 -0.499326 0.006590000000000031
vn 0.866081 -0.499864 0.00628600000000003
vn -0.680385 -0.732819 0.007254000000000045
vn -0.45514 -0.890403 0.005603000000000055
vn -0.952152 -0.305473 0.009656000000000019
vn -0.999292 -0.036148 0.010432000000000002
vn -0.889436 0.456962 0.009469999999999971
vn -0.733089 0.680086 0.008022999999999959
vn -0.307725 0.951469 0.003385999999999942
vn -0.038336 0.999265 0.00016599999999993882
vn 0.455466 0.890238 -0.005173000000000054
vn 0.680363 0.732836 -0.007516000000000045
vn 0.952153 0.305473 -0.00955300000000002
vn 0.999307 0.036084 -0.009132000000000001
vn 0.889459 -0.456964 -0.006840999999999972
vn 0.733165 -0.680034 -0.004711999999999958
vn 0.308136 -0.951342 -0.0004299999999999417
vn 0.03876 -0.999247 0.001602000000000061
vn -0.45514 -0.890403 0.005603000000000055
vn -0.680385 -0.732819 0.007254000000000045
vn -0.050158 -0.998715 0.007254000000000062
vn 0.223682 -0.974646 0.00560200000000006
vn -0.533037 -0.846037 0.009656000000000052
vn -0.742266 -0.670024 0.010432000000000042
vn -0.975077 -0.221665 0.009470000000000013
vn -0.998729 0.049754 0.008023999999999996
vn -0.847324 0.531065 0.0033869999999999673
vn -0.671682 0.740839 0.00016599999999995462
vn -0.223327 0.97473 -0.0051730000000000595
vn 0.050131 0.998714 -0.0075150000000000616
vn 0.533038 0.846038 -0.009552000000000052
vn 0.742319 0.669984 -0.009132000000000041
vn 0.975096 0.221679 -0.006841000000000014
vn 0.998755 -0.049667 -0.004711999999999997
vn 0.847556 -0.530705 -0.0004299999999999675
vn 0.671995 -0.740554 0.0016020000000000452
vn 0.223682 -0.974646 0.00560200000000006
vn -0.050158 -0.998715 0.007254000000000062
vn -0.865623 -0.500653 0.006590000000000031
vn -0.865935 -0.500117 0.00628500000000003
vn -0.387172 -0.922006 0.0016020000000000563
vn -0.12279 -0.992433 -0.00042899999999993925
vn 0.377077 -0.92617 -0.004711999999999944
vn 0.613001 -0.790052 -0.006840999999999951
vn 0.920929 -0.389623 -0.009131999999999975
vn 0.992042 -0.125547 -0.009551999999999993
vn 0.926329 0.37664 -0.007515000000000023
vn 0.789024 0.61434 -0.005173000000000037
vn 0.387563 0.921843 0.00016599999999994354
vn 0.123214 0.992374 0.003386999999999939
vn -0.376987 0.926184 0.008022999999999943
vn -0.612979 0.790042 0.00946999999999995
vn -0.965594 0.259856 0.010183999999999985
vn -0.965363 0.260716 0.010050999999999984
vn -0.865623 -0.500653 0.006590000000000031
vn -0.865935 -0.500117 0.00628500000000003
vn 0.818932 0.573891 -1.0000000000351406E-06
vn 0.818932 0.573891 -1.0000000000351406E-06
vn 0.905444 0.424465 -1.000000000025991E-06
vn 0.966381 0.257115 -1.0000000000157438E-06
vn 0.984743 -0.174015 -9.999999999893447E-07
vn 0.984743 -0.174016 -9.999999999893445E-07
vn 0.819586 -0.572956 -9.999999999649165E-07
vn 0.704747 -0.709458 -9.999999999565582E-07
vn 0.42312 -0.906074 5.548103119453195E-17
vn 0.256568 -0.966526 1.0000000000591826E-06
vn -0.084804 -0.996398 2.0000000000610117E-06
vn -0.259634 -0.965707 2.0000000000591326E-06
vn -0.570969 -0.820972 2.00000000005027E-06
vn -0.707414 -0.7068 2.000000000043279E-06
vn -0.905358 -0.424649 3.0000000000260023E-06
vn -0.966555 -0.256458 2.0000000000157035E-06
vn -0.996286 0.086111 1.999999999994727E-06
vn -0.965492 0.260432 1.9999999999840532E-06
vn -0.906717 0.421739 1.999999999974176E-06
vn -0.906718 0.421738 1.999999999974176E-06
vn 0.846404 0.532539 -0.0016690000000000324
vn 0.668888 0.743362 -0.0013770000000000455
vn 0.998854 0.047813 -0.002110000000000003
vn 0.974107 -0.226077 -0.002289999999999986
vn 0.739612 -0.673031 -0.002010999999999959
vn 0.531299 -0.847183 -0.0016619999999999482
vn 0.051746 -0.99866 -0.0004929999999999388
vn -0.21959 -0.975592 0.00034000000000005976
vn -0.669133 -0.743141 0.0016170000000000455
vn -0.846414 -0.532522 0.0021520000000000324
vn -0.998834 -0.048207 0.002466000000000003
vn -0.97425 0.22546 0.0022259999999999862
vn -0.739971 0.672637 0.0014779999999999587
vn -0.531507 0.847054 0.0008889999999999482
vn -0.051878 0.998654 -0.00015600000000006115
vn 0.219212 0.975677 -0.0005700000000000597
vn 0.668888 0.743362 -0.0013770000000000455
vn 0.846404 0.532539 -0.0016690000000000324
vn -0.380816 -0.3216510000000001 -0.866903
vn -0.381876 -0.32117100000000004 -0.866614
vn -0.507877 -0.42985000000000007 -0.746519
vn -0.618462 -0.522856 -0.586623
vn -0.747841 -0.630248 -0.20861999999999997
vn -0.748534 -0.629542 -0.20826299999999998
vn -0.765312 -0.643659 -9.999999999605873E-07
vn -0.765309 -0.643663 3.941299163397914E-17
vn -0.903362 -0.428879 2.6261264728575886E-17
vn -0.903362 -0.428879 2.6261264728575886E-17
vn -0.903577 -0.428425 -0.00032799999999997377
vn -0.904081 -0.427358 -0.0014239999999999737
vn -0.904161 -0.42719 -0.0015449999999999737
vn -0.90443 -0.426613 -0.002798999999999974
vn -0.904447 -0.426587 -0.0004689999999999739
vn -0.904182 -0.427146 0.0009030000000000262
vn -0.90452 -0.426426 0.002127000000000026
vn -0.904296 -0.426905 0.0012140000000000263
vn -0.903741 -0.42808 0.00026600000000002625
vn -0.903529 -0.428527 2.623971094491089E-17
vn -0.903529 -0.428528 2.623977217725085E-17
vn 0.209778 9.799999999994012E-05 -0.977749
vn 0.209778 9.799999999994012E-05 -0.977749
vn 0.3309 -0.0004040000000000578 -0.943666
vn 0.448618 -0.0009080000000000547 -0.893723
vn 0.655365 -0.0018400000000000462 -0.755311
vn 0.744737 -0.002269000000000041 -0.667355
vn 0.866878 -0.0029010000000000303 -0.498511
vn 0.906433 -0.003126000000000026 -0.422338
vn 0.972642 -0.003560000000000014 -0.232282
vn 0.993224 -0.003840000000000007 -0.116154
vn 0.999992 -0.004019 -3.599999999999976E-05
vn 0.999991 -0.004154 2.5435914018290525E-19
vn 0.38492 -0.685929 0.617526
vn -0.189959 -0.934489 0.30107500000000004
vn 0.953161 -0.09785299999999998 0.286199
vn 0.569232 0.31517900000000004 0.759366
vn -0.173746 0.951874 0.25248499999999996
vn -0.097992 0.705708 0.701693
vn -0.70551 -0.07650299999999996 0.704558
vn -0.918048 -0.14634899999999998 0.368469
vn 0.38492 -0.685929 0.617526
vn 0.569232 0.31517900000000004 0.759366
vn -0.097992 0.705708 0.701693
vn -0.918048 -0.14634899999999998 0.368469
vn -0.189959 -0.934489 0.30107500000000004
vn 0.38492 -0.685929 0.617526
vn 0.001051 -0.999667 -0.025774999999999937
vn 0.00067 -0.99968 -0.025275999999999937
vn -0.602732 -0.797707 -0.01942399999999995
vn -0.797857 -0.602671 -0.014547999999999964
vn -0.991083 -0.133239 -0.0017269999999999918
vn -0.989974 0.141121 0.006101999999999991
vn -0.794414 0.60706 0.01960599999999996
vn -0.602238 0.797899 0.02580899999999995
vn -0.137146 0.990066 0.030983999999999942
vn 0.134472 0.990448 0.03048199999999994
vn 0.601971 0.798182 0.02315499999999995
vn 0.797276 0.603399 0.01615099999999996
vn 0.990973 0.13405 0.0015679999999999917
vn 0.990056 -0.140543 -0.006139999999999991
vn 0.705465 -0.708454 -0.020276999999999955
vn 0.706939 -0.706985 -0.020244999999999957
vn 0.001051 -0.999667 -0.025774999999999937
vn 0.00067 -0.99968 -0.025275999999999937
vn 0.92634 0.376619 0.007253999999999977
vn 0.788797 0.614628 0.005602999999999963
vn 0.992041 -0.125543 0.009655000000000007
vn 0.920943 -0.389558 0.010431000000000024
vn 0.61298 -0.790042 0.009469000000000049
vn 0.376984 -0.926185 0.008023000000000058
vn -0.123218 -0.992374 0.003386000000000061
vn -0.387564 -0.921843 0.00016600000000005646
vn -0.789023 -0.614342 -0.005172999999999962
vn -0.926328 -0.376642 -0.0075149999999999766
vn -0.992042 0.125543 -0.009552000000000007
vn -0.920931 0.38962 -0.009132000000000024
vn -0.613003 0.790051 -0.006841000000000048
vn -0.377076 0.92617 -0.004712000000000056
vn 0.122793 0.992432 -0.00043000000000006076
vn 0.387174 0.922005 0.0016019999999999435
vn 0.788797 0.614628 0.005602999999999963
vn 0.92634 0.376619 0.007253999999999977
vn 0.003082 -0.03558099999999994 0.999362
vn 0.507383 0.24747500000000006 0.82542
vn 0.187659 0.06871100000000005 0.979828
vn 0.00117 -0.03667499999999994 0.999327
vn 0.001477 -0.03795299999999994 0.999278
vn -0.446692 0.894688 -5.478383977177736E-17
vn -0.379133 0.925021 -0.024362000000000057
vn -0.393853 0.919031 -0.016199000000000057
vn -0.203927 0.978912 -0.012070000000000062
vn -0.235502 0.971874 9.59999999999405E-05
vn -0.035455 0.999371 0.0004779999999999388
vn -0.032014 0.999487 0.0008609999999999389
vn 0.941292 0.337548 -0.005509000000000021
vn 0.939636 0.341999 -0.01101800000000002
vn 0.907695 0.324287 0.266322
vn 0.798308 0.28449700000000006 0.530817
vn 0.341487 0.12249000000000006 0.931871
vn 0.347777 0.12658100000000005 0.928993
vn -0.336901 -0.12346699999999994 0.93341
vn -0.334055 -0.12158499999999994 0.934679
vn -0.794269 -0.29192399999999996 0.532839
vn -0.905981 -0.332577 0.261897
vn -0.938922 -0.344079 -0.005894999999999979
vn -0.939692 -0.342022 2.0942807376898802E-17
vn -0.703728 0.710448 -0.0055100000000000435
vn -0.707062 0.707065 -0.011020000000000044
vn -0.67751 0.685602 0.2663249999999999
vn -0.59522 0.603279 0.530818
vn -0.255331 0.25772600000000007 0.931871
vn -0.261701 0.26169900000000007 0.928992
vn 0.254282 -0.25316099999999997 0.933408
vn 0.251375 -0.25137699999999996 0.934677
vn 0.600247 -0.596483 0.532833
vn 0.684301 -0.680546 0.2618960000000001
vn 0.708646 -0.70554 -0.0058939999999999566
vn 0.707107 -0.707107 4.329781621023438E-17
vn 1E-06 0.865266 -0.501314
vn 2E-06 0.865267 -0.501311
vn 0 0.981619 -0.19085100000000005
vn -0 0.982447 0.18654399999999993
vn 0 0.656201 0.754586
vn 0 0.32810000000000006 0.944643
vn 0 -0.32633499999999993 0.945254
vn 1E-06 -0.65267 0.757642
vn 1E-06 -0.981438 0.19178200000000006
vn 1E-06 -0.982286 -0.18738699999999994
vn 1E-06 -0.866428 -0.49930099999999994
vn 0 -0.866429 -0.49929999999999997
vn -0.543875 0.11068600000000006 0.831834
vn -0.543876 0.11068600000000006 0.831834
vn -0.539556 0.06946500000000005 0.839079
vn -0.525877 0.025474000000000052 0.850179
vn -0.49711 -0.08841299999999995 0.863172
vn -0.484086 -0.16538399999999995 0.859249
vn -0.471055 -0.23624399999999995 0.84988
vn -0.489293 -0.24301099999999995 0.837579
vn 0.314647 -0.949209 5.8122288178593E-17
vn 0.314647 -0.949209 5.8122288178593E-17
vn 0.389542 -0.921009 5.639553619179523E-17
vn 0.462403 -0.88667 5.429287886999918E-17
vn 0.642736 -0.766088 4.690936085325988E-17
vn 0.642736 -0.766088 4.690936085325988E-17
vn 0.741549 -0.670899 4.108071564505801E-17
vn 0.741549 -0.670899 4.108071564505801E-17
vn -0.423673 0.905815 -0.00021100000000005546
vn -0.423578 0.90586 -0.00010400000000005546
vn -0.423547 0.905874 -6.900000000005547E-05
vn -0.423484 0.905904 1.9999999999445294E-06
vn -0.423486 0.905903 9.999999999445295E-07
vn -0.173648 -0.984808 6.030209824873533E-17
vn -0.173648 -0.984808 6.030209824873533E-17
vn -0.173648 -0.984808 6.030209824873533E-17
vn -0.173648 -0.984808 6.030209824873533E-17
vn -0.173648 -0.984808 6.030209824873533E-17
vn 0.173648 0.984808 -6.030209824873533E-17
vn 0.173648 0.984808 -6.030209824873533E-17
vn 0.173648 0.984808 -1.0000000000603021E-06
vn 0.173648 0.984808 -1.0000000000603021E-06
vn 0.173648 0.984808 -1.0000000000603021E-06
vn 0.819152 0.573577 -3.512146185572707E-17
vn 0.819152 0.573577 -3.512146185572707E-17
vn 0.90554 0.424262 -2.5978555014992718E-17
vn 0.966393 0.257068 -1.5740875168160592E-17
vn 0.996351 -0.085348 5.2260577506814145E-18
vn 0.965455 -0.26057 1.5955310822691293E-17
vn 0.820191 -0.57209 3.503040936621046E-17
vn 0.705823 -0.708389 4.3376316070059724E-17
vn 0.424261 -0.90554 5.544833312499471E-17
vn 0.257067 -0.966394 5.917456594076036E-17
vn -0.085348 -0.996351 6.100890314886322E-17
vn -0.26057 -0.965455 5.91170687735404E-17
vn -0.57209 -0.820191 5.022221414197334E-17
vn -0.708389 -0.705823 -9.999999999567807E-07
vn -0.90554 -0.424261 -1.9999999999740214E-06
vn -0.966394 -0.257067 -1.999999999984259E-06
vn -0.996351 0.085349 -1.0000000000052261E-06
vn -0.965455 0.26057 -1.5955310822691293E-17
vn -0.906308 0.422619 -2.5877950280442764E-17
vn -0.906308 0.422619 -2.5877950280442764E-17
vn 0 6.123233995736766E-17 1
vn 0 6.123233995736766E-17 1
vn 0 6.123233995736766E-17 1
vn 0 6.123233995736766E-17 1
vn 0 6.123233995736766E-17 1
vn -1E-06 6.123233995736766E-17 1
vn -1E-06 1.0000000000612324E-06 1
vn -0 6.123233995736766E-17 1
vn 0 6.123233995736766E-17 1
vn 1E-06 -9.999999999387675E-07 1
vn 0 -9.999999999387675E-07 1
vn 0 -9.999999999387675E-07 1
vn -1E-06 -9.999999999387675E-07 1
vn 0 6.123233995736766E-17 1
vn 1E-06 6.123233995736766E-17 1
vn 1E-06 6.123233995736766E-17 1
vn 1E-06 6.123233995736766E-17 1
vn 0 6.123233995736766E-17 1
vn -0 -9.999999999387675E-07 1
vn -0 6.123233995736766E-17 1
vn 0.939693 0.34202 -2.0942684912218888E-17
vn 0.939693 0.34202 -2.0942684912218888E-17
vn 0.939693 0.34202 9.999999999790573E-07
vn 0.939693 0.34202 9.999999999790573E-07
vn 0.939693 0.34202 9.999999999790573E-07
vn 0.34202 -0.939693 5.753960123155869E-17
vn 0.34202 -0.939693 5.753960123155869E-17
vn 0.34202 -0.939693 5.753960123155869E-17
vn 0.34202 -0.939693 5.753960123155869E-17
vn 0.34202 -0.939693 5.753960123155869E-17
vn 0 6.123233995736766E-17 1
vn 0 6.123233995736766E-17 1
vn 0 6.123233995736766E-17 1
vn 0 6.123233995736766E-17 1
vn 0 6.123233995736766E-17 1
vn -0.703134 0.711045 0.004253999999999957
vn -0.704602 0.709599 0.0021269999999999566
vn -0.705439 0.70877 0.0010449999999999566
vn -0.706586 0.707627 -0.0005590000000000434
vn -0.707106 0.707106 -0.0011180000000000434
vn 0.642788 -0.766045 4.690672786264171E-17
vn 0.642788 -0.766044 -9.999999999530934E-07
vn 0.643301 -0.765613 0.0002770000000000469
vn 0.642916 -0.765937 -0.0003639999999999531
vn 0.643112 -0.765771 -0.0009019999999999532
vn 0.642341 -0.766418 -0.0013139999999999532
vn 0.64248 -0.766302 0.0008830000000000469
vn 0.64291 -0.765942 0.0003550000000000469
vn 0.643111 -0.765772 0.0009040000000000468
vn 0.643555 -0.7654 -0.0004299999999999531
vn 0.642772 -0.766057 -3.999999999953092E-06
vn 0.642786 -0.766046 -6.999999999953093E-06
vn -0 6.123233995736766E-17 1
vn -0 -9.999999999387675E-07 1
vn -0 6.123233995736766E-17 1
vn -0 6.123233995736766E-17 1
vn 0 6.123233995736766E-17 1
vn -0 -9.999999999387675E-07 1
vn -0 6.123233995736766E-17 1
vn 0 6.123233995736766E-17 1
vn -0 6.123233995736766E-17 1
vn -0 6.123233995736766E-17 1
vn 0 6.123233995736766E-17 1
vn 0.903497 0.428595 -2.6243874744027992E-17
vn 0.903496 0.428596 -1.0000000000262438E-06
vn 0.903721 0.428122 -0.00030400000000002625
vn 0.904229 0.427046 -0.0012950000000000262
vn 0.904315 0.426864 -0.0014030000000000262
vn 0.904567 0.426324 -0.002486000000000026
vn 0.904589 0.426284 -0.0005070000000000261
vn 0.904247 0.42701 0.0005999999999999738
vn 0.904668 0.426114 0.001753999999999974
vn 0.90447 0.426536 0.0010219999999999739
vn 0.904038 0.427452 0.00034199999999997384
vn 0.903724 0.428116 -2.6214544453188414E-17
vn 0.903723 0.428117 -2.621460568552837E-17
vn -0.999999 -0.001053 -0.00015099999999999996
vn -0.999999 -0.00162 -0.0003009999999999999
vn -0.993075 -0.0008120000000000072 -0.117482
vn -0.972354 0.0010769999999999857 -0.23351
vn -0.905893 0.002482999999999974 -0.4235
vn -0.866876 0.00383099999999997 -0.49851
vn -0.744733 0.003514999999999959 -0.667353
vn -0.655361 0.0032499999999999534 -0.755309
vn -0.448616 0.0025759999999999455 -0.893721
vn -0.330898 0.0021659999999999423 -0.943664
vn -0.209778 0.0017269999999999402 -0.977748
vn -0.209778 0.0017269999999999402 -0.977748
vn 0.766045 0.642787 9.999999999606407E-07
vn 0.766045 0.642787 9.999999999606407E-07
vn 0.644176 0.764878 9.999999999531648E-07
vn 0.498253 0.867032 0.0001419999999999469
vn 0.175234 0.984527 0.00017399999999993972
vn -0.002159 0.999998 0.00031199999999993874
vn -0.340458 0.94026 0.0003669999999999424
vn -0.501609 0.865094 0.000462999999999947
vn -0.764813 0.644252 0.00042799999999996053
vn -0.86672 0.498794 0.00010499999999996946
vn -0.939527 0.342474 -3.3000000000020975E-05
vn -0.939362 0.342928 -0.000366000000000021
vn 0.939692 -0.342021 1.0000000000209426E-06
vn 0.939692 -0.342021 1.0000000000209426E-06
vn 0.86693 -0.498429 3.051997397261081E-17
vn 0.764877 -0.644176 3.9444403824377265E-17
vn 0.50157 -0.865117 -9.999999999470267E-07
vn 0.340315 -0.940311 -9.999999999424225E-07
vn 0.001814 -0.999998 -1.999999999938768E-06
vn -0.175433 -0.984491 -1.9999999999397174E-06
vn -0.498428 -0.866931 -9.999999999469158E-07
vn -0.644176 -0.764878 -9.999999999531648E-07
vn -0.766045 -0.642787 -9.999999999606407E-07
vn -0.766045 -0.642787 -1.9999999999606404E-06
vn 0 6.123233995736766E-17 1
vn 0 6.123233995736766E-17 1
vn 0 6.123233995736766E-17 1
vn 0 6.123233995736766E-17 1
vn 0 6.123233995736766E-17 1
vn 0 6.123233995736766E-17 1
vn 0 6.123233995736766E-17 1
vn 0 6.123233995736766E-17 1
vn 0 6.123233995736766E-17 1
vn 0 6.123233995736766E-17 1
vn 0 6.123233995736766E-17 1
vn 0 6.123233995736766E-17 1
vn -0.965926 0.258819 -1.584809299542594E-17
vn -0.965926 0.25882 -1.5848154227765898E-17
vn -0.996035 0.088963 9.999999999945525E-07
vn -0.996035 -0.088962 2.000000000005447E-06
vn -0.907073 -0.420973 4.000000000025777E-06
vn -0.818111 -0.57506 3.0000000000352125E-06
vn -0.575062 -0.81811 3.000000000050095E-06
vn -0.420974 -0.907073 2.000000000055542E-06
vn -0.088961 -0.996035 3.00000000006099E-06
vn 0.088963 -0.996035 3.00000000006099E-06
vn 0.420974 -0.907072 2.000000000055542E-06
vn 0.575061 -0.818111 2.0000000000500947E-06
vn 0.707107 -0.707107 2.0000000000432977E-06
vn 0.707107 -0.707107 3.000000000043298E-06
vn 0 6.123233995736766E-17 1
vn 0 6.123233995736766E-17 1
vn 0 6.123233995736766E-17 1
vn 0 6.123233995736766E-17 1
vn 0 6.123233995736766E-17 1
vn 0 6.123233995736766E-17 1
vn 0 6.123233995736766E-17 1
vn 0 6.123233995736766E-17 1
vn 0 6.123233995736766E-17 1
vn 0 6.123233995736766E-17 1
vn 0 6.123233995736766E-17 1
vn 0 6.123233995736766E-17 1
vn 0 6.123233995736766E-17 1
vn 0 6.123233995736766E-17 1
vn -0.907057 -0.420966 0.005913000000000026
vn -0.818095 -0.575053 0.005913000000000035
vn -0.996018 -0.088958 0.005913000000000005
vn -0.996017 0.088962 0.005912999999999995
vn -0.907057 0.420966 0.005913999999999974
vn -0.818097 0.57505 0.0059149999999999646
vn -0.57505 0.818097 0.00591399999999995
vn -0.420966 0.907057 0.005914999999999945
vn -0.088959 0.996018 0.0059159999999999395
vn 0.088961 0.996018 0.00591699999999994
vn 0.420965 0.907057 0.005916999999999945
vn 0.57505 0.818097 0.00591599999999995
vn 0.818096 0.575051 0.0059149999999999646
vn 0.907057 0.420965 0.005912999999999974
vn 0.996018 0.08896 0.005912999999999995
vn 0.996018 -0.088961 0.005913000000000005
vn 0.907057 -0.420967 0.005913000000000026
vn 0.818097 -0.57505 0.005913000000000035
vn 0.575053 -0.818095 0.00591300000000005
vn 0.420968 -0.907056 0.005912000000000055
vn 0.08896 -0.996018 0.00591100000000006
vn -0.088963 -0.996018 0.005910000000000061
vn -0.420967 -0.907057 0.005910000000000056
vn -0.575049 -0.818097 0.00591200000000005
vn -0.818095 -0.575053 0.005913000000000035
vn -0.907057 -0.420966 0.005913000000000026
vn -0.05237 -0.989941 0.13142900000000005
vn -0.088475 -0.990574 0.10456800000000005
vn 0.418577 -0.902158 0.10441900000000005
vn 0.606047 -0.786246 0.12051900000000004
vn 0.813736 -0.571767 0.10447900000000004
vn 0.831328 -0.540005 0.13148200000000002
vn 0.697678 -0.696958 0.16581600000000005
vn 0.697667 -0.696977 0.16578300000000007
vn 0.990574 -0.088476 0.104569
vn 0.983388 0.133559 0.12292199999999999
vn 0.901365 0.419877 0.10603999999999997
vn 0.882795 0.450348 0.13364099999999998
vn 0.951476 0.257099 0.16909799999999997
vn 0.952561 0.255239 0.16577299999999998
vn 0.573018 0.812752 0.10528299999999995
vn 0.378981 0.91751 0.12061899999999995
vn 0.088476 0.990575 0.10456699999999994
vn 0.052308 0.989939 0.13146799999999995
vn 0.255238 0.952562 0.16577099999999995
vn 0.255237 0.952562 0.16577299999999995
vn -0.418666 0.9021 0.10456799999999994
vn -0.605888 0.786356 0.12059999999999996
vn -0.813626 0.571908 0.10456799999999995
vn -0.831159 0.540268 0.13146899999999997
vn -0.697323 0.697323 0.16577299999999995
vn -0.697323 0.697323 0.16577399999999995
vn -0.990575 0.088473 0.104568
vn -0.983948 -0.131535 0.12059800000000001
vn -0.9021 -0.418665 0.10456800000000002
vn -0.883467 -0.449669 0.13146700000000003
vn -0.952563 -0.255237 0.16576700000000003
vn -0.952563 -0.255237 0.16576700000000003
vn -0.571909 -0.813625 0.10456700000000005
vn -0.378061 -0.917892 0.12059800000000005
vn -0.088475 -0.990574 0.10456800000000005
vn -0.05237 -0.989941 0.13142900000000005
vn -0.255239 -0.952562 0.16576600000000005
vn -0.255241 -0.952562 0.16576400000000005
vn -0.094971 -0.99548 2.0000000000609554E-06
vn 0.082661 -0.996577 0.0009470000000000611
vn -0.420975 -0.907072 2.000000000055542E-06
vn -0.575062 -0.81811 2.0000000000500947E-06
vn -0.81811 -0.575062 2.0000000000352123E-06
vn -0.907072 -0.420975 2.0000000000257772E-06
vn -0.996035 -0.088963 1.0000000000054474E-06
vn -0.996035 0.088962 -5.447351427287342E-18
vn -0.907072 0.420974 -2.5777223081212896E-17
vn -0.817913 0.575342 -0.00013000000000003523
vn -0.57478 0.818308 0.00039099999999994993
vn -0.422319 0.906447 0.0011689999999999444
vn -0.090766 0.995867 0.003165999999999939
vn 0.082321 0.996592 0.005198999999999939
vn 0.416478 0.909109 0.008249999999999945
vn 0.569368 0.822016 0.01052199999999995
vn 0.816775 0.576815 0.012764999999999966
vn 0.907186 0.420517 0.013392999999999974
vn 0.996169 0.086402 0.013508999999999995
vn 0.994967 -0.099516 0.011763000000000006
vn 0.903555 -0.428361 0.009728000000000027
vn 0.810336 -0.585923 0.0070440000000000355
vn 0.57049 -0.82129 0.004950000000000051
vn 0.410403 -0.911901 0.002530000000000056
vn 0.082661 -0.996577 0.0009470000000000611
vn -0.094971 -0.99548 2.0000000000609554E-06
vn 0 6.123233995736766E-17 1
vn 0 6.123233995736766E-17 1
vn 0 6.123233995736766E-17 1
vn 0 6.123233995736766E-17 1
vn 0 6.123233995736766E-17 1
vn 0 6.123233995736766E-17 1
vn 0 6.123233995736766E-17 1
vn 0 6.123233995736766E-17 1
vn 0 6.123233995736766E-17 1
vn 0 6.123233995736766E-17 1
vn 0 6.123233995736766E-17 1
vn 0 6.123233995736766E-17 1
vn 0 6.123233995736766E-17 1
vn 0 6.123233995736766E-17 1
vn 0 6.123233995736766E-17 1
vn 0 6.123233995736766E-17 1
vn 0 6.123233995736766E-17 1
vn 0 6.123233995736766E-17 1
vn 0 6.123233995736766E-17 1
vn 0 6.123233995736766E-17 1
vn 0 6.123233995736766E-17 1
vn 0 6.123233995736766E-17 1
vn 0 6.123233995736766E-17 1
vn 0 6.123233995736766E-17 1
vn 0 6.123233995736766E-17 1
vn 0 6.123233995736766E-17 1
vn -0.729553 0.682414 0.04543799999999996
vn -0.707457 0.70579 0.036950999999999956
vn -0.593032 0.802665 0.06357199999999995
vn -0.446701 0.890616 0.08521099999999994
vn -0.000284 0.994174 0.10778799999999994
vn 0.000647 0.993724 0.11185799999999994
vn 0.494941 0.861239 0.11532899999999995
vn 0.496932 0.860703 0.11067899999999994
vn 0.80644 0.580469 0.11273899999999996
vn 0.896923 0.42788 0.11156799999999997
vn 0.991667 0.087383 0.094664
vn 0.991024 -0.110011 0.075959
vn 0.95575 -0.288269 0.05867800000000002
vn 0.947656 -0.31576 0.04736900000000002
vn 0.708096 -0.706057 0.009179000000000043
vn 0.709513 -0.704689 0.002220000000000043
vn 0.709513 -0.704689 0.002220000000000043
vn 0.705805 -0.70827 0.013896000000000044
vn 0.70515 -0.708682 0.023095000000000046
vn 0.703908 -0.709877 0.024261000000000046
vn 0.699226 -0.714694 0.017189000000000045
vn 0.694783 -0.718671 0.028067000000000047
vn 0.689938 -0.723476 0.023827000000000046
vn 0.691793 -0.721152 0.036900000000000044
vn 0.688622 -0.723824 0.043339000000000044
vn 0.694249 -0.718678 0.039002000000000044
vn 0.699838 -0.713989 0.021115000000000043
vn -0.705959 -0.707915 0.02186900000000004
vn -0.70704 -0.707046 0.013469000000000043
vn -0.706274 -0.707722 0.01750800000000004
vn -0.705845 -0.707941 0.02454700000000004
vn -0.706224 -0.707312 0.030949000000000042
vn -0.70677 -0.706626 0.03399500000000004
vn -0.706928 -0.706224 0.03873100000000004
vn -0.706953 -0.706237 0.038031000000000044
vn -0.707287 -0.706362 0.02825600000000004
vn -0.707344 -0.706286 0.028712000000000043
vn -0.70741 -0.70654 0.019286000000000043
vn -0.707417 -0.706534 0.01926400000000004
vn 0.706821 0.70736 0.006797999999999957
vn 0.706982 0.707159 0.010146999999999956
vn 0.706836 0.707298 0.010611999999999957
vn 0.705397 0.708669 0.014248999999999956
vn 0.704081 0.709989 0.013636999999999956
vn 0.699003 0.714583 0.027678999999999954
vn 0.694728 0.718551 0.03221499999999996
vn 0.691604 0.721295 0.037644999999999956
vn 0.696339 0.717058 0.030675999999999953
vn 0.692724 0.719904 0.04325299999999996
vn 0.703952 0.710146 0.012026999999999956
vn 0.707692 0.706518 0.0021779999999999564
vn 0.707399 0.706812 0.0018649999999999565
vn 0.707105 0.707107 0.0015519999999999566
vn -0.338527 0.940838 0.014967999999999943
vn -0.341978 0.939574 0.01589899999999994
vn -0.339618 0.940516 0.009437999999999943
vn -0.333109 0.942867 0.006295999999999942
vn -0.328627 0.944332 0.015518999999999943
vn -0.323528 0.946146 0.011738999999999942
vn -0.32395 0.94555 0.03149699999999994
vn -0.3209 0.94649 0.034350999999999944
vn -0.32723 0.944183 0.037923999999999944
vn -0.333797 0.942515 0.01565599999999994
vn -0.336665 0.941622 -0.0021210000000000577
vn -0.339577 0.940283 -0.02358000000000006
vn -0.339877 0.940008 -0.02948400000000006
vn -0.339805 0.939934 -0.03251600000000006
vn -0.33895 0.940532 -0.022635000000000058
vn -0.341165 0.939637 -0.026232000000000057
vn -0.321739 0.946307 0.031431999999999946
vn -0.359946 0.932882 -0.013005000000000056
vn -0.353661 0.932801 -0.06932300000000005
vn -0.291307 0.956344 -0.02338700000000006
vn 0.435382 -0.900198 -0.009280999999999944
vn 0.434561 -0.900471 -0.017570999999999944
vn 0.435144 -0.900224 -0.015684999999999946
vn 0.434195 -0.900745 -0.011519999999999945
vn 0.428368 -0.903568 -0.008110999999999945
vn 0.430964 -0.902037 -0.024488999999999945
vn 0.420501 -0.907251 -0.008623999999999944
vn 0.413557 -0.910464 0.005108000000000055
vn 0.411755 -0.911292 0.002193000000000056
vn 0.408503 -0.912668 0.012773000000000055
vn 0.404655 -0.913951 0.030782000000000056
vn 0.40464 -0.913307 0.046230000000000056
vn 0.411075 -0.911066 0.03126000000000006
vn 0.400583 -0.915506 0.03717300000000005
vn 0.419674 -0.907618 0.010130000000000056
vn 0.397949 -0.917217 -0.018715999999999944
vn 0.433036 -0.900818 0.03173700000000006
vn 0.411385 -0.910983 0.029528000000000054
vn 0.410919 -0.911299 0.026078000000000056
vn 0.417387 -0.90869 0.008464000000000055
vn -0.908073 -0.418159 0.023394000000000026
vn -0.906201 -0.42216 0.024112000000000026
vn -0.907812 -0.419171 0.013180000000000027
vn -0.910083 -0.414075 0.017047000000000024
vn -0.913674 -0.405941 0.020305000000000024
vn -0.912119 -0.409876 0.006384000000000025
vn -0.912331 -0.409352 0.009087000000000024
vn -0.912599 -0.408856 0.000704000000000025
vn -0.918099 -0.39605 0.015475000000000023
vn -0.911239 -0.411623 -0.014468999999999973
vn -0.909054 -0.415987 -0.024014999999999977
vn -0.905702 -0.423908 0.002281000000000026
vn -0.907569 -0.419788 0.009804000000000026
vn -0.907191 -0.420643 0.007984000000000026
vn -0.901923 -0.431865 0.005177000000000026
vn -0.901319 -0.43313 0.004742000000000027
vn -0.905651 -0.423978 0.006322000000000026
vn 0.007695 0.008481000000000061 0.999934
vn 0.000661 0.01322700000000006 0.999912
vn 0.006824 0.009371000000000062 0.999933
vn 0.010787 0.007170000000000062 0.999916
vn 0.01007 0.00880800000000006 0.999911
vn 0.009556 0.01205100000000006 0.999882
vn 0.010453 0.00961800000000006 0.999899
vn 0.011732 0.004427000000000062 0.999921
vn 0.258819 -0.96592 0.003280000000000059
vn 0.258819 -0.965923 0.002251000000000059
vn 0.258821 -0.965923 0.002257000000000059
vn 0.258844 -0.965909 0.004441000000000059
vn 0.258777 -0.96591 0.007194000000000059
vn 0.258745 -0.965918 0.007361000000000059
vn 0.258698 -0.965918 0.008858000000000059
vn 0.258802 -0.965891 0.008731000000000058
vn -0.587516 0.10978600000000005 0.801731
vn -0.590781 0.11173900000000006 0.799057
vn -0.587335 0.11646700000000006 0.80092
vn -0.587421 0.10356100000000006 0.802628
vn -0.588944 0.09775000000000006 0.802241
vn -0.598717 0.08843900000000006 0.796063
vn -0.602823 0.08612500000000003 0.793213
vn -0.616731 0.06842000000000004 0.784195
vn 0.576706 -0.13164499999999996 0.806275
vn 0.612557 -0.10800999999999995 0.783012
vn 0.581624 -0.14749699999999993 0.799974
vn 0.568488 -0.11976899999999994 0.813927
vn 0.579049 -0.09168499999999995 0.810121
vn 0.601633 -0.07067499999999995 0.79564
vn 0.608486 -0.06980399999999996 0.790488
vn 0.633021 -0.03671599999999995 0.773263
vn -0.687961 -0.22215299999999993 0.690911
vn -0.701339 -0.23161199999999998 0.674152
vn -0.699339 -0.19981499999999994 0.686294
vn -0.675443 -0.23072599999999993 0.700387
vn -0.66555 -0.2557189999999999 0.701178
vn -0.667434 -0.25825299999999995 0.698453
vn -0.669307 -0.2587499999999999 0.696474
vn -0.669434 -0.27393399999999996 0.69052
vn 0.682996 0.23936500000000005 0.690087
vn 0.685198 0.24804500000000004 0.684819
vn 0.684629 0.23837400000000006 0.688811
vn 0.681475 0.24474500000000005 0.689704
vn 0.681785 0.25244900000000003 0.686614
vn 0.683707 0.26120100000000007 0.68141
vn 0.685314 0.2597360000000001 0.680354
vn 0.685533 0.26761900000000005 0.67707
vn -0.643302 0.765613 -0.0002770000000000469
vn -0.642789 0.766043 9.999999999530934E-07
vn -0.642788 0.766044 -4.690666663030175E-17
vn -0.642918 0.765935 0.0003589999999999531
vn -0.643112 0.765771 0.0009019999999999532
vn -0.642341 0.766418 0.0013139999999999532
vn -0.642485 0.766298 -0.000898000000000047
vn -0.642923 0.765931 -0.0003680000000000469
vn -0.643123 0.765762 -0.0009180000000000468
vn -0.643579 0.76538 0.0004249999999999531
vn -0.642789 0.766043 9.999999999530934E-07
vn -0.642786 0.766046 -4.690678909498167E-17
vn 0.341255 -0.939971 5.755662382206684E-17
vn 0.340857 -0.940115 5.75654412790207E-17
vn 0.340542 -0.940229 0.00023300000000005757
vn 0.340857 -0.940115 5.75654412790207E-17
vn 0.340857 -0.940115 5.75654412790207E-17
vn -1E-06 -1 6.123233995736766E-17
vn -1E-06 -1 6.123233995736766E-17
vn -0 -1 1.0000000000612324E-06
vn 0 -1 6.123233995736766E-17
vn -0 -1 6.123233995736766E-17
vn 0 -1 6.123233995736766E-17
vn 0 -1 6.123233995736766E-17
vn -0.865003 0.501766 -3.072430629104854E-17
vn -0.765797 0.643083 -3.937747687680386E-17
vn -0.765797 0.643083 -1.0000000000393775E-06
vn -0.940294 0.340364 -1.0000000000208412E-06
vn -0.999999 0.001537 -1.000000000000094E-06
vn -0.98441 -0.17589 -9.999999999892297E-07
vn -0.866405 -0.499341 1.0000000000305757E-06
vn -0.763901 -0.645334 2.0000000000395153E-06
vn -0.500482 -0.865747 3.0000000000530116E-06
vn -0.339834 -0.940485 3.000000000057588E-06
vn -0.002365 -0.999997 3.000000000061232E-06
vn 0.174476 -0.984662 2.000000000060293E-06
vn 0.497241 -0.867612 2.000000000053126E-06
vn 0.643118 -0.765767 2.0000000000468895E-06
vn 0.864901 -0.501942 3.000000000030735E-06
vn 0.940525 -0.339725 3.0000000000208024E-06
vn 0.999999 -0.001051 3.0000000000000645E-06
vn 0.984517 0.175291 2.9999999999892665E-06
vn 0.940025 0.341106 2.9999999999791135E-06
vn 0.940025 0.341106 1.9999999999791133E-06
vn -0.999208 -0.038599 0.009656000000000001
vn -0.732226 0.681038 0.005601999999999959
vn -0.889989 0.455924 0.007253999999999972
vn -0.951392 -0.307806 0.01043200000000002
vn -0.573028 -0.819489 0.00874600000000005
vn -0.573452 -0.81919 0.00899200000000005
vn 0.172753 -0.984964 0.0017490000000000602
vn 0.172023 -0.985091 0.0018840000000000603
vn 0.732475 -0.680774 -0.005172999999999958
vn 0.889974 -0.455949 -0.007514999999999972
vn 0.999209 0.038599 -0.009552000000000001
vn 0.951383 0.307875 -0.009132000000000019
vn 0.679526 0.733619 -0.006841000000000045
vn 0.456366 0.88978 -0.004712000000000055
vn -0.035823 0.999358 -0.0004300000000000612
vn -0.30534 0.952242 0.0016019999999999416
vn -0.732226 0.681038 0.005601999999999959
vn -0.889989 0.455924 0.007253999999999972
vn -0.984492 -0.17543 1.074198939872101E-17
vn -0.939694 -0.342017 2.0942501215199017E-17
vn -0.939694 -0.342017 2.0942501215199017E-17
vn -0.999998 0.001816 -1.1119792936257968E-19
vn -0.94031 0.340318 -2.083846746961145E-17
vn -0.865116 0.501572 -3.0712427217096814E-17
vn -0.644174 0.764879 -4.6835330954251415E-17
vn -0.498428 0.866931 -5.30842137115807E-17
vn -0.175432 0.984492 -6.028274882930881E-17
vn 0.001817 0.999998 -6.123221749268775E-17
vn 0.340319 0.94031 -5.757738158531238E-17
vn 0.501573 0.865115 -5.2973015782218124E-17
vn 0.764879 0.644174 -3.944428135969736E-17
vn 0.866932 0.498427 -3.051985150793089E-17
vn 0.996195 0.087153 -5.336582124304464E-18
vn 0.996195 0.087153 -5.336582124304464E-18
vn 0.906306 -0.422621 2.5878072745122678E-17
vn 0.906306 -0.422621 2.5878072745122678E-17
vn 0.766042 -0.64279 3.935953580119636E-17
vn 0.766042 -0.64279 3.935953580119636E-17
vn -0.865115 0.501573 -3.071248844943677E-17
vn -0.766041 0.642791 -3.9359597033536315E-17
vn -0.766041 0.642791 -3.9359597033536315E-17
vn -0.940311 0.340317 -2.083840623727149E-17
vn -0.999998 0.001815 -1.111366970226223E-19
vn -0.984492 -0.175431 1.0742050631060967E-17
vn -0.866932 -0.498426 3.051979027559093E-17
vn -0.764878 -0.644175 3.9444342592037314E-17
vn -0.501571 -0.865116 5.297307701455808E-17
vn -0.340319 -0.94031 5.757738158531238E-17
vn -0.001818 -0.999998 6.123221749268775E-17
vn 0.17543 -0.984492 6.028274882930881E-17
vn 0.498426 -0.866932 5.3084274943920666E-17
vn 0.644174 -0.764879 -1.9999999999531645E-06
vn 0.865116 -0.501572 -3.999999999969287E-06
vn 0.94031 -0.340318 -3.999999999979161E-06
vn 0.999998 -0.001817 -1.9999999999998885E-06
vn 0.984492 0.175431 -1.0742050631060967E-17
vn 0.939693 0.342018 -2.094256244753897E-17
vn 0.939693 0.342018 -2.094256244753897E-17
vn -0 6.123233995736766E-17 1
vn -1E-06 6.123233995736766E-17 1
vn -0 6.123233995736766E-17 1
vn -0 6.123233995736766E-17 1
vn 1E-06 6.123233995736766E-17 1
vn 1E-06 6.123233995736766E-17 1
vn 0 6.123233995736766E-17 1
vn 0 6.123233995736766E-17 1
vn -1E-06 -9.999999999387675E-07 1
vn -1E-06 -9.999999999387675E-07 1
vn -0 -1.9999999999387675E-06 1
vn -0 -1.9999999999387675E-06 1
vn 0 6.123233995736766E-17 1
vn 0 6.123233995736766E-17 1
vn -2E-06 6.123233995736766E-17 1
vn -0 1.0000000000612324E-06 1
vn -0 1.0000000000612324E-06 1
vn -0 1.0000000000612324E-06 1
vn 0 -9.999999999387675E-07 1
vn 0 -9.999999999387675E-07 1
vn 0 6.123233995736766E-17 1
vn 0 6.123233995736766E-17 1
vn 0 6.123233995736766E-17 1
vn 0 6.123233995736766E-17 1
vn 0 6.123233995736766E-17 1
vn 0 6.123233995736766E-17 1
vn 0 6.123233995736766E-17 1
vn 0 6.123233995736766E-17 1
vn 0 6.123233995736766E-17 1
vn 0 6.123233995736766E-17 1
vn 0 6.123233995736766E-17 1
vn 0 6.123233995736766E-17 1
vn 0.992904 -0.1189 0.0023040000000000074
vn 0.979952 -0.199116 0.006870000000000012
vn 0.980557 -0.196206 0.0034350000000000123
vn 0.999224 -0.039397 2.4123704973004137E-18
vn 0.983944 0.178476 -1.092850310623115E-17
vn 0.948001 0.318267 -1.9488233141211533E-17
vn 0.893631 0.448802 -2.748119663754652E-17
vn 0.893631 0.448802 9.999999999725188E-07
vn -0.389543 0.921008 -2.0000000000563954E-06
vn -0.314647 0.949209 -5.8122288178593E-17
vn -0.314648 0.949208 -2.000000000058122E-06
vn -0.462403 0.88667 -2.0000000000542926E-06
vn -0.606806 0.79485 -1.0000000000486705E-06
vn -0.677304 0.735703 -4.504881620365526E-17
vn -0.613688 0.789549 -4.834593278099967E-17
vn -0.462167 0.886793 -5.430041044781394E-17
vn -0.80894 0.587891 -3.5997941569876836E-17
vn -0.870921 0.491423 -1.000000000030091E-06
vn -0.87092 0.491424 -3.0091041431209445E-17
vn -0.735279 0.677765 -4.150113689120529E-17
vn -0.562122 0.827055 -1.0000000000506426E-06
vn -0.462676 0.886527 -1.0000000000542842E-06
vn -0.248815 0.968551 -1.0000000000593067E-06
vn -0.134336 0.990936 -6.067733002799408E-17
vn 0.103488 0.994631 -6.090358352413656E-17
vn 0.226872 0.973925 -5.96357066929793E-17
vn 0.448852 0.893606 -5.471758637994349E-17
vn 0.548291 0.836287 -5.120780988592713E-17
vn 0.724343 0.68944 -4.2216024460207565E-17
vn 0.800488 0.599349 -3.669954172110835E-17
vn 0.916617 0.399767 -2.4478668847736996E-17
vn 0.956892 0.290445 -1.778462697891765E-17
vn 0.997612 0.069072 -4.229440185535298E-18
vn 0.999084 -0.042792 2.6202542914556766E-18
vn 0.96467 -0.263459 1.6132211052828126E-17
vn 0.928166 -0.372166 2.2788595032573694E-17
vn 0.880163 -0.474672 2.906527727224362E-17
vn 0.880163 -0.474672 2.906527727224362E-17
vn 0.995618 0.093512 -0.0008000000000000058
vn 0.998671 0.05148 -0.002396000000000003
vn 0.998693 0.051092 -0.001198000000000003
vn 0.990749 0.135711 -8.309902087954322E-18
vn 0.95744 -0.288634 1.7673735211254857E-17
vn 0.95744 -0.288634 1.7673735211254857E-17
vn 0.79613 0.3882959999999999 -0.464115
vn -0.123276 0.877154 -0.46411700000000006
vn 0.415847 0.782089 0.4641199999999999
vn -0.61531 0.637171 0.4641199999999999
vn -0.872317 0.15380999999999997 -0.464118
vn -0.796128 -0.38829699999999995 0.464118
vn -0.415846 -0.782091 -0.46411899999999995
vn 0.123275 -0.877153 0.46411800000000003
vn 0.61531 -0.637174 -0.46411499999999994
vn 0 -1.0000000000612324E-06 -1
vn -0.872317 0.15380999999999997 -0.464118
vn -0.123276 0.877154 -0.46411700000000006
vn 0.79613 0.3882959999999999 -0.464115
vn 0.79613 0.3882959999999999 -0.464115
vn 0.872315 -0.15381499999999998 0.46412
vn 0.79613 0.3882959999999999 -0.464115
vn 0.415847 0.782089 0.4641199999999999
vn 2E-06 6.123233995736766E-17 1
vn 0.415847 0.782089 0.4641199999999999
vn -0.796128 -0.38829699999999995 0.464118
vn -0.61531 0.637171 0.4641199999999999
vn 0.415847 0.782089 0.4641199999999999
vn 0.673548 -0.739144 4.5259516685448565E-17
vn 0.736422 -0.676522 -9.99999999958575E-07
vn 0.736422 -0.676522 4.142502509263828E-17
vn 0.639816 -0.768528 4.7058767762755856E-17
vn 0.531824 -0.846855 5.1854913254596594E-17
vn 0.423275 -0.45836399999999994 0.781499
vn 0.487803 -0.44132799999999994 0.753178
vn 0.473481 -0.43156799999999995 0.767831
vn 0.366445 -0.48014099999999993 0.796983
vn 0.318536 -0.507224 0.800787
vn 0.318535 -0.507223 0.800787
vn 0 6.123233995736766E-17 1
vn -3.3E-05 -0.00015999999999993878 1
vn -3.3E-05 -0.00015999999999993878 1
vn 0 6.123233995736766E-17 1
vn 0 6.123233995736766E-17 1
vn 0 6.123233995736766E-17 1
vn 0 6.123233995736766E-17 1
vn 0 6.123233995736766E-17 1
vn 0 6.123233995736766E-17 1
vn 0 6.123233995736766E-17 1
vn 0 6.123233995736766E-17 1
vn 0 6.123233995736766E-17 1
vn 0 6.123233995736766E-17 1
vn 0 6.123233995736766E-17 1
vn 0 6.123233995736766E-17 1
vn 0 6.123233995736766E-17 1
vn 0 6.123233995736766E-17 1
vn 0 6.123233995736766E-17 1
vn 0 6.123233995736766E-17 1
vn 0 6.123233995736766E-17 1
vn 0 6.123233995736766E-17 1
vn 0 6.123233995736766E-17 1
vn 0 6.123233995736766E-17 1
vn 0 6.123233995736766E-17 1
vn 0 6.123233995736766E-17 1
vn 0 6.123233995736766E-17 1
vn 0 6.123233995736766E-17 1
vn 0 6.123233995736766E-17 1
vn 0 6.123233995736766E-17 1
vn 0 6.123233995736766E-17 1
vn 0 6.123233995736766E-17 1
vn 0 6.123233995736766E-17 1
vn 0 6.123233995736766E-17 1
vn 0 6.123233995736766E-17 1
vn 0 6.123233995736766E-17 1
vn 0 6.123233995736766E-17 1
vn 0 6.123233995736766E-17 1
vn 0 6.123233995736766E-17 1
vn 0 6.123233995736766E-17 1
vn -3E-06 6.100000000006123E-05 1
vn -3E-06 6.100000000006123E-05 1
vn 0 6.123233995736766E-17 1
vn 0 6.123233995736766E-17 1
vn 0 6.123233995736766E-17 1
vn -0.957635 0.28732 -0.019568000000000016
vn -0.938942 0.344075 -2.0000000000210686E-06
vn -0.941407 0.336965 -0.014425000000000021
vn -0.971698 0.234393 -0.029384000000000014
vn -0.997499 0.064142 -0.029696000000000004
vn -0.99809 -0.055828 -0.026449999999999998
vn -0.991447 -0.12842 -0.023269999999999992
vn -0.997328 -0.070841 -0.017864999999999995
vn -0.994173 0.106554 -0.016346000000000006
vn -0.970847 0.239284 -0.014083000000000014
vn -0.899534 0.436578 -0.015455000000000026
vn -0.859837 0.510288 -0.01693200000000003
vn -0.745966 0.6657 -0.01944700000000004
vn -0.669123 0.742854 -0.021040000000000045
vn -0.486054 0.873658 -0.021742000000000053
vn -0.38122 0.924228 -0.021787000000000056
vn -0.182353 0.983008 -0.02103700000000006
vn -0.090274 0.995704 -0.020598000000000064
vn 0.112692 0.993444 -0.019209000000000063
vn 0.224326 0.974352 -0.01777700000000006
vn 0.444658 0.895563 -0.015694000000000055
vn 0.554267 0.832221 -0.01399300000000005
vn 0.690035 0.723665 -0.012680000000000045
vn 0.726756 0.686791 -0.012011000000000042
vn 0.760616 0.649093 -0.01187100000000004
vn 0.760825 0.648851 -0.01171000000000004
vn 0 6.123233995736766E-17 1
vn 0 6.123233995736766E-17 1
vn 0 6.123233995736766E-17 1
vn 0 6.123233995736766E-17 1
vn 0 6.123233995736766E-17 1
vn 0 6.123233995736766E-17 1
vn 0 6.123233995736766E-17 1
vn 0 6.123233995736766E-17 1
vn 0 6.123233995736766E-17 1
vn 0 6.123233995736766E-17 1
vn 0 6.123233995736766E-17 1
vn 0 6.123233995736766E-17 1
vn 0 6.123233995736766E-17 1
vn 0 6.123233995736766E-17 1
vn 0 6.123233995736766E-17 1
vn 0 6.123233995736766E-17 1
vn 0 6.123233995736766E-17 1
vn 0 6.123233995736766E-17 1
vn 0 6.123233995736766E-17 1
vn 0 6.123233995736766E-17 1
vn 0 6.123233995736766E-17 1
vn 0 6.123233995736766E-17 1
vn 0 6.123233995736766E-17 1
vn 0 6.123233995736766E-17 1
vn 0 6.123233995736766E-17 1
vn 0 6.123233995736766E-17 1
vn 0 6.123233995736766E-17 1
vn 0 6.123233995736766E-17 1
vn 0 6.123233995736766E-17 1
vn 0 6.123233995736766E-17 1
vn -0.085624 -0.996327 0.000355000000000061
vn -0.499991 -0.866017 -0.004894999999999947
vn -0.489602 -0.871939 -0.0034369999999999466
vn 0.100633 -0.994922 0.002060000000000061
vn 0.428702 -0.90343 0.005475000000000055
vn 0.591005 -0.806662 0.0030750000000000495
vn 0.87025 -0.492608 0.0015790000000000302
vn 0.874394 -0.485216 2.9710911064754107E-17
vn 1 0 0
vn 1 0 0
vn 0.866025 0.500001 -3.061623121102379E-17
vn 0.866025 0.500001 -3.061623121102379E-17
vn 0.5 0.866025 -5.3028737211579333E-17
vn 0.5 0.866025 -5.3028737211579333E-17
vn 1E-06 1 -6.123233995736766E-17
vn 1E-06 1 -6.123233995736766E-17
vn -0.420978 0.907071 -5.554207983746944E-17
vn -0.631124 0.775682 -1.0000000000474967E-06
vn -0.707114 0.7071 -4.329738758385467E-17
vn -0.707097 0.707117 -3.0000000000432987E-06
vn -0.818105 0.575069 -2.0000000000352128E-06
vn -0.907073 0.420973 -2.5777161848872935E-17
vn -1 -1E-06 6.123233995736766E-23
vn -1 -1E-06 6.123233995736766E-23
vn -0.861266 -0.50815 -0.001903999999999969
vn -0.856406 -0.516303 3.161444081700879E-17
vn -0.489602 -0.871939 -0.0034369999999999466
vn -0.499991 -0.866017 -0.004894999999999947
vn 0.984808 -0.173648 -9.999999999893672E-07
vn 0.984808 -0.173648 1.063287336891698E-17
vn 0.984808 -0.173648 1.063287336891698E-17
vn 0.984808 -0.173648 -9.999999999893672E-07
vn 0.984808 -0.173648 -9.999999999893672E-07
vn -0.90554 -0.424261 2.597849378265276E-17
vn -0.819152 -0.573576 3.512140062338711E-17
vn -0.819152 -0.573576 3.512140062338711E-17
vn -0.966394 -0.257066 1.5740752703480675E-17
vn -0.996351 0.08535 -5.2261802153613295E-18
vn -0.965455 0.26057 -1.5955310822691293E-17
vn -0.820191 0.572089 -3.5030348133870505E-17
vn -0.705823 0.708388 -4.337625483771976E-17
vn -0.424261 0.90554 -5.544833312499471E-17
vn -0.257066 0.966394 -5.917456594076036E-17
vn 0.08535 0.996351 -6.100890314886322E-17
vn 0.260571 0.965455 -5.91170687735404E-17
vn 0.57209 0.820191 -5.022221414197334E-17
vn 0.708388 0.705823 -4.3219193885729115E-17
vn 0.90554 0.424261 -2.597849378265276E-17
vn 0.966394 0.257067 -1.5740813935820632E-17
vn 0.996351 -0.085349 5.226118983021372E-18
vn 0.965455 -0.26057 1.5955310822691293E-17
vn 0.906308 -0.422618 2.5877889048102807E-17
vn 0.906308 -0.422618 2.5877889048102807E-17
vn -8E-06 2.0000000000612323E-06 1
vn -0 -9.999999999387675E-07 1
vn 1E-06 -1.9999999999387675E-06 1
vn -8E-06 2.0000000000612323E-06 1
vn -8E-06 2.0000000000612323E-06 1
vn -0.340545 -0.940228 0.00023300000000005757
vn -0.34086 -0.940114 5.756538004668074E-17
vn -0.341258 -0.93997 5.755656258972688E-17
vn -0.34086 -0.940114 5.756538004668074E-17
vn -0.34086 -0.940114 5.756538004668074E-17
vn 0.508139 0.43007399999999996 -0.746211
vn 0.381101 0.32051699999999994 -0.867197
vn 0.380813 0.32165099999999996 -0.866904
vn 0.618626 0.523001 -0.58632
vn 0.734421 0.61939 -0.27745600000000004
vn 0.757882 0.637419 -0.13896300000000003
vn 0.765307 0.643666 9.999999999605869E-07
vn 0.765304 0.64367 9.999999999605865E-07
vn -0.121563 0.25485899999999995 -0.959307
vn -0.075403 0.15807899999999994 -0.984543
vn -0.075401 0.15807799999999994 -0.984544
vn -0.166792 0.34968499999999997 -0.921901
vn -0.277185 0.581128 -0.765152
vn -0.336829 0.706174 -0.622787
vn -0.408392 0.856209 -0.31642100000000006
vn -0.42509 0.891217 -0.15820900000000004
vn -0.430512 0.902585 1.9999999999447327E-06
vn -0.430512 0.902585 1.9999999999447327E-06
vn 0.996076 -0.088501 5.419123318566995E-18
vn 0.965732 -0.259543 1.5892425209555077E-17
vn 0.965732 -0.259542 1.5892363977215117E-17
vn 0.995874 0.09075 -5.556834851131115E-18
vn 0.906822 0.421515 -2.5810349777129827E-17
vn 0.819287 0.573384 -3.51096440141153E-17
vn 0.577703 0.816247 -4.998071379318148E-17
vn 0.422683 0.906278 -5.549352259188325E-17
vn 0.089262 0.996008 -6.098790045625785E-17
vn -0.089052 0.996027 -6.098906387071704E-17
vn -0.421243 0.906948 -5.553454825965468E-17
vn -0.575168 0.818035 -5.009019721702525E-17
vn -0.707093 0.70712 -4.3298612230653816E-17
vn -0.707094 0.70712 -1.0000000000432986E-06
vn -0.996044 -0.088861 5.441166960951647E-18
vn -0.817428 -0.576031 3.527172601798245E-17
vn -0.907116 -0.420881 2.5771528473596857E-17
vn -0.99614 0.08778 -5.3749748014577334E-18
vn -0.907237 0.420621 -2.5755608065207943E-17
vn -0.817087 0.576515 -3.530136247052182E-17
vn -0.573606 0.819131 -5.015730786161853E-17
vn -0.421324 0.90691 -5.553222143073631E-17
vn -0.089734 0.995966 -6.098532869797964E-17
vn 0.089923 0.995949 -6.098428774820037E-17
vn 0.421847 0.906667 -5.551734197212666E-17
vn 0.574425 0.818557 -5.0122160498483E-17
vn 0.817886 0.575381 -3.523192499701016E-17
vn 0.907819 0.419362 -2.5678516549201618E-17
vn 0.996191 0.087194 -5.339092650242716E-18
vn 0.996069 -0.088576 5.423715744063798E-18
vn 0.907425 -0.420214 2.573068650284529E-17
vn 0.817631 -0.575743 3.525409110407473E-17
vn 0.574379 -0.818589 5.0124119933361634E-17
vn 0.421733 -0.90672 5.55205872861444E-17
vn 0.089349 -0.996 6.098741059753819E-17
vn -0.090733 -0.995875 6.097975655504352E-17
vn -0.422584 -0.906324 5.549633927952129E-17
vn -0.574744 -0.818333 5.010844445433255E-17
vn -0.817428 -0.576031 3.527172601798245E-17
vn -0.907116 -0.420881 2.5771528473596857E-17
vn 0 6.123233995736766E-17 1
vn 0 6.123233995736766E-17 1
vn 0 6.123233995736766E-17 1
vn 0 6.123233995736766E-17 1
vn -0.000171 0.00024200000000006123 1
vn 0 6.123233995736766E-17 1
vn -0.000305 -0.0004229999999999387 1
vn -0.000241 -0.0018209999999999388 0.999998
vn -0.000511 -0.0007369999999999388 1
vn -0.000274 -0.00019199999999993877 1
vn -0.000842 -0.0021129999999999387 0.999997
vn 1.6E-05 0.0004560000000000613 1
vn 0.0001 0.00044500000000006123 1
vn -0.360646 -0.36671999999999993 0.857585
vn -0.100534 -0.3965679999999999 0.912484
vn -0.319341 -0.39365399999999995 0.862008
vn -0.48737 -0.3231879999999999 0.811184
vn -0.325073 -0.20699799999999993 0.922756
vn -0.173446 -0.09920999999999995 0.979834
vn 0 6.123233995736766E-17 1
vn 0 6.123233995736766E-17 1
vn 0.599717 -0.800212 4.899885322196509E-17
vn 0.646792 -0.762667 4.669988501826572E-17
vn 0.646792 -0.762667 4.669988501826572E-17
vn 0.550284 -0.834978 5.112765675292293E-17
vn 0.403333 -0.915053 5.603083637500915E-17
vn 0.403333 -0.915053 5.603083637500915E-17
vn 0.302992 -0.952993 5.835399135299168E-17
vn 0.302992 -0.952993 5.835399135299168E-17
vn -0.535385 -0.31026999999999993 0.785554
vn -0.412073 -0.4910919999999999 0.76748
vn -0.539997 -0.36980299999999994 0.756075
vn -0.565289 -0.20574999999999993 0.798821
vn -0.519353 -0.18902999999999995 0.833391
vn -0.519354 -0.18902899999999995 0.833391
vn -0.940464 -0.339748 -0.009938999999999979
vn -0.940647 -0.339257 -0.00941599999999998
vn -0.940595 -0.339414 -0.00889699999999998
vn -0.940543 -0.339571 -0.00837699999999998
vn -0.940316 -0.34017 -0.009473999999999979
vn -0.940269 -0.340326 -0.00856199999999998
vn -0.940301 -0.340329 0.003265000000000021
vn -0.940168 -0.34067 0.005394000000000021
vn -0.940384 -0.339527 0.02000000000000002
vn -0.940792 -0.338045 0.02523400000000002
vn -0.940872 -0.337074 0.03378300000000002
vn -0.940901 -0.336913 0.03457900000000002
vn -0.940631 -0.337711 0.03411500000000002
vn -0.940729 -0.337187 0.03652800000000002
vn -0.940282 -0.339447 0.02540000000000002
vn -0.940317 -0.339561 0.022422000000000022
vn -0.940093 -0.340422 0.01837300000000002
vn -0.939673 -0.341434 0.02092300000000002
vn -0.424749 0.905303 -0.0038300000000000556
vn -0.42275 0.906246 -0.0007390000000000555
vn -0.426379 0.904537 -0.0036170000000000555
vn -0.426742 0.904347 -0.006921000000000056
vn -0.428515 0.90352 -0.005184000000000056
vn -0.429546 0.903031 -0.005074000000000056
vn -0.429627 0.902981 -0.006749000000000055
vn -0.429837 0.902882 -0.0066660000000000556
vn -0.429573 0.903013 -0.005830000000000056
vn -0.429308 0.903145 -0.004920000000000055
vn 0.914599 0.403921 -0.018875000000000024
vn 0.911651 0.409124 -0.038867000000000027
vn 0.91619 0.400574 -0.011716000000000025
vn 0.917145 0.398549 0.001993999999999976
vn 0.917883 0.39685 -0.0012000000000000242
vn 0.918265 0.395967 -0.0005120000000000243
vn 0.918014 0.39644 0.009241999999999976
vn 0.918352 0.395552 0.012978999999999975
vn 0.914818 0.403138 0.024238999999999976
vn 0.910997 0.412019 0.018007999999999975
vn 0.818013 0.574774 0.022131999999999964
vn 0.817343 0.576111 0.006839999999999964
vn 0.550003 0.835162 -0.0005280000000000512
vn 0.907485 0.420081 0.0019109999999999741
vn 0.868088 -0.496411 3.039640711057684E-17
vn 0.868088 -0.496411 3.039640711057684E-17
vn 0.763682 -0.645592 3.9531108817756905E-17
vn 0.763682 -0.645593 3.9531170050096856E-17
vn 0.552146 -0.833747 5.105227974243542E-17
vn 0.463677 -0.886005 5.4252159363927536E-17
vn 0.257 -0.966411 5.917560689053964E-17
vn 0.137186 -0.990545 6.065338818307075E-17
vn -0.108862 -0.994057 6.086843616100102E-17
vn -0.235121 -0.971966 5.951575253900282E-17
vn -0.458176 -0.888861 5.442703892684578E-17
vn -0.556191 -0.831054 5.088738105093022E-17
vn -0.726248 -0.687432 4.209306992157317E-17
vn -0.798552 -0.601926 3.6857337461178486E-17
vn -0.913955 -0.405816 2.4849063272139114E-17
vn -0.955683 -0.294399 1.8026739651109084E-17
vn -0.99726 -0.073982 4.530090974725974E-18
vn -0.999401 0.034597 -2.118455265505049E-18
vn -0.947108 0.320914 -1.9650315145078683E-17
vn -0.947108 0.320914 -1.9650315145078683E-17
vn -0.872062 0.489395 -2.996680101343595E-17
vn -0.872062 0.489396 -2.9966862245775905E-17
vn -0.439502 0.883737 0.16076899999999994
vn -0.784594 0.2856580000000001 0.550284
vn 0.525418 0.540837 0.656834
vn 0.649071 0.730349 0.21283299999999994
vn -0.784594 0.2856580000000001 0.550284
vn -0.27419 -0.658553 0.700805
vn 0.534153 -0.514775 0.670587
vn 0.822488 -0.545588 0.16077000000000002
vn 0.822307 0.14491000000000004 0.550284
vn -0.184607 -0.731087 0.656834
vn -0.196937 -0.957036 0.21283400000000005
vn 0.822307 0.14491000000000004 0.550284
vn -0.09182 0.707419 0.700804
vn -0.719977 0.17873200000000003 0.670588
vn -0.739873 -0.653255 0.16076900000000002
vn -0.072856 -0.831793 0.550284
vn -0.658397 0.36753600000000003 0.656834
vn -0.873455 0.437925 0.21283299999999997
vn -0.072856 -0.831793 0.550284
vn 0.707079 -0.09439899999999996 0.700805
vn 0.358984 0.649187 0.670587
vn 0.537823 0.827586 0.16076999999999994
vn -0.152641 0.820907 0.550284
vn 0.732791 -0.17771999999999996 0.656836
vn 0.958847 -0.187923 0.212834
vn -0.152641 0.820907 0.550284
vn -0.706524 -0.09847099999999996 0.700804
vn -0.171954 -0.721626 0.670587
vn -0.457042 0.88926 0.018126999999999945
vn -0.867887 0.421963 0.262142
vn 0.421965 0.867886 0.26214299999999996
vn 0.88926 0.457042 0.01812799999999997
vn 0.425745 0.875665 -0.22793300000000005
vn -0.875665 0.425744 -0.22793300000000002
vn -0.88926 -0.457043 0.01812700000000003
vn -0.421963 -0.867887 0.26214600000000005
vn -0.867887 0.421963 0.262142
vn -0.457042 0.88926 0.018126999999999945
vn -0.875665 0.425744 -0.22793300000000002
vn -0.425743 -0.875665 -0.22793499999999994
vn 0.457043 -0.88926 0.018128000000000054
vn 0.867886 -0.421965 0.262144
vn -0.421963 -0.867887 0.26214600000000005
vn -0.88926 -0.457043 0.01812700000000003
vn -0.425743 -0.875665 -0.22793499999999994
vn 0.875665 -0.425743 -0.22793299999999997
vn 0.88926 0.457042 0.01812799999999997
vn 0.421965 0.867886 0.26214299999999996
vn 0.867886 -0.421965 0.262144
vn 0.457043 -0.88926 0.018128000000000054
vn 0.875665 -0.425743 -0.22793299999999997
vn 0.425745 0.875665 -0.22793300000000005
vn 0.144402 -0.30274400000000007 -0.942069
vn 0.075397 -0.15808000000000005 -0.984544
vn 0.0754 -0.15808100000000005 -0.984543
vn 0.144403 -0.30274400000000007 -0.942069
vn 0.277185 -0.581129 -0.765152
vn 0.336829 -0.706176 -0.622786
vn 0.41813 -0.876626 -0.23810599999999996
vn 0.41813 -0.876626 -0.23810699999999996
vn 0.430512 -0.902585 -1.9999999999447327E-06
vn 0.430513 -0.902585 -1.9999999999447327E-06
vn -0.883737 -0.439502 0.16077100000000002
vn -0.285659 -0.784594 0.550284
vn -0.540834 0.525419 0.656836
vn -0.730348 0.649071 0.21283399999999997
vn -0.285659 -0.784594 0.550284
vn 0.658553 -0.27419199999999994 0.700805
vn 0.514779 0.53415 0.670586
vn -0.470176 0.882421 0.016364999999999946
vn -0.869545 0.422436 0.255811
vn 0.40864 0.875565 0.25767899999999994
vn 0.888141 0.45923 0.017702999999999972
vn 0.411743 0.882832 -0.22599800000000006
vn -0.87694 0.425475 -0.22348800000000002
vn -0.88938 -0.456797 0.01844000000000003
vn -0.413556 -0.872072 0.2616510000000001
vn -0.869545 0.422436 0.255811
vn -0.470176 0.882421 0.016364999999999946
vn -0.87694 0.425475 -0.22348800000000002
vn -0.417406 -0.880101 -0.22626299999999994
vn 0.465463 -0.884872 0.018606000000000057
vn 0.868681 -0.421759 0.259834
vn -0.413556 -0.872072 0.2616510000000001
vn -0.88938 -0.456797 0.01844000000000003
vn -0.417406 -0.880101 -0.22626299999999994
vn 0.876431 -0.425604 -0.22523399999999996
vn 0.888141 0.45923 0.017702999999999972
vn 0.40864 0.875565 0.25767899999999994
vn 0.868681 -0.421759 0.259834
vn 0.465463 -0.884872 0.018606000000000057
vn 0.876431 -0.425604 -0.22523399999999996
vn 0.411743 0.882832 -0.22599800000000006
vn -0.967442 0.250512 0.03605899999999999
vn -0.953585 0.301111 0.002726999999999981
vn -0.98891 0.132544 0.06699899999999999
vn -0.99335 0.087438 0.074902
vn -0.965906 -0.244904 0.08394700000000001
vn -0.961186 -0.244544 0.12775100000000003
vn -0.871256 -0.486463 0.06531400000000002
vn -0.891995 -0.452045 2.7679773116028262E-17
vn -0.992403 -0.123029 -0.00021399999999999246
vn -0.998627 -0.052378 0.0005980000000000033
vn -0.998598 -0.052939 -0.00019399999999999675
vn -0.989233 -0.146349 -0.000638999999999991
vn -0.981355 -0.192206 -0.00014199999999998825
vn -0.981473 -0.191599 4.000000000001173E-05
vn -0.98139 -0.192027 0.0005020000000000117
vn -0.968521 -0.248931 0.00010800000000001524
vn -0.895621 -0.444818 2.7237246995156368E-17
vn -0.895686 -0.444687 0.00011000000000002723
vn -0.968489 -0.249057 0.00021600000000001525
vn -0.994694 0.102874 -0.00028700000000000627
vn -0.996847 0.079342 -4.8582963168974644E-18
vn -0.979913 0.199427 -1.221138186067796E-17
vn -0.980205 0.197981 -0.0008140000000000122
vn -0.980496 0.196534 -0.001629000000000012
vn -0.151005 0.988412 0.01543599999999994
vn -0.157869 0.98746 5.499999999993954E-05
vn -0.118813 0.992887 0.00772099999999994
vn -0.105672 0.994347 0.010366999999999939
vn -0.086416 0.996259 9.1999999999939E-05
vn -0.086483 0.996253 -6.100290237954741E-17
vn -0.086262 0.996272 0.000278999999999939
vn 0.045282 0.998971 -0.002411000000000061
vn -0.163298 0.986549 -0.007345000000000061
vn -0.16021 0.987074 -0.004230000000000061
vn 0.046974 0.998896 -0.001071000000000061
vn 0.248853 0.968541 -0.0004900000000000593
vn 0.248601 0.968606 1.99999999994069E-06
vn 0 6.123233995736766E-17 1
vn 0 6.123233995736766E-17 1
vn 0 6.123233995736766E-17 1
vn 0 6.123233995736766E-17 1
vn 0 6.123233995736766E-17 1
vn 0 6.123233995736766E-17 1
vn 0 6.123233995736766E-17 1
vn 0 6.123233995736766E-17 1
vn 0 6.123233995736766E-17 1
vn 0 6.123233995736766E-17 1
vn 0 6.123233995736766E-17 1
vn 0 6.123233995736766E-17 1
vn 0 6.123233995736766E-17 1
vn 0 6.123233995736766E-17 1
vn -0.77047 -0.635587 0.04905100000000004
vn -0.779956 -0.622175 0.06758000000000004
vn -0.73096 -0.678265 0.07519600000000004
vn -0.702132 -0.710701 0.04376700000000004
vn -0.766089 -0.642712 0.005404000000000039
vn -0.48816 -0.867233 0.09801400000000006
vn -0.677481 -0.735523 0.0050410000000000454
vn -0.515167 -0.856038 0.04245200000000005
vn -0.433097 -0.901335 0.004689000000000055
vn -0.20045 -0.978303 0.05238200000000006
vn -0.176819 -0.984227 0.00573900000000006
vn -0.124804 -0.985125 0.11812000000000006
vn 0.126561 -0.991917 0.00906500000000006
vn 0.127984 -0.987928 0.08728200000000005
vn 0.133035 -0.9831 0.12576200000000007
vn 0.412039 -0.901649 0.13135000000000005
vn 0.396908 -0.916063 0.05738900000000006
vn 0.477101 -0.878799 0.009324000000000054
vn 0.68918 -0.720777 0.07423600000000004
vn 0.645123 -0.751457 0.13831000000000004
vn 0.702635 -0.711499 0.008563000000000043
vn 0.858405 -0.49084 0.14905100000000002
vn 0.889299 -0.457298 0.005188000000000028
vn 0.888277 -0.452946 0.07618100000000003
vn 0.970563 -0.22824 0.07689500000000002
vn 0.973731 -0.160998 0.16102
vn 0.995826 -0.091239 0.002553000000000006
vn 0.994818 0.074011 0.069713
vn 0.994333 0.106153 0.005769999999999994
vn 0.984138 0.07595000000000002 0.160323
vn 0.999896 -0.008197 0.011894
vn 0.993652 -0.007982999999999994 0.112218
vn 0.985985 -0.00384399999999999 0.166792
vn 0.971861 -0.173939 0.158842
vn 0.969043 -0.239478 0.06005700000000001
vn 0.960905 -0.263924 0.08369700000000001
vn 0.956553 -0.29145 0.007971000000000018
vn 0.940113 -0.340764 0.00817600000000002
vn 0.939166 -0.343463 2.103104317877737E-17
vn 0.024383 0.011402000000000061 0.999638
vn 0.005522 0.006231000000000062 0.999965
vn 0.003591 0.006021000000000062 0.999975
vn -0.003187 0.002881000000000061 0.999991
vn -0.001744 0.0013560000000000611 0.999998
vn 0.004048 0.001983000000000061 0.99999
vn -1 -2.9999999999999607E-06 0.000641
vn -0.999999 0.00015800000000000007 0.001454
vn -0.999999 -0.00031199999999999994 0.001188
vn -0.999998 -0.00030899999999999987 0.001729
vn -0.999998 -0.001405 0.001465
vn -0.999997 7.000000000000139E-06 0.002263
vn 0.460594 0.887611 0.00018099999999994566
vn 0.460802 0.887503 -5.4343885409183676E-17
vn 0.459897 0.887972 -9.600000000005438E-05
vn 0.460676 0.887568 -0.0007410000000000543
vn 0.460212 0.887809 0.0006689999999999457
vn 0.460074 0.88788 0.0006829999999999457
vn 0.460027 0.887904 0.0014229999999999456
vn 0.460117 0.887858 -3.800000000005437E-05
vn 0.459897 0.887972 -9.600000000005438E-05
vn 0.460285 0.887771 -1.0000000000543602E-06
vn 0.459409 0.888225 -0.0005520000000000544
vn 0 6.123233995736766E-17 1
vn 0 6.123233995736766E-17 1
vn 0 6.123233995736766E-17 1
vn 0 6.123233995736766E-17 1
vn 0 6.123233995736766E-17 1
vn 0 6.123233995736766E-17 1
vn 6.4E-05 -3.899999999993877E-05 1
vn -5.1E-05 0.00015600000000006123 1
vn 0 6.123233995736766E-17 1
vn -0.000191 0.00031200000000006125 1
vn -0.003271 -0.004653999999999939 0.999984
vn -0.000243 0.00045200000000006124 1
vn -0.009684 -0.01433299999999994 0.99985
vn -0.018748 -0.025985999999999936 0.999487
vn -0.010662 0.00925500000000006 0.9999
vn -0.018321 0.048328000000000065 0.998664
vn -0.027641 0.05012300000000006 0.998361
vn -0.018846 -0.020382999999999936 0.999615
vn -0.007582 -0.01295199999999994 0.999887
vn 0 6.123233995736766E-17 1
vn -0.009487 -0.016182999999999937 0.999824
vn 0 6.123233995736766E-17 1
vn 0 6.123233995736766E-17 1
vn -2E-06 -1 5.000000000061232E-06
vn -2E-06 -1 5.000000000061232E-06
vn -2E-06 -1 5.000000000061232E-06
vn -0 -1 -2.9999999999387676E-06
vn -1E-06 -1 -9.999999999387675E-07
vn -1E-06 -1 -9.999999999387675E-07
vn -1E-06 -1 -9.999999999387675E-07
vn -1E-06 -1 6.123233995736766E-17
vn -1E-06 -1 6.123233995736766E-17
vn -1E-06 -1 6.123233995736766E-17
vn -1E-06 -1 6.123233995736766E-17
vn -1E-06 -1 6.123233995736766E-17
vn -1E-06 -1 6.123233995736766E-17
vn 0.132135 -0.990926 0.02462400000000006
vn 0.155086 -0.987895 0.00349800000000006
vn 0.020658 -0.999785 0.0014940000000000613
vn -0.088847 -0.995951 0.01373000000000006
vn -0.247027 -0.969009 0.00025100000000005934
vn -0.26173 -0.965055 0.012926000000000059
vn -0.080938 -0.99614 0.03396300000000006
vn 0.067533 -0.995475 0.06685200000000005
vn -0.29089 -0.956756 -9.999999999414156E-07
vn 0 6.123233995736766E-17 1
vn 0 6.123233995736766E-17 1
vn 0 6.123233995736766E-17 1
vn 0 6.123233995736766E-17 1
vn 0 6.123233995736766E-17 1
vn 0 6.123233995736766E-17 1
vn 0 6.123233995736766E-17 1
vn 0 6.123233995736766E-17 1
vn -1E-06 6.123233995736766E-17 1
vn -0 -9.999999999387675E-07 1
vn -1E-06 6.123233995736766E-17 1
vn -0 6.123233995736766E-17 1
vn -3E-06 1.0000000000612324E-06 1
vn -3E-06 1.0000000000612324E-06 1
vn -1E-06 6.123233995736766E-17 1
vn -0 -9.999999999387675E-07 1
vn -1E-06 -9.999999999387675E-07 1
vn 0 6.123233995736766E-17 1
vn -0.81659 -0.562977 -0.12743099999999996
vn -0.845824 -0.47522 0.24237900000000004
vn -0.929838 0.338958 0.14321099999999998
vn -0.933513 0.355765 -0.04454300000000002
vn -0.28548 -0.01956199999999994 0.958185
vn -0.845824 -0.47522 0.24237900000000004
vn -0.12552 -0.907071 0.4018300000000001
vn 0.304677 -0.929716 0.20687900000000006
vn 0.692144 -0.3671539999999999 0.621397
vn 0.788266 -0.41610299999999995 0.453316
vn 0.788266 -0.41610299999999995 0.453316
vn 0.848381 0.346063 0.400611
vn 0.537638 0.572693 0.618844
vn -0.28548 -0.01956199999999994 0.958185
vn -0.172275 0.976531 0.12926299999999993
vn -0.27247 0.835431 0.4772989999999999
vn -0.28548 -0.01956199999999994 0.958185
vn -0.929838 0.338958 0.14321099999999998
vn -0.933513 0.355765 -0.04454300000000002
vn -0.28548 -0.01956199999999994 0.958185
vn -0.817932 -0.562223 0.12203800000000002
vn -0.740529 -0.46724299999999996 0.4830110000000001
vn -0.850877 0.345187 0.396048
vn -0.908035 0.358388 0.21686399999999997
vn 5E-06 2.0000000000612323E-06 1
vn -0.740529 -0.46724299999999996 0.4830110000000001
vn -0.003886 -0.898671 0.43860600000000005
vn 0.352787 -0.926708 0.12943600000000005
vn 0.841429 -0.357733 0.405
vn 0.885652 -0.410281 0.21746200000000002
vn 0.885652 -0.410281 0.21746200000000002
vn 0.926799 0.350498 0.13488899999999998
vn 0.690875 0.582473 0.42827199999999993
vn 5E-06 2.0000000000612323E-06 1
vn -0.130015 0.97949 0.15393399999999993
vn -0.12641 0.845509 0.518782
vn 5E-06 2.0000000000612323E-06 1
vn -0.850877 0.345187 0.396048
vn -0.908035 0.358388 0.21686399999999997
vn 5E-06 2.0000000000612323E-06 1
vn 0 6.123233995736766E-17 1
vn 0 6.123233995736766E-17 1
vn 0 6.123233995736766E-17 1
vn 0 6.123233995736766E-17 1
vn 0 6.123233995736766E-17 1
vn 0 6.123233995736766E-17 1
vn 0 6.123233995736766E-17 1
vn 0 6.123233995736766E-17 1
vn 0 6.123233995736766E-17 1
vn 0 6.123233995736766E-17 1
vn 0 6.123233995736766E-17 1
vn 0 6.123233995736766E-17 1
vn 0 6.123233995736766E-17 1
vn 0 6.123233995736766E-17 1
vn 0 6.123233995736766E-17 1
vn 0 6.123233995736766E-17 1
vn 0 6.123233995736766E-17 1
vn 0 6.123233995736766E-17 1
vn 0 6.123233995736766E-17 1
vn 0 6.123233995736766E-17 1
vn 0 6.123233995736766E-17 1
vn 0 6.123233995736766E-17 1
vn 0 6.123233995736766E-17 1
vn 0 6.123233995736766E-17 1
vn 0 6.123233995736766E-17 1
vn 0 6.123233995736766E-17 1
vn 0 6.123233995736766E-17 1
vn 0 6.123233995736766E-17 1
vn 0 6.123233995736766E-17 1
vn 0 6.123233995736766E-17 1
vn 0 6.123233995736766E-17 1
vn 0 6.123233995736766E-17 1
vn 0 6.123233995736766E-17 1
vn 0 6.123233995736766E-17 1
vn 0 6.123233995736766E-17 1
vn 0 6.123233995736766E-17 1
vn 0 6.123233995736766E-17 1
vn 0 6.123233995736766E-17 1
vn 0 6.123233995736766E-17 1
vn 0 6.123233995736766E-17 1
vn 0 6.123233995736766E-17 1
vn 0 6.123233995736766E-17 1
vn 0 6.123233995736766E-17 1
vn 0 6.123233995736766E-17 1
vn 0 6.123233995736766E-17 1
vn 0 6.123233995736766E-17 1
vn 0 6.123233995736766E-17 1
vn 0 6.123233995736766E-17 1
vn 0 6.123233995736766E-17 1
vn 0 6.123233995736766E-17 1
vn 0 6.123233995736766E-17 1
vn 0 6.123233995736766E-17 1
vn 0 6.123233995736766E-17 1
vn 0 6.123233995736766E-17 1
vn 0 6.123233995736766E-17 1
vn 0 6.123233995736766E-17 1
vn 0 6.123233995736766E-17 1
vn 0 6.123233995736766E-17 1
vn 0 6.123233995736766E-17 1
vn 0 6.123233995736766E-17 1
vn 0 6.123233995736766E-17 1
vn 0 6.123233995736766E-17 1
vn 0 6.123233995736766E-17 1
vn 0 6.123233995736766E-17 1
vn 0 6.123233995736766E-17 1
vn 0 6.123233995736766E-17 1
vn 0 6.123233995736766E-17 1
vn 0 6.123233995736766E-17 1
vn 0 6.123233995736766E-17 1
vn 0 6.123233995736766E-17 1
vn 0 6.123233995736766E-17 1
vn 0 6.123233995736766E-17 1
vn 0 6.123233995736766E-17 1
vn 0 6.123233995736766E-17 1
vn 0 6.123233995736766E-17 1
vn 0 6.123233995736766E-17 1
vn 0 6.123233995736766E-17 1
vn 0 6.123233995736766E-17 1
vn 0 6.123233995736766E-17 1
vn 0 6.123233995736766E-17 1
vn 0 6.123233995736766E-17 1
vn 0 6.123233995736766E-17 1
vn 0 6.123233995736766E-17 1
vn 0 6.123233995736766E-17 1
vn 0 6.123233995736766E-17 1
vn 0 6.123233995736766E-17 1
vn 0 6.123233995736766E-17 1
vn 0 6.123233995736766E-17 1
vn 0 6.123233995736766E-17 1
vn 0 6.123233995736766E-17 1
vn 0 6.123233995736766E-17 1
vn 0 6.123233995736766E-17 1
vn 0 6.123233995736766E-17 1
vn 0 6.123233995736766E-17 1
vn 0 6.123233995736766E-17 1
vn 0 6.123233995736766E-17 1
vn -0.960896 -0.248567 0.12203800000000001
vn -0.855677 -0.18578899999999998 0.483012
vn -0.681503 0.615386 0.39604799999999996
vn -0.730698 0.647341 0.21686399999999997
vn 4E-06 6.123233995736766E-17 1
vn -0.855677 -0.18578899999999998 0.483012
vn -0.311016 -0.843146 0.43860600000000005
vn 0.014557 -0.991481 0.12943600000000005
vn 0.668331 -0.623946 0.4050000000000001
vn 0.691917 -0.688448 0.21746300000000005
vn 0.691917 -0.688448 0.21746300000000005
vn 0.990784 0.012376000000000009 0.134888
vn 0.848427 0.311052 0.428273
vn 4E-06 6.123233995736766E-17 1
vn 0.212829 0.964888 0.15393399999999993
vn 0.170392 0.837753 0.518783
vn 4E-06 6.123233995736766E-17 1
vn -0.681503 0.615386 0.39604799999999996
vn -0.730698 0.647341 0.21686399999999997
vn 4E-06 6.123233995736766E-17 1
vn 0 6.123233995736766E-17 1
vn 0 6.123233995736766E-17 1
vn 0 6.123233995736766E-17 1
vn 0 6.123233995736766E-17 1
vn 0 6.123233995736766E-17 1
vn 0 6.123233995736766E-17 1
vn 0 6.123233995736766E-17 1
vn 0 6.123233995736766E-17 1
vn -0.391662 -0.913386 -0.11103099999999995
vn -0.276434 -0.927386 0.25206900000000004
vn -0.775059 -0.33516799999999997 0.535674
vn -0.876471 -0.292199 0.382646
vn 0.262675 -0.35528699999999996 0.897091
vn -0.276434 -0.927386 0.25206900000000004
vn 0.535456 -0.84456 -0.0023479999999999482
vn 0.767765 -0.564067 -0.30391599999999996
vn 0.983426 0.03588900000000001 0.177723
vn 0.996164 0.086184 -0.015134000000000005
vn 0.996164 0.086184 -0.015134000000000005
vn 0.65059 0.718956 0.24461199999999994
vn 0.419691 0.664915 0.617857
vn 0.262675 -0.35528699999999996 0.897091
vn -0.530639 0.62368 0.573973
vn -0.368627 0.39362500000000006 0.842124
vn 0.262675 -0.35528699999999996 0.897091
vn -0.775059 -0.33516799999999997 0.535674
vn -0.876471 -0.292199 0.382646
vn 0.262675 -0.35528699999999996 0.897091
vn 0 6.123233995736766E-17 1
vn 0 6.123233995736766E-17 1
vn 0 6.123233995736766E-17 1
vn 0 6.123233995736766E-17 1
vn 0 6.123233995736766E-17 1
vn 0 6.123233995736766E-17 1
vn 0 6.123233995736766E-17 1
vn 0 6.123233995736766E-17 1
vn 0 6.123233995736766E-17 1
vn 0 6.123233995736766E-17 1
vn 0 6.123233995736766E-17 1
vn 0 6.123233995736766E-17 1
vn 0 6.123233995736766E-17 1
vn 0 6.123233995736766E-17 1
vn 0 6.123233995736766E-17 1
vn 0 6.123233995736766E-17 1
vn 0 6.123233995736766E-17 1
vn 0 6.123233995736766E-17 1
vn 0 6.123233995736766E-17 1
vn 0 6.123233995736766E-17 1
vn 0 6.123233995736766E-17 1
vn 0 6.123233995736766E-17 1
vn 0 6.123233995736766E-17 1
vn 0 6.123233995736766E-17 1
vn 0 6.123233995736766E-17 1
vn 0 6.123233995736766E-17 1
vn 0 6.123233995736766E-17 1
vn 0 6.123233995736766E-17 1
vn 0 6.123233995736766E-17 1
vn 0 6.123233995736766E-17 1
vn 0 6.123233995736766E-17 1
vn 0 6.123233995736766E-17 1
vn 1E-06 -1.9999999999387675E-06 1
vn 1E-06 6.123233995736766E-17 1
vn 0 -9.999999999387675E-07 1
vn 1E-06 6.123233995736766E-17 1
vn 0 6.123233995736766E-17 1
vn 4E-06 1.0000000000612324E-06 1
vn 1E-06 6.123233995736766E-17 1
vn 1E-06 6.123233995736766E-17 1
vn 3E-06 1.0000000000612324E-06 1
vn 0 -9.999999999387675E-07 1
vn 0 6.123233995736766E-17 1
vn 0 6.123233995736766E-17 1
vn 0 6.123233995736766E-17 1
vn 0 6.123233995736766E-17 1
vn 0 6.123233995736766E-17 1
vn 0 6.123233995736766E-17 1
vn 0 6.123233995736766E-17 1
vn 0 6.123233995736766E-17 1
vn 0 6.123233995736766E-17 1
vn 0 6.123233995736766E-17 1
vn 0 6.123233995736766E-17 1
vn 0 6.123233995736766E-17 1
vn 1E-06 1 -6.123233995736766E-17
vn 1E-06 1 -6.123233995736766E-17
vn -1E-06 1 1.9999999999387675E-06
vn 1E-06 1 -6.123233995736766E-17
vn 2E-06 1 -5.000000000061232E-06
vn 1E-06 1 -6.123233995736766E-17
vn 1E-06 1 -6.123233995736766E-17
vn -2E-06 1 5.999999999938768E-06
vn 1E-06 1 1.9999999999387675E-06
vn -2E-06 1 5.999999999938768E-06
vn 0 1 1.9999999999387675E-06
vn 2E-06 1 -5.000000000061232E-06
vn -1E-06 1 -4.000000000061232E-06
vn 1E-06 1 -6.123233995736766E-17
vn -1E-06 1 -4.000000000061232E-06
vn 1E-06 1 -6.123233995736766E-17
vn 1E-06 1 -6.123233995736766E-17
vn 0 1 -6.123233995736766E-17
vn 1E-06 1 -6.123233995736766E-17
vn -0 1 -6.123233995736766E-17
vn 1E-06 1 -6.123233995736766E-17
vn 0 1 -6.123233995736766E-17
vn -0 1 -6.123233995736766E-17
vn -0 1 -6.123233995736766E-17
vn 0.027053 0.03191300000000006 0.999124
vn 0.031794 0.021519000000000062 0.999263
vn -0.003366 0.01459600000000006 0.999888
vn 0.019251 0.020011000000000063 0.999614
vn -0.018995 0.006725000000000062 0.999797
vn 0.014668 0.03145100000000006 0.999398
vn -0.031819 -0.001627999999999939 0.999492
vn 0.006976 -0.00935099999999994 0.999932
vn -0.010619 -0.0006819999999999387 0.999943
vn 0.015201 -0.00912799999999994 0.999843
vn 0.00851 -0.001040999999999939 0.999963
vn 0.025932 -0.004534999999999938 0.999654
vn 0 6.123233995736766E-17 1
vn 0 6.123233995736766E-17 1
vn 0 6.123233995736766E-17 1
vn 0 6.123233995736766E-17 1
vn 0 6.123233995736766E-17 1
vn 0 6.123233995736766E-17 1
vn 0 6.123233995736766E-17 1
vn 0 6.123233995736766E-17 1
vn 0 6.123233995736766E-17 1
vn -0.000116 -0.0007649999999999387 1
vn -0.000652 -0.002064999999999939 0.999998
vn 0.027214 0.002317000000000061 0.999627
vn -0.011587 0.01538000000000006 0.999815
vn 0.015933 0.00879400000000006 0.999834
vn -0.015221 0.026650000000000063 0.999529
vn 0.011527 0.01178300000000006 0.999864
vn -0.002859 0.017895000000000064 0.999836
vn -0.461749 -0.887011 5.4313759097924646E-17
vn -0.461749 -0.887011 5.4313759097924646E-17
vn -0.461749 -0.887011 5.4313759097924646E-17
vn -0.461749 -0.887011 5.4313759097924646E-17
vn -0.461749 -0.887011 5.4313759097924646E-17
vn -0.461749 -0.887011 -9.999999999456863E-07
vn -0.461749 -0.887011 5.4313759097924646E-17
vn -0.461749 -0.887011 -9.999999999456863E-07
vn -0.461749 -0.887011 5.4313759097924646E-17
vn 0.007088 0.010949000000000061 0.999915
vn 0.005412 0.010765000000000061 0.999928
vn 0.015183 0.005165000000000062 0.999871
vn 0.006791 0.008866000000000061 0.999938
vn -0.00303 0.01520800000000006 0.99988
vn 0.00105 0.00038300000000006124 0.999999
vn 0.003938 0.009088000000000061 0.999951
vn -0.000251 0.0008620000000000613 1
vn 0.010561 0.01491300000000006 0.999833
vn 0.012382 0.005304000000000061 0.999909
vn 0.008831 0.028471000000000062 0.999556
vn -0.019598 0.024187000000000063 0.999515
vn 0.005917 0.029859000000000063 0.999537
vn 0.008416 0.01021600000000006 0.999913
vn 0.032212 0.02559100000000006 0.999153
vn 0.010783 0.021232000000000063 0.999717
g 01
f 1/1/1 2/2/2 3/3/3
f 4/4/4 5/5/5 6/6/6
f 7/7/7 8/8/8 9/9/9
f 10/10/10 11/11/11 12/12/12
f 13/13/13 14/14/14 15/15/15
f 16/16/16 17/17/17 18/18/18
f 19/19/19 20/20/20 21/21/21
f 22/22/22 23/23/23 24/24/24
f 25/25/25 26/26/26 27/27/27
f 28/28/28 29/29/29 30/30/30
f 31/31/31 32/32/32 33/33/33
f 34/34/34 35/35/35 36/36/36
f 37/37/37 38/38/38 39/39/39
f 40/40/40 41/41/41 42/42/42
f 43/43/43 44/44/44 45/45/45
f 46/46/46 47/47/47 48/48/48
f 49/49/49 50/50/50 51/51/51
f 52/52/52 53/53/53 54/54/54
f 55/55/55 56/56/56 57/57/57
f 58/58/58 59/59/59 60/60/60
f 61/61/61 62/62/62 63/63/63
f 64/64/64 65/65/65 66/66/66
f 67/67/67 68/68/68 69/69/69
f 70/70/70 71/71/71 72/72/72
f 73/73/73 74/74/74 75/75/75
f 76/76/76 77/77/77 78/78/78
f 79/79/79 80/80/80 81/81/81
f 82/82/82 83/83/83 84/84/84
f 85/85/85 86/86/86 87/87/87
f 88/88/88 89/89/89 90/90/90
f 91/91/91 92/92/92 93/93/93
f 94/94/94 95/95/95 96/96/96
f 97/97/97 98/98/98 99/99/99
f 100/100/100 101/101/101 102/102/102
f 103/103/103 104/104/104 105/105/105
f 106/106/106 107/107/107 108/108/108
f 109/109/109 110/110/110 111/111/111
f 112/112/112 113/113/113 114/114/114
f 115/115/115 116/116/116 117/117/117
f 118/118/118 119/119/119 120/120/120
f 121/121/121 122/122/122 123/123/123
f 124/124/124 125/125/125 126/126/126
f 127/127/127 128/128/128 129/129/129
f 130/130/130 131/131/131 132/132/132
f 133/133/133 134/134/134 135/135/135
f 136/136/136 137/137/137 138/138/138
f 139/139/139 140/140/140 141/141/141
f 142/142/142 143/143/143 144/144/144
f 145/145/145 146/146/146 147/147/147
f 148/148/148 149/149/149 150/150/150
f 151/151/151 152/152/152 153/153/153
f 154/154/154 155/155/155 156/156/156
f 157/157/157 158/158/158 159/159/159
f 160/160/160 161/161/161 162/162/162
f 163/163/163 164/164/164 165/165/165
f 166/166/166 167/167/167 168/168/168
f 169/169/169 170/170/170 171/171/171
f 172/172/172 173/173/173 174/174/174
f 175/175/175 176/176/176 177/177/177
f 178/178/178 179/179/179 180/180/180
f 181/181/181 182/182/182 183/183/183
f 184/184/184 185/185/185 186/186/186
f 187/187/187 188/188/188 189/189/189
f 190/190/190 191/191/191 192/192/192
f 193/193/193 194/194/194 195/195/195
f 196/196/196 197/197/197 198/198/198
f 199/199/199 200/200/200 201/201/201
f 202/202/202 203/203/203 204/204/204
f 205/205/205 206/206/206 207/207/207
f 208/208/208 209/209/209 210/210/210
f 211/211/211 212/212/212 213/213/213
f 214/214/214 215/215/215 216/216/216
f 217/217/217 218/218/218 219/219/219
f 220/220/220 221/221/221 222/222/222
f 223/223/223 224/224/224 225/225/225
f 226/226/226 227/227/227 228/228/228
f 229/229/229 230/230/230 231/231/231
f 232/232/232 233/233/233 234/234/234
f 235/235/235 236/236/236 237/237/237
f 238/238/238 239/239/239 240/240/240
f 241/241/241 242/242/242 243/243/243
f 244/244/244 245/245/245 246/246/246
f 247/247/247 248/248/248 249/249/249
f 250/250/250 251/251/251 252/252/252
f 253/253/253 254/254/254 255/255/255
f 256/256/256 257/257/257 258/258/258
f 259/259/259 260/260/260 261/261/261
f 262/262/262 263/263/263 264/264/264
f 265/265/265 266/266/266 267/267/267
f 268/268/268 269/269/269 270/270/270
f 271/271/271 272/272/272 273/273/273
f 274/274/274 275/275/275 276/276/276
f 277/277/277 278/278/278 279/279/279
f 280/280/280 281/281/281 282/282/282
f 283/283/283 284/284/284 285/285/285
f 286/286/286 287/287/287 288/288/288
f 289/289/289 290/290/290 291/291/291
f 292/292/292 293/293/293 294/294/294
f 295/295/295 296/296/296 297/297/297
f 298/298/298 299/299/299 300/300/300
f 301/301/301 302/302/302 303/303/303
f 304/304/304 305/305/305 306/306/306
f 307/307/307 308/308/308 309/309/309
f 310/310/310 311/311/311 312/312/312
f 313/313/313 314/314/314 315/315/315
f 316/316/316 317/317/317 318/318/318
f 319/319/319 320/320/320 321/321/321
f 322/322/322 323/323/323 324/324/324
f 325/325/325 326/326/326 327/327/327
f 328/328/328 329/329/329 330/330/330
f 331/331/331 332/332/332 333/333/333
f 334/334/334 335/335/335 336/336/336
f 337/337/337 338/338/338 339/339/339
f 340/340/340 341/341/341 342/342/342
f 343/343/343 344/344/344 345/345/345
f 346/346/346 347/347/347 348/348/348
f 349/349/349 350/350/350 351/351/351
f 352/352/352 353/353/353 354/354/354
f 355/355/355 356/356/356 357/357/357
f 358/358/358 359/359/359 360/360/360
f 361/361/361 362/362/362 363/363/363
f 364/364/364 365/365/365 366/366/366
f 367/367/367 368/368/368 369/369/369
f 370/370/370 371/371/371 372/372/372
f 373/373/373 374/374/374 375/375/375
f 376/376/376 377/377/377 378/378/378
f 379/379/379 380/380/380 381/381/381
f 382/382/382 383/383/383 384/384/384
f 385/385/385 386/386/386 387/387/387
f 388/388/388 389/389/389 390/390/390
f 391/391/391 392/392/392 393/393/393
f 394/394/394 395/395/395 396/396/396
f 397/397/397 398/398/398 399/399/399
f 400/400/400 401/401/401 402/402/402
f 403/403/403 404/404/404 405/405/405
f 406/406/406 407/407/407 408/408/408
f 409/409/409 410/410/410 411/411/411
f 412/412/412 413/413/413 414/414/414
f 415/415/415 416/416/416 417/417/417
f 418/418/418 419/419/419 420/420/420
f 421/421/421 422/422/422 423/423/423
f 424/424/424 425/425/425 426/426/426
f 427/427/427 428/428/428 429/429/429
f 430/430/430 431/431/431 432/432/432
f 433/433/433 434/434/434 435/435/435
f 436/436/436 437/437/437 438/438/438
f 439/439/439 440/440/440 441/441/441
f 442/442/442 443/443/443 444/444/444
f 445/445/445 446/446/446 447/447/447
f 448/448/448 449/449/449 450/450/450
f 451/451/451 452/452/452 453/453/453
f 454/454/454 455/455/455 456/456/456
f 457/457/457 458/458/458 459/459/459
f 460/460/460 461/461/461 462/462/462
f 463/463/463 464/464/464 465/465/465
f 466/466/466 467/467/467 468/468/468
f 469/469/469 470/470/470 471/471/471
f 472/472/472 473/473/473 474/474/474
f 475/475/475 476/476/476 477/477/477
f 478/478/478 479/479/479 480/480/480
f 481/481/481 482/482/482 483/483/483
f 484/484/484 485/485/485 486/486/486
f 487/487/487 488/488/488 489/489/489
f 490/490/490 491/491/491 492/492/492
f 493/493/493 494/494/494 495/495/495
f 496/496/496 497/497/497 498/498/498
f 499/499/499 500/500/500 501/501/501
f 502/502/502 503/503/503 504/504/504
f 505/505/505 506/506/506 507/507/507
f 508/508/508 509/509/509 510/510/510
f 511/511/511 512/512/512 513/513/513
f 514/514/514 515/515/515 516/516/516
f 517/517/517 518/518/518 519/519/519
f 520/520/520 521/521/521 522/522/522
f 523/523/523 524/524/524 525/525/525
f 526/526/526 527/527/527 528/528/528
f 529/529/529 530/530/530 531/531/531
f 532/532/532 533/533/533 534/534/534
f 535/535/535 536/536/536 537/537/537
f 538/538/538 539/539/539 540/540/540
f 541/541/541 542/542/542 543/543/543
f 544/544/544 545/545/545 546/546/546
f 547/547/547 548/548/548 549/549/549
f 550/550/550 551/551/551 552/552/552
f 553/553/553 554/554/554 555/555/555
f 556/556/556 557/557/557 558/558/558
f 559/559/559 560/560/560 561/561/561
f 562/562/562 563/563/563 564/564/564
f 565/565/565 566/566/566 567/567/567
f 568/568/568 569/569/569 570/570/570
f 571/571/571 572/572/572 573/573/573
f 574/574/574 575/575/575 576/576/576
f 577/577/577 578/578/578 579/579/579
f 580/580/580 581/581/581 582/582/582
f 583/583/583 584/584/584 585/585/585
f 586/586/586 587/587/587 588/588/588
f 588/588/588 589/589/589 590/590/590
f 591/591/591 592/592/592 593/593/593
f 594/594/594 595/595/595 591/591/591
f 596/596/596 597/597/597 598/598/598
f 599/599/599 600/600/600 596/596/596
f 601/601/601 602/602/602 603/603/603
f 603/603/603 604/604/604 605/605/605
f 606/606/606 607/607/607 608/608/608
f 608/608/608 609/609/609 610/610/610
f 611/611/611 612/612/612 613/613/613
f 613/613/613 614/614/614 615/615/615
f 616/616/616 617/617/617 618/618/618
f 618/618/618 619/619/619 620/620/620
f 621/621/621 622/622/622 623/623/623
f 623/623/623 624/624/624 625/625/625
f 626/626/626 627/627/627 628/628/628
f 628/628/628 629/629/629 630/630/630
f 631/631/631 632/632/632 633/633/633
f 634/634/634 635/635/635 631/631/631
f 636/636/636 637/637/637 638/638/638
f 639/639/639 640/640/640 636/636/636
f 641/641/641 642/642/642 640/640/640
f 640/640/640 643/643/643 641/641/641
f 644/644/644 645/645/645 646/646/646
f 647/647/647 648/648/648 644/644/644
f 649/649/649 650/650/650 651/651/651
f 652/652/652 653/653/653 649/649/649
f 654/654/654 655/655/655 656/656/656
f 657/657/657 658/658/658 654/654/654
f 659/659/659 660/660/660 661/661/661
f 661/661/661 662/662/662 663/663/663
f 664/664/664 665/665/665 666/666/666
f 666/666/666 667/667/667 668/668/668
f 669/669/669 670/670/670 671/671/671
f 672/672/672 673/673/673 669/669/669
f 674/674/674 675/675/675 676/676/676
f 676/676/676 677/677/677 678/678/678
f 679/679/679 680/680/680 681/681/681
f 681/681/681 682/682/682 683/683/683
f 684/684/684 685/685/685 686/686/686
f 686/686/686 687/687/687 688/688/688
f 689/689/689 690/690/690 691/691/691
f 691/691/691 692/692/692 693/693/693
f 694/694/694 695/695/695 696/696/696
f 696/696/696 697/697/697 698/698/698
f 699/699/699 700/700/700 701/701/701
f 701/701/701 702/702/702 703/703/703
f 704/704/704 705/705/705 706/706/706
f 707/707/707 708/708/708 704/704/704
f 709/709/709 710/710/710 711/711/711
f 711/711/711 712/712/712 713/713/713
f 714/714/714 715/715/715 716/716/716
f 716/716/716 717/717/717 718/718/718
f 719/719/719 720/720/720 721/721/721
f 722/722/722 723/723/723 719/719/719
f 724/724/724 725/725/725 726/726/726
f 726/726/726 727/727/727 728/728/728
f 729/729/729 730/730/730 731/731/731
f 731/731/731 732/732/732 733/733/733
f 734/734/734 735/735/735 736/736/736
f 736/736/736 737/737/737 738/738/738
f 739/739/739 740/740/740 741/741/741
f 741/741/741 742/742/742 743/743/743
f 744/744/744 745/745/745 746/746/746
f 746/746/746 747/747/747 748/748/748
f 749/749/749 750/750/750 751/751/751
f 751/751/751 752/752/752 753/753/753
f 754/754/754 755/755/755 756/756/756
f 756/756/756 757/757/757 758/758/758
f 759/759/759 760/760/760 761/761/761
f 761/761/761 762/762/762 763/763/763
f 764/764/764 765/765/765 766/766/766
f 766/766/766 767/767/767 768/768/768
f 769/769/769 770/770/770 771/771/771
f 771/771/771 772/772/772 773/773/773
f 774/774/774 775/775/775 776/776/776
f 776/776/776 777/777/777 778/778/778
f 779/779/779 780/780/780 781/781/781
f 781/781/781 782/782/782 783/783/783
f 784/784/784 785/785/785 786/786/786
f 786/786/786 787/787/787 788/788/788
f 789/789/789 790/790/790 791/791/791
f 791/791/791 792/792/792 793/793/793
f 794/794/794 795/795/795 796/796/796
f 796/796/796 797/797/797 798/798/798
f 799/799/799 800/800/800 801/801/801
f 801/801/801 802/802/802 803/803/803
f 804/804/804 805/805/805 806/806/806
f 806/806/806 807/807/807 808/808/808
f 807/807/807 809/809/809 808/808/808
f 810/810/810 811/811/811 812/812/812
f 813/813/813 814/814/814 810/810/810
f 815/815/815 816/816/816 817/817/817
f 817/817/817 818/818/818 819/819/819
f 820/820/820 821/821/821 822/822/822
f 822/822/822 823/823/823 824/824/824
f 825/825/825 826/826/826 827/827/827
f 827/827/827 828/828/828 829/829/829
f 830/830/830 831/831/831 832/832/832
f 832/832/832 833/833/833 834/834/834
f 835/835/835 836/836/836 837/837/837
f 837/837/837 838/838/838 839/839/839
f 840/840/840 841/841/841 842/842/842
f 842/842/842 843/843/843 844/844/844
f 845/845/845 846/846/846 847/847/847
f 847/847/847 848/848/848 849/849/849
f 850/850/850 851/851/851 852/852/852
f 853/853/853 854/854/854 850/850/850
f 855/855/855 856/856/856 857/857/857
f 858/858/858 859/859/859 855/855/855
f 860/860/860 861/861/861 862/862/862
f 862/862/862 863/863/863 864/864/864
f 865/865/865 866/866/866 867/867/867
f 868/868/868 869/869/869 865/865/865
f 870/870/870 871/871/871 872/872/872
f 873/873/873 874/874/874 870/870/870
f 875/875/875 876/876/876 877/877/877
f 877/877/877 878/878/878 879/879/879
f 880/880/880 878/878/878 881/881/881
f 881/881/881 882/882/882 880/880/880
f 883/883/883 884/884/884 885/885/885
f 885/885/885 886/886/886 887/887/887
f 888/888/888 889/889/889 890/890/890
f 890/890/890 891/891/891 892/892/892
f 893/893/893 894/894/894 895/895/895
f 895/895/895 896/896/896 897/897/897
f 898/898/898 899/899/899 900/900/900
f 900/900/900 901/901/901 902/902/902
f 903/903/903 902/902/902 901/901/901
f 901/901/901 904/904/904 903/903/903
f 905/905/905 903/903/903 904/904/904
f 904/904/904 906/906/906 905/905/905
f 907/907/907 905/905/905 906/906/906
f 906/906/906 908/908/908 907/907/907
f 909/909/909 901/901/901 910/910/910
f 910/910/910 911/911/911 909/909/909
f 912/912/912 913/913/913 914/914/914
f 914/914/914 915/915/915 916/916/916
f 917/917/917 918/918/918 919/919/919
f 919/919/919 920/920/920 921/921/921
f 922/922/922 923/923/923 924/924/924
f 924/924/924 925/925/925 926/926/926
f 927/927/927 928/928/928 929/929/929
f 929/929/929 930/930/930 931/931/931
f 932/932/932 933/933/933 934/934/934
f 934/934/934 935/935/935 936/936/936
f 937/937/937 938/938/938 939/939/939
f 939/939/939 940/940/940 941/941/941
f 942/942/942 943/943/943 944/944/944
f 944/944/944 945/945/945 946/946/946
f 945/945/945 947/947/947 946/946/946
f 948/948/948 949/949/949 950/950/950
f 950/950/950 951/951/951 952/952/952
f 953/953/953 954/954/954 955/955/955
f 955/955/955 956/956/956 957/957/957
f 958/958/958 959/959/959 960/960/960
f 960/960/960 961/961/961 962/962/962
f 963/963/963 964/964/964 965/965/965
f 965/965/965 966/966/966 967/967/967
f 968/968/968 969/969/969 970/970/970
f 970/970/970 971/971/971 972/972/972
f 973/973/973 974/974/974 975/975/975
f 975/975/975 976/976/976 977/977/977
f 978/978/978 979/979/979 980/980/980
f 980/980/980 981/981/981 982/982/982
f 983/983/983 984/984/984 985/985/985
f 985/985/985 986/986/986 987/987/987
f 988/988/988 989/989/989 990/990/990
f 991/991/991 990/990/990 992/992/992
f 993/993/993 992/992/992 994/994/994
f 995/995/995 994/994/994 996/996/996
f 997/997/997 996/996/996 998/998/998
f 999/999/999 998/998/998 1000/1000/1000
f 1001/1001/1001 1002/1002/1002 1003/1003/1003
f 1003/1003/1003 1004/1004/1004 1005/1005/1005
f 1006/1006/1006 1007/1007/1007 1008/1008/1008
f 1008/1008/1008 1009/1009/1009 1010/1010/1010
f 1011/1011/1011 1012/1012/1012 1013/1013/1013
f 1013/1013/1013 1014/1014/1014 1015/1015/1015
f 1016/1016/1016 1017/1017/1017 1018/1018/1018
f 1019/1019/1019 1020/1020/1020 1016/1016/1016
f 1021/1021/1021 1022/1022/1022 1023/1023/1023
f 1023/1023/1023 1024/1024/1024 1025/1025/1025
f 1026/1026/1026 1027/1027/1027 1028/1028/1028
f 1028/1028/1028 1029/1029/1029 1030/1030/1030
f 1031/1031/1031 1032/1032/1032 1033/1033/1033
f 1033/1033/1033 1034/1034/1034 1035/1035/1035
f 1036/1036/1036 1037/1037/1037 1038/1038/1038
f 1038/1038/1038 1039/1039/1039 1040/1040/1040
f 1041/1041/1041 1042/1042/1042 1043/1043/1043
f 1043/1043/1043 1044/1044/1044 1045/1045/1045
f 1046/1046/1046 1047/1047/1047 1048/1048/1048
f 1048/1048/1048 1049/1049/1049 1050/1050/1050
f 1051/1051/1051 1052/1052/1052 1053/1053/1053
f 1053/1053/1053 1054/1054/1054 1055/1055/1055
f 1056/1056/1056 1057/1057/1057 1058/1058/1058
f 1058/1058/1058 1059/1059/1059 1060/1060/1060
f 1061/1061/1061 1062/1062/1062 1063/1063/1063
f 1063/1063/1063 1064/1064/1064 1065/1065/1065
f 1066/1066/1066 1067/1067/1067 1068/1068/1068
f 1068/1068/1068 1069/1069/1069 1070/1070/1070
f 1071/1071/1071 1072/1072/1072 1073/1073/1073
f 1073/1073/1073 1074/1074/1074 1075/1075/1075
f 1076/1076/1076 1077/1077/1077 1078/1078/1078
f 1079/1079/1079 1080/1080/1080 1076/1076/1076
f 1081/1081/1081 1082/1082/1082 1083/1083/1083
f 1083/1083/1083 1084/1084/1084 1085/1085/1085
f 1086/1086/1086 1087/1087/1087 1088/1088/1088
f 1088/1088/1088 1089/1089/1089 1090/1090/1090
f 1091/1091/1091 1092/1092/1092 1093/1093/1093
f 1094/1094/1094 1095/1095/1095 1091/1091/1091
f 1096/1096/1096 1097/1097/1097 1098/1098/1098
f 1098/1098/1098 1099/1099/1099 1100/1100/1100
f 1101/1101/1101 1102/1102/1102 1103/1103/1103
f 1103/1103/1103 1104/1104/1104 1105/1105/1105
f 1106/1106/1106 1107/1107/1107 1108/1108/1108
f 1108/1108/1108 1109/1109/1109 1110/1110/1110
f 1111/1111/1111 1112/1112/1112 1113/1113/1113
f 1113/1113/1113 1114/1114/1114 1115/1115/1115
f 1116/1116/1116 1117/1117/1117 1118/1118/1118
f 1119/1119/1119 1120/1120/1120 1116/1116/1116
f 1120/1120/1120 1119/1119/1119 1121/1121/1121
f 1122/1122/1122 1123/1123/1123 1120/1120/1120
f 1124/1124/1124 1125/1125/1125 1126/1126/1126
f 1126/1126/1126 1127/1127/1127 1128/1128/1128
f 1129/1129/1129 1130/1130/1130 1131/1131/1131
f 1131/1131/1131 1132/1132/1132 1133/1133/1133
f 1134/1134/1134 1135/1135/1135 1136/1136/1136
f 1137/1137/1137 1138/1138/1138 1134/1134/1134
f 1139/1139/1139 1140/1140/1140 1141/1141/1141
f 1141/1141/1141 1142/1142/1142 1143/1143/1143
f 1144/1144/1144 1145/1145/1145 1146/1146/1146
f 1146/1146/1146 1147/1147/1147 1148/1148/1148
f 1149/1149/1149 1150/1150/1150 1151/1151/1151
f 1152/1152/1152 1153/1153/1153 1150/1150/1150
f 1152/1152/1152 1154/1154/1154 1153/1153/1153
f 1152/1152/1152 1155/1155/1155 1154/1154/1154
f 1152/1152/1152 1156/1156/1156 1155/1155/1155
f 1152/1152/1152 1157/1157/1157 1156/1156/1156
f 1158/1158/1158 1159/1159/1159 1160/1160/1160
f 1161/1161/1161 1158/1158/1158 1162/1162/1162
f 1158/1158/1158 1163/1163/1163 1162/1162/1162
f 1163/1163/1163 1164/1164/1164 1162/1162/1162
f 1165/1165/1165 1166/1166/1166 1167/1167/1167
f 1167/1167/1167 1168/1168/1168 1165/1165/1165
f 1169/1169/1169 1170/1170/1170 1171/1171/1171
f 1171/1171/1171 1172/1172/1172 1169/1169/1169
f 1173/1173/1173 1174/1174/1174 1175/1175/1175
f 1175/1175/1175 1176/1176/1176 1173/1173/1173
f 1177/1177/1177 1178/1178/1178 1179/1179/1179
f 1179/1179/1179 1180/1180/1180 1177/1177/1177
f 1181/1181/1181 1182/1182/1182 1183/1183/1183
f 1183/1183/1183 1184/1184/1184 1181/1181/1181
f 1185/1185/1185 1186/1186/1186 1187/1187/1187
f 1187/1187/1187 1188/1188/1188 1185/1185/1185
f 1189/1189/1189 1190/1190/1190 1191/1191/1191
f 1191/1191/1191 1192/1192/1192 1189/1189/1189
f 1193/1193/1193 1194/1194/1194 1195/1195/1195
f 1195/1195/1195 1196/1196/1196 1193/1193/1193
f 1197/1197/1197 1198/1198/1198 1199/1199/1199
f 1199/1199/1199 1200/1200/1200 1197/1197/1197
f 1201/1201/1201 1202/1202/1202 1203/1203/1203
f 1203/1203/1203 1204/1204/1204 1201/1201/1201
f 1205/1205/1205 1206/1206/1206 1207/1207/1207
f 1207/1207/1207 1208/1208/1208 1205/1205/1205
f 1209/1209/1209 1210/1210/1210 1211/1211/1211
f 1211/1211/1211 1212/1212/1212 1209/1209/1209
f 1213/1213/1213 1214/1214/1214 1215/1215/1215
f 1215/1215/1215 1216/1216/1216 1213/1213/1213
f 1217/1217/1217 1218/1218/1218 1219/1219/1219
f 1219/1219/1219 1220/1220/1220 1217/1217/1217
f 1221/1221/1221 1222/1222/1222 1223/1223/1223
f 1223/1223/1223 1224/1224/1224 1221/1221/1221
f 1225/1225/1225 1226/1226/1226 1227/1227/1227
f 1227/1227/1227 1228/1228/1228 1225/1225/1225
f 1229/1229/1229 1230/1230/1230 1231/1231/1231
f 1231/1231/1231 1232/1232/1232 1229/1229/1229
f 1233/1233/1233 1234/1234/1234 1235/1235/1235
f 1235/1235/1235 1236/1236/1236 1233/1233/1233
f 1237/1237/1237 1238/1238/1238 1239/1239/1239
f 1239/1239/1239 1240/1240/1240 1237/1237/1237
f 1241/1241/1241 1242/1242/1242 1243/1243/1243
f 1243/1243/1243 1244/1244/1244 1241/1241/1241
f 1245/1245/1245 1246/1246/1246 1247/1247/1247
f 1247/1247/1247 1248/1248/1248 1245/1245/1245
f 1249/1249/1249 1250/1250/1250 1251/1251/1251
f 1251/1251/1251 1252/1252/1252 1249/1249/1249
f 1253/1253/1253 1254/1254/1254 1255/1255/1255
f 1255/1255/1255 1256/1256/1256 1253/1253/1253
f 1257/1257/1257 1258/1258/1258 1259/1259/1259
f 1259/1259/1259 1260/1260/1260 1257/1257/1257
f 1261/1261/1261 1262/1262/1262 1263/1263/1263
f 1263/1263/1263 1264/1264/1264 1261/1261/1261
f 1265/1265/1265 1266/1266/1266 1267/1267/1267
f 1267/1267/1267 1268/1268/1268 1265/1265/1265
f 1269/1269/1269 1270/1270/1270 1271/1271/1271
f 1271/1271/1271 1272/1272/1272 1269/1269/1269
f 1273/1273/1273 1274/1274/1274 1275/1275/1275
f 1275/1275/1275 1276/1276/1276 1273/1273/1273
f 1277/1277/1277 1278/1278/1278 1279/1279/1279
f 1279/1279/1279 1280/1280/1280 1277/1277/1277
f 1281/1281/1281 1282/1282/1282 1283/1283/1283
f 1283/1283/1283 1284/1284/1284 1281/1281/1281
f 1285/1285/1285 1286/1286/1286 1287/1287/1287
f 1287/1287/1287 1288/1288/1288 1285/1285/1285
f 1289/1289/1289 1290/1290/1290 1291/1291/1291
f 1291/1291/1291 1292/1292/1292 1289/1289/1289
f 1293/1293/1293 1294/1294/1294 1295/1295/1295
f 1295/1295/1295 1296/1296/1296 1293/1293/1293
f 1297/1297/1297 1298/1298/1298 1299/1299/1299
f 1299/1299/1299 1300/1300/1300 1297/1297/1297
f 1301/1301/1301 1302/1302/1302 1303/1303/1303
f 1303/1303/1303 1304/1304/1304 1301/1301/1301
f 1305/1305/1305 1306/1306/1306 1307/1307/1307
f 1307/1307/1307 1308/1308/1308 1305/1305/1305
f 1309/1309/1309 1310/1310/1310 1311/1311/1311
f 1311/1311/1311 1312/1312/1312 1309/1309/1309
f 1313/1313/1313 1314/1314/1314 1315/1315/1315
f 1315/1315/1315 1316/1316/1316 1313/1313/1313
f 1317/1317/1317 1318/1318/1318 1319/1319/1319
f 1319/1319/1319 1320/1320/1320 1317/1317/1317
f 1321/1321/1321 1322/1322/1322 1323/1323/1323
f 1323/1323/1323 1324/1324/1324 1321/1321/1321
f 1325/1325/1325 1326/1326/1326 1327/1327/1327
f 1327/1327/1327 1328/1328/1328 1325/1325/1325
f 1329/1329/1329 1330/1330/1330 1331/1331/1331
f 1331/1331/1331 1332/1332/1332 1329/1329/1329
f 1333/1333/1333 1334/1334/1334 1335/1335/1335
f 1335/1335/1335 1336/1336/1336 1333/1333/1333
f 1337/1337/1337 1338/1338/1338 1339/1339/1339
f 1339/1339/1339 1340/1340/1340 1337/1337/1337
f 1341/1341/1341 1342/1342/1342 1343/1343/1343
f 1343/1343/1343 1344/1344/1344 1341/1341/1341
f 1345/1345/1345 1346/1346/1346 1347/1347/1347
f 1347/1347/1347 1348/1348/1348 1345/1345/1345
f 1349/1349/1349 1350/1350/1350 1351/1351/1351
f 1351/1351/1351 1352/1352/1352 1349/1349/1349
f 1353/1353/1353 1354/1354/1354 1355/1355/1355
f 1355/1355/1355 1356/1356/1356 1353/1353/1353
f 1357/1357/1357 1358/1358/1358 1359/1359/1359
f 1359/1359/1359 1360/1360/1360 1357/1357/1357
f 1361/1361/1361 1362/1362/1362 1363/1363/1363
f 1363/1363/1363 1364/1364/1364 1361/1361/1361
f 1365/1365/1365 1366/1366/1366 1367/1367/1367
f 1367/1367/1367 1368/1368/1368 1365/1365/1365
f 1369/1369/1369 1370/1370/1370 1371/1371/1371
f 1371/1371/1371 1372/1372/1372 1369/1369/1369
f 1373/1373/1373 1374/1374/1374 1375/1375/1375
f 1375/1375/1375 1376/1376/1376 1373/1373/1373
f 1377/1377/1377 1378/1378/1378 1379/1379/1379
f 1379/1379/1379 1380/1380/1380 1377/1377/1377
f 1381/1381/1381 1382/1382/1382 1383/1383/1383
f 1383/1383/1383 1384/1384/1384 1381/1381/1381
f 1385/1385/1385 1386/1386/1386 1387/1387/1387
f 1387/1387/1387 1388/1388/1388 1385/1385/1385
f 1389/1389/1389 1390/1390/1390 1391/1391/1391
f 1391/1391/1391 1392/1392/1392 1389/1389/1389
f 1393/1393/1393 1394/1394/1394 1395/1395/1395
f 1395/1395/1395 1396/1396/1396 1393/1393/1393
f 1397/1397/1397 1398/1398/1398 1399/1399/1399
f 1399/1399/1399 1400/1400/1400 1397/1397/1397
f 1401/1401/1401 1402/1402/1402 1403/1403/1403
f 1403/1403/1403 1404/1404/1404 1401/1401/1401
f 1405/1405/1405 1406/1406/1406 1407/1407/1407
f 1407/1407/1407 1408/1408/1408 1405/1405/1405
f 1409/1409/1409 1410/1410/1410 1411/1411/1411
f 1411/1411/1411 1412/1412/1412 1409/1409/1409
f 1413/1413/1413 1414/1414/1414 1415/1415/1415
f 1415/1415/1415 1416/1416/1416 1413/1413/1413
f 1417/1417/1417 1418/1418/1418 1419/1419/1419
f 1419/1419/1419 1420/1420/1420 1417/1417/1417
f 1421/1421/1421 1422/1422/1422 1423/1423/1423
f 1423/1423/1423 1424/1424/1424 1421/1421/1421
f 1425/1425/1425 1426/1426/1426 1427/1427/1427
f 1427/1427/1427 1428/1428/1428 1425/1425/1425
f 1429/1429/1429 1430/1430/1430 1431/1431/1431
f 1431/1431/1431 1432/1432/1432 1429/1429/1429
f 1433/1433/1433 1434/1434/1434 1435/1435/1435
f 1435/1435/1435 1436/1436/1436 1433/1433/1433
f 1437/1437/1437 1438/1438/1438 1439/1439/1439
f 1439/1439/1439 1440/1440/1440 1437/1437/1437
f 1441/1441/1441 1442/1442/1442 1443/1443/1443
f 1443/1443/1443 1444/1444/1444 1441/1441/1441
f 1445/1445/1445 1446/1446/1446 1447/1447/1447
f 1447/1447/1447 1448/1448/1448 1445/1445/1445
f 1449/1449/1449 1450/1450/1450 1451/1451/1451
f 1451/1451/1451 1452/1452/1452 1449/1449/1449
f 1453/1453/1453 1454/1454/1454 1455/1455/1455
f 1455/1455/1455 1456/1456/1456 1453/1453/1453
f 1457/1457/1457 1458/1458/1458 1459/1459/1459
f 1459/1459/1459 1460/1460/1460 1457/1457/1457
f 1461/1461/1461 1462/1462/1462 1463/1463/1463
f 1463/1463/1463 1464/1464/1464 1461/1461/1461
f 1465/1465/1465 1466/1466/1466 1467/1467/1467
f 1467/1467/1467 1468/1468/1468 1465/1465/1465
f 1469/1469/1469 1470/1470/1470 1471/1471/1471
f 1471/1471/1471 1472/1472/1472 1469/1469/1469
f 1473/1473/1473 1474/1474/1474 1475/1475/1475
f 1475/1475/1475 1476/1476/1476 1473/1473/1473
f 1477/1477/1477 1478/1478/1478 1479/1479/1479
f 1479/1479/1479 1480/1480/1480 1477/1477/1477
f 1481/1481/1481 1482/1482/1482 1483/1483/1483
f 1483/1483/1483 1484/1484/1484 1481/1481/1481
f 1485/1485/1485 1486/1486/1486 1487/1487/1487
f 1487/1487/1487 1488/1488/1488 1485/1485/1485
f 1489/1489/1489 1490/1490/1490 1491/1491/1491
f 1491/1491/1491 1492/1492/1492 1489/1489/1489
f 1493/1493/1493 1494/1494/1494 1495/1495/1495
f 1495/1495/1495 1496/1496/1496 1493/1493/1493
f 1497/1497/1497 1498/1498/1498 1499/1499/1499
f 1499/1499/1499 1500/1500/1500 1497/1497/1497
f 1501/1501/1501 1502/1502/1502 1503/1503/1503
f 1503/1503/1503 1504/1504/1504 1501/1501/1501
f 1505/1505/1505 1506/1506/1506 1507/1507/1507
f 1507/1507/1507 1508/1508/1508 1505/1505/1505
f 1509/1509/1509 1510/1510/1510 1511/1511/1511
f 1511/1511/1511 1512/1512/1512 1509/1509/1509
f 1513/1513/1513 1514/1514/1514 1515/1515/1515
f 1515/1515/1515 1516/1516/1516 1513/1513/1513
f 1517/1517/1517 1518/1518/1518 1519/1519/1519
f 1519/1519/1519 1520/1520/1520 1517/1517/1517
f 1521/1521/1521 1522/1522/1522 1523/1523/1523
f 1523/1523/1523 1524/1524/1524 1521/1521/1521
f 1525/1525/1525 1526/1526/1526 1527/1527/1527
f 1527/1527/1527 1528/1528/1528 1525/1525/1525
f 1529/1529/1529 1530/1530/1530 1531/1531/1531
f 1531/1531/1531 1532/1532/1532 1529/1529/1529
f 1533/1533/1533 1534/1534/1534 1535/1535/1535
f 1535/1535/1535 1536/1536/1536 1533/1533/1533
f 1537/1537/1537 1538/1538/1538 1539/1539/1539
f 1539/1539/1539 1540/1540/1540 1537/1537/1537
f 1541/1541/1541 1542/1542/1542 1543/1543/1543
f 1543/1543/1543 1544/1544/1544 1541/1541/1541
f 1545/1545/1545 1546/1546/1546 1547/1547/1547
f 1546/1546/1546 1545/1545/1545 1548/1548/1548
f 1549/1549/1549 1550/1550/1550 1551/1551/1551
f 1552/1552/1552 1551/1551/1551 1550/1550/1550
f 1553/1553/1553 1554/1554/1554 1555/1555/1555
f 1555/1555/1555 1556/1556/1556 1553/1553/1553
f 1557/1557/1557 1558/1558/1558 1556/1556/1556
f 1556/1556/1556 1559/1559/1559 1557/1557/1557
f 1560/1560/1560 1561/1561/1561 1559/1559/1559
f 1559/1559/1559 1562/1562/1562 1560/1560/1560
f 1563/1563/1563 1564/1564/1564 1562/1562/1562
f 1562/1562/1562 1565/1565/1565 1563/1563/1563
f 1566/1566/1566 1567/1567/1567 1565/1565/1565
f 1565/1565/1565 1568/1568/1568 1566/1566/1566
f 1569/1569/1569 1570/1570/1570 1568/1568/1568
f 1568/1568/1568 1571/1571/1571 1569/1569/1569
f 1572/1572/1572 1573/1573/1573 1571/1571/1571
f 1571/1571/1571 1574/1574/1574 1572/1572/1572
f 1575/1575/1575 1576/1576/1576 1574/1574/1574
f 1574/1574/1574 1577/1577/1577 1575/1575/1575
f 1578/1578/1578 1579/1579/1579 1577/1577/1577
f 1577/1577/1577 1580/1580/1580 1578/1578/1578
f 1581/1581/1581 1582/1582/1582 1583/1583/1583
f 1583/1583/1583 1584/1584/1584 1581/1581/1581
f 1585/1585/1585 1586/1586/1586 1587/1587/1587
f 1587/1587/1587 1588/1588/1588 1585/1585/1585
f 1589/1589/1589 1590/1590/1590 1591/1591/1591
f 1591/1591/1591 1592/1592/1592 1589/1589/1589
f 1593/1593/1593 1594/1594/1594 1592/1592/1592
f 1592/1592/1592 1595/1595/1595 1593/1593/1593
f 1596/1596/1596 1597/1597/1597 1595/1595/1595
f 1595/1595/1595 1598/1598/1598 1596/1596/1596
f 1599/1599/1599 1600/1600/1600 1598/1598/1598
f 1598/1598/1598 1601/1601/1601 1599/1599/1599
f 1602/1602/1602 1603/1603/1603 1601/1601/1601
f 1601/1601/1601 1604/1604/1604 1602/1602/1602
f 1605/1605/1605 1606/1606/1606 1604/1604/1604
f 1604/1604/1604 1607/1607/1607 1605/1605/1605
f 1608/1608/1608 1609/1609/1609 1607/1607/1607
f 1607/1607/1607 1610/1610/1610 1608/1608/1608
f 1611/1611/1611 1612/1612/1612 1610/1610/1610
f 1610/1610/1610 1613/1613/1613 1611/1611/1611
f 1614/1614/1614 1615/1615/1615 1616/1616/1616
f 1616/1616/1616 1617/1617/1617 1614/1614/1614
f 1618/1618/1618 1619/1619/1619 1617/1617/1617
f 1617/1617/1617 1620/1620/1620 1618/1618/1618
f 1621/1621/1621 1622/1622/1622 1620/1620/1620
f 1620/1620/1620 1623/1623/1623 1621/1621/1621
f 1624/1624/1624 1625/1625/1625 1623/1623/1623
f 1623/1623/1623 1626/1626/1626 1624/1624/1624
f 1627/1627/1627 1626/1626/1626 1628/1628/1628
f 1628/1628/1628 1629/1629/1629 1627/1627/1627
f 1630/1630/1630 1631/1631/1631 1628/1628/1628
f 1628/1628/1628 1632/1632/1632 1630/1630/1630
f 1633/1633/1633 1634/1634/1634 1632/1632/1632
f 1632/1632/1632 1635/1635/1635 1633/1633/1633
f 1636/1636/1636 1637/1637/1637 1635/1635/1635
f 1635/1635/1635 1638/1638/1638 1636/1636/1636
f 1639/1639/1639 1640/1640/1640 1641/1641/1641
f 1641/1641/1641 1642/1642/1642 1639/1639/1639
f 1643/1643/1643 1644/1644/1644 1642/1642/1642
f 1642/1642/1642 1645/1645/1645 1643/1643/1643
f 1646/1646/1646 1647/1647/1647 1645/1645/1645
f 1645/1645/1645 1648/1648/1648 1646/1646/1646
f 1649/1649/1649 1650/1650/1650 1648/1648/1648
f 1648/1648/1648 1651/1651/1651 1649/1649/1649
f 1652/1652/1652 1651/1651/1651 1653/1653/1653
f 1653/1653/1653 1654/1654/1654 1652/1652/1652
f 1655/1655/1655 1656/1656/1656 1653/1653/1653
f 1653/1653/1653 1657/1657/1657 1655/1655/1655
f 1658/1658/1658 1659/1659/1659 1657/1657/1657
f 1657/1657/1657 1660/1660/1660 1658/1658/1658
f 1661/1661/1661 1662/1662/1662 1660/1660/1660
f 1660/1660/1660 1663/1663/1663 1661/1661/1661
f 1664/1664/1664 1665/1665/1665 1666/1666/1666
f 1666/1666/1666 1667/1667/1667 1664/1664/1664
f 1668/1668/1668 1669/1669/1669 1667/1667/1667
f 1667/1667/1667 1670/1670/1670 1668/1668/1668
f 1671/1671/1671 1672/1672/1672 1670/1670/1670
f 1670/1670/1670 1673/1673/1673 1671/1671/1671
f 1674/1674/1674 1675/1675/1675 1673/1673/1673
f 1673/1673/1673 1676/1676/1676 1674/1674/1674
f 1677/1677/1677 1676/1676/1676 1678/1678/1678
f 1678/1678/1678 1679/1679/1679 1677/1677/1677
f 1680/1680/1680 1681/1681/1681 1678/1678/1678
f 1678/1678/1678 1682/1682/1682 1680/1680/1680
f 1683/1683/1683 1684/1684/1684 1682/1682/1682
f 1682/1682/1682 1685/1685/1685 1683/1683/1683
f 1686/1686/1686 1687/1687/1687 1685/1685/1685
f 1685/1685/1685 1688/1688/1688 1686/1686/1686
f 1689/1689/1689 1690/1690/1690 1691/1691/1691
f 1691/1691/1691 1692/1692/1692 1689/1689/1689
f 1693/1693/1693 1694/1694/1694 1695/1695/1695
f 1695/1695/1695 1696/1696/1696 1693/1693/1693
f 1697/1697/1697 1698/1698/1698 1699/1699/1699
f 1699/1699/1699 1700/1700/1700 1697/1697/1697
f 1701/1701/1701 1702/1702/1702 1703/1703/1703
f 1703/1703/1703 1704/1704/1704 1701/1701/1701
f 1705/1705/1705 1706/1706/1706 1707/1707/1707
f 1707/1707/1707 1708/1708/1708 1705/1705/1705
f 1709/1709/1709 1710/1710/1710 1711/1711/1711
f 1711/1711/1711 1712/1712/1712 1709/1709/1709
f 1713/1713/1713 1714/1714/1714 1715/1715/1715
f 1715/1715/1715 1716/1716/1716 1713/1713/1713
f 1717/1717/1717 1718/1718/1718 1719/1719/1719
f 1719/1719/1719 1720/1720/1720 1717/1717/1717
f 1721/1721/1721 1722/1722/1722 1723/1723/1723
f 1723/1723/1723 1724/1724/1724 1721/1721/1721
f 1725/1725/1725 1726/1726/1726 1727/1727/1727
f 1727/1727/1727 1728/1728/1728 1725/1725/1725
f 1729/1729/1729 1730/1730/1730 1731/1731/1731
f 1731/1731/1731 1732/1732/1732 1729/1729/1729
f 1733/1733/1733 1734/1734/1734 1735/1735/1735
f 1735/1735/1735 1736/1736/1736 1733/1733/1733
f 1737/1737/1737 1738/1738/1738 1739/1739/1739
f 1739/1739/1739 1740/1740/1740 1737/1737/1737
f 1741/1741/1741 1742/1742/1742 1743/1743/1743
f 1743/1743/1743 1744/1744/1744 1741/1741/1741
f 1745/1745/1745 1746/1746/1746 1747/1747/1747
f 1747/1747/1747 1748/1748/1748 1745/1745/1745
f 1749/1749/1749 1750/1750/1750 1751/1751/1751
f 1751/1751/1751 1752/1752/1752 1749/1749/1749
f 1753/1753/1753 1754/1754/1754 1755/1755/1755
f 1755/1755/1755 1756/1756/1756 1753/1753/1753
f 1757/1757/1757 1758/1758/1758 1759/1759/1759
f 1759/1759/1759 1760/1760/1760 1757/1757/1757
f 1761/1761/1761 1762/1762/1762 1763/1763/1763
f 1763/1763/1763 1764/1764/1764 1761/1761/1761
f 1765/1765/1765 1766/1766/1766 1767/1767/1767
f 1767/1767/1767 1768/1768/1768 1765/1765/1765
f 1769/1769/1769 1770/1770/1770 1771/1771/1771
f 1771/1771/1771 1772/1772/1772 1769/1769/1769
f 1773/1773/1773 1774/1774/1774 1775/1775/1775
f 1775/1775/1775 1776/1776/1776 1773/1773/1773
f 1777/1777/1777 1778/1778/1778 1779/1779/1779
f 1779/1779/1779 1780/1780/1780 1777/1777/1777
f 1781/1781/1781 1782/1782/1782 1783/1783/1783
f 1783/1783/1783 1784/1784/1784 1781/1781/1781
f 1785/1785/1785 1786/1786/1786 1787/1787/1787
f 1787/1787/1787 1788/1788/1788 1785/1785/1785
f 1789/1789/1789 1790/1790/1790 1791/1791/1791
f 1791/1791/1791 1792/1792/1792 1789/1789/1789
f 1793/1793/1793 1794/1794/1794 1795/1795/1795
f 1795/1795/1795 1796/1796/1796 1793/1793/1793
f 1797/1797/1797 1798/1798/1798 1799/1799/1799
f 1799/1799/1799 1800/1800/1800 1797/1797/1797
f 1801/1801/1801 1802/1802/1802 1803/1803/1803
f 1803/1803/1803 1804/1804/1804 1801/1801/1801
f 1805/1805/1805 1806/1806/1806 1807/1807/1807
f 1807/1807/1807 1808/1808/1808 1805/1805/1805
f 1809/1809/1809 1810/1810/1810 1811/1811/1811
f 1811/1811/1811 1812/1812/1812 1809/1809/1809
f 1813/1813/1813 1814/1814/1814 1815/1815/1815
f 1815/1815/1815 1816/1816/1816 1813/1813/1813
f 1817/1817/1817 1818/1818/1818 1819/1819/1819
f 1819/1819/1819 1820/1820/1820 1817/1817/1817
f 1821/1821/1821 1822/1822/1822 1823/1823/1823
f 1823/1823/1823 1824/1824/1824 1821/1821/1821
f 1825/1825/1825 1826/1826/1826 1827/1827/1827
f 1827/1827/1827 1828/1828/1828 1825/1825/1825
f 1829/1829/1829 1830/1830/1830 1831/1831/1831
f 1831/1831/1831 1832/1832/1832 1829/1829/1829
f 1833/1833/1833 1834/1834/1834 1835/1835/1835
f 1835/1835/1835 1836/1836/1836 1833/1833/1833
f 1837/1837/1837 1838/1838/1838 1839/1839/1839
f 1837/1837/1837 1840/1840/1840 1838/1838/1838
f 1841/1841/1841 1842/1842/1842 1843/1843/1843
f 1841/1841/1841 1844/1844/1844 1842/1842/1842
f 1845/1845/1845 1846/1846/1846 1847/1847/1847
f 1845/1845/1845 1848/1848/1848 1846/1846/1846
f 1849/1849/1849 1850/1850/1850 1851/1851/1851
f 1851/1851/1851 1852/1852/1852 1849/1849/1849
f 1853/1853/1853 1854/1854/1854 1855/1855/1855
f 1855/1855/1855 1856/1856/1856 1853/1853/1853
f 1857/1857/1857 1858/1858/1858 1859/1859/1859
f 1859/1859/1859 1860/1860/1860 1857/1857/1857
f 1861/1861/1861 1862/1862/1862 1863/1863/1863
f 1863/1863/1863 1864/1864/1864 1861/1861/1861
f 1865/1865/1865 1866/1866/1866 1867/1867/1867
f 1867/1867/1867 1868/1868/1868 1865/1865/1865
f 1869/1869/1869 1870/1870/1870 1871/1871/1871
f 1871/1871/1871 1872/1872/1872 1869/1869/1869
f 1873/1873/1873 1874/1874/1874 1875/1875/1875
f 1873/1873/1873 1876/1876/1876 1874/1874/1874
f 1877/1877/1877 1878/1878/1878 1879/1879/1879
f 1877/1877/1877 1880/1880/1880 1878/1878/1878
f 1881/1881/1881 1882/1882/1882 1883/1883/1883
f 1881/1881/1881 1884/1884/1884 1882/1882/1882
f 1885/1885/1885 1886/1886/1886 1887/1887/1887
f 1885/1885/1885 1888/1888/1888 1886/1886/1886
f 1889/1889/1889 1890/1890/1890 1891/1891/1891
f 1889/1889/1889 1892/1892/1892 1890/1890/1890
f 1893/1893/1893 1894/1894/1894 1895/1895/1895
f 1895/1895/1895 1896/1896/1896 1893/1893/1893
f 1897/1897/1897 1896/1896/1896 1898/1898/1898
f 1898/1898/1898 1899/1899/1899 1897/1897/1897
f 1900/1900/1900 1901/1901/1901 1902/1902/1902
f 1902/1902/1902 1903/1903/1903 1900/1900/1900
f 1904/1904/1904 1905/1905/1905 1906/1906/1906
f 1906/1906/1906 1907/1907/1907 1904/1904/1904
f 1908/1908/1908 1909/1909/1909 1910/1910/1910
f 1910/1910/1910 1911/1911/1911 1908/1908/1908
f 1912/1912/1912 1913/1913/1913 1914/1914/1914
f 1914/1914/1914 1915/1915/1915 1912/1912/1912
f 1916/1916/1916 1917/1917/1917 1918/1918/1918
f 1918/1918/1918 1919/1919/1919 1916/1916/1916
f 1920/1920/1920 1921/1921/1921 1922/1922/1922
f 1922/1922/1922 1923/1923/1923 1920/1920/1920
f 1924/1924/1924 1925/1925/1925 1926/1926/1926
f 1926/1926/1926 1927/1927/1927 1924/1924/1924
f 1927/1927/1927 1928/1928/1928 1929/1929/1929
f 1929/1929/1929 1930/1930/1930 1927/1927/1927
f 1930/1930/1930 1931/1931/1931 1932/1932/1932
f 1932/1932/1932 1933/1933/1933 1930/1930/1930
f 1933/1933/1933 1934/1934/1934 1935/1935/1935
f 1935/1935/1935 1936/1936/1936 1933/1933/1933
f 1937/1937/1937 1936/1936/1936 1938/1938/1938
f 1938/1938/1938 1939/1939/1939 1937/1937/1937
f 1937/1937/1937 1940/1940/1940 1941/1941/1941
f 1941/1941/1941 1942/1942/1942 1937/1937/1937
f 1942/1942/1942 1943/1943/1943 1944/1944/1944
f 1944/1944/1944 1945/1945/1945 1942/1942/1942
f 1945/1945/1945 1946/1946/1946 1947/1947/1947
f 1947/1947/1947 1948/1948/1948 1945/1945/1945
f 1948/1948/1948 1949/1949/1949 1950/1950/1950
f 1950/1950/1950 1951/1951/1951 1948/1948/1948
f 1952/1952/1952 1951/1951/1951 1953/1953/1953
f 1953/1953/1953 1954/1954/1954 1952/1952/1952
f 1952/1952/1952 1955/1955/1955 1956/1956/1956
f 1956/1956/1956 1957/1957/1957 1952/1952/1952
f 1958/1958/1958 1959/1959/1959 1957/1957/1957
f 1959/1959/1959 1960/1960/1960 1957/1957/1957
f 1960/1960/1960 1961/1961/1961 1957/1957/1957
f 1962/1962/1962 1963/1963/1963 1964/1964/1964
f 1964/1964/1964 1965/1965/1965 1962/1962/1962
f 1966/1966/1966 1967/1967/1967 1968/1968/1968
f 1968/1968/1968 1969/1969/1969 1966/1966/1966
f 1970/1970/1970 1971/1971/1971 1972/1972/1972
f 1972/1972/1972 1973/1973/1973 1970/1970/1970
f 1974/1974/1974 1975/1975/1975 1976/1976/1976
f 1976/1976/1976 1977/1977/1977 1974/1974/1974
f 1978/1978/1978 1979/1979/1979 1980/1980/1980
f 1980/1980/1980 1981/1981/1981 1978/1978/1978
f 1982/1982/1982 1983/1983/1983 1984/1984/1984
f 1984/1984/1984 1985/1985/1985 1982/1982/1982
f 1986/1986/1986 1987/1987/1987 1988/1988/1988
f 1988/1988/1988 1989/1989/1989 1986/1986/1986
f 1990/1990/1990 1991/1991/1991 1992/1992/1992
f 1992/1992/1992 1993/1993/1993 1990/1990/1990
f 1993/1993/1993 1994/1994/1994 1995/1995/1995
f 1995/1995/1995 1996/1996/1996 1993/1993/1993
f 1996/1996/1996 1997/1997/1997 1998/1998/1998
f 1998/1998/1998 1999/1999/1999 1996/1996/1996
f 1999/1999/1999 2000/2000/2000 2001/2001/2001
f 2001/2001/2001 2002/2002/2002 1999/1999/1999
f 2003/2003/2003 2002/2002/2002 2004/2004/2004
f 2004/2004/2004 2005/2005/2005 2003/2003/2003
f 2006/2006/2006 2003/2003/2003 2007/2007/2007
f 2007/2007/2007 2008/2008/2008 2006/2006/2006
f 2009/2009/2009 2006/2006/2006 2010/2010/2010
f 2010/2010/2010 2011/2011/2011 2009/2009/2009
f 2012/2012/2012 2009/2009/2009 2013/2013/2013
f 2013/2013/2013 2014/2014/2014 2012/2012/2012
f 2015/2015/2015 2012/2012/2012 2016/2016/2016
f 2016/2016/2016 2017/2017/2017 2015/2015/2015
f 2018/2018/2018 2019/2019/2019 2020/2020/2020
f 2020/2020/2020 2021/2021/2021 2018/2018/2018
f 2022/2022/2022 2023/2023/2023 2024/2024/2024
f 2024/2024/2024 2025/2025/2025 2022/2022/2022
f 2026/2026/2026 2027/2027/2027 2028/2028/2028
f 2028/2028/2028 2029/2029/2029 2026/2026/2026
f 2030/2030/2030 2031/2031/2031 2029/2029/2029
f 2029/2029/2029 2032/2032/2032 2030/2030/2030
f 2033/2033/2033 2034/2034/2034 2032/2032/2032
f 2032/2032/2032 2035/2035/2035 2033/2033/2033
f 2036/2036/2036 2037/2037/2037 2035/2035/2035
f 2035/2035/2035 2038/2038/2038 2036/2036/2036
f 2039/2039/2039 2040/2040/2040 2038/2038/2038
f 2038/2038/2038 2041/2041/2041 2039/2039/2039
f 2041/2041/2041 2042/2042/2042 2043/2043/2043
f 2043/2043/2043 2044/2044/2044 2041/2041/2041
f 2045/2045/2045 2046/2046/2046 2047/2047/2047
f 2047/2047/2047 2048/2048/2048 2045/2045/2045
f 2049/2049/2049 2050/2050/2050 2051/2051/2051
f 2051/2051/2051 2052/2052/2052 2049/2049/2049
f 2053/2053/2053 2054/2054/2054 2055/2055/2055
f 2055/2055/2055 2056/2056/2056 2053/2053/2053
f 2057/2057/2057 2058/2058/2058 2059/2059/2059
f 2059/2059/2059 2060/2060/2060 2057/2057/2057
f 2061/2061/2061 2062/2062/2062 2063/2063/2063
f 2063/2063/2063 2064/2064/2064 2061/2061/2061
f 2065/2065/2065 2066/2066/2066 2067/2067/2067
f 2067/2067/2067 2068/2068/2068 2065/2065/2065
f 2069/2069/2069 2070/2070/2070 2071/2071/2071
f 2071/2071/2071 2072/2072/2072 2069/2069/2069
f 2073/2073/2073 2074/2074/2074 2075/2075/2075
f 2075/2075/2075 2076/2076/2076 2073/2073/2073
f 2077/2077/2077 2078/2078/2078 2079/2079/2079
f 2079/2079/2079 2080/2080/2080 2077/2077/2077
f 2081/2081/2081 2082/2082/2082 2083/2083/2083
f 2083/2083/2083 2084/2084/2084 2081/2081/2081
f 2085/2085/2085 2086/2086/2086 2087/2087/2087
f 2087/2087/2087 2088/2088/2088 2085/2085/2085
f 2089/2089/2089 2090/2090/2090 2091/2091/2091
f 2091/2091/2091 2092/2092/2092 2089/2089/2089
f 2093/2093/2093 2094/2094/2094 2095/2095/2095
f 2095/2095/2095 2096/2096/2096 2093/2093/2093
f 2097/2097/2097 2098/2098/2098 2099/2099/2099
f 2099/2099/2099 2100/2100/2100 2097/2097/2097
f 2101/2101/2101 2102/2102/2102 2103/2103/2103
f 2103/2103/2103 2104/2104/2104 2101/2101/2101
f 2105/2105/2105 2106/2106/2106 2107/2107/2107
f 2107/2107/2107 2108/2108/2108 2105/2105/2105
f 2109/2109/2109 2110/2110/2110 2111/2111/2111
f 2111/2111/2111 2112/2112/2112 2109/2109/2109
f 2113/2113/2113 2114/2114/2114 2115/2115/2115
f 2115/2115/2115 2116/2116/2116 2113/2113/2113
f 2117/2117/2117 2118/2118/2118 2119/2119/2119
f 2119/2119/2119 2120/2120/2120 2117/2117/2117
f 2121/2121/2121 2122/2122/2122 2123/2123/2123
f 2123/2123/2123 2124/2124/2124 2121/2121/2121
f 2125/2125/2125 2126/2126/2126 2127/2127/2127
f 2127/2127/2127 2128/2128/2128 2125/2125/2125
f 2129/2129/2129 2130/2130/2130 2131/2131/2131
f 2131/2131/2131 2132/2132/2132 2129/2129/2129
f 2133/2133/2133 2134/2134/2134 2135/2135/2135
f 2135/2135/2135 2136/2136/2136 2133/2133/2133
f 2137/2137/2137 2138/2138/2138 2139/2139/2139
f 2139/2139/2139 2140/2140/2140 2137/2137/2137
f 2141/2141/2141 2142/2142/2142 2143/2143/2143
f 2143/2143/2143 2144/2144/2144 2141/2141/2141
f 2145/2145/2145 2146/2146/2146 2147/2147/2147
f 2147/2147/2147 2148/2148/2148 2145/2145/2145
f 2149/2149/2149 2150/2150/2150 2151/2151/2151
f 2151/2151/2151 2152/2152/2152 2149/2149/2149
f 2153/2153/2153 2154/2154/2154 2155/2155/2155
f 2155/2155/2155 2156/2156/2156 2153/2153/2153
f 2157/2157/2157 2158/2158/2158 2159/2159/2159
f 2159/2159/2159 2160/2160/2160 2157/2157/2157
f 2161/2161/2161 2162/2162/2162 2163/2163/2163
f 2163/2163/2163 2164/2164/2164 2161/2161/2161
f 2165/2165/2165 2166/2166/2166 2167/2167/2167
f 2167/2167/2167 2168/2168/2168 2165/2165/2165
f 2169/2169/2169 2170/2170/2170 2171/2171/2171
f 2171/2171/2171 2172/2172/2172 2169/2169/2169
f 2173/2173/2173 2174/2174/2174 2175/2175/2175
f 2175/2175/2175 2176/2176/2176 2173/2173/2173
f 2177/2177/2177 2178/2178/2178 2179/2179/2179
f 2179/2179/2179 2180/2180/2180 2177/2177/2177
f 2181/2181/2181 2182/2182/2182 2183/2183/2183
f 2183/2183/2183 2184/2184/2184 2181/2181/2181
f 2185/2185/2185 2186/2186/2186 2187/2187/2187
f 2187/2187/2187 2188/2188/2188 2185/2185/2185
f 2189/2189/2189 2190/2190/2190 2191/2191/2191
f 2191/2191/2191 2192/2192/2192 2189/2189/2189
f 2193/2193/2193 2194/2194/2194 2195/2195/2195
f 2195/2195/2195 2196/2196/2196 2193/2193/2193
f 2197/2197/2197 2198/2198/2198 2199/2199/2199
f 2199/2199/2199 2200/2200/2200 2197/2197/2197
f 2201/2201/2201 2202/2202/2202 2203/2203/2203
f 2203/2203/2203 2204/2204/2204 2201/2201/2201
f 2205/2205/2205 2206/2206/2206 2207/2207/2207
f 2207/2207/2207 2208/2208/2208 2205/2205/2205
f 2209/2209/2209 2210/2210/2210 2211/2211/2211
f 2211/2211/2211 2212/2212/2212 2209/2209/2209
f 2213/2213/2213 2214/2214/2214 2215/2215/2215
f 2215/2215/2215 2216/2216/2216 2213/2213/2213
f 2217/2217/2217 2218/2218/2218 2219/2219/2219
f 2219/2219/2219 2220/2220/2220 2217/2217/2217
f 2221/2221/2221 2222/2222/2222 2223/2223/2223
f 2221/2221/2221 2224/2224/2224 2222/2222/2222
f 2225/2225/2225 2226/2226/2226 2227/2227/2227
f 2225/2225/2225 2228/2228/2228 2226/2226/2226
f 2229/2229/2229 2230/2230/2230 2231/2231/2231
f 2229/2229/2229 2232/2232/2232 2230/2230/2230
f 2233/2233/2233 2234/2234/2234 2235/2235/2235
f 2233/2233/2233 2236/2236/2236 2234/2234/2234
f 2237/2237/2237 2238/2238/2238 2239/2239/2239
f 2237/2237/2237 2240/2240/2240 2238/2238/2238
f 2241/2241/2241 2242/2242/2242 2243/2243/2243
f 2241/2241/2241 2244/2244/2244 2242/2242/2242
f 2245/2245/2245 2246/2246/2246 2247/2247/2247
f 2245/2245/2245 2248/2248/2248 2246/2246/2246
f 2249/2249/2249 2250/2250/2250 2251/2251/2251
f 2249/2249/2249 2252/2252/2252 2250/2250/2250
f 2253/2253/2253 2254/2254/2254 2255/2255/2255
f 2255/2255/2255 2256/2256/2256 2253/2253/2253
f 2257/2257/2257 2258/2258/2258 2259/2259/2259
f 2259/2259/2259 2260/2260/2260 2257/2257/2257
f 2261/2261/2261 2262/2262/2262 2263/2263/2263
f 2263/2263/2263 2264/2264/2264 2261/2261/2261
f 2265/2265/2265 2266/2266/2266 2267/2267/2267
f 2267/2267/2267 2268/2268/2268 2265/2265/2265
f 2269/2269/2269 2270/2270/2270 2271/2271/2271
f 2271/2271/2271 2272/2272/2272 2269/2269/2269
f 2273/2273/2273 2274/2274/2274 2275/2275/2275
f 2275/2275/2275 2276/2276/2276 2273/2273/2273
f 2277/2277/2277 2278/2278/2278 2279/2279/2279
f 2279/2279/2279 2280/2280/2280 2277/2277/2277
f 2281/2281/2281 2282/2282/2282 2283/2283/2283
f 2283/2283/2283 2284/2284/2284 2281/2281/2281
f 2285/2285/2285 2286/2286/2286 2287/2287/2287
f 2287/2287/2287 2288/2288/2288 2285/2285/2285
f 2289/2289/2289 2290/2290/2290 2291/2291/2291
f 2291/2291/2291 2292/2292/2292 2289/2289/2289
f 2293/2293/2293 2294/2294/2294 2295/2295/2295
f 2295/2295/2295 2296/2296/2296 2293/2293/2293
f 2297/2297/2297 2298/2298/2298 2299/2299/2299
f 2299/2299/2299 2300/2300/2300 2297/2297/2297
f 2301/2301/2301 2302/2302/2302 2303/2303/2303
f 2303/2303/2303 2304/2304/2304 2301/2301/2301
f 2305/2305/2305 2306/2306/2306 2307/2307/2307
f 2307/2307/2307 2308/2308/2308 2305/2305/2305
f 2309/2309/2309 2310/2310/2310 2311/2311/2311
f 2311/2311/2311 2312/2312/2312 2309/2309/2309
f 2313/2313/2313 2314/2314/2314 2315/2315/2315
f 2315/2315/2315 2316/2316/2316 2313/2313/2313
f 2317/2317/2317 2318/2318/2318 2319/2319/2319
f 2319/2319/2319 2320/2320/2320 2317/2317/2317
f 2321/2321/2321 2322/2322/2322 2323/2323/2323
f 2323/2323/2323 2324/2324/2324 2321/2321/2321
f 2325/2325/2325 2326/2326/2326 2327/2327/2327
f 2327/2327/2327 2328/2328/2328 2325/2325/2325
f 2329/2329/2329 2330/2330/2330 2331/2331/2331
f 2331/2331/2331 2332/2332/2332 2329/2329/2329
f 2333/2333/2333 2334/2334/2334 2335/2335/2335
f 2335/2335/2335 2336/2336/2336 2333/2333/2333
f 2337/2337/2337 2338/2338/2338 2339/2339/2339
f 2339/2339/2339 2340/2340/2340 2337/2337/2337
f 2341/2341/2341 2342/2342/2342 2343/2343/2343
f 2343/2343/2343 2344/2344/2344 2341/2341/2341
f 2345/2345/2345 2346/2346/2346 2347/2347/2347
f 2347/2347/2347 2348/2348/2348 2345/2345/2345
f 2349/2349/2349 2350/2350/2350 2351/2351/2351
f 2351/2351/2351 2352/2352/2352 2349/2349/2349
f 2353/2353/2353 2354/2354/2354 2355/2355/2355
f 2355/2355/2355 2356/2356/2356 2353/2353/2353
f 2357/2357/2357 2358/2358/2358 2359/2359/2359
f 2359/2359/2359 2360/2360/2360 2357/2357/2357
f 2361/2361/2361 2362/2362/2362 2363/2363/2363
f 2363/2363/2363 2364/2364/2364 2361/2361/2361
f 2365/2365/2365 2366/2366/2366 2367/2367/2367
f 2367/2367/2367 2368/2368/2368 2365/2365/2365
f 2369/2369/2369 2370/2370/2370 2371/2371/2371
f 2371/2371/2371 2372/2372/2372 2369/2369/2369
f 2373/2373/2373 2374/2374/2374 2375/2375/2375
f 2375/2375/2375 2376/2376/2376 2373/2373/2373
f 2377/2377/2377 2378/2378/2378 2379/2379/2379
f 2378/2378/2378 2380/2380/2380 2379/2379/2379
f 2381/2381/2381 2382/2382/2382 2383/2383/2383
f 2383/2383/2383 2384/2384/2384 2381/2381/2381
f 2385/2385/2385 2386/2386/2386 2387/2387/2387
f 2387/2387/2387 2388/2388/2388 2385/2385/2385
f 2389/2389/2389 2390/2390/2390 2391/2391/2391
f 2391/2391/2391 2392/2392/2392 2389/2389/2389
f 2393/2393/2393 2394/2394/2394 2395/2395/2395
f 2395/2395/2395 2396/2396/2396 2393/2393/2393
f 2397/2397/2397 2398/2398/2398 2399/2399/2399
f 2399/2399/2399 2400/2400/2400 2397/2397/2397
f 2401/2401/2401 2402/2402/2402 2400/2400/2400
f 2400/2400/2400 2403/2403/2403 2401/2401/2401
f 2404/2404/2404 2405/2405/2405 2403/2403/2403
f 2403/2403/2403 2406/2406/2406 2404/2404/2404
f 2407/2407/2407 2408/2408/2408 2406/2406/2406
f 2406/2406/2406 2409/2409/2409 2407/2407/2407
f 2410/2410/2410 2409/2409/2409 2411/2411/2411
f 2411/2411/2411 2412/2412/2412 2410/2410/2410
f 2413/2413/2413 2414/2414/2414 2411/2411/2411
f 2411/2411/2411 2415/2415/2415 2413/2413/2413
f 2416/2416/2416 2417/2417/2417 2415/2415/2415
f 2415/2415/2415 2418/2418/2418 2416/2416/2416
f 2419/2419/2419 2420/2420/2420 2418/2418/2418
f 2418/2418/2418 2421/2421/2421 2419/2419/2419
f 2422/2422/2422 2423/2423/2423 2424/2424/2424
f 2424/2424/2424 2425/2425/2425 2422/2422/2422
f 2426/2426/2426 2427/2427/2427 2428/2428/2428
f 2428/2428/2428 2429/2429/2429 2426/2426/2426
f 2430/2430/2430 2431/2431/2431 2432/2432/2432
f 2430/2430/2430 2433/2433/2433 2431/2431/2431
f 2434/2434/2434 2435/2435/2435 2436/2436/2436
f 2434/2434/2434 2437/2437/2437 2435/2435/2435
f 2438/2438/2438 2439/2439/2439 2440/2440/2440
f 2440/2440/2440 2441/2441/2441 2438/2438/2438
f 2442/2442/2442 2443/2443/2443 2444/2444/2444
f 2444/2444/2444 2445/2445/2445 2442/2442/2442
f 2446/2446/2446 2447/2447/2447 2448/2448/2448
f 2448/2448/2448 2449/2449/2449 2446/2446/2446
f 2450/2450/2450 2451/2451/2451 2452/2452/2452
f 2452/2452/2452 2453/2453/2453 2450/2450/2450
f 2454/2454/2454 2455/2455/2455 2453/2453/2453
f 2453/2453/2453 2456/2456/2456 2454/2454/2454
f 2457/2457/2457 2458/2458/2458 2456/2456/2456
f 2456/2456/2456 2459/2459/2459 2457/2457/2457
f 2460/2460/2460 2461/2461/2461 2459/2459/2459
f 2459/2459/2459 2462/2462/2462 2460/2460/2460
f 2462/2462/2462 2463/2463/2463 2464/2464/2464
f 2464/2464/2464 2465/2465/2465 2462/2462/2462
f 2466/2466/2466 2467/2467/2467 2468/2468/2468
f 2468/2468/2468 2469/2469/2469 2466/2466/2466
f 2470/2470/2470 2471/2471/2471 2472/2472/2472
f 2472/2472/2472 2473/2473/2473 2470/2470/2470
f 2474/2474/2474 2475/2475/2475 2476/2476/2476
f 2476/2476/2476 2477/2477/2477 2474/2474/2474
f 2478/2478/2478 2479/2479/2479 2480/2480/2480
f 2480/2480/2480 2481/2481/2481 2478/2478/2478
f 2482/2482/2482 2483/2483/2483 2484/2484/2484
f 2484/2484/2484 2485/2485/2485 2482/2482/2482
f 2486/2486/2486 2487/2487/2487 2488/2488/2488
f 2488/2488/2488 2489/2489/2489 2486/2486/2486
f 2490/2490/2490 2491/2491/2491 2492/2492/2492
f 2492/2492/2492 2493/2493/2493 2490/2490/2490
f 2494/2494/2494 2495/2495/2495 2496/2496/2496
f 2496/2496/2496 2497/2497/2497 2494/2494/2494
f 2498/2498/2498 2499/2499/2499 2500/2500/2500
f 2500/2500/2500 2501/2501/2501 2498/2498/2498
f 2502/2502/2502 2503/2503/2503 2504/2504/2504
f 2504/2504/2504 2505/2505/2505 2502/2502/2502
f 2506/2506/2506 2507/2507/2507 2508/2508/2508
f 2508/2508/2508 2509/2509/2509 2506/2506/2506
f 2510/2510/2510 2511/2511/2511 2512/2512/2512
f 2512/2512/2512 2513/2513/2513 2510/2510/2510
f 2514/2514/2514 2515/2515/2515 2516/2516/2516
f 2516/2516/2516 2517/2517/2517 2514/2514/2514
f 2518/2518/2518 2519/2519/2519 2520/2520/2520
f 2520/2520/2520 2521/2521/2521 2518/2518/2518
f 2522/2522/2522 2523/2523/2523 2524/2524/2524
f 2524/2524/2524 2525/2525/2525 2522/2522/2522
f 2526/2526/2526 2527/2527/2527 2528/2528/2528
f 2528/2528/2528 2529/2529/2529 2526/2526/2526
f 2530/2530/2530 2531/2531/2531 2529/2529/2529
f 2529/2529/2529 2532/2532/2532 2530/2530/2530
f 2533/2533/2533 2534/2534/2534 2532/2532/2532
f 2532/2532/2532 2535/2535/2535 2533/2533/2533
f 2536/2536/2536 2537/2537/2537 2535/2535/2535
f 2535/2535/2535 2538/2538/2538 2536/2536/2536
f 2539/2539/2539 2538/2538/2538 2540/2540/2540
f 2540/2540/2540 2541/2541/2541 2539/2539/2539
f 2542/2542/2542 2543/2543/2543 2540/2540/2540
f 2540/2540/2540 2544/2544/2544 2542/2542/2542
f 2545/2545/2545 2546/2546/2546 2544/2544/2544
f 2544/2544/2544 2547/2547/2547 2545/2545/2545
f 2548/2548/2548 2549/2549/2549 2547/2547/2547
f 2547/2547/2547 2550/2550/2550 2548/2548/2548
f 2551/2551/2551 2552/2552/2552 2553/2553/2553
f 2553/2553/2553 2554/2554/2554 2551/2551/2551
f 2555/2555/2555 2556/2556/2556 2557/2557/2557
f 2557/2557/2557 2558/2558/2558 2555/2555/2555
f 2559/2559/2559 2560/2560/2560 2561/2561/2561
f 2561/2561/2561 2562/2562/2562 2559/2559/2559
f 2563/2563/2563 2564/2564/2564 2565/2565/2565
f 2565/2565/2565 2566/2566/2566 2563/2563/2563
f 2567/2567/2567 2568/2568/2568 2569/2569/2569
f 2569/2569/2569 2570/2570/2570 2567/2567/2567
f 2571/2571/2571 2572/2572/2572 2573/2573/2573
f 2573/2573/2573 2574/2574/2574 2571/2571/2571
f 2575/2575/2575 2576/2576/2576 2577/2577/2577
f 2577/2577/2577 2578/2578/2578 2575/2575/2575
f 2579/2579/2579 2580/2580/2580 2581/2581/2581
f 2581/2581/2581 2582/2582/2582 2579/2579/2579
f 2583/2583/2583 2584/2584/2584 2585/2585/2585
f 2585/2585/2585 2586/2586/2586 2583/2583/2583
f 2587/2587/2587 2588/2588/2588 2589/2589/2589
f 2589/2589/2589 2590/2590/2590 2587/2587/2587
f 2591/2591/2591 2592/2592/2592 2593/2593/2593
f 2593/2593/2593 2594/2594/2594 2591/2591/2591
f 2595/2595/2595 2596/2596/2596 2597/2597/2597
f 2597/2597/2597 2598/2598/2598 2595/2595/2595
f 2599/2599/2599 2600/2600/2600 2601/2601/2601
f 2601/2601/2601 2602/2602/2602 2599/2599/2599
f 2603/2603/2603 2604/2604/2604 2605/2605/2605
f 2605/2605/2605 2606/2606/2606 2603/2603/2603
f 2607/2607/2607 2608/2608/2608 2609/2609/2609
f 2609/2609/2609 2610/2610/2610 2607/2607/2607
f 2611/2611/2611 2612/2612/2612 2613/2613/2613
f 2613/2613/2613 2614/2614/2614 2611/2611/2611
f 2615/2615/2615 2616/2616/2616 2617/2617/2617
f 2617/2617/2617 2618/2618/2618 2615/2615/2615
f 2619/2619/2619 2620/2620/2620 2621/2621/2621
f 2621/2621/2621 2622/2622/2622 2619/2619/2619
f 2623/2623/2623 2624/2624/2624 2625/2625/2625
f 2625/2625/2625 2626/2626/2626 2623/2623/2623
f 2627/2627/2627 2628/2628/2628 2629/2629/2629
f 2629/2629/2629 2630/2630/2630 2627/2627/2627
f 2631/2631/2631 2632/2632/2632 2633/2633/2633
f 2633/2633/2633 2634/2634/2634 2631/2631/2631
f 2635/2635/2635 2636/2636/2636 2637/2637/2637
f 2637/2637/2637 2638/2638/2638 2635/2635/2635
f 2639/2639/2639 2640/2640/2640 2641/2641/2641
f 2641/2641/2641 2642/2642/2642 2639/2639/2639
f 2643/2643/2643 2644/2644/2644 2645/2645/2645
f 2645/2645/2645 2646/2646/2646 2643/2643/2643
f 2647/2647/2647 2648/2648/2648 2649/2649/2649
f 2649/2649/2649 2650/2650/2650 2647/2647/2647
f 2651/2651/2651 2652/2652/2652 2653/2653/2653
f 2653/2653/2653 2654/2654/2654 2651/2651/2651
f 2655/2655/2655 2656/2656/2656 2657/2657/2657
f 2657/2657/2657 2658/2658/2658 2655/2655/2655
f 2659/2659/2659 2660/2660/2660 2661/2661/2661
f 2661/2661/2661 2662/2662/2662 2659/2659/2659
f 2663/2663/2663 2664/2664/2664 2665/2665/2665
f 2663/2663/2663 2666/2666/2666 2664/2664/2664
f 2667/2667/2667 2668/2668/2668 2669/2669/2669
f 2667/2667/2667 2670/2670/2670 2668/2668/2668
f 2671/2671/2671 2672/2672/2672 2673/2673/2673
f 2673/2673/2673 2674/2674/2674 2671/2671/2671
f 2675/2675/2675 2676/2676/2676 2677/2677/2677
f 2677/2677/2677 2678/2678/2678 2675/2675/2675
f 2679/2679/2679 2680/2680/2680 2681/2681/2681
f 2681/2681/2681 2682/2682/2682 2679/2679/2679
f 2683/2683/2683 2684/2684/2684 2685/2685/2685
f 2685/2685/2685 2686/2686/2686 2683/2683/2683
f 2687/2687/2687 2688/2688/2688 2689/2689/2689
f 2689/2689/2689 2690/2690/2690 2687/2687/2687
f 2691/2691/2691 2692/2692/2692 2693/2693/2693
f 2693/2693/2693 2694/2694/2694 2691/2691/2691
f 2695/2695/2695 2696/2696/2696 2697/2697/2697
f 2697/2697/2697 2698/2698/2698 2695/2695/2695
f 2699/2699/2699 2700/2700/2700 2701/2701/2701
f 2701/2701/2701 2702/2702/2702 2699/2699/2699
f 2703/2703/2703 2704/2704/2704 2705/2705/2705
f 2705/2705/2705 2706/2706/2706 2703/2703/2703
f 2707/2707/2707 2708/2708/2708 2709/2709/2709
f 2709/2709/2709 2710/2710/2710 2707/2707/2707
f 2711/2711/2711 2712/2712/2712 2713/2713/2713
f 2713/2713/2713 2714/2714/2714 2711/2711/2711
f 2715/2715/2715 2716/2716/2716 2717/2717/2717
f 2717/2717/2717 2718/2718/2718 2715/2715/2715
f 2719/2719/2719 2720/2720/2720 2721/2721/2721
f 2721/2721/2721 2722/2722/2722 2719/2719/2719
f 2723/2723/2723 2724/2724/2724 2725/2725/2725
f 2725/2725/2725 2726/2726/2726 2723/2723/2723
f 2727/2727/2727 2728/2728/2728 2729/2729/2729
f 2729/2729/2729 2730/2730/2730 2727/2727/2727
f 2731/2731/2731 2732/2732/2732 2733/2733/2733
f 2733/2733/2733 2734/2734/2734 2731/2731/2731
f 2735/2735/2735 2736/2736/2736 2737/2737/2737
f 2737/2737/2737 2738/2738/2738 2735/2735/2735
f 2739/2739/2739 2740/2740/2740 2741/2741/2741
f 2741/2741/2741 2742/2742/2742 2739/2739/2739
f 2743/2743/2743 2744/2744/2744 2745/2745/2745
f 2745/2745/2745 2746/2746/2746 2743/2743/2743
f 2747/2747/2747 2748/2748/2748 2749/2749/2749
f 2749/2749/2749 2750/2750/2750 2747/2747/2747
f 2751/2751/2751 2752/2752/2752 2753/2753/2753
f 2753/2753/2753 2754/2754/2754 2751/2751/2751
f 2755/2755/2755 2756/2756/2756 2757/2757/2757
f 2757/2757/2757 2758/2758/2758 2755/2755/2755
f 2759/2759/2759 2760/2760/2760 2761/2761/2761
f 2761/2761/2761 2762/2762/2762 2759/2759/2759
f 2763/2763/2763 2764/2764/2764 2765/2765/2765
f 2765/2765/2765 2766/2766/2766 2763/2763/2763
f 2767/2767/2767 2768/2768/2768 2769/2769/2769
f 2769/2769/2769 2770/2770/2770 2767/2767/2767
f 2771/2771/2771 2772/2772/2772 2773/2773/2773
f 2773/2773/2773 2774/2774/2774 2771/2771/2771
f 2775/2775/2775 2776/2776/2776 2777/2777/2777
f 2777/2777/2777 2778/2778/2778 2775/2775/2775
f 2779/2779/2779 2780/2780/2780 2781/2781/2781
f 2781/2781/2781 2782/2782/2782 2779/2779/2779
f 2783/2783/2783 2784/2784/2784 2785/2785/2785
f 2785/2785/2785 2786/2786/2786 2783/2783/2783
f 2787/2787/2787 2788/2788/2788 2789/2789/2789
f 2789/2789/2789 2790/2790/2790 2787/2787/2787
f 2791/2791/2791 2792/2792/2792 2793/2793/2793
f 2793/2793/2793 2794/2794/2794 2791/2791/2791
f 2795/2795/2795 2796/2796/2796 2797/2797/2797
f 2797/2797/2797 2798/2798/2798 2795/2795/2795
f 2799/2799/2799 2800/2800/2800 2801/2801/2801
f 2801/2801/2801 2802/2802/2802 2799/2799/2799
f 2803/2803/2803 2804/2804/2804 2805/2805/2805
f 2805/2805/2805 2806/2806/2806 2803/2803/2803
f 2807/2807/2807 2808/2808/2808 2809/2809/2809
f 2809/2809/2809 2810/2810/2810 2807/2807/2807
f 2811/2811/2811 2812/2812/2812 2813/2813/2813
f 2813/2813/2813 2814/2814/2814 2811/2811/2811
f 2815/2815/2815 2816/2816/2816 2817/2817/2817
f 2817/2817/2817 2818/2818/2818 2815/2815/2815
f 2819/2819/2819 2820/2820/2820 2821/2821/2821
f 2821/2821/2821 2822/2822/2822 2819/2819/2819
f 2823/2823/2823 2824/2824/2824 2825/2825/2825
f 2825/2825/2825 2826/2826/2826 2823/2823/2823
f 2827/2827/2827 2828/2828/2828 2829/2829/2829
f 2829/2829/2829 2830/2830/2830 2827/2827/2827
f 2831/2831/2831 2832/2832/2832 2833/2833/2833
f 2833/2833/2833 2834/2834/2834 2831/2831/2831
f 2835/2835/2835 2836/2836/2836 2837/2837/2837
f 2837/2837/2837 2838/2838/2838 2835/2835/2835
f 2839/2839/2839 2840/2840/2840 2841/2841/2841
f 2841/2841/2841 2842/2842/2842 2839/2839/2839
f 2843/2843/2843 2844/2844/2844 2845/2845/2845
f 2845/2845/2845 2846/2846/2846 2843/2843/2843
f 2847/2847/2847 2848/2848/2848 2849/2849/2849
f 2849/2849/2849 2850/2850/2850 2847/2847/2847
f 2851/2851/2851 2852/2852/2852 2853/2853/2853
f 2853/2853/2853 2854/2854/2854 2851/2851/2851
f 2855/2855/2855 2856/2856/2856 2857/2857/2857
f 2857/2857/2857 2858/2858/2858 2855/2855/2855
f 2858/2858/2858 2859/2859/2859 2860/2860/2860
f 2859/2859/2859 2861/2861/2861 2860/2860/2860
f 2862/2862/2862 2863/2863/2863 2864/2864/2864
f 2864/2864/2864 2865/2865/2865 2862/2862/2862
f 2866/2866/2866 2867/2867/2867 2868/2868/2868
f 2868/2868/2868 2869/2869/2869 2866/2866/2866
f 2870/2870/2870 2871/2871/2871 2872/2872/2872
f 2872/2872/2872 2873/2873/2873 2870/2870/2870
f 2874/2874/2874 2875/2875/2875 2876/2876/2876
f 2876/2876/2876 2877/2877/2877 2874/2874/2874
f 2878/2878/2878 2877/2877/2877 2879/2879/2879
f 2879/2879/2879 2880/2880/2880 2878/2878/2878
f 2881/2881/2881 2882/2882/2882 2883/2883/2883
f 2883/2883/2883 2884/2884/2884 2881/2881/2881
f 2885/2885/2885 2886/2886/2886 2887/2887/2887
f 2887/2887/2887 2888/2888/2888 2885/2885/2885
f 2889/2889/2889 2890/2890/2890 2891/2891/2891
f 2891/2891/2891 2892/2892/2892 2889/2889/2889
f 2893/2893/2893 2894/2894/2894 2895/2895/2895
f 2895/2895/2895 2896/2896/2896 2893/2893/2893
f 2897/2897/2897 2898/2898/2898 2899/2899/2899
f 2898/2898/2898 2900/2900/2900 2899/2899/2899
f 2901/2901/2901 2902/2902/2902 2903/2903/2903
f 2903/2903/2903 2904/2904/2904 2901/2901/2901
f 2905/2905/2905 2906/2906/2906 2907/2907/2907
f 2907/2907/2907 2908/2908/2908 2905/2905/2905
f 2909/2909/2909 2910/2910/2910 2911/2911/2911
f 2911/2911/2911 2912/2912/2912 2909/2909/2909
f 2913/2913/2913 2914/2914/2914 2915/2915/2915
f 2915/2915/2915 2916/2916/2916 2913/2913/2913
f 2917/2917/2917 2918/2918/2918 2919/2919/2919
f 2919/2919/2919 2920/2920/2920 2917/2917/2917
f 2921/2921/2921 2922/2922/2922 2923/2923/2923
f 2923/2923/2923 2924/2924/2924 2921/2921/2921
f 2925/2925/2925 2926/2926/2926 2927/2927/2927
f 2927/2927/2927 2928/2928/2928 2925/2925/2925
f 2929/2929/2929 2930/2930/2930 2931/2931/2931
f 2931/2931/2931 2932/2932/2932 2929/2929/2929
f 2933/2933/2933 2934/2934/2934 2935/2935/2935
f 2935/2935/2935 2936/2936/2936 2933/2933/2933
f 2937/2937/2937 2938/2938/2938 2939/2939/2939
f 2939/2939/2939 2940/2940/2940 2937/2937/2937
f 2941/2941/2941 2942/2942/2942 2943/2943/2943
f 2943/2943/2943 2944/2944/2944 2941/2941/2941
f 2945/2945/2945 2946/2946/2946 2947/2947/2947
f 2947/2947/2947 2948/2948/2948 2945/2945/2945
f 2949/2949/2949 2950/2950/2950 2951/2951/2951
f 2951/2951/2951 2952/2952/2952 2949/2949/2949
f 2953/2953/2953 2954/2954/2954 2955/2955/2955
f 2955/2955/2955 2956/2956/2956 2953/2953/2953
f 2957/2957/2957 2958/2958/2958 2959/2959/2959
f 2959/2959/2959 2960/2960/2960 2957/2957/2957
f 2961/2961/2961 2962/2962/2962 2963/2963/2963
f 2963/2963/2963 2964/2964/2964 2961/2961/2961
f 2965/2965/2965 2966/2966/2966 2967/2967/2967
f 2967/2967/2967 2968/2968/2968 2965/2965/2965
f 2969/2969/2969 2970/2970/2970 2971/2971/2971
f 2971/2971/2971 2972/2972/2972 2969/2969/2969
f 2973/2973/2973 2974/2974/2974 2975/2975/2975
f 2975/2975/2975 2976/2976/2976 2973/2973/2973
f 2977/2977/2977 2978/2978/2978 2979/2979/2979
f 2979/2979/2979 2980/2980/2980 2977/2977/2977
f 2981/2981/2981 2982/2982/2982 2983/2983/2983
f 2983/2983/2983 2984/2984/2984 2981/2981/2981
f 2985/2985/2985 2986/2986/2986 2987/2987/2987
f 2987/2987/2987 2988/2988/2988 2985/2985/2985
f 2989/2989/2989 2990/2990/2990 2991/2991/2991
f 2991/2991/2991 2992/2992/2992 2989/2989/2989
f 2993/2993/2993 2994/2994/2994 2995/2995/2995
f 2995/2995/2995 2996/2996/2996 2993/2993/2993
f 2997/2997/2997 2998/2998/2998 2999/2999/2999
f 2999/2999/2999 3000/3000/3000 2997/2997/2997
f 3001/3001/3001 3002/3002/3002 3003/3003/3003
f 3003/3003/3003 3004/3004/3004 3001/3001/3001
f 3005/3005/3005 3006/3006/3006 3007/3007/3007
f 3007/3007/3007 3008/3008/3008 3005/3005/3005
f 3009/3009/3009 3010/3010/3010 3011/3011/3011
f 3009/3009/3009 3011/3011/3011 3012/3012/3012
f 3013/3013/3013 3014/3014/3014 3015/3015/3015
f 3015/3015/3015 3016/3016/3016 3013/3013/3013
f 3017/3017/3017 3018/3018/3018 3019/3019/3019
f 3019/3019/3019 3020/3020/3020 3017/3017/3017
f 3021/3021/3021 3022/3022/3022 3023/3023/3023
f 3023/3023/3023 3024/3024/3024 3021/3021/3021
f 3025/3025/3025 3026/3026/3026 3027/3027/3027
f 3027/3027/3027 3028/3028/3028 3025/3025/3025
f 3029/3029/3029 3030/3030/3030 3031/3031/3031
f 3031/3031/3031 3032/3032/3032 3029/3029/3029
f 3033/3033/3033 3034/3034/3034 3035/3035/3035
f 3035/3035/3035 3036/3036/3036 3033/3033/3033
f 3037/3037/3037 3038/3038/3038 3039/3039/3039
f 3039/3039/3039 3040/3040/3040 3037/3037/3037
f 3041/3041/3041 3042/3042/3042 3043/3043/3043
f 3043/3043/3043 3044/3044/3044 3041/3041/3041
f 3045/3045/3045 3046/3046/3046 3047/3047/3047
f 3047/3047/3047 3048/3048/3048 3045/3045/3045
f 3049/3049/3049 3050/3050/3050 3051/3051/3051
f 3051/3051/3051 3052/3052/3052 3049/3049/3049
f 3053/3053/3053 3054/3054/3054 3055/3055/3055
f 3055/3055/3055 3056/3056/3056 3053/3053/3053
f 3057/3057/3057 3058/3058/3058 3059/3059/3059
f 3059/3059/3059 3060/3060/3060 3057/3057/3057
f 3061/3061/3061 3062/3062/3062 3063/3063/3063
f 3063/3063/3063 3064/3064/3064 3061/3061/3061
f 3065/3065/3065 3066/3066/3066 3067/3067/3067
f 3067/3067/3067 3068/3068/3068 3065/3065/3065
f 3069/3069/3069 3070/3070/3070 3071/3071/3071
f 3071/3071/3071 3072/3072/3072 3069/3069/3069
f 3073/3073/3073 3074/3074/3074 3075/3075/3075
f 3075/3075/3075 3076/3076/3076 3073/3073/3073
f 3077/3077/3077 3078/3078/3078 3079/3079/3079
f 3079/3079/3079 3080/3080/3080 3077/3077/3077
f 3081/3081/3081 3082/3082/3082 3083/3083/3083
f 3083/3083/3083 3084/3084/3084 3081/3081/3081
f 3084/3084/3084 3085/3085/3085 3086/3086/3086
f 3086/3086/3086 3087/3087/3087 3084/3084/3084
f 3087/3087/3087 3088/3088/3088 3089/3089/3089
f 3089/3089/3089 3090/3090/3090 3087/3087/3087
f 3090/3090/3090 3091/3091/3091 3092/3092/3092
f 3092/3092/3092 3093/3093/3093 3090/3090/3090
f 3093/3093/3093 3094/3094/3094 3095/3095/3095
f 3095/3095/3095 3096/3096/3096 3093/3093/3093
f 3096/3096/3096 3097/3097/3097 3098/3098/3098
f 3098/3098/3098 3099/3099/3099 3096/3096/3096
f 3100/3100/3100 3101/3101/3101 3102/3102/3102
f 3102/3102/3102 3103/3103/3103 3100/3100/3100
f 3104/3104/3104 3105/3105/3105 3106/3106/3106
f 3106/3106/3106 3107/3107/3107 3104/3104/3104
f 3108/3108/3108 3109/3109/3109 3110/3110/3110
f 3110/3110/3110 3111/3111/3111 3108/3108/3108
f 3112/3112/3112 3113/3113/3113 3114/3114/3114
f 3114/3114/3114 3115/3115/3115 3112/3112/3112
f 3116/3116/3116 3117/3117/3117 3118/3118/3118
f 3118/3118/3118 3119/3119/3119 3116/3116/3116
f 3120/3120/3120 3121/3121/3121 3122/3122/3122
f 3122/3122/3122 3123/3123/3123 3120/3120/3120
f 3124/3124/3124 3125/3125/3125 3126/3126/3126
f 3126/3126/3126 3127/3127/3127 3124/3124/3124
f 3128/3128/3128 3129/3129/3129 3130/3130/3130
f 3130/3130/3130 3131/3131/3131 3128/3128/3128
f 3132/3132/3132 3133/3133/3133 3134/3134/3134
f 3134/3134/3134 3135/3135/3135 3132/3132/3132
f 3136/3136/3136 3137/3137/3137 3138/3138/3138
f 3138/3138/3138 3139/3139/3139 3136/3136/3136
f 3140/3140/3140 3141/3141/3141 3142/3142/3142
f 3142/3142/3142 3143/3143/3143 3140/3140/3140
f 3144/3144/3144 3145/3145/3145 3146/3146/3146
f 3146/3146/3146 3147/3147/3147 3144/3144/3144
f 3148/3148/3148 3149/3149/3149 3150/3150/3150
f 3150/3150/3150 3151/3151/3151 3148/3148/3148
f 3152/3152/3152 3153/3153/3153 3154/3154/3154
f 3154/3154/3154 3155/3155/3155 3152/3152/3152
f 3156/3156/3156 3157/3157/3157 3158/3158/3158
f 3158/3158/3158 3159/3159/3159 3156/3156/3156
f 3160/3160/3160 3161/3161/3161 3162/3162/3162
f 3162/3162/3162 3163/3163/3163 3160/3160/3160
f 3164/3164/3164 3165/3165/3165 3166/3166/3166
f 3166/3166/3166 3167/3167/3167 3164/3164/3164
f 3167/3167/3167 3166/3166/3166 3168/3168/3168
f 3168/3168/3168 3169/3169/3169 3167/3167/3167
f 3169/3169/3169 3168/3168/3168 3170/3170/3170
f 3170/3170/3170 3171/3171/3171 3169/3169/3169
f 3172/3172/3172 3173/3173/3173 3174/3174/3174
f 3174/3174/3174 3175/3175/3175 3172/3172/3172
f 3175/3175/3175 3174/3174/3174 3176/3176/3176
f 3176/3176/3176 3177/3177/3177 3175/3175/3175
f 3178/3178/3178 3179/3179/3179 3180/3180/3180
f 3181/3181/3181 3178/3178/3178 3180/3180/3180
f 3180/3180/3180 3182/3182/3182 3181/3181/3181
f 3181/3181/3181 3182/3182/3182 3183/3183/3183
f 3183/3183/3183 3184/3184/3184 3181/3181/3181
f 3184/3184/3184 3183/3183/3183 3185/3185/3185
f 3185/3185/3185 3186/3186/3186 3184/3184/3184
f 3186/3186/3186 3185/3185/3185 3187/3187/3187
f 3187/3187/3187 3188/3188/3188 3186/3186/3186
f 3189/3189/3189 3188/3188/3188 3187/3187/3187
f 3187/3187/3187 3190/3190/3190 3189/3189/3189
f 3191/3191/3191 3192/3192/3192 3193/3193/3193
f 3193/3193/3193 3194/3194/3194 3191/3191/3191
f 3194/3194/3194 3193/3193/3193 3195/3195/3195
f 3195/3195/3195 3196/3196/3196 3194/3194/3194
f 3196/3196/3196 3195/3195/3195 3197/3197/3197
f 3197/3197/3197 3198/3198/3198 3196/3196/3196
f 3199/3199/3199 3198/3198/3198 3197/3197/3197
f 3197/3197/3197 3200/3200/3200 3199/3199/3199
f 3199/3199/3199 3200/3200/3200 3201/3201/3201
f 3201/3201/3201 3202/3202/3202 3199/3199/3199
f 3202/3202/3202 3201/3201/3201 3203/3203/3203
f 3203/3203/3203 3204/3204/3204 3202/3202/3202
f 3205/3205/3205 3204/3204/3204 3203/3203/3203
f 3203/3203/3203 3206/3206/3206 3205/3205/3205
f 3207/3207/3207 3205/3205/3205 3206/3206/3206
f 3206/3206/3206 3208/3208/3208 3207/3207/3207
f 3209/3209/3209 3210/3210/3210 3211/3211/3211
f 3211/3211/3211 3212/3212/3212 3209/3209/3209
f 3212/3212/3212 3211/3211/3211 3213/3213/3213
f 3213/3213/3213 3214/3214/3214 3212/3212/3212
f 3215/3215/3215 3214/3214/3214 3213/3213/3213
f 3213/3213/3213 3216/3216/3216 3215/3215/3215
f 3217/3217/3217 3218/3218/3218 3219/3219/3219
f 3218/3218/3218 3220/3220/3220 3219/3219/3219
f 3220/3220/3220 3221/3221/3221 3219/3219/3219
f 3222/3222/3222 3223/3223/3223 3224/3224/3224
f 3224/3224/3224 3225/3225/3225 3222/3222/3222
f 3225/3225/3225 3224/3224/3224 3226/3226/3226
f 3226/3226/3226 3227/3227/3227 3225/3225/3225
f 3228/3228/3228 3229/3229/3229 3230/3230/3230
f 3230/3230/3230 3231/3231/3231 3228/3228/3228
f 3231/3231/3231 3230/3230/3230 3232/3232/3232
f 3232/3232/3232 3233/3233/3233 3231/3231/3231
f 3233/3233/3233 3234/3234/3234 3231/3231/3231
f 3235/3235/3235 3236/3236/3236 3237/3237/3237
f 3237/3237/3237 3238/3238/3238 3235/3235/3235
f 3238/3238/3238 3237/3237/3237 3239/3239/3239
f 3239/3239/3239 3240/3240/3240 3238/3238/3238
f 3240/3240/3240 3239/3239/3239 3241/3241/3241
f 3241/3241/3241 3242/3242/3242 3240/3240/3240
f 3243/3243/3243 3244/3244/3244 3245/3245/3245
f 3245/3245/3245 3246/3246/3246 3243/3243/3243
f 3246/3246/3246 3245/3245/3245 3247/3247/3247
f 3247/3247/3247 3248/3248/3248 3246/3246/3246
f 3249/3249/3249 3248/3248/3248 3247/3247/3247
f 3247/3247/3247 3250/3250/3250 3249/3249/3249
f 3251/3251/3251 3249/3249/3249 3250/3250/3250
f 3250/3250/3250 3252/3252/3252 3251/3251/3251
f 3253/3253/3253 3254/3254/3254 3255/3255/3255
f 3255/3255/3255 3256/3256/3256 3253/3253/3253
f 3256/3256/3256 3255/3255/3255 3257/3257/3257
f 3257/3257/3257 3258/3258/3258 3256/3256/3256
f 3258/3258/3258 3257/3257/3257 3259/3259/3259
f 3259/3259/3259 3260/3260/3260 3258/3258/3258
f 3261/3261/3261 3260/3260/3260 3259/3259/3259
f 3259/3259/3259 3262/3262/3262 3261/3261/3261
f 3263/3263/3263 3264/3264/3264 3265/3265/3265
f 3265/3265/3265 3266/3266/3266 3263/3263/3263
f 3266/3266/3266 3265/3265/3265 3267/3267/3267
f 3267/3267/3267 3268/3268/3268 3266/3266/3266
f 3269/3269/3269 3268/3268/3268 3267/3267/3267
f 3267/3267/3267 3270/3270/3270 3269/3269/3269
f 3271/3271/3271 3269/3269/3269 3270/3270/3270
f 3270/3270/3270 3272/3272/3272 3271/3271/3271
f 3273/3273/3273 3271/3271/3271 3272/3272/3272
f 3272/3272/3272 3274/3274/3274 3273/3273/3273
f 3275/3275/3275 3273/3273/3273 3274/3274/3274
f 3274/3274/3274 3276/3276/3276 3275/3275/3275
f 3277/3277/3277 3275/3275/3275 3276/3276/3276
f 3276/3276/3276 3278/3278/3278 3277/3277/3277
f 3279/3279/3279 3277/3277/3277 3278/3278/3278
f 3278/3278/3278 3280/3280/3280 3279/3279/3279
f 3281/3281/3281 3282/3282/3282 3283/3283/3283
f 3282/3282/3282 3284/3284/3284 3283/3283/3283
f 3284/3284/3284 3285/3285/3285 3283/3283/3283
f 3286/3286/3286 3287/3287/3287 3288/3288/3288
f 3288/3288/3288 3289/3289/3289 3286/3286/3286
f 3289/3289/3289 3288/3288/3288 3290/3290/3290
f 3290/3290/3290 3291/3291/3291 3289/3289/3289
f 3292/3292/3292 3291/3291/3291 3290/3290/3290
f 3290/3290/3290 3293/3293/3293 3292/3292/3292
f 3294/3294/3294 3292/3292/3292 3293/3293/3293
f 3293/3293/3293 3295/3295/3295 3294/3294/3294
f 3296/3296/3296 3294/3294/3294 3295/3295/3295
f 3295/3295/3295 3297/3297/3297 3296/3296/3296
f 3298/3298/3298 3296/3296/3296 3297/3297/3297
f 3297/3297/3297 3299/3299/3299 3298/3298/3298
f 3300/3300/3300 3298/3298/3298 3299/3299/3299
f 3299/3299/3299 3301/3301/3301 3300/3300/3300
f 3302/3302/3302 3300/3300/3300 3301/3301/3301
f 3301/3301/3301 3303/3303/3303 3302/3302/3302
f 3302/3302/3302 3303/3303/3303 3304/3304/3304
f 3304/3304/3304 3305/3305/3305 3302/3302/3302
f 3306/3306/3306 3307/3307/3307 3308/3308/3308
f 3308/3308/3308 3309/3309/3309 3306/3306/3306
f 3309/3309/3309 3308/3308/3308 3310/3310/3310
f 3310/3310/3310 3311/3311/3311 3309/3309/3309
f 3311/3311/3311 3310/3310/3310 3312/3312/3312
f 3312/3312/3312 3313/3313/3313 3311/3311/3311
f 3314/3314/3314 3313/3313/3313 3312/3312/3312
f 3312/3312/3312 3315/3315/3315 3314/3314/3314
f 3316/3316/3316 3314/3314/3314 3315/3315/3315
f 3315/3315/3315 3317/3317/3317 3316/3316/3316
f 3318/3318/3318 3319/3319/3319 3320/3320/3320
f 3321/3321/3321 3318/3318/3318 3320/3320/3320
f 3320/3320/3320 3322/3322/3322 3321/3321/3321
f 3323/3323/3323 3324/3324/3324 3325/3325/3325
f 3325/3325/3325 3326/3326/3326 3323/3323/3323
f 3326/3326/3326 3325/3325/3325 3327/3327/3327
f 3327/3327/3327 3328/3328/3328 3326/3326/3326
f 3329/3329/3329 3330/3330/3330 3331/3331/3331
f 3331/3331/3331 3332/3332/3332 3329/3329/3329
f 3332/3332/3332 3331/3331/3331 3333/3333/3333
f 3333/3333/3333 3334/3334/3334 3332/3332/3332
f 3334/3334/3334 3333/3333/3333 3335/3335/3335
f 3335/3335/3335 3336/3336/3336 3334/3334/3334
f 3337/3337/3337 3338/3338/3338 3339/3339/3339
f 3339/3339/3339 3340/3340/3340 3337/3337/3337
f 3340/3340/3340 3339/3339/3339 3341/3341/3341
f 3341/3341/3341 3342/3342/3342 3340/3340/3340
f 3342/3342/3342 3341/3341/3341 3343/3343/3343
f 3343/3343/3343 3344/3344/3344 3342/3342/3342
f 3344/3344/3344 3343/3343/3343 3345/3345/3345
f 3345/3345/3345 3346/3346/3346 3344/3344/3344
f 3346/3346/3346 3345/3345/3345 3347/3347/3347
f 3347/3347/3347 3348/3348/3348 3346/3346/3346
f 3348/3348/3348 3347/3347/3347 3349/3349/3349
f 3349/3349/3349 3350/3350/3350 3348/3348/3348
f 3350/3350/3350 3349/3349/3349 3351/3351/3351
f 3351/3351/3351 3352/3352/3352 3350/3350/3350
f 3352/3352/3352 3351/3351/3351 3353/3353/3353
f 3353/3353/3353 3354/3354/3354 3352/3352/3352
f 3354/3354/3354 3353/3353/3353 3355/3355/3355
f 3355/3355/3355 3356/3356/3356 3354/3354/3354
f 3357/3357/3357 3358/3358/3358 3359/3359/3359
f 3359/3359/3359 3360/3360/3360 3357/3357/3357
f 3360/3360/3360 3359/3359/3359 3361/3361/3361
f 3361/3361/3361 3362/3362/3362 3360/3360/3360
f 3363/3363/3363 3362/3362/3362 3361/3361/3361
f 3361/3361/3361 3364/3364/3364 3363/3363/3363
f 3363/3363/3363 3365/3365/3365 3366/3366/3366
f 3366/3366/3366 3367/3367/3367 3363/3363/3363
f 3363/3363/3363 3368/3368/3368 3369/3369/3369
f 3369/3369/3369 3370/3370/3370 3363/3363/3363
f 3371/3371/3371 3372/3372/3372 3373/3373/3373
f 3373/3373/3373 3374/3374/3374 3371/3371/3371
f 3374/3374/3374 3373/3373/3373 3375/3375/3375
f 3375/3375/3375 3376/3376/3376 3374/3374/3374
f 3377/3377/3377 3376/3376/3376 3375/3375/3375
f 3375/3375/3375 3378/3378/3378 3377/3377/3377
f 3377/3377/3377 3379/3379/3379 3380/3380/3380
f 3380/3380/3380 3381/3381/3381 3377/3377/3377
f 3377/3377/3377 3382/3382/3382 3383/3383/3383
f 3383/3383/3383 3384/3384/3384 3377/3377/3377
f 3385/3385/3385 3386/3386/3386 3387/3387/3387
f 3387/3387/3387 3388/3388/3388 3385/3385/3385
f 3388/3388/3388 3387/3387/3387 3389/3389/3389
f 3389/3389/3389 3390/3390/3390 3388/3388/3388
f 3391/3391/3391 3390/3390/3390 3389/3389/3389
f 3389/3389/3389 3392/3392/3392 3391/3391/3391
f 3391/3391/3391 3393/3393/3393 3394/3394/3394
f 3394/3394/3394 3395/3395/3395 3391/3391/3391
f 3391/3391/3391 3396/3396/3396 3397/3397/3397
f 3397/3397/3397 3398/3398/3398 3391/3391/3391
f 3399/3399/3399 3400/3400/3400 3401/3401/3401
f 3401/3401/3401 3402/3402/3402 3399/3399/3399
f 3402/3402/3402 3401/3401/3401 3403/3403/3403
f 3403/3403/3403 3404/3404/3404 3402/3402/3402
f 3405/3405/3405 3404/3404/3404 3403/3403/3403
f 3403/3403/3403 3406/3406/3406 3405/3405/3405
f 3407/3407/3407 3408/3408/3408 3405/3405/3405
f 3405/3405/3405 3409/3409/3409 3407/3407/3407
f 3405/3405/3405 3410/3410/3410 3411/3411/3411
f 3411/3411/3411 3412/3412/3412 3405/3405/3405
f 3413/3413/3413 3414/3414/3414 3415/3415/3415
f 3415/3415/3415 3416/3416/3416 3413/3413/3413
f 3416/3416/3416 3415/3415/3415 3417/3417/3417
f 3417/3417/3417 3418/3418/3418 3416/3416/3416
f 3419/3419/3419 3418/3418/3418 3417/3417/3417
f 3417/3417/3417 3420/3420/3420 3419/3419/3419
f 3421/3421/3421 3422/3422/3422 3419/3419/3419
f 3419/3419/3419 3423/3423/3423 3421/3421/3421
f 3419/3419/3419 3424/3424/3424 3425/3425/3425
f 3425/3425/3425 3426/3426/3426 3419/3419/3419
f 3427/3427/3427 3428/3428/3428 3429/3429/3429
f 3429/3429/3429 3430/3430/3430 3427/3427/3427
f 3430/3430/3430 3429/3429/3429 3431/3431/3431
f 3431/3431/3431 3432/3432/3432 3430/3430/3430
f 3432/3432/3432 3431/3431/3431 3433/3433/3433
f 3433/3433/3433 3434/3434/3434 3432/3432/3432
f 3434/3434/3434 3433/3433/3433 3435/3435/3435
f 3435/3435/3435 3436/3436/3436 3434/3434/3434
f 3437/3437/3437 3436/3436/3436 3435/3435/3435
f 3435/3435/3435 3438/3438/3438 3437/3437/3437
f 3439/3439/3439 3440/3440/3440 3441/3441/3441
f 3441/3441/3441 3442/3442/3442 3439/3439/3439
f 3442/3442/3442 3441/3441/3441 3443/3443/3443
f 3443/3443/3443 3444/3444/3444 3442/3442/3442
f 3445/3445/3445 3444/3444/3444 3443/3443/3443
f 3443/3443/3443 3446/3446/3446 3445/3445/3445
f 3445/3445/3445 3446/3446/3446 3447/3447/3447
f 3447/3447/3447 3448/3448/3448 3445/3445/3445
f 3448/3448/3448 3447/3447/3447 3449/3449/3449
f 3449/3449/3449 3450/3450/3450 3448/3448/3448
f 3450/3450/3450 3449/3449/3449 3451/3451/3451
f 3451/3451/3451 3452/3452/3452 3450/3450/3450
f 3452/3452/3452 3451/3451/3451 3453/3453/3453
f 3453/3453/3453 3454/3454/3454 3452/3452/3452
f 3455/3455/3455 3454/3454/3454 3453/3453/3453
f 3453/3453/3453 3456/3456/3456 3455/3455/3455
f 3455/3455/3455 3456/3456/3456 3457/3457/3457
f 3457/3457/3457 3458/3458/3458 3455/3455/3455
f 3458/3458/3458 3457/3457/3457 3459/3459/3459
f 3459/3459/3459 3460/3460/3460 3458/3458/3458
f 3460/3460/3460 3459/3459/3459 3461/3461/3461
f 3461/3461/3461 3462/3462/3462 3460/3460/3460
f 3462/3462/3462 3461/3461/3461 3463/3463/3463
f 3463/3463/3463 3464/3464/3464 3462/3462/3462
f 3464/3464/3464 3463/3463/3463 3465/3465/3465
f 3465/3465/3465 3466/3466/3466 3464/3464/3464
f 3467/3467/3467 3468/3468/3468 3469/3469/3469
f 3469/3469/3469 3470/3470/3470 3467/3467/3467
f 3470/3470/3470 3469/3469/3469 3471/3471/3471
f 3471/3471/3471 3472/3472/3472 3470/3470/3470
f 3472/3472/3472 3471/3471/3471 3473/3473/3473
f 3473/3473/3473 3474/3474/3474 3472/3472/3472
f 3474/3474/3474 3473/3473/3473 3475/3475/3475
f 3475/3475/3475 3476/3476/3476 3474/3474/3474
f 3477/3477/3477 3476/3476/3476 3475/3475/3475
f 3475/3475/3475 3478/3478/3478 3477/3477/3477
f 3479/3479/3479 3477/3477/3477 3478/3478/3478
f 3478/3478/3478 3480/3480/3480 3479/3479/3479
f 3481/3481/3481 3482/3482/3482 3483/3483/3483
f 3483/3483/3483 3484/3484/3484 3481/3481/3481
f 3484/3484/3484 3483/3483/3483 3485/3485/3485
f 3485/3485/3485 3486/3486/3486 3484/3484/3484
f 3486/3486/3486 3485/3485/3485 3487/3487/3487
f 3487/3487/3487 3488/3488/3488 3486/3486/3486
f 3488/3488/3488 3487/3487/3487 3489/3489/3489
f 3489/3489/3489 3490/3490/3490 3488/3488/3488
f 3490/3490/3490 3489/3489/3489 3491/3491/3491
f 3491/3491/3491 3492/3492/3492 3490/3490/3490
f 3492/3492/3492 3491/3491/3491 3493/3493/3493
f 3493/3493/3493 3494/3494/3494 3492/3492/3492
f 3494/3494/3494 3493/3493/3493 3495/3495/3495
f 3495/3495/3495 3496/3496/3496 3494/3494/3494
f 3497/3497/3497 3496/3496/3496 3495/3495/3495
f 3495/3495/3495 3498/3498/3498 3497/3497/3497
f 3499/3499/3499 3500/3500/3500 3501/3501/3501
f 3501/3501/3501 3502/3502/3502 3499/3499/3499
f 3502/3502/3502 3501/3501/3501 3503/3503/3503
f 3503/3503/3503 3504/3504/3504 3502/3502/3502
f 3504/3504/3504 3503/3503/3503 3505/3505/3505
f 3505/3505/3505 3506/3506/3506 3504/3504/3504
f 3506/3506/3506 3505/3505/3505 3507/3507/3507
f 3507/3507/3507 3508/3508/3508 3506/3506/3506
f 3508/3508/3508 3507/3507/3507 3509/3509/3509
f 3509/3509/3509 3510/3510/3510 3508/3508/3508
f 3510/3510/3510 3509/3509/3509 3511/3511/3511
f 3511/3511/3511 3512/3512/3512 3510/3510/3510
f 3512/3512/3512 3511/3511/3511 3513/3513/3513
f 3513/3513/3513 3514/3514/3514 3512/3512/3512
f 3515/3515/3515 3514/3514/3514 3513/3513/3513
f 3513/3513/3513 3516/3516/3516 3515/3515/3515
f 3517/3517/3517 3518/3518/3518 3519/3519/3519
f 3519/3519/3519 3520/3520/3520 3517/3517/3517
f 3520/3520/3520 3519/3519/3519 3521/3521/3521
f 3521/3521/3521 3522/3522/3522 3520/3520/3520
f 3522/3522/3522 3521/3521/3521 3523/3523/3523
f 3523/3523/3523 3524/3524/3524 3522/3522/3522
f 3524/3524/3524 3523/3523/3523 3525/3525/3525
f 3525/3525/3525 3526/3526/3526 3524/3524/3524
f 3526/3526/3526 3525/3525/3525 3527/3527/3527
f 3527/3527/3527 3528/3528/3528 3526/3526/3526
f 3528/3528/3528 3527/3527/3527 3529/3529/3529
f 3529/3529/3529 3530/3530/3530 3528/3528/3528
f 3530/3530/3530 3529/3529/3529 3531/3531/3531
f 3531/3531/3531 3532/3532/3532 3530/3530/3530
f 3533/3533/3533 3532/3532/3532 3531/3531/3531
f 3531/3531/3531 3534/3534/3534 3533/3533/3533
f 3535/3535/3535 3536/3536/3536 3537/3537/3537
f 3537/3537/3537 3538/3538/3538 3535/3535/3535
f 3538/3538/3538 3537/3537/3537 3539/3539/3539
f 3539/3539/3539 3540/3540/3540 3538/3538/3538
f 3540/3540/3540 3539/3539/3539 3541/3541/3541
f 3541/3541/3541 3542/3542/3542 3540/3540/3540
f 3542/3542/3542 3541/3541/3541 3543/3543/3543
f 3543/3543/3543 3544/3544/3544 3542/3542/3542
f 3544/3544/3544 3543/3543/3543 3545/3545/3545
f 3545/3545/3545 3546/3546/3546 3544/3544/3544
f 3546/3546/3546 3545/3545/3545 3547/3547/3547
f 3547/3547/3547 3548/3548/3548 3546/3546/3546
f 3548/3548/3548 3547/3547/3547 3549/3549/3549
f 3549/3549/3549 3550/3550/3550 3548/3548/3548
f 3551/3551/3551 3550/3550/3550 3549/3549/3549
f 3549/3549/3549 3552/3552/3552 3551/3551/3551
f 3553/3553/3553 3554/3554/3554 3555/3555/3555
f 3555/3555/3555 3556/3556/3556 3553/3553/3553
f 3556/3556/3556 3555/3555/3555 3557/3557/3557
f 3557/3557/3557 3558/3558/3558 3556/3556/3556
f 3558/3558/3558 3557/3557/3557 3559/3559/3559
f 3559/3559/3559 3560/3560/3560 3558/3558/3558
f 3560/3560/3560 3559/3559/3559 3561/3561/3561
f 3561/3561/3561 3562/3562/3562 3560/3560/3560
f 3562/3562/3562 3561/3561/3561 3563/3563/3563
f 3563/3563/3563 3564/3564/3564 3562/3562/3562
f 3564/3564/3564 3563/3563/3563 3565/3565/3565
f 3565/3565/3565 3566/3566/3566 3564/3564/3564
f 3566/3566/3566 3565/3565/3565 3567/3567/3567
f 3567/3567/3567 3568/3568/3568 3566/3566/3566
f 3569/3569/3569 3568/3568/3568 3567/3567/3567
f 3567/3567/3567 3570/3570/3570 3569/3569/3569
f 3571/3571/3571 3572/3572/3572 3573/3573/3573
f 3573/3573/3573 3574/3574/3574 3571/3571/3571
f 3574/3574/3574 3573/3573/3573 3575/3575/3575
f 3575/3575/3575 3576/3576/3576 3574/3574/3574
f 3576/3576/3576 3575/3575/3575 3577/3577/3577
f 3577/3577/3577 3578/3578/3578 3576/3576/3576
f 3578/3578/3578 3577/3577/3577 3579/3579/3579
f 3579/3579/3579 3580/3580/3580 3578/3578/3578
f 3580/3580/3580 3579/3579/3579 3581/3581/3581
f 3581/3581/3581 3582/3582/3582 3580/3580/3580
f 3582/3582/3582 3581/3581/3581 3583/3583/3583
f 3583/3583/3583 3584/3584/3584 3582/3582/3582
f 3584/3584/3584 3583/3583/3583 3585/3585/3585
f 3585/3585/3585 3586/3586/3586 3584/3584/3584
f 3586/3586/3586 3585/3585/3585 3587/3587/3587
f 3587/3587/3587 3588/3588/3588 3586/3586/3586
f 3589/3589/3589 3590/3590/3590 3591/3591/3591
f 3591/3591/3591 3592/3592/3592 3589/3589/3589
f 3592/3592/3592 3591/3591/3591 3593/3593/3593
f 3593/3593/3593 3594/3594/3594 3592/3592/3592
f 3594/3594/3594 3593/3593/3593 3595/3595/3595
f 3595/3595/3595 3596/3596/3596 3594/3594/3594
f 3596/3596/3596 3595/3595/3595 3597/3597/3597
f 3597/3597/3597 3598/3598/3598 3596/3596/3596
f 3598/3598/3598 3597/3597/3597 3599/3599/3599
f 3599/3599/3599 3600/3600/3600 3598/3598/3598
f 3600/3600/3600 3599/3599/3599 3601/3601/3601
f 3601/3601/3601 3602/3602/3602 3600/3600/3600
f 3602/3602/3602 3601/3601/3601 3603/3603/3603
f 3603/3603/3603 3604/3604/3604 3602/3602/3602
f 3604/3604/3604 3603/3603/3603 3605/3605/3605
f 3605/3605/3605 3606/3606/3606 3604/3604/3604
f 3607/3607/3607 3608/3608/3608 3609/3609/3609
f 3609/3609/3609 3610/3610/3610 3607/3607/3607
f 3610/3610/3610 3609/3609/3609 3611/3611/3611
f 3611/3611/3611 3612/3612/3612 3610/3610/3610
f 3612/3612/3612 3611/3611/3611 3613/3613/3613
f 3613/3613/3613 3614/3614/3614 3612/3612/3612
f 3614/3614/3614 3613/3613/3613 3615/3615/3615
f 3615/3615/3615 3616/3616/3616 3614/3614/3614
f 3616/3616/3616 3615/3615/3615 3617/3617/3617
f 3617/3617/3617 3618/3618/3618 3616/3616/3616
f 3618/3618/3618 3617/3617/3617 3619/3619/3619
f 3619/3619/3619 3620/3620/3620 3618/3618/3618
f 3620/3620/3620 3619/3619/3619 3621/3621/3621
f 3621/3621/3621 3622/3622/3622 3620/3620/3620
f 3623/3623/3623 3622/3622/3622 3621/3621/3621
f 3621/3621/3621 3624/3624/3624 3623/3623/3623
f 3625/3625/3625 3626/3626/3626 3627/3627/3627
f 3627/3627/3627 3628/3628/3628 3625/3625/3625
f 3628/3628/3628 3627/3627/3627 3629/3629/3629
f 3629/3629/3629 3630/3630/3630 3628/3628/3628
f 3631/3631/3631 3630/3630/3630 3629/3629/3629
f 3629/3629/3629 3632/3632/3632 3631/3631/3631
f 3633/3633/3633 3631/3631/3631 3632/3632/3632
f 3632/3632/3632 3634/3634/3634 3633/3633/3633
f 3635/3635/3635 3633/3633/3633 3634/3634/3634
f 3634/3634/3634 3636/3636/3636 3635/3635/3635
f 3637/3637/3637 3635/3635/3635 3636/3636/3636
f 3636/3636/3636 3638/3638/3638 3637/3637/3637
f 3639/3639/3639 3637/3637/3637 3638/3638/3638
f 3638/3638/3638 3640/3640/3640 3639/3639/3639
f 3641/3641/3641 3639/3639/3639 3640/3640/3640
f 3640/3640/3640 3642/3642/3642 3641/3641/3641
f 3643/3643/3643 3641/3641/3641 3642/3642/3642
f 3642/3642/3642 3644/3644/3644 3643/3643/3643
f 3645/3645/3645 3646/3646/3646 3647/3647/3647
f 3647/3647/3647 3648/3648/3648 3645/3645/3645
f 3648/3648/3648 3647/3647/3647 3649/3649/3649
f 3649/3649/3649 3650/3650/3650 3648/3648/3648
f 3650/3650/3650 3649/3649/3649 3651/3651/3651
f 3651/3651/3651 3652/3652/3652 3650/3650/3650
f 3652/3652/3652 3651/3651/3651 3653/3653/3653
f 3653/3653/3653 3654/3654/3654 3652/3652/3652
f 3654/3654/3654 3653/3653/3653 3655/3655/3655
f 3655/3655/3655 3656/3656/3656 3654/3654/3654
f 3656/3656/3656 3655/3655/3655 3657/3657/3657
f 3657/3657/3657 3658/3658/3658 3656/3656/3656
f 3658/3658/3658 3657/3657/3657 3659/3659/3659
f 3659/3659/3659 3660/3660/3660 3658/3658/3658
f 3660/3660/3660 3659/3659/3659 3661/3661/3661
f 3661/3661/3661 3662/3662/3662 3660/3660/3660
f 3663/3663/3663 3664/3664/3664 3665/3665/3665
f 3665/3665/3665 3666/3666/3666 3663/3663/3663
f 3666/3666/3666 3665/3665/3665 3667/3667/3667
f 3667/3667/3667 3668/3668/3668 3666/3666/3666
f 3669/3669/3669 3668/3668/3668 3667/3667/3667
f 3667/3667/3667 3670/3670/3670 3669/3669/3669
f 3671/3671/3671 3672/3672/3672 3673/3673/3673
f 3673/3673/3673 3674/3674/3674 3671/3671/3671
f 3675/3675/3675 3674/3674/3674 3673/3673/3673
f 3676/3676/3676 3674/3674/3674 3675/3675/3675
f 3674/3674/3674 3676/3676/3676 3677/3677/3677
f 3677/3677/3677 3678/3678/3678 3674/3674/3674
f 3679/3679/3679 3678/3678/3678 3677/3677/3677
f 3679/3679/3679 3680/3680/3680 3678/3678/3678
f 3680/3680/3680 3681/3681/3681 3678/3678/3678
f 3682/3682/3682 3678/3678/3678 3681/3681/3681
f 3681/3681/3681 3683/3683/3683 3682/3682/3682
f 3684/3684/3684 3685/3685/3685 3686/3686/3686
f 3686/3686/3686 3687/3687/3687 3684/3684/3684
f 3687/3687/3687 3686/3686/3686 3688/3688/3688
f 3688/3688/3688 3689/3689/3689 3687/3687/3687
f 3689/3689/3689 3688/3688/3688 3690/3690/3690
f 3690/3690/3690 3691/3691/3691 3689/3689/3689
f 3691/3691/3691 3690/3690/3690 3692/3692/3692
f 3692/3692/3692 3693/3693/3693 3691/3691/3691
f 3693/3693/3693 3692/3692/3692 3694/3694/3694
f 3694/3694/3694 3695/3695/3695 3693/3693/3693
f 3696/3696/3696 3697/3697/3697 3698/3698/3698
f 3698/3698/3698 3699/3699/3699 3696/3696/3696
f 3699/3699/3699 3698/3698/3698 3700/3700/3700
f 3700/3700/3700 3701/3701/3701 3699/3699/3699
f 3702/3702/3702 3701/3701/3701 3700/3700/3700
f 3700/3700/3700 3703/3703/3703 3702/3702/3702
f 3702/3702/3702 3704/3704/3704 3705/3705/3705
f 3705/3705/3705 3706/3706/3706 3702/3702/3702
f 3702/3702/3702 3707/3707/3707 3708/3708/3708
f 3708/3708/3708 3709/3709/3709 3702/3702/3702
f 3710/3710/3710 3711/3711/3711 3712/3712/3712
f 3712/3712/3712 3713/3713/3713 3710/3710/3710
f 3713/3713/3713 3712/3712/3712 3714/3714/3714
f 3714/3714/3714 3715/3715/3715 3713/3713/3713
f 3715/3715/3715 3714/3714/3714 3716/3716/3716
f 3716/3716/3716 3717/3717/3717 3715/3715/3715
f 3717/3717/3717 3716/3716/3716 3718/3718/3718
f 3718/3718/3718 3719/3719/3719 3717/3717/3717
f 3719/3719/3719 3718/3718/3718 3720/3720/3720
f 3720/3720/3720 3721/3721/3721 3719/3719/3719
f 3721/3721/3721 3720/3720/3720 3722/3722/3722
f 3722/3722/3722 3723/3723/3723 3721/3721/3721
f 3723/3723/3723 3722/3722/3722 3724/3724/3724
f 3724/3724/3724 3725/3725/3725 3723/3723/3723
f 3726/3726/3726 3725/3725/3725 3724/3724/3724
f 3724/3724/3724 3727/3727/3727 3726/3726/3726
f 3728/3728/3728 3729/3729/3729 3730/3730/3730
f 3730/3730/3730 3731/3731/3731 3728/3728/3728
f 3731/3731/3731 3730/3730/3730 3732/3732/3732
f 3732/3732/3732 3733/3733/3733 3731/3731/3731
f 3733/3733/3733 3732/3732/3732 3734/3734/3734
f 3734/3734/3734 3735/3735/3735 3733/3733/3733
f 3735/3735/3735 3734/3734/3734 3736/3736/3736
f 3736/3736/3736 3737/3737/3737 3735/3735/3735
f 3737/3737/3737 3736/3736/3736 3738/3738/3738
f 3738/3738/3738 3739/3739/3739 3737/3737/3737
f 3739/3739/3739 3738/3738/3738 3740/3740/3740
f 3740/3740/3740 3741/3741/3741 3739/3739/3739
f 3741/3741/3741 3740/3740/3740 3742/3742/3742
f 3742/3742/3742 3743/3743/3743 3741/3741/3741
f 3743/3743/3743 3742/3742/3742 3744/3744/3744
f 3744/3744/3744 3745/3745/3745 3743/3743/3743
f 3746/3746/3746 3747/3747/3747 3748/3748/3748
f 3749/3749/3749 3746/3746/3746 3748/3748/3748
f 3748/3748/3748 3750/3750/3750 3749/3749/3749
f 3751/3751/3751 3752/3752/3752 3753/3753/3753
f 3752/3752/3752 3754/3754/3754 3753/3753/3753
f 3754/3754/3754 3755/3755/3755 3753/3753/3753
f 3756/3756/3756 3755/3755/3755 3754/3754/3754
f 3754/3754/3754 3757/3757/3757 3756/3756/3756
f 3758/3758/3758 3759/3759/3759 3760/3760/3760
f 3760/3760/3760 3761/3761/3761 3758/3758/3758
f 3761/3761/3761 3760/3760/3760 3762/3762/3762
f 3762/3762/3762 3763/3763/3763 3761/3761/3761
f 3764/3764/3764 3763/3763/3763 3762/3762/3762
f 3762/3762/3762 3765/3765/3765 3764/3764/3764
f 3764/3764/3764 3765/3765/3765 3766/3766/3766
f 3766/3766/3766 3767/3767/3767 3764/3764/3764
f 3767/3767/3767 3766/3766/3766 3768/3768/3768
f 3768/3768/3768 3769/3769/3769 3767/3767/3767
f 3770/3770/3770 3771/3771/3771 3772/3772/3772
f 3772/3772/3772 3773/3773/3773 3770/3770/3770
f 3773/3773/3773 3772/3772/3772 3774/3774/3774
f 3774/3774/3774 3775/3775/3775 3773/3773/3773
f 3776/3776/3776 3775/3775/3775 3774/3774/3774
f 3774/3774/3774 3777/3777/3777 3776/3776/3776
f 3776/3776/3776 3777/3777/3777 3778/3778/3778
f 3778/3778/3778 3779/3779/3779 3776/3776/3776
f 3779/3779/3779 3778/3778/3778 3780/3780/3780
f 3780/3780/3780 3781/3781/3781 3779/3779/3779
f 3782/3782/3782 3783/3783/3783 3784/3784/3784
f 3784/3784/3784 3785/3785/3785 3782/3782/3782
f 3785/3785/3785 3784/3784/3784 3786/3786/3786
f 3786/3786/3786 3787/3787/3787 3785/3785/3785
f 3787/3787/3787 3786/3786/3786 3788/3788/3788
f 3788/3788/3788 3789/3789/3789 3787/3787/3787
f 3789/3789/3789 3788/3788/3788 3790/3790/3790
f 3790/3790/3790 3791/3791/3791 3789/3789/3789
f 3791/3791/3791 3790/3790/3790 3792/3792/3792
f 3792/3792/3792 3793/3793/3793 3791/3791/3791
f 3794/3794/3794 3795/3795/3795 3796/3796/3796
f 3796/3796/3796 3797/3797/3797 3794/3794/3794
f 3797/3797/3797 3796/3796/3796 3798/3798/3798
f 3798/3798/3798 3799/3799/3799 3797/3797/3797
f 3799/3799/3799 3798/3798/3798 3800/3800/3800
f 3800/3800/3800 3801/3801/3801 3799/3799/3799
f 3802/3802/3802 3803/3803/3803 3804/3804/3804
f 3804/3804/3804 3805/3805/3805 3802/3802/3802
f 3805/3805/3805 3804/3804/3804 3806/3806/3806
f 3806/3806/3806 3807/3807/3807 3805/3805/3805
f 3808/3808/3808 3807/3807/3807 3806/3806/3806
f 3806/3806/3806 3809/3809/3809 3808/3808/3808
f 3810/3810/3810 3811/3811/3811 3812/3812/3812
f 3811/3811/3811 3813/3813/3813 3812/3812/3812
f 3813/3813/3813 3814/3814/3814 3812/3812/3812
f 3815/3815/3815 3816/3816/3816 3817/3817/3817
f 3817/3817/3817 3818/3818/3818 3815/3815/3815
f 3819/3819/3819 3818/3818/3818 3817/3817/3817
f 3820/3820/3820 3821/3821/3821 3822/3822/3822
f 3822/3822/3822 3823/3823/3823 3820/3820/3820
f 3824/3824/3824 3823/3823/3823 3822/3822/3822
f 3825/3825/3825 3826/3826/3826 3827/3827/3827
f 3827/3827/3827 3828/3828/3828 3825/3825/3825
f 3828/3828/3828 3827/3827/3827 3829/3829/3829
f 3829/3829/3829 3830/3830/3830 3828/3828/3828
f 3830/3830/3830 3829/3829/3829 3831/3831/3831
f 3831/3831/3831 3832/3832/3832 3830/3830/3830
f 3832/3832/3832 3831/3831/3831 3833/3833/3833
f 3833/3833/3833 3834/3834/3834 3832/3832/3832
f 3834/3834/3834 3833/3833/3833 3835/3835/3835
f 3835/3835/3835 3836/3836/3836 3834/3834/3834
f 3836/3836/3836 3835/3835/3835 3837/3837/3837
f 3837/3837/3837 3838/3838/3838 3836/3836/3836
f 3838/3838/3838 3837/3837/3837 3839/3839/3839
f 3839/3839/3839 3840/3840/3840 3838/3838/3838
f 3840/3840/3840 3839/3839/3839 3841/3841/3841
f 3841/3841/3841 3842/3842/3842 3840/3840/3840
f 3842/3842/3842 3841/3841/3841 3843/3843/3843
f 3843/3843/3843 3844/3844/3844 3842/3842/3842
f 3845/3845/3845 3846/3846/3846 3847/3847/3847
f 3847/3847/3847 3848/3848/3848 3845/3845/3845
f 3848/3848/3848 3847/3847/3847 3849/3849/3849
f 3849/3849/3849 3850/3850/3850 3848/3848/3848
f 3850/3850/3850 3849/3849/3849 3851/3851/3851
f 3851/3851/3851 3852/3852/3852 3850/3850/3850
f 3852/3852/3852 3851/3851/3851 3853/3853/3853
f 3853/3853/3853 3854/3854/3854 3852/3852/3852
f 3854/3854/3854 3853/3853/3853 3855/3855/3855
f 3855/3855/3855 3856/3856/3856 3854/3854/3854
f 3856/3856/3856 3855/3855/3855 3857/3857/3857
f 3857/3857/3857 3858/3858/3858 3856/3856/3856
f 3858/3858/3858 3857/3857/3857 3859/3859/3859
f 3859/3859/3859 3860/3860/3860 3858/3858/3858
f 3860/3860/3860 3859/3859/3859 3861/3861/3861
f 3861/3861/3861 3862/3862/3862 3860/3860/3860
f 3862/3862/3862 3861/3861/3861 3863/3863/3863
f 3863/3863/3863 3864/3864/3864 3862/3862/3862
f 3865/3865/3865 3866/3866/3866 3867/3867/3867
f 3866/3866/3866 3868/3868/3868 3867/3867/3867
f 3868/3868/3868 3869/3869/3869 3867/3867/3867
f 3870/3870/3870 3871/3871/3871 3872/3872/3872
f 3870/3870/3870 3872/3872/3872 3873/3873/3873
f 3872/3872/3872 3874/3874/3874 3873/3873/3873
f 3875/3875/3875 3876/3876/3876 3877/3877/3877
f 3878/3878/3878 3875/3875/3875 3877/3877/3877
f 3877/3877/3877 3879/3879/3879 3878/3878/3878
f 3880/3880/3880 3881/3881/3881 3882/3882/3882
f 3881/3881/3881 3883/3883/3883 3882/3882/3882
f 3883/3883/3883 3884/3884/3884 3882/3882/3882
f 3885/3885/3885 3886/3886/3886 3887/3887/3887
f 3887/3887/3887 3888/3888/3888 3885/3885/3885
f 3889/3889/3889 3888/3888/3888 3887/3887/3887
f 3890/3890/3890 3888/3888/3888 3889/3889/3889
f 3888/3888/3888 3890/3890/3890 3891/3891/3891
f 3891/3891/3891 3892/3892/3892 3888/3888/3888
f 3891/3891/3891 3893/3893/3893 3892/3892/3892
f 3893/3893/3893 3894/3894/3894 3892/3892/3892
f 3892/3892/3892 3894/3894/3894 3895/3895/3895
f 3895/3895/3895 3896/3896/3896 3892/3892/3892
f 3897/3897/3897 3898/3898/3898 3899/3899/3899
f 3900/3900/3900 3897/3897/3897 3899/3899/3899
f 3900/3900/3900 3899/3899/3899 3901/3901/3901
f 3902/3902/3902 3903/3903/3903 3901/3901/3901
f 3901/3901/3901 3903/3903/3903 3904/3904/3904
f 3905/3905/3905 3900/3900/3900 3901/3901/3901
f 3905/3905/3905 3901/3901/3901 3904/3904/3904
f 3905/3905/3905 3906/3906/3906 3900/3900/3900
f 3907/3907/3907 3905/3905/3905 3904/3904/3904
f 3908/3908/3908 3909/3909/3909 3910/3910/3910
f 3910/3910/3910 3911/3911/3911 3908/3908/3908
f 3912/3912/3912 3911/3911/3911 3910/3910/3910
f 3913/3913/3913 3911/3911/3911 3912/3912/3912
f 3914/3914/3914 3911/3911/3911 3913/3913/3913
f 3915/3915/3915 3911/3911/3911 3914/3914/3914
f 3914/3914/3914 3916/3916/3916 3915/3915/3915
f 3916/3916/3916 3917/3917/3917 3915/3915/3915
f 3917/3917/3917 3918/3918/3918 3915/3915/3915
f 3915/3915/3915 3918/3918/3918 3919/3919/3919
f 3919/3919/3919 3920/3920/3920 3915/3915/3915
f 3921/3921/3921 3922/3922/3922 3923/3923/3923
f 3923/3923/3923 3924/3924/3924 3921/3921/3921
f 3924/3924/3924 3923/3923/3923 3925/3925/3925
f 3925/3925/3925 3926/3926/3926 3924/3924/3924
f 3926/3926/3926 3925/3925/3925 3927/3927/3927
f 3927/3927/3927 3928/3928/3928 3926/3926/3926
f 3928/3928/3928 3927/3927/3927 3929/3929/3929
f 3929/3929/3929 3930/3930/3930 3928/3928/3928
f 3930/3930/3930 3929/3929/3929 3931/3931/3931
f 3931/3931/3931 3932/3932/3932 3930/3930/3930
f 3933/3933/3933 3934/3934/3934 3935/3935/3935
f 3935/3935/3935 3936/3936/3936 3933/3933/3933
f 3936/3936/3936 3935/3935/3935 3937/3937/3937
f 3937/3937/3937 3938/3938/3938 3936/3936/3936
f 3938/3938/3938 3937/3937/3937 3939/3939/3939
f 3939/3939/3939 3940/3940/3940 3938/3938/3938
f 3940/3940/3940 3939/3939/3939 3941/3941/3941
f 3941/3941/3941 3942/3942/3942 3940/3940/3940
f 3942/3942/3942 3941/3941/3941 3943/3943/3943
f 3943/3943/3943 3944/3944/3944 3942/3942/3942
f 3945/3945/3945 3946/3946/3946 3947/3947/3947
f 3947/3947/3947 3948/3948/3948 3945/3945/3945
f 3948/3948/3948 3947/3947/3947 3949/3949/3949
f 3949/3949/3949 3950/3950/3950 3948/3948/3948
f 3950/3950/3950 3949/3949/3949 3951/3951/3951
f 3951/3951/3951 3952/3952/3952 3950/3950/3950
f 3952/3952/3952 3951/3951/3951 3953/3953/3953
f 3953/3953/3953 3954/3954/3954 3952/3952/3952
f 3954/3954/3954 3953/3953/3953 3955/3955/3955
f 3955/3955/3955 3956/3956/3956 3954/3954/3954
f 3957/3957/3957 3958/3958/3958 3959/3959/3959
f 3959/3959/3959 3960/3960/3960 3957/3957/3957
f 3960/3960/3960 3959/3959/3959 3961/3961/3961
f 3961/3961/3961 3962/3962/3962 3960/3960/3960
f 3962/3962/3962 3961/3961/3961 3963/3963/3963
f 3963/3963/3963 3964/3964/3964 3962/3962/3962
f 3964/3964/3964 3963/3963/3963 3965/3965/3965
f 3965/3965/3965 3966/3966/3966 3964/3964/3964
f 3966/3966/3966 3965/3965/3965 3967/3967/3967
f 3967/3967/3967 3968/3968/3968 3966/3966/3966
f 3969/3969/3969 3970/3970/3970 3971/3971/3971
f 3971/3971/3971 3972/3972/3972 3969/3969/3969
f 3972/3972/3972 3971/3971/3971 3973/3973/3973
f 3973/3973/3973 3974/3974/3974 3972/3972/3972
f 3974/3974/3974 3973/3973/3973 3975/3975/3975
f 3975/3975/3975 3976/3976/3976 3974/3974/3974
f 3976/3976/3976 3975/3975/3975 3977/3977/3977
f 3977/3977/3977 3978/3978/3978 3976/3976/3976
f 3978/3978/3978 3977/3977/3977 3979/3979/3979
f 3979/3979/3979 3980/3980/3980 3978/3978/3978
f 3980/3980/3980 3979/3979/3979 3981/3981/3981
f 3981/3981/3981 3982/3982/3982 3980/3980/3980
f 3983/3983/3983 3984/3984/3984 3985/3985/3985
f 3985/3985/3985 3986/3986/3986 3983/3983/3983
f 3986/3986/3986 3985/3985/3985 3987/3987/3987
f 3987/3987/3987 3988/3988/3988 3986/3986/3986
f 3988/3988/3988 3987/3987/3987 3989/3989/3989
f 3989/3989/3989 3990/3990/3990 3988/3988/3988
f 3990/3990/3990 3989/3989/3989 3991/3991/3991
f 3991/3991/3991 3992/3992/3992 3990/3990/3990
f 3992/3992/3992 3991/3991/3991 3993/3993/3993
f 3993/3993/3993 3994/3994/3994 3992/3992/3992
f 3994/3994/3994 3993/3993/3993 3995/3995/3995
f 3995/3995/3995 3996/3996/3996 3994/3994/3994
f 3997/3997/3997 3998/3998/3998 3999/3999/3999
f 3999/3999/3999 4000/4000/4000 3997/3997/3997
f 4000/4000/4000 3999/3999/3999 4001/4001/4001
f 4001/4001/4001 4002/4002/4002 4000/4000/4000
f 4002/4002/4002 4001/4001/4001 4003/4003/4003
f 4003/4003/4003 4004/4004/4004 4002/4002/4002
f 4004/4004/4004 4003/4003/4003 4005/4005/4005
f 4005/4005/4005 4006/4006/4006 4004/4004/4004
f 4006/4006/4006 4005/4005/4005 4007/4007/4007
f 4007/4007/4007 4008/4008/4008 4006/4006/4006
f 4008/4008/4008 4007/4007/4007 4009/4009/4009
f 4009/4009/4009 4010/4010/4010 4008/4008/4008
f 4010/4010/4010 4009/4009/4009 4011/4011/4011
f 4011/4011/4011 4012/4012/4012 4010/4010/4010
f 4012/4012/4012 4011/4011/4011 4013/4013/4013
f 4013/4013/4013 4014/4014/4014 4012/4012/4012
f 4014/4014/4014 4013/4013/4013 4015/4015/4015
f 4015/4015/4015 4016/4016/4016 4014/4014/4014
f 4016/4016/4016 4015/4015/4015 4017/4017/4017
f 4017/4017/4017 4018/4018/4018 4016/4016/4016
f 4018/4018/4018 4017/4017/4017 4019/4019/4019
f 4019/4019/4019 4020/4020/4020 4018/4018/4018
f 4020/4020/4020 4019/4019/4019 4021/4021/4021
f 4021/4021/4021 4022/4022/4022 4020/4020/4020
f 4023/4023/4023 4024/4024/4024 4025/4025/4025
f 4025/4025/4025 4026/4026/4026 4023/4023/4023
f 4026/4026/4026 4025/4025/4025 4027/4027/4027
f 4027/4027/4027 4028/4028/4028 4026/4026/4026
f 4029/4029/4029 4026/4026/4026 4028/4028/4028
f 4028/4028/4028 4030/4030/4030 4029/4029/4029
f 4028/4028/4028 4027/4027/4027 4031/4031/4031
f 4031/4031/4031 4032/4032/4032 4028/4028/4028
f 4032/4032/4032 4031/4031/4031 4033/4033/4033
f 4033/4033/4033 4034/4034/4034 4032/4032/4032
f 4035/4035/4035 4032/4032/4032 4034/4034/4034
f 4034/4034/4034 4036/4036/4036 4035/4035/4035
f 4034/4034/4034 4033/4033/4033 4037/4037/4037
f 4037/4037/4037 4038/4038/4038 4034/4034/4034
f 4038/4038/4038 4037/4037/4037 4039/4039/4039
f 4039/4039/4039 4040/4040/4040 4038/4038/4038
f 4041/4041/4041 4038/4038/4038 4040/4040/4040
f 4040/4040/4040 4042/4042/4042 4041/4041/4041
f 4040/4040/4040 4039/4039/4039 4043/4043/4043
f 4043/4043/4043 4044/4044/4044 4040/4040/4040
f 4044/4044/4044 4043/4043/4043 4045/4045/4045
f 4045/4045/4045 4046/4046/4046 4044/4044/4044
f 4047/4047/4047 4044/4044/4044 4046/4046/4046
f 4046/4046/4046 4048/4048/4048 4047/4047/4047
f 4046/4046/4046 4045/4045/4045 4049/4049/4049
f 4049/4049/4049 4050/4050/4050 4046/4046/4046
f 4050/4050/4050 4049/4049/4049 4051/4051/4051
f 4051/4051/4051 4052/4052/4052 4050/4050/4050
f 4053/4053/4053 4050/4050/4050 4052/4052/4052
f 4052/4052/4052 4054/4054/4054 4053/4053/4053
f 4052/4052/4052 4051/4051/4051 4055/4055/4055
f 4055/4055/4055 4056/4056/4056 4052/4052/4052
f 4056/4056/4056 4055/4055/4055 4057/4057/4057
f 4057/4057/4057 4058/4058/4058 4056/4056/4056
f 4059/4059/4059 4056/4056/4056 4058/4058/4058
f 4058/4058/4058 4060/4060/4060 4059/4059/4059
f 4061/4061/4061 4062/4062/4062 4063/4063/4063
f 4063/4063/4063 4064/4064/4064 4061/4061/4061
f 4064/4064/4064 4063/4063/4063 4065/4065/4065
f 4065/4065/4065 4066/4066/4066 4064/4064/4064
f 4066/4066/4066 4065/4065/4065 4067/4067/4067
f 4067/4067/4067 4068/4068/4068 4066/4066/4066
f 4068/4068/4068 4067/4067/4067 4069/4069/4069
f 4069/4069/4069 4070/4070/4070 4068/4068/4068
f 4070/4070/4070 4069/4069/4069 4071/4071/4071
f 4071/4071/4071 4072/4072/4072 4070/4070/4070
f 4072/4072/4072 4071/4071/4071 4073/4073/4073
f 4073/4073/4073 4074/4074/4074 4072/4072/4072
f 4074/4074/4074 4073/4073/4073 4075/4075/4075
f 4075/4075/4075 4076/4076/4076 4074/4074/4074
f 4076/4076/4076 4075/4075/4075 4077/4077/4077
f 4077/4077/4077 4078/4078/4078 4076/4076/4076
f 4078/4078/4078 4077/4077/4077 4079/4079/4079
f 4079/4079/4079 4080/4080/4080 4078/4078/4078
f 4080/4080/4080 4079/4079/4079 4081/4081/4081
f 4081/4081/4081 4082/4082/4082 4080/4080/4080
f 4082/4082/4082 4081/4081/4081 4083/4083/4083
f 4083/4083/4083 4084/4084/4084 4082/4082/4082
f 4084/4084/4084 4083/4083/4083 4085/4085/4085
f 4085/4085/4085 4086/4086/4086 4084/4084/4084
f 4087/4087/4087 4088/4088/4088 4089/4089/4089
f 4089/4089/4089 4090/4090/4090 4087/4087/4087
f 4090/4090/4090 4089/4089/4089 4091/4091/4091
f 4091/4091/4091 4092/4092/4092 4090/4090/4090
f 4092/4092/4092 4091/4091/4091 4093/4093/4093
f 4093/4093/4093 4094/4094/4094 4092/4092/4092
f 4094/4094/4094 4093/4093/4093 4095/4095/4095
f 4095/4095/4095 4096/4096/4096 4094/4094/4094
f 4096/4096/4096 4095/4095/4095 4097/4097/4097
f 4097/4097/4097 4098/4098/4098 4096/4096/4096
f 4098/4098/4098 4097/4097/4097 4099/4099/4099
f 4099/4099/4099 4100/4100/4100 4098/4098/4098
f 4100/4100/4100 4099/4099/4099 4101/4101/4101
f 4101/4101/4101 4102/4102/4102 4100/4100/4100
f 4102/4102/4102 4101/4101/4101 4103/4103/4103
f 4103/4103/4103 4104/4104/4104 4102/4102/4102
f 4104/4104/4104 4103/4103/4103 4105/4105/4105
f 4105/4105/4105 4106/4106/4106 4104/4104/4104
f 4106/4106/4106 4105/4105/4105 4107/4107/4107
f 4107/4107/4107 4108/4108/4108 4106/4106/4106
f 4108/4108/4108 4107/4107/4107 4109/4109/4109
f 4109/4109/4109 4110/4110/4110 4108/4108/4108
f 4110/4110/4110 4109/4109/4109 4111/4111/4111
f 4111/4111/4111 4112/4112/4112 4110/4110/4110
f 4113/4113/4113 4114/4114/4114 4115/4115/4115
f 4115/4115/4115 4116/4116/4116 4113/4113/4113
f 4116/4116/4116 4115/4115/4115 4117/4117/4117
f 4117/4117/4117 4118/4118/4118 4116/4116/4116
f 4119/4119/4119 4118/4118/4118 4117/4117/4117
f 4117/4117/4117 4120/4120/4120 4119/4119/4119
f 4119/4119/4119 4120/4120/4120 4121/4121/4121
f 4121/4121/4121 4122/4122/4122 4119/4119/4119
f 4122/4122/4122 4121/4121/4121 4123/4123/4123
f 4123/4123/4123 4124/4124/4124 4122/4122/4122
f 4124/4124/4124 4123/4123/4123 4125/4125/4125
f 4125/4125/4125 4126/4126/4126 4124/4124/4124
f 4127/4127/4127 4128/4128/4128 4129/4129/4129
f 4127/4127/4127 4129/4129/4129 4130/4130/4130
f 4130/4130/4130 4131/4131/4131 4127/4127/4127
f 4132/4132/4132 4131/4131/4131 4130/4130/4130
f 4130/4130/4130 4133/4133/4133 4132/4132/4132
f 4134/4134/4134 4132/4132/4132 4133/4133/4133
f 4133/4133/4133 4135/4135/4135 4134/4134/4134
f 4136/4136/4136 4134/4134/4134 4135/4135/4135
f 4135/4135/4135 4137/4137/4137 4136/4136/4136
f 4136/4136/4136 4137/4137/4137 4138/4138/4138
f 4138/4138/4138 4139/4139/4139 4136/4136/4136
f 4140/4140/4140 4141/4141/4141 4142/4142/4142
f 4142/4142/4142 4143/4143/4143 4140/4140/4140
f 4144/4144/4144 4140/4140/4140 4143/4143/4143
f 4143/4143/4143 4145/4145/4145 4144/4144/4144
f 4146/4146/4146 4144/4144/4144 4145/4145/4145
f 4145/4145/4145 4147/4147/4147 4146/4146/4146
f 4146/4146/4146 4147/4147/4147 4148/4148/4148
f 4148/4148/4148 4149/4149/4149 4146/4146/4146
f 4150/4150/4150 4149/4149/4149 4148/4148/4148
f 4148/4148/4148 4151/4151/4151 4150/4150/4150
f 4152/4152/4152 4153/4153/4153 4154/4154/4154
f 4154/4154/4154 4155/4155/4155 4152/4152/4152
f 4156/4156/4156 4152/4152/4152 4155/4155/4155
f 4155/4155/4155 4157/4157/4157 4156/4156/4156
f 4158/4158/4158 4156/4156/4156 4157/4157/4157
f 4157/4157/4157 4159/4159/4159 4158/4158/4158
f 4158/4158/4158 4159/4159/4159 4160/4160/4160
f 4160/4160/4160 4161/4161/4161 4158/4158/4158
f 4162/4162/4162 4161/4161/4161 4160/4160/4160
f 4160/4160/4160 4163/4163/4163 4162/4162/4162
f 4162/4162/4162 4163/4163/4163 4164/4164/4164
f 4164/4164/4164 4165/4165/4165 4162/4162/4162
f 4166/4166/4166 4167/4167/4167 4168/4168/4168
f 4168/4168/4168 4169/4169/4169 4166/4166/4166
f 4170/4170/4170 4166/4166/4166 4169/4169/4169
f 4169/4169/4169 4171/4171/4171 4170/4170/4170
f 4172/4172/4172 4170/4170/4170 4171/4171/4171
f 4171/4171/4171 4173/4173/4173 4172/4172/4172
f 4172/4172/4172 4173/4173/4173 4174/4174/4174
f 4174/4174/4174 4175/4175/4175 4172/4172/4172
f 4175/4175/4175 4174/4174/4174 4176/4176/4176
f 4176/4176/4176 4177/4177/4177 4175/4175/4175
f 4177/4177/4177 4176/4176/4176 4178/4178/4178
f 4178/4178/4178 4179/4179/4179 4177/4177/4177
f 4180/4180/4180 4179/4179/4179 4178/4178/4178
f 4178/4178/4178 4181/4181/4181 4180/4180/4180
f 4181/4181/4181 4182/4182/4182 4180/4180/4180
f 4182/4182/4182 4183/4183/4183 4180/4180/4180
f 4183/4183/4183 4184/4184/4184 4180/4180/4180
f 4184/4184/4184 4185/4185/4185 4180/4180/4180
f 4186/4186/4186 4187/4187/4187 4188/4188/4188
f 4188/4188/4188 4189/4189/4189 4186/4186/4186
f 4190/4190/4190 4186/4186/4186 4189/4189/4189
f 4189/4189/4189 4191/4191/4191 4190/4190/4190
f 4190/4190/4190 4191/4191/4191 4192/4192/4192
f 4192/4192/4192 4193/4193/4193 4190/4190/4190
f 4193/4193/4193 4192/4192/4192 4194/4194/4194
f 4194/4194/4194 4195/4195/4195 4193/4193/4193
f 4195/4195/4195 4194/4194/4194 4196/4196/4196
f 4196/4196/4196 4197/4197/4197 4195/4195/4195
f 4198/4198/4198 4197/4197/4197 4196/4196/4196
f 4196/4196/4196 4199/4199/4199 4198/4198/4198
f 4200/4200/4200 4201/4201/4201 4198/4198/4198
f 4198/4198/4198 4202/4202/4202 4200/4200/4200
f 4203/4203/4203 4202/4202/4202 4198/4198/4198
f 4199/4199/4199 4203/4203/4203 4198/4198/4198
f 4199/4199/4199 4204/4204/4204 4203/4203/4203
f 4204/4204/4204 4205/4205/4205 4203/4203/4203
f 4206/4206/4206 4207/4207/4207 4208/4208/4208
f 4208/4208/4208 4209/4209/4209 4206/4206/4206
f 4210/4210/4210 4206/4206/4206 4209/4209/4209
f 4209/4209/4209 4211/4211/4211 4210/4210/4210
f 4210/4210/4210 4211/4211/4211 4212/4212/4212
f 4210/4210/4210 4212/4212/4212 4213/4213/4213
f 4214/4214/4214 4210/4210/4210 4213/4213/4213
f 4214/4214/4214 4213/4213/4213 4215/4215/4215
f 4213/4213/4213 4216/4216/4216 4215/4215/4215
f 4217/4217/4217 4216/4216/4216 4213/4213/4213
f 4213/4213/4213 4218/4218/4218 4217/4217/4217
f 4218/4218/4218 4219/4219/4219 4217/4217/4217
f 4219/4219/4219 4220/4220/4220 4217/4217/4217
f 4220/4220/4220 4221/4221/4221 4217/4217/4217
f 4221/4221/4221 4222/4222/4222 4217/4217/4217
f 4223/4223/4223 4224/4224/4224 4225/4225/4225
f 4225/4225/4225 4226/4226/4226 4223/4223/4223
f 4227/4227/4227 4223/4223/4223 4226/4226/4226
f 4226/4226/4226 4228/4228/4228 4227/4227/4227
f 4227/4227/4227 4228/4228/4228 4229/4229/4229
f 4229/4229/4229 4230/4230/4230 4227/4227/4227
f 4231/4231/4231 4232/4232/4232 4233/4233/4233
f 4233/4233/4233 4234/4234/4234 4231/4231/4231
f 4235/4235/4235 4231/4231/4231 4234/4234/4234
f 4234/4234/4234 4236/4236/4236 4235/4235/4235
f 4235/4235/4235 4236/4236/4236 4237/4237/4237
f 4237/4237/4237 4238/4238/4238 4235/4235/4235
f 4239/4239/4239 4240/4240/4240 4241/4241/4241
f 4241/4241/4241 4242/4242/4242 4239/4239/4239
f 4243/4243/4243 4239/4239/4239 4242/4242/4242
f 4242/4242/4242 4244/4244/4244 4243/4243/4243
f 4245/4245/4245 4243/4243/4243 4244/4244/4244
f 4244/4244/4244 4246/4246/4246 4245/4245/4245
f 4247/4247/4247 4248/4248/4248 4249/4249/4249
f 4249/4249/4249 4250/4250/4250 4247/4247/4247
f 4251/4251/4251 4247/4247/4247 4250/4250/4250
f 4250/4250/4250 4252/4252/4252 4251/4251/4251
f 4253/4253/4253 4251/4251/4251 4252/4252/4252
f 4252/4252/4252 4254/4254/4254 4253/4253/4253
f 4255/4255/4255 4256/4256/4256 4257/4257/4257
f 4257/4257/4257 4258/4258/4258 4255/4255/4255
f 4259/4259/4259 4255/4255/4255 4258/4258/4258
f 4258/4258/4258 4260/4260/4260 4259/4259/4259
f 4261/4261/4261 4259/4259/4259 4260/4260/4260
f 4260/4260/4260 4262/4262/4262 4261/4261/4261
f 4263/4263/4263 4264/4264/4264 4265/4265/4265
f 4265/4265/4265 4266/4266/4266 4263/4263/4263
f 4267/4267/4267 4263/4263/4263 4266/4266/4266
f 4266/4266/4266 4268/4268/4268 4267/4267/4267
f 4269/4269/4269 4267/4267/4267 4268/4268/4268
f 4268/4268/4268 4270/4270/4270 4269/4269/4269
f 4271/4271/4271 4272/4272/4272 4273/4273/4273
f 4273/4273/4273 4274/4274/4274 4271/4271/4271
f 4274/4274/4274 4275/4275/4275 4271/4271/4271
f 4274/4274/4274 4276/4276/4276 4275/4275/4275
f 4277/4277/4277 4276/4276/4276 4274/4274/4274
f 4274/4274/4274 4278/4278/4278 4277/4277/4277
f 4279/4279/4279 4277/4277/4277 4278/4278/4278
f 4280/4280/4280 4279/4279/4279 4278/4278/4278
f 4281/4281/4281 4280/4280/4280 4278/4278/4278
f 4278/4278/4278 4282/4282/4282 4281/4281/4281
f 4283/4283/4283 4284/4284/4284 4285/4285/4285
f 4285/4285/4285 4284/4284/4284 4286/4286/4286
f 4284/4284/4284 4287/4287/4287 4286/4286/4286
f 4288/4288/4288 4289/4289/4289 4290/4290/4290
f 4289/4289/4289 4288/4288/4288 4291/4291/4291
f 4292/4292/4292 4289/4289/4289 4291/4291/4291
f 4292/4292/4292 4291/4291/4291 4293/4293/4293
f 4294/4294/4294 4293/4293/4293 4291/4291/4291
f 4295/4295/4295 4296/4296/4296 4297/4297/4297
f 4297/4297/4297 4298/4298/4298 4295/4295/4295
f 4299/4299/4299 4295/4295/4295 4298/4298/4298
f 4298/4298/4298 4300/4300/4300 4299/4299/4299
f 4301/4301/4301 4299/4299/4299 4300/4300/4300
f 4300/4300/4300 4302/4302/4302 4301/4301/4301
f 4303/4303/4303 4301/4301/4301 4302/4302/4302
f 4302/4302/4302 4304/4304/4304 4303/4303/4303
f 4305/4305/4305 4303/4303/4303 4304/4304/4304
f 4304/4304/4304 4306/4306/4306 4305/4305/4305
f 4307/4307/4307 4305/4305/4305 4306/4306/4306
f 4306/4306/4306 4308/4308/4308 4307/4307/4307
f 4309/4309/4309 4307/4307/4307 4308/4308/4308
f 4308/4308/4308 4310/4310/4310 4309/4309/4309
f 4311/4311/4311 4309/4309/4309 4310/4310/4310
f 4310/4310/4310 4312/4312/4312 4311/4311/4311
f 4313/4313/4313 4311/4311/4311 4312/4312/4312
f 4312/4312/4312 4314/4314/4314 4313/4313/4313
f 4315/4315/4315 4316/4316/4316 4317/4317/4317
f 4317/4317/4317 4318/4318/4318 4315/4315/4315
f 4319/4319/4319 4315/4315/4315 4318/4318/4318
f 4318/4318/4318 4320/4320/4320 4319/4319/4319
f 4319/4319/4319 4320/4320/4320 4321/4321/4321
f 4321/4321/4321 4322/4322/4322 4319/4319/4319
f 4323/4323/4323 4322/4322/4322 4321/4321/4321
f 4321/4321/4321 4324/4324/4324 4323/4323/4323
f 4325/4325/4325 4323/4323/4323 4324/4324/4324
f 4324/4324/4324 4326/4326/4326 4325/4325/4325
f 4327/4327/4327 4325/4325/4325 4326/4326/4326
f 4326/4326/4326 4328/4328/4328 4327/4327/4327
f 4329/4329/4329 4327/4327/4327 4328/4328/4328
f 4328/4328/4328 4330/4330/4330 4329/4329/4329
f 4331/4331/4331 4329/4329/4329 4330/4330/4330
f 4330/4330/4330 4332/4332/4332 4331/4331/4331
f 4333/4333/4333 4334/4334/4334 4335/4335/4335
f 4335/4335/4335 4336/4336/4336 4333/4333/4333
f 4337/4337/4337 4333/4333/4333 4336/4336/4336
f 4336/4336/4336 4338/4338/4338 4337/4337/4337
f 4339/4339/4339 4337/4337/4337 4338/4338/4338
f 4338/4338/4338 4340/4340/4340 4339/4339/4339
f 4341/4341/4341 4339/4339/4339 4340/4340/4340
f 4340/4340/4340 4342/4342/4342 4341/4341/4341
f 4343/4343/4343 4341/4341/4341 4342/4342/4342
f 4342/4342/4342 4344/4344/4344 4343/4343/4343
f 4345/4345/4345 4343/4343/4343 4344/4344/4344
f 4344/4344/4344 4346/4346/4346 4345/4345/4345
f 4347/4347/4347 4345/4345/4345 4346/4346/4346
f 4346/4346/4346 4348/4348/4348 4347/4347/4347
f 4347/4347/4347 4348/4348/4348 4349/4349/4349
f 4349/4349/4349 4350/4350/4350 4347/4347/4347
f 4351/4351/4351 4350/4350/4350 4349/4349/4349
f 4349/4349/4349 4352/4352/4352 4351/4351/4351
f 4353/4353/4353 4354/4354/4354 4355/4355/4355
f 4355/4355/4355 4356/4356/4356 4353/4353/4353
f 4357/4357/4357 4353/4353/4353 4356/4356/4356
f 4356/4356/4356 4358/4358/4358 4357/4357/4357
f 4359/4359/4359 4357/4357/4357 4358/4358/4358
f 4358/4358/4358 4360/4360/4360 4359/4359/4359
f 4361/4361/4361 4359/4359/4359 4360/4360/4360
f 4360/4360/4360 4362/4362/4362 4361/4361/4361
f 4363/4363/4363 4361/4361/4361 4362/4362/4362
f 4362/4362/4362 4364/4364/4364 4363/4363/4363
f 4365/4365/4365 4363/4363/4363 4364/4364/4364
f 4364/4364/4364 4366/4366/4366 4365/4365/4365
f 4367/4367/4367 4365/4365/4365 4366/4366/4366
f 4366/4366/4366 4368/4368/4368 4367/4367/4367
f 4369/4369/4369 4367/4367/4367 4368/4368/4368
f 4368/4368/4368 4370/4370/4370 4369/4369/4369
f 4371/4371/4371 4369/4369/4369 4370/4370/4370
f 4370/4370/4370 4372/4372/4372 4371/4371/4371
f 4373/4373/4373 4374/4374/4374 4375/4375/4375
f 4375/4375/4375 4376/4376/4376 4373/4373/4373
f 4377/4377/4377 4373/4373/4373 4376/4376/4376
f 4376/4376/4376 4378/4378/4378 4377/4377/4377
f 4379/4379/4379 4377/4377/4377 4378/4378/4378
f 4378/4378/4378 4380/4380/4380 4379/4379/4379
f 4381/4381/4381 4379/4379/4379 4380/4380/4380
f 4380/4380/4380 4382/4382/4382 4381/4381/4381
f 4383/4383/4383 4381/4381/4381 4382/4382/4382
f 4382/4382/4382 4384/4384/4384 4383/4383/4383
f 4385/4385/4385 4383/4383/4383 4384/4384/4384
f 4384/4384/4384 4386/4386/4386 4385/4385/4385
f 4387/4387/4387 4385/4385/4385 4386/4386/4386
f 4386/4386/4386 4388/4388/4388 4387/4387/4387
f 4389/4389/4389 4387/4387/4387 4388/4388/4388
f 4388/4388/4388 4390/4390/4390 4389/4389/4389
f 4391/4391/4391 4389/4389/4389 4390/4390/4390
f 4390/4390/4390 4392/4392/4392 4391/4391/4391
f 4393/4393/4393 4394/4394/4394 4395/4395/4395
f 4395/4395/4395 4396/4396/4396 4393/4393/4393
f 4397/4397/4397 4393/4393/4393 4396/4396/4396
f 4396/4396/4396 4398/4398/4398 4397/4397/4397
f 4399/4399/4399 4400/4400/4400 4401/4401/4401
f 4401/4401/4401 4402/4402/4402 4399/4399/4399
f 4403/4403/4403 4399/4399/4399 4402/4402/4402
f 4402/4402/4402 4404/4404/4404 4403/4403/4403
f 4405/4405/4405 4406/4406/4406 4407/4407/4407
f 4407/4407/4407 4408/4408/4408 4405/4405/4405
f 4409/4409/4409 4405/4405/4405 4408/4408/4408
f 4408/4408/4408 4410/4410/4410 4409/4409/4409
f 4411/4411/4411 4409/4409/4409 4410/4410/4410
f 4410/4410/4410 4412/4412/4412 4411/4411/4411
f 4413/4413/4413 4414/4414/4414 4415/4415/4415
f 4415/4415/4415 4416/4416/4416 4413/4413/4413
f 4417/4417/4417 4413/4413/4413 4416/4416/4416
f 4416/4416/4416 4418/4418/4418 4417/4417/4417
f 4419/4419/4419 4417/4417/4417 4418/4418/4418
f 4418/4418/4418 4420/4420/4420 4419/4419/4419
f 4421/4421/4421 4422/4422/4422 4423/4423/4423
f 4423/4423/4423 4424/4424/4424 4421/4421/4421
f 4425/4425/4425 4421/4421/4421 4424/4424/4424
f 4424/4424/4424 4426/4426/4426 4425/4425/4425
f 4427/4427/4427 4425/4425/4425 4426/4426/4426
f 4426/4426/4426 4428/4428/4428 4427/4427/4427
f 4429/4429/4429 4427/4427/4427 4428/4428/4428
f 4428/4428/4428 4430/4430/4430 4429/4429/4429
f 4431/4431/4431 4429/4429/4429 4430/4430/4430
f 4430/4430/4430 4432/4432/4432 4431/4431/4431
f 4433/4433/4433 4431/4431/4431 4432/4432/4432
f 4432/4432/4432 4434/4434/4434 4433/4433/4433
f 4435/4435/4435 4433/4433/4433 4434/4434/4434
f 4434/4434/4434 4436/4436/4436 4435/4435/4435
f 4437/4437/4437 4435/4435/4435 4436/4436/4436
f 4436/4436/4436 4438/4438/4438 4437/4437/4437
f 4439/4439/4439 4437/4437/4437 4438/4438/4438
f 4438/4438/4438 4440/4440/4440 4439/4439/4439
f 4441/4441/4441 4439/4439/4439 4440/4440/4440
f 4440/4440/4440 4442/4442/4442 4441/4441/4441
f 4443/4443/4443 4444/4444/4444 4445/4445/4445
f 4445/4445/4445 4446/4446/4446 4443/4443/4443
f 4447/4447/4447 4443/4443/4443 4446/4446/4446
f 4446/4446/4446 4448/4448/4448 4447/4447/4447
f 4449/4449/4449 4450/4450/4450 4451/4451/4451
f 4452/4452/4452 4451/4451/4451 4450/4450/4450
f 4450/4450/4450 4453/4453/4453 4452/4452/4452
f 4454/4454/4454 4452/4452/4452 4453/4453/4453
f 4453/4453/4453 4455/4455/4455 4454/4454/4454
f 4456/4456/4456 4454/4454/4454 4455/4455/4455
f 4455/4455/4455 4457/4457/4457 4456/4456/4456
f 4457/4457/4457 4455/4455/4455 4458/4458/4458
f 4455/4455/4455 4459/4459/4459 4458/4458/4458
f 4459/4459/4459 4460/4460/4460 4458/4458/4458
f 4460/4460/4460 4461/4461/4461 4458/4458/4458
f 4462/4462/4462 4457/4457/4457 4458/4458/4458
f 4463/4463/4463 4456/4456/4456 4457/4457/4457
f 4457/4457/4457 4464/4464/4464 4463/4463/4463
f 4465/4465/4465 4463/4463/4463 4464/4464/4464
f 4456/4456/4456 4463/4463/4463 4466/4466/4466
f 4463/4463/4463 4467/4467/4467 4466/4466/4466
f 4468/4468/4468 4456/4456/4456 4466/4466/4466
f 4469/4469/4469 4468/4468/4468 4466/4466/4466
f 4470/4470/4470 4469/4469/4469 4466/4466/4466
f 4471/4471/4471 4472/4472/4472 4473/4473/4473
f 4473/4473/4473 4474/4474/4474 4471/4471/4471
f 4471/4471/4471 4474/4474/4474 4475/4475/4475
f 4476/4476/4476 4477/4477/4477 4478/4478/4478
f 4478/4478/4478 4479/4479/4479 4476/4476/4476
f 4480/4480/4480 4476/4476/4476 4479/4479/4479
f 4479/4479/4479 4481/4481/4481 4480/4480/4480
f 4482/4482/4482 4483/4483/4483 4484/4484/4484
f 4484/4484/4484 4485/4485/4485 4482/4482/4482
f 4486/4486/4486 4482/4482/4482 4485/4485/4485
f 4485/4485/4485 4487/4487/4487 4486/4486/4486
f 4488/4488/4488 4486/4486/4486 4487/4487/4487
f 4487/4487/4487 4489/4489/4489 4488/4488/4488
f 4490/4490/4490 4491/4491/4491 4492/4492/4492
f 4492/4492/4492 4493/4493/4493 4490/4490/4490
f 4494/4494/4494 4490/4490/4490 4493/4493/4493
f 4493/4493/4493 4495/4495/4495 4494/4494/4494
f 4496/4496/4496 4494/4494/4494 4495/4495/4495
f 4495/4495/4495 4497/4497/4497 4496/4496/4496
f 4498/4498/4498 4499/4499/4499 4500/4500/4500
f 4500/4500/4500 4501/4501/4501 4498/4498/4498
f 4502/4502/4502 4498/4498/4498 4501/4501/4501
f 4501/4501/4501 4503/4503/4503 4502/4502/4502
f 4504/4504/4504 4502/4502/4502 4503/4503/4503
f 4503/4503/4503 4505/4505/4505 4504/4504/4504
f 4506/4506/4506 4504/4504/4504 4505/4505/4505
f 4505/4505/4505 4507/4507/4507 4506/4506/4506
f 4508/4508/4508 4506/4506/4506 4507/4507/4507
f 4507/4507/4507 4509/4509/4509 4508/4508/4508
f 4510/4510/4510 4508/4508/4508 4509/4509/4509
f 4509/4509/4509 4511/4511/4511 4510/4510/4510
f 4512/4512/4512 4510/4510/4510 4511/4511/4511
f 4511/4511/4511 4513/4513/4513 4512/4512/4512
f 4514/4514/4514 4512/4512/4512 4513/4513/4513
f 4513/4513/4513 4515/4515/4515 4514/4514/4514
f 4516/4516/4516 4514/4514/4514 4515/4515/4515
f 4515/4515/4515 4517/4517/4517 4516/4516/4516
f 4518/4518/4518 4516/4516/4516 4517/4517/4517
f 4517/4517/4517 4519/4519/4519 4518/4518/4518
f 4520/4520/4520 4521/4521/4521 4522/4522/4522
f 4522/4522/4522 4523/4523/4523 4520/4520/4520
f 4524/4524/4524 4520/4520/4520 4523/4523/4523
f 4523/4523/4523 4525/4525/4525 4524/4524/4524
f 4526/4526/4526 4527/4527/4527 4528/4528/4528
f 4528/4528/4528 4529/4529/4529 4526/4526/4526
f 4530/4530/4530 4526/4526/4526 4529/4529/4529
f 4529/4529/4529 4531/4531/4531 4530/4530/4530
f 4532/4532/4532 4530/4530/4530 4531/4531/4531
f 4531/4531/4531 4533/4533/4533 4532/4532/4532
f 4534/4534/4534 4532/4532/4532 4533/4533/4533
f 4533/4533/4533 4535/4535/4535 4534/4534/4534
f 4536/4536/4536 4534/4534/4534 4535/4535/4535
f 4535/4535/4535 4537/4537/4537 4536/4536/4536
f 4538/4538/4538 4536/4536/4536 4537/4537/4537
f 4537/4537/4537 4539/4539/4539 4538/4538/4538
f 4540/4540/4540 4538/4538/4538 4539/4539/4539
f 4539/4539/4539 4541/4541/4541 4540/4540/4540
f 4542/4542/4542 4540/4540/4540 4541/4541/4541
f 4541/4541/4541 4543/4543/4543 4542/4542/4542
f 4544/4544/4544 4542/4542/4542 4543/4543/4543
f 4543/4543/4543 4545/4545/4545 4544/4544/4544
f 4546/4546/4546 4544/4544/4544 4545/4545/4545
f 4545/4545/4545 4547/4547/4547 4546/4546/4546
f 4548/4548/4548 4546/4546/4546 4547/4547/4547
f 4547/4547/4547 4549/4549/4549 4548/4548/4548
f 4550/4550/4550 4548/4548/4548 4549/4549/4549
f 4549/4549/4549 4551/4551/4551 4550/4550/4550
f 4552/4552/4552 4553/4553/4553 4554/4554/4554
f 4554/4554/4554 4555/4555/4555 4552/4552/4552
f 4556/4556/4556 4552/4552/4552 4555/4555/4555
f 4555/4555/4555 4557/4557/4557 4556/4556/4556
f 4558/4558/4558 4556/4556/4556 4557/4557/4557
f 4557/4557/4557 4559/4559/4559 4558/4558/4558
f 4560/4560/4560 4558/4558/4558 4559/4559/4559
f 4559/4559/4559 4561/4561/4561 4560/4560/4560
f 4562/4562/4562 4560/4560/4560 4561/4561/4561
f 4561/4561/4561 4563/4563/4563 4562/4562/4562
f 4564/4564/4564 4562/4562/4562 4563/4563/4563
f 4563/4563/4563 4565/4565/4565 4564/4564/4564
f 4566/4566/4566 4564/4564/4564 4565/4565/4565
f 4565/4565/4565 4567/4567/4567 4566/4566/4566
f 4568/4568/4568 4566/4566/4566 4567/4567/4567
f 4567/4567/4567 4569/4569/4569 4568/4568/4568
f 4570/4570/4570 4568/4568/4568 4569/4569/4569
f 4569/4569/4569 4571/4571/4571 4570/4570/4570
f 4572/4572/4572 4570/4570/4570 4571/4571/4571
f 4571/4571/4571 4573/4573/4573 4572/4572/4572
f 4574/4574/4574 4572/4572/4572 4573/4573/4573
f 4573/4573/4573 4575/4575/4575 4574/4574/4574
f 4576/4576/4576 4574/4574/4574 4575/4575/4575
f 4575/4575/4575 4577/4577/4577 4576/4576/4576
f 4578/4578/4578 4576/4576/4576 4577/4577/4577
f 4577/4577/4577 4579/4579/4579 4578/4578/4578
f 4580/4580/4580 4578/4578/4578 4579/4579/4579
f 4579/4579/4579 4581/4581/4581 4580/4580/4580
f 4582/4582/4582 4583/4583/4583 4584/4584/4584
f 4584/4584/4584 4585/4585/4585 4582/4582/4582
f 4586/4586/4586 4582/4582/4582 4585/4585/4585
f 4587/4587/4587 4586/4586/4586 4585/4585/4585
f 4588/4588/4588 4586/4586/4586 4587/4587/4587
f 4587/4587/4587 4589/4589/4589 4588/4588/4588
f 4588/4588/4588 4589/4589/4589 4590/4590/4590
f 4590/4590/4590 4591/4591/4591 4588/4588/4588
f 4592/4592/4592 4591/4591/4591 4590/4590/4590
f 4590/4590/4590 4593/4593/4593 4592/4592/4592
f 4592/4592/4592 4593/4593/4593 4594/4594/4594
f 4594/4594/4594 4595/4595/4595 4592/4592/4592
f 4596/4596/4596 4595/4595/4595 4594/4594/4594
f 4594/4594/4594 4597/4597/4597 4596/4596/4596
f 4596/4596/4596 4597/4597/4597 4598/4598/4598
f 4598/4598/4598 4599/4599/4599 4596/4596/4596
f 4598/4598/4598 4600/4600/4600 4599/4599/4599
f 4600/4600/4600 4601/4601/4601 4599/4599/4599
f 4601/4601/4601 4602/4602/4602 4599/4599/4599
f 4602/4602/4602 4603/4603/4603 4599/4599/4599
f 4603/4603/4603 4602/4602/4602 4604/4604/4604
f 4604/4604/4604 4605/4605/4605 4603/4603/4603
f 4606/4606/4606 4605/4605/4605 4604/4604/4604
f 4604/4604/4604 4607/4607/4607 4606/4606/4606
f 4606/4606/4606 4607/4607/4607 4608/4608/4608
f 4608/4608/4608 4609/4609/4609 4606/4606/4606
f 4610/4610/4610 4611/4611/4611 4612/4612/4612
f 4612/4612/4612 4613/4613/4613 4610/4610/4610
f 4614/4614/4614 4610/4610/4610 4613/4613/4613
f 4615/4615/4615 4616/4616/4616 4617/4617/4617
f 4617/4617/4617 4618/4618/4618 4615/4615/4615
f 4619/4619/4619 4615/4615/4615 4618/4618/4618
f 4618/4618/4618 4620/4620/4620 4619/4619/4619
f 4621/4621/4621 4619/4619/4619 4620/4620/4620
f 4620/4620/4620 4622/4622/4622 4621/4621/4621
f 4623/4623/4623 4621/4621/4621 4622/4622/4622
f 4622/4622/4622 4624/4624/4624 4623/4623/4623
f 4625/4625/4625 4623/4623/4623 4624/4624/4624
f 4624/4624/4624 4626/4626/4626 4625/4625/4625
f 4627/4627/4627 4625/4625/4625 4626/4626/4626
f 4626/4626/4626 4628/4628/4628 4627/4627/4627
f 4629/4629/4629 4627/4627/4627 4628/4628/4628
f 4628/4628/4628 4630/4630/4630 4629/4629/4629
f 4631/4631/4631 4629/4629/4629 4630/4630/4630
f 4630/4630/4630 4632/4632/4632 4631/4631/4631
f 4633/4633/4633 4631/4631/4631 4632/4632/4632
f 4632/4632/4632 4634/4634/4634 4633/4633/4633
f 4635/4635/4635 4636/4636/4636 4637/4637/4637
f 4637/4637/4637 4638/4638/4638 4635/4635/4635
f 4635/4635/4635 4638/4638/4638 4639/4639/4639
f 4640/4640/4640 4641/4641/4641 4642/4642/4642
f 4643/4643/4643 4641/4641/4641 4640/4640/4640
f 4644/4644/4644 4641/4641/4641 4643/4643/4643
f 4645/4645/4645 4646/4646/4646 4647/4647/4647
f 4647/4647/4647 4648/4648/4648 4645/4645/4645
f 4649/4649/4649 4645/4645/4645 4648/4648/4648
f 4648/4648/4648 4650/4650/4650 4649/4649/4649
f 4651/4651/4651 4649/4649/4649 4650/4650/4650
f 4650/4650/4650 4652/4652/4652 4651/4651/4651
f 4653/4653/4653 4654/4654/4654 4655/4655/4655
f 4655/4655/4655 4656/4656/4656 4653/4653/4653
f 4657/4657/4657 4653/4653/4653 4656/4656/4656
f 4656/4656/4656 4658/4658/4658 4657/4657/4657
f 4659/4659/4659 4657/4657/4657 4658/4658/4658
f 4658/4658/4658 4660/4660/4660 4659/4659/4659
f 4661/4661/4661 4659/4659/4659 4660/4660/4660
f 4660/4660/4660 4662/4662/4662 4661/4661/4661
f 4663/4663/4663 4664/4664/4664 4665/4665/4665
f 4665/4665/4665 4666/4666/4666 4663/4663/4663
f 4667/4667/4667 4663/4663/4663 4666/4666/4666
f 4666/4666/4666 4668/4668/4668 4667/4667/4667
f 4669/4669/4669 4667/4667/4667 4668/4668/4668
f 4668/4668/4668 4670/4670/4670 4669/4669/4669
f 4671/4671/4671 4669/4669/4669 4670/4670/4670
f 4670/4670/4670 4672/4672/4672 4671/4671/4671
f 4673/4673/4673 4671/4671/4671 4672/4672/4672
f 4672/4672/4672 4674/4674/4674 4673/4673/4673
f 4675/4675/4675 4673/4673/4673 4674/4674/4674
f 4674/4674/4674 4676/4676/4676 4675/4675/4675
f 4677/4677/4677 4678/4678/4678 4679/4679/4679
f 4679/4679/4679 4680/4680/4680 4677/4677/4677
f 4681/4681/4681 4677/4677/4677 4680/4680/4680
f 4680/4680/4680 4682/4682/4682 4681/4681/4681
f 4683/4683/4683 4681/4681/4681 4682/4682/4682
f 4682/4682/4682 4684/4684/4684 4683/4683/4683
f 4685/4685/4685 4683/4683/4683 4684/4684/4684
f 4684/4684/4684 4686/4686/4686 4685/4685/4685
f 4687/4687/4687 4685/4685/4685 4686/4686/4686
f 4686/4686/4686 4688/4688/4688 4687/4687/4687
f 4689/4689/4689 4687/4687/4687 4688/4688/4688
f 4688/4688/4688 4690/4690/4690 4689/4689/4689
f 4691/4691/4691 4689/4689/4689 4690/4690/4690
f 4690/4690/4690 4692/4692/4692 4691/4691/4691
f 4693/4693/4693 4691/4691/4691 4692/4692/4692
f 4692/4692/4692 4694/4694/4694 4693/4693/4693
f 4695/4695/4695 4693/4693/4693 4694/4694/4694
f 4694/4694/4694 4696/4696/4696 4695/4695/4695
f 4697/4697/4697 4695/4695/4695 4696/4696/4696
f 4696/4696/4696 4698/4698/4698 4697/4697/4697
f 4699/4699/4699 4697/4697/4697 4698/4698/4698
f 4698/4698/4698 4700/4700/4700 4699/4699/4699
f 4701/4701/4701 4699/4699/4699 4700/4700/4700
f 4700/4700/4700 4702/4702/4702 4701/4701/4701
f 4703/4703/4703 4704/4704/4704 4705/4705/4705
f 4706/4706/4706 4703/4703/4703 4705/4705/4705
f 4706/4706/4706 4707/4707/4707 4703/4703/4703
f 4706/4706/4706 4708/4708/4708 4707/4707/4707
f 4707/4707/4707 4708/4708/4708 4709/4709/4709
f 4710/4710/4710 4711/4711/4711 4709/4709/4709
f 4711/4711/4711 4707/4707/4707 4709/4709/4709
f 4711/4711/4711 4712/4712/4712 4707/4707/4707
f 4711/4711/4711 4713/4713/4713 4712/4712/4712
f 4712/4712/4712 4714/4714/4714 4707/4707/4707
f 4712/4712/4712 4715/4715/4715 4714/4714/4714
f 4716/4716/4716 4717/4717/4717 4718/4718/4718
f 4718/4718/4718 4719/4719/4719 4716/4716/4716
f 4720/4720/4720 4716/4716/4716 4719/4719/4719
f 4719/4719/4719 4721/4721/4721 4720/4720/4720
f 4722/4722/4722 4720/4720/4720 4721/4721/4721
f 4721/4721/4721 4723/4723/4723 4722/4722/4722
f 4724/4724/4724 4725/4725/4725 4726/4726/4726
f 4726/4726/4726 4727/4727/4727 4724/4724/4724
f 4728/4728/4728 4724/4724/4724 4727/4727/4727
f 4727/4727/4727 4729/4729/4729 4728/4728/4728
f 4728/4728/4728 4729/4729/4729 4730/4730/4730
f 4730/4730/4730 4731/4731/4731 4728/4728/4728
f 4732/4732/4732 4733/4733/4733 4734/4734/4734
f 4734/4734/4734 4735/4735/4735 4732/4732/4732
f 4736/4736/4736 4732/4732/4732 4735/4735/4735
f 4735/4735/4735 4737/4737/4737 4736/4736/4736
f 4738/4738/4738 4739/4739/4739 4740/4740/4740
f 4740/4740/4740 4741/4741/4741 4738/4738/4738
f 4738/4738/4738 4741/4741/4741 4742/4742/4742
f 4742/4742/4742 4743/4743/4743 4738/4738/4738
f 4743/4743/4743 4742/4742/4742 4744/4744/4744
f 4744/4744/4744 4745/4745/4745 4743/4743/4743
f 4746/4746/4746 4745/4745/4745 4744/4744/4744
f 4744/4744/4744 4747/4747/4747 4746/4746/4746
f 4748/4748/4748 4746/4746/4746 4747/4747/4747
f 4747/4747/4747 4749/4749/4749 4748/4748/4748
f 4750/4750/4750 4748/4748/4748 4749/4749/4749
f 4749/4749/4749 4751/4751/4751 4750/4750/4750
f 4750/4750/4750 4751/4751/4751 4752/4752/4752
f 4752/4752/4752 4753/4753/4753 4750/4750/4750
f 4754/4754/4754 4753/4753/4753 4752/4752/4752
f 4752/4752/4752 4755/4755/4755 4754/4754/4754
f 4756/4756/4756 4757/4757/4757 4758/4758/4758
f 4758/4758/4758 4759/4759/4759 4756/4756/4756
f 4760/4760/4760 4759/4759/4759 4758/4758/4758
f 4758/4758/4758 4761/4761/4761 4760/4760/4760
f 4762/4762/4762 4760/4760/4760 4761/4761/4761
f 4761/4761/4761 4763/4763/4763 4762/4762/4762
f 4762/4762/4762 4763/4763/4763 4764/4764/4764
f 4764/4764/4764 4765/4765/4765 4762/4762/4762
f 4766/4766/4766 4767/4767/4767 4768/4768/4768
f 4768/4768/4768 4769/4769/4769 4766/4766/4766
f 4770/4770/4770 4769/4769/4769 4768/4768/4768
f 4768/4768/4768 4771/4771/4771 4770/4770/4770
f 4772/4772/4772 4770/4770/4770 4771/4771/4771
f 4771/4771/4771 4773/4773/4773 4772/4772/4772
f 4772/4772/4772 4773/4773/4773 4774/4774/4774
f 4774/4774/4774 4775/4775/4775 4772/4772/4772
f 4775/4775/4775 4774/4774/4774 4776/4776/4776
f 4775/4775/4775 4776/4776/4776 4777/4777/4777
f 4776/4776/4776 4778/4778/4778 4777/4777/4777
f 4779/4779/4779 4775/4775/4775 4777/4777/4777
f 4780/4780/4780 4781/4781/4781 4782/4782/4782
f 4782/4782/4782 4783/4783/4783 4780/4780/4780
f 4784/4784/4784 4783/4783/4783 4782/4782/4782
f 4782/4782/4782 4785/4785/4785 4784/4784/4784
f 4786/4786/4786 4784/4784/4784 4785/4785/4785
f 4785/4785/4785 4787/4787/4787 4786/4786/4786
f 4788/4788/4788 4786/4786/4786 4787/4787/4787
f 4787/4787/4787 4789/4789/4789 4788/4788/4788
f 4790/4790/4790 4788/4788/4788 4789/4789/4789
f 4789/4789/4789 4791/4791/4791 4790/4790/4790
f 4792/4792/4792 4790/4790/4790 4791/4791/4791
f 4791/4791/4791 4793/4793/4793 4792/4792/4792
f 4794/4794/4794 4792/4792/4792 4793/4793/4793
f 4793/4793/4793 4795/4795/4795 4794/4794/4794
f 4796/4796/4796 4794/4794/4794 4795/4795/4795
f 4795/4795/4795 4797/4797/4797 4796/4796/4796
f 4798/4798/4798 4796/4796/4796 4797/4797/4797
f 4797/4797/4797 4799/4799/4799 4798/4798/4798
f 4798/4798/4798 4799/4799/4799 4800/4800/4800
f 4800/4800/4800 4801/4801/4801 4798/4798/4798
f 4802/4802/4802 4803/4803/4803 4804/4804/4804
f 4804/4804/4804 4805/4805/4805 4802/4802/4802
f 4804/4804/4804 4806/4806/4806 4807/4807/4807
f 4807/4807/4807 4808/4808/4808 4804/4804/4804
f 4809/4809/4809 4810/4810/4810 4811/4811/4811
f 4811/4811/4811 4812/4812/4812 4809/4809/4809
f 4811/4811/4811 4813/4813/4813 4814/4814/4814
f 4814/4814/4814 4815/4815/4815 4811/4811/4811
f 4816/4816/4816 4817/4817/4817 4818/4818/4818
f 4818/4818/4818 4819/4819/4819 4816/4816/4816
f 4818/4818/4818 4820/4820/4820 4821/4821/4821
f 4821/4821/4821 4822/4822/4822 4818/4818/4818
f 4823/4823/4823 4824/4824/4824 4825/4825/4825
f 4825/4825/4825 4826/4826/4826 4823/4823/4823
f 4825/4825/4825 4827/4827/4827 4828/4828/4828
f 4828/4828/4828 4829/4829/4829 4825/4825/4825
f 4830/4830/4830 4831/4831/4831 4832/4832/4832
f 4832/4832/4832 4833/4833/4833 4830/4830/4830
f 4830/4830/4830 4833/4833/4833 4834/4834/4834
f 4834/4834/4834 4835/4835/4835 4830/4830/4830
f 4836/4836/4836 4837/4837/4837 4838/4838/4838
f 4838/4838/4838 4839/4839/4839 4836/4836/4836
f 4836/4836/4836 4839/4839/4839 4840/4840/4840
f 4840/4840/4840 4841/4841/4841 4836/4836/4836
f 4842/4842/4842 4843/4843/4843 4844/4844/4844
f 4844/4844/4844 4845/4845/4845 4842/4842/4842
f 4842/4842/4842 4845/4845/4845 4846/4846/4846
f 4846/4846/4846 4847/4847/4847 4842/4842/4842
f 4848/4848/4848 4849/4849/4849 4850/4850/4850
f 4850/4850/4850 4851/4851/4851 4848/4848/4848
f 4848/4848/4848 4851/4851/4851 4852/4852/4852
f 4852/4852/4852 4853/4853/4853 4848/4848/4848
f 4854/4854/4854 4855/4855/4855 4856/4856/4856
f 4856/4856/4856 4857/4857/4857 4854/4854/4854
f 4854/4854/4854 4857/4857/4857 4858/4858/4858
f 4858/4858/4858 4859/4859/4859 4854/4854/4854
f 4859/4859/4859 4858/4858/4858 4860/4860/4860
f 4860/4860/4860 4861/4861/4861 4859/4859/4859
f 4862/4862/4862 4861/4861/4861 4860/4860/4860
f 4860/4860/4860 4863/4863/4863 4862/4862/4862
f 4864/4864/4864 4865/4865/4865 4866/4866/4866
f 4866/4866/4866 4867/4867/4867 4864/4864/4864
f 4866/4866/4866 4868/4868/4868 4869/4869/4869
f 4869/4869/4869 4870/4870/4870 4866/4866/4866
f 4871/4871/4871 4872/4872/4872 4873/4873/4873
f 4873/4873/4873 4874/4874/4874 4871/4871/4871
f 4871/4871/4871 4874/4874/4874 4875/4875/4875
f 4875/4875/4875 4876/4876/4876 4871/4871/4871
f 4877/4877/4877 4878/4878/4878 4879/4879/4879
f 4879/4879/4879 4880/4880/4880 4877/4877/4877
f 4877/4877/4877 4880/4880/4880 4881/4881/4881
f 4881/4881/4881 4882/4882/4882 4877/4877/4877
f 4883/4883/4883 4884/4884/4884 4885/4885/4885
f 4885/4885/4885 4886/4886/4886 4883/4883/4883
f 4883/4883/4883 4886/4886/4886 4887/4887/4887
f 4887/4887/4887 4888/4888/4888 4883/4883/4883
f 4889/4889/4889 4890/4890/4890 4891/4891/4891
f 4891/4891/4891 4892/4892/4892 4889/4889/4889
f 4889/4889/4889 4892/4892/4892 4893/4893/4893
f 4893/4893/4893 4894/4894/4894 4889/4889/4889
f 4895/4895/4895 4896/4896/4896 4897/4897/4897
f 4897/4897/4897 4898/4898/4898 4895/4895/4895
f 4899/4899/4899 4898/4898/4898 4897/4897/4897
f 4897/4897/4897 4900/4900/4900 4899/4899/4899
f 4899/4899/4899 4900/4900/4900 4901/4901/4901
f 4901/4901/4901 4902/4902/4902 4899/4899/4899
f 4903/4903/4903 4904/4904/4904 4905/4905/4905
f 4905/4905/4905 4906/4906/4906 4903/4903/4903
f 4903/4903/4903 4906/4906/4906 4907/4907/4907
f 4906/4906/4906 4908/4908/4908 4907/4907/4907
f 4909/4909/4909 4903/4903/4903 4907/4907/4907
f 4910/4910/4910 4911/4911/4911 4912/4912/4912
f 4912/4912/4912 4913/4913/4913 4910/4910/4910
f 4910/4910/4910 4913/4913/4913 4914/4914/4914
f 4914/4914/4914 4915/4915/4915 4910/4910/4910
f 4916/4916/4916 4915/4915/4915 4914/4914/4914
f 4917/4917/4917 4916/4916/4916 4914/4914/4914
f 4918/4918/4918 4917/4917/4917 4914/4914/4914
f 4919/4919/4919 4920/4920/4920 4921/4921/4921
f 4922/4922/4922 4919/4919/4919 4921/4921/4921
f 4923/4923/4923 4922/4922/4922 4921/4921/4921
f 4924/4924/4924 4923/4923/4923 4921/4921/4921
f 4923/4923/4923 4925/4925/4925 4922/4922/4922
f 4926/4926/4926 4927/4927/4927 4928/4928/4928
f 4928/4928/4928 4929/4929/4929 4926/4926/4926
f 4926/4926/4926 4929/4929/4929 4930/4930/4930
f 4930/4930/4930 4931/4931/4931 4926/4926/4926
f 4932/4932/4932 4933/4933/4933 4934/4934/4934
f 4935/4935/4935 4932/4932/4932 4934/4934/4934
f 4936/4936/4936 4935/4935/4935 4934/4934/4934
f 4937/4937/4937 4936/4936/4936 4934/4934/4934
f 4936/4936/4936 4938/4938/4938 4935/4935/4935
f 4939/4939/4939 4940/4940/4940 4941/4941/4941
f 4942/4942/4942 4939/4939/4939 4941/4941/4941
f 4943/4943/4943 4942/4942/4942 4941/4941/4941
f 4944/4944/4944 4943/4943/4943 4941/4941/4941
f 4943/4943/4943 4945/4945/4945 4942/4942/4942
f 4946/4946/4946 4947/4947/4947 4948/4948/4948
f 4948/4948/4948 4949/4949/4949 4946/4946/4946
f 4950/4950/4950 4946/4946/4946 4949/4949/4949
f 4949/4949/4949 4948/4948/4948 4951/4951/4951
f 4949/4949/4949 4952/4952/4952 4950/4950/4950
f 4952/4952/4952 4949/4949/4949 4953/4953/4953
f 4951/4951/4951 4953/4953/4953 4949/4949/4949
f 4953/4953/4953 4954/4954/4954 4952/4952/4952
f 4955/4955/4955 4953/4953/4953 4951/4951/4951
f 4954/4954/4954 4953/4953/4953 4955/4955/4955
f 4955/4955/4955 4956/4956/4956 4954/4954/4954
f 4951/4951/4951 4957/4957/4957 4955/4955/4955
f 4958/4958/4958 4956/4956/4956 4955/4955/4955
f 4959/4959/4959 4955/4955/4955 4957/4957/4957
f 4955/4955/4955 4959/4959/4959 4958/4958/4958
f 4957/4957/4957 4960/4960/4960 4959/4959/4959
f 4959/4959/4959 4960/4960/4960 4961/4961/4961
f 4958/4958/4958 4959/4959/4959 4962/4962/4962
f 4961/4961/4961 4962/4962/4962 4959/4959/4959
f 4962/4962/4962 4963/4963/4963 4958/4958/4958
f 4964/4964/4964 4962/4962/4962 4961/4961/4961
f 4963/4963/4963 4962/4962/4962 4964/4964/4964
f 4961/4961/4961 4965/4965/4965 4964/4964/4964
f 4964/4964/4964 4966/4966/4966 4963/4963/4963
f 4964/4964/4964 4965/4965/4965 4967/4967/4967
f 4968/4968/4968 4966/4966/4966 4964/4964/4964
f 4967/4967/4967 4969/4969/4969 4964/4964/4964
f 4964/4964/4964 4969/4969/4969 4968/4968/4968
f 4970/4970/4970 4969/4969/4969 4967/4967/4967
f 4968/4968/4968 4969/4969/4969 4970/4970/4970
f 4967/4967/4967 4971/4971/4971 4970/4970/4970
f 4970/4970/4970 4972/4972/4972 4968/4968/4968
f 4973/4973/4973 4970/4970/4970 4971/4971/4971
f 4972/4972/4972 4970/4970/4970 4973/4973/4973
f 4973/4973/4973 4974/4974/4974 4972/4972/4972
f 4971/4971/4971 4975/4975/4975 4973/4973/4973
f 4976/4976/4976 4974/4974/4974 4973/4973/4973
f 4977/4977/4977 4973/4973/4973 4975/4975/4975
f 4973/4973/4973 4977/4977/4977 4976/4976/4976
f 4975/4975/4975 4978/4978/4978 4977/4977/4977
f 4977/4977/4977 4978/4978/4978 4979/4979/4979
f 4976/4976/4976 4977/4977/4977 4980/4980/4980
f 4979/4979/4979 4980/4980/4980 4977/4977/4977
f 4980/4980/4980 4979/4979/4979 4981/4981/4981
f 4980/4980/4980 4982/4982/4982 4976/4976/4976
f 4981/4981/4981 4983/4983/4983 4980/4980/4980
f 4982/4982/4982 4980/4980/4980 4983/4983/4983
f 4983/4983/4983 4984/4984/4984 4982/4982/4982
f 4985/4985/4985 4986/4986/4986 4987/4987/4987
f 4986/4986/4986 4988/4988/4988 4987/4987/4987
f 4988/4988/4988 4989/4989/4989 4987/4987/4987
f 4986/4986/4986 4990/4990/4990 4988/4988/4988
f 4991/4991/4991 4992/4992/4992 4993/4993/4993
f 4992/4992/4992 4994/4994/4994 4993/4993/4993
f 4994/4994/4994 4995/4995/4995 4993/4993/4993
f 4992/4992/4992 4996/4996/4996 4994/4994/4994
f 4997/4997/4997 4998/4998/4998 4999/4999/4999
f 4998/4998/4998 4997/4997/4997 5000/5000/5000
f 5000/5000/5000 5001/5001/5001 4998/4998/4998
f 5001/5001/5001 5000/5000/5000 5002/5002/5002
f 5002/5002/5002 5003/5003/5003 5001/5001/5001
f 5003/5003/5003 5002/5002/5002 5004/5004/5004
f 4997/4997/4997 5005/5005/5005 5004/5004/5004
f 5004/5004/5004 5006/5006/5006 5003/5003/5003
f 5005/5005/5005 5007/5007/5007 5004/5004/5004
f 5007/5007/5007 5006/5006/5006 5004/5004/5004
f 5008/5008/5008 5009/5009/5009 5010/5010/5010
f 5011/5011/5011 5008/5008/5008 5010/5010/5010
f 5011/5011/5011 5012/5012/5012 5008/5008/5008
f 5013/5013/5013 5011/5011/5011 5010/5010/5010
f 5014/5014/5014 5011/5011/5011 5013/5013/5013
f 5014/5014/5014 5013/5013/5013 5015/5015/5015
f 5015/5015/5015 5016/5016/5016 5017/5017/5017
f 5015/5015/5015 5017/5017/5017 5018/5018/5018
f 5014/5014/5014 5015/5015/5015 5018/5018/5018
f 5017/5017/5017 5019/5019/5019 5018/5018/5018
f 5020/5020/5020 5018/5018/5018 5021/5021/5021
f 5018/5018/5018 5020/5020/5020 5022/5022/5022
f 5014/5014/5014 5018/5018/5018 5022/5022/5022
f 5023/5023/5023 5014/5014/5014 5022/5022/5022
f 5024/5024/5024 5023/5023/5023 5022/5022/5022
f 5022/5022/5022 5025/5025/5025 5024/5024/5024
f 5026/5026/5026 5025/5025/5025 5022/5022/5022
f 5022/5022/5022 5027/5027/5027 5026/5026/5026
f 5028/5028/5028 5025/5025/5025 5026/5026/5026
f 5029/5029/5029 5028/5028/5028 5026/5026/5026
f 5030/5030/5030 5029/5029/5029 5026/5026/5026
f 5031/5031/5031 5032/5032/5032 5033/5033/5033
f 5032/5032/5032 5034/5034/5034 5033/5033/5033
f 5035/5035/5035 5033/5033/5033 5034/5034/5034
f 5034/5034/5034 5036/5036/5036 5035/5035/5035
f 5035/5035/5035 5037/5037/5037 5033/5033/5033
f 5036/5036/5036 5038/5038/5038 5035/5035/5035
f 5033/5033/5033 5037/5037/5037 5039/5039/5039
f 5040/5040/5040 5038/5038/5038 5036/5036/5036
f 5041/5041/5041 5033/5033/5033 5039/5039/5039
f 5038/5038/5038 5040/5040/5040 5042/5042/5042
f 5038/5038/5038 5042/5042/5042 5039/5039/5039
f 5043/5043/5043 5041/5041/5041 5039/5039/5039
f 5042/5042/5042 5043/5043/5043 5039/5039/5039
f 5044/5044/5044 5045/5045/5045 5046/5046/5046
f 5046/5046/5046 5047/5047/5047 5044/5044/5044
f 5047/5047/5047 5046/5046/5046 5048/5048/5048
f 5048/5048/5048 5049/5049/5049 5047/5047/5047
f 5044/5044/5044 5047/5047/5047 5050/5050/5050
f 5050/5050/5050 5047/5047/5047 5049/5049/5049
f 5050/5050/5050 5051/5051/5051 5044/5044/5044
f 5049/5049/5049 5052/5052/5052 5050/5050/5050
f 5053/5053/5053 5054/5054/5054 5055/5055/5055
f 5056/5056/5056 5057/5057/5057 5055/5055/5055
f 5054/5054/5054 5056/5056/5056 5055/5055/5055
f 5054/5054/5054 5058/5058/5058 5056/5056/5056
f 5058/5058/5058 5059/5059/5059 5056/5056/5056
f 5054/5054/5054 5060/5060/5060 5058/5058/5058
f 5061/5061/5061 5062/5062/5062 5063/5063/5063
f 5064/5064/5064 5065/5065/5065 5061/5061/5061
f 5064/5064/5064 5061/5061/5061 5063/5063/5063
f 5063/5063/5063 5066/5066/5066 5067/5067/5067
f 5064/5064/5064 5063/5063/5063 5067/5067/5067
f 5064/5064/5064 5067/5067/5067 5068/5068/5068
f 5067/5067/5067 5069/5069/5069 5068/5068/5068
f 5070/5070/5070 5064/5064/5064 5068/5068/5068
f 5071/5071/5071 5072/5072/5072 5073/5073/5073
f 5073/5073/5073 5074/5074/5074 5071/5071/5071
f 5075/5075/5075 5073/5073/5073 5076/5076/5076
f 5077/5077/5077 5076/5076/5076 5071/5071/5071
f 5077/5077/5077 5075/5075/5075 5076/5076/5076
f 5071/5071/5071 5078/5078/5078 5077/5077/5077
f 5075/5075/5075 5077/5077/5077 5079/5079/5079
f 5079/5079/5079 5077/5077/5077 5078/5078/5078
f 5078/5078/5078 5080/5080/5080 5079/5079/5079
f 5079/5079/5079 5081/5081/5081 5082/5082/5082
f 5082/5082/5082 5083/5083/5083 5079/5079/5079
f 5084/5084/5084 5079/5079/5079 5083/5083/5083
f 5083/5083/5083 5082/5082/5082 5085/5085/5085
f 5086/5086/5086 5087/5087/5087 5083/5083/5083
f 5085/5085/5085 5086/5086/5086 5083/5083/5083
f 5088/5088/5088 5086/5086/5086 5085/5085/5085
f 5085/5085/5085 5089/5089/5089 5088/5088/5088
f 5090/5090/5090 5086/5086/5086 5088/5088/5088
f 5091/5091/5091 5092/5092/5092 5093/5093/5093
f 5093/5093/5093 5094/5094/5094 5091/5091/5091
f 5095/5095/5095 5093/5093/5093 5096/5096/5096
f 5097/5097/5097 5096/5096/5096 5091/5091/5091
f 5097/5097/5097 5095/5095/5095 5096/5096/5096
f 5091/5091/5091 5098/5098/5098 5097/5097/5097
f 5095/5095/5095 5097/5097/5097 5099/5099/5099
f 5099/5099/5099 5097/5097/5097 5098/5098/5098
f 5098/5098/5098 5100/5100/5100 5099/5099/5099
f 5099/5099/5099 5101/5101/5101 5102/5102/5102
f 5102/5102/5102 5103/5103/5103 5099/5099/5099
f 5104/5104/5104 5099/5099/5099 5103/5103/5103
f 5103/5103/5103 5102/5102/5102 5105/5105/5105
f 5106/5106/5106 5107/5107/5107 5103/5103/5103
f 5105/5105/5105 5106/5106/5106 5103/5103/5103
f 5108/5108/5108 5106/5106/5106 5105/5105/5105
f 5105/5105/5105 5109/5109/5109 5108/5108/5108
f 5110/5110/5110 5106/5106/5106 5108/5108/5108
f 5111/5111/5111 5112/5112/5112 5113/5113/5113
f 5114/5114/5114 5115/5115/5115 5113/5113/5113
f 5112/5112/5112 5114/5114/5114 5113/5113/5113
f 5112/5112/5112 5116/5116/5116 5114/5114/5114
f 5116/5116/5116 5117/5117/5117 5114/5114/5114
f 5112/5112/5112 5118/5118/5118 5116/5116/5116
f 5119/5119/5119 5120/5120/5120 5121/5121/5121
f 5122/5122/5122 5123/5123/5123 5121/5121/5121
f 5120/5120/5120 5122/5122/5122 5121/5121/5121
f 5120/5120/5120 5124/5124/5124 5122/5122/5122
f 5124/5124/5124 5125/5125/5125 5122/5122/5122
f 5120/5120/5120 5126/5126/5126 5124/5124/5124
f 5127/5127/5127 5128/5128/5128 5129/5129/5129
f 5130/5130/5130 5131/5131/5131 5129/5129/5129
f 5128/5128/5128 5130/5130/5130 5129/5129/5129
f 5128/5128/5128 5132/5132/5132 5130/5130/5130
f 5132/5132/5132 5133/5133/5133 5130/5130/5130
f 5128/5128/5128 5134/5134/5134 5132/5132/5132
f 5135/5135/5135 5136/5136/5136 5137/5137/5137
f 5138/5138/5138 5139/5139/5139 5137/5137/5137
f 5136/5136/5136 5138/5138/5138 5137/5137/5137
f 5136/5136/5136 5140/5140/5140 5138/5138/5138
f 5140/5140/5140 5141/5141/5141 5138/5138/5138
f 5136/5136/5136 5142/5142/5142 5140/5140/5140
f 5143/5143/5143 5144/5144/5144 5145/5145/5145
f 5146/5146/5146 5147/5147/5147 5145/5145/5145
f 5144/5144/5144 5146/5146/5146 5145/5145/5145
f 5144/5144/5144 5148/5148/5148 5146/5146/5146
f 5148/5148/5148 5149/5149/5149 5146/5146/5146
f 5144/5144/5144 5150/5150/5150 5148/5148/5148
f 5151/5151/5151 5152/5152/5152 5153/5153/5153
f 5154/5154/5154 5155/5155/5155 5153/5153/5153
f 5152/5152/5152 5154/5154/5154 5153/5153/5153
f 5152/5152/5152 5156/5156/5156 5154/5154/5154
f 5156/5156/5156 5157/5157/5157 5154/5154/5154
f 5152/5152/5152 5158/5158/5158 5156/5156/5156
f 5159/5159/5159 5160/5160/5160 5161/5161/5161
f 5162/5162/5162 5163/5163/5163 5161/5161/5161
f 5160/5160/5160 5162/5162/5162 5161/5161/5161
f 5160/5160/5160 5164/5164/5164 5162/5162/5162
f 5164/5164/5164 5165/5165/5165 5162/5162/5162
f 5160/5160/5160 5166/5166/5166 5164/5164/5164
f 5167/5167/5167 5168/5168/5168 5169/5169/5169
f 5170/5170/5170 5171/5171/5171 5169/5169/5169
f 5168/5168/5168 5170/5170/5170 5169/5169/5169
f 5168/5168/5168 5172/5172/5172 5170/5170/5170
f 5172/5172/5172 5173/5173/5173 5170/5170/5170
f 5168/5168/5168 5174/5174/5174 5172/5172/5172
f 5175/5175/5175 5176/5176/5176 5177/5177/5177
f 5178/5178/5178 5179/5179/5179 5177/5177/5177
f 5176/5176/5176 5178/5178/5178 5177/5177/5177
f 5176/5176/5176 5180/5180/5180 5178/5178/5178
f 5180/5180/5180 5181/5181/5181 5178/5178/5178
f 5176/5176/5176 5182/5182/5182 5180/5180/5180
f 5183/5183/5183 5184/5184/5184 5185/5185/5185
f 5186/5186/5186 5187/5187/5187 5185/5185/5185
f 5184/5184/5184 5186/5186/5186 5185/5185/5185
f 5184/5184/5184 5188/5188/5188 5186/5186/5186
f 5188/5188/5188 5189/5189/5189 5186/5186/5186
f 5184/5184/5184 5190/5190/5190 5188/5188/5188
f 5191/5191/5191 5192/5192/5192 5193/5193/5193
f 5194/5194/5194 5195/5195/5195 5193/5193/5193
f 5192/5192/5192 5194/5194/5194 5193/5193/5193
f 5192/5192/5192 5196/5196/5196 5194/5194/5194
f 5196/5196/5196 5197/5197/5197 5194/5194/5194
f 5192/5192/5192 5198/5198/5198 5196/5196/5196
f 5199/5199/5199 5200/5200/5200 5201/5201/5201
f 5202/5202/5202 5203/5203/5203 5201/5201/5201
f 5200/5200/5200 5202/5202/5202 5201/5201/5201
f 5200/5200/5200 5204/5204/5204 5202/5202/5202
f 5204/5204/5204 5205/5205/5205 5202/5202/5202
f 5200/5200/5200 5206/5206/5206 5204/5204/5204
f 5207/5207/5207 5208/5208/5208 5209/5209/5209
f 5209/5209/5209 5210/5210/5210 5207/5207/5207
f 5211/5211/5211 5209/5209/5209 5212/5212/5212
f 5213/5213/5213 5212/5212/5212 5207/5207/5207
f 5213/5213/5213 5211/5211/5211 5212/5212/5212
f 5207/5207/5207 5214/5214/5214 5213/5213/5213
f 5211/5211/5211 5213/5213/5213 5215/5215/5215
f 5215/5215/5215 5213/5213/5213 5214/5214/5214
f 5214/5214/5214 5216/5216/5216 5215/5215/5215
f 5215/5215/5215 5217/5217/5217 5218/5218/5218
f 5218/5218/5218 5219/5219/5219 5215/5215/5215
f 5220/5220/5220 5215/5215/5215 5219/5219/5219
f 5219/5219/5219 5218/5218/5218 5221/5221/5221
f 5222/5222/5222 5223/5223/5223 5219/5219/5219
f 5221/5221/5221 5222/5222/5222 5219/5219/5219
f 5224/5224/5224 5222/5222/5222 5221/5221/5221
f 5221/5221/5221 5225/5225/5225 5224/5224/5224
f 5226/5226/5226 5222/5222/5222 5224/5224/5224
f 5227/5227/5227 5228/5228/5228 5229/5229/5229
f 5230/5230/5230 5231/5231/5231 5229/5229/5229
f 5228/5228/5228 5230/5230/5230 5229/5229/5229
f 5228/5228/5228 5232/5232/5232 5230/5230/5230
f 5232/5232/5232 5233/5233/5233 5230/5230/5230
f 5228/5228/5228 5234/5234/5234 5232/5232/5232
f 5235/5235/5235 5236/5236/5236 5237/5237/5237
f 5237/5237/5237 5238/5238/5238 5235/5235/5235
f 5239/5239/5239 5237/5237/5237 5240/5240/5240
f 5241/5241/5241 5240/5240/5240 5235/5235/5235
f 5241/5241/5241 5239/5239/5239 5240/5240/5240
f 5235/5235/5235 5242/5242/5242 5241/5241/5241
f 5239/5239/5239 5241/5241/5241 5243/5243/5243
f 5243/5243/5243 5241/5241/5241 5242/5242/5242
f 5242/5242/5242 5244/5244/5244 5243/5243/5243
f 5243/5243/5243 5245/5245/5245 5246/5246/5246
f 5246/5246/5246 5247/5247/5247 5243/5243/5243
f 5248/5248/5248 5243/5243/5243 5247/5247/5247
f 5247/5247/5247 5246/5246/5246 5249/5249/5249
f 5250/5250/5250 5251/5251/5251 5247/5247/5247
f 5249/5249/5249 5250/5250/5250 5247/5247/5247
f 5252/5252/5252 5250/5250/5250 5249/5249/5249
f 5249/5249/5249 5253/5253/5253 5252/5252/5252
f 5254/5254/5254 5250/5250/5250 5252/5252/5252
f 5255/5255/5255 5256/5256/5256 5257/5257/5257
f 5258/5258/5258 5259/5259/5259 5257/5257/5257
f 5256/5256/5256 5258/5258/5258 5257/5257/5257
f 5256/5256/5256 5260/5260/5260 5258/5258/5258
f 5260/5260/5260 5261/5261/5261 5258/5258/5258
f 5256/5256/5256 5262/5262/5262 5260/5260/5260
f 5263/5263/5263 5264/5264/5264 5265/5265/5265
f 5266/5266/5266 5267/5267/5267 5265/5265/5265
f 5264/5264/5264 5266/5266/5266 5265/5265/5265
f 5264/5264/5264 5268/5268/5268 5266/5266/5266
f 5268/5268/5268 5269/5269/5269 5266/5266/5266
f 5264/5264/5264 5270/5270/5270 5268/5268/5268
f 5271/5271/5271 5272/5272/5272 5273/5273/5273
f 5274/5274/5274 5275/5275/5275 5273/5273/5273
f 5272/5272/5272 5274/5274/5274 5273/5273/5273
f 5272/5272/5272 5276/5276/5276 5274/5274/5274
f 5276/5276/5276 5277/5277/5277 5274/5274/5274
f 5272/5272/5272 5278/5278/5278 5276/5276/5276
f 5279/5279/5279 5280/5280/5280 5281/5281/5281
f 5282/5282/5282 5283/5283/5283 5281/5281/5281
f 5280/5280/5280 5282/5282/5282 5281/5281/5281
f 5280/5280/5280 5284/5284/5284 5282/5282/5282
f 5284/5284/5284 5285/5285/5285 5282/5282/5282
f 5280/5280/5280 5286/5286/5286 5284/5284/5284
f 5287/5287/5287 5288/5288/5288 5289/5289/5289
f 5290/5290/5290 5291/5291/5291 5289/5289/5289
f 5288/5288/5288 5290/5290/5290 5289/5289/5289
f 5288/5288/5288 5292/5292/5292 5293/5293/5293
f 5288/5288/5288 5293/5293/5293 5290/5290/5290
f 5293/5293/5293 5294/5294/5294 5290/5290/5290
f 5294/5294/5294 5295/5295/5295 5290/5290/5290
f 5293/5293/5293 5296/5296/5296 5294/5294/5294
f 5297/5297/5297 5298/5298/5298 5299/5299/5299
f 5300/5300/5300 5301/5301/5301 5299/5299/5299
f 5298/5298/5298 5300/5300/5300 5299/5299/5299
f 5302/5302/5302 5303/5303/5303 5300/5300/5300
f 5298/5298/5298 5304/5304/5304 5305/5305/5305
f 5306/5306/5306 5302/5302/5302 5300/5300/5300
f 5298/5298/5298 5306/5306/5306 5300/5300/5300
f 5298/5298/5298 5305/5305/5305 5306/5306/5306
f 5306/5306/5306 5307/5307/5307 5302/5302/5302
f 5305/5305/5305 5308/5308/5308 5306/5306/5306
f 5309/5309/5309 5310/5310/5310 5311/5311/5311
f 5310/5310/5310 5312/5312/5312 5311/5311/5311
f 5313/5313/5313 5309/5309/5309 5311/5311/5311
f 5312/5312/5312 5314/5314/5314 5311/5311/5311
f 5315/5315/5315 5314/5314/5314 5312/5312/5312
f 5316/5316/5316 5313/5313/5313 5311/5311/5311
f 5314/5314/5314 5315/5315/5315 5317/5317/5317
f 5314/5314/5314 5317/5317/5317 5318/5318/5318
f 5316/5316/5316 5318/5318/5318 5313/5313/5313
f 5318/5318/5318 5317/5317/5317 5319/5319/5319
f 5319/5319/5319 5313/5313/5313 5318/5318/5318
f 5319/5319/5319 5320/5320/5320 5313/5313/5313
f 5313/5313/5313 5320/5320/5320 5321/5321/5321
f 5321/5321/5321 5322/5322/5322 5313/5313/5313
f 5321/5321/5321 5323/5323/5323 5322/5322/5322
f 5324/5324/5324 5322/5322/5322 5323/5323/5323
f 5323/5323/5323 5325/5325/5325 5324/5324/5324
f 5326/5326/5326 5322/5322/5322 5324/5324/5324
f 5327/5327/5327 5322/5322/5322 5326/5326/5326
f 5324/5324/5324 5325/5325/5325 5328/5328/5328
f 5329/5329/5329 5322/5322/5322 5327/5327/5327
f 5328/5328/5328 5329/5329/5329 5327/5327/5327
f 5325/5325/5325 5330/5330/5330 5328/5328/5328
f 5328/5328/5328 5331/5331/5331 5329/5329/5329
f 5328/5328/5328 5330/5330/5330 5332/5332/5332
f 5328/5328/5328 5332/5332/5332 5331/5331/5331
f 5333/5333/5333 5334/5334/5334 5335/5335/5335
f 5336/5336/5336 5334/5334/5334 5333/5333/5333
f 5335/5335/5335 5337/5337/5337 5333/5333/5333
f 5333/5333/5333 5338/5338/5338 5336/5336/5336
f 5337/5337/5337 5335/5335/5335 5339/5339/5339
f 5336/5336/5336 5338/5338/5338 5340/5340/5340
f 5339/5339/5339 5341/5341/5341 5337/5337/5337
f 5340/5340/5340 5342/5342/5342 5336/5336/5336
f 5341/5341/5341 5339/5339/5339 5343/5343/5343
f 5342/5342/5342 5340/5340/5340 5344/5344/5344
f 5343/5343/5343 5344/5344/5344 5341/5341/5341
f 5344/5344/5344 5343/5343/5343 5342/5342/5342
f 5345/5345/5345 5346/5346/5346 5347/5347/5347
f 5345/5345/5345 5348/5348/5348 5346/5346/5346
f 5347/5347/5347 5349/5349/5349 5345/5345/5345
f 5348/5348/5348 5345/5345/5345 5350/5350/5350
f 5349/5349/5349 5347/5347/5347 5351/5351/5351
f 5350/5350/5350 5352/5352/5352 5348/5348/5348
f 5351/5351/5351 5353/5353/5353 5349/5349/5349
f 5352/5352/5352 5350/5350/5350 5353/5353/5353
f 5353/5353/5353 5351/5351/5351 5352/5352/5352
f 5354/5354/5354 5355/5355/5355 5356/5356/5356
f 5357/5357/5357 5355/5355/5355 5354/5354/5354
f 5356/5356/5356 5358/5358/5358 5354/5354/5354
f 5354/5354/5354 5359/5359/5359 5357/5357/5357
f 5358/5358/5358 5356/5356/5356 5360/5360/5360
f 5357/5357/5357 5359/5359/5359 5361/5361/5361
f 5360/5360/5360 5361/5361/5361 5358/5358/5358
f 5361/5361/5361 5360/5360/5360 5357/5357/5357
f 5362/5362/5362 5363/5363/5363 5364/5364/5364
f 5365/5365/5365 5363/5363/5363 5362/5362/5362
f 5366/5366/5366 5362/5362/5362 5364/5364/5364
f 5362/5362/5362 5367/5367/5367 5365/5365/5365
f 5368/5368/5368 5366/5366/5366 5364/5364/5364
f 5369/5369/5369 5365/5365/5365 5367/5367/5367
f 5370/5370/5370 5366/5366/5366 5368/5368/5368
f 5367/5367/5367 5370/5370/5370 5369/5369/5369
f 5368/5368/5368 5369/5369/5369 5370/5370/5370
f 5371/5371/5371 5372/5372/5372 5373/5373/5373
f 5373/5373/5373 5374/5374/5374 5371/5371/5371
f 5372/5372/5372 5371/5371/5371 5375/5375/5375
f 5374/5374/5374 5373/5373/5373 5376/5376/5376
f 5375/5375/5375 5377/5377/5377 5372/5372/5372
f 5376/5376/5376 5378/5378/5378 5374/5374/5374
f 5377/5377/5377 5375/5375/5375 5378/5378/5378
f 5378/5378/5378 5376/5376/5376 5377/5377/5377
f 5379/5379/5379 5380/5380/5380 5381/5381/5381
f 5381/5381/5381 5382/5382/5382 5379/5379/5379
f 5380/5380/5380 5379/5379/5379 5383/5383/5383
f 5382/5382/5382 5381/5381/5381 5384/5384/5384
f 5383/5383/5383 5385/5385/5385 5380/5380/5380
f 5384/5384/5384 5386/5386/5386 5382/5382/5382
f 5385/5385/5385 5383/5383/5383 5386/5386/5386
f 5386/5386/5386 5384/5384/5384 5385/5385/5385
