v -1.87036 1.770184 -0.5707340000000001
v -1.806788 1.748779 -0.5708010000000001
v -1.743232 1.887329 -0.5708010000000001
v -2.061743 1.835793 -0.5708010000000001
v -1.981752 1.755802 -0.5707330000000002
v -1.870362 1.770187 -0.5707340000000001
v 1.74323 1.887337 -0.5708010000000001
v 1.806787 1.748787 -0.5708010000000001
v 1.870358 1.770191 -0.5707340000000001
v 1.87036 1.770195 -0.5707340000000001
v 1.98175 1.75581 -0.5707340000000001
v 2.061741 1.8358 -0.5708010000000001
v 1.921188 1.389584 0.05698499999999992
v 1.921188 1.610397 0.056984999999999904
v 1.870049 1.647762 0.05694599999999989
v 1.921188 1.610397 0.056984999999999904
v 1.943006 1.619411 0.056984999999999904
v 1.870049 1.647762 0.05694599999999989
v -1.921188 1.389584 0.05698499999999992
v -1.870049 1.647762 0.05694599999999989
v -1.921188 1.610397 0.056984999999999904
v -1.870049 1.647762 0.05694599999999989
v -1.943006 1.619411 0.056984999999999904
v -1.921188 1.610397 0.056984999999999904
v -1.771994 2.436234 -2.920954
v -1.723286 2.493988 -2.920954
v -1.723286 2.493999 -0.024894000000000152
v -1.723286 2.493999 -0.024894000000000152
v -1.771994 2.436241 -0.02489400000000015
v -1.771994 2.551743 -2.920954
v -1.771994 2.55175 -0.024894000000000156
v -1.723286 2.493999 -0.024894000000000152
v -1.723286 2.493988 -2.920954
v -1.771994 2.551743 -2.920954
v -1.8207 2.493988 -2.920954
v -1.8207 2.493999 -0.024894000000000152
v -1.771994 2.55175 -0.024894000000000156
v -1.771994 2.551743 -2.920954
v -1.8207 2.493988 -2.920954
v -1.632829 2.436234 -2.920954
v -1.584122 2.493988 -2.920954
v -1.584122 2.493999 0.23222699999999982
v -1.584122 2.493999 0.23222699999999982
v -1.632829 2.436241 0.23222699999999985
v -1.632829 2.551743 -2.920954
v -1.632829 2.55175 0.23222699999999982
v -1.584122 2.493999 0.23222699999999982
v -1.584122 2.493988 -2.920954
v -1.632829 2.551743 -2.920954
v -1.681536 2.493988 -2.920954
v -1.681536 2.493999 0.23222699999999982
v -1.632829 2.55175 0.23222699999999982
v -1.632829 2.551743 -2.920954
v -1.681536 2.493988 -2.920954
v -0.924906 2.436234 -2.920954
v -0.876198 2.493988 -2.920954
v -0.876198 2.493999 -0.024894000000000152
v -0.876198 2.493999 -0.024894000000000152
v -0.924906 2.436241 -0.02489400000000015
v -0.924906 2.551743 -2.920954
v -0.924906 2.55175 -0.024894000000000156
v -0.876198 2.493999 -0.024894000000000152
v -0.876198 2.493988 -2.920954
v -0.924906 2.551743 -2.920954
v -0.973614 2.493988 -2.920954
v -0.973614 2.493999 -0.024894000000000152
v -0.924906 2.55175 -0.024894000000000156
v -0.924906 2.551743 -2.920954
v -0.973614 2.493988 -2.920954
v -0.785743 2.436234 -2.920954
v -0.737036 2.493988 -2.920954
v -0.737036 2.493999 -0.09028500000000016
v -0.737036 2.493999 -0.09028500000000016
v -0.785743 2.436241 -0.09028500000000016
v -0.785743 2.551743 -2.920954
v -0.785743 2.55175 -0.09028500000000016
v -0.737036 2.493999 -0.09028500000000016
v -0.737036 2.493988 -2.920954
v -0.785743 2.551743 -2.920954
v -0.83445 2.493988 -2.920954
v -0.83445 2.493999 -0.09028500000000016
v -0.785743 2.55175 -0.09028500000000016
v -0.785743 2.551743 -2.920954
v -0.83445 2.493988 -2.920954
v -0.068967 2.436234 -2.920954
v -0.02026 2.493988 -2.920954
v -0.02026 2.493999 0.13127199999999983
v -0.02026 2.493999 0.13127199999999983
v -0.068967 2.436241 0.13127199999999986
v -0.068967 2.551743 -2.920954
v -0.068967 2.55175 0.13127199999999983
v -0.02026 2.493999 0.13127199999999983
v -0.02026 2.493988 -2.920954
v -0.068967 2.551743 -2.920954
v -0.117675 2.493988 -2.920954
v -0.117675 2.493999 0.13127199999999983
v -0.068967 2.55175 0.13127199999999983
v -0.068967 2.551743 -2.920954
v -0.117675 2.493988 -2.920954
v 0.070196 2.436237 -2.920954
v 0.118904 2.493992 -2.920954
v 0.118904 2.493992 -0.024894000000000152
v 0.118904 2.493992 -0.024894000000000152
v 0.070196 2.436237 -0.02489400000000015
v 0.070196 2.551743 -2.920954
v 0.070196 2.551743 -0.024894000000000156
v 0.118904 2.493992 -0.024894000000000152
v 0.118904 2.493992 -2.920954
v 0.070196 2.551743 -2.920954
v 0.021489 2.493992 -2.920954
v 0.021489 2.493992 -0.024894000000000152
v 0.070196 2.551743 -0.024894000000000156
v 0.070196 2.551743 -2.920954
v 0.021489 2.493992 -2.920954
v 0.796678 2.436234 -2.920954
v 0.845385 2.493988 -2.920954
v 0.845385 2.493999 -0.08564900000000016
v 0.845385 2.493999 -0.08564900000000016
v 0.796678 2.436241 -0.08564900000000016
v 0.796678 2.551743 -2.920954
v 0.796678 2.55175 -0.08564900000000016
v 0.845385 2.493999 -0.08564900000000016
v 0.845385 2.493988 -2.920954
v 0.796678 2.551743 -2.920954
v 0.747971 2.493988 -2.920954
v 0.747971 2.493999 -0.08564900000000016
v 0.796678 2.55175 -0.08564900000000016
v 0.796678 2.551743 -2.920954
v 0.747971 2.493988 -2.920954
v 0.935842 2.436237 -2.920954
v 0.984549 2.493992 -2.920954
v 0.984549 2.493992 -0.024894000000000152
v 0.984549 2.493992 -0.024894000000000152
v 0.935842 2.436237 -0.02489400000000015
v 0.935842 2.551743 -2.920954
v 0.935842 2.551743 -0.024894000000000156
v 0.984549 2.493992 -0.024894000000000152
v 0.984549 2.493992 -2.920954
v 0.935842 2.551743 -2.920954
v 0.887134 2.493992 -2.920954
v 0.887134 2.493992 -0.024894000000000152
v 0.935842 2.551743 -0.024894000000000156
v 0.935842 2.551743 -2.920954
v 0.887134 2.493992 -2.920954
v 1.607878 2.436241 -2.920954
v 1.656585 2.493999 -2.920954
v 1.656585 2.493999 -0.024894000000000152
v 1.656585 2.493999 -0.024894000000000152
v 1.607878 2.436241 -0.02489400000000015
v 1.607878 2.55175 -2.920954
v 1.607878 2.55175 -0.024894000000000156
v 1.656585 2.493999 -0.024894000000000152
v 1.656585 2.493999 -2.920954
v 1.607878 2.55175 -2.920954
v 1.55917 2.493999 -2.920954
v 1.55917 2.493999 -0.024894000000000152
v 1.607878 2.55175 -0.024894000000000156
v 1.607878 2.55175 -2.920954
v 1.55917 2.493999 -2.920954
v 1.747041 2.436241 -2.920953
v 1.795749 2.493999 -2.920953
v 1.795749 2.493999 0.43716299999999986
v 1.795749 2.493999 0.43716299999999986
v 1.747041 2.436241 0.43716299999999986
v 1.747041 2.55175 -2.920953
v 1.747041 2.55175 0.43716299999999986
v 1.795749 2.493999 0.43716299999999986
v 1.795749 2.493999 -2.920953
v 1.747041 2.55175 -2.920953
v 1.698334 2.493999 -2.920953
v 1.698334 2.493999 0.43716299999999986
v 1.747041 2.55175 0.43716299999999986
v 1.747041 2.55175 -2.920953
v 1.698334 2.493999 -2.920953
v 2.004166 1.110027 -0.5708020000000001
v 1.960898 1.107956 0.07370299999999994
v 2 0.999931 0.07370299999999995
v 2.044055 0.999931 -0.5707340000000001
v 2.004166 1.110027 -0.5708020000000001
v 2.004166 1.534332 -0.5708010000000001
v 2.044055 1.644413 -0.5707340000000001
v 2 1.644413 0.07370299999999991
v 1.960897 1.536404 0.07370299999999991
v 2.004166 1.534332 -0.5708010000000001
v 2.004166 0.11001199999999996 -0.570802
v 1.960898 0.107941 0.073703
v 2 -8.399999999999548E-05 0.073703
v 2.044055 -8.400000000003495E-05 -0.570734
v 2.004166 0.11001199999999996 -0.570802
v 2 0.999931 0.07370299999999995
v 1.960897 0.891922 0.07370299999999995
v 2.004166 0.889851 -0.570801
v 2.004166 0.889851 -0.570801
v 2.044055 0.999931 -0.5707340000000001
v 2.004166 -0.890003 -0.570802
v 1.960898 -0.892075 0.07370300000000006
v 2 -1.000099 0.07370300000000006
v 2.044055 -1.000099 -0.5707339999999999
v 2.004166 -0.890003 -0.570802
v 2 -8.399999999999548E-05 0.073703
v 1.960897 -0.108093 0.073703
v 2.004166 -0.11016500000000004 -0.570801
v 2.004166 -0.11016500000000004 -0.570801
v 2.044055 -8.400000000003495E-05 -0.570734
v 2.004166 -1.890018 -0.5708019999999999
v 1.960898 -1.89209 0.07370300000000012
v 2 -2.000114 0.07370300000000013
v 2.044055 -2.000114 -0.5707339999999999
v 2.004166 -1.890018 -0.5708019999999999
v 2.004166 -1.11018 -0.5708009999999999
v 2.044055 -1.000099 -0.5707339999999999
v 2 -1.000099 0.07370300000000006
v 1.960897 -1.108109 0.07370300000000007
v 2.004166 -1.11018 -0.5708009999999999
v -2.004166 1.110027 -0.5708020000000001
v -2.044055 0.999931 -0.5707340000000001
v -2 0.999931 0.07370299999999995
v -1.960898 1.107956 0.07370299999999994
v -2.004166 1.110027 -0.5708020000000001
v -2.004166 1.534332 -0.5708010000000001
v -1.960897 1.536404 0.07370299999999991
v -2 1.644413 0.07370299999999991
v -2.044055 1.644413 -0.5707340000000001
v -2.004166 1.534332 -0.5708010000000001
v -2.004166 0.11001199999999996 -0.570802
v -2.044055 -8.400000000003495E-05 -0.570734
v -2 -8.399999999999548E-05 0.073703
v -1.960898 0.107941 0.073703
v -2.004166 0.11001199999999996 -0.570802
v -2 0.999931 0.07370299999999995
v -2.044055 0.999931 -0.5707340000000001
v -2.004166 0.889851 -0.570801
v -2.004166 0.889851 -0.570801
v -1.960897 0.891922 0.07370299999999995
v -2.004166 -0.890003 -0.570802
v -2.044055 -1.000099 -0.5707339999999999
v -2 -1.000099 0.07370300000000006
v -1.960898 -0.892075 0.07370300000000006
v -2.004166 -0.890003 -0.570802
v -2 -8.399999999999548E-05 0.073703
v -2.044055 -8.400000000003495E-05 -0.570734
v -2.004166 -0.11016500000000004 -0.570801
v -2.004166 -0.11016500000000004 -0.570801
v -1.960897 -0.108093 0.073703
v -2.004166 -1.890018 -0.5708019999999999
v -2.044055 -2.000114 -0.5707339999999999
v -2 -2.000114 0.07370300000000013
v -1.960898 -1.89209 0.07370300000000012
v -2.004166 -1.890018 -0.5708019999999999
v -2.004166 -1.11018 -0.5708009999999999
v -1.960897 -1.108109 0.07370300000000007
v -2 -1.000099 0.07370300000000006
v -2.044055 -1.000099 -0.5707339999999999
v -2.004166 -1.11018 -0.5708009999999999
v -1.806857 1.758789 0.0737029999999999
v -1.762404 1.734875 0.0737029999999999
v -1.760333 1.778141 -0.5708010000000001
v -1.760333 1.778141 -0.5708010000000001
v -1.806857 1.801716 -0.5708010000000001
v -1.870429 1.773975 0.0737029999999999
v -1.870429 1.818031 -0.5707340000000001
v -1.743232 1.887329 -0.5708010000000001
v -1.87036 1.930168 -0.5708010000000001
v -1.87036 1.770184 -0.5707340000000001
v -1.806788 1.748779 -0.5708010000000001
v -1.760264 1.717854 -0.5708010000000001
v -1.650214 1.79372 -0.5708010000000001
v -1.650214 1.705849 -0.5707830000000002
v -1.870362 1.770187 -0.5707340000000001
v -1.870362 1.930172 -0.5708010000000001
v -2.061743 1.835793 -0.5708010000000001
v -2.156194 1.644478 -0.5708010000000001
v -1.996211 1.644478 -0.5707340000000001
v -1.981752 1.755802 -0.5707330000000002
v 1.760331 1.778149 -0.5708020000000001
v 1.762403 1.734882 0.07370199999999989
v 1.806855 1.758797 0.07370199999999989
v 1.806855 1.801723 -0.5708010000000001
v 1.760331 1.778149 -0.5708020000000001
v 1.870427 1.773983 0.0737029999999999
v 1.870427 1.818039 -0.5707340000000001
v 1.870358 1.770191 -0.5707340000000001
v 1.870358 1.930176 -0.5708020000000001
v 1.74323 1.887337 -0.5708010000000001
v 1.760262 1.717861 -0.5708020000000001
v 1.806787 1.748787 -0.5708010000000001
v 1.650212 1.793728 -0.5708010000000001
v 1.650212 1.705856 -0.5707830000000002
v 2.061741 1.8358 -0.5708010000000001
v 1.87036 1.93018 -0.5708020000000001
v 1.87036 1.770195 -0.5707340000000001
v 1.98175 1.75581 -0.5707340000000001
v 1.996209 1.644485 -0.5707340000000001
v 2.156192 1.644485 -0.5708020000000001
v -1.762404 1.734875 0.0737029999999999
v -1.800467 1.644405 0.07370299999999991
v -1.800464 1.666256 -0.5706860000000001
v -1.760333 1.778141 -0.5708010000000001
v -1.983682 1.75766 0.0737029999999999
v -2.000001 1.644409 0.07370299999999991
v -1.87043 1.644409 0.07370299999999991
v -1.870431 1.773979 0.0737029999999999
v 1.849688 2.472469 -0.38931000000000016
v 1.849688 2.472469 -0.22287000000000015
v 1.849369 2.420639 -0.22316800000000014
v 1.849369 2.420639 -0.38960700000000015
v -1.911245 2.472469 -0.38960700000000015
v -1.911245 2.472469 -0.22316800000000014
v 1.849688 2.472469 -0.22287000000000015
v 1.849688 2.472469 -0.38931000000000016
v -1.911245 2.420639 -0.22316800000000014
v 1.849369 2.420639 -0.22316800000000014
v 1.849688 2.472469 -0.22287000000000015
v -1.911245 2.472469 -0.22316800000000014
v -1.900194 2.425735 -0.13927100000000014
v 1.723931 2.425735 -0.13927100000000014
v 1.723931 1.942581 -0.13927100000000012
v -1.900194 1.942581 -0.13927100000000012
v -1.900194 2.425735 -0.07756000000000016
v -1.900194 1.942581 -0.07756000000000013
v 1.723931 1.942581 -0.07756000000000013
v 1.723931 2.425735 -0.07756000000000016
v -1.771994 2.436241 -0.02489400000000015
v -1.723286 2.493999 -0.024894000000000152
v -1.8207 2.493999 -0.024894000000000152
v -1.771994 2.55175 -0.024894000000000156
v -1.771994 2.436234 -2.920954
v -1.771994 2.436241 -0.02489400000000015
v -1.8207 2.493999 -0.024894000000000152
v -1.8207 2.493988 -2.920954
v -1.632829 2.436241 0.23222699999999985
v -1.584122 2.493999 0.23222699999999982
v -1.681536 2.493999 0.23222699999999982
v -1.632829 2.55175 0.23222699999999982
v -1.632829 2.436234 -2.920954
v -1.632829 2.436241 0.23222699999999985
v -1.681536 2.493999 0.23222699999999982
v -1.681536 2.493988 -2.920954
v -0.924906 2.436241 -0.02489400000000015
v -0.876198 2.493999 -0.024894000000000152
v -0.973614 2.493999 -0.024894000000000152
v -0.924906 2.55175 -0.024894000000000156
v -0.924906 2.436234 -2.920954
v -0.924906 2.436241 -0.02489400000000015
v -0.973614 2.493999 -0.024894000000000152
v -0.973614 2.493988 -2.920954
v -0.785743 2.436241 -0.09028500000000016
v -0.737036 2.493999 -0.09028500000000016
v -0.83445 2.493999 -0.09028500000000016
v -0.785743 2.55175 -0.09028500000000016
v -0.785743 2.436234 -2.920954
v -0.785743 2.436241 -0.09028500000000016
v -0.83445 2.493999 -0.09028500000000016
v -0.83445 2.493988 -2.920954
v -0.068967 2.436241 0.13127199999999986
v -0.02026 2.493999 0.13127199999999983
v -0.117675 2.493999 0.13127199999999983
v -0.068967 2.55175 0.13127199999999983
v -0.068967 2.436234 -2.920954
v -0.068967 2.436241 0.13127199999999986
v -0.117675 2.493999 0.13127199999999983
v -0.117675 2.493988 -2.920954
v 0.070196 2.436237 -0.02489400000000015
v 0.118904 2.493992 -0.024894000000000152
v 0.021489 2.493992 -0.024894000000000152
v 0.070196 2.551743 -0.024894000000000156
v 0.070196 2.436237 -2.920954
v 0.070196 2.436237 -0.02489400000000015
v 0.021489 2.493992 -0.024894000000000152
v 0.021489 2.493992 -2.920954
v 0.796678 2.436241 -0.08564900000000016
v 0.845385 2.493999 -0.08564900000000016
v 0.747971 2.493999 -0.08564900000000016
v 0.796678 2.55175 -0.08564900000000016
v 0.796678 2.436234 -2.920954
v 0.796678 2.436241 -0.08564900000000016
v 0.747971 2.493999 -0.08564900000000016
v 0.747971 2.493988 -2.920954
v 0.935842 2.436237 -0.02489400000000015
v 0.984549 2.493992 -0.024894000000000152
v 0.887134 2.493992 -0.024894000000000152
v 0.935842 2.551743 -0.024894000000000156
v 0.935842 2.436237 -2.920954
v 0.935842 2.436237 -0.02489400000000015
v 0.887134 2.493992 -0.024894000000000152
v 0.887134 2.493992 -2.920954
v 1.607878 2.436241 -0.02489400000000015
v 1.656585 2.493999 -0.024894000000000152
v 1.55917 2.493999 -0.024894000000000152
v 1.607878 2.55175 -0.024894000000000156
v 1.607878 2.436241 -2.920954
v 1.607878 2.436241 -0.02489400000000015
v 1.55917 2.493999 -0.024894000000000152
v 1.55917 2.493999 -2.920954
v 1.747041 2.436241 0.43716299999999986
v 1.795749 2.493999 0.43716299999999986
v 1.698334 2.493999 0.43716299999999986
v 1.747041 2.55175 0.43716299999999986
v 1.747041 2.436241 -2.920953
v 1.747041 2.436241 0.43716299999999986
v 1.698334 2.493999 0.43716299999999986
v 1.698334 2.493999 -2.920953
v -1.727627 1.758202 -0.14268400000000012
v -1.678534 1.758202 -0.14268400000000012
v -1.678534 2.599804 -0.14268400000000017
v -1.727633 2.599804 -0.14268400000000017
v -0.881252 1.758202 -0.14268400000000012
v -0.832159 1.758202 -0.14268400000000012
v -0.832159 2.599804 -0.14268400000000017
v -0.88126 2.599804 -0.14268400000000017
v 1.641966 1.758202 -0.14268400000000012
v 1.69106 1.758202 -0.14268400000000012
v 1.69106 2.599804 -0.14268400000000017
v 1.641959 2.599804 -0.14268400000000017
v 0.841604 1.758202 -0.14268400000000012
v 0.890698 1.758202 -0.14268400000000012
v 0.890698 2.599804 -0.14268400000000017
v 0.841598 2.599804 -0.14268400000000017
v -1.673693 2.559128 -0.4305490000000002
v -1.673693 2.558388 -0.32990500000000017
v -1.673691 1.909428 -1.7982310000000001
v -1.673691 1.9086689999999997 -1.9016900000000003
v -1.73414 1.9086689999999997 -1.9016900000000003
v -1.73414 1.909428 -1.7982310000000001
v -1.73414 2.558388 -0.32990500000000017
v -1.73414 2.559128 -0.4305490000000002
v -0.824442 2.559128 -0.4305490000000002
v -0.824442 2.558388 -0.32990500000000017
v -0.824438 1.909428 -1.7982300000000002
v -0.824438 1.9086689999999997 -1.9016900000000003
v -0.884888 1.9086689999999997 -1.9016900000000003
v -0.884888 1.909428 -1.7982300000000002
v -0.884888 2.558388 -0.32990500000000017
v -0.884888 2.559128 -0.4305490000000002
v 0.029893 2.559128 -0.4305490000000002
v 0.029893 2.558388 -0.32990500000000017
v 0.029896 1.909428 -1.7982300000000002
v 0.029896 1.9086689999999997 -1.9016900000000003
v -0.030554 1.9086689999999997 -1.9016900000000003
v -0.030554 1.909428 -1.7982300000000002
v -0.030554 2.558388 -0.32990500000000017
v -0.030554 2.559128 -0.4305490000000002
v 0.895538 2.559128 -0.4305490000000002
v 0.895538 2.558388 -0.32990500000000017
v 0.895541 1.909428 -1.7982300000000002
v 0.895541 1.9086689999999997 -1.9016900000000003
v 0.835091 1.9086689999999997 -1.9016900000000003
v 0.835091 1.909428 -1.7982300000000002
v 0.835091 2.558388 -0.32990500000000017
v 0.835091 2.559128 -0.4305490000000002
v 1.698777 2.559128 -0.4305490000000002
v 1.698777 2.558388 -0.32990500000000017
v 1.69878 1.909428 -1.7982300000000002
v 1.69878 1.9086689999999997 -1.9016900000000003
v 1.63833 1.9086689999999997 -1.9016900000000003
v 1.63833 1.909428 -1.7982300000000002
v 1.63833 2.558388 -0.32990500000000017
v 1.63833 2.559128 -0.4305490000000002
v -0.029133 1.758205 -0.1426810000000001
v 0.01996 1.758205 -0.1426810000000001
v 0.01996 2.599808 -0.14268100000000017
v -0.02914 2.599808 -0.14268100000000017
v 1.367786 1.978867 -0.07838200000000012
v 1.268742 1.969971 -0.07333500000000012
v 1.267735 1.598347 0.1553089999999999
v 1.367077 1.60397 0.1515169999999999
v 1.532524 2.052147 -0.08108100000000013
v 1.394184 2.038849 -0.08144400000000013
v 1.450864 1.589924 0.1443019999999999
v 1.58839 1.602501 0.12873499999999988
v -0.9792 2.110844 -0.06427800000000013
v -1.158186 2.173531 -0.06427800000000014
v -1.353921 1.697136 0.0906699999999999
v -1.168604 1.658489 0.0906699999999999
v 1.220095 1.934071 -0.8199030000000002
v 1.818167 1.791702 -0.8199030000000002
v 1.818102 1.9023779999999997 -2.072385
v 1.22003 2.044239 -2.072386
v 1.930208 1.644489 -0.0023650000000001005
v 1.930208 1.644489 0.05694599999999989
v 1.070047 1.644489 0.0569169999999999
v 1.070047 1.644489 -0.0023650000000001005
v 1.110109 1.942467 -0.8299860000000001
v 1.098425 1.750397 0.0569849999999999
v 1.906939 1.713886 0.0569849999999999
v 1.835951 1.787865 -0.8299870000000001
v 1.098425 1.750397 0.0569849999999999
v 1.070047 1.644489 0.0569169999999999
v 1.930208 1.644489 0.05694599999999989
v 1.906939 1.713886 0.0569849999999999
v 0.219896 1.933563 -0.8199030000000002
v 0.779902 1.934071 -0.8199030000000002
v 0.779966 2.044239 -2.072386
v 0.219961 2.044239 -2.072385
v 0.929949 1.644489 0.0569169999999999
v 0.069788 1.644489 0.05694599999999989
v 0.069788 1.644489 -0.0023650000000001005
v 0.929949 1.644489 -0.0023650000000001005
v 0.109983 1.932457 -0.8299870000000001
v 0.098139 1.750263 0.0569849999999999
v 0.901571 1.750397 0.0569849999999999
v 0.889887 1.932457 -0.8299860000000001
v 0.901571 1.750397 0.0569849999999999
v 0.098139 1.750263 0.0569849999999999
v 0.069788 1.644489 0.05694599999999989
v 0.929949 1.644489 0.0569169999999999
v -0.780104 1.933563 -0.8199030000000002
v -0.220098 1.934071 -0.8199030000000002
v -0.220034 2.044239 -2.072386
v -0.780039 2.044239 -2.072385
v -0.070051 1.644489 0.0569169999999999
v -0.930212 1.644489 0.05694599999999989
v -0.930212 1.644489 -0.0023650000000001005
v -0.070051 1.644489 -0.0023650000000001005
v -0.890017 1.932457 -0.8299870000000001
v -0.901861 1.750263 0.0569849999999999
v -0.098429 1.750397 0.0569849999999999
v -0.110113 1.932457 -0.8299860000000001
v -0.098429 1.750397 0.0569849999999999
v -0.901861 1.750263 0.0569849999999999
v -0.930212 1.644489 0.05694599999999989
v -0.070051 1.644489 0.0569169999999999
v -1.220034 2.044239 -2.072386
v -1.818106 1.9023779999999997 -2.072385
v -1.818171 1.791702 -0.8199030000000002
v -1.220098 1.934071 -0.8199030000000002
v -1.930212 1.644489 -0.0023650000000001005
v -1.070051 1.644489 -0.0023650000000001005
v -1.070051 1.644489 0.0569169999999999
v -1.930212 1.644489 0.05694599999999989
v -1.835955 1.787865 -0.8299870000000001
v -1.906942 1.713886 0.0569849999999999
v -1.098429 1.750397 0.0569849999999999
v -1.110113 1.942467 -0.8299860000000001
v -1.930212 1.644489 0.05694599999999989
v -1.070051 1.644489 0.0569169999999999
v -1.098429 1.750397 0.0569849999999999
v -1.906942 1.713886 0.0569849999999999
v 1.762403 1.734882 0.07370199999999989
v 1.760331 1.778149 -0.5708020000000001
v 1.800462 1.666264 -0.5706870000000002
v 1.800466 1.644413 0.0737019999999999
v 1.98368 1.757668 0.0737029999999999
v 1.870429 1.773987 0.0737029999999999
v 1.870428 1.644417 0.07370299999999991
v 1.999999 1.644417 0.07370299999999991
v -1.878784 -2 1.2246467991473532E-16
v 1.897495 -2 1.2246467991473532E-16
v 1.897495 1.68605 -1.0324078678511975E-16
v -1.878784 1.68605 -1.0324078678511975E-16
v 2.003786 1.569954 -0.8437510000000001
v 1.943006 1.577065 0.056984999999999904
v 1.943069 1.094742 0.05698499999999993
v 2.003786 1.101761 -0.8437490000000001
v 1.870041 1 0.07370299999999995
v 1.870046 1.070034 0.07370299999999994
v 1.870046 1.070034 -0.0023640000000000657
v 1.870044 1.000004 -0.0024060000000000613
v 2 0.999931 0.07370299999999995
v 1.960898 1.107956 0.07370299999999994
v 1.870429 0.999931 0.07370299999999995
v 1.870429 1.069893 0.07370299999999994
v 2.050479 1.2201499999999998 -2.072386
v 2.019743 1.220146 -0.5708010000000001
v 2.156193 1 -0.5708010000000001
v 2.156193 0.9999999999999999 -2.072386
v 1.960898 1.107956 0.07370299999999994
v 2.004166 1.110027 -0.5708020000000001
v 1.89228 1.069897 -0.5706860000000001
v 1.870429 1.069893 0.07370299999999994
v 1.960897 1.536404 0.07370299999999991
v 2 1.644413 0.07370299999999991
v 1.870429 1.644413 0.07370299999999991
v 1.870429 1.574463 0.07370299999999991
v 1.960897 1.536404 0.07370299999999991
v 1.870429 1.574463 0.07370299999999991
v 1.89228 1.574463 -0.5706810000000001
v 2.004166 1.534332 -0.5708010000000001
v 1.870049 1.647762 -0.002365000000000101
v 1.870049 1.069965 -0.0023650000000000654
v 1.870049 1.069965 0.05691699999999994
v 1.870049 1.647762 0.05694599999999989
v 2.008052 1.580204 -0.8199030000000002
v 1.997467 1.584911 -0.6118110000000001
v 1.997467 1.415249 -0.6118100000000001
v 2.008052 1.419125 -0.8199030000000002
v 1.921188 1.389584 0.05698499999999992
v 1.870049 1.069965 0.05691699999999994
v 1.943069 1.098343 0.05698499999999993
v 1.870049 1.647762 0.05694599999999989
v 1.870432 1.000015 -0.0023640000000000614
v 1.870431 0.929985 -0.002406000000000057
v 1.870429 0.929981 0.07370299999999995
v 1.870432 1.000015 0.07370299999999995
v 1.870432 1.069965 -0.0023640000000000657
v 1.870431 0.999935 -0.0024060000000000613
v 1.870429 0.999931 0.07370299999999995
v 1.870432 1.069965 0.07370299999999994
v 1.870432 -1.4475325165921717E-19 -0.002364
v 1.870431 -0.07003 -0.002405999999999996
v 1.870429 -0.070034 0.073703
v 1.870432 4.513007151877869E-18 0.073703
v 1.870043 -1.000015 -0.002363999999999939
v 1.870041 -1.070045 -0.0024059999999999347
v 1.870038 -1.070049 0.07370300000000007
v 1.870043 -1.000015 0.07370300000000006
v 1.870432 0.06995 -0.0023640000000000046
v 1.870431 -8.000000000000016E-05 -0.002406
v 1.870429 -8.399999999999548E-05 0.073703
v 1.870432 0.06995 0.073703
v 2 -8.399999999999548E-05 0.073703
v 1.960898 0.107941 0.073703
v 1.870429 -8.399999999999548E-05 0.073703
v 1.870429 0.069878 0.073703
v 1.89228 0.06988099999999996 -0.570686
v 1.870429 0.069878 0.073703
v 1.960898 0.107941 0.073703
v 2.004166 0.11001199999999996 -0.570802
v 1.870049 0.06982 0.056916999999999995
v 1.870049 0.929981 0.05694599999999994
v 1.870049 0.929981 -0.002364000000000057
v 1.870049 0.06982 -0.0023640000000000046
v 2.003785 0.889851 -0.84375
v 1.943005 0.901634 0.056985999999999946
v 1.943069 0.090347 0.056985999999999995
v 2.003741 0.10995499999999994 -0.84375
v 2.020459 0.826141 -0.819903
v 2.027417 0.17467499999999994 -0.819903
v 2.080646 0.17467499999999986 -2.072386
v 2.073932 0.8261409999999999 -2.072385
v 1.960897 0.891922 0.07370299999999995
v 2 0.999931 0.07370299999999995
v 1.870429 0.999931 0.07370299999999995
v 1.870429 0.929981 0.07370299999999995
v 1.943069 0.090347 0.056985999999999995
v 1.943005 0.901634 0.056985999999999946
v 1.870049 0.929981 0.05694599999999994
v 1.870049 0.06982 0.056916999999999995
v 1.89228 0.929981 -0.5706810000000001
v 2.004166 0.889851 -0.570801
v 1.960897 0.891922 0.07370299999999995
v 1.870429 0.929981 0.07370299999999995
v 1.870043 -0.929996 -0.0023639999999999434
v 1.870041 -1.000027 -0.002405999999999939
v 1.870038 -1.000031 0.07370300000000006
v 1.870043 -0.929996 0.07370300000000006
v 2 -1.000099 0.07370300000000006
v 1.960898 -0.892075 0.07370300000000006
v 1.870429 -1.000099 0.07370300000000006
v 1.870429 -0.930138 0.07370300000000006
v 1.89228 -0.930134 -0.5706859999999999
v 1.870429 -0.930138 0.07370300000000006
v 1.960898 -0.892075 0.07370300000000006
v 2.004166 -0.890003 -0.570802
v 1.870049 -0.930195 0.05691700000000006
v 1.870049 -0.070034 0.056946000000000004
v 1.870049 -0.070034 -0.002363999999999996
v 1.870049 -0.930195 -0.0023639999999999434
v 2.003785 -0.11016500000000005 -0.848084
v 1.943005 -0.098381 0.05698600000000001
v 1.943069 -0.909668 0.05698600000000006
v 2.003741 -0.89006 -0.848084
v 2.020459 -0.17387400000000006 -0.819903
v 2.027417 -0.82534 -0.819903
v 2.080646 -0.8253400000000001 -2.072386
v 2.073932 -0.17387400000000014 -2.072385
v 1.960897 -0.108093 0.073703
v 2 -8.399999999999548E-05 0.073703
v 1.870429 -8.399999999999548E-05 0.073703
v 1.870429 -0.070034 0.073703
v 1.943069 -0.909668 0.05698600000000006
v 1.943005 -0.098381 0.05698600000000001
v 1.870049 -0.070034 0.056946000000000004
v 1.870049 -0.930195 0.05691700000000006
v 1.89228 -0.07003400000000004 -0.570681
v 2.004166 -0.11016500000000004 -0.570801
v 1.960897 -0.108093 0.073703
v 1.870429 -0.070034 0.073703
v 1.870041 -2.000046 0.07370300000000013
v 1.870046 -1.930012 0.07370300000000013
v 1.870046 -1.930012 -0.002363999999999882
v 1.870044 -2.000042 -0.002405999999999878
v 2.075108 -1.8253560000000002 -2.072386
v 2.068394 -1.1738890000000002 -2.072385
v 2.014921 -1.173889 -0.8199029999999999
v 2.021879 -1.825356 -0.8199029999999999
v 2 -2.000114 0.07370300000000013
v 1.960898 -1.89209 0.07370300000000012
v 1.870429 -2.000114 0.07370300000000013
v 1.870429 -1.930153 0.07370300000000013
v 2.156193 -2.000046 -2.072386
v 2.050479 -1.7798960000000001 -2.072386
v 2.019743 -1.7799 -0.5708009999999999
v 2.156193 -2.000046 -0.5708009999999999
v 1.960898 -1.89209 0.07370300000000012
v 2.004166 -1.890018 -0.5708019999999999
v 1.89228 -1.930149 -0.5706859999999999
v 1.870429 -1.930153 0.07370300000000013
v 1.960897 -1.108109 0.07370300000000007
v 2 -1.000099 0.07370300000000006
v 1.870429 -1.000099 0.07370300000000006
v 1.870429 -1.070049 0.07370300000000007
v 1.960897 -1.108109 0.07370300000000007
v 1.870429 -1.070049 0.07370300000000007
v 1.89228 -1.070049 -0.5706809999999999
v 2.004166 -1.11018 -0.5708009999999999
v 1.870049 -1.06992 -0.0023649999999999344
v 1.870049 -1.93008 -0.0023649999999998815
v 1.870049 -1.93008 0.05691700000000012
v 1.870049 -1.06992 0.05694600000000006
v 2.003786 -1.110115 -0.8437509999999999
v 1.943006 -1.09827 0.05698500000000007
v 1.943069 -1.901703 0.05698500000000012
v 2.003786 -1.890018 -0.8437489999999999
v 1.870049 -1.06992 0.05694600000000006
v 1.870049 -1.93008 0.05691700000000012
v 1.943069 -1.901703 0.05698500000000012
v 1.943006 -1.09827 0.05698500000000007
v -2.003786 1.569954 -0.8437510000000001
v -2.003786 1.101761 -0.8437490000000001
v -1.943069 1.094742 0.05698499999999993
v -1.943006 1.577065 0.056984999999999904
v -1.870041 1 0.07370299999999995
v -1.870044 1.000004 -0.0024060000000000613
v -1.870046 1.070034 -0.0023640000000000657
v -1.870046 1.070034 0.07370299999999994
v -2 0.999931 0.07370299999999995
v -1.870429 0.999931 0.07370299999999995
v -1.960898 1.107956 0.07370299999999994
v -1.870429 1.069893 0.07370299999999994
v -2.050479 1.2201499999999998 -2.072386
v -2.156193 0.9999999999999999 -2.072386
v -2.156193 1 -0.5708010000000001
v -2.019743 1.220146 -0.5708010000000001
v -1.960898 1.107956 0.07370299999999994
v -1.870429 1.069893 0.07370299999999994
v -1.89228 1.069897 -0.5706860000000001
v -2.004166 1.110027 -0.5708020000000001
v -1.960897 1.536404 0.07370299999999991
v -1.870429 1.644413 0.07370299999999991
v -2 1.644413 0.07370299999999991
v -1.870429 1.574463 0.07370299999999991
v -1.960897 1.536404 0.07370299999999991
v -2.004166 1.534332 -0.5708010000000001
v -1.89228 1.574463 -0.5706810000000001
v -1.870429 1.574463 0.07370299999999991
v -1.870049 1.647762 -0.002365000000000101
v -1.870049 1.647762 0.05694599999999989
v -1.870049 1.069965 0.05691699999999994
v -1.870049 1.069965 -0.0023650000000000654
v -2.008052 1.580204 -0.8199030000000002
v -2.008052 1.419125 -0.8199030000000002
v -1.997467 1.415249 -0.6118100000000001
v -1.997467 1.584911 -0.6118110000000001
v -1.921188 1.389584 0.05698499999999992
v -1.870049 1.069965 0.05691699999999994
v -1.870049 1.647762 0.05694599999999989
v -1.943069 1.098343 0.05698499999999993
v -1.870432 1.000015 -0.0023640000000000614
v -1.870432 1.000015 0.07370299999999995
v -1.870429 0.929981 0.07370299999999995
v -1.870431 0.929985 -0.002406000000000057
v -1.870432 1.069965 -0.0023640000000000657
v -1.870432 1.069965 0.07370299999999994
v -1.870429 0.999931 0.07370299999999995
v -1.870431 0.999935 -0.0024060000000000613
v -1.870432 -1.4475325165921717E-19 -0.002364
v -1.870432 4.513007151877869E-18 0.073703
v -1.870429 -0.070034 0.073703
v -1.870431 -0.07003 -0.002405999999999996
v -1.870043 -1.000015 -0.002363999999999939
v -1.870043 -1.000015 0.07370300000000006
v -1.870038 -1.070049 0.07370300000000007
v -1.870041 -1.070045 -0.0024059999999999347
v -1.870432 0.06995 -0.0023640000000000046
v -1.870432 0.06995 0.073703
v -1.870429 -8.399999999999548E-05 0.073703
v -1.870431 -8.000000000000016E-05 -0.002406
v -2 -8.399999999999548E-05 0.073703
v -1.870429 -8.399999999999548E-05 0.073703
v -1.960898 0.107941 0.073703
v -1.870429 0.069878 0.073703
v -1.89228 0.06988099999999996 -0.570686
v -2.004166 0.11001199999999996 -0.570802
v -1.960898 0.107941 0.073703
v -1.870429 0.069878 0.073703
v -1.870049 0.06982 0.056916999999999995
v -1.870049 0.06982 -0.0023640000000000046
v -1.870049 0.929981 -0.002364000000000057
v -1.870049 0.929981 0.05694599999999994
v -2.003785 0.889851 -0.84375
v -2.003741 0.10995499999999994 -0.84375
v -1.943069 0.090347 0.056985999999999995
v -1.943005 0.901634 0.056985999999999946
v -2.020459 0.826141 -0.819903
v -2.073932 0.8261409999999999 -2.072385
v -2.080646 0.17467499999999986 -2.072386
v -2.027417 0.17467499999999994 -0.819903
v -1.960897 0.891922 0.07370299999999995
v -1.870429 0.999931 0.07370299999999995
v -2 0.999931 0.07370299999999995
v -1.870429 0.929981 0.07370299999999995
v -1.943069 0.090347 0.056985999999999995
v -1.870049 0.06982 0.056916999999999995
v -1.870049 0.929981 0.05694599999999994
v -1.943005 0.901634 0.056985999999999946
v -1.89228 0.929981 -0.5706810000000001
v -1.870429 0.929981 0.07370299999999995
v -1.960897 0.891922 0.07370299999999995
v -2.004166 0.889851 -0.570801
v -1.870043 -0.929996 -0.0023639999999999434
v -1.870043 -0.929996 0.07370300000000006
v -1.870038 -1.000031 0.07370300000000006
v -1.870041 -1.000027 -0.002405999999999939
v -2 -1.000099 0.07370300000000006
v -1.870429 -1.000099 0.07370300000000006
v -1.960898 -0.892075 0.07370300000000006
v -1.870429 -0.930138 0.07370300000000006
v -1.89228 -0.930134 -0.5706859999999999
v -2.004166 -0.890003 -0.570802
v -1.960898 -0.892075 0.07370300000000006
v -1.870429 -0.930138 0.07370300000000006
v -1.870049 -0.930195 0.05691700000000006
v -1.870049 -0.930195 -0.0023639999999999434
v -1.870049 -0.070034 -0.002363999999999996
v -1.870049 -0.070034 0.056946000000000004
v -2.003785 -0.11016500000000005 -0.848084
v -2.003741 -0.89006 -0.848084
v -1.943069 -0.909668 0.05698600000000006
v -1.943005 -0.098381 0.05698600000000001
v -2.020459 -0.17387400000000006 -0.819903
v -2.073932 -0.17387400000000014 -2.072385
v -2.080646 -0.8253400000000001 -2.072386
v -2.027417 -0.82534 -0.819903
v -1.960897 -0.108093 0.073703
v -1.870429 -8.399999999999548E-05 0.073703
v -2 -8.399999999999548E-05 0.073703
v -1.870429 -0.070034 0.073703
v -1.943069 -0.909668 0.05698600000000006
v -1.870049 -0.930195 0.05691700000000006
v -1.870049 -0.070034 0.056946000000000004
v -1.943005 -0.098381 0.05698600000000001
v -1.89228 -0.07003400000000004 -0.570681
v -1.870429 -0.070034 0.073703
v -1.960897 -0.108093 0.073703
v -2.004166 -0.11016500000000004 -0.570801
v -1.870041 -2.000046 0.07370300000000013
v -1.870044 -2.000042 -0.002405999999999878
v -1.870046 -1.930012 -0.002363999999999882
v -1.870046 -1.930012 0.07370300000000013
v -2.075108 -1.8253560000000002 -2.072386
v -2.021879 -1.825356 -0.8199029999999999
v -2.014921 -1.173889 -0.8199029999999999
v -2.068394 -1.1738890000000002 -2.072385
v -2 -2.000114 0.07370300000000013
v -1.870429 -2.000114 0.07370300000000013
v -1.960898 -1.89209 0.07370300000000012
v -1.870429 -1.930153 0.07370300000000013
v -2.156193 -2.000046 -2.072386
v -2.156193 -2.000046 -0.5708009999999999
v -2.019743 -1.7799 -0.5708009999999999
v -2.050479 -1.7798960000000001 -2.072386
v -1.960898 -1.89209 0.07370300000000012
v -1.870429 -1.930153 0.07370300000000013
v -1.89228 -1.930149 -0.5706859999999999
v -2.004166 -1.890018 -0.5708019999999999
v -1.960897 -1.108109 0.07370300000000007
v -1.870429 -1.000099 0.07370300000000006
v -2 -1.000099 0.07370300000000006
v -1.870429 -1.070049 0.07370300000000007
v -1.960897 -1.108109 0.07370300000000007
v -2.004166 -1.11018 -0.5708009999999999
v -1.89228 -1.070049 -0.5706809999999999
v -1.870429 -1.070049 0.07370300000000007
v -1.870049 -1.06992 -0.0023649999999999344
v -1.870049 -1.06992 0.05694600000000006
v -1.870049 -1.93008 0.05691700000000012
v -1.870049 -1.93008 -0.0023649999999998815
v -2.003786 -1.110115 -0.8437509999999999
v -2.003786 -1.890018 -0.8437489999999999
v -1.943069 -1.901703 0.05698500000000012
v -1.943006 -1.09827 0.05698500000000007
v -1.870049 -1.06992 0.05694600000000006
v -1.943006 -1.09827 0.05698500000000007
v -1.943069 -1.901703 0.05698500000000012
v -1.870049 -1.93008 0.05691700000000012
v -1.806857 1.758789 0.0737029999999999
v -1.870429 1.773975 0.0737029999999999
v -1.870429 1.644405 0.07370299999999991
v -1.762404 1.734875 0.0737029999999999
v -1.800467 1.644405 0.07370299999999991
v 0.999968 2.211014 -0.5708010000000001
v 0.999968 1.958622 -0.5707340000000001
v 1.110048 1.87606 -0.5708010000000001
v 1.219961 1.99575 -0.5708010000000001
v 1.219961 1.857124 -0.5707830000000002
v 1.847269 1.574677 0.1745609999999999
v 1.847109 1.644489 0.26999299999999987
v 1.777277 1.644489 0.17456099999999988
v 1.847269 1.574677 -9.642115738704784E-17
v 1.777277 1.644489 -1.0069590950415159E-16
v 1.847063 1.714458 0.17456099999999988
v 1.847109 1.644489 0.26999299999999987
v 1.917055 1.644489 0.17456099999999988
v 1.847063 1.714458 -1.0498027509862865E-16
v 1.917055 1.644489 -1.0069590950415159E-16
v 0.999983 1.958622 -0.5707340000000001
v 0.999983 2.211014 -0.5708010000000001
v 0.779837 1.99575 -0.5708010000000001
v 0.889887 1.87606 -0.5708020000000001
v 0.779837 1.857124 -0.5707830000000002
v -3.2E-05 2.211014 -0.5708010000000001
v -3.2E-05 1.958622 -0.5707340000000001
v 0.110048 1.87606 -0.5708010000000001
v 0.219961 1.99575 -0.5708010000000001
v 0.219961 1.857124 -0.5707830000000002
v 1.881845 0.931946 0.3753659999999999
v 1.881685 1.001759 0.47079899999999997
v 1.811853 1.001759 0.3753659999999999
v 1.881845 0.931946 -5.706523429390896E-17
v 1.811853 1.001759 -6.134004764335267E-17
v 1.881639 1.071728 0.3753659999999999
v 1.881685 1.001759 0.47079899999999997
v 1.951632 1.001759 0.3753659999999999
v 1.881639 1.071728 -6.562441323782973E-17
v 1.951632 1.001759 -6.134004764335267E-17
v -1.7E-05 1.958622 -0.5707340000000001
v -1.7E-05 2.211014 -0.5708010000000001
v -0.220163 1.99575 -0.5708010000000001
v -0.110113 1.87606 -0.5708020000000001
v -0.220163 1.857124 -0.5707830000000002
v -1.000032 2.211014 -0.5708010000000001
v -1.000032 1.958622 -0.5707340000000001
v -0.889952 1.87606 -0.5708010000000001
v -0.780039 1.99575 -0.5708010000000001
v -0.780039 1.857124 -0.5707830000000002
v -1.890982 -0.08499099999999997 0.34253
v -1.891142 -0.015178999999999974 0.437962
v -1.960974 -0.015178999999999979 0.34253
v -1.890982 -0.084991 5.204197805316635E-18
v -1.960974 -0.015179 9.294456882128837E-19
v -1.891188 0.05479000000000002 0.34253
v -1.891142 -0.015178999999999974 0.437962
v -1.821196 -0.015178999999999979 0.34253
v -1.891188 0.05479 -3.354919906264174E-18
v -1.821196 -0.015179 9.294456882128837E-19
v -1.000017 1.958622 -0.5707340000000001
v -1.000017 2.211014 -0.5708010000000001
v -1.220163 1.99575 -0.5708010000000001
v -1.110113 1.87606 -0.5708020000000001
v -1.220163 1.857124 -0.5707830000000002
v -1.780699 1.638081 0.17456099999999988
v -1.850645 1.638081 0.26999299999999987
v -1.850485 1.568268 0.1745609999999999
v -1.780699 1.638081 -1.0030353266970477E-16
v -1.850485 1.568268 -9.602871932026107E-17
v -1.920477 1.638081 0.17456099999999988
v -1.850645 1.638081 0.26999299999999987
v -1.850691 1.70805 0.17456099999999988
v -1.920477 1.638081 -1.0030353266970477E-16
v -1.850691 1.70805 -1.0458789826418183E-16
v 1.650208 1.8244629999999997 -2.072387
v 1.650212 1.793728 -0.5708010000000001
v 1.74323 1.887337 -0.5708010000000001
v 1.74323 1.8873369999999998 -2.072386
v 1.870358 1.930176 -0.5708020000000001
v 1.870358 1.9301759999999997 -2.072387
v 2.057342 1.5800779999999999 -2.072386
v 2.002513 1.580078 -0.8199030000000002
v 2.002513 1.418999 -0.8199030000000002
v 2.057341 1.4189989999999997 -2.072386
v 2.021879 1.17469 -0.8199030000000002
v 2.075108 1.1746899999999998 -2.072386
v 2.019743 1.220146 -0.5708010000000001
v 1.931872 1.220146 -0.5707830000000002
v 1.943877 1.110096 -0.5708020000000001
v 2.156193 1 -0.5708010000000001
v 1.99621 1 -0.5707340000000001
v 2.156193 1.644482 -0.5708010000000001
v 1.99621 1.644482 -0.5707340000000001
v 1.943877 1.534401 -0.5708010000000001
v 2.019742 1.424488 -0.5708010000000001
v 1.931872 1.424488 -0.5707830000000002
v 2.010324 1.662025 -0.5855710000000001
v 1.983527 1.662025 -0.5855710000000001
v 1.979 1.584911 -0.6118070000000001
v 1.997467 1.584911 -0.6118110000000001
v 1.978999 1.415249 -0.6118070000000001
v 1.997467 1.415249 -0.6118100000000001
v 2.156193 -1.5000000000034952E-05 -0.570801
v 2.156193 -1.5000000000126898E-05 -2.072386
v 2.050479 0.22013499999999986 -2.072386
v 2.019743 0.22013099999999997 -0.570801
v 1.971768 0.22013499999999986 -2.072387
v 1.931872 0.22013099999999997 -0.570783
v 2.019743 0.22013099999999997 -0.570801
v 1.931872 0.22013099999999997 -0.570783
v 1.943877 0.11008099999999996 -0.570802
v 2.156193 -1.5000000000034952E-05 -0.570801
v 1.99621 -1.5000000000034947E-05 -0.570734
v 2.156193 1 -0.5708010000000001
v 1.99621 1 -0.5707340000000001
v 1.943877 0.889919 -0.570801
v 2.019742 0.780006 -0.570801
v 1.931872 0.780006 -0.570783
v 2.156193 -1.000031 -0.5708009999999999
v 2.156193 -1.0000310000000001 -2.072386
v 2.050479 -0.7798810000000002 -2.072386
v 2.019743 -0.779884 -0.570801
v 1.971768 -0.7798810000000002 -2.072387
v 1.931872 -0.779884 -0.570783
v 2.019743 -0.779884 -0.570801
v 1.931872 -0.779884 -0.570783
v 1.943877 -0.889935 -0.570802
v 2.156193 -1.000031 -0.5708009999999999
v 1.99621 -1.000031 -0.5707339999999999
v 2.156193 -1.5000000000034952E-05 -0.570801
v 1.99621 -1.5000000000034947E-05 -0.570734
v 1.943877 -0.11009600000000004 -0.570801
v 2.019742 -0.22000900000000004 -0.570801
v 1.931872 -0.22000900000000004 -0.570783
v 1.99621 -2.000046 -0.5707339999999999
v 2.156193 -2.000046 -0.5708009999999999
v 2.019743 -1.7799 -0.5708009999999999
v 1.943877 -1.88995 -0.5708019999999999
v 1.931872 -1.7799 -0.5707829999999999
v 2.156193 -1.000031 -0.5708009999999999
v 1.99621 -1.000031 -0.5707339999999999
v 1.943877 -1.110111 -0.5708009999999999
v 2.019742 -1.220024 -0.5708009999999999
v 1.931872 -1.220024 -0.5707829999999999
v -2.156193 1 -0.5708010000000001
v -1.99621 1 -0.5707340000000001
v -1.943877 1.110096 -0.5708020000000001
v -2.019743 1.220146 -0.5708010000000001
v -1.931872 1.220146 -0.5707830000000002
v -2.156193 1.644482 -0.5708010000000001
v -2.156193 1.6444819999999998 -2.072386
v -2.050478 1.4244879999999998 -2.072385
v -2.019742 1.424488 -0.5708010000000001
v -1.971813 1.4244879999999998 -2.072384
v -1.931872 1.424488 -0.5707830000000002
v -2.019742 1.424488 -0.5708010000000001
v -1.931872 1.424488 -0.5707830000000002
v -1.943877 1.534401 -0.5708010000000001
v -2.156193 1.644482 -0.5708010000000001
v -1.99621 1.644482 -0.5707340000000001
v -2.156193 -1.5000000000034952E-05 -0.570801
v -1.99621 -1.5000000000034947E-05 -0.570734
v -1.943877 0.11008099999999996 -0.570802
v -2.019743 0.22013099999999997 -0.570801
v -1.931872 0.22013099999999997 -0.570783
v -2.156193 1 -0.5708010000000001
v -2.156193 0.9999999999999999 -2.072386
v -2.050478 0.7800059999999999 -2.072385
v -2.019742 0.780006 -0.570801
v -1.971813 0.7800059999999999 -2.072384
v -1.931872 0.780006 -0.570783
v -2.019742 0.780006 -0.570801
v -1.931872 0.780006 -0.570783
v -1.943877 0.889919 -0.570801
v -2.156193 1 -0.5708010000000001
v -1.99621 1 -0.5707340000000001
v -2.156193 -1.000031 -0.5708009999999999
v -1.99621 -1.000031 -0.5707339999999999
v -1.943877 -0.889935 -0.570802
v -2.019743 -0.779884 -0.570801
v -1.931872 -0.779884 -0.570783
v -2.156193 -1.5000000000034952E-05 -0.570801
v -2.156193 -1.5000000000126898E-05 -2.072386
v -2.050478 -0.22000900000000015 -2.072385
v -2.019742 -0.22000900000000004 -0.570801
v -1.971813 -0.22000900000000015 -2.072384
v -1.931872 -0.22000900000000004 -0.570783
v -2.019742 -0.22000900000000004 -0.570801
v -1.931872 -0.22000900000000004 -0.570783
v -1.943877 -0.11009600000000004 -0.570801
v -2.156193 -1.5000000000034952E-05 -0.570801
v -1.99621 -1.5000000000034947E-05 -0.570734
v -2.156193 -1.000031 -0.5708009999999999
v -2.156193 -1.0000310000000001 -2.072386
v -2.050478 -1.2200240000000002 -2.072385
v -2.019742 -1.220024 -0.5708009999999999
v -1.971813 -1.2200240000000002 -2.072384
v -1.931872 -1.220024 -0.5707829999999999
v -2.019742 -1.220024 -0.5708009999999999
v -1.931872 -1.220024 -0.5707829999999999
v -1.943877 -1.110111 -0.5708009999999999
v -2.156193 -1.000031 -0.5708009999999999
v -1.99621 -1.000031 -0.5707339999999999
v -1.743232 1.887329 -0.5708010000000001
v -1.650214 1.79372 -0.5708010000000001
v -1.65021 1.8244549999999997 -2.072386
v -1.743232 1.8873289999999998 -2.072386
v -1.87036 1.930168 -0.5708010000000001
v -1.87036 1.9301679999999999 -2.072386
v 1.219961 2.044239 -2.072385
v 0.999968 2.211014 -2.072386
v 0.999968 2.211014 -0.5708010000000001
v 1.219961 1.99575 -0.5708010000000001
v 1.219961 1.9201349999999997 -2.072384
v 1.219961 1.857124 -0.5707830000000002
v 0.930021 1.644489 0.07370299999999991
v 0.999975 1.867443 0.0737029999999999
v 0.891958 1.78651 0.0737029999999999
v 1.107977 1.78651 0.0737029999999999
v 1.069918 1.644489 0.07370299999999991
v 1.847109 1.644489 0.26999299999999987
v 1.847269 1.574677 0.1745609999999999
v 1.917055 1.644489 0.17456099999999988
v 1.917055 1.644489 -1.0069590950415159E-16
v 1.847269 1.574677 -9.642115738704784E-17
v 1.847063 1.714458 0.17456099999999988
v 1.847063 1.714458 -1.0498027509862865E-16
v 1.777277 1.644489 -1.0069590950415159E-16
v 1.777277 1.644489 0.17456099999999988
v 1.847109 1.644489 0.26999299999999987
v 0.219961 2.044239 -2.072385
v -3.2E-05 2.211014 -2.072386
v -3.2E-05 2.211014 -0.5708010000000001
v 0.219961 1.99575 -0.5708010000000001
v 0.219961 1.9201349999999997 -2.072384
v 0.219961 1.857124 -0.5707830000000002
v -0.069979 1.644489 0.07370299999999991
v -2.5E-05 1.867443 0.0737029999999999
v -0.108042 1.78651 0.0737029999999999
v 0.107977 1.78651 0.0737029999999999
v 0.069918 1.644489 0.07370299999999991
v 1.881685 1.001759 0.47079899999999997
v 1.881845 0.931946 0.3753659999999999
v 1.951632 1.001759 0.3753659999999999
v 1.951632 1.001759 -6.134004764335267E-17
v 1.881845 0.931946 -5.706523429390896E-17
v 1.881639 1.071728 0.3753659999999999
v 1.881639 1.071728 -6.562441323782973E-17
v 1.811853 1.001759 -6.134004764335267E-17
v 1.811853 1.001759 0.3753659999999999
v 1.881685 1.001759 0.47079899999999997
v -1.069979 1.644489 0.07370299999999991
v -1.000025 1.867443 0.0737029999999999
v -1.108042 1.78651 0.0737029999999999
v -0.892023 1.78651 0.0737029999999999
v -0.930082 1.644489 0.07370299999999991
v -0.780039 2.044239 -2.072385
v -1.000032 2.211014 -2.072386
v -1.000032 2.211014 -0.5708010000000001
v -0.780039 1.99575 -0.5708010000000001
v -0.780039 1.9201349999999997 -2.072384
v -0.780039 1.857124 -0.5707830000000002
v -1.891142 -0.015178999999999974 0.437962
v -1.890982 -0.08499099999999997 0.34253
v -1.821196 -0.015178999999999979 0.34253
v -1.821196 -0.015179 9.294456882128837E-19
v -1.890982 -0.084991 5.204197805316635E-18
v -1.891188 0.05479000000000002 0.34253
v -1.891188 0.05479 -3.354919906264174E-18
v -1.960974 -0.015179 9.294456882128837E-19
v -1.960974 -0.015178999999999979 0.34253
v -1.891142 -0.015178999999999974 0.437962
v -1.920477 1.638081 0.17456099999999988
v -1.850485 1.568268 0.1745609999999999
v -1.850645 1.638081 0.26999299999999987
v -1.850485 1.568268 -9.602871932026107E-17
v -1.920477 1.638081 -1.0030353266970477E-16
v -1.780699 1.638081 0.17456099999999988
v -1.850691 1.70805 0.17456099999999988
v -1.850645 1.638081 0.26999299999999987
v -1.850691 1.70805 -1.0458789826418183E-16
v -1.780699 1.638081 -1.0030353266970477E-16
v 1.806855 1.758797 0.07370199999999989
v 1.870427 1.644413 0.07370299999999991
v 1.870427 1.773983 0.0737029999999999
v 1.762403 1.734882 0.07370199999999989
v 1.800466 1.644413 0.0737019999999999
v 2.050478 1.4244879999999998 -2.072385
v 2.156193 1.6444819999999998 -2.072386
v 2.156193 1.644482 -0.5708010000000001
v 2.019742 1.424488 -0.5708010000000001
v 1.971813 1.4244879999999998 -2.072384
v 1.931872 1.424488 -0.5707830000000002
v 2.050478 0.7800059999999999 -2.072385
v 2.156193 0.9999999999999999 -2.072386
v 2.156193 1 -0.5708010000000001
v 2.019742 0.780006 -0.570801
v 1.971813 0.7800059999999999 -2.072384
v 1.931872 0.780006 -0.570783
v 2.050478 -0.22000900000000015 -2.072385
v 2.156193 -1.5000000000126898E-05 -2.072386
v 2.156193 -1.5000000000034952E-05 -0.570801
v 2.019742 -0.22000900000000004 -0.570801
v 1.971813 -0.22000900000000015 -2.072384
v 1.931872 -0.22000900000000004 -0.570783
v 2.050478 -1.2200240000000002 -2.072385
v 2.156193 -1.0000310000000001 -2.072386
v 2.156193 -1.000031 -0.5708009999999999
v 2.019742 -1.220024 -0.5708009999999999
v 1.971813 -1.2200240000000002 -2.072384
v 1.931872 -1.220024 -0.5707829999999999
v -2.002513 1.418999 -0.8199030000000002
v -2.002513 1.580078 -0.8199030000000002
v -2.057342 1.5800779999999999 -2.072386
v -2.057341 1.4189989999999997 -2.072386
v -2.021879 1.17469 -0.8199030000000002
v -2.075108 1.1746899999999998 -2.072386
v -1.979 1.584911 -0.6118070000000001
v -1.983527 1.662025 -0.5855710000000001
v -2.010324 1.662025 -0.5855710000000001
v -1.997467 1.584911 -0.6118110000000001
v -1.978999 1.415249 -0.6118070000000001
v -1.997467 1.415249 -0.6118100000000001
v -2.050479 0.22013499999999986 -2.072386
v -2.156193 -1.5000000000126898E-05 -2.072386
v -2.156193 -1.5000000000034952E-05 -0.570801
v -2.019743 0.22013099999999997 -0.570801
v -1.971768 0.22013499999999986 -2.072387
v -1.931872 0.22013099999999997 -0.570783
v -2.050479 -0.7798810000000002 -2.072386
v -2.156193 -1.0000310000000001 -2.072386
v -2.156193 -1.000031 -0.5708009999999999
v -2.019743 -0.779884 -0.570801
v -1.971768 -0.7798810000000002 -2.072387
v -1.931872 -0.779884 -0.570783
v -2.019743 -1.7799 -0.5708009999999999
v -2.156193 -2.000046 -0.5708009999999999
v -1.99621 -2.000046 -0.5707339999999999
v -1.943877 -1.88995 -0.5708019999999999
v -1.931872 -1.7799 -0.5707829999999999
v -1.870431 1.773979 0.0737029999999999
v -1.870431 1.818035 -0.5707340000000001
v -2.005713 1.779686 -0.5707330000000002
v -1.983682 1.75766 0.0737029999999999
v -2.000001 1.644409 0.07370299999999991
v -2.044056 1.644409 -0.5707340000000001
v -1.870362 1.930172 -0.5708010000000001
v -1.870362 1.9301719999999998 -2.072386
v -2.061743 1.8357929999999998 -2.072386
v -2.061743 1.835793 -0.5708010000000001
v -2.156194 1.644478 -0.5708010000000001
v -2.156194 1.6444779999999999 -2.072386
v 0.999968 1.958622 -0.5707340000000001
v 0.999975 1.867443 0.0737029999999999
v 1.107977 1.78651 0.0737029999999999
v 1.110048 1.87606 -0.5708010000000001
v 1.069918 1.644489 -0.5706810000000001
v 1.069918 1.644489 0.07370299999999991
v 0.891958 1.78651 0.0737029999999999
v 0.999975 1.867443 0.0737029999999999
v 0.999983 1.958622 -0.5707340000000001
v 0.889887 1.87606 -0.5708020000000001
v 0.930017 1.644489 -0.5706860000000001
v 0.930021 1.644489 0.07370299999999991
v 0.779837 1.99575 -0.5708010000000001
v 0.999983 2.211014 -0.5708010000000001
v 0.999983 2.211014 -2.072386
v 0.779833 2.044239 -2.072386
v 0.779833 1.9200629999999999 -2.072387
v 0.779837 1.857124 -0.5707830000000002
v -3.2E-05 1.958622 -0.5707340000000001
v -2.5E-05 1.867443 0.0737029999999999
v 0.107977 1.78651 0.0737029999999999
v 0.110048 1.87606 -0.5708010000000001
v 0.069918 1.644489 -0.5706810000000001
v 0.069918 1.644489 0.07370299999999991
v -0.108042 1.78651 0.0737029999999999
v -2.5E-05 1.867443 0.0737029999999999
v -1.7E-05 1.958622 -0.5707340000000001
v -0.110113 1.87606 -0.5708020000000001
v -0.069983 1.644489 -0.5706860000000001
v -0.069979 1.644489 0.07370299999999991
v -0.220163 1.99575 -0.5708010000000001
v -1.7E-05 2.211014 -0.5708010000000001
v -1.7E-05 2.211014 -2.072386
v -0.220167 2.044239 -2.072386
v -0.220167 1.9200629999999999 -2.072387
v -0.220163 1.857124 -0.5707830000000002
v -1.000032 1.958622 -0.5707340000000001
v -1.000025 1.867443 0.0737029999999999
v -0.892023 1.78651 0.0737029999999999
v -0.889952 1.87606 -0.5708010000000001
v -0.930082 1.644489 -0.5706810000000001
v -0.930082 1.644489 0.07370299999999991
v -1.108042 1.78651 0.0737029999999999
v -1.000025 1.867443 0.0737029999999999
v -1.000017 1.958622 -0.5707340000000001
v -1.110113 1.87606 -0.5708020000000001
v -1.069983 1.644489 -0.5706860000000001
v -1.069979 1.644489 0.07370299999999991
v -1.220163 1.99575 -0.5708010000000001
v -1.000017 2.211014 -0.5708010000000001
v -1.000017 2.211014 -2.072386
v -1.220167 2.044239 -2.072386
v -1.220167 1.9200629999999999 -2.072387
v -1.220163 1.857124 -0.5707830000000002
v 2.005712 1.779694 -0.5707340000000001
v 1.870429 1.818043 -0.5707340000000001
v 1.870429 1.773987 0.0737029999999999
v 1.98368 1.757668 0.0737029999999999
v 1.999999 1.644417 0.07370299999999991
v 2.044054 1.644417 -0.5707340000000001
v 2.061741 1.8357999999999999 -2.072387
v 1.87036 1.9301799999999998 -2.072387
v 1.87036 1.93018 -0.5708020000000001
v 2.061741 1.8358 -0.5708010000000001
v 2.156192 1.644485 -0.5708020000000001
v 2.156192 1.6444849999999998 -2.072387
vt 0.673413 0.034979
vt 0.662761 0.025179
vt 0.652585 0.089590
vt 0.673164 0.107268
vt 0.673158 0.064554
vt 0.673385 0.030494
vt 0.652585 0.089590
vt 0.662761 0.025179
vt 0.673413 0.034979
vt 0.673385 0.030494
vt 0.673158 0.064554
vt 0.673164 0.107268
vt 0.917131 0.118946
vt 0.886573 0.118949
vt 0.884415 0.120740
vt 0.886573 0.118949
vt 0.886151 0.121710
vt 0.884415 0.120740
vt 0.917131 0.118946
vt 0.884415 0.120740
vt 0.886573 0.118949
vt 0.884415 0.120740
vt 0.886151 0.121710
vt 0.886573 0.118949
vt 0.505060 0.708990
vt 0.505060 0.685665
vt 0.962417 0.685665
vt 0.962417 0.685665
vt 0.962417 0.708990
vt 0.505060 0.662340
vt 0.962417 0.662339
vt 0.962417 0.685665
vt 0.505060 0.685665
vt 0.505060 0.662340
vt 0.505060 0.639014
vt 0.962417 0.639014
vt 0.962417 0.662339
vt 0.505060 0.662340
vt 0.505060 0.639014
vt 0.504900 0.717308
vt 0.504900 0.740972
vt 0.962417 0.740972
vt 0.962417 0.740972
vt 0.962417 0.717308
vt 0.504900 0.764636
vt 0.962417 0.764636
vt 0.962417 0.740972
vt 0.504900 0.740972
vt 0.504900 0.764636
vt 0.504900 0.788300
vt 0.962417 0.788300
vt 0.962417 0.764636
vt 0.504900 0.764636
vt 0.504900 0.788300
vt 0.505060 0.708990
vt 0.505060 0.685665
vt 0.962417 0.685665
vt 0.962417 0.685665
vt 0.962417 0.708990
vt 0.505060 0.662340
vt 0.962417 0.662339
vt 0.962417 0.685665
vt 0.505060 0.685665
vt 0.505060 0.662340
vt 0.505060 0.639014
vt 0.962417 0.639014
vt 0.962417 0.662339
vt 0.505060 0.662340
vt 0.505060 0.639014
vt 0.504900 0.717308
vt 0.504900 0.740972
vt 0.962417 0.740972
vt 0.962417 0.740972
vt 0.962417 0.717308
vt 0.504900 0.764636
vt 0.962417 0.764636
vt 0.962417 0.740972
vt 0.504900 0.740972
vt 0.504900 0.764636
vt 0.504900 0.788300
vt 0.962417 0.788300
vt 0.962417 0.764636
vt 0.504900 0.764636
vt 0.504900 0.788300
vt 0.505060 0.708990
vt 0.505060 0.685665
vt 0.962417 0.685665
vt 0.962417 0.685665
vt 0.962417 0.708990
vt 0.505060 0.662340
vt 0.962417 0.662339
vt 0.962417 0.685665
vt 0.505060 0.685665
vt 0.505060 0.662340
vt 0.505060 0.639014
vt 0.962417 0.639014
vt 0.962417 0.662339
vt 0.505060 0.662340
vt 0.505060 0.639014
vt 0.504900 0.717308
vt 0.504900 0.740972
vt 0.962417 0.740972
vt 0.962417 0.740972
vt 0.962417 0.717308
vt 0.504900 0.764636
vt 0.962417 0.764636
vt 0.962417 0.740972
vt 0.504900 0.740972
vt 0.504900 0.764636
vt 0.504900 0.788300
vt 0.962417 0.788300
vt 0.962417 0.764636
vt 0.504900 0.764636
vt 0.504900 0.788300
vt 0.505060 0.708990
vt 0.505060 0.685665
vt 0.962417 0.685665
vt 0.962417 0.685665
vt 0.962417 0.708990
vt 0.505060 0.662340
vt 0.962417 0.662339
vt 0.962417 0.685665
vt 0.505060 0.685665
vt 0.505060 0.662340
vt 0.505060 0.639014
vt 0.962417 0.639014
vt 0.962417 0.662339
vt 0.505060 0.662340
vt 0.505060 0.639014
vt 0.504900 0.717308
vt 0.504900 0.740972
vt 0.962417 0.740972
vt 0.962417 0.740972
vt 0.962417 0.717308
vt 0.504900 0.764636
vt 0.962417 0.764636
vt 0.962417 0.740972
vt 0.504900 0.740972
vt 0.504900 0.764636
vt 0.504900 0.788300
vt 0.962417 0.788300
vt 0.962417 0.764636
vt 0.504900 0.764636
vt 0.504900 0.788300
vt 0.505060 0.708990
vt 0.505060 0.685665
vt 0.962417 0.685665
vt 0.962417 0.685665
vt 0.962417 0.708990
vt 0.505060 0.662340
vt 0.962417 0.662339
vt 0.962417 0.685665
vt 0.505060 0.685665
vt 0.505060 0.662340
vt 0.505060 0.639014
vt 0.962417 0.639014
vt 0.962417 0.662339
vt 0.505060 0.662340
vt 0.505060 0.639014
vt 0.504900 0.717308
vt 0.504900 0.740972
vt 0.962417 0.740972
vt 0.962417 0.740972
vt 0.962417 0.717308
vt 0.504900 0.764636
vt 0.962417 0.764636
vt 0.962417 0.740972
vt 0.504900 0.740972
vt 0.504900 0.764636
vt 0.504900 0.788300
vt 0.962417 0.788300
vt 0.962417 0.764636
vt 0.504900 0.764636
vt 0.504900 0.788300
vt 0.651667 0.303897
vt 0.651667 0.119194
vt 0.672690 0.119194
vt 0.672690 0.303897
vt 0.651667 0.303897
vt 0.697474 0.303897
vt 0.676724 0.303897
vt 0.676724 0.119194
vt 0.697474 0.119194
vt 0.697474 0.303897
vt 0.651667 0.303897
vt 0.651667 0.119194
vt 0.672690 0.119194
vt 0.672690 0.303897
vt 0.651667 0.303897
vt 0.676724 0.119194
vt 0.697474 0.119194
vt 0.697474 0.303897
vt 0.697474 0.303897
vt 0.676724 0.303897
vt 0.651667 0.303897
vt 0.651667 0.119194
vt 0.672690 0.119194
vt 0.672690 0.303897
vt 0.651667 0.303897
vt 0.676724 0.119194
vt 0.697474 0.119194
vt 0.697474 0.303897
vt 0.697474 0.303897
vt 0.676724 0.303897
vt 0.651667 0.303897
vt 0.651667 0.119194
vt 0.672690 0.119194
vt 0.672690 0.303897
vt 0.651667 0.303897
vt 0.697474 0.303897
vt 0.676724 0.303897
vt 0.676724 0.119194
vt 0.697474 0.119194
vt 0.697474 0.303897
vt 0.651667 0.303897
vt 0.672690 0.303897
vt 0.672690 0.119194
vt 0.651667 0.119194
vt 0.651667 0.303897
vt 0.697474 0.303897
vt 0.697474 0.119194
vt 0.676724 0.119194
vt 0.676724 0.303897
vt 0.697474 0.303897
vt 0.651667 0.303897
vt 0.672690 0.303897
vt 0.672690 0.119194
vt 0.651667 0.119194
vt 0.651667 0.303897
vt 0.676724 0.119194
vt 0.676724 0.303897
vt 0.697474 0.303897
vt 0.697474 0.303897
vt 0.697474 0.119194
vt 0.651667 0.303897
vt 0.672690 0.303897
vt 0.672690 0.119194
vt 0.651667 0.119194
vt 0.651667 0.303897
vt 0.676724 0.119194
vt 0.676724 0.303897
vt 0.697474 0.303897
vt 0.697474 0.303897
vt 0.697474 0.119194
vt 0.651667 0.303897
vt 0.672690 0.303897
vt 0.672690 0.119194
vt 0.651667 0.119194
vt 0.651667 0.303897
vt 0.697474 0.303897
vt 0.697474 0.119194
vt 0.676724 0.119194
vt 0.676724 0.303897
vt 0.697474 0.303897
vt 0.662011 0.119194
vt 0.651667 0.119194
vt 0.651667 0.303897
vt 0.651667 0.303897
vt 0.662011 0.303897
vt 0.672690 0.119194
vt 0.672690 0.303897
vt 0.652585 0.089590
vt 0.673413 0.109189
vt 0.673413 0.034979
vt 0.662761 0.025179
vt 0.655050 0.010938
vt 0.637105 0.046377
vt 0.636931 0.005616
vt 0.673385 0.030494
vt 0.640288 0.058243
vt 0.673164 0.107268
vt 0.701437 0.061293
vt 0.681264 0.024720
vt 0.673158 0.064554
vt 0.651667 0.303897
vt 0.651667 0.119194
vt 0.662011 0.119194
vt 0.662011 0.303897
vt 0.651667 0.303897
vt 0.672690 0.119194
vt 0.672690 0.303897
vt 0.673413 0.034979
vt 0.673413 0.109189
vt 0.652585 0.089590
vt 0.655050 0.010938
vt 0.662761 0.025179
vt 0.637105 0.046377
vt 0.636931 0.005616
vt 0.673164 0.107268
vt 0.640288 0.058243
vt 0.673385 0.030494
vt 0.673158 0.064554
vt 0.681264 0.024720
vt 0.701437 0.061293
vt 0.651667 0.119194
vt 0.638286 0.119194
vt 0.638286 0.303897
vt 0.651667 0.303897
vt 0.984484 0.058739
vt 0.997241 0.039652
vt 0.984484 0.014137
vt 0.971727 0.039652
vt 0.504884 0.606687
vt 0.504972 0.579052
vt 0.511481 0.578889
vt 0.511481 0.606523
vt 0.984943 0.516704
vt 0.984943 0.553522
vt 0.514632 0.553525
vt 0.514631 0.516708
vt 0.984943 0.572810
vt 0.514632 0.572814
vt 0.514632 0.560716
vt 0.984943 0.560712
vt 0.129841 0.550043
vt 0.211432 0.550043
vt 0.211432 0.579312
vt 0.129841 0.579312
vt 0.515579 0.961362
vt 0.515579 0.820373
vt 0.987416 0.820373
vt 0.987416 0.961362
vt 0.994426 0.663383
vt 0.981446 0.685599
vt 0.981446 0.641166
vt 0.968467 0.663383
vt 0.505060 0.615689
vt 0.962417 0.615688
vt 0.962417 0.639014
vt 0.505060 0.639014
vt 0.993880 0.760856
vt 0.981236 0.739724
vt 0.981236 0.781988
vt 0.968592 0.760856
vt 0.504900 0.811964
vt 0.962417 0.811964
vt 0.962417 0.788300
vt 0.504900 0.788300
vt 0.994426 0.663383
vt 0.981446 0.685599
vt 0.981446 0.641166
vt 0.968467 0.663383
vt 0.505060 0.615689
vt 0.962417 0.615688
vt 0.962417 0.639014
vt 0.505060 0.639014
vt 0.993880 0.760856
vt 0.981236 0.739724
vt 0.981236 0.781988
vt 0.968592 0.760856
vt 0.504900 0.811964
vt 0.962417 0.811964
vt 0.962417 0.788300
vt 0.504900 0.788300
vt 0.994426 0.663383
vt 0.981446 0.685599
vt 0.981446 0.641166
vt 0.968467 0.663383
vt 0.505060 0.615689
vt 0.962417 0.615688
vt 0.962417 0.639014
vt 0.505060 0.639014
vt 0.993880 0.760856
vt 0.981236 0.739724
vt 0.981236 0.781988
vt 0.968592 0.760856
vt 0.504900 0.811964
vt 0.962417 0.811964
vt 0.962417 0.788300
vt 0.504900 0.788300
vt 0.994426 0.663383
vt 0.981446 0.685599
vt 0.981446 0.641166
vt 0.968467 0.663383
vt 0.505060 0.615689
vt 0.962417 0.615688
vt 0.962417 0.639014
vt 0.505060 0.639014
vt 0.993880 0.760856
vt 0.981236 0.739724
vt 0.981236 0.781988
vt 0.968592 0.760856
vt 0.504900 0.811964
vt 0.962417 0.811964
vt 0.962417 0.788300
vt 0.504900 0.788300
vt 0.994426 0.663383
vt 0.981446 0.685599
vt 0.981446 0.641166
vt 0.968467 0.663383
vt 0.505060 0.615689
vt 0.962417 0.615688
vt 0.962417 0.639014
vt 0.505060 0.639014
vt 0.993880 0.760856
vt 0.981236 0.739724
vt 0.981236 0.781988
vt 0.968592 0.760856
vt 0.504900 0.811964
vt 0.962417 0.811964
vt 0.962417 0.788300
vt 0.504900 0.788300
vt 0.348104 0.557028
vt 0.348104 0.573909
vt 0.229542 0.573909
vt 0.229542 0.557028
vt 0.348104 0.557028
vt 0.348104 0.573909
vt 0.229542 0.573909
vt 0.229542 0.557028
vt 0.348104 0.557028
vt 0.348104 0.573909
vt 0.229542 0.573909
vt 0.229542 0.557028
vt 0.348104 0.557028
vt 0.348104 0.573909
vt 0.229542 0.573909
vt 0.229542 0.557028
vt 0.128638 0.481209
vt 0.123076 0.463636
vt 0.369064 0.463632
vt 0.385044 0.481205
vt 0.385176 0.511444
vt 0.369196 0.527272
vt 0.123208 0.527276
vt 0.128771 0.511448
vt 0.128638 0.481209
vt 0.123076 0.463636
vt 0.369064 0.463632
vt 0.385044 0.481205
vt 0.385176 0.511444
vt 0.369196 0.527272
vt 0.123208 0.527276
vt 0.128771 0.511448
vt 0.128638 0.481209
vt 0.123076 0.463636
vt 0.369064 0.463632
vt 0.385044 0.481205
vt 0.385176 0.511444
vt 0.369196 0.527272
vt 0.123208 0.527276
vt 0.128771 0.511448
vt 0.128638 0.481209
vt 0.123076 0.463636
vt 0.369064 0.463632
vt 0.385044 0.481205
vt 0.385176 0.511444
vt 0.369196 0.527272
vt 0.123208 0.527276
vt 0.128771 0.511448
vt 0.128638 0.481209
vt 0.123076 0.463636
vt 0.369064 0.463632
vt 0.385044 0.481205
vt 0.385176 0.511444
vt 0.369196 0.527272
vt 0.123208 0.527276
vt 0.128771 0.511448
vt 0.348104 0.557028
vt 0.348104 0.573909
vt 0.229542 0.573909
vt 0.229542 0.557028
vt 0.385434 0.250810
vt 0.385434 0.304095
vt 0.307555 0.304096
vt 0.307555 0.250811
vt 0.213486 0.305623
vt 0.213486 0.249999
vt 0.293015 0.249999
vt 0.293015 0.305623
vt 0.276248 0.417917
vt 0.276248 0.363865
vt 0.381224 0.363867
vt 0.381224 0.417916
vt 0.921128 0.211338
vt 0.839131 0.211993
vt 0.841779 0.494477
vt 0.923666 0.493763
vt 0.843276 0.075597
vt 0.843276 0.093336
vt 0.962232 0.093327
vt 0.962232 0.075597
vt 0.837138 0.495279
vt 0.837767 0.258592
vt 0.706378 0.260629
vt 0.716604 0.495279
vt 0.958308 0.120979
vt 0.962232 0.100738
vt 0.843276 0.100747
vt 0.847197 0.120947
vt 0.843634 0.211967
vt 0.929911 0.213838
vt 0.928127 0.496285
vt 0.841779 0.494477
vt 0.962232 0.093327
vt 0.843276 0.093336
vt 0.843276 0.075597
vt 0.962232 0.075597
vt 0.716604 0.495279
vt 0.715293 0.258534
vt 0.837918 0.258651
vt 0.837138 0.495279
vt 0.958308 0.120979
vt 0.847197 0.120947
vt 0.843276 0.100747
vt 0.962232 0.100738
vt 0.843634 0.211967
vt 0.929911 0.213838
vt 0.928127 0.496285
vt 0.841779 0.494477
vt 0.962232 0.093327
vt 0.843276 0.093336
vt 0.843276 0.075597
vt 0.962232 0.075597
vt 0.716604 0.495279
vt 0.715293 0.258534
vt 0.837918 0.258651
vt 0.837138 0.495279
vt 0.958308 0.120979
vt 0.847197 0.120947
vt 0.843276 0.100747
vt 0.962232 0.100738
vt 0.923666 0.493763
vt 0.841779 0.494477
vt 0.839131 0.211993
vt 0.921127 0.211338
vt 0.843276 0.075597
vt 0.962232 0.075597
vt 0.962232 0.093327
vt 0.843276 0.093336
vt 0.716604 0.495279
vt 0.705904 0.260671
vt 0.837267 0.258624
vt 0.837138 0.495279
vt 0.843276 0.100747
vt 0.962232 0.100738
vt 0.958308 0.120979
vt 0.847197 0.120947
vt 0.651667 0.119194
vt 0.651667 0.303897
vt 0.638286 0.303897
vt 0.638286 0.119194
vt 0.984484 0.058739
vt 0.971727 0.039652
vt 0.984484 0.014137
vt 0.997241 0.039652
vt 0.015251 0.000000
vt 0.490357 0.000000
vt 0.490357 0.921513
vt 0.015251 0.921513
vt 0.739672 0.496789
vt 0.738793 0.260364
vt 0.812454 0.259856
vt 0.812077 0.497250
vt 0.700435 0.119344
vt 0.706010 0.119344
vt 0.706010 0.130321
vt 0.700435 0.130324
vt 0.983029 0.067270
vt 0.968598 0.045631
vt 0.983030 0.007682
vt 0.973684 0.007681
vt 0.523369 0.492624
vt 0.523369 0.051485
vt 0.567465 0.051485
vt 0.567465 0.492624
vt 0.651667 0.119194
vt 0.651667 0.303897
vt 0.638286 0.303897
vt 0.638286 0.119194
vt 0.997460 0.045634
vt 0.983029 0.067270
vt 0.983030 0.007682
vt 0.992376 0.007683
vt 0.697474 0.119194
vt 0.710510 0.119194
vt 0.710510 0.303897
vt 0.697474 0.303897
vt 0.881402 0.075644
vt 0.961361 0.075644
vt 0.961361 0.093385
vt 0.881402 0.093394
vt 0.763481 0.492118
vt 0.762753 0.439265
vt 0.788992 0.439265
vt 0.788393 0.492118
vt 0.917131 0.118946
vt 0.961361 0.100801
vt 0.957434 0.121465
vt 0.884415 0.120740
vt 0.706010 0.130321
vt 0.700435 0.130324
vt 0.700435 0.119344
vt 0.706010 0.119344
vt 0.706010 0.130321
vt 0.700435 0.130324
vt 0.700435 0.119344
vt 0.706010 0.119344
vt 0.706010 0.130321
vt 0.700435 0.130324
vt 0.700435 0.119344
vt 0.706010 0.119344
vt 0.706010 0.130321
vt 0.700435 0.130324
vt 0.700435 0.119344
vt 0.706010 0.119344
vt 0.706010 0.130321
vt 0.700435 0.130324
vt 0.700435 0.119344
vt 0.706010 0.119344
vt 0.983029 0.067270
vt 0.968598 0.045631
vt 0.983030 0.007682
vt 0.973684 0.007681
vt 0.638286 0.303897
vt 0.638286 0.119194
vt 0.651667 0.119194
vt 0.651667 0.303897
vt 0.961361 0.027897
vt 0.842327 0.027906
vt 0.842327 0.010155
vt 0.961361 0.010155
vt 0.715571 0.258994
vt 0.714011 0.011427
vt 0.836885 0.011389
vt 0.836185 0.258994
vt 0.841000 0.212480
vt 0.929462 0.212778
vt 0.929296 0.495081
vt 0.840828 0.494798
vt 0.997460 0.045634
vt 0.983029 0.067270
vt 0.983030 0.007682
vt 0.992376 0.007683
vt 0.957434 0.053219
vt 0.846251 0.053187
vt 0.842327 0.035321
vt 0.961361 0.035312
vt 0.710510 0.303897
vt 0.697474 0.303897
vt 0.697474 0.119194
vt 0.710510 0.119194
vt 0.706010 0.130321
vt 0.700435 0.130324
vt 0.700435 0.119344
vt 0.706010 0.119344
vt 0.983029 0.067270
vt 0.968598 0.045631
vt 0.983030 0.007682
vt 0.973684 0.007681
vt 0.638286 0.303897
vt 0.638286 0.119194
vt 0.651667 0.119194
vt 0.651667 0.303897
vt 0.961361 0.027897
vt 0.842327 0.027906
vt 0.842327 0.010155
vt 0.961361 0.010155
vt 0.715571 0.258994
vt 0.714011 0.011427
vt 0.836885 0.011389
vt 0.836185 0.258994
vt 0.841000 0.212480
vt 0.929462 0.212778
vt 0.929296 0.495081
vt 0.840828 0.494798
vt 0.997460 0.045634
vt 0.983029 0.067270
vt 0.983030 0.007682
vt 0.992376 0.007683
vt 0.957434 0.053219
vt 0.846251 0.053187
vt 0.842327 0.035321
vt 0.961361 0.035312
vt 0.710510 0.303897
vt 0.697474 0.303897
vt 0.697474 0.119194
vt 0.710510 0.119194
vt 0.700435 0.119344
vt 0.706010 0.119344
vt 0.706010 0.130321
vt 0.700435 0.130324
vt 0.929296 0.495081
vt 0.840828 0.494798
vt 0.841000 0.212480
vt 0.929462 0.212778
vt 0.983029 0.067270
vt 0.968598 0.045631
vt 0.983030 0.007682
vt 0.973684 0.007681
vt 0.567465 0.492624
vt 0.523369 0.492624
vt 0.523369 0.051485
vt 0.567465 0.051485
vt 0.651667 0.119194
vt 0.651667 0.303897
vt 0.638286 0.303897
vt 0.638286 0.119194
vt 0.997460 0.045634
vt 0.983029 0.067270
vt 0.983030 0.007682
vt 0.992376 0.007683
vt 0.697474 0.119194
vt 0.710510 0.119194
vt 0.710510 0.303897
vt 0.697474 0.303897
vt 0.842327 0.075644
vt 0.961361 0.075644
vt 0.961361 0.093385
vt 0.842327 0.093394
vt 0.715571 0.496778
vt 0.714266 0.259753
vt 0.836971 0.259867
vt 0.836185 0.496778
vt 0.842327 0.100810
vt 0.961361 0.100801
vt 0.957434 0.121465
vt 0.846251 0.121433
vt 0.739672 0.496789
vt 0.812077 0.497250
vt 0.812454 0.259856
vt 0.738793 0.260364
vt 0.700435 0.119344
vt 0.700435 0.130324
vt 0.706010 0.130321
vt 0.706010 0.119344
vt 0.983029 0.067270
vt 0.983030 0.007682
vt 0.968598 0.045631
vt 0.973684 0.007681
vt 0.523369 0.492624
vt 0.567465 0.492624
vt 0.567465 0.051485
vt 0.523369 0.051485
vt 0.651667 0.119194
vt 0.638286 0.119194
vt 0.638286 0.303897
vt 0.651667 0.303897
vt 0.997460 0.045634
vt 0.983030 0.007682
vt 0.983029 0.067270
vt 0.992376 0.007683
vt 0.697474 0.119194
vt 0.697474 0.303897
vt 0.710510 0.303897
vt 0.710510 0.119194
vt 0.881402 0.075644
vt 0.881402 0.093394
vt 0.961361 0.093385
vt 0.961361 0.075644
vt 0.763481 0.492118
vt 0.788393 0.492118
vt 0.788992 0.439265
vt 0.762753 0.439265
vt 0.917131 0.118946
vt 0.961361 0.100801
vt 0.884415 0.120740
vt 0.957434 0.121465
vt 0.706010 0.130321
vt 0.706010 0.119344
vt 0.700435 0.119344
vt 0.700435 0.130324
vt 0.706010 0.130321
vt 0.706010 0.119344
vt 0.700435 0.119344
vt 0.700435 0.130324
vt 0.706010 0.130321
vt 0.706010 0.119344
vt 0.700435 0.119344
vt 0.700435 0.130324
vt 0.706010 0.130321
vt 0.706010 0.119344
vt 0.700435 0.119344
vt 0.700435 0.130324
vt 0.706010 0.130321
vt 0.706010 0.119344
vt 0.700435 0.119344
vt 0.700435 0.130324
vt 0.983029 0.067270
vt 0.983030 0.007682
vt 0.968598 0.045631
vt 0.973684 0.007681
vt 0.638286 0.303897
vt 0.651667 0.303897
vt 0.651667 0.119194
vt 0.638286 0.119194
vt 0.961361 0.027897
vt 0.961361 0.010155
vt 0.842327 0.010155
vt 0.842327 0.027906
vt 0.715571 0.258994
vt 0.836185 0.258994
vt 0.836885 0.011389
vt 0.714011 0.011427
vt 0.841000 0.212480
vt 0.840828 0.494798
vt 0.929296 0.495081
vt 0.929462 0.212778
vt 0.997460 0.045634
vt 0.983030 0.007682
vt 0.983029 0.067270
vt 0.992376 0.007683
vt 0.957434 0.053219
vt 0.961361 0.035312
vt 0.842327 0.035321
vt 0.846251 0.053187
vt 0.710510 0.303897
vt 0.710510 0.119194
vt 0.697474 0.119194
vt 0.697474 0.303897
vt 0.706010 0.130321
vt 0.706010 0.119344
vt 0.700435 0.119344
vt 0.700435 0.130324
vt 0.983029 0.067270
vt 0.983030 0.007682
vt 0.968598 0.045631
vt 0.973684 0.007681
vt 0.638286 0.303897
vt 0.651667 0.303897
vt 0.651667 0.119194
vt 0.638286 0.119194
vt 0.961361 0.027897
vt 0.961361 0.010155
vt 0.842327 0.010155
vt 0.842327 0.027906
vt 0.715571 0.258994
vt 0.836185 0.258994
vt 0.836885 0.011389
vt 0.714011 0.011427
vt 0.841000 0.212480
vt 0.840828 0.494798
vt 0.929296 0.495081
vt 0.929462 0.212778
vt 0.997460 0.045634
vt 0.983030 0.007682
vt 0.983029 0.067270
vt 0.992376 0.007683
vt 0.957434 0.053219
vt 0.961361 0.035312
vt 0.842327 0.035321
vt 0.846251 0.053187
vt 0.710510 0.303897
vt 0.710510 0.119194
vt 0.697474 0.119194
vt 0.697474 0.303897
vt 0.700435 0.119344
vt 0.700435 0.130324
vt 0.706010 0.130321
vt 0.706010 0.119344
vt 0.929296 0.495081
vt 0.929462 0.212778
vt 0.841000 0.212480
vt 0.840828 0.494798
vt 0.983029 0.067270
vt 0.983030 0.007682
vt 0.968598 0.045631
vt 0.973684 0.007681
vt 0.567465 0.492624
vt 0.567465 0.051485
vt 0.523369 0.051485
vt 0.523369 0.492624
vt 0.651667 0.119194
vt 0.638286 0.119194
vt 0.638286 0.303897
vt 0.651667 0.303897
vt 0.997460 0.045634
vt 0.983030 0.007682
vt 0.983029 0.067270
vt 0.992376 0.007683
vt 0.697474 0.119194
vt 0.697474 0.303897
vt 0.710510 0.303897
vt 0.710510 0.119194
vt 0.842327 0.075644
vt 0.842327 0.093394
vt 0.961361 0.093385
vt 0.961361 0.075644
vt 0.715571 0.496778
vt 0.836185 0.496778
vt 0.836971 0.259867
vt 0.714266 0.259753
vt 0.842327 0.100810
vt 0.846251 0.121433
vt 0.957434 0.121465
vt 0.961361 0.100801
vt 0.974537 0.058858
vt 0.983029 0.067270
vt 0.983030 0.007682
vt 0.968598 0.045631
vt 0.973684 0.007681
vt 0.674473 0.109121
vt 0.674473 0.034959
vt 0.692299 0.010439
vt 0.710510 0.045361
vt 0.710336 0.004627
vt 0.934388 0.440992
vt 0.941776 0.409504
vt 0.949171 0.440992
vt 0.934388 0.490505
vt 0.949171 0.490505
vt 0.934108 0.258996
vt 0.941512 0.227481
vt 0.948908 0.258996
vt 0.934108 0.308510
vt 0.948908 0.308510
vt 0.674473 0.034959
vt 0.674473 0.109121
vt 0.638189 0.046349
vt 0.656122 0.010933
vt 0.638015 0.005616
vt 0.674473 0.109121
vt 0.674473 0.034959
vt 0.692299 0.010439
vt 0.710510 0.045361
vt 0.710336 0.004627
vt 0.934388 0.440992
vt 0.941776 0.409504
vt 0.949171 0.440992
vt 0.934388 0.490505
vt 0.949171 0.490505
vt 0.934108 0.258996
vt 0.941512 0.227481
vt 0.948908 0.258996
vt 0.934108 0.308510
vt 0.948908 0.308510
vt 0.674473 0.034959
vt 0.674473 0.109121
vt 0.638189 0.046349
vt 0.656122 0.010933
vt 0.638015 0.005616
vt 0.674473 0.109121
vt 0.674473 0.034959
vt 0.692299 0.010439
vt 0.710510 0.045361
vt 0.710336 0.004627
vt 0.934388 0.440992
vt 0.941776 0.409504
vt 0.949171 0.440992
vt 0.934388 0.490505
vt 0.949171 0.490505
vt 0.934108 0.258996
vt 0.941512 0.227481
vt 0.948908 0.258996
vt 0.934108 0.308510
vt 0.948908 0.308510
vt 0.674473 0.034959
vt 0.674473 0.109121
vt 0.638189 0.046349
vt 0.656122 0.010933
vt 0.638015 0.005616
vt 0.934409 0.348383
vt 0.941805 0.316868
vt 0.949171 0.348383
vt 0.934409 0.397897
vt 0.949171 0.397897
vt 0.934139 0.168037
vt 0.941512 0.136527
vt 0.948917 0.168036
vt 0.934139 0.217551
vt 0.948917 0.217551
vt 0.523369 0.492624
vt 0.523369 0.051485
vt 0.546441 0.051485
vt 0.546441 0.492624
vt 0.567465 0.051485
vt 0.567465 0.492624
vt 0.872491 0.494798
vt 0.872491 0.212472
vt 0.897660 0.212473
vt 0.898007 0.494798
vt 0.929191 0.212473
vt 0.929537 0.494798
vt 0.637105 0.046377
vt 0.636931 0.005616
vt 0.655050 0.010938
vt 0.673413 0.109189
vt 0.673413 0.034979
vt 0.673413 0.109189
vt 0.673413 0.034979
vt 0.691250 0.010443
vt 0.709473 0.045387
vt 0.709299 0.004627
vt 0.862262 0.182321
vt 0.862313 0.163713
vt 0.872502 0.163728
vt 0.872509 0.177786
vt 0.899317 0.163728
vt 0.899324 0.177786
vt 0.567465 0.051485
vt 0.567465 0.492624
vt 0.523369 0.492624
vt 0.523369 0.051485
vt 0.502570 0.492464
vt 0.502570 0.051485
vt 0.637105 0.046377
vt 0.636931 0.005616
vt 0.655050 0.010938
vt 0.673413 0.109189
vt 0.673413 0.034979
vt 0.673413 0.109189
vt 0.673413 0.034979
vt 0.691250 0.010443
vt 0.709473 0.045387
vt 0.709299 0.004627
vt 0.567465 0.051485
vt 0.567465 0.492624
vt 0.523369 0.492624
vt 0.523369 0.051485
vt 0.502570 0.492464
vt 0.502570 0.051485
vt 0.637105 0.046377
vt 0.636931 0.005616
vt 0.655050 0.010938
vt 0.673413 0.109189
vt 0.673413 0.034979
vt 0.673413 0.109189
vt 0.673413 0.034979
vt 0.691250 0.010443
vt 0.709473 0.045387
vt 0.709299 0.004627
vt 0.673413 0.034979
vt 0.673413 0.109189
vt 0.637105 0.046377
vt 0.655050 0.010938
vt 0.636931 0.005616
vt 0.673413 0.109189
vt 0.673413 0.034979
vt 0.691250 0.010443
vt 0.709473 0.045387
vt 0.709299 0.004627
vt 0.673413 0.109189
vt 0.673413 0.034979
vt 0.655050 0.010938
vt 0.637105 0.046377
vt 0.636931 0.005616
vt 0.571449 0.051485
vt 0.571449 0.492624
vt 0.614958 0.492624
vt 0.614958 0.051485
vt 0.633217 0.492533
vt 0.633217 0.051485
vt 0.709473 0.045387
vt 0.709299 0.004627
vt 0.691250 0.010443
vt 0.673413 0.109189
vt 0.673413 0.034979
vt 0.673413 0.109189
vt 0.673413 0.034979
vt 0.655050 0.010938
vt 0.637105 0.046377
vt 0.636931 0.005616
vt 0.571449 0.051485
vt 0.571449 0.492624
vt 0.614958 0.492624
vt 0.614958 0.051485
vt 0.633217 0.492533
vt 0.633217 0.051485
vt 0.709473 0.045387
vt 0.709299 0.004627
vt 0.691250 0.010443
vt 0.673413 0.109189
vt 0.673413 0.034979
vt 0.673413 0.109189
vt 0.673413 0.034979
vt 0.655050 0.010938
vt 0.637105 0.046377
vt 0.636931 0.005616
vt 0.571449 0.051485
vt 0.571449 0.492624
vt 0.614958 0.492624
vt 0.614958 0.051485
vt 0.633217 0.492533
vt 0.633217 0.051485
vt 0.709473 0.045387
vt 0.709299 0.004627
vt 0.691250 0.010443
vt 0.673413 0.109189
vt 0.673413 0.034979
vt 0.571449 0.051485
vt 0.571449 0.492624
vt 0.614958 0.492624
vt 0.614958 0.051485
vt 0.633217 0.492533
vt 0.633217 0.051485
vt 0.709473 0.045387
vt 0.709299 0.004627
vt 0.691250 0.010443
vt 0.673413 0.109189
vt 0.673413 0.034979
vt 0.546441 0.051485
vt 0.523369 0.051485
vt 0.523369 0.492624
vt 0.546441 0.492624
vt 0.567465 0.051485
vt 0.567465 0.492624
vt 0.616056 0.492304
vt 0.572576 0.492304
vt 0.572576 0.051455
vt 0.616056 0.051455
vt 0.634304 0.492213
vt 0.634304 0.051455
vt 0.974548 0.007679
vt 0.983886 0.067229
vt 0.969465 0.045604
vt 0.998308 0.045607
vt 0.993227 0.007681
vt 0.941805 0.316868
vt 0.949171 0.348383
vt 0.934409 0.348383
vt 0.934409 0.397897
vt 0.949171 0.397897
vt 0.948917 0.168036
vt 0.948917 0.217551
vt 0.934139 0.217551
vt 0.934139 0.168037
vt 0.941512 0.136527
vt 0.616056 0.492304
vt 0.572576 0.492304
vt 0.572576 0.051455
vt 0.616056 0.051455
vt 0.634304 0.492213
vt 0.634304 0.051455
vt 0.974548 0.007679
vt 0.983886 0.067229
vt 0.969465 0.045604
vt 0.998308 0.045607
vt 0.993227 0.007681
vt 0.941805 0.316868
vt 0.949171 0.348383
vt 0.934409 0.348383
vt 0.934409 0.397897
vt 0.949171 0.397897
vt 0.948917 0.168036
vt 0.948917 0.217551
vt 0.934139 0.217551
vt 0.934139 0.168037
vt 0.941512 0.136527
vt 0.974548 0.007679
vt 0.983886 0.067229
vt 0.969465 0.045604
vt 0.998308 0.045607
vt 0.993227 0.007681
vt 0.616056 0.492304
vt 0.572576 0.492304
vt 0.572576 0.051455
vt 0.616056 0.051455
vt 0.634304 0.492213
vt 0.634304 0.051455
vt 0.941805 0.316868
vt 0.949171 0.348383
vt 0.934409 0.348383
vt 0.934409 0.397897
vt 0.949171 0.397897
vt 0.948917 0.168036
vt 0.948917 0.217551
vt 0.934139 0.217551
vt 0.934139 0.168037
vt 0.941512 0.136527
vt 0.949171 0.440992
vt 0.934388 0.440992
vt 0.941776 0.409504
vt 0.934388 0.490505
vt 0.949171 0.490505
vt 0.948908 0.258996
vt 0.934108 0.258996
vt 0.941512 0.227481
vt 0.934108 0.308510
vt 0.948908 0.308510
vt 0.974537 0.058858
vt 0.983030 0.007682
vt 0.983029 0.067270
vt 0.968598 0.045631
vt 0.973684 0.007681
vt 0.614958 0.492624
vt 0.571449 0.492624
vt 0.571449 0.051485
vt 0.614958 0.051485
vt 0.633217 0.492533
vt 0.633217 0.051485
vt 0.614958 0.492624
vt 0.571449 0.492624
vt 0.571449 0.051485
vt 0.614958 0.051485
vt 0.633217 0.492533
vt 0.633217 0.051485
vt 0.614958 0.492624
vt 0.571449 0.492624
vt 0.571449 0.051485
vt 0.614958 0.051485
vt 0.633217 0.492533
vt 0.633217 0.051485
vt 0.614958 0.492624
vt 0.571449 0.492624
vt 0.571449 0.051485
vt 0.614958 0.051485
vt 0.633217 0.492533
vt 0.633217 0.051485
vt 0.897660 0.212473
vt 0.872491 0.212472
vt 0.872491 0.494798
vt 0.898007 0.494798
vt 0.929191 0.212473
vt 0.929537 0.494798
vt 0.872502 0.163728
vt 0.862313 0.163713
vt 0.862262 0.182321
vt 0.872509 0.177786
vt 0.899317 0.163728
vt 0.899324 0.177786
vt 0.523369 0.492624
vt 0.567465 0.492624
vt 0.567465 0.051485
vt 0.523369 0.051485
vt 0.502570 0.492464
vt 0.502570 0.051485
vt 0.523369 0.492624
vt 0.567465 0.492624
vt 0.567465 0.051485
vt 0.523369 0.051485
vt 0.502570 0.492464
vt 0.502570 0.051485
vt 0.637105 0.046377
vt 0.673413 0.109189
vt 0.673413 0.034979
vt 0.655050 0.010938
vt 0.636931 0.005616
vt 0.653033 0.313694
vt 0.653033 0.496840
vt 0.674175 0.497592
vt 0.674173 0.314446
vt 0.695310 0.313694
vt 0.695310 0.496840
vt 0.536909 0.048969
vt 0.536909 0.498046
vt 0.566326 0.498839
vt 0.566326 0.049762
vt 0.595740 0.048970
vt 0.595740 0.498047
vt 0.677782 0.303701
vt 0.677782 0.119119
vt 0.698519 0.119119
vt 0.698519 0.303701
vt 0.711546 0.303701
vt 0.711546 0.119119
vt 0.652741 0.119119
vt 0.673751 0.119119
vt 0.673751 0.303701
vt 0.652741 0.303701
vt 0.639369 0.303701
vt 0.639369 0.119119
vt 0.524527 0.051455
vt 0.568594 0.051455
vt 0.568594 0.492304
vt 0.524527 0.492304
vt 0.503742 0.492145
vt 0.503742 0.051455
vt 0.677782 0.303701
vt 0.677782 0.119119
vt 0.698519 0.119119
vt 0.698519 0.303701
vt 0.711546 0.303701
vt 0.711546 0.119119
vt 0.652741 0.119119
vt 0.673751 0.119119
vt 0.673751 0.303701
vt 0.652741 0.303701
vt 0.639369 0.303701
vt 0.639369 0.119119
vt 0.524527 0.051455
vt 0.568594 0.051455
vt 0.568594 0.492304
vt 0.524527 0.492304
vt 0.503742 0.492145
vt 0.503742 0.051455
vt 0.677782 0.303701
vt 0.677782 0.119119
vt 0.698519 0.119119
vt 0.698519 0.303701
vt 0.711546 0.303701
vt 0.711546 0.119119
vt 0.652741 0.119119
vt 0.673751 0.119119
vt 0.673751 0.303701
vt 0.652741 0.303701
vt 0.639369 0.303701
vt 0.639369 0.119119
vt 0.524527 0.051455
vt 0.568594 0.051455
vt 0.568594 0.492304
vt 0.524527 0.492304
vt 0.503742 0.492145
vt 0.503742 0.051455
vt 0.674175 0.497592
vt 0.653033 0.496840
vt 0.653033 0.313694
vt 0.674173 0.314446
vt 0.695310 0.313694
vt 0.695310 0.496840
vt 0.566326 0.498839
vt 0.536909 0.498046
vt 0.536909 0.048969
vt 0.566326 0.049762
vt 0.595740 0.048970
vt 0.595740 0.498047
vn 0.000919 -0.00042199999999993875 1
vn 0.000919 -0.00042199999999993875 1
vn 0.000919 -0.00042199999999993875 1
vn -0.000749 9.600000000006123E-05 1
vn -0.000749 9.600000000006123E-05 1
vn -0.000208 0.00042200000000006127 1
vn -0.000919 -0.00042199999999993875 1
vn -0.000919 -0.00042199999999993875 1
vn -0.000919 -0.00042199999999993875 1
vn 9.6E-05 0.0007490000000000612 1
vn 0.000749 9.600000000006123E-05 1
vn 0.000422 0.00020800000000006122 1
vn -0.000774 6.123233995736766E-17 1
vn -0.00028 0.0006770000000000612 1
vn -0.00028 0.0006770000000000612 1
vn -0.00028 0.0006770000000000612 1
vn -0.00028 0.0006770000000000612 1
vn -0.00028 0.0006770000000000612 1
vn 0.000915 -6.899999999993877E-05 1
vn 0.001029 -5.099999999993877E-05 0.999999
vn 0.00028 0.0006770000000000612 1
vn 0.00028 0.0006770000000000612 1
vn 0.00028 0.0006770000000000612 1
vn 0.00028 0.0006770000000000612 1
vn -1E-05 -1 3.0000000000612325E-06
vn 1 0 0
vn 1 1.6E-05 -9.797174393178826E-22
vn 1 1.6E-05 -9.797174393178826E-22
vn -1E-05 -1 3.0000000000612325E-06
vn 0.367559 0.93 -3.000000000056946E-06
vn -0.367581 0.929992 -3.0000000000569457E-06
vn 1 1.6E-05 -9.797174393178826E-22
vn 1 0 0
vn 0.367559 0.93 -3.000000000056946E-06
vn -0.962683 0.270632 -1.0000000000165713E-06
vn -0.962692 -0.270601 1.0000000000165694E-06
vn -0.367581 0.929992 -3.0000000000569457E-06
vn 0.367559 0.93 -3.000000000056946E-06
vn -0.962683 0.270632 -1.0000000000165713E-06
vn -0 -1 3.0000000000612325E-06
vn 1 0 0
vn 1 1.6E-05 -9.797174393178826E-22
vn 1 1.6E-05 -9.797174393178826E-22
vn -0 -1 2.0000000000612323E-06
vn 0.367568 0.929997 -3.000000000056946E-06
vn -0.367572 0.929995 -3.0000000000569457E-06
vn 1 1.6E-05 -9.797174393178826E-22
vn 1 0 0
vn 0.367568 0.929997 -3.000000000056946E-06
vn -0.962681 0.270637 -1.0000000000165717E-06
vn -0.96269 -0.270606 1.0000000000165698E-06
vn -0.367572 0.929995 -3.0000000000569457E-06
vn 0.367568 0.929997 -3.000000000056946E-06
vn -0.962681 0.270637 -1.0000000000165717E-06
vn -0 -1 3.0000000000612325E-06
vn 1 0 0
vn 1 1.6E-05 -9.797174393178826E-22
vn 1 1.6E-05 -9.797174393178826E-22
vn -0 -1 3.0000000000612325E-06
vn 0.367561 0.929999 -3.000000000056946E-06
vn -0.367566 0.929997 -3.000000000056946E-06
vn 1 1.6E-05 -9.797174393178826E-22
vn 1 0 0
vn 0.367561 0.929999 -3.000000000056946E-06
vn -0.96268 0.270642 -1.000000000016572E-06
vn -0.962689 -0.270611 1.00000000001657E-06
vn -0.367566 0.929997 -3.000000000056946E-06
vn 0.367561 0.929999 -3.000000000056946E-06
vn -0.96268 0.270642 -1.000000000016572E-06
vn -0 -1 3.0000000000612325E-06
vn 1 0 0
vn 1 1.6E-05 -9.797174393178826E-22
vn 1 1.6E-05 -9.797174393178826E-22
vn -0 -1 3.0000000000612325E-06
vn 0.367568 0.929997 -3.000000000056946E-06
vn -0.367572 0.929995 -3.0000000000569457E-06
vn 1 1.6E-05 -9.797174393178826E-22
vn 1 0 0
vn 0.367568 0.929997 -3.000000000056946E-06
vn -0.962681 0.270637 -1.0000000000165717E-06
vn -0.96269 -0.270606 1.0000000000165698E-06
vn -0.367572 0.929995 -3.0000000000569457E-06
vn 0.367568 0.929997 -3.000000000056946E-06
vn -0.962681 0.270637 -1.0000000000165717E-06
vn 5E-06 -1 3.0000000000612325E-06
vn 1 0 0
vn 1 1.6E-05 -9.797174393178826E-22
vn 1 1.6E-05 -9.797174393178826E-22
vn 5E-06 -1 2.0000000000612323E-06
vn 0.367569 0.929996 -3.000000000056946E-06
vn -0.367565 0.929998 -3.000000000056946E-06
vn 1 1.6E-05 -9.797174393178826E-22
vn 1 0 0
vn 0.367569 0.929996 -3.000000000056946E-06
vn -0.96268 0.270642 -1.000000000016572E-06
vn -0.962689 -0.270611 1.00000000001657E-06
vn -0.367565 0.929998 -3.000000000056946E-06
vn 0.367569 0.929996 -3.000000000056946E-06
vn -0.96268 0.270642 -1.000000000016572E-06
vn -5E-06 -1 6.123233995736766E-17
vn 1 1.6E-05 -9.797174393178826E-22
vn 1 1.6E-05 -9.797174393178826E-22
vn 1 1.6E-05 -9.797174393178826E-22
vn -5E-06 -1 6.123233995736766E-17
vn 0.367552 0.930003 -5.694625985737179E-17
vn -0.367561 0.93 -5.694607616035192E-17
vn 1 1.6E-05 -9.797174393178826E-22
vn 1 1.6E-05 -9.797174393178826E-22
vn 0.367552 0.930003 -5.694625985737179E-17
vn -0.962678 0.270649 -1.6572471577121598E-17
vn -0.962687 -0.270618 1.6570573374582924E-17
vn -0.367561 0.93 -5.694607616035192E-17
vn 0.367552 0.930003 -5.694625985737179E-17
vn -0.962678 0.270649 -1.6572471577121598E-17
vn -0 -1 3.0000000000612325E-06
vn 1 0 0
vn 1 1.6E-05 -9.797174393178826E-22
vn 1 1.6E-05 -9.797174393178826E-22
vn -0 -1 3.0000000000612325E-06
vn 0.367568 0.929997 -3.000000000056946E-06
vn -0.367572 0.929995 -3.0000000000569457E-06
vn 1 1.6E-05 -9.797174393178826E-22
vn 1 0 0
vn 0.367568 0.929997 -3.000000000056946E-06
vn -0.962681 0.270637 -1.0000000000165717E-06
vn -0.96269 -0.270606 1.0000000000165698E-06
vn -0.367572 0.929995 -3.0000000000569457E-06
vn 0.367568 0.929997 -3.000000000056946E-06
vn -0.962681 0.270637 -1.0000000000165717E-06
vn 5E-06 -1 6.123233995736766E-17
vn 1 1.6E-05 -9.797174393178826E-22
vn 1 1.6E-05 -9.797174393178826E-22
vn 1 1.6E-05 -9.797174393178826E-22
vn 5E-06 -1 6.123233995736766E-17
vn 0.367561 0.93 -5.694607616035192E-17
vn -0.367552 0.930003 -5.694625985737179E-17
vn 1 1.6E-05 -9.797174393178826E-22
vn 1 1.6E-05 -9.797174393178826E-22
vn 0.367561 0.93 -5.694607616035192E-17
vn -0.962677 0.270654 -1.6572777738821386E-17
vn -0.962685 -0.270623 1.657087953628271E-17
vn -0.367552 0.930003 -5.694625985737179E-17
vn 0.367561 0.93 -5.694607616035192E-17
vn -0.962677 0.270654 -1.6572777738821386E-17
vn 5E-06 -1 6.123233995736766E-17
vn 1 3.3E-05 -2.020667218593133E-21
vn 1 3.3E-05 -2.020667218593133E-21
vn 1 3.3E-05 -2.020667218593133E-21
vn 5E-06 -1 6.123233995736766E-17
vn 0.367561 0.93 -5.694607616035192E-17
vn -0.367552 0.930003 -5.694625985737179E-17
vn 1 3.3E-05 -2.020667218593133E-21
vn 1 3.3E-05 -2.020667218593133E-21
vn 0.367561 0.93 -5.694607616035192E-17
vn -0.962675 0.270662 -1.6573267597541046E-17
vn -0.962692 -0.270599 1.656940996012373E-17
vn -0.367552 0.930003 -5.694625985737179E-17
vn 0.367561 0.93 -5.694607616035192E-17
vn -0.962675 0.270662 -1.6573267597541046E-17
vn -5E-06 -1 6.123233995736766E-17
vn 1 3.3E-05 -2.020667218593133E-21
vn 1 3.3E-05 -2.020667218593133E-21
vn 1 3.3E-05 -2.020667218593133E-21
vn -5E-06 -1 6.123233995736766E-17
vn 0.367552 0.930003 -5.694625985737179E-17
vn -0.367561 0.93 -5.694607616035192E-17
vn 1 3.3E-05 -2.020667218593133E-21
vn 1 3.3E-05 -2.020667218593133E-21
vn 0.367552 0.930003 -5.694625985737179E-17
vn -0.962676 0.270657 -1.6572961435841258E-17
vn -0.962694 -0.270594 1.6569103798423945E-17
vn -0.367561 0.93 -5.694607616035192E-17
vn 0.367552 0.930003 -5.694625985737179E-17
vn -0.962676 0.270657 -1.6572961435841258E-17
vn 0.687783 0.724292 0.04852799999999996
vn 0.096265 0.995255 0.01414699999999994
vn 0.938303 0.339819 0.06411299999999999
vn 0.938243 0.339978 0.06413999999999997
vn 0.687783 0.724292 0.04852799999999996
vn 0.687755 -0.724319 0.04852600000000004
vn 0.938229 -0.34002 0.06413900000000003
vn 0.938287 -0.339864 0.06411300000000002
vn 0.096267 -0.995255 0.014144000000000061
vn 0.687755 -0.724319 0.04852600000000004
vn 0.687783 0.724292 0.04852799999999996
vn 0.096265 0.995255 0.01414699999999994
vn 0.938303 0.339819 0.06411299999999999
vn 0.938243 0.339978 0.06413999999999997
vn 0.687783 0.724292 0.04852799999999996
vn 0.938287 -0.339864 0.06411300000000002
vn 0.096267 -0.995255 0.014144000000000061
vn 0.687755 -0.724319 0.04852600000000004
vn 0.687755 -0.724319 0.04852600000000004
vn 0.938229 -0.34002 0.06413900000000003
vn 0.687783 0.724292 0.04852799999999996
vn 0.096265 0.995255 0.01414699999999994
vn 0.938303 0.339819 0.06411299999999999
vn 0.938243 0.339978 0.06413999999999997
vn 0.687783 0.724292 0.04852799999999996
vn 0.938287 -0.339864 0.06411300000000002
vn 0.096267 -0.995255 0.014144000000000061
vn 0.687755 -0.724319 0.04852600000000004
vn 0.687755 -0.724319 0.04852600000000004
vn 0.938229 -0.34002 0.06413900000000003
vn 0.687783 0.724292 0.04852799999999996
vn 0.096265 0.995255 0.01414699999999994
vn 0.938303 0.339819 0.06411299999999999
vn 0.938243 0.339978 0.06413999999999997
vn 0.687783 0.724292 0.04852799999999996
vn 0.687755 -0.724319 0.04852600000000004
vn 0.938229 -0.34002 0.06413900000000003
vn 0.938287 -0.339864 0.06411300000000002
vn 0.096267 -0.995255 0.014144000000000061
vn 0.687755 -0.724319 0.04852600000000004
vn -0.687783 0.724292 0.04852799999999996
vn -0.938243 0.339978 0.06413999999999997
vn -0.938303 0.339819 0.06411299999999999
vn -0.096265 0.995255 0.01414699999999994
vn -0.687783 0.724292 0.04852799999999996
vn -0.687755 -0.724319 0.04852600000000004
vn -0.096267 -0.995255 0.014144000000000061
vn -0.938287 -0.339864 0.06411300000000002
vn -0.938229 -0.34002 0.06413900000000003
vn -0.687755 -0.724319 0.04852600000000004
vn -0.687783 0.724292 0.04852799999999996
vn -0.938243 0.339978 0.06413999999999997
vn -0.938303 0.339819 0.06411299999999999
vn -0.096265 0.995255 0.01414699999999994
vn -0.687783 0.724292 0.04852799999999996
vn -0.938287 -0.339864 0.06411300000000002
vn -0.938229 -0.34002 0.06413900000000003
vn -0.687755 -0.724319 0.04852600000000004
vn -0.687755 -0.724319 0.04852600000000004
vn -0.096267 -0.995255 0.014144000000000061
vn -0.687783 0.724292 0.04852799999999996
vn -0.938243 0.339978 0.06413999999999997
vn -0.938303 0.339819 0.06411299999999999
vn -0.096265 0.995255 0.01414699999999994
vn -0.687783 0.724292 0.04852799999999996
vn -0.938287 -0.339864 0.06411300000000002
vn -0.938229 -0.34002 0.06413900000000003
vn -0.687755 -0.724319 0.04852600000000004
vn -0.687755 -0.724319 0.04852600000000004
vn -0.096267 -0.995255 0.014144000000000061
vn -0.687783 0.724292 0.04852799999999996
vn -0.938243 0.339978 0.06413999999999997
vn -0.938303 0.339819 0.06411299999999999
vn -0.096265 0.995255 0.01414699999999994
vn -0.687783 0.724292 0.04852799999999996
vn -0.687755 -0.724319 0.04852600000000004
vn -0.096267 -0.995255 0.014144000000000061
vn -0.938287 -0.339864 0.06411300000000002
vn -0.938229 -0.34002 0.06413900000000003
vn -0.687755 -0.724319 0.04852600000000004
vn 0.387954 0.919597 0.06191499999999994
vn 0.997772 0.065658 0.011854999999999996
vn 0.792492 0.608394 0.042573999999999966
vn 0.792492 0.608394 0.042573999999999966
vn 0.312167 0.947889 0.06370399999999994
vn 0.239995 0.968571 0.06536099999999995
vn 0.248112 0.966476 0.06607199999999995
vn 8E-06 -3.999999999938768E-06 1
vn 0.000141 0.00042200000000006127 1
vn 0.000141 0.00042200000000006127 1
vn 8E-06 -3.999999999938768E-06 1
vn -0.000144 0.00020500000000006123 1
vn -0.000144 0.00020500000000006123 1
vn -0.000144 0.00020500000000006123 1
vn -0.000208 0.00042200000000006127 1
vn -0.000208 0.00042200000000006127 1
vn -0.000749 9.600000000006123E-05 1
vn -0.000422 0.00020800000000006122 1
vn -0.000749 9.600000000006123E-05 1
vn -0.000749 9.600000000006123E-05 1
vn -0.792492 0.608394 0.042573999999999966
vn -0.997772 0.065658 0.011854999999999996
vn -0.387954 0.919597 0.06191499999999994
vn -0.312167 0.947889 0.06370399999999994
vn -0.792492 0.608394 0.042573999999999966
vn -0.239995 0.968571 0.06536099999999995
vn -0.248112 0.966476 0.06607199999999995
vn -0.000141 0.00042200000000006127 1
vn -0.000141 0.00042200000000006127 1
vn 4E-06 -1.9999999999387675E-06 1
vn 0.000147 0.00020500000000006123 1
vn -8E-06 -3.999999999938768E-06 1
vn 0.000147 0.00020500000000006123 1
vn 0.000147 0.00020500000000006123 1
vn 0.000422 0.00020800000000006122 1
vn 0.000208 0.00042200000000006127 1
vn 9.6E-05 0.0007490000000000612 1
vn 0.000749 9.600000000006123E-05 1
vn 0.000422 0.00020800000000006122 1
vn 0.000422 0.00020800000000006122 1
vn 0.997772 0.065658 0.011854999999999996
vn 0.921663 -0.38777 -0.013142999999999976
vn 0.931722 -0.362803 -0.01639599999999998
vn 0.792492 0.608394 0.042573999999999966
vn 1E-06 6.123233995736766E-17 1
vn -0 -9.999999999387675E-07 1
vn 1E-06 6.123233995736766E-17 1
vn 1E-06 6.123233995736766E-17 1
vn 0.896617 0.442807 -2.7114108759502102E-17
vn 0.448309 0.893879 -5.4734302808751844E-17
vn 0.999981 -0.006145 3.762727290380243E-19
vn 0.999981 -0.006145 3.762727290380243E-19
vn 0 1 -6.123233995736766E-17
vn 0 1 -6.123233995736766E-17
vn 0.448309 0.893879 -5.4734302808751844E-17
vn 0.896617 0.442807 -2.7114108759502102E-17
vn -4E-05 -0.002866999999999939 0.999996
vn -0 -0.005733999999999939 0.999984
vn -4E-05 -0.002866999999999939 0.999996
vn -7.9E-05 6.123233995736766E-17 1
vn 0 -6.123233995736766E-17 -1
vn 0 -6.123233995736766E-17 -1
vn 0 -6.123233995736766E-17 -1
vn 0 -6.123233995736766E-17 -1
vn 0 6.123233995736766E-17 1
vn 0 6.123233995736766E-17 1
vn 0 6.123233995736766E-17 1
vn 0 6.123233995736766E-17 1
vn 0 6.123233995736766E-17 1
vn 0 6.123233995736766E-17 1
vn 0 6.123233995736766E-17 1
vn 0 6.123233995736766E-17 1
vn -1E-05 -1 3.0000000000612325E-06
vn -1E-05 -1 3.0000000000612325E-06
vn -0.962692 -0.270601 1.0000000000165694E-06
vn -0.962683 0.270632 -1.0000000000165713E-06
vn 0 6.123233995736766E-17 1
vn 0 6.123233995736766E-17 1
vn 0 6.123233995736766E-17 1
vn 0 6.123233995736766E-17 1
vn -0 -1 3.0000000000612325E-06
vn -0 -1 2.0000000000612323E-06
vn -0.96269 -0.270606 1.0000000000165698E-06
vn -0.962681 0.270637 -1.0000000000165717E-06
vn 0 6.123233995736766E-17 1
vn 0 6.123233995736766E-17 1
vn 0 6.123233995736766E-17 1
vn 0 6.123233995736766E-17 1
vn -0 -1 3.0000000000612325E-06
vn -0 -1 3.0000000000612325E-06
vn -0.962689 -0.270611 1.00000000001657E-06
vn -0.96268 0.270642 -1.000000000016572E-06
vn 0 6.123233995736766E-17 1
vn 0 6.123233995736766E-17 1
vn 0 6.123233995736766E-17 1
vn 0 6.123233995736766E-17 1
vn -0 -1 3.0000000000612325E-06
vn -0 -1 3.0000000000612325E-06
vn -0.96269 -0.270606 1.0000000000165698E-06
vn -0.962681 0.270637 -1.0000000000165717E-06
vn 0 6.123233995736766E-17 1
vn 0 6.123233995736766E-17 1
vn 0 6.123233995736766E-17 1
vn 0 6.123233995736766E-17 1
vn 5E-06 -1 3.0000000000612325E-06
vn 5E-06 -1 2.0000000000612323E-06
vn -0.962689 -0.270611 1.00000000001657E-06
vn -0.96268 0.270642 -1.000000000016572E-06
vn 0 6.123233995736766E-17 1
vn 0 6.123233995736766E-17 1
vn 0 6.123233995736766E-17 1
vn 0 6.123233995736766E-17 1
vn -5E-06 -1 6.123233995736766E-17
vn -5E-06 -1 6.123233995736766E-17
vn -0.962687 -0.270618 1.6570573374582924E-17
vn -0.962678 0.270649 -1.6572471577121598E-17
vn 0 6.123233995736766E-17 1
vn 0 6.123233995736766E-17 1
vn 0 6.123233995736766E-17 1
vn 0 6.123233995736766E-17 1
vn -0 -1 3.0000000000612325E-06
vn -0 -1 3.0000000000612325E-06
vn -0.96269 -0.270606 1.0000000000165698E-06
vn -0.962681 0.270637 -1.0000000000165717E-06
vn 0 6.123233995736766E-17 1
vn 0 6.123233995736766E-17 1
vn 0 6.123233995736766E-17 1
vn 0 6.123233995736766E-17 1
vn 5E-06 -1 6.123233995736766E-17
vn 5E-06 -1 6.123233995736766E-17
vn -0.962685 -0.270623 1.657087953628271E-17
vn -0.962677 0.270654 -1.6572777738821386E-17
vn 0 6.123233995736766E-17 1
vn 0 6.123233995736766E-17 1
vn 0 6.123233995736766E-17 1
vn 0 6.123233995736766E-17 1
vn 5E-06 -1 6.123233995736766E-17
vn 5E-06 -1 6.123233995736766E-17
vn -0.962692 -0.270599 1.656940996012373E-17
vn -0.962675 0.270662 -1.6573267597541046E-17
vn 0 6.123233995736766E-17 1
vn 0 6.123233995736766E-17 1
vn 0 6.123233995736766E-17 1
vn 0 6.123233995736766E-17 1
vn -5E-06 -1 6.123233995736766E-17
vn -5E-06 -1 6.123233995736766E-17
vn -0.962694 -0.270594 1.6569103798423945E-17
vn -0.962676 0.270657 -1.6572961435841258E-17
vn 0 6.123233995736766E-17 1
vn 0 6.123233995736766E-17 1
vn 0 6.123233995736766E-17 1
vn 0 6.123233995736766E-17 1
vn 0 6.123233995736766E-17 1
vn 0 6.123233995736766E-17 1
vn 0 6.123233995736766E-17 1
vn 0 6.123233995736766E-17 1
vn 0 6.123233995736766E-17 1
vn 0 6.123233995736766E-17 1
vn 0 6.123233995736766E-17 1
vn 0 6.123233995736766E-17 1
vn 0 6.123233995736766E-17 1
vn 0 6.123233995736766E-17 1
vn 0 6.123233995736766E-17 1
vn 0 6.123233995736766E-17 1
vn 1 3E-06 -1.8369701987210298E-22
vn 1 3E-06 -1.8369701987210298E-22
vn 1 3E-06 -1.8369701987210298E-22
vn 1 3E-06 -1.8369701987210298E-22
vn -1 0 0
vn -1 0 0
vn -1 0 0
vn -1 0 0
vn 1 6E-06 -3.6739403974420597E-22
vn 1 6E-06 -3.6739403974420597E-22
vn 1 6E-06 -3.6739403974420597E-22
vn 1 6E-06 -3.6739403974420597E-22
vn -1 0 0
vn -1 0 0
vn -1 0 0
vn -1 0 0
vn 1 4E-06 -2.4492935982947065E-22
vn 1 4E-06 -2.4492935982947065E-22
vn 1 4E-06 -2.4492935982947065E-22
vn 1 4E-06 -2.4492935982947065E-22
vn -1 0 0
vn -1 0 0
vn -1 0 0
vn -1 0 0
vn 1 4E-06 -2.4492935982947065E-22
vn 1 4E-06 -2.4492935982947065E-22
vn 1 4E-06 -2.4492935982947065E-22
vn 1 4E-06 -2.4492935982947065E-22
vn -1 0 0
vn -1 0 0
vn -1 0 0
vn -1 0 0
vn 1 4E-06 -2.4492935982947065E-22
vn 1 4E-06 -2.4492935982947065E-22
vn 1 4E-06 -2.4492935982947065E-22
vn 1 4E-06 -2.4492935982947065E-22
vn -1 0 0
vn -1 0 0
vn -1 0 0
vn -1 0 0
vn 0 6.123233995736766E-17 1
vn 0 6.123233995736766E-17 1
vn 0 6.123233995736766E-17 1
vn 0 6.123233995736766E-17 1
vn -0.00036 0.523394 0.852091
vn -0.003668 0.524022 0.851697
vn -0.00036 0.523394 0.852091
vn 0.002947 0.52276 0.852475
vn 0.008915 0.43699000000000005 0.899422
vn -0.04505 0.44425400000000004 0.894767
vn 0.008915 0.43699000000000005 0.899422
vn 0.062852 0.42842100000000005 0.901391
vn 0.078963 0.28613200000000005 0.954931
vn 0.095351 0.27224800000000005 0.957491
vn 0.078963 0.28613200000000005 0.954931
vn 0.062539 0.29988300000000007 0.951924
vn 0.230338 0.969352 0.08544899999999994
vn 0.230724 0.969244 0.08563499999999995
vn 0.230338 0.969352 0.08544899999999994
vn 0.229953 0.96946 0.08526199999999995
vn -0 -1 6.123233995736766E-17
vn -0 -1 6.123233995736766E-17
vn -0 -1 6.123233995736766E-17
vn -0 -1 6.123233995736766E-17
vn 0.126757 0.982115 0.13922499999999993
vn 0.044086 0.976277 0.21198999999999996
vn 0.126757 0.982115 0.13922499999999993
vn 0.207887 0.976006 0.06476599999999995
vn -2.6E-05 -0.0005789999999999387 1
vn -3.4E-05 -0.0006399999999999388 1
vn -2.6E-05 -0.0005789999999999387 1
vn -2.6E-05 -0.0005789999999999387 1
vn -0.000451 0.996136 0.08782199999999994
vn -0.000902 0.996153 0.08762199999999995
vn -0.000451 0.996136 0.08782199999999994
vn 0 0.996119 0.08802199999999995
vn -0 -1 6.123233995736766E-17
vn -0 -1 6.123233995736766E-17
vn -0 -1 6.123233995736766E-17
vn -0 -1 6.123233995736766E-17
vn -8.2E-05 0.979563 0.20113799999999996
vn -0.000163 0.979549 0.20120799999999994
vn -8.2E-05 0.979563 0.20113799999999996
vn -0 0.979577 0.20106899999999994
vn 3.4E-05 -0.0006399999999999388 1
vn 0 -0.0003739999999999387 1
vn 3.4E-05 -0.0006399999999999388 1
vn 3.4E-05 -0.0006399999999999388 1
vn -0.000451 0.996136 0.08782199999999994
vn -0.000902 0.996153 0.08762199999999995
vn -0.000451 0.996136 0.08782199999999994
vn 0 0.996119 0.08802199999999995
vn -0 -1 6.123233995736766E-17
vn -0 -1 6.123233995736766E-17
vn -0 -1 6.123233995736766E-17
vn -0 -1 6.123233995736766E-17
vn -8.2E-05 0.979563 0.20113799999999996
vn -0.000163 0.979549 0.20120799999999994
vn -8.2E-05 0.979563 0.20113799999999996
vn -0 0.979577 0.20106899999999994
vn 3.4E-05 -0.0006399999999999388 1
vn 0 -0.0003739999999999387 1
vn 3.4E-05 -0.0006399999999999388 1
vn 3.4E-05 -0.0006399999999999388 1
vn -0.230339 0.969352 0.08544899999999994
vn -0.229945 0.969427 0.08565199999999995
vn -0.230339 0.969352 0.08544899999999994
vn -0.230732 0.969276 0.08524599999999995
vn -0 -1 6.123233995736766E-17
vn -0 -1 6.123233995736766E-17
vn -0 -1 6.123233995736766E-17
vn -0 -1 6.123233995736766E-17
vn -0.125014 0.981442 0.14540899999999995
vn -0.044969 0.995823 0.07945799999999995
vn -0.125014 0.981442 0.14540899999999995
vn -0.203689 0.9563 0.20976599999999995
vn 2.6E-05 -0.0005789999999999387 1
vn 3.4E-05 -0.0006399999999999388 1
vn 2.6E-05 -0.0005789999999999387 1
vn 2.6E-05 -0.0005789999999999387 1
vn -0.997772 0.065658 0.011854999999999996
vn -0.792492 0.608394 0.042573999999999966
vn -0.931722 -0.362803 -0.01639599999999998
vn -0.921663 -0.38777 -0.013142999999999976
vn -0 -9.999999999387675E-07 1
vn -1E-06 6.123233995736766E-17 1
vn -0 -9.999999999387675E-07 1
vn -0 -9.999999999387675E-07 1
vn 0 6.123233995736766E-17 1
vn 0 6.123233995736766E-17 1
vn 0 6.123233995736766E-17 1
vn 0 6.123233995736766E-17 1
vn 0.997733 6.600000000000413E-05 0.06729
vn 0.997731 0.00013200000000000413 0.067325
vn 0.997733 6.600000000000413E-05 0.06729
vn 0.997736 4.1181810238327616E-18 0.067255
vn -1 2.6999999999999996E-05 -3.8E-05
vn -1 6.8E-05 -4.163799117101001E-21
vn -1 2.6999999999999996E-05 -3.8E-05
vn -1 2.6999999999999996E-05 -3.8E-05
vn 0 1.0000000000612324E-06 1
vn -1E-06 2.0000000000612323E-06 1
vn -1E-06 2.0000000000612323E-06 1
vn -1E-06 2.0000000000612323E-06 1
vn 0.876943 0.480516 0.00871099999999997
vn 0.849845 0.526746 0.017396999999999968
vn 0.876943 0.480516 0.00871099999999997
vn 0.901456 0.43287 -2.6505642997345736E-17
vn 0.096265 0.995255 0.01414699999999994
vn 0.687783 0.724292 0.04852799999999996
vn -0.362802 0.931722 -0.016396000000000056
vn -0.38777 0.921663 -0.013143000000000057
vn 0 6.123233995736766E-17 1
vn 0 6.123233995736766E-17 1
vn 0 6.123233995736766E-17 1
vn 0 6.123233995736766E-17 1
vn 0.096267 -0.995255 0.014144000000000061
vn -0.38774 -0.921675 -0.013147999999999943
vn -0.362787 -0.931728 -0.016398999999999945
vn 0.687755 -0.724319 0.04852600000000004
vn -1 0 0
vn -1 0 0
vn -1 0 0
vn -1 0 0
vn 0.998709 3.110602869834277E-18 0.0508
vn 0.998709 3.110602869834277E-18 0.0508
vn 0.998709 3.110602869834277E-18 0.0508
vn 0.998709 3.110602869834277E-18 0.0508
vn -0.000774 6.123233995736766E-17 1
vn -0.001029 -5.099999999993877E-05 0.999999
vn -0.000915 -6.899999999993877E-05 1
vn -0.001029 -5.099999999993877E-05 0.999999
vn -1 4.1E-05 -2.510525938252074E-21
vn -1 1.3999999999999998E-05 -2.5E-05
vn -1 4.1E-05 -2.510525938252074E-21
vn -1 4.1E-05 -2.510525938252074E-21
vn -1 4.1E-05 -2.510525938252074E-21
vn -1 1.3999999999999998E-05 -2.5E-05
vn -1 4.1E-05 -2.510525938252074E-21
vn -1 4.1E-05 -2.510525938252074E-21
vn -1 4.1E-05 -2.510525938252074E-21
vn -1 1.3999999999999998E-05 -2.5E-05
vn -1 4.1E-05 -2.510525938252074E-21
vn -1 4.1E-05 -2.510525938252074E-21
vn -1 6.8E-05 -4.163799117101001E-21
vn -1 2.6999999999999996E-05 -3.8E-05
vn -1 6.8E-05 -4.163799117101001E-21
vn -1 6.8E-05 -4.163799117101001E-21
vn -1 4.1E-05 -2.510525938252074E-21
vn -1 1.3999999999999998E-05 -2.5E-05
vn -1 4.1E-05 -2.510525938252074E-21
vn -1 4.1E-05 -2.510525938252074E-21
vn 0 1.0000000000612324E-06 1
vn -1E-06 2.0000000000612323E-06 1
vn -1E-06 2.0000000000612323E-06 1
vn -1E-06 2.0000000000612323E-06 1
vn -0.362802 0.931722 -0.016396000000000056
vn -0.38777 0.921663 -0.013143000000000057
vn 0.096265 0.995255 0.01414699999999994
vn 0.687783 0.724292 0.04852799999999996
vn -1 0 0
vn -1 0 0
vn -1 0 0
vn -1 0 0
vn 0.997735 1.1000000000004118E-05 0.067265
vn 0.997731 7.900000000000412E-05 0.067325
vn 0.997735 1.1000000000004118E-05 0.067265
vn 0.997739 -5.5999999999995886E-05 0.067206
vn 0.999039 0.010483000000000003 0.042555
vn 0.999041 0.010670000000000002 0.042458
vn 0.999039 0.010483000000000003 0.042555
vn 0.999037 0.010296000000000003 0.042652
vn 0 6.123233995736766E-17 1
vn 0 6.123233995736766E-17 1
vn 0 6.123233995736766E-17 1
vn 0 6.123233995736766E-17 1
vn -0.000932 -3.399999999993877E-05 1
vn -0.000544 6.123233995736766E-17 1
vn -0.000932 -3.399999999993877E-05 1
vn -0.000932 -3.399999999993877E-05 1
vn -0.362787 -0.931728 -0.016398999999999945
vn 0.687755 -0.724319 0.04852600000000004
vn 0.096267 -0.995255 0.014144000000000061
vn -0.38774 -0.921675 -0.013147999999999943
vn -1 6.8E-05 -4.163799117101001E-21
vn -1 2.6999999999999996E-05 -3.8E-05
vn -1 6.8E-05 -4.163799117101001E-21
vn -1 6.8E-05 -4.163799117101001E-21
vn 0 1.0000000000612324E-06 1
vn -1E-06 2.0000000000612323E-06 1
vn -1E-06 2.0000000000612323E-06 1
vn -1E-06 2.0000000000612323E-06 1
vn -0.362802 0.931722 -0.016396000000000056
vn -0.38777 0.921663 -0.013143000000000057
vn 0.096265 0.995255 0.01414699999999994
vn 0.687783 0.724292 0.04852799999999996
vn -1 0 0
vn -1 0 0
vn -1 0 0
vn -1 0 0
vn 0.997757 1.10000000000041E-05 0.066944
vn 0.997753 7.90000000000041E-05 0.067004
vn 0.997757 1.10000000000041E-05 0.066944
vn 0.997761 -5.5999999999995906E-05 0.066885
vn 0.999039 0.010483000000000003 0.042555
vn 0.999041 0.010670000000000002 0.042458
vn 0.999039 0.010483000000000003 0.042555
vn 0.999037 0.010296000000000003 0.042652
vn 0 6.123233995736766E-17 1
vn 0 6.123233995736766E-17 1
vn 0 6.123233995736766E-17 1
vn 0 6.123233995736766E-17 1
vn -0.000932 -3.399999999993877E-05 1
vn -0.000544 6.123233995736766E-17 1
vn -0.000932 -3.399999999993877E-05 1
vn -0.000932 -3.399999999993877E-05 1
vn -0.362787 -0.931728 -0.016398999999999945
vn 0.687755 -0.724319 0.04852600000000004
vn 0.096267 -0.995255 0.014144000000000061
vn -0.38774 -0.921675 -0.013147999999999943
vn -1 2.6999999999999996E-05 -3.8E-05
vn -1 6.8E-05 -4.163799117101001E-21
vn -1 2.6999999999999996E-05 -3.8E-05
vn -1 2.6999999999999996E-05 -3.8E-05
vn 0.999039 0.010483000000000003 0.042555
vn 0.999037 0.010296000000000003 0.042652
vn 0.999039 0.010483000000000003 0.042555
vn 0.999041 0.010670000000000002 0.042458
vn 0 1.0000000000612324E-06 1
vn -1E-06 2.0000000000612323E-06 1
vn -1E-06 2.0000000000612323E-06 1
vn -1E-06 2.0000000000612323E-06 1
vn 0.876934 0.480522 0.009238999999999971
vn 0.901303 0.432797 0.018449999999999973
vn 0.876934 0.480522 0.009238999999999971
vn 0.849973 0.526826 -3.2258788730380174E-17
vn 0.096265 0.995255 0.01414699999999994
vn 0.687783 0.724292 0.04852799999999996
vn -0.362802 0.931722 -0.016396000000000056
vn -0.38777 0.921663 -0.013143000000000057
vn 0 6.123233995736766E-17 1
vn 0 6.123233995736766E-17 1
vn 0 6.123233995736766E-17 1
vn 0 6.123233995736766E-17 1
vn 0.096267 -0.995255 0.014144000000000061
vn -0.38774 -0.921675 -0.013147999999999943
vn -0.362787 -0.931728 -0.016398999999999945
vn 0.687755 -0.724319 0.04852600000000004
vn -1 0 0
vn -1 0 0
vn -1 0 0
vn -1 0 0
vn 0.997733 4.000000000000412E-05 0.06729
vn 0.997731 7.900000000000412E-05 0.067325
vn 0.997733 4.000000000000412E-05 0.06729
vn 0.997736 4.1181810238327616E-18 0.067255
vn -0.000543 6.123233995736766E-17 1
vn -0.000929 -3.399999999993877E-05 1
vn -0.000543 6.123233995736766E-17 1
vn -0.000543 6.123233995736766E-17 1
vn -0.997733 6.600000000000413E-05 0.06729
vn -0.997736 4.1181810238327616E-18 0.067255
vn -0.997733 6.600000000000413E-05 0.06729
vn -0.997731 0.00013200000000000413 0.067325
vn 1 6.8E-05 -4.163799117101001E-21
vn 1 2.6999999999999996E-05 -3.8E-05
vn 1 6.8E-05 -4.163799117101001E-21
vn 1 6.8E-05 -4.163799117101001E-21
vn 0 1.0000000000612324E-06 1
vn 1E-06 2.0000000000612323E-06 1
vn 1E-06 2.0000000000612323E-06 1
vn 1E-06 2.0000000000612323E-06 1
vn -0.876943 0.480516 0.00871099999999997
vn -0.901456 0.43287 -2.6505642997345736E-17
vn -0.876943 0.480516 0.00871099999999997
vn -0.849845 0.526746 0.017396999999999968
vn -0.096265 0.995255 0.01414699999999994
vn 0.38777 0.921663 -0.013143000000000057
vn 0.362802 0.931722 -0.016396000000000056
vn -0.687783 0.724292 0.04852799999999996
vn 0 6.123233995736766E-17 1
vn 0 6.123233995736766E-17 1
vn 0 6.123233995736766E-17 1
vn 0 6.123233995736766E-17 1
vn -0.096267 -0.995255 0.014144000000000061
vn -0.687755 -0.724319 0.04852600000000004
vn 0.362787 -0.931728 -0.016398999999999945
vn 0.38774 -0.921675 -0.013147999999999943
vn 1 0 0
vn 1 0 0
vn 1 0 0
vn 1 0 0
vn -0.998709 3.110602869834277E-18 0.0508
vn -0.998709 3.110602869834277E-18 0.0508
vn -0.998709 3.110602869834277E-18 0.0508
vn -0.998709 3.110602869834277E-18 0.0508
vn 0.000915 -6.899999999993877E-05 1
vn 0.000915 -6.899999999993877E-05 1
vn 0.001029 -5.099999999993877E-05 0.999999
vn 0.000915 -6.899999999993877E-05 1
vn 1 1.3999999999999998E-05 -2.5E-05
vn 1 4.1E-05 -2.510525938252074E-21
vn 1 1.3999999999999998E-05 -2.5E-05
vn 1 1.3999999999999998E-05 -2.5E-05
vn 1 1.3999999999999998E-05 -2.5E-05
vn 1 4.1E-05 -2.510525938252074E-21
vn 1 1.3999999999999998E-05 -2.5E-05
vn 1 1.3999999999999998E-05 -2.5E-05
vn 1 1.3999999999999998E-05 -2.5E-05
vn 1 4.1E-05 -2.510525938252074E-21
vn 1 1.3999999999999998E-05 -2.5E-05
vn 1 1.3999999999999998E-05 -2.5E-05
vn 1 2.6999999999999996E-05 -3.8E-05
vn 1 6.8E-05 -4.163799117101001E-21
vn 1 2.6999999999999996E-05 -3.8E-05
vn 1 2.6999999999999996E-05 -3.8E-05
vn 1 1.3999999999999998E-05 -2.5E-05
vn 1 4.1E-05 -2.510525938252074E-21
vn 1 1.3999999999999998E-05 -2.5E-05
vn 1 1.3999999999999998E-05 -2.5E-05
vn 0 1.0000000000612324E-06 1
vn 1E-06 2.0000000000612323E-06 1
vn 1E-06 2.0000000000612323E-06 1
vn 1E-06 2.0000000000612323E-06 1
vn 0.362802 0.931722 -0.016396000000000056
vn -0.687783 0.724292 0.04852799999999996
vn -0.096265 0.995255 0.01414699999999994
vn 0.38777 0.921663 -0.013143000000000057
vn 1 0 0
vn 1 0 0
vn 1 0 0
vn 1 0 0
vn -0.997735 1.1000000000004118E-05 0.067265
vn -0.997739 -5.5999999999995886E-05 0.067206
vn -0.997735 1.1000000000004118E-05 0.067265
vn -0.997731 7.900000000000412E-05 0.067325
vn -0.999039 0.010483000000000003 0.042555
vn -0.999037 0.010296000000000003 0.042652
vn -0.999039 0.010483000000000003 0.042555
vn -0.999041 0.010670000000000002 0.042458
vn 0 6.123233995736766E-17 1
vn 0 6.123233995736766E-17 1
vn 0 6.123233995736766E-17 1
vn 0 6.123233995736766E-17 1
vn 0.000544 6.123233995736766E-17 1
vn 0.000932 -3.399999999993877E-05 1
vn 0.000544 6.123233995736766E-17 1
vn 0.000544 6.123233995736766E-17 1
vn 0.362787 -0.931728 -0.016398999999999945
vn 0.38774 -0.921675 -0.013147999999999943
vn -0.096267 -0.995255 0.014144000000000061
vn -0.687755 -0.724319 0.04852600000000004
vn 1 2.6999999999999996E-05 -3.8E-05
vn 1 6.8E-05 -4.163799117101001E-21
vn 1 2.6999999999999996E-05 -3.8E-05
vn 1 2.6999999999999996E-05 -3.8E-05
vn 0 1.0000000000612324E-06 1
vn 1E-06 2.0000000000612323E-06 1
vn 1E-06 2.0000000000612323E-06 1
vn 1E-06 2.0000000000612323E-06 1
vn 0.362802 0.931722 -0.016396000000000056
vn -0.687783 0.724292 0.04852799999999996
vn -0.096265 0.995255 0.01414699999999994
vn 0.38777 0.921663 -0.013143000000000057
vn 1 0 0
vn 1 0 0
vn 1 0 0
vn 1 0 0
vn -0.997757 1.10000000000041E-05 0.066944
vn -0.997761 -5.5999999999995906E-05 0.066885
vn -0.997757 1.10000000000041E-05 0.066944
vn -0.997753 7.90000000000041E-05 0.067004
vn -0.999039 0.010483000000000003 0.042555
vn -0.999037 0.010296000000000003 0.042652
vn -0.999039 0.010483000000000003 0.042555
vn -0.999041 0.010670000000000002 0.042458
vn 0 6.123233995736766E-17 1
vn 0 6.123233995736766E-17 1
vn 0 6.123233995736766E-17 1
vn 0 6.123233995736766E-17 1
vn 0.000544 6.123233995736766E-17 1
vn 0.000932 -3.399999999993877E-05 1
vn 0.000544 6.123233995736766E-17 1
vn 0.000544 6.123233995736766E-17 1
vn 0.362787 -0.931728 -0.016398999999999945
vn 0.38774 -0.921675 -0.013147999999999943
vn -0.096267 -0.995255 0.014144000000000061
vn -0.687755 -0.724319 0.04852600000000004
vn 1 6.8E-05 -4.163799117101001E-21
vn 1 2.6999999999999996E-05 -3.8E-05
vn 1 6.8E-05 -4.163799117101001E-21
vn 1 6.8E-05 -4.163799117101001E-21
vn -0.999039 0.010483000000000003 0.042555
vn -0.999041 0.010670000000000002 0.042458
vn -0.999039 0.010483000000000003 0.042555
vn -0.999037 0.010296000000000003 0.042652
vn 0 1.0000000000612324E-06 1
vn 1E-06 2.0000000000612323E-06 1
vn 1E-06 2.0000000000612323E-06 1
vn 1E-06 2.0000000000612323E-06 1
vn -0.876934 0.480522 0.009238999999999971
vn -0.849973 0.526826 -3.2258788730380174E-17
vn -0.876934 0.480522 0.009238999999999971
vn -0.901303 0.432797 0.018449999999999973
vn -0.096265 0.995255 0.01414699999999994
vn 0.38777 0.921663 -0.013143000000000057
vn 0.362802 0.931722 -0.016396000000000056
vn -0.687783 0.724292 0.04852799999999996
vn 0 6.123233995736766E-17 1
vn 0 6.123233995736766E-17 1
vn 0 6.123233995736766E-17 1
vn 0 6.123233995736766E-17 1
vn -0.096267 -0.995255 0.014144000000000061
vn -0.687755 -0.724319 0.04852600000000004
vn 0.362787 -0.931728 -0.016398999999999945
vn 0.38774 -0.921675 -0.013147999999999943
vn 1 0 0
vn 1 0 0
vn 1 0 0
vn 1 0 0
vn -0.997733 4.000000000000412E-05 0.06729
vn -0.997736 4.1181810238327616E-18 0.067255
vn -0.997733 4.000000000000412E-05 0.06729
vn -0.997731 7.900000000000412E-05 0.067325
vn 0.000929 -3.399999999993877E-05 1
vn 0.000543 6.123233995736766E-17 1
vn 0.000929 -3.399999999993877E-05 1
vn 0.000929 -3.399999999993877E-05 1
vn 2E-06 6.123233995736766E-17 1
vn 2E-06 6.123233995736766E-17 1
vn 2E-06 -9.999999999387675E-07 1
vn 2E-06 -9.999999999387675E-07 1
vn 2E-06 -9.999999999387675E-07 1
vn -0 1.0000000000612324E-06 1
vn 0.000812 0.00026800000000006127 1
vn -0.00014 0.00013000000000006122 1
vn -0.00014 0.00013000000000006122 1
vn -0.00014 0.00013000000000006122 1
vn -0.686212 -0.687975 0.23622700000000005
vn -0.627383 -0.628994 0.4590830000000001
vn -0.697445 -0.699236 0.15697000000000005
vn -0.706199 -0.708013 4.335329271023575E-17
vn -0.706199 -0.708013 4.335329271023575E-17
vn 0.686888 0.687112 0.23677399999999996
vn 0.62772 0.627926 0.46008299999999996
vn 0.698186 0.698415 0.15733099999999994
vn 0.706991 0.707222 -4.330485792932947E-17
vn 0.706991 0.707222 -4.330485792932947E-17
vn -0.000261 0.00026800000000006127 1
vn -0.000261 0.00026800000000006127 1
vn 0.000146 0.00013000000000006122 1
vn 0.000146 0.00013000000000006122 1
vn 0.000146 0.00013000000000006122 1
vn -0 1.0000000000612324E-06 1
vn 0.000812 0.00026800000000006127 1
vn -0.00014 0.00013000000000006122 1
vn -0.00014 0.00013000000000006122 1
vn -0.00014 0.00013000000000006122 1
vn -0.686212 -0.687975 0.23622700000000005
vn -0.627383 -0.628994 0.4590830000000001
vn -0.697445 -0.699236 0.15697000000000005
vn -0.706199 -0.708013 4.335329271023575E-17
vn -0.706199 -0.708013 4.335329271023575E-17
vn 0.686888 0.687112 0.23677399999999996
vn 0.62772 0.627926 0.46008299999999996
vn 0.698186 0.698415 0.15733099999999994
vn 0.706991 0.707222 -4.330485792932947E-17
vn 0.706991 0.707222 -4.330485792932947E-17
vn -0.000261 0.00026800000000006127 1
vn -0.000261 0.00026800000000006127 1
vn 0.000146 0.00013000000000006122 1
vn 0.000146 0.00013000000000006122 1
vn 0.000146 0.00013000000000006122 1
vn -0 1.0000000000612324E-06 1
vn 0.000812 0.00026800000000006127 1
vn -0.00014 0.00013000000000006122 1
vn -0.00014 0.00013000000000006122 1
vn -0.00014 0.00013000000000006122 1
vn -0.686212 -0.687975 0.23622700000000005
vn -0.627383 -0.628994 0.4590830000000001
vn -0.697445 -0.699236 0.15697000000000005
vn -0.706199 -0.708013 4.335329271023575E-17
vn -0.706199 -0.708013 4.335329271023575E-17
vn 0.686888 0.687112 0.23677399999999996
vn 0.62772 0.627926 0.46008299999999996
vn 0.698186 0.698415 0.15733099999999994
vn 0.706991 0.707222 -4.330485792932947E-17
vn 0.706991 0.707222 -4.330485792932947E-17
vn -0.000364 -0.0003379999999999387 1
vn -0.000261 0.00026800000000006127 1
vn 0.000146 0.00013000000000006122 1
vn 0.000146 0.00013000000000006122 1
vn 0.000146 0.00013000000000006122 1
vn 0.687119 -0.686856 0.23684500000000006
vn 0.627896 -0.627656 0.46021200000000007
vn 0.698429 -0.698162 0.15737800000000005
vn 0.707242 -0.706972 4.3289549844340134E-17
vn 0.707242 -0.706972 4.3289549844340134E-17
vn -0.687905 0.686105 0.23674099999999995
vn -0.628667 0.627022 0.46002299999999996
vn -0.699217 0.697387 0.15730999999999995
vn -0.708033 0.70618 -4.32410538310939E-17
vn -0.708033 0.70618 -4.32410538310939E-17
vn -0.637649 0.770293 0.007247999999999953
vn -0.70927 0.70479 0.014427999999999956
vn -0.539238 0.842139 0.004896999999999949
vn -0.402791 0.915292 -5.604547090425896E-17
vn -0.319331 0.947643 -5.802639833421976E-17
vn -0.319331 0.947643 -5.802639833421976E-17
vn 0.999043 -2.999999999997322E-06 0.043734
vn 0.999043 2.6779351556955175E-18 0.043734
vn 0.998697 0.026332000000000005 0.043718
vn 0.997787 0.050502 0.043254
vn 0.996204 0.075707 0.04297299999999999
vn 0.996471 0.072467 0.04234799999999999
vn 0.000205 -0.00014599999999993877 1
vn 0.000205 -0.00014599999999993877 1
vn 0.000205 -0.00014599999999993877 1
vn 0.000422 0.0008180000000000613 1
vn 0.000422 0.0008180000000000613 1
vn 2E-06 6.123233995736766E-17 1
vn 0.000422 -0.0008119999999999387 1
vn 0.000205 0.00014000000000006122 1
vn 0.000205 0.00014000000000006122 1
vn 0.000205 0.00014000000000006122 1
vn 9.9E-05 -0.32212899999999994 0.946696
vn -4E-06 -0.32209099999999996 0.946709
vn 0.000138 -0.21734099999999995 0.976096
vn 0.000212 -0.10868199999999995 0.994077
vn 0.000213 3.0000000000612325E-06 1
vn 0.000213 3.0000000000612325E-06 1
vn 0.876943 0.480516 0.00871099999999997
vn 0.901456 0.43287 -2.6505642997345736E-17
vn 0.666349 0.745611 0.006619999999999954
vn 0.318784 0.947805 0.006527999999999942
vn 0 1 2.9999999999387676E-06
vn 0 1 2.9999999999387676E-06
vn 0.000205 -0.00014599999999993877 1
vn 0.000205 -0.00014599999999993877 1
vn 0.000205 -0.00014599999999993877 1
vn -3E-06 -1.9999999999387675E-06 1
vn 0.000422 0.0008180000000000613 1
vn 2E-06 6.123233995736766E-17 1
vn 0.000422 -0.0008119999999999387 1
vn 0.000205 0.00014000000000006122 1
vn 0.000205 0.00014000000000006122 1
vn 0.000205 0.00014000000000006122 1
vn 0.876943 0.480516 0.00871099999999997
vn 0.901456 0.43287 -2.6505642997345736E-17
vn 0.666349 0.745611 0.006619999999999954
vn 0.318784 0.947805 0.006527999999999942
vn 0 1 2.9999999999387676E-06
vn 0 1 2.9999999999387676E-06
vn 0.000205 -0.00014599999999993877 1
vn 0.000205 -0.00014599999999993877 1
vn 0.000205 -0.00014599999999993877 1
vn -3E-06 -1.9999999999387675E-06 1
vn 0.000422 0.0008180000000000613 1
vn 2E-06 6.123233995736766E-17 1
vn 0.000422 -0.0008119999999999387 1
vn 0.000205 0.00014000000000006122 1
vn 0.000205 0.00014000000000006122 1
vn 0.000205 0.00014000000000006122 1
vn -0.000534 0.00036400000000006127 1
vn 0.000422 0.00026100000000006126 1
vn 0.000205 -0.00014599999999993877 1
vn 0.000205 -0.00014599999999993877 1
vn 0.000205 -0.00014599999999993877 1
vn 2E-06 6.123233995736766E-17 1
vn 0.000422 -0.0008119999999999387 1
vn 0.000205 0.00014000000000006122 1
vn 0.000205 0.00014000000000006122 1
vn 0.000205 0.00014000000000006122 1
vn 3E-06 -1.9999999999387675E-06 1
vn -0.000422 0.0008180000000000613 1
vn -0.000205 -0.00014599999999993877 1
vn -0.000205 -0.00014599999999993877 1
vn -0.000205 -0.00014599999999993877 1
vn -0.8768 -0.480777 0.00870900000000003
vn -0.901335 -0.433124 2.652119601169491E-17
vn -0.66619 -0.745753 0.006617000000000046
vn -0.318698 -0.947834 0.006523000000000058
vn -0 -1 6.123233995736766E-17
vn -0 -1 6.123233995736766E-17
vn -0.000205 0.00014000000000006122 1
vn -0.000205 0.00014000000000006122 1
vn -0.000205 0.00014000000000006122 1
vn -0.000422 -0.0008119999999999387 1
vn -0.000422 -0.0008119999999999387 1
vn -0.000422 0.0008180000000000613 1
vn -0.000422 0.0008180000000000613 1
vn -0.000205 -0.00014599999999993877 1
vn -0.000205 -0.00014599999999993877 1
vn -0.000205 -0.00014599999999993877 1
vn -0.8768 -0.480777 0.00870900000000003
vn -0.901335 -0.433124 2.652119601169491E-17
vn -0.66619 -0.745753 0.006617000000000046
vn -0.318698 -0.947834 0.006523000000000058
vn -0 -1 6.123233995736766E-17
vn -0 -1 6.123233995736766E-17
vn -0.000205 0.00014000000000006122 1
vn -0.000205 0.00014000000000006122 1
vn -0.000205 0.00014000000000006122 1
vn -0.000422 -0.0008119999999999387 1
vn -0.000422 -0.0008119999999999387 1
vn -0.000422 0.0008180000000000613 1
vn -0.000422 0.0008180000000000613 1
vn -0.000205 -0.00014599999999993877 1
vn -0.000205 -0.00014599999999993877 1
vn -0.000205 -0.00014599999999993877 1
vn -0.8768 -0.480777 0.00870900000000003
vn -0.901335 -0.433124 2.652119601169491E-17
vn -0.66619 -0.745753 0.006617000000000046
vn -0.318698 -0.947834 0.006523000000000058
vn -0 -1 6.123233995736766E-17
vn -0 -1 6.123233995736766E-17
vn -0.000205 0.00014000000000006122 1
vn -0.000205 0.00014000000000006122 1
vn -0.000205 0.00014000000000006122 1
vn -0.000422 -0.0008119999999999387 1
vn -0.000422 -0.0008119999999999387 1
vn -0.8768 -0.480777 0.00870900000000003
vn -0.901335 -0.433124 2.652119601169491E-17
vn -0.66619 -0.745753 0.006617000000000046
vn -0.318698 -0.947834 0.006523000000000058
vn -0 -1 6.123233995736766E-17
vn -0 -1 6.123233995736766E-17
vn -0.000205 0.00014000000000006122 1
vn -0.000205 0.00014000000000006122 1
vn -0.000205 0.00014000000000006122 1
vn -0.000422 -0.0008119999999999387 1
vn -0.000422 -0.0008119999999999387 1
vn 0.539238 0.842139 0.004896999999999949
vn 0.70927 0.70479 0.014427999999999956
vn 0.637649 0.770293 0.007247999999999953
vn 0.402791 0.915292 -5.604547090425896E-17
vn 0.319331 0.947643 -5.802639833421976E-17
vn 0.319331 0.947643 -5.802639833421976E-17
vn 0.836034 0.548613 0.008374999999999968
vn 0.604118 0.796895 -4.87957455503265E-17
vn 0.652992 0.757276 0.011560999999999953
vn 0.966666 0.255906 0.008263999999999985
vn 1 0 0
vn 1 0 0
vn -1E-06 6.123233995736766E-17 1
vn -0 6.123233995736766E-17 1
vn -1E-06 6.123233995736766E-17 1
vn -1E-06 6.123233995736766E-17 1
vn -1E-06 6.123233995736766E-17 1
vn 0.627896 -0.627656 0.46021200000000007
vn 0.698429 -0.698162 0.15737800000000005
vn 0.687119 -0.686856 0.23684500000000006
vn 0.707242 -0.706972 4.3289549844340134E-17
vn 0.707242 -0.706972 4.3289549844340134E-17
vn -0.699217 0.697387 0.15730999999999995
vn -0.708033 0.70618 -4.32410538310939E-17
vn -0.708033 0.70618 -4.32410538310939E-17
vn -0.687905 0.686105 0.23674099999999995
vn -0.628667 0.627022 0.46002299999999996
vn 0.836034 0.548613 0.008374999999999968
vn 0.604118 0.796895 -4.87957455503265E-17
vn 0.652992 0.757276 0.011560999999999953
vn 0.966666 0.255906 0.008263999999999985
vn 1 0 0
vn 1 0 0
vn -1E-06 6.123233995736766E-17 1
vn -0 6.123233995736766E-17 1
vn -1E-06 6.123233995736766E-17 1
vn -1E-06 6.123233995736766E-17 1
vn -1E-06 6.123233995736766E-17 1
vn 0.627896 -0.627656 0.46021200000000007
vn 0.698429 -0.698162 0.15737800000000005
vn 0.687119 -0.686856 0.23684500000000006
vn 0.707242 -0.706972 4.3289549844340134E-17
vn 0.707242 -0.706972 4.3289549844340134E-17
vn -0.699217 0.697387 0.15730999999999995
vn -0.708033 0.70618 -4.32410538310939E-17
vn -0.708033 0.70618 -4.32410538310939E-17
vn -0.687905 0.686105 0.23674099999999995
vn -0.628667 0.627022 0.46002299999999996
vn -1E-06 6.123233995736766E-17 1
vn -0 6.123233995736766E-17 1
vn -1E-06 6.123233995736766E-17 1
vn -1E-06 6.123233995736766E-17 1
vn -1E-06 6.123233995736766E-17 1
vn 0.836034 0.548613 0.008374999999999968
vn 0.604118 0.796895 -4.87957455503265E-17
vn 0.652992 0.757276 0.011560999999999953
vn 0.966666 0.255906 0.008263999999999985
vn 1 0 0
vn 1 0 0
vn 0.627896 -0.627656 0.46021200000000007
vn 0.698429 -0.698162 0.15737800000000005
vn 0.687119 -0.686856 0.23684500000000006
vn 0.707242 -0.706972 4.3289549844340134E-17
vn 0.707242 -0.706972 4.3289549844340134E-17
vn -0.699217 0.697387 0.15730999999999995
vn -0.708033 0.70618 -4.32410538310939E-17
vn -0.708033 0.70618 -4.32410538310939E-17
vn -0.687905 0.686105 0.23674099999999995
vn -0.628667 0.627022 0.46002299999999996
vn -0.697445 -0.699236 0.15697000000000005
vn -0.686212 -0.687975 0.23622700000000005
vn -0.627383 -0.628994 0.4590830000000001
vn -0.706199 -0.708013 4.335329271023575E-17
vn -0.706199 -0.708013 4.335329271023575E-17
vn 0.698186 0.698415 0.15733099999999994
vn 0.686888 0.687112 0.23677399999999996
vn 0.62772 0.627926 0.46008299999999996
vn 0.706991 0.707222 -4.330485792932947E-17
vn 0.706991 0.707222 -4.330485792932947E-17
vn -2E-06 6.123233995736766E-17 1
vn -2E-06 -9.999999999387675E-07 1
vn -2E-06 6.123233995736766E-17 1
vn -2E-06 -9.999999999387675E-07 1
vn -2E-06 -9.999999999387675E-07 1
vn 0.66619 -0.745753 0.006617000000000046
vn 0.901335 -0.433124 2.652119601169491E-17
vn 0.8768 -0.480777 0.00870900000000003
vn 0.318698 -0.947834 0.006523000000000058
vn -0 -1 6.123233995736766E-17
vn -0 -1 6.123233995736766E-17
vn 0.66619 -0.745753 0.006617000000000046
vn 0.901335 -0.433124 2.652119601169491E-17
vn 0.8768 -0.480777 0.00870900000000003
vn 0.318698 -0.947834 0.006523000000000058
vn -0 -1 6.123233995736766E-17
vn -0 -1 6.123233995736766E-17
vn 0.66619 -0.745753 0.006617000000000046
vn 0.901335 -0.433124 2.652119601169491E-17
vn 0.8768 -0.480777 0.00870900000000003
vn 0.318698 -0.947834 0.006523000000000058
vn -0 -1 6.123233995736766E-17
vn -0 -1 6.123233995736766E-17
vn 0.66619 -0.745753 0.006617000000000046
vn 0.901335 -0.433124 2.652119601169491E-17
vn 0.8768 -0.480777 0.00870900000000003
vn 0.318698 -0.947834 0.006523000000000058
vn -0 -1 6.123233995736766E-17
vn -0 -1 6.123233995736766E-17
vn -0.998697 0.026332000000000005 0.043718
vn -0.999043 2.6779351556955175E-18 0.043734
vn -0.999043 -2.999999999997322E-06 0.043734
vn -0.997787 0.050502 0.043254
vn -0.996204 0.075707 0.04297299999999999
vn -0.996471 0.072467 0.04234799999999999
vn -0.000138 -0.21734099999999995 0.976096
vn 4E-06 -0.32209099999999996 0.946709
vn -9.9E-05 -0.32212899999999994 0.946696
vn -0.000212 -0.10868199999999995 0.994077
vn -0.000213 3.0000000000612325E-06 1
vn -0.000213 3.0000000000612325E-06 1
vn -0.666349 0.745611 0.006619999999999954
vn -0.901456 0.43287 -2.6505642997345736E-17
vn -0.876943 0.480516 0.00871099999999997
vn -0.318784 0.947805 0.006527999999999942
vn 0 1 2.9999999999387676E-06
vn 0 1 2.9999999999387676E-06
vn -0.666349 0.745611 0.006619999999999954
vn -0.901456 0.43287 -2.6505642997345736E-17
vn -0.876943 0.480516 0.00871099999999997
vn -0.318784 0.947805 0.006527999999999942
vn 0 1 2.9999999999387676E-06
vn 0 1 2.9999999999387676E-06
vn -0.000205 -0.00014599999999993877 1
vn -0.000422 0.00026100000000006126 1
vn -0.000422 0.00026100000000006126 1
vn -0.000205 -0.00014599999999993877 1
vn -0.000205 -0.00014599999999993877 1
vn -0.207807 0.976772 0.05227299999999994
vn -0.27214 0.960017 0.06562999999999994
vn -0.70574 0.705727 0.06228799999999996
vn -0.706282 0.706282 0.04828599999999996
vn -0.976775 0.20779 0.05227699999999998
vn -0.960026 0.272107 0.06562899999999999
vn -0.442293 0.896871 -5.491750996990429E-17
vn -0.442293 0.896871 -5.491750996990429E-17
vn -0.706952 0.707261 -4.330724599058781E-17
vn -0.706952 0.707261 -4.330724599058781E-17
vn -0.896678 0.442685 -2.71066384140273E-17
vn -0.896678 0.442685 -2.71066384140273E-17
vn 0.596058 0.795031 0.11242999999999995
vn 0.595868 0.795164 0.11249799999999995
vn 0.936363 0.345717 0.06086399999999998
vn 0.928811 0.366609 0.05392299999999998
vn 0.976556 -0.215018 -0.010288999999999986
vn 0.965918 -0.258849 1.584992996562466E-17
vn -0.936353 0.345742 0.06086999999999998
vn -0.595813 0.795204 0.11250299999999995
vn -0.596005 0.79507 0.11243599999999994
vn -0.928799 0.366639 0.05392699999999998
vn -0.976553 -0.21503 -0.010285999999999986
vn -0.965911 -0.258874 6.0000000000158515E-06
vn -0.909245 0.416202 0.007085999999999975
vn -0.699133 0.714992 -4.3780633210798216E-17
vn -0.652735 0.757477 0.012892999999999953
vn -0.895445 0.444939 0.014369999999999973
vn -1 1.8369701987210298E-22 3E-06
vn -1 1.8369701987210298E-22 3E-06
vn 0.596058 0.795031 0.11242999999999995
vn 0.595868 0.795164 0.11249799999999995
vn 0.936363 0.345717 0.06086399999999998
vn 0.928811 0.366609 0.05392299999999998
vn 0.976556 -0.215018 -0.010288999999999986
vn 0.965918 -0.258849 1.584992996562466E-17
vn -0.936353 0.345742 0.06086999999999998
vn -0.595813 0.795204 0.11250299999999995
vn -0.596005 0.79507 0.11243599999999994
vn -0.928799 0.366639 0.05392699999999998
vn -0.976553 -0.21503 -0.010285999999999986
vn -0.965911 -0.258874 6.0000000000158515E-06
vn -0.909245 0.416202 0.007085999999999975
vn -0.699133 0.714992 -4.3780633210798216E-17
vn -0.652735 0.757477 0.012892999999999953
vn -0.895445 0.444939 0.014369999999999973
vn -1 1.8369701987210298E-22 3E-06
vn -1 1.8369701987210298E-22 3E-06
vn 0.596058 0.795031 0.11242999999999995
vn 0.595868 0.795164 0.11249799999999995
vn 0.936363 0.345717 0.06086399999999998
vn 0.928811 0.366609 0.05392299999999998
vn 0.976556 -0.215018 -0.010288999999999986
vn 0.965918 -0.258849 1.584992996562466E-17
vn -0.936353 0.345742 0.06086999999999998
vn -0.595813 0.795204 0.11250299999999995
vn -0.596005 0.79507 0.11243599999999994
vn -0.928799 0.366639 0.05392699999999998
vn -0.976553 -0.21503 -0.010285999999999986
vn -0.965911 -0.258874 6.0000000000158515E-06
vn -0.909245 0.416202 0.007085999999999975
vn -0.699133 0.714992 -4.3780633210798216E-17
vn -0.652735 0.757477 0.012892999999999953
vn -0.895445 0.444939 0.014369999999999973
vn -1 1.8369701987210298E-22 3E-06
vn -1 1.8369701987210298E-22 3E-06
vn 0.70574 0.705727 0.06228799999999996
vn 0.27214 0.960017 0.06562999999999994
vn 0.207807 0.976772 0.05227299999999994
vn 0.706282 0.706282 0.04828599999999996
vn 0.976775 0.20779 0.05227699999999998
vn 0.960026 0.272107 0.06562899999999999
vn 0.706952 0.707261 -4.330724599058781E-17
vn 0.442293 0.896871 -5.491750996990429E-17
vn 0.442293 0.896871 -5.491750996990429E-17
vn 0.706952 0.707261 -4.330724599058781E-17
vn 0.896677 0.442684 -2.7106577181687348E-17
vn 0.896678 0.442685 -2.71066384140273E-17
g orig_Boden2
f 1/1/1 2/2/2 3/3/3
f 4/4/4 5/5/5 6/6/6
f 7/7/7 8/8/8 9/9/9
f 10/10/10 11/11/11 12/12/12
f 13/13/13 14/14/14 15/15/15
f 16/16/16 17/17/17 18/18/18
f 19/19/19 20/20/20 21/21/21
f 22/22/22 23/23/23 24/24/24
f 25/25/25 26/26/26 27/27/27
f 28/28/28 29/29/29 25/25/25
f 30/30/30 31/31/31 32/32/32
f 32/32/32 33/33/33 34/34/34
f 35/35/35 36/36/36 37/37/37
f 37/37/37 38/38/38 39/39/39
f 40/40/40 41/41/41 42/42/42
f 43/43/43 44/44/44 40/40/40
f 45/45/45 46/46/46 47/47/47
f 47/47/47 48/48/48 49/49/49
f 50/50/50 51/51/51 52/52/52
f 52/52/52 53/53/53 54/54/54
f 55/55/55 56/56/56 57/57/57
f 58/58/58 59/59/59 55/55/55
f 60/60/60 61/61/61 62/62/62
f 62/62/62 63/63/63 64/64/64
f 65/65/65 66/66/66 67/67/67
f 67/67/67 68/68/68 69/69/69
f 70/70/70 71/71/71 72/72/72
f 73/73/73 74/74/74 70/70/70
f 75/75/75 76/76/76 77/77/77
f 77/77/77 78/78/78 79/79/79
f 80/80/80 81/81/81 82/82/82
f 82/82/82 83/83/83 84/84/84
f 85/85/85 86/86/86 87/87/87
f 88/88/88 89/89/89 85/85/85
f 90/90/90 91/91/91 92/92/92
f 92/92/92 93/93/93 94/94/94
f 95/95/95 96/96/96 97/97/97
f 97/97/97 98/98/98 99/99/99
f 100/100/100 101/101/101 102/102/102
f 103/103/103 104/104/104 100/100/100
f 105/105/105 106/106/106 107/107/107
f 107/107/107 108/108/108 109/109/109
f 110/110/110 111/111/111 112/112/112
f 112/112/112 113/113/113 114/114/114
f 115/115/115 116/116/116 117/117/117
f 118/118/118 119/119/119 115/115/115
f 120/120/120 121/121/121 122/122/122
f 122/122/122 123/123/123 124/124/124
f 125/125/125 126/126/126 127/127/127
f 127/127/127 128/128/128 129/129/129
f 130/130/130 131/131/131 132/132/132
f 133/133/133 134/134/134 130/130/130
f 135/135/135 136/136/136 137/137/137
f 137/137/137 138/138/138 139/139/139
f 140/140/140 141/141/141 142/142/142
f 142/142/142 143/143/143 144/144/144
f 145/145/145 146/146/146 147/147/147
f 148/148/148 149/149/149 145/145/145
f 150/150/150 151/151/151 152/152/152
f 152/152/152 153/153/153 154/154/154
f 155/155/155 156/156/156 157/157/157
f 157/157/157 158/158/158 159/159/159
f 160/160/160 161/161/161 162/162/162
f 163/163/163 164/164/164 160/160/160
f 165/165/165 166/166/166 167/167/167
f 167/167/167 168/168/168 169/169/169
f 170/170/170 171/171/171 172/172/172
f 172/172/172 173/173/173 174/174/174
f 175/175/175 176/176/176 177/177/177
f 177/177/177 178/178/178 179/179/179
f 180/180/180 181/181/181 182/182/182
f 182/182/182 183/183/183 184/184/184
f 185/185/185 186/186/186 187/187/187
f 187/187/187 188/188/188 189/189/189
f 190/190/190 191/191/191 192/192/192
f 193/193/193 194/194/194 190/190/190
f 195/195/195 196/196/196 197/197/197
f 197/197/197 198/198/198 199/199/199
f 200/200/200 201/201/201 202/202/202
f 203/203/203 204/204/204 200/200/200
f 205/205/205 206/206/206 207/207/207
f 207/207/207 208/208/208 209/209/209
f 210/210/210 211/211/211 212/212/212
f 212/212/212 213/213/213 214/214/214
f 215/215/215 216/216/216 217/217/217
f 217/217/217 218/218/218 219/219/219
f 220/220/220 221/221/221 222/222/222
f 222/222/222 223/223/223 224/224/224
f 225/225/225 226/226/226 227/227/227
f 227/227/227 228/228/228 229/229/229
f 230/230/230 231/231/231 232/232/232
f 233/233/233 234/234/234 230/230/230
f 235/235/235 236/236/236 237/237/237
f 237/237/237 238/238/238 239/239/239
f 240/240/240 241/241/241 242/242/242
f 243/243/243 244/244/244 240/240/240
f 245/245/245 246/246/246 247/247/247
f 247/247/247 248/248/248 249/249/249
f 250/250/250 251/251/251 252/252/252
f 252/252/252 253/253/253 254/254/254
f 255/255/255 256/256/256 257/257/257
f 258/258/258 259/259/259 255/255/255
f 260/260/260 255/255/255 259/259/259
f 259/259/259 261/261/261 260/260/260
f 262/262/262 263/263/263 264/264/264
f 262/262/262 265/265/265 266/266/266
f 266/266/266 267/267/267 262/262/262
f 267/267/267 266/266/266 268/268/268
f 269/269/269 270/270/270 271/271/271
f 271/271/271 272/272/272 273/273/273
f 273/273/273 274/274/274 271/271/271
f 275/275/275 276/276/276 277/277/277
f 277/277/277 278/278/278 279/279/279
f 278/278/278 277/277/277 280/280/280
f 280/280/280 281/281/281 278/278/278
f 282/282/282 283/283/283 284/284/284
f 285/285/285 286/286/286 284/284/284
f 284/284/284 287/287/287 285/285/285
f 287/287/287 288/288/288 285/285/285
f 289/289/289 290/290/290 291/291/291
f 289/289/289 292/292/292 293/293/293
f 293/293/293 294/294/294 289/289/289
f 295/295/295 296/296/296 297/297/297
f 297/297/297 298/298/298 295/295/295
f 299/299/299 300/300/300 301/301/301
f 301/301/301 302/302/302 299/299/299
f 303/303/303 304/304/304 305/305/305
f 305/305/305 306/306/306 303/303/303
f 307/307/307 308/308/308 309/309/309
f 309/309/309 310/310/310 307/307/307
f 311/311/311 312/312/312 313/313/313
f 313/313/313 314/314/314 311/311/311
f 315/315/315 316/316/316 317/317/317
f 317/317/317 318/318/318 315/315/315
f 319/319/319 320/320/320 321/321/321
f 321/321/321 322/322/322 319/319/319
f 323/323/323 324/324/324 325/325/325
f 325/325/325 324/324/324 326/326/326
f 327/327/327 328/328/328 329/329/329
f 329/329/329 330/330/330 327/327/327
f 331/331/331 332/332/332 333/333/333
f 333/333/333 332/332/332 334/334/334
f 335/335/335 336/336/336 337/337/337
f 337/337/337 338/338/338 335/335/335
f 339/339/339 340/340/340 341/341/341
f 341/341/341 340/340/340 342/342/342
f 343/343/343 344/344/344 345/345/345
f 345/345/345 346/346/346 343/343/343
f 347/347/347 348/348/348 349/349/349
f 349/349/349 348/348/348 350/350/350
f 351/351/351 352/352/352 353/353/353
f 353/353/353 354/354/354 351/351/351
f 355/355/355 356/356/356 357/357/357
f 357/357/357 356/356/356 358/358/358
f 359/359/359 360/360/360 361/361/361
f 361/361/361 362/362/362 359/359/359
f 363/363/363 364/364/364 365/365/365
f 365/365/365 364/364/364 366/366/366
f 367/367/367 368/368/368 369/369/369
f 369/369/369 370/370/370 367/367/367
f 371/371/371 372/372/372 373/373/373
f 373/373/373 372/372/372 374/374/374
f 375/375/375 376/376/376 377/377/377
f 377/377/377 378/378/378 375/375/375
f 379/379/379 380/380/380 381/381/381
f 381/381/381 380/380/380 382/382/382
f 383/383/383 384/384/384 385/385/385
f 385/385/385 386/386/386 383/383/383
f 387/387/387 388/388/388 389/389/389
f 389/389/389 388/388/388 390/390/390
f 391/391/391 392/392/392 393/393/393
f 393/393/393 394/394/394 391/391/391
f 395/395/395 396/396/396 397/397/397
f 397/397/397 396/396/396 398/398/398
f 399/399/399 400/400/400 401/401/401
f 401/401/401 402/402/402 399/399/399
f 403/403/403 404/404/404 405/405/405
f 405/405/405 406/406/406 403/403/403
f 407/407/407 408/408/408 409/409/409
f 409/409/409 410/410/410 407/407/407
f 411/411/411 412/412/412 413/413/413
f 413/413/413 414/414/414 411/411/411
f 415/415/415 416/416/416 417/417/417
f 417/417/417 418/418/418 415/415/415
f 419/419/419 420/420/420 421/421/421
f 421/421/421 422/422/422 419/419/419
f 423/423/423 424/424/424 425/425/425
f 425/425/425 426/426/426 423/423/423
f 427/427/427 428/428/428 429/429/429
f 429/429/429 430/430/430 427/427/427
f 431/431/431 432/432/432 433/433/433
f 433/433/433 434/434/434 431/431/431
f 435/435/435 436/436/436 437/437/437
f 437/437/437 438/438/438 435/435/435
f 439/439/439 440/440/440 441/441/441
f 441/441/441 442/442/442 439/439/439
f 443/443/443 444/444/444 445/445/445
f 445/445/445 446/446/446 443/443/443
f 447/447/447 448/448/448 449/449/449
f 449/449/449 450/450/450 447/447/447
f 451/451/451 452/452/452 453/453/453
f 453/453/453 454/454/454 451/451/451
f 455/455/455 456/456/456 457/457/457
f 457/457/457 458/458/458 455/455/455
f 459/459/459 460/460/460 461/461/461
f 461/461/461 462/462/462 459/459/459
f 463/463/463 464/464/464 465/465/465
f 465/465/465 466/466/466 463/463/463
f 467/467/467 468/468/468 469/469/469
f 469/469/469 470/470/470 467/467/467
f 471/471/471 472/472/472 473/473/473
f 473/473/473 474/474/474 471/471/471
f 475/475/475 476/476/476 477/477/477
f 477/477/477 478/478/478 475/475/475
f 479/479/479 480/480/480 481/481/481
f 481/481/481 482/482/482 479/479/479
f 483/483/483 484/484/484 485/485/485
f 485/485/485 486/486/486 483/483/483
f 487/487/487 488/488/488 489/489/489
f 489/489/489 490/490/490 487/487/487
f 491/491/491 492/492/492 493/493/493
f 493/493/493 494/494/494 491/491/491
f 495/495/495 496/496/496 497/497/497
f 497/497/497 498/498/498 495/495/495
f 499/499/499 500/500/500 501/501/501
f 501/501/501 502/502/502 499/499/499
f 503/503/503 504/504/504 505/505/505
f 505/505/505 506/506/506 503/503/503
f 507/507/507 508/508/508 509/509/509
f 509/509/509 510/510/510 507/507/507
f 511/511/511 512/512/512 513/513/513
f 513/513/513 514/514/514 511/511/511
f 515/515/515 516/516/516 517/517/517
f 517/517/517 518/518/518 515/515/515
f 519/519/519 520/520/520 521/521/521
f 521/521/521 522/522/522 519/519/519
f 523/523/523 524/524/524 525/525/525
f 525/525/525 526/526/526 523/523/523
f 527/527/527 528/528/528 529/529/529
f 529/529/529 530/530/530 527/527/527
f 531/531/531 532/532/532 533/533/533
f 533/533/533 534/534/534 531/531/531
f 535/535/535 536/536/536 537/537/537
f 537/537/537 538/538/538 535/535/535
f 539/539/539 540/540/540 541/541/541
f 541/541/541 542/542/542 539/539/539
f 543/543/543 544/544/544 545/545/545
f 545/545/545 546/546/546 543/543/543
f 547/547/547 548/548/548 549/549/549
f 549/549/549 550/550/550 547/547/547
f 551/551/551 552/552/552 553/553/553
f 553/553/553 554/554/554 551/551/551
f 555/555/555 556/556/556 557/557/557
f 557/557/557 558/558/558 555/555/555
f 559/559/559 560/560/560 561/561/561
f 562/562/562 561/561/561 560/560/560
f 563/563/563 564/564/564 565/565/565
f 565/565/565 566/566/566 563/563/563
f 567/567/567 568/568/568 569/569/569
f 569/569/569 570/570/570 567/567/567
f 571/571/571 572/572/572 573/573/573
f 574/574/574 571/571/571 573/573/573
f 575/575/575 576/576/576 577/577/577
f 577/577/577 578/578/578 575/575/575
f 579/579/579 580/580/580 581/581/581
f 581/581/581 582/582/582 579/579/579
f 583/583/583 584/584/584 585/585/585
f 585/585/585 586/586/586 583/583/583
f 587/587/587 588/588/588 589/589/589
f 587/587/587 590/590/590 588/588/588
f 591/591/591 592/592/592 593/593/593
f 593/593/593 594/594/594 591/591/591
f 595/595/595 596/596/596 597/597/597
f 597/597/597 598/598/598 595/595/595
f 599/599/599 600/600/600 601/601/601
f 601/601/601 602/602/602 599/599/599
f 603/603/603 604/604/604 605/605/605
f 605/605/605 606/606/606 603/603/603
f 607/607/607 608/608/608 609/609/609
f 609/609/609 610/610/610 607/607/607
f 611/611/611 612/612/612 613/613/613
f 614/614/614 613/613/613 612/612/612
f 615/615/615 616/616/616 617/617/617
f 617/617/617 618/618/618 615/615/615
f 619/619/619 620/620/620 621/621/621
f 621/621/621 622/622/622 619/619/619
f 623/623/623 624/624/624 625/625/625
f 625/625/625 626/626/626 623/623/623
f 627/627/627 628/628/628 629/629/629
f 629/629/629 630/630/630 627/627/627
f 631/631/631 632/632/632 633/633/633
f 634/634/634 631/631/631 633/633/633
f 635/635/635 636/636/636 637/637/637
f 637/637/637 638/638/638 635/635/635
f 639/639/639 640/640/640 641/641/641
f 641/641/641 642/642/642 639/639/639
f 643/643/643 644/644/644 645/645/645
f 645/645/645 646/646/646 643/643/643
f 647/647/647 648/648/648 649/649/649
f 650/650/650 649/649/649 648/648/648
f 651/651/651 652/652/652 653/653/653
f 653/653/653 654/654/654 651/651/651
f 655/655/655 656/656/656 657/657/657
f 657/657/657 658/658/658 655/655/655
f 659/659/659 660/660/660 661/661/661
f 661/661/661 662/662/662 659/659/659
f 663/663/663 664/664/664 665/665/665
f 665/665/665 666/666/666 663/663/663
f 667/667/667 668/668/668 669/669/669
f 670/670/670 667/667/667 669/669/669
f 671/671/671 672/672/672 673/673/673
f 673/673/673 674/674/674 671/671/671
f 675/675/675 676/676/676 677/677/677
f 677/677/677 678/678/678 675/675/675
f 679/679/679 680/680/680 681/681/681
f 681/681/681 682/682/682 679/679/679
f 683/683/683 684/684/684 685/685/685
f 685/685/685 686/686/686 683/683/683
f 687/687/687 688/688/688 689/689/689
f 690/690/690 689/689/689 688/688/688
f 691/691/691 692/692/692 693/693/693
f 693/693/693 694/694/694 691/691/691
f 695/695/695 696/696/696 697/697/697
f 697/697/697 698/698/698 695/695/695
f 699/699/699 700/700/700 701/701/701
f 702/702/702 699/699/699 701/701/701
f 703/703/703 704/704/704 705/705/705
f 705/705/705 706/706/706 703/703/703
f 707/707/707 708/708/708 709/709/709
f 709/709/709 710/710/710 707/707/707
f 711/711/711 712/712/712 713/713/713
f 713/713/713 714/714/714 711/711/711
f 715/715/715 716/716/716 717/717/717
f 717/717/717 718/718/718 715/715/715
f 719/719/719 720/720/720 721/721/721
f 721/721/721 722/722/722 719/719/719
f 723/723/723 724/724/724 725/725/725
f 725/725/725 726/726/726 723/723/723
f 727/727/727 728/728/728 729/729/729
f 730/730/730 729/729/729 728/728/728
f 731/731/731 732/732/732 733/733/733
f 733/733/733 734/734/734 731/731/731
f 735/735/735 736/736/736 737/737/737
f 737/737/737 738/738/738 735/735/735
f 739/739/739 740/740/740 741/741/741
f 742/742/742 740/740/740 739/739/739
f 743/743/743 744/744/744 745/745/745
f 745/745/745 746/746/746 743/743/743
f 747/747/747 748/748/748 749/749/749
f 749/749/749 750/750/750 747/747/747
f 751/751/751 752/752/752 753/753/753
f 753/753/753 754/754/754 751/751/751
f 755/755/755 756/756/756 757/757/757
f 755/755/755 758/758/758 756/756/756
f 759/759/759 760/760/760 761/761/761
f 761/761/761 762/762/762 759/759/759
f 763/763/763 764/764/764 765/765/765
f 765/765/765 766/766/766 763/763/763
f 767/767/767 768/768/768 769/769/769
f 769/769/769 770/770/770 767/767/767
f 771/771/771 772/772/772 773/773/773
f 773/773/773 774/774/774 771/771/771
f 775/775/775 776/776/776 777/777/777
f 777/777/777 778/778/778 775/775/775
f 779/779/779 780/780/780 781/781/781
f 782/782/782 781/781/781 780/780/780
f 783/783/783 784/784/784 785/785/785
f 785/785/785 786/786/786 783/783/783
f 787/787/787 788/788/788 789/789/789
f 789/789/789 790/790/790 787/787/787
f 791/791/791 792/792/792 793/793/793
f 793/793/793 794/794/794 791/791/791
f 795/795/795 796/796/796 797/797/797
f 797/797/797 798/798/798 795/795/795
f 799/799/799 800/800/800 801/801/801
f 802/802/802 800/800/800 799/799/799
f 803/803/803 804/804/804 805/805/805
f 805/805/805 806/806/806 803/803/803
f 807/807/807 808/808/808 809/809/809
f 809/809/809 810/810/810 807/807/807
f 811/811/811 812/812/812 813/813/813
f 813/813/813 814/814/814 811/811/811
f 815/815/815 816/816/816 817/817/817
f 818/818/818 817/817/817 816/816/816
f 819/819/819 820/820/820 821/821/821
f 821/821/821 822/822/822 819/819/819
f 823/823/823 824/824/824 825/825/825
f 825/825/825 826/826/826 823/823/823
f 827/827/827 828/828/828 829/829/829
f 829/829/829 830/830/830 827/827/827
f 831/831/831 832/832/832 833/833/833
f 833/833/833 834/834/834 831/831/831
f 835/835/835 836/836/836 837/837/837
f 838/838/838 836/836/836 835/835/835
f 839/839/839 840/840/840 841/841/841
f 841/841/841 842/842/842 839/839/839
f 843/843/843 844/844/844 845/845/845
f 845/845/845 846/846/846 843/843/843
f 847/847/847 848/848/848 849/849/849
f 849/849/849 850/850/850 847/847/847
f 851/851/851 852/852/852 853/853/853
f 853/853/853 854/854/854 851/851/851
f 855/855/855 856/856/856 857/857/857
f 858/858/858 857/857/857 856/856/856
f 859/859/859 860/860/860 861/861/861
f 861/861/861 862/862/862 859/859/859
f 863/863/863 864/864/864 865/865/865
f 865/865/865 866/866/866 863/863/863
f 867/867/867 868/868/868 869/869/869
f 870/870/870 868/868/868 867/867/867
f 871/871/871 872/872/872 873/873/873
f 873/873/873 874/874/874 871/871/871
f 875/875/875 876/876/876 877/877/877
f 877/877/877 878/878/878 875/875/875
f 879/879/879 880/880/880 881/881/881
f 881/881/881 882/882/882 879/879/879
f 883/883/883 884/884/884 885/885/885
f 885/885/885 886/886/886 883/883/883
f 887/887/887 888/888/888 889/889/889
f 889/889/889 890/890/890 887/887/887
f 891/891/891 890/890/890 889/889/889
f 892/892/892 893/893/893 894/894/894
f 894/894/894 895/895/895 892/892/892
f 895/895/895 894/894/894 896/896/896
f 897/897/897 898/898/898 899/899/899
f 900/900/900 897/897/897 899/899/899
f 899/899/899 901/901/901 900/900/900
f 902/902/902 903/903/903 904/904/904
f 905/905/905 902/902/902 904/904/904
f 904/904/904 906/906/906 905/905/905
f 907/907/907 908/908/908 909/909/909
f 909/909/909 910/910/910 907/907/907
f 909/909/909 911/911/911 910/910/910
f 912/912/912 913/913/913 914/914/914
f 914/914/914 915/915/915 912/912/912
f 915/915/915 914/914/914 916/916/916
f 917/917/917 918/918/918 919/919/919
f 920/920/920 917/917/917 919/919/919
f 919/919/919 921/921/921 920/920/920
f 922/922/922 923/923/923 924/924/924
f 925/925/925 922/922/922 924/924/924
f 924/924/924 926/926/926 925/925/925
f 927/927/927 928/928/928 929/929/929
f 929/929/929 930/930/930 927/927/927
f 929/929/929 931/931/931 930/930/930
f 932/932/932 933/933/933 934/934/934
f 934/934/934 935/935/935 932/932/932
f 935/935/935 934/934/934 936/936/936
f 937/937/937 938/938/938 939/939/939
f 940/940/940 937/937/937 939/939/939
f 939/939/939 941/941/941 940/940/940
f 942/942/942 943/943/943 944/944/944
f 945/945/945 942/942/942 944/944/944
f 944/944/944 946/946/946 945/945/945
f 947/947/947 948/948/948 949/949/949
f 949/949/949 950/950/950 947/947/947
f 949/949/949 951/951/951 950/950/950
f 952/952/952 953/953/953 954/954/954
f 955/955/955 952/952/952 954/954/954
f 954/954/954 956/956/956 955/955/955
f 957/957/957 958/958/958 959/959/959
f 960/960/960 957/957/957 959/959/959
f 959/959/959 961/961/961 960/960/960
f 962/962/962 963/963/963 964/964/964
f 964/964/964 965/965/965 962/962/962
f 965/965/965 964/964/964 966/966/966
f 966/966/966 967/967/967 965/965/965
f 968/968/968 969/969/969 970/970/970
f 970/970/970 971/971/971 968/968/968
f 971/971/971 970/970/970 972/972/972
f 972/972/972 973/973/973 971/971/971
f 974/974/974 975/975/975 976/976/976
f 977/977/977 974/974/974 976/976/976
f 976/976/976 978/978/978 977/977/977
f 979/979/979 980/980/980 981/981/981
f 981/981/981 982/982/982 979/979/979
f 982/982/982 981/981/981 983/983/983
f 984/984/984 985/985/985 986/986/986
f 986/986/986 987/987/987 984/984/984
f 987/987/987 986/986/986 988/988/988
f 988/988/988 989/989/989 987/987/987
f 990/990/990 991/991/991 992/992/992
f 992/992/992 993/993/993 990/990/990
f 993/993/993 992/992/992 994/994/994
f 994/994/994 995/995/995 993/993/993
f 996/996/996 997/997/997 998/998/998
f 999/999/999 996/996/996 998/998/998
f 998/998/998 1000/1000/1000 999/999/999
f 1001/1001/1001 1002/1002/1002 1003/1003/1003
f 1003/1003/1003 1004/1004/1004 1001/1001/1001
f 1004/1004/1004 1003/1003/1003 1005/1005/1005
f 1006/1006/1006 1007/1007/1007 1008/1008/1008
f 1008/1008/1008 1009/1009/1009 1006/1006/1006
f 1009/1009/1009 1008/1008/1008 1010/1010/1010
f 1010/1010/1010 1011/1011/1011 1009/1009/1009
f 1012/1012/1012 1013/1013/1013 1014/1014/1014
f 1015/1015/1015 1012/1012/1012 1014/1014/1014
f 1014/1014/1014 1016/1016/1016 1015/1015/1015
f 1017/1017/1017 1018/1018/1018 1019/1019/1019
f 1019/1019/1019 1020/1020/1020 1017/1017/1017
f 1020/1020/1020 1019/1019/1019 1021/1021/1021
f 1022/1022/1022 1023/1023/1023 1024/1024/1024
f 1024/1024/1024 1025/1025/1025 1022/1022/1022
f 1024/1024/1024 1026/1026/1026 1025/1025/1025
f 1027/1027/1027 1028/1028/1028 1029/1029/1029
f 1029/1029/1029 1030/1030/1030 1027/1027/1027
f 1030/1030/1030 1029/1029/1029 1031/1031/1031
f 1032/1032/1032 1033/1033/1033 1034/1034/1034
f 1034/1034/1034 1035/1035/1035 1032/1032/1032
f 1035/1035/1035 1034/1034/1034 1036/1036/1036
f 1037/1037/1037 1038/1038/1038 1039/1039/1039
f 1039/1039/1039 1040/1040/1040 1037/1037/1037
f 1040/1040/1040 1039/1039/1039 1041/1041/1041
f 1041/1041/1041 1042/1042/1042 1040/1040/1040
f 1043/1043/1043 1044/1044/1044 1045/1045/1045
f 1046/1046/1046 1043/1043/1043 1045/1045/1045
f 1045/1045/1045 1047/1047/1047 1046/1046/1046
f 1048/1048/1048 1049/1049/1049 1050/1050/1050
f 1050/1050/1050 1051/1051/1051 1048/1048/1048
f 1051/1051/1051 1050/1050/1050 1052/1052/1052
f 1053/1053/1053 1054/1054/1054 1055/1055/1055
f 1055/1055/1055 1056/1056/1056 1053/1053/1053
f 1056/1056/1056 1055/1055/1055 1057/1057/1057
f 1057/1057/1057 1058/1058/1058 1056/1056/1056
f 1059/1059/1059 1060/1060/1060 1061/1061/1061
f 1062/1062/1062 1059/1059/1059 1061/1061/1061
f 1061/1061/1061 1063/1063/1063 1062/1062/1062
f 1064/1064/1064 1065/1065/1065 1066/1066/1066
f 1066/1066/1066 1067/1067/1067 1064/1064/1064
f 1067/1067/1067 1066/1066/1066 1068/1068/1068
f 1069/1069/1069 1070/1070/1070 1071/1071/1071
f 1071/1071/1071 1072/1072/1072 1069/1069/1069
f 1072/1072/1072 1071/1071/1071 1073/1073/1073
f 1073/1073/1073 1074/1074/1074 1072/1072/1072
f 1075/1075/1075 1076/1076/1076 1077/1077/1077
f 1078/1078/1078 1075/1075/1075 1077/1077/1077
f 1077/1077/1077 1079/1079/1079 1078/1078/1078
f 1080/1080/1080 1081/1081/1081 1082/1082/1082
f 1082/1082/1082 1083/1083/1083 1080/1080/1080
f 1083/1083/1083 1082/1082/1082 1084/1084/1084
f 1084/1084/1084 1085/1085/1085 1083/1083/1083
f 1086/1086/1086 1087/1087/1087 1088/1088/1088
f 1089/1089/1089 1086/1086/1086 1088/1088/1088
f 1088/1088/1088 1090/1090/1090 1089/1089/1089
f 1091/1091/1091 1092/1092/1092 1093/1093/1093
f 1093/1093/1093 1094/1094/1094 1091/1091/1091
f 1095/1095/1095 1091/1091/1091 1094/1094/1094
f 1094/1094/1094 1096/1096/1096 1095/1095/1095
f 1097/1097/1097 1098/1098/1098 1099/1099/1099
f 1099/1099/1099 1100/1100/1100 1097/1097/1097
f 1101/1101/1101 1097/1097/1097 1100/1100/1100
f 1100/1100/1100 1102/1102/1102 1101/1101/1101
f 1103/1103/1103 1104/1104/1104 1105/1105/1105
f 1103/1103/1103 1106/1106/1106 1104/1104/1104
f 1103/1103/1103 1107/1107/1107 1106/1106/1106
f 1108/1108/1108 1109/1109/1109 1110/1110/1110
f 1111/1111/1111 1110/1110/1110 1109/1109/1109
f 1109/1109/1109 1112/1112/1112 1111/1111/1111
f 1113/1113/1113 1114/1114/1114 1115/1115/1115
f 1115/1115/1115 1116/1116/1116 1113/1113/1113
f 1117/1117/1117 1113/1113/1113 1116/1116/1116
f 1118/1118/1118 1119/1119/1119 1120/1120/1120
f 1120/1120/1120 1121/1121/1121 1118/1118/1118
f 1122/1122/1122 1118/1118/1118 1121/1121/1121
f 1121/1121/1121 1123/1123/1123 1122/1122/1122
f 1124/1124/1124 1125/1125/1125 1126/1126/1126
f 1124/1124/1124 1127/1127/1127 1125/1125/1125
f 1124/1124/1124 1128/1128/1128 1127/1127/1127
f 1129/1129/1129 1130/1130/1130 1131/1131/1131
f 1132/1132/1132 1131/1131/1131 1130/1130/1130
f 1130/1130/1130 1133/1133/1133 1132/1132/1132
f 1134/1134/1134 1135/1135/1135 1136/1136/1136
f 1136/1136/1136 1137/1137/1137 1134/1134/1134
f 1138/1138/1138 1134/1134/1134 1137/1137/1137
f 1139/1139/1139 1140/1140/1140 1141/1141/1141
f 1139/1139/1139 1142/1142/1142 1140/1140/1140
f 1139/1139/1139 1143/1143/1143 1142/1142/1142
f 1144/1144/1144 1145/1145/1145 1146/1146/1146
f 1146/1146/1146 1147/1147/1147 1144/1144/1144
f 1148/1148/1148 1144/1144/1144 1147/1147/1147
f 1147/1147/1147 1149/1149/1149 1148/1148/1148
f 1150/1150/1150 1151/1151/1151 1152/1152/1152
f 1153/1153/1153 1152/1152/1152 1151/1151/1151
f 1151/1151/1151 1154/1154/1154 1153/1153/1153
f 1155/1155/1155 1156/1156/1156 1157/1157/1157
f 1157/1157/1157 1158/1158/1158 1155/1155/1155
f 1159/1159/1159 1155/1155/1155 1158/1158/1158
f 1160/1160/1160 1161/1161/1161 1162/1162/1162
f 1163/1163/1163 1161/1161/1161 1160/1160/1160
f 1160/1160/1160 1164/1164/1164 1163/1163/1163
f 1165/1165/1165 1166/1166/1166 1167/1167/1167
f 1168/1168/1168 1166/1166/1166 1165/1165/1165
f 1165/1165/1165 1169/1169/1169 1168/1168/1168
f 1170/1170/1170 1171/1171/1171 1172/1172/1172
f 1171/1171/1171 1170/1170/1170 1173/1173/1173
f 1174/1174/1174 1171/1171/1171 1173/1173/1173
f 1175/1175/1175 1176/1176/1176 1177/1177/1177
f 1177/1177/1177 1178/1178/1178 1175/1175/1175
f 1179/1179/1179 1175/1175/1175 1178/1178/1178
f 1178/1178/1178 1180/1180/1180 1179/1179/1179
f 1181/1181/1181 1182/1182/1182 1183/1183/1183
f 1183/1183/1183 1184/1184/1184 1181/1181/1181
f 1185/1185/1185 1181/1181/1181 1184/1184/1184
f 1184/1184/1184 1186/1186/1186 1185/1185/1185
f 1187/1187/1187 1188/1188/1188 1189/1189/1189
f 1189/1189/1189 1190/1190/1190 1187/1187/1187
f 1191/1191/1191 1187/1187/1187 1190/1190/1190
f 1190/1190/1190 1192/1192/1192 1191/1191/1191
f 1193/1193/1193 1194/1194/1194 1195/1195/1195
f 1195/1195/1195 1196/1196/1196 1193/1193/1193
f 1197/1197/1197 1193/1193/1193 1196/1196/1196
f 1196/1196/1196 1198/1198/1198 1197/1197/1197
f 1199/1199/1199 1200/1200/1200 1201/1201/1201
f 1201/1201/1201 1202/1202/1202 1199/1199/1199
f 1203/1203/1203 1199/1199/1199 1202/1202/1202
f 1202/1202/1202 1204/1204/1204 1203/1203/1203
f 1205/1205/1205 1206/1206/1206 1207/1207/1207
f 1207/1207/1207 1208/1208/1208 1205/1205/1205
f 1209/1209/1209 1205/1205/1205 1208/1208/1208
f 1208/1208/1208 1210/1210/1210 1209/1209/1209
f 1211/1211/1211 1212/1212/1212 1213/1213/1213
f 1213/1213/1213 1214/1214/1214 1211/1211/1211
f 1215/1215/1215 1211/1211/1211 1214/1214/1214
f 1214/1214/1214 1216/1216/1216 1215/1215/1215
f 1217/1217/1217 1218/1218/1218 1219/1219/1219
f 1219/1219/1219 1220/1220/1220 1217/1217/1217
f 1221/1221/1221 1217/1217/1217 1220/1220/1220
f 1220/1220/1220 1222/1222/1222 1221/1221/1221
f 1223/1223/1223 1224/1224/1224 1225/1225/1225
f 1225/1225/1225 1226/1226/1226 1223/1223/1223
f 1223/1223/1223 1226/1226/1226 1227/1227/1227
f 1228/1228/1228 1229/1229/1229 1230/1230/1230
f 1230/1230/1230 1231/1231/1231 1228/1228/1228
f 1232/1232/1232 1231/1231/1231 1230/1230/1230
f 1230/1230/1230 1233/1233/1233 1232/1232/1232
f 1234/1234/1234 1235/1235/1235 1236/1236/1236
f 1236/1236/1236 1237/1237/1237 1234/1234/1234
f 1238/1238/1238 1237/1237/1237 1236/1236/1236
f 1236/1236/1236 1239/1239/1239 1238/1238/1238
f 1240/1240/1240 1241/1241/1241 1242/1242/1242
f 1242/1242/1242 1243/1243/1243 1240/1240/1240
f 1244/1244/1244 1243/1243/1243 1242/1242/1242
f 1242/1242/1242 1245/1245/1245 1244/1244/1244
f 1246/1246/1246 1247/1247/1247 1248/1248/1248
f 1248/1248/1248 1249/1249/1249 1246/1246/1246
f 1246/1246/1246 1249/1249/1249 1250/1250/1250
f 1250/1250/1250 1251/1251/1251 1246/1246/1246
f 1252/1252/1252 1253/1253/1253 1254/1254/1254
f 1254/1254/1254 1255/1255/1255 1252/1252/1252
f 1252/1252/1252 1255/1255/1255 1256/1256/1256
f 1256/1256/1256 1257/1257/1257 1252/1252/1252
f 1258/1258/1258 1259/1259/1259 1260/1260/1260
f 1260/1260/1260 1261/1261/1261 1258/1258/1258
f 1262/1262/1262 1261/1261/1261 1260/1260/1260
f 1260/1260/1260 1263/1263/1263 1262/1262/1262
f 1264/1264/1264 1265/1265/1265 1266/1266/1266
f 1266/1266/1266 1267/1267/1267 1264/1264/1264
f 1264/1264/1264 1267/1267/1267 1268/1268/1268
f 1268/1268/1268 1269/1269/1269 1264/1264/1264
f 1270/1270/1270 1271/1271/1271 1272/1272/1272
f 1272/1272/1272 1273/1273/1273 1270/1270/1270
f 1270/1270/1270 1273/1273/1273 1274/1274/1274
f 1274/1274/1274 1275/1275/1275 1270/1270/1270
f 1276/1276/1276 1277/1277/1277 1278/1278/1278
f 1278/1278/1278 1279/1279/1279 1276/1276/1276
f 1280/1280/1280 1279/1279/1279 1278/1278/1278
f 1278/1278/1278 1281/1281/1281 1280/1280/1280
f 1282/1282/1282 1283/1283/1283 1284/1284/1284
f 1284/1284/1284 1285/1285/1285 1282/1282/1282
f 1282/1282/1282 1285/1285/1285 1286/1286/1286
f 1286/1286/1286 1287/1287/1287 1282/1282/1282
f 1288/1288/1288 1289/1289/1289 1290/1290/1290
f 1290/1290/1290 1291/1291/1291 1288/1288/1288
f 1288/1288/1288 1291/1291/1291 1292/1292/1292
f 1292/1292/1292 1293/1293/1293 1288/1288/1288
f 1294/1294/1294 1295/1295/1295 1296/1296/1296
f 1296/1296/1296 1297/1297/1297 1294/1294/1294
f 1294/1294/1294 1297/1297/1297 1298/1298/1298
f 1298/1298/1298 1299/1299/1299 1294/1294/1294
f 1300/1300/1300 1301/1301/1301 1302/1302/1302
f 1302/1302/1302 1303/1303/1303 1300/1300/1300
f 1300/1300/1300 1303/1303/1303 1304/1304/1304
f 1304/1304/1304 1305/1305/1305 1300/1300/1300
