v 1.715965 0.721845 -0.0014990000000000441
v 1.715317 0.723303 0.12239999999999995
v 1.73737 0.846984 0.12239999999999994
v 1.73737 0.846984 0.12239999999999994
v 1.737858 0.845678 -0.0014990000000000517
v 1.715965 0.721845 -0.0014990000000000441
v -1.92411 1.393422 -8.532248960807516E-17
v -1.996666 1.390389 0.5314149999999999
v -1.979305 1.386412 0.5314149999999999
v -1.979305 1.386412 0.5314149999999999
v -1.906746 1.389446 -8.507902982440466E-17
v -1.92411 1.393422 -8.532248960807516E-17
v 0.810368 -0.6677310000000001 -1.258204
v 0.86573 -0.6904390000000001 -0.910129
v 0.936863 -0.6610390000000002 -0.90908
v 0.936863 -0.6610390000000002 -0.90908
v 0.955063 -0.6078070000000001 -1.257846
v 0.810368 -0.6677310000000001 -1.258204
v -0.771378 -1.431947 0.15332400000000007
v -0.746128 -1.462048 0.15332400000000007
v -0.852398 -1.551218 0.3514420000000001
v -0.852398 -1.551218 0.3514420000000001
v -0.877647 -1.52112 0.3514420000000001
v -0.771378 -1.431947 0.15332400000000007
v -0.596066 -0.74193 -0.607367
v -0.601341 -0.681591 -0.607367
v -0.601341 -0.681592 0.17471200000000006
v -0.601341 -0.681592 0.17471200000000006
v -0.596066 -0.74193 0.17471200000000006
v -0.596066 -0.74193 -0.607367
v 0.416069 0.677988 -0.680062
v 0.380863 0.685864 -0.678962
v 0.373367 0.651196 -0.678515
v 0.373367 0.651196 -0.678515
v 0.408566 0.643364 -0.679564
v 0.416069 0.677988 -0.680062
v 0.671375 1.858085 -0.016603000000000114
v 0.716305 1.839657 0.19407299999999988
v 0.774033 1.863517 0.19492499999999988
v 0.774033 1.863517 0.19492499999999988
v 0.788803 1.906717 -0.016179000000000117
v 0.671375 1.858085 -0.016603000000000114
v 0.555111 1.673147 -0.003139000000000102
v 0.610477 1.65044 0.3406349999999999
v 0.681606 1.67984 0.3416849999999999
v 0.681606 1.67984 0.3416849999999999
v 0.699802 1.733071 -0.0027810000000001063
v 0.555111 1.673147 -0.003139000000000102
v 0.42329 0.6205409999999999 -0.995096
v 0.408566 0.643364 -0.679564
v 0.373367 0.651196 -0.678515
v 0.373367 0.651196 -0.678515
v 0.352093 0.6363329999999999 -0.994413
v 0.42329 0.6205409999999999 -0.995096
v -0.745167 1.961382 -1.201000094102617E-16
v -0.732384 2.009358 0.5185709999999999
v -0.715023 2.005381 0.5185709999999999
v -0.715023 2.005381 0.5185709999999999
v -0.727806 1.957406 -1.198565496265912E-16
v -0.745167 1.961382 -1.201000094102617E-16
v 1.176815 -1.956409 0.5185710000000001
v 1.174248 -1.936661 0.5185710000000001
v 1.159992 -1.950558 0.5185710000000001
v 1.194767 -1.910119 1.1696105596702715E-16
v 1.176815 -1.956409 0.5185710000000001
v 1.159992 -1.950558 0.5185710000000001
v 1.159992 -1.950558 0.5185710000000001
v 1.177944 -1.904269 1.1660284677827655E-16
v 1.194767 -1.910119 1.1696105596702715E-16
v 1.913574 -1.988789 0.5185710000000001
v 1.893681 -1.989619 0.5185710000000001
v 1.906284 -2.005037 0.5185710000000001
v 1.869026 -1.966867 1.2043586879492784E-16
v 1.913574 -1.988789 0.5185710000000001
v 1.906284 -2.005037 0.5185710000000001
v 1.906284 -2.005037 0.5185710000000001
v 1.861736 -1.983117 1.2143089431923507E-16
v 1.869026 -1.966867 1.2043586879492784E-16
v 0.43227 0.857503 -0.795674
v 0.43227 0.857503 0.18073699999999995
v 0.462555 0.805043 0.18073699999999995
v 0.462555 0.805043 0.18073699999999995
v 0.462559 0.805047 -0.795674
v 0.43227 0.857503 -0.795674
v 1.51762 0.800017 0.08808299999999994
v 1.474789 0.757186 0.08808299999999995
v 1.418053 0.7300939999999999 -1.191511
v 1.431961 0.800017 0.08808299999999994
v 1.474792 0.842848 0.08808299999999994
v 1.375221 0.7729249999999999 -1.191511
v 1.53759 0.028593 0.0019509999999999983
v 1.480675 0.007877 0.0019509999999999996
v 1.41087 0.007876999999999945 -0.904289
v 1.459957 0.064796 0.0019509999999999961
v 1.516876 0.085512 0.0019509999999999948
v 1.390156 0.06479499999999995 -0.904289
v 0.281483 -1.350637 -0.30633999999999995
v 0.255886 -1.295741 -0.30633999999999995
v 0.255886 -1.295741 -1.684365
v 0.310783 -1.270141 -0.30633999999999995
v 0.33638 -1.32504 -0.30633999999999995
v 0.310783 -1.270143 -1.684365
v -0.555737 -1.120951 0.07485100000000007
v -0.503277 -1.090665 0.07485100000000007
v -0.503277 -1.090665 -0.6073669999999999
v -0.472996 -1.143122 0.07485100000000007
v -0.525452 -1.173407 0.07485100000000007
v -0.472996 -1.143121 -0.6073669999999999
v 0.767193 1.278359 -0.5085210000000001
v 0.782871 1.336867 -0.5085210000000001
v 0.782871 1.336867 0.12856499999999993
v 0.782871 1.336867 0.12856499999999993
v 0.767193 1.278359 0.12856499999999993
v 0.767193 1.278359 -0.5085210000000001
v 1.383087 0.98806 -0.7579920000000001
v 1.417831 1.037677 -0.7579920000000001
v 1.417831 1.037678 0.19749099999999994
v 1.417831 1.037678 0.19749099999999994
v 1.383087 0.98806 0.19749099999999994
v 1.383087 0.98806 -0.7579920000000001
v 1.385658 -1.247461 -0.4089459999999999
v 1.432056 -1.286398 -0.4089459999999999
v 1.43206 -1.284885 0.11953600000000009
v 1.43206 -1.284885 0.11953600000000009
v 1.385658 -1.24595 0.11953600000000007
v 1.385658 -1.247461 -0.4089459999999999
v 1.227345 -1.36379 -0.4840869999999999
v 1.172447 -1.389386 -0.4840869999999999
v 1.172451 -1.389389 0.047543000000000085
v 1.172451 -1.389389 0.047543000000000085
v 1.227345 -1.36379 0.047543000000000085
v 1.227345 -1.36379 -0.4840869999999999
v 1.172451 -1.389389 0.047543000000000085
v 1.172447 -1.389386 -0.4840869999999999
v 1.198048 -1.444285 0.04754300000000009
v 1.252949 -1.418687 0.04754300000000009
v 1.227345 -1.36379 -0.4840869999999999
v 1.227345 -1.36379 0.047543000000000085
v 0.762459 -1.556076 -0.40894599999999987
v 0.784962 -1.612312 -0.40894599999999987
v 0.784962 -1.612312 0.1212970000000001
v 0.784962 -1.612312 0.1212970000000001
v 0.762459 -1.556076 0.1212970000000001
v 0.762459 -1.556076 -0.40894599999999987
v -1.220406 1.967238 -1.2045858599305205E-16
v -1.207623 2.015213 0.5185709999999999
v -1.190262 2.011236 0.5185709999999999
v -1.190262 2.011236 0.5185709999999999
v -1.203045 1.963261 -1.202150649770416E-16
v -1.220406 1.967238 -1.2045858599305205E-16
v 1.880547 0.519742 -3.1825018834122187E-17
v 1.929714 0.526632 0.518571
v 1.932808 0.509092 0.518571
v 1.932808 0.509092 0.518571
v 1.88364 0.502202 -3.0751003591269955E-17
v 1.880547 0.519742 -3.1825018834122187E-17
v 1.872883 1.388135 -8.499875422672056E-17
v 1.930088 1.42676 0.5314149999999999
v 1.940304 1.412169 0.5314149999999999
v 1.940304 1.412169 0.5314149999999999
v 1.883099 1.373545 -8.410537438674256E-17
v 1.872883 1.388135 -8.499875422672056E-17
v 1.868542 1.077492 0.3331279999999999
v 1.901897 1.091233 0.33422799999999997
v 1.888153 1.123932 0.33467499999999994
v 1.888153 1.123932 0.33467499999999994
v 1.854828 1.110157 0.33362499999999995
v 1.868542 1.077492 0.3331279999999999
v 1.828888 1.120796 -0.0004080000000000686
v 1.854828 1.110157 0.33362499999999995
v 1.888153 1.123932 0.33467499999999994
v 1.888153 1.123932 0.33467499999999994
v 1.896683 1.148872 -5.0000000000070354E-05
v 1.828888 1.120796 -0.0004080000000000686
v 1.868431 -1.639687 0.33017600000000014
v 1.901787 -1.625946 0.3312760000000001
v 1.888046 -1.593247 0.3317230000000001
v 1.888046 -1.593247 0.3317230000000001
v 1.854721 -1.607022 0.33067400000000013
v 1.868431 -1.639687 0.33017600000000014
v 1.828777 -1.596383 -0.021757999999999902
v 1.854721 -1.607022 0.33067400000000013
v 1.888046 -1.593247 0.3317230000000001
v 1.888046 -1.593247 0.3317230000000001
v 1.896572 -1.568307 -0.021398999999999904
v 1.828777 -1.596383 -0.021757999999999902
v 1.513035 -1.804476 -0.00729299999999989
v 1.557961 -1.822905 0.16697100000000012
v 1.615692 -1.799045 0.1678230000000001
v 1.615692 -1.799045 0.1678230000000001
v 1.630463 -1.755845 -0.0068689999999998926
v 1.513035 -1.804476 -0.00729299999999989
v -0.57972 -0.41847100000000004 -0.607367
v -0.579716 -0.35790200000000005 -0.607367
v -0.57972 -0.357902 0.08449300000000003
v -0.57972 -0.357902 0.08449300000000003
v -0.57972 -0.418471 0.08449300000000003
v -0.57972 -0.41847100000000004 -0.607367
v 1.717716 -1.758254 -0.013433999999999892
v 1.773079 -1.780961 0.34063500000000013
v 1.844212 -1.751561 0.3416850000000001
v 1.844212 -1.751561 0.3416850000000001
v 1.862411 -1.69833 -0.013075999999999897
v 1.717716 -1.758254 -0.013433999999999892
v 2.026875 -1.401852 0.5314150000000001
v 2.009193 -1.411012 0.5314150000000001
v 2.027134 -1.419661 0.5314150000000001
v 1.957851 -1.401672 8.582765641272345E-17
v 2.026875 -1.401852 0.5314150000000001
v 2.027134 -1.419661 0.5314150000000001
v 2.027134 -1.419661 0.5314150000000001
v 1.958111 -1.419481 8.69181431550242E-17
v 1.957851 -1.401672 8.582765641272345E-17
v 1.392963 0.37637699999999996 -0.759114
v 1.403481 0.3167249999999999 -0.759114
v 1.443077 0.316726 0.19749099999999997
v 1.443077 0.316726 0.19749099999999997
v 1.43256 0.376377 0.19749099999999997
v 1.392963 0.37637699999999996 -0.759114
v -1.87714 1.952927 -1.1958228997592216E-16
v -1.92382 1.969847 0.5185709999999999
v -1.943504 1.966847 0.5185709999999999
v -1.943504 1.966847 0.5185709999999999
v -1.896828 1.949927 -1.1939859295605004E-16
v -1.87714 1.952927 -1.1958228997592216E-16
v -1.448048 1.700729 0.09719999999999988
v -1.752422 1.495579 0.1283999999999999
v -1.6805 1.577256 0.010599999999999903
v -1.6805 1.577256 0.010599999999999903
v -1.546261 1.649336 -0.003100000000000101
v -1.448048 1.700729 0.09719999999999988
v 1.903744 0.68978 -0.0015000000000000423
v 1.925636 0.813612 -0.00150000000000005
v 1.925148 0.814918 0.12239999999999994
v 1.925148 0.814918 0.12239999999999994
v 1.903091 0.691238 0.12239999999999995
v 1.903744 0.68978 -0.0015000000000000423
v 1.895378 1.438292 0.5196929999999998
v 1.910568 1.460248 0.7379969999999999
v 1.715279 1.178893 0.7308259999999999
v 1.715279 1.178893 0.7308259999999999
v 1.71431 1.179465 0.5362889999999999
v 1.553017 0.87234 0.811263
v 1.586708 0.929349 0.5837969999999999
v 1.715279 1.178893 0.7308259999999999
v 1.553017 0.87234 0.811263
v 0.695415 1.46238 0.5445439999999999
v 0.670559 1.420373 0.7077899999999999
v 0.816532 1.638645 0.6250439999999999
v 0.816532 1.638645 0.6250439999999999
v 0.815517 1.650197 0.4480849999999999
v 0.816532 1.638645 0.6250439999999999
v 0.981838 1.94672 0.6413379999999999
v 0.981838 1.94672 0.6413379999999999
v 0.953053 1.92373 0.4530349999999999
v 1.408077 1.663016 0.5721999999999999
v 1.910568 1.460248 0.7379969999999999
v 1.801559 1.524714 0.4680769999999999
v 1.402382 1.668578 0.25622099999999987
v 1.408077 1.663016 0.5721999999999999
v 1.408077 1.663016 0.5721999999999999
v 1.043613 1.923386 0.45127099999999987
v 0.981838 1.94672 0.6413379999999999
v 1.408077 1.663016 0.5721999999999999
v -1.866707 0.537202 0.554666
v -1.83017 0.524054 0.45172599999999996
v -1.384197 0.543661 0.48732699999999995
v -1.313805 0.554337 0.656722
v -1.866707 0.537202 0.554666
v -1.751102 -0.13094699999999995 0.86887
v -1.05901 -0.006620999999999938 1.025208
v -1.586475 -0.655407 0.551104
v -1.019382 -0.510494 0.801233
v -1.802383 -0.14402099999999998 0.582202
v -1.105835 -0.914634 -0.013296999999999944
v -1.496651 -0.957793 -0.046063999999999945
v -1.615669 -0.640125 0.36682800000000004
v -1.496651 -0.957793 -0.046063999999999945
v 1.01495 -0.7518450000000001 -1.257994
v 0.966198 -0.7308290000000001 -0.909527
v 0.895008 -0.7601590000000001 -0.910626
v 0.870197 -0.8116960000000001 -1.258387
v 1.01495 -0.7518450000000001 -1.257994
v -0.838768 -1.488497 0.3869840000000001
v -0.813515 -1.518588 0.3869840000000001
v -0.687683 -1.413007 0.15239400000000008
v -0.687683 -1.413007 0.15239400000000008
v -0.712933 -1.382906 0.15239400000000008
v 0.595421 0.5664980000000001 1.141136
v 0.603348 0.5317120000000001 1.098636
v 0.419498 1.920326 -0.013864000000000118
v 0.400475 2.005395 -0.013764000000000123
v 0.595421 0.5664980000000001 1.141136
v 0.346096 1.994429 -0.013764000000000122
v 0.36512 1.909226 -0.013864000000000116
v 0.583263 0.5276050000000001 1.098636
v 0.575417 0.5624720000000001 1.141136
v 0.346096 1.994429 -0.013764000000000122
v -0.601341 -0.681591 -0.607367
v -0.661686 -0.68687 -0.607367
v -0.661686 -0.686871 0.17471200000000006
v -0.661686 -0.686871 0.17471200000000006
v -0.601341 -0.681592 0.17471200000000006
v 0.837406 1.789823 -0.01635400000000011
v 0.797844 1.806878 0.1945609999999999
v 0.74007 1.783075 0.1936689999999999
v 0.719933 1.74125 -0.01682000000000011
v 0.837406 1.789823 -0.01635400000000011
v 0.759693 1.589034 -0.0029290000000000973
v 0.710941 1.610049 0.3412379999999999
v 0.639755 1.58072 0.3401379999999999
v 0.614941 1.529182 -0.0033220000000000935
v 0.759693 1.589034 -0.0029290000000000973
v 0.367577 0.7070319999999999 -0.994695
v 0.380863 0.685864 -0.678962
v 0.416069 0.677988 -0.680062
v 0.438778 0.6911599999999999 -0.995444
v 0.367577 0.7070319999999999 -0.994695
v 1.0252 1.80382 -0.0011690000000001103
v 1.055016 1.803506 -0.0011820000000001105
v 1.030102 1.850652 0.7587919999999999
v 1.030102 1.850652 0.7587919999999999
v 0.999924 1.851183 0.7592859999999999
v 1.040424 1.829447 -0.0012210000000001122
v 1.0252 1.80382 -0.0011690000000001103
v 0.999924 1.851183 0.7592859999999999
v 1.01685 1.875806 0.7575019999999999
v 1.040424 1.829447 -0.0012210000000001122
v 0.73111 1.455132 -0.00015800000000008909
v 0.760933 1.454811 -0.0001820000000000891
v 0.775021 1.408947 0.8267329999999999
v 0.775021 1.408947 0.8267329999999999
v 0.745087 1.41052 0.8286699999999999
v 0.74633 1.480761 -0.00021000000000009068
v 0.73111 1.455132 -0.00015800000000008909
v 0.745087 1.41052 0.8286699999999999
v 0.760761 1.433305 0.8245069999999999
v 0.74633 1.480761 -0.00021000000000009068
v 1.490566 1.026846 -1.7000000000062877E-05
v 1.52037 1.026537 2.1999999999937143E-05
v 1.509605 0.9270280000000001 0.9250159999999998
v 1.509605 0.9270280000000001 0.9250159999999998
v 1.479832 0.9273200000000001 0.9221059999999999
v 1.505749 1.052499 -2.8000000000064445E-05
v 1.490566 1.026846 -1.7000000000062877E-05
v 1.479832 0.9273200000000001 0.9221059999999999
v 1.495327 0.9527850000000001 0.9214579999999999
v 1.505749 1.052499 -2.8000000000064445E-05
v 1.733017 1.406074 -0.00018600000000008608
v 1.762814 1.405767 -0.00017800000000008608
v 1.830772 1.431806 0.8644349999999998
v 1.830772 1.431806 0.8644349999999998
v 1.801395 1.431865 0.8645839999999999
v 1.748196 1.431726 -0.00019500000000008765
v 1.733017 1.406074 -0.00018600000000008608
v 1.801395 1.431865 0.8645839999999999
v 1.816837 1.457362 0.8609459999999999
v 1.748196 1.431726 -0.00019500000000008765
v 0.379814 0.827216 -0.795674
v 0.410099 0.774759 -0.795674
v 0.410099 0.77476 0.18073699999999995
v 0.37981 0.827214 0.18073699999999995
v 0.379814 0.827216 -0.795674
v 0.782871 1.336867 -0.5085210000000001
v 0.724365 1.352545 -0.5085210000000001
v 0.724365 1.352544 0.12856499999999993
v 0.724365 1.352544 0.12856499999999993
v 0.782871 1.336867 0.12856499999999993
v 1.417831 1.037677 -0.7579920000000001
v 1.368214 1.072421 -0.7579920000000001
v 1.368214 1.072421 0.19749099999999994
v 1.368214 1.072421 0.19749099999999994
v 1.417831 1.037678 0.19749099999999994
v 1.432056 -1.286398 -0.4089459999999999
v 1.470993 -1.239997 -0.4089459999999999
v 1.470993 -1.238485 0.11953600000000007
v 1.470993 -1.238485 0.11953600000000007
v 1.43206 -1.284885 0.11953600000000009
v 0.784962 -1.612312 -0.40894599999999987
v 0.841198 -1.58981 -0.40894599999999987
v 0.841198 -1.58981 0.1212970000000001
v 0.841198 -1.58981 0.1212970000000001
v 0.784962 -1.612312 0.1212970000000001
v 1.92474 1.081387 -0.0001980000000000662
v 1.901897 1.091233 0.33422799999999997
v 1.868542 1.077492 0.3331279999999999
v 1.856922 1.053345 -0.0005910000000000646
v 1.92474 1.081387 -0.0001980000000000662
v 1.924633 -1.635792 -0.0215469999999999
v 1.901787 -1.625946 0.3312760000000001
v 1.868431 -1.639687 0.33017600000000014
v 1.856812 -1.663834 -0.0219399999999999
v 1.924633 -1.635792 -0.0215469999999999
v 1.679062 -1.872739 -0.007043999999999885
v 1.639503 -1.855684 0.1674600000000001
v 1.58173 -1.879487 0.1665680000000001
v 1.561592 -1.921312 -0.007509999999999882
v 1.679062 -1.872739 -0.007043999999999885
v -1.082035 -0.457447 -0.02916799999999997
v -1.067142 -0.48547799999999997 0.910768
v -1.077694 -0.5132419999999999 0.911703
v -1.077694 -0.5132419999999999 0.911703
v -1.092239 -0.485452 -0.02914499999999997
v -1.111401 -0.462617 -0.02914999999999997
v -1.096966 -0.49042699999999995 0.911496
v -1.067142 -0.48547799999999997 0.910768
v -1.082035 -0.457447 -0.02916799999999997
v -1.111401 -0.462617 -0.02914999999999997
v -1.505669 -0.600819 -0.015400999999999963
v -1.528553 -0.607495 0.656314
v -1.538311 -0.635637 0.656025
v -1.538311 -0.635637 0.656025
v -1.51585 -0.62883 -0.015408999999999963
v -1.535034 -0.605987 -0.015384999999999963
v -1.558357 -0.612457 0.657005
v -1.528553 -0.607495 0.656314
v -1.505669 -0.600819 -0.015400999999999963
v -1.535034 -0.605987 -0.015384999999999963
v -1.342133 0.464066 -0.01690300000000003
v -1.337776 0.529759 0.808316
v -1.349926 0.502755 0.811715
v -1.349926 0.502755 0.811715
v -1.352375 0.436081 -0.016821000000000027
v -1.371578 0.458933 -0.016766000000000027
v -1.3708 0.526322 0.813973
v -1.337776 0.529759 0.808316
v -1.342133 0.464066 -0.01690300000000003
v -1.371578 0.458933 -0.016766000000000027
v -1.101406 0.002306999999999999 -0.015738
v -1.099785 0.0006560000000000733 1.197547
v -1.110332 -0.02710599999999993 1.198482
v -1.110332 -0.02710599999999993 1.198482
v -1.11161 -0.025698 -0.015715
v -1.130768 -0.002863000000000001 -0.01572
v -1.129608 -0.004295999999999927 1.198276
v -1.099785 0.0006560000000000733 1.197547
v -1.101406 0.002306999999999999 -0.015738
v -1.130768 -0.002863000000000001 -0.01572
v -1.623516 -0.105337 -0.009311999999999994
v -1.726841 -0.11984299999999995 0.943093
v -1.736599 -0.14798399999999995 0.942804
v -1.736599 -0.14798399999999995 0.942804
v -1.633705 -0.133353 -0.00931899999999999
v -1.652889 -0.110509 -0.009295999999999994
v -1.756645 -0.12480799999999995 0.943784
v -1.726841 -0.11984299999999995 0.943093
v -1.623516 -0.105337 -0.009311999999999994
v -1.652889 -0.110509 -0.009295999999999994
v -0.579716 -0.35790200000000005 -0.607367
v -0.640289 -0.35790200000000005 -0.607367
v -0.640289 -0.357902 0.08449300000000003
v -0.640289 -0.357902 0.08449300000000003
v -0.57972 -0.357902 0.08449300000000003
v 1.922298 -1.842367 -0.013222999999999888
v 1.873547 -1.821351 0.3412380000000001
v 1.802357 -1.850681 0.3401380000000001
v 1.777546 -1.902219 -0.013616999999999884
v 1.922298 -1.842367 -0.013222999999999888
v 0.102573 0.676747 -0.789494
v 0.102573 0.676746 0.18073699999999998
v 0.132858 0.624289 0.18073699999999998
v 0.132858 0.624289 0.18073699999999998
v 0.132858 0.624289 -0.789494
v 0.102573 0.676747 -0.789494
v 0.050117 0.646462 -0.789494
v 0.050117 0.64646 0.18073699999999998
v 0.050117 0.64646 0.18073699999999998
v 0.102573 0.676746 0.18073699999999998
v 0.050117 0.646462 -0.789494
v 0.080402 0.594004 -0.789494
v 0.080402 0.594003 0.18073699999999998
v 0.080402 0.594003 0.18073699999999998
v 0.050117 0.64646 0.18073699999999998
v 1.403481 0.3167249999999999 -0.759114
v 1.463131 0.3272439999999999 -0.759114
v 1.502728 0.327242 0.19749099999999997
v 1.502728 0.327242 0.19749099999999997
v 1.443077 0.316726 0.19749099999999997
v -1.848125 0.46571 -0.014219000000000028
v -1.809299 0.503041 0.650617
v -1.820675 0.47566600000000003 0.654966
v -1.820675 0.47566600000000003 0.654966
v -1.858353 0.437714 -0.014166000000000026
v -1.877571 0.460574 -0.014082000000000029
v -1.842339 0.49960800000000005 0.656298
v -1.809299 0.503041 0.650617
v -1.848125 0.46571 -0.014219000000000028
v -1.877571 0.460574 -0.014082000000000029
v -1.820179 -1.814353 0.4884640000000001
v -1.803978 -1.810448 0.47676400000000013
v -1.849613 -1.821512 0.4095640000000001
v -1.865917 -1.825409 0.42126400000000014
v -1.820179 -1.814353 0.4884640000000001
v 1.903091 0.691238 0.12239999999999995
v 1.715317 0.723304 0.12239999999999995
v 1.715664 0.722774 -0.0015000000000000443
v 1.903744 0.68978 -0.0015000000000000423
v 1.903091 0.691238 0.12239999999999995
v 1.925148 0.814918 0.12239999999999994
v 1.737289 0.847062 0.12239999999999994
v 1.715317 0.723304 0.12239999999999995
v 1.903091 0.691238 0.12239999999999995
v 1.925148 0.814918 0.12239999999999994
v 1.924835 0.870706 0.22029999999999994
v 1.821346 0.908055 0.22029999999999994
v 1.821598 0.907679 -5.557930910016352E-17
v 1.821598 0.907679 -5.557930910016352E-17
v 1.925415 0.869909 -5.326656361997375E-17
v 1.962723 0.97412 0.22029999999999994
v 1.924835 0.870706 0.22029999999999994
v 1.925415 0.869909 -5.326656361997375E-17
v 1.963192 0.973731 -5.962382761902757E-17
v 1.962723 0.97412 0.22029999999999994
v 1.859329 1.011641 0.22029999999999994
v 1.962723 0.97412 0.22029999999999994
v 1.963192 0.973731 -5.962382761902757E-17
v 1.859455 1.011455 -6.19337564115793E-17
v 1.859329 1.011641 0.22029999999999994
v 0.227932 1.308485 -0.5157270000000002
v 0.310043 1.589635 1.065435
v 0.301029 1.631227 1.065435
v 0.301029 1.631227 1.065435
v 0.209549 1.392754 -0.5157270000000002
v 0.227932 1.308485 -0.5157270000000002
v 0.295898 1.325044 -0.5157270000000002
v 0.329456 1.593852 1.037136
v 0.329456 1.593852 1.037136
v 0.310043 1.589635 1.065435
v 0.295898 1.325044 -0.5157270000000002
v 0.277542 1.409407 -0.5157270000000002
v 0.320305 1.635386 1.037136
v 0.320305 1.635386 1.037136
v 0.329456 1.593852 1.037136
v 0.475998 1.441547 -0.012264000000000089
v 0.350582 1.598402 1.037136
v 0.341564 1.639994 1.037136
v 0.457615 1.525812 -0.012264000000000094
v 0.475998 1.441547 -0.012264000000000089
v 0.475998 1.441547 -0.012264000000000089
v 0.535931 1.451235 -0.012264000000000089
v 0.3699 1.602645 1.065435
v 0.3699 1.602645 1.065435
v 0.350582 1.598402 1.037136
v 0.535931 1.451235 -0.012264000000000089
v 0.517548 1.535505 -0.012264000000000094
v 0.360851 1.644146 1.065435
v 0.360851 1.644146 1.065435
v 0.3699 1.602645 1.065435
v 0.542057 0.5546680000000002 1.141136
v 0.110638 1.941139 -0.01376400000000012
v 0.129345 1.856001 -0.013864000000000114
v 0.54958 0.5197920000000001 1.098636
v 0.542057 0.5546680000000002 1.141136
v 0.164555 1.954183 -0.01376400000000012
v 0.561893 0.5594750000000001 1.141136
v 0.569515 0.5245580000000001 1.098636
v 0.183323 1.868923 -0.013864000000000114
v 0.164555 1.954183 -0.01376400000000012
v -1.384197 0.54366 0.48732699999999995
v -1.83017 0.524054 0.45172599999999996
v -1.866707 0.537202 0.554666
v -1.866707 0.537202 0.554666
v -1.313805 0.554336 0.656722
v -1.886871 0.466317 0.05059299999999997
v -1.823151 -0.148222 0.150885
v -1.751102 -0.13094799999999995 0.86887
v -1.05901 -0.006621999999999938 1.025208
v -1.586475 -0.655407 0.551104
v -1.802383 -0.14402099999999998 0.582202
v -1.615669 -0.640126 0.36682800000000004
v -1.019382 -0.510494 0.801233
v -1.496651 -0.957793 -0.046063999999999945
v -1.105835 -0.914634 -0.013296999999999944
v 0.192619 -1.52771 0.2609590000000001
v 0.307098 -1.747247 0.2649570000000001
v 0.564785 -1.65785 -0.5146529999999999
v 0.436684 -1.383137 -0.5146529999999999
v 0.837421 0.864581 -0.23311900000000005
v 0.593834 0.907537 -0.23311800000000005
v 0.517353 0.6343669999999999 -1.008732
v 0.815861 0.5817319999999999 -1.008731
v -0.782909 1.169839 0.26095899999999994
v -1.007084 1.065307 0.26096099999999994
v -0.913048 0.797673 -0.514653
v -0.638336 0.925774 -0.5146530000000001
v 0.506718 -0.5492810000000001 -0.985926
v 0.506721 -0.30193100000000006 -0.985925
v 0.224422 -0.2740490000000001 -1.761539
v 0.224419 -0.5771620000000001 -1.761538
v 1.172829 -0.30424600000000007 -0.496693
v 1.172836 -0.05689700000000003 -0.496692
v 0.890533 -0.029015000000000075 -1.272306
v 0.890533 -0.33212800000000003 -1.272305
v 0.583759 -1.284363 -0.22807599999999992
v 0.810699 -1.184677 -0.22222899999999993
v 0.745838 -0.9249560000000001 -1.003689
v 0.461006 -1.028627 -1.003688
v -1.106224 1.669177 0.2392019999999999
v -1.10622 1.669176 -0.0004360000000001022
v -0.907658 1.55492 -0.0004360000000000952
v -0.907658 1.55492 0.23920199999999991
v -0.907658 1.55492 0.23920199999999991
v -0.907658 1.55492 -0.0004360000000000952
v -0.7855 1.767056 -0.00043600000000010823
v -0.785503 1.767056 0.2392019999999999
v -0.785503 1.767056 0.2392019999999999
v -0.7855 1.767056 -0.00043600000000010823
v -0.984547 1.881899 -0.0004360000000001153
v -0.984547 1.881899 0.2392019999999999
v -0.984547 1.881899 0.2392019999999999
v -0.984547 1.881899 -0.0004360000000001153
v -1.10622 1.669176 -0.0004360000000001022
v -1.106224 1.669177 0.2392019999999999
v -0.785503 1.767056 0.2392019999999999
v -0.984547 1.881899 0.2392019999999999
v -1.106224 1.669177 0.2392019999999999
v -0.907658 1.55492 0.23920199999999991
v -1.312099 1.791019 0.09889999999999989
v -1.319851 1.801532 0.09959999999999988
v -1.761101 1.509271 0.14529999999999993
v -1.747925 1.489255 0.14509999999999992
v -1.701473 -1.153767 -0.0026999999999999295
v -1.895088 -1.20057 0.29769900000000005
v -1.932213 -1.209567 0.29769900000000005
v -1.738594 -1.162765 -0.002699999999999929
v -1.705475 -1.137555 -0.0026999999999999303
v -1.7425 -1.146562 -0.00269999999999993
v -1.936119 -1.193365 0.29769900000000005
v -1.89909 -1.184358 0.29769900000000005
v -1.935013 -1.19798 -0.002699999999999927
v -1.897896 -1.189081 -0.0026999999999999273
v -1.704273 -1.142179 0.29769900000000005
v -1.741402 -1.151177 0.29769900000000005
v -1.938919 -1.181778 -0.0026999999999999277
v -1.745304 -1.134975 0.29769900000000005
v -1.708275 -1.125968 0.29769900000000005
v -1.901894 -1.172771 -0.002699999999999928
v -1.919403 1.374073 -8.413770506224006E-17
v -1.991951 1.37104 0.5314149999999999
v -1.996666 1.390389 0.5314149999999999
v -1.92411 1.393422 -8.532248960807516E-17
v -1.906746 1.389446 -8.507902982440466E-17
v -1.979305 1.386412 0.5314149999999999
v -1.991951 1.37104 0.5314149999999999
v -1.919403 1.374073 -8.413770506224006E-17
v 1.448895 0.05802799999999999 -0.193169
v 1.252213 0.0064199999999999535 -0.759297
v 1.265499 -0.030093000000000047 -0.759297
v 1.462181 0.02151599999999999 -0.193168
v 0.895008 -0.7601590000000001 -0.910626
v 0.966198 -0.7308290000000001 -0.909527
v 0.936863 -0.6610390000000002 -0.90908
v 0.86573 -0.6904390000000001 -0.910129
v 0.870197 -0.8116960000000001 -1.258387
v 0.895008 -0.7601590000000001 -0.910626
v 0.86573 -0.6904390000000001 -0.910129
v 0.810368 -0.6677310000000001 -1.258204
v 0.955063 -0.6078070000000001 -1.257846
v 0.936863 -0.6610390000000002 -0.90908
v 0.966198 -0.7308290000000001 -0.909527
v 1.01495 -0.7518450000000001 -1.257994
v 0.737312 1.525081 0.12835599999999991
v 0.737312 1.525081 -0.00043600000000009343
v 0.879906 1.416972 -0.0004360000000000868
v 0.879906 1.416972 0.12835599999999991
v 0.879906 1.416972 0.12835599999999991
v 0.879906 1.416972 -0.0004360000000000868
v 1.101673 1.708809 -0.00043600000000010465
v 1.101673 1.708809 0.1283559999999999
v 1.101673 1.708809 0.1283559999999999
v 1.101673 1.708809 -0.00043600000000010465
v 0.958675 1.817561 -0.0004360000000001113
v 0.958675 1.817561 0.1283559999999999
v 0.958675 1.817561 0.1283559999999999
v 0.958675 1.817561 -0.0004360000000001113
v 0.737312 1.525081 -0.00043600000000009343
v 0.737312 1.525081 0.12835599999999991
v 1.101673 1.708809 0.1283559999999999
v 0.958675 1.817561 0.1283559999999999
v 0.737312 1.525081 0.12835599999999991
v 0.879906 1.416972 0.12835599999999991
v -0.712933 -1.382906 0.15239400000000008
v -0.771378 -1.431947 0.15332400000000007
v -0.877647 -1.52112 0.3514420000000001
v -0.838768 -1.488497 0.3869840000000001
v -0.687683 -1.413007 0.15239400000000008
v -0.813515 -1.518588 0.3869840000000001
v -0.852398 -1.551218 0.3514420000000001
v -0.746128 -1.462048 0.15332400000000007
v 0.4907 1.105095 0.7011659999999998
v 0.52174 1.111389 0.7011659999999998
v 0.448273 1.582684 0.7011359999999999
v 0.420341 1.57469 0.7011359999999999
v 0.419498 1.920326 -0.013864000000000118
v 0.36512 1.909226 -0.013864000000000116
v 0.346096 1.994429 -0.013764000000000122
v 0.400475 2.005395 -0.013764000000000123
v 0.595421 0.5664980000000001 1.141136
v 0.400475 2.005395 -0.013764000000000123
v 0.346096 1.994429 -0.013764000000000122
v 0.575417 0.5624720000000001 1.141136
v 0.59985 0.5024210000000001 1.051287
v 0.573193 0.6223290000000001 1.051287
v 0.573193 0.6223290000000001 1.158587
v 0.59985 0.5024210000000001 1.158587
v 0.556721 0.49198700000000006 1.051287
v 0.556721 0.49198700000000006 1.158587
v 0.530136 0.6118000000000001 1.158587
v 0.530136 0.6118000000000001 1.051287
v 1.133991 1.689229 0.2392039999999999
v 1.297894 1.849286 0.2392039999999999
v 1.297894 1.849286 -0.00043600000000011327
v 1.133991 1.689229 -0.00043600000000010346
v 1.297894 1.849286 0.2392039999999999
v 1.468975 1.674199 0.2392039999999999
v 1.468975 1.674199 -0.00043600000000010254
v 1.297894 1.849286 -0.00043600000000011327
v 1.468975 1.674199 0.2392039999999999
v 1.304749 1.513458 0.23920399999999992
v 1.304749 1.513458 -0.0004360000000000927
v 1.468975 1.674199 -0.00043600000000010254
v 1.304749 1.513458 0.23920399999999992
v 1.133991 1.689229 0.2392039999999999
v 1.133991 1.689229 -0.00043600000000010346
v 1.304749 1.513458 -0.0004360000000000927
v 1.468975 1.674199 0.2392039999999999
v 1.297894 1.849286 0.2392039999999999
v 1.133991 1.689229 0.2392039999999999
v 1.304749 1.513458 0.23920399999999992
v 1.225391 1.221032 0.22372099999999992
v 1.316757 1.374889 0.22372099999999992
v 1.316757 1.374889 -0.0004360000000000842
v 1.225391 1.221032 -0.0004360000000000748
v 1.316757 1.374889 0.22372099999999992
v 1.570797 1.22434 0.22372099999999992
v 1.570797 1.22434 -0.000436000000000075
v 1.316757 1.374889 -0.0004360000000000842
v 1.570797 1.22434 0.22372099999999992
v 1.479298 1.069737 0.22372099999999995
v 1.479298 1.069737 -0.0004360000000000655
v 1.570797 1.22434 -0.000436000000000075
v 1.479298 1.069737 0.22372099999999995
v 1.225391 1.221032 0.22372099999999992
v 1.225391 1.221032 -0.0004360000000000748
v 1.479298 1.069737 -0.0004360000000000655
v 1.570797 1.22434 0.22372099999999992
v 1.316757 1.374889 0.22372099999999992
v 1.225391 1.221032 0.22372099999999992
v 1.479298 1.069737 0.22372099999999995
v -1.538708 0.468989 0.22372099999999998
v -1.359783 0.466791 0.22372099999999998
v -1.359783 0.466791 -0.0004360000000000286
v -1.538708 0.468989 -0.00043600000000002876
v -1.359783 0.466791 0.22372099999999998
v -1.36314 0.171512 0.223721
v -1.36314 0.171512 -0.00043600000000001054
v -1.359783 0.466791 -0.0004360000000000286
v -1.36314 0.171512 0.223721
v -1.542782 0.173453 0.223721
v -1.542782 0.173453 -0.00043600000000001065
v -1.36314 0.171512 -0.00043600000000001054
v -1.542782 0.173453 0.223721
v -1.538708 0.468989 0.22372099999999998
v -1.538708 0.468989 -0.00043600000000002876
v -1.542782 0.173453 -0.00043600000000001065
v -1.36314 0.171512 0.223721
v -1.359783 0.466791 0.22372099999999998
v -1.538708 0.468989 0.22372099999999998
v -1.542782 0.173453 0.223721
v -1.641155 0.469528 0.12835599999999997
v -1.641155 0.469528 -0.00043600000000002876
v -1.819881 0.460686 -0.0004360000000000282
v -1.819881 0.460686 0.12835599999999997
v -1.819881 0.460686 0.12835599999999997
v -1.819881 0.460686 -0.0004360000000000282
v -1.802177 0.094576 -0.00043600000000000583
v -1.802177 0.09457600000000001 0.128356
v -1.802177 0.09457600000000001 0.128356
v -1.802177 0.094576 -0.00043600000000000583
v -1.62273 0.103183 -0.00043600000000000637
v -1.62273 0.10318300000000001 0.128356
v -1.62273 0.10318300000000001 0.128356
v -1.62273 0.103183 -0.00043600000000000637
v -1.641155 0.469528 -0.00043600000000002876
v -1.641155 0.469528 0.12835599999999997
v -1.802177 0.09457600000000001 0.128356
v -1.62273 0.10318300000000001 0.128356
v -1.641155 0.469528 0.12835599999999997
v -1.819881 0.460686 0.12835599999999997
v -1.26981 -0.787322 0.23920400000000006
v -1.26981 -0.787322 -0.00043599999999995183
v -1.048611 -0.727708 -0.00043599999999995547
v -1.048611 -0.727708 0.23920400000000006
v -1.048611 -0.727708 0.23920400000000006
v -1.048611 -0.727708 -0.00043599999999995547
v -1.112236 -0.491329 -0.00043599999999996994
v -1.112236 -0.491329 0.23920400000000003
v -1.112236 -0.491329 0.23920400000000003
v -1.112236 -0.491329 -0.00043599999999996994
v -1.33419 -0.550871 -0.0004359999999999663
v -1.33419 -0.550871 0.23920400000000003
v -1.33419 -0.550871 0.23920400000000003
v -1.33419 -0.550871 -0.0004359999999999663
v -1.26981 -0.787322 -0.00043599999999995183
v -1.26981 -0.787322 0.23920400000000006
v -1.112236 -0.491329 0.23920400000000003
v -1.33419 -0.550871 0.23920400000000003
v -1.26981 -0.787322 0.23920400000000006
v -1.048611 -0.727708 0.23920400000000006
v -1.134117 -0.433484 0.12835600000000003
v -1.134117 -0.433484 -0.00043599999999997346
v -1.158501 -0.256212 -0.00043599999999998436
v -1.158501 -0.256212 0.12835600000000003
v -1.158501 -0.256212 0.12835600000000003
v -1.158501 -0.256212 -0.00043599999999998436
v -1.521675 -0.305757 -0.0004359999999999813
v -1.521675 -0.305757 0.12835600000000003
v -1.521675 -0.305757 0.12835600000000003
v -1.521675 -0.305757 -0.0004359999999999813
v -1.497459 -0.48377 -0.00043599999999997043
v -1.497459 -0.48377 0.12835600000000003
v -1.497459 -0.48377 0.12835600000000003
v -1.497459 -0.48377 -0.00043599999999997043
v -1.134117 -0.433484 -0.00043599999999997346
v -1.134117 -0.433484 0.12835600000000003
v -1.521675 -0.305757 0.12835600000000003
v -1.497459 -0.48377 0.12835600000000003
v -1.134117 -0.433484 0.12835600000000003
v -1.158501 -0.256212 0.12835600000000003
v -0.596066 -0.74193 0.17471200000000006
v -0.601341 -0.681592 0.17471200000000006
v -0.661686 -0.686871 0.17471200000000006
v -0.656406 -0.747214 0.17471200000000006
v -0.661686 -0.68687 -0.607367
v -0.656406 -0.747209 -0.607367
v -0.656406 -0.747214 0.17471200000000006
v -0.661686 -0.686871 0.17471200000000006
v -0.656406 -0.747209 -0.607367
v -0.596066 -0.74193 -0.607367
v -0.596066 -0.74193 0.17471200000000006
v -0.656406 -0.747214 0.17471200000000006
v 0.357056 0.659938 0.21317099999999997
v 0.346088 0.647966 0.21296999999999996
v 0.570869 0.505949 0.694796
v 0.580921 0.516819 0.686596
v 0.74007 1.783075 0.1936689999999999
v 0.797844 1.806878 0.1945609999999999
v 0.774033 1.863517 0.19492499999999988
v 0.716305 1.839657 0.19407299999999988
v 0.639755 1.58072 0.3401379999999999
v 0.710941 1.610049 0.3412379999999999
v 0.681606 1.67984 0.3416849999999999
v 0.610477 1.65044 0.3406349999999999
v 0.719933 1.74125 -0.01682000000000011
v 0.74007 1.783075 0.1936689999999999
v 0.716305 1.839657 0.19407299999999988
v 0.671375 1.858085 -0.016603000000000114
v 0.788803 1.906717 -0.016179000000000117
v 0.774033 1.863517 0.19492499999999988
v 0.797844 1.806878 0.1945609999999999
v 0.837406 1.789823 -0.01635400000000011
v 0.614941 1.529182 -0.0033220000000000935
v 0.639755 1.58072 0.3401379999999999
v 0.610477 1.65044 0.3406349999999999
v 0.555111 1.673147 -0.003139000000000102
v 0.699802 1.733071 -0.0027810000000001063
v 0.681606 1.67984 0.3416849999999999
v 0.710941 1.610049 0.3412379999999999
v 0.759693 1.589034 -0.0029290000000000973
v 0.438778 0.6911599999999999 -0.995444
v 0.416069 0.677988 -0.680062
v 0.408566 0.643364 -0.679564
v 0.42329 0.6205409999999999 -0.995096
v 0.352093 0.6363329999999999 -0.994413
v 0.373367 0.651196 -0.678515
v 0.380863 0.685864 -0.678962
v 0.367577 0.7070319999999999 -0.994695
v -1.199051 1.992073 0.31750499999999987
v -1.199955 1.948981 -1.1934066716245037E-16
v -0.746273 1.954037 -1.1965025787327484E-16
v -0.727039 1.98367 0.3619219999999999
v -1.199955 1.948981 -1.1934066716245037E-16
v -1.199051 1.992073 0.31750499999999987
v -0.727039 1.98367 0.3619219999999999
v -0.746273 1.954037 -1.1965025787327484E-16
v -0.740459 1.942033 -1.1891522486442658E-16
v -0.727673 1.990009 0.5185709999999999
v -0.732384 2.009358 0.5185709999999999
v -0.745167 1.961382 -1.201000094102617E-16
v -0.727806 1.957406 -1.198565496265912E-16
v -0.715023 2.005381 0.5185709999999999
v -0.727673 1.990009 0.5185709999999999
v -0.740459 1.942033 -1.1891522486442658E-16
v 1.055016 1.803506 -0.0011820000000001105
v 1.040424 1.829447 -0.0012210000000001122
v 1.01685 1.875806 0.7575019999999999
v 1.030102 1.850652 0.7587919999999999
v 0.760933 1.454811 -0.0001820000000000891
v 0.74633 1.480761 -0.00021000000000009068
v 0.760761 1.433305 0.8245069999999999
v 0.775021 1.408947 0.8267329999999999
v 1.52037 1.026537 2.1999999999937143E-05
v 1.505749 1.052499 -2.8000000000064445E-05
v 1.495327 0.9527850000000001 0.9214579999999999
v 1.509605 0.9270280000000001 0.9250159999999998
v 1.762814 1.405767 -0.00017800000000008608
v 1.748196 1.431726 -0.00019500000000008765
v 1.816837 1.457362 0.8609459999999999
v 1.830772 1.431806 0.8644349999999998
v 1.196674 -1.90294 1.1652146899847321E-16
v 1.174313 -1.930292 0.36192200000000013
v 1.876526 -1.982149 0.3261440000000001
v 1.869213 -1.950063 1.1940692055428425E-16
v 1.876526 -1.982149 0.3261440000000001
v 1.174313 -1.930292 0.36192200000000013
v 1.196674 -1.90294 1.1652146899847321E-16
v 1.869213 -1.950063 1.1940692055428425E-16
v 1.192207 -1.890372 1.1575190094988902E-16
v 1.174248 -1.936661 0.5185710000000001
v 1.176815 -1.956409 0.5185710000000001
v 1.194767 -1.910119 1.1696105596702715E-16
v 1.177944 -1.904269 1.1660284677827655E-16
v 1.159992 -1.950558 0.5185710000000001
v 1.174248 -1.936661 0.5185710000000001
v 1.192207 -1.890372 1.1575190094988902E-16
v 1.849129 -1.967697 1.2048669163709248E-16
v 1.893681 -1.989619 0.5185710000000001
v 1.913574 -1.988789 0.5185710000000001
v 1.869026 -1.966867 1.2043586879492784E-16
v 1.861736 -1.983117 1.2143089431923507E-16
v 1.906284 -2.005037 0.5185710000000001
v 1.893681 -1.989619 0.5185710000000001
v 1.849129 -1.967697 1.2048669163709248E-16
v 0.43227 0.857503 0.18073699999999995
v 0.37981 0.827214 0.18073699999999995
v 0.410099 0.77476 0.18073699999999995
v 0.462555 0.805043 0.18073699999999995
v 0.462559 0.805047 -0.795674
v 0.462555 0.805043 0.18073699999999995
v 0.410099 0.77476 0.18073699999999995
v 0.410099 0.774759 -0.795674
v 0.379814 0.827216 -0.795674
v 0.37981 0.827214 0.18073699999999995
v 0.43227 0.857503 0.18073699999999995
v 0.43227 0.857503 -0.795674
v 1.474789 0.757186 0.08808299999999995
v 1.51762 0.800017 0.08808299999999994
v 1.474792 0.842848 0.08808299999999994
v 1.431961 0.800017 0.08808299999999994
v 1.375221 0.7729249999999999 -1.191511
v 1.418053 0.7300939999999999 -1.191511
v 1.474789 0.757186 0.08808299999999995
v 1.431961 0.800017 0.08808299999999994
v 1.480675 0.007877 0.0019509999999999996
v 1.53759 0.028593 0.0019509999999999983
v 1.516876 0.085512 0.0019509999999999948
v 1.459957 0.064796 0.0019509999999999961
v 1.390156 0.06479499999999995 -0.904289
v 1.41087 0.007876999999999945 -0.904289
v 1.480675 0.007877 0.0019509999999999996
v 1.459957 0.064796 0.0019509999999999961
v 0.302704 -1.279047 -0.6505289999999999
v 0.240604 -1.137812 -1.008523
v 0.205391 -1.154233 -1.008523
v 0.267487 -1.295469 -0.6505289999999999
v 0.255886 -1.295741 -0.30633999999999995
v 0.281483 -1.350637 -0.30633999999999995
v 0.33638 -1.32504 -0.30633999999999995
v 0.310783 -1.270141 -0.30633999999999995
v 0.310783 -1.270143 -1.684365
v 0.255886 -1.295741 -1.684365
v 0.255886 -1.295741 -0.30633999999999995
v 0.310783 -1.270141 -0.30633999999999995
v -0.503277 -1.090665 0.07485100000000007
v -0.555737 -1.120951 0.07485100000000007
v -0.525452 -1.173407 0.07485100000000007
v -0.472996 -1.143122 0.07485100000000007
v -0.472996 -1.143121 -0.6073669999999999
v -0.503277 -1.090665 -0.6073669999999999
v -0.503277 -1.090665 0.07485100000000007
v -0.472996 -1.143122 0.07485100000000007
v 0.718441 1.295575 -0.010561000000000079
v 0.677387 1.147557 -0.5094480000000001
v 0.714916 1.1375 -0.5094480000000001
v 0.755974 1.285519 -0.010561000000000077
v 0.767193 1.278359 0.12856499999999993
v 0.782871 1.336867 0.12856499999999993
v 0.724365 1.352544 0.12856499999999993
v 0.708687 1.294036 0.12856499999999993
v 0.724365 1.352545 -0.5085210000000001
v 0.708687 1.294036 -0.5085210000000001
v 0.708687 1.294036 0.12856499999999993
v 0.724365 1.352544 0.12856499999999993
v 0.708687 1.294036 -0.5085210000000001
v 0.767193 1.278359 -0.5085210000000001
v 0.767193 1.278359 0.12856499999999993
v 0.708687 1.294036 0.12856499999999993
v 1.342587 1.01863 -0.16310000000000005
v 1.253956 0.895863 -0.758919
v 1.285786 0.873576 -0.758919
v 1.374416 0.996343 -0.16310000000000005
v 1.383087 0.98806 0.19749099999999994
v 1.417831 1.037678 0.19749099999999994
v 1.368214 1.072421 0.19749099999999994
v 1.333469 1.022803 0.19749099999999994
v 1.368214 1.072421 -0.7579920000000001
v 1.333469 1.022803 -0.7579920000000001
v 1.333469 1.022803 0.19749099999999994
v 1.368214 1.072421 0.19749099999999994
v 1.333469 1.022803 -0.7579920000000001
v 1.383087 0.98806 -0.7579920000000001
v 1.383087 0.98806 0.19749099999999994
v 1.333469 1.022803 0.19749099999999994
v 1.41959 -1.206885 -0.04062899999999992
v 1.305065 -1.110787 -0.40987199999999996
v 1.28009 -1.140552 -0.40987199999999996
v 1.394615 -1.236651 -0.04062899999999992
v 1.385658 -1.24595 0.11953600000000007
v 1.43206 -1.284885 0.11953600000000009
v 1.470993 -1.238485 0.11953600000000007
v 1.424591 -1.199549 0.11953600000000007
v 1.424591 -1.201061 -0.4089459999999999
v 1.424591 -1.199549 0.11953600000000007
v 1.470993 -1.238485 0.11953600000000007
v 1.470993 -1.239997 -0.4089459999999999
v 1.424591 -1.201061 -0.4089459999999999
v 1.385658 -1.247461 -0.4089459999999999
v 1.385658 -1.24595 0.11953600000000007
v 1.424591 -1.199549 0.11953600000000007
v 1.227345 -1.36379 0.047543000000000085
v 1.172451 -1.389389 0.047543000000000085
v 1.198048 -1.444285 0.04754300000000009
v 1.252949 -1.418687 0.04754300000000009
v 0.762459 -1.556076 0.1212970000000001
v 0.784962 -1.612312 0.1212970000000001
v 0.841198 -1.58981 0.1212970000000001
v 0.818703 -1.533571 0.1212970000000001
v 0.841198 -1.58981 -0.40894599999999987
v 0.818699 -1.533573 -0.40894599999999987
v 0.818703 -1.533571 0.1212970000000001
v 0.841198 -1.58981 0.1212970000000001
v 0.818699 -1.533573 -0.40894599999999987
v 0.762459 -1.556076 -0.40894599999999987
v 0.762459 -1.556076 0.1212970000000001
v 0.818703 -1.533571 0.1212970000000001
v -1.202282 1.989526 0.3619219999999999
v -1.905949 1.964297 0.3261439999999999
v -1.895176 1.933203 -1.1837454330260304E-16
v -1.221512 1.959893 -1.2000883445606519E-16
v -1.895176 1.933203 -1.1837454330260304E-16
v -1.905949 1.964297 0.3261439999999999
v -1.202282 1.989526 0.3619219999999999
v -1.221512 1.959893 -1.2000883445606519E-16
v -1.215702 1.947888 -1.19273740214877E-16
v -1.202911 1.995864 0.5185709999999999
v -1.207623 2.015213 0.5185709999999999
v -1.220406 1.967238 -1.2045858599305205E-16
v -1.203045 1.963261 -1.202150649770416E-16
v -1.190262 2.011236 0.5185709999999999
v -1.202911 1.995864 0.5185709999999999
v -1.215702 1.947888 -1.19273740214877E-16
v 1.864552 0.50788 -3.109868081754789E-17
v 1.913723 0.514769 0.518571
v 1.929714 0.526632 0.518571
v 1.880547 0.519742 -3.1825018834122187E-17
v 1.88364 0.502202 -3.0751003591269955E-17
v 1.932808 0.509092 0.518571
v 1.913723 0.514769 0.518571
v 1.864552 0.50788 -3.109868081754789E-17
v 1.863403 1.370625 -8.392657595406704E-17
v 1.920609 1.409249 0.5314149999999999
v 1.930088 1.42676 0.5314149999999999
v 1.872883 1.388135 -8.499875422672056E-17
v 1.883099 1.373545 -8.410537438674256E-17
v 1.940304 1.412169 0.5314149999999999
v 1.920609 1.409249 0.5314149999999999
v 1.863403 1.370625 -8.392657595406704E-17
v 1.856922 1.053345 -0.0005910000000000646
v 1.868542 1.077492 0.3331279999999999
v 1.854828 1.110157 0.33362499999999995
v 1.828888 1.120796 -0.0004080000000000686
v 1.896683 1.148872 -5.0000000000070354E-05
v 1.888153 1.123932 0.33467499999999994
v 1.901897 1.091233 0.33422799999999997
v 1.92474 1.081387 -0.0001980000000000662
v 0.832241 0.381369 0.21317099999999997
v 0.843208 0.393341 0.21296999999999996
v 0.593327 0.514549 0.694796
v 0.583275 0.503679 0.686596
v 0.744778 0.74502 0.21317099999999994
v 0.733807 0.756992 0.21296999999999994
v 0.583996 0.517577 0.694796
v 0.593948 0.506615 0.686596
v 0.446163 0.294148 0.21317099999999997
v 0.457134 0.282177 0.21296999999999996
v 0.581085 0.49697300000000005 0.694796
v 0.571133 0.507935 0.686596
v -1.603039 -0.758687 0.10149900000000005
v -1.654415 -0.757761 0.10149900000000005
v -1.680325 -2.014001 0.14989900000000012
v -1.628948 -2.014926 0.14989900000000012
v -1.733807 -0.670649 0.04510000000000004
v -1.785015 -0.675129 0.04510000000000004
v -1.633038 -2.017492 0.09349900000000012
v -1.581837 -2.013012 0.09349900000000012
v -0.79998 -0.684468 0.042700000000000043
v -1.514084 -1.23806 0.06580000000000007
v -1.51387 -1.298664 0.06820000000000008
v -0.743126 -0.684749 0.04840000000000004
v -1.813961 1.644866 0.1142999999999999
v -1.74263 1.684607 0.020699999999999896
v -1.855782 1.620692 0.0285999999999999
v -1.876671 1.608716 0.07289999999999991
v 0.365822 1.563509 1.001535
v 0.33987 1.680228 1.001535
v 0.33987 1.680228 1.108836
v 0.365822 1.563509 1.108836
v 1.856812 -1.663834 -0.0219399999999999
v 1.868431 -1.639687 0.33017600000000014
v 1.854721 -1.607022 0.33067400000000013
v 1.828777 -1.596383 -0.021757999999999902
v 1.896572 -1.568307 -0.021398999999999904
v 1.888046 -1.593247 0.3317230000000001
v 1.901787 -1.625946 0.3312760000000001
v 1.924633 -1.635792 -0.0215469999999999
v 1.58173 -1.879487 0.1665680000000001
v 1.639503 -1.855684 0.1674600000000001
v 1.615692 -1.799045 0.1678230000000001
v 1.557961 -1.822905 0.16697100000000012
v 1.561592 -1.921312 -0.007509999999999882
v 1.58173 -1.879487 0.1665680000000001
v 1.557961 -1.822905 0.16697100000000012
v 1.513035 -1.804476 -0.00729299999999989
v 1.630463 -1.755845 -0.0068689999999998926
v 1.615692 -1.799045 0.1678230000000001
v 1.639503 -1.855684 0.1674600000000001
v 1.679062 -1.872739 -0.007043999999999885
v -1.092239 -0.485452 -0.02914499999999997
v -1.077694 -0.5132419999999999 0.911703
v -1.096966 -0.49042699999999995 0.911496
v -1.111401 -0.462617 -0.02914999999999997
v -1.51585 -0.62883 -0.015408999999999963
v -1.538311 -0.635637 0.656025
v -1.558357 -0.612457 0.657005
v -1.535034 -0.605987 -0.015384999999999963
v -1.352375 0.436081 -0.016821000000000027
v -1.349926 0.502755 0.811715
v -1.3708 0.526322 0.813973
v -1.371578 0.458933 -0.016766000000000027
v -1.11161 -0.025698 -0.015715
v -1.110332 -0.02710599999999993 1.198482
v -1.129608 -0.004295999999999927 1.198276
v -1.130768 -0.002863000000000001 -0.01572
v -1.633705 -0.133353 -0.00931899999999999
v -1.736599 -0.14798399999999995 0.942804
v -1.756645 -0.12480799999999995 0.943784
v -1.652889 -0.110509 -0.009295999999999994
v -0.57972 -0.418471 0.08449300000000003
v -0.57972 -0.357902 0.08449300000000003
v -0.640289 -0.357902 0.08449300000000003
v -0.640293 -0.418476 0.08449300000000003
v -0.640289 -0.41847100000000004 -0.607367
v -0.640293 -0.418476 0.08449300000000003
v -0.640289 -0.357902 0.08449300000000003
v -0.640289 -0.35790200000000005 -0.607367
v -0.640289 -0.41847100000000004 -0.607367
v -0.57972 -0.41847100000000004 -0.607367
v -0.57972 -0.418471 0.08449300000000003
v -0.640293 -0.418476 0.08449300000000003
v 1.802357 -1.850681 0.3401380000000001
v 1.873547 -1.821351 0.3412380000000001
v 1.844212 -1.751561 0.3416850000000001
v 1.773079 -1.780961 0.34063500000000013
v 1.777546 -1.902219 -0.013616999999999884
v 1.802357 -1.850681 0.3401380000000001
v 1.773079 -1.780961 0.34063500000000013
v 1.717716 -1.758254 -0.013433999999999892
v 1.862411 -1.69833 -0.013075999999999897
v 1.844212 -1.751561 0.3416850000000001
v 1.873547 -1.821351 0.3412380000000001
v 1.922298 -1.842367 -0.013222999999999888
v 1.940166 -1.410832 8.638854464673294E-17
v 2.009193 -1.411012 0.5314150000000001
v 2.026875 -1.401852 0.5314150000000001
v 1.957851 -1.401672 8.582765641272345E-17
v 1.958111 -1.419481 8.69181431550242E-17
v 2.027134 -1.419661 0.5314150000000001
v 2.009193 -1.411012 0.5314150000000001
v 1.940166 -1.410832 8.638854464673294E-17
v 0.132858 0.624289 0.18073699999999998
v 0.102573 0.676746 0.18073699999999998
v 0.050117 0.64646 0.18073699999999998
v 0.080402 0.594003 0.18073699999999998
v 0.080402 0.594004 -0.789494
v 0.132858 0.624289 -0.789494
v 0.132858 0.624289 0.18073699999999998
v 0.080402 0.594003 0.18073699999999998
v 1.43256 0.376377 0.19749099999999997
v 1.443077 0.316726 0.19749099999999997
v 1.502728 0.327242 0.19749099999999997
v 1.49221 0.386896 0.19749099999999997
v 1.452614 0.38689499999999993 -0.759114
v 1.49221 0.386896 0.19749099999999997
v 1.502728 0.327242 0.19749099999999997
v 1.463131 0.3272439999999999 -0.759114
v 1.452614 0.38689499999999993 -0.759114
v 1.392963 0.37637699999999996 -0.759114
v 1.43256 0.376377 0.19749099999999997
v 1.49221 0.386896 0.19749099999999997
v 0.436512 0.64247 0.10294999999999996
v 0.034744 1.66176 -0.0018050000000001017
v -0.225529 1.551126 -0.001805000000000095
v 0.176136 0.531979 0.10294999999999997
v 0.321293 1.641308 1.108136
v 0.335548 1.644523 1.108136
v 0.328533 1.675812 1.056136
v 0.314308 1.672692 1.056136
v 0.346344 1.625424 0.4414359999999999
v 0.332119 1.6223 0.4414359999999999
v 0.328533 1.675812 1.056136
v 0.58849 0.5056350000000001 1.108935
v 0.574257 0.5025060000000001 1.108935
v 0.570587 0.515234 0.762802
v 0.586472 0.518813 0.762802
v 0.335548 1.644523 1.108136
v 0.321293 1.641308 1.108136
v 0.567219 0.5343370000000001 1.158936
v 0.581478 0.5375520000000001 1.158936
v 0.567219 0.5343370000000001 1.158936
v 0.574257 0.5025060000000001 1.108935
v 0.58849 0.5056350000000001 1.108935
v -0.480858 -1.135675 -0.04062899999999993
v -0.347286 -1.061679 -0.6082939999999999
v -0.366711 -1.028029 -0.6082939999999999
v -0.500286 -1.102025 -0.04062899999999993
v -0.593674 -0.402161 -0.19316799999999998
v -0.430126 -0.41079400000000005 -0.608294
v -0.430126 -0.3719390000000001 -0.608294
v -0.593674 -0.363305 -0.19316799999999998
v -1.91745 1.969929 0.3619219999999999
v -1.963768 1.388471 0.2988039999999999
v -1.920162 1.394877 -8.541158266271313E-17
v -1.889603 1.948186 -1.1929198745218428E-16
v -1.920162 1.394877 -8.541158266271313E-17
v -1.963768 1.388471 0.2988039999999999
v -1.91745 1.969929 0.3619219999999999
v -1.889603 1.948186 -1.1929198745218428E-16
v -1.859623 -1.045311 0.23326200000000005
v -1.66724 -1.967151 0.2704000000000001
v -1.614979 -1.997417 0.26640000000000014
v -1.830524 -0.996161 0.22996200000000006
v -1.620869 -0.748588 0.04510000000000005
v -1.672073 -0.753068 0.04510000000000005
v -1.562347 -2.007276 0.09350000000000012
v -1.511147 -2.002797 0.09350000000000012
v -1.779076 1.584389 0.1142999999999999
v -1.841705 1.548174 0.07289999999999991
v -1.8209 1.560215 0.028599999999999903
v -1.708984 1.626226 0.0206999999999999
v 0.321983 1.556298 1.001535
v 0.321983 1.556298 1.108836
v 0.297585 1.666242 1.108836
v 0.297585 1.666242 1.001535
v -1.858353 0.437714 -0.014166000000000026
v -1.820675 0.47566600000000003 0.654966
v -1.842339 0.49960800000000005 0.656298
v -1.877571 0.460574 -0.014082000000000029
v -1.066517 1.401575 0.12835599999999991
v -1.066517 1.401575 -0.00043600000000008584
v -0.958412 1.544168 -0.00043600000000009457
v -0.958412 1.544168 0.12835599999999991
v -0.958412 1.544168 0.12835599999999991
v -0.958412 1.544168 -0.00043600000000009457
v -1.250248 1.765936 -0.0004360000000001082
v -1.250248 1.765936 0.1283559999999999
v -1.250248 1.765936 0.1283559999999999
v -1.250248 1.765936 -0.0004360000000001082
v -1.358997 1.622941 -0.0004360000000000994
v -1.358997 1.622941 0.1283559999999999
v -1.358997 1.622941 0.1283559999999999
v -1.358997 1.622941 -0.0004360000000000994
v -1.066517 1.401575 -0.00043600000000008584
v -1.066517 1.401575 0.12835599999999991
v -1.250248 1.765936 0.1283559999999999
v -1.358997 1.622941 0.1283559999999999
v -1.066517 1.401575 0.12835599999999991
v -0.958412 1.544168 0.12835599999999991
v 1.298615 1.423345 0.23920399999999992
v 1.199337 1.216882 0.23920399999999992
v 1.199337 1.216882 -0.00043600000000007457
v 1.298615 1.423345 -0.0004360000000000872
v 1.199337 1.216882 0.23920399999999992
v 0.978691 1.322897 0.23920399999999992
v 0.978691 1.322897 -0.000436000000000081
v 1.199337 1.216882 -0.00043600000000007457
v 0.978691 1.322897 0.23920399999999992
v 1.078037 1.530113 0.23920399999999992
v 1.078037 1.530113 -0.0004360000000000937
v 0.978691 1.322897 -0.000436000000000081
v 1.078037 1.530113 0.23920399999999992
v 1.298615 1.423345 0.23920399999999992
v 1.298615 1.423345 -0.0004360000000000872
v 1.078037 1.530113 -0.0004360000000000937
v 0.978691 1.322897 0.23920399999999992
v 1.199337 1.216882 0.23920399999999992
v 1.298615 1.423345 0.23920399999999992
v 1.078037 1.530113 0.23920399999999992
v 1.718903 1.440605 0.22372099999999992
v 1.641293 1.279371 0.22372099999999992
v 1.641293 1.279371 -0.00043600000000007836
v 1.718903 1.440605 -0.0004360000000000882
v 1.641293 1.279371 0.22372099999999992
v 1.375099 1.407206 0.22372099999999992
v 1.375099 1.407206 -0.00043600000000008617
v 1.641293 1.279371 -0.00043600000000007836
v 1.375099 1.407206 0.22372099999999992
v 1.452778 1.569195 0.22372099999999992
v 1.452778 1.569195 -0.0004360000000000961
v 1.375099 1.407206 -0.00043600000000008617
v 1.452778 1.569195 0.22372099999999992
v 1.718903 1.440605 0.22372099999999992
v 1.718903 1.440605 -0.0004360000000000882
v 1.452778 1.569195 -0.0004360000000000961
v 1.375099 1.407206 0.22372099999999992
v 1.641293 1.279371 0.22372099999999992
v 1.718903 1.440605 0.22372099999999992
v 1.452778 1.569195 0.22372099999999992
v -1.866707 0.537202 0.554666
v -1.751102 -0.13094799999999995 0.86887
v -1.823151 -0.148222 0.150885
v -1.886871 0.466317 0.05059299999999997
v 0.086433 0.60199 0.08210599999999996
v 0.161846 0.46829299999999996 -1.004876
v 0.195496 0.48771999999999993 -1.004876
v 0.120087 0.621419 0.08210599999999996
v 0.09177 0.664878 0.02538399999999996
v 0.00507 0.848864 -0.760018
v -0.02858 0.829436 -0.760018
v 0.058125 0.645449 0.025383999999999962
v 0.426682 0.849517 0.02538399999999995
v 0.350826 0.983214 -0.5094480000000001
v 0.317177 0.963787 -0.5094480000000001
v 0.393032 0.830088 0.02538399999999995
v 1.430206 0.792872 -0.010561000000000048
v 1.274876 0.661722 -0.760018
v 1.302349 0.634246 -0.760018
v 1.457684 0.765397 -0.010561000000000046
v 0.811543 -1.536342 -0.19316799999999992
v 0.756001 -1.397541 -0.4098719999999999
v 0.719921 -1.411976 -0.4098719999999999
v 0.775467 -1.550778 -0.19316799999999992
v -1.175911 0.06605800000000002 0.18171
v -1.175911 0.066058 -0.0004360000000000041
v -1.39711 0.006444 -0.0004360000000000004
v -1.39711 0.006444000000000011 0.18171
v -1.39711 0.006444000000000011 0.18171
v -1.39711 0.006444 -0.0004360000000000004
v -1.333485 -0.229934 -0.00043599999999998593
v -1.333485 -0.229934 0.18171000000000004
v -1.333485 -0.229934 0.18171000000000004
v -1.333485 -0.229934 -0.00043599999999998593
v -1.111534 -0.170393 -0.0004359999999999896
v -1.111534 -0.170393 0.18171
v -1.111534 -0.170393 0.18171
v -1.111534 -0.170393 -0.0004359999999999896
v -1.175911 0.066058 -0.0004360000000000041
v -1.175911 0.06605800000000002 0.18171
v -1.333485 -0.229934 0.18171000000000004
v -1.111534 -0.170393 0.18171
v -1.175911 0.06605800000000002 0.18171
v -1.39711 0.006444000000000011 0.18171
v -1.566128 -0.22257399999999997 0.239204
v -1.566128 -0.222574 -0.0004359999999999864
v -1.795219 -0.222906 -0.00043599999999998637
v -1.795219 -0.22290599999999997 0.239204
v -1.795219 -0.22290599999999997 0.239204
v -1.795219 -0.222906 -0.00043599999999998637
v -1.794941 -0.467698 -0.0004359999999999714
v -1.794941 -0.467698 0.23920400000000003
v -1.794941 -0.467698 0.23920400000000003
v -1.794941 -0.467698 -0.0004359999999999714
v -1.56514 -0.467631 -0.0004359999999999714
v -1.56514 -0.467631 0.23920400000000003
v -1.56514 -0.467631 0.23920400000000003
v -1.56514 -0.467631 -0.0004359999999999714
v -1.566128 -0.222574 -0.0004359999999999864
v -1.566128 -0.22257399999999997 0.239204
v -1.794941 -0.467698 0.23920400000000003
v -1.56514 -0.467631 0.23920400000000003
v -1.566128 -0.22257399999999997 0.239204
v -1.795219 -0.22290599999999997 0.239204
v 0.859509 0.380937 0.21783499999999997
v 0.753521 0.776031 0.21783499999999995
v 0.332619 0.661429 0.21783499999999997
v 0.43874 0.267677 0.21783499999999997
v 0.432781 0.55913 0.4144379999999999
v 0.432781 0.55913 0.21630499999999997
v 0.547615 0.360898 0.21630499999999997
v 0.547615 0.360898 0.414438
v 0.547615 0.360898 0.414438
v 0.547615 0.360898 0.21630499999999997
v 0.759472 0.483535 0.21630499999999997
v 0.759472 0.483535 0.4144379999999999
v 0.759472 0.483535 0.4144379999999999
v 0.759472 0.483535 0.21630499999999997
v 0.644516 0.682514 0.21630499999999994
v 0.644516 0.682514 0.4144379999999999
v 0.644516 0.682514 0.4144379999999999
v 0.644516 0.682514 0.21630499999999994
v 0.432781 0.55913 0.21630499999999997
v 0.432781 0.55913 0.4144379999999999
v 0.759472 0.483535 0.4144379999999999
v 0.644516 0.682514 0.4144379999999999
v 0.432781 0.55913 0.4144379999999999
v 0.547615 0.360898 0.414438
v -0.228073 0.31010999999999994 -0.993837
v -0.228073 -0.6458070000000001 -0.972137
v -0.004669 -0.6458070000000001 -0.972137
v -0.004669 0.31010999999999994 -0.993837
v -1.584724 -1.636682 -0.0026999999999999
v -1.778336 -1.683485 0.29770000000000013
v -1.81546 -1.692483 0.29770000000000013
v -1.621845 -1.64568 -0.0026999999999998995
v -1.588722 -1.620471 -0.002699999999999901
v -1.625751 -1.629478 -0.0026999999999999004
v -1.819366 -1.67628 0.29770000000000013
v -1.782337 -1.667274 0.29770000000000013
v -1.81826 -1.680895 -0.0026999999999998974
v -1.781147 -1.671996 -0.002699999999999898
v -1.587521 -1.625094 0.29770000000000013
v -1.624649 -1.634092 0.29770000000000013
v -1.822166 -1.664693 -0.0026999999999998982
v -1.628551 -1.61789 0.29770000000000013
v -1.591522 -1.608883 0.29770000000000013
v -1.785141 -1.655686 -0.0026999999999998987
v -1.827202 -1.172681 0.16190000000000007
v -1.711861 -1.649951 0.1619000000000001
v -1.696678 -1.646262 0.1619000000000001
v -1.812023 -1.168993 0.16190000000000007
v -1.803978 -1.810448 0.47676400000000013
v -1.820179 -1.814353 0.4884640000000001
v -1.865917 -1.825409 0.42126400000000014
v -1.849613 -1.821512 0.4095640000000001
v -1.920879 -1.782786 0.03200000000000011
v -1.916023 -1.838274 0.03200000000000011
v -1.349396 -1.7887 0.03200000000000011
v -1.354252 -1.733212 0.032000000000000105
v -1.643551 1.805639 0.00409999999999989
v -1.553604 1.650538 0.0045999999999998984
v -1.46191 1.69852 0.0995999999999999
v -1.556767 1.862707 0.09549999999999989
v -1.448048 1.700729 0.09719999999999988
v -1.546261 1.649336 -0.003100000000000101
v -1.639473 1.811746 -0.002101000000000111
v -1.540558 1.87782 0.09719999999999988
v -1.403835 1.949907 0.09889999999999988
v -1.883083 1.723353 0.1450999999999999
v -1.872337 1.701936 0.1452999999999999
v -1.398605 1.937939 0.09959999999999987
v -1.758049 1.731884 0.016198999999999894
v -1.673336 1.585479 0.017199999999999903
v -1.553604 1.650538 0.0045999999999998984
v -1.643551 1.805639 0.00409999999999989
v -1.740173 1.507228 0.12929999999999992
v -1.46191 1.69852 0.0995999999999999
v -1.553604 1.650538 0.0045999999999998984
v -1.673336 1.585479 0.017199999999999903
v -1.673336 1.585479 0.017199999999999903
v -1.758049 1.731884 0.016198999999999894
v -1.858807 1.712772 0.12529999999999988
v -1.740173 1.507228 0.12929999999999992
v -1.858807 1.712772 0.12529999999999988
v -1.758049 1.731884 0.016198999999999894
v -1.643551 1.805639 0.00409999999999989
v -1.556767 1.862707 0.09549999999999989
v -1.794991 1.602179 0.1292469999999999
v -1.89344 1.545222 0.11654099999999991
v -1.879707 1.553297 -0.014973000000000096
v -1.7799 1.610904 -0.0004900000000000986
v -1.876343 1.709609 0.1282999999999999
v -1.761768 1.730562 0.016198999999999894
v -1.6805 1.577256 0.010599999999999903
v -1.752422 1.495579 0.1283999999999999
v -1.876343 1.709609 0.1282999999999999
v -1.540558 1.87782 0.09719999999999988
v -1.639473 1.811746 -0.002101000000000111
v -1.761768 1.730562 0.016198999999999894
v 1.925148 0.814918 0.12239999999999994
v 1.925636 0.813612 -0.00150000000000005
v 1.737553 0.846604 -0.0015000000000000519
v 1.737289 0.847062 0.12239999999999994
v 1.924835 0.870706 0.22029999999999994
v 1.962723 0.97412 0.22029999999999994
v 1.859329 1.011641 0.22029999999999994
v 1.821346 0.908055 0.22029999999999994
v 1.821346 0.908055 0.22029999999999994
v 1.859329 1.011641 0.22029999999999994
v 1.859455 1.011455 -6.19337564115793E-17
v 1.821598 0.907679 -5.557930910016352E-17
v 0.408783 1.090065 0.7004999999999999
v 0.274654 1.542393 0.7011359999999999
v 0.24596 1.537833 0.7011359999999999
v 0.377995 1.082653 0.7004999999999999
v 0.596588 1.552704 0.39173599999999986
v 0.588062 1.592415 0.39173599999999986
v 0.109013 1.487857 0.39173599999999986
v 0.117634 1.448109 0.39173599999999986
v 0.277542 1.409407 -0.5157270000000002
v 0.209549 1.392754 -0.5157270000000002
v 0.301029 1.631227 1.065435
v 0.320305 1.635386 1.037136
v 0.517548 1.535505 -0.012264000000000094
v 0.457615 1.525812 -0.012264000000000094
v 0.341564 1.639994 1.037136
v 0.360851 1.644146 1.065435
v 0.129345 1.856001 -0.013864000000000114
v 0.110638 1.941139 -0.01376400000000012
v 0.164555 1.954183 -0.01376400000000012
v 0.183323 1.868923 -0.013864000000000114
v 0.542057 0.5546680000000002 1.141136
v 0.561893 0.5594750000000001 1.141136
v 0.164555 1.954183 -0.01376400000000012
v 0.110638 1.941139 -0.01376400000000012
v -1.852142 -1.819286 0.4184630000000001
v -1.842194 -1.81684 0.4330640000000001
v -1.689495 -1.780012 0.2493630000000001
v -1.469421 -1.726786 0.1645640000000001
v -1.479366 -1.729133 0.1499640000000001
v -1.87714 1.952927 -1.1958228997592216E-16
v -1.896828 1.949927 -1.1939859295605004E-16
v -1.92382 1.969847 0.5185709999999999
v -1.943504 1.966847 0.5185709999999999
v -1.938034 1.983795 0.5185709999999999
v -1.74461 0.747652 -0.002122000000000046
v -1.745121 0.733822 0.14390099999999995
v -1.814411 0.770471 0.14390099999999995
v -1.803288 0.778628 -0.002122000000000048
v -1.828926 0.847394 0.14390099999999995
v -1.815578 0.843809 -0.002122000000000052
v -1.777859 0.906759 0.14390099999999995
v -1.772343 0.894107 -0.002122000000000055
v -1.699612 0.903868 0.14390099999999995
v -1.706059 0.891639 -0.002122000000000055
v -1.653049 0.840805 0.14390099999999995
v -1.666645 0.838274 -0.0021220000000000514
v -1.673382 0.765145 0.14390099999999995
v -1.683819 0.774151 -0.0021220000000000475
v -1.745121 0.733822 0.14390099999999995
v -1.74461 0.747652 -0.002122000000000046
v 1.718246 1.019078 -0.0016990000000000624
v 1.718334 1.019029 0.19039999999999996
v 1.780567 0.983216 0.19039999999999996
v 1.780514 0.983128 -0.0016990000000000603
v 1.780422 0.911361 0.19039999999999996
v 1.780544 0.911174 -0.0016990000000000557
v 1.718044 0.875322 0.19039999999999996
v 1.718166 0.875136 -0.0016990000000000535
v 1.655903 0.911086 0.19039999999999996
v 1.655903 0.911086 -0.0016990000000000557
v 1.65596 0.982987 0.19039999999999996
v 1.655869 0.983041 -0.0016990000000000603
v 1.718246 1.019078 -0.0016990000000000624
v 1.718334 1.019029 0.19039999999999996
v 0.401402 1.562082 0.2504009999999999
v 0.305706 1.540413 0.2504009999999999
v 0.287521 1.622066 0.2986649999999999
v 0.383228 1.643733 0.2986649999999999
v 0.280293 1.654331 0.3894399999999999
v 0.376068 1.67599 0.3894399999999999
v 0.287521 1.622066 0.4802149999999999
v 0.383228 1.643733 0.4802149999999999
v 0.305706 1.540413 0.5285249999999999
v 0.401402 1.562082 0.5285249999999999
v 0.326385 1.447588 0.5117679999999999
v 0.422062 1.469209 0.5117679999999999
v 0.339886 1.38697 0.43774999999999986
v 0.435547 1.408591 0.43774999999999986
v 0.339886 1.38697 0.34117599999999987
v 0.435547 1.408591 0.34117599999999987
v 0.326385 1.447588 0.26715899999999987
v 0.422062 1.469209 0.26715899999999987
v 0.305706 1.540413 0.2504009999999999
v 0.401402 1.562082 0.2504009999999999
v 1.98101 -1.777595 0.32851200000000014
v 1.996948 -1.416096 0.2988040000000001
v 1.952908 -1.417696 8.68088434282003E-17
v 1.95647 -1.772804 1.0855293720578122E-16
v 1.887341 -1.989004 0.36192200000000013
v 1.862038 -1.964347 1.202815632982353E-16
v 1.95647 -1.772804 1.0855293720578122E-16
v 1.952908 -1.417696 8.68088434282003E-17
v 1.996948 -1.416096 0.2988040000000001
v 1.981014 -1.777595 0.32851200000000014
v 1.862038 -1.964347 1.202815632982353E-16
v 1.887341 -1.989004 0.36192200000000013
v 1.990726 0.866621 0.32851199999999997
v 1.913334 1.398165 0.2988039999999999
v 1.877796 1.3721 -8.401689365550418E-17
v 1.98365 0.891336 -5.457858896824026E-17
v 1.908131 0.511716 0.36192199999999997
v 1.873352 0.517903 -3.171241256094058E-17
v 1.98365 0.891336 -5.457858896824026E-17
v 1.877796 1.3721 -8.401689365550418E-17
v 1.913334 1.398165 0.2988039999999999
v 1.990726 0.866621 0.32851199999999997
v 1.873352 0.517903 -3.171241256094058E-17
v 1.908131 0.511716 0.36192199999999997
v -1.688618 -1.783803 0.2493640000000001
v -1.841209 -1.820639 0.4330640000000001
v -1.851158 -1.823085 0.4184640000000001
v -1.468437 -1.730585 0.1645640000000001
v -1.478493 -1.733022 0.1499640000000001
v -1.745121 0.733822 0.14390099999999995
v -1.673382 0.765145 0.14390099999999995
v -1.653049 0.840805 0.14390099999999995
v -1.814411 0.770471 0.14390099999999995
v -1.777859 0.906759 0.14390099999999995
v -1.828926 0.847394 0.14390099999999995
v -1.699612 0.903868 0.14390099999999995
v 1.718044 0.875322 0.19039999999999996
v 1.780422 0.911361 0.19039999999999996
v 1.655903 0.911086 0.19039999999999996
v 1.780567 0.983216 0.19039999999999996
v 1.718334 1.019029 0.19039999999999996
v 1.65596 0.982987 0.19039999999999996
v 0.422092 1.469254 0.5117659999999999
v 0.435593 1.408638 0.4377489999999999
v 0.401413 1.562081 0.5285239999999999
v 0.435593 1.408637 0.3411749999999999
v 0.422096 1.469255 0.2671559999999999
v 0.401413 1.562081 0.25039899999999987
v 0.383228 1.643734 0.2986629999999999
v 0.375999 1.675999 0.38943899999999987
v 0.383228 1.643733 0.48021399999999986
v 0.287525 1.622065 0.48021599999999987
v 0.280293 1.654331 0.38944099999999987
v 0.30571 1.540413 0.5285249999999999
v 0.287525 1.622066 0.2986649999999999
v 0.30571 1.540413 0.2503999999999999
v 0.326389 1.447587 0.2671579999999999
v 0.339886 1.38697 0.3411769999999999
v 0.339886 1.38697 0.4377509999999999
v 0.326385 1.447587 0.5117679999999999
v 1.110519 1.2084 0.5891439999999999
v 1.553017 0.87234 0.811263
v 1.715279 1.178893 0.7308259999999999
v 0.816532 1.638645 0.6250439999999999
v 0.670559 1.420373 0.7077899999999999
v 1.254711 1.429676 0.5230229999999999
v 1.910568 1.460248 0.7379969999999999
v 0.981838 1.94672 0.6413379999999999
v 1.408077 1.663016 0.5721999999999999
vt 0.239331 0.629466
vt 0.214970 0.646410
vt 0.223090 0.663716
vt 0.223090 0.663716
vt 0.247024 0.646771
vt 0.239331 0.629466
vt 0.678591 0.335078
vt 0.860766 0.335078
vt 0.860766 0.338752
vt 0.860766 0.338752
vt 0.678591 0.338752
vt 0.678591 0.335078
vt 0.875139 0.680817
vt 0.875139 0.610314
vt 0.917426 0.610313
vt 0.917426 0.610313
vt 0.917426 0.680817
vt 0.875139 0.680817
vt 0.941980 0.075081
vt 0.941980 0.066453
vt 0.905259 0.066453
vt 0.905259 0.066453
vt 0.905259 0.075081
vt 0.941980 0.075081
vt 0.418653 0.232396
vt 0.418653 0.250382
vt 0.248549 0.250382
vt 0.248549 0.250382
vt 0.248549 0.232396
vt 0.418653 0.232396
vt 0.977142 0.803639
vt 0.975474 0.790142
vt 0.993254 0.786616
vt 0.993254 0.786616
vt 0.991586 0.807165
vt 0.977142 0.803639
vt 0.875139 0.680817
vt 0.875139 0.610314
vt 0.917426 0.610313
vt 0.917426 0.610313
vt 0.917426 0.680817
vt 0.875139 0.680817
vt 0.875139 0.680817
vt 0.875139 0.610314
vt 0.917426 0.610313
vt 0.917426 0.610313
vt 0.917426 0.680817
vt 0.875139 0.680817
vt 0.875139 0.680817
vt 0.875139 0.610314
vt 0.917426 0.610313
vt 0.917426 0.610313
vt 0.917426 0.680817
vt 0.875139 0.680817
vt 0.678591 0.335078
vt 0.860766 0.335078
vt 0.860766 0.338752
vt 0.860766 0.338752
vt 0.678591 0.338752
vt 0.678591 0.335078
vt 0.860766 0.335078
vt 0.860766 0.342955
vt 0.860766 0.338752
vt 0.678591 0.335078
vt 0.860766 0.335078
vt 0.860766 0.338752
vt 0.860766 0.338752
vt 0.678591 0.338752
vt 0.678591 0.335078
vt 0.860766 0.335078
vt 0.860766 0.342955
vt 0.860766 0.338752
vt 0.678591 0.335078
vt 0.860766 0.335078
vt 0.860766 0.338752
vt 0.860766 0.338752
vt 0.678591 0.338752
vt 0.678591 0.335078
vt 0.486173 0.250382
vt 0.248549 0.250382
vt 0.248549 0.232397
vt 0.248549 0.232397
vt 0.486173 0.232397
vt 0.486173 0.250382
vt 0.248549 0.232397
vt 0.248549 0.250382
vt 0.560759 0.245893
vt 0.248549 0.268261
vt 0.248549 0.286241
vt 0.560730 0.271199
vt 0.248549 0.268261
vt 0.248549 0.286241
vt 0.469522 0.282508
vt 0.248549 0.232397
vt 0.248549 0.250382
vt 0.469522 0.233606
vt 0.248549 0.286241
vt 0.248549 0.268261
vt 0.582816 0.268261
vt 0.248549 0.250382
vt 0.248549 0.232397
vt 0.583116 0.250414
vt 0.248549 0.232397
vt 0.248549 0.250382
vt 0.415355 0.250382
vt 0.248549 0.268261
vt 0.248549 0.286241
vt 0.415355 0.268261
vt 0.403660 0.232397
vt 0.403660 0.250382
vt 0.248549 0.250382
vt 0.248549 0.250382
vt 0.248549 0.232397
vt 0.403660 0.232397
vt 0.480927 0.232397
vt 0.480927 0.250382
vt 0.248549 0.250382
vt 0.248549 0.250382
vt 0.248549 0.232397
vt 0.480927 0.232397
vt 0.378039 0.232397
vt 0.378039 0.250382
vt 0.248549 0.250382
vt 0.248549 0.250382
vt 0.248549 0.232397
vt 0.378039 0.232397
vt 0.136160 0.231479
vt 0.136105 0.250114
vt 0.006332 0.250114
vt 0.006332 0.250114
vt 0.006332 0.231470
vt 0.136160 0.231479
vt 0.006332 0.250114
vt 0.136105 0.250114
vt 0.006332 0.267335
vt 0.006332 0.214251
vt 0.136160 0.231479
vt 0.006332 0.231470
vt 0.378039 0.232397
vt 0.378039 0.250382
vt 0.248549 0.250382
vt 0.248549 0.250382
vt 0.248549 0.232397
vt 0.378039 0.232397
vt 0.678591 0.335078
vt 0.860766 0.335078
vt 0.860766 0.338752
vt 0.860766 0.338752
vt 0.678591 0.338752
vt 0.678591 0.335078
vt 0.678591 0.335078
vt 0.860766 0.335078
vt 0.860766 0.338752
vt 0.860766 0.338752
vt 0.678591 0.338752
vt 0.678591 0.335078
vt 0.488340 0.335078
vt 0.674292 0.335078
vt 0.674292 0.338752
vt 0.674292 0.338752
vt 0.488340 0.338752
vt 0.488340 0.335078
vt 0.980479 0.807165
vt 0.975474 0.790142
vt 0.993254 0.786616
vt 0.993254 0.786616
vt 0.991586 0.807165
vt 0.980479 0.807165
vt 0.875139 0.680817
vt 0.875139 0.610314
vt 0.917426 0.610313
vt 0.917426 0.610313
vt 0.917426 0.680817
vt 0.875139 0.680817
vt 0.979645 0.806283
vt 0.976308 0.789261
vt 0.993254 0.786616
vt 0.993254 0.786616
vt 0.992420 0.806283
vt 0.979645 0.806283
vt 0.875139 0.680817
vt 0.875139 0.610314
vt 0.917426 0.610313
vt 0.917426 0.610313
vt 0.917426 0.680817
vt 0.875139 0.680817
vt 0.875139 0.680817
vt 0.875139 0.610314
vt 0.917426 0.610313
vt 0.917426 0.610313
vt 0.917426 0.680817
vt 0.875139 0.680817
vt 0.418653 0.232396
vt 0.418653 0.250382
vt 0.248549 0.250382
vt 0.248549 0.250382
vt 0.248549 0.232396
vt 0.418653 0.232396
vt 0.875139 0.680817
vt 0.875139 0.610314
vt 0.917426 0.610313
vt 0.917426 0.610313
vt 0.917426 0.680817
vt 0.875139 0.680817
vt 0.674292 0.335078
vt 0.674292 0.342955
vt 0.674292 0.338752
vt 0.488340 0.335078
vt 0.674292 0.335078
vt 0.674292 0.338752
vt 0.674292 0.338752
vt 0.488340 0.338752
vt 0.488340 0.335078
vt 0.237841 0.231470
vt 0.237841 0.250114
vt 0.004526 0.250114
vt 0.004526 0.250114
vt 0.004526 0.231470
vt 0.237841 0.231470
vt 0.678591 0.330589
vt 0.860766 0.330589
vt 0.860766 0.335078
vt 0.860766 0.335078
vt 0.678591 0.335078
vt 0.678591 0.330589
vt 0.261896 0.605015
vt 0.340875 0.605015
vt 0.315854 0.631610
vt 0.315854 0.631610
vt 0.283827 0.631610
vt 0.261896 0.605015
vt 0.239331 0.629466
vt 0.247024 0.646771
vt 0.223090 0.663716
vt 0.223090 0.663716
vt 0.214970 0.646410
vt 0.239331 0.629466
vt 0.720584 0.860439
vt 0.752658 0.860439
vt 0.752658 0.929950
vt 0.752658 0.929950
vt 0.720584 0.929950
vt 0.752658 0.996041
vt 0.720584 0.996041
vt 0.752658 0.929950
vt 0.752658 0.996041
vt 0.993102 0.996041
vt 0.965681 0.996041
vt 0.965681 0.929950
vt 0.965681 0.929950
vt 0.993102 0.929950
vt 0.965681 0.929950
vt 0.965681 0.860439
vt 0.965681 0.860439
vt 0.993102 0.860439
vt 0.859294 0.860439
vt 0.752658 0.860439
vt 0.771228 0.834306
vt 0.859294 0.810728
vt 0.859294 0.860439
vt 0.859294 0.860439
vt 0.954450 0.834306
vt 0.965681 0.860439
vt 0.859294 0.860439
vt 0.756654 0.774424
vt 0.779022 0.774424
vt 0.779022 0.700431
vt 0.756653 0.700431
vt 0.756654 0.774424
vt 0.669576 0.774425
vt 0.669575 0.700432
vt 0.582682 0.774425
vt 0.582682 0.700432
vt 0.669576 0.801355
vt 0.469236 0.700433
vt 0.469236 0.774426
vt 0.582683 0.801356
vt 0.469236 0.774426
vt 0.956334 0.680817
vt 0.956334 0.610313
vt 0.991257 0.610313
vt 0.991257 0.680817
vt 0.956334 0.680817
vt 0.906209 0.043183
vt 0.905259 0.051881
vt 0.948568 0.051881
vt 0.948568 0.051881
vt 0.949068 0.043183
vt 0.004773 0.183701
vt 0.004773 0.172765
vt 0.362342 0.172765
vt 0.374445 0.183701
vt 0.004773 0.183701
vt 0.374445 0.191219
vt 0.362342 0.202155
vt 0.004773 0.202155
vt 0.004773 0.191219
vt 0.374445 0.191219
vt 0.418653 0.250382
vt 0.418653 0.268261
vt 0.248549 0.268261
vt 0.248549 0.268261
vt 0.248549 0.250382
vt 0.956334 0.680817
vt 0.956334 0.610313
vt 0.991257 0.610313
vt 0.991257 0.680817
vt 0.956334 0.680817
vt 0.956334 0.680817
vt 0.956334 0.610313
vt 0.991257 0.610313
vt 0.991257 0.680817
vt 0.956334 0.680817
vt 0.956334 0.680817
vt 0.956334 0.610313
vt 0.991257 0.610313
vt 0.991257 0.680817
vt 0.956334 0.680817
vt 0.861106 0.039642
vt 0.861106 0.032551
vt 0.649117 0.032553
vt 0.649117 0.032553
vt 0.649117 0.039645
vt 0.861111 0.025450
vt 0.861114 0.018350
vt 0.649125 0.018354
vt 0.649123 0.025452
vt 0.861111 0.025450
vt 0.861106 0.039642
vt 0.861106 0.032551
vt 0.649117 0.032553
vt 0.649117 0.032553
vt 0.649117 0.039645
vt 0.861111 0.025450
vt 0.861114 0.018350
vt 0.649125 0.018354
vt 0.649123 0.025452
vt 0.861111 0.025450
vt 0.861106 0.039642
vt 0.861106 0.032551
vt 0.649117 0.032553
vt 0.649117 0.032553
vt 0.649117 0.039645
vt 0.861111 0.025450
vt 0.861114 0.018350
vt 0.649125 0.018354
vt 0.649123 0.025452
vt 0.861111 0.025450
vt 0.861106 0.039642
vt 0.861106 0.032551
vt 0.649117 0.032553
vt 0.649117 0.032553
vt 0.649117 0.039645
vt 0.861111 0.025450
vt 0.861114 0.018350
vt 0.649125 0.018354
vt 0.649123 0.025452
vt 0.861111 0.025450
vt 0.486173 0.268261
vt 0.486173 0.286241
vt 0.248549 0.286241
vt 0.248549 0.268261
vt 0.486173 0.268261
vt 0.403660 0.250382
vt 0.403660 0.268261
vt 0.248549 0.268261
vt 0.248549 0.268261
vt 0.248549 0.250382
vt 0.480927 0.250382
vt 0.480927 0.268261
vt 0.248549 0.268261
vt 0.248549 0.268261
vt 0.248549 0.250382
vt 0.378039 0.250382
vt 0.378039 0.268261
vt 0.248549 0.268261
vt 0.248549 0.268261
vt 0.248549 0.250382
vt 0.378039 0.250382
vt 0.378039 0.268261
vt 0.248549 0.268261
vt 0.248549 0.268261
vt 0.248549 0.250382
vt 0.956334 0.680817
vt 0.956334 0.610313
vt 0.991257 0.610313
vt 0.991257 0.680817
vt 0.956334 0.680817
vt 0.956334 0.680817
vt 0.956334 0.610313
vt 0.991257 0.610313
vt 0.991257 0.680817
vt 0.956334 0.680817
vt 0.956334 0.680817
vt 0.956334 0.610313
vt 0.991257 0.610313
vt 0.991257 0.680817
vt 0.956334 0.680817
vt 0.861106 0.039642
vt 0.649117 0.039645
vt 0.649117 0.032553
vt 0.649117 0.032553
vt 0.861106 0.032551
vt 0.861111 0.025450
vt 0.649123 0.025452
vt 0.649125 0.018354
vt 0.861114 0.018350
vt 0.861111 0.025450
vt 0.861106 0.039642
vt 0.649117 0.039645
vt 0.649117 0.032553
vt 0.649117 0.032553
vt 0.861106 0.032551
vt 0.861111 0.025450
vt 0.649123 0.025452
vt 0.649125 0.018354
vt 0.861114 0.018350
vt 0.861111 0.025450
vt 0.861106 0.039642
vt 0.649117 0.039645
vt 0.649117 0.032553
vt 0.649117 0.032553
vt 0.861106 0.032551
vt 0.861111 0.025450
vt 0.649123 0.025452
vt 0.649125 0.018354
vt 0.861114 0.018350
vt 0.861111 0.025450
vt 0.861106 0.039642
vt 0.649117 0.039645
vt 0.649117 0.032553
vt 0.649117 0.032553
vt 0.861106 0.032551
vt 0.861111 0.025450
vt 0.649123 0.025452
vt 0.649125 0.018354
vt 0.861114 0.018350
vt 0.861111 0.025450
vt 0.861106 0.039642
vt 0.649117 0.039645
vt 0.649117 0.032553
vt 0.649117 0.032553
vt 0.861106 0.032551
vt 0.861111 0.025450
vt 0.649123 0.025452
vt 0.649125 0.018354
vt 0.861114 0.018350
vt 0.861111 0.025450
vt 0.418653 0.250382
vt 0.418653 0.268261
vt 0.248549 0.268261
vt 0.248549 0.268261
vt 0.248549 0.250382
vt 0.956334 0.680817
vt 0.956334 0.610313
vt 0.991257 0.610313
vt 0.991257 0.680817
vt 0.956334 0.680817
vt 0.486173 0.286241
vt 0.248549 0.286241
vt 0.248549 0.268261
vt 0.248549 0.268261
vt 0.486173 0.268261
vt 0.486173 0.214525
vt 0.486173 0.232397
vt 0.248549 0.232397
vt 0.248549 0.232397
vt 0.248549 0.214525
vt 0.486173 0.232397
vt 0.486173 0.250382
vt 0.248549 0.250382
vt 0.248549 0.250382
vt 0.248549 0.232397
vt 0.237841 0.250114
vt 0.237841 0.267335
vt 0.004526 0.267335
vt 0.004526 0.267335
vt 0.004526 0.250114
vt 0.861106 0.039642
vt 0.649117 0.039645
vt 0.649117 0.032553
vt 0.649117 0.032553
vt 0.861106 0.032551
vt 0.861111 0.025450
vt 0.649123 0.025452
vt 0.649125 0.018354
vt 0.861114 0.018350
vt 0.861111 0.025450
vt 0.350513 0.585970
vt 0.350513 0.580624
vt 0.367838 0.580980
vt 0.367838 0.585970
vt 0.350513 0.585970
vt 0.304077 0.392252
vt 0.304077 0.444127
vt 0.259913 0.444127
vt 0.259913 0.392252
vt 0.304077 0.392252
vt 0.327211 0.392252
vt 0.327211 0.444127
vt 0.304077 0.444127
vt 0.304077 0.392252
vt 0.327211 0.392252
vt 0.127248 0.444127
vt 0.092827 0.444127
vt 0.092827 0.392252
vt 0.092827 0.392252
vt 0.127248 0.392252
vt 0.039632 0.444127
vt 0.005212 0.444127
vt 0.005212 0.392251
vt 0.039632 0.392252
vt 0.039632 0.444127
vt 0.057364 0.444127
vt 0.039632 0.444127
vt 0.039632 0.392252
vt 0.057364 0.392252
vt 0.057364 0.444127
vt 0.273991 0.135259
vt 0.003811 0.135259
vt 0.003811 0.123517
vt 0.003811 0.123517
vt 0.273991 0.123517
vt 0.273991 0.094305
vt 0.273991 0.103183
vt 0.003811 0.103183
vt 0.003811 0.103183
vt 0.003811 0.094305
vt 0.273991 0.103183
vt 0.273991 0.113207
vt 0.003811 0.113207
vt 0.003811 0.113207
vt 0.003811 0.103183
vt 0.551505 0.106107
vt 0.279491 0.106107
vt 0.279491 0.094364
vt 0.551505 0.094364
vt 0.551505 0.106107
vt 0.551505 0.106107
vt 0.551505 0.114985
vt 0.279491 0.114985
vt 0.279491 0.114985
vt 0.279491 0.106107
vt 0.551505 0.114985
vt 0.551505 0.125009
vt 0.279491 0.125009
vt 0.279491 0.125009
vt 0.279491 0.114985
vt 0.004773 0.183701
vt 0.374445 0.183701
vt 0.362342 0.172765
vt 0.004773 0.172765
vt 0.004773 0.183701
vt 0.374445 0.191219
vt 0.004773 0.191219
vt 0.004773 0.202155
vt 0.362342 0.202155
vt 0.374445 0.191219
vt 0.209088 0.995330
vt 0.209088 0.854177
vt 0.246246 0.854177
vt 0.246246 0.854177
vt 0.246246 0.995330
vt 0.246246 0.746987
vt 0.399115 0.746987
vt 0.399115 0.854177
vt 0.399115 0.995330
vt 0.549257 0.854177
vt 0.399115 0.805806
vt 0.549257 0.828680
vt 0.549257 0.995330
vt 0.709956 0.854177
vt 0.709956 0.995330
vt 0.309169 0.386004
vt 0.309169 0.347697
vt 0.529198 0.347697
vt 0.529198 0.386004
vt 0.309169 0.386004
vt 0.309169 0.347697
vt 0.529198 0.347697
vt 0.529198 0.386004
vt 0.309169 0.386004
vt 0.309169 0.347697
vt 0.529198 0.347697
vt 0.529198 0.386004
vt 0.309169 0.386004
vt 0.309169 0.347697
vt 0.529198 0.347697
vt 0.529198 0.386004
vt 0.309169 0.386004
vt 0.309169 0.347697
vt 0.529198 0.347697
vt 0.529198 0.386004
vt 0.309169 0.386004
vt 0.309169 0.347697
vt 0.529198 0.347697
vt 0.529198 0.386004
vt 0.753652 0.444127
vt 0.753652 0.392849
vt 0.808976 0.392849
vt 0.808976 0.444127
vt 0.812752 0.444127
vt 0.812752 0.392849
vt 0.871806 0.392849
vt 0.871806 0.444127
vt 0.875582 0.444127
vt 0.875582 0.392849
vt 0.931019 0.392849
vt 0.931019 0.444127
vt 0.690779 0.444127
vt 0.690779 0.392849
vt 0.749876 0.392849
vt 0.749876 0.444127
vt 0.936051 0.444127
vt 0.936051 0.392849
vt 0.995148 0.392849
vt 0.995148 0.444127
vt 0.476736 0.338752
vt 0.476736 0.335078
vt 0.311757 0.335078
vt 0.311757 0.338752
vt 0.349472 0.161929
vt 0.396905 0.161929
vt 0.399836 0.168135
vt 0.352403 0.168135
vt 0.349472 0.152779
vt 0.352136 0.146420
vt 0.399570 0.146420
vt 0.396905 0.152779
vt 0.286699 0.168135
vt 0.289297 0.161929
vt 0.335544 0.161929
vt 0.332946 0.168135
vt 0.286699 0.146420
vt 0.332686 0.146420
vt 0.335544 0.152779
vt 0.289297 0.152779
vt 0.678591 0.330589
vt 0.860766 0.330589
vt 0.860766 0.335078
vt 0.678591 0.335078
vt 0.678591 0.338752
vt 0.860766 0.338752
vt 0.860766 0.342955
vt 0.678591 0.342955
vt 0.987756 0.308880
vt 0.823079 0.308880
vt 0.823238 0.317539
vt 0.987914 0.317539
vt 0.977976 0.804521
vt 0.977976 0.787498
vt 0.994088 0.787498
vt 0.994088 0.804521
vt 0.838341 0.680817
vt 0.838341 0.610314
vt 0.875139 0.610314
vt 0.875139 0.680817
vt 0.917426 0.680817
vt 0.917426 0.610313
vt 0.956334 0.610313
vt 0.956334 0.680817
vt 0.656447 0.387061
vt 0.656447 0.348347
vt 0.716368 0.348347
vt 0.716368 0.387061
vt 0.720048 0.387061
vt 0.720048 0.348347
vt 0.839259 0.348347
vt 0.839259 0.387061
vt 0.844584 0.387061
vt 0.844584 0.348347
vt 0.899493 0.348347
vt 0.899493 0.387061
vt 0.533496 0.387061
vt 0.533496 0.348347
vt 0.653236 0.348347
vt 0.653236 0.387061
vt 0.903454 0.387061
vt 0.903454 0.348347
vt 0.995231 0.348347
vt 0.995231 0.387061
vt 0.948568 0.090050
vt 0.941980 0.075081
vt 0.905259 0.075081
vt 0.905259 0.090050
vt 0.948568 0.051881
vt 0.905259 0.051881
vt 0.905259 0.066453
vt 0.941980 0.066453
vt 0.429622 0.196297
vt 0.429622 0.201886
vt 0.506498 0.201886
vt 0.506498 0.196297
vt 0.388003 0.205390
vt 0.377257 0.205390
vt 0.377257 0.194455
vt 0.388003 0.194455
vt 0.004773 0.183701
vt 0.374445 0.183701
vt 0.374445 0.191219
vt 0.004773 0.191219
vt 0.477014 0.579225
vt 0.455162 0.579225
vt 0.455162 0.599065
vt 0.477014 0.599065
vt 0.477158 0.579225
vt 0.477158 0.599065
vt 0.455341 0.599065
vt 0.455341 0.579225
vt 0.192637 0.496766
vt 0.134145 0.496766
vt 0.134145 0.450153
vt 0.192637 0.450153
vt 0.129434 0.496766
vt 0.067336 0.496766
vt 0.067336 0.450153
vt 0.129434 0.450153
vt 0.063733 0.496766
vt 0.005438 0.496766
vt 0.005438 0.450153
vt 0.063733 0.450153
vt 0.259769 0.496766
vt 0.197625 0.496766
vt 0.197625 0.450153
vt 0.259769 0.450153
vt 0.328995 0.496766
vt 0.266852 0.496766
vt 0.266852 0.450153
vt 0.328995 0.450153
vt 0.834686 0.496766
vt 0.788976 0.496766
vt 0.788976 0.450153
vt 0.834686 0.450153
vt 0.784873 0.496766
vt 0.709962 0.496766
vt 0.709962 0.450153
vt 0.784873 0.450153
vt 0.706151 0.496766
vt 0.660578 0.496766
vt 0.660578 0.450153
vt 0.706151 0.450153
vt 0.914039 0.496766
vt 0.839083 0.496766
vt 0.839083 0.450153
vt 0.914039 0.450153
vt 0.995696 0.496766
vt 0.919284 0.496766
vt 0.919284 0.450153
vt 0.995696 0.450153
vt 0.834686 0.496766
vt 0.788976 0.496766
vt 0.788976 0.450153
vt 0.834686 0.450153
vt 0.784873 0.496766
vt 0.709962 0.496766
vt 0.709962 0.450153
vt 0.784873 0.450153
vt 0.706151 0.496766
vt 0.660578 0.496766
vt 0.660578 0.450153
vt 0.706151 0.450153
vt 0.914039 0.496766
vt 0.839083 0.496766
vt 0.839083 0.450153
vt 0.914039 0.450153
vt 0.995696 0.496766
vt 0.919284 0.496766
vt 0.919284 0.450153
vt 0.995696 0.450153
vt 0.656447 0.387061
vt 0.656447 0.348347
vt 0.716368 0.348347
vt 0.716368 0.387061
vt 0.720048 0.387061
vt 0.720048 0.348347
vt 0.839259 0.348347
vt 0.839259 0.387061
vt 0.844584 0.387061
vt 0.844584 0.348347
vt 0.899493 0.348347
vt 0.899493 0.387061
vt 0.533496 0.387061
vt 0.533496 0.348347
vt 0.653236 0.348347
vt 0.653236 0.387061
vt 0.903454 0.387061
vt 0.903454 0.348347
vt 0.995231 0.348347
vt 0.995231 0.387061
vt 0.399059 0.496766
vt 0.399059 0.450153
vt 0.457249 0.450153
vt 0.457249 0.496766
vt 0.461299 0.496766
vt 0.461299 0.450153
vt 0.523403 0.450153
vt 0.523403 0.496766
vt 0.527707 0.496766
vt 0.527707 0.450153
vt 0.586007 0.450153
vt 0.586007 0.496766
vt 0.333113 0.496766
vt 0.333113 0.450153
vt 0.395262 0.450153
vt 0.395262 0.496766
vt 0.594069 0.496766
vt 0.594069 0.450153
vt 0.656219 0.450153
vt 0.656219 0.496766
vt 0.656447 0.387061
vt 0.656447 0.348347
vt 0.716368 0.348347
vt 0.716368 0.387061
vt 0.720048 0.387061
vt 0.720048 0.348347
vt 0.839259 0.348347
vt 0.839259 0.387061
vt 0.844584 0.387061
vt 0.844584 0.348347
vt 0.899493 0.348347
vt 0.899493 0.387061
vt 0.533496 0.387061
vt 0.533496 0.348347
vt 0.653236 0.348347
vt 0.653236 0.387061
vt 0.903454 0.387061
vt 0.903454 0.348347
vt 0.995231 0.348347
vt 0.995231 0.387061
vt 0.491430 0.259665
vt 0.505876 0.259665
vt 0.505876 0.280122
vt 0.491430 0.280122
vt 0.418653 0.268261
vt 0.418653 0.286241
vt 0.248549 0.286241
vt 0.248549 0.268261
vt 0.418653 0.214525
vt 0.418653 0.232396
vt 0.248549 0.232396
vt 0.248549 0.214525
vt 0.300472 0.005695
vt 0.300472 0.003033
vt 0.397225 0.003032
vt 0.397814 0.005695
vt 0.977142 0.803639
vt 0.976308 0.789261
vt 0.994088 0.787498
vt 0.991586 0.807165
vt 0.976308 0.802758
vt 0.976308 0.789261
vt 0.993254 0.786616
vt 0.991586 0.807165
vt 0.838341 0.680817
vt 0.838341 0.610314
vt 0.875139 0.610314
vt 0.875139 0.680817
vt 0.917426 0.680817
vt 0.917426 0.610313
vt 0.956334 0.610313
vt 0.956334 0.680817
vt 0.838341 0.680817
vt 0.838341 0.610314
vt 0.875139 0.610314
vt 0.875139 0.680817
vt 0.917426 0.680817
vt 0.917426 0.610313
vt 0.956334 0.610313
vt 0.956334 0.680817
vt 0.838341 0.680817
vt 0.838341 0.610314
vt 0.875139 0.610314
vt 0.875139 0.680817
vt 0.917426 0.680817
vt 0.917426 0.610313
vt 0.956334 0.610313
vt 0.956334 0.680817
vt 0.116084 0.996041
vt 0.073512 0.891158
vt 0.197365 0.891158
vt 0.197367 0.996041
vt 0.126058 0.778173
vt 0.079304 0.883185
vt 0.004322 0.883185
vt 0.004322 0.778173
vt 0.678591 0.330589
vt 0.860766 0.330589
vt 0.860766 0.335078
vt 0.678591 0.335078
vt 0.678591 0.338752
vt 0.860766 0.338752
vt 0.860766 0.342955
vt 0.678591 0.342955
vt 0.861106 0.032551
vt 0.861111 0.025450
vt 0.649123 0.025452
vt 0.649117 0.032553
vt 0.861106 0.032551
vt 0.861111 0.025450
vt 0.649123 0.025452
vt 0.649117 0.032553
vt 0.861106 0.032551
vt 0.861111 0.025450
vt 0.649123 0.025452
vt 0.649117 0.032553
vt 0.861106 0.032551
vt 0.861111 0.025450
vt 0.649123 0.025452
vt 0.649117 0.032553
vt 0.197365 0.891158
vt 0.197367 0.996041
vt 0.004298 0.996041
vt 0.004297 0.891158
vt 0.197737 0.883185
vt 0.004322 0.883185
vt 0.004322 0.778173
vt 0.197737 0.778173
vt 0.678591 0.330589
vt 0.860766 0.330589
vt 0.860766 0.335078
vt 0.678591 0.335078
vt 0.678591 0.338752
vt 0.860766 0.338752
vt 0.860766 0.342955
vt 0.678591 0.342955
vt 0.678591 0.330589
vt 0.860766 0.330589
vt 0.860766 0.335078
vt 0.678591 0.335078
vt 0.678591 0.338752
vt 0.860766 0.338752
vt 0.860766 0.342955
vt 0.678591 0.342955
vt 0.491430 0.259665
vt 0.491430 0.280122
vt 0.505876 0.280122
vt 0.505876 0.259665
vt 0.486173 0.232397
vt 0.248549 0.232397
vt 0.248549 0.214525
vt 0.486173 0.214525
vt 0.486173 0.268261
vt 0.248549 0.268261
vt 0.248549 0.250382
vt 0.486173 0.250382
vt 0.491430 0.259665
vt 0.505876 0.259665
vt 0.505876 0.280122
vt 0.491430 0.280122
vt 0.560730 0.271199
vt 0.560759 0.245893
vt 0.248549 0.250382
vt 0.248549 0.268261
vt 0.491430 0.259665
vt 0.505876 0.259665
vt 0.505876 0.280122
vt 0.491430 0.280122
vt 0.469522 0.233606
vt 0.469557 0.214525
vt 0.248549 0.214525
vt 0.248549 0.232397
vt 0.757877 0.308880
vt 0.670615 0.308880
vt 0.670615 0.317539
vt 0.757877 0.317539
vt 0.491430 0.259665
vt 0.505876 0.259665
vt 0.505876 0.280122
vt 0.491430 0.280122
vt 0.583116 0.250414
vt 0.582816 0.268261
vt 0.248549 0.268261
vt 0.248549 0.250382
vt 0.491430 0.259665
vt 0.505876 0.259665
vt 0.505876 0.280122
vt 0.491430 0.280122
vt 0.415355 0.268261
vt 0.415355 0.250382
vt 0.248549 0.250382
vt 0.248549 0.268261
vt 0.664910 0.309030
vt 0.546941 0.309030
vt 0.546941 0.317539
vt 0.664910 0.317539
vt 0.491430 0.259665
vt 0.505876 0.259665
vt 0.505876 0.280122
vt 0.491430 0.280122
vt 0.403660 0.268261
vt 0.403660 0.286241
vt 0.248549 0.286241
vt 0.248549 0.268261
vt 0.403660 0.214525
vt 0.403660 0.232397
vt 0.248549 0.232397
vt 0.248549 0.214525
vt 0.664910 0.309030
vt 0.546941 0.309030
vt 0.546941 0.317539
vt 0.664910 0.317539
vt 0.491430 0.259665
vt 0.505876 0.259665
vt 0.505876 0.280122
vt 0.491430 0.280122
vt 0.480927 0.268261
vt 0.480927 0.286241
vt 0.248549 0.286241
vt 0.248549 0.268261
vt 0.480927 0.214525
vt 0.480927 0.232397
vt 0.248549 0.232397
vt 0.248549 0.214525
vt 0.757877 0.308880
vt 0.670615 0.308880
vt 0.670615 0.317539
vt 0.757877 0.317539
vt 0.491430 0.259665
vt 0.505876 0.259665
vt 0.505876 0.280122
vt 0.491430 0.280122
vt 0.378039 0.286241
vt 0.248549 0.286241
vt 0.248549 0.268261
vt 0.378039 0.268261
vt 0.378039 0.214525
vt 0.378039 0.232397
vt 0.248549 0.232397
vt 0.248549 0.214525
vt 0.491065 0.218867
vt 0.506005 0.218867
vt 0.506005 0.240023
vt 0.491065 0.240023
vt 0.491430 0.259665
vt 0.505876 0.259665
vt 0.505876 0.280122
vt 0.491430 0.280122
vt 0.378039 0.268261
vt 0.378039 0.286241
vt 0.248549 0.286241
vt 0.248549 0.268261
vt 0.378039 0.214525
vt 0.378039 0.232397
vt 0.248549 0.232397
vt 0.248549 0.214525
vt 0.197367 0.996041
vt 0.004298 0.996041
vt 0.004297 0.891158
vt 0.197365 0.891158
vt 0.197737 0.778173
vt 0.197737 0.883185
vt 0.004322 0.883185
vt 0.004322 0.778173
vt 0.678591 0.330589
vt 0.860766 0.330589
vt 0.860766 0.335078
vt 0.678591 0.335078
vt 0.678591 0.338752
vt 0.860766 0.338752
vt 0.860766 0.342955
vt 0.678591 0.342955
vt 0.678591 0.330589
vt 0.860766 0.330589
vt 0.860766 0.335078
vt 0.678591 0.335078
vt 0.678591 0.338752
vt 0.860766 0.338752
vt 0.860766 0.342955
vt 0.678591 0.342955
vt 0.488340 0.330589
vt 0.674292 0.330589
vt 0.674292 0.335078
vt 0.488340 0.335078
vt 0.488340 0.338752
vt 0.674292 0.338752
vt 0.674292 0.342955
vt 0.488340 0.342955
vt 0.838341 0.680817
vt 0.838341 0.610314
vt 0.875139 0.610314
vt 0.875139 0.680817
vt 0.917426 0.680817
vt 0.917426 0.610313
vt 0.956334 0.610313
vt 0.956334 0.680817
vt 0.300472 0.005695
vt 0.300472 0.003033
vt 0.397225 0.003032
vt 0.397814 0.005695
vt 0.300472 0.005695
vt 0.300472 0.003033
vt 0.397225 0.003032
vt 0.397814 0.005695
vt 0.300472 0.005695
vt 0.300472 0.003033
vt 0.397225 0.003032
vt 0.397814 0.005695
vt 0.727160 0.149787
vt 0.727160 0.159018
vt 0.995996 0.159018
vt 0.995996 0.149787
vt 0.727160 0.149787
vt 0.727160 0.159018
vt 0.995996 0.159018
vt 0.995996 0.149787
vt 0.789340 0.125587
vt 0.987434 0.125587
vt 0.997389 0.114857
vt 0.780582 0.114857
vt 0.222092 0.791566
vt 0.239308 0.811859
vt 0.239308 0.767959
vt 0.231656 0.765060
vt 0.476772 0.579225
vt 0.455501 0.579225
vt 0.455501 0.599065
vt 0.476772 0.599065
vt 0.838341 0.680817
vt 0.838341 0.610314
vt 0.875139 0.610314
vt 0.875139 0.680817
vt 0.917426 0.680817
vt 0.917426 0.610313
vt 0.956334 0.610313
vt 0.956334 0.680817
vt 0.979645 0.806283
vt 0.976308 0.789261
vt 0.992420 0.785735
vt 0.992420 0.806283
vt 0.838341 0.680817
vt 0.838341 0.610314
vt 0.875139 0.610314
vt 0.875139 0.680817
vt 0.917426 0.680817
vt 0.917426 0.610313
vt 0.956334 0.610313
vt 0.956334 0.680817
vt 0.861106 0.032551
vt 0.649117 0.032553
vt 0.649123 0.025452
vt 0.861111 0.025450
vt 0.861106 0.032551
vt 0.649117 0.032553
vt 0.649123 0.025452
vt 0.861111 0.025450
vt 0.861106 0.032551
vt 0.649117 0.032553
vt 0.649123 0.025452
vt 0.861111 0.025450
vt 0.861106 0.032551
vt 0.649117 0.032553
vt 0.649123 0.025452
vt 0.861111 0.025450
vt 0.861106 0.032551
vt 0.649117 0.032553
vt 0.649123 0.025452
vt 0.861111 0.025450
vt 0.491430 0.259665
vt 0.505876 0.259665
vt 0.505876 0.280122
vt 0.491430 0.280122
vt 0.418653 0.286241
vt 0.248549 0.286241
vt 0.248549 0.268261
vt 0.418653 0.268261
vt 0.418653 0.214525
vt 0.418653 0.232396
vt 0.248549 0.232396
vt 0.248549 0.214525
vt 0.977976 0.804521
vt 0.977976 0.787498
vt 0.994088 0.787498
vt 0.994088 0.804521
vt 0.838341 0.680817
vt 0.838341 0.610314
vt 0.875139 0.610314
vt 0.875139 0.680817
vt 0.917426 0.680817
vt 0.917426 0.610313
vt 0.956334 0.610313
vt 0.956334 0.680817
vt 0.488340 0.330589
vt 0.674292 0.330589
vt 0.674292 0.335078
vt 0.488340 0.335078
vt 0.488340 0.338752
vt 0.674292 0.338752
vt 0.674292 0.342955
vt 0.488340 0.342955
vt 0.491430 0.259665
vt 0.505876 0.259665
vt 0.505876 0.280122
vt 0.491430 0.280122
vt 0.486173 0.250382
vt 0.486173 0.268261
vt 0.248549 0.268261
vt 0.248549 0.250382
vt 0.491065 0.218867
vt 0.506005 0.218867
vt 0.506005 0.240023
vt 0.491065 0.240023
vt 0.237841 0.285978
vt 0.004526 0.285978
vt 0.004526 0.267335
vt 0.237841 0.267335
vt 0.237841 0.214251
vt 0.237841 0.231470
vt 0.004526 0.231470
vt 0.004526 0.214251
vt 0.005022 0.330765
vt 0.303602 0.330671
vt 0.303602 0.387907
vt 0.005022 0.387907
vt 0.499866 0.005693
vt 0.500091 0.004359
vt 0.506099 0.004505
vt 0.505753 0.005693
vt 0.574939 0.004110
vt 0.575031 0.005693
vt 0.506855 0.003729
vt 0.394905 0.004220
vt 0.397814 0.005695
vt 0.300472 0.005695
vt 0.300434 0.004368
vt 0.499866 0.010487
vt 0.499491 0.012893
vt 0.405941 0.012875
vt 0.404487 0.010487
vt 0.404340 0.012599
vt 0.397496 0.012225
vt 0.397814 0.010488
vt 0.664910 0.309030
vt 0.546941 0.309030
vt 0.546941 0.317539
vt 0.664910 0.317539
vt 0.757877 0.308880
vt 0.670615 0.308880
vt 0.670615 0.317539
vt 0.757877 0.317539
vt 0.197367 0.996041
vt 0.004298 0.996041
vt 0.004297 0.891158
vt 0.197365 0.891158
vt 0.197737 0.778173
vt 0.197737 0.883185
vt 0.004322 0.883185
vt 0.004322 0.778173
vt 0.789340 0.125587
vt 0.987434 0.125587
vt 0.997389 0.114857
vt 0.780582 0.114857
vt 0.727160 0.149787
vt 0.727160 0.159018
vt 0.995996 0.159018
vt 0.995996 0.149787
vt 0.222092 0.791566
vt 0.231656 0.765060
vt 0.239308 0.767959
vt 0.239308 0.811859
vt 0.476330 0.579225
vt 0.476330 0.599065
vt 0.456309 0.599065
vt 0.456309 0.579225
vt 0.861106 0.032551
vt 0.649117 0.032553
vt 0.649123 0.025452
vt 0.861111 0.025450
vt 0.656447 0.387061
vt 0.656447 0.348347
vt 0.716368 0.348347
vt 0.716368 0.387061
vt 0.720048 0.387061
vt 0.720048 0.348347
vt 0.839259 0.348347
vt 0.839259 0.387061
vt 0.844584 0.387061
vt 0.844584 0.348347
vt 0.899493 0.348347
vt 0.899493 0.387061
vt 0.533496 0.387061
vt 0.533496 0.348347
vt 0.653236 0.348347
vt 0.653236 0.387061
vt 0.903454 0.387061
vt 0.903454 0.348347
vt 0.995231 0.348347
vt 0.995231 0.387061
vt 0.192637 0.496766
vt 0.134145 0.496766
vt 0.134145 0.450153
vt 0.192637 0.450153
vt 0.129434 0.496766
vt 0.067336 0.496766
vt 0.067336 0.450153
vt 0.129434 0.450153
vt 0.063733 0.496766
vt 0.005438 0.496766
vt 0.005438 0.450153
vt 0.063733 0.450153
vt 0.259769 0.496766
vt 0.197625 0.496766
vt 0.197625 0.450153
vt 0.259769 0.450153
vt 0.328995 0.496766
vt 0.266852 0.496766
vt 0.266852 0.450153
vt 0.328995 0.450153
vt 0.834686 0.496766
vt 0.788976 0.496766
vt 0.788976 0.450153
vt 0.834686 0.450153
vt 0.784873 0.496766
vt 0.709962 0.496766
vt 0.709962 0.450153
vt 0.784873 0.450153
vt 0.706151 0.496766
vt 0.660578 0.496766
vt 0.660578 0.450153
vt 0.706151 0.450153
vt 0.914039 0.496766
vt 0.839083 0.496766
vt 0.839083 0.450153
vt 0.914039 0.450153
vt 0.995696 0.496766
vt 0.919284 0.496766
vt 0.919284 0.450153
vt 0.995696 0.450153
vt 0.756654 0.774424
vt 0.669576 0.774425
vt 0.669576 0.837002
vt 0.747492 0.837001
vt 0.418600 0.294335
vt 0.185840 0.294335
vt 0.185702 0.301811
vt 0.418462 0.301811
vt 0.177491 0.308880
vt 0.005446 0.308880
vt 0.005688 0.317539
vt 0.177733 0.317539
vt 0.540399 0.308880
vt 0.426173 0.308880
vt 0.426254 0.317539
vt 0.540480 0.317539
vt 0.987756 0.308880
vt 0.823079 0.308880
vt 0.823238 0.317539
vt 0.987914 0.317539
vt 0.817576 0.308880
vt 0.763536 0.308880
vt 0.763591 0.317539
vt 0.817632 0.317539
vt 0.441673 0.444127
vt 0.441673 0.392849
vt 0.496996 0.392849
vt 0.496996 0.444127
vt 0.500772 0.444127
vt 0.500772 0.392849
vt 0.559825 0.392849
vt 0.559825 0.444127
vt 0.563286 0.444127
vt 0.563286 0.392849
vt 0.618723 0.392849
vt 0.618723 0.444127
vt 0.378486 0.444127
vt 0.378486 0.392849
vt 0.437582 0.392849
vt 0.437582 0.444127
vt 0.623177 0.444127
vt 0.623177 0.392849
vt 0.682273 0.392849
vt 0.682273 0.444127
vt 0.399059 0.496766
vt 0.399059 0.450153
vt 0.457249 0.450153
vt 0.457249 0.496766
vt 0.461299 0.496766
vt 0.461299 0.450153
vt 0.523403 0.450153
vt 0.523403 0.496766
vt 0.527707 0.496766
vt 0.527707 0.450153
vt 0.586007 0.450153
vt 0.586007 0.496766
vt 0.333113 0.496766
vt 0.333113 0.450153
vt 0.395262 0.450153
vt 0.395262 0.496766
vt 0.594069 0.496766
vt 0.594069 0.450153
vt 0.656219 0.450153
vt 0.656219 0.496766
vt 0.112038 0.755792
vt 0.016303 0.755792
vt 0.016303 0.608218
vt 0.112038 0.608218
vt 0.753652 0.444127
vt 0.753652 0.392849
vt 0.808976 0.392849
vt 0.808976 0.444127
vt 0.812752 0.444127
vt 0.812752 0.392849
vt 0.871806 0.392849
vt 0.871806 0.444127
vt 0.875582 0.444127
vt 0.875582 0.392849
vt 0.931019 0.392849
vt 0.931019 0.444127
vt 0.690779 0.444127
vt 0.690779 0.392849
vt 0.749876 0.392849
vt 0.749876 0.444127
vt 0.936051 0.444127
vt 0.936051 0.392849
vt 0.995148 0.392849
vt 0.995148 0.444127
vt 0.615809 0.604955
vt 0.806966 0.604955
vt 0.806966 0.691796
vt 0.615809 0.691796
vt 0.349472 0.161929
vt 0.396905 0.161929
vt 0.399836 0.168135
vt 0.352403 0.168135
vt 0.349472 0.152779
vt 0.352136 0.146420
vt 0.399570 0.146420
vt 0.396905 0.152779
vt 0.286699 0.168135
vt 0.289297 0.161929
vt 0.335544 0.161929
vt 0.332946 0.168135
vt 0.286699 0.146420
vt 0.332686 0.146420
vt 0.335544 0.152779
vt 0.289297 0.152779
vt 0.993977 0.335078
vt 0.865488 0.335078
vt 0.865488 0.330589
vt 0.993977 0.330589
vt 0.350513 0.591315
vt 0.350513 0.585970
vt 0.367838 0.585970
vt 0.367838 0.590959
vt 0.711225 0.150001
vt 0.711225 0.158898
vt 0.608785 0.158898
vt 0.608785 0.150001
vt 0.389688 0.634393
vt 0.389688 0.680223
vt 0.362038 0.680223
vt 0.362038 0.634393
vt 0.251266 0.636050
vt 0.283827 0.636050
vt 0.283827 0.681333
vt 0.251266 0.681333
vt 0.476736 0.338752
vt 0.311757 0.338752
vt 0.311757 0.335078
vt 0.476736 0.335078
vt 0.423078 0.634393
vt 0.423170 0.680223
vt 0.392664 0.680223
vt 0.392664 0.634393
vt 0.447925 0.709024
vt 0.372307 0.709024
vt 0.392664 0.684211
vt 0.423171 0.684211
vt 0.426731 0.680223
vt 0.426649 0.634393
vt 0.455670 0.628125
vt 0.455670 0.687098
vt 0.447400 0.606346
vt 0.423078 0.629952
vt 0.392664 0.629952
vt 0.372271 0.606346
vt 0.210810 0.648698
vt 0.179445 0.652617
vt 0.175533 0.613801
vt 0.206959 0.609895
vt 0.349421 0.688164
vt 0.315854 0.681333
vt 0.315854 0.636050
vt 0.349421 0.628294
vt 0.343502 0.709845
vt 0.262924 0.709845
vt 0.283827 0.685321
vt 0.315854 0.685321
vt 0.327211 0.392252
vt 0.370849 0.392252
vt 0.370849 0.444127
vt 0.327211 0.444127
vt 0.212019 0.670719
vt 0.201119 0.698577
vt 0.176666 0.686504
vt 0.187566 0.658645
vt 0.092827 0.444127
vt 0.057364 0.444127
vt 0.057364 0.392252
vt 0.092827 0.392252
vt 0.429622 0.196297
vt 0.506498 0.196297
vt 0.506498 0.201886
vt 0.429622 0.201886
vt 0.080930 0.147404
vt 0.080930 0.140502
vt 0.167009 0.140502
vt 0.167009 0.147404
vt 0.273991 0.113207
vt 0.273991 0.123517
vt 0.003811 0.123517
vt 0.003811 0.113207
vt 0.551505 0.125009
vt 0.551505 0.135319
vt 0.279491 0.135319
vt 0.279491 0.125009
vt 0.388003 0.205390
vt 0.388003 0.194455
vt 0.377257 0.194455
vt 0.377257 0.205390
vt 0.004773 0.183701
vt 0.004773 0.191219
vt 0.374445 0.191219
vt 0.374445 0.183701
vt 0.376167 0.586309
vt 0.376167 0.580244
vt 0.411645 0.600935
vt 0.447390 0.580244
vt 0.447390 0.586309
vt 0.678591 0.342955
vt 0.678591 0.335078
vt 0.860766 0.342955
vt 0.860766 0.335078
vt 0.860766 0.338752
vt 0.882322 0.598653
vt 0.882322 0.580340
vt 0.890599 0.580340
vt 0.890599 0.598653
vt 0.898877 0.580340
vt 0.898877 0.598653
vt 0.907294 0.580340
vt 0.907294 0.598653
vt 0.915572 0.580340
vt 0.915572 0.598653
vt 0.923849 0.580340
vt 0.923849 0.598653
vt 0.931846 0.580340
vt 0.931846 0.598653
vt 0.939843 0.580340
vt 0.939843 0.598653
vt 0.254910 0.392252
vt 0.254910 0.444127
vt 0.236071 0.444127
vt 0.236071 0.392252
vt 0.215191 0.444127
vt 0.215191 0.392252
vt 0.194938 0.444127
vt 0.194938 0.392252
vt 0.172802 0.444127
vt 0.172802 0.392252
vt 0.151137 0.444127
vt 0.151137 0.392252
vt 0.134182 0.392252
vt 0.134182 0.444127
vt 0.467906 0.650487
vt 0.467906 0.623927
vt 0.483211 0.623927
vt 0.483211 0.650487
vt 0.498630 0.623927
vt 0.498630 0.650487
vt 0.513935 0.623927
vt 0.513935 0.650487
vt 0.529354 0.623927
vt 0.529354 0.650487
vt 0.544659 0.623927
vt 0.544659 0.650487
vt 0.559964 0.623927
vt 0.559964 0.650487
vt 0.575383 0.623927
vt 0.575383 0.650487
vt 0.590687 0.623927
vt 0.590687 0.650487
vt 0.606107 0.623927
vt 0.606107 0.650487
vt 0.116084 0.996041
vt 0.004298 0.996041
vt 0.004297 0.891158
vt 0.087401 0.891158
vt 0.197367 0.996041
vt 0.197365 0.891158
vt 0.110473 0.778173
vt 0.197737 0.778173
vt 0.197737 0.883185
vt 0.079304 0.883185
vt 0.004322 0.778173
vt 0.004322 0.883185
vt 0.116084 0.996041
vt 0.004298 0.996041
vt 0.004297 0.891158
vt 0.087401 0.891158
vt 0.197367 0.996041
vt 0.197365 0.891158
vt 0.110473 0.778173
vt 0.197737 0.778173
vt 0.197737 0.883185
vt 0.079304 0.883185
vt 0.004322 0.778173
vt 0.004322 0.883185
vt 0.411645 0.600935
vt 0.447390 0.580244
vt 0.447390 0.586309
vt 0.376167 0.580244
vt 0.376167 0.586309
vt 0.968806 0.823044
vt 0.981570 0.816053
vt 0.994544 0.823249
vt 0.965992 0.838862
vt 0.989589 0.851808
vt 0.975264 0.851688
vt 0.998283 0.839145
vt 0.214925 0.693302
vt 0.223045 0.676357
vt 0.223045 0.710247
vt 0.239286 0.676357
vt 0.247406 0.693302
vt 0.239286 0.710247
vt 0.455116 0.796088
vt 0.464528 0.776166
vt 0.435964 0.804598
vt 0.459716 0.754768
vt 0.442633 0.741379
vt 0.421590 0.742560
vt 0.406138 0.757755
vt 0.403794 0.779638
vt 0.415302 0.798067
vt 0.415376 0.798051
vt 0.403866 0.779624
vt 0.436036 0.804582
vt 0.406210 0.757737
vt 0.421663 0.742542
vt 0.442705 0.741362
vt 0.459790 0.754754
vt 0.464599 0.776151
vt 0.455189 0.796068
vt 0.859294 0.996041
vt 0.752658 0.996041
vt 0.752658 0.929950
vt 0.965681 0.929950
vt 0.965681 0.996041
vt 0.859294 0.929950
vt 0.752658 0.860439
vt 0.965681 0.860439
vt 0.859294 0.860439
vn -0.984447 0.175531 -0.00721800000000001
vn -0.984447 0.175531 -0.00721800000000001
vn -0.984447 0.175531 -0.00721800000000001
vn -0.984714 0.174088 -0.00571500000000001
vn -0.984714 0.174088 -0.00571500000000001
vn -0.984714 0.174088 -0.00571500000000001
vn -0.288539 0.956867 -0.03393100000000006
vn -0.950793 0.28206 -0.12819700000000003
vn 0.674984 0.731516 0.09633699999999996
vn 0.674984 0.731516 0.09633699999999996
vn 0.977951 -0.161336 0.1326
vn -0.288539 0.956867 -0.03393100000000006
vn -0.74606 0.646183 0.16075399999999998
vn -0.984535 0.06708800000000001 0.161835
vn 0.069325 0.985608 0.15418099999999996
vn 0.069325 0.985608 0.15418099999999996
vn 0.646736 0.748289 0.14763699999999993
vn -0.74606 0.646183 0.16075399999999998
vn -0.848748 -0.12828400000000004 -0.513001
vn 0.010748 -0.913985 -0.40560599999999997
vn 0.010764 -0.913988 -0.40559699999999993
vn 0.010764 -0.913988 -0.40559699999999993
vn -0.855551 0.449714 -0.256498
vn -0.848748 -0.12828400000000004 -0.513001
vn 0.929985 -0.367597 2.250882447130848E-17
vn 0.367571 0.929996 9.999999999430541E-07
vn 0.852069 0.52343 -3.2050843703884954E-17
vn 0.852069 0.52343 -3.2050843703884954E-17
vn 0.523485 -0.852035 -3.999999999947828E-06
vn 0.929985 -0.367597 2.250882447130848E-17
vn 0.03252 0.005872000000000061 0.999454
vn 0.03252 0.005872000000000061 0.999454
vn 0.03252 0.005872000000000061 0.999454
vn 0.031479 0.007531000000000062 0.999476
vn 0.031479 0.007531000000000062 0.999476
vn 0.031479 0.007531000000000062 0.999476
vn -0.738707 0.639372 0.21334199999999998
vn -0.974418 0.06613300000000001 0.214791
vn 0.06886 0.976363 0.20487699999999995
vn 0.06886 0.976363 0.20487699999999995
vn 0.641593 0.741524 0.19621799999999995
vn -0.738707 0.639372 0.21334199999999998
vn -0.74583 0.645958 0.16271799999999997
vn -0.984209 0.06705500000000002 0.163817
vn 0.069301 0.985313 0.15606299999999995
vn 0.069301 0.985313 0.15606299999999995
vn 0.646566 0.748079 0.14943499999999996
vn -0.74583 0.645958 0.16271799999999997
vn 0.243272 -0.96655 0.08123800000000006
vn 0.775997 -0.625414 0.08176300000000004
vn -0.627171 -0.77489 0.07875100000000004
vn -0.627171 -0.77489 0.07875100000000004
vn -0.966513 -0.244949 0.07650600000000002
vn 0.243272 -0.96655 0.08123800000000006
vn -0.293963 0.95239 -0.08086300000000006
vn -0.960523 0.278195 -0.002056000000000017
vn 0.679122 0.72918 -0.08420100000000004
vn 0.679122 0.72918 -0.08420100000000004
vn 0.985865 -0.167311 -0.00882599999999999
vn -0.293963 0.95239 -0.08086300000000006
vn 0.807607 -0.33344699999999994 0.486398
vn -0.205642 0.793683 0.572519
vn -0.68394 -0.58952 0.42975700000000006
vn 0.18808 -0.978819 -0.08086299999999995
vn 0.807607 -0.33344699999999994 0.486398
vn -0.68394 -0.58952 0.42975700000000006
vn -0.68394 -0.58952 0.42975700000000006
vn -0.961632 0.274201 -0.008819000000000018
vn 0.18808 -0.978819 -0.08086299999999995
vn 0.402685 0.775468 0.48630699999999993
vn -0.808518 -0.13576099999999997 0.572598
vn 0.527832 -0.732555 0.4298330000000001
vn 0.991462 0.102311 -0.080846
vn 0.402685 0.775468 0.48630699999999993
vn 0.527832 -0.732555 0.4298330000000001
vn 0.527832 -0.732555 0.4298330000000001
vn -0.356892 -0.934104 -0.008823999999999943
vn 0.991462 0.102311 -0.080846
vn 0.550987 0.834514 1.9999999999489005E-06
vn -0.059927 0.998203 -6.112230544246427E-17
vn 0.998204 0.059907 1.999999999996332E-06
vn 0.998204 0.059907 1.999999999996332E-06
vn 0.834511 -0.550991 2.0000000000337385E-06
vn 0.550987 0.834514 1.9999999999489005E-06
vn 0.707008 -0.707016 -0.01637899999999996
vn -0.315702 -0.948246 0.03407500000000006
vn 0.000469 -0.999776 0.02114700000000006
vn -0.999019 0.0004920000000000027 0.044288
vn -0.707006 0.707018 0.016380999999999958
vn -0.947681 -0.315483 0.04870100000000002
vn 0.34191 -0.939364 -0.02633599999999994
vn -0.68592 -0.725756 0.05283300000000004
vn -0.421383 -0.906302 0.032458000000000056
vn -0.903631 0.422618 0.06959999999999997
vn -0.34189 0.939371 0.026331999999999942
vn -0.990442 0.114911 0.07628799999999998
vn -0.906321 -0.42259 2.5876174542584002E-17
vn -0.783307 0.621635 -1.0000000000380641E-06
vn -0.939684 0.342045 -2.0944215720717822E-17
vn 0.342037 0.939686 -1.0000000000575391E-06
vn 0.906326 0.42258 -1.0000000000258755E-06
vn 0.027327 0.999627 -1.0000000000612095E-06
vn -0.499978 0.866038 -5.302953323199877E-17
vn 0.551038 0.83448 -5.1097163047624165E-17
vn 0.258862 0.965914 -5.914517441758083E-17
vn 0.965918 -0.25885 1.584999119796462E-17
vn 0.500003 -0.866024 -9.999999999469712E-07
vn 0.998207 0.059864 -3.665612799207858E-18
vn 0.748192 -0.663482 4.062655537959421E-17
vn 0.663483 0.748191 -4.581348566504287E-17
vn 0.979701 0.200463 -1.2274818564873793E-17
vn 0.979701 0.200463 -1.2274818564873793E-17
vn 0.200477 -0.979699 5.998926222389314E-17
vn 0.748192 -0.663482 4.062655537959421E-17
vn 0.476143 -0.879368 5.384576032363049E-17
vn 0.879363 0.476152 -2.9155901135380526E-17
vn 0.98918 -0.146706 8.98315166578558E-18
vn 0.98918 -0.146706 8.98315166578558E-18
vn -0.14669 -0.989183 6.056998973604881E-17
vn 0.476143 -0.879368 5.384576032363049E-17
vn -0.917517 -0.397696 0.0011400000000000242
vn 0.397694 -0.917515 0.0026250000000000565
vn -0.232352 -0.972628 0.0027820000000000596
vn -0.232352 -0.972628 0.0027820000000000596
vn -0.972638 0.232323 -0.0006650000000000142
vn -0.917517 -0.397696 0.0011400000000000242
vn 0.027301 0.999627 2.9999999999387905E-06
vn -0.939681 0.342052 7.999999999979054E-06
vn -0.783307 0.621635 4.9999999999619364E-06
vn -0.783307 0.621635 4.9999999999619364E-06
vn 0.34197 0.939711 -5.754070341367792E-17
vn 0.027301 0.999627 2.9999999999387905E-06
vn -0.783307 0.621635 4.9999999999619364E-06
vn -0.939681 0.342052 7.999999999979054E-06
vn -0.90632 -0.422591 5.000000000025876E-06
vn 0.906273 0.422692 -2.588242024125965E-17
vn 0.027301 0.999627 2.9999999999387905E-06
vn 0.34197 0.939711 -5.754070341367792E-17
vn -0.996556 0.082924 -5.0776305586247555E-18
vn -0.082926 -0.996556 6.102145577855449E-17
vn -0.66427 -0.747493 4.577074549175262E-17
vn -0.66427 -0.747493 4.577074549175262E-17
vn -0.747482 0.664282 -4.0675541251560106E-17
vn -0.996556 0.082924 -5.0776305586247555E-18
vn -0.293957 0.952392 -0.08086400000000006
vn -0.960498 0.278279 -0.002060000000000017
vn 0.679122 0.72918 -0.08420000000000004
vn 0.679122 0.72918 -0.08420000000000004
vn 0.985852 -0.167386 -0.00882199999999999
vn -0.293957 0.952392 -0.08086400000000006
vn 0.762894 0.641448 -0.08085500000000004
vn -0.117261 0.993099 -0.002073000000000061
vn 0.935997 -0.341789 -0.08420399999999997
vn 0.935997 -0.341789 -0.08420399999999997
vn 0.2293 -0.973316 -0.008808999999999942
vn 0.762894 0.641448 -0.08085500000000004
vn 0.41764 0.901867 -0.11050800000000005
vn -0.527488 0.849548 -0.004965000000000052
vn 0.99009 0.08382 -0.112673
vn 0.99009 0.08382 -0.112673
vn 0.617834 -0.786253 -0.009360999999999951
vn 0.41764 0.901867 -0.11050800000000005
vn -0.023272 -0.023461999999999938 0.999454
vn -0.023272 -0.023461999999999938 0.999454
vn -0.023272 -0.023461999999999938 0.999454
vn -0.021466 -0.024224999999999938 0.999476
vn -0.021466 -0.024224999999999938 0.999476
vn -0.021466 -0.024224999999999938 0.999476
vn -0.753564 0.652578 0.07926699999999996
vn -0.994509 0.067705 0.079804
vn 0.069445 0.99469 0.07595899999999994
vn 0.069445 0.99469 0.07595899999999994
vn 0.651814 0.754886 0.07269799999999996
vn -0.753564 0.652578 0.07926699999999996
vn -0.023272 -0.02345999999999994 0.999454
vn -0.023272 -0.02345999999999994 0.999454
vn -0.023272 -0.02345999999999994 0.999454
vn -0.021467 -0.02422299999999994 0.999476
vn -0.021467 -0.02422299999999994 0.999476
vn -0.021467 -0.02422299999999994 0.999476
vn -0.753773 0.652822 0.07516399999999995
vn -0.994825 0.067807 0.075662
vn 0.06951 0.994978 0.07201499999999994
vn 0.06951 0.994978 0.07201499999999994
vn 0.651983 0.755094 0.06892799999999996
vn -0.753773 0.652822 0.07516399999999995
vn -0.73121 0.632615 0.25520599999999993
vn -0.96421 0.06526500000000002 0.256981
vn 0.068514 0.967014 0.24533699999999994
vn 0.068514 0.967014 0.24533699999999994
vn 0.636418 0.734674 0.23500399999999994
vn -0.73121 0.632615 0.25520599999999993
vn 0.894416 -0.447236 2.0000000000273853E-06
vn 0.447225 0.894422 1.9999999999452325E-06
vn 0.894438 0.447191 1.9999999999726175E-06
vn 0.894438 0.447191 1.9999999999726175E-06
vn 0.447243 -0.894413 -2.999999999945233E-06
vn 0.894416 -0.447236 2.0000000000273853E-06
vn -0.746375 0.646473 0.15810199999999996
vn -0.984967 0.06712800000000001 0.159163
vn 0.069343 0.986002 0.15163099999999993
vn 0.069343 0.986002 0.15163099999999993
vn 0.646953 0.748578 0.14519599999999994
vn -0.746375 0.646473 0.15810199999999996
vn 0.035848 0.873961 0.48467299999999996
vn -0.666049 -0.45823299999999995 0.588558
vn 0.795285 -0.446764 0.409786
vn 0.852039 0.511685 -0.11049400000000002
vn 0.035848 0.873961 0.48467299999999996
vn 0.795285 -0.446764 0.409786
vn 0.795285 -0.446764 0.409786
vn 0.069586 -0.997532 -0.009374999999999939
vn 0.852039 0.511685 -0.11049400000000002
vn -0.957648 0.2852 0.03963999999999998
vn -0.284782 -0.95852 0.011788000000000059
vn -0.802557 -0.59565 0.033221000000000035
vn -0.802557 -0.59565 0.033221000000000035
vn -0.595299 0.803126 0.02464099999999995
vn -0.957648 0.2852 0.03963999999999998
vn 0.150513 -0.987548 0.04577000000000006
vn 0.150513 -0.987548 0.04577000000000006
vn 0.150513 -0.987548 0.04577000000000006
vn -1.7E-05 -3.0000000000612325E-06 -1
vn -0.150513 0.987548 -0.04577000000000006
vn 0 -6.123233995736766E-17 -1
vn 0.524446 -0.815387 -0.24515199999999995
vn 0.524446 -0.815387 -0.24515199999999995
vn 0.524446 -0.815387 -0.24515199999999995
vn 0.472191 -0.881431 -0.010724999999999946
vn 0.472191 -0.881431 -0.010724999999999946
vn 0.472191 -0.881431 -0.010724999999999946
vn 0.984713 -0.174089 0.00571500000000001
vn 0.984713 -0.174089 0.00571500000000001
vn 0.984713 -0.174089 0.00571500000000001
vn 0.984442 -0.17556 0.007249000000000011
vn 0.984442 -0.17556 0.007249000000000011
vn 0.984442 -0.17556 0.007249000000000011
vn 0.820359 -0.571842 -0.002787999999999965
vn 0.258408 0.26596000000000003 0.928704
vn 0.542707 -0.20258899999999994 0.815124
vn 0.542707 -0.20258899999999994 0.815124
vn 0.866593 -0.499009 0.0024800000000000304
vn 0.821733 -0.29956999999999995 0.48478
vn 0.892068 -0.451503 0.01897000000000003
vn 0.542707 -0.20258899999999994 0.815124
vn 0.821733 -0.29956999999999995 0.48478
vn -0.83007 0.556876 0.029534999999999964
vn -0.393703 0.544157 0.740872
vn -0.46342 0.43972600000000006 0.769339
vn -0.46342 0.43972600000000006 0.769339
vn -0.869552 0.491003 0.05287599999999997
vn -0.46342 0.43972600000000006 0.769339
vn -0.374627 0.502295 0.77933
vn -0.374627 0.502295 0.77933
vn -0.891027 0.446539 0.08169199999999997
vn 0.363662 0.785646 0.50051
vn 0.258408 0.26596000000000003 0.928704
vn 0.342093 0.938532 0.046159999999999944
vn 0.461729 0.886991 0.007289999999999945
vn 0.363662 0.785646 0.50051
vn 0.363662 0.785646 0.50051
vn 0.57136 0.819591 0.04264199999999995
vn -0.374627 0.502295 0.77933
vn 0.363662 0.785646 0.50051
vn 0.092997 -0.954193 -0.28437099999999993
vn 0.032505 -0.989902 0.13797400000000007
vn 0.026741 -0.995004 0.09618400000000006
vn 0.185414 -0.719227 -0.669578
vn 0.092997 -0.954193 -0.28437099999999993
vn 0.461817 0.030958999999999945 -0.886435
vn 0.23933 0.18820399999999995 -0.952523
vn 0.512786 0.685297 -0.517124
vn 0.13107 0.699557 -0.702453
vn 0.908206 0.392312 -0.14578700000000003
vn -0.047036 0.891932 -0.44971600000000006
vn 0.490401 0.80501 -0.33386600000000005
vn 0.897749 0.427367 -0.10678600000000003
vn 0.490401 0.80501 -0.33386600000000005
vn 0.746712 -0.649399 0.14388300000000004
vn 0.987363 -0.06844799999999998 0.142929
vn -0.070044 -0.986106 0.15063000000000004
vn -0.64474 -0.748217 0.15646500000000005
vn 0.746712 -0.649399 0.14388300000000004
vn 0.273817 0.813523 0.513035
vn 0.898232 -0.16930899999999996 0.405602
vn 0.898231 -0.16936399999999996 0.405583
vn 0.898231 -0.16936399999999996 0.405583
vn -0.294277 0.920646 0.25653699999999996
vn 0.587927 0.552677 0.590669
vn 0.984756 0.167616 0.04647799999999999
vn 0.97833 0.192399 0.07650599999999999
vn 0.572163 0.559112 0.60002
vn 0.587927 0.552677 0.590669
vn -0.796751 0.2974780000000001 0.526018
vn -0.972946 -0.217145 -0.07889399999999999
vn -0.97823 -0.200043 -0.05521699999999999
vn -0.787914 0.30518000000000006 0.534843
vn -0.796751 0.2974780000000001 0.526018
vn 0.367571 0.929996 9.999999999430541E-07
vn -0.930002 0.367553 -2.2506130248350356E-17
vn -0.523464 0.852048 9.99999999947827E-07
vn -0.523464 0.852048 9.99999999947827E-07
vn 0.852069 0.52343 -3.2050843703884954E-17
vn 0.740476 -0.644264 0.19135900000000003
vn 0.97941 -0.06802099999999998 0.190079
vn -0.069168 -0.977336 0.20007700000000006
vn -0.638085 -0.741399 0.20778700000000005
vn 0.740476 -0.644264 0.19135900000000003
vn 0.746521 -0.649226 0.14564300000000002
vn 0.987111 -0.06842399999999998 0.144671
vn -0.070009 -0.985825 0.15247300000000005
vn -0.644526 -0.747998 0.15838200000000005
vn 0.746521 -0.649226 0.14564300000000002
vn -0.240719 0.967685 0.07510299999999995
vn -0.775529 0.626855 0.07488599999999995
vn 0.629011 0.773534 0.07740199999999996
vn 0.966199 0.245181 0.07965799999999999
vn -0.240719 0.967685 0.07510299999999995
vn -0.511389 -0.858581 0.03633700000000006
vn 0.999149 -0.023857999999999997 0.033643
vn 0.487809 -0.870131 0.07010600000000006
vn 0.487809 -0.870131 0.07010600000000006
vn -0.998453 0.043635 -0.034464
vn -0.45968 0.88534 -0.06977300000000006
vn -0.511389 -0.858581 0.03633700000000006
vn -0.998453 0.043635 -0.034464
vn 0.522552 0.85188 -0.035210000000000054
vn -0.45968 0.88534 -0.06977300000000006
vn -0.528533 -0.848077 -0.03766799999999995
vn 0.999859 -0.001147000000000001 -0.01674
vn 0.470516 -0.880619 -0.05589799999999995
vn 0.470516 -0.880619 -0.05589799999999995
vn -0.998575 0.049054 0.021003999999999995
vn -0.455576 0.888324 0.05770799999999995
vn -0.528533 -0.848077 -0.03766799999999995
vn -0.998575 0.049054 0.021003999999999995
vn 0.503453 0.863073 0.04049399999999995
vn -0.455576 0.888324 0.05770799999999995
vn -0.504044 -0.858068 -0.09827699999999995
vn 0.99991 -0.00801 0.010789
vn 0.495878 -0.863985 -0.08737699999999994
vn 0.495878 -0.863985 -0.08737699999999994
vn -0.999752 0.02028 -0.009200000000000002
vn -0.483384 0.870921 0.08853099999999994
vn -0.504044 -0.858068 -0.09827699999999995
vn -0.999752 0.02028 -0.009200000000000002
vn 0.505939 0.856934 0.09843699999999994
vn -0.483384 0.870921 0.08853099999999994
vn -0.503685 -0.861387 0.06568300000000006
vn 0.996654 -0.024248000000000002 -0.078063
vn 0.493021 -0.869925 -0.012717999999999946
vn 0.493021 -0.869925 -0.012717999999999946
vn -0.996735 0.018485000000000005 0.078595
vn -0.484475 0.874719 0.012244999999999947
vn -0.503685 -0.861387 0.06568300000000006
vn -0.996735 0.018485000000000005 0.078595
vn 0.517223 0.85329 -0.06616100000000005
vn -0.484475 0.874719 0.012244999999999947
vn -0.965932 0.258798 -1.0000000000158467E-06
vn -0.258826 -0.965924 1.0000000000591457E-06
vn -0.258816 -0.965927 -9.99999999940854E-07
vn -0.965936 0.258781 -3.000000000015846E-06
vn -0.965932 0.258798 -1.0000000000158467E-06
vn 0.663483 0.748191 -4.581348566504287E-17
vn -0.748191 0.663483 9.999999999593733E-07
vn -0.200464 0.979701 -5.998938468857306E-17
vn -0.200464 0.979701 -5.998938468857306E-17
vn 0.979701 0.200463 -1.2274818564873793E-17
vn 0.879363 0.476152 -2.9155901135380526E-17
vn -0.476144 0.879368 -5.384576032363049E-17
vn 0.146694 0.989182 -6.056992850370885E-17
vn 0.146694 0.989182 -6.056992850370885E-17
vn 0.98918 -0.146706 8.98315166578558E-18
vn 0.397694 -0.917515 0.0026250000000000565
vn 0.996196 0.087143 -0.0002490000000000053
vn 0.996195 0.087153 -0.0002510000000000053
vn 0.996195 0.087153 -0.0002510000000000053
vn -0.232352 -0.972628 0.0027820000000000596
vn -0.082926 -0.996556 6.102145577855449E-17
vn 0.99655 -0.082998 -2.999999999994918E-06
vn 0.747472 -0.664294 4.06762760396396E-17
vn 0.747472 -0.664294 4.06762760396396E-17
vn -0.66427 -0.747493 4.577074549175262E-17
vn 0.752577 -0.654687 0.07080700000000004
vn 0.995128 -0.069096 0.070332
vn -0.071179 -0.9947 0.07419400000000005
vn -0.651178 -0.754999 0.07710000000000004
vn 0.752577 -0.654687 0.07080700000000004
vn 0.752793 -0.654824 0.06713700000000004
vn 0.995379 -0.069103 0.066681
vn -0.071214 -0.994977 0.07034600000000006
vn -0.651433 -0.755177 0.07309900000000004
vn 0.752793 -0.654824 0.06713700000000004
vn 0.734227 -0.638977 0.22938700000000004
vn 0.971359 -0.06757099999999999 0.227808
vn -0.068194 -0.968476 0.23958900000000005
vn -0.631388 -0.734476 0.24878600000000006
vn 0.734227 -0.638977 0.22938700000000004
vn 0.986073 0.165984 -0.010408000000000011
vn 0.347239 0.937512 0.022262999999999943
vn 0.636453 -0.770615 -0.03286599999999995
vn 0.636453 -0.770615 -0.03286599999999995
vn -0.340505 -0.939972 -0.022560999999999942
vn -0.63839 0.769017 0.03272899999999995
vn -0.984409 -0.17561 0.009976000000000011
vn 0.347239 0.937512 0.022262999999999943
vn 0.986073 0.165984 -0.010408000000000011
vn -0.63839 0.769017 0.03272899999999995
vn 0.982796 0.181364 0.034912999999999986
vn 0.346299 0.937892 0.02088399999999994
vn 0.648664 -0.760939 0.014358000000000046
vn 0.648664 -0.760939 0.014358000000000046
vn -0.335163 -0.941923 -0.021113999999999942
vn -0.638661 0.769352 -0.014507000000000048
vn -0.982967 -0.180325 -0.03548299999999999
vn 0.346299 0.937892 0.02088399999999994
vn 0.982796 0.181364 0.034912999999999986
vn -0.638661 0.769352 -0.014507000000000048
vn 0.990546 0.136398 -0.014626000000000009
vn 0.369592 0.926011 -0.07685400000000006
vn 0.614831 -0.786366 0.060090000000000046
vn 0.614831 -0.786366 0.060090000000000046
vn -0.325594 -0.942438 0.07615900000000006
vn -0.619616 0.782486 -0.061581000000000045
vn -0.98131 -0.191673 0.01711600000000001
vn 0.369592 0.926011 -0.07685400000000006
vn 0.990546 0.136398 -0.014626000000000009
vn -0.619616 0.782486 -0.061581000000000045
vn 0.986036 0.166532 -0.0008960000000000102
vn 0.346832 0.937927 0.0006729999999999425
vn 0.637253 -0.770653 -0.0017579999999999527
vn 0.637253 -0.770653 -0.0017579999999999527
vn -0.340425 -0.940271 -0.0007829999999999424
vn -0.63884 0.769338 0.001658999999999953
vn -0.984504 -0.175359 0.0007840000000000107
vn 0.346832 0.937927 0.0006729999999999425
vn 0.986036 0.166532 -0.0008960000000000102
vn -0.63884 0.769338 0.001658999999999953
vn 0.977219 0.182376 0.10854199999999999
vn 0.343461 0.93776 0.05138099999999995
vn 0.647034 -0.760214 0.05849600000000005
vn 0.647034 -0.760214 0.05849600000000005
vn -0.335955 -0.940498 -0.05097399999999994
vn -0.636129 0.769435 -0.05754000000000005
vn -0.97829 -0.176299 -0.10893299999999999
vn 0.343461 0.93776 0.05138099999999995
vn 0.977219 0.182376 0.10854199999999999
vn -0.636129 0.769435 -0.05754000000000005
vn 0.447225 0.894422 1.9999999999452325E-06
vn -0.707107 0.707107 -4.329781621023438E-17
vn -0.707096 0.707118 -2.0000000000432985E-06
vn -0.707096 0.707118 -2.0000000000432985E-06
vn 0.894438 0.447191 1.9999999999726175E-06
vn 0.746977 -0.649618 0.14149700000000004
vn 0.987702 -0.06846499999999998 0.140561
vn -0.070083 -0.98648 0.14813900000000005
vn -0.645025 -0.748509 0.15387700000000007
vn 0.746977 -0.649618 0.14149700000000004
vn 0.258831 0.965923 9.999999999408542E-07
vn 0.258823 0.965925 -5.914584797332036E-17
vn 0.965924 -0.258826 1.584852162180564E-17
vn 0.965924 -0.258826 1.584852162180564E-17
vn 0.965923 -0.25883 1.5848766551165472E-17
vn 0.258831 0.965923 9.999999999408542E-07
vn -0.998205 -0.059891 3.6672660723867065E-18
vn -0.834508 0.550996 9.999999999662612E-07
vn -0.834508 0.550996 9.999999999662612E-07
vn 0.258823 0.965925 -5.914584797332036E-17
vn -0.998205 -0.059891 3.6672660723867065E-18
vn 0.059914 -0.998204 -9.999999999388776E-07
vn -0.551005 -0.834502 -9.999999999489014E-07
vn -0.551005 -0.834502 -9.999999999489014E-07
vn -0.834508 0.550996 9.999999999662612E-07
vn -0.284782 -0.95852 0.011788000000000059
vn 0.818451 -0.573576 -0.033878999999999965
vn 0.818445 -0.573586 -0.033877999999999964
vn 0.818445 -0.573586 -0.033877999999999964
vn -0.802557 -0.59565 0.033221000000000035
vn 0.986864 0.148038 -0.06468300000000002
vn 0.371273 0.925471 -0.07522900000000006
vn 0.625104 -0.780502 0.007875000000000049
vn 0.625104 -0.780502 0.007875000000000049
vn -0.320172 -0.94473 0.07053000000000005
vn -0.617117 0.786786 -0.011582000000000049
vn -0.978786 -0.194684 0.06384100000000001
vn 0.371273 0.925471 -0.07522900000000006
vn 0.986864 0.148038 -0.06468300000000002
vn -0.617117 0.786786 -0.011582000000000049
vn -0.233494 0.972357 -0.0015300000000000595
vn 0.233273 -0.97241 0.0012090000000000596
vn -0.234526 0.97211 -0.00031100000000005955
vn 0.234741 -0.972058 0.0006290000000000595
vn -0.233494 0.972357 -0.0015300000000000595
vn -0.152112 -0.878766 0.45236400000000004
vn -0.075167 -0.44016999999999995 0.894763
vn -0.170556 -0.985322 0.007211000000000061
vn -0.172778 -0.984903 0.010680000000000061
vn -0.152112 -0.878766 0.45236400000000004
vn 0.121104 0.698983 0.70481
vn 0.119454 0.698122 0.705944
vn -0.075167 -0.44016999999999995 0.894763
vn -0.152112 -0.878766 0.45236400000000004
vn 0.121104 0.698983 0.70481
vn 0.11504 -0.993355 0.0033190000000000606
vn -0.993523 -0.113629 -0.0005679999999999931
vn -0.725471 -0.688253 0.0009210000000000422
vn -0.725471 -0.688253 0.0009210000000000422
vn 0.686957 -0.726687 0.0039430000000000446
vn 0.99351 0.113719 0.002410999999999993
vn 0.11504 -0.993355 0.0033190000000000606
vn 0.686957 -0.726687 0.0039430000000000446
vn 0.725803 0.687903 0.0004819999999999579
vn 0.99351 0.113719 0.002410999999999993
vn -0.114344 0.993441 -0.001052000000000061
vn 0.99351 0.113719 0.002410999999999993
vn 0.725803 0.687903 0.0004819999999999579
vn -0.686664 0.726974 -0.0013760000000000445
vn -0.114344 0.993441 -0.001052000000000061
vn -0.489596 -0.853552 0.17817000000000005
vn -0.448993 -0.875427 0.17897800000000005
vn -0.868898 0.494279 -0.026547000000000032
vn -0.868898 0.494279 -0.026547000000000032
vn -0.849211 0.52718 -0.03037800000000003
vn -0.489596 -0.853552 0.17817000000000005
vn 0.971413 -0.236552 0.019988000000000013
vn 0.694558 -0.711764 0.10479300000000004
vn 0.694558 -0.711764 0.10479300000000004
vn -0.448993 -0.875427 0.17897800000000005
vn 0.971413 -0.236552 0.019988000000000013
vn 0.168249 0.974939 -0.14555500000000005
vn 0.754916 0.645691 -0.11482200000000004
vn 0.754916 0.645691 -0.11482200000000004
vn 0.694558 -0.711764 0.10479300000000004
vn -0.599157 -0.799264 0.04677100000000005
vn -0.629324 -0.776072 0.04078900000000005
vn -0.80369 0.576 -0.14935100000000004
vn -0.818321 0.554615 -0.15084200000000003
vn -0.599157 -0.799264 0.04677100000000005
vn -0.599157 -0.799264 0.04677100000000005
vn 0.951076 -0.249927 0.18163400000000002
vn 0.530301 -0.823501 0.20156000000000004
vn 0.530301 -0.823501 0.20156000000000004
vn -0.629324 -0.776072 0.04078900000000005
vn 0.951076 -0.249927 0.18163400000000002
vn 0.326938 0.943795 -0.048609000000000055
vn 0.798348 0.599621 0.05563599999999996
vn 0.798348 0.599621 0.05563599999999996
vn 0.530301 -0.823501 0.20156000000000004
vn -0.766428 0.2524120000000001 0.590658
vn -0.754835 0.26493300000000003 0.600028
vn -0.967977 -0.239105 0.07648500000000001
vn -0.963316 -0.264327 0.04640200000000001
vn -0.766428 0.2524120000000001 0.590658
vn 0.596375 0.606331 0.526023
vn 0.585118 0.609575 0.534842
vn 0.971119 0.232117 -0.05521800000000002
vn 0.973556 0.214403 -0.07887100000000001
vn 0.596375 0.606331 0.526023
vn -0.026741 0.995004 -0.09618400000000006
vn -0.032505 0.989902 -0.13797400000000007
vn -0.688643 0.673335 0.26905699999999994
vn -0.688643 0.673335 0.26905699999999994
vn -0.185414 0.719227 0.669578
vn -0.994118 -0.094422 0.05304600000000001
vn -0.991047 -0.108669 0.077562
vn -0.64457 -0.05821599999999995 0.762326
vn -0.23933 -0.18820399999999995 0.952523
vn -0.60499 -0.612948 0.508215
vn -0.908206 -0.392312 0.14578600000000003
vn -0.897749 -0.427367 0.10678600000000003
vn -0.067299 -0.778038 0.624602
vn -0.306611 -0.870517 0.3849540000000001
vn 0.062276 -0.896675 0.43828800000000007
vn 0.843859 0.419521 0.334521
vn 0.835545 0.441651 0.326818
vn 0.843859 0.419521 0.334521
vn 0.851652 0.397132 0.342017
vn -0.163183 -0.925416 0.3420190000000001
vn -0.16319 -0.925414 0.3420210000000001
vn -0.163183 -0.925416 0.3420190000000001
vn -0.163177 -0.925418 0.34201700000000007
vn 0.397128 -0.851653 0.3420190000000001
vn 0.397123 -0.851654 0.3420210000000001
vn 0.397128 -0.851653 0.3420190000000001
vn 0.397133 -0.851651 0.34201800000000004
vn -0.939693 1.3000000000020941E-05 0.342019
vn -0.939693 1.3000000000020941E-05 0.342019
vn -0.939693 1.3000000000020941E-05 0.342019
vn -0.939693 1.2000000000020942E-05 0.342019
vn -0.939693 1.4000000000020942E-05 0.342019
vn -0.939691 2.700000000002094E-05 0.342024
vn -0.939693 1.4000000000020942E-05 0.342019
vn -0.939694 1.0000000000209424E-06 0.342015
vn -0.354921 0.874344 0.33098999999999995
vn -0.387979 0.864509 0.3195239999999999
vn -0.354921 0.874344 0.33098999999999995
vn -0.321393 0.883023 0.34201799999999993
vn -0.498741 -0.866751 -1.9999999999469265E-06
vn -0.498744 -0.866749 -5.999999999946927E-06
vn -0.498741 -0.866751 -1.9999999999469265E-06
vn -0.498737 -0.866753 2.0000000000530733E-06
vn 0.866592 -0.499017 8.000000000030556E-06
vn 0.866589 -0.499023 1.0000000000305562E-06
vn 0.866592 -0.499017 8.000000000030556E-06
vn 0.866596 -0.499011 1.4000000000030556E-05
vn 0.499752 0.866168 2.9999999999469627E-06
vn 0.499749 0.866171 6.999999999946962E-06
vn 0.499752 0.866168 2.9999999999469627E-06
vn 0.499756 0.866166 -1.0000000000530373E-06
vn -0.868032 0.496508 -8.000000000030401E-06
vn -0.868036 0.496502 -3.0401979253512955E-17
vn -0.868032 0.496508 -8.000000000030401E-06
vn -0.868029 0.496514 -1.5000000000030404E-05
vn 0 6.123233995736766E-17 1
vn 0 6.123233995736766E-17 1
vn 0 6.123233995736766E-17 1
vn 0 6.123233995736766E-17 1
vn 0.088017 0.023734000000000064 0.995836
vn 0.09873 0.00653900000000006 0.995093
vn 0.088017 0.023734000000000064 0.995836
vn 0.077267 0.04092000000000006 0.99617
vn 0.235564 -0.971859 0.00041100000000005954
vn 0.235551 -0.971862 0.00040000000000005954
vn 0.235564 -0.971859 0.00041100000000005954
vn 0.235578 -0.971855 0.00042200000000005953
vn -0.236357 0.971666 -0.0009530000000000595
vn -0.236371 0.971662 -0.0009640000000000595
vn -0.236357 0.971666 -0.0009530000000000595
vn -0.236344 0.971669 -0.0009410000000000595
vn 0.234339 -0.972155 0.0005850000000000595
vn 0.233143 -0.972441 0.0015570000000000596
vn 0.234339 -0.972155 0.0005850000000000595
vn 0.235535 -0.971866 -0.0003879999999999405
vn -0.236348 0.971668 0.0009459999999999405
vn -0.236342 0.971669 0.0009399999999999404
vn -0.236348 0.971668 0.0009459999999999405
vn -0.236355 0.971666 0.0009509999999999405
vn -0.720812 -0.685536 -0.10232599999999996
vn 0.356907 -0.933131 0.04340800000000006
vn -0.950793 0.28206 -0.12819700000000003
vn -0.288539 0.956867 -0.03393100000000006
vn 0.977951 -0.161336 0.1326
vn 0.674984 0.731516 0.09633699999999996
vn 0.356907 -0.933131 0.04340800000000006
vn -0.720812 -0.685536 -0.10232599999999996
vn -0.884829 -0.321983 0.336756
vn -0.884829 -0.321983 0.336756
vn -0.884829 -0.321983 0.336756
vn -0.884829 -0.321983 0.336756
vn -0.010062 -0.011353999999999939 0.999885
vn -0.010908 -0.010996999999999939 0.99988
vn -0.010062 -0.011353999999999939 0.999885
vn -0.010062 -0.011353999999999939 0.999885
vn -0.64474 -0.748217 0.15646500000000005
vn -0.070044 -0.986106 0.15063000000000004
vn -0.984535 0.06708800000000001 0.161835
vn -0.74606 0.646183 0.16075399999999998
vn 0.646736 0.748289 0.14763699999999993
vn 0.069325 0.985608 0.15418099999999996
vn 0.987363 -0.06844799999999998 0.142929
vn 0.746712 -0.649399 0.14388300000000004
vn -0.604153 -0.796868 4.8794092277147654E-17
vn -0.604153 -0.796868 4.8794092277147654E-17
vn -0.604153 -0.796868 4.8794092277147654E-17
vn -0.604153 -0.796868 4.8794092277147654E-17
vn 0.796199 -0.605034 3.704764757376598E-17
vn 0.796199 -0.605034 3.704764757376598E-17
vn 0.796199 -0.605034 3.704764757376598E-17
vn 0.796199 -0.605034 3.704764757376598E-17
vn 0.605346 0.795963 -4.8738677009486236E-17
vn 0.605346 0.795963 -4.8738677009486236E-17
vn 0.605346 0.795963 -4.8738677009486236E-17
vn 0.605346 0.795963 -4.8738677009486236E-17
vn -0.797372 0.603489 -3.6953043608531856E-17
vn -0.797372 0.603489 -3.6953043608531856E-17
vn -0.797372 0.603489 -3.6953043608531856E-17
vn -0.797372 0.603489 -3.6953043608531856E-17
vn 0 6.123233995736766E-17 1
vn 0 6.123233995736766E-17 1
vn 0 6.123233995736766E-17 1
vn 0 6.123233995736766E-17 1
vn -0.294277 0.920646 0.25653699999999996
vn -0.848748 -0.12828400000000004 -0.513001
vn -0.855551 0.449714 -0.256498
vn 0.273817 0.813523 0.513035
vn 0.898231 -0.16936399999999996 0.405583
vn 0.898232 -0.16930899999999996 0.405602
vn 0.010764 -0.913988 -0.40559699999999993
vn 0.010748 -0.913985 -0.40560599999999997
vn -1.5E-05 6.100000000006123E-05 1
vn -1.2E-05 6.100000000006123E-05 1
vn -1.5E-05 6.100000000006123E-05 1
vn -1.7E-05 6.100000000006123E-05 1
vn -0.000228 0.0011249999999999388 -0.999999
vn -0.000229 0.0011239999999999389 -0.999999
vn -0.000228 0.0011249999999999388 -0.999999
vn -0.000227 0.001125999999999939 -0.999999
vn 0.587927 0.552677 0.590669
vn 0.572163 0.559112 0.60002
vn -0.796751 0.2974780000000001 0.526018
vn -0.787914 0.30518000000000006 0.534843
vn 0.976168 0.217016 -1.3288397488188099E-17
vn 0.976168 0.217016 -1.3288397488188099E-17
vn 0.976168 0.217016 -1.3288397488188099E-17
vn 0.976168 0.217016 -1.3288397488188099E-17
vn -0.976257 -0.216617 1.326396578454511E-17
vn -0.976257 -0.216617 1.326396578454511E-17
vn -0.976257 -0.216617 1.326396578454511E-17
vn -0.976257 -0.216617 1.326396578454511E-17
vn -0.698664 0.71545 -4.380867762249869E-17
vn -0.698664 0.71545 -4.380867762249869E-17
vn -0.698664 0.71545 -4.380867762249869E-17
vn -0.698664 0.71545 -4.380867762249869E-17
vn 0.715241 0.698878 -4.2793935284725195E-17
vn 0.715241 0.698878 -4.2793935284725195E-17
vn 0.715241 0.698878 -4.2793935284725195E-17
vn 0.715241 0.698878 -4.2793935284725195E-17
vn 0.699481 -0.714651 4.375975298287276E-17
vn 0.699481 -0.714651 4.375975298287276E-17
vn 0.699481 -0.714651 4.375975298287276E-17
vn 0.699481 -0.714651 4.375975298287276E-17
vn -0.717262 -0.696804 4.2666939411653616E-17
vn -0.717262 -0.696804 4.2666939411653616E-17
vn -0.717262 -0.696804 4.2666939411653616E-17
vn -0.717262 -0.696804 4.2666939411653616E-17
vn 0 6.123233995736766E-17 1
vn 0 6.123233995736766E-17 1
vn 0 6.123233995736766E-17 1
vn 0 6.123233995736766E-17 1
vn -0.859822 0.510594 -3.1264865388192185E-17
vn -0.859822 0.510594 -3.1264865388192185E-17
vn -0.859822 0.510594 -3.1264865388192185E-17
vn -0.859822 0.510594 -3.1264865388192185E-17
vn 0.509819 0.860282 -5.2677079883204165E-17
vn 0.509819 0.860282 -5.2677079883204165E-17
vn 0.509819 0.860282 -5.2677079883204165E-17
vn 0.509819 0.860282 -5.2677079883204165E-17
vn 0.860578 -0.509318 3.118673292240658E-17
vn 0.860578 -0.509318 3.118673292240658E-17
vn 0.860578 -0.509318 3.118673292240658E-17
vn 0.860578 -0.509318 3.118673292240658E-17
vn -0.511885 -0.859054 5.2601886569736517E-17
vn -0.511885 -0.859054 5.2601886569736517E-17
vn -0.511885 -0.859054 5.2601886569736517E-17
vn -0.511885 -0.859054 5.2601886569736517E-17
vn 0 6.123233995736766E-17 1
vn 0 6.123233995736766E-17 1
vn 0 6.123233995736766E-17 1
vn 0 6.123233995736766E-17 1
vn 0.012283 0.999925 -6.122774753187085E-17
vn 0.012283 0.999925 -6.122774753187085E-17
vn 0.012283 0.999925 -6.122774753187085E-17
vn 0.012283 0.999925 -6.122774753187085E-17
vn 0.999935 -0.011368 6.960892406353556E-19
vn 0.999935 -0.011368 6.960892406353556E-19
vn 0.999935 -0.011368 6.960892406353556E-19
vn 0.999935 -0.011368 6.960892406353556E-19
vn -0.010802 -0.999942 6.122878848165014E-17
vn -0.010802 -0.999942 6.122878848165014E-17
vn -0.010802 -0.999942 6.122878848165014E-17
vn -0.010802 -0.999942 6.122878848165014E-17
vn -0.999905 0.013784 -8.440265739723558E-19
vn -0.999905 0.013784 -8.440265739723558E-19
vn -0.999905 0.013784 -8.440265739723558E-19
vn -0.999905 0.013784 -8.440265739723558E-19
vn 0 6.123233995736766E-17 1
vn 0 6.123233995736766E-17 1
vn 0 6.123233995736766E-17 1
vn 0 6.123233995736766E-17 1
vn -0.049411 0.998779 -6.115757527027972E-17
vn -0.049411 0.998779 -6.115757527027972E-17
vn -0.049411 0.998779 -6.115757527027972E-17
vn -0.049411 0.998779 -6.115757527027972E-17
vn -0.998833 -0.048301 2.9575832522808153E-18
vn -0.998833 -0.048301 2.9575832522808153E-18
vn -0.998833 -0.048301 2.9575832522808153E-18
vn -0.998833 -0.048301 2.9575832522808153E-18
vn 0.047909 -0.998852 6.11620452310966E-17
vn 0.047909 -0.998852 6.11620452310966E-17
vn 0.047909 -0.998852 6.11620452310966E-17
vn 0.047909 -0.998852 6.11620452310966E-17
vn 0.998738 0.050231 -3.0757616683985347E-18
vn 0.998738 0.050231 -3.0757616683985347E-18
vn 0.998738 0.050231 -3.0757616683985347E-18
vn 0.998738 0.050231 -3.0757616683985347E-18
vn 0 6.123233995736766E-17 1
vn 0 6.123233995736766E-17 1
vn 0 6.123233995736766E-17 1
vn 0 6.123233995736766E-17 1
vn 0.26022 -0.965549 5.912282461349639E-17
vn 0.26022 -0.965549 5.912282461349639E-17
vn 0.26022 -0.965549 5.912282461349639E-17
vn 0.26022 -0.965549 5.912282461349639E-17
vn 0.965631 0.259916 -1.5915264872359172E-17
vn 0.965631 0.259916 -1.5915264872359172E-17
vn 0.965631 0.259916 -1.5915264872359172E-17
vn 0.965631 0.259916 -1.5915264872359172E-17
vn -0.259102 0.96585 -5.914125554782355E-17
vn -0.259102 0.96585 -5.914125554782355E-17
vn -0.259102 0.96585 -5.914125554782355E-17
vn -0.259102 0.96585 -5.914125554782355E-17
vn -0.964873 -0.262715 1.6086654191899845E-17
vn -0.964873 -0.262715 1.6086654191899845E-17
vn -0.964873 -0.262715 1.6086654191899845E-17
vn -0.964873 -0.262715 1.6086654191899845E-17
vn 0 6.123233995736766E-17 1
vn 0 6.123233995736766E-17 1
vn 0 6.123233995736766E-17 1
vn 0 6.123233995736766E-17 1
vn 0.990672 0.136266 -8.343886036630662E-18
vn 0.990672 0.136266 -8.343886036630662E-18
vn 0.990672 0.136266 -8.343886036630662E-18
vn 0.990672 0.136266 -8.343886036630662E-18
vn -0.13517 0.990822 -6.067034954123893E-17
vn -0.13517 0.990822 -6.067034954123893E-17
vn -0.13517 0.990822 -6.067034954123893E-17
vn -0.13517 0.990822 -6.067034954123893E-17
vn -0.990874 -0.134792 8.253629567533502E-18
vn -0.990874 -0.134792 8.253629567533502E-18
vn -0.990874 -0.134792 8.253629567533502E-18
vn -0.990874 -0.134792 8.253629567533502E-18
vn 0.13709 -0.990559 6.065424543583015E-17
vn 0.13709 -0.990559 6.065424543583015E-17
vn 0.13709 -0.990559 6.065424543583015E-17
vn 0.13709 -0.990559 6.065424543583015E-17
vn 0 6.123233995736766E-17 1
vn 0 6.123233995736766E-17 1
vn 0 6.123233995736766E-17 1
vn 0 6.123233995736766E-17 1
vn -0 6.123233995736766E-17 1
vn -0 6.123233995736766E-17 1
vn -0 6.123233995736766E-17 1
vn -0 6.123233995736766E-17 1
vn -0.930002 0.367553 -2.2506130248350356E-17
vn -0.367526 -0.930013 -3.999999999943053E-06
vn -0.852035 -0.523485 -3.9999999999679456E-06
vn -0.523464 0.852048 9.99999999947827E-07
vn -0.367526 -0.930013 -3.999999999943053E-06
vn 0.929985 -0.367597 2.250882447130848E-17
vn 0.523485 -0.852035 -3.999999999947828E-06
vn -0.852035 -0.523485 -3.9999999999679456E-06
vn -0.561192 0.683005 0.46751299999999996
vn -0.651783 0.589058 0.4776929999999999
vn -0.561192 0.683005 0.46751299999999996
vn -0.460985 0.765247 0.44932199999999994
vn -0.010061 -0.011355999999999939 0.999885
vn -0.010908 -0.01099799999999994 0.99988
vn -0.010061 -0.011355999999999939 0.999885
vn -0.010061 -0.011355999999999939 0.999885
vn -0.010061 -0.011355999999999939 0.999885
vn -0.010909 -0.01099799999999994 0.99988
vn -0.010061 -0.011355999999999939 0.999885
vn -0.010061 -0.011355999999999939 0.999885
vn -0.638085 -0.741399 0.20778700000000005
vn -0.069168 -0.977336 0.20007700000000006
vn -0.974418 0.06613300000000001 0.214791
vn -0.738707 0.639372 0.21334199999999998
vn 0.641593 0.741524 0.19621799999999995
vn 0.06886 0.976363 0.20487699999999995
vn 0.97941 -0.06802099999999998 0.190079
vn 0.740476 -0.644264 0.19135900000000003
vn -0.644526 -0.747998 0.15838200000000005
vn -0.070009 -0.985825 0.15247300000000005
vn -0.984209 0.06705500000000002 0.163817
vn -0.74583 0.645958 0.16271799999999997
vn 0.646566 0.748079 0.14943499999999996
vn 0.069301 0.985313 0.15606299999999995
vn 0.987111 -0.06842399999999998 0.144671
vn 0.746521 -0.649226 0.14564300000000002
vn 0.966199 0.245181 0.07965799999999999
vn 0.629011 0.773534 0.07740199999999996
vn 0.775997 -0.625414 0.08176300000000004
vn 0.243272 -0.96655 0.08123800000000006
vn -0.966513 -0.244949 0.07650600000000002
vn -0.627171 -0.77489 0.07875100000000004
vn -0.775529 0.626855 0.07488599999999995
vn -0.240719 0.967685 0.07510299999999995
vn -0.007251 -0.994044 0.10874200000000006
vn 0.011043 -0.990859 0.13444900000000007
vn -0.007251 -0.994044 0.10874200000000006
vn -0.025538 -0.996229 0.08292500000000005
vn 0.009596 0.994124 -0.10782400000000006
vn 0.030289 0.990449 -0.13451100000000005
vn 0.009596 0.994124 -0.10782400000000006
vn -0.011108 0.996651 -0.08101200000000006
vn -0.723775 -0.685237 0.08123700000000005
vn 0.354195 -0.931956 0.07748900000000006
vn -0.960523 0.278195 -0.002056000000000017
vn -0.293963 0.95239 -0.08086300000000006
vn 0.985865 -0.167311 -0.00882599999999999
vn 0.679122 0.72918 -0.08420100000000004
vn 0.354195 -0.931956 0.07748900000000006
vn -0.723775 -0.685237 0.08123700000000005
vn 0.999149 -0.023857999999999997 0.033643
vn -0.45968 0.88534 -0.06977300000000006
vn 0.522552 0.85188 -0.035210000000000054
vn 0.487809 -0.870131 0.07010600000000006
vn 0.999859 -0.001147000000000001 -0.01674
vn -0.455576 0.888324 0.05770799999999995
vn 0.503453 0.863073 0.04049399999999995
vn 0.470516 -0.880619 -0.05589799999999995
vn 0.99991 -0.00801 0.010789
vn -0.483384 0.870921 0.08853099999999994
vn 0.505939 0.856934 0.09843699999999994
vn 0.495878 -0.863985 -0.08737699999999994
vn 0.996654 -0.024248000000000002 -0.078063
vn -0.484475 0.874719 0.012244999999999947
vn 0.517223 0.85329 -0.06616100000000005
vn 0.493021 -0.869925 -0.012717999999999946
vn 0.073519 0.993403 0.08801199999999995
vn 0.077459 0.993789 0.07989199999999995
vn 0.073519 0.993403 0.08801199999999995
vn 0.069572 0.992935 0.09612499999999995
vn -0.073519 -0.993403 -0.08801199999999995
vn -0.077459 -0.993789 -0.07989199999999995
vn -0.073519 -0.993403 -0.08801199999999995
vn -0.069572 -0.992935 -0.09612499999999995
vn 0.794412 0.601923 0.08123399999999996
vn -0.205642 0.793683 0.572519
vn 0.807607 -0.33344699999999994 0.486398
vn 0.18808 -0.978819 -0.08086299999999995
vn -0.961632 0.274201 -0.008819000000000018
vn -0.68394 -0.58952 0.42975700000000006
vn -0.205642 0.793683 0.572519
vn 0.794412 0.601923 0.08123399999999996
vn -0.530254 0.843939 0.08123099999999994
vn -0.808518 -0.13576099999999997 0.572598
vn 0.402685 0.775468 0.48630699999999993
vn 0.991462 0.102311 -0.080846
vn -0.356892 -0.934104 -0.008823999999999943
vn 0.527832 -0.732555 0.4298330000000001
vn -0.808518 -0.13576099999999997 0.572598
vn -0.530254 0.843939 0.08123099999999994
vn 0 6.123233995736766E-17 1
vn 0 6.123233995736766E-17 1
vn 0 6.123233995736766E-17 1
vn 0 6.123233995736766E-17 1
vn 0.834511 -0.550991 2.0000000000337385E-06
vn 0.998204 0.059907 1.999999999996332E-06
vn -0.258816 -0.965927 -9.99999999940854E-07
vn -0.258826 -0.965924 1.0000000000591457E-06
vn -0.965932 0.258798 -1.0000000000158467E-06
vn -0.965936 0.258781 -3.000000000015846E-06
vn -0.059927 0.998203 -6.112230544246427E-17
vn 0.550987 0.834514 1.9999999999489005E-06
vn 0 6.123233995736766E-17 1
vn 0 6.123233995736766E-17 1
vn 0 6.123233995736766E-17 1
vn 0 6.123233995736766E-17 1
vn -0.947681 -0.315483 0.04870100000000002
vn 0.000469 -0.999776 0.02114700000000006
vn -0.315702 -0.948246 0.03407500000000006
vn -0.999019 0.0004920000000000027 0.044288
vn 0 6.123233995736766E-17 1
vn 0 6.123233995736766E-17 1
vn 0 6.123233995736766E-17 1
vn 0 6.123233995736766E-17 1
vn -0.990442 0.114911 0.07628799999999998
vn -0.421383 -0.906302 0.032458000000000056
vn -0.68592 -0.725756 0.05283300000000004
vn -0.903631 0.422618 0.06959999999999997
vn -0.388134 0.832332 0.39569699999999997
vn -0.388136 0.832331 0.39569699999999997
vn -0.388134 0.832332 0.39569699999999997
vn -0.388131 0.832333 0.39569699999999997
vn 0 6.123233995736766E-17 1
vn 0 6.123233995736766E-17 1
vn 0 6.123233995736766E-17 1
vn 0 6.123233995736766E-17 1
vn 0.027327 0.999627 -1.0000000000612095E-06
vn -0.939684 0.342045 -2.0944215720717822E-17
vn -0.783307 0.621635 -1.0000000000380641E-06
vn 0.342037 0.939686 -1.0000000000575391E-06
vn 0 6.123233995736766E-17 1
vn 0 6.123233995736766E-17 1
vn 0 6.123233995736766E-17 1
vn 0 6.123233995736766E-17 1
vn 0.998207 0.059864 -3.665612799207858E-18
vn 0.258862 0.965914 -5.914517441758083E-17
vn 0.551038 0.83448 -5.1097163047624165E-17
vn 0.965918 -0.25885 1.584999119796462E-17
vn -0.247368 -0.923159 0.29425700000000005
vn -0.247391 -0.923153 0.29425500000000004
vn -0.247368 -0.923159 0.29425700000000005
vn -0.247346 -0.923164 0.2942580000000001
vn 0 6.123233995736766E-17 1
vn 0 6.123233995736766E-17 1
vn 0 6.123233995736766E-17 1
vn 0 6.123233995736766E-17 1
vn -0.748191 0.663483 9.999999999593733E-07
vn -0.663472 -0.748201 4.581409798844244E-17
vn -0.9797 -0.200468 1.227512472657358E-17
vn -0.200464 0.979701 -5.998938468857306E-17
vn -0.663472 -0.748201 4.581409798844244E-17
vn 0.748192 -0.663482 4.062655537959421E-17
vn 0.200477 -0.979699 5.998926222389314E-17
vn -0.9797 -0.200468 1.227512472657358E-17
vn -0.5559 -0.793928 0.24627900000000005
vn -0.555904 -0.793926 0.24627900000000005
vn -0.5559 -0.793928 0.24627900000000005
vn -0.555896 -0.793931 0.24627900000000005
vn 0 6.123233995736766E-17 1
vn 0 6.123233995736766E-17 1
vn 0 6.123233995736766E-17 1
vn 0 6.123233995736766E-17 1
vn -0.476144 0.879368 -5.384576032363049E-17
vn -0.87936 -0.476157 2.915620729708031E-17
vn -0.98918 0.146704 -8.983029201105665E-18
vn 0.146694 0.989182 -6.056992850370885E-17
vn -0.87936 -0.476157 2.915620729708031E-17
vn 0.476143 -0.879368 5.384576032363049E-17
vn -0.14669 -0.989183 6.056998973604881E-17
vn -0.98918 0.146704 -8.983029201105665E-18
vn -0.710065 0.595787 0.37529399999999996
vn -0.710057 0.595798 0.37529199999999996
vn -0.710065 0.595787 0.37529399999999996
vn -0.710073 0.595777 0.37529499999999993
vn 0 6.123233995736766E-17 1
vn 0 6.123233995736766E-17 1
vn 0 6.123233995736766E-17 1
vn 0 6.123233995736766E-17 1
vn -0.087166 0.99619 -0.0028500000000000613
vn -0.087168 0.99619 -0.002851000000000061
vn 0.996195 0.087153 -0.0002510000000000053
vn 0.996196 0.087143 -0.0002490000000000053
vn -0.087166 0.99619 -0.0028500000000000613
vn -0.917517 -0.397696 0.0011400000000000242
vn -0.972638 0.232323 -0.0006650000000000142
vn -0.087168 0.99619 -0.002851000000000061
vn 0 6.123233995736766E-17 1
vn 0 6.123233995736766E-17 1
vn 0 6.123233995736766E-17 1
vn 0 6.123233995736766E-17 1
vn 0 6.123233995736766E-17 1
vn 0 6.123233995736766E-17 1
vn 0 6.123233995736766E-17 1
vn 0 6.123233995736766E-17 1
vn 0.99655 -0.082998 -2.999999999994918E-06
vn 0.082948 0.996554 -4.000000000061021E-06
vn 0.66433 0.74744 -4.0000000000457676E-06
vn 0.747472 -0.664294 4.06762760396396E-17
vn 0.082948 0.996554 -4.000000000061021E-06
vn -0.996556 0.082924 -5.0776305586247555E-18
vn -0.747482 0.664282 -4.0675541251560106E-17
vn 0.66433 0.74744 -4.0000000000457676E-06
vn 0.035131 -0.99553 0.08766800000000005
vn 0.030797 -0.994917 0.09587100000000005
vn 0.035131 -0.99553 0.08766800000000005
vn 0.039463 -0.996057 0.07945700000000006
vn -0.035131 0.99553 -0.08766800000000005
vn -0.030797 0.994917 -0.09587100000000005
vn -0.035131 0.99553 -0.08766800000000005
vn -0.039463 0.996057 -0.07945700000000006
vn -0.723835 -0.685175 0.08123400000000004
vn 0.354117 -0.931985 0.07749500000000005
vn -0.960498 0.278279 -0.002060000000000017
vn -0.293957 0.952392 -0.08086400000000006
vn 0.985852 -0.167386 -0.00882199999999999
vn 0.679122 0.72918 -0.08420000000000004
vn 0.354117 -0.931985 0.07749500000000005
vn -0.723835 -0.685175 0.08123400000000004
vn -0.912768 0.40032 0.08122899999999997
vn -0.720822 -0.688774 0.07749900000000004
vn -0.117261 0.993099 -0.002073000000000061
vn 0.762894 0.641448 -0.08085500000000004
vn 0.2293 -0.973316 -0.008808999999999942
vn 0.935997 -0.341789 -0.08420399999999997
vn -0.720822 -0.688774 0.07749900000000004
vn -0.912768 0.40032 0.08122899999999997
vn -0.993815 -0.022965999999999993 0.10865
vn -0.361257 -0.926397 0.10622100000000005
vn -0.527488 0.849548 -0.004965000000000052
vn 0.41764 0.901867 -0.11050800000000005
vn 0.617834 -0.786253 -0.009360999999999951
vn 0.99009 0.08382 -0.112673
vn -0.361257 -0.926397 0.10622100000000005
vn -0.993815 -0.022965999999999993 0.10865
vn -0.651178 -0.754999 0.07710000000000004
vn -0.071179 -0.9947 0.07419400000000005
vn -0.994509 0.067705 0.079804
vn -0.753564 0.652578 0.07926699999999996
vn 0.651814 0.754886 0.07269799999999996
vn 0.069445 0.99469 0.07595899999999994
vn 0.995128 -0.069096 0.070332
vn 0.752577 -0.654687 0.07080700000000004
vn 0.562555 -0.681823 0.46759900000000004
vn 0.649189 -0.586573 0.48423600000000006
vn 0.562555 -0.681823 0.46759900000000004
vn 0.466438 -0.765582 0.44308100000000006
vn 0.726174 0.49562400000000006 0.47647399999999995
vn 0.637485 0.592431 0.49258299999999994
vn 0.726174 0.49562400000000006 0.47647399999999995
vn 0.802157 0.390146 0.452029
vn -0.737626 -0.523104 0.42693000000000003
vn -0.657884 -0.610278 0.44130300000000006
vn -0.737626 -0.523104 0.42693000000000003
vn -0.80692 -0.42852 0.406511
vn 0.000693 0.03848500000000006 0.999259
vn 0.000693 0.03848500000000006 0.999259
vn 0.000693 0.03848500000000006 0.999259
vn 0.000693 0.03848500000000006 0.999259
vn -0.003122 0.035679000000000065 0.999358
vn -0.003122 0.035679000000000065 0.999358
vn -0.003122 0.035679000000000065 0.999358
vn -0.003122 0.035679000000000065 0.999359
vn -0.048225 0.09732500000000005 0.994084
vn 0.001637 0.03958300000000006 0.999215
vn -0.048225 0.09732500000000005 0.994084
vn -0.097805 0.15449800000000005 0.98314
vn -0.495522 0.868589 -0.0032030000000000535
vn -0.4921 0.870522 -0.005418000000000053
vn -0.495522 0.868589 -0.0032030000000000535
vn -0.498935 0.866639 -0.0009870000000000532
vn 0.976163 0.217041 -1.3289928296687036E-17
vn 0.976163 0.217041 -1.3289928296687036E-17
vn 0.976163 0.217041 -1.3289928296687036E-17
vn 0.976163 0.217041 -1.3289928296687036E-17
vn -0.651433 -0.755177 0.07309900000000004
vn -0.071214 -0.994977 0.07034600000000006
vn -0.994825 0.067807 0.075662
vn -0.753773 0.652822 0.07516399999999995
vn 0.651983 0.755094 0.06892799999999996
vn 0.06951 0.994978 0.07201499999999994
vn 0.995379 -0.069103 0.066681
vn 0.752793 -0.654824 0.06713700000000004
vn -0.01006 -0.01135699999999994 0.999885
vn -0.010908 -0.01099799999999994 0.99988
vn -0.01006 -0.01135699999999994 0.999885
vn -0.01006 -0.01135699999999994 0.999885
vn -0.631388 -0.734476 0.24878600000000006
vn -0.068194 -0.968476 0.23958900000000005
vn -0.96421 0.06526500000000002 0.256981
vn -0.73121 0.632615 0.25520599999999993
vn 0.636418 0.734674 0.23500399999999994
vn 0.068514 0.967014 0.24533699999999994
vn 0.971359 -0.06757099999999999 0.227808
vn 0.734227 -0.638977 0.22938700000000004
vn -0.340505 -0.939972 -0.022560999999999942
vn 0.636453 -0.770615 -0.03286599999999995
vn -0.984409 -0.17561 0.009976000000000011
vn -0.63839 0.769017 0.03272899999999995
vn -0.335163 -0.941923 -0.021113999999999942
vn 0.648664 -0.760939 0.014358000000000046
vn -0.982967 -0.180325 -0.03548299999999999
vn -0.638661 0.769352 -0.014507000000000048
vn -0.325594 -0.942438 0.07615900000000006
vn 0.614831 -0.786366 0.060090000000000046
vn -0.98131 -0.191673 0.01711600000000001
vn -0.619616 0.782486 -0.061581000000000045
vn -0.340425 -0.940271 -0.0007829999999999424
vn 0.637253 -0.770653 -0.0017579999999999527
vn -0.984504 -0.175359 0.0007840000000000107
vn -0.63884 0.769338 0.001658999999999953
vn -0.335955 -0.940498 -0.05097399999999994
vn 0.647034 -0.760214 0.05849600000000005
vn -0.97829 -0.176299 -0.10893299999999999
vn -0.636129 0.769435 -0.05754000000000005
vn 0 6.123233995736766E-17 1
vn 0 6.123233995736766E-17 1
vn 0 6.123233995736766E-17 1
vn 0 6.123233995736766E-17 1
vn -0.707104 -0.70711 -3.999999999956702E-06
vn -0.7071 -0.707113 -8.999999999956702E-06
vn -0.707096 0.707118 -2.0000000000432985E-06
vn -0.707107 0.707107 -4.329781621023438E-17
vn -0.707104 -0.70711 -3.999999999956702E-06
vn 0.894416 -0.447236 2.0000000000273853E-06
vn 0.447243 -0.894413 -2.999999999945233E-06
vn -0.7071 -0.707113 -8.999999999956702E-06
vn -0.010061 -0.01135499999999994 0.999885
vn -0.010908 -0.010996999999999939 0.99988
vn -0.010061 -0.01135499999999994 0.999885
vn -0.010061 -0.01135499999999994 0.999885
vn -0.645025 -0.748509 0.15387700000000007
vn -0.070083 -0.98648 0.14813900000000005
vn -0.984967 0.06712800000000001 0.159163
vn -0.746375 0.646473 0.15810199999999996
vn 0.646953 0.748578 0.14519599999999994
vn 0.069343 0.986002 0.15163099999999993
vn 0.987702 -0.06846499999999998 0.140561
vn 0.746977 -0.649618 0.14149700000000004
vn -0.834994 0.539427 0.10864099999999997
vn -0.666049 -0.45823299999999995 0.588558
vn 0.035848 0.873961 0.48467299999999996
vn 0.852039 0.511685 -0.11049400000000002
vn 0.069586 -0.997532 -0.009374999999999939
vn 0.795285 -0.446764 0.409786
vn -0.666049 -0.45823299999999995 0.588558
vn -0.834994 0.539427 0.10864099999999997
vn 0 6.123233995736766E-17 1
vn 0 6.123233995736766E-17 1
vn 0 6.123233995736766E-17 1
vn 0 6.123233995736766E-17 1
vn 0.059914 -0.998204 -9.999999999388776E-07
vn 0.965923 -0.25883 1.5848766551165472E-17
vn 0.965924 -0.258826 1.584852162180564E-17
vn -0.551005 -0.834502 -9.999999999489014E-07
vn 0 6.123233995736766E-17 1
vn 0 6.123233995736766E-17 1
vn 0 6.123233995736766E-17 1
vn 0 6.123233995736766E-17 1
vn 0.57309 0.819149 -0.02372200000000005
vn 0.573089 0.81915 -0.02372200000000005
vn 0.818445 -0.573586 -0.033877999999999964
vn 0.818451 -0.573576 -0.033878999999999965
vn 0.57309 0.819149 -0.02372200000000005
vn -0.957648 0.2852 0.03963999999999998
vn -0.595299 0.803126 0.02464099999999995
vn 0.573089 0.81915 -0.02372200000000005
vn -0.037223 0.08764200000000005 0.995456
vn -0.037247 0.08762500000000005 0.995457
vn -0.037223 0.08764200000000005 0.995456
vn -0.037198 0.08766000000000006 0.995456
vn -0.140858 0.633067 0.761174
vn -0.076862 0.34080900000000003 0.936985
vn -0.20343 0.919367 0.33671899999999994
vn -0.212671 0.969282 0.12354699999999995
vn -0.21356 0.973141 -0.08596000000000005
vn -0.213692 0.973111 -0.08596500000000006
vn -0.20343 0.919367 0.33671899999999994
vn 0.213595 -0.96311 0.16369700000000006
vn 0.201259 -0.908176 0.3670300000000001
vn 0.217108 -0.975397 -0.03827899999999994
vn 0.219651 -0.974823 -0.038394999999999936
vn -0.076862 0.34080900000000003 0.936985
vn -0.140858 0.633067 0.761174
vn 0.062053 -0.27521999999999996 0.959377
vn 0.133525 -0.599894 0.788859
vn 0.062053 -0.27521999999999996 0.959377
vn 0.201259 -0.908176 0.3670300000000001
vn 0.213595 -0.96311 0.16369700000000006
vn 0.836323 0.482811 0.25972499999999993
vn 0.836346 0.482773 0.25972199999999995
vn 0.836323 0.482811 0.25972499999999993
vn 0.836301 0.482848 0.25972799999999996
vn 0.930398 2.2444714211373115E-17 0.36655
vn 0.930398 2.2444714211373115E-17 0.36655
vn 0.930398 2.2444714211373115E-17 0.36655
vn 0.930398 2.2444775443713075E-17 0.366551
vn 0.991035 -0.074481 0.110915
vn 0.985433 -0.09388999999999999 0.141796
vn 0.991035 -0.074481 0.110915
vn 0.995287 -0.05496999999999999 0.079883
vn -0.991035 0.074481 -0.110915
vn -0.985433 0.09388999999999999 -0.141796
vn -0.991035 0.074481 -0.110915
vn -0.995287 0.05496999999999999 -0.079883
vn 0.07539 0.05402600000000006 0.995689
vn 0.11264 0.06345600000000005 0.991608
vn 0.07539 0.05402600000000006 0.995689
vn 0.038028 0.04451600000000006 0.998285
vn -0.003348 0.03826900000000006 0.999262
vn -0.003348 0.03826900000000006 0.999262
vn -0.003348 0.03826900000000006 0.999262
vn -0.003348 0.03826900000000006 0.999262
vn 0.504225 -0.863569 -0.002482999999999947
vn 0.500655 -0.865647 -0.00015399999999994699
vn 0.504225 -0.863569 -0.002482999999999947
vn 0.507784 -0.861471 -0.004810999999999947
vn -0.976249 -0.21665 1.3265986451763704E-17
vn -0.976249 -0.21665 1.3265986451763704E-17
vn -0.976249 -0.21665 1.3265986451763704E-17
vn -0.976249 -0.21665 1.3265986451763704E-17
vn -0.320172 -0.94473 0.07053000000000005
vn 0.625104 -0.780502 0.007875000000000049
vn -0.978786 -0.194684 0.06384100000000001
vn -0.617117 0.786786 -0.011582000000000049
vn 0.796877 -0.604141 3.699296709418406E-17
vn 0.796877 -0.604141 3.699296709418406E-17
vn 0.796877 -0.604141 3.699296709418406E-17
vn 0.796877 -0.604141 3.699296709418406E-17
vn 0.605037 0.796197 -4.875300537703626E-17
vn 0.605037 0.796197 -4.875300537703626E-17
vn 0.605037 0.796197 -4.875300537703626E-17
vn 0.605037 0.796197 -4.875300537703626E-17
vn -0.795966 0.605341 -3.70664459021329E-17
vn -0.795966 0.605341 -3.70664459021329E-17
vn -0.795966 0.605341 -3.70664459021329E-17
vn -0.795966 0.605341 -3.70664459021329E-17
vn -0.603494 -0.797368 4.8824708447126334E-17
vn -0.603494 -0.797368 4.8824708447126334E-17
vn -0.603494 -0.797368 4.8824708447126334E-17
vn -0.603494 -0.797368 4.8824708447126334E-17
vn 0 6.123233995736766E-17 1
vn 0 6.123233995736766E-17 1
vn 0 6.123233995736766E-17 1
vn 0 6.123233995736766E-17 1
vn 0.901224 -0.433353 2.6535218217545146E-17
vn 0.901224 -0.433353 2.6535218217545146E-17
vn 0.901224 -0.433353 2.6535218217545146E-17
vn 0.901224 -0.433353 2.6535218217545146E-17
vn -0.433079 -0.901356 5.519213701461309E-17
vn -0.433079 -0.901356 5.519213701461309E-17
vn -0.433079 -0.901356 5.519213701461309E-17
vn -0.433079 -0.901356 5.519213701461309E-17
vn -0.901722 0.432316 -2.6471720281009357E-17
vn -0.901722 0.432316 -2.6471720281009357E-17
vn -0.901722 0.432316 -2.6471720281009357E-17
vn -0.901722 0.432316 -2.6471720281009357E-17
vn 0.435682 0.900101 -5.5115290427966594E-17
vn 0.435682 0.900101 -5.5115290427966594E-17
vn 0.435682 0.900101 -5.5115290427966594E-17
vn 0.435682 0.900101 -5.5115290427966594E-17
vn 0 6.123233995736766E-17 1
vn 0 6.123233995736766E-17 1
vn 0 6.123233995736766E-17 1
vn 0 6.123233995736766E-17 1
vn 0.901048 -0.433719 2.6557629253969545E-17
vn 0.901048 -0.433719 2.6557629253969545E-17
vn 0.901048 -0.433719 2.6557629253969545E-17
vn 0.901048 -0.433719 2.6557629253969545E-17
vn -0.432902 -0.901441 5.519734176350946E-17
vn -0.432902 -0.901441 5.519734176350946E-17
vn -0.432902 -0.901441 5.519734176350946E-17
vn -0.432902 -0.901441 5.519734176350946E-17
vn -0.901689 0.432386 -2.6476006544806373E-17
vn -0.901689 0.432386 -2.6476006544806373E-17
vn -0.901689 0.432386 -2.6476006544806373E-17
vn -0.901689 0.432386 -2.6476006544806373E-17
vn 0.435068 0.900398 -5.513347643293393E-17
vn 0.435068 0.900398 -5.513347643293393E-17
vn 0.435068 0.900398 -5.513347643293393E-17
vn 0.435068 0.900398 -5.513347643293393E-17
vn 0 6.123233995736766E-17 1
vn 0 6.123233995736766E-17 1
vn 0 6.123233995736766E-17 1
vn 0 6.123233995736766E-17 1
vn 0.991047 0.108669 -0.077562
vn 0.987171 0.122828 -0.10201500000000001
vn 0.991047 0.108669 -0.077562
vn 0.994118 0.094422 -0.05304600000000001
vn 0.495077 -0.857525 0.13982200000000006
vn 0.49508 -0.857523 0.13982200000000006
vn 0.495077 -0.857525 0.13982200000000006
vn 0.495074 -0.857526 0.13982200000000006
vn -0.484177 0.83853 0.24988099999999994
vn -0.484139 0.838552 0.24987999999999994
vn -0.484177 0.83853 0.24988099999999994
vn -0.484215 0.838507 0.24988199999999994
vn -0.480554 0.832327 0.27622399999999997
vn -0.480534 0.832339 0.27622199999999997
vn -0.480554 0.832327 0.27622399999999997
vn -0.480574 0.832315 0.27622499999999994
vn -0.682609 -0.682612 0.2609310000000001
vn -0.682641 -0.682581 0.26093000000000005
vn -0.682609 -0.682612 0.2609310000000001
vn -0.682578 -0.682643 0.26093200000000005
vn -0.305781 0.764216 0.567866
vn -0.305763 0.764225 0.567864
vn -0.305781 0.764216 0.567866
vn -0.305799 0.764207 0.567869
vn -0.260221 0.965549 -5.912282461349639E-17
vn -0.260221 0.965549 -5.912282461349639E-17
vn -0.260221 0.965549 -5.912282461349639E-17
vn -0.260221 0.965549 -5.912282461349639E-17
vn -0.965631 -0.259917 1.591532610469913E-17
vn -0.965631 -0.259917 1.591532610469913E-17
vn -0.965631 -0.259917 1.591532610469913E-17
vn -0.965631 -0.259917 1.591532610469913E-17
vn 0.259103 -0.96585 5.914125554782355E-17
vn 0.259103 -0.96585 5.914125554782355E-17
vn 0.259103 -0.96585 5.914125554782355E-17
vn 0.259103 -0.96585 5.914125554782355E-17
vn 0.964877 0.2627 -1.6085735706800485E-17
vn 0.964877 0.2627 -1.6085735706800485E-17
vn 0.964877 0.2627 -1.6085735706800485E-17
vn 0.964877 0.2627 -1.6085735706800485E-17
vn 0 6.123233995736766E-17 1
vn 0 6.123233995736766E-17 1
vn 0 6.123233995736766E-17 1
vn 0 6.123233995736766E-17 1
vn -0.001449 0.999999 -6.12322787250277E-17
vn -0.001449 0.999999 -6.12322787250277E-17
vn -0.001449 0.999999 -6.12322787250277E-17
vn -0.001449 0.999999 -6.12322787250277E-17
vn -0.999999 -0.001138 6.96824028714844E-20
vn -0.999999 -0.001138 6.96824028714844E-20
vn -0.999999 -0.001138 6.96824028714844E-20
vn -0.999999 -0.001138 6.96824028714844E-20
vn 0.000293 -1 6.123233995736766E-17
vn 0.000293 -1 6.123233995736766E-17
vn 0.000293 -1 6.123233995736766E-17
vn 0.000293 -1 6.123233995736766E-17
vn 0.999992 0.004032 -2.468887947081064E-19
vn 0.999992 0.004032 -2.468887947081064E-19
vn 0.999992 0.004032 -2.468887947081064E-19
vn 0.999992 0.004032 -2.468887947081064E-19
vn 0 6.123233995736766E-17 1
vn 0 6.123233995736766E-17 1
vn 0 6.123233995736766E-17 1
vn 0 6.123233995736766E-17 1
vn 0 6.123233995736766E-17 1
vn 0 6.123233995736766E-17 1
vn 0 6.123233995736766E-17 1
vn 0 6.123233995736766E-17 1
vn -0.865298 -0.501258 3.06932002623502E-17
vn -0.865298 -0.501258 3.06932002623502E-17
vn -0.865298 -0.501258 3.06932002623502E-17
vn -0.865298 -0.501258 3.06932002623502E-17
vn 0.500986 -0.865455 5.2993834777803625E-17
vn 0.500986 -0.865455 5.2993834777803625E-17
vn 0.500986 -0.865455 5.2993834777803625E-17
vn 0.500986 -0.865455 5.2993834777803625E-17
vn 0.865883 0.500246 -3.063123313431334E-17
vn 0.865883 0.500246 -3.063123313431334E-17
vn 0.865883 0.500246 -3.063123313431334E-17
vn 0.865883 0.500246 -3.063123313431334E-17
vn -0.503482 0.864006 -5.290510911720541E-17
vn -0.503482 0.864006 -5.290510911720541E-17
vn -0.503482 0.864006 -5.290510911720541E-17
vn -0.503482 0.864006 -5.290510911720541E-17
vn 0 6.123233995736766E-17 1
vn 0 6.123233995736766E-17 1
vn 0 6.123233995736766E-17 1
vn 0 6.123233995736766E-17 1
vn -0 0.022695000000000062 0.999742
vn -0 0.022695000000000062 0.999742
vn -0 0.022695000000000062 0.999742
vn -0 0.022695000000000062 0.999742
vn 0.235564 -0.971859 0.0004080000000000595
vn 0.235552 -0.971862 0.00039800000000005955
vn 0.235564 -0.971859 0.0004080000000000595
vn 0.235576 -0.971856 0.0004170000000000595
vn -0.236345 0.971669 -0.0009430000000000596
vn -0.236347 0.971668 -0.0009440000000000595
vn -0.236345 0.971669 -0.0009430000000000596
vn -0.236343 0.971669 -0.0009410000000000595
vn 0.23435 -0.972152 0.0005760000000000595
vn 0.233165 -0.972436 0.0015390000000000596
vn 0.23435 -0.972152 0.0005760000000000595
vn 0.235534 -0.971866 -0.00038699999999994045
vn -0.236349 0.971668 0.0009459999999999405
vn -0.236343 0.971669 0.0009409999999999405
vn -0.236349 0.971668 0.0009459999999999405
vn -0.236354 0.971667 0.0009499999999999405
vn -1E-06 6.123233995736766E-17 1
vn -0 6.123233995736766E-17 1
vn -1E-06 6.123233995736766E-17 1
vn -1E-06 6.123233995736766E-17 1
vn 0.233273 -0.97241 0.0012090000000000596
vn -0.233494 0.972357 -0.0015300000000000595
vn 0.234741 -0.972058 0.0006290000000000595
vn -0.234526 0.97211 -0.00031100000000005955
vn 0 6.123233995736766E-17 1
vn 0 6.123233995736766E-17 1
vn 0 6.123233995736766E-17 1
vn 0 6.123233995736766E-17 1
vn -0.393012 -0.21871299999999994 0.893144
vn -0.156603 -0.08638599999999995 0.983876
vn -0.583709 -0.3273229999999999 0.743064
vn -0.581046 -0.3169699999999999 0.74961
vn 0.575269 0.31775299999999995 -0.753724
vn 0.58026 0.33758999999999995 -0.741169
vn 0.575269 0.31775299999999995 -0.753724
vn 0.569945 0.29773199999999994 -0.765845
vn 0.064559 0.06436500000000006 0.995836
vn 0.074071 0.04645800000000006 0.99617
vn 0.064559 0.06436500000000006 0.995836
vn 0.055021 0.08224700000000006 0.995092
vn 0.076017 0.049042000000000065 0.9959
vn 0.076907 0.051304000000000065 0.995717
vn -0.156603 -0.08638599999999995 0.983876
vn -0.393012 -0.21871299999999994 0.893144
vn -0.492036 0.839893 0.22908599999999996
vn -0.553905 0.824119 0.11839399999999994
vn -0.492036 0.839893 0.22908599999999996
vn -0.422134 0.841952 0.3360369999999999
vn 0.646987 0.38254000000000005 0.659599
vn 0.64605 0.3783480000000001 0.662927
vn 0.646987 0.38254000000000005 0.659599
vn 0.647905 0.38672000000000006 0.656252
vn 0.496249 -0.833586 0.24263400000000004
vn 0.532214 -0.767639 0.35704100000000005
vn 0.496249 -0.833586 0.24263400000000004
vn 0.450988 -0.883919 0.12368300000000006
vn 0.500376 -0.865808 -0.00046999999999994697
vn 0.500855 -0.865531 -0.000844999999999947
vn 0.500376 -0.865808 -0.00046999999999994697
vn 0.499896 -0.866085 -9.399999999994696E-05
vn -0.643526 -0.34428500000000006 -0.683624
vn -0.63506 -0.31081700000000007 -0.707172
vn -0.643526 -0.34428500000000006 -0.683624
vn -0.650869 -0.37715200000000004 -0.658883
vn -0.506466 0.814961 -0.28165700000000005
vn -0.453751 0.880965 -0.13420300000000004
vn -0.506466 0.814961 -0.28165700000000005
vn -0.544555 0.725423 -0.42097700000000005
vn 0.121104 0.698983 0.70481
vn 0.172763 0.984916 -0.00969900000000006
vn 0.170711 0.9853 -0.00649300000000006
vn 0.119454 0.698122 0.705944
vn 0 6.123233995736766E-17 1
vn 0 6.123233995736766E-17 1
vn 0 6.123233995736766E-17 1
vn 0 6.123233995736766E-17 1
vn -0.993523 -0.113629 -0.0005679999999999931
vn -0.114344 0.993441 -0.001052000000000061
vn -0.686664 0.726974 -0.0013760000000000445
vn -0.725471 -0.688253 0.0009210000000000422
vn 0.000264 -0.0013249999999999389 0.999999
vn 0.000213 -0.0013429999999999389 0.999999
vn 0.000264 -0.0013249999999999389 0.999999
vn 0.000314 -0.001305999999999939 0.999999
vn 0 6.123233995736766E-17 1
vn 0 6.123233995736766E-17 1
vn 0 6.123233995736766E-17 1
vn 0 6.123233995736766E-17 1
vn 0.168249 0.974939 -0.14555500000000005
vn -0.849211 0.52718 -0.03037800000000003
vn -0.868898 0.494279 -0.026547000000000032
vn 0.754916 0.645691 -0.11482200000000004
vn 0.326938 0.943795 -0.048609000000000055
vn -0.818321 0.554615 -0.15084200000000003
vn -0.80369 0.576 -0.14935100000000004
vn 0.798348 0.599621 0.05563599999999996
vn -0.000269 0.0011159999999999389 -0.999999
vn -0.00027 0.0011169999999999388 -0.999999
vn -0.000269 0.0011159999999999389 -0.999999
vn -0.000267 0.0011159999999999389 -0.999999
vn -0.766428 0.2524120000000001 0.590658
vn 0.585118 0.609575 0.534842
vn 0.596375 0.606331 0.526023
vn -0.754835 0.26493300000000003 0.600028
vn -0.236359 0.971664 -0.0016710000000000594
vn -0.235864 0.971785 -0.0012350000000000594
vn -0.235228 0.97194 0.00020499999999994047
vn -0.234662 0.972076 0.0011429999999999405
vn -0.233954 0.972243 0.0030849999999999407
vn 0 -6.123233995736766E-17 -1
vn -0.150513 0.987548 -0.04577000000000006
vn -0.132216 0.867551 -0.47945200000000004
vn -1.7E-05 -3.0000000000612325E-06 -1
vn 0 -6.123233995736766E-17 -1
vn -0.194503 -0.976482 -0.09300899999999994
vn 0.120831 -0.988299 -0.09307999999999994
vn -0.697345 -0.710683 -0.09295299999999995
vn -0.884812 -0.456586 -0.09293199999999997
vn -0.990391 0.102339 -0.093022
vn -0.908771 0.406804 -0.09298500000000003
vn -0.538108 0.837732 -0.09297200000000005
vn -0.248873 0.964062 -0.09298600000000005
vn 0.319566 0.942986 -0.09303300000000006
vn 0.59869 0.79556 -0.09302900000000006
vn 0.936606 0.337794 -0.09308100000000001
vn 0.995286 0.027593999999999994 -0.09298
vn 0.84802 -0.521753 -0.09293099999999997
vn 0.642232 -0.760854 -0.09294699999999996
vn 0.120831 -0.988299 -0.09307999999999994
vn -0.194503 -0.976482 -0.09300899999999994
vn -0.000515 1 0.00011199999999993877
vn -0.000888 1 0.00025699999999993876
vn 0.755973 0.654603 -0.00030900000000004004
vn 0.945097 0.32679 -6.700000000002E-05
vn 0.944753 -0.327783 0.00057400000000002
vn 0.756145 -0.654403 0.00111400000000004
vn 0.18957 -0.981867 0.00107000000000006
vn -0.188432 -0.982086 0.0006320000000000601
vn -0.755764 -0.654844 0.00019600000000004008
vn -0.94495 -0.327213 0.00018000000000002004
vn -0.866065 0.499931 0.0004059999999999694
vn -0.866215 0.499672 0.0005519999999999694
vn -0.000515 1 0.00011199999999993877
vn -0.000888 1 0.00025699999999993876
vn -0.064229 0.28368599999999994 -0.956764
vn -0.011904 0.052450999999999935 -0.998553
vn -0.150784 0.665998 -0.730555
vn -0.184912 0.817129 -0.545993
vn -0.219046 0.968251 -0.12045500000000006
vn -0.219044 0.968243 0.12052399999999995
vn -0.184927 0.817193 0.545891
vn -0.150841 0.666247 0.730316
vn -0.064283 0.28392600000000007 0.956689
vn -0.011934 0.05258300000000006 0.998545
vn 0.086425 -0.38232599999999994 0.919977
vn 0.132403 -0.585872 0.799515
vn 0.196563 -0.869741 0.45267500000000005
vn 0.21473 -0.950086 0.22633300000000006
vn 0.21473 -0.950085 -0.22634099999999993
vn 0.196563 -0.869741 -0.45267399999999997
vn 0.132407 -0.585891 -0.7995
vn 0.086426 -0.38233400000000006 -0.919973
vn -0.011904 0.052450999999999935 -0.998553
vn -0.064229 0.28368599999999994 -0.956764
vn -0.98271 0.156015 0.09970399999999999
vn -0.98783 0.05549200000000001 0.145299
vn -0.993676 0.022770000000000006 0.109951
vn -0.954153 0.287852 0.08205599999999999
vn -0.900386 0.427074 0.08313899999999998
vn -0.893081 0.440299 0.09243399999999997
vn 0.981355 -0.163969 -0.10027899999999998
vn 0.989256 0.009925999999999992 -0.145859
vn 0.99366 -0.020095000000000005 -0.110618
vn 0.948075 -0.307457 -0.08138799999999999
vn 0.899872 -0.428293 -0.08242999999999998
vn 0.904988 -0.415466 -0.09157499999999998
vn -0.997442 -0.041152999999999995 0.058452
vn -0.982339 -0.135836 0.128681
vn -0.982127 -0.175907 0.06695200000000001
vn -0.993679 0.101583 0.047791999999999994
vn -0.964285 0.256135 0.06744999999999998
vn -0.954561 0.281942 0.09654799999999998
vn 0.997652 0.025176999999999998 -0.063695
vn 0.96784 0.213098 -0.133697
vn 0.981234 0.178756 -0.07229400000000001
vn 0.990601 -0.127012 -0.05077199999999999
vn 0.963425 -0.258811 -0.06949299999999999
vn 0.967329 -0.234251 -0.09695899999999999
vn 0.235539 -0.971865 0.0007680000000000595
vn 0.235777 -0.971807 0.0009780000000000593
vn 0.236491 -0.971632 0.0016060000000000594
vn 0.235062 -0.97198 0.00034900000000005955
vn 0.235062 -0.97198 0.00034900000000005955
vn 0 6.123233995736766E-17 1
vn 0 6.123233995736766E-17 1
vn 0 6.123233995736766E-17 1
vn 0 6.123233995736766E-17 1
vn 0 6.123233995736766E-17 1
vn 0 6.123233995736766E-17 1
vn 0 6.123233995736766E-17 1
vn 0 6.123233995736766E-17 1
vn 0 6.123233995736766E-17 1
vn 0 6.123233995736766E-17 1
vn 0 6.123233995736766E-17 1
vn 0 6.123233995736766E-17 1
vn 0 6.123233995736766E-17 1
vn 0.97607 0.217456 -5.900000000001331E-05
vn 0.976074 0.217439 -3.0000000000013316E-05
vn 0.976071 0.217454 -5.3000000000013316E-05
vn 0.976083 0.217399 1.999999999998669E-05
vn 0.976076 0.217429 2.0999999999986683E-05
vn 0.976075 0.217433 -1.3313931373950322E-17
vn 0.976017 0.217693 0.00011599999999998666
vn 0.976054 0.21753 -0.0001760000000000133
vn 0.976159 0.217055 -0.0005840000000000133
vn -0.976166 -0.217026 0.0006360000000000133
vn -0.976051 -0.217543 0.0001920000000000133
vn -0.976074 -0.217441 5.3000000000013316E-05
vn -0.976011 -0.21772 -0.00012599999999998666
vn -0.976079 -0.217414 1.3312767959491132E-17
vn -0.976082 -0.217404 -1.5999999999986687E-05
vn -0.976087 -0.217381 -1.499999999998669E-05
vn -0.976081 -0.217405 1.1000000000013312E-05
vn -0.97608 -0.217411 2.0000000000013314E-05
vn 0.053244 0.25680300000000006 0.964996
vn 0.821733 -0.29956999999999995 0.48478
vn 0.542707 -0.20258899999999994 0.815124
vn -0.46342 0.43972600000000006 0.769339
vn -0.393703 0.544157 0.740872
vn -0.064219 0.06049500000000006 0.996101
vn 0.258408 0.26596000000000003 0.928704
vn -0.374627 0.502295 0.77933
vn 0.363662 0.785646 0.50051
g 01
f 1/1/1 2/2/2 3/3/3
f 4/4/4 5/5/5 6/6/6
f 7/7/7 8/8/8 9/9/9
f 10/10/10 11/11/11 12/12/12
f 13/13/13 14/14/14 15/15/15
f 16/16/16 17/17/17 18/18/18
f 19/19/19 20/20/20 21/21/21
f 22/22/22 23/23/23 24/24/24
f 25/25/25 26/26/26 27/27/27
f 28/28/28 29/29/29 30/30/30
f 31/31/31 32/32/32 33/33/33
f 34/34/34 35/35/35 36/36/36
f 37/37/37 38/38/38 39/39/39
f 40/40/40 41/41/41 42/42/42
f 43/43/43 44/44/44 45/45/45
f 46/46/46 47/47/47 48/48/48
f 49/49/49 50/50/50 51/51/51
f 52/52/52 53/53/53 54/54/54
f 55/55/55 56/56/56 57/57/57
f 58/58/58 59/59/59 60/60/60
f 61/61/61 62/62/62 63/63/63
f 64/64/64 65/65/65 66/66/66
f 67/67/67 68/68/68 69/69/69
f 70/70/70 71/71/71 72/72/72
f 73/73/73 74/74/74 75/75/75
f 76/76/76 77/77/77 78/78/78
f 79/79/79 80/80/80 81/81/81
f 82/82/82 83/83/83 84/84/84
f 85/85/85 86/86/86 87/87/87
f 88/88/88 89/89/89 90/90/90
f 91/91/91 92/92/92 93/93/93
f 94/94/94 95/95/95 96/96/96
f 97/97/97 98/98/98 99/99/99
f 100/100/100 101/101/101 102/102/102
f 103/103/103 104/104/104 105/105/105
f 106/106/106 107/107/107 108/108/108
f 109/109/109 110/110/110 111/111/111
f 112/112/112 113/113/113 114/114/114
f 115/115/115 116/116/116 117/117/117
f 118/118/118 119/119/119 120/120/120
f 121/121/121 122/122/122 123/123/123
f 124/124/124 125/125/125 126/126/126
f 127/127/127 128/128/128 129/129/129
f 130/130/130 131/131/131 132/132/132
f 133/133/133 134/134/134 135/135/135
f 136/136/136 137/137/137 138/138/138
f 139/139/139 140/140/140 141/141/141
f 142/142/142 143/143/143 144/144/144
f 145/145/145 146/146/146 147/147/147
f 148/148/148 149/149/149 150/150/150
f 151/151/151 152/152/152 153/153/153
f 154/154/154 155/155/155 156/156/156
f 157/157/157 158/158/158 159/159/159
f 160/160/160 161/161/161 162/162/162
f 163/163/163 164/164/164 165/165/165
f 166/166/166 167/167/167 168/168/168
f 169/169/169 170/170/170 171/171/171
f 172/172/172 173/173/173 174/174/174
f 175/175/175 176/176/176 177/177/177
f 178/178/178 179/179/179 180/180/180
f 181/181/181 182/182/182 183/183/183
f 184/184/184 185/185/185 186/186/186
f 187/187/187 188/188/188 189/189/189
f 190/190/190 191/191/191 192/192/192
f 193/193/193 194/194/194 195/195/195
f 196/196/196 197/197/197 198/198/198
f 199/199/199 200/200/200 201/201/201
f 202/202/202 203/203/203 204/204/204
f 205/205/205 206/206/206 207/207/207
f 208/208/208 209/209/209 210/210/210
f 211/211/211 212/212/212 213/213/213
f 214/214/214 215/215/215 216/216/216
f 217/217/217 218/218/218 219/219/219
f 220/220/220 221/221/221 222/222/222
f 223/223/223 224/224/224 225/225/225
f 226/226/226 227/227/227 228/228/228
f 229/229/229 230/230/230 231/231/231
f 232/232/232 233/233/233 234/234/234
f 235/235/235 236/236/236 237/237/237
f 238/238/238 239/239/239 240/240/240
f 241/241/241 242/242/242 238/238/238
f 243/243/243 244/244/244 242/242/242
f 242/242/242 245/245/245 246/246/246
f 247/247/247 248/248/248 249/249/249
f 250/250/250 251/251/251 247/247/247
f 251/251/251 252/252/252 253/253/253
f 254/254/254 255/255/255 251/251/251
f 256/256/256 257/257/257 258/258/258
f 258/258/258 259/259/259 260/260/260
f 261/261/261 259/259/259 262/262/262
f 262/262/262 263/263/263 264/264/264
f 265/265/265 266/266/266 267/267/267
f 267/267/267 268/268/268 269/269/269
f 270/270/270 269/269/269 268/268/268
f 268/268/268 271/271/271 270/270/270
f 272/272/272 270/270/270 271/271/271
f 271/271/271 273/273/273 272/272/272
f 274/274/274 270/270/270 272/272/272
f 272/272/272 273/273/273 275/275/275
f 275/275/275 276/276/276 272/272/272
f 272/272/272 277/277/277 274/274/274
f 278/278/278 277/277/277 272/272/272
f 279/279/279 280/280/280 281/281/281
f 281/281/281 282/282/282 283/283/283
f 284/284/284 285/285/285 286/286/286
f 287/287/287 288/288/288 284/284/284
f 289/289/289 290/290/290 291/291/291
f 291/291/291 292/292/292 293/293/293
f 294/294/294 295/295/295 296/296/296
f 296/296/296 297/297/297 298/298/298
f 299/299/299 300/300/300 301/301/301
f 302/302/302 303/303/303 299/299/299
f 304/304/304 305/305/305 306/306/306
f 306/306/306 307/307/307 308/308/308
f 309/309/309 310/310/310 311/311/311
f 311/311/311 312/312/312 313/313/313
f 314/314/314 315/315/315 316/316/316
f 316/316/316 317/317/317 318/318/318
f 319/319/319 320/320/320 321/321/321
f 322/322/322 323/323/323 319/319/319
f 324/324/324 325/325/325 326/326/326
f 326/326/326 327/327/327 328/328/328
f 329/329/329 330/330/330 331/331/331
f 332/332/332 333/333/333 329/329/329
f 334/334/334 335/335/335 336/336/336
f 336/336/336 337/337/337 338/338/338
f 339/339/339 340/340/340 341/341/341
f 342/342/342 343/343/343 339/339/339
f 344/344/344 345/345/345 346/346/346
f 346/346/346 347/347/347 348/348/348
f 349/349/349 350/350/350 351/351/351
f 352/352/352 353/353/353 349/349/349
f 354/354/354 355/355/355 356/356/356
f 356/356/356 357/357/357 358/358/358
f 359/359/359 360/360/360 361/361/361
f 361/361/361 362/362/362 363/363/363
f 364/364/364 365/365/365 366/366/366
f 367/367/367 368/368/368 364/364/364
f 369/369/369 370/370/370 371/371/371
f 372/372/372 373/373/373 369/369/369
f 374/374/374 375/375/375 376/376/376
f 377/377/377 378/378/378 374/374/374
f 379/379/379 380/380/380 381/381/381
f 382/382/382 383/383/383 379/379/379
f 384/384/384 385/385/385 386/386/386
f 386/386/386 387/387/387 388/388/388
f 389/389/389 390/390/390 391/391/391
f 391/391/391 392/392/392 393/393/393
f 394/394/394 395/395/395 396/396/396
f 396/396/396 397/397/397 398/398/398
f 399/399/399 400/400/400 401/401/401
f 402/402/402 403/403/403 399/399/399
f 404/404/404 405/405/405 406/406/406
f 406/406/406 407/407/407 408/408/408
f 409/409/409 410/410/410 411/411/411
f 412/412/412 413/413/413 409/409/409
f 414/414/414 415/415/415 416/416/416
f 416/416/416 417/417/417 418/418/418
f 419/419/419 420/420/420 421/421/421
f 422/422/422 423/423/423 419/419/419
f 424/424/424 425/425/425 426/426/426
f 426/426/426 427/427/427 428/428/428
f 429/429/429 430/430/430 431/431/431
f 432/432/432 433/433/433 429/429/429
f 434/434/434 435/435/435 436/436/436
f 436/436/436 437/437/437 438/438/438
f 439/439/439 440/440/440 441/441/441
f 442/442/442 443/443/443 439/439/439
f 444/444/444 445/445/445 446/446/446
f 446/446/446 447/447/447 448/448/448
f 449/449/449 450/450/450 451/451/451
f 452/452/452 453/453/453 449/449/449
f 454/454/454 455/455/455 456/456/456
f 456/456/456 457/457/457 458/458/458
f 459/459/459 460/460/460 461/461/461
f 462/462/462 463/463/463 459/459/459
f 464/464/464 465/465/465 466/466/466
f 467/467/467 468/468/468 464/464/464
f 469/469/469 470/470/470 471/471/471
f 472/472/472 473/473/473 469/469/469
f 474/474/474 475/475/475 476/476/476
f 477/477/477 478/478/478 474/474/474
f 479/479/479 480/480/480 481/481/481
f 482/482/482 483/483/483 479/479/479
f 484/484/484 485/485/485 486/486/486
f 486/486/486 487/487/487 488/488/488
f 489/489/489 490/490/490 491/491/491
f 491/491/491 492/492/492 493/493/493
f 494/494/494 495/495/495 496/496/496
f 496/496/496 497/497/497 498/498/498
f 499/499/499 500/500/500 501/501/501
f 501/501/501 502/502/502 503/503/503
f 504/504/504 505/505/505 506/506/506
f 507/507/507 508/508/508 504/504/504
f 509/509/509 510/510/510 511/511/511
f 511/511/511 512/512/512 513/513/513
f 514/514/514 515/515/515 516/516/516
f 516/516/516 517/517/517 518/518/518
f 519/519/519 520/520/520 521/521/521
f 522/522/522 523/523/523 519/519/519
f 524/524/524 525/525/525 526/526/526
f 527/527/527 528/528/528 524/524/524
f 529/529/529 530/530/530 531/531/531
f 532/532/532 533/533/533 529/529/529
f 534/534/534 535/535/535 536/536/536
f 536/536/536 537/537/537 538/538/538
f 539/539/539 540/540/540 541/541/541
f 542/542/542 543/543/543 539/539/539
f 544/544/544 545/545/545 546/546/546
f 547/547/547 548/548/548 544/544/544
f 549/549/549 550/550/550 551/551/551
f 551/551/551 552/552/552 553/553/553
f 554/554/554 555/555/555 556/556/556
f 556/556/556 557/557/557 558/558/558
f 559/559/559 560/560/560 561/561/561
f 562/562/562 563/563/563 559/559/559
f 562/562/562 564/564/564 565/565/565
f 565/565/565 566/566/566 562/562/562
f 563/563/563 562/562/562 566/566/566
f 566/566/566 567/567/567 563/563/563
f 567/567/567 566/566/566 568/568/568
f 568/568/568 566/566/566 569/569/569
f 569/569/569 570/570/570 568/568/568
f 568/568/568 571/571/571 567/567/567
f 570/570/570 572/572/572 568/568/568
f 571/571/571 568/568/568 572/572/572
f 572/572/572 573/573/573 571/571/571
f 574/574/574 575/575/575 576/576/576
f 576/576/576 577/577/577 574/574/574
f 578/578/578 579/579/579 580/580/580
f 580/580/580 581/581/581 578/578/578
f 582/582/582 583/583/583 584/584/584
f 584/584/584 585/585/585 582/582/582
f 586/586/586 587/587/587 588/588/588
f 588/588/588 589/589/589 586/586/586
f 590/590/590 591/591/591 592/592/592
f 592/592/592 593/593/593 590/590/590
f 594/594/594 595/595/595 596/596/596
f 596/596/596 597/597/597 594/594/594
f 598/598/598 599/599/599 600/600/600
f 600/600/600 601/601/601 598/598/598
f 602/602/602 603/603/603 604/604/604
f 604/604/604 605/605/605 602/602/602
f 606/606/606 607/607/607 608/608/608
f 608/608/608 609/609/609 606/606/606
f 610/610/610 611/611/611 612/612/612
f 612/612/612 613/613/613 610/610/610
f 614/614/614 615/615/615 616/616/616
f 616/616/616 617/617/617 614/614/614
f 618/618/618 619/619/619 620/620/620
f 620/620/620 621/621/621 618/618/618
f 622/622/622 623/623/623 624/624/624
f 624/624/624 625/625/625 622/622/622
f 626/626/626 627/627/627 628/628/628
f 628/628/628 629/629/629 626/626/626
f 630/630/630 631/631/631 632/632/632
f 632/632/632 633/633/633 630/630/630
f 634/634/634 635/635/635 636/636/636
f 636/636/636 637/637/637 634/634/634
f 638/638/638 639/639/639 640/640/640
f 640/640/640 641/641/641 638/638/638
f 642/642/642 643/643/643 644/644/644
f 644/644/644 645/645/645 642/642/642
f 646/646/646 647/647/647 648/648/648
f 648/648/648 649/649/649 646/646/646
f 650/650/650 651/651/651 652/652/652
f 652/652/652 653/653/653 650/650/650
f 654/654/654 655/655/655 656/656/656
f 656/656/656 657/657/657 654/654/654
f 658/658/658 659/659/659 660/660/660
f 660/660/660 661/661/661 658/658/658
f 662/662/662 663/663/663 664/664/664
f 664/664/664 665/665/665 662/662/662
f 666/666/666 667/667/667 668/668/668
f 668/668/668 669/669/669 666/666/666
f 670/670/670 671/671/671 672/672/672
f 672/672/672 673/673/673 670/670/670
f 674/674/674 675/675/675 676/676/676
f 676/676/676 677/677/677 674/674/674
f 678/678/678 679/679/679 680/680/680
f 680/680/680 681/681/681 678/678/678
f 682/682/682 683/683/683 684/684/684
f 684/684/684 685/685/685 682/682/682
f 686/686/686 687/687/687 688/688/688
f 688/688/688 689/689/689 686/686/686
f 690/690/690 691/691/691 692/692/692
f 692/692/692 693/693/693 690/690/690
f 694/694/694 695/695/695 696/696/696
f 696/696/696 697/697/697 694/694/694
f 698/698/698 699/699/699 700/700/700
f 700/700/700 701/701/701 698/698/698
f 702/702/702 703/703/703 704/704/704
f 704/704/704 705/705/705 702/702/702
f 706/706/706 707/707/707 708/708/708
f 708/708/708 709/709/709 706/706/706
f 710/710/710 711/711/711 712/712/712
f 712/712/712 713/713/713 710/710/710
f 714/714/714 715/715/715 716/716/716
f 716/716/716 717/717/717 714/714/714
f 718/718/718 719/719/719 720/720/720
f 720/720/720 721/721/721 718/718/718
f 722/722/722 723/723/723 724/724/724
f 724/724/724 725/725/725 722/722/722
f 726/726/726 727/727/727 728/728/728
f 728/728/728 729/729/729 726/726/726
f 730/730/730 731/731/731 732/732/732
f 732/732/732 733/733/733 730/730/730
f 734/734/734 735/735/735 736/736/736
f 736/736/736 737/737/737 734/734/734
f 738/738/738 739/739/739 740/740/740
f 740/740/740 741/741/741 738/738/738
f 742/742/742 743/743/743 744/744/744
f 744/744/744 745/745/745 742/742/742
f 746/746/746 747/747/747 748/748/748
f 748/748/748 749/749/749 746/746/746
f 750/750/750 751/751/751 752/752/752
f 752/752/752 753/753/753 750/750/750
f 754/754/754 755/755/755 756/756/756
f 756/756/756 757/757/757 754/754/754
f 758/758/758 759/759/759 760/760/760
f 760/760/760 761/761/761 758/758/758
f 762/762/762 763/763/763 764/764/764
f 764/764/764 765/765/765 762/762/762
f 766/766/766 767/767/767 768/768/768
f 768/768/768 769/769/769 766/766/766
f 770/770/770 771/771/771 772/772/772
f 772/772/772 773/773/773 770/770/770
f 774/774/774 775/775/775 776/776/776
f 776/776/776 777/777/777 774/774/774
f 778/778/778 779/779/779 780/780/780
f 780/780/780 781/781/781 778/778/778
f 782/782/782 783/783/783 784/784/784
f 784/784/784 785/785/785 782/782/782
f 786/786/786 787/787/787 788/788/788
f 788/788/788 789/789/789 786/786/786
f 790/790/790 791/791/791 792/792/792
f 792/792/792 793/793/793 790/790/790
f 794/794/794 795/795/795 796/796/796
f 796/796/796 797/797/797 794/794/794
f 798/798/798 799/799/799 800/800/800
f 800/800/800 801/801/801 798/798/798
f 802/802/802 803/803/803 804/804/804
f 804/804/804 805/805/805 802/802/802
f 806/806/806 807/807/807 808/808/808
f 808/808/808 809/809/809 806/806/806
f 810/810/810 811/811/811 812/812/812
f 812/812/812 813/813/813 810/810/810
f 814/814/814 815/815/815 816/816/816
f 816/816/816 817/817/817 814/814/814
f 818/818/818 819/819/819 820/820/820
f 820/820/820 821/821/821 818/818/818
f 822/822/822 823/823/823 824/824/824
f 824/824/824 825/825/825 822/822/822
f 826/826/826 827/827/827 828/828/828
f 828/828/828 829/829/829 826/826/826
f 830/830/830 831/831/831 832/832/832
f 832/832/832 833/833/833 830/830/830
f 834/834/834 835/835/835 836/836/836
f 836/836/836 837/837/837 834/834/834
f 838/838/838 839/839/839 840/840/840
f 840/840/840 841/841/841 838/838/838
f 842/842/842 843/843/843 844/844/844
f 844/844/844 845/845/845 842/842/842
f 846/846/846 847/847/847 848/848/848
f 848/848/848 849/849/849 846/846/846
f 850/850/850 851/851/851 852/852/852
f 852/852/852 853/853/853 850/850/850
f 854/854/854 855/855/855 856/856/856
f 856/856/856 857/857/857 854/854/854
f 858/858/858 859/859/859 860/860/860
f 860/860/860 861/861/861 858/858/858
f 862/862/862 863/863/863 864/864/864
f 864/864/864 865/865/865 862/862/862
f 866/866/866 867/867/867 868/868/868
f 868/868/868 869/869/869 866/866/866
f 870/870/870 871/871/871 872/872/872
f 872/872/872 873/873/873 870/870/870
f 874/874/874 875/875/875 876/876/876
f 876/876/876 877/877/877 874/874/874
f 878/878/878 879/879/879 880/880/880
f 880/880/880 881/881/881 878/878/878
f 882/882/882 883/883/883 884/884/884
f 884/884/884 885/885/885 882/882/882
f 886/886/886 887/887/887 888/888/888
f 888/888/888 889/889/889 886/886/886
f 890/890/890 891/891/891 892/892/892
f 892/892/892 893/893/893 890/890/890
f 894/894/894 895/895/895 896/896/896
f 896/896/896 897/897/897 894/894/894
f 898/898/898 899/899/899 900/900/900
f 900/900/900 901/901/901 898/898/898
f 902/902/902 903/903/903 904/904/904
f 904/904/904 905/905/905 902/902/902
f 906/906/906 907/907/907 908/908/908
f 908/908/908 909/909/909 906/906/906
f 910/910/910 911/911/911 912/912/912
f 912/912/912 913/913/913 910/910/910
f 914/914/914 915/915/915 916/916/916
f 916/916/916 917/917/917 914/914/914
f 918/918/918 919/919/919 920/920/920
f 920/920/920 921/921/921 918/918/918
f 922/922/922 923/923/923 924/924/924
f 924/924/924 925/925/925 922/922/922
f 926/926/926 927/927/927 928/928/928
f 928/928/928 929/929/929 926/926/926
f 930/930/930 931/931/931 932/932/932
f 932/932/932 933/933/933 930/930/930
f 934/934/934 935/935/935 936/936/936
f 936/936/936 937/937/937 934/934/934
f 938/938/938 939/939/939 940/940/940
f 940/940/940 941/941/941 938/938/938
f 942/942/942 943/943/943 944/944/944
f 944/944/944 945/945/945 942/942/942
f 946/946/946 947/947/947 948/948/948
f 948/948/948 949/949/949 946/946/946
f 950/950/950 951/951/951 952/952/952
f 952/952/952 953/953/953 950/950/950
f 954/954/954 955/955/955 956/956/956
f 956/956/956 957/957/957 954/954/954
f 958/958/958 959/959/959 960/960/960
f 960/960/960 961/961/961 958/958/958
f 962/962/962 963/963/963 964/964/964
f 964/964/964 965/965/965 962/962/962
f 966/966/966 967/967/967 968/968/968
f 968/968/968 969/969/969 966/966/966
f 970/970/970 971/971/971 972/972/972
f 972/972/972 973/973/973 970/970/970
f 974/974/974 975/975/975 976/976/976
f 976/976/976 977/977/977 974/974/974
f 978/978/978 979/979/979 980/980/980
f 980/980/980 981/981/981 978/978/978
f 982/982/982 983/983/983 984/984/984
f 984/984/984 985/985/985 982/982/982
f 986/986/986 987/987/987 988/988/988
f 988/988/988 989/989/989 986/986/986
f 990/990/990 991/991/991 992/992/992
f 992/992/992 993/993/993 990/990/990
f 994/994/994 995/995/995 996/996/996
f 996/996/996 997/997/997 994/994/994
f 998/998/998 999/999/999 1000/1000/1000
f 1000/1000/1000 1001/1001/1001 998/998/998
f 1002/1002/1002 1003/1003/1003 1004/1004/1004
f 1004/1004/1004 1005/1005/1005 1002/1002/1002
f 1006/1006/1006 1007/1007/1007 1008/1008/1008
f 1008/1008/1008 1009/1009/1009 1006/1006/1006
f 1010/1010/1010 1011/1011/1011 1012/1012/1012
f 1012/1012/1012 1013/1013/1013 1010/1010/1010
f 1014/1014/1014 1015/1015/1015 1016/1016/1016
f 1016/1016/1016 1017/1017/1017 1014/1014/1014
f 1018/1018/1018 1019/1019/1019 1020/1020/1020
f 1020/1020/1020 1021/1021/1021 1018/1018/1018
f 1022/1022/1022 1023/1023/1023 1024/1024/1024
f 1024/1024/1024 1025/1025/1025 1022/1022/1022
f 1026/1026/1026 1027/1027/1027 1028/1028/1028
f 1028/1028/1028 1029/1029/1029 1026/1026/1026
f 1030/1030/1030 1031/1031/1031 1032/1032/1032
f 1032/1032/1032 1033/1033/1033 1030/1030/1030
f 1034/1034/1034 1035/1035/1035 1036/1036/1036
f 1036/1036/1036 1037/1037/1037 1034/1034/1034
f 1038/1038/1038 1039/1039/1039 1040/1040/1040
f 1040/1040/1040 1041/1041/1041 1038/1038/1038
f 1042/1042/1042 1043/1043/1043 1044/1044/1044
f 1044/1044/1044 1045/1045/1045 1042/1042/1042
f 1046/1046/1046 1047/1047/1047 1048/1048/1048
f 1048/1048/1048 1049/1049/1049 1046/1046/1046
f 1050/1050/1050 1051/1051/1051 1052/1052/1052
f 1052/1052/1052 1053/1053/1053 1050/1050/1050
f 1054/1054/1054 1055/1055/1055 1056/1056/1056
f 1056/1056/1056 1057/1057/1057 1054/1054/1054
f 1058/1058/1058 1059/1059/1059 1060/1060/1060
f 1060/1060/1060 1061/1061/1061 1058/1058/1058
f 1062/1062/1062 1063/1063/1063 1064/1064/1064
f 1064/1064/1064 1065/1065/1065 1062/1062/1062
f 1066/1066/1066 1067/1067/1067 1068/1068/1068
f 1068/1068/1068 1069/1069/1069 1066/1066/1066
f 1070/1070/1070 1071/1071/1071 1072/1072/1072
f 1072/1072/1072 1073/1073/1073 1070/1070/1070
f 1074/1074/1074 1075/1075/1075 1076/1076/1076
f 1076/1076/1076 1077/1077/1077 1074/1074/1074
f 1078/1078/1078 1079/1079/1079 1080/1080/1080
f 1080/1080/1080 1081/1081/1081 1078/1078/1078
f 1082/1082/1082 1083/1083/1083 1084/1084/1084
f 1084/1084/1084 1085/1085/1085 1082/1082/1082
f 1086/1086/1086 1087/1087/1087 1088/1088/1088
f 1088/1088/1088 1089/1089/1089 1086/1086/1086
f 1090/1090/1090 1091/1091/1091 1092/1092/1092
f 1092/1092/1092 1093/1093/1093 1090/1090/1090
f 1094/1094/1094 1095/1095/1095 1096/1096/1096
f 1096/1096/1096 1097/1097/1097 1094/1094/1094
f 1098/1098/1098 1099/1099/1099 1100/1100/1100
f 1100/1100/1100 1101/1101/1101 1098/1098/1098
f 1102/1102/1102 1103/1103/1103 1104/1104/1104
f 1104/1104/1104 1105/1105/1105 1102/1102/1102
f 1106/1106/1106 1107/1107/1107 1108/1108/1108
f 1108/1108/1108 1109/1109/1109 1106/1106/1106
f 1110/1110/1110 1111/1111/1111 1112/1112/1112
f 1112/1112/1112 1113/1113/1113 1110/1110/1110
f 1114/1114/1114 1115/1115/1115 1116/1116/1116
f 1116/1116/1116 1117/1117/1117 1114/1114/1114
f 1118/1118/1118 1119/1119/1119 1120/1120/1120
f 1120/1120/1120 1121/1121/1121 1118/1118/1118
f 1122/1122/1122 1123/1123/1123 1124/1124/1124
f 1124/1124/1124 1125/1125/1125 1122/1122/1122
f 1126/1126/1126 1127/1127/1127 1128/1128/1128
f 1128/1128/1128 1129/1129/1129 1126/1126/1126
f 1130/1130/1130 1131/1131/1131 1132/1132/1132
f 1132/1132/1132 1133/1133/1133 1130/1130/1130
f 1134/1134/1134 1135/1135/1135 1136/1136/1136
f 1136/1136/1136 1137/1137/1137 1134/1134/1134
f 1138/1138/1138 1139/1139/1139 1140/1140/1140
f 1140/1140/1140 1141/1141/1141 1138/1138/1138
f 1142/1142/1142 1143/1143/1143 1144/1144/1144
f 1144/1144/1144 1145/1145/1145 1142/1142/1142
f 1146/1146/1146 1147/1147/1147 1148/1148/1148
f 1148/1148/1148 1149/1149/1149 1146/1146/1146
f 1150/1150/1150 1151/1151/1151 1152/1152/1152
f 1152/1152/1152 1153/1153/1153 1150/1150/1150
f 1154/1154/1154 1155/1155/1155 1156/1156/1156
f 1156/1156/1156 1157/1157/1157 1154/1154/1154
f 1158/1158/1158 1159/1159/1159 1160/1160/1160
f 1160/1160/1160 1161/1161/1161 1158/1158/1158
f 1162/1162/1162 1163/1163/1163 1164/1164/1164
f 1164/1164/1164 1165/1165/1165 1162/1162/1162
f 1166/1166/1166 1167/1167/1167 1168/1168/1168
f 1168/1168/1168 1169/1169/1169 1166/1166/1166
f 1170/1170/1170 1171/1171/1171 1172/1172/1172
f 1172/1172/1172 1173/1173/1173 1170/1170/1170
f 1174/1174/1174 1175/1175/1175 1176/1176/1176
f 1176/1176/1176 1177/1177/1177 1174/1174/1174
f 1178/1178/1178 1179/1179/1179 1180/1180/1180
f 1180/1180/1180 1181/1181/1181 1178/1178/1178
f 1182/1182/1182 1183/1183/1183 1184/1184/1184
f 1184/1184/1184 1185/1185/1185 1182/1182/1182
f 1186/1186/1186 1187/1187/1187 1188/1188/1188
f 1188/1188/1188 1189/1189/1189 1186/1186/1186
f 1190/1190/1190 1191/1191/1191 1192/1192/1192
f 1192/1192/1192 1193/1193/1193 1190/1190/1190
f 1194/1194/1194 1195/1195/1195 1196/1196/1196
f 1196/1196/1196 1197/1197/1197 1194/1194/1194
f 1198/1198/1198 1199/1199/1199 1200/1200/1200
f 1200/1200/1200 1201/1201/1201 1198/1198/1198
f 1202/1202/1202 1203/1203/1203 1204/1204/1204
f 1204/1204/1204 1205/1205/1205 1202/1202/1202
f 1206/1206/1206 1207/1207/1207 1208/1208/1208
f 1208/1208/1208 1209/1209/1209 1206/1206/1206
f 1210/1210/1210 1211/1211/1211 1212/1212/1212
f 1212/1212/1212 1213/1213/1213 1210/1210/1210
f 1214/1214/1214 1215/1215/1215 1216/1216/1216
f 1216/1216/1216 1217/1217/1217 1214/1214/1214
f 1218/1218/1218 1219/1219/1219 1217/1217/1217
f 1217/1217/1217 1220/1220/1220 1218/1218/1218
f 1221/1221/1221 1222/1222/1222 1223/1223/1223
f 1223/1223/1223 1224/1224/1224 1221/1221/1221
f 1225/1225/1225 1226/1226/1226 1227/1227/1227
f 1227/1227/1227 1228/1228/1228 1225/1225/1225
f 1228/1228/1228 1229/1229/1229 1230/1230/1230
f 1230/1230/1230 1231/1231/1231 1228/1228/1228
f 1232/1232/1232 1233/1233/1233 1234/1234/1234
f 1234/1234/1234 1235/1235/1235 1232/1232/1232
f 1236/1236/1236 1237/1237/1237 1238/1238/1238
f 1238/1238/1238 1239/1239/1239 1236/1236/1236
f 1240/1240/1240 1241/1241/1241 1242/1242/1242
f 1242/1242/1242 1243/1243/1243 1240/1240/1240
f 1244/1244/1244 1245/1245/1245 1246/1246/1246
f 1246/1246/1246 1247/1247/1247 1244/1244/1244
f 1248/1248/1248 1249/1249/1249 1250/1250/1250
f 1250/1250/1250 1251/1251/1251 1248/1248/1248
f 1252/1252/1252 1253/1253/1253 1254/1254/1254
f 1254/1254/1254 1255/1255/1255 1252/1252/1252
f 1256/1256/1256 1257/1257/1257 1258/1258/1258
f 1258/1258/1258 1259/1259/1259 1256/1256/1256
f 1260/1260/1260 1261/1261/1261 1262/1262/1262
f 1262/1262/1262 1263/1263/1263 1260/1260/1260
f 1264/1264/1264 1265/1265/1265 1266/1266/1266
f 1266/1266/1266 1267/1267/1267 1264/1264/1264
f 1268/1268/1268 1269/1269/1269 1270/1270/1270
f 1270/1270/1270 1271/1271/1271 1268/1268/1268
f 1272/1272/1272 1273/1273/1273 1274/1274/1274
f 1274/1274/1274 1275/1275/1275 1272/1272/1272
f 1276/1276/1276 1277/1277/1277 1278/1278/1278
f 1278/1278/1278 1279/1279/1279 1276/1276/1276
f 1280/1280/1280 1281/1281/1281 1282/1282/1282
f 1282/1282/1282 1283/1283/1283 1280/1280/1280
f 1284/1284/1284 1285/1285/1285 1286/1286/1286
f 1286/1286/1286 1287/1287/1287 1284/1284/1284
f 1288/1288/1288 1289/1289/1289 1290/1290/1290
f 1290/1290/1290 1291/1291/1291 1288/1288/1288
f 1292/1292/1292 1293/1293/1293 1294/1294/1294
f 1294/1294/1294 1295/1295/1295 1292/1292/1292
f 1296/1296/1296 1297/1297/1297 1298/1298/1298
f 1298/1298/1298 1299/1299/1299 1296/1296/1296
f 1300/1300/1300 1301/1301/1301 1302/1302/1302
f 1302/1302/1302 1303/1303/1303 1300/1300/1300
f 1304/1304/1304 1305/1305/1305 1306/1306/1306
f 1306/1306/1306 1307/1307/1307 1304/1304/1304
f 1308/1308/1308 1309/1309/1309 1310/1310/1310
f 1310/1310/1310 1311/1311/1311 1308/1308/1308
f 1312/1312/1312 1313/1313/1313 1314/1314/1314
f 1314/1314/1314 1315/1315/1315 1312/1312/1312
f 1316/1316/1316 1317/1317/1317 1318/1318/1318
f 1318/1318/1318 1319/1319/1319 1316/1316/1316
f 1320/1320/1320 1321/1321/1321 1322/1322/1322
f 1322/1322/1322 1323/1323/1323 1320/1320/1320
f 1324/1324/1324 1325/1325/1325 1326/1326/1326
f 1326/1326/1326 1327/1327/1327 1324/1324/1324
f 1328/1328/1328 1329/1329/1329 1330/1330/1330
f 1330/1330/1330 1331/1331/1331 1328/1328/1328
f 1332/1332/1332 1333/1333/1333 1334/1334/1334
f 1334/1334/1334 1335/1335/1335 1332/1332/1332
f 1336/1336/1336 1337/1337/1337 1338/1338/1338
f 1338/1338/1338 1339/1339/1339 1336/1336/1336
f 1340/1340/1340 1341/1341/1341 1342/1342/1342
f 1342/1342/1342 1343/1343/1343 1340/1340/1340
f 1344/1344/1344 1345/1345/1345 1346/1346/1346
f 1346/1346/1346 1347/1347/1347 1344/1344/1344
f 1348/1348/1348 1349/1349/1349 1350/1350/1350
f 1350/1350/1350 1351/1351/1351 1348/1348/1348
f 1352/1352/1352 1353/1353/1353 1354/1354/1354
f 1354/1354/1354 1355/1355/1355 1352/1352/1352
f 1356/1356/1356 1357/1357/1357 1358/1358/1358
f 1358/1358/1358 1359/1359/1359 1356/1356/1356
f 1360/1360/1360 1361/1361/1361 1362/1362/1362
f 1362/1362/1362 1363/1363/1363 1360/1360/1360
f 1364/1364/1364 1365/1365/1365 1366/1366/1366
f 1366/1366/1366 1367/1367/1367 1364/1364/1364
f 1368/1368/1368 1369/1369/1369 1370/1370/1370
f 1370/1370/1370 1371/1371/1371 1368/1368/1368
f 1372/1372/1372 1373/1373/1373 1374/1374/1374
f 1374/1374/1374 1375/1375/1375 1372/1372/1372
f 1376/1376/1376 1377/1377/1377 1378/1378/1378
f 1378/1378/1378 1379/1379/1379 1376/1376/1376
f 1380/1380/1380 1381/1381/1381 1382/1382/1382
f 1382/1382/1382 1383/1383/1383 1380/1380/1380
f 1384/1384/1384 1385/1385/1385 1386/1386/1386
f 1386/1386/1386 1387/1387/1387 1384/1384/1384
f 1388/1388/1388 1389/1389/1389 1390/1390/1390
f 1390/1390/1390 1391/1391/1391 1388/1388/1388
f 1392/1392/1392 1393/1393/1393 1394/1394/1394
f 1394/1394/1394 1395/1395/1395 1392/1392/1392
f 1396/1396/1396 1397/1397/1397 1398/1398/1398
f 1398/1398/1398 1399/1399/1399 1396/1396/1396
f 1400/1400/1400 1401/1401/1401 1402/1402/1402
f 1402/1402/1402 1403/1403/1403 1400/1400/1400
f 1404/1404/1404 1405/1405/1405 1406/1406/1406
f 1406/1406/1406 1407/1407/1407 1404/1404/1404
f 1408/1408/1408 1409/1409/1409 1410/1410/1410
f 1410/1410/1410 1411/1411/1411 1408/1408/1408
f 1412/1412/1412 1413/1413/1413 1414/1414/1414
f 1414/1414/1414 1415/1415/1415 1412/1412/1412
f 1416/1416/1416 1417/1417/1417 1418/1418/1418
f 1418/1418/1418 1419/1419/1419 1416/1416/1416
f 1420/1420/1420 1421/1421/1421 1422/1422/1422
f 1422/1422/1422 1423/1423/1423 1420/1420/1420
f 1424/1424/1424 1425/1425/1425 1426/1426/1426
f 1426/1426/1426 1427/1427/1427 1424/1424/1424
f 1428/1428/1428 1429/1429/1429 1430/1430/1430
f 1430/1430/1430 1431/1431/1431 1428/1428/1428
f 1432/1432/1432 1433/1433/1433 1434/1434/1434
f 1434/1434/1434 1435/1435/1435 1432/1432/1432
f 1436/1436/1436 1437/1437/1437 1438/1438/1438
f 1438/1438/1438 1439/1439/1439 1436/1436/1436
f 1440/1440/1440 1441/1441/1441 1442/1442/1442
f 1442/1442/1442 1443/1443/1443 1440/1440/1440
f 1444/1444/1444 1445/1445/1445 1446/1446/1446
f 1446/1446/1446 1447/1447/1447 1444/1444/1444
f 1448/1448/1448 1449/1449/1449 1450/1450/1450
f 1450/1450/1450 1451/1451/1451 1448/1448/1448
f 1452/1452/1452 1453/1453/1453 1454/1454/1454
f 1454/1454/1454 1455/1455/1455 1452/1452/1452
f 1456/1456/1456 1457/1457/1457 1458/1458/1458
f 1458/1458/1458 1459/1459/1459 1456/1456/1456
f 1460/1460/1460 1461/1461/1461 1462/1462/1462
f 1462/1462/1462 1463/1463/1463 1460/1460/1460
f 1464/1464/1464 1465/1465/1465 1466/1466/1466
f 1466/1466/1466 1467/1467/1467 1464/1464/1464
f 1468/1468/1468 1469/1469/1469 1470/1470/1470
f 1470/1470/1470 1471/1471/1471 1468/1468/1468
f 1472/1472/1472 1473/1473/1473 1474/1474/1474
f 1474/1474/1474 1475/1475/1475 1472/1472/1472
f 1476/1476/1476 1477/1477/1477 1478/1478/1478
f 1478/1478/1478 1479/1479/1479 1476/1476/1476
f 1480/1480/1480 1481/1481/1481 1482/1482/1482
f 1482/1482/1482 1483/1483/1483 1480/1480/1480
f 1484/1484/1484 1485/1485/1485 1486/1486/1486
f 1486/1486/1486 1487/1487/1487 1484/1484/1484
f 1488/1488/1488 1489/1489/1489 1490/1490/1490
f 1490/1490/1490 1491/1491/1491 1488/1488/1488
f 1492/1492/1492 1493/1493/1493 1494/1494/1494
f 1494/1494/1494 1495/1495/1495 1492/1492/1492
f 1496/1496/1496 1497/1497/1497 1498/1498/1498
f 1498/1498/1498 1499/1499/1499 1496/1496/1496
f 1500/1500/1500 1501/1501/1501 1502/1502/1502
f 1502/1502/1502 1503/1503/1503 1500/1500/1500
f 1504/1504/1504 1505/1505/1505 1506/1506/1506
f 1506/1506/1506 1507/1507/1507 1504/1504/1504
f 1508/1508/1508 1509/1509/1509 1510/1510/1510
f 1510/1510/1510 1511/1511/1511 1508/1508/1508
f 1512/1512/1512 1513/1513/1513 1514/1514/1514
f 1514/1514/1514 1515/1515/1515 1512/1512/1512
f 1516/1516/1516 1517/1517/1517 1518/1518/1518
f 1518/1518/1518 1519/1519/1519 1516/1516/1516
f 1520/1520/1520 1521/1521/1521 1522/1522/1522
f 1522/1522/1522 1523/1523/1523 1520/1520/1520
f 1524/1524/1524 1525/1525/1525 1526/1526/1526
f 1526/1526/1526 1525/1525/1525 1527/1527/1527
f 1527/1527/1527 1528/1528/1528 1526/1526/1526
f 1529/1529/1529 1530/1530/1530 1531/1531/1531
f 1530/1530/1530 1532/1532/1532 1531/1531/1531
f 1532/1532/1532 1533/1533/1533 1531/1531/1531
f 1534/1534/1534 1535/1535/1535 1536/1536/1536
f 1536/1536/1536 1537/1537/1537 1534/1534/1534
f 1537/1537/1537 1536/1536/1536 1538/1538/1538
f 1538/1538/1538 1539/1539/1539 1537/1537/1537
f 1539/1539/1539 1538/1538/1538 1540/1540/1540
f 1540/1540/1540 1541/1541/1541 1539/1539/1539
f 1541/1541/1541 1540/1540/1540 1542/1542/1542
f 1542/1542/1542 1543/1543/1543 1541/1541/1541
f 1543/1543/1543 1542/1542/1542 1544/1544/1544
f 1544/1544/1544 1545/1545/1545 1543/1543/1543
f 1545/1545/1545 1544/1544/1544 1546/1546/1546
f 1546/1546/1546 1547/1547/1547 1545/1545/1545
f 1547/1547/1547 1546/1546/1546 1548/1548/1548
f 1548/1548/1548 1549/1549/1549 1547/1547/1547
f 1550/1550/1550 1551/1551/1551 1552/1552/1552
f 1552/1552/1552 1553/1553/1553 1550/1550/1550
f 1553/1553/1553 1552/1552/1552 1554/1554/1554
f 1554/1554/1554 1555/1555/1555 1553/1553/1553
f 1555/1555/1555 1554/1554/1554 1556/1556/1556
f 1556/1556/1556 1557/1557/1557 1555/1555/1555
f 1557/1557/1557 1556/1556/1556 1558/1558/1558
f 1558/1558/1558 1559/1559/1559 1557/1557/1557
f 1559/1559/1559 1558/1558/1558 1560/1560/1560
f 1560/1560/1560 1561/1561/1561 1559/1559/1559
f 1562/1562/1562 1561/1561/1561 1560/1560/1560
f 1560/1560/1560 1563/1563/1563 1562/1562/1562
f 1564/1564/1564 1565/1565/1565 1566/1566/1566
f 1566/1566/1566 1567/1567/1567 1564/1564/1564
f 1567/1567/1567 1566/1566/1566 1568/1568/1568
f 1568/1568/1568 1569/1569/1569 1567/1567/1567
f 1569/1569/1569 1568/1568/1568 1570/1570/1570
f 1570/1570/1570 1571/1571/1571 1569/1569/1569
f 1571/1571/1571 1570/1570/1570 1572/1572/1572
f 1572/1572/1572 1573/1573/1573 1571/1571/1571
f 1573/1573/1573 1572/1572/1572 1574/1574/1574
f 1574/1574/1574 1575/1575/1575 1573/1573/1573
f 1575/1575/1575 1574/1574/1574 1576/1576/1576
f 1576/1576/1576 1577/1577/1577 1575/1575/1575
f 1577/1577/1577 1576/1576/1576 1578/1578/1578
f 1578/1578/1578 1579/1579/1579 1577/1577/1577
f 1579/1579/1579 1578/1578/1578 1580/1580/1580
f 1580/1580/1580 1581/1581/1581 1579/1579/1579
f 1581/1581/1581 1580/1580/1580 1582/1582/1582
f 1582/1582/1582 1583/1583/1583 1581/1581/1581
f 1584/1584/1584 1585/1585/1585 1586/1586/1586
f 1586/1586/1586 1587/1587/1587 1584/1584/1584
f 1588/1588/1588 1584/1584/1584 1587/1587/1587
f 1587/1587/1587 1589/1589/1589 1588/1588/1588
f 1590/1590/1590 1591/1591/1591 1592/1592/1592
f 1592/1592/1592 1593/1593/1593 1590/1590/1590
f 1594/1594/1594 1590/1590/1590 1593/1593/1593
f 1593/1593/1593 1595/1595/1595 1594/1594/1594
f 1596/1596/1596 1597/1597/1597 1598/1598/1598
f 1598/1598/1598 1599/1599/1599 1596/1596/1596
f 1600/1600/1600 1596/1596/1596 1599/1599/1599
f 1599/1599/1599 1601/1601/1601 1600/1600/1600
f 1602/1602/1602 1603/1603/1603 1604/1604/1604
f 1604/1604/1604 1605/1605/1605 1602/1602/1602
f 1606/1606/1606 1602/1602/1602 1605/1605/1605
f 1605/1605/1605 1607/1607/1607 1606/1606/1606
f 1608/1608/1608 1609/1609/1609 1610/1610/1610
f 1611/1611/1611 1609/1609/1609 1608/1608/1608
f 1608/1608/1608 1612/1612/1612 1611/1611/1611
f 1613/1613/1613 1614/1614/1614 1615/1615/1615
f 1613/1613/1613 1615/1615/1615 1616/1616/1616
f 1615/1615/1615 1617/1617/1617 1616/1616/1616
f 1617/1617/1617 1618/1618/1618 1616/1616/1616
f 1615/1615/1615 1619/1619/1619 1617/1617/1617
f 1620/1620/1620 1621/1621/1621 1622/1622/1622
f 1621/1621/1621 1623/1623/1623 1622/1622/1622
f 1623/1623/1623 1624/1624/1624 1622/1622/1622
f 1624/1624/1624 1625/1625/1625 1622/1622/1622
f 1626/1626/1626 1627/1627/1627 1628/1628/1628
f 1627/1627/1627 1629/1629/1629 1628/1628/1628
f 1629/1629/1629 1630/1630/1630 1628/1628/1628
f 1630/1630/1630 1631/1631/1631 1628/1628/1628
f 1631/1631/1631 1632/1632/1632 1628/1628/1628
f 1632/1632/1632 1633/1633/1633 1628/1628/1628
f 1633/1633/1633 1634/1634/1634 1628/1628/1628
f 1635/1635/1635 1636/1636/1636 1637/1637/1637
f 1636/1636/1636 1638/1638/1638 1637/1637/1637
f 1638/1638/1638 1639/1639/1639 1637/1637/1637
f 1639/1639/1639 1640/1640/1640 1637/1637/1637
f 1640/1640/1640 1641/1641/1641 1637/1637/1637
f 1641/1641/1641 1642/1642/1642 1637/1637/1637
f 1642/1642/1642 1643/1643/1643 1637/1637/1637
f 1644/1644/1644 1645/1645/1645 1646/1646/1646
f 1647/1647/1647 1648/1648/1648 1644/1644/1644
f 1646/1646/1646 1649/1649/1649 1644/1644/1644
f 1644/1644/1644 1649/1649/1649 1647/1647/1647
f 1649/1649/1649 1646/1646/1646 1650/1650/1650
f 1651/1651/1651 1647/1647/1647 1649/1649/1649
f 1650/1650/1650 1652/1652/1652 1649/1649/1649
f 1649/1649/1649 1652/1652/1652 1651/1651/1651
