v -0.992178 0.30273500000000014 2.341357
v -0.751072 0.3027360000000001 1.714395
v -0.992178 0.30273500000000014 2.341358
v -1.006826 1.0635040000000002 2.411745
v -0.978916 1.0635040000000002 2.410249
v -0.992178 1.0635040000000002 2.341357
v -0.978916 -0.5766989999999999 2.410249
v -1.006826 -0.5766989999999999 2.411745
v -0.992178 -0.5766989999999999 2.341358
v -1.57159 -0.44250399999999995 0.651924
v -1.523324 -0.44250399999999995 0.651924
v -1.523324 -0.44250399999999995 1.234916
v -1.523324 -0.44250399999999995 1.234916
v -1.57159 -0.44250399999999995 1.234916
v -1.57159 -0.44250399999999995 0.651924
v -1.57159 -0.15652699999999997 0.651924
v -1.523323 -0.15652699999999997 0.651924
v -1.523323 -0.15652699999999992 1.234916
v -1.523323 -0.15652699999999992 1.234916
v -1.57159 -0.15652699999999992 1.234916
v -1.57159 -0.15652699999999997 0.651924
v -1.57159 0.12888800000000003 0.651924
v -1.523323 0.12888800000000003 0.651924
v -1.523323 0.12888800000000009 1.234916
v -1.523323 0.12888800000000009 1.234916
v -1.57159 0.12888800000000009 1.234916
v -1.57159 0.12888800000000003 0.651924
v -1.57159 0.40415000000000006 0.651924
v -1.523323 0.40415000000000006 0.651924
v -1.523323 0.40415000000000006 1.234916
v -1.523323 0.40415000000000006 1.234916
v -1.57159 0.40415000000000006 1.234916
v -1.57159 0.40415000000000006 0.651924
v -1.57159 0.658839 0.651924
v -1.523323 0.658839 0.651924
v -1.523323 0.6588390000000001 1.234916
v -1.523323 0.6588390000000001 1.234916
v -1.57159 0.6588390000000001 1.234916
v -1.57159 0.658839 0.651924
v -1.303851 0.011966000000000115 1.906121
v -1.30385 0.1619270000000001 1.624483
v -1.30385 -0.1379949999999999 1.624483
v -1.30385 0.1619270000000001 1.624483
v -1.303851 0.011966000000000115 1.906121
v -1.17505 0.011973000000000119 1.957857
v -1.303851 0.011966000000000115 1.906121
v -1.30385 -0.1379949999999999 1.624483
v -1.17505 0.011973000000000119 1.957857
v -1.303851 0.5105590000000001 1.906121
v -1.30385 0.6605200000000001 1.624483
v -1.303851 0.3605980000000001 1.624483
v -1.30385 0.6605200000000001 1.624483
v -1.303851 0.5105590000000001 1.906121
v -1.175049 0.5105660000000001 1.957857
v -1.303851 0.5105590000000001 1.906121
v -1.303851 0.3605980000000001 1.624483
v -1.175049 0.5105660000000001 1.957857
v 0.649531 -1.290434 1.472242
v 0.223654 -1.2904339999999999 2.199712
v 0.223654 -1.2095479999999998 2.199712
v 0.223654 -1.2095479999999998 2.199712
v 0.641769 -1.209548 1.493524
v 0.649531 -1.290434 1.472242
v -0.2094 -1.2904339999999999 2.199712
v -0.653874 -1.290434 1.427496
v -0.627717 -1.209548 1.493524
v -0.627717 -1.209548 1.493524
v -0.2094 -1.2095479999999998 2.199712
v -0.2094 -1.2904339999999999 2.199712
v -0.992178 -0.46735299999999985 2.341358
v -1.198723 -0.4885049999999999 1.849354
v -0.788894 -0.4885049999999999 1.849354
v 0.802924 -0.4673529999999999 1.849354
v 1.212753 -0.4673529999999999 1.849354
v 1.006209 -0.46735299999999985 2.341358
v 0.992946 1.0635040000000002 2.410249
v 1.020857 1.0635040000000002 2.411745
v 1.006209 1.0635040000000002 2.341357
v 1.020856 -0.5766989999999999 2.411745
v 0.992946 -0.5766989999999999 2.410249
v 1.006208 -0.5766989999999999 2.341358
v 1.58562 -0.44250399999999995 0.651924
v 1.58562 -0.44250399999999995 1.234916
v 1.537354 -0.4425049999999999 1.234916
v 1.537354 -0.4425049999999999 1.234916
v 1.537354 -0.4425049999999999 0.651924
v 1.58562 -0.44250399999999995 0.651924
v 1.58562 -0.15652699999999997 0.651924
v 1.58562 -0.15652699999999992 1.234916
v 1.537354 -0.15652699999999992 1.234916
v 1.537354 -0.15652699999999992 1.234916
v 1.537354 -0.15652699999999997 0.651924
v 1.58562 -0.15652699999999997 0.651924
v 1.58562 0.12888800000000003 0.651924
v 1.58562 0.12888800000000009 1.234916
v 1.537354 0.12888800000000009 1.234916
v 1.537354 0.12888800000000009 1.234916
v 1.537354 0.12888800000000003 0.651924
v 1.58562 0.12888800000000003 0.651924
v 1.58562 0.40415000000000006 0.651924
v 1.58562 0.40415000000000006 1.234916
v 1.537354 0.40415000000000006 1.234916
v 1.537354 0.40415000000000006 1.234916
v 1.537354 0.40415000000000006 0.651924
v 1.58562 0.40415000000000006 0.651924
v 1.58562 0.658839 0.651924
v 1.58562 0.6588390000000001 1.234916
v 1.537354 0.6588390000000001 1.234916
v 1.537354 0.6588390000000001 1.234916
v 1.537354 0.658839 0.651924
v 1.58562 0.658839 0.651924
v 1.317881 0.1619270000000001 1.624483
v 1.317881 0.011966000000000115 1.906121
v 1.317881 -0.1379949999999999 1.624483
v 1.317881 0.011966000000000115 1.906121
v 1.317881 0.1619270000000001 1.624483
v 1.18908 0.011973000000000119 1.957857
v 1.317881 -0.1379949999999999 1.624483
v 1.317881 0.011966000000000115 1.906121
v 1.18908 0.011973000000000119 1.957857
v 1.317881 0.6605200000000001 1.624483
v 1.317881 0.5105590000000001 1.906121
v 1.317881 0.3605980000000001 1.624483
v 1.317881 0.5105590000000001 1.906121
v 1.317881 0.6605200000000001 1.624483
v 1.18908 0.5105660000000001 1.957857
v 1.317881 0.3605980000000001 1.624483
v 1.317881 0.5105590000000001 1.906121
v 1.18908 0.5105660000000001 1.957857
v 0.046328 -1.0531489999999997 2.852501
v 0.024778 -1.0086089999999999 2.87406
v 0.00649 -1.0531489999999997 3.176677
v 0.024778 -1.0086089999999999 2.87406
v -0.011798 -1.0086089999999999 2.87406
v 0.00649 -1.0531489999999997 3.176677
v -0.011798 -1.0086089999999999 2.87406
v -0.033348 -1.0531489999999997 2.852501
v 0.00649 -1.0531489999999997 3.176677
v -0.033348 -1.0531489999999997 2.852501
v -0.016682 -1.0938019999999997 2.851772
v 0.00649 -1.0531489999999997 3.176677
v 0.649531 1.290433 1.472242
v 0.64177 1.209547 1.493524
v 0.223654 1.2095470000000001 2.199712
v 0.223654 1.2095470000000001 2.199712
v 0.223654 1.2904330000000002 2.199712
v 0.649531 1.290433 1.472242
v -0.2094 1.2904330000000002 2.199712
v -0.2094 1.2095470000000001 2.199712
v -0.627717 1.209547 1.493524
v -0.627717 1.209547 1.493524
v -0.653874 1.290433 1.427496
v -0.2094 1.2904330000000002 2.199712
v -0.730721 -0.818526 0.574329
v -0.690239 -0.818526 0.574329
v -0.69024 -0.818526 6.000000000005012E-05
v -0.730722 -0.818526 6.000000000005012E-05
v -0.730721 -0.818526 0.574329
v -0.991947 1.1095980000000003 3.186102
v -0.977803 1.0934360000000003 3.186102
v -0.969047 1.0938920000000003 1.906684
v -0.969047 1.0938920000000003 1.906684
v -0.991597 1.1196590000000002 1.906684
v -0.977803 1.0934360000000003 3.186102
v -0.993123 1.0757400000000001 3.186102
v -0.993473 1.0707410000000002 1.906684
v -0.993473 1.0707410000000002 1.906684
v -0.969047 1.0938920000000003 1.906684
v -0.993123 1.0757400000000001 3.186102
v -1.007267 1.0919020000000002 3.186102
v -1.016023 1.0914460000000001 1.906684
v -1.016023 1.0914460000000001 1.906684
v -0.993473 1.0707410000000002 1.906684
v -1.321738 -0.4673539999999999 1.505187
v -1.185731 -0.4673529999999999 1.850642
v -1.185663 -0.4100899999999999 1.850642
v -1.321738 -0.4101009999999999 1.505187
v -1.321738 -0.4673539999999999 1.505187
v -1.523323 -0.38437599999999994 1.234916
v -1.523323 -0.38437599999999994 0.651924
v -1.57159 -0.38437599999999994 0.651924
v -1.57159 -0.38437599999999994 0.651924
v -1.57159 -0.38437599999999994 1.234916
v -1.523323 -0.09839799999999993 1.234916
v -1.523323 -0.09839799999999996 0.651924
v -1.57159 -0.09839799999999996 0.651924
v -1.57159 -0.09839799999999996 0.651924
v -1.57159 -0.09839799999999993 1.234916
v -1.523323 0.18701600000000007 1.234916
v -1.523323 0.18701600000000002 0.651924
v -1.57159 0.18701600000000002 0.651924
v -1.57159 0.18701600000000002 0.651924
v -1.57159 0.18701600000000007 1.234916
v -1.523323 0.46227900000000005 1.234916
v -1.523323 0.46227900000000005 0.651924
v -1.57159 0.46227900000000005 0.651924
v -1.57159 0.46227900000000005 0.651924
v -1.57159 0.46227900000000005 1.234916
v -1.523323 0.7169670000000001 1.234916
v -1.523323 0.716967 0.651924
v -1.57159 0.716967 0.651924
v -1.57159 0.716967 0.651924
v -1.57159 0.7169670000000001 1.234916
v -1.57159 0.918967 0.6519239999999998
v -1.523323 0.918967 0.6519239999999998
v -1.523323 0.9189670000000001 1.234916
v -1.57159 0.9189670000000001 1.234916
v -1.57159 0.918967 0.6519239999999998
v -1.523323 0.9189670000000001 1.234916
v -1.523323 0.918967 0.6519239999999998
v -1.523324 0.977096 0.6519239999999998
v -1.523324 0.977096 0.6519239999999998
v -1.523324 0.9770960000000001 1.234916
v -1.523324 0.9770960000000001 1.234916
v -1.523324 0.977096 0.6519239999999998
v -1.57159 0.977096 0.6519239999999998
v -1.57159 0.977096 0.6519239999999998
v -1.57159 0.9770960000000001 1.234916
v -1.366724 0.918967 0.6519239999999998
v -1.318458 0.918967 0.6519239999999998
v -1.318458 0.9189670000000001 1.234916
v -1.366724 0.9189670000000001 1.234916
v -1.366724 0.918967 0.6519239999999998
v -1.318458 0.9189670000000001 1.234916
v -1.318458 0.918967 0.6519239999999998
v -1.318458 0.977096 0.6519239999999998
v -1.318458 0.977096 0.6519239999999998
v -1.318458 0.9770960000000001 1.234916
v -1.318458 0.9770960000000001 1.234916
v -1.318458 0.977096 0.6519239999999998
v -1.366724 0.977096 0.6519239999999998
v -1.366724 0.977096 0.6519239999999998
v -1.366724 0.9770960000000001 1.234916
v -1.159059 0.918967 0.6519239999999998
v -1.110792 0.918967 0.6519239999999998
v -1.110792 0.9189670000000001 1.234916
v -1.159059 0.9189670000000001 1.234916
v -1.159059 0.918967 0.6519239999999998
v -1.110792 0.9189670000000001 1.234916
v -1.110792 0.918967 0.6519239999999998
v -1.110793 0.977096 0.6519239999999998
v -1.110793 0.977096 0.6519239999999998
v -1.110793 0.9770960000000001 1.234916
v -1.110793 0.9770960000000001 1.234916
v -1.110793 0.977096 0.6519239999999998
v -1.159059 0.977096 0.6519239999999998
v -1.159059 0.977096 0.6519239999999998
v -1.159059 0.9770960000000001 1.234916
v -0.954829 0.918967 0.6519239999999998
v -0.906563 0.918967 0.6519239999999998
v -0.906563 0.9189670000000001 1.234916
v -0.954829 0.9189670000000001 1.234916
v -0.954829 0.918967 0.6519239999999998
v -0.906563 0.9189670000000001 1.234916
v -0.906563 0.918967 0.6519239999999998
v -0.906563 0.977096 0.6519239999999998
v -0.906563 0.977096 0.6519239999999998
v -0.906563 0.9770960000000001 1.234916
v -0.906563 0.9770960000000001 1.234916
v -0.906563 0.977096 0.6519239999999998
v -0.95483 0.977096 0.6519239999999998
v -0.95483 0.977096 0.6519239999999998
v -0.95483 0.9770960000000001 1.234916
v -0.734588 0.918967 0.6519239999999998
v -0.686321 0.918967 0.6519239999999998
v -0.686321 0.9189670000000001 1.234916
v -0.734588 0.9189670000000001 1.234916
v -0.734588 0.918967 0.6519239999999998
v -0.686321 0.9189670000000001 1.234916
v -0.686321 0.918967 0.6519239999999998
v -0.686321 0.977096 0.6519239999999998
v -0.686321 0.977096 0.6519239999999998
v -0.686321 0.9770960000000001 1.234916
v -0.686321 0.9770960000000001 1.234916
v -0.686321 0.977096 0.6519239999999998
v -0.734588 0.977096 0.6519239999999998
v -0.734588 0.977096 0.6519239999999998
v -0.734588 0.9770960000000001 1.234916
v -0.69024 -0.818526 6.000000000005012E-05
v -0.690239 -0.818526 0.574329
v -0.690239 -0.868382 0.574329
v -0.690239 -0.868382 0.574329
v -0.69024 -0.868382 6.0000000000053175E-05
v -0.69024 -0.868382 6.0000000000053175E-05
v -0.690239 -0.868382 0.574329
v -0.730721 -0.868382 0.574329
v -0.730721 -0.868382 0.574329
v -0.730722 -0.868382 6.0000000000053175E-05
v -1.390164 -0.871319 0.632629
v -1.390164 -0.871319 0.574329
v -0.690239 -0.871319 0.574329
v -0.690239 -0.871319 0.632629
v -1.390164 -0.871319 0.632629
v -1.006963 -0.818526 0.574329
v -1.006963 -0.818526 6.000000000005012E-05
v -1.047445 -0.818526 6.000000000005012E-05
v -1.047445 -0.818526 6.000000000005012E-05
v -1.047445 -0.818526 0.574329
v -0.69024 -0.81667 0.632629
v -0.69024 -0.81667 0.574329
v -1.390164 -0.81667 0.574329
v -1.390164 -0.81667 0.632629
v -0.69024 -0.81667 0.632629
v -1.006963 -0.818526 6.000000000005012E-05
v -1.006963 -0.818526 0.574329
v -1.006963 -0.868382 0.574329
v -1.006963 -0.868382 0.574329
v -1.006963 -0.868382 6.0000000000053175E-05
v -1.006963 -0.868382 6.0000000000053175E-05
v -1.006963 -0.868382 0.574329
v -1.047445 -0.868382 0.574329
v -1.047445 -0.868382 0.574329
v -1.047445 -0.868382 6.0000000000053175E-05
v -1.329398 -0.818526 6.000000000005012E-05
v -1.329398 -0.818526 0.574329
v -1.329398 -0.868382 0.574329
v -1.329398 -0.868382 0.574329
v -1.329398 -0.868382 6.0000000000053175E-05
v -1.329398 -0.818526 0.574329
v -1.329398 -0.818526 6.000000000005012E-05
v -1.370102 -0.818526 6.000000000005012E-05
v -1.370102 -0.818526 6.000000000005012E-05
v -1.370102 -0.818526 0.574329
v -1.329398 -0.868382 6.0000000000053175E-05
v -1.329398 -0.868382 0.574329
v -1.370103 -0.868382 0.574329
v -1.370103 -0.868382 0.574329
v -1.370103 -0.868382 6.0000000000053175E-05
v 0.744752 -0.818526 0.574329
v 0.744752 -0.818526 6.000000000005012E-05
v 0.70427 -0.818526 6.000000000005012E-05
v 0.70427 -0.818526 0.574329
v 0.744752 -0.818526 0.574329
v 1.005977 1.1095980000000003 3.186102
v 1.005627 1.1196590000000002 1.906684
v 0.983078 1.0938920000000003 1.906684
v 0.983078 1.0938920000000003 1.906684
v 0.991833 1.0934360000000003 3.186102
v 0.991833 1.0934360000000003 3.186102
v 0.983078 1.0938920000000003 1.906684
v 1.007503 1.0707410000000002 1.906684
v 1.007503 1.0707410000000002 1.906684
v 1.007153 1.0757400000000001 3.186102
v 1.007153 1.0757400000000001 3.186102
v 1.007503 1.0707410000000002 1.906684
v 1.030053 1.0914460000000001 1.906684
v 1.030053 1.0914460000000001 1.906684
v 1.021298 1.0919020000000002 3.186102
v 1.335769 -0.4673539999999999 1.505187
v 1.335769 -0.4101009999999999 1.505187
v 1.199694 -0.4100899999999999 1.850642
v 1.199762 -0.4673529999999999 1.850642
v 1.335769 -0.4673539999999999 1.505187
v 1.537354 -0.38437599999999994 1.234916
v 1.58562 -0.38437599999999994 1.234916
v 1.58562 -0.38437599999999994 0.651924
v 1.58562 -0.38437599999999994 0.651924
v 1.537354 -0.38437599999999994 0.651924
v 1.537354 -0.09839799999999993 1.234916
v 1.58562 -0.09839799999999993 1.234916
v 1.58562 -0.09839799999999996 0.651924
v 1.58562 -0.09839799999999996 0.651924
v 1.537354 -0.09839799999999996 0.651924
v 1.537354 0.18701600000000007 1.234916
v 1.58562 0.18701600000000007 1.234916
v 1.58562 0.18701600000000002 0.651924
v 1.58562 0.18701600000000002 0.651924
v 1.537354 0.18701600000000002 0.651924
v 1.537354 0.46227900000000005 1.234916
v 1.58562 0.46227900000000005 1.234916
v 1.58562 0.46227900000000005 0.651924
v 1.58562 0.46227900000000005 0.651924
v 1.537354 0.46227900000000005 0.651924
v 1.537354 0.7169670000000001 1.234916
v 1.58562 0.7169670000000001 1.234916
v 1.58562 0.716967 0.651924
v 1.58562 0.716967 0.651924
v 1.537354 0.716967 0.651924
v 1.58562 0.918967 0.6519239999999998
v 1.58562 0.9189670000000001 1.234916
v 1.537354 0.9189670000000001 1.234916
v 1.537354 0.918967 0.6519239999999998
v 1.58562 0.918967 0.6519239999999998
v 1.537354 0.9189670000000001 1.234916
v 1.537354 0.9770960000000001 1.234916
v 1.537354 0.977096 0.6519239999999998
v 1.537354 0.977096 0.6519239999999998
v 1.537354 0.918967 0.6519239999999998
v 1.537354 0.9770960000000001 1.234916
v 1.58562 0.9770960000000001 1.234916
v 1.58562 0.977096 0.6519239999999998
v 1.58562 0.977096 0.6519239999999998
v 1.537354 0.977096 0.6519239999999998
v 1.380755 0.918967 0.6519239999999998
v 1.380755 0.9189670000000001 1.234916
v 1.332488 0.9189670000000001 1.234916
v 1.332488 0.918967 0.6519239999999998
v 1.380755 0.918967 0.6519239999999998
v 1.332488 0.9189670000000001 1.234916
v 1.332488 0.9770960000000001 1.234916
v 1.332488 0.977096 0.6519239999999998
v 1.332488 0.977096 0.6519239999999998
v 1.332488 0.918967 0.6519239999999998
v 1.332488 0.9770960000000001 1.234916
v 1.380755 0.9770960000000001 1.234916
v 1.380755 0.977096 0.6519239999999998
v 1.380755 0.977096 0.6519239999999998
v 1.332488 0.977096 0.6519239999999998
v 1.173089 0.918967 0.6519239999999998
v 1.173089 0.9189670000000001 1.234916
v 1.124823 0.9189670000000001 1.234916
v 1.124823 0.918967 0.6519239999999998
v 1.173089 0.918967 0.6519239999999998
v 1.124823 0.9189670000000001 1.234916
v 1.124823 0.9770960000000001 1.234916
v 1.124823 0.977096 0.6519239999999998
v 1.124823 0.977096 0.6519239999999998
v 1.124823 0.918967 0.6519239999999998
v 1.124823 0.9770960000000001 1.234916
v 1.173089 0.9770960000000001 1.234916
v 1.173089 0.977096 0.6519239999999998
v 1.173089 0.977096 0.6519239999999998
v 1.124823 0.977096 0.6519239999999998
v 0.96886 0.918967 0.6519239999999998
v 0.96886 0.9189670000000001 1.234916
v 0.920593 0.9189670000000001 1.234916
v 0.920593 0.918967 0.6519239999999998
v 0.96886 0.918967 0.6519239999999998
v 0.920593 0.9189670000000001 1.234916
v 0.920593 0.9770960000000001 1.234916
v 0.920593 0.977096 0.6519239999999998
v 0.920593 0.977096 0.6519239999999998
v 0.920593 0.918967 0.6519239999999998
v 0.920593 0.9770960000000001 1.234916
v 0.96886 0.9770960000000001 1.234916
v 0.96886 0.977096 0.6519239999999998
v 0.96886 0.977096 0.6519239999999998
v 0.920593 0.977096 0.6519239999999998
v 0.748618 0.918967 0.6519239999999998
v 0.748618 0.9189670000000001 1.234916
v 0.700352 0.9189670000000001 1.234916
v 0.700352 0.918967 0.6519239999999998
v 0.748618 0.918967 0.6519239999999998
v 0.700352 0.9189670000000001 1.234916
v 0.700352 0.9770960000000001 1.234916
v 0.700352 0.977096 0.6519239999999998
v 0.700352 0.977096 0.6519239999999998
v 0.700352 0.918967 0.6519239999999998
v 0.700352 0.9770960000000001 1.234916
v 0.748618 0.9770960000000001 1.234916
v 0.748618 0.977096 0.6519239999999998
v 0.748618 0.977096 0.6519239999999998
v 0.700352 0.977096 0.6519239999999998
v 0.70427 -0.818526 6.000000000005012E-05
v 0.70427 -0.868382 6.0000000000053175E-05
v 0.70427 -0.868382 0.574329
v 0.70427 -0.868382 0.574329
v 0.70427 -0.818526 0.574329
v 0.70427 -0.868382 6.0000000000053175E-05
v 0.744752 -0.868382 6.0000000000053175E-05
v 0.744752 -0.868382 0.574329
v 0.744752 -0.868382 0.574329
v 0.70427 -0.868382 0.574329
v 1.404195 -0.871319 0.632629
v 0.70427 -0.871319 0.632629
v 0.70427 -0.871319 0.574329
v 1.404194 -0.871319 0.574329
v 1.404195 -0.871319 0.632629
v 1.020994 -0.818526 0.574329
v 1.061475 -0.818526 0.574329
v 1.061476 -0.818526 6.000000000005012E-05
v 1.061476 -0.818526 6.000000000005012E-05
v 1.020994 -0.818526 6.000000000005012E-05
v 0.70427 -0.81667 0.632629
v 1.404194 -0.81667 0.632629
v 1.404194 -0.81667 0.574329
v 0.70427 -0.81667 0.574329
v 0.70427 -0.81667 0.632629
v 1.020994 -0.818526 6.000000000005012E-05
v 1.020994 -0.868382 6.0000000000053175E-05
v 1.020994 -0.868382 0.574329
v 1.020994 -0.868382 0.574329
v 1.020994 -0.818526 0.574329
v 1.020994 -0.868382 6.0000000000053175E-05
v 1.061476 -0.868382 6.0000000000053175E-05
v 1.061475 -0.868382 0.574329
v 1.061475 -0.868382 0.574329
v 1.020994 -0.868382 0.574329
v 1.343428 -0.818526 6.000000000005012E-05
v 1.343428 -0.868382 6.0000000000053175E-05
v 1.343428 -0.868382 0.574329
v 1.343428 -0.868382 0.574329
v 1.343428 -0.818526 0.574329
v 1.343428 -0.818526 0.574329
v 1.384132 -0.818526 0.574329
v 1.384132 -0.818526 6.000000000005012E-05
v 1.384132 -0.818526 6.000000000005012E-05
v 1.343428 -0.818526 6.000000000005012E-05
v 1.343428 -0.868382 6.0000000000053175E-05
v 1.384133 -0.868382 6.0000000000053175E-05
v 1.384133 -0.868382 0.574329
v 1.384133 -0.868382 0.574329
v 1.343428 -0.868382 0.574329
v -0.016682 -1.0938019999999997 2.851772
v 0.029661 -1.0938019999999997 2.851772
v 0.00649 -1.0531489999999997 3.176677
v 0.029661 -1.0938019999999997 2.851772
v 0.046328 -1.0531489999999997 2.852501
v 1.214638 0.6238790000000001 1.654936
v 1.214637 0.9275130000000001 1.654936
v 1.214636 0.9275130000000001 1.296337
v 1.214638 0.6238790000000001 1.296337
v 1.214638 0.6238790000000001 1.296337
v 1.214636 0.9678790000000002 1.296337
v 0.793809 0.9678790000000002 1.296337
v 0.79381 0.6238790000000001 1.296337
v 0.79381 0.6238790000000001 1.296337
v 0.793809 0.9275120000000001 1.296337
v 0.793809 0.9275120000000001 1.654936
v 0.793811 0.6238790000000001 1.654936
v 0.793811 0.6238790000000001 1.654936
v 1.214638 0.6238790000000001 1.654936
v 1.214638 0.6238790000000001 1.296337
v 0.79381 0.6238790000000001 1.296337
v -0.621393 -1.11957 6.855389084607011E-17
v -0.621393 -0.635098 3.888853664224429E-17
v -0.621392 -0.635098 0.855683
v -0.621392 -1.11957 0.8556830000000001
v -0.621393 -0.635098 3.888853664224429E-17
v 0.635424 -0.635098 3.888853664224429E-17
v 0.635424 -0.635098 0.855683
v -0.621392 -0.635098 0.855683
v 0.635424 -1.11957 6.855389084607011E-17
v 0.635424 -1.11957 0.8556830000000001
v 0.635424 -0.635098 0.855683
v 0.635424 -0.635098 3.888853664224429E-17
v -0.621393 1.11957 -6.855389084607011E-17
v -0.621392 1.11957 0.8556829999999999
v -0.621392 0.635097 0.855683
v -0.621393 0.635097 -3.888847540990433E-17
v -0.621393 0.635096 -3.888841417756437E-17
v -0.621392 0.635096 0.855683
v 0.635424 0.635096 0.855683
v 0.635424 0.635096 -3.888841417756437E-17
v 0.635424 1.119569 -6.855382961373015E-17
v 0.635424 0.635096 -3.888841417756437E-17
v 0.635424 0.635096 0.855683
v 0.635424 1.119569 0.8556829999999999
v 0.024575 -1.0493569999999999 2.873554
v 0.024575 1.7172487276363844E-16 2.80448
v -0.01031 1.7172487276363844E-16 2.80448
v -0.01031 -1.0493569999999999 2.873554
v -1.581339 0.98951 0.6519239999999998
v -1.58134 -0.45850699999999994 0.651924
v -0.69024 -0.45850699999999994 0.651924
v -0.69024 0.98951 0.6519239999999998
v -1.007267 1.0919020000000002 3.186102
v -0.991947 1.1095980000000003 3.186102
v -0.991597 1.1196590000000002 1.906684
v -1.016023 1.0914460000000001 1.906684
v -0.751072 -0.5766989999999999 1.714395
v -0.751072 -0.4540869999999999 1.714395
v -0.639384 -0.4540869999999999 1.583518
v -0.639384 -0.5766989999999999 1.583518
v -0.650918 0.30273500000000003 1.290387
v -1.581339 0.30273600000000006 1.290387
v -1.581339 -0.46735299999999996 1.290387
v -0.650918 -0.46735299999999996 1.290387
v -0.650918 -0.46735299999999996 1.234263
v -0.650918 -0.46735299999999996 1.290387
v -1.581339 -0.46735299999999996 1.290387
v -1.581339 -0.46735299999999996 1.234263
v -1.468917 0.864848 0.606618
v -1.468917 0.864848 -5.2956666747449503E-17
v -1.468917 -0.402139 2.4623911958115875E-17
v -1.468917 -0.40213899999999997 0.606618
v -1.581339 0.9678790000000002 1.234263
v -1.581339 -0.46735299999999996 1.234263
v -1.581339 -0.46735299999999996 1.290387
v -1.581339 0.9678790000000002 1.290387
v -0.978916 -0.5766989999999999 2.410249
v -0.978916 1.0635040000000002 2.410249
v -1.006826 1.0635040000000002 2.411745
v -1.006826 -0.5766989999999999 2.411745
v -1.58134 -0.45850699999999994 0.651924
v -1.58134 -0.45850699999999994 0.606618
v -0.69024 -0.45850699999999994 0.606618
v -0.69024 -0.45850699999999994 0.651924
v -1.581339 0.98951 0.6519239999999998
v -1.581339 0.98951 0.6066179999999999
v -1.58134 -0.45850699999999994 0.606618
v -1.58134 -0.45850699999999994 0.651924
v -0.69024 0.98951 0.6519239999999998
v -0.69024 0.98951 0.6066179999999999
v -1.581339 0.98951 0.6066179999999999
v -1.581339 0.98951 0.6519239999999998
v -1.29366 -0.45409299999999997 1.290387
v -1.293688 -0.4540929999999999 1.504223
v -1.334704 -0.4540859999999999 1.474187
v -1.334705 -0.45408599999999993 1.290388
v -0.766193 -0.4426189999999999 1.671485
v -0.991307 -0.44262199999999996 1.34611
v -0.991308 -0.44261399999999995 1.290572
v -0.763786 -0.44261099999999987 1.607476
v -0.751073 0.3027440000000001 1.714395
v -0.751049 0.30273500000000003 1.290387
v -0.751048 -0.4444409999999999 1.290387
v -0.751073 -0.44444099999999986 1.714395
v -0.725784 -0.45002099999999995 1.290387
v -0.725774 -0.4500249999999999 1.623184
v -0.768061 -0.4500169999999999 1.671647
v -0.768035 -0.45001399999999997 1.290387
v -1.033557 -0.44261899999999993 1.34611
v -1.281174 -0.4426219999999999 1.527379
v -1.32346 -0.44261499999999987 1.497343
v -1.033558 -0.4426109999999999 1.290572
v -0.971471 1.1367060000000002 1.840645
v -0.971472 1.0617640000000002 1.839775
v -0.971472 0.9687180000000001 1.770623
v -0.971472 0.9678790000000002 1.707904
v -0.971472 1.0617640000000002 1.839775
v -1.007552 1.0617640000000002 1.839775
v -1.007552 0.9687180000000001 1.770623
v -0.971472 0.9687180000000001 1.770623
v -1.007552 1.0617640000000002 1.839775
v -1.007552 1.1367060000000002 1.840645
v -1.007552 0.9678790000000002 1.707904
v -1.007552 0.9687180000000001 1.770623
v -1.400308 -0.43313499999999994 0.651924
v -1.400308 -0.43313499999999994 1.234263
v -1.400308 0.7272730000000001 1.234263
v -1.400308 0.727273 0.651924
v -0.602673 0.727273 0.651924
v -1.400308 0.727273 0.651924
v -1.400308 0.7272730000000001 1.234263
v -0.602673 0.7272730000000001 1.234263
v -1.02633 0.9678790000000002 2.00987
v -1.02633 0.9678790000000002 2.056803
v -1.02633 1.1457970000000002 2.056803
v -1.02633 1.1457970000000002 2.00987
v -0.959905 0.9678790000000002 2.051072
v -0.959905 0.9678790000000002 2.004138
v -0.959904 1.1457970000000002 2.004138
v -0.959904 1.1457970000000002 2.051072
v -0.969045 0.9678790000000002 1.906684
v -0.969045 0.9678790000000002 1.835373
v -0.969043 1.4431570000000002 1.835116
v -0.969043 1.4431570000000002 1.906684
v -1.010802 0.9679480000000001 1.906684
v -0.969045 0.9678790000000002 1.906684
v -0.969043 1.4431570000000002 1.906684
v -1.010795 1.4433270000000002 1.906684
v -1.010802 0.9679480000000001 1.835373
v -1.010802 0.9679480000000001 1.906684
v -1.010795 1.4433270000000002 1.906684
v -1.010795 1.4433270000000002 1.835116
v -1.523324 -0.44250399999999995 1.234916
v -1.523324 -0.44250399999999995 0.651924
v -1.523323 -0.38437599999999994 0.651924
v -1.523323 -0.38437599999999994 1.234916
v -1.57159 -0.44250399999999995 0.651924
v -1.57159 -0.44250399999999995 1.234916
v -1.57159 -0.38437599999999994 1.234916
v -1.57159 -0.38437599999999994 0.651924
v -1.523323 -0.15652699999999992 1.234916
v -1.523323 -0.15652699999999997 0.651924
v -1.523323 -0.09839799999999996 0.651924
v -1.523323 -0.09839799999999993 1.234916
v -1.57159 -0.15652699999999997 0.651924
v -1.57159 -0.15652699999999992 1.234916
v -1.57159 -0.09839799999999993 1.234916
v -1.57159 -0.09839799999999996 0.651924
v -1.523323 0.12888800000000009 1.234916
v -1.523323 0.12888800000000003 0.651924
v -1.523323 0.18701600000000002 0.651924
v -1.523323 0.18701600000000007 1.234916
v -1.57159 0.12888800000000003 0.651924
v -1.57159 0.12888800000000009 1.234916
v -1.57159 0.18701600000000007 1.234916
v -1.57159 0.18701600000000002 0.651924
v -1.523323 0.40415000000000006 1.234916
v -1.523323 0.40415000000000006 0.651924
v -1.523323 0.46227900000000005 0.651924
v -1.523323 0.46227900000000005 1.234916
v -1.57159 0.40415000000000006 0.651924
v -1.57159 0.40415000000000006 1.234916
v -1.57159 0.46227900000000005 1.234916
v -1.57159 0.46227900000000005 0.651924
v -1.523323 0.6588390000000001 1.234916
v -1.523323 0.658839 0.651924
v -1.523323 0.716967 0.651924
v -1.523323 0.7169670000000001 1.234916
v -1.57159 0.658839 0.651924
v -1.57159 0.6588390000000001 1.234916
v -1.57159 0.7169670000000001 1.234916
v -1.57159 0.716967 0.651924
v -1.57159 0.918967 0.6519239999999998
v -1.57159 0.9189670000000001 1.234916
v -1.57159 0.9770960000000001 1.234916
v -1.57159 0.977096 0.6519239999999998
v -1.366724 0.918967 0.6519239999999998
v -1.366724 0.9189670000000001 1.234916
v -1.366724 0.9770960000000001 1.234916
v -1.366724 0.977096 0.6519239999999998
v -1.159059 0.918967 0.6519239999999998
v -1.159059 0.9189670000000001 1.234916
v -1.159059 0.9770960000000001 1.234916
v -1.159059 0.977096 0.6519239999999998
v -0.954829 0.918967 0.6519239999999998
v -0.954829 0.9189670000000001 1.234916
v -0.95483 0.9770960000000001 1.234916
v -0.95483 0.977096 0.6519239999999998
v -0.734588 0.918967 0.6519239999999998
v -0.734588 0.9189670000000001 1.234916
v -0.734588 0.9770960000000001 1.234916
v -0.734588 0.977096 0.6519239999999998
v -0.730721 -0.868382 0.574329
v -0.730721 -0.818526 0.574329
v -0.730722 -0.818526 6.000000000005012E-05
v -0.730722 -0.868382 6.0000000000053175E-05
v -1.390164 -0.81667 0.574329
v -1.390164 -0.871319 0.574329
v -1.390164 -0.871319 0.632629
v -1.390164 -0.81667 0.632629
v -1.390164 -0.871319 0.632629
v -0.690239 -0.871319 0.632629
v -0.69024 -0.81667 0.632629
v -1.390164 -0.81667 0.632629
v -1.047445 -0.868382 0.574329
v -1.047445 -0.818526 0.574329
v -1.047445 -0.818526 6.000000000005012E-05
v -1.047445 -0.868382 6.0000000000053175E-05
v -1.129917 -0.858099 0.574329
v -1.182519 -0.858099 0.574329
v -1.047445 -0.858099 0.42729600000000006
v -1.047445 -0.858099 0.48132500000000006
v -0.81199 -0.858099 0.574329
v -0.860863 -0.858099 0.574329
v -0.730721 -0.858099 0.42729600000000006
v -0.730721 -0.858099 0.48132500000000006
v -1.329397 -0.858099 0.42729600000000006
v -1.192876 -0.858099 0.574329
v -1.242117 -0.858099 0.574329
v -1.329341 -0.858099 0.48132500000000006
v -1.006963 -0.858099 0.42729600000000006
v -0.870363 -0.858099 0.574329
v -0.920732 -0.858099 0.574329
v -1.006963 -0.858099 0.48132500000000006
v -1.370103 -0.868382 0.574329
v -1.370102 -0.818526 0.574329
v -1.370102 -0.818526 6.000000000005012E-05
v -1.370103 -0.868382 6.0000000000053175E-05
v -1.400308 -0.40564799999999995 0.651924
v -1.548912 -0.40564799999999995 0.651924
v -1.548912 -0.40564799999999995 0.898501
v -1.400308 -0.40564799999999995 0.898501
v -1.523324 0.948482 0.8985009999999999
v -1.523324 0.948482 0.6519239999999998
v -0.734589 0.948483 0.6519239999999998
v -0.734589 0.948482 0.8985009999999999
v -1.548912 -0.38437599999999994 0.898501
v -1.548912 -0.38437599999999994 0.651924
v -1.548912 0.918967 0.6519239999999998
v -1.548912 0.918967 0.8985009999999999
v -1.400308 -0.41184699999999996 0.651924
v -1.400308 -0.41184699999999996 0.898501
v -1.523324 -0.41184699999999996 0.898501
v -1.523324 -0.41184699999999996 0.651924
v -1.523324 0.951139 0.8985009999999999
v -0.734589 0.951139 0.8985009999999999
v -0.734589 0.951139 0.6519239999999998
v -1.523324 0.951139 0.6519239999999998
v -1.54968 -0.38437599999999994 0.898501
v -1.549681 0.918967 0.8985009999999999
v -1.549681 0.918967 0.6519239999999998
v -1.54968 -0.38437599999999994 0.651924
v -1.400308 -0.38481399999999993 0.898501
v -1.523324 -0.38481399999999993 0.898501
v -1.523324 -0.38481399999999993 0.933535
v -1.400308 -0.38481399999999993 0.933535
v -1.523324 0.934499 0.8985009999999999
v -0.734588 0.934499 0.8985009999999999
v -0.734588 0.9344990000000001 0.9335349999999999
v -1.523324 0.9344990000000001 0.9335349999999999
v -1.535814 -0.38437599999999994 0.898501
v -1.535814 0.918967 0.8985009999999999
v -1.535814 0.9189670000000001 0.9335349999999999
v -1.535814 -0.38437599999999994 0.933535
v -1.400308 -0.42075399999999996 0.898501
v -1.400308 -0.42075399999999996 0.933535
v -1.523324 -0.42075399999999996 0.933535
v -1.523324 -0.42075399999999996 0.898501
v -1.400308 -0.42075399999999996 0.933535
v -1.400308 -0.38481399999999993 0.933535
v -1.523324 -0.38481399999999993 0.933535
v -1.523324 -0.42075399999999996 0.933535
v -1.523324 0.9595060000000001 0.9335349999999999
v -0.734588 0.9595060000000001 0.9335349999999999
v -0.734588 0.959506 0.8985009999999999
v -1.523324 0.959506 0.8985009999999999
v -1.523324 0.9344990000000001 0.9335349999999999
v -0.734588 0.9344990000000001 0.9335349999999999
v -0.734588 0.9595060000000001 0.9335349999999999
v -1.523324 0.9595060000000001 0.9335349999999999
v -1.558837 -0.38437599999999994 0.933535
v -1.558837 0.9189670000000001 0.9335349999999999
v -1.558837 0.918967 0.8985009999999999
v -1.558837 -0.38437599999999994 0.898501
v -1.535814 -0.38437599999999994 0.933535
v -1.535814 0.9189670000000001 0.9335349999999999
v -1.558837 0.9189670000000001 0.9335349999999999
v -1.558837 -0.38437599999999994 0.933535
v -0.991308 -0.45409399999999994 1.290387
v -0.991296 -0.45409699999999986 1.906684
v -1.033583 -0.4540889999999999 1.906684
v -1.033557 -0.45408599999999993 1.290387
v 0.002764 1.1609200000000002 3.2879
v 0.002764 1.1609200000000002 2.973302
v 0.002764 0.9210580000000003 2.973302
v 0.002764 0.9210580000000003 3.287899
v -0.117167 1.0409890000000002 3.2879
v -0.117167 1.0409890000000002 2.973302
v 0.122695 1.0409890000000002 2.973302
v 0.122695 1.0409890000000002 3.287899
v -0.627717 -1.209547 1.493524
v 0.64177 -1.209547 1.493524
v 0.223654 -1.2095469999999997 2.199712
v -0.2094 -1.2095469999999997 2.199712
v -0.650917 -1.172304 0.8556830000000001
v 0.664948 -1.172304 0.8556830000000001
v 0.664948 -1.172304 1.493524
v -0.650917 -1.172304 1.493524
v 0.002764 1.1609200000000002 3.2879
v 0.002764 0.9210580000000003 3.287899
v 0.002764 0.9210580000000003 2.973302
v 0.002764 1.1609200000000002 2.973302
v -0.117167 1.0409890000000002 3.2879
v 0.122695 1.0409890000000002 3.287899
v 0.122695 1.0409890000000002 2.973302
v -0.117167 1.0409890000000002 2.973302
v -0.650916 -1.139912 0.8573400000000001
v -0.650916 -1.139912 0.8041650000000001
v -0.72946 -1.139912 0.8041650000000001
v -0.72946 -1.139912 0.8573400000000001
v 0.664948 -1.139913 0.8041650000000001
v 0.664948 -1.139913 0.8573410000000001
v 0.745965 -1.139913 0.8573410000000001
v 0.745965 -1.139913 0.8041650000000001
v 0.745965 -1.139913 0.8573410000000001
v 0.745965 -1.21061 0.8573400000000001
v 0.745965 -1.21061 0.8041650000000001
v 0.745965 -1.139913 0.8041650000000001
v -0.72946 -1.139912 0.8573400000000001
v -0.72946 -1.21061 0.8573400000000001
v 0.745965 -1.21061 0.8573400000000001
v 0.745965 -1.139913 0.8573410000000001
v -0.72946 -1.21061 0.8573400000000001
v -0.72946 -1.21061 0.8041650000000001
v 0.745965 -1.21061 0.8041650000000001
v 0.745965 -1.21061 0.8573400000000001
v -0.72946 -1.21061 0.8573400000000001
v -0.72946 -1.139912 0.8573400000000001
v -0.72946 -1.139912 0.8041650000000001
v -0.72946 -1.21061 0.8041650000000001
v -0.650917 -1.172304 0.8556830000000001
v -0.650917 -1.172304 1.516601
v -0.650917 1.172303 1.516601
v -0.650917 1.172304 0.8556829999999999
v -0.650917 1.150955 0.8556829999999999
v -0.69024 1.150955 0.8556829999999999
v -0.69024 -1.150955 0.8556830000000001
v -0.650917 -1.150955 0.8556830000000001
v -0.690241 1.205355 0.8556829999999999
v -0.69024 1.205355 -7.380670712931289E-17
v -0.69024 -1.205355 7.380670712931289E-17
v -0.69024 -1.205355 0.8556830000000001
v -0.69024 0.864848 -5.2956666747449503E-17
v -1.468917 0.864848 -5.2956666747449503E-17
v -1.468917 0.864848 0.606618
v -0.69024 0.864848 0.606618
v -0.69024 -0.40213899999999997 0.606618
v -1.468917 -0.40213899999999997 0.606618
v -1.468917 -0.402139 2.4623911958115875E-17
v -0.69024 -0.402139 2.4623911958115875E-17
v -1.400308 -0.43313499999999994 0.651924
v -0.650918 -0.43313499999999994 0.651924
v -0.650918 -0.43313499999999994 1.234263
v -1.400308 -0.43313499999999994 1.234263
v -1.380212 -0.921662 0.6441960000000001
v -0.69024 -0.921661 0.6441960000000001
v -0.69024 -0.37551599999999996 0.83051
v -1.380212 -0.37551599999999996 0.83051
v -0.57112 -0.7736859999999999 2.363024
v -0.40462 -0.7736859999999999 2.363024
v -0.40462 -0.6917609999999998 2.194617
v -0.57112 -0.6917609999999998 2.194617
v -0.40462 -0.7736859999999999 2.363024
v -0.57112 -0.7736859999999999 2.363024
v -0.57112 -0.8556109999999999 2.194617
v -0.40462 -0.8556109999999999 2.194617
v -0.412387 -0.7049839999999999 2.0497
v -0.563354 -0.7049839999999999 2.0497
v -0.563354 -0.7049839999999999 2.220177
v -0.412387 -0.7049839999999999 2.220177
v -0.412387 -0.8423879999999999 2.220177
v -0.563354 -0.8423879999999999 2.220177
v -0.563354 -0.8423879999999999 2.0497
v -0.412387 -0.8423879999999999 2.0497
v -0.546351 -0.7231369999999999 2.0497
v -0.429174 -0.7230269999999999 2.0497
v -0.429174 -0.7229679999999999 1.710398
v -0.546351 -0.7230779999999999 1.528227
v -0.429174 -0.7230269999999999 2.0497
v -0.429174 -0.8255139999999999 2.0497
v -0.429174 -0.8254429999999999 1.710397
v -0.429174 -0.7229679999999999 1.710398
v -0.429174 -0.8254429999999999 1.710397
v -0.429174 -0.8255139999999999 2.0497
v -0.546351 -0.8256229999999999 2.0497
v -0.546351 -0.8255529999999999 1.528227
v -0.546351 -0.8256229999999999 2.0497
v -0.546351 -0.7231369999999999 2.0497
v -0.546351 -0.7230779999999999 1.528227
v -0.546351 -0.8255529999999999 1.528227
v 0.432274 0.19218400000000016 2.799404
v 0.265774 0.19218400000000016 2.799404
v 0.265774 0.11025900000000016 2.630996
v 0.432274 0.11025900000000016 2.630996
v 0.265774 0.19218400000000016 2.799404
v 0.432274 0.19218400000000016 2.799404
v 0.432274 0.2741100000000002 2.630996
v 0.265774 0.2741100000000002 2.630996
v 0.273541 0.12348300000000015 2.486079
v 0.424507 0.12348300000000015 2.486079
v 0.424507 0.12348300000000016 2.656556
v 0.273541 0.12348300000000016 2.656556
v 0.273541 0.2608860000000002 2.656556
v 0.424507 0.2608860000000002 2.656556
v 0.424507 0.2608860000000002 2.486079
v 0.273541 0.2608860000000002 2.486079
v 0.407505 0.14163600000000015 2.486079
v 0.290328 0.14152600000000015 2.486079
v 0.290328 0.14146700000000015 2.075161
v 0.407505 0.14157700000000012 1.89299
v 0.290328 0.14152600000000015 2.486079
v 0.290328 0.24401200000000015 2.486079
v 0.290328 0.24394200000000013 2.07516
v 0.290328 0.14146700000000015 2.075161
v 0.290328 0.24394200000000013 2.07516
v 0.290328 0.24401200000000015 2.486079
v 0.407505 0.24412200000000014 2.486079
v 0.407505 0.2440520000000001 1.89299
v 0.407505 0.24412200000000014 2.486079
v 0.407505 0.14163600000000015 2.486079
v 0.407505 0.14157700000000012 1.89299
v 0.407505 0.2440520000000001 1.89299
v 0.538092 0.45513000000000015 2.535625
v 0.371591 0.45513000000000015 2.535625
v 0.371591 0.3732050000000002 2.367217
v 0.538092 0.3732050000000002 2.367217
v 0.371591 0.45513000000000015 2.535625
v 0.538092 0.45513000000000015 2.535625
v 0.538092 0.5370550000000001 2.367217
v 0.371591 0.5370550000000001 2.367217
v 0.379359 0.38642900000000013 2.222301
v 0.530325 0.38642900000000013 2.222301
v 0.530325 0.3864290000000002 2.392777
v 0.379359 0.3864290000000002 2.392777
v 0.379359 0.5238320000000001 2.392777
v 0.530325 0.5238320000000001 2.392777
v 0.530325 0.5238320000000001 2.222301
v 0.379359 0.5238320000000001 2.222301
v 0.513322 0.4045820000000001 2.222301
v 0.396146 0.4044720000000001 2.222301
v 0.396146 0.40441300000000013 1.882998
v 0.513323 0.40452300000000013 1.700828
v 0.396146 0.4044720000000001 2.222301
v 0.396146 0.5069580000000001 2.222301
v 0.396146 0.5068880000000001 1.882998
v 0.396146 0.40441300000000013 1.882998
v 0.396146 0.5068880000000001 1.882998
v 0.396146 0.5069580000000001 2.222301
v 0.513322 0.5070680000000001 2.222301
v 0.513323 0.5069980000000001 1.700828
v 0.513322 0.5070680000000001 2.222301
v 0.513322 0.4045820000000001 2.222301
v 0.513323 0.40452300000000013 1.700828
v 0.513323 0.5069980000000001 1.700828
v 1.59537 0.98951 0.6519239999999998
v 0.70427 0.98951 0.6519239999999998
v 0.70427 -0.45850799999999997 0.651924
v 1.595371 -0.45850799999999997 0.651924
v 1.021298 1.0919020000000002 3.186102
v 1.030053 1.0914460000000001 1.906684
v 1.005627 1.1196590000000002 1.906684
v 1.005977 1.1095980000000003 3.186102
v 0.765102 -0.5766989999999999 1.714395
v 0.653415 -0.5766989999999999 1.583518
v 0.653415 -0.4540869999999999 1.583518
v 0.765103 -0.4540869999999999 1.714395
v 0.664948 0.30273500000000003 1.290387
v 0.664948 -0.46735299999999996 1.290387
v 1.59537 -0.46735299999999996 1.290387
v 1.59537 0.30273600000000006 1.290387
v 0.664948 -0.46735299999999996 1.234263
v 1.59537 -0.46735299999999996 1.234263
v 1.59537 -0.46735299999999996 1.290387
v 0.664948 -0.46735299999999996 1.290387
v 1.482947 0.864848 0.606618
v 1.482947 -0.40213899999999997 0.606618
v 1.482947 -0.402139 2.4623911958115875E-17
v 1.482947 0.864848 -5.2956666747449503E-17
v 1.482947 0.864848 -5.2956666747449503E-17
v 0.704271 0.864848 -5.2956666747449503E-17
v 0.704271 0.864848 0.606618
v 1.482947 0.864848 0.606618
v 1.59537 0.9678790000000002 1.234263
v 1.59537 0.9678790000000002 1.290387
v 1.59537 -0.46735299999999996 1.290387
v 1.59537 -0.46735299999999996 1.234263
v 0.704271 -0.40213899999999997 0.606618
v 0.704271 -0.402139 2.4623911958115875E-17
v 1.482947 -0.402139 2.4623911958115875E-17
v 1.482947 -0.40213899999999997 0.606618
v 1.595371 -0.45850799999999997 0.651924
v 0.70427 -0.45850799999999997 0.651924
v 0.70427 -0.45850799999999997 0.606618
v 1.595371 -0.45850799999999997 0.606618
v 1.59537 0.98951 0.6519239999999998
v 1.595371 -0.45850799999999997 0.651924
v 1.595371 -0.45850799999999997 0.606618
v 1.59537 0.98951 0.6066179999999999
v 0.70427 0.98951 0.6519239999999998
v 1.59537 0.98951 0.6519239999999998
v 1.59537 0.98951 0.6066179999999999
v 0.70427 0.98951 0.6066179999999999
v 1.307691 -0.45409299999999997 1.290387
v 1.348735 -0.45408599999999993 1.290388
v 1.348735 -0.4540859999999999 1.474187
v 1.307719 -0.4540929999999999 1.504223
v 0.780223 -0.4426189999999999 1.671485
v 0.777816 -0.44261099999999987 1.607476
v 1.005338 -0.4426149999999999 1.290572
v 1.005337 -0.44262199999999996 1.34611
v 0.765103 0.3027440000000001 1.714395
v 0.765103 -0.44444099999999986 1.714395
v 0.765078 -0.4444409999999999 1.290387
v 0.765079 0.30273500000000003 1.290387
v 0.739815 -0.45002099999999995 1.290387
v 0.782065 -0.45001399999999997 1.290387
v 0.782091 -0.4500169999999999 1.671647
v 0.739804 -0.4500249999999999 1.623184
v 1.047588 -0.44261899999999993 1.34611
v 1.047588 -0.4426109999999999 1.290572
v 1.337491 -0.44261499999999987 1.497343
v 1.295205 -0.4426219999999999 1.527379
v 0.985502 1.1367060000000002 1.840645
v 0.985502 0.9678790000000002 1.707904
v 0.985502 0.9687180000000001 1.770623
v 0.985502 1.0617640000000002 1.839775
v 0.985502 1.0617640000000002 1.839775
v 0.985502 0.9687180000000001 1.770623
v 1.021582 0.9687180000000001 1.770623
v 1.021582 1.0617640000000002 1.839775
v 1.021582 1.0617640000000002 1.839775
v 1.021582 0.9687180000000001 1.770623
v 1.021582 0.9678790000000002 1.707904
v 1.021582 1.1367060000000002 1.840645
v 1.414338 -0.43313499999999994 0.651924
v 1.414338 0.727273 0.651924
v 1.414338 0.7272730000000001 1.234263
v 1.414338 -0.43313499999999994 1.234263
v 1.414338 -0.43313499999999994 1.234263
v 0.664948 -0.43313499999999994 1.234263
v 0.664948 -0.43313499999999994 0.651924
v 1.414338 -0.43313499999999994 0.651924
v 0.616703 0.727273 0.651924
v 0.616703 0.7272730000000001 1.234263
v 1.414338 0.7272730000000001 1.234263
v 1.414338 0.727273 0.651924
v 1.04036 0.9678790000000002 2.00987
v 1.040361 1.1457970000000002 2.00987
v 1.040361 1.1457970000000002 2.056803
v 1.04036 0.9678790000000002 2.056803
v 0.973935 0.9678790000000002 2.051072
v 0.973935 1.1457970000000002 2.051072
v 0.973935 1.1457970000000002 2.004138
v 0.973935 0.9678790000000002 2.004138
v 0.983075 0.9678790000000002 1.906684
v 0.983073 1.4431570000000002 1.906684
v 0.983073 1.4431570000000002 1.835116
v 0.983075 0.9678790000000002 1.835373
v 1.024833 0.9679480000000001 1.906684
v 1.024825 1.4433270000000002 1.906684
v 0.983073 1.4431570000000002 1.906684
v 0.983075 0.9678790000000002 1.906684
v 1.024833 0.9679480000000001 1.835373
v 1.024825 1.4433270000000002 1.835116
v 1.024825 1.4433270000000002 1.906684
v 1.024833 0.9679480000000001 1.906684
v 0.915629 0.9878200000000001 1.654936
v 0.915629 0.9878200000000001 1.296932
v 0.743983 1.059057 1.296932
v 0.743983 1.059057 1.654936
v 1.537354 -0.4425049999999999 1.234916
v 1.537354 -0.38437599999999994 1.234916
v 1.537354 -0.38437599999999994 0.651924
v 1.537354 -0.4425049999999999 0.651924
v 1.58562 -0.44250399999999995 0.651924
v 1.58562 -0.38437599999999994 0.651924
v 1.58562 -0.38437599999999994 1.234916
v 1.58562 -0.44250399999999995 1.234916
v 1.537354 -0.15652699999999992 1.234916
v 1.537354 -0.09839799999999993 1.234916
v 1.537354 -0.09839799999999996 0.651924
v 1.537354 -0.15652699999999997 0.651924
v 1.58562 -0.15652699999999997 0.651924
v 1.58562 -0.09839799999999996 0.651924
v 1.58562 -0.09839799999999993 1.234916
v 1.58562 -0.15652699999999992 1.234916
v 1.537354 0.12888800000000009 1.234916
v 1.537354 0.18701600000000007 1.234916
v 1.537354 0.18701600000000002 0.651924
v 1.537354 0.12888800000000003 0.651924
v 1.58562 0.12888800000000003 0.651924
v 1.58562 0.18701600000000002 0.651924
v 1.58562 0.18701600000000007 1.234916
v 1.58562 0.12888800000000009 1.234916
v 1.537354 0.40415000000000006 1.234916
v 1.537354 0.46227900000000005 1.234916
v 1.537354 0.46227900000000005 0.651924
v 1.537354 0.40415000000000006 0.651924
v 1.58562 0.40415000000000006 0.651924
v 1.58562 0.46227900000000005 0.651924
v 1.58562 0.46227900000000005 1.234916
v 1.58562 0.40415000000000006 1.234916
v 1.537354 0.6588390000000001 1.234916
v 1.537354 0.7169670000000001 1.234916
v 1.537354 0.716967 0.651924
v 1.537354 0.658839 0.651924
v 1.58562 0.658839 0.651924
v 1.58562 0.716967 0.651924
v 1.58562 0.7169670000000001 1.234916
v 1.58562 0.6588390000000001 1.234916
v 1.58562 0.918967 0.6519239999999998
v 1.58562 0.977096 0.6519239999999998
v 1.58562 0.9770960000000001 1.234916
v 1.58562 0.9189670000000001 1.234916
v 1.380755 0.918967 0.6519239999999998
v 1.380755 0.977096 0.6519239999999998
v 1.380755 0.9770960000000001 1.234916
v 1.380755 0.9189670000000001 1.234916
v 1.173089 0.918967 0.6519239999999998
v 1.173089 0.977096 0.6519239999999998
v 1.173089 0.9770960000000001 1.234916
v 1.173089 0.9189670000000001 1.234916
v 0.96886 0.918967 0.6519239999999998
v 0.96886 0.977096 0.6519239999999998
v 0.96886 0.9770960000000001 1.234916
v 0.96886 0.9189670000000001 1.234916
v 0.748618 0.918967 0.6519239999999998
v 0.748618 0.977096 0.6519239999999998
v 0.748618 0.9770960000000001 1.234916
v 0.748618 0.9189670000000001 1.234916
v 0.744752 -0.868382 0.574329
v 0.744752 -0.868382 6.0000000000053175E-05
v 0.744752 -0.818526 6.000000000005012E-05
v 0.744752 -0.818526 0.574329
v 1.404194 -0.81667 0.574329
v 1.404194 -0.81667 0.632629
v 1.404195 -0.871319 0.632629
v 1.404194 -0.871319 0.574329
v 1.404195 -0.871319 0.632629
v 1.404194 -0.81667 0.632629
v 0.70427 -0.81667 0.632629
v 0.70427 -0.871319 0.632629
v 1.061475 -0.868382 0.574329
v 1.061476 -0.868382 6.0000000000053175E-05
v 1.061476 -0.818526 6.000000000005012E-05
v 1.061475 -0.818526 0.574329
v 1.143947 -0.858099 0.574329
v 1.061475 -0.858099 0.48132500000000006
v 1.061475 -0.858099 0.42729600000000006
v 1.19655 -0.858099 0.574329
v 0.82602 -0.858099 0.574329
v 0.744752 -0.858099 0.48132500000000006
v 0.744752 -0.858099 0.42729600000000006
v 0.874893 -0.858099 0.574329
v 1.343428 -0.858099 0.42729600000000006
v 1.343372 -0.858099 0.48132500000000006
v 1.256148 -0.858099 0.574329
v 1.206906 -0.858099 0.574329
v 1.020994 -0.858099 0.42729600000000006
v 1.020994 -0.858099 0.48132500000000006
v 0.934762 -0.858099 0.574329
v 0.884394 -0.858099 0.574329
v 1.384133 -0.868382 0.574329
v 1.384133 -0.868382 6.0000000000053175E-05
v 1.384132 -0.818526 6.000000000005012E-05
v 1.384132 -0.818526 0.574329
v 1.394243 -0.921662 0.6441960000000001
v 1.394243 -0.37551599999999996 0.83051
v 0.70427 -0.37551599999999996 0.83051
v 0.70427 -0.921661 0.6441960000000001
v 1.414338 -0.40564799999999995 0.651924
v 1.414338 -0.40564799999999995 0.898501
v 1.562943 -0.40564799999999995 0.898501
v 1.562943 -0.40564799999999995 0.651924
v 1.537354 0.948482 0.8985009999999999
v 0.748619 0.948482 0.8985009999999999
v 0.748619 0.948483 0.6519239999999998
v 1.537354 0.948482 0.6519239999999998
v 1.562943 -0.38437599999999994 0.898501
v 1.562943 0.918967 0.8985009999999999
v 1.562943 0.918967 0.6519239999999998
v 1.562943 -0.38437599999999994 0.651924
v 1.414338 -0.41184699999999996 0.651924
v 1.537354 -0.41184699999999996 0.651924
v 1.537354 -0.41184699999999996 0.898501
v 1.414338 -0.41184699999999996 0.898501
v 1.537354 0.951139 0.8985009999999999
v 1.537354 0.951139 0.6519239999999998
v 0.748619 0.951139 0.6519239999999998
v 0.748619 0.951139 0.8985009999999999
v 1.563711 -0.38437599999999994 0.898501
v 1.563711 -0.38437599999999994 0.651924
v 1.563711 0.918967 0.6519239999999998
v 1.563711 0.918967 0.8985009999999999
v 1.414338 -0.38481399999999993 0.898501
v 1.414338 -0.38481399999999993 0.933535
v 1.537354 -0.38481399999999993 0.933535
v 1.537354 -0.38481399999999993 0.898501
v 1.537354 0.934499 0.8985009999999999
v 1.537354 0.9344990000000001 0.9335349999999999
v 0.748618 0.9344990000000001 0.9335349999999999
v 0.748618 0.934499 0.8985009999999999
v 1.549845 -0.38437599999999994 0.898501
v 1.549845 -0.38437599999999994 0.933535
v 1.549845 0.9189670000000001 0.9335349999999999
v 1.549845 0.918967 0.8985009999999999
v 1.414338 -0.42075399999999996 0.898501
v 1.537354 -0.42075399999999996 0.898501
v 1.537354 -0.42075399999999996 0.933535
v 1.414338 -0.42075399999999996 0.933535
v 1.414338 -0.42075399999999996 0.933535
v 1.537354 -0.42075399999999996 0.933535
v 1.537354 -0.38481399999999993 0.933535
v 1.414338 -0.38481399999999993 0.933535
v 1.537354 0.9595060000000001 0.9335349999999999
v 1.537354 0.959506 0.8985009999999999
v 0.748618 0.959506 0.8985009999999999
v 0.748618 0.9595060000000001 0.9335349999999999
v 1.537354 0.9344990000000001 0.9335349999999999
v 1.537354 0.9595060000000001 0.9335349999999999
v 0.748618 0.9595060000000001 0.9335349999999999
v 0.748618 0.9344990000000001 0.9335349999999999
v 1.572867 -0.38437599999999994 0.933535
v 1.572867 -0.38437599999999994 0.898501
v 1.572868 0.918967 0.8985009999999999
v 1.572868 0.9189670000000001 0.9335349999999999
v 1.549845 -0.38437599999999994 0.933535
v 1.572867 -0.38437599999999994 0.933535
v 1.572868 0.9189670000000001 0.9335349999999999
v 1.549845 0.9189670000000001 0.9335349999999999
v 1.005338 -0.45409399999999994 1.290387
v 1.047588 -0.45408599999999993 1.290387
v 1.047614 -0.4540889999999999 1.906684
v 1.005327 -0.45409699999999986 1.906684
v -0.650916 1.139912 0.8573399999999999
v -0.72946 1.139912 0.8573399999999999
v -0.72946 1.139912 0.8041649999999999
v -0.650916 1.139912 0.8041649999999999
v 0.664948 1.139912 0.8041649999999999
v 0.745965 1.139912 0.8041649999999999
v 0.745965 1.139912 0.8573409999999999
v 0.664948 1.139912 0.8573409999999999
v 0.712032 -1.290433 1.472242
v 0.257601 -1.2904329999999997 2.23312
v 0.223654 -1.2904329999999997 2.199712
v 0.649531 -1.290433 1.472242
v -0.243336 -1.2904329999999997 2.23312
v -0.716396 -1.290433 1.427496
v -0.653874 -1.290433 1.427496
v -0.2094 -1.2904329999999997 2.199712
v 0.257601 -1.2904329999999997 2.23312
v -0.243336 -1.2904329999999997 2.23312
v -0.2094 -1.2904329999999997 2.199712
v 0.223654 -1.2904329999999997 2.199712
v -0.243336 -1.2904329999999997 2.23312
v 0.257601 -1.2904329999999997 2.23312
v 0.024575 -1.0493569999999999 2.873554
v -0.01031 -1.0493569999999999 2.873554
v 0.664948 -1.172304 0.8556830000000001
v 0.664948 1.172304 0.8556829999999999
v 0.664948 1.172304 1.516601
v 0.664948 -1.172304 1.516601
v 0.067797 1.0338090000000002 2.852501
v 0.037144 1.0991470000000003 2.836758
v 0.00649 1.0338090000000002 2.996512
v -0.024164 1.0991470000000003 2.836758
v 0.00649 1.0338090000000002 2.996512
v 0.030546 0.9748870000000002 2.87449
v 0.00649 1.0338090000000002 2.996512
v -0.017566 0.9748870000000002 2.87449
v -0.054818 1.0338090000000002 2.852501
v 0.00649 1.0338090000000002 2.996512
v -0.017566 0.9748870000000002 2.87449
v 0.664948 1.150955 0.8556829999999999
v 0.664948 -1.150955 0.8556830000000001
v 0.704271 -1.150955 0.8556830000000001
v 0.704271 1.150955 0.8556829999999999
v 0.712032 1.290433 1.472242
v 0.649531 1.290433 1.472242
v 0.223654 1.2904330000000002 2.199712
v 0.257601 1.2904330000000002 2.23312
v -0.243336 1.2904330000000002 2.23312
v -0.2094 1.2904330000000002 2.199712
v -0.653874 1.290433 1.427496
v -0.716396 1.290433 1.427496
v 0.257601 1.2904330000000002 2.23312
v 0.223654 1.2904330000000002 2.199712
v -0.2094 1.2904330000000002 2.199712
v -0.243336 1.2904330000000002 2.23312
v 0.024575 1.7172487276363844E-16 2.80448
v 0.024575 1.0493570000000003 2.873554
v -0.01031 1.0493570000000003 2.873554
v -0.01031 1.7172487276363844E-16 2.80448
v -0.243336 1.2904330000000002 2.23312
v -0.01031 1.0493570000000003 2.873554
v 0.024575 1.0493570000000003 2.873554
v 0.257601 1.2904330000000002 2.23312
v -0.627717 1.209547 1.493524
v -0.2094 1.2095470000000001 2.199712
v 0.223654 1.2095470000000001 2.199712
v 0.64177 1.209547 1.493524
v -0.650917 1.172304 0.8556829999999999
v -0.650917 1.172304 1.493524
v 0.664948 1.172304 1.493524
v 0.664948 1.172304 0.8556829999999999
v 0.704271 1.205355 0.8556829999999999
v 0.704271 -1.205355 0.8556830000000001
v 0.704271 -1.205355 7.380670712931289E-17
v 0.704271 1.205355 -7.380670712931289E-17
v 0.745965 1.139912 0.8573409999999999
v 0.745965 1.139912 0.8041649999999999
v 0.745965 1.210542 0.8041649999999999
v 0.745965 1.210542 0.8573399999999999
v -0.72946 1.139912 0.8573399999999999
v 0.745965 1.139912 0.8573409999999999
v 0.745965 1.210542 0.8573399999999999
v -0.72946 1.210542 0.8573399999999999
v -0.72946 1.210542 0.8573399999999999
v 0.745965 1.210542 0.8573399999999999
v 0.745965 1.210542 0.8041649999999999
v -0.72946 1.210542 0.8041649999999999
v -0.72946 1.210542 0.8573399999999999
v -0.72946 1.210542 0.8041649999999999
v -0.72946 1.139912 0.8041649999999999
v -0.72946 1.139912 0.8573399999999999
v 0.30678 -1.205356 7.380676836165286E-17
v 0.704271 -1.205356 7.380676836165286E-17
v 0.30678 -1.205356 0.47760300000000006
v 0.704271 -1.205356 0.8556830000000001
v 0.221634 -1.205356 0.6519500000000001
v 0.014006 -1.205356 0.7264310000000002
v -0.69024 -1.205356 0.8556830000000001
v -0.193623 -1.205356 0.6519500000000001
v -0.278769 -1.205356 0.47760300000000006
v -0.69024 -1.205356 7.380676836165286E-17
v -0.278769 -1.205356 7.380676836165286E-17
v 0.704271 1.205355 -7.380670712931289E-17
v 0.30678 1.205355 -7.380670712931289E-17
v 0.30678 1.205355 0.47760299999999994
v 0.704271 1.205355 0.8556829999999999
v 0.221634 1.205355 0.6519499999999999
v 0.014006 1.205355 0.7264309999999999
v -0.69024 1.205355 0.8556829999999999
v -0.193623 1.205355 0.6519499999999999
v -0.278769 1.205355 0.47760299999999994
v -0.69024 1.205355 -7.380670712931289E-17
v -0.278769 1.205355 -7.380670712931289E-17
v -0.751072 -0.5766989999999999 1.714395
v -0.992178 -0.5766989999999999 2.341358
v -0.751072 -0.4540869999999999 1.714395
v -0.992178 0.30273500000000014 2.341358
v -0.751072 0.3027360000000001 1.714395
v -1.581339 0.9678790000000002 1.290387
v -1.58134 1.063504 1.290387
v -1.321738 1.063504 1.505187
v -1.321738 0.9678790000000002 1.505187
v -0.992178 1.0635040000000002 2.341357
v -0.992178 0.9678790000000002 2.341357
v -0.751072 0.3027360000000001 1.714395
v -0.992178 0.30273500000000014 2.341357
v -0.751048 0.30273500000000003 1.290387
v -1.321738 0.3027350000000001 1.505187
v -1.581339 0.30273600000000006 1.290387
v -0.278769 -1.204748 7.376953909895877E-17
v -0.278769 -1.204748 0.43744900000000003
v -0.518596 -1.372934 8.406796142702862E-17
v -0.349012 -1.254009 0.6362980000000001
v -0.518596 -1.372935 0.7186630000000002
v 0.30678 -1.204748 7.376953909895877E-17
v 0.557772 -1.350287 8.26812326240141E-17
v 0.30678 -1.204748 0.43744900000000003
v 0.557772 -1.350287 0.7186630000000002
v 0.381043 -1.24769 0.6362970000000001
v -0.412387 -0.8423879999999999 2.0497
v -0.412387 -0.7049839999999999 2.0497
v -0.412387 -0.7049839999999999 2.220177
v -0.412387 -0.8423879999999999 2.220177
v -0.412387 -0.7734999999999999 2.357775
v 0.273541 0.2608860000000002 2.486079
v 0.273541 0.12348300000000015 2.486079
v 0.273541 0.12348300000000016 2.656556
v 0.273541 0.2608860000000002 2.656556
v 0.273541 0.19199800000000017 2.794155
v 0.379359 0.5238320000000001 2.222301
v 0.379359 0.38642900000000013 2.222301
v 0.379359 0.3864290000000002 2.392777
v 0.379359 0.5238320000000001 2.392777
v 0.379359 0.4549440000000002 2.530376
v 1.006208 -0.5766989999999999 2.341358
v 0.765102 -0.5766989999999999 1.714395
v 0.765103 -0.4540869999999999 1.714395
v 1.006209 0.30273500000000014 2.341358
v 0.765102 0.3027360000000001 1.714395
v 1.006209 0.30273500000000014 2.341357
v 1.59537 0.30273600000000006 1.290387
v 1.335769 0.3027350000000001 1.505187
v 0.765079 0.30273500000000003 1.290387
v 1.006209 0.30273500000000014 2.341357
v 0.765102 0.3027360000000001 1.714395
v 1.653098 1.063504 1.289837
v 1.595371 1.063504 1.290387
v 1.335769 1.063504 1.505187
v 1.363881 1.063504 1.530383
v 1.006209 1.0635040000000002 2.341357
v 1.020857 1.0635040000000002 2.411745
v 0.992946 1.0635040000000002 2.410249
v 1.006209 1.0635040000000002 2.341357
v 0.765103 1.063504 1.714395
v 0.733749 1.063504 1.73618
v 0.653415 1.063504 1.583518
v 0.635097 1.063504 1.617512
v 0.635097 -0.5766989999999999 1.617512
v 0.653415 -0.5766989999999999 1.583518
v 0.765102 -0.5766989999999999 1.714395
v 0.733747 -0.5766989999999999 1.736177
v 1.006208 -0.5766989999999999 2.341358
v 0.992946 -0.5766989999999999 2.410249
v 1.020856 -0.5766989999999999 2.411745
v 1.006208 -0.5766989999999999 2.341358
v 1.335769 -0.5766989999999999 1.505187
v 1.363881 -0.5766989999999999 1.530383
v 1.595371 -0.5766989999999999 1.290387
v 1.653098 -0.5766989999999999 1.289837
v -0.278769 1.204748 0.4374489999999999
v -0.278769 1.204748 -7.376953909895877E-17
v -0.349012 1.254008 0.6362979999999999
v -0.518596 1.372934 -8.406796142702862E-17
v -0.518595 1.372934 0.7186629999999999
v 0.30678 1.204747 -7.376947786661881E-17
v 0.30678 1.204747 0.4374489999999999
v 0.557772 1.350286 -8.268117139167415E-17
v 0.381043 1.247689 0.6362969999999999
v 0.557772 1.350286 0.7186629999999999
v -1.321738 1.063504 1.505187
v -1.58134 1.063504 1.290387
v -1.639068 1.063504 1.289837
v -1.34985 1.063504 1.530383
v -0.992178 1.0635040000000002 2.341357
v -1.006826 1.0635040000000002 2.411745
v -0.751072 1.063504 1.714395
v -0.992178 1.0635040000000002 2.341357
v -0.978916 1.0635040000000002 2.410249
v -0.719719 1.063504 1.73618
v -0.639384 1.063504 1.583518
v -0.621066 1.063504 1.617512
v -0.751072 -0.5766989999999999 1.714395
v -0.639384 -0.5766989999999999 1.583518
v -0.621066 -0.5766989999999999 1.617512
v -0.719716 -0.5766989999999999 1.736177
v -0.992178 -0.5766989999999999 2.341358
v -0.978916 -0.5766989999999999 2.410249
v -1.321738 -0.5766989999999999 1.505187
v -0.992178 -0.5766989999999999 2.341358
v -1.006826 -0.5766989999999999 2.411745
v -1.34985 -0.5766989999999999 1.530383
v -1.58134 -0.5766989999999999 1.290387
v -1.639068 -0.5766989999999999 1.289837
v -0.719719 1.063504 1.73618
v -0.978916 1.0635040000000002 2.410249
v -0.978916 -0.5766989999999999 2.410249
v -0.719716 -0.5766989999999999 1.736177
v -0.621066 1.063504 1.617512
v -0.621066 -0.5766989999999999 1.617512
v -0.563354 -0.7049839999999999 2.220177
v -0.563354 -0.7049839999999999 2.0497
v -0.563354 -0.8423879999999999 2.0497
v -0.563354 -0.8423879999999999 2.220177
v -0.563354 -0.7736859999999999 2.357776
v 0.424507 0.12348300000000016 2.656556
v 0.424507 0.12348300000000015 2.486079
v 0.424507 0.2608860000000002 2.486079
v 0.424507 0.2608860000000002 2.656556
v 0.424507 0.19218400000000016 2.794155
v 0.530325 0.3864290000000002 2.392777
v 0.530325 0.38642900000000013 2.222301
v 0.530325 0.5238320000000001 2.222301
v 0.530325 0.5238320000000001 2.392777
v 0.530325 0.45513000000000015 2.530376
v 1.335769 1.063504 1.505187
v 1.595371 1.063504 1.290387
v 1.59537 0.9678790000000002 1.290387
v 1.335769 0.9678790000000002 1.505187
v 1.006209 1.0635040000000002 2.341357
v 1.006209 0.9678790000000002 2.341357
v 0.992946 0.24340300000000015 2.369108
v 0.992946 -0.5766989999999999 2.410249
v 1.020856 -0.5766989999999999 2.411745
v 1.020856 0.24340300000000015 2.370605
v 1.020857 1.0635040000000002 2.411745
v 0.992946 1.0635040000000002 2.410249
v -0.693947 -0.4540869999999999 1.585342
v -0.672821 -0.4540939999999999 1.625949
v -0.747841 -0.4540929999999999 1.713962
v -0.780207 -0.4540859999999999 1.683823
v -0.844246 -0.4540889999999999 1.850642
v -0.801959 -0.45409699999999986 1.850642
v -0.992178 0.9678790000000002 2.341357
v -0.992178 1.0635040000000002 2.341357
v -0.751072 1.063504 1.714395
v -0.751072 0.9678790000000002 1.714395
v -0.639385 0.9678790000000002 1.583518
v -0.639384 1.063504 1.583518
v -0.992178 0.30273500000000014 2.341358
v -0.992178 -0.5766989999999999 2.341358
v -1.321738 -0.5766989999999999 1.505187
v -1.321738 0.3027350000000001 1.505187
v -1.581339 0.33338100000000004 1.290387
v -1.58134 -0.5766989999999999 1.290387
v -1.006826 -0.5766989999999999 2.411745
v -1.006826 1.0635040000000002 2.411745
v -1.34985 1.063504 1.530383
v -1.34985 -0.5766989999999999 1.530383
v -1.639068 -0.5766989999999999 1.289837
v -1.639068 1.063504 1.289837
v -1.632316 -0.46736099999999997 1.280142
v -1.605158 -0.46736799999999995 1.244223
v -1.283481 -0.4673609999999999 1.485389
v -1.321738 -0.4673539999999999 1.505187
v -1.185731 -0.4673529999999999 1.850642
v -1.138592 -0.4673609999999999 1.850642
v -0.654752 0.9678790000000002 1.234263
v -1.58134 0.9678790000000002 1.234263
v -1.58134 0.9678790000000002 1.290387
v -1.321739 0.9678790000000002 1.505187
v -0.751072 0.9678790000000002 1.714395
v -0.992179 0.9678790000000002 2.341357
v -0.654752 0.9678790000000002 1.601339
v 0.761872 -0.4540929999999999 1.713962
v 0.686852 -0.4540939999999999 1.625949
v 0.707977 -0.4540869999999999 1.585342
v 0.794237 -0.4540859999999999 1.683823
v 0.858276 -0.4540889999999999 1.850642
v 0.815989 -0.45409699999999986 1.850642
v 0.765103 1.063504 1.714395
v 1.006209 1.0635040000000002 2.341357
v 1.006209 0.9678790000000002 2.341357
v 0.765103 0.9678790000000002 1.714395
v 0.653415 0.9678790000000002 1.583518
v 0.653415 1.063504 1.583518
v 1.335769 -0.5766989999999999 1.505187
v 1.006208 -0.5766989999999999 2.341358
v 1.006209 0.30273500000000014 2.341358
v 1.335769 0.3027350000000001 1.505187
v 1.59537 0.33338100000000004 1.290387
v 1.595371 -0.5766989999999999 1.290387
v 0.635097 1.063504 1.617512
v 0.635097 -0.5766989999999999 1.617512
v 0.733747 -0.5766989999999999 1.736177
v 0.733749 1.063504 1.73618
v 0.992946 0.24340300000000015 2.369108
v 0.992946 -0.5766989999999999 2.410249
v 0.992946 1.0635040000000002 2.410249
v 1.653098 -0.5766989999999999 1.289837
v 1.653098 1.063504 1.289837
v 1.363881 1.063504 1.530383
v 1.363881 -0.5766989999999999 1.530383
v 1.020856 0.24340300000000015 2.370605
v 1.020857 1.0635040000000002 2.411745
v 1.020856 -0.5766989999999999 2.411745
v 1.297511 -0.4673609999999999 1.485389
v 1.619189 -0.46736799999999995 1.244223
v 1.646347 -0.46736099999999997 1.280142
v 1.335769 -0.4673539999999999 1.505187
v 1.199762 -0.4673529999999999 1.850642
v 1.152622 -0.4673609999999999 1.850642
v 0.712032 -1.290433 1.472242
v 0.712032 1.290433 1.472242
v 0.257601 1.2904330000000002 2.23312
v 0.257601 -1.2904329999999997 2.23312
v 0.024575 1.7172487276363844E-16 2.80448
v 0.024575 1.0493570000000003 2.873554
v 0.024575 -1.0493569999999999 2.873554
v -0.716396 1.290433 1.427496
v -0.716396 -1.290433 1.427496
v -0.243336 -1.2904329999999997 2.23312
v -0.243336 1.2904330000000002 2.23312
v -0.01031 1.7172487276363844E-16 2.80448
v -0.01031 -1.0493569999999999 2.873554
v -0.01031 1.0493570000000003 2.873554
v 1.335769 0.9678790000000002 1.505187
v 1.59537 0.9678790000000002 1.296337
v 1.59537 0.9678790000000002 1.234263
v 1.09507 0.9678790000000002 1.654936
v 1.006209 0.9678790000000002 2.341357
v 1.09507 0.9678790000000002 1.296337
v 0.913377 0.9678790000000002 1.654936
v 0.668783 0.9678790000000002 1.234263
v 0.765103 0.9678790000000002 1.714395
v 0.913377 0.9678790000000002 1.296337
v 0.668783 0.9678790000000002 1.601339
vt 0.854561 0.427170
vt 0.779864 0.427170
vt 0.854561 0.427170
vt 0.771662 0.443775
vt 0.767755 0.443775
vt 0.769283 0.453471
vt 0.767643 0.479632
vt 0.771553 0.479632
vt 0.768990 0.466802
vt 0.418904 0.198315
vt 0.427366 0.198315
vt 0.427366 0.099868
vt 0.427366 0.099868
vt 0.418904 0.099868
vt 0.418904 0.198315
vt 0.374992 0.198315
vt 0.383453 0.198315
vt 0.383453 0.099868
vt 0.383453 0.099868
vt 0.374992 0.099868
vt 0.374992 0.198315
vt 0.330313 0.198315
vt 0.338775 0.198315
vt 0.338775 0.099868
vt 0.338775 0.099868
vt 0.330313 0.099868
vt 0.330313 0.198315
vt 0.286371 0.198315
vt 0.294832 0.198315
vt 0.294832 0.099868
vt 0.294832 0.099868
vt 0.286371 0.099868
vt 0.286371 0.198315
vt 0.240966 0.198315
vt 0.249427 0.198315
vt 0.249427 0.099868
vt 0.249427 0.099868
vt 0.240966 0.099868
vt 0.240966 0.198315
vt 0.817044 0.395725
vt 0.777646 0.374747
vt 0.777646 0.416703
vt 0.789324 0.414744
vt 0.831513 0.414744
vt 0.831564 0.395318
vt 0.831513 0.414744
vt 0.873624 0.414744
vt 0.831564 0.395318
vt 0.731872 0.395725
vt 0.771270 0.416703
vt 0.771270 0.374747
vt 0.673335 0.414744
vt 0.715550 0.414744
vt 0.715550 0.395318
vt 0.715550 0.414744
vt 0.757635 0.414744
vt 0.715550 0.395318
vt 0.555962 0.027420
vt 0.670761 0.027420
vt 0.670860 0.016106
vt 0.670860 0.016106
vt 0.556060 0.016106
vt 0.555962 0.027420
vt 0.876737 0.027420
vt 0.991550 0.027420
vt 0.991451 0.016106
vt 0.991451 0.016106
vt 0.876637 0.016106
vt 0.876737 0.027420
vt 0.337302 0.311817
vt 0.371713 0.393763
vt 0.303434 0.393763
vt 0.297808 0.393785
vt 0.229530 0.393785
vt 0.263940 0.311817
vt 0.767755 0.443775
vt 0.771662 0.443775
vt 0.769283 0.453471
vt 0.771553 0.479632
vt 0.767643 0.479632
vt 0.768990 0.466802
vt 0.418904 0.198315
vt 0.418904 0.099868
vt 0.427366 0.099868
vt 0.427366 0.099868
vt 0.427366 0.198315
vt 0.418904 0.198315
vt 0.374992 0.198315
vt 0.374992 0.099868
vt 0.383453 0.099868
vt 0.383453 0.099868
vt 0.383453 0.198315
vt 0.374992 0.198315
vt 0.330313 0.198315
vt 0.330313 0.099868
vt 0.338775 0.099868
vt 0.338775 0.099868
vt 0.338775 0.198315
vt 0.330313 0.198315
vt 0.286371 0.198315
vt 0.286371 0.099868
vt 0.294832 0.099868
vt 0.294832 0.099868
vt 0.294832 0.198315
vt 0.286371 0.198315
vt 0.240966 0.198315
vt 0.240966 0.099868
vt 0.249427 0.099868
vt 0.249427 0.099868
vt 0.249427 0.198315
vt 0.240966 0.198315
vt 0.777646 0.374747
vt 0.817044 0.395725
vt 0.777646 0.416703
vt 0.831513 0.414744
vt 0.789324 0.414744
vt 0.831564 0.395318
vt 0.873624 0.414744
vt 0.831513 0.414744
vt 0.831564 0.395318
vt 0.771270 0.416703
vt 0.731872 0.395725
vt 0.771270 0.374747
vt 0.715550 0.414744
vt 0.673335 0.414744
vt 0.715550 0.395318
vt 0.757635 0.414744
vt 0.715550 0.414744
vt 0.715550 0.395318
vt 0.352318 0.922584
vt 0.340284 0.920494
vt 0.344798 0.890703
vt 0.385139 0.920563
vt 0.376438 0.920563
vt 0.367667 0.890703
vt 0.383036 0.920494
vt 0.368573 0.922584
vt 0.367667 0.890703
vt 0.373522 0.922584
vt 0.360459 0.922690
vt 0.367667 0.890703
vt 0.555962 0.027420
vt 0.556060 0.016106
vt 0.670860 0.016106
vt 0.670860 0.016106
vt 0.670761 0.027420
vt 0.555962 0.027420
vt 0.876737 0.027420
vt 0.876637 0.016106
vt 0.991451 0.016106
vt 0.991451 0.016106
vt 0.991550 0.027420
vt 0.876737 0.027420
vt 0.433930 0.670049
vt 0.428267 0.670049
vt 0.428267 0.766541
vt 0.433930 0.766541
vt 0.433930 0.670049
vt 0.424752 0.203177
vt 0.420484 0.203177
vt 0.420484 0.424762
vt 0.420484 0.424762
vt 0.424752 0.424762
vt 0.420484 0.203177
vt 0.416117 0.203177
vt 0.416117 0.424762
vt 0.416117 0.424762
vt 0.420484 0.424762
vt 0.416117 0.203177
vt 0.412131 0.203177
vt 0.412131 0.424762
vt 0.412131 0.424762
vt 0.416117 0.424762
vt 0.339862 0.049217
vt 0.278566 0.049217
vt 0.278566 0.057004
vt 0.339862 0.057004
vt 0.339862 0.049217
vt 0.400252 0.099868
vt 0.400252 0.198315
vt 0.408714 0.198315
vt 0.408714 0.198315
vt 0.408714 0.099868
vt 0.356340 0.099868
vt 0.356340 0.198315
vt 0.364802 0.198315
vt 0.364802 0.198315
vt 0.364802 0.099868
vt 0.311661 0.099868
vt 0.311661 0.198315
vt 0.320122 0.198315
vt 0.320122 0.198315
vt 0.320122 0.099868
vt 0.267719 0.099868
vt 0.267719 0.198315
vt 0.276181 0.198315
vt 0.276181 0.198315
vt 0.276181 0.099868
vt 0.222314 0.099868
vt 0.222314 0.198315
vt 0.230776 0.198315
vt 0.230776 0.198315
vt 0.230776 0.099868
vt 0.207957 0.198315
vt 0.216420 0.198315
vt 0.216420 0.099868
vt 0.207957 0.099868
vt 0.207957 0.198315
vt 0.179115 0.099868
vt 0.179115 0.198315
vt 0.189306 0.198315
vt 0.189306 0.198315
vt 0.189306 0.099868
vt 0.189306 0.099868
vt 0.189306 0.198315
vt 0.197767 0.198315
vt 0.197767 0.198315
vt 0.197767 0.099868
vt 0.164754 0.198315
vt 0.173215 0.198315
vt 0.173215 0.099868
vt 0.164754 0.099868
vt 0.164754 0.198315
vt 0.135911 0.099868
vt 0.135911 0.198315
vt 0.146101 0.198315
vt 0.146101 0.198315
vt 0.146101 0.099868
vt 0.146101 0.099868
vt 0.146101 0.198315
vt 0.154563 0.198315
vt 0.154563 0.198315
vt 0.154563 0.099868
vt 0.120818 0.198315
vt 0.129280 0.198315
vt 0.129280 0.099868
vt 0.120818 0.099868
vt 0.120818 0.198315
vt 0.091976 0.099868
vt 0.091976 0.198315
vt 0.102167 0.198315
vt 0.102167 0.198315
vt 0.102167 0.099868
vt 0.102167 0.099868
vt 0.102167 0.198315
vt 0.110629 0.198315
vt 0.110629 0.198315
vt 0.110629 0.099868
vt 0.076877 0.198315
vt 0.085339 0.198315
vt 0.085339 0.099868
vt 0.076877 0.099868
vt 0.076877 0.198315
vt 0.048035 0.099868
vt 0.048035 0.198315
vt 0.058225 0.198315
vt 0.058225 0.198315
vt 0.058225 0.099868
vt 0.058225 0.099868
vt 0.058225 0.198315
vt 0.066687 0.198315
vt 0.066687 0.198315
vt 0.066687 0.099868
vt 0.032936 0.198315
vt 0.041398 0.198315
vt 0.041398 0.099868
vt 0.032936 0.099868
vt 0.032936 0.198315
vt 0.004094 0.099868
vt 0.004094 0.198315
vt 0.014284 0.198315
vt 0.014284 0.198315
vt 0.014284 0.099868
vt 0.014284 0.099868
vt 0.014284 0.198315
vt 0.022745 0.198315
vt 0.022745 0.198315
vt 0.022745 0.099868
vt 0.453541 0.766541
vt 0.453541 0.670049
vt 0.446567 0.670049
vt 0.446567 0.670049
vt 0.446567 0.766541
vt 0.446567 0.766541
vt 0.446567 0.670049
vt 0.440904 0.670049
vt 0.440904 0.670049
vt 0.440904 0.766541
vt 0.348256 0.670049
vt 0.340955 0.670049
vt 0.340955 0.766541
vt 0.348256 0.766541
vt 0.348256 0.670049
vt 0.398044 0.670049
vt 0.398044 0.766541
vt 0.403707 0.766541
vt 0.403707 0.766541
vt 0.403707 0.670049
vt 0.355100 0.766541
vt 0.362401 0.766541
vt 0.362400 0.670049
vt 0.355099 0.670049
vt 0.355100 0.766541
vt 0.423318 0.766541
vt 0.423318 0.670049
vt 0.416344 0.670049
vt 0.416344 0.670049
vt 0.416344 0.766541
vt 0.416344 0.766541
vt 0.416344 0.670049
vt 0.410681 0.670049
vt 0.410681 0.670049
vt 0.410681 0.766541
vt 0.392847 0.766541
vt 0.392847 0.670049
vt 0.385873 0.670049
vt 0.385873 0.670049
vt 0.385873 0.766541
vt 0.367510 0.670049
vt 0.367510 0.766541
vt 0.373205 0.766541
vt 0.373205 0.766541
vt 0.373205 0.670049
vt 0.385873 0.766541
vt 0.385873 0.670049
vt 0.380179 0.670049
vt 0.380179 0.670049
vt 0.380179 0.766541
vt 0.433930 0.670049
vt 0.433930 0.766541
vt 0.428267 0.766541
vt 0.428267 0.670049
vt 0.433930 0.670049
vt 0.424752 0.203177
vt 0.424752 0.424762
vt 0.420484 0.424762
vt 0.420484 0.424762
vt 0.420484 0.203177
vt 0.420484 0.203177
vt 0.420484 0.424762
vt 0.416117 0.424762
vt 0.416117 0.424762
vt 0.416117 0.203177
vt 0.416117 0.203177
vt 0.416117 0.424762
vt 0.412131 0.424762
vt 0.412131 0.424762
vt 0.412131 0.203177
vt 0.339862 0.049217
vt 0.339862 0.057004
vt 0.278566 0.057004
vt 0.278566 0.049217
vt 0.339862 0.049217
vt 0.400252 0.099868
vt 0.408714 0.099868
vt 0.408714 0.198315
vt 0.408714 0.198315
vt 0.400252 0.198315
vt 0.356340 0.099868
vt 0.364802 0.099868
vt 0.364802 0.198315
vt 0.364802 0.198315
vt 0.356340 0.198315
vt 0.311661 0.099868
vt 0.320122 0.099868
vt 0.320122 0.198315
vt 0.320122 0.198315
vt 0.311661 0.198315
vt 0.267719 0.099868
vt 0.276181 0.099868
vt 0.276181 0.198315
vt 0.276181 0.198315
vt 0.267719 0.198315
vt 0.222314 0.099868
vt 0.230776 0.099868
vt 0.230776 0.198315
vt 0.230776 0.198315
vt 0.222314 0.198315
vt 0.207957 0.198315
vt 0.207957 0.099868
vt 0.216420 0.099868
vt 0.216420 0.198315
vt 0.207957 0.198315
vt 0.179115 0.099868
vt 0.189306 0.099868
vt 0.189306 0.198315
vt 0.189306 0.198315
vt 0.179115 0.198315
vt 0.189306 0.099868
vt 0.197767 0.099868
vt 0.197767 0.198315
vt 0.197767 0.198315
vt 0.189306 0.198315
vt 0.164754 0.198315
vt 0.164754 0.099868
vt 0.173215 0.099868
vt 0.173215 0.198315
vt 0.164754 0.198315
vt 0.135911 0.099868
vt 0.146101 0.099868
vt 0.146101 0.198315
vt 0.146101 0.198315
vt 0.135911 0.198315
vt 0.146101 0.099868
vt 0.154563 0.099868
vt 0.154563 0.198315
vt 0.154563 0.198315
vt 0.146101 0.198315
vt 0.120818 0.198315
vt 0.120818 0.099868
vt 0.129280 0.099868
vt 0.129280 0.198315
vt 0.120818 0.198315
vt 0.091976 0.099868
vt 0.102167 0.099868
vt 0.102167 0.198315
vt 0.102167 0.198315
vt 0.091976 0.198315
vt 0.102167 0.099868
vt 0.110629 0.099868
vt 0.110629 0.198315
vt 0.110629 0.198315
vt 0.102167 0.198315
vt 0.076877 0.198315
vt 0.076877 0.099868
vt 0.085339 0.099868
vt 0.085339 0.198315
vt 0.076877 0.198315
vt 0.048035 0.099868
vt 0.058225 0.099868
vt 0.058225 0.198315
vt 0.058225 0.198315
vt 0.048035 0.198315
vt 0.058225 0.099868
vt 0.066687 0.099868
vt 0.066687 0.198315
vt 0.066687 0.198315
vt 0.058225 0.198315
vt 0.032936 0.198315
vt 0.032936 0.099868
vt 0.041398 0.099868
vt 0.041398 0.198315
vt 0.032936 0.198315
vt 0.004094 0.099868
vt 0.014284 0.099868
vt 0.014284 0.198315
vt 0.014284 0.198315
vt 0.004094 0.198315
vt 0.014284 0.099868
vt 0.022745 0.099868
vt 0.022745 0.198315
vt 0.022745 0.198315
vt 0.014284 0.198315
vt 0.453541 0.766541
vt 0.446567 0.766541
vt 0.446567 0.670049
vt 0.446567 0.670049
vt 0.453541 0.670049
vt 0.446567 0.766541
vt 0.440904 0.766541
vt 0.440904 0.670049
vt 0.440904 0.670049
vt 0.446567 0.670049
vt 0.348256 0.670049
vt 0.348256 0.766541
vt 0.340955 0.766541
vt 0.340955 0.670049
vt 0.348256 0.670049
vt 0.398044 0.670049
vt 0.403707 0.670049
vt 0.403707 0.766541
vt 0.403707 0.766541
vt 0.398044 0.766541
vt 0.355100 0.766541
vt 0.355099 0.670049
vt 0.362400 0.670049
vt 0.362401 0.766541
vt 0.355100 0.766541
vt 0.423318 0.766541
vt 0.416344 0.766541
vt 0.416344 0.670049
vt 0.416344 0.670049
vt 0.423318 0.670049
vt 0.416344 0.766541
vt 0.410681 0.766541
vt 0.410681 0.670049
vt 0.410681 0.670049
vt 0.416344 0.670049
vt 0.392847 0.766541
vt 0.385873 0.766541
vt 0.385873 0.670049
vt 0.385873 0.670049
vt 0.392847 0.670049
vt 0.367510 0.670049
vt 0.373205 0.670049
vt 0.373205 0.766541
vt 0.373205 0.766541
vt 0.367510 0.766541
vt 0.385873 0.766541
vt 0.380179 0.766541
vt 0.380179 0.670049
vt 0.380179 0.670049
vt 0.385873 0.670049
vt 0.367779 0.922697
vt 0.352785 0.922697
vt 0.367667 0.890703
vt 0.359891 0.922690
vt 0.347841 0.922584
vt 0.630722 0.421914
vt 0.676075 0.421914
vt 0.676075 0.478435
vt 0.630722 0.478435
vt 0.173014 0.310599
vt 0.173014 0.362869
vt 0.109070 0.362869
vt 0.109070 0.310599
vt 0.557289 0.478435
vt 0.513933 0.478435
vt 0.513933 0.421914
vt 0.557289 0.421914
vt 0.562198 0.421914
vt 0.625774 0.421914
vt 0.625774 0.478435
vt 0.562198 0.478435
vt 0.462853 0.884182
vt 0.423576 0.884182
vt 0.423576 0.810782
vt 0.462853 0.810782
vt 0.318879 0.884182
vt 0.419546 0.884182
vt 0.419546 0.810782
vt 0.318879 0.810782
vt 0.462853 0.884182
vt 0.462853 0.810782
vt 0.423576 0.810782
vt 0.423576 0.884182
vt 0.462853 0.884182
vt 0.462853 0.810782
vt 0.423576 0.810782
vt 0.423576 0.884182
vt 0.318879 0.884182
vt 0.318879 0.810782
vt 0.419546 0.810782
vt 0.419546 0.884182
vt 0.462853 0.884182
vt 0.423576 0.884182
vt 0.423576 0.810782
vt 0.462853 0.810782
vt 0.771580 0.368825
vt 0.771580 0.222033
vt 0.776459 0.222033
vt 0.776459 0.368825
vt 0.800005 0.986146
vt 0.800005 0.801793
vt 0.695379 0.801793
vt 0.695379 0.986146
vt 0.412131 0.203177
vt 0.407478 0.203177
vt 0.407478 0.424762
vt 0.412131 0.424762
vt 0.779864 0.520079
vt 0.779864 0.507215
vt 0.762208 0.507215
vt 0.762208 0.520079
vt 0.034772 0.566629
vt 0.138198 0.566629
vt 0.138198 0.483401
vt 0.034772 0.483401
vt 0.703623 0.814866
vt 0.695772 0.814866
vt 0.695772 0.945021
vt 0.703623 0.945021
vt 0.262674 0.571686
vt 0.262674 0.664425
vt 0.434626 0.664425
vt 0.434626 0.571686
vt 0.690383 0.996537
vt 0.690383 0.788062
vt 0.681788 0.788062
vt 0.681788 0.996537
vt 0.806136 0.549833
vt 0.806136 0.774083
vt 0.810068 0.774083
vt 0.810068 0.549833
vt 0.800005 0.797798
vt 0.800005 0.792037
vt 0.695379 0.792037
vt 0.695379 0.797798
vt 0.803999 0.986146
vt 0.809318 0.986146
vt 0.809319 0.801793
vt 0.803999 0.801793
vt 0.695379 0.990274
vt 0.695379 0.996036
vt 0.800005 0.996036
vt 0.800005 0.990274
vt 0.250263 0.077348
vt 0.213905 0.077348
vt 0.219012 0.083937
vt 0.250263 0.083937
vt 0.067202 0.083937
vt 0.134468 0.083937
vt 0.142090 0.077348
vt 0.075755 0.077348
vt 0.365356 0.435462
vt 0.365357 0.478275
vt 0.434847 0.478275
vt 0.434847 0.435462
vt 0.437519 0.077348
vt 0.380935 0.077348
vt 0.372694 0.083937
vt 0.437519 0.083937
vt 0.203415 0.077348
vt 0.151245 0.077348
vt 0.148308 0.083937
vt 0.208848 0.083937
vt 0.384926 0.299682
vt 0.378362 0.308076
vt 0.378362 0.324285
vt 0.384926 0.329713
vt 0.374842 0.308076
vt 0.369795 0.308076
vt 0.369795 0.324285
vt 0.374842 0.324285
vt 0.403357 0.308076
vt 0.396717 0.299682
vt 0.396717 0.329713
vt 0.403357 0.324285
vt 0.435101 0.567160
vt 0.435101 0.482978
vt 0.262566 0.482978
vt 0.262566 0.567160
vt 0.142768 0.567160
vt 0.257891 0.567160
vt 0.257891 0.482978
vt 0.142768 0.482978
vt 0.402000 0.386405
vt 0.393997 0.386405
vt 0.393997 0.419445
vt 0.402000 0.419445
vt 0.385997 0.339798
vt 0.377993 0.339798
vt 0.377993 0.372839
vt 0.385997 0.372839
vt 0.379135 0.203320
vt 0.368512 0.203320
vt 0.368512 0.273685
vt 0.379135 0.273685
vt 0.388904 0.203320
vt 0.382723 0.203320
vt 0.382723 0.273685
vt 0.388904 0.273685
vt 0.402917 0.203320
vt 0.392389 0.203320
vt 0.392389 0.273685
vt 0.402917 0.273685
vt 0.427366 0.099868
vt 0.427366 0.198315
vt 0.437556 0.198315
vt 0.437556 0.099868
vt 0.418904 0.198315
vt 0.418904 0.099868
vt 0.408714 0.099868
vt 0.408714 0.198315
vt 0.383453 0.099868
vt 0.383453 0.198315
vt 0.393644 0.198315
vt 0.393644 0.099868
vt 0.374992 0.198315
vt 0.374992 0.099868
vt 0.364802 0.099868
vt 0.364802 0.198315
vt 0.338775 0.099868
vt 0.338775 0.198315
vt 0.348964 0.198315
vt 0.348964 0.099868
vt 0.330313 0.198315
vt 0.330313 0.099868
vt 0.320122 0.099868
vt 0.320122 0.198315
vt 0.294832 0.099868
vt 0.294832 0.198315
vt 0.305023 0.198315
vt 0.305023 0.099868
vt 0.286371 0.198315
vt 0.286371 0.099868
vt 0.276181 0.099868
vt 0.276181 0.198315
vt 0.249427 0.099868
vt 0.249427 0.198315
vt 0.259618 0.198315
vt 0.259618 0.099868
vt 0.240966 0.198315
vt 0.240966 0.099868
vt 0.230776 0.099868
vt 0.230776 0.198315
vt 0.207957 0.198315
vt 0.207957 0.099868
vt 0.197767 0.099868
vt 0.197767 0.198315
vt 0.164754 0.198315
vt 0.164754 0.099868
vt 0.154563 0.099868
vt 0.154563 0.198315
vt 0.120818 0.198315
vt 0.120818 0.099868
vt 0.110629 0.099868
vt 0.110629 0.198315
vt 0.076877 0.198315
vt 0.076877 0.099868
vt 0.066687 0.099868
vt 0.066687 0.198315
vt 0.032936 0.198315
vt 0.032936 0.099868
vt 0.022745 0.099868
vt 0.022745 0.198315
vt 0.440904 0.670049
vt 0.433930 0.670049
vt 0.433930 0.766541
vt 0.440904 0.766541
vt 0.336117 0.742237
vt 0.336117 0.734923
vt 0.328816 0.734923
vt 0.328816 0.742237
vt 0.348256 0.670049
vt 0.348256 0.766541
vt 0.355100 0.766541
vt 0.355099 0.670049
vt 0.410681 0.670049
vt 0.403707 0.670049
vt 0.403707 0.766541
vt 0.410681 0.766541
vt 0.268785 0.707090
vt 0.263380 0.713183
vt 0.295623 0.713183
vt 0.289092 0.707090
vt 0.189489 0.707413
vt 0.184084 0.713182
vt 0.216329 0.713182
vt 0.209797 0.707413
vt 0.301392 0.713184
vt 0.333636 0.713184
vt 0.328230 0.707304
vt 0.307924 0.707304
vt 0.224241 0.713214
vt 0.256486 0.713214
vt 0.251080 0.707224
vt 0.230772 0.707224
vt 0.380179 0.670049
vt 0.373205 0.670049
vt 0.373205 0.766541
vt 0.380179 0.766541
vt 0.363650 0.203349
vt 0.343184 0.203350
vt 0.343184 0.242514
vt 0.363650 0.242514
vt 0.128906 0.242514
vt 0.128906 0.203349
vt 0.004175 0.203349
vt 0.004175 0.242514
vt 0.339142 0.242514
vt 0.339142 0.203349
vt 0.132760 0.203349
vt 0.132760 0.242514
vt 0.363650 0.307130
vt 0.363650 0.267964
vt 0.343184 0.267964
vt 0.343184 0.307130
vt 0.129201 0.267975
vt 0.004470 0.267975
vt 0.004470 0.307139
vt 0.129201 0.307139
vt 0.339142 0.267975
vt 0.133120 0.267975
vt 0.133120 0.307139
vt 0.339142 0.307139
vt 0.363650 0.244709
vt 0.343184 0.244709
vt 0.343184 0.250274
vt 0.363650 0.250274
vt 0.129201 0.246456
vt 0.004469 0.246456
vt 0.004469 0.252020
vt 0.129201 0.252020
vt 0.339142 0.246771
vt 0.133120 0.246771
vt 0.133120 0.252335
vt 0.339142 0.252335
vt 0.363650 0.267964
vt 0.363650 0.262400
vt 0.343184 0.262400
vt 0.343184 0.267964
vt 0.363650 0.259221
vt 0.363650 0.253512
vt 0.343184 0.253512
vt 0.343184 0.259221
vt 0.129201 0.262410
vt 0.004469 0.262410
vt 0.004469 0.267975
vt 0.129201 0.267975
vt 0.129201 0.255258
vt 0.004469 0.255258
vt 0.004469 0.259231
vt 0.129201 0.259231
vt 0.339142 0.262410
vt 0.133120 0.262410
vt 0.133120 0.267975
vt 0.339142 0.267975
vt 0.339142 0.255574
vt 0.133120 0.255574
vt 0.133120 0.259231
vt 0.339142 0.259231
vt 0.363975 0.077348
vt 0.259188 0.077348
vt 0.259188 0.083937
vt 0.363975 0.083937
vt 0.707251 0.855375
vt 0.774764 0.855375
vt 0.774764 0.810011
vt 0.707250 0.810012
vt 0.707251 0.855375
vt 0.774764 0.855375
vt 0.774764 0.810011
vt 0.707250 0.810012
vt 0.012087 0.775131
vt 0.200842 0.775131
vt 0.138673 0.670132
vt 0.074285 0.670132
vt 0.008637 0.869968
vt 0.204288 0.869968
vt 0.204288 0.775131
vt 0.008637 0.775131
vt 0.707251 0.855375
vt 0.707250 0.810012
vt 0.774764 0.810011
vt 0.774764 0.855375
vt 0.707251 0.855375
vt 0.707250 0.810012
vt 0.774764 0.810011
vt 0.774764 0.855375
vt 0.615363 0.996117
vt 0.623047 0.996117
vt 0.623047 0.986353
vt 0.615363 0.986353
vt 0.623047 0.773516
vt 0.615363 0.773516
vt 0.615363 0.783288
vt 0.623047 0.783288
vt 0.615363 0.787172
vt 0.615363 0.794871
vt 0.623047 0.794871
vt 0.623047 0.787172
vt 0.601583 0.970762
vt 0.610328 0.970762
vt 0.610328 0.798943
vt 0.601583 0.798943
vt 0.615363 0.970762
vt 0.623047 0.970762
vt 0.623047 0.798943
vt 0.615363 0.798943
vt 0.615363 0.974683
vt 0.615363 0.982440
vt 0.623047 0.982440
vt 0.623047 0.974683
vt 0.591686 0.869187
vt 0.591686 0.771704
vt 0.222762 0.771704
vt 0.222762 0.869187
vt 0.012568 0.312628
vt 0.005334 0.312628
vt 0.005334 0.736068
vt 0.012568 0.736068
vt 0.217561 0.869946
vt 0.217561 0.997173
vt 0.596886 0.997173
vt 0.596886 0.869946
vt 0.138180 0.664425
vt 0.022402 0.664425
vt 0.022402 0.571687
vt 0.138180 0.571687
vt 0.559947 0.571677
vt 0.675724 0.571677
vt 0.675724 0.664416
vt 0.559947 0.664416
vt 0.675366 0.567152
vt 0.560997 0.567152
vt 0.560997 0.482969
vt 0.675366 0.482969
vt 0.668291 0.766758
vt 0.570964 0.766758
vt 0.570964 0.668810
vt 0.668291 0.668810
vt 0.431854 0.921843
vt 0.431854 0.890270
vt 0.462903 0.890271
vt 0.462903 0.921844
vt 0.421825 0.890270
vt 0.421825 0.921843
vt 0.390093 0.921844
vt 0.390093 0.890271
vt 0.493008 0.331006
vt 0.469656 0.331006
vt 0.469656 0.304637
vt 0.493008 0.304637
vt 0.523122 0.304637
vt 0.546474 0.304637
vt 0.546474 0.331006
vt 0.523122 0.331006
vt 0.472286 0.331006
vt 0.490411 0.331006
vt 0.490411 0.383490
vt 0.472286 0.411668
vt 0.500038 0.331006
vt 0.515890 0.331006
vt 0.515880 0.383490
vt 0.500029 0.383490
vt 0.525719 0.383490
vt 0.525719 0.331006
vt 0.543844 0.331006
vt 0.543844 0.411668
vt 0.447556 0.331006
vt 0.463409 0.331006
vt 0.463419 0.411668
vt 0.447567 0.411668
vt 0.431854 0.958995
vt 0.431854 0.927422
vt 0.462903 0.927423
vt 0.462903 0.958996
vt 0.421825 0.927422
vt 0.421825 0.958995
vt 0.390093 0.958996
vt 0.390093 0.927423
vt 0.490969 0.193166
vt 0.467617 0.193166
vt 0.467617 0.166797
vt 0.490969 0.166797
vt 0.521083 0.166797
vt 0.544435 0.166797
vt 0.544435 0.193166
vt 0.521083 0.193166
vt 0.470247 0.193166
vt 0.488372 0.193166
vt 0.488371 0.245650
vt 0.470247 0.273828
vt 0.497999 0.193166
vt 0.513851 0.193166
vt 0.513840 0.245650
vt 0.497990 0.245650
vt 0.523680 0.245650
vt 0.523680 0.193166
vt 0.541805 0.193166
vt 0.541805 0.273828
vt 0.445517 0.193166
vt 0.461370 0.193166
vt 0.461379 0.273828
vt 0.445528 0.273828
vt 0.431854 0.996878
vt 0.431854 0.965305
vt 0.462903 0.965306
vt 0.462903 0.996879
vt 0.421825 0.965305
vt 0.421825 0.996878
vt 0.390093 0.996879
vt 0.390093 0.965306
vt 0.491573 0.055331
vt 0.468221 0.055331
vt 0.468221 0.028962
vt 0.491573 0.028962
vt 0.521687 0.028962
vt 0.545039 0.028962
vt 0.545039 0.055331
vt 0.521687 0.055331
vt 0.470851 0.055331
vt 0.488976 0.055331
vt 0.488976 0.107815
vt 0.470851 0.135993
vt 0.498603 0.055331
vt 0.514455 0.055331
vt 0.514445 0.107815
vt 0.498594 0.107815
vt 0.524284 0.107815
vt 0.524284 0.055331
vt 0.542409 0.055331
vt 0.542409 0.135993
vt 0.446121 0.055331
vt 0.461974 0.055331
vt 0.461983 0.135993
vt 0.446133 0.135993
vt 0.800005 0.986146
vt 0.695379 0.986146
vt 0.695379 0.801793
vt 0.800005 0.801793
vt 0.412131 0.203177
vt 0.412131 0.424762
vt 0.407478 0.424762
vt 0.407478 0.203177
vt 0.779864 0.520079
vt 0.762208 0.520079
vt 0.762208 0.507215
vt 0.779864 0.507215
vt 0.034772 0.566629
vt 0.034772 0.483401
vt 0.138198 0.483401
vt 0.138198 0.566629
vt 0.703623 0.814866
vt 0.703623 0.945021
vt 0.695772 0.945021
vt 0.695772 0.814866
vt 0.262674 0.571686
vt 0.434626 0.571686
vt 0.434626 0.664425
vt 0.262674 0.664425
vt 0.258302 0.664425
vt 0.142525 0.664425
vt 0.142525 0.571686
vt 0.258302 0.571686
vt 0.690383 0.996537
vt 0.681788 0.996537
vt 0.681788 0.788062
vt 0.690383 0.788062
vt 0.556404 0.571677
vt 0.556404 0.664416
vt 0.440627 0.664416
vt 0.440627 0.571677
vt 0.800005 0.797798
vt 0.695379 0.797798
vt 0.695379 0.792037
vt 0.800005 0.792037
vt 0.803999 0.986146
vt 0.803999 0.801793
vt 0.809319 0.801793
vt 0.809318 0.986146
vt 0.695379 0.990274
vt 0.800005 0.990274
vt 0.800005 0.996036
vt 0.695379 0.996036
vt 0.250263 0.077348
vt 0.250263 0.083937
vt 0.219012 0.083937
vt 0.213905 0.077348
vt 0.067202 0.083937
vt 0.075755 0.077348
vt 0.142090 0.077348
vt 0.134468 0.083937
vt 0.365356 0.435462
vt 0.434847 0.435462
vt 0.434847 0.478275
vt 0.365357 0.478275
vt 0.437519 0.077348
vt 0.437519 0.083937
vt 0.372694 0.083937
vt 0.380935 0.077348
vt 0.203415 0.077348
vt 0.208848 0.083937
vt 0.148308 0.083937
vt 0.151245 0.077348
vt 0.384926 0.299682
vt 0.384926 0.329713
vt 0.378362 0.324285
vt 0.378362 0.308076
vt 0.374842 0.308076
vt 0.374842 0.324285
vt 0.369795 0.324285
vt 0.369795 0.308076
vt 0.403357 0.308076
vt 0.403357 0.324285
vt 0.396717 0.329713
vt 0.396717 0.299682
vt 0.435101 0.567160
vt 0.262566 0.567160
vt 0.262566 0.482978
vt 0.435101 0.482978
vt 0.440985 0.482969
vt 0.555354 0.482969
vt 0.555354 0.567152
vt 0.440985 0.567152
vt 0.142768 0.567160
vt 0.142768 0.482978
vt 0.257891 0.482978
vt 0.257891 0.567160
vt 0.402000 0.386405
vt 0.402000 0.419445
vt 0.393997 0.419445
vt 0.393997 0.386405
vt 0.385997 0.339798
vt 0.385997 0.372839
vt 0.377993 0.372839
vt 0.377993 0.339798
vt 0.379135 0.203320
vt 0.379135 0.273685
vt 0.368512 0.273685
vt 0.368512 0.203320
vt 0.388904 0.203320
vt 0.388904 0.273685
vt 0.382723 0.273685
vt 0.382723 0.203320
vt 0.402917 0.203320
vt 0.402917 0.273685
vt 0.392389 0.273685
vt 0.392389 0.203320
vt 0.497998 0.428231
vt 0.497998 0.478312
vt 0.472001 0.478312
vt 0.472001 0.428231
vt 0.427366 0.099868
vt 0.437556 0.099868
vt 0.437556 0.198315
vt 0.427366 0.198315
vt 0.418904 0.198315
vt 0.408714 0.198315
vt 0.408714 0.099868
vt 0.418904 0.099868
vt 0.383453 0.099868
vt 0.393644 0.099868
vt 0.393644 0.198315
vt 0.383453 0.198315
vt 0.374992 0.198315
vt 0.364802 0.198315
vt 0.364802 0.099868
vt 0.374992 0.099868
vt 0.338775 0.099868
vt 0.348964 0.099868
vt 0.348964 0.198315
vt 0.338775 0.198315
vt 0.330313 0.198315
vt 0.320122 0.198315
vt 0.320122 0.099868
vt 0.330313 0.099868
vt 0.294832 0.099868
vt 0.305023 0.099868
vt 0.305023 0.198315
vt 0.294832 0.198315
vt 0.286371 0.198315
vt 0.276181 0.198315
vt 0.276181 0.099868
vt 0.286371 0.099868
vt 0.249427 0.099868
vt 0.259618 0.099868
vt 0.259618 0.198315
vt 0.249427 0.198315
vt 0.240966 0.198315
vt 0.230776 0.198315
vt 0.230776 0.099868
vt 0.240966 0.099868
vt 0.207957 0.198315
vt 0.197767 0.198315
vt 0.197767 0.099868
vt 0.207957 0.099868
vt 0.164754 0.198315
vt 0.154563 0.198315
vt 0.154563 0.099868
vt 0.164754 0.099868
vt 0.120818 0.198315
vt 0.110629 0.198315
vt 0.110629 0.099868
vt 0.120818 0.099868
vt 0.076877 0.198315
vt 0.066687 0.198315
vt 0.066687 0.099868
vt 0.076877 0.099868
vt 0.032936 0.198315
vt 0.022745 0.198315
vt 0.022745 0.099868
vt 0.032936 0.099868
vt 0.440904 0.670049
vt 0.440904 0.766541
vt 0.433930 0.766541
vt 0.433930 0.670049
vt 0.336117 0.742237
vt 0.328816 0.742237
vt 0.328816 0.734923
vt 0.336117 0.734923
vt 0.348256 0.670049
vt 0.355099 0.670049
vt 0.355100 0.766541
vt 0.348256 0.766541
vt 0.410681 0.670049
vt 0.410681 0.766541
vt 0.403707 0.766541
vt 0.403707 0.670049
vt 0.268785 0.707090
vt 0.289092 0.707090
vt 0.295623 0.713183
vt 0.263380 0.713183
vt 0.189489 0.707413
vt 0.209797 0.707413
vt 0.216329 0.713182
vt 0.184084 0.713182
vt 0.301392 0.713184
vt 0.307924 0.707304
vt 0.328230 0.707304
vt 0.333636 0.713184
vt 0.224241 0.713214
vt 0.230772 0.707224
vt 0.251080 0.707224
vt 0.256486 0.713214
vt 0.380179 0.670049
vt 0.380179 0.766541
vt 0.373205 0.766541
vt 0.373205 0.670049
vt 0.468771 0.766904
vt 0.468770 0.668956
vt 0.565705 0.668956
vt 0.565705 0.766904
vt 0.363650 0.203349
vt 0.363650 0.242514
vt 0.343184 0.242514
vt 0.343184 0.203350
vt 0.128906 0.242514
vt 0.004175 0.242514
vt 0.004175 0.203349
vt 0.128906 0.203349
vt 0.339142 0.242514
vt 0.132760 0.242514
vt 0.132760 0.203349
vt 0.339142 0.203349
vt 0.363650 0.307130
vt 0.343184 0.307130
vt 0.343184 0.267964
vt 0.363650 0.267964
vt 0.129201 0.267975
vt 0.129201 0.307139
vt 0.004470 0.307139
vt 0.004470 0.267975
vt 0.339142 0.267975
vt 0.339142 0.307139
vt 0.133120 0.307139
vt 0.133120 0.267975
vt 0.363650 0.244709
vt 0.363650 0.250274
vt 0.343184 0.250274
vt 0.343184 0.244709
vt 0.129201 0.246456
vt 0.129201 0.252020
vt 0.004469 0.252020
vt 0.004469 0.246456
vt 0.339142 0.246771
vt 0.339142 0.252335
vt 0.133120 0.252335
vt 0.133120 0.246771
vt 0.363650 0.267964
vt 0.343184 0.267964
vt 0.343184 0.262400
vt 0.363650 0.262400
vt 0.363650 0.259221
vt 0.343184 0.259221
vt 0.343184 0.253512
vt 0.363650 0.253512
vt 0.129201 0.262410
vt 0.129201 0.267975
vt 0.004469 0.267975
vt 0.004469 0.262410
vt 0.129201 0.255258
vt 0.129201 0.259231
vt 0.004469 0.259231
vt 0.004469 0.255258
vt 0.339142 0.262410
vt 0.339142 0.267975
vt 0.133120 0.267975
vt 0.133120 0.262410
vt 0.339142 0.255574
vt 0.339142 0.259231
vt 0.133120 0.259231
vt 0.133120 0.255574
vt 0.363975 0.077348
vt 0.363975 0.083937
vt 0.259188 0.083937
vt 0.259188 0.077348
vt 0.615363 0.996117
vt 0.615363 0.986353
vt 0.623047 0.986353
vt 0.623047 0.996117
vt 0.623047 0.773516
vt 0.623047 0.783288
vt 0.615363 0.783288
vt 0.615363 0.773516
vt 0.551441 0.406420
vt 0.672306 0.406420
vt 0.670761 0.413403
vt 0.555961 0.413403
vt 0.875192 0.406420
vt 0.996073 0.406420
vt 0.991550 0.413403
vt 0.876736 0.413403
vt 0.763599 0.064548
vt 0.763599 0.002535
vt 0.767735 0.006736
vt 0.767735 0.060345
vt 0.759951 0.002535
vt 0.759951 0.064548
vt 0.675238 0.035700
vt 0.675238 0.031382
vt 0.591686 0.869187
vt 0.222762 0.869187
vt 0.222762 0.771704
vt 0.591686 0.771704
vt 0.368002 0.996089
vt 0.356581 0.996089
vt 0.366560 0.979587
vt 0.345597 0.996089
vt 0.366560 0.979587
vt 0.377539 0.996089
vt 0.366560 0.979587
vt 0.385083 0.996089
vt 0.335703 0.996089
vt 0.332210 0.979587
vt 0.328716 0.996089
vt 0.012568 0.312628
vt 0.012568 0.736068
vt 0.005334 0.736068
vt 0.005334 0.312628
vt 0.551441 0.037852
vt 0.555962 0.030870
vt 0.670761 0.030870
vt 0.672306 0.037852
vt 0.875192 0.037852
vt 0.876737 0.030870
vt 0.991550 0.030870
vt 0.996073 0.037852
vt 0.780490 0.064363
vt 0.776354 0.060160
vt 0.776354 0.006551
vt 0.780490 0.002350
vt 0.771580 0.222033
vt 0.771580 0.075241
vt 0.776460 0.075241
vt 0.776459 0.222033
vt 0.783972 0.002350
vt 0.868685 0.031197
vt 0.868685 0.035515
vt 0.783972 0.064363
vt 0.012087 0.775131
vt 0.074285 0.670132
vt 0.138673 0.670132
vt 0.200842 0.775131
vt 0.008637 0.869968
vt 0.008637 0.775131
vt 0.204288 0.775131
vt 0.204288 0.869968
vt 0.217561 0.869946
vt 0.596886 0.869946
vt 0.596886 0.997173
vt 0.217561 0.997173
vt 0.615363 0.787172
vt 0.623047 0.787172
vt 0.623047 0.794871
vt 0.615363 0.794871
vt 0.601583 0.970762
vt 0.601583 0.798943
vt 0.610328 0.798943
vt 0.610328 0.970762
vt 0.615363 0.970762
vt 0.615363 0.798943
vt 0.623047 0.798943
vt 0.623047 0.970762
vt 0.615363 0.974683
vt 0.623047 0.974683
vt 0.623047 0.982440
vt 0.615363 0.982440
vt 0.151034 0.997197
vt 0.210135 0.997197
vt 0.151034 0.926183
vt 0.210135 0.869968
vt 0.138373 0.900261
vt 0.107502 0.889187
vt 0.002791 0.869968
vt 0.076631 0.900261
vt 0.063971 0.926183
vt 0.002791 0.997197
vt 0.063971 0.997197
vt 0.210135 0.997197
vt 0.151034 0.997197
vt 0.151034 0.926183
vt 0.210135 0.869968
vt 0.138373 0.900261
vt 0.107502 0.889187
vt 0.002791 0.869968
vt 0.076631 0.900261
vt 0.063971 0.926183
vt 0.002791 0.997197
vt 0.063971 0.997197
vt 0.779864 0.520079
vt 0.854561 0.520079
vt 0.779864 0.507215
vt 0.854561 0.427170
vt 0.779864 0.427170
vt 0.996954 0.535207
vt 0.996954 0.525174
vt 0.959725 0.525174
vt 0.959725 0.535207
vt 0.859873 0.525174
vt 0.859873 0.535207
vt 0.365355 0.435462
vt 0.341066 0.372866
vt 0.365357 0.478275
vt 0.309367 0.456586
vt 0.283897 0.478275
vt 0.897327 0.995939
vt 0.897327 0.934745
vt 0.857287 0.995939
vt 0.885599 0.906929
vt 0.857287 0.895407
vt 0.913178 0.995935
vt 0.952280 0.995874
vt 0.913178 0.934740
vt 0.952152 0.895353
vt 0.924574 0.906908
vt 0.518500 0.331006
vt 0.497247 0.331006
vt 0.497247 0.304637
vt 0.518500 0.304637
vt 0.507845 0.283353
vt 0.516461 0.193166
vt 0.495208 0.193166
vt 0.495208 0.166797
vt 0.516461 0.166797
vt 0.505805 0.145513
vt 0.517065 0.055331
vt 0.495812 0.055331
vt 0.495812 0.028962
vt 0.517065 0.028962
vt 0.506410 0.007678
vt 0.854561 0.520079
vt 0.779864 0.520079
vt 0.779864 0.507215
vt 0.854561 0.427170
vt 0.779864 0.427170
vt 0.854561 0.427170
vt 0.283897 0.478275
vt 0.309367 0.456586
vt 0.365357 0.478275
vt 0.341066 0.372866
vt 0.365355 0.435462
vt 0.996054 0.779346
vt 0.990334 0.785124
vt 0.944419 0.785124
vt 0.944128 0.779346
vt 0.821267 0.785124
vt 0.813564 0.779346
vt 0.802644 0.779346
vt 0.794854 0.785124
vt 0.703604 0.785124
vt 0.703604 0.779346
vt 0.682036 0.785124
vt 0.682036 0.779346
vt 0.682036 0.544844
vt 0.682036 0.539082
vt 0.703604 0.539082
vt 0.703604 0.544844
vt 0.794854 0.539082
vt 0.802645 0.544844
vt 0.813564 0.544844
vt 0.821267 0.539082
vt 0.944419 0.539082
vt 0.944419 0.544844
vt 0.990334 0.539082
vt 0.996054 0.544844
vt 0.897327 0.934745
vt 0.897327 0.995939
vt 0.885599 0.906929
vt 0.857287 0.995939
vt 0.857287 0.895407
vt 0.913178 0.995935
vt 0.913178 0.934740
vt 0.952280 0.995874
vt 0.924574 0.906908
vt 0.952152 0.895353
vt 0.944419 0.785124
vt 0.990334 0.785124
vt 0.996054 0.779346
vt 0.944128 0.779346
vt 0.821267 0.785124
vt 0.813564 0.779346
vt 0.703604 0.785124
vt 0.794854 0.785124
vt 0.802644 0.779346
vt 0.703604 0.779346
vt 0.682036 0.785124
vt 0.682036 0.779346
vt 0.703604 0.539082
vt 0.682036 0.539082
vt 0.682036 0.544844
vt 0.703604 0.544844
vt 0.794854 0.539082
vt 0.802645 0.544844
vt 0.944419 0.539082
vt 0.821267 0.539082
vt 0.813564 0.544844
vt 0.944419 0.544844
vt 0.990334 0.539082
vt 0.996054 0.544844
vt 0.703604 0.775432
vt 0.802644 0.775432
vt 0.802645 0.548857
vt 0.703604 0.548857
vt 0.682036 0.775432
vt 0.682036 0.548857
vt 0.466217 0.304637
vt 0.466217 0.331006
vt 0.444963 0.331006
vt 0.444963 0.304637
vt 0.455590 0.283353
vt 0.464178 0.166797
vt 0.464178 0.193166
vt 0.442924 0.193166
vt 0.442924 0.166797
vt 0.453551 0.145513
vt 0.464782 0.028962
vt 0.464782 0.055331
vt 0.443528 0.055331
vt 0.443528 0.028962
vt 0.454155 0.007678
vt 0.959725 0.525174
vt 0.996954 0.525174
vt 0.996954 0.535207
vt 0.959725 0.535207
vt 0.859873 0.525174
vt 0.859873 0.535207
vt 0.806136 0.661958
vt 0.806136 0.549833
vt 0.810068 0.549833
vt 0.810068 0.661958
vt 0.810068 0.774083
vt 0.806136 0.774083
vt 0.056745 0.082125
vt 0.053925 0.075513
vt 0.033726 0.075513
vt 0.033726 0.082125
vt 0.004104 0.082125
vt 0.006684 0.075513
vt 0.854561 0.535207
vt 0.854561 0.525174
vt 0.779864 0.525174
vt 0.779864 0.535207
vt 0.762208 0.535207
vt 0.762208 0.525174
vt 0.859873 0.427170
vt 0.859873 0.520079
vt 0.959725 0.520079
vt 0.959725 0.427170
vt 0.996954 0.427170
vt 0.996954 0.520079
vt 0.813564 0.548857
vt 0.813564 0.775432
vt 0.944128 0.775432
vt 0.944419 0.548857
vt 0.996054 0.548857
vt 0.996054 0.775432
vt 0.402169 0.049455
vt 0.402762 0.043059
vt 0.339862 0.043178
vt 0.339862 0.049217
vt 0.278566 0.049217
vt 0.278566 0.043178
vt 0.139834 0.478275
vt 0.002064 0.478275
vt 0.002064 0.469929
vt 0.040663 0.437992
vt 0.125512 0.406886
vt 0.089664 0.313666
vt 0.139834 0.423696
vt 0.033726 0.075513
vt 0.053925 0.075513
vt 0.056745 0.082125
vt 0.033726 0.082125
vt 0.004104 0.082125
vt 0.006684 0.075513
vt 0.779864 0.525174
vt 0.854561 0.525174
vt 0.854561 0.535207
vt 0.779864 0.535207
vt 0.762208 0.535207
vt 0.762208 0.525174
vt 0.959725 0.520079
vt 0.859873 0.520079
vt 0.859873 0.427170
vt 0.959725 0.427170
vt 0.996954 0.427170
vt 0.996954 0.520079
vt 0.682036 0.775432
vt 0.682036 0.548857
vt 0.703604 0.548857
vt 0.703604 0.775432
vt 0.802645 0.662145
vt 0.802645 0.548857
vt 0.802644 0.775432
vt 0.996054 0.548857
vt 0.996054 0.775432
vt 0.944128 0.775432
vt 0.944419 0.548857
vt 0.813564 0.662145
vt 0.813564 0.775432
vt 0.813564 0.548857
vt 0.339862 0.043178
vt 0.402762 0.043059
vt 0.402169 0.049455
vt 0.339862 0.049217
vt 0.278566 0.049217
vt 0.278566 0.043178
vt 0.551441 0.402549
vt 0.551441 0.041517
vt 0.672306 0.041517
vt 0.672306 0.402549
vt 0.767641 0.222033
vt 0.767641 0.075241
vt 0.767641 0.368825
vt 0.996073 0.041517
vt 0.996073 0.402549
vt 0.875192 0.402549
vt 0.875192 0.041517
vt 0.779857 0.222033
vt 0.779857 0.368825
vt 0.779857 0.075241
vt 0.242212 0.437992
vt 0.280812 0.469929
vt 0.280812 0.478275
vt 0.206424 0.415726
vt 0.193212 0.313666
vt 0.206424 0.468957
vt 0.179409 0.415726
vt 0.143041 0.478275
vt 0.157363 0.406886
vt 0.179409 0.468957
vt 0.143041 0.423696
vn -0.683325 0.681186 -0.26278100000000004
vn -0.868606 0.365985 -0.334033
vn -0.905638 0.24191999999999997 -0.348274
vn -0 1 -2.0000000000612323E-06
vn -0 1 -2.0000000000612323E-06
vn -0 1 -2.0000000000612323E-06
vn 0 -1 6.123233995736766E-17
vn 0 -1 6.123233995736766E-17
vn 0 -1 6.123233995736766E-17
vn -0.707107 -0.707107 4.329781621023438E-17
vn 0.707105 -0.707109 4.329793867491429E-17
vn 0.707105 -0.707109 4.329793867491429E-17
vn 0.707105 -0.707109 4.329793867491429E-17
vn -0.707107 -0.707107 4.329781621023438E-17
vn -0.707107 -0.707107 4.329781621023438E-17
vn -0.707107 -0.707107 4.329781621023438E-17
vn 0.707104 -0.707109 -9.99999999956702E-07
vn 0.707105 -0.707108 4.329787744257433E-17
vn 0.707105 -0.707108 4.329787744257433E-17
vn -0.707107 -0.707106 4.3297754977894416E-17
vn -0.707107 -0.707107 4.329781621023438E-17
vn -0.707105 -0.707109 4.329793867491429E-17
vn 0.707104 -0.70711 4.3297999907254245E-17
vn 0.707104 -0.70711 4.3297999907254245E-17
vn 0.707104 -0.70711 4.3297999907254245E-17
vn -0.707105 -0.707109 4.329793867491429E-17
vn -0.707105 -0.707109 4.329793867491429E-17
vn -0.707107 -0.707107 4.329781621023438E-17
vn 0.707107 -0.707107 4.329781621023438E-17
vn 0.707107 -0.707107 4.329781621023438E-17
vn 0.707107 -0.707107 4.329781621023438E-17
vn -0.707107 -0.707107 4.329781621023438E-17
vn -0.707107 -0.707107 4.329781621023438E-17
vn -0.707104 -0.707109 4.329793867491429E-17
vn 0.707107 -0.707107 4.329781621023438E-17
vn 0.707107 -0.707106 4.3297754977894416E-17
vn 0.707107 -0.707106 4.3297754977894416E-17
vn -0.707104 -0.70711 4.3297999907254245E-17
vn -0.707104 -0.707109 4.329793867491429E-17
vn -1 9.999999999999997E-07 -3E-06
vn -1 9.999999999999997E-07 -3E-06
vn -1 9.999999999999997E-07 -3E-06
vn -0.185551 0.867346 0.46182499999999993
vn -0.185551 0.867346 0.46182499999999993
vn -0.185551 0.867346 0.46182499999999993
vn -0.185458 -0.867361 0.4618340000000001
vn -0.185458 -0.867361 0.4618340000000001
vn -0.185458 -0.867361 0.4618340000000001
vn -1 2E-06 -2E-06
vn -1 2E-06 -2E-06
vn -1 2E-06 -2E-06
vn -0.185551 0.867345 0.46182599999999996
vn -0.185551 0.867345 0.46182599999999996
vn -0.185551 0.867345 0.46182599999999996
vn -0.185458 -0.867361 0.4618340000000001
vn -0.185458 -0.867361 0.4618340000000001
vn -0.185458 -0.867361 0.4618340000000001
vn -0.862993 9.999999999690644E-07 -0.505216
vn -0.862993 9.999999999690644E-07 -0.505216
vn -0.862993 9.999999999690644E-07 -0.505216
vn -0.859349 0.05141099999999997 -0.508799
vn -0.859349 0.05141099999999997 -0.508799
vn -0.859349 0.05141099999999997 -0.508799
vn 0.859787 0.12593899999999997 -0.494879
vn 0.859787 0.12593899999999997 -0.494879
vn 0.859787 0.12593899999999997 -0.494879
vn 0.860379 -3.120736822097221E-17 -0.509655
vn 0.860379 -3.120736822097221E-17 -0.509655
vn 0.860379 -3.120736822097221E-17 -0.509655
vn 0 -0.999077 0.04295200000000006
vn 0 -0.999077 0.04295200000000006
vn 0 -0.999077 0.04295200000000006
vn 0 -1 6.123233995736766E-17
vn 0 -1 6.123233995736766E-17
vn 0 -1 6.123233995736766E-17
vn 0 1 -6.123233995736766E-17
vn 0 1 -6.123233995736766E-17
vn 0 1 -6.123233995736766E-17
vn 2E-06 -1 6.123233995736766E-17
vn 2E-06 -1 6.123233995736766E-17
vn 2E-06 -1 6.123233995736766E-17
vn 0.707107 -0.707106 4.3297754977894416E-17
vn 0.707107 -0.707106 4.3297754977894416E-17
vn -0.707105 -0.707109 4.329793867491429E-17
vn -0.707105 -0.707109 4.329793867491429E-17
vn -0.707105 -0.707109 4.329793867491429E-17
vn 0.707107 -0.707106 4.3297754977894416E-17
vn 0.707107 -0.707107 4.329781621023438E-17
vn 0.707107 -0.707106 4.3297754977894416E-17
vn -0.707106 -0.707108 4.329787744257433E-17
vn -0.707106 -0.707108 4.329787744257433E-17
vn -0.707105 -0.707108 -9.999999999567022E-07
vn 0.707107 -0.707107 4.329781621023438E-17
vn 0.707105 -0.707108 4.329787744257433E-17
vn 0.707105 -0.707108 4.329787744257433E-17
vn -0.707105 -0.707109 4.329793867491429E-17
vn -0.707105 -0.707109 4.329793867491429E-17
vn -0.707105 -0.707109 4.329793867491429E-17
vn 0.707105 -0.707108 4.329787744257433E-17
vn 0.707107 -0.707107 4.329781621023438E-17
vn 0.707107 -0.707107 4.329781621023438E-17
vn -0.707107 -0.707107 4.329781621023438E-17
vn -0.707107 -0.707107 4.329781621023438E-17
vn -0.707107 -0.707107 4.329781621023438E-17
vn 0.707107 -0.707107 4.329781621023438E-17
vn 0.707105 -0.707109 4.329793867491429E-17
vn 0.707105 -0.707109 4.329793867491429E-17
vn -0.707107 -0.707106 4.3297754977894416E-17
vn -0.707107 -0.707106 4.3297754977894416E-17
vn -0.707107 -0.707107 4.329781621023438E-17
vn 0.707105 -0.707109 4.329793867491429E-17
vn 1 9.999999999999997E-07 -3E-06
vn 1 9.999999999999997E-07 -3E-06
vn 1 9.999999999999997E-07 -3E-06
vn 0.185551 0.867345 0.46182499999999993
vn 0.185551 0.867345 0.46182499999999993
vn 0.185551 0.867345 0.46182499999999993
vn 0.185458 -0.867361 0.4618340000000001
vn 0.185458 -0.867361 0.4618340000000001
vn 0.185458 -0.867361 0.4618340000000001
vn 1 2E-06 -2E-06
vn 1 2E-06 -2E-06
vn 1 2E-06 -2E-06
vn 0.185551 0.867345 0.46182599999999996
vn 0.185551 0.867345 0.46182599999999996
vn 0.185551 0.867345 0.46182599999999996
vn 0.185457 -0.867361 0.4618340000000001
vn 0.185457 -0.867361 0.4618340000000001
vn 0.185457 -0.867361 0.4618340000000001
vn 0.99252 0.005153000000000007 0.121971
vn 0.546568 0.823099 0.15417599999999995
vn 1E-06 0.02236400000000006 0.99975
vn 0.546568 0.823099 0.15417599999999995
vn -0.546568 0.8231 0.15417599999999995
vn 1E-06 0.02236400000000006 0.99975
vn -0.546568 0.8231 0.15417599999999995
vn -0.99252 0.005153000000000007 0.121971
vn 1E-06 0.02236400000000006 0.99975
vn -0.99252 0.005153000000000007 0.121971
vn -0.551013 -0.822294 0.14218400000000006
vn 1E-06 0.02236400000000006 0.99975
vn -0.859349 -0.05141200000000003 -0.508799
vn -0.859349 -0.05141200000000003 -0.508799
vn -0.859349 -0.05141200000000003 -0.508799
vn -0.862993 -3.093555786390146E-17 -0.505216
vn -0.862993 -3.093555786390146E-17 -0.505216
vn -0.862993 -3.093555786390146E-17 -0.505216
vn 0.860379 -3.120736822097221E-17 -0.509655
vn 0.860379 -3.120736822097221E-17 -0.509655
vn 0.860379 -3.120736822097221E-17 -0.509655
vn 0.859787 -0.12594000000000002 -0.494879
vn 0.859787 -0.12594000000000002 -0.494879
vn 0.859787 -0.12594000000000002 -0.494879
vn -0.447218 0.894425 -5.476773566636857E-17
vn 0.707105 0.707108 -1.0000000000432977E-06
vn 0.707105 0.707109 -1.000000000043298E-06
vn -0.894428 0.447212 -2.7383837217014306E-17
vn -0.447218 0.894425 -5.476773566636857E-17
vn 0.35513 0.934787 0.0074479999999999425
vn 0.950009 -0.312178 0.0052700000000000195
vn 0.965496 0.260333 0.006699999999999985
vn 0.965496 0.260333 0.006699999999999985
vn -0.360103 0.932884 0.007237999999999942
vn 0.950009 -0.312178 0.0052700000000000195
vn -0.311862 -0.950114 0.005005000000000058
vn 0.340892 -0.940092 0.004379000000000057
vn 0.340892 -0.940092 0.004379000000000057
vn 0.965496 0.260333 0.006699999999999985
vn -0.311862 -0.950114 0.005005000000000058
vn -0.961112 0.276083 0.006478999999999984
vn -0.947048 -0.32104 0.00580300000000002
vn -0.947048 -0.32104 0.00580300000000002
vn 0.340892 -0.940092 0.004379000000000057
vn -0.658146 -0.706857 0.25922500000000004
vn -0.416419 -0.894269 0.16394600000000006
vn -0.930451 0.0005510000000000224 0.366415
vn -0.93042 -3.9999999999775585E-06 0.366495
vn -0.658146 -0.706857 0.25922500000000004
vn 0.447215 0.894427 -5.4767858131048484E-17
vn 0.894429 0.447209 -2.7383653519994435E-17
vn -0.447214 0.894427 -5.4767858131048484E-17
vn -0.447214 0.894427 -5.4767858131048484E-17
vn -0.894427 0.447214 -2.738395968169422E-17
vn 0.447215 0.894427 -5.4767858131048484E-17
vn 0.894429 0.44721 -2.7383714752334392E-17
vn -0.447213 0.894428 -5.476791936338844E-17
vn -0.447213 0.894428 -5.476791936338844E-17
vn -0.894427 0.447214 -2.738395968169422E-17
vn 0.447214 0.894427 -5.4767858131048484E-17
vn 0.89443 0.447208 -2.7383592287654475E-17
vn -0.447216 0.894426 -5.4767796898708533E-17
vn -0.447216 0.894426 -5.4767796898708533E-17
vn -0.89443 0.447209 -2.7383653519994435E-17
vn 0.447214 0.894427 -5.4767858131048484E-17
vn 0.894427 0.447214 -2.738395968169422E-17
vn -0.447214 0.894427 -5.4767858131048484E-17
vn -0.447214 0.894427 -5.4767858131048484E-17
vn -0.894427 0.447214 -2.738395968169422E-17
vn 0.447213 0.894428 -5.476791936338844E-17
vn 0.894427 0.447214 -2.738395968169422E-17
vn -0.447216 0.894426 -5.4767796898708533E-17
vn -0.447216 0.894426 -5.4767796898708533E-17
vn -0.89443 0.447209 -2.7383653519994435E-17
vn -0.707107 -0.707107 4.329781621023438E-17
vn 0.707109 -0.707105 4.329769374555446E-17
vn 0.707109 -0.707105 4.329769374555446E-17
vn -0.707107 -0.707107 4.329781621023438E-17
vn -0.707107 -0.707107 4.329781621023438E-17
vn 0.707109 -0.707105 4.329769374555446E-17
vn 0.707109 -0.707105 4.329769374555446E-17
vn 0.894425 0.447218 -2.7384204611054052E-17
vn 0.894425 0.447218 -2.7384204611054052E-17
vn 0.447213 0.894428 -5.476791936338844E-17
vn 0.447213 0.894428 -5.476791936338844E-17
vn 0.894425 0.447218 -2.7384204611054052E-17
vn -0.447214 0.894427 -5.4767858131048484E-17
vn -0.447214 0.894427 -5.4767858131048484E-17
vn -0.894427 0.447214 -2.738395968169422E-17
vn -0.707109 -0.707105 4.329769374555446E-17
vn 0.707108 -0.707105 4.329769374555446E-17
vn 0.707108 -0.707105 4.329769374555446E-17
vn -0.707109 -0.707105 4.329769374555446E-17
vn -0.707109 -0.707105 4.329769374555446E-17
vn 0.707108 -0.707105 4.329769374555446E-17
vn 0.707108 -0.707105 4.329769374555446E-17
vn 0.894426 0.447216 -2.7384082146374135E-17
vn 0.894426 0.447216 -2.7384082146374135E-17
vn 0.447213 0.894428 -5.476791936338844E-17
vn 0.447213 0.894428 -5.476791936338844E-17
vn 0.894426 0.447216 -2.7384082146374135E-17
vn -0.447213 0.894428 -5.476791936338844E-17
vn -0.447213 0.894428 -5.476791936338844E-17
vn -0.894425 0.447218 -2.7384204611054052E-17
vn -0.707107 -0.707107 4.329781621023438E-17
vn 0.707109 -0.707105 4.329769374555446E-17
vn 0.707109 -0.707105 4.329769374555446E-17
vn -0.707107 -0.707107 4.329781621023438E-17
vn -0.707107 -0.707107 4.329781621023438E-17
vn 0.707109 -0.707105 4.329769374555446E-17
vn 0.707109 -0.707105 4.329769374555446E-17
vn 0.894425 0.447218 -2.7384204611054052E-17
vn 0.894425 0.447218 -2.7384204611054052E-17
vn 0.447213 0.894428 -5.476791936338844E-17
vn 0.447213 0.894428 -5.476791936338844E-17
vn 0.894425 0.447218 -2.7384204611054052E-17
vn -0.447214 0.894427 -5.4767858131048484E-17
vn -0.447214 0.894427 -5.4767858131048484E-17
vn -0.894427 0.447214 -2.738395968169422E-17
vn -0.707105 -0.707108 4.329787744257433E-17
vn 0.707105 -0.707109 4.329793867491429E-17
vn 0.707105 -0.707109 4.329793867491429E-17
vn -0.707105 -0.707108 4.329787744257433E-17
vn -0.707105 -0.707108 4.329787744257433E-17
vn 0.707105 -0.707109 4.329793867491429E-17
vn 0.707105 -0.707109 4.329793867491429E-17
vn 0.894429 0.44721 -2.7383714752334392E-17
vn 0.894429 0.44721 -2.7383714752334392E-17
vn 0.447215 0.894427 -5.4767858131048484E-17
vn 0.447215 0.894427 -5.4767858131048484E-17
vn 0.894429 0.44721 -2.7383714752334392E-17
vn -0.447214 0.894427 -5.4767858131048484E-17
vn -0.447214 0.894427 -5.4767858131048484E-17
vn -0.894429 0.447211 -2.738377598467435E-17
vn -0.707106 -0.707108 4.329787744257433E-17
vn 0.707107 -0.707107 4.329781621023438E-17
vn 0.707107 -0.707107 4.329781621023438E-17
vn -0.707107 -0.707107 4.329781621023438E-17
vn -0.707106 -0.707108 4.329787744257433E-17
vn 0.707107 -0.707107 4.329781621023438E-17
vn 0.707107 -0.707107 4.329781621023438E-17
vn 0.894427 0.447214 -2.738395968169422E-17
vn 0.894427 0.447214 -2.738395968169422E-17
vn 0.447214 0.894427 -5.4767858131048484E-17
vn 0.447214 0.894427 -5.4767858131048484E-17
vn 0.894427 0.447214 -2.738395968169422E-17
vn -0.447215 0.894427 -5.4767858131048484E-17
vn -0.447215 0.894427 -5.4767858131048484E-17
vn -0.894428 0.447212 -2.7383837217014306E-17
vn 0.707105 0.707109 -1.000000000043298E-06
vn 0.707105 0.707108 -1.0000000000432977E-06
vn 0.894427 -0.447214 -9.99999999972616E-07
vn 0.894427 -0.447214 -9.99999999972616E-07
vn 0.447215 -0.894426 5.4767796898708533E-17
vn 0.447215 -0.894426 5.4767796898708533E-17
vn 0.894427 -0.447214 -9.99999999972616E-07
vn -0.707106 -0.707108 4.329787744257433E-17
vn -0.707106 -0.707108 4.329787744257433E-17
vn -0.707105 -0.707108 1.0000000000432977E-06
vn 0 -0.707107 0.707107
vn 0 -1 6.123233995736766E-17
vn 0 -1 6.123233995736766E-17
vn 0 -0.707107 0.707107
vn 0 -0.707107 0.707107
vn 0.44721 0.894429 -5.47679805957284E-17
vn 0.894427 0.447214 -1.000000000027384E-06
vn -0.707108 0.707105 -4.329769374555446E-17
vn -0.707108 0.707105 -4.329769374555446E-17
vn -0.707108 0.707105 -4.329769374555446E-17
vn -0 0.707107 0.707107
vn -0 1 -6.123233995736766E-17
vn -0 1 -6.123233995736766E-17
vn -0 0.707107 0.707107
vn -0 0.707107 0.707107
vn 0.894427 0.447214 -1.000000000027384E-06
vn 0.44721 0.894429 -5.47679805957284E-17
vn 0.894427 -0.447213 2.7383898449354267E-17
vn 0.894427 -0.447213 2.7383898449354267E-17
vn 0.447216 -0.894426 5.4767796898708533E-17
vn 0.447216 -0.894426 5.4767796898708533E-17
vn 0.894427 -0.447213 2.7383898449354267E-17
vn -0.707105 -0.707108 1.0000000000432977E-06
vn -0.707105 -0.707108 1.0000000000432977E-06
vn -0.707105 -0.707108 1.0000000000432977E-06
vn 0.894427 0.447214 -2.738395968169422E-17
vn 0.447214 0.894427 -5.4767858131048484E-17
vn 0.894427 -0.447214 2.738395968169422E-17
vn 0.894427 -0.447214 2.738395968169422E-17
vn 0.447214 -0.894427 5.4767858131048484E-17
vn 0.447214 0.894427 -5.4767858131048484E-17
vn 0.894427 0.447214 -2.738395968169422E-17
vn -0.7071 0.707114 -4.329824483661408E-17
vn -0.7071 0.707114 -4.329824483661408E-17
vn -0.707101 0.707113 -4.3298183604274116E-17
vn 0.447214 -0.894427 5.4767858131048484E-17
vn 0.894427 -0.447214 2.738395968169422E-17
vn -0.707114 -0.7071 4.329738758385467E-17
vn -0.707114 -0.7071 4.329738758385467E-17
vn -0.707114 -0.707099 4.3297326351514716E-17
vn 0.447217 0.894426 -5.4767796898708533E-17
vn 0.894428 0.447212 -2.7383837217014306E-17
vn -0.707105 0.707108 -1.0000000000432977E-06
vn -0.707106 0.707107 -4.329781621023438E-17
vn 0.447217 0.894426 -5.4767796898708533E-17
vn -0.355128 0.934788 0.0074479999999999425
vn 0.360105 0.932884 0.007237999999999942
vn -0.965496 0.260334 0.006699999999999985
vn -0.965496 0.260334 0.006699999999999985
vn -0.950009 -0.312177 0.0052700000000000195
vn -0.950009 -0.312177 0.0052700000000000195
vn -0.965496 0.260334 0.006699999999999985
vn -0.340891 -0.940093 0.004379000000000057
vn -0.340891 -0.940093 0.004379000000000057
vn 0.311862 -0.950114 0.005005000000000058
vn 0.311862 -0.950114 0.005005000000000058
vn -0.340891 -0.940093 0.004379000000000057
vn 0.947048 -0.321039 0.00580300000000002
vn 0.947048 -0.321039 0.00580300000000002
vn 0.961113 0.276081 0.006478999999999984
vn 0.658146 -0.706856 0.25922600000000007
vn 0.93042 -5.999999999977559E-06 0.366495
vn 0.930451 0.0005500000000000225 0.366415
vn 0.41642 -0.894268 0.16394700000000006
vn 0.658146 -0.706856 0.25922600000000007
vn -0.447214 0.894427 -5.4767858131048484E-17
vn 0.894427 0.447214 -2.738395968169422E-17
vn 0.447214 0.894427 -5.4767858131048484E-17
vn 0.447214 0.894427 -5.4767858131048484E-17
vn -0.894429 0.447211 -2.738377598467435E-17
vn -0.447215 0.894427 -5.4767858131048484E-17
vn 0.894427 0.447214 -2.738395968169422E-17
vn 0.447213 0.894428 -5.476791936338844E-17
vn 0.447213 0.894428 -5.476791936338844E-17
vn -0.894428 0.447211 -2.738377598467435E-17
vn -0.447214 0.894427 -5.4767858131048484E-17
vn 0.894429 0.44721 -2.7383714752334392E-17
vn 0.447215 0.894426 -5.4767796898708533E-17
vn 0.447215 0.894426 -5.4767796898708533E-17
vn -0.894429 0.447209 -2.7383653519994435E-17
vn -0.447214 0.894427 -5.4767858131048484E-17
vn 0.894427 0.447214 -2.738395968169422E-17
vn 0.447214 0.894427 -5.4767858131048484E-17
vn 0.447214 0.894427 -5.4767858131048484E-17
vn -0.894427 0.447214 -2.738395968169422E-17
vn -0.447213 0.894428 -5.476791936338844E-17
vn 0.894429 0.44721 -2.7383714752334392E-17
vn 0.447215 0.894426 -5.4767796898708533E-17
vn 0.447215 0.894426 -5.4767796898708533E-17
vn -0.894427 0.447214 -2.738395968169422E-17
vn 0.707107 -0.707107 4.329781621023438E-17
vn 0.707107 -0.707107 4.329781621023438E-17
vn -0.707108 -0.707105 4.329769374555446E-17
vn -0.707108 -0.707105 4.329769374555446E-17
vn 0.707107 -0.707107 4.329781621023438E-17
vn -0.707108 -0.707105 4.329769374555446E-17
vn -0.447213 0.894428 -5.476791936338844E-17
vn -0.894426 0.447216 -2.7384082146374135E-17
vn -0.894426 0.447216 -2.7384082146374135E-17
vn -0.707108 -0.707105 4.329769374555446E-17
vn -0.447213 0.894428 -5.476791936338844E-17
vn 0.894427 0.447214 -2.738395968169422E-17
vn 0.447214 0.894427 -5.4767858131048484E-17
vn 0.447214 0.894427 -5.4767858131048484E-17
vn -0.894426 0.447216 -2.7384082146374135E-17
vn 0.707109 -0.707105 4.329769374555446E-17
vn 0.707109 -0.707105 4.329769374555446E-17
vn -0.707109 -0.707105 4.329769374555446E-17
vn -0.707109 -0.707105 4.329769374555446E-17
vn 0.707109 -0.707105 4.329769374555446E-17
vn -0.707109 -0.707105 4.329769374555446E-17
vn -0.447213 0.894428 -5.476791936338844E-17
vn -0.894425 0.447218 -2.7384204611054052E-17
vn -0.894425 0.447218 -2.7384204611054052E-17
vn -0.707109 -0.707105 4.329769374555446E-17
vn -0.447213 0.894428 -5.476791936338844E-17
vn 0.894425 0.447218 -2.7384204611054052E-17
vn 0.447213 0.894428 -5.476791936338844E-17
vn 0.447213 0.894428 -5.476791936338844E-17
vn -0.894425 0.447218 -2.7384204611054052E-17
vn 0.707107 -0.707107 4.329781621023438E-17
vn 0.707107 -0.707107 4.329781621023438E-17
vn -0.707108 -0.707105 4.329769374555446E-17
vn -0.707108 -0.707105 4.329769374555446E-17
vn 0.707107 -0.707107 4.329781621023438E-17
vn -0.707108 -0.707105 4.329769374555446E-17
vn -0.447213 0.894428 -5.476791936338844E-17
vn -0.894426 0.447216 -2.7384082146374135E-17
vn -0.894426 0.447216 -2.7384082146374135E-17
vn -0.707108 -0.707105 4.329769374555446E-17
vn -0.447213 0.894428 -5.476791936338844E-17
vn 0.894427 0.447214 -2.738395968169422E-17
vn 0.447214 0.894427 -5.4767858131048484E-17
vn 0.447214 0.894427 -5.4767858131048484E-17
vn -0.894426 0.447216 -2.7384082146374135E-17
vn 0.707104 -0.707109 4.329793867491429E-17
vn 0.707104 -0.707109 4.329793867491429E-17
vn -0.707105 -0.707109 4.329793867491429E-17
vn -0.707105 -0.707109 4.329793867491429E-17
vn 0.707104 -0.707109 4.329793867491429E-17
vn -0.707105 -0.707109 4.329793867491429E-17
vn -0.447215 0.894427 -5.4767858131048484E-17
vn -0.894429 0.44721 -2.7383714752334392E-17
vn -0.894429 0.44721 -2.7383714752334392E-17
vn -0.707105 -0.707109 4.329793867491429E-17
vn -0.447215 0.894427 -5.4767858131048484E-17
vn 0.89443 0.447209 -2.7383653519994435E-17
vn 0.447215 0.894427 -5.4767858131048484E-17
vn 0.447215 0.894427 -5.4767858131048484E-17
vn -0.894429 0.44721 -2.7383714752334392E-17
vn 0.707106 -0.707108 4.329787744257433E-17
vn 0.707107 -0.707107 4.329781621023438E-17
vn -0.707107 -0.707107 4.329781621023438E-17
vn -0.707107 -0.707107 4.329781621023438E-17
vn 0.707106 -0.707108 4.329787744257433E-17
vn -0.707107 -0.707107 4.329781621023438E-17
vn -0.447213 0.894427 -5.4767858131048484E-17
vn -0.894427 0.447214 -2.738395968169422E-17
vn -0.894427 0.447214 -2.738395968169422E-17
vn -0.707107 -0.707107 4.329781621023438E-17
vn -0.447213 0.894427 -5.4767858131048484E-17
vn 0.894428 0.447212 -2.7383837217014306E-17
vn 0.447215 0.894427 -5.4767858131048484E-17
vn 0.447215 0.894427 -5.4767858131048484E-17
vn -0.894427 0.447214 -2.738395968169422E-17
vn -0.707105 0.707108 -1.0000000000432977E-06
vn -0.447215 -0.894426 5.4767796898708533E-17
vn -0.894427 -0.447214 2.738395968169422E-17
vn -0.894427 -0.447214 2.738395968169422E-17
vn -0.707106 0.707107 -4.329781621023438E-17
vn -0.447215 -0.894426 5.4767796898708533E-17
vn 0.707105 -0.707108 1.0000000000432977E-06
vn 0.707106 -0.707108 4.329787744257433E-17
vn 0.707106 -0.707108 4.329787744257433E-17
vn -0.894427 -0.447214 2.738395968169422E-17
vn -0 -0.707107 0.707107
vn -0 -0.707107 0.707107
vn 0 -1 6.123233995736766E-17
vn 0 -1 6.123233995736766E-17
vn -0 -0.707107 0.707107
vn -0.447213 0.894428 -5.476791936338844E-17
vn 0.707107 0.707106 -4.3297754977894416E-17
vn 0.707107 0.707106 -4.3297754977894416E-17
vn 0.707107 0.707106 -4.3297754977894416E-17
vn -0.894427 0.447214 -2.738395968169422E-17
vn 0 0.707107 0.707107
vn 0 0.707107 0.707107
vn 0 1 -6.123233995736766E-17
vn 0 1 -6.123233995736766E-17
vn 0 0.707107 0.707107
vn -0.894427 0.447214 -2.738395968169422E-17
vn -0.447217 -0.894425 5.476773566636857E-17
vn -0.894428 -0.447213 2.7383898449354267E-17
vn -0.894428 -0.447213 2.7383898449354267E-17
vn -0.447213 0.894428 -5.476791936338844E-17
vn -0.447217 -0.894425 5.476773566636857E-17
vn 0.707105 -0.707108 1.0000000000432977E-06
vn 0.707105 -0.707109 1.000000000043298E-06
vn 0.707105 -0.707109 1.000000000043298E-06
vn -0.894428 -0.447213 2.7383898449354267E-17
vn -0.894427 0.447214 -1.000000000027384E-06
vn -0.447214 -0.894427 5.4767858131048484E-17
vn -0.894427 -0.447214 -9.99999999972616E-07
vn -0.894427 -0.447214 -9.99999999972616E-07
vn -0.447214 0.894427 -5.4767858131048484E-17
vn -0.447214 0.894427 -5.4767858131048484E-17
vn 0.707103 0.707111 -4.329806113959421E-17
vn 0.707101 0.707112 -4.329812237193416E-17
vn 0.707101 0.707112 -4.329812237193416E-17
vn -0.894427 0.447214 -1.000000000027384E-06
vn -0.447214 -0.894427 5.4767858131048484E-17
vn 0.707114 -0.7071 4.329738758385467E-17
vn 0.707112 -0.707101 4.329744881619463E-17
vn 0.707112 -0.707101 4.329744881619463E-17
vn -0.894427 -0.447214 -9.99999999972616E-07
vn -0.551013 -0.822294 0.14218400000000006
vn 0.551013 -0.822294 0.14218400000000006
vn 1E-06 0.02236400000000006 0.99975
vn 0.551013 -0.822294 0.14218400000000006
vn 0.99252 0.005153000000000007 0.121971
vn -1 -7E-06 4.286263797015736E-22
vn -1 -6E-06 1.0000000000000004E-06
vn -1 -7E-06 4.286263797015736E-22
vn -1 -7E-06 4.286263797015736E-22
vn 0 6.123233995736766E-17 1
vn 0 6.123233995736766E-17 1
vn 0 6.123233995736766E-17 1
vn 0 6.123233995736766E-17 1
vn 1 6E-06 -2.0000000000000003E-06
vn 1 5E-06 -1.0000000000000002E-06
vn 1 6E-06 -2.0000000000000003E-06
vn 1 6E-06 -2.0000000000000003E-06
vn -0 1 -6.123233995736766E-17
vn -1E-06 1 -6.123233995736766E-17
vn -0 1 -6.123233995736766E-17
vn 0 1 9.999999999387675E-07
vn 1 -0 0
vn 1 -0 0
vn 1 -0 0
vn 1 -0 0
vn 0 -1 6.123233995736766E-17
vn 0 -1 6.123233995736766E-17
vn 0 -1 6.123233995736766E-17
vn 0 -1 6.123233995736766E-17
vn -1 0 0
vn -1 0 0
vn -1 0 0
vn -1 0 0
vn 1 -0 0
vn 1 0 -0
vn 1 -0 0
vn 1 -0 0
vn 0 1 -6.123233995736766E-17
vn 0 1 -6.123233995736766E-17
vn 0 1 -6.123233995736766E-17
vn 0 1 -6.123233995736766E-17
vn -1 0 0
vn -1 0 0
vn -1 0 0
vn -1 0 0
vn 0 0.06568300000000006 0.997841
vn 0 0.06568300000000006 0.997841
vn 0 0.06568300000000006 0.997841
vn 0 0.06568300000000006 0.997841
vn 0 6.123233995736766E-17 1
vn -0 6.123233995736766E-17 1
vn 0 6.123233995736766E-17 1
vn 0 6.123233995736766E-17 1
vn -0.961112 0.276083 0.006478999999999984
vn 0.35513 0.934787 0.0074479999999999425
vn -0.360103 0.932884 0.007237999999999942
vn -0.947048 -0.32104 0.00580300000000002
vn -0.760668 -2.000000000039748E-06 -0.649141
vn -0.760668 -2.000000000039748E-06 -0.649141
vn -0.760668 -2.000000000039748E-06 -0.649141
vn -0.760668 -2.000000000039748E-06 -0.649141
vn 0 6.123233995736766E-17 1
vn 0 6.123233995736766E-17 1
vn 0 6.123233995736766E-17 1
vn 0 6.123233995736766E-17 1
vn 0 -1 6.123233995736766E-17
vn 0 -1 6.123233995736766E-17
vn 0 -1 6.123233995736766E-17
vn 0 -1 6.123233995736766E-17
vn -1 0 0
vn -1 0 0
vn -1 0 0
vn -1 0 0
vn -1 0 0
vn -1 0 0
vn -1 0 0
vn -1 0 0
vn 0.053535 6.114453278186879E-17 0.998566
vn 0.053534 6.114453278186879E-17 0.998566
vn 0.053535 6.114453278186879E-17 0.998566
vn 0.053536 6.114453278186879E-17 0.998566
vn 0 -1 6.123233995736766E-17
vn 0 -1 6.123233995736766E-17
vn 0 -1 6.123233995736766E-17
vn 0 -1 6.123233995736766E-17
vn -1 0 -0
vn -1 0 -0
vn -1 0 -0
vn -1 0 0
vn -0 1 -3.0000000000612325E-06
vn -0 1 -6.123233995736766E-17
vn -0 1 -3.0000000000612325E-06
vn -0 1 -5.000000000061232E-06
vn -0.000182 -1 6.123233995736766E-17
vn -0.000182 -1 6.123233995736766E-17
vn -0.000182 -1 6.123233995736766E-17
vn -0.000182 -1 6.123233995736766E-17
vn 0.000165 -1 -0.00010799999999993877
vn 0.00021 -1 -0.00013499999999993877
vn 0.000165 -1 -0.00010799999999993877
vn 0.000165 -1 -0.00010799999999993877
vn -1 -3.6739403974420595E-21 -6E-05
vn -1 -2.0000000000000033E-06 -5.7E-05
vn -1 -3.6739403974420595E-21 -6E-05
vn -1 -3.6739403974420595E-21 -6E-05
vn -0.000174 -1 -8.999999999938768E-06
vn -0.000185 -1 -9.999999999938769E-06
vn -0.000174 -1 -8.999999999938768E-06
vn -0.000174 -1 -8.999999999938768E-06
vn -8.1E-05 -1 -0.00012899999999993876
vn -8.3E-05 -1 -0.00013299999999993878
vn -8.1E-05 -1 -0.00012899999999993876
vn -8.1E-05 -1 -0.00012899999999993876
vn 1 -4E-06 5E-06
vn 1 -6.999999999999999E-06 1.3E-05
vn 1 -4E-06 5E-06
vn 1 -2.4492935982947065E-22 -4E-06
vn 0 -0.596506 0.802609
vn 0 -0.596506 0.802609
vn 0 -0.596506 0.802609
vn 0 -0.596506 0.802609
vn -1 0 0
vn -1 0 0
vn -1 0 0
vn -1 0 0
vn -1 0 0
vn -1 0 0
vn -1 0 0
vn -1 0 0
vn 0 1 -6.123233995736766E-17
vn 0 1 -6.123233995736766E-17
vn 0 1 -6.123233995736766E-17
vn -0 1 -6.123233995736766E-17
vn -1 -2E-06 1.2246467991473532E-22
vn -1 -2E-06 1.2246467991473532E-22
vn -1 -2E-06 1.2246467991473532E-22
vn -1 -2E-06 1.2246467991473532E-22
vn 1 -2E-06 1.2246467991473532E-22
vn 1 -2E-06 1.2246467991473532E-22
vn 1 -2E-06 1.2246467991473532E-22
vn 1 -2E-06 1.2246467991473532E-22
vn 1 -5E-06 3.061616997868383E-22
vn 1 -5E-06 3.061616997868383E-22
vn 1 -5E-06 3.061616997868383E-22
vn 1 -5E-06 3.061616997868383E-22
vn 0 6.123233995736766E-17 1
vn 0 6.123233995736766E-17 1
vn 0 6.123233995736766E-17 1
vn 0 6.123233995736766E-17 1
vn -1 1.6E-05 -9.797174393178826E-22
vn -1 1.6E-05 -9.797174393178826E-22
vn -1 1.6E-05 -9.797174393178826E-22
vn -1 1.6E-05 -9.797174393178826E-22
vn 0.707105 -0.707109 4.329793867491429E-17
vn 0.707105 -0.707109 4.329793867491429E-17
vn 0.894429 0.447209 -2.7383653519994435E-17
vn 0.447215 0.894427 -5.4767858131048484E-17
vn -0.707107 -0.707107 4.329781621023438E-17
vn -0.707107 -0.707107 4.329781621023438E-17
vn -0.894427 0.447214 -2.738395968169422E-17
vn -0.447214 0.894427 -5.4767858131048484E-17
vn 0.707105 -0.707108 4.329787744257433E-17
vn 0.707104 -0.707109 -9.99999999956702E-07
vn 0.894429 0.44721 -2.7383714752334392E-17
vn 0.447215 0.894427 -5.4767858131048484E-17
vn -0.707107 -0.707107 4.329781621023438E-17
vn -0.707107 -0.707106 4.3297754977894416E-17
vn -0.894427 0.447214 -2.738395968169422E-17
vn -0.447213 0.894428 -5.476791936338844E-17
vn 0.707104 -0.70711 4.3297999907254245E-17
vn 0.707104 -0.70711 4.3297999907254245E-17
vn 0.89443 0.447208 -2.7383592287654475E-17
vn 0.447214 0.894427 -5.4767858131048484E-17
vn -0.707105 -0.707109 4.329793867491429E-17
vn -0.707105 -0.707109 4.329793867491429E-17
vn -0.89443 0.447209 -2.7383653519994435E-17
vn -0.447216 0.894426 -5.4767796898708533E-17
vn 0.707107 -0.707107 4.329781621023438E-17
vn 0.707107 -0.707107 4.329781621023438E-17
vn 0.894427 0.447214 -2.738395968169422E-17
vn 0.447214 0.894427 -5.4767858131048484E-17
vn -0.707107 -0.707107 4.329781621023438E-17
vn -0.707107 -0.707107 4.329781621023438E-17
vn -0.894427 0.447214 -2.738395968169422E-17
vn -0.447214 0.894427 -5.4767858131048484E-17
vn 0.707107 -0.707106 4.3297754977894416E-17
vn 0.707107 -0.707107 4.329781621023438E-17
vn 0.894427 0.447214 -2.738395968169422E-17
vn 0.447213 0.894428 -5.476791936338844E-17
vn -0.707104 -0.707109 4.329793867491429E-17
vn -0.707104 -0.70711 4.3297999907254245E-17
vn -0.89443 0.447209 -2.7383653519994435E-17
vn -0.447216 0.894426 -5.4767796898708533E-17
vn -0.707107 -0.707107 4.329781621023438E-17
vn -0.707107 -0.707107 4.329781621023438E-17
vn -0.894427 0.447214 -2.738395968169422E-17
vn -0.447214 0.894427 -5.4767858131048484E-17
vn -0.707109 -0.707105 4.329769374555446E-17
vn -0.707109 -0.707105 4.329769374555446E-17
vn -0.894425 0.447218 -2.7384204611054052E-17
vn -0.447213 0.894428 -5.476791936338844E-17
vn -0.707107 -0.707107 4.329781621023438E-17
vn -0.707107 -0.707107 4.329781621023438E-17
vn -0.894427 0.447214 -2.738395968169422E-17
vn -0.447214 0.894427 -5.4767858131048484E-17
vn -0.707105 -0.707108 4.329787744257433E-17
vn -0.707105 -0.707108 4.329787744257433E-17
vn -0.894429 0.447211 -2.738377598467435E-17
vn -0.447214 0.894427 -5.4767858131048484E-17
vn -0.707106 -0.707108 4.329787744257433E-17
vn -0.707107 -0.707107 4.329781621023438E-17
vn -0.894428 0.447212 -2.7383837217014306E-17
vn -0.447215 0.894427 -5.4767858131048484E-17
vn -0.707106 -0.707108 4.329787744257433E-17
vn -0.447218 0.894425 -5.476773566636857E-17
vn -0.894428 0.447212 -2.7383837217014306E-17
vn -0.707105 -0.707108 1.0000000000432977E-06
vn -1 4E-06 -4E-06
vn -1 -4.898587196589413E-22 -8E-06
vn -1 4E-06 -4E-06
vn -1 9E-06 -5.51091059616309E-22
vn 0 -0.707107 0.707107
vn 0 -0.707107 0.707107
vn -0 0.707107 0.707107
vn -0 0.707107 0.707107
vn -0.707105 -0.707108 1.0000000000432977E-06
vn -0.707108 0.707105 -4.329769374555446E-17
vn -0.707108 0.707105 -4.329769374555446E-17
vn -0.707105 -0.707108 1.0000000000432977E-06
vn -2E-06 -1 2.0000000000612323E-06
vn 1E-06 -1 4.000000000061232E-06
vn -2E-06 -1 2.0000000000612323E-06
vn -6E-06 -1 6.123233995736766E-17
vn 0 -1 6.123233995736766E-17
vn 0 -1 6.123233995736766E-17
vn 0 -1 6.123233995736766E-17
vn 1E-06 -1 6.123233995736766E-17
vn 1E-06 -1 -9.999999999387675E-07
vn 0 -1 6.123233995736766E-17
vn 1E-06 -1 -9.999999999387675E-07
vn 1E-06 -1 -9.999999999387675E-07
vn 2E-06 -1 6.123233995736766E-17
vn 1E-06 -1 1.0000000000612324E-06
vn 2E-06 -1 6.123233995736766E-17
vn 3E-06 -1 6.123233995736766E-17
vn -0.707114 -0.7071 4.329738758385467E-17
vn -0.707101 0.707113 -4.3298183604274116E-17
vn -0.7071 0.707114 -4.329824483661408E-17
vn -0.707114 -0.707099 4.3297326351514716E-17
vn 1E-06 1 -6.123233995736766E-17
vn 1E-06 1 -6.123233995736766E-17
vn 1E-06 1 -6.123233995736766E-17
vn 1E-06 1 -6.123233995736766E-17
vn 0 -1 -9.999999999387675E-07
vn 0 -1 6.123233995736766E-17
vn 0 -1 -9.999999999387675E-07
vn 0 -1 -9.999999999387675E-07
vn 1 0 0
vn 1 0 0
vn 1 0 0
vn 1 0 0
vn -2E-06 -1 6.123233995736766E-17
vn -2E-06 -1 6.123233995736766E-17
vn -2E-06 -1 6.123233995736766E-17
vn -2E-06 -1 6.123233995736766E-17
vn -0 1 -6.123233995736766E-17
vn -0 1 -6.123233995736766E-17
vn -0 1 -6.123233995736766E-17
vn -0 1 -6.123233995736766E-17
vn -1 0 0
vn -1 0 0
vn -1 0 0
vn -1 0 0
vn -1E-06 1 -6.123233995736766E-17
vn -1E-06 1 -6.123233995736766E-17
vn -1E-06 1 -6.123233995736766E-17
vn -1E-06 1 -6.123233995736766E-17
vn 0 -1 6.123233995736766E-17
vn 0 -1 6.123233995736766E-17
vn 0 -1 6.123233995736766E-17
vn 0 -1 6.123233995736766E-17
vn 1 0 0
vn 1 0 0
vn 1 0 0
vn 1 0 0
vn -1E-06 -1 6.123233995736766E-17
vn -1E-06 -1 6.123233995736766E-17
vn -1E-06 -1 6.123233995736766E-17
vn -1E-06 -1 6.123233995736766E-17
vn 0 6.123233995736766E-17 1
vn 0 6.123233995736766E-17 1
vn 0 6.123233995736766E-17 1
vn 0 6.123233995736766E-17 1
vn 0 1 -6.123233995736766E-17
vn 0 1 -6.123233995736766E-17
vn 0 1 -6.123233995736766E-17
vn 0 1 -6.123233995736766E-17
vn 0 6.123233995736766E-17 1
vn 0 6.123233995736766E-17 1
vn 0 6.123233995736766E-17 1
vn 0 6.123233995736766E-17 1
vn -1 0 0
vn -1 0 0
vn -1 0 0
vn -1 0 0
vn 0 6.123233995736766E-17 1
vn 0 6.123233995736766E-17 1
vn 0 6.123233995736766E-17 1
vn 0 6.123233995736766E-17 1
vn -0.000174 -1 -4.999999999938768E-06
vn -0.000178 -1 -4.999999999938768E-06
vn -0.000174 -1 -4.999999999938768E-06
vn -0.000174 -1 -4.999999999938768E-06
vn -1 0 0
vn -1 0 0
vn -1 0 0
vn -1 0 0
vn 0 -1 6.123233995736766E-17
vn 0 -1 6.123233995736766E-17
vn 0 -1 6.123233995736766E-17
vn 0 -1 6.123233995736766E-17
vn 0 -1 6.123233995736766E-17
vn 0 -1 6.123233995736766E-17
vn 0 -1 6.123233995736766E-17
vn 0 -1 6.123233995736766E-17
vn 0 -1 6.123233995736766E-17
vn 0 -1 6.123233995736766E-17
vn 0 -1 6.123233995736766E-17
vn 0 -1 6.123233995736766E-17
vn 1 0 -0
vn 1 0 -0
vn 1 0 -0
vn 1 0 0
vn -0 1 -6.123233995736766E-17
vn -0 1 -6.123233995736766E-17
vn -0 1 -6.123233995736766E-17
vn 0 1 -6.123233995736766E-17
vn 0 1 -6.123233995736766E-17
vn 0 1 -6.123233995736766E-17
vn 0 1 -6.123233995736766E-17
vn 0 1 -6.123233995736766E-17
vn 0 1 -6.123233995736766E-17
vn 0 1 -6.123233995736766E-17
vn 0 1 -6.123233995736766E-17
vn 0 1 -6.123233995736766E-17
vn 1 -4.286263797015736E-22 -7E-06
vn 1 -1.0000000000000004E-06 -6E-06
vn 1 -4.286263797015736E-22 -7E-06
vn 1 -4.286263797015736E-22 -7E-06
vn -0 -1.9999999999387675E-06 1
vn 0 6.123233995736766E-17 1
vn -0 -1.9999999999387675E-06 1
vn -0 -3.999999999938768E-06 1
vn -0 -1 6.123233995736766E-17
vn -0 -1 6.123233995736766E-17
vn -0 -1 6.123233995736766E-17
vn -0 -1 6.123233995736766E-17
vn -1 -6.123233995736766E-23 -1E-06
vn -1 -6.123233995736766E-23 -1E-06
vn -1 -6.123233995736766E-23 -1E-06
vn -1 1E-06 -6.123233995736766E-23
vn -1 0 0
vn -1 0 0
vn -1 0 0
vn -1 0 0
vn -2E-06 6.123233995736766E-17 1
vn -2E-06 6.123233995736766E-17 1
vn -2E-06 6.123233995736766E-17 1
vn -2E-06 6.123233995736766E-17 1
vn -1 -0 0
vn -1 0 -0
vn -1 -0 0
vn -1 0 0
vn 0 1 -6.123233995736766E-17
vn 0 1 -6.123233995736766E-17
vn 0 1 -6.123233995736766E-17
vn 0 1 -6.123233995736766E-17
vn -0 -1 6.123233995736766E-17
vn -0 -1 6.123233995736766E-17
vn -0 -1 6.123233995736766E-17
vn -0 -1 6.123233995736766E-17
vn 0 -1 6.123233995736766E-17
vn 0 -1 6.123233995736766E-17
vn 0 -1 6.123233995736766E-17
vn 0 -1 6.123233995736766E-17
vn 0 -0.32287299999999997 0.946442
vn 0 -0.32287299999999997 0.946442
vn 0 -0.32287299999999997 0.946442
vn -0 -0.32287299999999997 0.946442
vn -0 0.899241 0.4374529999999999
vn -1E-06 0.899241 0.4374529999999999
vn -0 0.899241 0.4374529999999999
vn -0 0.899241 0.4374529999999999
vn 0 -0.899241 0.43745300000000004
vn 1E-06 -0.899241 0.43745300000000004
vn 0 -0.899241 0.43745300000000004
vn 0 -0.899241 0.43745300000000004
vn 0 1 -6.123233995736766E-17
vn 0 1 -6.123233995736766E-17
vn 0 1 -6.123233995736766E-17
vn 0 1 -6.123233995736766E-17
vn 1E-06 -1 6.123233995736766E-17
vn 1E-06 -1 6.123233995736766E-17
vn 1E-06 -1 6.123233995736766E-17
vn 1E-06 -1 6.123233995736766E-17
vn -0.001112 0.999999 0.00011299999999993877
vn -0.000936 1 0.00017399999999993877
vn -0.001112 0.999999 0.00011299999999993877
vn -0.001112 0.999999 0.00011299999999993877
vn 1 -6.123233995736766E-23 -1E-06
vn 1 -6.123233995736766E-23 -1E-06
vn 1 -6.123233995736766E-23 -1E-06
vn 1 -6.123233995736766E-23 -1E-06
vn 0.001147 -0.999999 -0.00013499999999993877
vn 0.000937 -1 -0.00020699999999993876
vn 0.001147 -0.999999 -0.00013499999999993877
vn 0.001147 -0.999999 -0.00013499999999993877
vn -1 6.123233995736766E-23 1E-06
vn -1 6.123233995736766E-23 1E-06
vn -1 6.123233995736766E-23 1E-06
vn -1 6.123233995736766E-23 1E-06
vn 0 -0.899241 0.43745300000000004
vn 0 -0.899241 0.43745400000000007
vn 0 -0.899241 0.43745300000000004
vn 0 -0.899241 0.43745300000000004
vn 0 0.899241 0.4374529999999999
vn -0 0.899241 0.4374529999999999
vn 0 0.899241 0.4374529999999999
vn 0 0.899241 0.4374529999999999
vn 0 -1 6.123233995736766E-17
vn 0 -1 6.123233995736766E-17
vn 0 -1 6.123233995736766E-17
vn 0 -1 6.123233995736766E-17
vn 0 1 -6.123233995736766E-17
vn 0 1 -6.123233995736766E-17
vn 0 1 -6.123233995736766E-17
vn 0 1 -6.123233995736766E-17
vn 0.001091 -0.999999 9.900000000006122E-05
vn 0.000937 -1 0.00014300000000006124
vn 0.001091 -0.999999 9.900000000006122E-05
vn 0.001091 -0.999999 9.900000000006122E-05
vn -1 0 0
vn -1 0 0
vn -1 0 0
vn -1 0 0
vn -0.001121 0.999999 -0.00011800000000006123
vn -0.000937 1 -0.00017100000000006124
vn -0.001121 0.999999 -0.00011800000000006123
vn -0.001121 0.999999 -0.00011800000000006123
vn 1 0 0
vn 1 0 0
vn 1 0 0
vn 1 0 0
vn 0 -0.899241 0.43745400000000007
vn 1E-06 -0.899241 0.43745300000000004
vn 0 -0.899241 0.43745400000000007
vn 0 -0.899241 0.43745400000000007
vn 0 0.899241 0.4374529999999999
vn -1E-06 0.899241 0.4374529999999999
vn 0 0.899241 0.4374529999999999
vn 0 0.899241 0.4374529999999999
vn 0 -1 6.123233995736766E-17
vn 0 -1 6.123233995736766E-17
vn 0 -1 6.123233995736766E-17
vn 0 -1 6.123233995736766E-17
vn 0 1 -6.123233995736766E-17
vn 0 1 -6.123233995736766E-17
vn 0 1 -6.123233995736766E-17
vn 0 1 -6.123233995736766E-17
vn 0.001112 -0.999999 0.00011300000000006123
vn 0.000936 -1 0.00017400000000006123
vn 0.001112 -0.999999 0.00011300000000006123
vn 0.001112 -0.999999 0.00011300000000006123
vn -1 -6.123233995736766E-23 -1E-06
vn -1 -6.123233995736766E-23 -1E-06
vn -1 -6.123233995736766E-23 -1E-06
vn -1 -6.123233995736766E-23 -1E-06
vn -0.001146 0.999999 -0.00013500000000006123
vn -0.000936 1 -0.00020700000000006122
vn -0.001146 0.999999 -0.00013500000000006123
vn -0.001146 0.999999 -0.00013500000000006123
vn 1 6.123233995736766E-23 1E-06
vn 1 6.123233995736766E-23 1E-06
vn 1 6.123233995736766E-23 1E-06
vn 1 6.123233995736766E-23 1E-06
vn 0 6.123233995736766E-17 1
vn -0 6.123233995736766E-17 1
vn 0 6.123233995736766E-17 1
vn 0 6.123233995736766E-17 1
vn 0.961113 0.276081 0.006478999999999984
vn 0.947048 -0.321039 0.00580300000000002
vn 0.360105 0.932884 0.007237999999999942
vn -0.355128 0.934788 0.0074479999999999425
vn 0.760668 -2.000000000039748E-06 -0.649141
vn 0.760668 -2.000000000039748E-06 -0.649141
vn 0.760668 -2.000000000039748E-06 -0.649141
vn 0.760668 -2.000000000039748E-06 -0.649141
vn 0 6.123233995736766E-17 1
vn 0 6.123233995736766E-17 1
vn 0 6.123233995736766E-17 1
vn 0 6.123233995736766E-17 1
vn 0 -1 6.123233995736766E-17
vn 0 -1 6.123233995736766E-17
vn 0 -1 6.123233995736766E-17
vn 0 -1 6.123233995736766E-17
vn 1 0 0
vn 1 0 0
vn 1 0 0
vn 1 0 0
vn 0 1 -6.123233995736766E-17
vn 0 1 -6.123233995736766E-17
vn 0 1 -6.123233995736766E-17
vn 0 1 -6.123233995736766E-17
vn 1 0 0
vn 1 0 0
vn 1 0 0
vn 1 0 0
vn 0 -1 6.123233995736766E-17
vn 0 -1 6.123233995736766E-17
vn 0 -1 6.123233995736766E-17
vn 0 -1 6.123233995736766E-17
vn 0 -1 6.123233995736766E-17
vn 0 -1 6.123233995736766E-17
vn 0 -1 6.123233995736766E-17
vn 0 -1 6.123233995736766E-17
vn 1 0 -0
vn 1 0 0
vn 1 0 -0
vn 1 0 -0
vn 0 1 -3.0000000000612325E-06
vn 0 1 -5.000000000061232E-06
vn 0 1 -3.0000000000612325E-06
vn 0 1 -6.123233995736766E-17
vn 0.000184 -1 6.123233995736766E-17
vn 0.000181 -1 6.123233995736766E-17
vn 0.000184 -1 6.123233995736766E-17
vn 0.000184 -1 6.123233995736766E-17
vn -0.00021 -1 -0.00013499999999993877
vn -0.000165 -1 -0.00010799999999993877
vn -0.00021 -1 -0.00013499999999993877
vn -0.00021 -1 -0.00013499999999993877
vn 1 -2.0000000000000033E-06 -5.7E-05
vn 1 -3.6739403974420595E-21 -6E-05
vn 1 -2.0000000000000033E-06 -5.7E-05
vn 1 -2.0000000000000033E-06 -5.7E-05
vn 0.000185 -1 -9.999999999938769E-06
vn 0.000174 -1 -8.999999999938768E-06
vn 0.000185 -1 -9.999999999938769E-06
vn 0.000185 -1 -9.999999999938769E-06
vn 8.3E-05 -1 -0.00013199999999993878
vn 8.1E-05 -1 -0.00012999999999993876
vn 8.3E-05 -1 -0.00013199999999993878
vn 8.3E-05 -1 -0.00013199999999993878
vn -1 -2.9999999999999997E-06 5E-06
vn -1 9.999999999999997E-07 -5E-06
vn -1 -2.9999999999999997E-06 5E-06
vn -1 -6.999999999999999E-06 1.4E-05
vn 0 -0.596506 0.802609
vn 1E-06 -0.596506 0.802609
vn 0 -0.596506 0.802609
vn 0 -0.596506 0.802609
vn 1 0 0
vn 1 0 0
vn 1 0 0
vn 1 0 0
vn 1 0 0
vn 1 0 0
vn 1 0 0
vn 1 0 0
vn -0 -1 6.123233995736766E-17
vn -0 -1 6.123233995736766E-17
vn -0 -1 6.123233995736766E-17
vn -0 -1 6.123233995736766E-17
vn -0 1 -6.123233995736766E-17
vn 0 1 -6.123233995736766E-17
vn -0 1 -6.123233995736766E-17
vn -0 1 -6.123233995736766E-17
vn 1 -1E-06 6.123233995736766E-23
vn 1 -1E-06 6.123233995736766E-23
vn 1 -1E-06 6.123233995736766E-23
vn 1 -1E-06 6.123233995736766E-23
vn -1 -2E-06 1.2246467991473532E-22
vn -1 -2E-06 1.2246467991473532E-22
vn -1 -2E-06 1.2246467991473532E-22
vn -1 -2E-06 1.2246467991473532E-22
vn -1 -5E-06 3.061616997868383E-22
vn -1 -5E-06 3.061616997868383E-22
vn -1 -5E-06 3.061616997868383E-22
vn -1 -5E-06 3.061616997868383E-22
vn 0 6.123233995736766E-17 1
vn 0 6.123233995736766E-17 1
vn 0 6.123233995736766E-17 1
vn 0 6.123233995736766E-17 1
vn 1 1.5E-05 -9.184850993605149E-22
vn 1 1.5E-05 -9.184850993605149E-22
vn 1 1.5E-05 -9.184850993605149E-22
vn 1 1.5E-05 -9.184850993605149E-22
vn 0.383321 0.923615 -1.000000000056555E-06
vn 0.383322 0.923615 -1.000000000056555E-06
vn 0.383321 0.923615 -1.000000000056555E-06
vn 0.383321 0.923616 -5.655516890206409E-17
vn -0.707105 -0.707109 4.329793867491429E-17
vn -0.447214 0.894427 -5.4767858131048484E-17
vn -0.894429 0.447211 -2.738377598467435E-17
vn -0.707105 -0.707109 4.329793867491429E-17
vn 0.707107 -0.707106 4.3297754977894416E-17
vn 0.447214 0.894427 -5.4767858131048484E-17
vn 0.894427 0.447214 -2.738395968169422E-17
vn 0.707107 -0.707106 4.3297754977894416E-17
vn -0.707106 -0.707108 4.329787744257433E-17
vn -0.447215 0.894427 -5.4767858131048484E-17
vn -0.894428 0.447211 -2.738377598467435E-17
vn -0.707105 -0.707108 -9.999999999567022E-07
vn 0.707107 -0.707107 4.329781621023438E-17
vn 0.447213 0.894428 -5.476791936338844E-17
vn 0.894427 0.447214 -2.738395968169422E-17
vn 0.707107 -0.707106 4.3297754977894416E-17
vn -0.707105 -0.707109 4.329793867491429E-17
vn -0.447214 0.894427 -5.4767858131048484E-17
vn -0.894429 0.447209 -2.7383653519994435E-17
vn -0.707105 -0.707109 4.329793867491429E-17
vn 0.707105 -0.707108 4.329787744257433E-17
vn 0.447215 0.894426 -5.4767796898708533E-17
vn 0.894429 0.44721 -2.7383714752334392E-17
vn 0.707105 -0.707108 4.329787744257433E-17
vn -0.707107 -0.707107 4.329781621023438E-17
vn -0.447214 0.894427 -5.4767858131048484E-17
vn -0.894427 0.447214 -2.738395968169422E-17
vn -0.707107 -0.707107 4.329781621023438E-17
vn 0.707107 -0.707107 4.329781621023438E-17
vn 0.447214 0.894427 -5.4767858131048484E-17
vn 0.894427 0.447214 -2.738395968169422E-17
vn 0.707107 -0.707107 4.329781621023438E-17
vn -0.707107 -0.707106 4.3297754977894416E-17
vn -0.447213 0.894428 -5.476791936338844E-17
vn -0.894427 0.447214 -2.738395968169422E-17
vn -0.707107 -0.707107 4.329781621023438E-17
vn 0.707105 -0.707109 4.329793867491429E-17
vn 0.447215 0.894426 -5.4767796898708533E-17
vn 0.894429 0.44721 -2.7383714752334392E-17
vn 0.707105 -0.707109 4.329793867491429E-17
vn 0.707107 -0.707107 4.329781621023438E-17
vn 0.447214 0.894427 -5.4767858131048484E-17
vn 0.894427 0.447214 -2.738395968169422E-17
vn 0.707107 -0.707107 4.329781621023438E-17
vn 0.707109 -0.707105 4.329769374555446E-17
vn 0.447213 0.894428 -5.476791936338844E-17
vn 0.894425 0.447218 -2.7384204611054052E-17
vn 0.707109 -0.707105 4.329769374555446E-17
vn 0.707107 -0.707107 4.329781621023438E-17
vn 0.447214 0.894427 -5.4767858131048484E-17
vn 0.894427 0.447214 -2.738395968169422E-17
vn 0.707107 -0.707107 4.329781621023438E-17
vn 0.707104 -0.707109 4.329793867491429E-17
vn 0.447215 0.894427 -5.4767858131048484E-17
vn 0.89443 0.447209 -2.7383653519994435E-17
vn 0.707104 -0.707109 4.329793867491429E-17
vn 0.707106 -0.707108 4.329787744257433E-17
vn 0.447215 0.894427 -5.4767858131048484E-17
vn 0.894428 0.447212 -2.7383837217014306E-17
vn 0.707107 -0.707107 4.329781621023438E-17
vn 0.707106 -0.707108 4.329787744257433E-17
vn 0.707105 -0.707108 1.0000000000432977E-06
vn 0.894428 0.447212 -2.7383837217014306E-17
vn 0.447217 0.894426 -5.4767796898708533E-17
vn 1 5E-06 -5E-06
vn 1 1.1E-05 -6.735557395310442E-22
vn 1 5E-06 -5E-06
vn 1 -6.123233995736766E-22 -1E-05
vn -0 -0.707107 0.707107
vn 0 0.707107 0.707107
vn 0 0.707107 0.707107
vn -0 -0.707107 0.707107
vn 0.707105 -0.707109 1.000000000043298E-06
vn 0.707105 -0.707108 1.0000000000432977E-06
vn 0.707107 0.707106 -4.3297754977894416E-17
vn 0.707107 0.707106 -4.3297754977894416E-17
vn 1E-06 -1 2.0000000000612323E-06
vn 5E-06 -1 6.123233995736766E-17
vn 1E-06 -1 2.0000000000612323E-06
vn -2E-06 -1 4.000000000061232E-06
vn -1E-06 -1 6.123233995736766E-17
vn -1E-06 -1 6.123233995736766E-17
vn -1E-06 -1 6.123233995736766E-17
vn 0 -1 -9.999999999387675E-07
vn -1E-06 -1 -1.9999999999387675E-06
vn -2E-06 -1 -1.9999999999387675E-06
vn -1E-06 -1 -1.9999999999387675E-06
vn 0 -1 -9.999999999387675E-07
vn -2E-06 -1 6.123233995736766E-17
vn -2E-06 -1 6.123233995736766E-17
vn -2E-06 -1 6.123233995736766E-17
vn -2E-06 -1 6.123233995736766E-17
vn 0.707112 -0.707101 4.329744881619463E-17
vn 0.707114 -0.7071 4.329738758385467E-17
vn 0.707101 0.707112 -4.329812237193416E-17
vn 0.707103 0.707111 -4.329806113959421E-17
vn -0 -0.32287299999999997 0.946442
vn 0 -0.32287299999999997 0.946442
vn -0 -0.32287299999999997 0.946442
vn -0 -0.32287299999999997 0.946442
vn -1E-06 1 -6.123233995736766E-17
vn -1E-06 1 -6.123233995736766E-17
vn -1E-06 1 -6.123233995736766E-17
vn -1E-06 1 -6.123233995736766E-17
vn -0 -1 6.123233995736766E-17
vn -0 -1 -9.999999999387675E-07
vn -0 -1 6.123233995736766E-17
vn -0 -1 6.123233995736766E-17
vn -1 0 0
vn -1 0 0
vn -1 0 0
vn -1 0 0
vn 1E-06 -1 6.123233995736766E-17
vn 1E-06 -1 6.123233995736766E-17
vn 1E-06 -1 6.123233995736766E-17
vn 1E-06 -1 6.123233995736766E-17
vn 0 1 9.999999999387675E-07
vn 0 1 -6.123233995736766E-17
vn 0 1 9.999999999387675E-07
vn 0 1 9.999999999387675E-07
vn 1 0 0
vn 1 0 0
vn 1 0 0
vn 1 0 0
vn 0 1 -6.123233995736766E-17
vn 0 1 -6.123233995736766E-17
vn 0 1 -6.123233995736766E-17
vn 0 1 -6.123233995736766E-17
vn 0 -1 6.123233995736766E-17
vn 0 -1 6.123233995736766E-17
vn 0 -1 6.123233995736766E-17
vn 0 -1 6.123233995736766E-17
vn -1 0 0
vn -1 0 0
vn -1 0 0
vn -1 0 0
vn 0 -1 6.123233995736766E-17
vn 0 -1 6.123233995736766E-17
vn 0 -1 6.123233995736766E-17
vn 0 -1 6.123233995736766E-17
vn 0 6.123233995736766E-17 1
vn 0 6.123233995736766E-17 1
vn 0 6.123233995736766E-17 1
vn 0 6.123233995736766E-17 1
vn 0 1 -6.123233995736766E-17
vn 0 1 -6.123233995736766E-17
vn 0 1 -6.123233995736766E-17
vn 0 1 -6.123233995736766E-17
vn 0 6.123233995736766E-17 1
vn 0 6.123233995736766E-17 1
vn 0 6.123233995736766E-17 1
vn 0 6.123233995736766E-17 1
vn 1 0 0
vn 1 0 0
vn 1 0 0
vn 1 0 0
vn 0 6.123233995736766E-17 1
vn 0 6.123233995736766E-17 1
vn 0 6.123233995736766E-17 1
vn 0 6.123233995736766E-17 1
vn 0.000175 -1 -4.999999999938768E-06
vn 0.000175 -1 -4.999999999938768E-06
vn 0.000175 -1 -4.999999999938768E-06
vn 0.000175 -1 -4.999999999938768E-06
vn 0 -1 6.123233995736766E-17
vn 0 -1 6.123233995736766E-17
vn 0 -1 6.123233995736766E-17
vn 0 -1 6.123233995736766E-17
vn 0 -1 -3.999999999938768E-06
vn 0 -1 -3.999999999938768E-06
vn 0 -1 -3.999999999938768E-06
vn 0 -1 -3.999999999938768E-06
vn 0 -1 6.123233995736766E-17
vn 0 -1 6.123233995736766E-17
vn 0 -1 6.123233995736766E-17
vn 0 -1 6.123233995736766E-17
vn 0 -1 6.123233995736766E-17
vn 0 -1 6.123233995736766E-17
vn 0 -1 6.123233995736766E-17
vn 0 -1 6.123233995736766E-17
vn 0 -1 6.123233995736766E-17
vn 0 -1 6.123233995736766E-17
vn 0 -1 6.123233995736766E-17
vn 0 -1 6.123233995736766E-17
vn 0 -0.93589 0.3522930000000001
vn 0 -0.93589 0.3522930000000001
vn 0 -0.93589 0.3522930000000001
vn 0 -0.93589 0.3522930000000001
vn 1 0 0
vn 1 0 0
vn 1 0 0
vn 1 0 0
vn 0.919472 0.03675400000000002 0.391433
vn 0.460688 0.78704 0.41028599999999993
vn 1E-06 0.07066100000000006 0.9975
vn -0.460687 0.78704 0.41028699999999996
vn 1E-06 0.07066100000000006 0.9975
vn 0.484498 -0.746539 0.4560060000000001
vn 1E-06 0.07066100000000006 0.9975
vn -0.484498 -0.746539 0.4560060000000001
vn -0.919472 0.03675400000000002 0.391433
vn 1E-06 0.07066100000000006 0.9975
vn -0.484498 -0.746539 0.4560060000000001
vn 2E-06 6.123233995736766E-17 1
vn 2E-06 6.123233995736766E-17 1
vn 2E-06 6.123233995736766E-17 1
vn 2E-06 6.123233995736766E-17 1
vn 0 1 -6.123233995736766E-17
vn 0 1 -6.123233995736766E-17
vn 0 1 -6.123233995736766E-17
vn 0 1 -6.123233995736766E-17
vn 0 1 -6.123233995736766E-17
vn 0 1 -6.123233995736766E-17
vn 0 1 -6.123233995736766E-17
vn 0 1 -6.123233995736766E-17
vn 0 1 -6.123233995736766E-17
vn 0 1 -6.123233995736766E-17
vn 0 1 -6.123233995736766E-17
vn 0 1 -6.123233995736766E-17
vn 0 -0.06568299999999995 0.997841
vn 0 -0.06568299999999995 0.997841
vn 0 -0.06568299999999995 0.997841
vn 0 -0.06568299999999995 0.997841
vn 0 0.93589 0.35229299999999997
vn 0 0.93589 0.35229299999999997
vn 0 0.93589 0.35229299999999997
vn 0 0.93589 0.35229299999999997
vn 0 1 -6.123233995736766E-17
vn 0 1 -6.123233995736766E-17
vn 0 1 -6.123233995736766E-17
vn 0 1 -6.123233995736766E-17
vn 0 1 -6.123233995736766E-17
vn 0 1 -6.123233995736766E-17
vn 0 1 -6.123233995736766E-17
vn 0 1 -6.123233995736766E-17
vn 1 -0 0
vn 1 -0 0
vn 1 -0 0
vn 1 -0 0
vn 1 1.9999999999999995E-06 -6E-06
vn 1 -4.898587196589413E-22 -8E-06
vn 1 1.9999999999999995E-06 -6E-06
vn 1 1.9999999999999995E-06 -6E-06
vn -0 2.0000000000612323E-06 1
vn -0 4.000000000061232E-06 1
vn -0 2.0000000000612323E-06 1
vn 0 6.123233995736766E-17 1
vn -0 1 -1.0000000000612324E-06
vn 0 1 -6.123233995736766E-17
vn -0 1 -1.0000000000612324E-06
vn -0 1 -2.0000000000612323E-06
vn -1 0 0
vn -1 0 0
vn -1 0 0
vn -1 0 0
vn 0 -1 6.123233995736766E-17
vn 0 -1 6.123233995736766E-17
vn 0 -1 6.123233995736766E-17
vn 0 -1 6.123233995736766E-17
vn 0 -1 6.123233995736766E-17
vn 0 -1 6.123233995736766E-17
vn -0 -1 6.123233995736766E-17
vn 0 -1 1.0000000000612324E-06
vn -0 -1 6.123233995736766E-17
vn -0 -1 6.123233995736766E-17
vn 0 -1 -9.999999999387675E-07
vn 0 1 -6.123233995736766E-17
vn 0 1 -6.123233995736766E-17
vn 0 1 -6.123233995736766E-17
vn 0 1 -6.123233995736766E-17
vn 0 1 -6.123233995736766E-17
vn 0 1 -6.123233995736766E-17
vn -0 1 -6.123233995736766E-17
vn 0 1 -6.123233995736766E-17
vn -0 1 -6.123233995736766E-17
vn -0 1 -6.123233995736766E-17
vn 0 1 -6.123233995736766E-17
vn -0.933363 -2.0000000000219783E-06 -0.358935
vn -0.933363 -1.0000000000219783E-06 -0.358935
vn -0.933362 -1.0000000000219783E-06 -0.358935
vn -0.905638 0.24191999999999997 -0.348274
vn -0.868606 0.365985 -0.334033
vn 0.637492 1.999999999952823E-06 -0.770457
vn 0.637492 2.9999999999528233E-06 -0.770457
vn 0.756316 9.999999999599414E-07 -0.654206
vn 0.856751 -3.157941591855318E-17 -0.515731
vn 0.930348 -2.245255195088766E-17 -0.366678
vn 0.930348 -2.245255195088766E-17 -0.366678
vn 1E-06 -1 6.123233995736766E-17
vn 0 -1 6.123233995736766E-17
vn -0 -1 -9.999999999387675E-07
vn -0 -1 -9.999999999387675E-07
vn -0 -1 -9.999999999387675E-07
vn 0.574166 -0.818739 5.013330478435524E-17
vn 0.574166 -0.818739 5.013330478435524E-17
vn 0.574166 -0.818739 5.013330478435524E-17
vn 0.574167 -0.818739 5.013330478435524E-17
vn 0.574167 -0.818738 -9.999999999498666E-07
vn -0.501622 -0.865087 5.297130127669932E-17
vn -0.501623 -0.865087 5.297130127669932E-17
vn -0.501873 -0.864941 0.00029900000000005297
vn -0.501999 -0.864868 0.00044800000000005296
vn -0.502375 -0.86465 0.0008970000000000529
vn 1 1E-06 -6.123233995736766E-23
vn 1 1E-06 -6.123233995736766E-23
vn 1 1E-06 -6.123233995736766E-23
vn 1 1E-06 -6.123233995736766E-23
vn 1 1E-06 -6.123233995736766E-23
vn -1 0 0
vn -1 0 0
vn -1 0 0
vn -1 0 0
vn -1 0 0
vn -1 0 0
vn -1 0 0
vn -1 0 0
vn -1 0 0
vn -1 0 0
vn 0.933362 -1.0000000000219783E-06 -0.358935
vn 0.933362 -2.0000000000219783E-06 -0.358935
vn 0.933362 -1.0000000000219783E-06 -0.358936
vn 0.924895 0.13438999999999998 -0.35568
vn 0.914109 0.20206199999999996 -0.351532
vn 0.857146 0.395788 -0.329626
vn 0 -1 -9.999999999387675E-07
vn -0 -1 6.123233995736766E-17
vn -1E-06 -1 6.123233995736766E-17
vn -1E-06 -1 6.123233995736766E-17
vn -1E-06 -1 6.123233995736766E-17
vn 0 1 -6.123233995736766E-17
vn -0 1 -1.0000000000612324E-06
vn 0 1 -6.123233995736766E-17
vn 0 1 -6.123233995736766E-17
vn 0 1 -6.123233995736766E-17
vn 0 1 -6.123233995736766E-17
vn 0 1 -6.123233995736766E-17
vn 0 1 -6.123233995736766E-17
vn -0 1 -1.0000000000612324E-06
vn 3E-06 1 -2.0000000000612323E-06
vn 3E-06 1 -2.0000000000612323E-06
vn 3E-06 1 -2.0000000000612323E-06
vn -1E-06 -1 2.0000000000612323E-06
vn 1E-06 -1 -9.999999999387675E-07
vn -2E-06 -1 1.0000000000612324E-06
vn -0 -1 6.123233995736766E-17
vn -0 -1 6.123233995736766E-17
vn -0 -1 6.123233995736766E-17
vn 2E-06 -1 1.0000000000612324E-06
vn 1E-06 -1 1.0000000000612324E-06
vn 1E-06 -1 1.0000000000612324E-06
vn 5E-06 -1 6.000000000061232E-06
vn 5E-06 -1 6.000000000061232E-06
vn 5E-06 -1 6.000000000061232E-06
vn 0.574166 0.818739 -5.013330478435524E-17
vn 0.574166 0.818739 -5.013330478435524E-17
vn 0.574166 0.818739 -5.013330478435524E-17
vn 0.574166 0.818739 -5.013330478435524E-17
vn 0.574167 0.818738 -5.013324355201528E-17
vn -0.501622 0.865087 -5.297130127669932E-17
vn -0.501416 0.865206 0.000157999999999947
vn -0.501632 0.865081 0.00010499999999994703
vn -0.501636 0.865079 0.00015799999999994703
vn -0.502062 0.864832 -5.295568703001019E-17
vn 0 1 -6.123233995736766E-17
vn 0 1 -1.0000000000612324E-06
vn 0 1 -1.0000000000612324E-06
vn 0 1 -6.123233995736766E-17
vn 0 1 -6.123233995736766E-17
vn 3E-06 1 -1.0000000000612324E-06
vn 0 1 -6.123233995736766E-17
vn -3E-06 1 -1.0000000000612324E-06
vn -3E-06 1 -1.0000000000612324E-06
vn 0 1 -6.123233995736766E-17
vn 0 1 -6.123233995736766E-17
vn -3E-06 1 -2.0000000000612323E-06
vn 3E-06 -1 1.0000000000612324E-06
vn 0 -1 6.123233995736766E-17
vn 0 -1 6.123233995736766E-17
vn 3E-06 -1 1.0000000000612324E-06
vn 3E-06 -1 1.0000000000612324E-06
vn 0 -1 6.123233995736766E-17
vn 0 -1 6.123233995736766E-17
vn 0 -1 6.123233995736766E-17
vn 0 -1 6.123233995736766E-17
vn 0 -1 6.123233995736766E-17
vn 0 -1 6.123233995736766E-17
vn -5E-06 -1 6.000000000061232E-06
vn 0.889071 2.8030267029944236E-17 0.457769
vn 0.933374 2.1976654204738998E-17 0.358906
vn 0.933373 2.1976715437078952E-17 0.358907
vn 0.833617 3.382119311673237E-17 0.552342
vn 0.768976 3.9144426590926126E-17 0.639277
vn 0.768976 3.9144426590926126E-17 0.639277
vn -1 0 0
vn -1 0 0
vn -1 0 0
vn -1 0 0
vn -1 0 0
vn 1 0 0
vn 1 0 0
vn 1 0 0
vn 1 0 0
vn 1 0 0
vn 1 0 0
vn 1 0 0
vn 1 0 0
vn 1 0 0
vn 1 0 0
vn -0.756316 9.999999999599414E-07 -0.654206
vn -0.637492 1.999999999952823E-06 -0.770457
vn -0.637492 9.99999999952823E-07 -0.770457
vn -0.856751 -3.157941591855318E-17 -0.515731
vn -0.930348 -2.245255195088766E-17 -0.366678
vn -0.930348 -2.245255195088766E-17 -0.366678
vn -0.053539 6.114453278186879E-17 0.998566
vn -0.053469 0.05003000000000006 0.997315
vn -0.053472 0.05003000000000006 0.997315
vn -0.053543 6.114447154952884E-17 0.998565
vn -0.053472 -0.050029999999999936 0.997315
vn -0.053467 -0.050029999999999936 0.997316
vn -0.00012 -1 -0.00010399999999993876
vn -0.000127 -1 -0.00010699999999993877
vn -0.000147 -1 -7.499999999993876E-05
vn -0.000147 -1 -7.499999999993876E-05
vn -0.000147 -1 -7.499999999993876E-05
vn -0.000175 -1 -9.499999999993877E-05
vn -0.933362 -2.1978491174937718E-17 -0.358936
vn -0.933362 -2.1978491174937718E-17 -0.358936
vn -0.859355 9.99999999968687E-07 -0.51138
vn -0.859355 -3.131299400739867E-17 -0.51138
vn -0.760669 9.999999999602517E-07 -0.64914
vn -0.760669 2.9999999999602518E-06 -0.64914
vn 0.930348 -2.2452613183227615E-17 -0.366679
vn 0.930348 9.999999999775474E-07 -0.366679
vn 0.8095 -3.59507314357697E-17 -0.58712
vn 0.8095 -3.59507314357697E-17 -0.58712
vn 0.637493 -4.717682371419366E-17 -0.770456
vn 0.637493 -4.717682371419366E-17 -0.770456
vn -0.931907 2.220872477317742E-17 0.362696
vn -0.931908 2.220872477317742E-17 0.362696
vn -0.811497 3.578154648046749E-17 0.584357
vn -0.811497 3.578154648046749E-17 0.584357
vn -0.63945 4.707744362644285E-17 0.768833
vn -0.639449 4.707744362644285E-17 0.768833
vn -8.9E-05 -1 0.00015200000000006124
vn -8.1E-05 -1 0.00013900000000006122
vn -0.000122 -1 0.00010700000000006123
vn -0.658146 -0.706857 0.25922500000000004
vn -0.416419 -0.894269 0.16394600000000006
vn -0.000157 -1 6.200000000006123E-05
vn 0 1 -6.123233995736766E-17
vn -0 1 9.999999999387675E-07
vn -0 1 9.999999999387675E-07
vn -0 1 -6.123233995736766E-17
vn 0 1 -6.123233995736766E-17
vn 0 1 -6.123233995736766E-17
vn 0 1 -6.123233995736766E-17
vn 0.000175 -1 -9.399999999993876E-05
vn 0.000128 -1 -0.00010799999999993877
vn 0.000128 -1 -0.00010799999999993877
vn 0.000149 -1 -7.599999999993877E-05
vn 0.000175 -1 -9.399999999993876E-05
vn 0.000175 -1 -9.399999999993876E-05
vn 0.859355 9.99999999968687E-07 -0.51138
vn 0.933362 -2.1978491174937718E-17 -0.358936
vn 0.933362 -2.1978491174937718E-17 -0.358936
vn 0.859355 -3.131299400739867E-17 -0.51138
vn 0.760669 9.999999999602517E-07 -0.64914
vn 0.760669 1.9999999999602516E-06 -0.64914
vn -0.8095 -3.59507314357697E-17 -0.58712
vn -0.930348 9.999999999775474E-07 -0.366679
vn -0.930348 -2.2452613183227615E-17 -0.366679
vn -0.8095 -3.59507314357697E-17 -0.58712
vn -0.637493 -4.717682371419366E-17 -0.770456
vn -0.637493 -4.717682371419366E-17 -0.770456
vn -0.768976 3.9144426590926126E-17 0.639277
vn -0.768977 3.9144426590926126E-17 0.639277
vn -0.859884 0.0045570000000000315 0.510469
vn -0.885713 -0.006067999999999971 0.464193
vn -0.930766 2.2387523205852934E-17 0.365616
vn -0.933222 0.01800100000000002 0.35885
vn -0.933222 -0.01800199999999998 0.358848
vn 0.63945 4.707744362644285E-17 0.768833
vn 0.639449 4.707744362644285E-17 0.768833
vn 0.80907 -0.0046929999999999646 0.587693
vn 0.855774 0.006235000000000032 0.517312
vn 0.929905 2.2521193403979868E-17 0.367799
vn 0.931753 -0.01819199999999998 0.362636
vn 0.931753 0.01819100000000002 0.362637
vn 0.000123 -1 0.00010700000000006123
vn 8.2E-05 -1 0.00013900000000006122
vn 9E-05 -1 0.00015300000000006124
vn 0.658146 -0.706856 0.25922600000000007
vn 0.41642 -0.894268 0.16394700000000006
vn 0.000159 -1 6.300000000006123E-05
vn 0.858534 3.1397249707180013E-17 0.512756
vn 0.858534 3.1397249707180013E-17 0.512756
vn 0.899858 -0.005526999999999973 0.436148
vn 0.912155 0.007366000000000025 0.409779
vn 0.937112 2.137180115064012E-17 0.349028
vn 0.942134 -0.02201899999999998 0.334513
vn 0.942134 0.02201900000000002 0.334513
vn -0.862325 3.10053014991129E-17 0.506355
vn -0.862325 3.10053014991129E-17 0.506355
vn -0.901475 0.005525000000000027 0.432797
vn -0.913166 -0.007363999999999975 0.407522
vn -0.937112 2.1371862382980075E-17 0.349029
vn -0.942134 0.02201900000000002 0.334513
vn -0.942134 -0.02201899999999998 0.334513
vn 1E-06 1 9.999999999387675E-07
vn 1E-06 1 9.999999999387675E-07
vn 0 1 3.999999999938768E-06
vn -2E-06 1 -1.0000000000612324E-06
vn -1E-06 1 -6.123233995736766E-17
vn 0 1 4.999999999938768E-06
vn 2E-06 1 9.999999999387675E-07
vn 1E-06 1 -6.123233995736766E-17
vn 3E-06 1 -1.0000000000612324E-06
vn 1E-06 1 -6.123233995736766E-17
vn 1E-06 1 -6.123233995736766E-17
g Kontor02
f 1/1/1 2/2/2 3/3/3
f 4/4/4 5/5/5 6/6/6
f 7/7/7 8/8/8 9/9/9
f 10/10/10 11/11/11 12/12/12
f 13/13/13 14/14/14 15/15/15
f 16/16/16 17/17/17 18/18/18
f 19/19/19 20/20/20 21/21/21
f 22/22/22 23/23/23 24/24/24
f 25/25/25 26/26/26 27/27/27
f 28/28/28 29/29/29 30/30/30
f 31/31/31 32/32/32 33/33/33
f 34/34/34 35/35/35 36/36/36
f 37/37/37 38/38/38 39/39/39
f 40/40/40 41/41/41 42/42/42
f 43/43/43 44/44/44 45/45/45
f 46/46/46 47/47/47 48/48/48
f 49/49/49 50/50/50 51/51/51
f 52/52/52 53/53/53 54/54/54
f 55/55/55 56/56/56 57/57/57
f 58/58/58 59/59/59 60/60/60
f 61/61/61 62/62/62 63/63/63
f 64/64/64 65/65/65 66/66/66
f 67/67/67 68/68/68 69/69/69
f 70/70/70 71/71/71 72/72/72
f 73/73/73 74/74/74 75/75/75
f 76/76/76 77/77/77 78/78/78
f 79/79/79 80/80/80 81/81/81
f 82/82/82 83/83/83 84/84/84
f 85/85/85 86/86/86 87/87/87
f 88/88/88 89/89/89 90/90/90
f 91/91/91 92/92/92 93/93/93
f 94/94/94 95/95/95 96/96/96
f 97/97/97 98/98/98 99/99/99
f 100/100/100 101/101/101 102/102/102
f 103/103/103 104/104/104 105/105/105
f 106/106/106 107/107/107 108/108/108
f 109/109/109 110/110/110 111/111/111
f 112/112/112 113/113/113 114/114/114
f 115/115/115 116/116/116 117/117/117
f 118/118/118 119/119/119 120/120/120
f 121/121/121 122/122/122 123/123/123
f 124/124/124 125/125/125 126/126/126
f 127/127/127 128/128/128 129/129/129
f 130/130/130 131/131/131 132/132/132
f 133/133/133 134/134/134 135/135/135
f 136/136/136 137/137/137 138/138/138
f 139/139/139 140/140/140 141/141/141
f 142/142/142 143/143/143 144/144/144
f 145/145/145 146/146/146 147/147/147
f 148/148/148 149/149/149 150/150/150
f 151/151/151 152/152/152 153/153/153
f 154/154/154 155/155/155 156/156/156
f 156/156/156 157/157/157 158/158/158
f 159/159/159 160/160/160 161/161/161
f 162/162/162 163/163/163 159/159/159
f 164/164/164 165/165/165 166/166/166
f 167/167/167 168/168/168 164/164/164
f 169/169/169 170/170/170 171/171/171
f 172/172/172 173/173/173 169/169/169
f 174/174/174 175/175/175 176/176/176
f 176/176/176 177/177/177 178/178/178
f 179/179/179 180/180/180 181/181/181
f 182/182/182 183/183/183 179/179/179
f 184/184/184 185/185/185 186/186/186
f 187/187/187 188/188/188 184/184/184
f 189/189/189 190/190/190 191/191/191
f 192/192/192 193/193/193 189/189/189
f 194/194/194 195/195/195 196/196/196
f 197/197/197 198/198/198 194/194/194
f 199/199/199 200/200/200 201/201/201
f 202/202/202 203/203/203 199/199/199
f 204/204/204 205/205/205 206/206/206
f 206/206/206 207/207/207 208/208/208
f 209/209/209 210/210/210 211/211/211
f 212/212/212 213/213/213 209/209/209
f 214/214/214 215/215/215 216/216/216
f 217/217/217 218/218/218 214/214/214
f 219/219/219 220/220/220 221/221/221
f 221/221/221 222/222/222 223/223/223
f 224/224/224 225/225/225 226/226/226
f 227/227/227 228/228/228 224/224/224
f 229/229/229 230/230/230 231/231/231
f 232/232/232 233/233/233 229/229/229
f 234/234/234 235/235/235 236/236/236
f 236/236/236 237/237/237 238/238/238
f 239/239/239 240/240/240 241/241/241
f 242/242/242 243/243/243 239/239/239
f 244/244/244 245/245/245 246/246/246
f 247/247/247 248/248/248 244/244/244
f 249/249/249 250/250/250 251/251/251
f 251/251/251 252/252/252 253/253/253
f 254/254/254 255/255/255 256/256/256
f 257/257/257 258/258/258 254/254/254
f 259/259/259 260/260/260 261/261/261
f 262/262/262 263/263/263 259/259/259
f 264/264/264 265/265/265 266/266/266
f 266/266/266 267/267/267 268/268/268
f 269/269/269 270/270/270 271/271/271
f 272/272/272 273/273/273 269/269/269
f 274/274/274 275/275/275 276/276/276
f 277/277/277 278/278/278 274/274/274
f 279/279/279 280/280/280 281/281/281
f 282/282/282 283/283/283 279/279/279
f 284/284/284 285/285/285 286/286/286
f 287/287/287 288/288/288 284/284/284
f 289/289/289 290/290/290 291/291/291
f 291/291/291 292/292/292 293/293/293
f 294/294/294 295/295/295 296/296/296
f 297/297/297 298/298/298 294/294/294
f 299/299/299 300/300/300 301/301/301
f 301/301/301 302/302/302 303/303/303
f 304/304/304 305/305/305 306/306/306
f 307/307/307 308/308/308 304/304/304
f 309/309/309 310/310/310 311/311/311
f 312/312/312 313/313/313 309/309/309
f 314/314/314 315/315/315 316/316/316
f 317/317/317 318/318/318 314/314/314
f 319/319/319 320/320/320 321/321/321
f 322/322/322 323/323/323 319/319/319
f 324/324/324 325/325/325 326/326/326
f 327/327/327 328/328/328 324/324/324
f 329/329/329 330/330/330 331/331/331
f 331/331/331 332/332/332 333/333/333
f 334/334/334 335/335/335 336/336/336
f 337/337/337 338/338/338 334/334/334
f 339/339/339 340/340/340 341/341/341
f 342/342/342 343/343/343 339/339/339
f 344/344/344 345/345/345 346/346/346
f 347/347/347 348/348/348 344/344/344
f 349/349/349 350/350/350 351/351/351
f 351/351/351 352/352/352 353/353/353
f 354/354/354 355/355/355 356/356/356
f 357/357/357 358/358/358 354/354/354
f 359/359/359 360/360/360 361/361/361
f 362/362/362 363/363/363 359/359/359
f 364/364/364 365/365/365 366/366/366
f 367/367/367 368/368/368 364/364/364
f 369/369/369 370/370/370 371/371/371
f 372/372/372 373/373/373 369/369/369
f 374/374/374 375/375/375 376/376/376
f 377/377/377 378/378/378 374/374/374
f 379/379/379 380/380/380 381/381/381
f 381/381/381 382/382/382 383/383/383
f 384/384/384 385/385/385 386/386/386
f 387/387/387 388/388/388 384/384/384
f 389/389/389 390/390/390 391/391/391
f 392/392/392 393/393/393 389/389/389
f 394/394/394 395/395/395 396/396/396
f 396/396/396 397/397/397 398/398/398
f 399/399/399 400/400/400 401/401/401
f 402/402/402 403/403/403 399/399/399
f 404/404/404 405/405/405 406/406/406
f 407/407/407 408/408/408 404/404/404
f 409/409/409 410/410/410 411/411/411
f 411/411/411 412/412/412 413/413/413
f 414/414/414 415/415/415 416/416/416
f 417/417/417 418/418/418 414/414/414
f 419/419/419 420/420/420 421/421/421
f 422/422/422 423/423/423 419/419/419
f 424/424/424 425/425/425 426/426/426
f 426/426/426 427/427/427 428/428/428
f 429/429/429 430/430/430 431/431/431
f 432/432/432 433/433/433 429/429/429
f 434/434/434 435/435/435 436/436/436
f 437/437/437 438/438/438 434/434/434
f 439/439/439 440/440/440 441/441/441
f 441/441/441 442/442/442 443/443/443
f 444/444/444 445/445/445 446/446/446
f 447/447/447 448/448/448 444/444/444
f 449/449/449 450/450/450 451/451/451
f 452/452/452 453/453/453 449/449/449
f 454/454/454 455/455/455 456/456/456
f 457/457/457 458/458/458 454/454/454
f 459/459/459 460/460/460 461/461/461
f 462/462/462 463/463/463 459/459/459
f 464/464/464 465/465/465 466/466/466
f 466/466/466 467/467/467 468/468/468
f 469/469/469 470/470/470 471/471/471
f 472/472/472 473/473/473 469/469/469
f 474/474/474 475/475/475 476/476/476
f 476/476/476 477/477/477 478/478/478
f 479/479/479 480/480/480 481/481/481
f 482/482/482 483/483/483 479/479/479
f 484/484/484 485/485/485 486/486/486
f 487/487/487 488/488/488 484/484/484
f 489/489/489 490/490/490 491/491/491
f 492/492/492 493/493/493 489/489/489
f 494/494/494 495/495/495 496/496/496
f 497/497/497 498/498/498 494/494/494
f 499/499/499 500/500/500 501/501/501
f 502/502/502 503/503/503 499/499/499
f 504/504/504 505/505/505 506/506/506
f 507/507/507 508/508/508 506/506/506
f 509/509/509 510/510/510 511/511/511
f 511/511/511 512/512/512 509/509/509
f 513/513/513 514/514/514 515/515/515
f 515/515/515 516/516/516 513/513/513
f 517/517/517 518/518/518 519/519/519
f 519/519/519 520/520/520 517/517/517
f 521/521/521 522/522/522 523/523/523
f 523/523/523 524/524/524 521/521/521
f 525/525/525 526/526/526 527/527/527
f 527/527/527 528/528/528 525/525/525
f 529/529/529 530/530/530 531/531/531
f 531/531/531 532/532/532 529/529/529
f 533/533/533 534/534/534 535/535/535
f 535/535/535 536/536/536 533/533/533
f 537/537/537 538/538/538 539/539/539
f 539/539/539 540/540/540 537/537/537
f 541/541/541 542/542/542 543/543/543
f 543/543/543 544/544/544 541/541/541
f 545/545/545 546/546/546 547/547/547
f 547/547/547 548/548/548 545/545/545
f 549/549/549 550/550/550 551/551/551
f 551/551/551 552/552/552 549/549/549
f 553/553/553 554/554/554 555/555/555
f 555/555/555 556/556/556 553/553/553
f 557/557/557 558/558/558 559/559/559
f 559/559/559 560/560/560 557/557/557
f 561/561/561 562/562/562 563/563/563
f 563/563/563 564/564/564 561/561/561
f 565/565/565 566/566/566 567/567/567
f 567/567/567 568/568/568 565/565/565
f 569/569/569 570/570/570 571/571/571
f 571/571/571 572/572/572 569/569/569
f 573/573/573 574/574/574 575/575/575
f 575/575/575 576/576/576 573/573/573
f 577/577/577 578/578/578 579/579/579
f 579/579/579 580/580/580 577/577/577
f 581/581/581 582/582/582 583/583/583
f 583/583/583 584/584/584 581/581/581
f 585/585/585 586/586/586 587/587/587
f 587/587/587 588/588/588 585/585/585
f 589/589/589 590/590/590 591/591/591
f 591/591/591 592/592/592 589/589/589
f 593/593/593 594/594/594 595/595/595
f 595/595/595 596/596/596 593/593/593
f 597/597/597 598/598/598 599/599/599
f 599/599/599 600/600/600 597/597/597
f 601/601/601 602/602/602 603/603/603
f 603/603/603 604/604/604 601/601/601
f 605/605/605 606/606/606 607/607/607
f 607/607/607 608/608/608 605/605/605
f 609/609/609 610/610/610 611/611/611
f 611/611/611 612/612/612 609/609/609
f 613/613/613 614/614/614 615/615/615
f 615/615/615 616/616/616 613/613/613
f 617/617/617 618/618/618 619/619/619
f 619/619/619 620/620/620 617/617/617
f 621/621/621 622/622/622 623/623/623
f 623/623/623 624/624/624 621/621/621
f 625/625/625 626/626/626 627/627/627
f 627/627/627 628/628/628 625/625/625
f 629/629/629 630/630/630 631/631/631
f 631/631/631 632/632/632 629/629/629
f 633/633/633 634/634/634 635/635/635
f 635/635/635 636/636/636 633/633/633
f 637/637/637 638/638/638 639/639/639
f 639/639/639 640/640/640 637/637/637
f 641/641/641 642/642/642 643/643/643
f 643/643/643 644/644/644 641/641/641
f 645/645/645 646/646/646 647/647/647
f 647/647/647 648/648/648 645/645/645
f 649/649/649 650/650/650 651/651/651
f 651/651/651 652/652/652 649/649/649
f 653/653/653 654/654/654 655/655/655
f 655/655/655 656/656/656 653/653/653
f 657/657/657 658/658/658 659/659/659
f 659/659/659 660/660/660 657/657/657
f 661/661/661 662/662/662 663/663/663
f 663/663/663 664/664/664 661/661/661
f 665/665/665 666/666/666 667/667/667
f 667/667/667 668/668/668 665/665/665
f 669/669/669 670/670/670 671/671/671
f 671/671/671 672/672/672 669/669/669
f 673/673/673 674/674/674 675/675/675
f 675/675/675 676/676/676 673/673/673
f 677/677/677 678/678/678 679/679/679
f 679/679/679 680/680/680 677/677/677
f 681/681/681 682/682/682 683/683/683
f 683/683/683 684/684/684 681/681/681
f 685/685/685 686/686/686 687/687/687
f 687/687/687 688/688/688 685/685/685
f 689/689/689 690/690/690 691/691/691
f 691/691/691 692/692/692 689/689/689
f 693/693/693 694/694/694 695/695/695
f 695/695/695 696/696/696 693/693/693
f 697/697/697 698/698/698 699/699/699
f 699/699/699 700/700/700 697/697/697
f 701/701/701 702/702/702 703/703/703
f 703/703/703 704/704/704 701/701/701
f 705/705/705 706/706/706 707/707/707
f 707/707/707 708/708/708 705/705/705
f 709/709/709 710/710/710 711/711/711
f 711/711/711 712/712/712 709/709/709
f 713/713/713 714/714/714 715/715/715
f 715/715/715 716/716/716 713/713/713
f 717/717/717 718/718/718 719/719/719
f 719/719/719 720/720/720 717/717/717
f 721/721/721 722/722/722 723/723/723
f 723/723/723 724/724/724 721/721/721
f 725/725/725 726/726/726 727/727/727
f 727/727/727 728/728/728 725/725/725
f 729/729/729 730/730/730 731/731/731
f 731/731/731 732/732/732 729/729/729
f 733/733/733 734/734/734 735/735/735
f 735/735/735 736/736/736 733/733/733
f 737/737/737 738/738/738 739/739/739
f 739/739/739 740/740/740 737/737/737
f 741/741/741 742/742/742 743/743/743
f 743/743/743 744/744/744 741/741/741
f 745/745/745 746/746/746 747/747/747
f 747/747/747 748/748/748 745/745/745
f 749/749/749 750/750/750 751/751/751
f 751/751/751 752/752/752 749/749/749
f 753/753/753 754/754/754 755/755/755
f 755/755/755 756/756/756 753/753/753
f 757/757/757 758/758/758 759/759/759
f 759/759/759 760/760/760 757/757/757
f 761/761/761 762/762/762 763/763/763
f 763/763/763 764/764/764 761/761/761
f 765/765/765 766/766/766 767/767/767
f 767/767/767 768/768/768 765/765/765
f 769/769/769 770/770/770 771/771/771
f 771/771/771 772/772/772 769/769/769
f 773/773/773 774/774/774 775/775/775
f 775/775/775 776/776/776 773/773/773
f 777/777/777 778/778/778 779/779/779
f 779/779/779 780/780/780 777/777/777
f 781/781/781 782/782/782 783/783/783
f 783/783/783 784/784/784 781/781/781
f 785/785/785 786/786/786 787/787/787
f 787/787/787 788/788/788 785/785/785
f 789/789/789 790/790/790 791/791/791
f 791/791/791 792/792/792 789/789/789
f 793/793/793 794/794/794 795/795/795
f 795/795/795 796/796/796 793/793/793
f 797/797/797 798/798/798 799/799/799
f 799/799/799 800/800/800 797/797/797
f 801/801/801 802/802/802 803/803/803
f 803/803/803 804/804/804 801/801/801
f 805/805/805 806/806/806 807/807/807
f 807/807/807 808/808/808 805/805/805
f 809/809/809 810/810/810 811/811/811
f 811/811/811 812/812/812 809/809/809
f 813/813/813 814/814/814 815/815/815
f 815/815/815 816/816/816 813/813/813
f 817/817/817 818/818/818 819/819/819
f 819/819/819 820/820/820 817/817/817
f 821/821/821 822/822/822 823/823/823
f 823/823/823 824/824/824 821/821/821
f 825/825/825 826/826/826 827/827/827
f 827/827/827 828/828/828 825/825/825
f 829/829/829 830/830/830 831/831/831
f 831/831/831 832/832/832 829/829/829
f 833/833/833 834/834/834 835/835/835
f 835/835/835 836/836/836 833/833/833
f 837/837/837 838/838/838 839/839/839
f 839/839/839 840/840/840 837/837/837
f 841/841/841 842/842/842 843/843/843
f 843/843/843 844/844/844 841/841/841
f 845/845/845 846/846/846 847/847/847
f 847/847/847 848/848/848 845/845/845
f 849/849/849 850/850/850 851/851/851
f 851/851/851 852/852/852 849/849/849
f 853/853/853 854/854/854 855/855/855
f 855/855/855 856/856/856 853/853/853
f 857/857/857 858/858/858 859/859/859
f 859/859/859 860/860/860 857/857/857
f 861/861/861 862/862/862 863/863/863
f 863/863/863 864/864/864 861/861/861
f 865/865/865 866/866/866 867/867/867
f 867/867/867 868/868/868 865/865/865
f 869/869/869 870/870/870 871/871/871
f 871/871/871 872/872/872 869/869/869
f 873/873/873 874/874/874 875/875/875
f 875/875/875 876/876/876 873/873/873
f 877/877/877 878/878/878 879/879/879
f 879/879/879 880/880/880 877/877/877
f 881/881/881 882/882/882 883/883/883
f 883/883/883 884/884/884 881/881/881
f 885/885/885 886/886/886 887/887/887
f 887/887/887 888/888/888 885/885/885
f 889/889/889 890/890/890 891/891/891
f 891/891/891 892/892/892 889/889/889
f 893/893/893 894/894/894 895/895/895
f 895/895/895 896/896/896 893/893/893
f 897/897/897 898/898/898 899/899/899
f 899/899/899 900/900/900 897/897/897
f 901/901/901 902/902/902 903/903/903
f 903/903/903 904/904/904 901/901/901
f 905/905/905 906/906/906 907/907/907
f 907/907/907 908/908/908 905/905/905
f 909/909/909 910/910/910 911/911/911
f 911/911/911 912/912/912 909/909/909
f 913/913/913 914/914/914 915/915/915
f 915/915/915 916/916/916 913/913/913
f 917/917/917 918/918/918 919/919/919
f 919/919/919 920/920/920 917/917/917
f 921/921/921 922/922/922 923/923/923
f 923/923/923 924/924/924 921/921/921
f 925/925/925 926/926/926 927/927/927
f 927/927/927 928/928/928 925/925/925
f 929/929/929 930/930/930 931/931/931
f 931/931/931 932/932/932 929/929/929
f 933/933/933 934/934/934 935/935/935
f 935/935/935 936/936/936 933/933/933
f 937/937/937 938/938/938 939/939/939
f 939/939/939 940/940/940 937/937/937
f 941/941/941 942/942/942 943/943/943
f 943/943/943 944/944/944 941/941/941
f 945/945/945 946/946/946 947/947/947
f 947/947/947 948/948/948 945/945/945
f 949/949/949 950/950/950 951/951/951
f 951/951/951 952/952/952 949/949/949
f 953/953/953 954/954/954 955/955/955
f 955/955/955 956/956/956 953/953/953
f 957/957/957 958/958/958 959/959/959
f 959/959/959 960/960/960 957/957/957
f 961/961/961 962/962/962 963/963/963
f 963/963/963 964/964/964 961/961/961
f 965/965/965 966/966/966 967/967/967
f 967/967/967 968/968/968 965/965/965
f 969/969/969 970/970/970 971/971/971
f 971/971/971 972/972/972 969/969/969
f 973/973/973 974/974/974 975/975/975
f 975/975/975 976/976/976 973/973/973
f 977/977/977 978/978/978 979/979/979
f 979/979/979 980/980/980 977/977/977
f 981/981/981 982/982/982 983/983/983
f 983/983/983 984/984/984 981/981/981
f 985/985/985 986/986/986 987/987/987
f 987/987/987 988/988/988 985/985/985
f 989/989/989 990/990/990 991/991/991
f 991/991/991 992/992/992 989/989/989
f 993/993/993 994/994/994 995/995/995
f 995/995/995 996/996/996 993/993/993
f 997/997/997 998/998/998 999/999/999
f 999/999/999 1000/1000/1000 997/997/997
f 1001/1001/1001 1002/1002/1002 1003/1003/1003
f 1003/1003/1003 1004/1004/1004 1001/1001/1001
f 1005/1005/1005 1006/1006/1006 1007/1007/1007
f 1007/1007/1007 1008/1008/1008 1005/1005/1005
f 1009/1009/1009 1010/1010/1010 1011/1011/1011
f 1011/1011/1011 1012/1012/1012 1009/1009/1009
f 1013/1013/1013 1014/1014/1014 1015/1015/1015
f 1015/1015/1015 1016/1016/1016 1013/1013/1013
f 1017/1017/1017 1018/1018/1018 1019/1019/1019
f 1019/1019/1019 1020/1020/1020 1017/1017/1017
f 1021/1021/1021 1022/1022/1022 1023/1023/1023
f 1023/1023/1023 1024/1024/1024 1021/1021/1021
f 1025/1025/1025 1026/1026/1026 1027/1027/1027
f 1027/1027/1027 1028/1028/1028 1025/1025/1025
f 1029/1029/1029 1030/1030/1030 1031/1031/1031
f 1031/1031/1031 1032/1032/1032 1029/1029/1029
f 1033/1033/1033 1034/1034/1034 1035/1035/1035
f 1035/1035/1035 1036/1036/1036 1033/1033/1033
f 1037/1037/1037 1038/1038/1038 1039/1039/1039
f 1039/1039/1039 1040/1040/1040 1037/1037/1037
f 1041/1041/1041 1042/1042/1042 1043/1043/1043
f 1043/1043/1043 1044/1044/1044 1041/1041/1041
f 1045/1045/1045 1046/1046/1046 1047/1047/1047
f 1047/1047/1047 1048/1048/1048 1045/1045/1045
f 1049/1049/1049 1050/1050/1050 1051/1051/1051
f 1051/1051/1051 1052/1052/1052 1049/1049/1049
f 1053/1053/1053 1054/1054/1054 1055/1055/1055
f 1055/1055/1055 1056/1056/1056 1053/1053/1053
f 1057/1057/1057 1058/1058/1058 1059/1059/1059
f 1059/1059/1059 1060/1060/1060 1057/1057/1057
f 1061/1061/1061 1062/1062/1062 1063/1063/1063
f 1063/1063/1063 1064/1064/1064 1061/1061/1061
f 1065/1065/1065 1066/1066/1066 1067/1067/1067
f 1067/1067/1067 1068/1068/1068 1065/1065/1065
f 1069/1069/1069 1070/1070/1070 1071/1071/1071
f 1071/1071/1071 1072/1072/1072 1069/1069/1069
f 1073/1073/1073 1074/1074/1074 1075/1075/1075
f 1075/1075/1075 1076/1076/1076 1073/1073/1073
f 1077/1077/1077 1078/1078/1078 1079/1079/1079
f 1079/1079/1079 1080/1080/1080 1077/1077/1077
f 1081/1081/1081 1082/1082/1082 1083/1083/1083
f 1083/1083/1083 1084/1084/1084 1081/1081/1081
f 1085/1085/1085 1086/1086/1086 1087/1087/1087
f 1087/1087/1087 1088/1088/1088 1085/1085/1085
f 1089/1089/1089 1090/1090/1090 1091/1091/1091
f 1091/1091/1091 1092/1092/1092 1089/1089/1089
f 1093/1093/1093 1094/1094/1094 1095/1095/1095
f 1095/1095/1095 1096/1096/1096 1093/1093/1093
f 1097/1097/1097 1098/1098/1098 1099/1099/1099
f 1099/1099/1099 1100/1100/1100 1097/1097/1097
f 1101/1101/1101 1102/1102/1102 1103/1103/1103
f 1103/1103/1103 1104/1104/1104 1101/1101/1101
f 1105/1105/1105 1106/1106/1106 1107/1107/1107
f 1107/1107/1107 1108/1108/1108 1105/1105/1105
f 1109/1109/1109 1110/1110/1110 1111/1111/1111
f 1111/1111/1111 1112/1112/1112 1109/1109/1109
f 1113/1113/1113 1114/1114/1114 1115/1115/1115
f 1115/1115/1115 1116/1116/1116 1113/1113/1113
f 1117/1117/1117 1118/1118/1118 1119/1119/1119
f 1119/1119/1119 1120/1120/1120 1117/1117/1117
f 1121/1121/1121 1122/1122/1122 1123/1123/1123
f 1123/1123/1123 1124/1124/1124 1121/1121/1121
f 1125/1125/1125 1126/1126/1126 1127/1127/1127
f 1127/1127/1127 1128/1128/1128 1125/1125/1125
f 1129/1129/1129 1130/1130/1130 1131/1131/1131
f 1131/1131/1131 1132/1132/1132 1129/1129/1129
f 1133/1133/1133 1134/1134/1134 1135/1135/1135
f 1135/1135/1135 1136/1136/1136 1133/1133/1133
f 1137/1137/1137 1138/1138/1138 1139/1139/1139
f 1139/1139/1139 1140/1140/1140 1137/1137/1137
f 1141/1141/1141 1142/1142/1142 1143/1143/1143
f 1143/1143/1143 1144/1144/1144 1141/1141/1141
f 1145/1145/1145 1146/1146/1146 1147/1147/1147
f 1147/1147/1147 1148/1148/1148 1145/1145/1145
f 1149/1149/1149 1150/1150/1150 1151/1151/1151
f 1151/1151/1151 1152/1152/1152 1149/1149/1149
f 1153/1153/1153 1154/1154/1154 1155/1155/1155
f 1155/1155/1155 1156/1156/1156 1153/1153/1153
f 1157/1157/1157 1158/1158/1158 1159/1159/1159
f 1159/1159/1159 1160/1160/1160 1157/1157/1157
f 1161/1161/1161 1162/1162/1162 1163/1163/1163
f 1163/1163/1163 1164/1164/1164 1161/1161/1161
f 1165/1165/1165 1166/1166/1166 1167/1167/1167
f 1167/1167/1167 1168/1168/1168 1165/1165/1165
f 1169/1169/1169 1170/1170/1170 1171/1171/1171
f 1171/1171/1171 1172/1172/1172 1169/1169/1169
f 1173/1173/1173 1174/1174/1174 1175/1175/1175
f 1175/1175/1175 1176/1176/1176 1173/1173/1173
f 1177/1177/1177 1178/1178/1178 1179/1179/1179
f 1179/1179/1179 1180/1180/1180 1177/1177/1177
f 1181/1181/1181 1182/1182/1182 1183/1183/1183
f 1183/1183/1183 1184/1184/1184 1181/1181/1181
f 1185/1185/1185 1186/1186/1186 1187/1187/1187
f 1187/1187/1187 1188/1188/1188 1185/1185/1185
f 1189/1189/1189 1190/1190/1190 1191/1191/1191
f 1191/1191/1191 1192/1192/1192 1189/1189/1189
f 1193/1193/1193 1194/1194/1194 1195/1195/1195
f 1195/1195/1195 1196/1196/1196 1193/1193/1193
f 1197/1197/1197 1198/1198/1198 1199/1199/1199
f 1199/1199/1199 1200/1200/1200 1197/1197/1197
f 1201/1201/1201 1202/1202/1202 1203/1203/1203
f 1203/1203/1203 1204/1204/1204 1201/1201/1201
f 1205/1205/1205 1206/1206/1206 1207/1207/1207
f 1207/1207/1207 1208/1208/1208 1205/1205/1205
f 1209/1209/1209 1210/1210/1210 1211/1211/1211
f 1211/1211/1211 1212/1212/1212 1209/1209/1209
f 1213/1213/1213 1214/1214/1214 1215/1215/1215
f 1215/1215/1215 1216/1216/1216 1213/1213/1213
f 1217/1217/1217 1218/1218/1218 1219/1219/1219
f 1219/1219/1219 1220/1220/1220 1217/1217/1217
f 1221/1221/1221 1222/1222/1222 1223/1223/1223
f 1223/1223/1223 1224/1224/1224 1221/1221/1221
f 1225/1225/1225 1226/1226/1226 1227/1227/1227
f 1227/1227/1227 1228/1228/1228 1225/1225/1225
f 1229/1229/1229 1230/1230/1230 1231/1231/1231
f 1231/1231/1231 1232/1232/1232 1229/1229/1229
f 1233/1233/1233 1234/1234/1234 1235/1235/1235
f 1235/1235/1235 1236/1236/1236 1233/1233/1233
f 1237/1237/1237 1238/1238/1238 1239/1239/1239
f 1239/1239/1239 1240/1240/1240 1237/1237/1237
f 1241/1241/1241 1242/1242/1242 1243/1243/1243
f 1243/1243/1243 1244/1244/1244 1241/1241/1241
f 1245/1245/1245 1246/1246/1246 1247/1247/1247
f 1247/1247/1247 1248/1248/1248 1245/1245/1245
f 1249/1249/1249 1250/1250/1250 1251/1251/1251
f 1251/1251/1251 1252/1252/1252 1249/1249/1249
f 1253/1253/1253 1254/1254/1254 1255/1255/1255
f 1255/1255/1255 1256/1256/1256 1253/1253/1253
f 1257/1257/1257 1258/1258/1258 1259/1259/1259
f 1259/1259/1259 1260/1260/1260 1257/1257/1257
f 1261/1261/1261 1262/1262/1262 1263/1263/1263
f 1263/1263/1263 1264/1264/1264 1261/1261/1261
f 1265/1265/1265 1266/1266/1266 1267/1267/1267
f 1267/1267/1267 1268/1268/1268 1265/1265/1265
f 1269/1269/1269 1270/1270/1270 1271/1271/1271
f 1271/1271/1271 1272/1272/1272 1269/1269/1269
f 1273/1273/1273 1274/1274/1274 1275/1275/1275
f 1275/1275/1275 1276/1276/1276 1273/1273/1273
f 1277/1277/1277 1278/1278/1278 1279/1279/1279
f 1279/1279/1279 1280/1280/1280 1277/1277/1277
f 1281/1281/1281 1282/1282/1282 1283/1283/1283
f 1283/1283/1283 1284/1284/1284 1281/1281/1281
f 1285/1285/1285 1286/1286/1286 1287/1287/1287
f 1287/1287/1287 1288/1288/1288 1285/1285/1285
f 1289/1289/1289 1290/1290/1290 1291/1291/1291
f 1291/1291/1291 1292/1292/1292 1289/1289/1289
f 1293/1293/1293 1294/1294/1294 1295/1295/1295
f 1295/1295/1295 1296/1296/1296 1293/1293/1293
f 1297/1297/1297 1298/1298/1298 1299/1299/1299
f 1298/1298/1298 1300/1300/1300 1301/1301/1301
f 1302/1302/1302 1297/1297/1297 1303/1303/1303
f 1304/1304/1304 1302/1302/1302 1303/1303/1303
f 1300/1300/1300 1305/1305/1305 1306/1306/1306
f 1305/1305/1305 1307/1307/1307 1306/1306/1306
f 1308/1308/1308 1309/1309/1309 1310/1310/1310
f 1310/1310/1310 1311/1311/1311 1308/1308/1308
f 1312/1312/1312 1313/1313/1313 1314/1314/1314
f 1314/1314/1314 1315/1315/1315 1312/1312/1312
f 1316/1316/1316 1317/1317/1317 1318/1318/1318
f 1318/1318/1318 1319/1319/1319 1316/1316/1316
f 1320/1320/1320 1321/1321/1321 1322/1322/1322
f 1322/1322/1322 1323/1323/1323 1320/1320/1320
f 1324/1324/1324 1325/1325/1325 1326/1326/1326
f 1326/1326/1326 1327/1327/1327 1324/1324/1324
f 1328/1328/1328 1329/1329/1329 1330/1330/1330
f 1330/1330/1330 1331/1331/1331 1328/1328/1328
f 1332/1332/1332 1333/1333/1333 1334/1334/1334
f 1334/1334/1334 1335/1335/1335 1332/1332/1332
f 1336/1336/1336 1337/1337/1337 1338/1338/1338
f 1338/1338/1338 1339/1339/1339 1336/1336/1336
f 1340/1340/1340 1341/1341/1341 1342/1342/1342
f 1342/1342/1342 1343/1343/1343 1340/1340/1340
f 1344/1344/1344 1345/1345/1345 1346/1346/1346
f 1346/1346/1346 1347/1347/1347 1344/1344/1344
f 1348/1348/1348 1349/1349/1349 1350/1350/1350
f 1350/1350/1350 1351/1351/1351 1348/1348/1348
f 1352/1352/1352 1353/1353/1353 1354/1354/1354
f 1354/1354/1354 1355/1355/1355 1352/1352/1352
f 1356/1356/1356 1357/1357/1357 1358/1358/1358
f 1358/1358/1358 1359/1359/1359 1356/1356/1356
f 1360/1360/1360 1361/1361/1361 1362/1362/1362
f 1363/1363/1363 1362/1362/1362 1361/1361/1361
f 1362/1362/1362 1363/1363/1363 1364/1364/1364
f 1365/1365/1365 1364/1364/1364 1363/1363/1363
f 1363/1363/1363 1366/1366/1366 1365/1365/1365
f 1365/1365/1365 1366/1366/1366 1367/1367/1367
f 1368/1368/1368 1367/1367/1367 1366/1366/1366
f 1369/1369/1369 1368/1368/1368 1366/1366/1366
f 1370/1370/1370 1368/1368/1368 1369/1369/1369
f 1371/1371/1371 1372/1372/1372 1373/1373/1373
f 1373/1373/1373 1374/1374/1374 1371/1371/1371
f 1374/1374/1374 1373/1373/1373 1375/1375/1375
f 1375/1375/1375 1376/1376/1376 1374/1374/1374
f 1377/1377/1377 1374/1374/1374 1376/1376/1376
f 1377/1377/1377 1376/1376/1376 1378/1378/1378
f 1378/1378/1378 1379/1379/1379 1377/1377/1377
f 1379/1379/1379 1380/1380/1380 1377/1377/1377
f 1379/1379/1379 1381/1381/1381 1380/1380/1380
f 1382/1382/1382 1383/1383/1383 1384/1384/1384
f 1384/1384/1384 1383/1383/1383 1385/1385/1385
f 1386/1386/1386 1384/1384/1384 1385/1385/1385
f 1387/1387/1387 1388/1388/1388 1389/1389/1389
f 1389/1389/1389 1390/1390/1390 1387/1387/1387
f 1390/1390/1390 1389/1389/1389 1391/1391/1391
f 1391/1391/1391 1392/1392/1392 1390/1390/1390
f 1393/1393/1393 1394/1394/1394 1395/1395/1395
f 1394/1394/1394 1396/1396/1396 1395/1395/1395
f 1396/1396/1396 1397/1397/1397 1395/1395/1395
f 1398/1398/1398 1399/1399/1399 1400/1400/1400
f 1399/1399/1399 1401/1401/1401 1400/1400/1400
f 1401/1401/1401 1402/1402/1402 1400/1400/1400
f 1403/1403/1403 1404/1404/1404 1405/1405/1405
f 1404/1404/1404 1406/1406/1406 1405/1405/1405
f 1406/1406/1406 1407/1407/1407 1405/1405/1405
f 1408/1408/1408 1409/1409/1409 1410/1410/1410
f 1410/1410/1410 1411/1411/1411 1408/1408/1408
f 1412/1412/1412 1411/1411/1411 1410/1410/1410
f 1413/1413/1413 1414/1414/1414 1415/1415/1415
f 1415/1415/1415 1416/1416/1416 1413/1413/1413
f 1417/1417/1417 1416/1416/1416 1415/1415/1415
f 1418/1418/1418 1419/1419/1419 1420/1420/1420
f 1420/1420/1420 1421/1421/1421 1418/1418/1418
f 1422/1422/1422 1421/1421/1421 1420/1420/1420
f 1423/1423/1423 1424/1424/1424 1425/1425/1425
f 1423/1423/1423 1425/1425/1425 1426/1426/1426
f 1425/1425/1425 1427/1427/1427 1426/1426/1426
f 1427/1427/1427 1428/1428/1428 1426/1426/1426
f 1429/1429/1429 1430/1430/1430 1431/1431/1431
f 1430/1430/1430 1432/1432/1432 1431/1431/1431
f 1432/1432/1432 1433/1433/1433 1431/1431/1431
f 1434/1434/1434 1435/1435/1435 1436/1436/1436
f 1436/1436/1436 1437/1437/1437 1434/1434/1434
f 1437/1437/1437 1436/1436/1436 1438/1438/1438
f 1438/1438/1438 1439/1439/1439 1437/1437/1437
f 1440/1440/1440 1441/1441/1441 1442/1442/1442
f 1442/1442/1442 1443/1443/1443 1440/1440/1440
f 1443/1443/1443 1442/1442/1442 1444/1444/1444
f 1444/1444/1444 1445/1445/1445 1443/1443/1443
f 1446/1446/1446 1447/1447/1447 1448/1448/1448
f 1448/1448/1448 1449/1449/1449 1446/1446/1446
f 1449/1449/1449 1448/1448/1448 1450/1450/1450
f 1450/1450/1450 1451/1451/1451 1449/1449/1449
f 1452/1452/1452 1453/1453/1453 1454/1454/1454
f 1454/1454/1454 1455/1455/1455 1452/1452/1452
f 1455/1455/1455 1454/1454/1454 1456/1456/1456
f 1456/1456/1456 1457/1457/1457 1455/1455/1455
f 1458/1458/1458 1459/1459/1459 1460/1460/1460
f 1459/1459/1459 1461/1461/1461 1460/1460/1460
f 1461/1461/1461 1462/1462/1462 1460/1460/1460
f 1463/1463/1463 1464/1464/1464 1465/1465/1465
f 1464/1464/1464 1466/1466/1466 1465/1465/1465
f 1466/1466/1466 1467/1467/1467 1465/1465/1465
f 1468/1468/1468 1469/1469/1469 1470/1470/1470
f 1470/1470/1470 1471/1471/1471 1468/1468/1468
f 1472/1472/1472 1468/1468/1468 1471/1471/1471
f 1471/1471/1471 1473/1473/1473 1472/1472/1472
f 1474/1474/1474 1475/1475/1475 1476/1476/1476
f 1476/1476/1476 1477/1477/1477 1474/1474/1474
f 1478/1478/1478 1474/1474/1474 1477/1477/1477
f 1477/1477/1477 1479/1479/1479 1478/1478/1478
f 1480/1480/1480 1481/1481/1481 1482/1482/1482
f 1482/1482/1482 1483/1483/1483 1480/1480/1480
f 1484/1484/1484 1480/1480/1480 1483/1483/1483
f 1483/1483/1483 1485/1485/1485 1484/1484/1484
f 1486/1486/1486 1487/1487/1487 1488/1488/1488
f 1488/1488/1488 1489/1489/1489 1486/1486/1486
f 1490/1490/1490 1486/1486/1486 1489/1489/1489
f 1489/1489/1489 1491/1491/1491 1490/1490/1490
f 1492/1492/1492 1493/1493/1493 1494/1494/1494
f 1494/1494/1494 1495/1495/1495 1492/1492/1492
f 1496/1496/1496 1492/1492/1492 1495/1495/1495
f 1495/1495/1495 1497/1497/1497 1496/1496/1496
f 1498/1498/1498 1499/1499/1499 1500/1500/1500
f 1500/1500/1500 1501/1501/1501 1498/1498/1498
f 1502/1502/1502 1498/1498/1498 1501/1501/1501
f 1503/1503/1503 1504/1504/1504 1505/1505/1505
f 1505/1505/1505 1506/1506/1506 1503/1503/1503
f 1507/1507/1507 1503/1503/1503 1506/1506/1506
f 1508/1508/1508 1509/1509/1509 1510/1510/1510
f 1510/1510/1510 1511/1511/1511 1508/1508/1508
f 1512/1512/1512 1508/1508/1508 1511/1511/1511
f 1513/1513/1513 1514/1514/1514 1515/1515/1515
f 1515/1515/1515 1516/1516/1516 1513/1513/1513
f 1517/1517/1517 1513/1513/1513 1516/1516/1516
f 1516/1516/1516 1518/1518/1518 1517/1517/1517
f 1519/1519/1519 1520/1520/1520 1521/1521/1521
f 1521/1521/1521 1522/1522/1522 1519/1519/1519
f 1519/1519/1519 1522/1522/1522 1523/1523/1523
f 1523/1523/1523 1524/1524/1524 1519/1519/1519
f 1525/1525/1525 1526/1526/1526 1527/1527/1527
f 1527/1527/1527 1528/1528/1528 1525/1525/1525
f 1529/1529/1529 1528/1528/1528 1527/1527/1527
f 1527/1527/1527 1530/1530/1530 1529/1529/1529
f 1531/1531/1531 1532/1532/1532 1533/1533/1533
f 1533/1533/1533 1534/1534/1534 1531/1531/1531
f 1535/1535/1535 1534/1534/1534 1533/1533/1533
f 1533/1533/1533 1536/1536/1536 1535/1535/1535
f 1537/1537/1537 1538/1538/1538 1539/1539/1539
f 1539/1539/1539 1540/1540/1540 1537/1537/1537
f 1541/1541/1541 1540/1540/1540 1539/1539/1539
f 1539/1539/1539 1542/1542/1542 1541/1541/1541
f 1543/1543/1543 1544/1544/1544 1545/1545/1545
f 1545/1545/1545 1546/1546/1546 1543/1543/1543
f 1547/1547/1547 1546/1546/1546 1545/1545/1545
f 1545/1545/1545 1548/1548/1548 1547/1547/1547
f 1549/1549/1549 1550/1550/1550 1551/1551/1551
f 1551/1551/1551 1552/1552/1552 1549/1549/1549
f 1553/1553/1553 1552/1552/1552 1551/1551/1551
f 1551/1551/1551 1554/1554/1554 1553/1553/1553
f 1555/1555/1555 1556/1556/1556 1557/1557/1557
f 1555/1555/1555 1557/1557/1557 1558/1558/1558
f 1555/1555/1555 1558/1558/1558 1559/1559/1559
f 1558/1558/1558 1560/1560/1560 1559/1559/1559
f 1561/1561/1561 1555/1555/1555 1559/1559/1559
f 1562/1562/1562 1563/1563/1563 1564/1564/1564
f 1564/1564/1564 1565/1565/1565 1562/1562/1562
f 1562/1562/1562 1565/1565/1565 1566/1566/1566
f 1566/1566/1566 1567/1567/1567 1562/1562/1562
f 1568/1568/1568 1569/1569/1569 1570/1570/1570
f 1570/1570/1570 1571/1571/1571 1568/1568/1568
f 1568/1568/1568 1571/1571/1571 1572/1572/1572
f 1572/1572/1572 1573/1573/1573 1568/1568/1568
f 1574/1574/1574 1575/1575/1575 1576/1576/1576
f 1576/1576/1576 1577/1577/1577 1574/1574/1574
f 1574/1574/1574 1577/1577/1577 1578/1578/1578
f 1578/1578/1578 1579/1579/1579 1574/1574/1574
f 1580/1580/1580 1581/1581/1581 1582/1582/1582
f 1582/1582/1582 1583/1583/1583 1580/1580/1580
f 1583/1583/1583 1582/1582/1582 1584/1584/1584
f 1582/1582/1582 1585/1585/1585 1584/1584/1584
f 1586/1586/1586 1583/1583/1583 1584/1584/1584
f 1587/1587/1587 1588/1588/1588 1589/1589/1589
f 1589/1589/1589 1590/1590/1590 1587/1587/1587
f 1590/1590/1590 1589/1589/1589 1591/1591/1591
f 1589/1589/1589 1592/1592/1592 1591/1591/1591
f 1593/1593/1593 1590/1590/1590 1591/1591/1591
f 1594/1594/1594 1595/1595/1595 1596/1596/1596
f 1596/1596/1596 1597/1597/1597 1594/1594/1594
f 1594/1594/1594 1597/1597/1597 1598/1598/1598
f 1598/1598/1598 1599/1599/1599 1594/1594/1594
f 1600/1600/1600 1601/1601/1601 1602/1602/1602
f 1602/1602/1602 1603/1603/1603 1600/1600/1600
f 1603/1603/1603 1602/1602/1602 1604/1604/1604
f 1602/1602/1602 1605/1605/1605 1604/1604/1604
f 1606/1606/1606 1603/1603/1603 1604/1604/1604
f 1607/1607/1607 1608/1608/1608 1609/1609/1609
f 1609/1609/1609 1610/1610/1610 1607/1607/1607
f 1610/1610/1610 1609/1609/1609 1611/1611/1611
f 1609/1609/1609 1612/1612/1612 1611/1611/1611
f 1613/1613/1613 1610/1610/1610 1611/1611/1611
f 1614/1614/1614 1615/1615/1615 1616/1616/1616
f 1617/1617/1617 1614/1614/1614 1616/1616/1616
f 1617/1617/1617 1618/1618/1618 1614/1614/1614
f 1619/1619/1619 1617/1617/1617 1616/1616/1616
f 1618/1618/1618 1617/1617/1617 1620/1620/1620
f 1619/1619/1619 1616/1616/1616 1621/1621/1621
f 1620/1620/1620 1622/1622/1622 1618/1618/1618
f 1621/1621/1621 1623/1623/1623 1619/1619/1619
f 1624/1624/1624 1622/1622/1622 1620/1620/1620
f 1623/1623/1623 1621/1621/1621 1624/1624/1624
f 1624/1624/1624 1620/1620/1620 1623/1623/1623
