v -0.289499 0.619299 0.788274
v -0.229348 -0.08544999999999994 0.940728
v 0.613784 -0.021724999999999953 0.788313
v 0.275308 -1.168262 0.9983370000000001
v 0.450578 -1.152994 1.108337
v 0.482149 -1.117836 0.6465960000000001
v 0.813164 -1.104533 1.178118
v 0.851111 -1.136374 0.9984140000000001
v 0.845006 -1.066585 0.9984140000000001
v 0.813164 -1.104533 1.178118
v 0.781322 -1.14248 0.9984140000000001
v 0.851111 -1.136374 0.9984140000000001
v 0.441481 0.920963 0.8762779999999999
v 0.45022 0.8885940000000001 0.955405
v 0.458957 0.856227 0.876278
v 0.458957 0.856227 0.876278
v 0.45022 0.888594 0.84275
v 0.441481 0.920963 0.8762779999999999
v 0.443319 1.239098 0.8762779999999999
v 0.45243 1.271365 0.9554049999999998
v 0.46154 1.303629 0.8762779999999999
v 0.46154 1.303629 0.8762779999999999
v 0.45243 1.271365 0.8427499999999999
v 0.443319 1.239098 0.8762779999999999
v 1.418375 0.9023740000000001 0.947637
v 1.409203 0.8701250000000001 1.026763
v 1.400033 0.8378780000000001 0.947637
v 1.400033 0.8378780000000001 0.947637
v 1.409203 0.8701250000000001 0.914109
v 1.418375 0.9023740000000001 0.947637
v 0.628717 1.336266 -8.182269398547185E-17
v 0.648853 1.314937 -8.051666940652116E-17
v 0.64885 1.315047 0.23834899999999992
v 0.64885 1.315047 0.23834899999999992
v 0.628717 1.336266 0.23834899999999992
v 0.628717 1.336266 -8.182269398547185E-17
v -0.326721 0.6184730000000002 1.393888
v -0.297859 0.6527470000000001 1.602105
v -1.386527 0.5579160000000001 1.602105
v -1.386527 0.5579160000000001 1.602105
v -1.346715 0.5292350000000001 1.393888
v -0.326721 0.6184730000000002 1.393888
v -0.237472 -0.4016539999999999 1.393888
v -1.257465 -0.4908919999999999 1.393888
v -1.291756 -0.5252299999999999 1.602105
v -1.291756 -0.5252299999999999 1.602105
v -0.203096 -0.4303999999999999 1.602105
v -0.237472 -0.4016539999999999 1.393888
v 1.423022 1.222069 0.8762779999999999
v 1.414343 1.254454 0.9554049999999998
v 1.405666 1.286837 0.8762779999999999
v 1.405666 1.286837 0.8762779999999999
v 1.414343 1.254454 0.8427499999999999
v 1.423022 1.222069 0.8762779999999999
v 1.100036 1.413073 -8.65257663205774E-17
v 1.080535 1.434983 -8.78673668890433E-17
v 1.080534 1.434874 0.23834899999999992
v 1.080534 1.434874 0.23834899999999992
v 1.100036 1.413073 0.23834899999999992
v 1.100036 1.413073 -8.65257663205774E-17
v -0.983168 -1.277623 0.0012100000000000782
v -0.993189 -1.278697 1.025878
v -1.048674 -0.5069639999999999 1.012329
v -1.048674 -0.5069639999999999 1.012329
v -1.050472 -0.508534 0.0012130000000000313
v -0.983168 -1.277623 0.0012100000000000782
v 0.845005 -1.066585 0.5578490000000002
v 0.775215 -1.07269 0.6453620000000001
v 0.775215 -1.07269 0.9984140000000001
v 0.775215 -1.07269 0.9984140000000001
v 0.845005 -1.066585 0.9984140000000001
v 0.845005 -1.066585 0.5578490000000002
v -0.949421 -1.243082 0.6462540000000001
v -0.993189 -1.278697 1.025878
v 0.275308 -1.168262 0.9983370000000001
v 0.275308 -1.168262 0.9983370000000001
v 0.482149 -1.117836 0.6465960000000001
v -0.949421 -1.243082 0.6462540000000001
v -0.993189 -1.278697 1.025878
v -0.949421 -1.243082 0.6462540000000001
v -1.014334 -0.505381 0.646302
v -1.014334 -0.505381 0.646302
v -1.048674 -0.5069639999999999 1.012329
v -0.993189 -1.278697 1.025878
v -0.174957 -0.703275 0.724539
v -0.198734 -0.43385399999999996 0.684706
v -0.174957 -0.703274 0.684181
v -0.187417 -1.176473 0.6840900000000001
v -0.134176 -1.171757 0.7246750000000001
v -0.228404 -0.70795 0.684156
v -0.134176 -1.171757 0.7246750000000001
v -0.174957 -0.703275 0.724539
v -0.228404 -0.70795 0.684156
v -0.174957 -0.703275 0.724539
v -0.174957 -0.703275 0.724539
v -0.228404 -0.70795 0.684156
v -0.787418 0.07258700000000014 2.185833
v -0.787418 0.07258700000000012 2.033455
v -0.80199 0.07110800000000013 2.033455
v -0.80199 0.07110800000000013 2.033455
v -0.80199 0.07110800000000014 2.185833
v -0.787418 0.07258700000000014 2.185833
v 0.695376 -0.03413099999999995 0.766098
v 0.725857 0.001170000000000068 1.108519
v -0.226646 -0.11482299999999994 0.966738
v -0.226646 -0.11482299999999994 0.966738
v -0.226648 -0.11479799999999996 0.766103
v 0.695376 -0.03413099999999995 0.766098
v 0.695376 -0.03413099999999995 0.766098
v 0.789439 -1.089298 0.7660980000000001
v 0.789458 -1.089295 0.9669340000000001
v 0.789458 -1.089295 0.9669340000000001
v 0.725857 0.001170000000000068 1.108519
v 0.695376 -0.03413099999999995 0.766098
v 0.625814 -1.140106 0.7660980000000001
v 0.625157 -1.136726 0.9667370000000001
v 0.622355 -1.104475 0.9667370000000001
v 0.622355 -1.104475 0.9667370000000001
v 0.622336 -1.104477 0.7660970000000001
v 0.625814 -1.140106 0.7660980000000001
v 0.789458 -1.089295 0.9669340000000001
v 0.622355 -1.104475 0.9667370000000001
v 0.625157 -1.136726 0.9667370000000001
v 0.625157 -1.136726 0.9667370000000001
v 0.825121 -1.119232 0.9669330000000002
v 0.789458 -1.089295 0.9669340000000001
v 0.482149 -1.117836 0.6465960000000001
v 0.450578 -1.152994 1.108337
v 0.505845 -1.388764 0.6465990000000001
v 1.110285 -1.368149 0.9664460000000001
v 1.081496 -1.338402 0.6466100000000001
v 0.505845 -1.388764 0.6465990000000001
v 0.505845 -1.388764 0.6465990000000001
v 0.471508 -1.423741 1.108337
v 1.110285 -1.368149 0.9664460000000001
v 0.471508 -1.423741 1.108337
v 0.505845 -1.388764 0.6465990000000001
v 0.450578 -1.152994 1.108337
v 0.744925 -1.401227 0.9667510000000001
v 0.848998 -1.392122 0.8395740000000002
v 0.853766 -1.359003 0.8482360000000001
v 0.853766 -1.359003 0.8482360000000001
v 0.742027 -1.368093 0.9667510000000001
v 0.744925 -1.401227 0.9667510000000001
v 1.060511 -1.098545 0.6465410000000001
v 1.081496 -1.338402 0.6466100000000001
v 1.110339 -1.36818 0.9664460000000001
v 1.110339 -1.36818 0.9664460000000001
v 1.060511 -1.098545 0.8395710000000001
v 1.060511 -1.098545 0.6465410000000001
v 1.081496 -1.338405 0.8395740000000002
v 0.853766 -1.359003 0.8482360000000001
v 0.848998 -1.392122 0.8395740000000002
v 0.848998 -1.392122 0.8395740000000002
v 1.116339 -1.368733 0.8395750000000001
v 1.081496 -1.338405 0.8395740000000002
v 1.021227 -0.281974 0.0012220000000000173
v 0.989329 -0.28493 0.0025580000000000173
v 1.021276 -0.282144 0.23682800000000004
v 0.989329 -0.28493 0.0025580000000000173
v 0.989329 -0.28493 0.23692000000000002
v 1.021276 -0.282144 0.23682800000000004
v 0.989329 -0.28493 0.23692000000000002
v 0.989329 -0.28493 0.23692000000000002
v 1.021276 -0.282144 0.23682800000000004
v 1.060511 -1.098545 0.8395710000000001
v 1.060511 -1.098545 0.8395710000000001
v 1.081496 -1.338405 0.8395740000000002
v 0.813164 -1.104533 1.178118
v 0.845006 -1.066585 0.9984140000000001
v 0.775216 -1.07269 0.9984140000000001
v 0.813164 -1.104533 1.178118
v 0.781322 -1.14248 0.9984140000000001
v -0.793961 0.06455200000000014 2.238819
v -0.761001 0.06771800000000014 2.189166
v -0.797305 0.09756900000000014 2.189167
v -0.793961 0.06455200000000012 2.139973
v -0.797305 0.09756900000000014 2.189167
v -0.793961 0.06455200000000014 2.238819
v -0.797305 0.09756900000000014 2.189167
v -0.826943 0.06123500000000013 2.189167
v -0.793961 0.06455200000000012 2.139973
v -0.826943 0.06123500000000013 2.189167
v -0.793961 0.06455200000000014 2.238819
v -0.826943 0.06123500000000013 2.189167
v -0.790608 0.03159700000000013 2.189166
v -0.793961 0.06455200000000012 2.139973
v -0.790608 0.03159700000000013 2.189166
v -0.793961 0.06455200000000015 2.476511
v -0.761001 0.06771800000000015 2.426857
v -0.797305 0.09756900000000016 2.426858
v -0.793961 0.06455200000000014 2.377665
v -0.797305 0.09756900000000016 2.426858
v -0.793961 0.06455200000000015 2.476511
v -0.797305 0.09756900000000016 2.426858
v -0.826943 0.061235000000000143 2.426858
v -0.793961 0.06455200000000014 2.377665
v -0.826943 0.061235000000000143 2.426858
v -0.793961 0.06455200000000015 2.476511
v -0.826943 0.061235000000000143 2.426858
v -0.790608 0.031597000000000146 2.426857
v -0.793961 0.06455200000000014 2.377665
v -0.790608 0.031597000000000146 2.426857
v 0.466544 0.887203 0.85733
v 0.463768 0.887198 -0.013348000000000054
v 0.43795 0.902054 -0.013363000000000055
v 0.441545 0.902061 0.858068
v 0.466544 0.887203 0.85733
v 0.441545 0.902061 0.858068
v 0.43795 0.902054 -0.013363000000000055
v 0.438008 0.872246 -0.013366000000000053
v 0.438008 0.872246 -0.013366000000000053
v 0.441716 0.872253 0.853952
v 0.468769 1.272567 0.8573299999999999
v 0.4436 1.258 0.8580679999999999
v 0.440005 1.258048 -0.013363000000000076
v 0.465993 1.272605 -0.013348000000000079
v 0.468769 1.272567 0.8573299999999999
v 0.4436 1.258 0.8580679999999999
v 0.444115 1.287804 0.8539519999999999
v 0.440408 1.287854 -0.013366000000000077
v 0.440408 1.287854 -0.013366000000000077
v 0.440005 1.258048 -0.013363000000000076
v 1.392862 0.8689520000000001 0.928689
v 1.418058 0.8834740000000001 0.929427
v 1.423871 0.884982 -0.013363000000000054
v 1.397857 0.870474 -0.013348000000000054
v 1.392862 0.8689520000000001 0.928689
v 1.418058 0.8834740000000001 0.929427
v 1.417488 0.8536710000000001 0.92531
v 1.423414 0.855177 -0.013366000000000051
v 1.423414 0.855177 -0.013366000000000051
v 1.423871 0.884982 -0.013363000000000054
v 0.631312 1.432584 0.23834899999999992
v 0.652558 1.45269 0.23834899999999992
v 0.652567 1.452798 -8.895822102538382E-17
v 0.631312 1.432584 -8.77204705054856E-17
v 0.631312 1.432584 0.23834899999999992
v 1.094617 1.316873 0.23834899999999992
v 1.07279 1.2974 0.23834899999999992
v 1.072778 1.297291 -7.943616353563345E-17
v 1.094617 1.316873 -8.063521521667862E-17
v 1.094617 1.316873 0.23834899999999992
v -0.241302 -0.6319499999999999 1.027824
v -0.265567 -0.6073989999999999 1.027824
v -0.265567 -0.607399 0.794321
v -0.241302 -0.63195 0.794321
v -0.241302 -0.6319499999999999 1.027824
v 1.398022 1.255876 0.8573299999999999
v 1.400798 1.255875 -0.013348000000000077
v 1.426589 1.240971 -0.013363000000000076
v 1.422993 1.240971 0.8580679999999999
v 1.398022 1.255876 0.8573299999999999
v 1.422993 1.240971 0.8580679999999999
v 1.426589 1.240971 -0.013363000000000076
v 1.426586 1.27078 -0.013366000000000077
v 1.426586 1.27078 -0.013366000000000077
v 1.422878 1.27078 0.8539519999999999
v -0.793958 0.06456700000000015 2.403366
v -0.729913 0.07072100000000014 2.306882
v -0.800457 0.12872500000000014 2.306883
v -0.793958 0.06456700000000014 2.211293
v -0.800457 0.12872500000000014 2.306883
v -0.793958 0.06456700000000015 2.403366
v -0.800457 0.12872500000000014 2.306883
v -0.858049 0.05812300000000014 2.306883
v -0.793958 0.06456700000000014 2.211293
v -0.858049 0.05812300000000014 2.306883
v -0.793958 0.06456700000000015 2.403366
v -0.858049 0.05812300000000014 2.306883
v -0.787444 0.0005310000000001413 2.306882
v -0.793958 0.06456700000000014 2.211293
v -0.787444 0.0005310000000001413 2.306882
v 0.781321 -1.14248 0.6453620000000001
v 0.851111 -1.136374 0.5578490000000002
v 0.851111 -1.136374 0.9984140000000001
v 0.851111 -1.136374 0.9984140000000001
v 0.781321 -1.14248 0.9984140000000001
v -1.01432 -0.505387 0.876223
v -1.050454 -0.50854 0.876224
v -0.983149 -1.277641 0.8761750000000001
v -0.983149 -1.277641 0.8761750000000001
v -0.949408 -1.24308 0.8761750000000001
v -0.80051 0.056536000000000135 2.185833
v -0.80051 0.05653600000000013 2.033455
v -0.785938 0.05801500000000012 2.033457
v -0.785938 0.05801500000000012 2.033457
v -0.785938 0.05801600000000013 2.185834
v 0.727238 -0.0004259999999999408 0.966933
v 0.695378 -0.034155999999999936 0.966932
v 0.789458 -1.089295 0.9669340000000001
v 0.825121 -1.119232 0.9669330000000002
v 0.727238 -0.0004259999999999408 0.966933
v 0.475532 -1.424796 0.9667510000000001
v 0.505844 -1.388757 0.9667510000000001
v 0.482149 -1.117836 0.9667390000000001
v 0.451687 -1.152256 0.9667510000000001
v 0.475532 -1.424796 0.9667510000000001
v -0.218737 -1.205238 0.7136760000000001
v -0.236294 -1.444984 0.6906000000000001
v 0.443029 -1.455697 0.6413320000000001
v 0.415337 -1.15032 0.6913330000000001
v 0.364188 1.301501 0.5013679999999999
v 0.364188 0.910578 0.5013679999999999
v 0.364188 0.844358 0.720063
v 0.364188 1.328133 0.7200629999999999
v 1.464451 0.875257 0.632125
v 1.461675 1.265156 0.5205849999999999
v 1.460203 1.310811 0.7217289999999998
v 1.464331 0.827036 0.798678
v 1.460203 1.310811 0.7217289999999998
v 1.460203 1.310811 0.5144319999999999
v 0.490934 1.328132 0.45986599999999994
v 0.364188 1.328133 0.7200629999999999
v 0.364188 0.844358 0.720063
v 1.464331 0.827036 0.798678
v 1.460203 1.310811 0.7217289999999998
v 0.364188 1.328133 0.7200629999999999
v -0.29662 0.111286 0.0012969999999999933
v -0.279233 -0.080368 0.001229000000000005
v -0.279351 -0.08024199999999995 0.610557
v -0.29662 0.11128600000000004 0.610541
v -1.387529 0.561237 0.0012129999999999658
v -1.292078 -0.529509 0.0012130000000000326
v -1.291756 -0.5252299999999999 1.602105
v -1.386527 0.5579160000000001 1.602105
v -0.297859 0.6527470000000001 1.602105
v -0.203096 -0.4303999999999999 1.602105
v -0.198735 -0.433854 -0.00026499999999997343
v -0.294164 0.656894 0.00121299999999996
v 0.406871 -1.331961 -0.012934999999999919
v 0.393849 -1.433156 0.7128550000000001
v 0.383976 -1.425095 0.7137660000000001
v 0.397097 -1.323858 -0.012025999999999919
v -0.793961 0.06455200000000014 2.238819
v -0.790608 0.03159700000000013 2.189166
v -0.761001 0.06771800000000014 2.189166
v -0.793961 0.06455200000000012 2.139973
v -0.793961 0.06455200000000015 2.476511
v -0.790608 0.031597000000000146 2.426857
v -0.761001 0.06771800000000015 2.426857
v -0.793961 0.06455200000000014 2.377665
v 0.553775 -0.27075799999999994 0.898858
v 0.553776 -0.27075799999999994 0.761768
v 0.567517 -0.42836599999999997 0.761768
v 0.567517 -0.42836599999999997 0.898858
v 0.567517 -0.42836599999999997 0.898858
v 0.730624 -0.4131139999999999 0.898858
v 0.716883 -0.25550399999999995 0.898858
v 0.553775 -0.27075799999999994 0.898858
v 0.716883 -0.25550399999999995 0.898858
v 0.716883 -0.25550399999999995 0.761768
v 0.553776 -0.27075799999999994 0.761768
v 0.553775 -0.27075799999999994 0.898858
v 0.567517 -0.42836599999999997 0.898858
v 0.567517 -0.42836599999999997 0.761768
v 0.730624 -0.4131139999999999 0.761768
v 0.730624 -0.4131139999999999 0.898858
v 0.730624 -0.4131139999999999 0.898858
v 0.730624 -0.4131139999999999 0.761768
v 0.716883 -0.25550399999999995 0.761768
v 0.716883 -0.25550399999999995 0.898858
v -0.778694 0.661345 -4.049570186910531E-17
v -0.778694 0.661345 0.35396799999999995
v -0.809696 1.015693 0.26312299999999994
v -0.809696 1.015693 -6.219325906831862E-17
v -0.778694 0.661345 -4.049570186910531E-17
v -0.438065 0.691146 -4.232048683217483E-17
v -0.438065 0.691146 0.35396799999999995
v -0.778694 0.661345 0.35396799999999995
v -0.438065 0.691146 -4.232048683217483E-17
v -0.469066 1.045493 -6.401798279904819E-17
v -0.469066 1.045493 0.26312299999999994
v -0.438065 0.691146 0.35396799999999995
v -0.469066 1.045493 0.26312299999999994
v -0.469066 1.045493 -6.401798279904819E-17
v -0.809696 1.015693 -6.219325906831862E-17
v -0.809696 1.015693 0.26312299999999994
v -1.252375 0.619902 -3.7958050004252125E-17
v -1.252375 0.619902 0.35396799999999995
v -1.283377 0.974252 0.26312299999999994
v -1.283377 0.974252 -5.965572966814536E-17
v -1.252375 0.619902 -3.7958050004252125E-17
v -0.911744 0.649704 -3.9782896199661595E-17
v -0.911744 0.649704 0.35396799999999995
v -1.252375 0.619902 0.35396799999999995
v -0.911744 0.649704 -3.9782896199661595E-17
v -0.942746 1.004052 -6.148045339887491E-17
v -0.942746 1.004052 0.26312299999999994
v -0.911744 0.649704 0.35396799999999995
v -0.942746 1.004052 0.26312299999999994
v -0.942746 1.004052 -6.148045339887491E-17
v -1.283377 0.974252 -5.965572966814536E-17
v -1.283377 0.974252 0.26312299999999994
v 0.825335 0.988945 -6.055541643913896E-17
v 0.825335 0.988945 0.35396799999999995
v 0.80982 0.633581 0.26312299999999994
v 0.80982 0.633581 -3.8795647182528954E-17
v 0.825335 0.988945 -6.055541643913896E-17
v 0.483729 1.003859 -6.146863555726314E-17
v 0.483729 1.003859 0.35396799999999995
v 0.825335 0.988945 0.35396799999999995
v 0.483729 1.003859 -6.146863555726314E-17
v 0.468213 0.648496 -3.9708927532993095E-17
v 0.468213 0.648496 0.26312299999999994
v 0.483729 1.003859 0.35396799999999995
v 0.468213 0.648496 0.26312299999999994
v 0.468213 0.648496 -3.9708927532993095E-17
v 0.80982 0.633581 -3.8795647182528954E-17
v 0.80982 0.633581 0.26312299999999994
v 1.379321 0.964756 -5.90742673679102E-17
v 1.379321 0.964756 0.35396799999999995
v 1.363806 0.609393 0.26312299999999994
v 1.363806 0.609393 -3.731455934364015E-17
v 0.394012 0.802295 0.700847
v 0.419647 0.802294 0.684492
v 0.419795 1.403057 0.6845969999999999
v 0.394872 1.403057 0.7004829999999999
v 0.441481 0.920963 0.8762779999999999
v 0.45022 0.888594 0.84275
v 0.458957 0.856227 0.876278
v 0.45022 0.8885940000000001 0.955405
v 0.441716 0.872253 0.853952
v 0.438008 0.872246 -0.013366000000000053
v 0.463768 0.887198 -0.013348000000000054
v 0.466544 0.887203 0.85733
v 0.443319 1.239098 0.8762779999999999
v 0.45243 1.271365 0.8427499999999999
v 0.46154 1.303629 0.8762779999999999
v 0.45243 1.271365 0.9554049999999998
v 0.444115 1.287804 0.8539519999999999
v 0.468769 1.272567 0.8573299999999999
v 0.465993 1.272605 -0.013348000000000079
v 0.440408 1.287854 -0.013366000000000077
v 1.418375 0.9023740000000001 0.947637
v 1.409203 0.8701250000000001 0.914109
v 1.400033 0.8378780000000001 0.947637
v 1.409203 0.8701250000000001 1.026763
v 1.417488 0.8536710000000001 0.92531
v 1.392862 0.8689520000000001 0.928689
v 1.397857 0.870474 -0.013348000000000054
v 1.423414 0.855177 -0.013366000000000051
v 0.628717 1.336266 -8.182269398547185E-17
v 0.628717 1.336266 0.23834899999999992
v 0.64885 1.315047 0.23834899999999992
v 0.648853 1.314937 -8.051666940652116E-17
v 0.631312 1.432584 -8.77204705054856E-17
v 0.652567 1.452798 -8.895822102538382E-17
v 0.652558 1.45269 0.23834899999999992
v 0.631312 1.432584 0.23834899999999992
v 1.094617 1.316873 -8.063521521667862E-17
v 1.072778 1.297291 -7.943616353563345E-17
v 1.07279 1.2974 0.23834899999999992
v 1.094617 1.316873 0.23834899999999992
v -1.257465 -0.4908919999999999 1.393888
v -1.346715 0.5292350000000001 1.393888
v -1.386527 0.5579160000000001 1.602105
v -1.291756 -0.5252299999999999 1.602105
v -0.265567 -0.6073989999999999 1.027824
v -0.241302 -0.6319499999999999 1.027824
v -0.241302 -0.63195 0.794321
v -0.265567 -0.607399 0.794321
v 0.410223 -0.17558399999999993 0.898858
v 0.410224 -0.17558299999999993 0.761768
v 0.535708 -0.2719309999999999 0.761768
v 0.535708 -0.2719309999999999 0.898858
v 0.535708 -0.2719309999999999 0.898858
v 0.634656 -0.14137099999999994 0.898858
v 0.509171 -0.045022999999999945 0.898858
v 0.410223 -0.17558399999999993 0.898858
v 1.423022 1.222069 0.8762779999999999
v 1.414343 1.254454 0.8427499999999999
v 1.405666 1.286837 0.8762779999999999
v 1.414343 1.254454 0.9554049999999998
v 1.379321 0.964756 -5.90742673679102E-17
v 1.037715 0.979671 -5.998754771837432E-17
v 1.037715 0.979671 0.35396799999999995
v 1.379321 0.964756 0.35396799999999995
v 1.037715 0.979671 -5.998754771837432E-17
v 1.0222 0.624308 -3.822783969410429E-17
v 1.0222 0.624308 0.26312299999999994
v 1.037715 0.979671 0.35396799999999995
v 1.0222 0.624308 0.26312299999999994
v 1.0222 0.624308 -3.822783969410429E-17
v 1.363806 0.609393 -3.731455934364015E-17
v 1.363806 0.609393 0.26312299999999994
v 1.100036 1.413073 -8.65257663205774E-17
v 1.100036 1.413073 0.23834899999999992
v 1.080534 1.434874 0.23834899999999992
v 1.080535 1.434983 -8.78673668890433E-17
v 1.422878 1.27078 0.8539519999999999
v 1.426586 1.27078 -0.013366000000000077
v 1.400798 1.255875 -0.013348000000000077
v 1.398022 1.255876 0.8573299999999999
v 1.422219 0.784975 0.779974
v 1.447854 0.784974 0.763619
v 1.444061 1.385735 0.6785469999999999
v 1.419138 1.385736 0.6944329999999999
v -0.793958 0.06456700000000015 2.403366
v -0.787444 0.0005310000000001413 2.306882
v -0.729913 0.07072100000000014 2.306882
v -0.793958 0.06456700000000014 2.211293
v 1.060511 -1.098545 0.8395710000000001
v 0.989329 -0.28493 0.23692000000000002
v 0.989329 -0.28493 -0.020915999999999983
v 1.060511 -1.098545 0.6052080000000001
v -1.257465 -0.4908919999999999 1.393888
v -0.237472 -0.4016539999999999 1.393888
v -0.326721 0.6184730000000002 1.393888
v -1.346715 0.5292350000000001 1.393888
v -0.342716 -0.619416 0.801474
v -0.299454 -0.619669 0.676199
v -0.251694 -0.667429 0.676199
v -0.251441 -0.710692 0.801474
v -0.251441 -0.710692 0.801474
v -0.251694 -0.667429 0.676199
v -0.20449 -0.620225 0.676199
v -0.161228 -0.620478 0.801474
v -0.161228 -0.620478 0.801474
v -0.20449 -0.620225 0.676199
v -0.25225 -0.572465 0.676199
v -0.252503 -0.529203 0.801474
v -0.252503 -0.529203 0.801474
v -0.25225 -0.572465 0.676199
v -0.299454 -0.619669 0.676199
v -0.342716 -0.619416 0.801474
v -0.161228 -0.620478 0.801474
v -0.252503 -0.529203 0.801474
v -0.342716 -0.619416 0.801474
v -0.251441 -0.710692 0.801474
v -0.314306 -0.6020969999999999 1.06912
v -0.304091 -0.6600289999999999 1.06912
v -0.246754 -0.6200519999999999 1.026976
v -0.480921 -0.6613429999999999 1.026976
v -0.266531 -0.6837269999999999 1.06912
v -0.20971 -0.6685019999999999 1.06912
v -0.254532 -0.6148669999999999 1.026976
v -0.19299 -0.8445439999999999 1.026976
v -0.19456 -0.6530939999999998 1.06912
v -0.19456 -0.5942689999999999 1.06912
v -0.257968 -0.6236809999999999 1.026976
v -0.020188 -0.6236819999999998 1.026976
v -0.279274 -0.5543079999999999 1.06912
v -0.320871 -0.5959039999999999 1.06912
v -0.255236 -0.6199409999999999 1.026976
v -0.423373 -0.45180599999999993 1.026976
v -0.207979 -0.5750239999999999 1.06912
v -0.263257 -0.5549039999999998 1.06912
v -0.257306 -0.6245479999999999 1.026976
v -0.17598 -0.40110799999999996 1.026976
v 0.066672 -0.07608699999999995 0.898858
v 0.066672 -0.07608699999999996 0.761768
v 0.081925 -0.23919399999999993 0.761768
v 0.081925 -0.23919499999999994 0.898858
v 0.081925 -0.23919499999999994 0.898858
v 0.081925 -0.23919399999999993 0.761768
v 0.348604 -0.21590999999999994 0.761768
v 0.348604 -0.21590999999999994 0.898858
v 0.348604 -0.21590999999999994 0.898858
v 0.348604 -0.21590999999999994 0.761768
v 0.33335 -0.052802999999999954 0.761768
v 0.33335 -0.05280299999999995 0.898858
v 0.066672 -0.07608699999999995 0.898858
v 0.081925 -0.23919499999999994 0.898858
v 0.348604 -0.21590999999999994 0.898858
v 0.33335 -0.05280299999999995 0.898858
v 0.509171 -0.045022999999999945 0.898858
v 0.509171 -0.04502299999999995 0.761768
v 0.410224 -0.17558299999999993 0.761768
v 0.410223 -0.17558399999999993 0.898858
v 0.535708 -0.2719309999999999 0.898858
v 0.535708 -0.2719309999999999 0.761768
v 0.634656 -0.14137099999999994 0.761768
v 0.634656 -0.14137099999999994 0.898858
v 0.634656 -0.14137099999999994 0.898858
v 0.634656 -0.14137099999999994 0.761768
v 0.509171 -0.04502299999999995 0.761768
v 0.509171 -0.045022999999999945 0.898858
v -0.725888 -0.12090899999999999 0.180859
v -0.725888 -0.120909 7.403540991905366E-18
v -0.746011 0.094274 -5.772617617140879E-18
v -0.746011 0.09427400000000001 0.180859
v -0.746011 0.09427400000000001 0.180859
v -0.746011 0.094274 -5.772617617140879E-18
v -1.294542 0.046346 -2.8378740276641614E-18
v -1.294542 0.04634600000000001 0.180859
v -0.725888 -0.12090899999999999 0.180859
v -0.746011 0.09427400000000001 0.180859
v -1.294542 0.04634600000000001 0.180859
v -1.274418 -0.168837 0.180859
v -0.176265 -1.319845 -0.012934999999999919
v -0.189287 -1.42104 0.7128550000000001
v -0.203321 -1.411163 0.7141690000000002
v -0.190201 -1.309927 -0.01162299999999992
v -0.983168 -1.277623 0.0012100000000000782
v 0.451686 -1.152256 0.0012110000000000705
v 0.451687 -1.152256 1.108337
v -0.993189 -1.278697 1.025878
v -0.911745 0.649705 0.35396799999999995
v -0.942747 1.004053 0.26312299999999994
v -1.283377 0.974252 0.26312299999999994
v -1.252375 0.619903 0.35396799999999995
v -0.438066 0.691146 0.35396799999999995
v -0.469067 1.045495 0.26312299999999994
v -0.809696 1.015693 0.26312299999999994
v -0.778695 0.661345 0.35396799999999995
v -1.269594 -0.167013 0.0012290000000000102
v -1.269712 -0.16688799999999998 0.610557
v -0.279351 -0.08024199999999995 0.610557
v -0.279233 -0.080368 0.001229000000000005
v -1.329482 0.516289 0.610557
v -1.269712 -0.16688799999999998 0.610557
v -1.269594 -0.167013 0.0012290000000000102
v -1.329375 0.516296 0.0012289999999999684
v -1.034841 0.719497 0.809376
v -1.034842 0.7194970000000002 1.273471
v -0.669658 0.7514470000000001 1.273471
v -0.669658 0.751447 0.809376
v -1.386527 0.5579160000000001 1.602105
v -0.297859 0.6527470000000001 1.602105
v -0.294164 0.656894 0.00121299999999996
v -1.387529 0.561237 0.0012129999999999658
v 0.788576 -1.112421 0.7660980000000001
v 0.695376 -0.03413099999999995 0.766098
v -0.134176 -1.18477 0.7660990000000001
v -0.226648 -0.11479799999999996 0.766103
v 0.498638 0.07636700000000002 0.217116
v 0.278509 0.05710800000000001 0.217186
v 0.278515 0.057110000000000036 0.622347
v 0.498645 0.07636800000000005 0.621955
v 0.475532 -1.424796 1.108337
v 0.475531 -1.424796 0.0012110000000000872
v 1.116341 -1.368733 0.0012120000000000839
v 1.116339 -1.368733 1.108337
v -1.039193 0.5867980000000002 1.377122
v -0.64233 0.6215180000000001 1.377122
v -0.654296 0.7582910000000002 1.269162
v -1.051159 0.7235700000000002 1.269162
v -1.034842 0.7194970000000002 1.273471
v -1.034841 0.719497 0.809376
v -1.023452 0.593383 0.80917
v -1.023452 0.5933830000000001 1.372429
v -0.658634 0.6253000000000001 1.372429
v -0.658634 0.6253 0.80917
v -0.669658 0.751447 0.809376
v -0.669658 0.7514470000000001 1.273471
v 0.775215 -1.07269 0.6453620000000001
v 0.781321 -1.14248 0.6453620000000001
v 0.781321 -1.14248 0.9984140000000001
v 0.775215 -1.07269 0.9984140000000001
v 0.851111 -1.136374 0.5578490000000002
v 0.845005 -1.066585 0.5578490000000002
v 0.845005 -1.066585 0.9984140000000001
v 0.851111 -1.136374 0.9984140000000001
v 1.037715 0.979671 0.35396799999999995
v 1.0222 0.624308 0.26312299999999994
v 1.363806 0.609393 0.26312299999999994
v 1.37932 0.964756 0.35396799999999995
v 0.483729 1.003858 0.35396799999999995
v 0.468214 0.648495 0.26312299999999994
v 0.80982 0.633581 0.26312299999999994
v 0.825336 0.988944 0.35396799999999995
v 0.605653 1.289102 0.23834899999999992
v 1.114121 1.266902 0.23834899999999992
v 1.12229 1.45157 0.23834899999999992
v 0.61359 1.473938 0.23834899999999992
v -0.226136 -1.179802 0.8761750000000001
v -0.223393 -1.211171 0.8761750000000001
v -0.131434 -1.203106 0.9667380000000001
v -0.134176 -1.17176 0.9667380000000001
v -0.203096 -0.4303999999999999 1.602105
v -1.291756 -0.5252299999999999 1.602105
v -1.292078 -0.529509 0.0012130000000000326
v -0.198735 -0.433854 -0.00026499999999997343
v -0.949408 -1.24308 0.8761750000000001
v -0.983149 -1.277641 0.8761750000000001
v -0.223393 -1.211171 0.8761750000000001
v -0.226136 -1.179802 0.8761750000000001
v -0.35516 -1.183578 1.364285
v 0.100999 -1.148458 1.364241
v 0.100997 -1.148435 0.6778170000000001
v -0.355159 -1.183587 0.6769970000000001
v -0.393052 -0.7398519999999998 1.364242
v -0.35516 -1.183578 1.364285
v -0.355159 -1.183587 0.6769970000000001
v -0.393051 -0.739865 0.675865
v -0.349595 -1.195063 0.6758530000000001
v -0.349692 -1.195059 1.44186
v -0.390109 -0.7328449999999999 1.441808
v -0.390049 -0.732626 0.675842
v 0.104101 -1.155157 1.441808
v -0.349692 -1.195059 1.44186
v -0.349595 -1.195063 0.6758530000000001
v 0.104041 -1.155377 0.6778150000000001
v 0.063044 -0.704745 0.677951
v 0.063044 -0.7047499999999999 1.36426
v -0.393052 -0.7398519999999998 1.364242
v -0.393051 -0.739865 0.675865
v 0.100999 -1.148458 1.364241
v 0.063044 -0.7047499999999999 1.36426
v 0.063044 -0.704745 0.677951
v 0.100997 -1.148435 0.6778170000000001
v 0.063684 -0.6929429999999999 1.441836
v 0.104101 -1.155157 1.441808
v 0.104041 -1.155377 0.6778150000000001
v 0.063587 -0.692939 0.677814
v -0.390109 -0.7328449999999999 1.441808
v 0.063684 -0.6929429999999999 1.441836
v 0.063587 -0.692939 0.677814
v -0.390049 -0.732626 0.675842
v 0.104101 -1.155157 1.441808
v 0.063684 -0.6929429999999999 1.441836
v -0.390109 -0.7328449999999999 1.441807
v -0.349692 -1.195059 1.44186
v -0.134174 -1.171757 0.6846580000000001
v -0.203258 -0.38214099999999995 0.684706
v -1.018875 -0.45347999999999994 0.684706
v -0.949421 -1.243082 0.6846580000000001
v -0.134176 -1.17176 0.7660990000000001
v -0.198735 -0.43385399999999996 0.766163
v -0.198734 -0.43385399999999996 0.684706
v -0.134176 -1.171757 0.6848430000000001
v -0.134176 -1.17176 0.9667380000000001
v -0.131434 -1.203106 0.9667380000000001
v 0.451687 -1.152256 0.9667510000000001
v 0.482149 -1.117836 0.9667390000000001
v -1.307195 -0.35698599999999997 0.738704
v -1.381851 -0.36351799999999995 0.699392
v -1.381851 -0.363518 0.24677500000000002
v -1.307195 -0.356986 0.24677500000000002
v -1.305925 -0.37149999999999994 0.738704
v -1.378043 0.4528130000000001 0.738707
v -1.464806 0.44522200000000006 0.692886
v -1.392688 -0.37909099999999996 0.692883
v -1.376773 0.438299 0.24678099999999997
v -1.451429 0.431767 0.24678099999999997
v -1.451429 0.43176700000000007 0.699395
v -1.376773 0.43829900000000005 0.738707
v -0.80199 0.07110800000000014 2.185833
v -0.80199 0.07110800000000013 2.033455
v -0.80051 0.05653600000000013 2.033455
v -0.80051 0.056536000000000135 2.185833
v -0.785938 0.05801500000000012 2.033457
v -0.787418 0.07258700000000012 2.033455
v -0.787418 0.07258700000000014 2.185833
v -0.785938 0.05801600000000013 2.185834
v -1.451429 0.431767 0.24678099999999997
v -1.381851 -0.363518 0.24677500000000002
v -1.381851 -0.36351799999999995 0.699392
v -1.451429 0.43176700000000007 0.699395
v 0.507042 -0.019689999999999985 0.217116
v 0.498638 0.07636700000000002 0.217116
v 0.498645 0.07636800000000005 0.621955
v 0.507049 -0.019689999999999958 0.687062
v 0.286919 -0.038948999999999956 0.687454
v 0.278515 0.057110000000000036 0.622347
v 0.278509 0.05710800000000001 0.217186
v 0.286913 -0.038948999999999984 0.217186
v 0.271602 -0.04028899999999996 0.689343
v 0.522365 -0.01834999999999996 0.689291
v 0.51242 0.09519200000000004 0.611892
v 0.261656 0.07325300000000004 0.612056
v -0.237472 -0.4016539999999999 1.393888
v -0.203096 -0.4303999999999999 1.602105
v -0.297859 0.6527470000000001 1.602105
v -0.326721 0.6184730000000002 1.393888
v 0.825123 -1.119231 6.853313308282457E-17
v 0.825121 -1.119232 0.9669330000000002
v 0.625157 -1.136726 0.9667370000000001
v 0.625139 -1.136728 6.960451533505862E-17
v 0.622336 -1.104477 0.7660970000000001
v 0.622355 -1.104475 0.9667370000000001
v 0.789458 -1.089295 0.9669340000000001
v 0.789439 -1.089298 0.7660980000000001
v 0.695378 -0.034155999999999936 0.966932
v 0.727238 -0.0004259999999999408 0.966933
v -0.229333 -0.08411499999999994 0.966738
v -0.226646 -0.11482299999999994 0.966738
v 0.471647 -1.117836 0.7664410000000001
v 0.495343 -1.395931 0.7664440000000001
v 0.742027 -1.378558 0.7664450000000002
v 0.7191 -1.106047 0.7664440000000001
v 0.825115 -1.119139 0.6465290000000001
v 0.7191 -1.106047 0.7664440000000001
v 0.742027 -1.378558 0.7664450000000002
v 0.8461 -1.358999 0.6465990000000001
v 0.451686 -1.152256 0.0012110000000000705
v 0.475531 -1.424796 0.0012110000000000872
v 0.475532 -1.424796 1.108337
v 0.451687 -1.152256 1.108337
v 0.744925 -1.401227 0.9667510000000001
v 0.742027 -1.368093 0.9667510000000001
v 0.505844 -1.388757 0.9667510000000001
v 0.475532 -1.424796 0.9667510000000001
v 0.989329 -0.28493 0.23692000000000002
v 1.060511 -1.098545 0.8395710000000001
v 1.092456 -1.09575 0.8395710000000001
v 1.021276 -0.282144 0.23682800000000004
v 1.116339 -1.368733 0.8395750000000001
v 1.092456 -1.09575 0.8395710000000001
v 1.081496 -1.338405 0.8395740000000002
v 1.060511 -1.098545 0.8395710000000001
v 0.753919 -0.305361 0.0012220000000000186
v 0.825115 -1.119139 0.6465290000000001
v 1.060511 -1.098545 0.6465410000000001
v 0.989119 -0.284783 0.0012220000000000173
v 1.060511 -1.098545 0.6465410000000001
v 0.825115 -1.119139 0.6465290000000001
v 0.8461 -1.358999 0.6465990000000001
v 1.081496 -1.338402 0.6466100000000001
v 1.021276 -0.282144 0.23682800000000004
v 1.116339 -1.368733 1.108337
v 1.116341 -1.368733 0.0012120000000000839
v 1.021227 -0.281974 0.0012220000000000173
v -0.365559 0.898539 0.645247
v -1.352985 0.809296 0.642228
v -1.35321 0.809278 0.716285
v -0.365784 0.898521 0.719304
v -1.337053 0.560372 0.791882
v -0.346892 0.649595 0.794909
v -0.229333 -0.084115 0.0013250000000000052
v -0.229333 -0.08411499999999994 0.966738
v 0.589128 -0.01250899999999994 0.966918
v 0.727233 -0.00042699999999999997 0.001213
v 0.727234 -0.00042599999999993213 1.108548
v 0.739495 -0.14052299999999995 0.966933
v 0.825121 -1.119232 0.9669330000000002
v 0.825123 -1.119231 6.853313308282457E-17
v 0.727233 -0.00042699999999999997 0.001213
v 0.727234 -0.00042599999999993213 1.108548
v -0.027734 -0.7450199999999999 1.441974
v -0.167326 -0.7127919999999999 1.441974
v -0.119709 -0.8249719999999999 1.639159
v -0.299201 -0.7687699999999998 1.441974
v 0.066254 -0.8531419999999998 1.441974
v -0.251584 -0.8809499999999999 1.639159
v -0.372987 -0.8915709999999999 1.441974
v -0.360501 -1.034289 1.441974
v -0.02572 -0.9330939999999999 1.639159
v 0.078741 -0.9958599999999999 1.441974
v -0.239098 -1.023667 1.639159
v -0.266512 -1.142412 1.441974
v -0.12692 -1.174639 1.441974
v -0.099506 -1.055895 1.639159
v 0.004955 -1.118661 1.441974
v -1.292078 -0.5295089999999999 1.460564
v -1.257465 -0.4908919999999999 1.460564
v -1.346715 0.5292350000000001 1.460564
v -0.237472 -0.4016539999999999 1.460564
v -1.387529 0.5612370000000001 1.460564
v -0.198735 -0.4338539999999999 1.460564
v -0.326721 0.6184730000000002 1.460564
v -0.294164 0.6568940000000001 1.460564
v -0.446666 0.2877570000000001 1.695864
v -0.375104 0.3330710000000001 1.394121
v -0.603448 0.5247550000000001 1.394014
v -0.304123 0.10913200000000009 1.394159
v -0.636082 0.4467640000000001 1.695794
v -0.836651 0.5556920000000001 1.393934
v -0.387784 0.10182000000000009 1.695888
v -0.829546 0.4724470000000001 1.695737
v -0.413492 -0.0916099999999999 1.695861
v -0.335112 -0.12425999999999991 1.394114
v -0.794027 0.06622700000000012 2.109765
v -0.572434 -0.2811079999999999 1.695789
v -0.52672 -0.3527029999999999 1.394002
v -0.751005 -0.4237419999999999 1.393922
v -1.015615 0.41354200000000013 1.695727
v -1.060979 0.48470600000000014 1.393899
v -1.252586 0.2562620000000001 1.393898
v -1.174558 0.2240440000000001 1.695727
v -1.283588 0.023438000000000087 1.393899
v -1.200273 0.030734000000000105 1.695728
v -1.141384 -0.15532499999999988 1.695723
v -1.212595 -0.20106899999999991 1.393892
v -0.98425 -0.3927519999999999 1.393888
v -0.951967 -0.3143289999999999 1.695722
v -0.758501 -0.3400149999999999 1.695732
vt 0.834681 0.041922
vt 0.767410 0.176044
vt 0.695247 0.041924
vt 0.273194 0.302364
vt 0.249117 0.277259
vt 0.249117 0.390979
vt 0.996373 0.486814
vt 0.955890 0.490318
vt 0.958489 0.458903
vt 0.996373 0.486814
vt 0.980859 0.414183
vt 0.996965 0.408201
vt 0.937053 0.052461
vt 0.942522 0.080734
vt 0.947990 0.052462
vt 0.947990 0.052462
vt 0.942522 0.040482
vt 0.937053 0.052461
vt 0.960196 0.052509
vt 0.954726 0.080782
vt 0.949258 0.052510
vt 0.949258 0.052510
vt 0.954726 0.040530
vt 0.960196 0.052509
vt 0.960196 0.052509
vt 0.954726 0.080782
vt 0.949258 0.052510
vt 0.949258 0.052510
vt 0.954726 0.040530
vt 0.960196 0.052509
vt 0.865998 0.008555
vt 0.865998 0.014644
vt 0.853205 0.014644
vt 0.853205 0.014644
vt 0.853205 0.008555
vt 0.865998 0.008555
vt 0.313204 0.409640
vt 0.313222 0.364397
vt 0.184749 0.364397
vt 0.184749 0.364397
vt 0.184747 0.409640
vt 0.313204 0.409640
vt 0.313204 0.409640
vt 0.184747 0.409640
vt 0.184752 0.364397
vt 0.184752 0.364397
vt 0.313213 0.364397
vt 0.313204 0.409640
vt 0.960196 0.052509
vt 0.942522 0.080734
vt 0.947990 0.052462
vt 0.947990 0.052462
vt 0.942522 0.040482
vt 0.960196 0.052509
vt 0.865998 0.008555
vt 0.865998 0.014644
vt 0.853205 0.014644
vt 0.853205 0.014644
vt 0.853205 0.008555
vt 0.865998 0.008555
vt 0.678740 0.995947
vt 0.678899 0.773344
vt 0.778624 0.774698
vt 0.778624 0.774698
vt 0.776731 0.995947
vt 0.678740 0.995947
vt 0.675452 0.082489
vt 0.664060 0.103487
vt 0.618860 0.103427
vt 0.618860 0.103427
vt 0.618860 0.082489
vt 0.675452 0.082489
vt 0.407368 0.390979
vt 0.407368 0.299211
vt 0.273194 0.302364
vt 0.273194 0.302364
vt 0.249117 0.390979
vt 0.407368 0.390979
vt 0.409939 0.299211
vt 0.409939 0.390979
vt 0.493107 0.390979
vt 0.493107 0.390979
vt 0.493105 0.299211
vt 0.409939 0.299211
vt 0.811827 0.478744
vt 0.768526 0.492682
vt 0.811850 0.492816
vt 0.372494 0.077508
vt 0.372508 0.053954
vt 0.429410 0.077532
vt 0.372508 0.053954
vt 0.429416 0.053988
vt 0.429410 0.077532
vt 0.429416 0.053988
vt 0.429416 0.053988
vt 0.429410 0.077532
vt 0.102748 0.730336
vt 0.144093 0.730331
vt 0.144093 0.725122
vt 0.144093 0.725122
vt 0.102748 0.725113
vt 0.102748 0.730336
vt 0.602121 0.385338
vt 0.602072 0.301085
vt 0.498284 0.335927
vt 0.498284 0.335927
vt 0.498284 0.385335
vt 0.602121 0.385338
vt 0.602121 0.385338
vt 0.720969 0.385339
vt 0.720968 0.335881
vt 0.720968 0.335881
vt 0.602072 0.301085
vt 0.602121 0.385338
vt 0.302159 0.833798
vt 0.302159 0.784382
vt 0.306001 0.784289
vt 0.306001 0.784289
vt 0.306001 0.833695
vt 0.302159 0.833798
vt 0.778129 0.004288
vt 0.797885 0.004288
vt 0.797930 0.014613
vt 0.797930 0.014613
vt 0.774296 0.014613
vt 0.778129 0.004288
vt 0.245846 0.390979
vt 0.246792 0.277259
vt 0.212381 0.390979
vt 0.139315 0.315905
vt 0.139315 0.387826
vt 0.210207 0.387826
vt 0.210207 0.387826
vt 0.210207 0.277259
vt 0.139315 0.315905
vt 0.212381 0.277259
vt 0.212381 0.390979
vt 0.246792 0.277259
vt 0.202519 0.004288
vt 0.185308 0.004288
vt 0.185323 0.014613
vt 0.185323 0.014613
vt 0.202535 0.014613
vt 0.202519 0.004288
vt 0.106340 0.387826
vt 0.135985 0.387826
vt 0.135968 0.312752
vt 0.135968 0.312752
vt 0.106309 0.343207
vt 0.106340 0.387826
vt 0.160299 0.014613
vt 0.182717 0.014613
vt 0.182703 0.004288
vt 0.182703 0.004288
vt 0.157243 0.004288
vt 0.160299 0.014613
vt 0.222041 0.944208
vt 0.217873 0.944244
vt 0.222019 0.995860
vt 0.217873 0.944244
vt 0.217948 0.995860
vt 0.222019 0.995860
vt 0.217948 0.995860
vt 0.217948 0.995860
vt 0.222019 0.995860
vt 0.124809 0.014613
vt 0.124809 0.014613
vt 0.153327 0.014613
vt 0.996373 0.486814
vt 0.958489 0.458903
vt 0.967293 0.432059
vt 0.996373 0.486814
vt 0.980859 0.414183
vt 0.700109 0.089795
vt 0.703456 0.071229
vt 0.697335 0.071229
vt 0.700109 0.052663
vt 0.697335 0.071229
vt 0.693988 0.089795
vt 0.697335 0.071229
vt 0.690935 0.071229
vt 0.693988 0.052663
vt 0.690935 0.071229
vt 0.687866 0.089795
vt 0.690935 0.071229
vt 0.684719 0.071229
vt 0.687866 0.052663
vt 0.684719 0.071229
vt 0.700109 0.089795
vt 0.703456 0.071229
vt 0.697335 0.071229
vt 0.700109 0.052663
vt 0.697335 0.071229
vt 0.693988 0.089795
vt 0.697335 0.071229
vt 0.690935 0.071229
vt 0.693988 0.052663
vt 0.690935 0.071229
vt 0.687866 0.089795
vt 0.690935 0.071229
vt 0.684719 0.071229
vt 0.687866 0.052663
vt 0.684719 0.071229
vt 0.867586 0.011327
vt 0.917162 0.011326
vt 0.917162 0.014796
vt 0.867586 0.014798
vt 0.867586 0.011327
vt 0.867588 0.004378
vt 0.917164 0.004376
vt 0.917163 0.007850
vt 0.917163 0.007850
vt 0.867587 0.007851
vt 0.867586 0.011327
vt 0.867586 0.014798
vt 0.917162 0.014796
vt 0.917162 0.011326
vt 0.867586 0.011327
vt 0.867588 0.004378
vt 0.867587 0.007851
vt 0.917163 0.007850
vt 0.917163 0.007850
vt 0.917164 0.004376
vt 0.867586 0.011327
vt 0.867586 0.014798
vt 0.917162 0.014796
vt 0.917162 0.011326
vt 0.867586 0.011327
vt 0.867588 0.004378
vt 0.867587 0.007851
vt 0.917163 0.007850
vt 0.917163 0.007850
vt 0.917164 0.004376
vt 0.853205 0.008555
vt 0.853205 0.014644
vt 0.865998 0.014644
vt 0.865998 0.008555
vt 0.853205 0.008555
vt 0.853205 0.008555
vt 0.853205 0.014644
vt 0.865998 0.014644
vt 0.865998 0.008555
vt 0.853205 0.008555
vt 0.993698 0.182227
vt 0.992186 0.182227
vt 0.992186 0.144240
vt 0.992186 0.144240
vt 0.993698 0.182227
vt 0.867586 0.011327
vt 0.917162 0.011326
vt 0.917162 0.014796
vt 0.867586 0.014798
vt 0.867586 0.011327
vt 0.867588 0.004378
vt 0.917164 0.004376
vt 0.917163 0.007850
vt 0.917163 0.007850
vt 0.867587 0.007851
vt 0.700109 0.089795
vt 0.703456 0.071229
vt 0.697335 0.071229
vt 0.700109 0.052663
vt 0.697335 0.071229
vt 0.693988 0.089795
vt 0.697335 0.071229
vt 0.690935 0.071229
vt 0.693988 0.052663
vt 0.690935 0.071229
vt 0.687866 0.089795
vt 0.690935 0.071229
vt 0.684719 0.071229
vt 0.687866 0.052663
vt 0.684719 0.071229
vt 0.664060 0.043276
vt 0.675452 0.061416
vt 0.618860 0.061417
vt 0.618860 0.061417
vt 0.618860 0.043276
vt 0.515453 0.014613
vt 0.515501 0.004288
vt 0.424227 0.004288
vt 0.424227 0.004288
vt 0.428425 0.014613
vt 0.102747 0.738093
vt 0.144093 0.738073
vt 0.144093 0.735108
vt 0.144093 0.735108
vt 0.102748 0.735125
vt 0.631939 0.014613
vt 0.636169 0.004288
vt 0.769124 0.004288
vt 0.773261 0.014613
vt 0.631939 0.014613
vt 0.230863 0.004288
vt 0.234779 0.014613
vt 0.266262 0.014613
vt 0.262541 0.004288
vt 0.230863 0.004288
vt 0.698572 0.609319
vt 0.667693 0.615954
vt 0.667709 0.442153
vt 0.705814 0.447089
vt 0.743387 0.601761
vt 0.743387 0.500543
vt 0.768081 0.500543
vt 0.768081 0.601761
vt 0.948422 0.500543
vt 0.948422 0.601761
vt 0.926070 0.601761
vt 0.926070 0.500543
vt 0.921420 0.611062
vt 0.921420 0.653571
vt 0.786876 0.653571
vt 0.772612 0.611062
vt 0.772612 0.500543
vt 0.921420 0.500543
vt 0.921420 0.601761
vt 0.772612 0.601761
vt 0.592857 0.151802
vt 0.577099 0.151802
vt 0.577092 0.043141
vt 0.592857 0.043133
vt 0.321401 0.777384
vt 0.182409 0.777384
vt 0.182522 0.420482
vt 0.321362 0.420548
vt 0.468981 0.391668
vt 0.608132 0.392013
vt 0.607816 0.748379
vt 0.468955 0.748381
vt 0.998212 0.014976
vt 0.963489 0.014976
vt 0.963340 0.012437
vt 0.998212 0.012391
vt 0.681467 0.089795
vt 0.684719 0.071229
vt 0.678415 0.071229
vt 0.681467 0.052663
vt 0.681467 0.089795
vt 0.684719 0.071229
vt 0.678415 0.071229
vt 0.681467 0.052663
vt 0.369564 0.083076
vt 0.369564 0.111579
vt 0.351772 0.111580
vt 0.351772 0.083076
vt 0.351772 0.077126
vt 0.351762 0.043445
vt 0.369564 0.043445
vt 0.369564 0.077126
vt 0.412673 0.111314
vt 0.412673 0.083024
vt 0.429293 0.083024
vt 0.429293 0.111314
vt 0.393665 0.111314
vt 0.393665 0.083024
vt 0.410285 0.083024
vt 0.410285 0.111314
vt 0.372119 0.111314
vt 0.372119 0.083024
vt 0.390799 0.083024
vt 0.390799 0.111314
vt 0.856346 0.749154
vt 0.856346 0.670560
vt 0.904116 0.693549
vt 0.904116 0.749154
vt 0.806792 0.749154
vt 0.852409 0.749154
vt 0.852409 0.670560
vt 0.806792 0.670560
vt 0.856346 0.749154
vt 0.904116 0.749154
vt 0.904116 0.693549
vt 0.856346 0.670560
vt 0.907737 0.693549
vt 0.907737 0.749154
vt 0.948639 0.749154
vt 0.948639 0.693527
vt 0.856346 0.749154
vt 0.856346 0.670560
vt 0.904116 0.693549
vt 0.904116 0.749154
vt 0.806792 0.749154
vt 0.852409 0.749154
vt 0.852409 0.670560
vt 0.806792 0.670560
vt 0.856346 0.749154
vt 0.904116 0.749154
vt 0.904116 0.693549
vt 0.856346 0.670560
vt 0.907737 0.693549
vt 0.907737 0.749154
vt 0.948639 0.749154
vt 0.948639 0.693527
vt 0.856346 0.749154
vt 0.856346 0.670560
vt 0.904116 0.693549
vt 0.904116 0.749154
vt 0.806792 0.749154
vt 0.852409 0.749154
vt 0.852409 0.670560
vt 0.806792 0.670560
vt 0.856346 0.749154
vt 0.904116 0.749154
vt 0.904116 0.693549
vt 0.856346 0.670560
vt 0.907737 0.693549
vt 0.907737 0.749154
vt 0.948639 0.749154
vt 0.948639 0.693527
vt 0.856346 0.749154
vt 0.856346 0.670560
vt 0.904116 0.693549
vt 0.904116 0.749154
vt 0.919998 0.014209
vt 0.919998 0.012289
vt 0.959977 0.012290
vt 0.959977 0.014167
vt 0.960196 0.052509
vt 0.954726 0.040530
vt 0.949258 0.052510
vt 0.954726 0.080782
vt 0.867587 0.007851
vt 0.917163 0.007850
vt 0.917162 0.011326
vt 0.867586 0.011327
vt 0.937053 0.052461
vt 0.942522 0.040482
vt 0.947990 0.052462
vt 0.942522 0.080734
vt 0.867587 0.007851
vt 0.867586 0.011327
vt 0.917162 0.011326
vt 0.917163 0.007850
vt 0.937053 0.052461
vt 0.942522 0.040482
vt 0.947990 0.052462
vt 0.942522 0.080734
vt 0.867587 0.007851
vt 0.867586 0.011327
vt 0.917162 0.011326
vt 0.917163 0.007850
vt 0.865998 0.008555
vt 0.853205 0.008555
vt 0.853205 0.004250
vt 0.865998 0.004249
vt 0.865998 0.008555
vt 0.865998 0.004249
vt 0.853205 0.004250
vt 0.853205 0.008555
vt 0.865998 0.008555
vt 0.865998 0.004249
vt 0.853205 0.004250
vt 0.853205 0.008555
vt 0.313204 0.409640
vt 0.184747 0.409640
vt 0.184752 0.364397
vt 0.313213 0.364397
vt 0.995417 0.182227
vt 0.993698 0.182227
vt 0.992186 0.144240
vt 0.995417 0.144240
vt 0.369564 0.083076
vt 0.369564 0.111579
vt 0.351772 0.111580
vt 0.351772 0.083076
vt 0.351772 0.077126
vt 0.351762 0.043445
vt 0.369564 0.043445
vt 0.369564 0.077126
vt 0.960196 0.052509
vt 0.942522 0.040482
vt 0.949258 0.052510
vt 0.954726 0.080782
vt 0.806792 0.749154
vt 0.852409 0.749154
vt 0.852409 0.670560
vt 0.806792 0.670560
vt 0.856346 0.749154
vt 0.904116 0.749154
vt 0.904116 0.693549
vt 0.856346 0.670560
vt 0.907737 0.693549
vt 0.907737 0.749154
vt 0.948639 0.749154
vt 0.948639 0.693527
vt 0.865998 0.008555
vt 0.853205 0.008555
vt 0.853205 0.004250
vt 0.865998 0.004249
vt 0.867587 0.007851
vt 0.917163 0.007850
vt 0.917162 0.011326
vt 0.867586 0.011327
vt 0.920010 0.014212
vt 0.919998 0.012289
vt 0.959977 0.012290
vt 0.959989 0.014170
vt 0.681467 0.089795
vt 0.684719 0.071229
vt 0.678415 0.071229
vt 0.681467 0.052663
vt 0.106309 0.343207
vt 0.005795 0.343207
vt 0.005794 0.401411
vt 0.106309 0.401411
vt 0.618823 0.641433
vt 0.618830 0.408784
vt 0.732941 0.408784
vt 0.732941 0.641433
vt 0.415883 0.498062
vt 0.400671 0.498062
vt 0.400671 0.476653
vt 0.415883 0.476653
vt 0.415883 0.561728
vt 0.400671 0.561728
vt 0.400671 0.540645
vt 0.415883 0.540645
vt 0.415883 0.540645
vt 0.400671 0.540645
vt 0.400671 0.519255
vt 0.415883 0.519255
vt 0.415883 0.519255
vt 0.400671 0.519255
vt 0.400671 0.498062
vt 0.415883 0.498062
vt 0.415883 0.448674
vt 0.415883 0.470153
vt 0.400671 0.470153
vt 0.400671 0.448674
vt 0.979183 0.080034
vt 0.971790 0.080034
vt 0.975486 0.063625
vt 0.975486 0.119543
vt 0.987477 0.057840
vt 0.980264 0.057840
vt 0.983870 0.042279
vt 0.983871 0.095302
vt 0.988529 0.117101
vt 0.980643 0.117101
vt 0.984586 0.099596
vt 0.984587 0.159243
vt 0.971259 0.059107
vt 0.963193 0.059107
vt 0.967226 0.041204
vt 0.967226 0.102205
vt 0.996686 0.082963
vt 0.988710 0.082963
vt 0.992698 0.065260
vt 0.992698 0.125584
vt 0.758874 0.493004
vt 0.743186 0.493004
vt 0.743186 0.454283
vt 0.758911 0.454283
vt 0.758911 0.448048
vt 0.743186 0.448048
vt 0.743186 0.381263
vt 0.758911 0.381263
vt 0.758911 0.374811
vt 0.743186 0.374811
vt 0.743186 0.336706
vt 0.758849 0.336706
vt 0.779759 0.448048
vt 0.761762 0.448048
vt 0.761762 0.381263
vt 0.779759 0.381263
vt 0.412673 0.111314
vt 0.412673 0.083024
vt 0.429293 0.083024
vt 0.429293 0.111314
vt 0.393665 0.111314
vt 0.393665 0.083024
vt 0.410285 0.083024
vt 0.410285 0.111314
vt 0.372119 0.111314
vt 0.372119 0.083024
vt 0.390799 0.083024
vt 0.390799 0.111314
vt 0.997221 0.756014
vt 0.997221 0.796811
vt 0.963493 0.796811
vt 0.963493 0.756014
vt 0.960761 0.756014
vt 0.960761 0.796811
vt 0.872615 0.796811
vt 0.872615 0.756014
vt 0.869489 0.756014
vt 0.869489 0.796811
vt 0.780439 0.796811
vt 0.780439 0.756014
vt 0.998212 0.014976
vt 0.963489 0.014976
vt 0.963340 0.012437
vt 0.998212 0.012391
vt 0.675223 0.995947
vt 0.492406 0.995947
vt 0.492500 0.753784
vt 0.675315 0.773068
vt 0.612687 0.670560
vt 0.612687 0.749154
vt 0.653528 0.749154
vt 0.653465 0.670560
vt 0.706624 0.670560
vt 0.706624 0.749154
vt 0.752789 0.749154
vt 0.752592 0.670560
vt 0.496984 0.151802
vt 0.496974 0.043141
vt 0.573708 0.043141
vt 0.573715 0.151802
vt 0.443387 0.043306
vt 0.493423 0.043141
vt 0.493431 0.151802
vt 0.443381 0.151802
vt 0.451486 0.294290
vt 0.451516 0.182659
vt 0.500355 0.182659
vt 0.500300 0.294290
vt 0.325763 0.391892
vt 0.464997 0.391516
vt 0.464973 0.748458
vt 0.325664 0.748458
vt 0.002652 0.301027
vt 0.160379 0.301310
vt 0.002387 0.043057
vt 0.160379 0.043800
vt 0.414331 0.294700
vt 0.379884 0.294680
vt 0.379936 0.180672
vt 0.414382 0.180672
vt 0.449177 0.753825
vt 0.449219 0.995947
vt 0.367572 0.995947
vt 0.367598 0.753880
vt 0.568614 0.736114
vt 0.568614 0.597595
vt 0.607235 0.597595
vt 0.607235 0.736115
vt 0.448084 0.182659
vt 0.448057 0.294290
vt 0.433932 0.294290
vt 0.433959 0.158799
vt 0.519671 0.158799
vt 0.519615 0.294290
vt 0.503268 0.294290
vt 0.503324 0.182659
vt 0.664060 0.103487
vt 0.664060 0.122546
vt 0.618860 0.122546
vt 0.618860 0.103427
vt 0.675452 0.061416
vt 0.675452 0.082489
vt 0.618860 0.082489
vt 0.618860 0.061417
vt 0.757138 0.670560
vt 0.757138 0.749154
vt 0.803087 0.749154
vt 0.803087 0.670560
vt 0.656991 0.670560
vt 0.656991 0.749154
vt 0.702958 0.749154
vt 0.702958 0.670560
vt 0.047287 0.646575
vt 0.136017 0.646626
vt 0.136017 0.698178
vt 0.047287 0.698157
vt 0.344485 0.014613
vt 0.344471 0.004288
vt 0.330947 0.004288
vt 0.330962 0.014613
vt 0.038846 0.420261
vt 0.178135 0.420264
vt 0.178116 0.777014
vt 0.038402 0.777613
vt 0.420578 0.014613
vt 0.424227 0.004288
vt 0.347946 0.004288
vt 0.347960 0.014613
vt 0.207992 0.619628
vt 0.231313 0.619634
vt 0.231309 0.716655
vt 0.207992 0.716834
vt 0.278600 0.619634
vt 0.302574 0.619628
vt 0.302575 0.716834
vt 0.278601 0.716994
vt 0.780311 0.994718
vt 0.780312 0.804827
vt 0.832615 0.804827
vt 0.832639 0.994718
vt 0.946212 0.804827
vt 0.997564 0.804827
vt 0.997552 0.994718
vt 0.946195 0.994718
vt 0.255329 0.716622
vt 0.255285 0.619631
vt 0.278601 0.619634
vt 0.278601 0.716994
vt 0.231311 0.619634
vt 0.255284 0.619631
vt 0.255283 0.716657
vt 0.231422 0.716717
vt 0.890763 0.804827
vt 0.943066 0.804827
vt 0.943047 0.994718
vt 0.890735 0.994718
vt 0.836027 0.804827
vt 0.887379 0.804827
vt 0.887345 0.994718
vt 0.836036 0.994718
vt 0.294383 0.282293
vt 0.294383 0.171695
vt 0.355073 0.171679
vt 0.355073 0.282293
vt 0.164023 0.044592
vt 0.164023 0.266413
vt 0.283686 0.266418
vt 0.283632 0.044592
vt 0.373758 0.043576
vt 0.462156 0.043578
vt 0.462147 0.053998
vt 0.372508 0.053954
vt 0.328066 0.014613
vt 0.328051 0.004288
vt 0.269518 0.004288
vt 0.266262 0.014613
vt 0.523546 0.160765
vt 0.532150 0.170670
vt 0.532150 0.294491
vt 0.523546 0.294491
vt 0.293112 0.116882
vt 0.424638 0.116879
vt 0.424638 0.152746
vt 0.293112 0.152748
vt 0.647700 0.294490
vt 0.638473 0.294490
vt 0.638473 0.170669
vt 0.647700 0.160765
vt 0.102748 0.725113
vt 0.144093 0.725122
vt 0.144093 0.720780
vt 0.102748 0.720760
vt 0.144093 0.735108
vt 0.144093 0.730331
vt 0.102748 0.730336
vt 0.102748 0.735125
vt 0.635917 0.294490
vt 0.535362 0.294491
vt 0.535362 0.170670
vt 0.635917 0.170669
vt 0.431074 0.294700
vt 0.417105 0.294700
vt 0.417159 0.180672
vt 0.431074 0.160099
vt 0.364518 0.160029
vt 0.376990 0.180672
vt 0.376942 0.294680
vt 0.364470 0.294680
vt 0.294094 0.044682
vt 0.342764 0.044682
vt 0.342765 0.111643
vt 0.294094 0.111643
vt 0.313204 0.409640
vt 0.313213 0.364397
vt 0.184731 0.364397
vt 0.184747 0.409640
vt 0.273434 0.995860
vt 0.273406 0.784335
vt 0.299513 0.784382
vt 0.299517 0.995860
vt 0.739793 0.385339
vt 0.739792 0.335930
vt 0.720968 0.335881
vt 0.720969 0.385339
vt 0.627909 0.004288
vt 0.631939 0.014613
vt 0.520215 0.014613
vt 0.520220 0.004288
vt 0.100887 0.720635
vt 0.100886 0.777395
vt 0.069531 0.778768
vt 0.069465 0.720744
vt 0.038206 0.726134
vt 0.066652 0.720744
vt 0.066708 0.778770
vt 0.038215 0.777581
vt 0.488196 0.995947
vt 0.453471 0.995947
vt 0.453709 0.753811
vt 0.488253 0.753874
vt 0.205415 0.004288
vt 0.205429 0.014613
vt 0.227690 0.014613
vt 0.230863 0.004288
vt 0.005292 0.014613
vt 0.122067 0.014613
vt 0.122051 0.004288
vt 0.005270 0.004288
vt 0.157243 0.004288
vt 0.124792 0.004288
vt 0.153327 0.014613
vt 0.124809 0.014613
vt 0.035081 0.413881
vt 0.035176 0.718777
vt 0.005184 0.718792
vt 0.005113 0.413907
vt 0.005184 0.726149
vt 0.035176 0.726134
vt 0.035186 0.777581
vt 0.005193 0.777596
vt 0.224787 0.944208
vt 0.363339 0.753594
vt 0.363232 0.995947
vt 0.224765 0.995860
vt 0.997292 0.500055
vt 0.997292 0.750248
vt 0.987645 0.750248
vt 0.987645 0.500055
vt 0.953614 0.750248
vt 0.953614 0.500055
vt 0.002306 0.995634
vt 0.002307 0.784457
vt 0.105665 0.784477
vt 0.124184 0.995860
vt 0.123251 0.753506
vt 0.147052 0.784560
vt 0.270709 0.784488
vt 0.270497 0.995860
vt 0.128160 0.995860
vt 0.128194 0.753587
vt 0.739054 0.111902
vt 0.759260 0.168851
vt 0.718894 0.184998
vt 0.758863 0.239212
vt 0.705548 0.089545
vt 0.717961 0.226942
vt 0.738137 0.295262
vt 0.704502 0.316332
vt 0.701278 0.170826
vt 0.672294 0.110546
vt 0.699826 0.236778
vt 0.671540 0.294267
vt 0.651052 0.237182
vt 0.688063 0.204650
vt 0.651269 0.167352
vt 0.612225 0.654703
vt 0.615162 0.648196
vt 0.736258 0.648196
vt 0.615180 0.401319
vt 0.739186 0.654709
vt 0.612225 0.395321
vt 0.736258 0.401319
vt 0.739186 0.395321
vt 0.926337 0.166919
vt 0.955292 0.103609
vt 0.989355 0.215153
vt 0.906543 0.051724
vt 0.947985 0.237832
vt 0.990162 0.325683
vt 0.896395 0.135616
vt 0.948220 0.305427
vt 0.862594 0.136092
vt 0.851252 0.053329
vt 0.879848 0.272317
vt 0.827122 0.179380
vt 0.795472 0.121412
vt 0.769503 0.218994
vt 0.932562 0.365331
vt 0.964192 0.423279
vt 0.908409 0.491384
vt 0.897106 0.408619
vt 0.853202 0.493001
vt 0.863334 0.409105
vt 0.833375 0.377814
vt 0.804377 0.441064
vt 0.770311 0.329535
vt 0.811710 0.306918
vt 0.811463 0.239308
vn 0.157222 0.22160400000000005 0.962379
vn 0.157222 0.22160400000000005 0.962379
vn 0.157222 0.22160400000000005 0.962379
vn -0.127995 0.989536 0.06659499999999995
vn -0.127995 0.989536 0.06659499999999995
vn -0.127995 0.989536 0.06659499999999995
vn 2E-06 -8.999999999938768E-06 1
vn 0.738499 -0.619676 0.26574600000000004
vn 0.619676 0.738498 0.26574899999999996
vn 2E-06 -8.999999999938768E-06 1
vn -0.619674 -0.738501 0.26574500000000006
vn 0.738499 -0.619676 0.26574600000000004
vn 0.965439 0.260628 -9.000000000015958E-06
vn 0.965439 0.260628 -9.000000000015958E-06
vn 0.965439 0.260628 -9.000000000015958E-06
vn 0.965439 0.260628 2.199999999998404E-05
vn 0.965439 0.260628 2.199999999998404E-05
vn 0.965439 0.260628 2.199999999998404E-05
vn -0.962368 0.271749 3.99999999998336E-06
vn -0.962368 0.271749 3.99999999998336E-06
vn -0.962368 0.271749 3.99999999998336E-06
vn -0.962368 0.271749 -9.00000000001664E-06
vn -0.962368 0.271749 -9.00000000001664E-06
vn -0.962368 0.271749 -9.00000000001664E-06
vn 0.96186 -0.273541 8.000000000016749E-06
vn 0.96186 -0.273541 8.000000000016749E-06
vn 0.96186 -0.273541 8.000000000016749E-06
vn 0.96186 -0.273541 -1.899999999998325E-05
vn 0.96186 -0.273541 -1.899999999998325E-05
vn 0.96186 -0.273541 -1.899999999998325E-05
vn -0.727142 -0.686487 0.000306000000000042
vn -0.727142 -0.686487 0.000306000000000042
vn -0.727142 -0.686487 0.000306000000000042
vn -0.725426 -0.6883 4.214621959265616E-17
vn -0.725426 -0.6883 4.214621959265616E-17
vn -0.725426 -0.6883 4.214621959265616E-17
vn 0.085794 -0.984921 0.15023100000000006
vn 0.085794 -0.984921 0.15023100000000006
vn 0.085794 -0.984921 0.15023100000000006
vn 0.086142 -0.984605 0.15209600000000006
vn 0.086142 -0.984605 0.15209600000000006
vn 0.086142 -0.984605 0.15209600000000006
vn -0.086192 0.985183 0.14827799999999994
vn -0.086192 0.985183 0.14827799999999994
vn -0.086192 0.985183 0.14827799999999994
vn -0.085795 0.984935 0.15014299999999994
vn -0.085795 0.984935 0.15014299999999994
vn -0.085795 0.984935 0.15014299999999994
vn -0.965924 -0.258828 -3.999999999984151E-06
vn -0.965924 -0.258828 -3.999999999984151E-06
vn -0.965924 -0.258828 -3.999999999984151E-06
vn -0.965924 -0.258828 1.0000000000015849E-05
vn -0.965924 -0.258828 1.0000000000015849E-05
vn -0.965924 -0.258828 1.0000000000015849E-05
vn 0.746985 0.66484 0.0003059999999999593
vn 0.746985 0.66484 0.0003059999999999593
vn 0.746985 0.66484 0.0003059999999999593
vn 0.745327 0.666699 -4.0823539817237063E-17
vn 0.745327 0.666699 -4.0823539817237063E-17
vn 0.745327 0.666699 -4.0823539817237063E-17
vn -0.997365 -0.07188 -0.009829999999999995
vn -0.997365 -0.07188 -0.009829999999999995
vn -0.997365 -0.07188 -0.009829999999999995
vn -0.996191 -0.087178 0.0019060000000000053
vn -0.996191 -0.087178 0.0019060000000000053
vn -0.996191 -0.087178 0.0019060000000000053
vn 0.367559 0.93 -5.694607616035192E-17
vn -0.930001 0.367558 -2.2506436410050142E-17
vn -0.523465 0.852047 -5.2172831563655244E-17
vn -0.523465 0.852047 -5.2172831563655244E-17
vn 0.852047 0.523466 -3.2053048068123416E-17
vn 0.367559 0.93 -5.694607616035192E-17
vn -0.084633 0.992916 0.08339599999999994
vn -0.084633 0.992916 0.08339599999999994
vn -0.084633 0.992916 0.08339599999999994
vn -0.086814 0.992044 0.09117099999999995
vn -0.086814 0.992044 0.09117099999999995
vn -0.086814 0.992044 0.09117099999999995
vn 0.988692 0.08699000000000001 0.12215
vn 0.988692 0.08699000000000001 0.12215
vn 0.988692 0.08699000000000001 0.12215
vn 0.99294 0.07303 0.093473
vn 0.99294 0.07303 0.093473
vn 0.99294 0.07303 0.093473
vn -0.996128 -0.087911 5.3829962379921485E-18
vn -0.996128 -0.087911 5.3829962379921485E-18
vn -0.996128 -0.087911 5.3829962379921485E-18
vn -0.602433 -0.05281399999999995 0.79642
vn -0.602433 -0.05281399999999995 0.79642
vn -0.602433 -0.05281399999999995 0.79642
vn -0.599134 -0.051921999999999954 0.798963
vn -0.599134 -0.051921999999999954 0.798963
vn -0.599134 -0.051921999999999954 0.798963
vn 1 0 0
vn 1 0 0
vn 1 0 0
vn 0.632069 0.774912 -1.0000000000474497E-06
vn 0.632075 0.774907 -4.74493688593439E-17
vn -0.53525 0.844694 -5.1722590167948716E-17
vn -0.53525 0.844694 -5.1722590167948716E-17
vn -0.935038 0.354549 -2.1709864899544747E-17
vn 0.632069 0.774912 -1.0000000000474497E-06
vn 0.106778 -0.989966 0.09255300000000005
vn 0.106778 -0.989966 0.09255300000000005
vn 0.106778 -0.989966 0.09255300000000005
vn 0.087156 -0.996195 -0.000125999999999939
vn 0.087156 -0.996195 -0.000125999999999939
vn 0.087156 -0.996195 -0.000125999999999939
vn -0.99605 -0.088793 9.200000000000543E-05
vn -0.99605 -0.088793 9.200000000000543E-05
vn -0.99605 -0.088793 9.200000000000543E-05
vn -0.992929 -0.070329 0.095636
vn -0.992929 -0.070329 0.095636
vn -0.992929 -0.070329 0.095636
vn -0.996246 -0.086554 -0.0018049999999999948
vn -0.996246 -0.086554 -0.0018049999999999948
vn -0.996246 -0.086554 -0.0018049999999999948
vn -0.995269 -0.097156 9.500000000000595E-05
vn -0.995269 -0.097156 9.500000000000595E-05
vn -0.995269 -0.097156 9.500000000000595E-05
vn -0.001169 -0.00010199999999993877 0.999999
vn -0.001169 -0.00010199999999993877 0.999999
vn -0.001169 -0.00010199999999993877 0.999999
vn -0.000882 -0.001094999999999939 0.999999
vn -0.000882 -0.001094999999999939 0.999999
vn -0.000882 -0.001094999999999939 0.999999
vn 0.993425 0.08689 0.07454
vn 0.993425 0.08689 0.07454
vn 0.993425 0.08689 0.07454
vn -0.08672 0.991202 0.09999499999999995
vn -0.08672 0.991202 0.09999499999999995
vn -0.08672 0.991202 0.09999499999999995
vn -0.071025 0.995009 0.07008999999999994
vn -0.071025 0.995009 0.07008999999999994
vn -0.071025 0.995009 0.07008999999999994
vn 0.993851 0.076831 0.079727
vn 0.993851 0.076831 0.079727
vn 0.993851 0.076831 0.079727
vn 0.755363 -0.26544699999999993 0.599136
vn 0.755363 -0.26544699999999993 0.599136
vn 0.755363 -0.26544699999999993 0.599136
vn 0.72371 0.06330900000000005 0.687195
vn 0.72371 0.06330900000000005 0.687195
vn 0.72371 0.06330900000000005 0.687195
vn -0.992886 -0.086843 0.081454
vn -0.992886 -0.086843 0.081454
vn -0.992886 -0.086843 0.081454
vn -0.98335 -0.181721 1.1127202049392809E-17
vn -0.98335 -0.181721 1.1127202049392809E-17
vn -0.98335 -0.181721 1.1127202049392809E-17
vn 0.060228 -0.26068499999999994 0.963544
vn 0.060228 -0.26068499999999994 0.963544
vn 0.060228 -0.26068499999999994 0.963544
vn -2E-06 5.000000000061232E-06 1
vn 6E-06 1.4000000000061232E-05 1
vn -2E-06 5.000000000061232E-06 1
vn -0.09224 0.995737 0.0007399999999999391
vn -0.09224 0.995737 0.0007399999999999391
vn -0.09224 0.995737 0.0007399999999999391
vn -0.086874 0.996219 1.999999999938999E-06
vn -0.086874 0.996219 1.999999999938999E-06
vn -0.086874 0.996219 1.999999999938999E-06
vn 1 0 0
vn 1 0 0
vn 1 0 0
vn 1 0 0
vn 1 0 0
vn 1 0 0
vn 2E-06 -8.999999999938768E-06 1
vn 0.619676 0.738498 0.26574899999999996
vn -0.7385 0.619673 0.26575199999999993
vn 2E-06 -8.999999999938768E-06 1
vn -0.619674 -0.738501 0.26574500000000006
vn 0.000848 -0.0021069999999999388 0.999997
vn 0.995157 0.098268 -0.002546000000000006
vn -0.098715 0.995112 -0.002548000000000061
vn 0.000826 -0.0020730000000000613 -0.999998
vn -0.098715 0.995112 -0.002548000000000061
vn 0.000848 -0.0021069999999999388 0.999997
vn -0.098715 0.995112 -0.002548000000000061
vn -0.994868 -0.101153 -0.0025439999999999937
vn 0.000826 -0.0020730000000000613 -0.999998
vn -0.994868 -0.101153 -0.0025439999999999937
vn 0.000848 -0.0021069999999999388 0.999997
vn -0.994868 -0.101153 -0.0025439999999999937
vn 0.09955 -0.995029 -0.0025459999999999394
vn 0.000826 -0.0020730000000000613 -0.999998
vn 0.09955 -0.995029 -0.0025459999999999394
vn 0.000848 -0.0021069999999999388 0.999997
vn 0.995157 0.098268 -0.002546000000000006
vn -0.098715 0.995112 -0.002548000000000061
vn 0.000826 -0.0020730000000000613 -0.999998
vn -0.098715 0.995112 -0.002548000000000061
vn 0.000848 -0.0021069999999999388 0.999997
vn -0.098715 0.995112 -0.002548000000000061
vn -0.994868 -0.101153 -0.0025439999999999937
vn 0.000826 -0.0020730000000000613 -0.999998
vn -0.994868 -0.101153 -0.0025439999999999937
vn 0.000848 -0.0021069999999999388 0.999997
vn -0.994868 -0.101153 -0.0025439999999999937
vn 0.09955 -0.995029 -0.0025459999999999394
vn 0.000826 -0.0020730000000000613 -0.999998
vn 0.09955 -0.995029 -0.0025459999999999394
vn 0.868718 0.495298 -0.00304700000000003
vn 0.871201 -0.490917 -0.00308699999999997
vn 0.005576 0.999984 0.00024099999999993877
vn -0.868123 0.496335 0.00366399999999997
vn 0.868718 0.495298 -0.00304700000000003
vn -0.868123 0.496335 0.00366399999999997
vn 0.005576 0.999984 0.00024099999999993877
vn -0.863937 -0.503587 0.003611000000000031
vn -0.863937 -0.503587 0.003611000000000031
vn 0.010447 -0.999945 0.0002860000000000612
vn 0.862928 -0.505317 -0.0030459999999999693
vn -0.873796 -0.486279 0.0036650000000000298
vn -0.005995 -0.999982 0.00024100000000006123
vn 0.876821 0.480807 -0.0030870000000000294
vn 0.862928 -0.505317 -0.0030459999999999693
vn -0.873796 -0.486279 0.0036650000000000298
vn 0.022013 0.999758 0.0002869999999999388
vn -0.858065 0.513528 0.0036109999999999684
vn -0.858065 0.513528 0.0036109999999999684
vn -0.005995 -0.999982 0.00024100000000006123
vn -0.861994 0.506903 -0.004005000000000031
vn 0.874747 0.48454 0.0062539999999999705
vn 0.007822 0.999968 0.001898999999999939
vn -0.877766 -0.479055 -0.005719999999999971
vn -0.861994 0.506903 -0.004005000000000031
vn 0.874747 0.48454 0.0062539999999999705
vn -0.023999 -0.999711 -0.0014519999999999388
vn 0.857039 -0.515231 0.004499000000000032
vn 0.857039 -0.515231 0.004499000000000032
vn 0.007822 0.999968 0.001898999999999939
vn -0.689142 0.724626 0.00030399999999995567
vn 0.689142 -0.724626 1.0000000000443705E-06
vn -0.687349 0.726327 9.999999999555252E-07
vn 0.687349 -0.726327 -0.00030299999999995554
vn -0.689142 0.724626 0.00030399999999995567
vn 0.667587 -0.744532 0.00030700000000004557
vn -0.667587 0.744532 9.999999999544105E-07
vn 0.665729 -0.746194 1.0000000000456912E-06
vn -0.665729 0.746194 -0.0003060000000000457
vn 0.667587 -0.744532 0.00030700000000004557
vn -0.711233 -0.702956 4.3043640767071344E-17
vn 0.711233 0.702956 -4.3043640767071344E-17
vn -0.711233 -0.702956 4.3043640767071344E-17
vn 0.711233 0.702956 -4.3043640767071344E-17
vn -0.711233 -0.702956 4.3043640767071344E-17
vn -0.869636 -0.493684 -0.0030459999999999697
vn -0.870288 0.492534 -0.0030870000000000303
vn -0.007433 -0.999972 0.00024200000000006123
vn 0.867193 -0.497959 0.00366500000000003
vn -0.869636 -0.493684 -0.0030459999999999697
vn 0.867193 -0.497959 0.00366500000000003
vn -0.007433 -0.999972 0.00024200000000006123
vn 0.864878 0.501969 0.0036109999999999693
vn 0.864878 0.501969 0.0036109999999999693
vn -0.008591 0.999963 0.0002859999999999388
vn 0.000853 -0.0021069999999999388 0.999997
vn 0.995157 0.098262 -0.002546000000000006
vn -0.098708 0.995113 -0.002548000000000061
vn 0.000831 -0.0020730000000000613 -0.999997
vn -0.098708 0.995113 -0.002548000000000061
vn 0.000853 -0.0021069999999999388 0.999997
vn -0.098708 0.995113 -0.002548000000000061
vn -0.994868 -0.101149 -0.0025439999999999937
vn 0.000831 -0.0020730000000000613 -0.999997
vn -0.994868 -0.101149 -0.0025439999999999937
vn 0.000853 -0.0021069999999999388 0.999997
vn -0.994868 -0.101149 -0.0025439999999999937
vn 0.09955 -0.995029 -0.0025459999999999394
vn 0.000831 -0.0020730000000000613 -0.999997
vn 0.09955 -0.995029 -0.0025459999999999394
vn -0.367558 -0.930001 5.694613739269188E-17
vn 0.930001 -0.367557 2.2506375177710188E-17
vn 0.523466 -0.852047 5.2172831563655244E-17
vn 0.523466 -0.852047 5.2172831563655244E-17
vn -0.852047 -0.523466 3.2053048068123416E-17
vn 3.8E-05 -6.199999999993877E-05 1
vn 2.5E-05 -6.199999999993877E-05 1
vn 2E-06 -2.5999999999938765E-05 1
vn 2E-06 -2.5999999999938765E-05 1
vn 3.8E-05 -6.199999999993877E-05 1
vn -0.354581 -0.935025 3.000000000057254E-06
vn -0.844661 -0.535301 3.277773281151887E-17
vn 0.774922 -0.632057 1.0000000000387024E-06
vn 0.774922 -0.632057 1.0000000000387024E-06
vn 0.774937 -0.632038 2.0000000000387013E-06
vn -0.000221 0.00019100000000006124 1
vn -1.9E-05 6.123233995736766E-17 1
vn 4E-05 3.0000000000612325E-06 1
vn 4E-05 3.0000000000612325E-06 1
vn -0.000221 0.00019100000000006124 1
vn -0 4.000000000061232E-06 1
vn -4.1E-05 3.800000000006123E-05 1
vn 0.000338 3.0000000000061234E-05 1
vn 0.000338 3.0000000000061234E-05 1
vn -0 4.000000000061232E-06 1
vn 0.059405 -0.12895999999999994 0.989869
vn 0.070388 -0.10067799999999995 0.992426
vn 0.059405 -0.12895999999999994 0.989869
vn 0.048367 -0.15712099999999996 0.986394
vn -1 6.123233995736766E-23 1E-06
vn -1 1.0000000000000002E-06 4E-06
vn -0.720547 0.05436900000000004 0.691271
vn -0.570369 0.578536 0.583074
vn 0.999951 0.008857 0.004349999999999999
vn 0.999948 0.00865 0.005353999999999999
vn 0.553557 0.612595 0.564182
vn 0.680903 0.12070600000000004 0.722358
vn 0.553557 0.612595 0.564182
vn 0.017868 0.99984 -6.122254278297447E-17
vn 0.016829 0.999851 0.0038449999999999387
vn -0.570369 0.578536 0.583074
vn -0.720547 0.05436900000000004 0.691271
vn 0.680903 0.12070600000000004 0.722358
vn 0.553557 0.612595 0.564182
vn -0.570369 0.578536 0.583074
vn -0.99596 -0.089801 -9.999999999945012E-07
vn -0.99591 -0.090349 -0.00017499999999999447
vn -0.99596 -0.089801 -9.999999999945012E-07
vn -0.99596 -0.089801 -9.999999999945012E-07
vn -0.996193 -0.08717 0.00043800000000000533
vn -0.996193 -0.087177 0.0004330000000000053
vn -0.996193 -0.08717 0.00043800000000000533
vn -0.996194 -0.087163 0.0004430000000000053
vn 0.996192 0.087155 0.002523999999999995
vn 0.996192 0.087156 0.002522999999999995
vn 0.996192 0.087155 0.002523999999999995
vn 0.996192 0.087153 0.0025249999999999947
vn -0.637411 -0.761485 -0.11767299999999996
vn -0.63456 -0.76383 -0.11788399999999996
vn -0.637411 -0.761485 -0.11767299999999996
vn -0.640254 -0.75913 -0.11746099999999995
vn 0.000848 -0.0021069999999999388 0.999997
vn 0.09955 -0.995029 -0.0025459999999999394
vn 0.995157 0.098268 -0.002546000000000006
vn 0.000826 -0.0020730000000000613 -0.999998
vn 0.000848 -0.0021069999999999388 0.999997
vn 0.09955 -0.995029 -0.0025459999999999394
vn 0.995157 0.098268 -0.002546000000000006
vn 0.000826 -0.0020730000000000613 -0.999998
vn -0.996221 -0.086859 -2.9999999999946816E-06
vn -0.996221 -0.086856 -6.999999999994681E-06
vn -0.996221 -0.086859 -2.9999999999946816E-06
vn -0.99622 -0.086862 5.318763513376869E-18
vn 0 6.123233995736766E-17 1
vn 0 6.123233995736766E-17 1
vn 0 6.123233995736766E-17 1
vn 0 6.123233995736766E-17 1
vn -0.093113 0.995656 -6.096634667259285E-17
vn -0.093113 0.995656 -6.096634667259285E-17
vn -0.093113 0.995656 -6.096634667259285E-17
vn -0.093113 0.995656 -6.096634667259285E-17
vn 0.093107 -0.995656 6.096634667259285E-17
vn 0.093107 -0.995656 6.096634667259285E-17
vn 0.093107 -0.995656 6.096634667259285E-17
vn 0.093107 -0.995656 6.096634667259285E-17
vn 0.996221 0.086856 -5.318396119337126E-18
vn 0.996221 0.086856 -5.318396119337126E-18
vn 0.996221 0.086856 -5.318396119337126E-18
vn 0.996221 0.086856 -5.318396119337126E-18
vn -0.996195 -0.087157 5.336827053664293E-18
vn -0.996195 -0.087157 5.336827053664293E-18
vn -0.996195 -0.087157 5.336827053664293E-18
vn -0.996195 -0.087157 5.336827053664293E-18
vn 0.087157 -0.996195 6.099935090382987E-17
vn 0.087157 -0.996195 6.099935090382987E-17
vn 0.087157 -0.996195 6.099935090382987E-17
vn 0.087157 -0.996195 6.099935090382987E-17
vn 0.996195 0.087156 -5.336765821324336E-18
vn 0.996195 0.087156 -5.336765821324336E-18
vn 0.996195 0.087156 -5.336765821324336E-18
vn 0.996195 0.087156 -5.336765821324336E-18
vn -0.087152 0.996195 -6.099935090382987E-17
vn -0.087152 0.996195 -6.099935090382987E-17
vn -0.087152 0.996195 -6.099935090382987E-17
vn -0.087152 0.996195 -6.099935090382987E-17
vn -0.996195 -0.087157 5.336827053664293E-18
vn -0.996195 -0.087157 5.336827053664293E-18
vn -0.996195 -0.087157 5.336827053664293E-18
vn -0.996195 -0.087157 5.336827053664293E-18
vn 0.087157 -0.996195 6.099935090382987E-17
vn 0.087157 -0.996195 6.099935090382987E-17
vn 0.087157 -0.996195 6.099935090382987E-17
vn 0.087157 -0.996195 6.099935090382987E-17
vn 0.996195 0.087156 -5.336765821324336E-18
vn 0.996195 0.087156 -5.336765821324336E-18
vn 0.996195 0.087156 -5.336765821324336E-18
vn 0.996195 0.087156 -5.336765821324336E-18
vn -0.087152 0.996195 -6.099935090382987E-17
vn -0.087152 0.996195 -6.099935090382987E-17
vn -0.087152 0.996195 -6.099935090382987E-17
vn -0.087152 0.996195 -6.099935090382987E-17
vn 0.999048 -0.043619 2.67089343660042E-18
vn 0.999048 -0.043619 2.67089343660042E-18
vn 0.999048 -0.043619 2.67089343660042E-18
vn 0.999048 -0.043619 2.67089343660042E-18
vn 0.043619 0.999048 -6.117404676972825E-17
vn 0.043619 0.999048 -6.117404676972825E-17
vn 0.043619 0.999048 -6.117404676972825E-17
vn 0.043619 0.999048 -6.117404676972825E-17
vn -0.999048 0.043619 -2.67089343660042E-18
vn -0.999048 0.043619 -2.67089343660042E-18
vn -0.999048 0.043619 -2.67089343660042E-18
vn -0.999048 0.043619 -2.67089343660042E-18
vn -0.043619 -0.999048 6.117404676972825E-17
vn -0.043619 -0.999048 6.117404676972825E-17
vn -0.043619 -0.999048 6.117404676972825E-17
vn -0.043619 -0.999048 6.117404676972825E-17
vn 0.999048 -0.043619 2.67089343660042E-18
vn 0.999048 -0.043619 2.67089343660042E-18
vn 0.999048 -0.043619 2.67089343660042E-18
vn 0.999048 -0.043619 2.67089343660042E-18
vn 0.537679 -0.00026899999999994837 0.84315
vn 0.537856 -0.00027999999999994837 0.843037
vn 0.537679 -0.00026899999999994837 0.84315
vn 0.537501 -0.0002579999999999484 0.843263
vn -0.965439 -0.260628 -5.999999999984041E-06
vn -0.965439 -0.260628 -2.199999999998404E-05
vn -0.965439 -0.260628 -5.999999999984041E-06
vn -0.965439 -0.260628 9.000000000015958E-06
vn 0.010447 -0.999945 0.0002860000000000612
vn -0.863937 -0.503587 0.003611000000000031
vn 0.871201 -0.490917 -0.00308699999999997
vn 0.868718 0.495298 -0.00304700000000003
vn 0.962368 -0.271749 3.00000000001664E-06
vn 0.962368 -0.271749 9.00000000001664E-06
vn 0.962368 -0.271749 3.00000000001664E-06
vn 0.962368 -0.271749 -3.99999999998336E-06
vn 0.022013 0.999758 0.0002869999999999388
vn 0.862928 -0.505317 -0.0030459999999999693
vn 0.876821 0.480807 -0.0030870000000000294
vn -0.858065 0.513528 0.0036109999999999684
vn -0.96186 0.273541 4.999999999983251E-06
vn -0.96186 0.273541 1.899999999998325E-05
vn -0.96186 0.273541 4.999999999983251E-06
vn -0.96186 0.273541 -8.000000000016749E-06
vn -0.023999 -0.999711 -0.0014519999999999388
vn -0.861994 0.506903 -0.004005000000000031
vn -0.877766 -0.479055 -0.005719999999999971
vn 0.857039 -0.515231 0.004499000000000032
vn 0.726285 0.687394 -0.0001530000000000421
vn 0.725426 0.6883 -4.214621959265616E-17
vn 0.726285 0.687394 -0.0001530000000000421
vn 0.727142 0.686487 -0.000306000000000042
vn 0.687349 -0.726327 -0.00030299999999995554
vn -0.687349 0.726327 9.999999999555252E-07
vn 0.689142 -0.724626 1.0000000000443705E-06
vn -0.689142 0.724626 0.00030399999999995567
vn -0.665729 0.746194 -0.0003060000000000457
vn 0.665729 -0.746194 1.0000000000456912E-06
vn -0.667587 0.744532 9.999999999544105E-07
vn 0.667587 -0.744532 0.00030700000000004557
vn 0.980704 0.08580700000000001 0.175662
vn 0.980699 0.08580000000000002 0.175695
vn 0.980704 0.08580700000000001 0.175662
vn 0.980704 0.08580700000000001 0.175662
vn 0.711233 0.702956 -4.3043640767071344E-17
vn -0.711233 -0.702956 4.3043640767071344E-17
vn 0.711233 0.702956 -4.3043640767071344E-17
vn -0.711233 -0.702956 4.3043640767071344E-17
vn -0.608996 -0.793173 -1.999999999951432E-06
vn -0.608998 -0.793172 -4.999999999951432E-06
vn -0.608996 -0.793173 -1.999999999951432E-06
vn -0.608995 -0.793174 4.856790001334514E-17
vn 0 6.123233995736766E-17 1
vn 0 6.123233995736766E-17 1
vn 0 6.123233995736766E-17 1
vn 0 6.123233995736766E-17 1
vn 0.965924 0.258828 -3.000000000015849E-06
vn 0.965924 0.258828 -1.0000000000015849E-05
vn 0.965924 0.258828 -3.000000000015849E-06
vn 0.965924 0.258828 3.999999999984151E-06
vn 0.043619 0.999048 -6.117404676972825E-17
vn 0.043619 0.999048 -6.117404676972825E-17
vn 0.043619 0.999048 -6.117404676972825E-17
vn 0.043619 0.999048 -6.117404676972825E-17
vn -0.999048 0.043619 -2.67089343660042E-18
vn -0.999048 0.043619 -2.67089343660042E-18
vn -0.999048 0.043619 -2.67089343660042E-18
vn -0.999048 0.043619 -2.67089343660042E-18
vn -0.043621 -0.999048 6.117404676972825E-17
vn -0.043621 -0.999048 6.117404676972825E-17
vn -0.043621 -0.999048 6.117404676972825E-17
vn -0.043621 -0.999048 6.117404676972825E-17
vn -0.746157 -0.66577 -0.00015299999999995924
vn -0.745327 -0.666699 4.0823539817237063E-17
vn -0.746157 -0.66577 -0.00015299999999995924
vn -0.746985 -0.66484 -0.0003059999999999593
vn -0.008591 0.999963 0.0002859999999999388
vn 0.864878 0.501969 0.0036109999999999693
vn -0.870288 0.492534 -0.0030870000000000303
vn -0.869636 -0.493684 -0.0030459999999999697
vn 0.533671 0.12188600000000005 0.836863
vn 0.533851 0.12186100000000005 0.836751
vn 0.533671 0.12188600000000005 0.836863
vn 0.533491 0.12191100000000006 0.836974
vn 0.000853 -0.0021069999999999388 0.999997
vn 0.09955 -0.995029 -0.0025459999999999394
vn 0.995157 0.098262 -0.002546000000000006
vn 0.000831 -0.0020730000000000613 -0.999997
vn -0.996195 -0.087155 5.336704588984378E-18
vn -0.996195 -0.087155 5.336704588984378E-18
vn -0.996195 -0.087155 5.336704588984378E-18
vn -0.996195 -0.087155 5.336704588984378E-18
vn 0 6.123233995736766E-17 1
vn 0 6.123233995736766E-17 1
vn 0 6.123233995736766E-17 1
vn 0 6.123233995736766E-17 1
vn -0.68715 -0.687146 -0.23591299999999996
vn -0.68715 -0.687146 -0.23591299999999996
vn -0.68715 -0.687146 -0.23591299999999996
vn -0.68715 -0.687146 -0.23591299999999996
vn 0.686698 -0.686694 -0.23853099999999994
vn 0.686698 -0.686694 -0.23853099999999994
vn 0.686698 -0.686694 -0.23853099999999994
vn 0.686698 -0.686694 -0.23853099999999994
vn 0.687147 0.687149 -0.23591100000000007
vn 0.687146 0.687152 -0.23590900000000006
vn 0.687147 0.687149 -0.23591100000000007
vn 0.687149 0.687147 -0.23591300000000007
vn -0.686694 0.686698 -0.23853100000000005
vn -0.686691 0.6867 -0.23853300000000005
vn -0.686694 0.686698 -0.23853100000000005
vn -0.686697 0.686696 -0.23852800000000005
vn 0 6.123233995736766E-17 1
vn 0 6.123233995736766E-17 1
vn 0 6.123233995736766E-17 1
vn 0 6.123233995736766E-17 1
vn 0.171202 0.03018900000000006 0.984773
vn 0.171202 0.03018900000000006 0.984773
vn 0.545127 0.09612500000000006 0.832825
vn -0.231357 -0.040795999999999936 0.972013
vn -0.044994 0.16791800000000007 0.984774
vn -0.044994 0.16791800000000007 0.984774
vn -0.143268 0.534672 0.832827
vn 0.060805 -0.22692099999999996 0.972013
vn -0.173844 1.0000000000602998E-06 0.984773
vn -0.173844 1.0000000000602998E-06 0.984773
vn -0.553537 5.000000000050996E-06 0.832824
vn 0.234926 -1.9999999999404814E-06 0.972013
vn 0.122926 -0.12292799999999994 0.984773
vn 0.122926 -0.12292799999999994 0.984773
vn 0.391408 -0.39141299999999996 0.832824
vn -0.166116 0.16611800000000004 0.972014
vn -0.059458 -0.16335899999999995 0.984773
vn -0.059458 -0.16335899999999995 0.984773
vn -0.189321 -0.520154 0.832825
vn 0.08035 0.22075900000000007 0.972013
vn -0.995656 -0.09311 5.701343173430503E-18
vn -0.995656 -0.09311 5.701343173430503E-18
vn -0.995656 -0.09311 5.701343173430503E-18
vn -0.995656 -0.09311 5.701343173430503E-18
vn 0.086982 -0.99621 -2.9999999999389997E-06
vn 0.08698 -0.99621 -6.999999999939E-06
vn 0.086982 -0.99621 -2.9999999999389997E-06
vn 0.086984 -0.99621 6.100026938892924E-17
vn 0.995655 0.093116 -5.7017105674702476E-18
vn 0.995655 0.093116 -5.7017105674702476E-18
vn 0.995655 0.093116 -5.7017105674702476E-18
vn 0.995655 0.093116 -5.7017105674702476E-18
vn 0 6.123233995736766E-17 1
vn 0 6.123233995736766E-17 1
vn 0 6.123233995736766E-17 1
vn 0 6.123233995736766E-17 1
vn -0.796979 0.604007 -3.6984761960629765E-17
vn -0.796979 0.604007 -3.6984761960629765E-17
vn -0.796979 0.604007 -3.6984761960629765E-17
vn -0.796979 0.604007 -3.6984761960629765E-17
vn 0.796977 -0.60401 3.698494565764964E-17
vn 0.796977 -0.60401 3.698494565764964E-17
vn 0.796977 -0.60401 3.698494565764964E-17
vn 0.796977 -0.60401 3.698494565764964E-17
vn 0.608998 0.793172 -4.856777754866522E-17
vn 0.608998 0.793172 -4.856777754866522E-17
vn 0.608998 0.793172 -4.856777754866522E-17
vn 0.608998 0.793172 -4.856777754866522E-17
vn 0.995656 0.093113 -5.701526870450375E-18
vn 0.995656 0.093113 -5.701526870450375E-18
vn 0.995656 0.093113 -5.701526870450375E-18
vn 0.995656 0.093113 -5.701526870450375E-18
vn -0.087044 0.996204 -6.099990199488949E-17
vn -0.087044 0.996204 -6.099990199488949E-17
vn -0.087044 0.996204 -6.099990199488949E-17
vn -0.087044 0.996204 -6.099990199488949E-17
vn 0 6.123233995736766E-17 1
vn 0 6.123233995736766E-17 1
vn 0 6.123233995736766E-17 1
vn 0 6.123233995736766E-17 1
vn -0.580982 -0.804619 -0.12267199999999995
vn -0.578837 -0.806146 -0.12278399999999995
vn -0.580982 -0.804619 -0.12267199999999995
vn -0.583123 -0.803086 -0.12255899999999995
vn 0.087114 -0.996198 -9.5999999999939E-05
vn 0.087041 -0.996205 6.099996322722945E-17
vn 0.087114 -0.996198 -9.5999999999939E-05
vn 0.087188 -0.996192 -0.00019099999999993902
vn -0.021567 0.24651100000000006 0.9689
vn -0.021567 0.24651100000000006 0.9689
vn -0.021567 0.24651100000000006 0.9689
vn -0.021567 0.24651100000000006 0.9689
vn -0.021567 0.24651100000000006 0.9689
vn -0.021567 0.24651100000000006 0.9689
vn -0.021567 0.24651100000000006 0.9689
vn -0.021567 0.24651100000000006 0.9689
vn -0.087156 0.996195 -0.000222000000000061
vn -0.087156 0.996195 -0.000222000000000061
vn -0.087156 0.996195 -0.000222000000000061
vn -0.087156 0.996195 -0.000222000000000061
vn 0.996195 0.087156 0.00017499999999999466
vn 0.996195 0.087156 0.00017499999999999466
vn 0.996195 0.087156 0.00017499999999999466
vn 0.996195 0.087156 0.00017499999999999466
vn -0.087156 0.996195 -6.099935090382987E-17
vn -0.087156 0.996195 -1.0000000000609992E-06
vn -0.087156 0.996195 -6.099935090382987E-17
vn -0.087157 0.996195 -6.099935090382987E-17
vn -0.086967 0.996209 0.002250999999999939
vn -0.086778 0.996225 0.0023809999999999387
vn -0.086967 0.996209 0.002250999999999939
vn -0.087156 0.996192 0.002120999999999939
vn 2E-06 6.123233995736766E-17 1
vn 6E-06 -2.9999999999387676E-06 1
vn 6E-06 -2.9999999999387676E-06 1
vn 6E-06 -2.9999999999387676E-06 1
vn -0.087156 0.996195 -2.0000000000609994E-06
vn -0.087156 0.996195 -2.0000000000609994E-06
vn -0.087156 0.996195 -2.0000000000609994E-06
vn -0.087156 0.996195 -2.0000000000609994E-06
vn 0.087155 -0.996195 6.099935090382987E-17
vn 0.087156 -0.996195 1.0000000000609992E-06
vn 0.087155 -0.996195 6.099935090382987E-17
vn 0.087155 -0.996195 6.099935090382987E-17
vn -0.053873 0.615772 0.78608
vn -0.053872 0.615772 0.786081
vn -0.053873 0.615772 0.78608
vn -0.053873 0.615773 0.78608
vn -0.995947 -0.089944 5.5074815851254764E-18
vn -0.995947 -0.089942 -9.999999999944925E-07
vn -0.995947 -0.089944 5.5074815851254764E-18
vn -0.995947 -0.089946 5.507604049805391E-18
vn 0.996203 0.087062 -5.3310099813683435E-18
vn 0.996203 0.087062 -5.3310099813683435E-18
vn 0.996203 0.087062 -5.3310099813683435E-18
vn 0.996203 0.087062 -5.3310099813683435E-18
vn -0.930001 0.367558 -2.2506436410050142E-17
vn -0.367558 -0.930001 5.694613739269188E-17
vn -0.852047 -0.523466 3.2053048068123416E-17
vn -0.523465 0.852047 -5.2172831563655244E-17
vn 0.930001 -0.367557 2.2506375177710188E-17
vn 0.367559 0.93 -5.694607616035192E-17
vn 0.852047 0.523466 -3.2053048068123416E-17
vn 0.523466 -0.852047 5.2172831563655244E-17
vn -0.010793 -0.24721699999999994 0.9689
vn -0.010794 -0.24721699999999994 0.9689
vn -0.010793 -0.24721699999999994 0.9689
vn -0.010793 -0.24721699999999994 0.9689
vn -0.010793 -0.24721699999999994 0.9689
vn -0.010793 -0.24721699999999994 0.9689
vn -0.010793 -0.24721699999999994 0.9689
vn -0.010793 -0.24721699999999994 0.9689
vn 0 6.123233995736766E-17 1
vn 0 6.123233995736766E-17 1
vn 0 6.123233995736766E-17 1
vn 0 6.123233995736766E-17 1
vn -0.697648 -0.06103599999999996 0.713836
vn -0.697647 -0.061025999999999955 0.713838
vn -0.697648 -0.06103599999999996 0.713836
vn -0.697648 -0.06103599999999996 0.713836
vn 0.086969 -0.996208 0.002515000000000061
vn 0.086778 -0.996224 0.002646000000000061
vn 0.086969 -0.996208 0.002515000000000061
vn 0.087159 -0.996192 0.002385000000000061
vn 2E-06 -1.4999999999938768E-05 1
vn 2E-06 -2.5999999999938765E-05 1
vn 2E-06 -1.4999999999938768E-05 1
vn 2E-06 -1.4999999999938768E-05 1
vn -0.076834 0.997044 -1.300000000006105E-05
vn -0.076764 0.997049 3.3999999999938946E-05
vn -0.076834 0.997044 -1.300000000006105E-05
vn -0.076834 0.997044 -1.300000000006105E-05
vn 0.996374 0.085084 -5.20989241293267E-18
vn 0.996374 0.085084 -5.20989241293267E-18
vn 0.996374 0.085084 -5.20989241293267E-18
vn 0.996374 0.085084 -5.20989241293267E-18
vn -0.996197 -0.087129 -0.00011499999999999466
vn -0.996199 -0.08711 -0.00012599999999999466
vn -0.996197 -0.087129 -0.00011499999999999466
vn -0.996195 -0.087149 -0.00010299999999999466
vn 0.087371 -0.996176 0.00014800000000006098
vn 0.087592 -0.996156 1.6000000000060996E-05
vn 0.087371 -0.996176 0.00014800000000006098
vn 0.08715 -0.996195 0.00028000000000006096
vn 0.076775 -0.997048 1.9000000000061052E-05
vn 0.076734 -0.997052 -7.999999999938947E-06
vn 0.076775 -0.997048 1.9000000000061052E-05
vn 0.076775 -0.997048 1.9000000000061052E-05
vn -0.996362 -0.085228 5.218709869886531E-18
vn -0.996362 -0.085228 5.218709869886531E-18
vn -0.996362 -0.085228 5.218709869886531E-18
vn -0.996362 -0.085228 5.218709869886531E-18
vn 0.996197 0.087129 -0.00011500000000000534
vn 0.996199 0.08711 -0.00010400000000000533
vn 0.996197 0.087129 -0.00011500000000000534
vn 0.996195 0.087149 -0.00012700000000000534
vn -0.087373 0.996176 0.000146999999999939
vn -0.087592 0.996156 1.5999999999939003E-05
vn -0.087373 0.996176 0.000146999999999939
vn -0.087154 0.996195 0.000277999999999939
vn 0.000103 0.00012300000000006124 1
vn -5.7E-05 -6.499999999993876E-05 1
vn 0.000103 0.00012300000000006124 1
vn 0.000103 0.00012300000000006124 1
vn 5E-06 -5.999999999993877E-05 1
vn 5E-06 -5.999999999993877E-05 1
vn 5E-06 -5.999999999993877E-05 1
vn 5E-06 -5.999999999993877E-05 1
vn -0.996195 -0.087156 5.336765821324336E-18
vn -0.996195 -0.087156 -5.999999999994663E-06
vn -0.996195 -0.087156 5.336765821324336E-18
vn -0.996195 -0.087156 5.336765821324336E-18
vn -3.4E-05 0.00035900000000006126 1
vn -2.2E-05 -1.9999999999387675E-06 1
vn -3.4E-05 0.00035900000000006126 1
vn 0.000338 3.0000000000061234E-05 1
vn 0.087156 -0.996195 6.099935090382987E-17
vn 0.087156 -0.996195 6.099935090382987E-17
vn 0.087156 -0.996195 6.099935090382987E-17
vn 0.087156 -0.996195 6.099935090382987E-17
vn -0.463831 -0.040583999999999947 0.884994
vn -0.463831 -0.040583999999999947 0.884994
vn -0.463831 -0.040583999999999947 0.884994
vn -0.463831 -0.040583999999999947 0.884994
vn -0.087156 0.996195 -6.099935090382987E-17
vn -0.087156 0.996195 -6.099935090382987E-17
vn -0.087156 0.996195 -6.099935090382987E-17
vn -0.087156 0.996195 -6.099935090382987E-17
vn -0.935038 0.354549 -2.1709864899544747E-17
vn -0.53525 0.844694 -5.1722590167948716E-17
vn -0.844661 -0.535301 3.277773281151887E-17
vn -0.354581 -0.935025 3.000000000057254E-06
vn 0.774922 -0.632057 1.0000000000387024E-06
vn 0.632075 0.774907 -4.74493688593439E-17
vn 0.632069 0.774912 -1.0000000000474497E-06
vn 0.774937 -0.632038 2.0000000000387013E-06
vn -0.996195 -0.087156 5.336765821324336E-18
vn -0.996195 -0.087156 5.336765821324336E-18
vn -0.996195 -0.087156 5.336765821324336E-18
vn -0.996195 -0.087156 5.336765821324336E-18
vn 0.996196 0.087147 -1.3000000000005336E-05
vn 0.996195 0.087156 -1.5000000000005337E-05
vn 0.996196 0.087147 -1.3000000000005336E-05
vn 0.996196 0.087147 -1.3000000000005336E-05
vn -0.996195 -0.087156 1.4000000000005336E-05
vn -0.996196 -0.087145 1.7000000000005336E-05
vn -0.996195 -0.087156 1.4000000000005336E-05
vn -0.996195 -0.087156 1.4000000000005336E-05
vn -0.048376 0.559145 0.827657
vn -0.048795 0.559672 0.827277
vn -0.048376 0.559145 0.827657
vn -0.048376 0.559145 0.827657
vn -0.984819 -0.08615999999999999 0.150694
vn -0.984818 -0.08616099999999999 0.150697
vn -0.984819 -0.08615999999999999 0.150694
vn -0.984819 -0.08615999999999999 0.150694
vn 0.087156 -0.996195 6.099935090382987E-17
vn 0.087151 -0.996195 -9.999999999390007E-07
vn 0.087156 -0.996195 6.099935090382987E-17
vn 0.087156 -0.996195 6.099935090382987E-17
vn -0.090463 0.9959 -4.000000000060981E-06
vn -0.090469 0.995899 -6.09812261312025E-17
vn -0.090463 0.9959 -4.000000000060981E-06
vn -0.090463 0.9959 -4.000000000060981E-06
vn -0.00021 -1.7999999999938767E-05 1
vn -0.000221 0.00019100000000006124 1
vn -0.00021 -1.7999999999938767E-05 1
vn -0.00021 -1.7999999999938767E-05 1
vn -1.2E-05 1.0000000000612324E-06 1
vn -1E-06 1.2000000000061232E-05 1
vn -1.2E-05 1.0000000000612324E-06 1
vn -1.2E-05 1.0000000000612324E-06 1
vn 0.749602 0.06441900000000005 0.658746
vn 0.751111 0.06319500000000004 0.657144
vn 0.749602 0.06441900000000005 0.658746
vn 0.748088 0.06564300000000005 0.660345
vn -0.996195 -0.087156 1.0000000000053367E-06
vn -0.996195 -0.087156 1.0000000000053367E-06
vn -0.996195 -0.087156 1.0000000000053367E-06
vn -0.996195 -0.087156 1.0000000000053367E-06
vn -0 4.000000000061232E-06 1
vn -0 4.000000000061232E-06 1
vn -0 4.000000000061232E-06 1
vn -0 4.000000000061232E-06 1
vn -0.050506 0.591626 0.804629
vn -0.051749 0.591485 0.804654
vn -0.050506 0.591626 0.804629
vn -0.049264 0.591765 0.804604
vn 6E-06 1.4000000000061232E-05 1
vn -1E-06 1.5000000000061232E-05 1
vn -1E-06 1.5000000000061232E-05 1
vn -1E-06 1.5000000000061232E-05 1
vn -0.054048 0.617522 0.784695
vn -0.054065 0.617517 0.784697
vn -0.054048 0.617522 0.784695
vn -0.05403 0.617526 0.784692
vn -7.1E-05 0.0002840000000000613 1
vn -7.6E-05 0.00028700000000006124 1
vn -7.1E-05 0.0002840000000000613 1
vn -7.1E-05 0.0002840000000000613 1
vn 0.996193 0.087172 -7.200000000000534E-05
vn 0.996195 0.087156 1.999999999994663E-06
vn 0.996193 0.087172 -7.200000000000534E-05
vn 0.996192 0.087188 -0.00014600000000000534
vn -0.090013 0.995941 -3.500000000006098E-05
vn -0.090013 0.995941 -3.500000000006098E-05
vn -0.084224 0.918847 0.3855219999999999
vn -0.059613 0.63385 0.771155
vn -0.028972 0.28862400000000005 0.957004
vn -0.028921 0.2884860000000001 0.957047
vn -0.087156 0.996195 -6.099935090382987E-17
vn -0.087156 0.996195 -6.099935090382987E-17
vn -0.087156 0.996195 -6.099935090382987E-17
vn -0.087156 0.996195 -6.099935090382987E-17
vn -0.087155 0.996195 -6.099935090382987E-17
vn 0.996194 0.087168 -1.0000000000053375E-06
vn 0.996195 0.087156 1.999999999994663E-06
vn 0.996194 0.087159 -1.000000000005337E-06
vn 0.996193 0.087174 -3.000000000005338E-06
vn 0.996192 0.087185 -1.0000000000053386E-06
vn 0.438282 0.743072 0.50572
vn -0.068182 0.859999 0.505721
vn 0.161195 0.698211 0.697508
vn -0.493813 0.699176 0.517011
vn 0.750336 0.41194200000000003 0.517011
vn -0.556538 0.21820500000000007 0.801656
vn -0.838978 0.20090900000000003 0.505719
vn -0.817554 -0.25358499999999995 0.517011
vn 0.448905 0.03927400000000006 0.892716
vn 0.81047 -0.27538799999999997 0.517011
vn -0.379506 -0.4618689999999999 0.801656
vn -0.450335 -0.735829 0.505721
vn -0.011464 -0.855902 0.517012
vn 0.37939 -0.593439 0.709854
vn 0.560656 -0.655676 0.50572
vn 0 6.123233995736766E-17 1
vn 0 6.123233995736766E-17 1
vn 0 6.123233995736766E-17 1
vn 0 6.123233995736766E-17 1
vn 0 6.123233995736766E-17 1
vn 0 6.123233995736766E-17 1
vn 0 6.123233995736766E-17 1
vn 0 6.123233995736766E-17 1
vn 0.750453 0.502544 0.4292679999999999
vn 0.800081 0.535604 0.27018299999999995
vn 0.471847 0.83993 0.2681009999999999
vn 0.959712 0.08406800000000002 0.268114
vn 0.305161 0.834086 0.45953999999999995
vn -0.084085 0.96007 0.26682399999999995
vn 0.861513 0.07537600000000003 0.50211
vn -0.075529 0.861903 0.501417
vn 0.833717 -0.30521199999999993 0.460176
vn 0.839708 -0.471648 0.26914600000000005
vn -0.000141 1.1000000000061232E-05 1
vn 0.502345 -0.750348 0.42968300000000004
vn 0.535423 -0.799964 0.2708880000000001
vn 0.083946 -0.959677 0.26827700000000004
vn -0.502719 0.750731 0.42857499999999993
vn -0.535674 0.80036 0.26921599999999996
vn -0.84007 0.471912 0.26754799999999995
vn -0.834116 0.30538800000000005 0.459336
vn -0.960035 -0.08377499999999999 0.267048
vn -0.861858 -0.07529799999999998 0.501529
vn -0.750697 -0.502385 0.4290260000000001
vn -0.80037 -0.535286 0.26995700000000006
vn -0.471932 -0.839707 0.26865000000000006
vn -0.30528 -0.833781 0.46001400000000003
vn 0.075319 -0.861522 0.502102
g 01
f 1/1/1 2/2/2 3/3/3
f 4/4/4 5/5/5 6/6/6
f 7/7/7 8/8/8 9/9/9
f 10/10/10 11/11/11 12/12/12
f 13/13/13 14/14/14 15/15/15
f 16/16/16 17/17/17 18/18/18
f 19/19/19 20/20/20 21/21/21
f 22/22/22 23/23/23 24/24/24
f 25/25/25 26/26/26 27/27/27
f 28/28/28 29/29/29 30/30/30
f 31/31/31 32/32/32 33/33/33
f 34/34/34 35/35/35 36/36/36
f 37/37/37 38/38/38 39/39/39
f 40/40/40 41/41/41 42/42/42
f 43/43/43 44/44/44 45/45/45
f 46/46/46 47/47/47 48/48/48
f 49/49/49 50/50/50 51/51/51
f 52/52/52 53/53/53 54/54/54
f 55/55/55 56/56/56 57/57/57
f 58/58/58 59/59/59 60/60/60
f 61/61/61 62/62/62 63/63/63
f 64/64/64 65/65/65 66/66/66
f 67/67/67 68/68/68 69/69/69
f 70/70/70 71/71/71 72/72/72
f 73/73/73 74/74/74 75/75/75
f 76/76/76 77/77/77 78/78/78
f 79/79/79 80/80/80 81/81/81
f 82/82/82 83/83/83 84/84/84
f 85/85/85 86/86/86 87/87/87
f 88/88/88 89/89/89 90/90/90
f 91/91/91 92/92/92 93/93/93
f 94/94/94 95/95/95 96/96/96
f 97/97/97 98/98/98 99/99/99
f 100/100/100 101/101/101 102/102/102
f 103/103/103 104/104/104 105/105/105
f 106/106/106 107/107/107 108/108/108
f 109/109/109 110/110/110 111/111/111
f 112/112/112 113/113/113 114/114/114
f 115/115/115 116/116/116 117/117/117
f 118/118/118 119/119/119 120/120/120
f 121/121/121 122/122/122 123/123/123
f 124/124/124 125/125/125 126/126/126
f 127/127/127 128/128/128 129/129/129
f 130/130/130 131/131/131 132/132/132
f 133/133/133 134/134/134 135/135/135
f 136/136/136 137/137/137 138/138/138
f 139/139/139 140/140/140 141/141/141
f 142/142/142 143/143/143 144/144/144
f 145/145/145 146/146/146 147/147/147
f 148/148/148 149/149/149 150/150/150
f 151/151/151 152/152/152 153/153/153
f 154/154/154 155/155/155 156/156/156
f 157/157/157 158/158/158 159/159/159
f 160/160/160 161/161/161 162/162/162
f 163/163/163 164/164/164 165/165/165
f 166/166/166 167/167/167 168/168/168
f 169/169/169 170/170/170 171/171/171
f 172/172/172 171/171/171 173/173/173
f 174/174/174 175/175/175 176/176/176
f 177/177/177 178/178/178 175/175/175
f 179/179/179 180/180/180 181/181/181
f 182/182/182 183/183/183 180/180/180
f 184/184/184 185/185/185 186/186/186
f 187/187/187 188/188/188 185/185/185
f 189/189/189 190/190/190 191/191/191
f 192/192/192 193/193/193 190/190/190
f 194/194/194 195/195/195 196/196/196
f 197/197/197 198/198/198 195/195/195
f 199/199/199 200/200/200 201/201/201
f 202/202/202 203/203/203 200/200/200
f 204/204/204 205/205/205 206/206/206
f 206/206/206 207/207/207 208/208/208
f 209/209/209 210/210/210 211/211/211
f 212/212/212 213/213/213 209/209/209
f 214/214/214 215/215/215 216/216/216
f 216/216/216 217/217/217 218/218/218
f 219/219/219 220/220/220 221/221/221
f 222/222/222 223/223/223 219/219/219
f 224/224/224 225/225/225 226/226/226
f 226/226/226 227/227/227 228/228/228
f 229/229/229 230/230/230 231/231/231
f 232/232/232 233/233/233 229/229/229
f 234/234/234 235/235/235 236/236/236
f 236/236/236 237/237/237 238/238/238
f 239/239/239 240/240/240 241/241/241
f 241/241/241 242/242/242 243/243/243
f 244/244/244 245/245/245 246/246/246
f 246/246/246 247/247/247 248/248/248
f 249/249/249 250/250/250 251/251/251
f 251/251/251 252/252/252 253/253/253
f 254/254/254 255/255/255 256/256/256
f 257/257/257 258/258/258 254/254/254
f 259/259/259 260/260/260 261/261/261
f 262/262/262 263/263/263 260/260/260
f 264/264/264 265/265/265 266/266/266
f 267/267/267 268/268/268 265/265/265
f 269/269/269 270/270/270 271/271/271
f 272/272/272 273/273/273 270/270/270
f 274/274/274 275/275/275 276/276/276
f 277/277/277 278/278/278 274/274/274
f 279/279/279 280/280/280 281/281/281
f 282/282/282 283/283/283 279/279/279
f 284/284/284 285/285/285 286/286/286
f 287/287/287 288/288/288 284/284/284
f 289/289/289 290/290/290 291/291/291
f 291/291/291 292/292/292 293/293/293
f 294/294/294 295/295/295 296/296/296
f 296/296/296 297/297/297 298/298/298
f 299/299/299 300/300/300 301/301/301
f 301/301/301 302/302/302 299/299/299
f 303/303/303 304/304/304 305/305/305
f 305/305/305 306/306/306 303/303/303
f 307/307/307 308/308/308 309/309/309
f 309/309/309 310/310/310 307/307/307
f 311/311/311 312/312/312 313/313/313
f 313/313/313 314/314/314 311/311/311
f 315/315/315 316/316/316 317/317/317
f 317/317/317 318/318/318 315/315/315
f 319/319/319 320/320/320 321/321/321
f 319/319/319 321/321/321 322/322/322
f 323/323/323 324/324/324 325/325/325
f 325/325/325 326/326/326 323/323/323
f 327/327/327 328/328/328 329/329/329
f 329/329/329 330/330/330 327/327/327
f 331/331/331 332/332/332 333/333/333
f 333/333/333 334/334/334 331/331/331
f 335/335/335 336/336/336 337/337/337
f 338/338/338 337/337/337 336/336/336
f 339/339/339 340/340/340 341/341/341
f 342/342/342 341/341/341 340/340/340
f 343/343/343 344/344/344 345/345/345
f 345/345/345 346/346/346 343/343/343
f 347/347/347 348/348/348 349/349/349
f 349/349/349 350/350/350 347/347/347
f 351/351/351 352/352/352 353/353/353
f 353/353/353 354/354/354 351/351/351
f 355/355/355 356/356/356 357/357/357
f 357/357/357 358/358/358 355/355/355
f 359/359/359 360/360/360 361/361/361
f 361/361/361 362/362/362 359/359/359
f 363/363/363 364/364/364 365/365/365
f 365/365/365 366/366/366 363/363/363
f 367/367/367 368/368/368 369/369/369
f 369/369/369 370/370/370 367/367/367
f 371/371/371 372/372/372 373/373/373
f 373/373/373 374/374/374 371/371/371
f 375/375/375 376/376/376 377/377/377
f 377/377/377 378/378/378 375/375/375
f 379/379/379 380/380/380 381/381/381
f 381/381/381 382/382/382 379/379/379
f 383/383/383 384/384/384 385/385/385
f 385/385/385 386/386/386 383/383/383
f 387/387/387 388/388/388 389/389/389
f 389/389/389 390/390/390 387/387/387
f 391/391/391 392/392/392 393/393/393
f 393/393/393 394/394/394 391/391/391
f 395/395/395 396/396/396 397/397/397
f 397/397/397 398/398/398 395/395/395
f 399/399/399 400/400/400 401/401/401
f 401/401/401 402/402/402 399/399/399
f 403/403/403 404/404/404 405/405/405
f 405/405/405 406/406/406 403/403/403
f 407/407/407 408/408/408 409/409/409
f 409/409/409 410/410/410 407/407/407
f 411/411/411 412/412/412 413/413/413
f 413/413/413 414/414/414 411/411/411
f 415/415/415 416/416/416 417/417/417
f 417/417/417 418/418/418 415/415/415
f 419/419/419 420/420/420 421/421/421
f 421/421/421 422/422/422 419/419/419
f 423/423/423 424/424/424 425/425/425
f 425/425/425 426/426/426 423/423/423
f 427/427/427 428/428/428 429/429/429
f 429/429/429 430/430/430 427/427/427
f 431/431/431 432/432/432 433/433/433
f 433/433/433 434/434/434 431/431/431
f 435/435/435 436/436/436 437/437/437
f 437/437/437 438/438/438 435/435/435
f 439/439/439 440/440/440 441/441/441
f 441/441/441 442/442/442 439/439/439
f 443/443/443 444/444/444 445/445/445
f 445/445/445 446/446/446 443/443/443
f 447/447/447 448/448/448 449/449/449
f 449/449/449 450/450/450 447/447/447
f 451/451/451 452/452/452 453/453/453
f 453/453/453 454/454/454 451/451/451
f 455/455/455 456/456/456 457/457/457
f 457/457/457 458/458/458 455/455/455
f 459/459/459 460/460/460 461/461/461
f 461/461/461 462/462/462 459/459/459
f 463/463/463 464/464/464 465/465/465
f 465/465/465 466/466/466 463/463/463
f 467/467/467 468/468/468 469/469/469
f 469/469/469 470/470/470 467/467/467
f 471/471/471 472/472/472 473/473/473
f 473/473/473 474/474/474 471/471/471
f 475/475/475 476/476/476 477/477/477
f 477/477/477 478/478/478 475/475/475
f 479/479/479 480/480/480 481/481/481
f 481/481/481 482/482/482 479/479/479
f 483/483/483 484/484/484 485/485/485
f 485/485/485 486/486/486 483/483/483
f 487/487/487 488/488/488 489/489/489
f 489/489/489 490/490/490 487/487/487
f 491/491/491 492/492/492 493/493/493
f 493/493/493 494/494/494 491/491/491
f 495/495/495 496/496/496 497/497/497
f 497/497/497 498/498/498 495/495/495
f 499/499/499 500/500/500 501/501/501
f 502/502/502 501/501/501 500/500/500
f 503/503/503 504/504/504 505/505/505
f 505/505/505 506/506/506 503/503/503
f 507/507/507 508/508/508 509/509/509
f 509/509/509 510/510/510 507/507/507
f 511/511/511 512/512/512 513/513/513
f 513/513/513 514/514/514 511/511/511
f 515/515/515 516/516/516 517/517/517
f 517/517/517 518/518/518 515/515/515
f 519/519/519 520/520/520 521/521/521
f 521/521/521 522/522/522 519/519/519
f 523/523/523 524/524/524 525/525/525
f 525/525/525 526/526/526 523/523/523
f 527/527/527 528/528/528 529/529/529
f 529/529/529 530/530/530 527/527/527
f 531/531/531 532/532/532 533/533/533
f 532/532/532 531/531/531 534/534/534
f 535/535/535 536/536/536 537/537/537
f 536/536/536 535/535/535 538/538/538
f 539/539/539 540/540/540 541/541/541
f 540/540/540 539/539/539 542/542/542
f 543/543/543 544/544/544 545/545/545
f 544/544/544 543/543/543 546/546/546
f 547/547/547 548/548/548 549/549/549
f 548/548/548 547/547/547 550/550/550
f 551/551/551 552/552/552 553/553/553
f 553/553/553 554/554/554 551/551/551
f 555/555/555 556/556/556 557/557/557
f 557/557/557 558/558/558 555/555/555
f 559/559/559 560/560/560 561/561/561
f 561/561/561 562/562/562 559/559/559
f 563/563/563 564/564/564 565/565/565
f 565/565/565 566/566/566 563/563/563
f 567/567/567 568/568/568 569/569/569
f 569/569/569 570/570/570 567/567/567
f 571/571/571 572/572/572 573/573/573
f 573/573/573 574/574/574 571/571/571
f 575/575/575 576/576/576 577/577/577
f 577/577/577 578/578/578 575/575/575
f 579/579/579 580/580/580 581/581/581
f 581/581/581 582/582/582 579/579/579
f 583/583/583 584/584/584 585/585/585
f 585/585/585 586/586/586 583/583/583
f 587/587/587 588/588/588 589/589/589
f 589/589/589 590/590/590 587/587/587
f 591/591/591 592/592/592 593/593/593
f 593/593/593 594/594/594 591/591/591
f 595/595/595 596/596/596 597/597/597
f 597/597/597 598/598/598 595/595/595
f 599/599/599 600/600/600 601/601/601
f 601/601/601 602/602/602 599/599/599
f 603/603/603 604/604/604 605/605/605
f 605/605/605 606/606/606 603/603/603
f 607/607/607 608/608/608 609/609/609
f 609/609/609 610/610/610 607/607/607
f 611/611/611 612/612/612 613/613/613
f 613/613/613 614/614/614 611/611/611
f 615/615/615 616/616/616 617/617/617
f 617/617/617 618/618/618 615/615/615
f 619/619/619 620/620/620 621/621/621
f 621/621/621 622/622/622 619/619/619
f 623/623/623 624/624/624 625/625/625
f 625/625/625 624/624/624 626/626/626
f 627/627/627 628/628/628 629/629/629
f 629/629/629 630/630/630 627/627/627
f 631/631/631 632/632/632 633/633/633
f 633/633/633 634/634/634 631/631/631
f 635/635/635 636/636/636 637/637/637
f 637/637/637 638/638/638 635/635/635
f 639/639/639 640/640/640 641/641/641
f 641/641/641 642/642/642 639/639/639
f 643/643/643 644/644/644 645/645/645
f 645/645/645 646/646/646 643/643/643
f 647/647/647 648/648/648 649/649/649
f 649/649/649 650/650/650 647/647/647
f 651/651/651 652/652/652 653/653/653
f 653/653/653 654/654/654 651/651/651
f 655/655/655 656/656/656 657/657/657
f 657/657/657 658/658/658 655/655/655
f 659/659/659 660/660/660 661/661/661
f 661/661/661 662/662/662 659/659/659
f 663/663/663 664/664/664 665/665/665
f 665/665/665 666/666/666 663/663/663
f 667/667/667 668/668/668 669/669/669
f 669/669/669 670/670/670 667/667/667
f 671/671/671 672/672/672 673/673/673
f 673/673/673 674/674/674 671/671/671
f 675/675/675 676/676/676 677/677/677
f 677/677/677 678/678/678 675/675/675
f 679/679/679 680/680/680 681/681/681
f 681/681/681 682/682/682 679/679/679
f 683/683/683 684/684/684 685/685/685
f 685/685/685 686/686/686 683/683/683
f 687/687/687 688/688/688 689/689/689
f 689/689/689 690/690/690 687/687/687
f 691/691/691 692/692/692 693/693/693
f 693/693/693 694/694/694 691/691/691
f 695/695/695 696/696/696 697/697/697
f 697/697/697 698/698/698 695/695/695
f 699/699/699 700/700/700 701/701/701
f 701/701/701 702/702/702 699/699/699
f 703/703/703 704/704/704 705/705/705
f 705/705/705 706/706/706 703/703/703
f 707/707/707 708/708/708 709/709/709
f 709/709/709 710/710/710 707/707/707
f 711/711/711 712/712/712 713/713/713
f 713/713/713 714/714/714 711/711/711
f 715/715/715 716/716/716 717/717/717
f 717/717/717 718/718/718 715/715/715
f 719/719/719 720/720/720 721/721/721
f 721/721/721 722/722/722 719/719/719
f 723/723/723 724/724/724 725/725/725
f 725/725/725 726/726/726 723/723/723
f 727/727/727 728/728/728 729/729/729
f 729/729/729 730/730/730 727/727/727
f 731/731/731 732/732/732 733/733/733
f 733/733/733 734/734/734 731/731/731
f 735/735/735 736/736/736 737/737/737
f 737/737/737 738/738/738 735/735/735
f 739/739/739 740/740/740 741/741/741
f 741/741/741 742/742/742 739/739/739
f 743/743/743 744/744/744 745/745/745
f 745/745/745 746/746/746 743/743/743
f 747/747/747 748/748/748 749/749/749
f 749/749/749 750/750/750 747/747/747
f 751/751/751 752/752/752 753/753/753
f 753/753/753 754/754/754 751/751/751
f 755/755/755 756/756/756 757/757/757
f 757/757/757 758/758/758 755/755/755
f 759/759/759 760/760/760 761/761/761
f 761/761/761 762/762/762 759/759/759
f 763/763/763 764/764/764 765/765/765
f 765/765/765 766/766/766 763/763/763
f 767/767/767 768/768/768 769/769/769
f 769/769/769 770/770/770 767/767/767
f 771/771/771 772/772/772 773/773/773
f 773/773/773 774/774/774 771/771/771
f 775/775/775 776/776/776 777/777/777
f 777/777/777 778/778/778 775/775/775
f 779/779/779 780/780/780 781/781/781
f 781/781/781 782/782/782 779/779/779
f 783/783/783 784/784/784 785/785/785
f 785/785/785 786/786/786 783/783/783
f 787/787/787 788/788/788 789/789/789
f 789/789/789 790/790/790 787/787/787
f 791/791/791 792/792/792 793/793/793
f 793/793/793 794/794/794 791/791/791
f 795/795/795 796/796/796 797/797/797
f 797/797/797 798/798/798 795/795/795
f 799/799/799 800/800/800 801/801/801
f 800/800/800 802/802/802 801/801/801
f 803/803/803 804/804/804 805/805/805
f 805/805/805 806/806/806 803/803/803
f 807/807/807 808/808/808 809/809/809
f 809/809/809 810/810/810 807/807/807
f 811/811/811 812/812/812 813/813/813
f 813/813/813 814/814/814 811/811/811
f 815/815/815 816/816/816 817/817/817
f 817/817/817 818/818/818 815/815/815
f 818/818/818 817/817/817 819/819/819
f 819/819/819 820/820/820 818/818/818
f 821/821/821 822/822/822 823/823/823
f 823/823/823 824/824/824 821/821/821
f 823/823/823 825/825/825 824/824/824
f 826/826/826 827/827/827 828/828/828
f 828/828/828 829/829/829 826/826/826
f 830/830/830 826/826/826 829/829/829
f 831/831/831 832/832/832 833/833/833
f 833/833/833 832/832/832 834/834/834
f 835/835/835 831/831/831 833/833/833
f 834/834/834 836/836/836 833/833/833
f 834/834/834 837/837/837 836/836/836
f 836/836/836 837/837/837 838/838/838
f 833/833/833 839/839/839 835/835/835
f 833/833/833 836/836/836 839/839/839
f 840/840/840 835/835/835 839/839/839
f 838/838/838 841/841/841 836/836/836
f 836/836/836 841/841/841 839/839/839
f 838/838/838 842/842/842 841/841/841
f 841/841/841 842/842/842 843/843/843
f 840/840/840 839/839/839 844/844/844
f 841/841/841 844/844/844 839/839/839
f 843/843/843 844/844/844 841/841/841
f 844/844/844 845/845/845 840/840/840
f 843/843/843 845/845/845 844/844/844
f 846/846/846 847/847/847 848/848/848
f 849/849/849 847/847/847 846/846/846
f 848/848/848 850/850/850 846/846/846
f 846/846/846 851/851/851 849/849/849
f 850/850/850 848/848/848 852/852/852
f 852/852/852 849/849/849 851/851/851
f 852/852/852 853/853/853 850/850/850
f 851/851/851 853/853/853 852/852/852
f 854/854/854 855/855/855 856/856/856
f 857/857/857 855/855/855 854/854/854
f 856/856/856 858/858/858 854/854/854
f 858/858/858 856/856/856 859/859/859
f 854/854/854 860/860/860 857/857/857
f 859/859/859 861/861/861 858/858/858
f 857/857/857 860/860/860 862/862/862
f 862/862/862 863/863/863 857/857/857
f 864/864/864 860/860/860 854/854/854
f 864/864/864 854/854/854 858/858/858
f 864/864/864 862/862/862 860/860/860
f 864/864/864 858/858/858 861/861/861
f 863/863/863 862/862/862 865/865/865
f 864/864/864 865/865/865 862/862/862
f 865/865/865 866/866/866 863/863/863
f 867/867/867 866/866/866 865/865/865
f 868/868/868 861/861/861 859/859/859
f 864/864/864 861/861/861 868/868/868
f 859/859/859 869/869/869 868/868/868
f 868/868/868 869/869/869 870/870/870
f 870/870/870 871/871/871 868/868/868
f 864/864/864 868/868/868 871/871/871
f 871/871/871 870/870/870 872/872/872
f 872/872/872 873/873/873 871/871/871
f 864/864/864 871/871/871 873/873/873
f 874/874/874 873/873/873 872/872/872
f 864/864/864 873/873/873 874/874/874
f 872/872/872 875/875/875 874/874/874
f 874/874/874 875/875/875 876/876/876
f 876/876/876 877/877/877 874/874/874
f 864/864/864 874/874/874 877/877/877
f 877/877/877 876/876/876 867/867/867
f 864/864/864 877/877/877 878/878/878
f 867/867/867 878/878/878 877/877/877
f 864/864/864 878/878/878 865/865/865
f 865/865/865 878/878/878 867/867/867
