v -1.733348 -0.905968 5.547454056649647E-17
v -1.726609 -0.769302 0.10051900000000004
v -1.858816 -0.769302 4.7106161593882856E-17
v 1.522017 2.049619 -1.2550296739107993E-16
v 1.610126 1.897704 0.09871499999999989
v 1.742018 1.829619 -1.1203185260045907E-16
v 1.742017 -0.737552 4.516203480023643E-17
v 1.607716 -0.825762 0.10051900000000005
v 1.522017 -0.957552 5.863314959085732E-17
v -1.889393 1.829619 -1.1203185260045907E-16
v -1.759214 1.897301 0.09897699999999988
v -1.669393 2.049619 -1.2550296739107993E-16
v -0.310614 -2.566829 0.4338730000000002
v -0.310614 -0.769302 0.43387300000000006
v -0.298695 -0.769302 0.00010900000000004712
v -0.298695 -0.769302 0.00010900000000004712
v -0.28781 -2.566829 0.00010900000000015718
v -0.310614 -2.566829 0.4338730000000002
v 0.872319 -1.413875 0.8709120000000001
v 0.872319 -1.413875 0.8709120000000001
v 0.717532 -1.991548 0.8709120000000001
v -1.726609 -0.769302 0.10051900000000004
v -1.726609 -0.769302 0.18937200000000007
v -1.757186 1.894928 0.1893719999999999
v -1.757186 1.894928 0.1893719999999999
v -1.759214 1.897301 0.09897699999999988
v -1.726609 -0.769302 0.10051900000000004
v 1.610126 1.897703 0.09871499999999989
v 1.607716 1.894928 0.1893719999999999
v 1.607716 -0.825762 0.18937200000000007
v 1.607716 -0.825762 0.18937200000000007
v 1.607716 -0.825762 0.10051900000000005
v 1.610126 1.897703 0.09871499999999989
v -1.759214 1.897301 0.09897699999999988
v -1.757186 1.894928 0.1893719999999999
v 1.607716 1.894928 0.1893719999999999
v 1.607716 1.894928 0.1893719999999999
v 1.610126 1.897703 0.09871499999999989
v -1.759214 1.897301 0.09897699999999988
v 0.100895 2.847544 1.2106869999999998
v 0.100895 2.847544 1.0665939999999998
v 0.211244 2.837889 1.0665939999999998
v 0.091385 2.738835 1.0665939999999998
v 0.100895 2.847544 1.0665939999999998
v 0.100895 2.847544 1.2106869999999998
v 1.032814 2.766456 1.2106869999999998
v 1.032814 2.766463 1.0665939999999998
v 1.023176 2.65625 1.0665939999999998
v 0.925432 2.775855 1.0665939999999998
v 1.032814 2.766463 1.0665939999999998
v 1.032814 2.766456 1.2106869999999998
v -0.455672 -0.7693019999999999 1.871143
v -0.373432 -0.7693019999999999 1.968245
v -0.291192 -0.7693019999999999 1.871143
v -0.291192 -0.7978609999999999 1.871143
v -0.373432 -0.7978609999999999 1.968245
v -0.455672 -0.7978609999999999 1.871143
v -0.665297 -0.7693019999999999 1.871143
v -0.583057 -0.7693019999999999 1.968245
v -0.500817 -0.7693019999999999 1.871143
v -0.500817 -0.7978609999999999 1.871143
v -0.583057 -0.7978609999999999 1.968245
v -0.665297 -0.7978609999999999 1.871143
v -0.881223 -0.7693019999999999 1.871143
v -0.798983 -0.7693019999999999 1.968245
v -0.716743 -0.7693019999999999 1.871143
v -0.716743 -0.7978609999999999 1.871143
v -0.798983 -0.7978609999999999 1.968245
v -0.881223 -0.7978609999999999 1.871143
v -1.082737 -0.7693019999999999 1.871143
v -1.000496 -0.7693019999999999 1.968245
v -0.918256 -0.7693019999999999 1.871143
v -0.918256 -0.7978609999999999 1.871143
v -1.000496 -0.7978609999999999 1.968245
v -1.082737 -0.7978609999999999 1.871143
v -1.301559 -0.7693019999999999 1.871143
v -1.219319 -0.7693019999999999 1.968245
v -1.137079 -0.7693019999999999 1.871143
v -1.137079 -0.7978609999999999 1.871143
v -1.219319 -0.7978609999999999 1.968245
v -1.301559 -0.7978609999999999 1.871143
v -1.512878 -0.7693019999999999 1.871143
v -1.430637 -0.7693019999999999 1.968245
v -1.348397 -0.7693019999999999 1.871143
v -1.348397 -0.7978609999999999 1.871143
v -1.430637 -0.7978609999999999 1.968245
v -1.512878 -0.7978609999999999 1.871143
v -1.70632 -1.1605479999999997 1.871143
v -1.70632 -1.0783079999999998 1.968245
v -1.70632 -0.9960679999999998 1.871143
v -1.676597 -0.9960679999999998 1.871143
v -1.676597 -1.0783079999999998 1.968245
v -1.676597 -1.1605489999999998 1.871143
v -1.70632 -1.3953119999999999 1.871143
v -1.70632 -1.3130719999999998 1.968245
v -1.70632 -1.2308309999999998 1.871143
v -1.676597 -1.2308309999999998 1.871143
v -1.676597 -1.3130719999999998 1.968245
v -1.676597 -1.3953119999999999 1.871143
v -1.70632 -1.5897469999999998 1.871143
v -1.70632 -1.5075069999999997 1.968245
v -1.70632 -1.4252669999999998 1.871143
v -1.676597 -1.4252669999999998 1.871143
v -1.676597 -1.5075069999999997 1.968245
v -1.676597 -1.5897469999999998 1.871143
v -1.70632 -1.8097169999999998 1.871143
v -1.70632 -1.7274769999999997 1.968245
v -1.70632 -1.6452359999999997 1.871143
v -1.676597 -1.6452359999999997 1.871143
v -1.676597 -1.7274769999999997 1.968245
v -1.676597 -1.8097169999999998 1.871143
v -1.70632 -2.056259 1.8711430000000002
v -1.70632 -1.9740189999999997 1.9682450000000002
v -1.70632 -1.8917779999999997 1.8711430000000002
v -1.676597 -1.8917779999999997 1.8711430000000002
v -1.676597 -1.9740189999999997 1.9682450000000002
v -1.676597 -2.056259 1.8711430000000002
v -1.70632 -2.309891 1.8711430000000002
v -1.70632 -2.227651 1.9682450000000002
v -1.70632 -2.14541 1.8711430000000002
v -1.676597 -2.14541 1.8711430000000002
v -1.676597 -2.227651 1.9682450000000002
v -1.676597 -2.309891 1.8711430000000002
v -1.343961 -2.566828 1.8711430000000002
v -1.426201 -2.566828 1.9682450000000002
v -1.509839 -2.566828 1.8711430000000002
v -1.509839 -2.536971 1.8711430000000002
v -1.426201 -2.536971 1.9682450000000002
v -1.343961 -2.536971 1.8711430000000002
v -1.134336 -2.566828 1.8711430000000002
v -1.216576 -2.566828 1.9682450000000002
v -1.298817 -2.566828 1.8711430000000002
v -1.298817 -2.536971 1.8711430000000002
v -1.216576 -2.536971 1.9682450000000002
v -1.134336 -2.536971 1.8711430000000002
v -0.91841 -2.566828 1.8711430000000002
v -1.00065 -2.566828 1.9682450000000002
v -1.082891 -2.566828 1.8711430000000002
v -1.082891 -2.536971 1.8711430000000002
v -1.00065 -2.536971 1.9682450000000002
v -0.91841 -2.536971 1.8711430000000002
v -0.716896 -2.566828 1.8711430000000002
v -0.799137 -2.566828 1.9682450000000002
v -0.881377 -2.566828 1.8711430000000002
v -0.881377 -2.536971 1.8711430000000002
v -0.799137 -2.536971 1.9682450000000002
v -0.716896 -2.536971 1.8711430000000002
v -0.498074 -2.566828 1.8711430000000002
v -0.580314 -2.566828 1.9682450000000002
v -0.662555 -2.566828 1.8711430000000002
v -0.662555 -2.536971 1.8711430000000002
v -0.580314 -2.536971 1.9682450000000002
v -0.498074 -2.536971 1.8711430000000002
v -0.126509 -1.5897469999999998 1.871143
v -0.126509 -1.5075069999999997 1.968245
v -0.126509 -1.4252669999999998 1.871143
v -0.095367 -1.4252669999999998 1.871143
v -0.095367 -1.5075069999999997 1.968245
v -0.095367 -1.5897469999999998 1.871143
v -0.126509 -1.8097169999999998 1.871143
v -0.126509 -1.7274769999999997 1.968245
v -0.126509 -1.6452359999999997 1.871143
v -0.095367 -1.6452359999999997 1.871143
v -0.095367 -1.7274769999999997 1.968245
v -0.095367 -1.8097169999999998 1.871143
v -0.126509 -2.056259 1.8711430000000002
v -0.126509 -1.9740189999999997 1.9682450000000002
v -0.126509 -1.8917779999999997 1.8711430000000002
v -0.095367 -1.8917779999999997 1.8711430000000002
v -0.095367 -1.9740189999999997 1.9682450000000002
v -0.095367 -2.056259 1.8711430000000002
v -0.126509 -2.309891 1.8711430000000002
v -0.126509 -2.227651 1.9682450000000002
v -0.126509 -2.14541 1.8711430000000002
v -0.095367 -2.14541 1.8711430000000002
v -0.095367 -2.227651 1.9682450000000002
v -0.095367 -2.309891 1.8711430000000002
v -0.286756 -2.566828 1.8711430000000002
v -0.368996 -2.566828 1.9682450000000002
v -0.451236 -2.566828 1.8711430000000002
v -0.451236 -2.536971 1.8711430000000002
v -0.368996 -2.536971 1.9682450000000002
v -0.286756 -2.536971 1.8711430000000002
v -0.126509 -1.1605479999999997 1.871143
v -0.126509 -1.0783079999999998 1.968245
v -0.126509 -0.9960679999999998 1.871143
v -0.095367 -0.9960679999999998 1.871143
v -0.095367 -1.0783079999999998 1.968245
v -0.095367 -1.1605489999999998 1.871143
v -0.126509 -1.3953119999999999 1.871143
v -0.126509 -1.3130719999999998 1.968245
v -0.126509 -1.2308309999999998 1.871143
v -0.095367 -1.2308309999999998 1.871143
v -0.095367 -1.3130719999999998 1.968245
v -0.095367 -1.3953119999999999 1.871143
v -0.095367 -0.7693019999999999 1.871252
v -0.239642 -0.7695369999999999 1.871252
v -0.191284 -0.7695369999999999 1.996593
v -0.191284 -0.7695369999999999 1.996593
v -0.095367 -0.7690969999999999 2.008976
v -0.095367 -0.7693019999999999 1.871252
v -1.70632 -0.7693019999999999 1.871252
v -1.70632 -0.7690969999999999 2.008976
v -1.61073 -0.7695369999999999 1.996593
v -1.61073 -0.7695369999999999 1.996593
v -1.562373 -0.7695369999999999 1.871252
v -1.70632 -0.7693019999999999 1.871252
v 0.148467 -1.7647 1.10343
v 0.198467 -1.7647 1.10343
v 0.198467 -1.7647 1.201798
v 0.198467 -1.7647 1.201798
v 0.148467 -1.764639 1.201798
v 0.148467 -1.7647 1.10343
v 0.570212 -1.332925 0.00010900000000008162
v 0.570212 -0.996977 0.00010900000000006105
v 0.149214 -0.996944 0.48670500000000005
v 0.149214 -0.996944 0.48670500000000005
v 0.148468 -1.308533 0.48670500000000005
v 0.570212 -1.332925 0.00010900000000008162
v -0.001334 2.175952 0.9599979999999999
v 0.013151 2.342436 0.9599979999999999
v -0.001438 2.175952 0.8768479999999998
v 0.013151 2.342436 1.0665939999999998
v 0.061341 2.894719 1.0665939999999998
v 0.023205 2.458343 0.8105239999999999
v 0.014735 2.361474 0.7797019999999999
v 0.031695 2.555645 0.7797019999999999
v -0.001438 2.175952 0.8768479999999998
v 0.038733 2.636365 0.6932729999999999
v 0.008161 2.286345 0.6932729999999999
v 0.043158 2.686886 0.5512699999999999
v 0.003371 2.231577 0.5512699999999999
v 0.061341 2.894719 -1.7725041788905135E-16
v -0.022404 1.935932 0.8778469999999999
v 0.044786 2.705415 0.3647409999999998
v 0.044805 2.705414 -1.656588297734219E-16
v 0.000835 2.202576 0.36474099999999987
v -0.022404 1.935932 -1.185416463583467E-16
v 0.000835 2.202575 -1.3486882118159908E-16
v -1.858816 -0.769302 4.7106161593882856E-17
v -1.726609 -0.769302 0.10051900000000004
v -1.759214 1.897301 0.09897699999999988
v -1.889393 1.829619 -1.1203185260045907E-16
v 1.522017 -0.957552 5.863314959085732E-17
v 1.607716 -0.825762 0.10051900000000005
v -1.515638 -0.957625 0.10051900000000005
v -1.515638 -1.089414 6.670736840231574E-17
v 1.742018 1.829619 -1.1203185260045907E-16
v 1.610126 1.897704 0.09871499999999989
v 1.607716 -0.825762 0.10051900000000005
v 1.742017 -0.737552 4.516203480023643E-17
v -1.669393 2.049619 -1.2550296739107993E-16
v -1.759214 1.897301 0.09897699999999988
v 1.610126 1.897704 0.09871499999999989
v 1.522017 2.049619 -1.2550296739107993E-16
v -1.335119 -0.064081 3.923829576808077E-18
v -0.593548 -0.06408099999999992 1.43856
v -0.593548 0.16341100000000008 1.43856
v -1.335119 0.163412 -1.0006099137113364E-17
v 0.639123 -0.064081 3.923829576808077E-18
v -0.102448 -0.06408099999999992 1.43856
v -0.593548 -0.06408099999999992 1.43856
v -1.335119 -0.064081 3.923829576808077E-18
v 0.639123 0.163412 -1.0006099137113364E-17
v -0.102448 0.16341200000000008 1.43856
v -0.102448 -0.06408099999999992 1.43856
v 0.639123 -0.064081 3.923829576808077E-18
v -1.335119 0.163412 -1.0006099137113364E-17
v -0.593548 0.16341100000000008 1.43856
v -0.102448 0.16341200000000008 1.43856
v 0.639123 0.163412 -1.0006099137113364E-17
v -0.593548 0.16341100000000008 1.43856
v -0.593548 -0.06408099999999992 1.43856
v -0.102448 -0.06408099999999992 1.43856
v -0.102448 0.16341200000000008 1.43856
v -1.844098 -1.987287 1.5841500000000002
v -1.844098 -1.832816 1.5841500000000002
v -1.957902 -1.832816 1.3400950000000003
v -1.957902 -1.987287 1.3400950000000003
v -1.845066 -1.758451 1.090318
v -1.845066 -2.340058 1.0903180000000001
v -1.845066 -2.340058 1.6253940000000002
v -1.845066 -1.758451 1.625394
v -1.70632 -2.340058 1.7236970000000003
v -1.845066 -2.340058 1.6253940000000002
v -1.845066 -2.340058 1.0903180000000001
v -1.70632 -2.340058 1.0903180000000001
v -1.70632 -2.340058 1.7236970000000003
v -1.70632 -1.758451 1.723697
v -1.845066 -1.758451 1.625394
v -1.845066 -2.340058 1.6253940000000002
v -1.70632 -1.758451 1.090318
v -1.845066 -1.758451 1.090318
v -1.845066 -1.758451 1.625394
v -1.70632 -1.758451 1.723697
v 1.549572 -0.755607 0.0026720000000000463
v 1.549572 -0.755607 0.18937200000000007
v 1.549572 1.824772 0.1893719999999999
v 1.549572 1.824772 0.002671999999999888
v -1.515638 -0.887469 0.002672000000000054
v -1.515638 -0.887469 0.18937200000000007
v 1.549572 -0.755607 0.18937200000000007
v 1.549572 -0.755607 0.0026720000000000463
v -1.699043 1.824772 0.002671999999999888
v -1.699043 1.824773 0.1893719999999999
v -1.668466 -0.769302 0.18937200000000007
v -1.668466 -0.769302 0.002672000000000047
v 1.549572 1.824772 0.002671999999999888
v 1.549572 1.824772 0.1893719999999999
v -1.699043 1.824773 0.1893719999999999
v -1.699043 1.824772 0.002671999999999888
v 1.607716 -0.825762 0.10051900000000005
v 1.607716 -0.825762 0.18937200000000007
v -1.515638 -0.957625 0.18937200000000007
v -1.515638 -0.957625 0.10051900000000005
v -1.726609 -0.769302 0.18937200000000007
v -1.668466 -0.769302 0.18937200000000007
v -1.699043 1.824773 0.1893719999999999
v -1.757186 1.894928 0.1893719999999999
v 1.607716 -0.825762 0.18937200000000007
v 1.549572 -0.755607 0.18937200000000007
v -1.515638 -0.887469 0.18937200000000007
v -1.515638 -0.957625 0.18937200000000007
v 1.607716 1.894928 0.1893719999999999
v 1.549572 1.824772 0.1893719999999999
v 1.549572 -0.755607 0.18937200000000007
v 1.607716 -0.825762 0.18937200000000007
v -1.757186 1.894928 0.1893719999999999
v -1.699043 1.824773 0.1893719999999999
v 1.549572 1.824772 0.1893719999999999
v 1.607716 1.894928 0.1893719999999999
v 1.318348 1.218274 0.0035099999999999255
v 0.770355 1.218274 0.9967369999999999
v 0.770355 0.9907820000000002 0.9967369999999999
v 1.318348 0.990782 0.0035099999999999394
v -0.268738 1.218274 0.0035099999999999255
v 0.279255 1.218274 0.9967369999999999
v 0.770355 1.218274 0.9967369999999999
v 1.318348 1.218274 0.0035099999999999255
v -0.268738 0.990782 0.0035099999999999394
v 0.279255 0.9907820000000002 0.9967369999999999
v 0.279255 1.218274 0.9967369999999999
v -0.268738 1.218274 0.0035099999999999255
v 1.318348 0.990782 0.0035099999999999394
v 0.770355 0.9907820000000002 0.9967369999999999
v 0.279255 0.9907820000000002 0.9967369999999999
v -0.268738 0.990782 0.0035099999999999394
v 0.770355 0.9907820000000002 0.9967369999999999
v 0.770355 1.218274 0.9967369999999999
v 0.279255 1.218274 0.9967369999999999
v 0.279255 0.9907820000000002 0.9967369999999999
v -0.029778 2.175952 0.0007779999999998668
v 0.026443 2.81637 -1.7245292528573157E-16
v -0.009901 2.401529 0.40212699999999985
v -0.029778 2.175952 0.4021269999999999
v 0.213828 2.867431 1.0665939999999998
v 0.073645 2.879696 1.0665939999999998
v 0.073645 2.879696 1.2106869999999998
v 0.10348 2.877086 1.2106869999999998
v 0.213828 2.867431 1.0665939999999998
v 0.10348 2.877086 1.2106869999999998
v 0.100895 2.847544 1.2106869999999998
v 0.211244 2.837889 1.0665939999999998
v 0.073645 2.879696 1.2106869999999998
v 0.073645 2.879696 1.0665939999999998
v 0.06155 2.741445 1.0665939999999998
v 0.07106 2.850153 1.2106869999999998
v 1.067313 2.792822 1.0665939999999998
v 1.067313 2.792822 1.2106869999999998
v 1.064761 2.763651 1.2106869999999998
v 1.055121 2.653465 1.0665939999999998
v 0.927973 2.805014 1.0665939999999998
v 1.035344 2.79562 1.2106869999999998
v 1.067313 2.792822 1.2106869999999998
v 1.067313 2.792822 1.0665939999999998
v 1.055121 2.653465 1.0665939999999998
v 1.064761 2.763651 1.2106869999999998
v 1.032814 2.766456 1.2106869999999998
v 1.023176 2.65625 1.0665939999999998
v 0.947504 1.935932 1.0665939999999998
v 0.968036 2.175952 1.0665939999999998
v -0.590355 2.175952 1.0665939999999998
v -0.590355 1.935932 1.0665939999999998
v -1.693576 2.420531 0.00019599999999985178
v -1.744295 2.191755 0.0001959999999998658
v -0.590355 1.935932 1.0665939999999998
v -0.590355 2.175952 1.0665939999999998
v 0.069497 2.343247 0.9599979999999999
v 0.069497 2.343247 1.0665939999999998
v 0.013151 2.342436 1.0665939999999998
v 0.013151 2.342436 0.9599979999999999
v 0.112364 2.834382 0.9599979999999998
v 0.112364 2.834382 1.0665939999999998
v 0.069497 2.343247 1.0665939999999998
v 0.069497 2.343247 0.9599979999999999
v 1.019076 2.755108 0.9599979999999998
v 1.019076 2.755108 1.0665939999999998
v 0.112364 2.834382 1.0665939999999998
v 0.112364 2.834382 0.9599979999999998
v 1.019076 2.755108 1.0665939999999998
v 1.019076 2.755108 0.9599979999999998
v 0.952086 1.989003 0.9599979999999999
v 0.952086 1.989003 1.0665939999999998
v 0.061341 2.894719 1.0665939999999998
v 0.112364 2.834382 1.0665939999999998
v 1.019076 2.755108 1.0665939999999998
v 1.080835 2.805586 1.0665939999999998
v 0.069497 2.343247 1.0665939999999998
v 0.112364 2.834382 1.0665939999999998
v 0.061341 2.894719 1.0665939999999998
v 0.013151 2.342436 1.0665939999999998
v 0.026443 2.81637 -1.7245292528573157E-16
v -0.288755 2.843929 -1.7414042734261666E-16
v -0.32501 2.429072 0.40212699999999985
v -0.009901 2.401529 0.40212699999999985
v -0.029778 2.175952 0.0007779999999998668
v -0.029778 2.175952 0.4021269999999999
v -0.347392 2.175952 0.4021279999999999
v -0.347392 2.175952 -1.332386325949141E-16
v -0.029778 2.175952 0.4021269999999999
v -0.009901 2.401529 0.40212699999999985
v -0.32501 2.429072 0.40212699999999985
v -0.347392 2.175952 0.4021279999999999
v -0.347392 2.175952 -1.332386325949141E-16
v -0.347392 2.175952 0.4021279999999999
v -0.32501 2.429072 0.40212699999999985
v -0.288755 2.843929 -1.7414042734261666E-16
v 1.005118 1.935932 1.0665939999999998
v 1.080835 2.805586 1.0665939999999998
v 1.019076 2.755108 1.0665939999999998
v 0.947504 1.935932 1.0665939999999998
v -1.46132 -2.321828 1.7135940000000003
v -0.175111 -2.321829 1.7135940000000003
v -0.175111 -1.014302 1.713594
v -1.46132 -1.014302 1.713594
v -0.191161 -0.7978609999999999 1.996593
v -0.23947 -0.7978609999999999 1.871252
v -0.121895 -0.7978609999999999 1.871252
v -0.121895 -0.7978609999999999 2.008976
v -0.121895 -0.7978609999999999 1.871252
v -0.121895 -0.9039569999999999 1.871252
v -0.121895 -0.8599259999999999 1.996593
v -0.121895 -0.7978609999999999 2.008976
v -0.095367 -0.8597009999999999 1.996593
v -0.095367 -0.9037469999999999 1.871252
v -0.095367 -0.7693019999999999 1.871252
v -0.095367 -0.7690969999999999 2.008976
v -1.70632 -2.566828 1.8712520000000001
v -1.562001 -2.566828 1.8712520000000001
v -1.610358 -2.566828 1.9965930000000003
v -1.70632 -2.566828 2.008976
v -1.610481 -2.536971 1.9965930000000003
v -1.562173 -2.536971 1.8712520000000001
v -1.676597 -2.536971 1.8712520000000001
v -1.676597 -2.536971 2.008976
v -1.676597 -2.536971 1.8712520000000001
v -1.676597 -2.43224 1.8712520000000001
v -1.676597 -2.476271 1.9965930000000003
v -1.676597 -2.536971 2.008976
v -1.70632 -2.476496 1.9965930000000003
v -1.70632 -2.43245 1.8712520000000001
v -1.70632 -2.566828 1.8712520000000001
v -1.70632 -2.566828 2.008976
v -1.610853 -0.7978609999999999 1.996593
v -1.676597 -0.7978609999999999 2.008976
v -1.676597 -0.7978609999999999 1.871252
v -1.562545 -0.7978609999999999 1.871252
v -1.676597 -0.7978609999999999 1.871252
v -1.676597 -0.7978609999999999 2.008976
v -1.676597 -0.8599259999999999 1.996593
v -1.676597 -0.9039569999999999 1.871252
v -1.70632 -0.8597009999999999 1.996593
v -1.70632 -0.7690969999999999 2.008976
v -1.70632 -0.7693019999999999 1.871252
v -1.70632 -0.9037469999999999 1.871252
v -0.095367 -2.566828 1.8712520000000001
v -0.095367 -2.566828 2.008976
v -0.190361 -2.566828 1.9965930000000003
v -0.238718 -2.566828 1.8712520000000001
v -0.190238 -2.536971 1.9965930000000003
v -0.121894 -2.536971 2.008976
v -0.121894 -2.536971 1.8712520000000001
v -0.238546 -2.536971 1.8712520000000001
v -0.121894 -2.536971 1.8712520000000001
v -0.121894 -2.536971 2.008976
v -0.121894 -2.475616 1.9965930000000003
v -0.121894 -2.431585 1.8712520000000001
v -0.095367 -2.475841 1.9965930000000003
v -0.095367 -2.566828 2.008976
v -0.095367 -2.566828 1.8712520000000001
v -0.095367 -2.431795 1.8712520000000001
v -0.095367 -2.438372 1.0957350000000001
v -0.095367 -2.438372 1.2017980000000001
v 0.762191 -2.668584 1.2017980000000001
v 0.762191 -2.668584 1.0957350000000001
v 0.817925 -2.439989 1.7014910000000003
v -0.09595 -2.19514 1.7014910000000003
v -0.095367 -2.439011 1.7014910000000003
v 0.757043 -2.667204 1.7014910000000003
v 1.773051 -2.939443 0.00010900000000018
v 1.833933 -2.712228 0.00010900000000016608
v 0.817925 -2.439989 1.7014910000000003
v 0.757043 -2.667204 1.7014910000000003
v -0.095367 -1.308533 0.48670500000000005
v -0.095367 -1.764746 1.10343
v 0.148467 -1.7647 1.10343
v 0.148468 -1.308533 0.48670500000000005
v 0.472597 -1.358533 1.201798
v 0.472597 -1.358533 1.095658
v 1.274107 -1.573297 1.095658
v 1.274107 -1.573297 1.201798
v 0.198467 -1.358533 1.201798
v 0.198467 -1.358533 1.095658
v 0.472597 -1.358533 1.095658
v 0.472597 -1.358533 1.201798
v 0.198467 -1.358533 1.201798
v 0.198467 -1.7647 1.201798
v 0.198467 -1.7647 1.10343
v 0.198467 -1.358533 1.095658
v 1.026876 -2.495977 1.2017980000000001
v 1.274107 -1.573297 1.201798
v 1.274107 -1.573297 1.095658
v 1.026876 -2.495977 1.0956580000000002
v 0.148467 -1.764639 1.201798
v 0.198467 -1.7647 1.201798
v 0.198467 -1.358533 1.201798
v 0.148468 -1.308533 1.201798
v -0.095367 -2.48297 1.2017980000000001
v 1.003278 -2.777362 1.2017980000000001
v 1.014323 -2.736142 1.2017980000000001
v -0.095367 -2.438372 1.2017980000000001
v 1.075205 -2.508927 1.2017980000000001
v 1.335377 -1.537951 1.201798
v 1.274107 -1.573297 1.201798
v 1.026876 -2.495977 1.2017980000000001
v 0.148467 -1.764639 1.201798
v 0.148468 -1.308533 1.201798
v 0.148468 -1.308533 0.48670500000000005
v 0.148467 -1.7647 1.10343
v 0.148468 -1.308533 0.48670500000000005
v 0.149214 -0.996944 0.48670500000000005
v -0.095367 -0.996944 0.48670500000000005
v -0.095367 -1.308533 0.48670500000000005
v -0.095367 -0.996944 0.00010900000000006105
v -0.095367 -0.996944 0.48670500000000005
v 0.149214 -0.996944 0.48670500000000005
v 0.570212 -0.996977 0.00010900000000006105
v -0.095367 -0.7693019999999999 1.871252
v -0.175111 -1.0143019999999998 1.871252
v -0.175111 -2.321829 1.8712520000000001
v -0.095367 -2.566829 1.8712520000000001
v -1.46132 -2.321828 1.8712520000000001
v -1.46132 -2.321828 1.7135940000000003
v -1.46132 -1.014302 1.713594
v -1.46132 -1.0143019999999998 1.871252
v -0.175111 -2.321829 1.8712520000000001
v -0.175111 -2.321829 1.7135940000000003
v -1.46132 -2.321828 1.7135940000000003
v -1.46132 -2.321828 1.8712520000000001
v -0.175111 -1.0143019999999998 1.871252
v -0.175111 -1.014302 1.713594
v -0.175111 -2.321829 1.7135940000000003
v -0.175111 -2.321829 1.8712520000000001
v -1.46132 -1.0143019999999998 1.871252
v -1.46132 -1.014302 1.713594
v -0.175111 -1.014302 1.713594
v -0.175111 -1.0143019999999998 1.871252
v -0.095367 -2.566829 1.8712520000000001
v -0.095367 -2.566829 0.00010900000000015718
v -0.095367 -0.769302 0.00010900000000004712
v -0.095367 -0.7693019999999999 1.871252
v -1.70632 -0.7693019999999999 1.871252
v -1.70632 -0.769302 0.00010900000000004712
v -1.70632 -2.566828 0.00010900000000015718
v -1.70632 -2.566828 1.8712520000000001
v 0.033866 2.167085 1.3019539999999998
v -0.153794 2.183504 0.3809839999999999
v -0.143906 2.368485 0.38775299999999985
v 0.043754 2.352066 1.3087229999999999
v -0.153794 2.183504 0.3809839999999999
v 0.033866 2.167085 1.3019539999999998
v 0.043754 2.352066 1.3087229999999999
v -0.143906 2.368485 0.38775299999999985
v -1.73932 2.214197 0.00019599999999986441
v -1.53185 2.167125 0.19455999999999987
v -1.58436 2.196136 0.24106999999999987
v -1.799104 2.242636 -0.0011520000000001373
v -1.594631 2.268986 0.25973399999999985
v -1.81935 2.315042 -0.0011470000000001418
v -1.562948 2.33026 0.24288999999999986
v -1.779162 2.377019 -0.0011520000000001455
v -1.49683 2.352309 0.19266799999999987
v -1.698552 2.398088 0.00019599999999985317
v 1.823925 -2.735197 0.00010900000000016749
v 1.671408 -2.69433 0.25555600000000017
v 1.72556 -2.733647 0.2927210000000002
v 1.916924 -2.784923 0.00010900000000017054
v 1.728441 -2.803646 0.30617200000000017
v 1.92502 -2.856319 0.0001090000000001749
v 1.691183 -2.861947 0.2927210000000002
v 1.882546 -2.913223 0.00010900000000017839
v 1.622463 -2.876997 0.25555600000000017
v 1.774979 -2.917863 0.00010900000000017867
v 1.274107 -1.573297 1.10343
v 0.472597 -1.358533 1.10343
v 0.198467 -1.358533 1.10343
v 0.965994 -2.723193 1.1035070000000002
v 0.198467 -1.7647 1.10343
v -0.162444 -2.420399 1.1034810000000002
v -0.162263 -1.764746 1.103455
v 1.003278 -2.777362 1.7006437416867456E-16
v 1.093205 -2.441749 1.4951400485856255E-16
v 1.093205 -2.441749 0.45241800000000015
v 1.003278 -2.777362 1.2017980000000001
v 1.097859 -2.424381 0.5946090000000002
v 1.113554 -2.364228 0.7282530000000002
v 1.141551 -2.261319 0.8358230000000001
v 1.18059 -2.115624 0.8709120000000001
v 1.335377 -1.537951 1.201798
v 1.217479 -1.977933 0.8358230000000001
v 1.247187 -1.866701 0.7282530000000002
v 1.262565 -1.809507 0.5946090000000002
v 1.267975 -1.789499 0.4524180000000001
v 1.335377 -1.537951 2.000000000094172E-06
v 1.267975 -1.789499 2.000000000109575E-06
v 0.929984 -2.397378 0.0001070000000001468
v 0.840091 -2.733627 0.00010700000000016739
v 0.840077 -2.733624 0.45241800000000015
v 0.930161 -2.397425 0.45241800000000015
v 0.823598 -2.729204 0.5946090000000003
v 0.918175 -2.376234 0.5946090000000002
v 0.770943 -2.715091 0.7282530000000002
v 0.881609 -2.302079 0.7282530000000002
v 0.66923 -2.687828 0.8358220000000001
v 0.807496 -2.17181 0.8358220000000001
v 0.717532 -1.991548 0.8709120000000001
v 0.540231 -2.653242 0.8709120000000001
v 1.005118 1.935932 -1.185416463583467E-16
v 1.020537 2.113362 -1.2940610043698243E-16
v 1.020537 2.113363 0.36474099999999987
v 1.005118 1.935932 1.0665939999999998
v 1.023058 2.142366 0.5512699999999999
v 1.027834 2.197135 0.6932729999999999
v 1.034375 2.272266 0.7797029999999999
v 1.042818 2.369138 0.8105239999999999
v 1.080835 2.805586 1.0665939999999998
v 1.051299 2.466441 0.7797029999999999
v 1.05833 2.547163 0.6932729999999999
v 1.062734 2.597685 0.5512709999999998
v 1.064339 2.616215 0.3647409999999998
v 1.080835 2.805586 -1.717925957316313E-16
v 1.064339 2.616215 -1.6019696628156464E-16
v 0.909612 2.820556 -1.7270924386079309E-16
v 0.909612 2.820556 0.3647409999999998
v 1.080835 2.805586 -1.717925957316313E-16
v 0.879252 2.823208 0.5512699999999998
v 1.080835 2.805586 1.0665939999999998
v 0.796476 2.830448 0.6932729999999998
v 0.684361 2.840249 0.7797029999999998
v 0.572252 2.850788 0.8105239999999998
v 0.061341 2.894719 1.0665939999999998
v 0.46013 2.859853 0.7797029999999998
v 0.348014 2.869656 0.6932729999999998
v 0.266963 2.876743 0.5512699999999998
v 0.236749 2.879383 0.3647409999999998
v 0.061341 2.894719 -1.7725041788905135E-16
v 0.236749 2.879383 -1.7631135872346516E-16
v -0.095367 -0.769302 0.00010900000000004712
v -0.298695 -0.769302 0.00010900000000004712
v -0.310614 -0.769302 0.43387300000000006
v -0.095367 -0.7693019999999999 1.871252
v -0.36255 -0.769302 0.586581
v -0.443191 -0.769302 0.723645
v -0.562892 -0.769302 0.855547
v -0.718421 -0.7693019999999999 0.942401
v -0.907271 -0.7693019999999999 0.981264
v -1.70632 -0.7693019999999999 1.871252
v -1.091555 -0.7693019999999999 0.942401
v -1.247084 -0.769302 0.855547
v -1.366785 -0.769302 0.723645
v -1.447425 -0.769302 0.586581
v -1.499362 -0.769302 0.43387300000000006
v -1.530304 -0.769302 0.00010900000000004712
v -1.70632 -0.769302 0.00010900000000004712
v 1.335377 -1.537951 9.417233846977355E-17
v 1.172188 -1.494224 9.149483194045773E-17
v 1.172174 -1.494221 0.4524180000000001
v 1.335377 -1.537951 1.201798
v 1.155694 -1.489805 0.5946090000000002
v 1.103038 -1.475695 0.7282530000000002
v 1.001322 -1.448441 0.8358220000000001
v 0.872319 -1.413875 0.8709120000000001
v 0.47918 -1.308533 1.201798
v 0.740191 -1.378471 0.8358230000000001
v 0.638505 -1.351224 0.7282530000000002
v 0.148468 -1.308533 0.48670500000000005
v 0.148468 -1.308533 1.201798
v 0.585866 -1.33712 0.5946090000000002
v 0.568925 -1.33258 0.45241800000000004
v 0.568353 -1.332427 0.00010900000000008159
v -1.53185 2.167125 0.19455999999999987
v -1.49683 2.352309 0.19266799999999987
v -1.58436 2.196136 0.24106999999999987
v -1.562948 2.33026 0.24288999999999986
v -1.594631 2.268986 0.25973399999999985
v -0.001438 2.175953 0.8768479999999998
v -0.022404 1.935932 0.8778469999999999
v -0.170282 1.935932 0.8768479999999998
v -0.170282 2.175952 0.8768479999999998
v -0.27653 1.935932 0.8407659999999999
v -0.274791 2.175952 0.8407669999999999
v -0.3793 2.175952 0.7543369999999999
v -0.3793 1.935932 0.7543369999999999
v -0.431554 2.175952 0.6373629999999999
v -0.431554 1.935932 0.6373629999999999
v -0.459237 2.175952 0.49317899999999987
v -0.459237 1.935932 0.49317899999999987
v -0.459237 2.175952 0.00019599999999986675
v -0.459237 1.935932 0.00019599999999988146
v -0.972356 2.02062 0.4147699999999999
v -0.921638 2.249397 0.4147699999999999
v -0.826452 2.228294 0.3898879999999999
v -0.87717 1.999518 0.3898879999999999
v -0.731266 2.207192 0.3034579999999999
v -0.781984 1.978416 0.3034579999999999
v -0.683673 2.19664 0.18648399999999987
v -0.734391 1.967865 0.1864839999999999
v -0.669937 2.193595 0.09744999999999986
v -0.720655 1.964819 0.09744999999999987
v -0.720655 1.964819 0.00019599999999987967
v -0.669937 2.193595 0.0001959999999998657
v -0.001334 2.175952 0.9599979999999999
v 0.968686 2.175952 0.9599979999999999
v 0.013151 2.342436 0.9599979999999999
v 1.019076 2.755108 0.9599979999999998
v 0.112364 2.834382 0.9599979999999998
v 0.534007 2.413653 0.8105239999999999
v 0.572252 2.850788 0.8105239999999998
v 0.684361 2.840249 0.7797029999999998
v 0.654693 2.50114 0.7797029999999999
v 0.796476 2.830448 0.6932729999999998
v 0.773869 2.57205 0.6932729999999999
v 0.879252 2.823208 0.5512699999999998
v 0.861065 2.615329 0.5512709999999998
v 0.909612 2.820556 0.3647409999999998
v 0.893509 2.631332 0.3647409999999998
v 0.893509 2.631332 -1.6112261556470015E-16
v 0.909612 2.820556 -1.7270924386079309E-16
v -0.022404 1.935932 -1.185416463583467E-16
v 1.005118 1.935932 -1.185416463583467E-16
v 1.005118 1.935932 1.0665939999999998
v -0.022404 1.935932 0.8778469999999999
v -0.590355 1.935932 1.0665939999999998
v -0.170282 1.935932 0.8768479999999998
v -0.27653 1.935932 0.8407659999999999
v -0.3793 1.935932 0.7543369999999999
v -0.431554 1.935932 0.6373629999999999
v -0.590355 1.935932 0.00019599999999988146
v -0.459237 1.935932 0.49317899999999987
v -0.459237 1.935932 0.00019599999999988146
v -0.720655 1.964819 0.09744999999999987
v -0.720655 1.964819 0.00019599999999987967
v -0.734391 1.967865 0.1864839999999999
v -0.781984 1.978416 0.3034579999999999
v -0.87717 1.999518 0.3898879999999999
v -0.972356 2.02062 0.4147699999999999
v -1.067542 2.041722 0.3898879999999999
v -1.744295 2.191755 0.0001959999999998658
v -1.162728 2.062825 0.3034579999999999
v -1.210321 2.073376 0.18648399999999987
v -1.224057 2.076421 0.09744999999999987
v -1.224057 2.076421 0.00019599999999987284
v 1.671408 -2.69433 0.25555600000000017
v 1.622463 -2.876997 0.25555600000000017
v 1.72556 -2.733647 0.2927210000000002
v 1.691183 -2.861947 0.2927210000000002
v 1.728441 -2.803646 0.30617200000000017
v 0.232629 -2.283159 1.0956580000000002
v 0.171747 -2.510375 1.0957350000000001
v 0.171747 -2.510375 1.2017980000000001
v 0.232629 -2.283159 1.2017200000000001
v 0.150805 -2.504763 1.3282130000000003
v 0.211687 -2.277548 1.3282130000000003
v 0.101055 -2.491433 1.4257040000000003
v 0.161937 -2.264218 1.4257040000000003
v 0.001556 -2.464772 1.5035670000000003
v 0.047853 -2.233649 1.5035670000000003
v -0.09595 -2.195145 1.5360730000000002
v -0.095367 -2.4388 1.5307240000000002
v 1.34572 -2.581411 0.00010900000000015807
v 1.284837 -2.808627 0.00010900000000017199
v 1.284837 -2.808627 0.3907800000000002
v 1.345719 -2.581411 0.3907800000000002
v 1.256104 -2.800928 0.5250990000000002
v 1.316986 -2.573713 0.5250990000000001
v 1.198638 -2.785529 0.6245790000000002
v 1.259521 -2.558314 0.6245780000000001
v 1.175528 -2.535809 0.6977510000000001
v 1.114646 -2.763024 0.6977510000000002
v 1.075205 -2.508927 0.7331100000000002
v 1.014323 -2.736143 0.7331100000000003
v 1.284837 -2.808627 0.3907800000000002
v 1.284837 -2.808627 0.00010900000000017199
v 1.773051 -2.939443 0.00010900000000018
v 1.256104 -2.800928 0.5250990000000002
v 0.757043 -2.667204 1.7014910000000003
v 1.198638 -2.785529 0.6245790000000002
v 0.701789 -2.652399 1.4257040000000003
v 1.114646 -2.763024 0.6977510000000002
v 0.616772 -2.629619 1.5035670000000003
v 0.742104 -2.663201 1.3287140000000002
v 0.531755 -2.606839 1.5282180000000003
v 0.762191 -2.668584 1.2017980000000001
v 1.014323 -2.736143 0.7331100000000003
v -0.095367 -2.439011 1.7014910000000003
v 0.001556 -2.464772 1.5035670000000003
v -0.095367 -2.4388 1.5307240000000002
v 0.446738 -2.584058 1.5035670000000003
v 0.361721 -2.561278 1.4257040000000003
v 0.101055 -2.491433 1.4257040000000003
v 0.319212 -2.549888 1.3282130000000003
v 0.150805 -2.504763 1.3282130000000003
v 0.301318 -2.545093 1.2017980000000001
v 0.171747 -2.510375 1.2017980000000001
v 0.717532 -1.991548 0.8709120000000001
v 1.18059 -2.115624 0.8709120000000001
v 1.141551 -2.261319 0.8358230000000001
v 0.807496 -2.17181 0.8358220000000001
v 1.113554 -2.364228 0.7282530000000002
v 0.881609 -2.302079 0.7282530000000002
v 1.097859 -2.424381 0.5946090000000002
v 0.918175 -2.376234 0.5946090000000002
v 1.093205 -2.441749 0.45241800000000015
v 0.930161 -2.397425 0.45241800000000015
v 0.929984 -2.397378 1.4679706470231414E-16
v 1.093205 -2.441749 1.4951400485856255E-16
v 1.18059 -2.115624 0.8709120000000001
v 0.717532 -1.991548 0.8709120000000001
v 0.883429 -1.888424 0.8358220000000001
v 1.217479 -1.977933 0.8358230000000001
v 1.014942 -1.804472 0.7282530000000002
v 1.247187 -1.866701 0.7282530000000002
v 1.082927 -1.761373 0.5946090000000002
v 1.262565 -1.809507 0.5946090000000002
v 1.104751 -1.745847 0.4524180000000001
v 1.267975 -1.789499 0.4524180000000001
v 1.267975 -1.789499 1.0957521112136947E-16
v 1.104902 -1.745887 1.0690474631114876E-16
v 1.274107 -1.573297 1.201798
v 1.335377 -1.537951 1.201798
v 0.47918 -1.308533 1.201798
v 0.472597 -1.358533 1.201798
v 0.148468 -1.308533 1.201798
v 0.198467 -1.358533 1.201798
v -0.175111 -1.0143019999999998 1.871252
v -0.095367 -0.7693019999999999 1.871252
v -1.70632 -0.7693019999999999 1.871252
v -1.46132 -1.0143019999999998 1.871252
v -1.70632 -2.566828 1.8712520000000001
v -1.46132 -2.321828 1.8712520000000001
v -0.175111 -2.321829 1.8712520000000001
v -0.095367 -2.566829 1.8712520000000001
v 0.840077 -2.733624 0.45241800000000015
v 0.840091 -2.733627 0.0001090000000001674
v 1.003278 -2.777362 0.00010900000000017008
v 1.003278 -2.777362 1.2017980000000001
v 0.823598 -2.729204 0.5946090000000003
v 0.770943 -2.715091 0.7282530000000002
v 0.66923 -2.687828 0.8358220000000001
v 0.540231 -2.653242 0.8709120000000001
v -0.095367 -2.48297 1.2017980000000001
v 0.410123 -2.618375 0.8358220000000001
v 0.308214 -2.591065 0.7282530000000002
v 0.255542 -2.576949 0.5946090000000002
v 0.236914 -2.571956 0.45241800000000015
v 0.236914 -2.571956 0.00011100000000015748
v -0.095367 -2.48297 0.00011100000000015203
v 0.740191 -1.378471 0.8358230000000001
v 0.872319 -1.413875 0.8709120000000001
v 0.540231 -2.653242 0.8709120000000001
v 0.410123 -2.618375 0.8358220000000001
v 0.638505 -1.351224 0.7282530000000002
v 0.308214 -2.591065 0.7282530000000002
v 0.585866 -1.33712 0.5946090000000002
v 0.255542 -2.576949 0.5946090000000002
v 0.568925 -1.33258 0.45241800000000004
v 0.236914 -2.571956 0.45241800000000015
v 0.236914 -2.571956 0.00010900000000015749
v 0.568353 -1.332427 0.00010900000000008159
v 0.07106 2.850153 1.2106869999999998
v 0.06155 2.741445 1.0665939999999998
v 0.091385 2.738835 1.0665939999999998
v 0.100895 2.847544 1.2106869999999998
v 0.073645 2.879696 1.2106869999999998
v 0.10348 2.877086 1.2106869999999998
v 1.035344 2.79562 1.2106869999999998
v 0.927973 2.805014 1.0665939999999998
v 0.925432 2.775855 1.0665939999999998
v 1.032814 2.766456 1.2106869999999998
v 1.067313 2.792822 1.2106869999999998
v 1.064761 2.763651 1.2106869999999998
v -1.224057 2.076421 0.09744999999999987
v -1.224057 2.076421 0.00019599999999987284
v -1.173339 2.305197 0.00019599999999985883
v -1.173339 2.305197 0.09744999999999986
v -1.210321 2.073376 0.18648399999999987
v -1.159603 2.302152 0.18648399999999987
v -1.162728 2.062825 0.3034579999999999
v -1.11201 2.291601 0.30345799999999984
v -1.067542 2.041722 0.3898879999999999
v -1.016824 2.270498 0.38988799999999985
v -0.921638 2.249397 0.4147699999999999
v -0.972356 2.02062 0.4147699999999999
v 0.220213 2.690194 0.3647409999999998
v 0.220224 2.690194 -1.6472687355927073E-16
v 0.236749 2.879383 -1.7631135872346516E-16
v 0.236749 2.879383 0.3647409999999998
v 0.248779 2.668897 0.5512709999999998
v 0.266963 2.876743 0.5512699999999998
v 0.32541 2.611284 0.6932729999999999
v 0.348014 2.869656 0.6932729999999998
v 0.430463 2.520757 0.7797029999999999
v 0.46013 2.859853 0.7797029999999998
v 0.572252 2.850788 0.8105239999999998
v 0.534007 2.413653 0.8105239999999999
v 0.430463 2.520757 0.7797029999999999
v 0.534007 2.413653 0.8105239999999999
v 0.023205 2.458343 0.8105239999999999
v 0.031695 2.555645 0.7797019999999999
v 0.32541 2.611284 0.6932729999999999
v 0.038733 2.636365 0.6932729999999999
v 0.043158 2.686886 0.5512699999999999
v 0.248779 2.668897 0.5512709999999998
v 0.044786 2.705415 0.3647409999999998
v 0.220213 2.690194 0.3647409999999998
v 0.220224 2.690194 -1.6472687355927073E-16
v 0.044805 2.705414 -1.656588297734219E-16
v 0.893509 2.631332 0.3647409999999998
v 0.893509 2.631332 -1.6112261556470015E-16
v 1.064339 2.616215 -1.6019696628156464E-16
v 1.064339 2.616215 0.3647409999999998
v 0.861065 2.615329 0.5512709999999998
v 1.062734 2.597685 0.5512709999999998
v 0.773869 2.57205 0.6932729999999999
v 1.05833 2.547163 0.6932729999999999
v 0.654693 2.50114 0.7797029999999999
v 1.051299 2.466441 0.7797029999999999
v 0.534007 2.413653 0.8105239999999999
v 1.042818 2.369138 0.8105239999999999
v 1.020537 2.113363 0.36474099999999987
v 1.020537 2.113362 -1.2940610043698243E-16
v 0.000835 2.202575 -1.3486882118159908E-16
v 0.000835 2.202576 0.36474099999999987
v 1.023058 2.142366 0.5512699999999999
v 0.003371 2.231577 0.5512699999999999
v 1.027834 2.197135 0.6932729999999999
v 0.008161 2.286345 0.6932729999999999
v 1.034375 2.272266 0.7797029999999999
v 0.014735 2.361474 0.7797019999999999
v 0.023205 2.458343 0.8105239999999999
v 1.042818 2.369138 0.8105239999999999
v 0.3622 -2.317878 1.2017210000000003
v 0.3622 -2.317878 1.0956580000000002
v 0.232629 -2.283159 1.0956580000000002
v 0.232629 -2.283159 1.2017200000000001
v 0.380094 -2.322673 1.3282060000000002
v 0.211687 -2.277548 1.3282130000000003
v 0.422603 -2.334063 1.4257040000000003
v 0.161937 -2.264218 1.4257040000000003
v 0.50762 -2.356843 1.5035670000000003
v 0.047853 -2.233649 1.5035670000000003
v -0.09595 -2.195145 1.5360730000000002
v 0.592229 -2.379514 1.5281560000000003
v 0.817925 -2.439989 1.7014910000000003
v -0.09595 -2.19514 1.7014910000000003
v 0.677654 -2.402403 1.5035670000000003
v 0.762671 -2.425184 1.4257040000000003
v 1.833933 -2.712228 0.00010900000000016608
v 1.34572 -2.581411 0.00010900000000015807
v 1.345719 -2.581411 0.3907800000000002
v 1.316986 -2.573713 0.5250990000000001
v 1.259521 -2.558314 0.6245780000000001
v 0.802987 -2.435986 1.3287140000000002
v 0.823073 -2.441369 1.2017210000000003
v 1.175528 -2.535809 0.6977510000000001
v 1.075205 -2.508927 0.7331100000000002
v 0.823073 -2.441369 1.0956580000000002
v 0.301318 -2.545093 1.2017980000000001
v 0.301318 -2.545093 1.0957350000000001
v 0.3622 -2.317878 1.0956580000000002
v 0.3622 -2.317878 1.2017210000000003
v 0.319212 -2.549888 1.3282130000000003
v 0.380094 -2.322673 1.3282060000000002
v 0.361721 -2.561278 1.4257040000000003
v 0.422603 -2.334063 1.4257040000000003
v 0.446738 -2.584058 1.5035670000000003
v 0.50762 -2.356843 1.5035670000000003
v 0.531755 -2.606839 1.5282180000000003
v 0.592229 -2.379514 1.5281560000000003
v 0.616772 -2.629619 1.5035670000000003
v 0.677654 -2.402403 1.5035670000000003
v 0.701789 -2.652399 1.4257040000000003
v 0.762671 -2.425184 1.4257040000000003
v 0.742104 -2.663201 1.3287140000000002
v 0.802987 -2.435986 1.3287140000000002
v 0.762191 -2.668584 1.2017980000000001
v 0.823073 -2.441369 1.2017210000000003
v 0.823073 -2.441369 1.0956580000000002
v 0.762191 -2.668584 1.0957350000000001
v 1.172174 -1.494221 0.4524180000000001
v 1.172188 -1.494224 0.0001090000000000915
v 1.104902 -1.745887 0.00010900000000010691
v 1.104751 -1.745847 0.4524180000000001
v 1.155694 -1.489805 0.5946090000000002
v 1.082927 -1.761373 0.5946090000000002
v 1.103038 -1.475695 0.7282530000000002
v 1.014942 -1.804472 0.7282530000000002
v 1.001322 -1.448441 0.8358220000000001
v 0.883429 -1.888424 0.8358220000000001
v 0.872319 -1.413875 0.8709120000000001
v 0.717532 -1.991548 0.8709120000000001
v -0.36255 -0.769302 0.586581
v -0.310614 -0.769302 0.43387300000000006
v -0.310614 -2.566829 0.4338730000000002
v -0.36255 -2.566829 0.5865810000000001
v -0.443191 -0.769302 0.723645
v -0.443191 -2.566829 0.7236450000000001
v -0.562892 -0.769302 0.855547
v -0.562892 -2.566829 0.8555470000000001
v -0.718421 -2.566829 0.9424010000000002
v -0.718421 -0.7693019999999999 0.942401
v -0.907271 -0.7693019999999999 0.981264
v -0.907271 -2.566829 0.9812640000000001
v -1.091555 -0.7693019999999999 0.942401
v -1.091555 -2.566829 0.9424010000000002
v -1.247084 -0.769302 0.855547
v -1.247084 -2.566829 0.8555470000000001
v -1.366785 -0.769302 0.723645
v -1.366785 -2.566829 0.7236450000000001
v -1.447425 -2.566829 0.5865810000000001
v -1.447425 -0.769302 0.586581
v -1.499362 -0.769302 0.43387300000000006
v -1.499362 -2.566829 0.4338730000000002
v -1.530303 -2.566829 0.00010900000000015718
v -1.530303 -0.769302 0.00010900000000004712
v -1.173339 2.305197 0.09744999999999986
v -1.173339 2.305197 0.00019599999999985883
v -1.693576 2.420531 0.00019599999999985178
v -1.159603 2.302152 0.18648399999999987
v -1.11201 2.291601 0.30345799999999984
v -0.590355 2.175952 1.0665939999999998
v -1.016824 2.270498 0.38988799999999985
v -0.921638 2.249397 0.4147699999999999
v -0.826452 2.228294 0.3898879999999999
v -0.731266 2.207192 0.3034579999999999
v -0.683673 2.19664 0.18648399999999987
v -0.669937 2.193595 0.09744999999999986
v -0.590355 2.175952 0.00019599999999986675
v -0.669937 2.193595 0.0001959999999998657
v -0.459237 2.175952 0.00019599999999986675
v -0.459237 2.175952 0.49317899999999987
v -0.431554 2.175952 0.6373629999999999
v -0.3793 2.175952 0.7543369999999999
v -0.274791 2.175952 0.8407669999999999
v -0.170282 2.175952 0.8768479999999998
v -0.001334 2.175952 0.9599979999999999
v -0.001438 2.175952 0.8768479999999998
v 0.968036 2.175952 1.0665939999999998
v 0.968686 2.175952 0.9599979999999999
v -0.09595 -2.195145 1.5360730000000002
v -0.09595 -2.195145 1.5360730000000002
v -0.09595 -2.19514 1.7014910000000003
v -0.28781 -2.566829 0.00010900000000015718
v -0.095367 -2.566828 0.00010900000000015718
v -0.095367 -2.566829 1.8712520000000001
v -0.310614 -2.566829 0.4338730000000002
v -0.36255 -2.566829 0.5865810000000001
v -0.443191 -2.566829 0.7236450000000001
v -0.562892 -2.566829 0.8555470000000001
v -1.706319 -2.566828 1.8712520000000001
v -0.718421 -2.566829 0.9424010000000002
v -0.907271 -2.566829 0.9812640000000001
v -1.091555 -2.566829 0.9424010000000002
v -1.247084 -2.566829 0.8555470000000001
v -1.366785 -2.566829 0.7236450000000001
v -1.447425 -2.566829 0.5865810000000001
v -1.499362 -2.566829 0.4338730000000002
v -1.530304 -2.566829 0.00010900000000015718
v -1.70632 -2.566828 0.00010900000000015718
v -0.542522 -1.272725 1.713594
v -0.85343 -1.1576 1.713594
v -0.708524 -1.2436499999999997 1.94514
v -0.495411 -1.4405379999999999 1.985793
v -0.358661 -1.54861 1.713594
v -0.998471 -1.2542619999999998 1.985793
v -1.172628 -1.24721 1.713594
v -0.395721 -1.7130149999999997 1.94514
v -0.372075 -1.879876 1.7135940000000003
v -0.777204 -1.4291279999999997 2.154021
v -0.593343 -1.7050119999999997 2.154021
v -0.517117 -1.9765389999999998 1.9857930000000001
v -0.577641 -2.139993 1.7135940000000003
v -0.875135 -1.6936009999999997 2.231347
v -0.745451 -2.15555 1.9451400000000003
v -0.89684 -2.229602 1.7135940000000003
v -0.798909 -1.9651269999999998 2.154021
v -1.033591 -2.121529 1.9857930000000001
v -1.207748 -2.114477 1.7135940000000003
v -1.109817 -1.8500019999999997 2.154021
v -1.2744 -1.9596869999999997 1.9451400000000003
v -1.39161 -1.838591 1.7135940000000003
v -1.096402 -1.5187359999999999 2.154021
v -1.331084 -1.6751369999999999 1.985793
v -1.378195 -1.507326 1.713594
v -1.251578 -1.3961029999999999 1.94514
vt 0.000989 0.153990
vt 0.007848 0.145224
vt 0.007915 0.167908
vt 0.359823 0.083929
vt 0.363417 0.059351
vt 0.370619 0.061003
vt 0.166611 0.083929
vt 0.170908 0.059351
vt 0.179945 0.063054
vt 0.165828 0.167908
vt 0.168989 0.145224
vt 0.178664 0.145784
vt 0.617409 0.934873
vt 0.711659 0.934873
vt 0.711659 0.996018
vt 0.711659 0.996018
vt 0.617409 0.996018
vt 0.617409 0.934873
vt 0.885656 0.546265
vt 0.885656 0.546265
vt 0.924019 0.546265
vt 0.010121 0.141538
vt 0.010123 0.128932
vt 0.166359 0.128932
vt 0.166359 0.128932
vt 0.166498 0.141538
vt 0.010121 0.141538
vt 0.006023 0.055653
vt 0.006186 0.042966
vt 0.168850 0.042966
vt 0.168850 0.042966
vt 0.168853 0.055653
vt 0.006023 0.055653
vt 0.182963 0.055653
vt 0.183070 0.042966
vt 0.361148 0.042966
vt 0.361148 0.042966
vt 0.361275 0.055653
vt 0.182963 0.055653
vt 0.336807 0.327135
vt 0.347174 0.327135
vt 0.347174 0.343398
vt 0.347174 0.307460
vt 0.347174 0.323481
vt 0.336807 0.323481
vt 0.349329 0.360079
vt 0.359696 0.360078
vt 0.359696 0.376320
vt 0.359696 0.341160
vt 0.359696 0.356986
vt 0.349329 0.356986
vt 0.588782 0.731887
vt 0.594471 0.718179
vt 0.600161 0.731887
vt 0.593810 0.708320
vt 0.588121 0.722028
vt 0.582431 0.708320
vt 0.574281 0.731887
vt 0.579970 0.718179
vt 0.585660 0.731887
vt 0.579309 0.708320
vt 0.573619 0.722028
vt 0.567930 0.708320
vt 0.559344 0.731887
vt 0.565033 0.718179
vt 0.570722 0.731887
vt 0.564372 0.708320
vt 0.558682 0.722028
vt 0.552993 0.708320
vt 0.545404 0.731887
vt 0.551093 0.718179
vt 0.556782 0.731887
vt 0.550431 0.708320
vt 0.544742 0.722028
vt 0.539053 0.708320
vt 0.530266 0.731887
vt 0.535955 0.718179
vt 0.541644 0.731887
vt 0.535294 0.708320
vt 0.529604 0.722028
vt 0.523915 0.708320
vt 0.515648 0.731887
vt 0.521337 0.718179
vt 0.527026 0.731887
vt 0.520675 0.708320
vt 0.514986 0.722028
vt 0.509297 0.708320
vt 0.469650 0.731887
vt 0.475339 0.718179
vt 0.481029 0.731887
vt 0.471757 0.707587
vt 0.466067 0.721295
vt 0.460378 0.707587
vt 0.453410 0.731887
vt 0.459099 0.718179
vt 0.464788 0.731887
vt 0.455516 0.707587
vt 0.449827 0.721295
vt 0.444138 0.707587
vt 0.439959 0.731887
vt 0.445648 0.718179
vt 0.451337 0.731887
vt 0.442066 0.707587
vt 0.436377 0.721295
vt 0.430687 0.707587
vt 0.424742 0.731887
vt 0.430432 0.718179
vt 0.436121 0.731887
vt 0.426849 0.707587
vt 0.421160 0.721295
vt 0.415471 0.707587
vt 0.407687 0.731887
vt 0.413376 0.718179
vt 0.419066 0.731887
vt 0.409794 0.707587
vt 0.404104 0.721295
vt 0.398416 0.707587
vt 0.390141 0.731887
vt 0.395831 0.718179
vt 0.401520 0.731887
vt 0.392248 0.707587
vt 0.386559 0.721295
vt 0.380870 0.707587
vt 0.341771 0.731887
vt 0.347460 0.718179
vt 0.353245 0.731887
vt 0.346562 0.707643
vt 0.340776 0.721350
vt 0.335086 0.707643
vt 0.327269 0.731887
vt 0.332958 0.718179
vt 0.338648 0.731887
vt 0.331963 0.707643
vt 0.326274 0.721350
vt 0.320585 0.707643
vt 0.312332 0.731887
vt 0.318021 0.718179
vt 0.323710 0.731887
vt 0.317026 0.707643
vt 0.311337 0.721350
vt 0.305648 0.707643
vt 0.298392 0.731887
vt 0.304081 0.718179
vt 0.309770 0.731887
vt 0.303086 0.707643
vt 0.297397 0.721350
vt 0.291708 0.707643
vt 0.283254 0.731887
vt 0.288943 0.718179
vt 0.294633 0.731887
vt 0.287948 0.707643
vt 0.282260 0.721350
vt 0.276570 0.707643
vt 0.174705 0.707156
vt 0.169015 0.720863
vt 0.163327 0.707156
vt 0.171004 0.731887
vt 0.176693 0.718179
vt 0.182382 0.731887
vt 0.189922 0.707156
vt 0.184233 0.720863
vt 0.178543 0.707156
vt 0.186221 0.731887
vt 0.191910 0.718179
vt 0.197599 0.731887
vt 0.206977 0.707156
vt 0.201288 0.720863
vt 0.195599 0.707156
vt 0.203276 0.731887
vt 0.208965 0.718179
vt 0.214654 0.731887
vt 0.224522 0.707156
vt 0.218833 0.720863
vt 0.213144 0.707156
vt 0.220821 0.731887
vt 0.226511 0.718179
vt 0.232200 0.731887
vt 0.268636 0.731887
vt 0.274325 0.718179
vt 0.280014 0.731887
vt 0.273330 0.707643
vt 0.267641 0.721350
vt 0.261952 0.707643
vt 0.145014 0.707156
vt 0.139324 0.720863
vt 0.133636 0.707156
vt 0.141313 0.731887
vt 0.147002 0.718179
vt 0.152691 0.731887
vt 0.161254 0.707156
vt 0.155565 0.720863
vt 0.149876 0.707156
vt 0.157553 0.731887
vt 0.163243 0.718179
vt 0.168931 0.731887
vt 0.613708 0.731871
vt 0.603727 0.731871
vt 0.607072 0.714177
vt 0.607072 0.714177
vt 0.613708 0.712429
vt 0.613708 0.731871
vt 0.502266 0.731871
vt 0.502266 0.712429
vt 0.508879 0.714177
vt 0.508879 0.714177
vt 0.512224 0.731871
vt 0.502266 0.731871
vt 0.565176 0.477983
vt 0.568783 0.477983
vt 0.568783 0.490165
vt 0.568783 0.490165
vt 0.565176 0.490165
vt 0.565176 0.477983
vt 0.660407 0.666717
vt 0.639887 0.666717
vt 0.639915 0.585164
vt 0.639915 0.585164
vt 0.658947 0.585164
vt 0.660407 0.666717
vt 0.328494 0.269978
vt 0.340052 0.269978
vt 0.328493 0.281716
vt 0.340050 0.254929
vt 0.378398 0.254929
vt 0.348099 0.291079
vt 0.341374 0.295429
vt 0.354855 0.295429
vt 0.328493 0.281716
vt 0.360459 0.307631
vt 0.336157 0.307631
vt 0.363967 0.327677
vt 0.332355 0.327677
vt 0.378397 0.405499
vt 0.311828 0.281575
vt 0.365253 0.354009
vt 0.365253 0.405499
vt 0.330341 0.354009
vt 0.311828 0.405499
vt 0.330341 0.405499
vt 0.010211 0.167908
vt 0.010121 0.145224
vt 0.166498 0.145224
vt 0.162618 0.167908
vt 0.186331 0.169002
vt 0.180965 0.145224
vt 0.364802 0.145224
vt 0.365134 0.169002
vt 0.010093 0.083929
vt 0.006023 0.059351
vt 0.168853 0.059351
vt 0.163579 0.083929
vt 0.187717 0.083929
vt 0.182963 0.059351
vt 0.361275 0.059351
vt 0.356612 0.083929
vt 0.383535 0.413784
vt 0.289449 0.413785
vt 0.289449 0.450291
vt 0.383535 0.450291
vt 0.234583 0.456537
vt 0.285688 0.667263
vt 0.319532 0.667263
vt 0.370637 0.456537
vt 0.159824 0.450291
vt 0.253749 0.450291
vt 0.253749 0.413785
vt 0.159824 0.413784
vt 0.281837 0.667274
vt 0.230732 0.456550
vt 0.196888 0.456550
vt 0.145783 0.667274
vt 0.286414 0.450291
vt 0.286414 0.413785
vt 0.256945 0.413785
vt 0.256945 0.450291
vt 0.227364 0.967607
vt 0.227364 0.994012
vt 0.205563 0.994012
vt 0.205563 0.967607
vt 0.331504 0.993340
vt 0.291381 0.993338
vt 0.291381 0.918011
vt 0.331504 0.918011
vt 0.279764 0.904172
vt 0.289336 0.918011
vt 0.289336 0.993340
vt 0.279764 0.993340
vt 0.291381 0.889900
vt 0.331504 0.889900
vt 0.331504 0.913838
vt 0.291381 0.913838
vt 0.343121 0.993340
vt 0.333549 0.993340
vt 0.333549 0.918011
vt 0.343121 0.904172
vt 0.164649 0.003936
vt 0.164654 0.027079
vt 0.010379 0.027079
vt 0.010374 0.003936
vt 0.364627 0.087775
vt 0.364624 0.112234
vt 0.184202 0.112234
vt 0.184206 0.087775
vt 0.162215 0.087775
vt 0.162208 0.112234
vt 0.010085 0.112234
vt 0.010093 0.087775
vt 0.358071 0.003936
vt 0.358071 0.027079
vt 0.186147 0.027079
vt 0.186147 0.003936
vt 0.180965 0.141538
vt 0.180962 0.128932
vt 0.364800 0.128932
vt 0.364802 0.141538
vt 0.010123 0.124990
vt 0.010085 0.115843
vt 0.162208 0.115843
vt 0.166359 0.124990
vt 0.180962 0.124990
vt 0.184202 0.115843
vt 0.364624 0.115843
vt 0.364800 0.124990
vt 0.006186 0.038974
vt 0.010379 0.030327
vt 0.164654 0.030327
vt 0.168850 0.038974
vt 0.183070 0.038974
vt 0.186147 0.030327
vt 0.358071 0.030327
vt 0.361148 0.038974
vt 0.002083 0.522489
vt 0.071705 0.522489
vt 0.071705 0.489165
vt 0.002083 0.489165
vt 0.104508 0.667274
vt 0.068831 0.527063
vt 0.036859 0.527063
vt 0.001183 0.667274
vt 0.177560 0.489165
vt 0.107730 0.489165
vt 0.107730 0.522489
vt 0.177560 0.522489
vt 0.072348 0.527063
vt 0.108243 0.667274
vt 0.140410 0.667274
vt 0.176305 0.527063
vt 0.074210 0.489165
vt 0.074210 0.522489
vt 0.105434 0.522489
vt 0.105434 0.489165
vt 0.315436 0.178752
vt 0.271645 0.178752
vt 0.300000 0.234000
vt 0.315436 0.234000
vt 0.336807 0.376300
vt 0.336807 0.355641
vt 0.347174 0.355641
vt 0.347174 0.360038
vt 0.341655 0.392465
vt 0.354228 0.392465
vt 0.354228 0.396651
vt 0.341655 0.396651
vt 0.347174 0.352267
vt 0.336807 0.352267
vt 0.336807 0.331895
vt 0.347174 0.347914
vt 0.349329 0.331961
vt 0.359696 0.331961
vt 0.359696 0.336260
vt 0.349329 0.352500
vt 0.349329 0.307771
vt 0.359696 0.323595
vt 0.359696 0.328307
vt 0.349329 0.328307
vt 0.341678 0.377164
vt 0.354244 0.377161
vt 0.354245 0.381689
vt 0.341678 0.381691
vt 0.318776 0.217498
vt 0.317438 0.184034
vt 0.418974 0.184034
vt 0.418974 0.217498
vt 0.518626 0.184034
vt 0.518626 0.217498
vt 0.421138 0.217498
vt 0.424400 0.184034
vt 0.337829 0.223584
vt 0.337829 0.238632
vt 0.333930 0.238632
vt 0.333930 0.223584
vt 0.374548 0.223584
vt 0.374548 0.238632
vt 0.340444 0.238632
vt 0.340444 0.223584
vt 0.450463 0.223640
vt 0.450463 0.238690
vt 0.387500 0.238687
vt 0.387500 0.223640
vt 0.463689 0.238480
vt 0.463689 0.223431
vt 0.516889 0.223431
vt 0.516889 0.238480
vt 0.383620 0.250530
vt 0.387500 0.242672
vt 0.450463 0.242675
vt 0.454415 0.250534
vt 0.340444 0.242618
vt 0.374548 0.242617
vt 0.378398 0.250532
vt 0.340050 0.250532
vt 0.226684 0.178628
vt 0.226683 0.234429
vt 0.188505 0.234429
vt 0.188505 0.178628
vt 0.229022 0.233978
vt 0.229022 0.178737
vt 0.248549 0.178737
vt 0.248549 0.233978
vt 0.171712 0.178628
vt 0.186353 0.178628
vt 0.186353 0.234429
vt 0.169943 0.234429
vt 0.251004 0.233978
vt 0.251004 0.178737
vt 0.268174 0.178737
vt 0.296357 0.233978
vt 0.520228 0.250532
vt 0.459840 0.250532
vt 0.463689 0.242447
vt 0.520574 0.242447
vt 0.024470 0.771747
vt 0.112497 0.771747
vt 0.112497 0.951728
vt 0.024470 0.951728
vt 0.597539 0.722298
vt 0.594970 0.708295
vt 0.601223 0.709822
vt 0.601223 0.723683
vt 0.601223 0.709822
vt 0.606866 0.708295
vt 0.604524 0.722298
vt 0.601223 0.723683
vt 0.131879 0.714177
vt 0.134926 0.731871
vt 0.125626 0.731871
vt 0.125612 0.712429
vt 0.366838 0.731871
vt 0.356854 0.731871
vt 0.360199 0.714177
vt 0.366838 0.712429
vt 0.350301 0.721614
vt 0.347681 0.707861
vt 0.353888 0.708775
vt 0.353888 0.722973
vt 0.353888 0.708775
vt 0.359569 0.707861
vt 0.357181 0.721614
vt 0.353888 0.722973
vt 0.378616 0.714177
vt 0.381663 0.731871
vt 0.372367 0.731871
vt 0.372367 0.712429
vt 0.486451 0.722937
vt 0.482572 0.724401
vt 0.482572 0.709781
vt 0.489302 0.708122
vt 0.482572 0.709781
vt 0.482572 0.724401
vt 0.478909 0.722937
vt 0.476311 0.708122
vt 0.490462 0.714177
vt 0.496730 0.712429
vt 0.496715 0.731871
vt 0.487415 0.731871
vt 0.255396 0.731871
vt 0.255396 0.712429
vt 0.261967 0.714177
vt 0.265312 0.731871
vt 0.239866 0.722863
vt 0.235137 0.724611
vt 0.235137 0.706083
vt 0.243207 0.705169
vt 0.235137 0.706083
vt 0.235137 0.724611
vt 0.230893 0.722863
vt 0.227847 0.705169
vt 0.243680 0.714177
vt 0.249974 0.712429
vt 0.249974 0.731871
vt 0.240633 0.731871
vt 0.882800 0.478819
vt 0.882800 0.490992
vt 0.818737 0.490992
vt 0.818737 0.478819
vt 0.498144 0.633408
vt 0.562507 0.633411
vt 0.558174 0.666680
vt 0.498143 0.666680
vt 0.369008 0.666680
vt 0.369020 0.633381
vt 0.496656 0.633381
vt 0.496644 0.666680
vt 0.662141 0.666717
vt 0.662135 0.579653
vt 0.678582 0.579657
vt 0.678582 0.666717
vt 0.631143 0.490165
vt 0.631143 0.477983
vt 0.691011 0.477983
vt 0.691011 0.490165
vt 0.611178 0.490165
vt 0.611178 0.477983
vt 0.630211 0.477983
vt 0.630211 0.490165
vt 0.601286 0.490165
vt 0.571982 0.490165
vt 0.571982 0.477983
vt 0.601286 0.477983
vt 0.774103 0.490159
vt 0.705184 0.490159
vt 0.705184 0.477978
vt 0.774103 0.477978
vt 0.571986 0.500006
vt 0.571982 0.493218
vt 0.601286 0.493218
vt 0.604894 0.500006
vt 0.881967 0.500044
vt 0.799905 0.500045
vt 0.799905 0.494253
vt 0.882800 0.494197
vt 0.774103 0.500004
vt 0.701577 0.500004
vt 0.705184 0.493212
vt 0.774103 0.493212
vt 0.571977 0.503535
vt 0.604885 0.503535
vt 0.604885 0.600600
vt 0.571977 0.517943
vt 0.546788 0.517364
vt 0.546788 0.554682
vt 0.530871 0.554682
vt 0.530871 0.517366
vt 0.522831 0.628293
vt 0.522831 0.559454
vt 0.538748 0.559454
vt 0.567833 0.628293
vt 0.117726 0.985222
vt 0.113440 0.953558
vt 0.113440 0.769726
vt 0.117726 0.737047
vt 0.669814 0.673250
vt 0.669814 0.692965
vt 0.570934 0.692965
vt 0.570934 0.673250
vt 0.872203 0.673208
vt 0.872203 0.692922
vt 0.773324 0.692922
vt 0.773324 0.673208
vt 0.770837 0.673163
vt 0.770837 0.692878
vt 0.671958 0.692878
vt 0.671964 0.673163
vt 0.969480 0.673402
vt 0.969480 0.693117
vt 0.874583 0.693117
vt 0.874583 0.673402
vt 0.249974 0.731871
vt 0.249974 0.996018
vt 0.125626 0.996018
vt 0.125626 0.731871
vt 0.496715 0.731871
vt 0.496715 0.996019
vt 0.372367 0.996019
vt 0.372367 0.731871
vt 0.003795 0.176296
vt 0.082661 0.176296
vt 0.082661 0.202784
vt 0.003795 0.202784
vt 0.083014 0.234277
vt 0.004147 0.234277
vt 0.004147 0.207789
vt 0.083014 0.207789
vt 0.197722 0.364334
vt 0.199574 0.383163
vt 0.194218 0.383163
vt 0.194218 0.358613
vt 0.189012 0.383163
vt 0.189012 0.355874
vt 0.184112 0.383163
vt 0.184112 0.358545
vt 0.178254 0.383163
vt 0.179256 0.365654
vt 0.429732 0.475765
vt 0.429732 0.490710
vt 0.423860 0.490710
vt 0.423860 0.466433
vt 0.418718 0.490710
vt 0.418718 0.464087
vt 0.413630 0.490710
vt 0.413630 0.466433
vt 0.407510 0.490710
vt 0.407510 0.475765
vt 0.777995 0.004102
vt 0.838898 0.004102
vt 0.858332 0.015269
vt 0.778016 0.191528
vt 0.850616 0.077020
vt 0.863533 0.190078
vt 0.876427 0.093443
vt 0.794144 0.666717
vt 0.769076 0.666717
vt 0.769076 0.605253
vt 0.794144 0.503534
vt 0.767778 0.585952
vt 0.763294 0.567812
vt 0.755599 0.553211
vt 0.744716 0.548447
vt 0.701568 0.503534
vt 0.734432 0.553211
vt 0.726125 0.567812
vt 0.721852 0.585952
vt 0.720357 0.605253
vt 0.701568 0.666721
vt 0.720357 0.666721
vt 0.481068 0.627539
vt 0.459236 0.627539
vt 0.459236 0.572185
vt 0.481068 0.572185
vt 0.459236 0.554731
vt 0.481404 0.554731
vt 0.459237 0.536832
vt 0.482607 0.536832
vt 0.459237 0.518169
vt 0.484671 0.518169
vt 0.487591 0.500499
vt 0.459239 0.500499
vt 0.520228 0.405499
vt 0.507908 0.405499
vt 0.507908 0.354009
vt 0.520228 0.254929
vt 0.505894 0.327677
vt 0.502090 0.307630
vt 0.496873 0.295429
vt 0.490147 0.291079
vt 0.459840 0.254929
vt 0.483390 0.295429
vt 0.477785 0.307630
vt 0.474277 0.327677
vt 0.472990 0.354009
vt 0.459840 0.405499
vt 0.472990 0.405499
vt 0.442525 0.405499
vt 0.442525 0.354009
vt 0.454415 0.405499
vt 0.440417 0.327677
vt 0.454415 0.254931
vt 0.434669 0.307630
vt 0.426883 0.295429
vt 0.419094 0.291079
vt 0.383620 0.254927
vt 0.411313 0.295429
vt 0.403527 0.307630
vt 0.397899 0.327677
vt 0.395801 0.354009
vt 0.383620 0.405499
vt 0.395801 0.405499
vt 0.613708 0.996018
vt 0.599642 0.996018
vt 0.598817 0.934785
vt 0.613708 0.731871
vt 0.595224 0.913227
vt 0.589646 0.893877
vt 0.581365 0.875258
vt 0.570606 0.862996
vt 0.557542 0.857510
vt 0.502266 0.731871
vt 0.544794 0.862996
vt 0.534035 0.875258
vt 0.525754 0.893877
vt 0.520175 0.913227
vt 0.516583 0.934785
vt 0.515457 0.996129
vt 0.502266 0.996129
vt 0.694696 0.666716
vt 0.682507 0.666716
vt 0.682507 0.605255
vt 0.694696 0.503535
vt 0.681275 0.585954
vt 0.677342 0.567813
vt 0.669744 0.553212
vt 0.660109 0.548449
vt 0.630744 0.503535
vt 0.650240 0.553212
vt 0.642645 0.567813
vt 0.607697 0.600600
vt 0.607697 0.503535
vt 0.638713 0.585954
vt 0.637447 0.605255
vt 0.637405 0.666717
vt 0.202390 0.405084
vt 0.185963 0.405084
vt 0.200781 0.391931
vt 0.188950 0.391087
vt 0.194719 0.386527
vt 0.094139 0.353576
vt 0.078665 0.353576
vt 0.078665 0.345913
vt 0.094139 0.345913
vt 0.078665 0.339510
vt 0.094139 0.339510
vt 0.094139 0.331088
vt 0.078665 0.331088
vt 0.094139 0.320588
vt 0.078665 0.320588
vt 0.094139 0.305157
vt 0.078665 0.305157
vt 0.094139 0.238555
vt 0.078665 0.238555
vt 0.420543 0.328562
vt 0.436754 0.328562
vt 0.436754 0.342767
vt 0.420543 0.342767
vt 0.436754 0.361161
vt 0.420543 0.361161
vt 0.436754 0.379050
vt 0.420543 0.379050
vt 0.436754 0.391774
vt 0.420543 0.391774
vt 0.420543 0.405504
vt 0.436754 0.405504
vt 0.521418 0.190265
vt 0.589482 0.202918
vt 0.521412 0.215293
vt 0.589482 0.289989
vt 0.525359 0.289989
vt 0.273327 0.272856
vt 0.290993 0.272856
vt 0.290950 0.287633
vt 0.275798 0.287633
vt 0.290950 0.305469
vt 0.277848 0.305469
vt 0.290950 0.327587
vt 0.279131 0.327587
vt 0.290949 0.354152
vt 0.279605 0.354152
vt 0.279605 0.406146
vt 0.290949 0.406146
vt 0.075231 0.238644
vt 0.004150 0.238644
vt 0.004150 0.389215
vt 0.075231 0.362569
vt 0.114521 0.389215
vt 0.085461 0.362429
vt 0.092811 0.357335
vt 0.099920 0.345133
vt 0.103535 0.328620
vt 0.114521 0.238672
vt 0.105450 0.308266
vt 0.105450 0.238672
vt 0.123753 0.252401
vt 0.123753 0.238672
vt 0.124726 0.264970
vt 0.128098 0.281484
vt 0.134843 0.293685
vt 0.141587 0.297197
vt 0.148331 0.293685
vt 0.196282 0.238672
vt 0.155076 0.281484
vt 0.158448 0.264970
vt 0.159421 0.252401
vt 0.159421 0.238672
vt 0.386499 0.620899
vt 0.369132 0.620899
vt 0.384299 0.607175
vt 0.372100 0.607175
vt 0.378158 0.602512
vt 0.450122 0.494834
vt 0.450126 0.468055
vt 0.456106 0.468055
vt 0.456101 0.494834
vt 0.463336 0.468055
vt 0.463336 0.494834
vt 0.469551 0.468055
vt 0.469551 0.494834
vt 0.476826 0.468051
vt 0.477522 0.494842
vt 0.486110 0.495021
vt 0.482683 0.468156
vt 0.499747 0.628443
vt 0.485948 0.628443
vt 0.485948 0.577705
vt 0.499747 0.577705
vt 0.485948 0.559837
vt 0.499747 0.559837
vt 0.485948 0.544783
vt 0.499747 0.544783
vt 0.499747 0.530023
vt 0.485948 0.530023
vt 0.499747 0.515774
vt 0.485948 0.515774
vt 0.365277 0.611412
vt 0.365277 0.666680
vt 0.330893 0.666680
vt 0.367300 0.592410
vt 0.402449 0.425987
vt 0.371348 0.578336
vt 0.406340 0.465002
vt 0.377263 0.567985
vt 0.412328 0.453987
vt 0.403501 0.478723
vt 0.418315 0.450498
vt 0.402086 0.496678
vt 0.384329 0.562982
vt 0.462479 0.425987
vt 0.455656 0.453987
vt 0.462483 0.450145
vt 0.424303 0.453987
vt 0.430290 0.465002
vt 0.448649 0.465002
vt 0.433284 0.478794
vt 0.445145 0.478794
vt 0.434545 0.496678
vt 0.443670 0.496678
vt 0.385787 0.500499
vt 0.404032 0.500499
vt 0.404032 0.518169
vt 0.388471 0.518169
vt 0.404002 0.536832
vt 0.390588 0.536832
vt 0.404032 0.554731
vt 0.391683 0.554731
vt 0.404034 0.572185
vt 0.392027 0.572185
vt 0.392023 0.627539
vt 0.404034 0.627539
vt 0.409257 0.500499
vt 0.427775 0.500499
vt 0.424568 0.518169
vt 0.409257 0.518169
vt 0.422039 0.536832
vt 0.409263 0.536832
vt 0.420730 0.554731
vt 0.409260 0.554731
vt 0.420321 0.572185
vt 0.409257 0.572185
vt 0.409257 0.627539
vt 0.420317 0.627539
vt 0.691011 0.493218
vt 0.694621 0.500006
vt 0.630668 0.500006
vt 0.630211 0.493218
vt 0.607706 0.500006
vt 0.611178 0.493218
vt 0.113440 0.953558
vt 0.117726 0.985222
vt 0.007593 0.985222
vt 0.023655 0.953558
vt 0.007593 0.737047
vt 0.023655 0.769726
vt 0.113440 0.769726
vt 0.117726 0.737047
vt 0.812088 0.605253
vt 0.812087 0.666717
vt 0.799898 0.666717
vt 0.799898 0.503534
vt 0.813319 0.585952
vt 0.817252 0.567812
vt 0.824850 0.553211
vt 0.834485 0.548447
vt 0.881960 0.503534
vt 0.844204 0.553211
vt 0.851816 0.567812
vt 0.855750 0.585952
vt 0.857142 0.605253
vt 0.857142 0.666715
vt 0.881960 0.666715
vt 0.885656 0.554615
vt 0.885656 0.546265
vt 0.967937 0.546265
vt 0.967925 0.554597
vt 0.885656 0.566490
vt 0.967916 0.566490
vt 0.885656 0.586093
vt 0.967911 0.586077
vt 0.885656 0.605543
vt 0.967910 0.605543
vt 0.967910 0.666937
vt 0.885656 0.666935
vt 0.341687 0.399788
vt 0.354191 0.399788
vt 0.354191 0.404016
vt 0.341687 0.404016
vt 0.339635 0.399788
vt 0.339635 0.404016
vt 0.341744 0.384816
vt 0.354192 0.384823
vt 0.354191 0.388955
vt 0.341742 0.388948
vt 0.339524 0.384816
vt 0.339524 0.388950
vt 0.417342 0.391774
vt 0.417342 0.405504
vt 0.401132 0.405504
vt 0.401132 0.391774
vt 0.417342 0.379050
vt 0.401132 0.379050
vt 0.417342 0.361160
vt 0.401132 0.361160
vt 0.417342 0.342767
vt 0.401132 0.342767
vt 0.401132 0.328562
vt 0.417342 0.328562
vt 0.306462 0.354799
vt 0.306462 0.406146
vt 0.295119 0.406146
vt 0.295119 0.354799
vt 0.306784 0.328233
vt 0.295118 0.328233
vt 0.307657 0.306116
vt 0.295118 0.306116
vt 0.309050 0.288281
vt 0.295118 0.288281
vt 0.295073 0.273502
vt 0.310730 0.273502
vt 0.240940 0.297489
vt 0.239130 0.284901
vt 0.255065 0.284901
vt 0.255066 0.297489
vt 0.242751 0.312682
vt 0.255068 0.312682
vt 0.255068 0.331522
vt 0.244061 0.331522
vt 0.255067 0.354152
vt 0.244549 0.354152
vt 0.244549 0.405499
vt 0.255066 0.405499
vt 0.269890 0.354152
vt 0.269890 0.405499
vt 0.259647 0.405499
vt 0.259647 0.354152
vt 0.270294 0.331522
vt 0.259645 0.331522
vt 0.271378 0.312682
vt 0.259644 0.312682
vt 0.272847 0.297489
vt 0.259642 0.297489
vt 0.274317 0.284901
vt 0.259640 0.284901
vt 0.589668 0.354157
vt 0.589668 0.405504
vt 0.523200 0.405504
vt 0.523200 0.354157
vt 0.589666 0.327591
vt 0.523200 0.327591
vt 0.589665 0.311152
vt 0.523200 0.311152
vt 0.589663 0.301738
vt 0.523200 0.301738
vt 0.523199 0.293938
vt 0.589661 0.293938
vt 0.499518 0.496716
vt 0.499518 0.511721
vt 0.490392 0.511721
vt 0.490392 0.496716
vt 0.500778 0.478822
vt 0.488917 0.478822
vt 0.503772 0.465030
vt 0.485414 0.465030
vt 0.509760 0.454015
vt 0.477379 0.454015
vt 0.467252 0.449416
vt 0.515718 0.450536
vt 0.531614 0.426014
vt 0.467252 0.426014
vt 0.521735 0.454015
vt 0.527722 0.465030
vt 0.603170 0.666708
vt 0.568785 0.666708
vt 0.568785 0.611440
vt 0.566762 0.592438
vt 0.562715 0.578364
vt 0.530562 0.478751
vt 0.531976 0.496716
vt 0.556799 0.568013
vt 0.549734 0.563011
vt 0.531976 0.511721
vt 0.503993 0.487911
vt 0.503993 0.472906
vt 0.519996 0.472894
vt 0.519996 0.487900
vt 0.503993 0.505985
vt 0.519996 0.505984
vt 0.503993 0.521117
vt 0.519996 0.521117
vt 0.503993 0.537739
vt 0.519996 0.537742
vt 0.503993 0.550668
vt 0.519995 0.550612
vt 0.503993 0.563598
vt 0.519995 0.563598
vt 0.503993 0.580223
vt 0.519995 0.580223
vt 0.503993 0.595160
vt 0.519995 0.595161
vt 0.503993 0.613355
vt 0.519995 0.613365
vt 0.519995 0.628370
vt 0.503993 0.628359
vt 0.453603 0.572185
vt 0.453603 0.627540
vt 0.437263 0.627540
vt 0.437263 0.572185
vt 0.453603 0.554731
vt 0.436763 0.554731
vt 0.453603 0.536832
vt 0.435327 0.536832
vt 0.453603 0.518169
vt 0.432537 0.518169
vt 0.453603 0.500499
vt 0.429082 0.500499
vt 0.711659 0.912135
vt 0.711659 0.934873
vt 0.617409 0.934873
vt 0.617409 0.912135
vt 0.711659 0.889718
vt 0.617409 0.889718
vt 0.711659 0.871379
vt 0.617409 0.871379
vt 0.617409 0.860380
vt 0.711659 0.860380
vt 0.711659 0.850033
vt 0.617409 0.850033
vt 0.711659 0.839926
vt 0.617410 0.839926
vt 0.711659 0.828926
vt 0.617410 0.828926
vt 0.711659 0.814726
vt 0.617410 0.814726
vt 0.617410 0.792308
vt 0.711659 0.792308
vt 0.711659 0.769570
vt 0.617410 0.769570
vt 0.617396 0.708565
vt 0.711938 0.708565
vt 0.170951 0.391770
vt 0.170951 0.405499
vt 0.134090 0.405499
vt 0.171924 0.379201
vt 0.175296 0.362688
vt 0.212258 0.254957
vt 0.182041 0.350487
vt 0.188785 0.346974
vt 0.195529 0.350487
vt 0.202274 0.362688
vt 0.205646 0.379201
vt 0.206619 0.391770
vt 0.212258 0.405499
vt 0.206619 0.405499
vt 0.221328 0.405499
vt 0.221328 0.335905
vt 0.223243 0.315551
vt 0.226858 0.299038
vt 0.234088 0.286837
vt 0.241317 0.281743
vt 0.253005 0.270005
vt 0.252998 0.281743
vt 0.320063 0.254957
vt 0.320063 0.270005
vt 0.467252 0.449416
vt 0.467252 0.449416
vt 0.467252 0.426014
vt 0.268708 0.996020
vt 0.255396 0.996018
vt 0.255396 0.731871
vt 0.270286 0.934785
vt 0.273879 0.913227
vt 0.279458 0.893877
vt 0.287738 0.875258
vt 0.366838 0.731871
vt 0.298497 0.862996
vt 0.311561 0.857510
vt 0.324310 0.862996
vt 0.335069 0.875258
vt 0.343349 0.893877
vt 0.348928 0.913227
vt 0.352521 0.934785
vt 0.354661 0.996018
vt 0.366838 0.996019
vt 0.867709 0.191981
vt 0.877370 0.128636
vt 0.885167 0.169011
vt 0.887651 0.213403
vt 0.877469 0.255671
vt 0.899430 0.136152
vt 0.902855 0.089215
vt 0.897947 0.252387
vt 0.902829 0.294766
vt 0.901804 0.180471
vt 0.908217 0.222304
vt 0.918582 0.261090
vt 0.934348 0.294746
vt 0.918555 0.192015
vt 0.939206 0.252338
vt 0.959683 0.255565
vt 0.928917 0.222277
vt 0.949474 0.213320
vt 0.969401 0.191842
vt 0.935298 0.180426
vt 0.951926 0.168916
vt 0.959698 0.128526
vt 0.918541 0.154590
vt 0.937639 0.136106
vt 0.934186 0.089197
vt 0.918526 0.117422
vn -0.529057 -0.48570399999999997 0.695838
vn -0.529057 -0.48570399999999997 0.695838
vn -0.529057 -0.48570399999999997 0.695838
vn 0.643117 0.643116 0.41569399999999995
vn 0.643117 0.643116 0.41569399999999995
vn 0.643117 0.643116 0.41569399999999995
vn 0.672635 -0.672635 0.30842300000000006
vn 0.672635 -0.672635 0.30842300000000006
vn 0.672635 -0.672635 0.30842300000000006
vn -0.645673 0.645672 0.4076949999999999
vn -0.645673 0.645672 0.4076949999999999
vn -0.645673 0.645672 0.4076949999999999
vn -0.999623 -1.6819299139489748E-18 -0.027468
vn -0.999623 -1.6819299139489748E-18 -0.027468
vn -0.999623 -1.6819299139489748E-18 -0.027468
vn -0.998603 -0.006047000000000004 -0.052499
vn -0.998603 -0.006047000000000004 -0.052499
vn -0.998603 -0.006047000000000004 -0.052499
vn 1 0 0
vn 1 0 0
vn 1 0 0
vn -0.999934 -0.011476 7.027023333507513E-19
vn -0.999934 -0.011476 7.027023333507513E-19
vn -0.999934 -0.011476 7.027023333507513E-19
vn -0.999681 -0.012209999999999999 0.022106
vn -0.999681 -0.012209999999999999 0.022106
vn -0.999681 -0.012209999999999999 0.022106
vn 0.999647 1.6271882020270883E-18 0.026574
vn 0.999647 1.6271882020270883E-18 0.026574
vn 0.999647 1.6271882020270883E-18 0.026574
vn 1 -0.000885 5.4190620862270384E-20
vn 1 -0.000885 5.4190620862270384E-20
vn 1 -0.000885 5.4190620862270384E-20
vn 0 0.999656 0.02624499999999994
vn 0 0.999656 0.02624499999999994
vn 0 0.999656 0.02624499999999994
vn -0.000117 0.999532 0.030599999999999936
vn -0.000117 0.999532 0.030599999999999936
vn -0.000117 0.999532 0.030599999999999936
vn -0.087158 -0.996194 6.099928967148992E-17
vn -0.087158 -0.996194 6.099928967148992E-17
vn -0.087158 -0.996194 6.099928967148992E-17
vn 0.996195 -0.087153 5.336582124304464E-18
vn 0.996195 -0.087153 5.336582124304464E-18
vn 0.996195 -0.087153 5.336582124304464E-18
vn -0.996198 0.08712 -5.334561457085871E-18
vn -0.996198 0.08712 -5.334561457085871E-18
vn -0.996198 0.08712 -5.334561457085871E-18
vn -0.087129 -0.996197 -4.6999999999939E-05
vn -0.087129 -0.996197 -4.6999999999939E-05
vn -0.087129 -0.996197 -4.6999999999939E-05
vn 0 1 -6.123233995736766E-17
vn 0 1 -6.123233995736766E-17
vn 0 1 -6.123233995736766E-17
vn 0 -1 6.123233995736766E-17
vn 0 -1 6.123233995736766E-17
vn 0 -1 6.123233995736766E-17
vn 0 1 -6.123233995736766E-17
vn 0 1 -6.123233995736766E-17
vn 0 1 -6.123233995736766E-17
vn 0 -1 6.123233995736766E-17
vn 0 -1 6.123233995736766E-17
vn 0 -1 6.123233995736766E-17
vn 0 1 -6.123233995736766E-17
vn 0 1 -6.123233995736766E-17
vn 0 1 -6.123233995736766E-17
vn 0 -1 6.123233995736766E-17
vn 0 -1 6.123233995736766E-17
vn 0 -1 6.123233995736766E-17
vn -1E-06 1 9.999999999387675E-07
vn -1E-06 1 9.999999999387675E-07
vn -1E-06 1 9.999999999387675E-07
vn 0 -1 6.123233995736766E-17
vn 0 -1 6.123233995736766E-17
vn 0 -1 6.123233995736766E-17
vn 0 1 -6.123233995736766E-17
vn 0 1 -6.123233995736766E-17
vn 0 1 -6.123233995736766E-17
vn 0 -1 6.123233995736766E-17
vn 0 -1 6.123233995736766E-17
vn 0 -1 6.123233995736766E-17
vn 0 1 -6.123233995736766E-17
vn 0 1 -6.123233995736766E-17
vn 0 1 -6.123233995736766E-17
vn 0 -1 6.123233995736766E-17
vn 0 -1 6.123233995736766E-17
vn 0 -1 6.123233995736766E-17
vn -1 0 0
vn -1 0 0
vn -1 0 0
vn 1 0 0
vn 1 0 0
vn 1 0 0
vn -1 0 0
vn -1 0 0
vn -1 0 0
vn 1 0 0
vn 1 0 0
vn 1 0 0
vn -1 0 0
vn -1 0 0
vn -1 0 0
vn 1 0 0
vn 1 0 0
vn 1 0 0
vn -1 0 0
vn -1 0 0
vn -1 0 0
vn 1 0 0
vn 1 0 0
vn 1 0 0
vn -1 0 0
vn -1 0 0
vn -1 0 0
vn 1 0 0
vn 1 0 0
vn 1 0 0
vn -1 0 0
vn -1 0 0
vn -1 0 0
vn 1 0 0
vn 1 0 0
vn 1 0 0
vn 0 -1 6.123233995736766E-17
vn 0 -1 6.123233995736766E-17
vn 0 -1 6.123233995736766E-17
vn 0 1 -6.123233995736766E-17
vn 0 1 -6.123233995736766E-17
vn 0 1 -6.123233995736766E-17
vn 0 -1 6.123233995736766E-17
vn 0 -1 6.123233995736766E-17
vn 0 -1 6.123233995736766E-17
vn 0 1 -6.123233995736766E-17
vn 0 1 -6.123233995736766E-17
vn 0 1 -6.123233995736766E-17
vn 0 -1 6.123233995736766E-17
vn 0 -1 6.123233995736766E-17
vn 0 -1 6.123233995736766E-17
vn 0 1 -6.123233995736766E-17
vn 0 1 -6.123233995736766E-17
vn 0 1 -6.123233995736766E-17
vn 0 -1 6.123233995736766E-17
vn 0 -1 6.123233995736766E-17
vn 0 -1 6.123233995736766E-17
vn 0 1 -6.123233995736766E-17
vn 0 1 -6.123233995736766E-17
vn 0 1 -6.123233995736766E-17
vn 0 -1 6.123233995736766E-17
vn 0 -1 6.123233995736766E-17
vn 0 -1 6.123233995736766E-17
vn 0 1 -6.123233995736766E-17
vn 0 1 -6.123233995736766E-17
vn 0 1 -6.123233995736766E-17
vn -1 0 0
vn -1 0 0
vn -1 0 0
vn 1 0 0
vn 1 0 0
vn 1 0 0
vn -1 0 0
vn -1 0 0
vn -1 0 0
vn 1 0 0
vn 1 0 0
vn 1 0 0
vn -1 0 0
vn -1 0 0
vn -1 0 0
vn 1 0 0
vn 1 0 0
vn 1 0 0
vn -1 0 0
vn -1 0 0
vn -1 0 0
vn 1 0 0
vn 1 0 0
vn 1 0 0
vn 0 -1 6.123233995736766E-17
vn 0 -1 6.123233995736766E-17
vn 0 -1 6.123233995736766E-17
vn 0 1 -6.123233995736766E-17
vn 0 1 -6.123233995736766E-17
vn 0 1 -6.123233995736766E-17
vn -1 0 0
vn -1 0 0
vn -1 0 0
vn 1 0 0
vn 1 0 0
vn 1 0 0
vn -1 0 0
vn -1 0 0
vn -1 0 0
vn 1 0 0
vn 1 0 0
vn 1 0 0
vn -0.00163 0.999999 0.0006289999999999387
vn -0.00163 0.999999 0.0006289999999999387
vn -0.00163 0.999999 0.0006289999999999387
vn -0.004394 0.999989 -0.001486000000000061
vn -0.004394 0.999989 -0.001486000000000061
vn -0.004394 0.999989 -0.001486000000000061
vn 0.004409 0.999989 -0.001486000000000061
vn 0.004409 0.999989 -0.001486000000000061
vn 0.004409 0.999989 -0.001486000000000061
vn 0.001634 0.999999 0.0006299999999999388
vn 0.001634 0.999999 0.0006299999999999388
vn 0.001634 0.999999 0.0006299999999999388
vn 0 -1 6.123233995736766E-17
vn 0 -1 6.123233995736766E-17
vn 0 -1 6.123233995736766E-17
vn -0.001211 -0.999999 0.0006160000000000613
vn -0.001211 -0.999999 0.0006160000000000613
vn -0.001211 -0.999999 0.0006160000000000613
vn 0.756243 4.006376894304604E-17 0.654291
vn 0.756243 4.006376894304604E-17 0.654291
vn 0.756243 4.006376894304604E-17 0.654291
vn 0.755622 -0.0018109999999999598 0.655005
vn 0.755622 -0.0018109999999999598 0.655005
vn 0.755622 -0.0018109999999999598 0.655005
vn -0.996235 0.086682 0.0012469999999999949
vn -0.996212 0.086958 0.0003059999999999947
vn -0.996235 0.086682 0.0012469999999999949
vn -0.996215 0.086925 -1.0000000000053225E-06
vn -0.996207 0.087017 0.00010099999999999468
vn -0.996214 0.086934 0.0003099999999999947
vn -0.996208 0.086999 0.0003569999999999947
vn -0.99621 0.086982 0.00013899999999999468
vn -0.996211 0.086968 0.00022599999999999468
vn -0.9962 0.087095 5.499999999999467E-05
vn -0.996218 0.086887 0.0001549999999999947
vn -0.996197 0.087124 -2.4000000000005337E-05
vn -0.996216 0.086912 0.00010099999999999468
vn -0.996203 0.087063 -3.6000000000005334E-05
vn -0.996216 0.086911 6.199999999999468E-05
vn -0.996207 0.087016 -5.300000000000533E-05
vn -0.996207 0.087016 -5.300000000000533E-05
vn -0.996222 0.086846 1.1999999999994683E-05
vn -0.996224 0.086823 -5.316375452118532E-18
vn -0.996224 0.086823 -5.316375452118532E-18
vn -0.604059 -0.007015999999999951 0.796909
vn -0.605228 -0.006939999999999951 0.796022
vn -0.604059 -0.007015999999999951 0.796909
vn -0.602888 -0.007092999999999952 0.797794
vn 0.026181 -0.611587 0.790744
vn 0.026045 -0.616901 0.786609
vn 0.026181 -0.611587 0.790744
vn 0.026317 -0.606245 0.794843
vn 0.59921 4.902212151114889E-17 0.800592
vn 0.599209 4.902212151114889E-17 0.800592
vn 0.59921 4.902212151114889E-17 0.800592
vn 0.599211 4.902206027880894E-17 0.800591
vn 0 0.544873 0.838518
vn 0 0.544874 0.838518
vn 0 0.544873 0.838518
vn 0 0.544873 0.838519
vn -0.88885 2.805653570378595E-17 0.458198
vn -0.88885 2.805653570378595E-17 0.458198
vn -0.88885 2.805653570378595E-17 0.458198
vn -0.88885 2.805653570378595E-17 0.458198
vn -0 -1 6.123233995736766E-17
vn -0 -1 6.123233995736766E-17
vn -0 -1 6.123233995736766E-17
vn -0 -1 6.123233995736766E-17
vn 0.88885 2.805653570378595E-17 0.458198
vn 0.88885 2.805653570378595E-17 0.458198
vn 0.88885 2.805653570378595E-17 0.458198
vn 0.88885 2.805653570378595E-17 0.458198
vn -0 1 -6.123233995736766E-17
vn -1E-06 1 9.999999999387675E-07
vn -0 1 -6.123233995736766E-17
vn 0 1 -6.123233995736766E-17
vn 0 6.123233995736766E-17 1
vn 0 6.123233995736766E-17 1
vn 0 6.123233995736766E-17 1
vn 0 6.123233995736766E-17 1
vn -0.906308 2.5877889048102807E-17 0.422618
vn -0.906308 1.0000000000258779E-06 0.422618
vn -0.906308 2.5877889048102807E-17 0.422618
vn -0.906308 2.5877889048102807E-17 0.422618
vn -1 0 0
vn -1 0 0
vn -1 0 0
vn -1 0 0
vn 0 -1 6.123233995736766E-17
vn 0 -1 6.123233995736766E-17
vn 0 -1 6.123233995736766E-17
vn 0 -1 6.123233995736766E-17
vn -0.578112 4.996295641459385E-17 0.815957
vn -0.578112 4.996295641459385E-17 0.815957
vn -0.578112 4.996295641459385E-17 0.815957
vn -0.578112 4.996295641459385E-17 0.815957
vn 1E-06 1 -6.123233995736766E-17
vn 1E-06 1 -6.123233995736766E-17
vn 1E-06 1 -6.123233995736766E-17
vn 1E-06 1 -6.123233995736766E-17
vn -1 0 0
vn -1 0 0
vn -1 0 0
vn -1 0 0
vn -0.042979 0.999076 -6.117576127524705E-17
vn -0.042979 0.999076 -6.117576127524705E-17
vn -0.042979 0.999076 -6.117576127524705E-17
vn -0.042979 0.999076 -6.117576127524705E-17
vn 0.999931 0.011786 -1.0000000000007216E-06
vn 0.999931 0.011786 -2.0000000000007216E-06
vn 0.999931 0.011786 -1.0000000000007216E-06
vn 0.999931 0.011786 -1.0000000000007216E-06
vn -0 -1 3.0000000000612325E-06
vn -0 -1 6.123233995736766E-17
vn -0 -1 3.0000000000612325E-06
vn -0 -1 3.0000000000612325E-06
vn 0.042181 -0.99911 6.11778431748056E-17
vn 0.042181 -0.99911 6.11778431748056E-17
vn 0.042181 -0.99911 6.11778431748056E-17
vn 0.042181 -0.99911 6.11778431748056E-17
vn 0 6.123233995736766E-17 1
vn 0 6.123233995736766E-17 1
vn 0 6.123233995736766E-17 1
vn 0 6.123233995736766E-17 1
vn 0 6.123233995736766E-17 1
vn 0 6.123233995736766E-17 1
vn 0 6.123233995736766E-17 1
vn 0 6.123233995736766E-17 1
vn 0 6.123233995736766E-17 1
vn 0 6.123233995736766E-17 1
vn 0 6.123233995736766E-17 1
vn 0 6.123233995736766E-17 1
vn 0 6.123233995736766E-17 1
vn 0 6.123233995736766E-17 1
vn 0 6.123233995736766E-17 1
vn 0 6.123233995736766E-17 1
vn 0.875575 2.9580241251285083E-17 0.483082
vn 0.875575 2.9580241251285083E-17 0.483082
vn 0.875575 2.9580241251285083E-17 0.483082
vn 0.875575 2.9580241251285083E-17 0.483082
vn -0 1 -6.123233995736766E-17
vn 0 1 -6.123233995736766E-17
vn -0 1 -6.123233995736766E-17
vn -0 1 -6.123233995736766E-17
vn -0.875575 2.9580180018945126E-17 0.483081
vn -0.875575 2.9580180018945126E-17 0.483081
vn -0.875575 2.9580180018945126E-17 0.483081
vn -0.875575 2.9580180018945126E-17 0.483081
vn 0 -1 6.123233995736766E-17
vn 0 -1 6.123233995736766E-17
vn 0 -1 6.123233995736766E-17
vn 0 -1 6.123233995736766E-17
vn 0 6.123233995736766E-17 1
vn 0 6.123233995736766E-17 1
vn 0 6.123233995736766E-17 1
vn 0 6.123233995736766E-17 1
vn 0.99614 -0.087776 5.374729872097904E-18
vn 0.996169 -0.087451 -0.00018399999999999463
vn 0.99614 -0.087776 5.374729872097904E-18
vn 0.99614 -0.087776 5.374729872097904E-18
vn 0.087149 0.996195 -9.000000000061E-06
vn 0.087158 0.996195 -6.099935090382987E-17
vn 0.087149 0.996195 -9.000000000061E-06
vn 0.08714 0.996196 -1.7000000000061E-05
vn 0.789795 -0.06910199999999996 0.609466
vn 0.440209 -0.038515999999999946 0.897069
vn 0.358311 -0.22122499999999995 0.907013
vn 0.789795 -0.06910099999999995 0.609466
vn -0.996195 0.087157 -1.0000000000053367E-06
vn -0.996195 0.087156 -5.336765821324336E-18
vn -0.996195 0.087157 -1.0000000000053367E-06
vn -0.996195 0.087158 -2.0000000000053366E-06
vn 0.996195 -0.087157 5.336827053664293E-18
vn 0.996194 -0.087159 5.336949518344208E-18
vn 0.996195 -0.087157 5.336827053664293E-18
vn 0.996195 -0.087155 1.0000000000053367E-06
vn 0.087175 0.996193 -1.5000000000061E-05
vn 0.087191 0.996192 -3.1000000000061E-05
vn 0.087175 0.996193 -1.5000000000061E-05
vn 0.08716 0.996194 -6.099928967148992E-17
vn -0.069141 -0.790202 0.608934
vn -0.038681 -0.44051499999999993 0.896911
vn -0.222307 -0.3589069999999999 0.906513
vn -0.068895 -0.790197 0.608969
vn 0 6.123233995736766E-17 1
vn 0 6.123233995736766E-17 1
vn -0.247648 5.932495256769566E-17 0.96885
vn -0.479964 0.051586000000000055 0.87577
vn -0.676472 0.07270600000000005 0.732871
vn -0.654001 0.14498900000000006 0.74247
vn -0.479964 0.051586000000000055 0.87577
vn -0.247648 5.932495256769566E-17 0.96885
vn 0.014402 -0.999896 6.12259717940121E-17
vn 0.014402 -0.999896 6.12259717940121E-17
vn 0.014402 -0.999896 6.12259717940121E-17
vn 0.014402 -0.999896 6.12259717940121E-17
vn 0.996213 -0.086951 1.0000000000053242E-06
vn 0.996213 -0.086952 5.324274423973033E-18
vn 0.996213 -0.086951 1.0000000000053242E-06
vn 0.996213 -0.086951 1.0000000000053242E-06
vn -0.087097 -0.9962 6.099965706552966E-17
vn -0.087097 -0.9962 6.099965706552966E-17
vn -0.087097 -0.9962 6.099965706552966E-17
vn -0.087097 -0.9962 6.099965706552966E-17
vn -0.996199 0.08711 -5.3339491336862975E-18
vn -0.996199 0.08711 -5.3339491336862975E-18
vn -0.996199 0.08711 -5.3339491336862975E-18
vn -0.996199 0.08711 -5.3339491336862975E-18
vn 0 6.123233995736766E-17 1
vn 0 6.123233995736766E-17 1
vn 0 6.123233995736766E-17 1
vn 0 6.123233995736766E-17 1
vn 0 6.123233995736766E-17 1
vn 0 6.123233995736766E-17 1
vn 0 6.123233995736766E-17 1
vn 0 6.123233995736766E-17 1
vn 0.060488 0.692006 0.719353
vn 0.060503 0.691999 0.719359
vn 0.060488 0.692006 0.719353
vn 0.060488 0.692006 0.719353
vn 0 -1 6.123233995736766E-17
vn 0 -1 6.123233995736766E-17
vn 0 -1 6.123233995736766E-17
vn 0 -1 6.123233995736766E-17
vn 0 6.123233995736766E-17 1
vn 0 6.123233995736766E-17 1
vn 0 6.123233995736766E-17 1
vn 0 6.123233995736766E-17 1
vn -0.996141 0.087764 0.00020099999999999464
vn -0.996113 0.088081 -5.393405735784901E-18
vn -0.996141 0.087764 0.00020099999999999464
vn -0.996169 0.087447 0.00040199999999999465
vn 0 6.123233995736766E-17 1
vn 0 6.123233995736766E-17 1
vn 0 6.123233995736766E-17 1
vn 0 6.123233995736766E-17 1
vn 0 6.123233995736766E-17 1
vn 0 6.123233995736766E-17 1
vn 0 6.123233995736766E-17 1
vn 0 6.123233995736766E-17 1
vn 0 -1 6.123233995736766E-17
vn 0 -1 6.123233995736766E-17
vn 0 -1 6.123233995736766E-17
vn 0 -1 6.123233995736766E-17
vn -1 0 0
vn -1 0 0
vn -1 0 0
vn -1 0 0
vn 1 0 0
vn 1 0 0
vn 1 0 0
vn 1 0 0
vn 0 -1 6.123233995736766E-17
vn 0 -1 6.123233995736766E-17
vn 0 -1 6.123233995736766E-17
vn 0 -1 6.123233995736766E-17
vn 0 1 -6.123233995736766E-17
vn 0 1 -6.123233995736766E-17
vn 0 1 -6.123233995736766E-17
vn 0 1 -6.123233995736766E-17
vn 1 0 0
vn 1 0 0
vn 1 0 0
vn 1 0 0
vn -1 0 0
vn -1 0 0
vn -1 0 0
vn -1 0 0
vn 0 -1 6.123233995736766E-17
vn 0 -1 6.123233995736766E-17
vn 0 -1 6.123233995736766E-17
vn 0 -1 6.123233995736766E-17
vn 1 0 0
vn 1 0 0
vn 1 0 0
vn 1 0 0
vn -1 0 0
vn -1 0 0
vn -1 0 0
vn -1 0 0
vn 0 -1 6.123233995736766E-17
vn 0 -1 6.123233995736766E-17
vn 0 -1 6.123233995736766E-17
vn 0 -1 6.123233995736766E-17
vn 0 1 -6.123233995736766E-17
vn 0 1 -6.123233995736766E-17
vn 0 1 -6.123233995736766E-17
vn 0 1 -6.123233995736766E-17
vn -1 0 0
vn -1 0 0
vn -1 0 0
vn -1 0 0
vn 1 -0 0
vn 1 -1E-06 6.123233995736766E-23
vn 1 -0 0
vn 1 -0 0
vn 0.259271 0.965805 -5.913850009252548E-17
vn 0.259271 0.965805 -5.913850009252548E-17
vn 0.259271 0.965805 -5.913850009252548E-17
vn 0.259271 0.965805 -5.913850009252548E-17
vn 0.470311 -0.12601999999999994 0.873457
vn 0 6.123233995736766E-17 1
vn 0 6.123233995736766E-17 1
vn 0.470311 -0.12601899999999994 0.873457
vn 0.821593 -0.22014499999999998 0.525853
vn 0.821593 -0.22014599999999998 0.525853
vn 0.470311 -0.12601999999999994 0.873457
vn 0.470311 -0.12601899999999994 0.873457
vn -1E-06 0.803972 0.594667
vn -0.000151 0.803944 0.594705
vn -1E-06 0.803972 0.594667
vn -1E-06 0.803972 0.594667
vn -0.258819 -0.965926 -9.99999999940854E-07
vn -0.258819 -0.965926 5.914590920566031E-17
vn -0.258819 -0.965926 -9.99999999940854E-07
vn -0.258819 -0.965926 -9.99999999940854E-07
vn 0 -1 6.123233995736766E-17
vn 0 -1 6.123233995736766E-17
vn 0 -1 6.123233995736766E-17
vn 0 -1 6.123233995736766E-17
vn 1 -1E-06 6.123233995736766E-23
vn 1 -1E-06 6.123233995736766E-23
vn 1 -1E-06 6.123233995736766E-23
vn 1 -1E-06 6.123233995736766E-23
vn -0.965926 0.258819 -1.584809299542594E-17
vn -0.965926 0.258819 -1.584809299542594E-17
vn -0.965926 0.258819 -1.584809299542594E-17
vn -0.965926 0.258819 -1.584809299542594E-17
vn 0 6.123233995736766E-17 1
vn 0 6.123233995736766E-17 1
vn 0 6.123233995736766E-17 1
vn 0 6.123233995736766E-17 1
vn 0 6.123233995736766E-17 1
vn 1E-06 3.0000000000612325E-06 1
vn 0 6.123233995736766E-17 1
vn 0 6.123233995736766E-17 1
vn 0 6.123233995736766E-17 1
vn 0 6.123233995736766E-17 1
vn 0 6.123233995736766E-17 1
vn 0 6.123233995736766E-17 1
vn -1 1E-06 -6.123233995736766E-23
vn -1 1E-06 -6.123233995736766E-23
vn -1 1E-06 -6.123233995736766E-23
vn -1 1E-06 -6.123233995736766E-23
vn 0 6.123233995736766E-17 1
vn 0 6.123233995736766E-17 1
vn 0 6.123233995736766E-17 1
vn 0 6.123233995736766E-17 1
vn 2.5E-05 1 -1.2000000000061232E-05
vn 0 1 -6.123233995736766E-17
vn 2.5E-05 1 -1.2000000000061232E-05
vn 4.9E-05 1 -2.5000000000061235E-05
vn 0 6.123233995736766E-17 1
vn 0 6.123233995736766E-17 1
vn 0 6.123233995736766E-17 1
vn 0 6.123233995736766E-17 1
vn 1 0 0
vn 1 0 0
vn 1 0 0
vn 1 0 0
vn 0 1 -6.123233995736766E-17
vn 0 1 -6.123233995736766E-17
vn 0 1 -6.123233995736766E-17
vn 0 1 -6.123233995736766E-17
vn -1 0 0
vn -1 6.123233995736766E-23 1E-06
vn -1 0 0
vn -1 0 0
vn 0 -1 1.0000000000612324E-06
vn -0 -1 6.123233995736766E-17
vn 0 -1 1.0000000000612324E-06
vn 0 -1 1.0000000000612324E-06
vn 1 0 0
vn 1 0 0
vn 1 0 0
vn 1 0 0
vn -1 0 0
vn -1 0 0
vn -1 0 0
vn -1 0 0
vn 0.978716 -0.04499200000000001 -0.200228
vn 0.978716 -0.04499200000000001 -0.200228
vn 0.978716 -0.04499200000000001 -0.200228
vn 0.978716 -0.04499200000000001 -0.200228
vn -0.978716 0.04499200000000001 0.200228
vn -0.978716 0.04499200000000001 0.200228
vn -0.978716 0.04499200000000001 0.200228
vn -0.978716 0.04499200000000001 0.200228
vn -0.39329 -0.900509 0.18549000000000004
vn -0.361815 -0.91772 0.16395100000000007
vn -0.557255 -0.749594 0.35717800000000005
vn -0.69901 -0.49124499999999993 0.519676
vn -0.754605 0.00513000000000004 0.656159
vn -0.709244 0.24334800000000004 0.661631
vn -0.491808 0.670071 0.555994
vn -0.350285 0.79768 0.49092399999999997
vn -0.171243 0.9147 0.36605899999999997
vn -0.232942 0.86249 0.4492769999999999
vn 0.484666 0.860243 0.15837099999999996
vn 0.50304 0.848443 0.16460999999999995
vn 0.663879 0.680983 0.30907399999999996
vn 0.796519 0.408453 0.445785
vn 0.826125 -0.10945599999999997 0.552753
vn 0.764489 -0.33339599999999997 0.551728
vn 0.513258 -0.724981 0.4593130000000001
vn 0.293955 -0.892421 0.34230800000000006
vn 0.065708 -0.976474 0.20538000000000006
vn 0.04237 -0.982303 0.18244500000000005
vn 6E-06 3.200000000006123E-05 1
vn 0 6.123233995736766E-17 1
vn -2.9E-05 2.1000000000061233E-05 1
vn -3E-05 4.800000000006123E-05 1
vn -1E-05 3.900000000006123E-05 1
vn 3.5E-05 5.900000000006123E-05 1
vn 7.1E-05 3.900000000006123E-05 1
vn 0.965926 -0.258819 1.584809299542594E-17
vn 0.965926 -0.258819 1.584809299542594E-17
vn 0.965926 -0.25882 1.5848154227765898E-17
vn 0.965982 -0.258608 -8.999999999998418E-05
vn 0.966295 -0.257435 0.0008620000000000157
vn 0.966096 -0.258183 -0.0002679999999999842
vn 0.965724 -0.259568 -0.0011319999999999841
vn 0.965928 -0.258811 -1.5999999999984153E-05
vn 0.965892 -0.258946 -2.0999999999984142E-05
vn 0.965977 -0.258628 -0.00025999999999998415
vn 0.965908 -0.258886 -0.00015799999999998414
vn 0.965773 -0.259391 0.00019600000000001588
vn 0.965868 -0.259036 7.800000000001586E-05
vn 0.965926 -0.258818 1.5848031763085984E-17
vn 0.965926 -0.258818 1.5848031763085984E-17
vn -0.965999 0.258545 0.00018699999999998416
vn -0.966073 0.258271 -3.100000000001582E-05
vn -0.965215 0.258432 -0.03965100000000001
vn -0.962875 0.258001 -0.07941700000000002
vn -0.945011 0.253215 -0.20696800000000004
vn -0.923284 0.24739299999999997 -0.293843
vn -0.840294 0.22515599999999997 -0.493164
vn -0.771098 0.20661499999999997 -0.60226
vn -0.485377 0.13005599999999995 -0.864578
vn -0.485377 0.13005599999999995 -0.864578
vn -0.245456 0.06576999999999994 -0.967174
vn -0.245456 0.06576999999999994 -0.967174
vn 0.996245 -0.086577 5.30131229648902E-18
vn 0.996245 -0.086578 5.301373528828977E-18
vn 0.996245 -0.086581 -9.999999999946984E-07
vn 0.996236 -0.086684 -5.0999999999994694E-05
vn 0.996238 -0.086656 -2.9999999999994695E-05
vn 0.996234 -0.086708 -4.599999999999469E-05
vn 0.996231 -0.086738 -8.999999999999469E-05
vn 0.996228 -0.086778 -4.8999999999994686E-05
vn 0.99623 -0.086755 -1.9999999999946877E-06
vn 0.996227 -0.086787 3.3000000000005315E-05
vn 0.996228 -0.086775 1.2000000000005313E-05
vn 0.996233 -0.08672 -6.99999999999469E-06
vn 0.996231 -0.086736 -1.0999999999994689E-05
vn 0.996228 -0.086778 5.31361999682045E-18
vn 0.996228 -0.086778 5.31361999682045E-18
vn 0.087097 0.9962 -6.099965706552966E-17
vn 0.087116 0.996198 8.999999999939E-06
vn 0.087106 0.996199 5.999999999939E-06
vn 0.087111 0.996199 2.9999999999390006E-06
vn 0.088038 0.996117 -0.000739000000000061
vn 0.087103 0.996199 -3.0000000000609996E-06
vn 0.089448 0.995986 -0.003276000000000061
vn 0.087097 0.996194 -0.003426000000000061
vn 0.08631 0.996268 -0.000620000000000061
vn 0.084744 0.996397 -0.003293000000000061
vn 0.087099 0.9962 2.9999999999390006E-06
vn 0.087088 0.996201 -1.0000000000609997E-06
vn 0.087091 0.9962 -1.0000000000609997E-06
vn 0.087099 0.9962 9.999999999390002E-07
vn 0.087098 0.9962 9.999999999390002E-07
vn 0 1 -6.123233995736766E-17
vn 0 1 -6.123233995736766E-17
vn 0 1 -6.123233995736766E-17
vn 0 1 -6.123233995736766E-17
vn -0 1 -6.123233995736766E-17
vn -0 1 -6.123233995736766E-17
vn -0 1 -6.123233995736766E-17
vn 0 1 -6.123233995736766E-17
vn 0 1 -6.123233995736766E-17
vn -0 1 -6.123233995736766E-17
vn 1E-06 1 -6.123233995736766E-17
vn -0 1 -6.123233995736766E-17
vn -1E-06 1 -6.123233995736766E-17
vn -1E-06 1 -6.123233995736766E-17
vn 0 1 -6.123233995736766E-17
vn 0 1 -6.123233995736766E-17
vn -0 1 -6.123233995736766E-17
vn 0.258818 0.965926 -5.914590920566031E-17
vn 0.258819 0.965926 -5.914590920566031E-17
vn 0.258821 0.965925 -1.0000000000591457E-06
vn 0.25882 0.965926 -5.914590920566031E-17
vn 0.258823 0.965925 -1.0000000000591457E-06
vn 0.25882 0.965926 -5.914590920566031E-17
vn 0.258819 0.965926 9.99999999940854E-07
vn 0.258819 0.965926 -5.914590920566031E-17
vn 0.178744 0.983841 -0.01041900000000006
vn 0.25882 0.965926 9.99999999940854E-07
vn 0.138853 0.990239 0.01212699999999994
vn 0.0544 0.998444 0.01227099999999994
vn 0 1 -6.123233995736766E-17
vn 0.051248 0.997091 0.05641599999999994
vn 0.058115 0.998231 0.01254299999999994
vn 0.057121 0.998367 0.00026599999999993887
vn 0.624218 -0.11014399999999996 0.773447
vn 0.624218 -0.11014399999999996 0.773447
vn 0.624217 -0.11014399999999996 0.773448
vn 0.624216 -0.11014499999999997 0.773448
vn 0.624214 -0.11014399999999996 0.77345
vn 0.00338 -0.002378000000000061 -0.999991
vn 0.00676 -0.004755000000000061 -0.999966
vn 0.110728 -0.0016040000000000609 -0.993849
vn 0.218603 -0.0007980000000000597 -0.975814
vn 0.490366 -0.0017750000000000534 -0.871515
vn 0.489667 -0.0035480000000000533 -0.871902
vn 0.748491 -0.0015750000000000406 -0.663143
vn 0.842202 -3.3014212108434214E-17 -0.539163
vn 0.941595 -2.0619929248303605E-17 -0.336749
vn 0.964739 -1.6116902967838786E-17 -0.263209
vn 0.992004 -7.72776623197963E-18 -0.126204
vn 0.998007 -3.863883115989815E-18 -0.063102
vn 1 0 0
vn 1 0 0
vn -0.082755 0.01834599999999994 -0.996401
vn 0.082755 -0.018346000000000064 -0.996401
vn -0.386471 0.08567899999999995 -0.918313
vn -0.525341 0.11646499999999994 -0.842884
vn -0.74895 0.16603799999999996 -0.641487
vn -0.835402 0.18520399999999998 -0.517497
vn -0.928062 0.20574699999999999 -0.310433
vn -0.949248 0.21044399999999996 -0.233754
vn -0.9733 0.215776 -0.07828400000000002
vn -0.9733 0.215775 -0.07828400000000002
vn -0.976296 0.21644 -1.3253127660372655E-17
vn -0.976296 0.21644 -1.3253127660372655E-17
vn 0 6.123233995736766E-17 1
vn 0 6.123233995736766E-17 1
vn 0 6.123233995736766E-17 1
vn 0 6.123233995736766E-17 1
vn 0 6.123233995736766E-17 1
vn -0.090434 0.00791199999999994 -0.995871
vn 0.090692 -0.00793400000000006 -0.995847
vn -0.383978 0.03359399999999994 -0.922731
vn -0.500504 0.043788999999999946 -0.864627
vn -0.702728 0.06148099999999996 -0.708797
vn -0.788494 0.06898399999999996 -0.611161
vn -0.914599 0.08001699999999998 -0.396366
vn -0.956165 0.08285899999999999 -0.280861
vn -0.993031 0.085097 -0.081531
vn -0.993029 0.084507 -0.082174
vn -0.996399 0.084794 -5.192135034345033E-18
vn -0.996399 0.084794 -5.192135034345033E-18
vn 0 -1 6.123233995736766E-17
vn 0 -1 6.123233995736766E-17
vn 0 -1 6.123233995736766E-17
vn 0 -1 6.123233995736766E-17
vn -0.117238 -0.993104 6.081008174102166E-17
vn 0 -1 6.123233995736766E-17
vn 0 -1 6.123233995736766E-17
vn 0 -1 6.123233995736766E-17
vn 0 -1 6.123233995736766E-17
vn -0.087073 -0.996202 6.099977953020957E-17
vn 0 -1 6.123233995736766E-17
vn 0 -1 6.123233995736766E-17
vn -0.216445 -0.976295 1.0000000000597808E-06
vn -0.21644 -0.976296 5.978088857101822E-17
vn -0.216446 -0.976295 1.0000000000597808E-06
vn -0.21644 -0.976296 5.978088857101822E-17
vn -0.216442 -0.976296 5.978088857101822E-17
vn -0.216438 -0.976296 -2.999999999940219E-06
vn -0.216436 -0.976297 -3.999999999940219E-06
vn -0.216439 -0.976296 -9.999999999402191E-07
vn -0.216438 -0.976296 -1.999999999940219E-06
vn -0.21644 -0.976296 1.0000000000597808E-06
vn -0.21644 -0.976296 1.0000000000597808E-06
vn -0.21644 -0.976296 5.978088857101822E-17
vn -0.493789 0.13231100000000007 0.859457
vn -0.493788 0.13231000000000007 0.859458
vn -0.503516 0.13491600000000006 0.853387
vn -0.508353 0.13621100000000005 0.850308
vn -0.522761 0.14007200000000006 0.840893
vn -0.965926 0.258819 -1.0000000000158482E-06
vn -0.965926 0.258819 -1.584809299542594E-17
vn -0.964386 0.258387 -0.056526000000000014
vn -0.959742 0.257143 -0.11301800000000001
vn -0.929684 0.24908899999999998 -0.271371
vn -0.896663 0.24025999999999997 -0.371849
vn -0.780029 0.20900799999999997 -0.589806
vn -0.675778 0.16857899999999995 -0.717569
vn -0.406657 0.08321999999999995 -0.909783
vn -0.381472 0.07641399999999994 -0.921217
vn -0.237215 0.03126999999999994 -0.970954
vn -0.264638 0.02053099999999994 -0.964129
vn -0.965926 0.25882 -1.0000000000158482E-06
vn -0.965925 0.258821 -1.5848215460105855E-17
vn -0.963387 0.258139 -0.07245800000000001
vn -0.955729 0.256088 -0.14491500000000002
vn -0.9155 0.24530899999999997 -0.318878
vn -0.877032 0.23500199999999996 -0.419033
vn -0.735586 0.19710099999999997 -0.648124
vn -0.735585 0.19710099999999997 -0.648125
vn -0.526419 0.14105399999999996 -0.838443
vn -0.421269 0.11287899999999994 -0.899884
vn -0.311293 0.08341099999999994 -0.946646
vn -0.311294 0.08341099999999994 -0.946646
vn -0.258819 -0.965926 -9.99999999940854E-07
vn -0.258819 -0.965926 5.914590920566031E-17
vn -0.258819 -0.965926 5.914590920566031E-17
vn -0.258826 -0.965924 -2.9999999999408543E-06
vn -0.258786 -0.965935 -5.1999999999940854E-05
vn -0.258826 -0.965924 -2.9999999999408543E-06
vn -0.258826 -0.965924 -4.999999999940855E-06
vn -0.258825 -0.965924 -2.9999999999408543E-06
vn -0.258819 -0.965926 1.000000000059146E-06
vn -0.258832 -0.965922 -7.999999999940855E-06
vn -0.258754 -0.965943 -0.00032499999999994084
vn -0.258815 -0.965927 3.000000000059146E-06
vn -0.258817 -0.965926 2.0000000000591457E-06
vn -0.258839 -0.96592 -0.0008319999999999408
vn -0.258875 -0.965911 -0.0004359999999999409
vn -0.259143 -0.965838 -0.0011909999999999408
vn -0.25882 -0.965926 2.0000000000591457E-06
vn -0.258819 -0.965926 1.000000000059146E-06
vn -0.258819 -0.965926 1.000000000059146E-06
vn -0.258819 -0.965926 5.914590920566031E-17
vn -0.258819 -0.965926 5.914590920566031E-17
vn -0.258819 -0.965926 5.914590920566031E-17
vn -0.258819 -0.965926 5.914590920566031E-17
vn 0.018937 0.07067299999999994 -0.99732
vn -0.022237 -0.08299100000000005 -0.996302
vn 0.103968 0.38801399999999997 -0.915771
vn 0.147185 0.549299 -0.822561
vn 0.20345 0.759283 -0.618141
vn 0.220636 0.823422 -0.522778
vn 0.24464 0.913004 -0.3264580000000001
vn 0.253352 0.94082 -0.22510200000000005
vn 0.260957 0.963378 -0.061684000000000065
vn 0.261849 0.96321 -0.060516000000000056
vn 0.262327 0.964979 -5.908792217972069E-17
vn 0.262324 0.96498 9.99999999940912E-07
vn -0.022237 -0.08299100000000005 -0.996302
vn 0.018937 0.07067299999999994 -0.99732
vn -0.103101 -0.38478100000000004 -0.917232
vn -0.14251 -0.531855 -0.834758
vn -0.200255 -0.747366 -0.633516
vn -0.220595 -0.823274 -0.523027
vn -0.245153 -0.914922 -0.32065199999999994
vn -0.251546 -0.939393 -0.23295099999999994
vn -0.257799 -0.963499 -0.07217199999999994
vn -0.257683 -0.96352 -0.07230999999999994
vn -0.258359 -0.966049 5.915344078347507E-17
vn -0.258359 -0.966049 5.915344078347507E-17
vn 0 6.123233995736766E-17 1
vn 0 6.123233995736766E-17 1
vn 0 6.123233995736766E-17 1
vn 0 6.123233995736766E-17 1
vn 0 6.123233995736766E-17 1
vn 0 6.123233995736766E-17 1
vn 0 6.123233995736766E-17 1
vn 0 6.123233995736766E-17 1
vn 0 6.123233995736766E-17 1
vn 0 6.123233995736766E-17 1
vn 0 6.123233995736766E-17 1
vn 0 6.123233995736766E-17 1
vn 0 6.123233995736766E-17 1
vn 0 6.123233995736766E-17 1
vn -0.258889 -0.965907 5.000000000059145E-06
vn -0.258868 -0.965913 5.914511318524087E-17
vn -0.258869 -0.965913 5.914511318524087E-17
vn -0.258893 -0.965906 -6.999999999940855E-06
vn -0.258909 -0.965902 7.000000000059144E-06
vn -0.258889 -0.965907 2.000000000059145E-06
vn -0.258922 -0.965898 3.3000000000059146E-05
vn -0.258867 -0.965913 -5.5999999999940856E-05
vn -0.25876 -0.965942 -5.099999999994085E-05
vn -0.258806 -0.965929 -8.599999999994086E-05
vn -0.258778 -0.965937 -5.1999999999940854E-05
vn -0.258752 -0.965944 -3.199999999994085E-05
vn -0.258715 -0.965954 -1.1999999999940852E-05
vn -0.258689 -0.965961 5.914805233755883E-17
vn -0.258689 -0.965961 5.914805233755883E-17
vn 0.404577 -0.10784500000000005 -0.908123
vn 0.240013 -0.06431100000000005 -0.968637
vn 0.241811 -0.06458100000000006 -0.968172
vn 0.559402 -0.14896100000000007 -0.815402
vn 0.771272 -0.20542000000000002 -0.602447
vn 0.840469 -0.22390800000000002 -0.493435
vn 0.923326 -0.24599000000000001 -0.294886
vn 0.943976 -0.25197 -0.21312099999999998
vn 0.964037 -0.257782 -0.06466499999999999
vn 0.963748 -0.258174 -0.06735399999999998
vn 0.966001 -0.258539 -0.0006539999999999841
vn 0.96606 -0.258316 -0.0013089999999999842
vn -0.051023 -0.583291 0.810659
vn -0.069469 -0.79416 0.603725
vn -0.069469 -0.79416 0.603725
vn 0.358311 -0.22122499999999995 0.907013
vn 0 6.123233995736766E-17 1
vn 0.440209 -0.038515999999999946 0.897069
vn -0.586673 0.05101000000000005 0.808216
vn -0.797746 0.06950600000000004 0.598975
vn -0.797744 0.06936300000000004 0.598993
vn -0.222307 -0.3589069999999999 0.906513
vn 0 6.123233995736766E-17 1
vn -0.038681 -0.44051499999999993 0.896911
vn 0.974966 -0.216145 -0.05217099999999999
vn 0.976296 -0.21644 1.3253127660372655E-17
vn 0.976296 -0.21644 1.3253127660372655E-17
vn 0.970967 -0.215258 -0.10434199999999999
vn 0.949249 -0.21044300000000002 -0.233753
vn 0.928062 -0.20574700000000004 -0.310433
vn 0.835402 -0.18520500000000004 -0.517497
vn 0.74895 -0.16603900000000002 -0.641486
vn 0.457391 -0.10140100000000006 -0.883466
vn 0.457391 -0.10140100000000006 -0.883466
vn 0.082755 -0.018346000000000064 -0.996401
vn -0.082755 0.01834599999999994 -0.996401
vn 0.994771 -0.08693 -0.05361199999999999
vn 0.996207 -0.087016 3.100000000000533E-05
vn 0.996204 -0.087045 1.500000000000533E-05
vn 0.990451 -0.086599 -0.107273
vn 0.957323 -0.08372800000000001 -0.276626
vn 0.917102 -0.08023600000000003 -0.390495
vn 0.792218 -0.06931000000000004 -0.606289
vn 0.704836 -0.06166500000000004 -0.706685
vn 0.443303 -0.038784000000000055 -0.895533
vn 0.443303 -0.038784000000000055 -0.895533
vn 0.090692 -0.00793400000000006 -0.995847
vn -0.090434 0.00791199999999994 -0.995871
vn -0.039831 -0.45527600000000007 -0.889459
vn -0.026228 -0.29978600000000005 -0.953646
vn -0.026227 -0.2997870000000001 -0.953646
vn -0.052653 -0.601841 -0.796879
vn -0.074388 -0.850278 -0.521051
vn -0.074388 -0.850278 -0.521051
vn -0.08418 -0.962201 -0.2590029999999999
vn -0.085497 -0.979999 -0.17970299999999995
vn -0.08651 -0.995002 -0.04987199999999994
vn -0.086333 -0.995008 -0.05006799999999994
vn -0.08644 -0.996257 -1.9999999999389966E-06
vn -0.086438 -0.996257 -9.999999999389969E-07
vn -0.088099 -0.995549 -0.03346599999999994
vn -0.088148 -0.996107 6.099396245791362E-17
vn -0.088148 -0.996107 6.099396245791362E-17
vn -0.087623 -0.993926 -0.06657699999999994
vn -0.086067 -0.979932 -0.17979199999999995
vn -0.084182 -0.962202 -0.25899999999999995
vn -0.077353 -0.884142 -0.46077099999999993
vn -0.071071 -0.812341 -0.578836
vn -0.052654 -0.601839 -0.79688
vn -0.039831 -0.45527600000000007 -0.889459
vn -0.026228 -0.29978600000000005 -0.953646
vn -0.026228 -0.2997870000000001 -0.953646
vn 0.08704 0.994871 -0.051540000000000065
vn 0.087156 0.996195 -3.0000000000609996E-06
vn 0.087156 0.996195 -2.0000000000609994E-06
vn 0.086692 0.990888 -0.10307900000000006
vn 0.084936 0.970812 -0.22429800000000005
vn 0.083315 0.952292 -0.29359500000000005
vn 0.07711 0.881365 -0.46610100000000004
vn 0.071837 0.821095 -0.566254
vn 0.047774 0.54606 -0.836383
vn 0.047775 0.54606 -0.836383
vn 0.026334 0.30100099999999996 -0.95326
vn 0.026334 0.30099899999999996 -0.953261
vn 0.25882 0.965925 -1.0000000000591457E-06
vn 0.258821 0.965925 -5.914584797332036E-17
vn 0.25882 0.965925 -5.914584797332036E-17
vn 0.25882 0.965926 -1.000000000059146E-06
vn 0.25882 0.965926 -1.000000000059146E-06
vn 0.258819 0.965926 9.99999999940854E-07
vn 0.258819 0.965926 9.99999999940854E-07
vn 0.258819 0.965926 -5.914590920566031E-17
vn 0.25881 0.965928 0.00024199999999994086
vn 0.258819 0.965926 0.00041699999999994086
vn 0.258795 0.965932 0.00024799999999994087
vn 0.258795 0.965932 6.299999999994086E-05
vn 0.258807 0.965929 4.999999999940855E-06
vn 0.258796 0.965932 -2.9000000000059147E-05
vn 0.258818 0.965926 9.99999999940854E-07
vn 0.258818 0.965926 -1.000000000059146E-06
vn 0.258817 0.965926 -1.000000000059146E-06
vn 0.258819 0.965926 -5.914590920566031E-17
vn 0.25882 0.965926 1.999999999940854E-06
vn 0.258815 0.965927 -3.000000000059146E-06
vn 0.258816 0.965927 -3.000000000059146E-06
vn 0.258816 0.965927 -2.0000000000591457E-06
vn 0.258819 0.965926 -1.000000000059146E-06
vn 0.258819 0.965926 -1.000000000059146E-06
vn 0.258819 0.965926 -1.000000000059146E-06
vn 0.25882 0.965926 -5.914590920566031E-17
vn 0.964787 -0.258531 -0.04844499999999999
vn 0.965926 -0.258819 1.584809299542594E-17
vn 0.965926 -0.258819 1.584809299542594E-17
vn 0.961379 -0.257619 -0.09686299999999999
vn 0.938681 -0.251541 -0.23580799999999996
vn 0.913361 -0.24474000000000004 -0.325384
vn 0.816375 -0.21875200000000003 -0.53449
vn 0.734639 -0.19684700000000002 -0.649274
vn 0.525324 -0.14076100000000005 -0.839179
vn 0.396109 -0.10605600000000005 -0.912058
vn 0.089935 -0.024280000000000062 -0.995652
vn -0.08903 0.023673999999999938 -0.995748
vn -0.395415 0.10568999999999995 -0.912402
vn -0.524826 0.14062699999999995 -0.839513
vn -0.738234 0.19780999999999999 -0.644889
vn -0.822453 0.22037599999999996 -0.52441
vn -0.915288 0.24525199999999997 -0.319531
vn -0.937431 0.251166 -0.24111900000000003
vn -0.962748 0.257954 -0.08109100000000001
vn -0.962754 0.257941 -0.08106600000000001
vn -0.965926 0.258819 -1.584809299542594E-17
vn -0.965926 0.258819 -1.584809299542594E-17
vn -0.965204 0.258436 -0.03990100000000001
vn -0.966067 0.258293 -3.2000000000015814E-05
vn -0.965996 0.258555 -0.00018800000000001582
vn -0.962856 0.257996 -0.07966600000000001
vn -0.945012 0.253215 -0.20696800000000004
vn -0.923284 0.24739299999999997 -0.293843
vn -0.840293 0.22515599999999997 -0.493165
vn -0.771097 0.20661499999999997 -0.602262
vn -0.559915 0.15002899999999994 -0.814854
vn -0.406748 0.10898799999999995 -0.907016
vn -0.245457 0.06576999999999994 -0.967174
vn -0.245457 0.06576999999999994 -0.967174
vn -0.922721 -2.3603107618686597E-17 -0.385468
vn -0.946744 -1.9716078678192898E-17 -0.321988
vn -0.946744 -1.9716078678192898E-17 -0.321988
vn -0.894307 -2.7398716675623947E-17 -0.447455
vn -0.825292 -3.4578269767965263E-17 -0.564706
vn -0.784646 -3.796062176253034E-17 -0.619944
vn -0.622222 -4.7935186244565654E-17 -0.782841
vn -0.622222 -4.7935186244565654E-17 -0.782841
vn -0.348649 -5.739019432206271E-17 -0.937253
vn -0.348649 -5.739019432206271E-17 -0.937253
vn -0.066841 -6.109542444522299E-17 -0.997764
vn 0.071715 -6.107466668197744E-17 -0.997425
vn 0.303141 -5.835111343301368E-17 -0.952946
vn 0.397836 -5.617797768792671E-17 -0.917456
vn 0.578641 -4.993999428710983E-17 -0.815582
vn 0.663955 -4.578789054694069E-17 -0.747773
vn 0.805443 -3.6290754619552964E-17 -0.592673
vn 0.805443 -3.6290754619552964E-17 -0.592673
vn 0.909043 -2.5515699757254977E-17 -0.416703
vn 0.909043 -2.5515699757254977E-17 -0.416703
vn 0.980162 -1.2136188547210312E-17 -0.198199
vn 0.980162 -1.2136188547210312E-17 -0.198199
vn 0.997465 -4.356864684986581E-18 -0.071153
vn 0.997466 -4.356803452646624E-18 -0.071152
vn 0.21644 0.976296 -2.000000000059781E-06
vn 0.216439 0.976296 -5.978088857101822E-17
vn 0.216439 0.976296 -5.978088857101822E-17
vn 0.216439 0.976296 -5.978088857101822E-17
vn 0.216439 0.976296 9.999999999402191E-07
vn 0.108866 0.994056 -6.086837492866107E-17
vn 0.216437 0.976297 1.999999999940219E-06
vn 0.216437 0.976297 1.999999999940219E-06
vn 0.216441 0.976296 -5.978088857101822E-17
vn 0.216444 0.976295 -1.0000000000597808E-06
vn 0.216435 0.976297 -5.978094980335817E-17
vn 0.216436 0.976297 -5.978094980335817E-17
vn 0.14506 0.989423 -6.058468549763859E-17
vn 0.216441 0.976296 -5.978088857101822E-17
vn 0 1 -6.123233995736766E-17
vn 0 1 -6.123233995736766E-17
vn 0 1 -6.123233995736766E-17
vn 0 1 -6.123233995736766E-17
vn 0 1 -6.123233995736766E-17
vn 0 1 -6.123233995736766E-17
vn 0 1 -6.123233995736766E-17
vn 0 1 -6.123233995736766E-17
vn 0 1 -6.123233995736766E-17
vn 0 1 -6.123233995736766E-17
vn 1 0 0
vn 1 0 0
vn 1 0 0
vn 2E-06 -1 6.123233995736766E-17
vn 3E-06 -1 6.123233995736766E-17
vn 1E-06 -1 6.123233995736766E-17
vn 1E-06 -1 6.123233995736766E-17
vn 0 -1 6.123233995736766E-17
vn 0 -1 6.123233995736766E-17
vn -1E-06 -1 -9.999999999387675E-07
vn -1E-06 -1 6.123233995736766E-17
vn -2E-06 -1 -1.9999999999387675E-06
vn 0 -1 6.123233995736766E-17
vn -0 -1 6.123233995736766E-17
vn 1E-06 -1 1.0000000000612324E-06
vn 0 -1 1.0000000000612324E-06
vn -1E-06 -1 6.123233995736766E-17
vn -3E-06 -1 6.123233995736766E-17
vn -3E-06 -1 6.123233995736766E-17
vn -2E-06 -1 6.123233995736766E-17
vn 0.609214 0.758952 0.22988999999999996
vn 0.031989 0.972691 0.22988999999999996
vn 0.308586 0.833371 0.45854999999999996
vn 0.701763 0.46768400000000004 0.537401
vn 0.934969 0.270154 0.22989099999999998
vn -0.227937 0.811939 0.537402
vn -0.533549 0.813926 0.22988999999999996
vn 0.887941 -0.035956999999999975 0.45855
vn 0.910064 -0.344867 0.22989000000000004
vn 0.17833 0.48160100000000006 0.858055
vn 0.513137 -0.020778999999999947 0.858055
vn 0.661651 -0.522894 0.537401
vn 0.545853 -0.805726 0.22989100000000007
vn -0 6.123233995736766E-17 1
vn 0.240192 -0.855593 0.45855000000000007
vn -0.046763 -0.972092 0.22989000000000007
vn 0.138806 -0.49444399999999994 0.858055
vn -0.292841 -0.79085 0.537401
vn -0.597613 -0.76812 0.22989100000000007
vn -0.427351 -0.2848029999999999 0.858055
vn -0.739494 -0.49282799999999993 0.45855000000000007
vn -0.938965 -0.255918 0.22989300000000001
vn -0.402923 0.31842500000000007 0.858055
vn -0.842636 0.034122000000000034 0.537402
vn -0.915198 0.331002 0.22989199999999999
vn -0.697224 0.551008 0.45854999999999996
g Noria
f 1/1/1 2/2/2 3/3/3
f 4/4/4 5/5/5 6/6/6
f 7/7/7 8/8/8 9/9/9
f 10/10/10 11/11/11 12/12/12
f 13/13/13 14/14/14 15/15/15
f 16/16/16 17/17/17 18/18/18
f 19/19/19 20/20/20 21/21/21
f 22/22/22 23/23/23 24/24/24
f 25/25/25 26/26/26 27/27/27
f 28/28/28 29/29/29 30/30/30
f 31/31/31 32/32/32 33/33/33
f 34/34/34 35/35/35 36/36/36
f 37/37/37 38/38/38 39/39/39
f 40/40/40 41/41/41 42/42/42
f 43/43/43 44/44/44 45/45/45
f 46/46/46 47/47/47 48/48/48
f 49/49/49 50/50/50 51/51/51
f 52/52/52 53/53/53 54/54/54
f 55/55/55 56/56/56 57/57/57
f 58/58/58 59/59/59 60/60/60
f 61/61/61 62/62/62 63/63/63
f 64/64/64 65/65/65 66/66/66
f 67/67/67 68/68/68 69/69/69
f 70/70/70 71/71/71 72/72/72
f 73/73/73 74/74/74 75/75/75
f 76/76/76 77/77/77 78/78/78
f 79/79/79 80/80/80 81/81/81
f 82/82/82 83/83/83 84/84/84
f 85/85/85 86/86/86 87/87/87
f 88/88/88 89/89/89 90/90/90
f 91/91/91 92/92/92 93/93/93
f 94/94/94 95/95/95 96/96/96
f 97/97/97 98/98/98 99/99/99
f 100/100/100 101/101/101 102/102/102
f 103/103/103 104/104/104 105/105/105
f 106/106/106 107/107/107 108/108/108
f 109/109/109 110/110/110 111/111/111
f 112/112/112 113/113/113 114/114/114
f 115/115/115 116/116/116 117/117/117
f 118/118/118 119/119/119 120/120/120
f 121/121/121 122/122/122 123/123/123
f 124/124/124 125/125/125 126/126/126
f 127/127/127 128/128/128 129/129/129
f 130/130/130 131/131/131 132/132/132
f 133/133/133 134/134/134 135/135/135
f 136/136/136 137/137/137 138/138/138
f 139/139/139 140/140/140 141/141/141
f 142/142/142 143/143/143 144/144/144
f 145/145/145 146/146/146 147/147/147
f 148/148/148 149/149/149 150/150/150
f 151/151/151 152/152/152 153/153/153
f 154/154/154 155/155/155 156/156/156
f 157/157/157 158/158/158 159/159/159
f 160/160/160 161/161/161 162/162/162
f 163/163/163 164/164/164 165/165/165
f 166/166/166 167/167/167 168/168/168
f 169/169/169 170/170/170 171/171/171
f 172/172/172 173/173/173 174/174/174
f 175/175/175 176/176/176 177/177/177
f 178/178/178 179/179/179 180/180/180
f 181/181/181 182/182/182 183/183/183
f 184/184/184 185/185/185 186/186/186
f 187/187/187 188/188/188 189/189/189
f 190/190/190 191/191/191 192/192/192
f 193/193/193 194/194/194 195/195/195
f 196/196/196 197/197/197 198/198/198
f 199/199/199 200/200/200 201/201/201
f 202/202/202 203/203/203 204/204/204
f 205/205/205 206/206/206 207/207/207
f 208/208/208 209/209/209 210/210/210
f 211/211/211 212/212/212 213/213/213
f 214/214/214 215/215/215 216/216/216
f 217/217/217 218/218/218 219/219/219
f 220/220/220 221/221/221 222/222/222
f 223/223/223 224/224/224 221/221/221
f 221/221/221 224/224/224 225/225/225
f 225/225/225 226/226/226 221/221/221
f 227/227/227 225/225/225 224/224/224
f 228/228/228 221/221/221 226/226/226
f 224/224/224 229/229/229 227/227/227
f 226/226/226 230/230/230 228/228/228
f 231/231/231 229/229/229 224/224/224
f 228/228/228 230/230/230 232/232/232
f 231/231/231 224/224/224 233/233/233
f 232/232/232 234/234/234 228/228/228
f 235/235/235 231/231/231 233/233/233
f 236/236/236 235/235/235 233/233/233
f 234/234/234 232/232/232 237/237/237
f 237/237/237 238/238/238 234/234/234
f 237/237/237 239/239/239 238/238/238
f 240/240/240 241/241/241 242/242/242
f 242/242/242 243/243/243 240/240/240
f 244/244/244 245/245/245 246/246/246
f 246/246/246 247/247/247 244/244/244
f 248/248/248 249/249/249 250/250/250
f 250/250/250 251/251/251 248/248/248
f 252/252/252 253/253/253 254/254/254
f 254/254/254 255/255/255 252/252/252
f 256/256/256 257/257/257 258/258/258
f 258/258/258 259/259/259 256/256/256
f 260/260/260 261/261/261 262/262/262
f 262/262/262 263/263/263 260/260/260
f 264/264/264 265/265/265 266/266/266
f 266/266/266 267/267/267 264/264/264
f 268/268/268 269/269/269 270/270/270
f 270/270/270 271/271/271 268/268/268
f 272/272/272 273/273/273 274/274/274
f 274/274/274 275/275/275 272/272/272
f 276/276/276 277/277/277 278/278/278
f 278/278/278 279/279/279 276/276/276
f 280/280/280 281/281/281 282/282/282
f 282/282/282 283/283/283 280/280/280
f 284/284/284 285/285/285 286/286/286
f 286/286/286 287/287/287 284/284/284
f 288/288/288 289/289/289 290/290/290
f 290/290/290 291/291/291 288/288/288
f 292/292/292 293/293/293 294/294/294
f 294/294/294 295/295/295 292/292/292
f 296/296/296 297/297/297 298/298/298
f 298/298/298 299/299/299 296/296/296
f 300/300/300 301/301/301 302/302/302
f 302/302/302 303/303/303 300/300/300
f 304/304/304 305/305/305 306/306/306
f 306/306/306 307/307/307 304/304/304
f 308/308/308 309/309/309 310/310/310
f 310/310/310 311/311/311 308/308/308
f 312/312/312 313/313/313 314/314/314
f 314/314/314 315/315/315 312/312/312
f 316/316/316 317/317/317 318/318/318
f 318/318/318 319/319/319 316/316/316
f 320/320/320 321/321/321 322/322/322
f 322/322/322 323/323/323 320/320/320
f 324/324/324 325/325/325 326/326/326
f 326/326/326 327/327/327 324/324/324
f 328/328/328 329/329/329 330/330/330
f 330/330/330 331/331/331 328/328/328
f 332/332/332 333/333/333 334/334/334
f 334/334/334 335/335/335 332/332/332
f 336/336/336 337/337/337 338/338/338
f 338/338/338 339/339/339 336/336/336
f 340/340/340 341/341/341 342/342/342
f 342/342/342 343/343/343 340/340/340
f 344/344/344 345/345/345 346/346/346
f 346/346/346 347/347/347 344/344/344
f 348/348/348 349/349/349 350/350/350
f 350/350/350 351/351/351 348/348/348
f 352/352/352 353/353/353 354/354/354
f 354/354/354 355/355/355 352/352/352
f 356/356/356 357/357/357 358/358/358
f 358/358/358 359/359/359 356/356/356
f 360/360/360 361/361/361 362/362/362
f 362/362/362 363/363/363 360/360/360
f 364/364/364 365/365/365 366/366/366
f 366/366/366 367/367/367 364/364/364
f 368/368/368 369/369/369 370/370/370
f 370/370/370 371/371/371 368/368/368
f 372/372/372 373/373/373 374/374/374
f 374/374/374 375/375/375 372/372/372
f 376/376/376 377/377/377 378/378/378
f 378/378/378 379/379/379 376/376/376
f 380/380/380 381/381/381 382/382/382
f 382/382/382 383/383/383 380/380/380
f 384/384/384 385/385/385 386/386/386
f 386/386/386 387/387/387 384/384/384
f 388/388/388 389/389/389 390/390/390
f 390/390/390 391/391/391 388/388/388
f 392/392/392 393/393/393 394/394/394
f 394/394/394 395/395/395 392/392/392
f 396/396/396 397/397/397 398/398/398
f 398/398/398 399/399/399 396/396/396
f 400/400/400 401/401/401 402/402/402
f 402/402/402 403/403/403 400/400/400
f 404/404/404 405/405/405 406/406/406
f 406/406/406 407/407/407 404/404/404
f 408/408/408 409/409/409 410/410/410
f 410/410/410 411/411/411 408/408/408
f 412/412/412 413/413/413 414/414/414
f 414/414/414 415/415/415 412/412/412
f 416/416/416 417/417/417 418/418/418
f 418/418/418 419/419/419 416/416/416
f 420/420/420 421/421/421 422/422/422
f 422/422/422 423/423/423 420/420/420
f 424/424/424 425/425/425 426/426/426
f 426/426/426 427/427/427 424/424/424
f 428/428/428 429/429/429 430/430/430
f 430/430/430 431/431/431 428/428/428
f 432/432/432 433/433/433 434/434/434
f 434/434/434 435/435/435 432/432/432
f 436/436/436 437/437/437 438/438/438
f 438/438/438 439/439/439 436/436/436
f 440/440/440 441/441/441 442/442/442
f 442/442/442 443/443/443 440/440/440
f 444/444/444 445/445/445 446/446/446
f 446/446/446 447/447/447 444/444/444
f 448/448/448 449/449/449 450/450/450
f 450/450/450 451/451/451 448/448/448
f 452/452/452 453/453/453 454/454/454
f 454/454/454 455/455/455 452/452/452
f 456/456/456 457/457/457 458/458/458
f 458/458/458 459/459/459 456/456/456
f 460/460/460 461/461/461 462/462/462
f 462/462/462 463/463/463 460/460/460
f 464/464/464 465/465/465 466/466/466
f 466/466/466 467/467/467 464/464/464
f 468/468/468 469/469/469 470/470/470
f 470/470/470 471/471/471 468/468/468
f 472/472/472 473/473/473 474/474/474
f 474/474/474 475/475/475 472/472/472
f 476/476/476 477/477/477 478/478/478
f 478/478/478 479/479/479 476/476/476
f 480/480/480 481/481/481 482/482/482
f 482/482/482 483/483/483 480/480/480
f 484/484/484 485/485/485 486/486/486
f 486/486/486 487/487/487 484/484/484
f 488/488/488 489/489/489 490/490/490
f 490/490/490 491/491/491 488/488/488
f 492/492/492 493/493/493 494/494/494
f 494/494/494 495/495/495 492/492/492
f 496/496/496 497/497/497 498/498/498
f 498/498/498 499/499/499 496/496/496
f 500/500/500 501/501/501 502/502/502
f 502/502/502 503/503/503 500/500/500
f 504/504/504 505/505/505 506/506/506
f 506/506/506 507/507/507 504/504/504
f 508/508/508 509/509/509 510/510/510
f 510/510/510 511/511/511 508/508/508
f 512/512/512 513/513/513 514/514/514
f 514/514/514 515/515/515 512/512/512
f 516/516/516 517/517/517 518/518/518
f 518/518/518 519/519/519 516/516/516
f 520/520/520 521/521/521 522/522/522
f 522/522/522 523/523/523 520/520/520
f 524/524/524 525/525/525 526/526/526
f 526/526/526 527/527/527 524/524/524
f 528/528/528 529/529/529 530/530/530
f 530/530/530 531/531/531 528/528/528
f 532/532/532 533/533/533 534/534/534
f 534/534/534 535/535/535 532/532/532
f 536/536/536 537/537/537 538/538/538
f 538/538/538 539/539/539 536/536/536
f 540/540/540 541/541/541 542/542/542
f 542/542/542 543/543/543 540/540/540
f 544/544/544 545/545/545 546/546/546
f 546/546/546 547/547/547 544/544/544
f 548/548/548 549/549/549 550/550/550
f 550/550/550 551/551/551 548/548/548
f 552/552/552 553/553/553 554/554/554
f 554/554/554 555/555/555 552/552/552
f 556/556/556 557/557/557 558/558/558
f 558/558/558 559/559/559 556/556/556
f 560/560/560 561/561/561 562/562/562
f 562/562/562 563/563/563 560/560/560
f 564/564/564 565/565/565 566/566/566
f 566/566/566 567/567/567 564/564/564
f 568/568/568 569/569/569 570/570/570
f 570/570/570 571/571/571 568/568/568
f 572/572/572 573/573/573 574/574/574
f 574/574/574 575/575/575 572/572/572
f 576/576/576 577/577/577 578/578/578
f 578/578/578 579/579/579 576/576/576
f 580/580/580 581/581/581 582/582/582
f 582/582/582 583/583/583 580/580/580
f 584/584/584 585/585/585 586/586/586
f 586/586/586 587/587/587 584/584/584
f 587/587/587 586/586/586 588/588/588
f 588/588/588 589/589/589 587/587/587
f 589/589/589 588/588/588 590/590/590
f 590/590/590 591/591/591 589/589/589
f 591/591/591 590/590/590 592/592/592
f 592/592/592 593/593/593 591/591/591
f 594/594/594 595/595/595 596/596/596
f 596/596/596 597/597/597 594/594/594
f 597/597/597 596/596/596 598/598/598
f 598/598/598 599/599/599 597/597/597
f 599/599/599 598/598/598 600/600/600
f 600/600/600 601/601/601 599/599/599
f 601/601/601 600/600/600 602/602/602
f 602/602/602 603/603/603 601/601/601
f 604/604/604 605/605/605 606/606/606
f 607/607/607 604/604/604 606/606/606
f 608/608/608 607/607/607 606/606/606
f 609/609/609 607/607/607 608/608/608
f 608/608/608 610/610/610 609/609/609
f 611/611/611 612/612/612 613/613/613
f 613/613/613 614/614/614 611/611/611
f 613/613/613 615/615/615 614/614/614
f 614/614/614 615/615/615 616/616/616
f 616/616/616 617/617/617 614/614/614
f 614/614/614 617/617/617 618/618/618
f 618/618/618 619/619/619 614/614/614
f 618/618/618 620/620/620 619/619/619
f 620/620/620 621/621/621 619/619/619
f 621/621/621 622/622/622 619/619/619
f 622/622/622 623/623/623 619/619/619
f 624/624/624 619/619/619 623/623/623
f 623/623/623 625/625/625 624/624/624
f 626/626/626 627/627/627 628/628/628
f 628/628/628 629/629/629 626/626/626
f 629/629/629 628/628/628 630/630/630
f 630/630/630 631/631/631 629/629/629
f 631/631/631 630/630/630 632/632/632
f 632/632/632 633/633/633 631/631/631
f 633/633/633 632/632/632 634/634/634
f 634/634/634 635/635/635 633/633/633
f 636/636/636 635/635/635 634/634/634
f 634/634/634 637/637/637 636/636/636
f 638/638/638 639/639/639 640/640/640
f 641/641/641 638/638/638 640/640/640
f 641/641/641 640/640/640 642/642/642
f 642/642/642 643/643/643 641/641/641
f 643/643/643 644/644/644 641/641/641
f 644/644/644 645/645/645 641/641/641
f 646/646/646 641/641/641 645/645/645
f 645/645/645 647/647/647 646/646/646
f 647/647/647 648/648/648 646/646/646
f 648/648/648 649/649/649 646/646/646
f 646/646/646 649/649/649 650/650/650
f 651/651/651 646/646/646 650/650/650
f 650/650/650 652/652/652 651/651/651
f 653/653/653 654/654/654 655/655/655
f 654/654/654 656/656/656 655/655/655
f 656/656/656 657/657/657 655/655/655
f 656/656/656 658/658/658 657/657/657
f 657/657/657 658/658/658 659/659/659
f 659/659/659 660/660/660 657/657/657
f 661/661/661 657/657/657 660/660/660
f 660/660/660 662/662/662 661/661/661
f 662/662/662 663/663/663 661/661/661
f 661/661/661 663/663/663 664/664/664
f 661/661/661 664/664/664 665/665/665
f 666/666/666 661/661/661 665/665/665
f 667/667/667 666/666/666 665/665/665
f 668/668/668 669/669/669 670/670/670
f 670/670/670 671/671/671 668/668/668
f 671/671/671 670/670/670 672/672/672
f 672/672/672 673/673/673 671/671/671
f 673/673/673 674/674/674 671/671/671
f 671/671/671 674/674/674 675/675/675
f 671/671/671 675/675/675 676/676/676
f 676/676/676 677/677/677 671/671/671
f 677/677/677 676/676/676 678/678/678
f 677/677/677 678/678/678 679/679/679
f 677/677/677 679/679/679 680/680/680
f 680/680/680 681/681/681 677/677/677
f 681/681/681 682/682/682 677/677/677
f 677/677/677 682/682/682 683/683/683
f 683/683/683 684/684/684 677/677/677
f 685/685/685 686/686/686 687/687/687
f 687/687/687 688/688/688 685/685/685
f 689/689/689 688/688/688 687/687/687
f 688/688/688 689/689/689 690/690/690
f 688/688/688 690/690/690 691/691/691
f 691/691/691 692/692/692 688/688/688
f 693/693/693 688/688/688 692/692/692
f 692/692/692 694/694/694 693/693/693
f 694/694/694 695/695/695 693/693/693
f 696/696/696 693/693/693 695/695/695
f 696/696/696 697/697/697 693/693/693
f 695/695/695 698/698/698 696/696/696
f 696/696/696 698/698/698 699/699/699
f 699/699/699 700/700/700 696/696/696
f 701/701/701 702/702/702 703/703/703
f 702/702/702 704/704/704 703/703/703
f 704/704/704 705/705/705 703/703/703
f 706/706/706 707/707/707 708/708/708
f 708/708/708 709/709/709 706/706/706
f 709/709/709 708/708/708 710/710/710
f 710/710/710 711/711/711 709/709/709
f 712/712/712 711/711/711 710/710/710
f 710/710/710 713/713/713 712/712/712
f 714/714/714 712/712/712 713/713/713
f 713/713/713 715/715/715 714/714/714
f 716/716/716 714/714/714 715/715/715
f 715/715/715 717/717/717 716/716/716
f 718/718/718 716/716/716 717/717/717
f 717/717/717 719/719/719 718/718/718
f 720/720/720 721/721/721 722/722/722
f 722/722/722 723/723/723 720/720/720
f 723/723/723 722/722/722 724/724/724
f 724/724/724 725/725/725 723/723/723
f 725/725/725 724/724/724 726/726/726
f 726/726/726 727/727/727 725/725/725
f 727/727/727 726/726/726 728/728/728
f 728/728/728 729/729/729 727/727/727
f 730/730/730 729/729/729 728/728/728
f 728/728/728 731/731/731 730/730/730
f 732/732/732 733/733/733 734/734/734
f 733/733/733 735/735/735 734/734/734
f 735/735/735 736/736/736 734/734/734
f 737/737/737 738/738/738 739/739/739
f 739/739/739 740/740/740 737/737/737
f 740/740/740 739/739/739 741/741/741
f 741/741/741 742/742/742 740/740/740
f 742/742/742 741/741/741 743/743/743
f 743/743/743 744/744/744 742/742/742
f 744/744/744 743/743/743 745/745/745
f 745/745/745 746/746/746 744/744/744
f 747/747/747 746/746/746 745/745/745
f 745/745/745 748/748/748 747/747/747
f 749/749/749 750/750/750 751/751/751
f 752/752/752 749/749/749 751/751/751
f 753/753/753 752/752/752 751/751/751
f 753/753/753 754/754/754 752/752/752
f 753/753/753 755/755/755 754/754/754
f 753/753/753 756/756/756 755/755/755
f 753/753/753 757/757/757 756/756/756
f 753/753/753 758/758/758 757/757/757
f 758/758/758 759/759/759 757/757/757
f 758/758/758 760/760/760 759/759/759
f 761/761/761 762/762/762 758/758/758
f 761/761/761 758/758/758 753/753/753
f 763/763/763 761/761/761 753/753/753
f 764/764/764 763/763/763 753/753/753
f 765/765/765 764/764/764 753/753/753
f 766/766/766 765/765/765 753/753/753
f 767/767/767 766/766/766 753/753/753
f 767/767/767 753/753/753 768/768/768
f 769/769/769 767/767/767 768/768/768
f 770/770/770 769/769/769 768/768/768
f 770/770/770 768/768/768 771/771/771
f 768/768/768 772/772/772 771/771/771
f 773/773/773 774/774/774 775/775/775
f 774/774/774 776/776/776 775/775/775
f 776/776/776 777/777/777 775/775/775
f 778/778/778 779/779/779 780/780/780
f 780/780/780 781/781/781 778/778/778
f 781/781/781 780/780/780 782/782/782
f 782/782/782 783/783/783 781/781/781
f 783/783/783 782/782/782 784/784/784
f 784/784/784 785/785/785 783/783/783
f 785/785/785 784/784/784 786/786/786
f 786/786/786 787/787/787 785/785/785
f 788/788/788 787/787/787 786/786/786
f 786/786/786 789/789/789 788/788/788
f 790/790/790 791/791/791 792/792/792
f 792/792/792 793/793/793 790/790/790
f 793/793/793 792/792/792 794/794/794
f 794/794/794 795/795/795 793/793/793
f 795/795/795 794/794/794 796/796/796
f 796/796/796 797/797/797 795/795/795
f 798/798/798 797/797/797 796/796/796
f 796/796/796 799/799/799 798/798/798
f 800/800/800 798/798/798 799/799/799
f 799/799/799 801/801/801 800/800/800
f 802/802/802 803/803/803 804/804/804
f 805/805/805 802/802/802 804/804/804
f 805/805/805 804/804/804 806/806/806
f 807/807/807 805/805/805 806/806/806
f 807/807/807 806/806/806 808/808/808
f 807/807/807 808/808/808 809/809/809
f 806/806/806 810/810/810 808/808/808
f 808/808/808 811/811/811 809/809/809
f 806/806/806 812/812/812 810/810/810
f 811/811/811 813/813/813 809/809/809
f 813/813/813 814/814/814 809/809/809
f 806/806/806 815/815/815 812/812/812
f 815/815/815 816/816/816 812/812/812
f 815/815/815 817/817/817 816/816/816
f 816/816/816 818/818/818 812/812/812
f 819/819/819 818/818/818 816/816/816
f 816/816/816 820/820/820 819/819/819
f 821/821/821 819/819/819 820/820/820
f 820/820/820 822/822/822 821/821/821
f 823/823/823 821/821/821 822/822/822
f 822/822/822 824/824/824 823/823/823
f 825/825/825 826/826/826 827/827/827
f 827/827/827 828/828/828 825/825/825
f 828/828/828 827/827/827 829/829/829
f 829/829/829 830/830/830 828/828/828
f 830/830/830 829/829/829 831/831/831
f 831/831/831 832/832/832 830/830/830
f 832/832/832 831/831/831 833/833/833
f 833/833/833 834/834/834 832/832/832
f 835/835/835 834/834/834 833/833/833
f 833/833/833 836/836/836 835/835/835
f 837/837/837 838/838/838 839/839/839
f 839/839/839 840/840/840 837/837/837
f 840/840/840 839/839/839 841/841/841
f 841/841/841 842/842/842 840/840/840
f 842/842/842 841/841/841 843/843/843
f 843/843/843 844/844/844 842/842/842
f 844/844/844 843/843/843 845/845/845
f 845/845/845 846/846/846 844/844/844
f 847/847/847 846/846/846 845/845/845
f 845/845/845 848/848/848 847/847/847
f 849/849/849 850/850/850 851/851/851
f 851/851/851 852/852/852 849/849/849
f 852/852/852 851/851/851 853/853/853
f 853/853/853 854/854/854 852/852/852
f 855/855/855 856/856/856 857/857/857
f 858/858/858 855/855/855 857/857/857
f 858/858/858 857/857/857 859/859/859
f 860/860/860 858/858/858 859/859/859
f 860/860/860 859/859/859 861/861/861
f 859/859/859 862/862/862 861/861/861
f 863/863/863 864/864/864 865/865/865
f 865/865/865 866/866/866 863/863/863
f 863/863/863 866/866/866 867/867/867
f 866/866/866 868/868/868 867/867/867
f 869/869/869 868/868/868 866/866/866
f 866/866/866 870/870/870 869/869/869
f 866/866/866 871/871/871 870/870/870
f 872/872/872 870/870/870 871/871/871
f 871/871/871 873/873/873 872/872/872
f 874/874/874 873/873/873 871/871/871
f 875/875/875 874/874/874 871/871/871
f 876/876/876 875/875/875 871/871/871
f 877/877/877 876/876/876 871/871/871
f 878/878/878 879/879/879 880/880/880
f 880/880/880 881/881/881 878/878/878
f 882/882/882 878/878/878 881/881/881
f 881/881/881 883/883/883 882/882/882
f 884/884/884 882/882/882 883/883/883
f 883/883/883 885/885/885 884/884/884
f 886/886/886 884/884/884 885/885/885
f 885/885/885 887/887/887 886/886/886
f 886/886/886 887/887/887 888/888/888
f 888/888/888 889/889/889 886/886/886
f 890/890/890 891/891/891 892/892/892
f 892/892/892 893/893/893 890/890/890
f 894/894/894 890/890/890 893/893/893
f 893/893/893 895/895/895 894/894/894
f 896/896/896 897/897/897 898/898/898
f 898/898/898 899/899/899 896/896/896
f 900/900/900 896/896/896 899/899/899
f 899/899/899 901/901/901 900/900/900
f 902/902/902 903/903/903 904/904/904
f 904/904/904 905/905/905 902/902/902
f 906/906/906 902/902/902 905/905/905
f 905/905/905 907/907/907 906/906/906
f 908/908/908 906/906/906 907/907/907
f 907/907/907 909/909/909 908/908/908
f 910/910/910 908/908/908 909/909/909
f 909/909/909 911/911/911 910/910/910
f 910/910/910 911/911/911 912/912/912
f 912/912/912 913/913/913 910/910/910
f 914/914/914 915/915/915 916/916/916
f 916/916/916 917/917/917 914/914/914
f 918/918/918 914/914/914 917/917/917
f 917/917/917 919/919/919 918/918/918
f 920/920/920 918/918/918 919/919/919
f 919/919/919 921/921/921 920/920/920
f 922/922/922 920/920/920 921/921/921
f 921/921/921 923/923/923 922/922/922
f 922/922/922 923/923/923 924/924/924
f 924/924/924 925/925/925 922/922/922
f 926/926/926 927/927/927 928/928/928
f 928/928/928 929/929/929 926/926/926
f 930/930/930 926/926/926 929/929/929
f 929/929/929 931/931/931 930/930/930
f 930/930/930 931/931/931 932/932/932
f 932/932/932 933/933/933 930/930/930
f 933/933/933 932/932/932 934/934/934
f 934/934/934 935/935/935 933/933/933
f 936/936/936 935/935/935 934/934/934
f 934/934/934 937/937/937 936/936/936
f 938/938/938 939/939/939 940/940/940
f 940/940/940 941/941/941 938/938/938
f 942/942/942 938/938/938 941/941/941
f 941/941/941 943/943/943 942/942/942
f 944/944/944 942/942/942 943/943/943
f 943/943/943 945/945/945 944/944/944
f 946/946/946 944/944/944 945/945/945
f 945/945/945 947/947/947 946/946/946
f 948/948/948 946/946/946 947/947/947
f 947/947/947 949/949/949 948/948/948
f 950/950/950 951/951/951 952/952/952
f 952/952/952 953/953/953 950/950/950
f 954/954/954 950/950/950 953/953/953
f 953/953/953 955/955/955 954/954/954
f 956/956/956 954/954/954 955/955/955
f 955/955/955 957/957/957 956/956/956
f 958/958/958 956/956/956 957/957/957
f 957/957/957 959/959/959 958/958/958
f 958/958/958 959/959/959 960/960/960
f 960/960/960 961/961/961 958/958/958
f 962/962/962 963/963/963 964/964/964
f 964/964/964 965/965/965 962/962/962
f 966/966/966 962/962/962 965/965/965
f 965/965/965 967/967/967 966/966/966
f 968/968/968 966/966/966 967/967/967
f 967/967/967 969/969/969 968/968/968
f 970/970/970 968/968/968 969/969/969
f 969/969/969 971/971/971 970/970/970
f 970/970/970 971/971/971 972/972/972
f 972/972/972 973/973/973 970/970/970
f 973/973/973 972/972/972 974/974/974
f 972/972/972 975/975/975 974/974/974
f 976/976/976 973/973/973 974/974/974
f 977/977/977 976/976/976 974/974/974
f 978/978/978 977/977/977 974/974/974
f 978/978/978 979/979/979 980/980/980
f 978/978/978 980/980/980 981/981/981
f 978/978/978 981/981/981 982/982/982
f 978/978/978 982/982/982 977/977/977
f 982/982/982 983/983/983 977/977/977
f 982/982/982 984/984/984 983/983/983
f 982/982/982 985/985/985 984/984/984
f 985/985/985 986/986/986 984/984/984
f 986/986/986 987/987/987 984/984/984
f 988/988/988 989/989/989 990/990/990
f 990/990/990 991/991/991 988/988/988
f 992/992/992 988/988/988 991/991/991
f 991/991/991 993/993/993 992/992/992
f 994/994/994 992/992/992 993/993/993
f 993/993/993 995/995/995 994/994/994
f 996/996/996 994/994/994 995/995/995
f 995/995/995 997/997/997 996/996/996
f 998/998/998 996/996/996 997/997/997
f 997/997/997 999/999/999 998/998/998
f 1000/1000/1000 998/998/998 999/999/999
f 999/999/999 1001/1001/1001 1000/1000/1000
f 1002/1002/1002 1000/1000/1000 1001/1001/1001
f 1001/1001/1001 1003/1003/1003 1002/1002/1002
f 1004/1004/1004 1002/1002/1002 1003/1003/1003
f 1003/1003/1003 1005/1005/1005 1004/1004/1004
f 1006/1006/1006 1004/1004/1004 1005/1005/1005
f 1005/1005/1005 1007/1007/1007 1006/1006/1006
f 1006/1006/1006 1007/1007/1007 1008/1008/1008
f 1008/1008/1008 1009/1009/1009 1006/1006/1006
f 1010/1010/1010 1011/1011/1011 1012/1012/1012
f 1012/1012/1012 1013/1013/1013 1010/1010/1010
f 1014/1014/1014 1010/1010/1010 1013/1013/1013
f 1013/1013/1013 1015/1015/1015 1014/1014/1014
f 1016/1016/1016 1014/1014/1014 1015/1015/1015
f 1015/1015/1015 1017/1017/1017 1016/1016/1016
f 1018/1018/1018 1016/1016/1016 1017/1017/1017
f 1017/1017/1017 1019/1019/1019 1018/1018/1018
f 1020/1020/1020 1018/1018/1018 1019/1019/1019
f 1019/1019/1019 1021/1021/1021 1020/1020/1020
f 1022/1022/1022 1023/1023/1023 1024/1024/1024
f 1024/1024/1024 1025/1025/1025 1022/1022/1022
f 1026/1026/1026 1022/1022/1022 1025/1025/1025
f 1025/1025/1025 1027/1027/1027 1026/1026/1026
f 1028/1028/1028 1026/1026/1026 1027/1027/1027
f 1027/1027/1027 1029/1029/1029 1028/1028/1028
f 1028/1028/1028 1029/1029/1029 1030/1030/1030
f 1030/1030/1030 1031/1031/1031 1028/1028/1028
f 1032/1032/1032 1031/1031/1031 1030/1030/1030
f 1030/1030/1030 1033/1033/1033 1032/1032/1032
f 1034/1034/1034 1032/1032/1032 1033/1033/1033
f 1033/1033/1033 1035/1035/1035 1034/1034/1034
f 1036/1036/1036 1034/1034/1034 1035/1035/1035
f 1035/1035/1035 1037/1037/1037 1036/1036/1036
f 1038/1038/1038 1036/1036/1036 1037/1037/1037
f 1037/1037/1037 1039/1039/1039 1038/1038/1038
f 1038/1038/1038 1039/1039/1039 1040/1040/1040
f 1040/1040/1040 1041/1041/1041 1038/1038/1038
f 1042/1042/1042 1041/1041/1041 1040/1040/1040
f 1040/1040/1040 1043/1043/1043 1042/1042/1042
f 1042/1042/1042 1043/1043/1043 1044/1044/1044
f 1044/1044/1044 1045/1045/1045 1042/1042/1042
f 1046/1046/1046 1047/1047/1047 1048/1048/1048
f 1049/1049/1049 1046/1046/1046 1048/1048/1048
f 1050/1050/1050 1049/1049/1049 1048/1048/1048
f 1050/1050/1050 1048/1048/1048 1051/1051/1051
f 1052/1052/1052 1050/1050/1050 1051/1051/1051
f 1053/1053/1053 1052/1052/1052 1051/1051/1051
f 1054/1054/1054 1053/1053/1053 1051/1051/1051
f 1055/1055/1055 1054/1054/1054 1051/1051/1051
f 1056/1056/1056 1055/1055/1055 1051/1051/1051
f 1056/1056/1056 1051/1051/1051 1057/1057/1057
f 1058/1058/1058 1059/1059/1059 1057/1057/1057
f 1051/1051/1051 1058/1058/1058 1057/1057/1057
f 1060/1060/1060 1058/1058/1058 1051/1051/1051
f 1061/1061/1061 1060/1060/1060 1051/1051/1051
f 1062/1062/1062 1061/1061/1061 1051/1051/1051
f 1063/1063/1063 1062/1062/1062 1051/1051/1051
f 1064/1064/1064 1063/1063/1063 1051/1051/1051
f 1065/1065/1065 1064/1064/1064 1051/1051/1051
f 1066/1066/1066 1065/1065/1065 1051/1051/1051
f 1066/1066/1066 1067/1067/1067 1065/1065/1065
f 1068/1068/1068 1066/1066/1066 1051/1051/1051
f 1068/1068/1068 1069/1069/1069 1066/1066/1066
f 1070/1070/1070 1071/1071/1071 1072/1072/1072
f 1071/1071/1071 1070/1070/1070 1072/1072/1072
f 1073/1073/1073 1074/1074/1074 1075/1075/1075
f 1075/1075/1075 1076/1076/1076 1073/1073/1073
f 1075/1075/1075 1077/1077/1077 1076/1076/1076
f 1078/1078/1078 1077/1077/1077 1075/1075/1075
f 1079/1079/1079 1078/1078/1078 1075/1075/1075
f 1080/1080/1080 1079/1079/1079 1075/1075/1075
f 1080/1080/1080 1081/1081/1081 1079/1079/1079
f 1080/1080/1080 1082/1082/1082 1081/1081/1081
f 1080/1080/1080 1083/1083/1083 1082/1082/1082
f 1080/1080/1080 1084/1084/1084 1083/1083/1083
f 1080/1080/1080 1085/1085/1085 1084/1084/1084
f 1086/1086/1086 1085/1085/1085 1080/1080/1080
f 1080/1080/1080 1087/1087/1087 1086/1086/1086
f 1088/1088/1088 1087/1087/1087 1080/1080/1080
f 1080/1080/1080 1089/1089/1089 1088/1088/1088
f 1090/1090/1090 1091/1091/1091 1092/1092/1092
f 1092/1092/1092 1093/1093/1093 1090/1090/1090
f 1090/1090/1090 1093/1093/1093 1094/1094/1094
f 1095/1095/1095 1092/1092/1092 1091/1091/1091
f 1096/1096/1096 1095/1095/1095 1091/1091/1091
f 1093/1093/1093 1097/1097/1097 1094/1094/1094
f 1098/1098/1098 1094/1094/1094 1097/1097/1097
f 1093/1093/1093 1092/1092/1092 1099/1099/1099
f 1092/1092/1092 1095/1095/1095 1099/1099/1099
f 1097/1097/1097 1093/1093/1093 1100/1100/1100
f 1100/1100/1100 1093/1093/1093 1099/1099/1099
f 1097/1097/1097 1101/1101/1101 1098/1098/1098
f 1101/1101/1101 1097/1097/1097 1100/1100/1100
f 1098/1098/1098 1101/1101/1101 1102/1102/1102
f 1100/1100/1100 1099/1099/1099 1103/1103/1103
f 1101/1101/1101 1104/1104/1104 1102/1102/1102
f 1105/1105/1105 1102/1102/1102 1104/1104/1104
f 1106/1106/1106 1101/1101/1101 1100/1100/1100
f 1104/1104/1104 1101/1101/1101 1106/1106/1106
f 1106/1106/1106 1100/1100/1100 1103/1103/1103
f 1104/1104/1104 1107/1107/1107 1105/1105/1105
f 1107/1107/1107 1104/1104/1104 1106/1106/1106
f 1105/1105/1105 1107/1107/1107 1108/1108/1108
f 1109/1109/1109 1106/1106/1106 1103/1103/1103
f 1109/1109/1109 1107/1107/1107 1106/1106/1106
f 1107/1107/1107 1110/1110/1110 1108/1108/1108
f 1110/1110/1110 1107/1107/1107 1109/1109/1109
f 1111/1111/1111 1108/1108/1108 1110/1110/1110
f 1112/1112/1112 1109/1109/1109 1103/1103/1103
f 1099/1099/1099 1112/1112/1112 1103/1103/1103
f 1099/1099/1099 1095/1095/1095 1112/1112/1112
f 1113/1113/1113 1110/1110/1110 1109/1109/1109
f 1110/1110/1110 1113/1113/1113 1111/1111/1111
f 1112/1112/1112 1113/1113/1113 1109/1109/1109
f 1111/1111/1111 1113/1113/1113 1114/1114/1114
f 1095/1095/1095 1115/1115/1115 1112/1112/1112
f 1115/1115/1115 1113/1113/1113 1112/1112/1112
f 1113/1113/1113 1115/1115/1115 1114/1114/1114
f 1115/1115/1115 1095/1095/1095 1096/1096/1096
f 1096/1096/1096 1114/1114/1114 1115/1115/1115
