v 0.966186 -1.0933159999999997 2.322142
v -0.662487 0.5014800000000001 2.322142
v 0.966186 0.5014800000000001 2.322142
v 0.966195 -1.0933159999999997 2.060522
v -0.66249 -1.1791899999999997 2.060522
v -0.66249 0.5014800000000001 2.060522
v 0.966191 0.5014800000000001 2.060522
v -0.391305 1.075459 1.110873
v -0.391305 1.075459 8.699999999993415E-05
v -0.526249 0.905089 8.699999999994458E-05
v -0.526249 0.9050890000000001 1.110873
v -0.526257 1.075451 8.699999999993415E-05
v -0.662487 -1.1791889999999998 2.322142
v -0.693678 -1.216515 9.100000000007449E-05
v 0.999086 0.537938 9.099999999996707E-05
v -1.409754 -0.706079 0.13928800000000005
v -1.536706 -0.71548 9.300000000004381E-05
v -1.409795 -0.608992 9.30000000000373E-05
v -1.406991 -0.802451 9.300000000004914E-05
v -1.417328 0.257728 0.22656099999999998
v -1.513894 0.362766 9.299999999997778E-05
v -1.513537 0.243575 9.299999999998508E-05
v -1.409864 0.365765 9.29999999999776E-05
v -1.32484 0.252017 9.299999999998456E-05
v -1.420433 0.12166 9.299999999999254E-05
v 0.663528 -1.254938 1.692558
v 0.663561 -1.303496 1.669568
v -0.217189 -1.303518 1.669568
v -0.217267 -1.255117 1.692558
v 0.63479 -1.106075 0.9206340000000001
v 0.63479 -1.106075 1.759956
v -0.19419 -1.106244 0.9206350000000001
v -0.19419 -1.106244 1.759956
v -0.19419 -1.259519 1.685403
v -0.745042 0.5807970000000001 1.672891
v 1.037942 -1.27075 1.672891
v 1.037808 0.5811160000000001 1.672891
v -0.745042 0.5807970000000001 2.060522
v 1.037942 -1.2707499999999998 2.060522
v 1.037808 0.5811160000000001 2.060522
v -0.643499 0.376681 9.299999999997693E-05
v -1.420239 -0.9386569999999999 1.028101
v -0.64349 -0.9821769999999999 1.076474
v -0.6435 0.42019900000000004 1.076474
v -0.643491 -0.938638 9.300000000005747E-05
v -1.290125 0.37668000000000007 1.028101
v -1.339184 0.42002900000000004 1.076474
v -1.454709 -0.9822709999999999 1.076455
v -1.455306 -0.9386569999999999 1.076436
v -0.730518 -1.378695 9.300000000008442E-05
v -1.26103 -1.381758 9.30000000000846E-05
v -0.730586 -0.89686 0.12703700000000007
v -1.261096 -0.896998 0.12703700000000007
v 0.660664 -1.179304 1.222286
v 0.660703 -1.851093 1.2230590000000001
v 0.660664 -1.179304 1.222286
v 0.660703 -1.851093 1.2230590000000001
v -0.217479 -1.851116 0.9377530000000001
v 0.660664 -1.179304 0.9377530000000001
v 0.63479 -1.179304 0.8959440000000001
v -0.217479 -1.851116 1.2230600000000003
v -0.217479 -1.851116 1.2230600000000003
v -0.217479 -1.851116 1.2230600000000003
v 0.660703 -1.851093 0.9377530000000001
v 0.660703 -1.851093 1.2230590000000001
v 0.63479 -1.208903 0.9206340000000001
v 0.660703 -1.851093 0.9377530000000001
v -0.217483 -1.179304 0.9377530000000001
v -0.217483 -1.179304 1.222286
v -0.19419 -1.179304 0.8959440000000001
v -0.217483 -1.179304 1.222286
v 0.66268 -1.4565249999999998 1.863166
v 0.662674 -0.9735059999999999 1.863166
v 1.14704 -1.4562379999999997 1.863166
v 0.662674 -1.179304 1.672891
v 1.147019 -0.9734419999999999 1.672891
v 1.087477 -1.394467 1.57321
v 1.14704 -1.456238 1.672891
v 1.087449 -1.035079 1.300000000006338E-05
v 1.08745 -1.394467 0.00010200000000008538
v 1.049881 -1.1253549999999999 2.431549
v 1.146981 -1.0719659999999998 2.609429
v 0.897383 -0.9306519999999999 2.609429
v 1.146993 -1.3532559999999998 2.609429
v 0.906013 -1.3875369999999998 2.431549
v 0.900648 -1.4960089999999997 2.609429
v 0.662653 -1.3560829999999997 2.609429
v 0.66265 -1.0720169999999998 2.609429
v 0.897383 -0.9306519999999998 2.887423
v 1.146981 -1.0719659999999998 2.887423
v 1.146993 -1.3532559999999998 2.887423
v 0.900648 -1.4960089999999997 2.887423
v 0.662653 -1.3560829999999997 2.887423
v 0.66265 -1.0720169999999998 2.887423
v 0.906001 -1.0391229999999998 1.862655
v 1.049881 -1.1253549999999999 1.862655
v 1.049884 -1.2995629999999998 1.862655
v 0.906013 -1.3875369999999998 1.862655
v 0.748157 -1.3013049999999997 1.862655
v 0.748138 -1.1270979999999997 1.862655
v 1.077466 -1.1149809999999998 3.5978
v 0.90606 -1.0185789999999997 3.5978
v 1.077579 -1.3097319999999997 3.5978
v 0.906074 -1.4080799999999998 3.5978
v 0.740767 -1.3116789999999998 3.5978
v 0.739642 -1.1169279999999997 3.5978
v 0.907931 -1.2133309999999997 3.97228
v 1.077466 -1.1149809999999998 3.842669
v 0.90606 -1.0185789999999997 3.842669
v 0.906062 -1.0706619999999998 2.693828
v 1.032007 -1.1412829999999998 2.693828
v 1.077579 -1.3097319999999997 3.842669
v 1.03283 -1.2839519999999998 2.693828
v 0.906074 -1.4080799999999998 3.842669
v 0.906072 -1.3559999999999999 2.693828
v 0.740767 -1.3116789999999998 3.842669
v 0.785506 -1.2853779999999997 2.693828
v 0.739642 -1.1169279999999997 3.842669
v 0.785109 -1.1427089999999998 2.693828
v 0.9665 -0.9735069999999999 1.863166
v 1.147019 -0.9734419999999999 1.863166
v 0.9665 -0.9735069999999999 1.672891
v 0.662674 -1.1793039999999997 1.863166
v 0.66268 -1.456525 1.672891
v 0.729461 -1.394529 0.0001020000000000854
v 0.970744 -0.33419499999999996 1.244561
v 0.970744 0.47738300000000006 1.244564
v 1.570467 -0.3341839999999999 1.244561
v 1.570467 -0.334184 0.00012900000000002046
v 1.570466 0.477394 0.00012899999999997077
v 1.532266 -0.334185 0.00012900000000002046
v 1.532228 0.47739300000000007 0.538897
v 1.532228 0.477393 0.00012899999999997077
v 1.490308 0.47739200000000004 0.683233
v 1.570467 -0.3341839999999999 1.244561
v 1.570466 0.47739400000000004 1.244568
v 1.570466 0.47739400000000004 1.244568
v 0.970744 0.47738300000000006 0.753397
v 0.970744 -0.33419499999999996 0.753397
v 0.970744 0.47738300000000006 1.244564
v 1.213583 0.47738800000000003 0.754939
v 0.970744 -0.33419499999999996 1.244561
v 1.563767 -0.32536599999999993 1.145107
v 0.970754 0.47288500000000006 1.145107
v 1.570466 -0.444216 0.00012300000000002722
v 1.570467 -1.029652 1.233579
v -0.467306 1.059882 0.002045999999999935
v 0.785759 1.036619 1.110873
v 0.785759 1.059886 0.002045999999999935
v -0.467306 1.059882 1.241791
v -0.467306 1.059882 1.241791
v 0.785759 1.059886 1.241791
v 0.785759 1.059886 1.241791
v -0.490875 0.5014800000000001 1.110873
v -0.513152 0.50148 0.0020459999999999693
v -0.490875 1.013714 1.110873
v -0.513159 1.013714 0.002045999999999938
v -0.513152 0.5014800000000001 1.241791
v -0.513152 0.5014800000000001 1.241791
v -0.513159 1.013714 1.241791
v -0.513159 1.013714 1.241791
v -0.467306 1.028793 1.110873
v -0.538768 0.5014800000000001 1.020575
v -0.538768 1.091004 1.020575
v 0.84442 0.5154130000000001 1.020575
v 0.84442 1.091004 1.020575
v -0.538768 0.5014800000000001 1.119424
v -0.538768 1.091004 1.119424
v -0.334593 1.08447 1.091193
v -0.337306 1.383224 1.112101
v -0.343407 1.388263 0.9788279999999999
v -0.343363 1.084473 0.9565779999999999
v 0.65231 1.383776 1.118026
v 0.652353 1.084482 1.094995
v 0.659971 1.084475 0.9922969999999999
v 0.659933 1.40333 1.014548
v 0.796651 1.004118 1.110873
v 0.796651 0.5014800000000001 1.110873
v 0.821696 0.50148 0.0020459999999999693
v 0.822271 1.004118 0.0020459999999999385
v 0.821882 1.004118 1.241791
v 0.821882 1.004118 1.241791
v 0.821898 0.5014800000000001 1.241791
v 0.821898 0.5014800000000001 1.241791
v 0.501321 -1.817219 0.1292410000000001
v 0.506247 -1.921687 0.009550000000000117
v 0.556437 -1.815777 0.00955000000000011
v -0.190731 -1.822689 0.2020630000000001
v -0.248826 -1.893727 0.009550000000000116
v -0.184829 -1.739231 0.009550000000000105
v -0.110631 -1.818958 0.00955000000000011
v 0.521497 -1.30571 1.577255
v 0.310789 -1.305751 1.577255
v 0.521522 -1.344992 1.014122
v 0.311015 -1.345024 1.014122
v 1.517683 -0.24857599999999994 0.865249
v 1.736317 -0.24844699999999995 0.887499
v 1.747299 -0.25926199999999994 0.746162
v 1.517709 -0.25926399999999994 0.723911
v 1.736242 0.41967600000000005 0.892432
v 1.517668 0.41955000000000003 0.870182
v 1.517688 0.42994600000000005 0.759631
v 1.747268 0.4300840000000001 0.781882
v 0.445807 -1.816416 0.00955000000000011
v -0.133671 -1.280408 0.8652490000000002
v -0.432084 -1.280422 0.8874990000000001
v -0.442928 -1.270015 0.7461620000000001
v -0.133813 -1.270004 0.7239120000000001
v -0.431808 -1.774823 0.8782870000000002
v -0.133634 -1.774756 0.7596310000000001
v -0.442918 -1.774827 0.7818820000000001
v 0.63479 -1.179304 3.0000000000072212E-05
v -0.19419 -1.179304 3.0000000000072212E-05
v -1.430723 -0.28632699999999994 1.009402
v -1.428656 -0.46618999999999994 1.009402
v -1.778933 -0.495793 -0.009384999999999968
v -1.781003 -0.315931 -0.00938499999999998
v -0.476589 1.023659 1.310947
v 0.068041 0.7303020000000001 1.660189
v 0.068067 0.7468580000000001 1.534981
v 0.068057 0.5014800000000001 1.51273
v -0.418717 0.7303340000000001 1.667105
v -0.418737 0.5014800000000001 1.54845
v -0.418729 0.7468580000000001 1.5707
v -0.526257 1.075451 1.35131
v 1.213629 -0.33418999999999993 0.748225
v 1.570467 -1.029652 0.7424110000000002
v 1.520585 -0.34253199999999995 0.930993
v 1.520585 -0.30973899999999993 0.930993
v 1.520585 -0.3097389999999999 1.507856
v 1.520585 -0.3425319999999999 1.507856
v 1.574149 -0.30973899999999993 0.930993
v 1.574149 -0.3097389999999999 1.507856
v 1.574149 -0.3425119999999999 0.930993
v 1.574149 -0.34251199999999987 1.507856
v 1.520585 0.45161400000000007 0.930993
v 1.520585 0.48440800000000006 0.930993
v 1.520585 0.4844080000000001 1.507856
v 1.520585 0.4516140000000001 1.543074
v 1.574149 0.48440800000000006 0.930993
v 1.574149 0.4844080000000001 1.507856
v 1.574149 0.45163400000000004 0.930993
v 1.574149 0.4516340000000001 1.507856
v -0.390747 1.023663 1.110873
v -0.476589 0.9050890000000001 1.110873
v -0.476589 1.024399 1.110873
v -0.693761 0.537834 9.099999999996707E-05
v 0.699034 1.023663 1.110873
v 0.699592 1.075459 1.110873
v 0.699592 1.075459 8.699999999993415E-05
v 0.783036 0.9048670000000001 1.110873
v 0.834536 0.9039480000000001 1.110873
v 0.834544 1.075451 8.699999999993415E-05
v 0.834544 1.075451 1.35131
v 0.783036 1.023659 1.310947
v 0.783036 1.024399 1.110873
v 0.966186 -1.0933159999999997 2.322142
v 0.748157 -1.1791889999999998 2.322142
v -0.745015 -1.2710009999999998 2.060522
v 1.570466 0.47739400000000004 0.753397
v 1.570467 -0.3341839999999999 0.753397
v -1.454827 0.3065510000000001 1.076474
v 0.729428 -1.179304 6.600000000007221E-05
v -0.418718 0.5014800000000001 1.643752
v 0.068022 0.5014800000000001 1.637858
v 0.90621 -1.2118289999999998 4.06765
v 0.906211 -1.3023289999999998 3.911828
v 0.827954 -1.2571639999999997 3.911828
v 0.827954 -1.1672909999999999 3.911828
v 0.90621 -1.1221249999999998 3.911828
v 0.984413 -1.1672909999999999 3.911828
v 0.984414 -1.2571639999999997 3.911828
v 0.906206 -1.2119349999999998 5.187173
v 0.906199 -1.2384109999999997 4.000072
v 0.883432 -1.2252709999999998 4.000072
v 0.883432 -1.1991239999999999 4.000072
v 0.906199 -1.1859829999999998 4.000072
v 0.928951 -1.1991229999999997 4.000072
v 0.928951 -1.2252709999999998 4.000072
v 0.966191 0.5014800000000001 2.060522
v 0.966195 -1.0933159999999997 2.060522
v -0.66249 -1.1791899999999997 2.060522
v -0.66249 0.5014800000000001 2.060522
v 0.748157 -1.1791919999999998 2.060522
v -0.693761 0.5378340000000001 1.672891
v -0.693678 -1.216515 1.672891
v 0.999084 0.5378660000000001 1.672891
v 0.748157 -1.1791889999999998 2.322142
v -0.662487 -1.1791889999999998 2.322142
v 0.748157 -1.1791919999999998 2.060522
v -0.662487 0.5014800000000001 2.322142
v 0.966186 0.5014800000000001 2.322142
v -0.526257 1.075451 1.110873
v 0.834544 1.075451 1.110873
v -0.391305 1.075459 1.020575
v -0.526249 0.9050890000000001 1.020575
v -0.526257 1.075451 1.020575
v 0.699592 1.075459 1.020575
v 0.834536 0.9039480000000001 1.020575
v 0.834544 1.075451 1.020575
v 1.419216 0.7652570000000001 1.260192
v 1.419216 0.6759190000000002 1.308671
v 1.419216 0.6082210000000001 1.239143
v 1.419216 0.6564860000000001 1.151157
v 1.419216 0.7448050000000002 1.159911
v 1.445117 0.4641350000000001 1.033753
v 1.445117 0.45801900000000006 0.969734
v 1.445117 0.6383660000000001 1.245129
v 1.445117 0.7006830000000001 1.24449
v -0.745015 -1.271001 1.672891
v 0.748157 -1.27075 1.672891
v 1.137839 0.26663700000000007 1.342323
v 1.137839 0.26262700000000005 1.279085
v 1.137839 0.36138500000000007 1.141892
v 1.137839 0.40720700000000004 1.141568
v -0.745015 -1.2710009999999998 2.060522
v -0.745042 0.5807970000000001 2.060522
v 1.037808 0.5811160000000001 2.060522
v 1.037942 -1.2707499999999998 2.060522
v 0.748157 -1.2707499999999998 2.060522
v 0.970753 -0.3253829999999999 1.145107
v -0.19419 -1.208903 0.9206350000000001
v -0.217479 -1.851116 0.9377530000000001
v -0.217479 -1.851116 0.9130620000000002
v 0.660703 -1.851093 0.9130620000000002
v -1.42024 0.2637880000000001 1.028101
v -0.643491 -0.9386389999999999 1.028101
v -0.6435 0.37668100000000004 1.028101
v 0.84442 0.5014800000000001 1.119424
v 0.84442 1.091004 1.119424
v 0.729428 -1.179304 1.57321
v 0.9665 -1.035216 1.57321
v 1.087449 -1.035079 1.57321
v 0.729461 -1.394529 1.57321
v 0.900648 -1.4960089999999997 2.887423
v 0.662653 -1.3560829999999997 2.887423
v 0.66265 -1.0720169999999998 2.887423
v 0.897383 -0.9306519999999998 2.887423
v 1.146981 -1.0719659999999998 2.887423
v 1.146993 -1.3532559999999998 2.887423
v 0.900764 -1.4591879999999997 2.693828
v 0.694453 -1.3378909999999997 2.693828
v 0.69445 -1.0899869999999998 2.693828
v 0.897878 -0.9674759999999999 2.693828
v 1.115182 -1.0905049999999998 2.693828
v 1.115192 -1.3349309999999999 2.693828
v -1.420239 -0.938657 9.300000000005747E-05
v -1.42024 0.263788 9.299999999998384E-05
v -1.290125 0.37668 9.299999999997693E-05
v -0.19419 -1.822437 0.0001000000000001116
v 0.63479 -1.822263 0.00010000000000011158
v 0.63479 -1.259519 0.9206340000000001
v 0.63479 -1.259519 1.685403
v -0.19419 -1.259519 0.9206350000000001
v 1.032007 -1.1412829999999998 3.499794
v 0.906062 -1.0706619999999998 3.499794
v 1.03283 -1.2839519999999998 3.499794
v 0.906072 -1.3559999999999999 3.499794
v 0.785506 -1.2853779999999997 3.499794
v 0.785109 -1.1427089999999998 3.499794
v 0.906001 -1.0391229999999998 2.431549
v 1.049884 -1.2995629999999998 2.431549
v 0.748157 -1.3013049999999997 2.431549
v 0.748138 -1.1270979999999997 2.431549
v 1.563767 0.47289000000000003 1.145107
v 0.834536 0.903948 8.699999999994465E-05
v 1.570467 -1.029652 1.233579
v 0.970745 -1.029642 1.233578
v 0.970743 -0.44420499999999996 1.233575
v 1.570466 -0.44421599999999994 1.233579
v 1.563767 -1.02494 1.134121
v 0.970755 -1.025119 1.134121
v 0.970753 -0.4518519999999999 1.134121
v 1.563766 -0.45134399999999997 1.134121
v 1.532265 -0.444215 0.00012300000000002722
v 1.532265 -0.44398799999999994 0.527903
v 1.570466 -0.44421599999999994 0.742411
v 1.53223 -1.029652 0.5279110000000001
v 1.570467 -1.029652 0.00012300000000006305
v 0.970745 -1.029642 0.7424110000000002
v 0.970745 -1.029642 1.233578
v 0.970743 -0.44420499999999996 1.233575
v 1.570466 -0.44421599999999994 1.233579
v 0.970743 -0.44420499999999996 0.742411
v 1.49031 -1.029651 0.6722470000000001
v 1.213627 -0.44420999999999994 0.749192
v 1.520583 -0.4358679999999999 0.920007
v 1.520583 -0.46866099999999994 0.920007
v 1.520583 -0.4686609999999999 1.49687
v 1.520583 -0.43586799999999987 1.49687
v 1.574147 -0.46866099999999994 0.920007
v 1.574147 -0.4686609999999999 1.49687
v 1.574148 -0.43588799999999994 0.920007
v 1.574147 -0.4358879999999999 1.49687
v 1.520586 -1.003873 0.9200070000000001
v 1.520587 -1.036666 0.9200070000000001
v 1.520586 -1.036666 1.49687
v 1.520586 -1.003873 1.49687
v 1.574151 -1.036666 0.9200070000000001
v 1.57415 -1.036666 1.49687
v 1.574151 -1.003893 0.9200070000000001
v 1.574151 -1.003893 1.49687
v 1.532266 -0.33418499999999995 0.538889
v 1.490389 -0.3341859999999999 0.683224
v 1.53223 -1.029652 0.00012300000000006305
v 1.213585 -1.029647 0.7439530000000001
v 1.490388 -0.44421399999999994 0.672238
v -1.26103 0.811305 9.299999999995031E-05
v -1.261096 0.326545 0.12703699999999998
v -0.730586 0.326407 0.12703699999999998
v -0.730518 0.808242 9.29999999999505E-05
v 1.102485 0.4641350000000001 1.033753
v 1.102485 0.45801900000000006 0.969734
v 1.102485 0.7006830000000001 1.24449
v 1.102485 0.6383660000000001 1.245129
v 1.754452 -0.516578 0.891059
v 1.525633 -0.516587 0.868808
v 1.77101 -0.508985 0.749722
v 1.525633 -0.508995 0.727471
v 1.525633 -0.988417 0.8737410000000001
v 1.754484 -0.988404 0.8959920000000001
v 1.525633 -0.995789 0.7631910000000001
v 1.771011 -0.995781 0.7854410000000001
v 0.153055 -0.3336929999999998 3.267585
v 0.214708 -0.1410189999999998 3.061286
v 0.357648 -0.33208899999999986 3.061626
v 0.27636 0.05165500000000018 2.926729
v 0.362703 0.32149700000000014 2.483924
v 0.685544 0.05486500000000016 2.568587
v 0.562241 -0.33048399999999983 2.92741
v 0.848776 -0.32823699999999983 2.485842
v 0.282645 -0.7170609999999997 2.928686
v 0.21785 -0.5253779999999998 3.062264
v 0.69183 -0.7138499999999999 2.564847
v 0.373389 -0.9855129999999999 2.489825
v -0.176036 -0.5738379999999997 2.928908
v -0.01149 -0.45376599999999984 3.062376
v -0.04645 -0.9572039999999999 2.561728
v -0.406486 -0.7419989999999999 2.49049
v -0.179921 -0.09874599999999982 2.927756
v -0.013433 -0.2162199999999998 3.0618
v -0.509015 -0.33888899999999983 2.563739
v -0.413091 0.06577900000000016 2.486904
v -0.056621 0.28660500000000017 2.567892
v 0.147251 0.3763860000000001 2.155576
v 0.36943 0.3425240000000001 2.155427
v 0.570946 0.24408800000000014 2.155666
v 0.835023 -0.10890399999999986 2.15592
v 0.871099 -0.3280619999999999 2.155588
v 0.83861 -0.5477579999999999 2.155427
v 0.580339 -0.9048469999999998 2.155975
v 0.380458 -1.0064319999999998 2.155922
v 0.158863 -1.0437749999999997 2.155576
v -0.264833 -0.9114769999999999 2.155666
v -0.424442 -0.7551019999999999 2.155978
v -0.528908 -0.5584869999999998 2.15592
v -0.532497 -0.11963199999999986 2.155427
v -0.431261 0.07859800000000014 2.155677
v -0.274228 0.23745700000000014 2.155975
v 0.730557 0.08771200000000014 2.155978
v 0.737374 -0.7459879999999999 2.155677
v -0.063315 -1.0099129999999998 2.155427
v -0.564987 -0.3393269999999999 2.155588
v -0.074347 0.3390430000000001 2.155922
v 0.146762 0.4361950000000001 2.060522
v 0.387654 0.3994800000000001 2.060522
v 0.606146 0.2927520000000001 2.060522
v 0.892464 -0.08997099999999987 2.060522
v 0.931581 -0.3275879999999999 2.060522
v 0.896354 -0.5657879999999998 2.060522
v 0.61633 -0.9529529999999999 2.060522
v 0.399613 -1.0630929999999998 2.060522
v 0.159353 -1.1035849999999998 2.060522
v -0.300029 -0.9601419999999999 2.060522
v -0.473083 -0.7905959999999999 2.060522
v -0.586346 -0.5774199999999999 2.060522
v -0.590238 -0.10160299999999987 2.060522
v -0.480474 0.11332500000000012 2.060522
v -0.310214 0.2855630000000001 2.060522
v 0.779198 0.12320800000000012 2.060522
v 0.786589 -0.7807139999999999 2.060522
v -0.081539 -1.0668679999999997 2.060522
v -0.625464 -0.3398029999999999 2.060522
v -0.093498 0.3957050000000001 2.060522
v 0.9665 -1.035216 5.200000000006339E-05
v 1.570467 -1.029652 0.7424110000000002
v 1.570466 0.47739400000000004 0.753397
v 1.570467 -0.3341839999999999 0.753397
v -0.13354 -1.77475 0.8549340000000001
v 1.570466 -0.44421599999999994 0.742411
v 0.999086 -1.216515 9.100000000007449E-05
v -0.693678 -1.216515 9.100000000007449E-05
v 0.999086 -1.216515 9.100000000007449E-05
v 0.999086 0.537938 9.099999999996707E-05
v 0.999086 -1.216515 1.672891
v -0.693678 -1.216515 1.672891
v 0.999086 -1.216515 1.672891
v 0.999084 0.5378660000000001 1.672891
v 1.570467 -0.3341839999999999 1.244561
v 1.570466 0.47739400000000004 1.244568
v 1.570467 -1.029652 1.233579
v 1.570466 0.477394 0.00012899999999997077
v 1.570467 -0.334184 0.00012900000000002046
v 1.570466 -0.444216 0.00012300000000002722
v 1.570466 -0.44421599999999994 1.233579
v 1.570467 -1.029652 0.00012300000000006305
v -0.217479 -1.851116 0.9377530000000001
v 0.660664 -1.179304 0.9377530000000001
v 0.660703 -1.851093 0.9377530000000001
v -0.217483 -1.179304 0.9377530000000001
v 0.660703 -1.851093 1.2230590000000001
v -0.217479 -1.851116 1.2230600000000003
v -0.217479 -1.851116 0.9377530000000001
v 0.660703 -1.851093 0.9377530000000001
v -0.643566 0.37668000000000007 1.076434
v -0.643496 -0.9386499999999999 1.076434
v -1.290134 0.37668100000000004 1.076434
v -1.455307 0.26379900000000006 1.076434
v 1.445172 0.90185 0.732756
v 1.089982 0.90185 0.732756
v 1.129701 0.7361900000000001 1.223819
v 1.416648 0.7364250000000001 1.223819
v 1.129701 0.6985630000000002 1.268662
v 1.416648 0.6987980000000001 1.268662
v 1.129701 0.6478690000000001 1.239394
v 1.416648 0.6481040000000001 1.239394
v 1.419216 0.7652570000000001 1.260192
v 1.419216 0.6759190000000002 1.308671
v 1.419216 0.6082220000000002 1.239143
v 1.419216 0.6564860000000001 1.151157
v 1.419216 0.7448050000000002 1.159911
v 1.427226 0.47552400000000006 1.247109
v 1.461926 0.47552400000000006 1.247109
v 1.427226 0.7131930000000001 1.247109
v 1.461926 0.7131930000000001 1.247109
v 1.445117 0.4641350000000001 1.033753
v 1.445117 0.45801900000000006 0.969734
v 1.445117 0.6383660000000001 1.245129
v 1.445117 0.7006830000000001 1.24449
v 1.144519 0.2940550000000001 1.387943
v 1.144519 0.2531120000000001 1.387943
v 1.144519 0.29405500000000007 1.142866
v 1.144519 0.25311200000000006 1.142866
v 1.444615 0.579561 0.73276
v 1.089425 0.579561 0.73276
v 1.118593 0.7131930000000001 1.247109
v 1.083892 0.7131930000000001 1.247109
v 1.118593 0.47552400000000006 1.247109
v 1.083892 0.47552400000000006 1.247109
v 1.102485 0.45801900000000006 0.969734
v 1.102485 0.7006830000000001 1.24449
v 1.102485 0.4641350000000001 1.033753
v 1.102485 0.6383660000000001 1.245129
v 1.119727 0.6082210000000001 1.239143
v 1.119727 0.6759190000000002 1.308671
v 1.119727 0.7652570000000001 1.260192
v 1.119727 0.7448050000000002 1.159911
v 1.119727 0.6564860000000001 1.151157
v 1.119727 0.6564860000000001 1.151157
v 1.119727 0.7448050000000002 1.159911
v 1.119727 0.7652570000000001 1.260192
v 1.119727 0.6759190000000002 1.308671
v 1.119727 0.6082220000000002 1.239143
v -1.415808 1.38089 0.40774899999999986
v -1.406996 1.192694 0.6181279999999999
v -1.433882 1.341409 0.4077489999999999
v -1.328466 1.109185 0.8641719999999999
v -1.404258 0.999383 0.8622339999999998
v -1.53136 0.961208 0.8668169999999998
v -1.653472 1.015575 0.8668169999999998
v -1.553262 1.283185 0.8600789999999999
v -1.397488 1.21383 0.8600789999999999
v -1.689541 1.154768 1.08043
v -1.669472 1.235593 1.08043
v -1.576907 0.803181 0.511696
v -1.689323 0.978708 0.4077489999999999
v -1.689541 1.154768 0.8600789999999999
v -1.669472 1.235592 0.8600789999999999
v -1.696077 1.037207 0.8343679999999999
v -1.656978 1.019799 0.8343679999999999
v -1.668708 0.994906 0.8671629999999999
v -1.707808 1.012315 0.8671629999999999
v -1.203237 1.817966 1.6057839999999999
v -1.217639 1.824378 1.6057839999999999
v -1.20591 1.849271 1.5729889999999997
v -1.191508 1.842859 1.5729889999999997
v -1.686569 1.221389 1.02772
v -1.344323 1.060108 1.02772
v -1.703327 1.185829 1.02772
v -1.361081 1.024547 1.02772
v -1.570112 1.086625 1.547373
v -1.567235 1.085216 1.525491
v -1.581224 1.055531 1.525491
v -1.584101 1.056941 1.547373
v -1.622447 1.198454 0.6129489999999999
v -1.626362 1.202734 0.6129489999999999
v -1.603065 1.252239 0.6129489999999999
v -1.599149 1.247959 0.6129489999999999
v -1.437157 1.458053 1.266248
v -1.41491 1.448147 1.266248
v -1.572572 1.124126 1.266248
v -1.591923 1.135411 1.266248
v -1.732397 1.302328 0.1924339999999999
v -1.587864 1.406469 0.1924339999999999
v -1.410204 1.393342 0.1924339999999999
v -1.282548 1.269089 0.1924339999999999
v -1.264626 1.09185 0.19243399999999994
v -1.364823 0.944556 0.19243399999999994
v -1.536258 0.896128 0.19243399999999994
v -1.698713 0.969226 0.19243399999999994
v -1.776174 1.129647 0.19243399999999994
v -1.844274 1.377687 0.0023629999999999155
v -1.628332 1.533284 0.0023629999999999064
v -1.362891 1.513671 0.0023629999999999073
v -1.172161 1.328026 0.0023629999999999186
v -1.145382 1.063214 0.002362999999999935
v -1.295086 0.843144 0.0023629999999999485
v -1.551225 0.770788 0.002362999999999953
v -1.793948 0.880003 0.0023629999999999463
v -1.909684 1.119685 0.0023629999999999316
v -1.614521 1.484398 0.19615699999999991
v -1.758518 0.916405 0.19615699999999994
v -1.802274 1.349115 0.19615699999999991
v -1.522338 1.159055 0.24087199999999992
v -1.383735 1.467346 0.19615699999999991
v -1.217905 1.305938 0.19615699999999991
v -1.194623 1.075698 0.19615699999999994
v -1.324781 0.884357 0.19615699999999994
v -1.54748 0.821447 0.19615699999999994
v -1.859143 1.124797 0.19615699999999994
v -1.562497 1.262663 0.6181279999999999
v -1.355672 1.228676 0.6177929999999999
v -1.5827 1.389498 0.4076169999999999
v -1.572547 1.353413 0.40983699999999995
v -1.328128 1.244057 0.41014599999999996
v -1.299794 1.260383 0.40702599999999994
v -1.565298 1.343393 0.8675609999999999
v -1.67895 1.265067 0.8668159999999999
v -1.708089 1.136507 0.8618689999999999
v -1.343861 1.24229 0.8683899999999999
v -1.626946 1.229982 0.8600789999999999
v -1.388286 1.123723 0.8600789999999999
v -1.439344 1.048648 0.8600789999999999
v -1.649218 1.142091 0.8600789999999999
v -1.609581 1.060799 0.8600789999999999
v -1.618954 1.03997 0.6181279999999999
v -1.526841 1.02357 0.8600789999999999
v -1.742392 0.877643 0.511696
v -1.535116 0.910051 0.4077489999999999
v -1.399274 1.053671 0.6181279999999999
v -1.675375 1.17876 0.6181279999999999
v -1.446255 1.313223 0.6181279999999999
v -1.566262 1.321934 0.6180549999999999
v -1.667827 0.9286670000000001 1.008314
v -1.644028 0.9791720000000002 1.161707
v -1.56785 0.9452550000000001 1.161707
v -1.59165 0.8947510000000001 1.008314
v -1.583764 1.107053 1.243327
v -1.507588 1.073137 1.243327
v -1.515237 1.252471 1.214982
v -1.439061 1.218555 1.214982
v -1.470509 1.347386 1.089936
v -1.394332 1.31347 1.089936
v -1.47051 1.347384 0.9266989999999999
v -1.394333 1.313468 0.9266989999999999
v -1.515239 1.252468 0.8016519999999999
v -1.439062 1.218552 0.8016519999999999
v -1.583766 1.107048 0.7733039999999999
v -1.50759 1.073132 0.7733039999999999
v -1.644029 0.979169 0.8549219999999998
v -1.567851 0.945254 0.8549219999999998
v -1.672939 0.995918 0.6181279999999999
v -1.533301 0.93396 0.6181279999999999
v -1.407986 1.026019 1.08043
v -1.358971 1.093346 1.08043
v -1.53136 0.961208 0.8668169999999998
v -1.526841 1.02357 0.8600789999999999
v -1.541299 1.006301 0.6181279999999999
v -1.533301 0.93396 0.6181279999999999
v -1.439344 1.048648 0.8600789999999999
v -1.388286 1.123723 0.8600789999999999
v -1.397488 1.21383 0.8600789999999999
v -1.406996 1.192694 0.6181279999999999
v -1.407986 1.02602 0.8600789999999999
v -1.358971 1.093345 0.8600789999999999
v -1.532309 0.964208 0.8343679999999999
v -1.493841 0.945445 0.8343679999999999
v -1.543838 0.939221 0.8671629999999999
v -1.505369 0.920459 0.8671629999999999
v -1.212537 1.824845 1.6057839999999999
v -1.201007 1.849832 1.5729889999999997
v -1.186838 1.84292 1.5729889999999997
v -1.198367 1.817934 1.6057839999999999
v -1.501364 1.093464 1.266248
v -1.480281 1.085894 1.266248
v -1.336566 1.413689 1.266248
v -1.358455 1.424364 1.266248
v -1.409767 1.101734 0.6129489999999999
v -1.41457 1.101519 0.6129489999999999
v -1.386819 1.151402 0.6129489999999999
v -1.391622 1.151188 0.6129489999999999
v -1.548616 1.040394 1.547373
v -1.548697 1.040363 1.525491
v -1.534868 1.070191 1.547373
v -1.534949 1.070161 1.525491
v -1.266897 -0.4627609999999999 1.094956
v -0.944608 -0.4633169999999999 1.094961
v -0.944608 -0.8185079999999999 1.094961
v -1.266897 -0.8179509999999999 1.094956
v -1.03701 -0.5644729999999999 1.262248
v -0.999321 -0.5638209999999999 1.262335
v -1.036911 -0.5442489999999999 1.294069
v -0.999223 -0.5435979999999999 1.294156
v -1.101745 -1.3446469999999997 1.954228
v -1.101881 -1.3694049999999998 1.925792
v -1.087999 -1.3691529999999998 1.92576
v -1.087863 -1.3443959999999997 1.954197
v -1.271566 -0.7339419999999999 1.425984
v -0.938358 -0.7352779999999999 1.425807
v -0.938217 -0.7009579999999999 1.430363
v -1.271425 -0.6996209999999999 1.43054
v -0.993357 -0.6971999999999999 1.061585
v -1.023592 -0.6952479999999999 1.061755
v -0.993527 -0.7452019999999999 1.057385
v -1.023763 -0.7432509999999999 1.057556
v -1.081355 -0.7031939999999999 1.891744
v -1.083804 -0.7006039999999999 1.872647
v -1.081472 -0.7318429999999999 1.887941
v -1.083921 -0.7292529999999999 1.868844
v -1.068024 -0.7280259999999998 1.638686
v -1.048378 -0.7298149999999999 1.638448
v -1.047826 -0.9872699999999999 1.650762
v -1.069271 -0.9876589999999998 1.650793
v -1.135697 -0.5095979999999999 1.438525
v -1.136972 -0.8460619999999999 1.57747
v -1.137346 -0.9231739999999999 1.456138
v -1.136972 -0.7981539999999999 1.216613
v -1.136399 -0.6545209999999999 1.210496
v -1.15721 -0.5664839999999999 1.261981
v -1.194899 -0.5658319999999999 1.262068
v -1.157308 -0.5462609999999999 1.293802
v -1.194997 -0.5456089999999999 1.293889
v -1.091703 -1.3714279999999999 1.925809
v -1.09176 -1.3466699999999998 1.954246
v -1.105585 -1.3711939999999998 1.925831
v -1.105643 -1.3464359999999997 1.954268
v -1.128364 -0.7300379999999999 1.638419
v -1.12488 -0.9897429999999999 1.650886
v -1.146324 -0.9893839999999999 1.650937
v -1.14801 -0.7318269999999999 1.638181
v -1.203835 -0.6971999999999999 1.061585
v -1.176306 -0.6952479999999999 1.061755
v -1.203665 -0.7452019999999999 1.057385
v -1.176135 -0.7432509999999999 1.057556
v -1.115838 -0.7031939999999999 1.891744
v -1.116094 -0.7006039999999999 1.872647
v -1.115721 -0.7318429999999999 1.887941
v -1.115977 -0.7292529999999999 1.868844
v -1.203835 -0.5705339999999999 1.061584
v -1.203665 -0.6185369999999999 1.057385
v -1.190159 -0.5701349999999998 1.301219
v -1.189986 -0.6132679999999999 1.314421
v -1.672939 0.995918 0.6181279999999999
v -1.667827 0.9286670000000001 1.008314
v -1.644027 0.9791720000000002 1.161707
v -1.583763 1.107053 1.243327
v -1.515236 1.252471 1.214982
v -1.470508 1.347386 1.089936
v -1.47051 1.347384 0.9266989999999999
v -1.515239 1.252468 0.8016519999999999
v -1.583766 1.107049 0.7733039999999999
v -1.644028 0.97917 0.8549219999999998
v -1.135895 -0.5405619999999999 1.298136
v -1.137346 -0.9042529999999999 1.313624
v -1.139449 -0.7093609999999999 1.621649
v -1.135896 -0.5761199999999999 1.565974
v -1.06227 -0.5083279999999999 1.438694
v -1.062469 -0.5748489999999999 1.566143
v -1.066022 -0.7080909999999999 1.621818
v -1.063545 -0.8447919999999999 1.577638
v -1.063919 -0.9219039999999998 1.456307
v -1.063919 -0.9029819999999998 1.313792
v -1.063545 -0.7968839999999999 1.216781
v -1.062972 -0.6532499999999999 1.210664
v -1.062468 -0.5392909999999999 1.298305
v -1.394332 1.31347 1.089936
v -1.43906 1.218555 1.214982
v -1.507587 1.073137 1.243327
v -1.567851 0.9452560000000001 1.161707
v -1.591651 0.8947510000000001 1.008314
v -1.567852 0.945254 0.8549219999999998
v -1.507589 1.073133 0.7733039999999999
v -1.439062 1.218552 0.8016519999999999
v -1.394334 1.313468 0.9266989999999999
v -1.553262 1.283185 0.8600789999999999
v -1.397488 1.21383 0.8600789999999999
v -1.562497 1.262663 0.6181279999999999
v -1.5827 1.389498 0.4076169999999999
v -1.572547 1.353413 0.40983699999999995
v -1.328128 1.244057 0.41014599999999996
v -1.299794 1.260383 0.40702599999999994
v -1.565298 1.343393 0.8675609999999999
v -1.343861 1.24229 0.8683899999999999
v 0.157502 1.3835 1.042288
v 0.15888 1.084476 1.020319
v 1.736279 0.08561400000000005 0.81719
v 1.517675 0.08548700000000005 0.79494
v -0.175348 0.5014800000000001 1.56803
v -0.175338 0.7303180000000001 1.590872
v 1.754468 -0.752491 0.82075
v 1.525633 -0.752502 0.798499
v -1.454671 -0.8578479999999999 1.26714
v -1.420239 -0.9386569999999999 1.076436
v -1.454655 -0.9822709999999999 1.360593
v -1.454663 -0.9224589999999999 1.348161
v -1.45481 0.17624700000000007 1.26714
v -1.454818 0.24109400000000009 1.348161
v -1.454827 0.30655100000000013 1.360593
v -1.42024 0.26379900000000006 1.076434
v -1.454764 -0.16860399999999995 1.076435
v -1.454804 -0.16860399999999992 1.267299
v -1.371981 0.38762100000000005 1.26714
v -1.334312 -0.9822629999999999 1.26714
v -1.389548 -0.9822669999999999 1.348161
v -0.64349 -0.9821769999999999 1.26714
v -0.643496 -0.9386499999999999 1.076434
v -1.454827 0.30655100000000013 1.360593
v -1.454818 0.24109400000000009 1.348161
v -1.45481 0.17624700000000007 1.26714
v -1.454827 0.3065510000000001 1.076474
v -1.339099 0.42004100000000005 1.26714
v -1.339184 0.42002900000000004 1.076474
v -0.6435 0.42019900000000004 1.076474
v -0.6435 0.42019900000000004 1.267141
v -1.290134 0.37668100000000004 1.076434
v -1.339099 0.42004100000000005 1.26714
v -1.371981 0.38762100000000005 1.26714
v -0.643566 0.37668000000000007 1.076434
v -0.6435 0.42019900000000004 1.267141
v -1.454718 -0.5132389999999999 1.076435
v -1.454678 -0.5132389999999999 1.267299
v -1.454764 -0.16860399999999995 1.076435
v -1.454804 -0.16860399999999992 1.267299
v -1.454655 -0.9822709999999999 1.360593
v -1.389548 -0.9822669999999999 1.348161
v -1.334312 -0.9822629999999999 1.26714
v -1.454655 -0.9822709999999999 1.076474
v -0.64349 -0.9821769999999999 1.26714
v -0.64349 -0.9821769999999999 1.076474
v -1.454671 -0.8578479999999999 1.26714
v -1.454663 -0.9224589999999999 1.348161
v -1.454718 -0.5132389999999999 1.076435
v -1.454678 -0.5132389999999999 1.267299
v -1.454764 -0.16860399999999995 1.076435
v -1.420239 -0.5127459999999999 1.076436
v -1.420239 -0.16809699999999994 1.076436
v -1.454718 -0.5132389999999999 1.076435
v 0.43595 0.7468580000000001 1.593542
v 0.436031 0.5014800000000001 1.571291
v 0.196142 0.5014800000000001 1.654067
v 0.196133 0.7302990000000001 1.676318
v 0.18855 0.5014800000000001 1.51273
v 0.188539 0.7468580000000001 1.534981
v 0.667958 0.7303310000000001 1.681251
v 0.667971 0.5014800000000001 1.659
v 0.675335 0.7468580000000001 1.5707
v 0.675344 0.5014800000000001 1.54845
v -1.488135 -0.275852 0.004748000000000016
v -1.488174 0.055546 0.004747999999999996
v -1.348194 0.05579 0.004263999999999997
v -1.347899 -0.275758 0.004265000000000016
v 0.013264 -1.761761 0.0016030000000001078
v 0.294556 -1.761707 0.0016030000000001078
v 0.295217 -1.876943 0.0020050000000001148
v 0.01331 -1.876986 0.0020050000000001148
v -0.662487 -1.1791889999999998 2.322142
v -0.66249 -1.1791899999999997 2.060522
v -0.662487 0.5014800000000001 2.322142
v -0.66249 0.5014800000000001 2.060522
v 0.966186 0.5014800000000001 2.322142
v 0.966191 0.5014800000000001 2.060522
v -0.526257 1.075451 8.699999999993415E-05
v -0.526257 1.075451 1.020575
v -0.66249 0.5014800000000001 2.060522
v -0.662487 0.5014800000000001 2.322142
v -1.420239 -0.9386569999999999 1.028101
v -1.42024 0.2637880000000001 1.028101
v -1.290125 0.37668000000000007 1.028101
v -0.643491 -0.9386389999999999 1.028101
v -1.420239 -0.938657 9.300000000005747E-05
v -1.420239 -0.9386569999999999 1.028101
v -1.290125 0.37668 9.299999999997693E-05
v -1.290125 0.37668000000000007 1.028101
v -1.42024 0.2637880000000001 1.028101
v -1.42024 0.263788 9.299999999998384E-05
v -1.339184 0.42002900000000004 1.076474
v -1.290125 0.37668000000000007 1.028101
v -0.6435 0.37668100000000004 1.028101
v -1.454709 -0.9822709999999999 1.076455
v -1.420239 -0.9386569999999999 1.028101
v -1.42024 0.2637880000000001 1.028101
v -1.454827 0.3065510000000001 1.076474
v -0.217479 -1.851116 0.9130620000000002
v 0.660703 -1.851093 0.9130620000000002
v 0.660703 -1.851093 0.9377530000000001
v -0.19419 -1.822437 0.0001000000000001116
v -0.217479 -1.851116 0.9130620000000002
v 0.660703 -1.851093 0.9130620000000002
v 0.660703 -1.851093 0.9377530000000001
v -0.217479 -1.851116 0.9377530000000001
v 0.660703 -1.851093 0.9377530000000001
v 0.63479 -1.208903 0.9206340000000001
v -0.217479 -1.851116 0.9377530000000001
v -0.19419 -1.208903 0.9206350000000001
v -0.217479 -1.851116 0.9377530000000001
v 0.660703 -1.851093 0.9130620000000002
v 0.63479 -1.179304 0.8959440000000001
v 0.63479 -1.822263 0.00010000000000011158
v 1.087449 -1.035079 1.57321
v 1.147019 -0.9734419999999999 1.672891
v 1.087477 -1.394467 1.57321
v 0.729461 -1.394529 1.57321
v 0.66268 -1.456525 1.672891
v 1.14704 -1.456238 1.672891
v 0.66268 -1.4565249999999998 1.863166
v 1.147019 -0.9734419999999999 1.863166
v 1.087449 -1.035079 1.57321
v 0.9665 -1.035216 1.57321
v 1.14704 -1.4562379999999997 1.863166
v 1.147019 -0.9734419999999999 1.863166
v 1.087477 -1.394467 1.57321
v 1.087449 -1.035079 1.57321
v 1.087449 -1.035079 1.300000000006338E-05
v 0.66268 -1.4565249999999998 1.863166
v 1.14704 -1.4562379999999997 1.863166
v 0.729461 -1.394529 1.57321
v 1.087477 -1.394467 1.57321
v 1.08745 -1.394467 0.00010200000000008538
v 1.049881 -1.1253549999999999 2.431549
v 1.146981 -1.0719659999999998 2.609429
v 1.049884 -1.2995629999999998 2.431549
v 1.146993 -1.3532559999999998 2.609429
v 0.906013 -1.3875369999999998 2.431549
v 0.900648 -1.4960089999999997 2.609429
v 0.748157 -1.3013049999999997 2.431549
v 0.662653 -1.3560829999999997 2.609429
v 0.748138 -1.1270979999999997 2.431549
v 0.906001 -1.0391229999999998 2.431549
v 0.897383 -0.9306519999999999 2.609429
v 0.66265 -1.0720169999999998 2.609429
v 0.897383 -0.9306519999999999 2.609429
v 1.146981 -1.0719659999999998 2.609429
v 1.049881 -1.1253549999999999 2.431549
v 0.906001 -1.0391229999999998 2.431549
v 1.146981 -1.0719659999999998 2.609429
v 1.146993 -1.3532559999999998 2.609429
v 1.146981 -1.0719659999999998 2.887423
v 1.049884 -1.2995629999999998 2.431549
v 1.049881 -1.1253549999999999 2.431549
v 1.049881 -1.1253549999999999 1.862655
v 1.146993 -1.3532559999999998 2.609429
v 0.900648 -1.4960089999999997 2.609429
v 1.146993 -1.3532559999999998 2.887423
v 0.906013 -1.3875369999999998 2.431549
v 1.049884 -1.2995629999999998 2.431549
v 1.049884 -1.2995629999999998 1.862655
v 0.900648 -1.4960089999999997 2.609429
v 0.662653 -1.3560829999999997 2.609429
v 0.900648 -1.4960089999999997 2.887423
v 0.748157 -1.3013049999999997 2.431549
v 0.906013 -1.3875369999999998 2.431549
v 0.906013 -1.3875369999999998 1.862655
v 0.662653 -1.3560829999999997 2.609429
v 0.66265 -1.0720169999999998 2.609429
v 0.662653 -1.3560829999999997 2.887423
v 0.748138 -1.1270979999999997 2.431549
v 0.748157 -1.3013049999999997 2.431549
v 0.748157 -1.3013049999999997 1.862655
v 0.66265 -1.0720169999999998 2.609429
v 0.897383 -0.9306519999999999 2.609429
v 0.897383 -0.9306519999999998 2.887423
v 0.66265 -1.0720169999999998 2.887423
v 0.906001 -1.0391229999999998 2.431549
v 0.748138 -1.1270979999999997 2.431549
v 0.748138 -1.1270979999999997 1.862655
v 0.906001 -1.0391229999999998 1.862655
v 1.032007 -1.1412829999999998 3.499794
v 1.077466 -1.1149809999999998 3.5978
v 1.03283 -1.2839519999999998 3.499794
v 1.077579 -1.3097319999999997 3.5978
v 0.906072 -1.3559999999999999 3.499794
v 0.906074 -1.4080799999999998 3.5978
v 0.785506 -1.2853779999999997 3.499794
v 0.740767 -1.3116789999999998 3.5978
v 0.785109 -1.1427089999999998 3.499794
v 0.906062 -1.0706619999999998 3.499794
v 0.90606 -1.0185789999999997 3.5978
v 0.739642 -1.1169279999999997 3.5978
v 0.90606 -1.0185789999999997 3.5978
v 1.077466 -1.1149809999999998 3.5978
v 1.032007 -1.1412829999999998 3.499794
v 0.906062 -1.0706619999999998 3.499794
v 1.077466 -1.1149809999999998 3.5978
v 1.077579 -1.3097319999999997 3.5978
v 1.077466 -1.1149809999999998 3.842669
v 1.03283 -1.2839519999999998 3.499794
v 1.032007 -1.1412829999999998 3.499794
v 1.032007 -1.1412829999999998 2.693828
v 1.077579 -1.3097319999999997 3.5978
v 0.906074 -1.4080799999999998 3.5978
v 1.077579 -1.3097319999999997 3.842669
v 0.906072 -1.3559999999999999 3.499794
v 1.03283 -1.2839519999999998 3.499794
v 1.03283 -1.2839519999999998 2.693828
v 0.906074 -1.4080799999999998 3.5978
v 0.740767 -1.3116789999999998 3.5978
v 0.906074 -1.4080799999999998 3.842669
v 0.785506 -1.2853779999999997 3.499794
v 0.906072 -1.3559999999999999 3.499794
v 0.906072 -1.3559999999999999 2.693828
v 0.740767 -1.3116789999999998 3.5978
v 0.739642 -1.1169279999999997 3.5978
v 0.740767 -1.3116789999999998 3.842669
v 0.785109 -1.1427089999999998 3.499794
v 0.785506 -1.2853779999999997 3.499794
v 0.785506 -1.2853779999999997 2.693828
v 0.739642 -1.1169279999999997 3.5978
v 0.90606 -1.0185789999999997 3.5978
v 0.90606 -1.0185789999999997 3.842669
v 0.739642 -1.1169279999999997 3.842669
v 0.906062 -1.0706619999999998 3.499794
v 0.785109 -1.1427089999999998 3.499794
v 0.785109 -1.1427089999999998 2.693828
v 0.906062 -1.0706619999999998 2.693828
v 0.90606 -1.0185789999999997 3.842669
v 1.077466 -1.1149809999999998 3.842669
v 1.077579 -1.3097319999999997 3.842669
v 0.906074 -1.4080799999999998 3.842669
v 0.740767 -1.3116789999999998 3.842669
v 0.739642 -1.1169279999999997 3.842669
v 0.729428 -1.179304 1.57321
v 0.729461 -1.394529 1.57321
v 0.729461 -1.394529 0.0001020000000000854
v 1.570466 0.47739400000000004 1.244568
v 1.563767 0.47289000000000003 1.145107
v 1.570467 -0.3341839999999999 1.244561
v 1.563767 -0.32536599999999993 1.145107
v 0.970754 0.47288500000000006 1.145107
v 1.563767 0.47289000000000003 1.145107
v 1.563767 -0.32536599999999993 1.145107
v 0.970753 -0.3253829999999999 1.145107
v 1.563766 -0.45134399999999997 1.134121
v 1.563767 -1.02494 1.134121
v -0.538768 1.091004 1.119424
v -0.538768 0.5014800000000001 1.119424
v 0.84442 1.091004 1.119424
v -0.538768 1.091004 1.119424
v -0.538768 1.091004 1.020575
v 0.84442 0.5014800000000001 1.119424
v 0.84442 1.091004 1.119424
v 0.84442 1.091004 1.020575
v -0.662487 -1.1791889999999998 2.322142
v -0.66249 -1.1791899999999997 2.060522
v -0.476589 1.023659 1.310947
v -0.390747 1.023663 1.110873
v -0.476589 1.023659 1.310947
v -0.476589 1.024399 1.110873
v -0.526257 1.075451 1.35131
v -0.476589 1.023659 1.310947
v -0.476589 0.9050890000000001 1.110873
v 1.520585 -0.30973899999999993 0.930993
v 1.520585 -0.3097389999999999 1.507856
v 1.520585 0.45161400000000007 0.930993
v 1.520585 0.4516140000000001 1.543074
v 0.834544 1.075451 8.699999999993415E-05
v 0.834544 1.075451 1.020575
v 0.783036 1.023659 1.310947
v 0.699034 1.023663 1.110873
v 0.783036 1.024399 1.110873
v 0.783036 1.023659 1.310947
v 0.834544 1.075451 1.35131
v 0.783036 0.9048670000000001 1.110873
v 0.783036 1.023659 1.310947
v 0.883432 -1.2252709999999998 4.000072
v 0.966191 0.5014800000000001 2.060522
v 0.966186 0.5014800000000001 2.322142
v -0.693761 0.537834 9.099999999996707E-05
v -0.693761 0.5378340000000001 1.672891
v -0.526249 0.9050890000000001 1.110873
v -0.526257 1.075451 1.35131
v -0.526257 1.075451 1.110873
v -0.391305 1.075459 1.110873
v -0.526257 1.075451 1.35131
v 0.834536 0.9039480000000001 1.110873
v 0.834544 1.075451 1.35131
v 0.699592 1.075459 1.110873
v 0.834544 1.075451 1.110873
v 0.834544 1.075451 1.35131
v -0.745042 0.5807970000000001 2.060522
v -0.745042 0.5807970000000001 1.672891
v 1.037808 0.5811160000000001 2.060522
v 1.037808 0.5811160000000001 1.672891
v -0.745015 -1.2710009999999998 2.060522
v -0.745015 -1.271001 1.672891
v 0.694453 -1.3378909999999997 2.693828
v 0.900764 -1.4591879999999997 2.693828
v 0.69445 -1.0899869999999998 2.693828
v 0.694453 -1.3378909999999997 2.693828
v 0.662653 -1.3560829999999997 2.887423
v 0.897878 -0.9674759999999999 2.693828
v 0.69445 -1.0899869999999998 2.693828
v 0.66265 -1.0720169999999998 2.887423
v 1.115182 -1.0905049999999998 2.693828
v 0.897878 -0.9674759999999999 2.693828
v 0.897383 -0.9306519999999998 2.887423
v 1.115192 -1.3349309999999999 2.693828
v 1.115182 -1.0905049999999998 2.693828
v 1.146981 -1.0719659999999998 2.887423
v 0.900764 -1.4591879999999997 2.693828
v 1.115192 -1.3349309999999999 2.693828
v 1.146993 -1.3532559999999998 2.887423
v 0.900648 -1.4960089999999997 2.887423
v 0.970755 -1.025119 1.134121
v 1.563767 -1.02494 1.134121
v 1.570467 -1.029652 1.233579
v 1.570466 -0.44421599999999994 1.233579
v 1.563766 -0.45134399999999997 1.134121
v 0.970753 -0.4518519999999999 1.134121
v 1.520583 -0.46866099999999994 0.920007
v 1.520583 -0.4686609999999999 1.49687
v 1.520586 -1.003873 1.49687
v 1.520586 -1.003873 0.9200070000000001
v 0.63479 -1.259519 0.9206340000000001
v -0.19419 -1.259519 0.9206350000000001
v -0.19419 -1.259519 1.685403
v 0.63479 -1.259519 1.685403
v 0.21785 -0.5253779999999998 3.062264
v 0.282645 -0.7170609999999997 2.928686
v 0.373389 -0.9855129999999999 2.489825
v 0.158863 -1.0437749999999997 2.155576
v 0.570946 0.24408800000000014 2.155666
v 0.36943 0.3425240000000001 2.155427
v 0.83861 -0.5477579999999999 2.155427
v 0.871099 -0.3280619999999999 2.155588
v 0.158863 -1.0437749999999997 2.155576
v 0.380458 -1.0064319999999998 2.155922
v -0.528908 -0.5584869999999998 2.15592
v -0.424442 -0.7551019999999999 2.155978
v -0.274228 0.23745700000000014 2.155975
v -0.431261 0.07859800000000014 2.155677
v 0.835023 -0.10890399999999986 2.15592
v 0.730557 0.08771200000000014 2.155978
v 0.580339 -0.9048469999999998 2.155975
v 0.737374 -0.7459879999999999 2.155677
v -0.264833 -0.9114769999999999 2.155666
v -0.063315 -1.0099129999999998 2.155427
v -0.532497 -0.11963199999999986 2.155427
v -0.564987 -0.3393269999999999 2.155588
v 0.147251 0.3763860000000001 2.155576
v -0.074347 0.3390430000000001 2.155922
v -0.528908 -0.5584869999999998 2.15592
v -0.586346 -0.5774199999999999 2.060522
v -1.446255 1.313223 0.6181279999999999
v -1.566262 1.321934 0.6180549999999999
v -1.355672 1.228676 0.6177929999999999
v -1.672939 0.995918 0.6181279999999999
v -1.533301 0.93396 0.6181279999999999
v -1.433882 1.341409 0.4077489999999999
v -1.572547 1.353413 0.40983699999999995
v -1.328128 1.244057 0.41014599999999996
v -1.742392 0.877643 0.511696
v -1.576907 0.803181 0.511696
v -1.653472 1.015575 0.8668169999999998
v -1.609581 1.060799 0.8600789999999999
v -1.626946 1.229982 0.8600789999999999
v -1.553262 1.283185 0.8600789999999999
v -1.618954 1.03997 0.6181279999999999
v -1.609581 1.060799 0.8600789999999999
v -1.649218 1.142091 0.8600789999999999
v -1.5827 1.389498 0.4076169999999999
v -1.565298 1.343393 0.8675609999999999
v -1.67895 1.265067 0.8668159999999999
v -1.415808 1.38089 0.40774899999999986
v -1.299794 1.260383 0.40702599999999994
v -1.328466 1.109185 0.8641719999999999
v -1.343861 1.24229 0.8683899999999999
v -1.404258 0.999383 0.8622339999999998
v -1.535116 0.910051 0.4077489999999999
v -1.53136 0.961208 0.8668169999999998
v -1.689323 0.978708 0.4077489999999999
v -1.689323 0.978708 0.4077489999999999
v -1.698713 0.969226 0.19243399999999994
v -1.708089 1.136507 0.8618689999999999
v -1.653472 1.015575 0.8668169999999998
v -1.909684 1.119685 0.0023629999999999316
v -1.859143 1.124797 0.19615699999999994
v -1.535116 0.910051 0.4077489999999999
v -1.576907 0.803181 0.511696
v -1.533301 0.93396 0.6181279999999999
v -1.802274 1.349115 0.19615699999999991
v -1.614521 1.484398 0.19615699999999991
v -1.859143 1.124797 0.19615699999999994
v -1.383735 1.467346 0.19615699999999991
v -1.217905 1.305938 0.19615699999999991
v -1.194623 1.075698 0.19615699999999994
v -1.324781 0.884357 0.19615699999999994
v -1.54748 0.821447 0.19615699999999994
v -1.758518 0.916405 0.19615699999999994
v -1.672939 0.995918 0.6181279999999999
v -1.742392 0.877643 0.511696
v -1.689323 0.978708 0.4077489999999999
v -1.50759 1.073132 0.7733039999999999
v -1.583766 1.107048 0.7733039999999999
v -1.526841 1.02357 0.8600789999999999
v -1.541299 1.006301 0.6181279999999999
v -1.137346 -0.9042529999999999 1.313624
v -1.136972 -0.7981539999999999 1.216613
v -1.136399 -0.6545209999999999 1.210496
v -1.135895 -0.5405619999999999 1.298136
v -1.135697 -0.5095979999999999 1.438525
v -1.135896 -0.5761199999999999 1.565974
v -1.139449 -0.7093609999999999 1.621649
v -1.136972 -0.8460619999999999 1.57747
v -1.137346 -0.9231739999999999 1.456138
v -1.063919 -0.9029819999999998 1.313792
v -1.063919 -0.9219039999999998 1.456307
v -1.063545 -0.8447919999999999 1.577638
v -1.066022 -0.7080909999999999 1.621818
v -1.062469 -0.5748489999999999 1.566143
v -1.06227 -0.5083279999999999 1.438694
v -1.062468 -0.5392909999999999 1.298305
v -1.062972 -0.6532499999999999 1.210664
v -1.063545 -0.7968839999999999 1.216781
v -1.42024 0.26379900000000006 1.076434
v -1.454827 0.30655100000000013 1.360593
v -1.454655 -0.9822709999999999 1.360593
v -1.420239 -0.9386569999999999 1.076436
v -1.454827 0.30655100000000013 1.360593
v -1.454827 0.3065510000000001 1.076474
v -1.339184 0.42002900000000004 1.076474
v -1.339099 0.42004100000000005 1.26714
v -1.454655 -0.9822709999999999 1.360593
v -1.454655 -0.9822709999999999 1.076474
v -1.409754 -0.706079 0.13928800000000005
v -1.536706 -0.71548 9.300000000004381E-05
v -1.417328 0.257728 0.22656099999999998
v -1.513894 0.362766 9.299999999997778E-05
v -1.417328 0.257728 0.22656099999999998
v 0.660703 -1.851093 0.9377530000000001
v -0.217479 -1.851116 0.9130620000000002
v 0.65231 1.383776 1.118026
v 0.652353 1.084482 1.094995
v 0.65231 1.383776 1.118026
v 0.506247 -1.921687 0.009550000000000117
v 0.501321 -1.817219 0.1292410000000001
v -0.190731 -1.822689 0.2020630000000001
v -0.248826 -1.893727 0.009550000000000116
v 1.736242 0.41967600000000005 0.892432
v 1.517668 0.41955000000000003 0.870182
v 1.736242 0.41967600000000005 0.892432
v -0.432084 -1.280422 0.8874990000000001
v -0.133671 -1.280408 0.8652490000000002
v -0.432084 -1.280422 0.8874990000000001
v -0.431808 -1.774823 0.8782870000000002
v -0.431808 -1.774823 0.8782870000000002
v -0.13354 -1.77475 0.8549340000000001
v -0.418717 0.7303340000000001 1.667105
v -0.418717 0.7303340000000001 1.667105
v -0.418718 0.5014800000000001 1.643752
v 1.574149 -0.30973899999999993 0.930993
v 1.574149 -0.3097389999999999 1.507856
v 1.574149 -0.30973899999999993 0.930993
v 1.574149 -0.3425119999999999 0.930993
v 1.520585 -0.34253199999999995 0.930993
v 1.520585 -0.3425319999999999 1.507856
v 1.520585 -0.3425319999999999 1.507856
v 1.574149 -0.34251199999999987 1.507856
v 1.574149 -0.3425119999999999 0.930993
v 1.520585 0.48440800000000006 0.930993
v 1.520585 0.4844080000000001 1.507856
v 1.520585 0.48440800000000006 0.930993
v 1.574149 0.48440800000000006 0.930993
v 1.574149 0.4844080000000001 1.507856
v 1.574149 0.48440800000000006 0.930993
v 1.574149 0.45163400000000004 0.930993
v 1.574149 0.4516340000000001 1.507856
v 1.574149 0.45163400000000004 0.930993
v 0.90621 -1.2118289999999998 4.06765
v 0.827954 -1.1672909999999999 3.911828
v 0.90621 -1.2118289999999998 4.06765
v 0.90621 -1.2118289999999998 4.06765
v 0.90621 -1.2118289999999998 4.06765
v 0.984414 -1.2571639999999997 3.911828
v 0.906206 -1.2119349999999998 5.187173
v 0.906206 -1.2119349999999998 5.187173
v 0.906206 -1.2119349999999998 5.187173
v 0.906206 -1.2119349999999998 5.187173
v 1.574147 -0.46866099999999994 0.920007
v 1.574147 -0.4686609999999999 1.49687
v 1.574147 -0.46866099999999994 0.920007
v 1.574148 -0.43588799999999994 0.920007
v 1.574147 -0.4358879999999999 1.49687
v 1.520583 -0.43586799999999987 1.49687
v 1.520583 -0.43586799999999987 1.49687
v 1.520583 -0.4358679999999999 0.920007
v 1.574148 -0.43588799999999994 0.920007
v 1.520587 -1.036666 0.9200070000000001
v 1.520586 -1.036666 1.49687
v 1.520587 -1.036666 0.9200070000000001
v 1.574151 -1.036666 0.9200070000000001
v 1.57415 -1.036666 1.49687
v 1.574151 -1.036666 0.9200070000000001
v 1.574151 -1.003893 0.9200070000000001
v 1.574151 -1.003893 1.49687
v 1.574151 -1.003893 0.9200070000000001
v 1.754452 -0.516578 0.891059
v 1.754452 -0.516578 0.891059
v 1.525633 -0.516587 0.868808
v 0.153055 -0.3336929999999998 3.267585
v 0.153055 -0.3336929999999998 3.267585
v 1.129701 0.6985630000000002 1.268662
v 1.416648 0.6987980000000001 1.268662
v 1.129701 0.6985630000000002 1.268662
v -0.334593 1.08447 1.091193
v -0.334593 1.08447 1.091193
v -0.337306 1.383224 1.112101
v 1.736317 -0.24844699999999995 0.887499
v 1.736317 -0.24844699999999995 0.887499
v 1.517683 -0.24857599999999994 0.865249
v 0.068041 0.7303020000000001 1.660189
v 0.068041 0.7303020000000001 1.660189
v 0.068022 0.5014800000000001 1.637858
v 1.754484 -0.988404 0.8959920000000001
v 1.754484 -0.988404 0.8959920000000001
v 1.525633 -0.988417 0.8737410000000001
v 0.196133 0.7302990000000001 1.676318
v 0.196133 0.7302990000000001 1.676318
v 0.196142 0.5014800000000001 1.654067
v 0.667971 0.5014800000000001 1.659
v 0.667958 0.7303310000000001 1.681251
v 0.667971 0.5014800000000001 1.659
vt 0.432831 0.724207
vt 0.671574 0.681444
vt 0.015300 0.681519
vt 0.239908 0.710935
vt 0.463053 0.710935
vt 0.671574 0.710860
vt 0.015300 0.710935
vt 0.120697 0.538598
vt 0.119937 0.671495
vt 0.076889 0.671495
vt 0.075639 0.538598
vt 0.098284 0.671495
vt 0.667741 0.724264
vt 0.663138 0.994646
vt 0.220189 0.994646
vt 0.080165 0.043360
vt 0.079988 0.066159
vt 0.100061 0.055515
vt 0.060956 0.056569
vt 0.041411 0.023649
vt 0.040495 0.054655
vt 0.026030 0.048860
vt 0.053855 0.050985
vt 0.067922 0.040277
vt 0.010998 0.037376
vt 0.058851 0.872205
vt 0.058848 0.879525
vt 0.167469 0.879516
vt 0.167478 0.872215
vt 0.043177 0.994228
vt 0.043177 0.881244
vt 0.187762 0.994228
vt 0.187762 0.881244
vt 0.168248 0.891279
vt 0.884798 0.803196
vt 0.454714 0.803196
vt 0.224965 0.803196
vt 0.995223 0.225086
vt 0.786254 0.018606
vt 0.995260 0.018622
vt 0.404551 0.499141
vt 0.130183 0.385249
vt 0.017620 0.379920
vt 0.404551 0.380309
vt 0.017620 0.498488
vt 0.322332 0.385638
vt 0.311929 0.380309
vt 0.120759 0.379920
vt 0.675192 0.017762
vt 0.904392 0.993924
vt 0.976710 0.994110
vt 0.904203 0.928942
vt 0.976520 0.928758
vt 0.487824 0.533368
vt 0.685583 0.503966
vt 0.765925 0.503966
vt 0.572190 0.533285
vt 0.686587 0.568014
vt 0.487824 0.568098
vt 0.487823 0.572800
vt 0.578287 0.503966
vt 0.690471 0.533581
vt 0.574501 0.503966
vt 0.553544 0.423909
vt 0.682142 0.503966
vt 0.553544 0.499141
vt 0.576300 0.568013
vt 0.774841 0.568311
vt 0.774815 0.533777
vt 0.774841 0.573065
vt 0.493659 0.503966
vt 0.848691 0.995781
vt 0.848691 0.941792
vt 0.780764 0.995749
vt 0.994551 0.499595
vt 0.806826 0.499595
vt 0.871345 0.511360
vt 0.879806 0.499595
vt 0.798575 0.669957
vt 0.871259 0.669882
vt 0.807417 0.417945
vt 0.814602 0.400884
vt 0.781685 0.400884
vt 0.851064 0.400884
vt 0.882132 0.417945
vt 0.888375 0.400884
vt 0.924229 0.400884
vt 0.960022 0.400884
vt 0.781685 0.368797
vt 0.814602 0.368797
vt 0.851064 0.368797
vt 0.888375 0.368797
vt 0.924229 0.368797
vt 0.960022 0.368800
vt 0.788258 0.476236
vt 0.807417 0.476236
vt 0.844866 0.476236
vt 0.882132 0.476236
vt 0.918657 0.476236
vt 0.953665 0.476236
vt 0.809691 0.257934
vt 0.787198 0.257934
vt 0.846030 0.257934
vt 0.883195 0.257934
vt 0.918820 0.257934
vt 0.954828 0.257934
vt 0.842116 0.090977
vt 0.809691 0.230579
vt 0.787198 0.230579
vt 0.789903 0.356642
vt 0.806421 0.356642
vt 0.846030 0.230579
vt 0.843079 0.356642
vt 0.883195 0.230579
vt 0.880487 0.356642
vt 0.918820 0.230579
vt 0.915801 0.356642
vt 0.954828 0.230579
vt 0.951878 0.356642
vt 0.782159 0.480780
vt 0.780768 0.941785
vt 0.782137 0.499595
vt 0.994551 0.480807
vt 0.956607 0.499595
vt 0.941170 0.669911
vt 0.503678 0.348117
vt 0.507073 0.348117
vt 0.688228 0.348117
vt 0.427424 0.499141
vt 0.583328 0.499141
vt 0.432282 0.499141
vt 0.578466 0.439081
vt 0.578466 0.499141
vt 0.573135 0.422404
vt 0.427424 0.359231
vt 0.583328 0.359233
vt 0.577467 0.348117
vt 0.507073 0.414842
vt 0.503679 0.414842
vt 0.507073 0.359232
vt 0.537950 0.414842
vt 0.503679 0.359231
vt 0.688228 0.336151
vt 0.507073 0.336151
vt 0.427424 0.499141
vt 0.583328 0.359232
vt 0.125993 0.671475
vt 0.279134 0.504135
vt 0.279134 0.671474
vt 0.125993 0.518909
vt 0.125993 0.529083
vt 0.279133 0.518910
vt 0.279133 0.529083
vt 0.014594 0.504240
vt 0.014601 0.671127
vt 0.076524 0.504240
vt 0.076539 0.671105
vt 0.014594 0.519022
vt 0.014594 0.529082
vt 0.076524 0.519022
vt 0.076524 0.529083
vt 0.125992 0.504108
vt 0.014594 0.554598
vt 0.085869 0.554598
vt 0.391758 0.554598
vt 0.286301 0.554598
vt 0.402799 0.669252
vt 0.475777 0.669252
vt 0.621484 0.306987
vt 0.621484 0.269906
vt 0.639940 0.269906
vt 0.639940 0.306987
vt 0.480661 0.269906
vt 0.480661 0.306987
vt 0.466009 0.306987
vt 0.466009 0.269906
vt 0.330383 0.503906
vt 0.393507 0.503906
vt 0.393496 0.671673
vt 0.331059 0.671680
vt 0.330383 0.518688
vt 0.331059 0.529582
vt 0.393496 0.529620
vt 0.393507 0.518688
vt 0.078829 0.017496
vt 0.078434 0.036697
vt 0.064501 0.028911
vt 0.111659 0.023382
vt 0.111335 0.048374
vt 0.132095 0.039424
vt 0.091526 0.039959
vt 0.699475 0.262517
vt 0.699475 0.225435
vt 0.778167 0.262517
vt 0.778167 0.225435
vt 0.664609 0.306987
vt 0.664609 0.269906
vt 0.644817 0.269906
vt 0.644817 0.306987
vt 0.762485 0.269906
vt 0.762485 0.306987
vt 0.778080 0.306987
vt 0.778080 0.269906
vt 0.093118 0.028739
vt 0.601521 0.262517
vt 0.601521 0.225435
vt 0.581365 0.225435
vt 0.581365 0.262517
vt 0.680099 0.225435
vt 0.693493 0.262517
vt 0.693493 0.225435
vt 0.487823 0.669552
vt 0.774841 0.669553
vt 0.508621 0.808281
vt 0.482734 0.808281
vt 0.482734 0.993913
vt 0.508621 0.993913
vt 0.113758 0.512661
vt 0.483027 0.225435
vt 0.465543 0.225435
vt 0.465543 0.262517
vt 0.562366 0.225435
vt 0.575792 0.262517
vt 0.575792 0.225435
vt 0.102957 0.512128
vt 0.472797 0.414842
vt 0.583328 0.414842
vt 0.568461 0.988173
vt 0.573468 0.988173
vt 0.573468 0.904597
vt 0.568461 0.898649
vt 0.555672 0.988173
vt 0.555672 0.904597
vt 0.560387 0.988173
vt 0.560387 0.904597
vt 0.515641 0.988173
vt 0.520984 0.988173
vt 0.520984 0.904597
vt 0.515641 0.898649
vt 0.529598 0.988173
vt 0.529598 0.904597
vt 0.534630 0.988173
vt 0.534630 0.904597
vt 0.127462 0.537963
vt 0.260835 0.267616
vt 0.246717 0.267668
vt 0.011413 0.994646
vt 0.274530 0.537973
vt 0.281430 0.538624
vt 0.282900 0.671495
vt 0.206028 0.267093
vt 0.328061 0.538624
vt 0.305050 0.671495
vt 0.299519 0.511476
vt 0.288365 0.512117
vt 0.220172 0.267146
vt 0.239762 0.681520
vt 0.463361 0.724203
vt 0.786225 0.225084
vt 0.583328 0.414842
vt 0.427424 0.414842
vt 0.291425 0.380309
vt 0.994551 0.669928
vt 0.562366 0.262517
vt 0.483027 0.262517
vt 0.946847 0.095545
vt 0.956980 0.075667
vt 0.935072 0.076640
vt 0.924999 0.096420
vt 0.936784 0.115327
vt 0.958681 0.114347
vt 0.968752 0.094567
vt 0.012235 0.228036
vt 0.018909 0.086784
vt 0.015701 0.086675
vt 0.031673 0.087911
vt 0.028489 0.087526
vt 0.025296 0.087209
vt 0.022112 0.086963
vt 0.216132 0.754673
vt 0.432831 0.754672
vt 0.667741 0.754673
vt 0.015269 0.754673
vt 0.463361 0.754673
vt 0.011413 0.803196
vt 0.663138 0.803196
vt 0.220189 0.803196
vt 0.633547 0.681318
vt 0.463053 0.681318
vt 0.633547 0.710935
vt 0.015268 0.724203
vt 0.216132 0.724203
vt 0.098284 0.543291
vt 0.305050 0.543291
vt 0.119937 0.554598
vt 0.076889 0.554598
vt 0.098284 0.554598
vt 0.282900 0.554598
vt 0.326587 0.554598
vt 0.305050 0.554598
vt 0.448776 0.297469
vt 0.442894 0.286736
vt 0.451335 0.278616
vt 0.462013 0.284405
vt 0.460950 0.295016
vt 0.664308 0.190809
vt 0.671401 0.195989
vt 0.629135 0.190809
vt 0.622386 0.195989
vt 0.656418 0.803196
vt 0.463361 0.803196
vt 0.498383 0.207067
vt 0.505312 0.202072
vt 0.529488 0.202072
vt 0.533423 0.207067
vt 0.656418 0.758512
vt 0.884798 0.758512
vt 0.224966 0.758512
vt 0.454714 0.758512
vt 0.463361 0.758512
vt 0.503678 0.336151
vt 0.441519 0.499141
vt 0.441519 0.423887
vt 0.694073 0.573065
vt 0.579553 0.572646
vt 0.283075 0.385249
vt 0.017620 0.385249
vt 0.404551 0.385638
vt 0.402799 0.508407
vt 0.475777 0.508407
vt 0.994551 0.511360
vt 0.782121 0.511360
vt 0.798663 0.511360
vt 0.965090 0.511360
vt 0.513307 0.855909
vt 0.513307 0.868875
vt 0.513307 0.885505
vt 0.513307 0.901569
vt 0.513307 0.821874
vt 0.513307 0.837591
vt 0.863232 0.070242
vt 0.880212 0.099768
vt 0.914682 0.099768
vt 0.931837 0.070647
vt 0.914688 0.039681
vt 0.880555 0.039680
vt 0.130183 0.498488
vt 0.283075 0.498488
vt 0.322332 0.498876
vt 0.694073 0.669546
vt 0.579553 0.669546
vt 0.062711 0.994228
vt 0.062711 0.891279
vt 0.168248 0.994228
vt 0.806421 0.271245
vt 0.789903 0.271245
vt 0.843079 0.271245
vt 0.880487 0.271245
vt 0.915801 0.271245
vt 0.951878 0.271245
vt 0.788258 0.417945
vt 0.844866 0.417945
vt 0.918657 0.417945
vt 0.953665 0.417945
vt 0.577467 0.336151
vt 0.326587 0.671495
vt 0.772226 0.348117
vt 0.507073 0.348117
vt 0.503678 0.348117
vt 0.702541 0.348117
vt 0.772226 0.336151
vt 0.996847 0.917404
vt 0.996847 0.827928
vt 0.702541 0.336151
vt 0.432282 0.499141
vt 0.432282 0.439081
vt 0.427424 0.414842
vt 0.578466 0.439081
vt 0.583328 0.499141
vt 0.507073 0.414842
vt 0.507073 0.359232
vt 0.503679 0.359231
vt 0.427423 0.359232
vt 0.503679 0.414842
vt 0.573135 0.422404
vt 0.472797 0.414842
vt 0.568461 0.988173
vt 0.573468 0.988173
vt 0.573468 0.898649
vt 0.568461 0.904597
vt 0.555672 0.988173
vt 0.555672 0.904597
vt 0.560387 0.988173
vt 0.560387 0.904597
vt 0.515641 0.988173
vt 0.520984 0.988173
vt 0.520984 0.898649
vt 0.515641 0.904597
vt 0.529598 0.988173
vt 0.529598 0.904597
vt 0.534630 0.988173
vt 0.534630 0.904597
vt 0.432282 0.439081
vt 0.437606 0.422404
vt 0.578466 0.499141
vt 0.537950 0.414842
vt 0.437606 0.422404
vt 0.976710 0.994110
vt 0.976520 0.928758
vt 0.904203 0.928942
vt 0.904392 0.993924
vt 0.664308 0.204244
vt 0.671401 0.199062
vt 0.622386 0.199062
vt 0.629135 0.204244
vt 0.485505 0.225435
vt 0.485505 0.262517
vt 0.465543 0.225435
vt 0.465543 0.262517
vt 0.560081 0.262517
vt 0.560081 0.225435
vt 0.575792 0.262517
vt 0.575792 0.225435
vt 0.239938 0.223109
vt 0.223793 0.185025
vt 0.195562 0.209761
vt 0.212414 0.150573
vt 0.189289 0.076745
vt 0.142815 0.115567
vt 0.162188 0.193084
vt 0.095701 0.151308
vt 0.152639 0.262363
vt 0.193492 0.246056
vt 0.085759 0.210855
vt 0.067271 0.269321
vt 0.320782 0.203674
vt 0.285558 0.215762
vt 0.394662 0.232057
vt 0.391792 0.171301
vt 0.277405 0.154848
vt 0.261270 0.187480
vt 0.351355 0.128643
vt 0.310516 0.085036
vt 0.250012 0.081617
vt 0.214186 0.022263
vt 0.174967 0.032573
vt 0.138384 0.045869
vt 0.076876 0.094059
vt 0.055315 0.126113
vt 0.037688 0.158003
vt 0.020027 0.227249
vt 0.015885 0.261340
vt 0.011595 0.293155
vt 0.449179 0.186184
vt 0.435590 0.150806
vt 0.419415 0.117290
vt 0.365777 0.061187
vt 0.330356 0.042586
vt 0.294360 0.027739
vt 0.105530 0.068892
vt 0.027068 0.193517
vt 0.454975 0.221427
vt 0.393854 0.087399
vt 0.253778 0.022721
vt 0.236693 0.332562
vt 0.274424 0.332562
vt 0.313199 0.332562
vt 0.389360 0.332562
vt 0.428451 0.332562
vt 0.465147 0.332562
vt 0.541559 0.332562
vt 0.582028 0.332562
vt 0.617357 0.332562
vt 0.693278 0.332562
vt 0.734289 0.332562
vt 0.772797 0.332562
vt 0.085879 0.332562
vt 0.120913 0.332562
vt 0.159427 0.332562
vt 0.351512 0.332562
vt 0.505049 0.332562
vt 0.658671 0.332562
vt 0.048016 0.332562
vt 0.197007 0.332562
vt 0.782034 0.669952
vt 0.583328 0.414842
vt 0.583328 0.414842
vt 0.427424 0.414842
vt 0.680099 0.262517
vt 0.427424 0.414842
vt 0.432422 0.994646
vt 0.641180 0.994646
vt 0.448026 0.994646
vt 0.231650 0.994646
vt 0.432422 0.803196
vt 0.641180 0.803196
vt 0.448032 0.803197
vt 0.231660 0.803196
vt 0.690994 0.359231
vt 0.587803 0.359233
vt 0.774599 0.359232
vt 0.587803 0.500126
vt 0.690995 0.500130
vt 0.700160 0.498885
vt 0.700160 0.359232
vt 0.774599 0.498885
vt 0.690471 0.564308
vt 0.487824 0.564095
vt 0.572190 0.564095
vt 0.774841 0.564308
vt 0.576300 0.533149
vt 0.686587 0.533150
vt 0.686587 0.564011
vt 0.576300 0.564010
vt 0.778882 0.220854
vt 0.778892 0.018066
vt 0.696408 0.220854
vt 0.673592 0.201637
vt 0.844564 0.930227
vt 0.787443 0.930227
vt 0.465739 0.213358
vt 0.491593 0.213358
vt 0.465735 0.206771
vt 0.491590 0.206771
vt 0.465730 0.200185
vt 0.491584 0.200185
vt 0.440161 0.296266
vt 0.442040 0.284189
vt 0.431367 0.279341
vt 0.423263 0.288358
vt 0.427860 0.297986
vt 0.619183 0.196462
vt 0.619183 0.201363
vt 0.585190 0.196462
vt 0.585190 0.201363
vt 0.664308 0.204244
vt 0.671401 0.199062
vt 0.629135 0.204244
vt 0.622386 0.199062
vt 0.541834 0.203377
vt 0.541834 0.198893
vt 0.576887 0.203377
vt 0.576887 0.198893
vt 0.844476 0.884581
vt 0.787353 0.884581
vt 0.585190 0.196462
vt 0.585190 0.201363
vt 0.619183 0.196462
vt 0.619183 0.201363
vt 0.671401 0.195989
vt 0.622386 0.195989
vt 0.664308 0.190809
vt 0.629135 0.190809
vt 0.451335 0.278616
vt 0.442894 0.286736
vt 0.448776 0.297469
vt 0.460950 0.295016
vt 0.462013 0.284405
vt 0.423263 0.288358
vt 0.427860 0.297986
vt 0.440161 0.296266
vt 0.442040 0.284189
vt 0.431367 0.279341
vt 0.529999 0.120905
vt 0.537833 0.096254
vt 0.425976 0.070946
vt 0.568424 0.065789
vt 0.586570 0.065789
vt 0.606112 0.065789
vt 0.454236 0.065789
vt 0.504296 0.058546
vt 0.555601 0.058546
vt 0.438662 0.092718
vt 0.446072 0.092718
vt 0.388808 0.019988
vt 0.373671 0.038997
vt 0.438662 0.120153
vt 0.446072 0.120153
vt 0.633407 0.019789
vt 0.644361 0.019789
vt 0.640101 0.019789
vt 0.637667 0.019789
vt 0.640101 0.182545
vt 0.637667 0.182545
vt 0.633407 0.182545
vt 0.644361 0.182545
vt 0.615072 0.117914
vt 0.615072 0.067364
vt 0.611015 0.117914
vt 0.611015 0.067364
vt 0.661141 0.019927
vt 0.665223 0.019927
vt 0.670666 0.019927
vt 0.656378 0.019927
vt 0.670666 0.182307
vt 0.656378 0.182307
vt 0.661141 0.182307
vt 0.665223 0.182307
vt 0.414575 0.056077
vt 0.411871 0.056077
vt 0.411871 0.102530
vt 0.414575 0.102530
vt 0.492134 0.148857
vt 0.510633 0.148966
vt 0.530127 0.149171
vt 0.549531 0.148982
vt 0.568469 0.148919
vt 0.586362 0.148935
vt 0.606224 0.148998
vt 0.627604 0.149171
vt 0.474904 0.148893
vt 0.454872 0.052428
vt 0.475885 0.052428
vt 0.498274 0.052428
vt 0.521367 0.052428
vt 0.544468 0.052428
vt 0.566883 0.052428
vt 0.587938 0.052428
vt 0.606999 0.052428
vt 0.627846 0.052428
vt 0.475885 0.028485
vt 0.606999 0.028485
vt 0.454872 0.028485
vt 0.918808 0.152859
vt 0.498274 0.028485
vt 0.521367 0.028485
vt 0.544468 0.028485
vt 0.566883 0.028485
vt 0.587938 0.028485
vt 0.627846 0.028485
vt 0.520290 0.115962
vt 0.367257 0.021321
vt 0.518771 0.120905
vt 0.425976 0.056908
vt 0.425976 0.084984
vt 0.541226 0.120905
vt 0.510497 0.065789
vt 0.492351 0.065789
vt 0.474903 0.065789
vt 0.549581 0.065789
vt 0.490334 0.058546
vt 0.569184 0.058546
vt 0.585557 0.058546
vt 0.474903 0.058546
vt 0.460760 0.058546
vt 0.537238 0.115962
vt 0.600914 0.058546
vt 0.388808 0.038997
vt 0.373671 0.019988
vt 0.349104 0.018712
vt 0.346805 0.040674
vt 0.371593 0.031353
vt 0.365582 0.040479
vt 0.492727 0.167395
vt 0.512028 0.167395
vt 0.512028 0.158103
vt 0.492727 0.158103
vt 0.531327 0.167395
vt 0.531327 0.158103
vt 0.550623 0.167395
vt 0.550623 0.158103
vt 0.569923 0.167395
vt 0.569923 0.158103
vt 0.589224 0.167395
vt 0.589224 0.158103
vt 0.608524 0.167395
vt 0.608524 0.158103
vt 0.627821 0.167395
vt 0.627821 0.158103
vt 0.473426 0.167395
vt 0.473426 0.158103
vt 0.330374 0.033261
vt 0.331371 0.021857
vt 0.438662 0.092718
vt 0.446072 0.092718
vt 0.541021 0.097834
vt 0.537238 0.097834
vt 0.537238 0.115962
vt 0.541021 0.115962
vt 0.530767 0.097834
vt 0.525528 0.097834
vt 0.520290 0.097834
vt 0.520290 0.115962
vt 0.438662 0.120153
vt 0.446072 0.120153
vt 0.644361 0.019789
vt 0.633407 0.019789
vt 0.640101 0.019789
vt 0.637667 0.019789
vt 0.640101 0.182545
vt 0.644361 0.182545
vt 0.633407 0.182545
vt 0.637667 0.182545
vt 0.411871 0.102530
vt 0.414575 0.102530
vt 0.414575 0.056077
vt 0.411871 0.056077
vt 0.656378 0.182307
vt 0.670666 0.182307
vt 0.661141 0.182307
vt 0.665223 0.182307
vt 0.656378 0.019927
vt 0.670666 0.019927
vt 0.661141 0.019927
vt 0.665223 0.019927
vt 0.844564 0.930227
vt 0.844476 0.884581
vt 0.787353 0.884581
vt 0.787443 0.930227
vt 0.644361 0.019789
vt 0.633407 0.019789
vt 0.640101 0.019789
vt 0.637667 0.019789
vt 0.640101 0.182545
vt 0.644361 0.182545
vt 0.633407 0.182545
vt 0.637667 0.182545
vt 0.615072 0.067364
vt 0.615072 0.117914
vt 0.611015 0.117914
vt 0.611015 0.067364
vt 0.656378 0.182307
vt 0.670666 0.182307
vt 0.661141 0.182307
vt 0.665223 0.182307
vt 0.656378 0.019927
vt 0.670666 0.019927
vt 0.661141 0.019927
vt 0.665223 0.019927
vt 0.411871 0.102530
vt 0.414575 0.102530
vt 0.414575 0.056077
vt 0.411871 0.056077
vt 0.492727 0.158103
vt 0.550623 0.158103
vt 0.569923 0.158103
vt 0.608524 0.158103
vt 0.454129 0.158103
vt 0.644361 0.019789
vt 0.633407 0.019789
vt 0.640101 0.019789
vt 0.637667 0.019789
vt 0.644361 0.182545
vt 0.640101 0.182545
vt 0.633407 0.182545
vt 0.637667 0.182545
vt 0.411871 0.102530
vt 0.411871 0.056077
vt 0.414575 0.056077
vt 0.414575 0.102530
vt 0.656378 0.182307
vt 0.670666 0.182307
vt 0.661141 0.182307
vt 0.665223 0.182307
vt 0.656378 0.019927
vt 0.670666 0.019927
vt 0.661141 0.019927
vt 0.665223 0.019927
vt 0.656378 0.182307
vt 0.661141 0.182307
vt 0.656378 0.147272
vt 0.661141 0.147272
vt 0.541021 0.115962
vt 0.818456 0.142532
vt 0.827734 0.125590
vt 0.846289 0.118532
vt 0.864844 0.125590
vt 0.874836 0.142532
vt 0.871266 0.161591
vt 0.856280 0.174297
vt 0.837012 0.174297
vt 0.821312 0.161591
vt 0.473426 0.158103
vt 0.589224 0.158103
vt 0.531327 0.158103
vt 0.512028 0.158103
vt 0.492727 0.167395
vt 0.512028 0.167395
vt 0.531327 0.167395
vt 0.550623 0.167395
vt 0.569923 0.167395
vt 0.589224 0.167395
vt 0.608524 0.167395
vt 0.454129 0.167395
vt 0.473426 0.167395
vt 0.874836 0.142532
vt 0.864844 0.125590
vt 0.846289 0.118532
vt 0.827734 0.125590
vt 0.818456 0.142532
vt 0.821312 0.161591
vt 0.837012 0.174297
vt 0.856280 0.174297
vt 0.871266 0.161591
vt 0.518867 0.068613
vt 0.542002 0.068998
vt 0.523228 0.095891
vt 0.513148 0.121578
vt 0.516924 0.120727
vt 0.544121 0.121105
vt 0.547520 0.121880
vt 0.513067 0.068568
vt 0.547520 0.068840
vt 0.551072 0.269906
vt 0.551072 0.306987
vt 0.713547 0.269906
vt 0.713547 0.306987
vt 0.522697 0.262517
vt 0.522697 0.225435
vt 0.522793 0.225435
vt 0.522793 0.262517
vt 0.253766 0.289190
vt 0.263161 0.309481
vt 0.263161 0.279246
vt 0.258770 0.280569
vt 0.167078 0.289286
vt 0.162025 0.280665
vt 0.156963 0.279342
vt 0.156962 0.309577
vt 0.206849 0.309543
vt 0.206971 0.289239
vt 0.139252 0.289286
vt 0.278338 0.289190
vt 0.273944 0.280569
vt 0.358207 0.289190
vt 0.358207 0.309481
vt 0.288509 0.345084
vt 0.280186 0.346460
vt 0.271951 0.355371
vt 0.288512 0.376381
vt 0.316106 0.355766
vt 0.316094 0.376769
vt 0.404551 0.376769
vt 0.404551 0.355766
vt 0.132268 0.309579
vt 0.132180 0.289288
vt 0.306089 0.355770
vt 0.057530 0.309481
vt 0.057554 0.289190
vt 0.213930 0.309481
vt 0.214052 0.289173
vt 0.228096 0.376385
vt 0.228096 0.355360
vt 0.120757 0.345084
vt 0.112479 0.346459
vt 0.105463 0.355372
vt 0.120759 0.376381
vt 0.017620 0.355379
vt 0.017620 0.376381
vt 0.140453 0.355370
vt 0.132249 0.346461
vt 0.184274 0.376385
vt 0.184275 0.355361
vt 0.675409 0.136785
vt 0.679812 0.083729
vt 0.679812 0.136864
vt 0.675414 0.083653
vt 0.524449 0.225785
vt 0.524417 0.263334
vt 0.485921 0.263362
vt 0.485921 0.225783
vt 0.465742 0.263362
vt 0.465742 0.225783
vt 0.559934 0.225783
vt 0.559934 0.263362
vt 0.575742 0.225783
vt 0.575742 0.263362
vt 0.569622 0.816297
vt 0.536890 0.816297
vt 0.536890 0.832329
vt 0.569622 0.832329
vt 0.536890 0.856914
vt 0.569622 0.856899
vt 0.569622 0.842664
vt 0.536890 0.842664
vt 0.871204 0.681444
vt 0.871208 0.710860
vt 0.208646 0.681519
vt 0.208646 0.710935
vt 0.432831 0.681519
vt 0.432831 0.710935
vt 0.102988 0.671495
vt 0.102988 0.554598
vt 0.875016 0.754672
vt 0.875016 0.724146
vt 0.116384 0.385249
vt 0.290087 0.385638
vt 0.311718 0.385638
vt 0.017620 0.385249
vt 0.116384 0.498488
vt 0.116384 0.385249
vt 0.311718 0.498876
vt 0.311718 0.385638
vt 0.290087 0.385638
vt 0.290087 0.498876
vt 0.316094 0.380309
vt 0.322332 0.385638
vt 0.404551 0.385638
vt 0.124637 0.379920
vt 0.130183 0.385249
vt 0.283075 0.385249
vt 0.288512 0.379920
vt 0.683660 0.572647
vt 0.568569 0.572801
vt 0.572190 0.568098
vt 0.683660 0.669546
vt 0.683660 0.572647
vt 0.579553 0.572646
vt 0.682141 0.530512
vt 0.578282 0.530512
vt 0.685582 0.530512
vt 0.762209 0.530512
vt 0.690471 0.568311
vt 0.497451 0.530512
vt 0.574501 0.530512
vt 0.568569 0.572801
vt 0.487823 0.572800
vt 0.568569 0.669546
vt 0.822196 0.511360
vt 0.813779 0.499595
vt 0.892295 0.511360
vt 0.941258 0.511360
vt 0.950405 0.499595
vt 0.884165 0.499595
vt 0.956907 0.480486
vt 0.806846 0.480795
vt 0.798663 0.515574
vt 0.782121 0.515574
vt 0.879827 0.480835
vt 0.813800 0.480795
vt 0.871259 0.515574
vt 0.822109 0.515574
vt 0.822109 0.669863
vt 0.950420 0.480738
vt 0.884179 0.480710
vt 0.941170 0.515574
vt 0.892210 0.515574
vt 0.892210 0.669882
vt 0.824922 0.417945
vt 0.818760 0.400884
vt 0.862885 0.417945
vt 0.855713 0.400884
vt 0.898066 0.417945
vt 0.892530 0.400884
vt 0.933722 0.417945
vt 0.927399 0.400884
vt 0.967696 0.417945
vt 0.988373 0.417945
vt 0.993973 0.400884
vt 0.962504 0.400884
vt 0.781685 0.396931
vt 0.814602 0.396931
vt 0.807417 0.421672
vt 0.788258 0.421672
vt 0.818760 0.396931
vt 0.851064 0.396931
vt 0.818760 0.368797
vt 0.844866 0.421672
vt 0.824922 0.421672
vt 0.824922 0.476236
vt 0.855713 0.396931
vt 0.888375 0.396931
vt 0.855713 0.368797
vt 0.882132 0.421672
vt 0.862885 0.421672
vt 0.862885 0.476236
vt 0.892530 0.396931
vt 0.924229 0.396931
vt 0.892530 0.368797
vt 0.918657 0.421672
vt 0.898066 0.421672
vt 0.898066 0.476236
vt 0.927399 0.396931
vt 0.960022 0.396931
vt 0.927399 0.368795
vt 0.953665 0.421672
vt 0.933722 0.421672
vt 0.933722 0.476236
vt 0.962504 0.396931
vt 0.993973 0.396931
vt 0.993973 0.368797
vt 0.962504 0.368797
vt 0.988373 0.421672
vt 0.967696 0.421672
vt 0.967696 0.476236
vt 0.988373 0.476236
vt 0.826746 0.271245
vt 0.823735 0.257934
vt 0.863813 0.271245
vt 0.860589 0.257934
vt 0.899810 0.271245
vt 0.896919 0.257934
vt 0.935545 0.271245
vt 0.932533 0.257934
vt 0.970403 0.271245
vt 0.986519 0.271245
vt 0.989590 0.257934
vt 0.967461 0.257934
vt 0.787198 0.254399
vt 0.809691 0.254399
vt 0.806421 0.274934
vt 0.789903 0.274934
vt 0.823735 0.254399
vt 0.846030 0.254399
vt 0.823735 0.230579
vt 0.843079 0.274934
vt 0.826746 0.274934
vt 0.826746 0.356642
vt 0.860589 0.254399
vt 0.883195 0.254399
vt 0.860589 0.230579
vt 0.880487 0.274934
vt 0.863813 0.274934
vt 0.863813 0.356642
vt 0.896919 0.254399
vt 0.918820 0.254399
vt 0.896919 0.230579
vt 0.915801 0.274934
vt 0.899810 0.274934
vt 0.899810 0.356642
vt 0.932533 0.254399
vt 0.954828 0.254399
vt 0.932533 0.230579
vt 0.951878 0.274934
vt 0.935545 0.274934
vt 0.935545 0.356642
vt 0.967461 0.254399
vt 0.989590 0.254399
vt 0.989590 0.230579
vt 0.967461 0.230579
vt 0.986519 0.274934
vt 0.970403 0.274934
vt 0.970403 0.356642
vt 0.986519 0.356642
vt 0.869297 0.091695
vt 0.856162 0.067034
vt 0.828964 0.066638
vt 0.814903 0.090933
vt 0.828050 0.114723
vt 0.855245 0.115263
vt 0.994551 0.515574
vt 0.965090 0.515574
vt 0.964915 0.669911
vt 0.590038 0.348117
vt 0.590038 0.336151
vt 0.433283 0.348117
vt 0.433283 0.336151
vt 0.996423 0.686203
vt 0.901027 0.686201
vt 0.901027 0.812284
vt 0.996423 0.812287
vt 0.901451 0.827924
vt 0.901451 0.917404
vt 0.085869 0.544884
vt 0.014594 0.544884
vt 0.286301 0.544884
vt 0.117258 0.544884
vt 0.117258 0.554598
vt 0.393507 0.544884
vt 0.319471 0.544884
vt 0.319471 0.554598
vt 0.637335 0.724207
vt 0.637335 0.754672
vt 0.246717 0.244251
vt 0.236558 0.267668
vt 0.246717 0.244251
vt 0.246717 0.267668
vt 0.098031 0.512127
vt 0.087215 0.511925
vt 0.071940 0.538063
vt 0.547290 0.988173
vt 0.547290 0.904597
vt 0.543575 0.988173
vt 0.543575 0.898649
vt 0.299848 0.671495
vt 0.299848 0.554598
vt 0.220174 0.243729
vt 0.230113 0.267146
vt 0.220172 0.267146
vt 0.220174 0.243729
vt 0.306788 0.510012
vt 0.334893 0.537776
vt 0.319298 0.511011
vt 0.034833 0.088362
vt 0.236147 0.754672
vt 0.236147 0.724207
vt 0.879500 0.994646
vt 0.879498 0.803196
vt 0.076889 0.543291
vt 0.098283 0.517197
vt 0.102988 0.543291
vt 0.119937 0.543291
vt 0.102988 0.517198
vt 0.326587 0.543291
vt 0.306657 0.515790
vt 0.282900 0.543291
vt 0.299848 0.543291
vt 0.299847 0.517198
vt 0.005089 0.758512
vt 0.005089 0.803196
vt 0.226326 0.758512
vt 0.226326 0.803196
vt 0.647513 0.758512
vt 0.647512 0.803196
vt 0.526867 0.868875
vt 0.526867 0.855909
vt 0.526867 0.885505
vt 0.526867 0.872074
vt 0.513307 0.872074
vt 0.526867 0.901569
vt 0.526867 0.888703
vt 0.513307 0.888703
vt 0.526867 0.821874
vt 0.526867 0.808344
vt 0.513307 0.808344
vt 0.526867 0.837591
vt 0.526867 0.824349
vt 0.513307 0.824349
vt 0.526867 0.853202
vt 0.526867 0.839775
vt 0.513307 0.839775
vt 0.513307 0.853202
vt 0.507073 0.336151
vt 0.577467 0.336151
vt 0.577467 0.348117
vt 0.433283 0.348117
vt 0.433283 0.336151
vt 0.503678 0.336151
vt 0.547290 0.988173
vt 0.547290 0.898649
vt 0.543575 0.904597
vt 0.543575 0.988173
vt 0.066638 0.994228
vt 0.164216 0.994228
vt 0.164216 0.891279
vt 0.066638 0.891279
vt 0.282662 0.252234
vt 0.320682 0.273941
vt 0.403548 0.293468
vt 0.458256 0.257178
vt 0.313199 0.315287
vt 0.274424 0.315287
vt 0.465147 0.315287
vt 0.428451 0.315287
vt 0.617357 0.315287
vt 0.582028 0.315287
vt 0.772797 0.315287
vt 0.734289 0.315287
vt 0.159427 0.315287
vt 0.120913 0.315287
vt 0.389360 0.315287
vt 0.351512 0.315287
vt 0.541417 0.315287
vt 0.505049 0.315287
vt 0.693278 0.315287
vt 0.658671 0.315287
vt 0.085879 0.315287
vt 0.048016 0.315287
vt 0.236693 0.315287
vt 0.197007 0.315287
vt 0.012059 0.315287
vt 0.012059 0.332562
vt 0.450434 0.070946
vt 0.450434 0.056908
vt 0.450434 0.084984
vt 0.408783 0.038997
vt 0.408783 0.019988
vt 0.529999 0.117900
vt 0.520567 0.117900
vt 0.539430 0.117900
vt 0.386903 0.038997
vt 0.386903 0.019988
vt 0.541021 0.097834
vt 0.537238 0.097834
vt 0.525528 0.097834
vt 0.520290 0.097834
vt 0.536006 0.115962
vt 0.536006 0.097834
vt 0.530767 0.097834
vt 0.510633 0.123550
vt 0.510633 0.068706
vt 0.492134 0.068706
vt 0.530127 0.123550
vt 0.549531 0.123550
vt 0.568469 0.068706
vt 0.549531 0.068706
vt 0.586362 0.068706
vt 0.606224 0.123550
vt 0.606224 0.068706
vt 0.627604 0.123552
vt 0.454320 0.123550
vt 0.454320 0.148831
vt 0.474904 0.068706
vt 0.454320 0.068706
vt 0.430893 0.052428
vt 0.430893 0.028485
vt 0.446377 0.143234
vt 0.451199 0.124225
vt 0.431224 0.124225
vt 0.905142 0.190209
vt 0.932471 0.190209
vt 0.884083 0.172979
vt 0.953530 0.172979
vt 0.958652 0.146426
vt 0.945489 0.122736
vt 0.918840 0.112782
vt 0.892124 0.122736
vt 0.878960 0.146426
vt 0.369048 0.043027
vt 0.389023 0.043027
vt 0.385172 0.061207
vt 0.454129 0.158103
vt 0.454129 0.167395
vt 0.536006 0.097834
vt 0.536006 0.115962
vt 0.821312 0.161591
vt 0.837012 0.174297
vt 0.856280 0.174297
vt 0.871266 0.161591
vt 0.874836 0.142532
vt 0.864844 0.125590
vt 0.846289 0.118532
vt 0.827734 0.125590
vt 0.818456 0.142532
vt 0.821312 0.161591
vt 0.818456 0.142532
vt 0.827734 0.125590
vt 0.846289 0.118532
vt 0.864844 0.125590
vt 0.874836 0.142532
vt 0.871266 0.161591
vt 0.856280 0.174297
vt 0.837012 0.174297
vt 0.152173 0.309577
vt 0.152175 0.279342
vt 0.268421 0.279246
vt 0.268421 0.309481
vt 0.291416 0.345471
vt 0.291425 0.376769
vt 0.311929 0.376769
vt 0.311946 0.355766
vt 0.124640 0.345084
vt 0.124637 0.376381
vt 0.080165 0.043360
vt 0.079988 0.066159
vt 0.041411 0.023649
vt 0.040495 0.054655
vt 0.041411 0.023649
vt 0.576300 0.568013
vt 0.683660 0.572647
vt 0.480661 0.269906
vt 0.480661 0.306987
vt 0.480661 0.269906
vt 0.078434 0.036697
vt 0.078829 0.017496
vt 0.111659 0.023382
vt 0.111335 0.048374
vt 0.762485 0.269906
vt 0.762485 0.306987
vt 0.762485 0.269906
vt 0.601521 0.225435
vt 0.601521 0.262517
vt 0.601521 0.225435
vt 0.680099 0.225435
vt 0.680099 0.225435
vt 0.680099 0.262517
vt 0.562366 0.225435
vt 0.562366 0.225435
vt 0.562366 0.262517
vt 0.555672 0.988173
vt 0.555672 0.904597
vt 0.555672 0.988173
vt 0.560387 0.988173
vt 0.568461 0.988173
vt 0.568461 0.898649
vt 0.568461 0.898649
vt 0.560387 0.904597
vt 0.560387 0.988173
vt 0.520984 0.988173
vt 0.520984 0.904597
vt 0.520984 0.988173
vt 0.529598 0.988173
vt 0.529598 0.904597
vt 0.529598 0.988173
vt 0.534630 0.988173
vt 0.534630 0.904597
vt 0.534630 0.988173
vt 0.946847 0.095545
vt 0.924999 0.096420
vt 0.946847 0.095545
vt 0.946847 0.095545
vt 0.946847 0.095545
vt 0.968752 0.094567
vt 0.012235 0.228036
vt 0.012235 0.228036
vt 0.012235 0.228036
vt 0.012235 0.228036
vt 0.555672 0.988173
vt 0.555672 0.904597
vt 0.555672 0.988173
vt 0.560387 0.988173
vt 0.560387 0.904597
vt 0.568461 0.904597
vt 0.568461 0.904597
vt 0.568461 0.988173
vt 0.560387 0.988173
vt 0.520984 0.988173
vt 0.520984 0.898649
vt 0.520984 0.988173
vt 0.529598 0.988173
vt 0.529598 0.904597
vt 0.529598 0.988173
vt 0.534630 0.988173
vt 0.534630 0.904597
vt 0.534630 0.988173
vt 0.485505 0.225435
vt 0.485505 0.225435
vt 0.485505 0.262517
vt 0.239938 0.223109
vt 0.239938 0.223109
vt 0.465735 0.206771
vt 0.491590 0.206771
vt 0.465735 0.206771
vt 0.621484 0.306987
vt 0.621484 0.306987
vt 0.621484 0.269906
vt 0.664609 0.269906
vt 0.664609 0.269906
vt 0.664609 0.306987
vt 0.483027 0.225435
vt 0.483027 0.225435
vt 0.483027 0.262517
vt 0.560081 0.225435
vt 0.560081 0.225435
vt 0.560081 0.262517
vt 0.485921 0.225783
vt 0.485921 0.225783
vt 0.485921 0.263362
vt 0.559934 0.263362
vt 0.559934 0.225783
vt 0.559934 0.263362
vn 1 1.0000000000000016E-06 2.6E-05
vn 1 -7.9602041944577955E-22 -1.3E-05
vn 0 -1 6.123233995736766E-17
vn -1 -1.0000000000000016E-06 -2.6E-05
vn 1E-06 1 -1.0000000000061233E-05
vn 1 -7.347880794884119E-22 -1.2E-05
vn 0 -1 6.123233995736766E-17
vn 0.871992 0.009385000000000029 0.489431
vn -5.9E-05 1 -6.123233995736766E-17
vn -1 -4.6E-05 2.8166876380389123E-21
vn 0 -0.81594 0.578136
vn -1 -4.5E-05 2.755455298081545E-21
vn -1 7.347880794884119E-22 1.2E-05
vn -1 -4.7E-05 2.87791997799628E-21
vn -4E-05 1 2.1999999999938766E-05
vn -0.737308 -0.033543999999999956 0.674724
vn -0.737308 -0.033543999999999956 0.674724
vn -0.566882 0.675598 0.4713939999999999
vn -0.485056 -0.723457 0.4912540000000001
vn -0.472756 0.46122500000000005 0.750848
vn -0.613545 0.583382 0.532192
vn -0.871435 -0.298945 0.388887
vn 0.40983 0.817957 0.40371599999999996
vn 0.764617 0.571529 0.2978509999999999
vn -0.744011 -0.568188 0.35158200000000006
vn 4.9E-05 -0.4284879999999999 0.903547
vn 1.1E-05 -0.42792099999999994 0.903816
vn 4.9E-05 -0.4284879999999999 0.903547
vn 8.7E-05 -0.42905599999999994 0.903278
vn 1 0 0
vn 1 0 0
vn -1 0 0
vn -1 0 0
vn -1 0 0
vn -1 -1.4E-05 8.572527594031472E-22
vn 1 7.3E-05 -4.469960816887839E-21
vn -0.000179 1 -6.123233995736766E-17
vn 0 6.123233995736766E-17 1
vn 0 6.123233995736766E-17 1
vn 0 6.123233995736766E-17 1
vn -1E-06 1 -6.123233995736766E-17
vn -1 -1E-06 6.123233995736766E-23
vn 6E-05 -0.742935 -0.669364
vn -9.1E-05 0.744037 -0.668138
vn 2.4E-05 -1 6.123233995736766E-17
vn -1E-06 1 -6.123233995736766E-17
vn -0.428167 0.46250299999999994 -0.776379
vn 0.000102 -0.742597 -0.669739
vn 1E-06 6.123233995736766E-17 1
vn 0.001471 -0.25476499999999996 0.967002
vn 0.000768 -0.25404599999999994 0.967192
vn 0.000768 -0.25404599999999994 0.967192
vn 6.6E-05 -0.25332699999999997 0.967381
vn 1 5.8E-05 -3.551475717527324E-21
vn -1 -5.8E-05 3.551475717527324E-21
vn -0.998826 -0.018943999999999996 0.044591
vn 1 5.8E-05 -3.551475717527324E-21
vn 2.7E-05 -1 6.123233995736766E-17
vn 0.961816 0.010107999999999983 -0.273509
vn 0.850181 0.01938699999999997 -0.526134
vn -2.7E-05 1 -6.123233995736766E-17
vn -1 -5E-06 3.061616997868383E-22
vn 1 5E-06 -3.061616997868383E-22
vn -1E-06 0.026648000000000064 0.999645
vn -2.7E-05 1 -6.123233995736766E-17
vn 0 0.026646000000000062 0.999645
vn 2.7E-05 -1 6.123233995736766E-17
vn -0.967841 0.009233999999999984 -0.251392
vn -1 -5E-06 3.061616997868383E-22
vn -0.984386 0.01778299999999999 -0.175125
vn 0.999048 -0.017006999999999998 0.040168
vn 0 6.123233995736766E-17 1
vn 0 6.123233995736766E-17 1
vn 0 6.123233995736766E-17 1
vn -0.922585 -5.7000000000023625E-05 -0.385793
vn -0.000562 0.931834 -0.36288500000000007
vn 0.858445 6.69999999999686E-05 -0.512905
vn 0.935524 4.999999999997837E-05 -0.353264
vn -0.001133 0.999999 -6.12322787250277E-17
vn 1 9.99999999999999E-07 -1.8E-05
vn 0.452701 0.755347 -0.4738280000000001
vn 0.446146 0.765888 -0.46300100000000005
vn 0.439469 0.776222 -0.45204800000000006
vn 0.87773 2.399999999997066E-05 -0.479156
vn 0.465758 -0.761693 -0.45043799999999995
vn 0.453992 -0.762413 -0.46110399999999996
vn -0.437324 -0.771641 -0.46186299999999997
vn -0.901304 -5.5000000000026524E-05 -0.433188
vn 0.492682 0.87021 -5.3284994554300917E-17
vn 0.492682 0.87021 -5.3284994554300917E-17
vn 1 4.3E-05 -2.6329906181668096E-21
vn 0.501383 -0.865225 5.2979751339613436E-17
vn -0.506827 -0.862048 5.2785216195568877E-17
vn -1 -1.1E-05 6.735557395310442E-22
vn 0.514072 0.857747 -5.252185590141224E-17
vn 0.514072 0.857747 -5.252185590141224E-17
vn 1 1.2E-05 -7.347880794884119E-22
vn 0.521678 -0.853143 5.223994220824852E-17
vn -0.479404 -0.877594 5.3737134152546115E-17
vn -1 -0.000111 6.79678973526781E-21
vn 0.444492 0.791513 -0.41944500000000007
vn 0.444809 0.790891 -0.42028100000000007
vn 0.908651 0.0028909999999999743 -0.417546
vn 0.450661 -0.789369 -0.41689499999999996
vn -0.458304 -0.784157 -0.41839699999999996
vn -0.908273 -0.0038870000000000254 -0.41836
vn -0.003849 -0.0006239999999999387 0.999992
vn 0.490205 0.871607 -5.337053613322135E-17
vn 0.490205 0.871607 -5.337053613322135E-17
vn 0.489089 0.872234 -5.340892881037462E-17
vn 0.489089 0.872234 -5.340892881037462E-17
vn 1 0.000583 -3.569845419514534E-20
vn 0.999983 0.005772 -3.5343306623392617E-19
vn 0.497454 -0.86749 5.311844258961687E-17
vn 0.494143 -0.869381 5.323423294447625E-17
vn -0.503762 -0.863843 5.2895128245792356E-17
vn -0.505425 -0.86287 5.2835549179013837E-17
vn -0.999983 -0.005776 3.536779955937556E-19
vn -0.999996 -0.002781 1.7028713742143947E-19
vn -0.00036 1 -6.123233995736766E-17
vn 0 6.123233995736766E-17 1
vn -0.000354 0.983372 -0.18160300000000004
vn -1 -2E-05 1.2246467991473532E-21
vn -0.981213 -1.9000000000011815E-05 -0.192928
vn 0.000174 -1 6.123233995736766E-17
vn -1.8E-05 0.996098 0.08825399999999994
vn 1.3E-05 -0.998978 0.04520300000000006
vn -0.997739 -2.9999999999958843E-06 0.067214
vn 2.2E-05 -1 6.123233995736766E-17
vn -2.3E-05 1 -6.123233995736766E-17
vn 2.3E-05 -1 6.123233995736766E-17
vn -2.3E-05 1 -6.123233995736766E-17
vn -2.3E-05 1 -6.123233995736766E-17
vn -2E-05 1 -4.000000000061232E-06
vn 1.8E-05 -1 6.123233995736766E-17
vn -1.9E-05 1 -6.123233995736766E-17
vn 1.8E-05 -0.998976 0.04523500000000006
vn -1.9E-05 1 -6.123233995736766E-17
vn 1.8E-05 -1 6.123233995736766E-17
vn -1.9E-05 1 -6.123233995736766E-17
vn -1.6E-05 1 -9.000000000061232E-06
vn 1.8E-05 -1 6.123233995736766E-17
vn -0.997739 -1.9999999999958846E-06 0.067207
vn 8E-06 -0.998979 0.045171000000000065
vn 1.6E-05 1 -6.123233995736766E-17
vn -1.8E-05 -1 6.123233995736766E-17
vn -3E-06 1 -6.123233995736766E-17
vn 0.003041 -0.979155 0.20309100000000005
vn -3E-06 1 -6.123233995736766E-17
vn 0.003041 -0.979155 0.20309100000000005
vn -3E-06 1 -6.123233995736766E-17
vn 3E-06 -0.984573 0.17497400000000005
vn -3E-06 1 -6.123233995736766E-17
vn 0.98583 1.0271725027848425E-17 0.16775
vn -1 -1.4E-05 8.572527594031472E-22
vn 0.985825 7.0000000000102736E-06 0.167775
vn -1 -1.4E-05 8.572527594031472E-22
vn 0.985825 7.0000000000102736E-06 0.167775
vn -1 -1.4E-05 8.572527594031472E-22
vn 0.985821 1.4000000000010274E-05 0.167801
vn -1 -1.4E-05 8.572527594031472E-22
vn 0.006077 -0.972925 0.23104000000000005
vn -1 0 0
vn -1 0 0
vn 1 0 0
vn -0 1 -6.123233995736766E-17
vn 0 6.123233995736766E-17 1
vn 0 6.123233995736766E-17 1
vn -0.63422 -0.05800399999999995 0.770974
vn -0.638392 -0.05950299999999995 0.767408
vn -0.998442 -0.008573999999999997 0.055143
vn -0.997873 -0.004907999999999996 0.065011
vn 0.851489 -0.039881999999999966 0.522853
vn 0.321766 -0.07132799999999995 0.944129
vn 0.997299 -0.0052459999999999955 0.073258
vn 0.997354 -0.004940999999999996 0.072535
vn -0.98193 -9.99999999988412E-07 0.189246
vn -0.981919 -1.599999999998841E-05 0.189302
vn 0.999999 -0.001144 -0.00016299999999999992
vn 1 -0.000556 7.600000000000004E-05
vn -0.981919 -1.599999999998841E-05 0.189302
vn 1 3.100000000000002E-05 0.000314
vn 1 -0.000556 7.600000000000004E-05
vn -0.981908 -3.099999999998841E-05 0.189358
vn 0.026585 -0.752583 0.65796
vn 0.026585 -0.752583 0.65796
vn 0.835838 -0.39609 0.380114
vn -0.611034 -0.66482 0.42971100000000007
vn -0.611034 -0.66482 0.42971100000000007
vn -0.915253 0.379123 0.13629799999999997
vn 0.468255 -0.865467 0.17805500000000005
vn 0.000194 -0.997576 0.06958600000000005
vn 0.000173 -0.997576 0.06957900000000006
vn 0.000173 -0.997576 0.06957900000000006
vn 0.000152 -0.997577 0.06957100000000005
vn -0.053689 -0.845378 0.531464
vn -0.097114 -0.2774289999999999 0.955825
vn -0.00721 -0.997114 0.07557100000000005
vn -0.007301 -0.997127 0.07539700000000006
vn -0.082105 0.587729 0.804881
vn -0.082284 0.58755 0.804993
vn -0.009847 0.995599 0.09319999999999995
vn -0.00959 0.99564 0.09277999999999995
vn -0.805509 -0.462475 0.3705030000000001
vn 0.03723 0.864692 0.50092
vn 0.069098 0.41953200000000007 0.905107
vn 0.005322 0.997302 0.07321299999999994
vn 0.005247 0.997288 0.07340799999999995
vn 0.034861 -0.896077 0.44252700000000006
vn 0.000241 -1 3.600000000006123E-05
vn 0.000232 -1 1.4000000000061232E-05
vn 0.999714 0.019276 -0.014190000000000001
vn -1 0 0
vn -0.945513 -0.01086999999999998 0.325402
vn -0.945513 -0.01087499999999998 0.325402
vn -0.945514 -0.010879999999999982 0.325401
vn -0.945513 -0.01087499999999998 0.325402
vn 0.797009 0.497832 0.34196399999999993
vn 0.229069 -0.09563699999999994 0.968701
vn 1 -8.399999999999998E-05 0.000238
vn 1 -6.799999999999999E-05 0.000277
vn -0.592969 -0.08084899999999995 0.801156
vn -1 3.00000000000001E-06 0.000162
vn -1 2.4000000000000007E-05 0.000122
vn 0.863707 0.262485 0.430246
vn 1.6E-05 -1 9.000000000061232E-06
vn -1.8E-05 -1 -1.9999999999387675E-06
vn -0.894397 -0.447275 2.738769485443162E-17
vn -0.447213 0.894428 -5.476791936338844E-17
vn -0.894425 0.447219 -2.7384265843394006E-17
vn -0.44695 -0.894559 5.477594079992286E-17
vn 0.894422 0.447224 9.999999999726154E-07
vn 0.447212 0.894428 -5.476791936338844E-17
vn 0.447482 -0.894293 1.0000000000547596E-06
vn 0.894466 -0.447137 1.0000000000273792E-06
vn -0.894397 -0.447275 2.738769485443162E-17
vn -0.447213 0.894428 -5.476791936338844E-17
vn -0.894425 0.447219 -2.7384265843394006E-17
vn -0.44695 -0.894559 5.477594079992286E-17
vn 0.894422 0.447224 9.999999999726154E-07
vn 0.447212 0.894428 -5.476791936338844E-17
vn 0.447482 -0.894293 1.0000000000547596E-06
vn 0.894466 -0.447137 1.0000000000273792E-06
vn 0.863707 0.262485 0.430246
vn 1 0 0
vn -0.008575 -0.999956 -0.003695999999999939
vn -6.1E-05 1 -6.123233995736766E-17
vn -0.921985 0.009923000000000024 0.387099
vn -0.875816 0.22937000000000002 0.424659
vn 5.9E-05 1 -6.123233995736766E-17
vn -1 0 0
vn -0.014539 -0.814028 0.580644
vn 1 -4.5E-05 2.755455298081545E-21
vn -0.784369 0.436959 0.440264
vn -0.875816 0.22937000000000002 0.424659
vn 0.008763 -0.999955 -0.003695999999999939
vn -1 -2.0818995585505006E-21 -3.4E-05
vn 0 -1 1.3000000000061231E-05
vn 0 6.123233995736766E-17 1
vn -1.9E-05 1 -6.123233995736766E-17
vn 1.8E-05 -1 6.123233995736766E-17
vn -0.463763 0.47260899999999995 -0.749376
vn -1 -0.000155 9.491012693391988E-21
vn -0.593344 -0.08171199999999995 0.800791
vn 0.873406 -0.047349999999999975 0.484685
vn 0.000226 0.0010210000000000611 0.999999
vn 0.000137 -0.864735 0.502229
vn -0.749017 -0.4324279999999999 0.501976
vn -0.749627 0.43328900000000004 0.50032
vn 0.000135 0.866651 0.49891599999999997
vn 0.749798 0.4332150000000001 0.500128
vn 0.749191 -0.43234799999999995 0.501786
vn 0.004647 0.00014900000000006122 0.999989
vn 0.000157 -0.999751 0.022297000000000063
vn -0.865771 -0.499947 0.02222600000000003
vn -0.865778 0.499944 0.02200499999999997
vn 0.000151 0.999761 0.02185699999999994
vn 0.86585 0.49982 0.02198499999999997
vn 0.865853 -0.499805 0.02220500000000003
vn -0 1 -6.123233995736766E-17
vn 1 3.000000000000002E-06 3.4E-05
vn -1 6.123233995736766E-22 1E-05
vn -0 1 -6.123233995736766E-17
vn -1E-06 -1 1.0000000000061233E-05
vn -4E-05 1 2.1999999999938766E-05
vn -1 -4.7E-05 2.87791997799628E-21
vn -1.8E-05 1 4.299999999993877E-05
vn 1E-06 1 -1.0000000000061233E-05
vn -0 1 -6.000000000061232E-06
vn 1E-06 1 -1.3000000000061231E-05
vn -0 1 -6.123233995736766E-17
vn -0 1 -6.123233995736766E-17
vn -1 -4.6E-05 2.8166876380389123E-21
vn 1 -4.5E-05 2.755455298081545E-21
vn -5.9E-05 1 -6.123233995736766E-17
vn -1 -4.6E-05 2.8166876380389123E-21
vn -1 -4.6E-05 2.8166876380389123E-21
vn 5.9E-05 1 -6.123233995736766E-17
vn 1 -4.5E-05 2.755455298081545E-21
vn 1 -4.5E-05 2.755455298081545E-21
vn 1 0 0
vn 1 0 0
vn 1 0 0
vn 1 0 0
vn 1 0 0
vn 1 0 0
vn 1 0 0
vn 1 0 0
vn 1 0 0
vn -1 -1.4E-05 8.572527594031472E-22
vn 0.000168 -1 6.123233995736766E-17
vn 1 0 0
vn 1 0 0
vn 1 0 0
vn 1 0 0
vn -1 -1.4E-05 8.572527594031472E-22
vn -1 -1.4E-05 8.572527594031472E-22
vn -0.000179 1 -6.123233995736766E-17
vn 1 7.3E-05 -4.469960816887839E-21
vn 0.000168 -1 6.123233995736766E-17
vn -2.4E-05 0.996095 0.08828799999999995
vn 1E-06 0.02664500000000006 0.999645
vn 0 0.026646000000000062 0.999645
vn -0.984386 0.01778099999999999 -0.175125
vn 2.7E-05 -1 6.123233995736766E-17
vn -1 -1E-06 6.123233995736766E-23
vn 1.8E-05 -0.743273 -0.668989
vn -1E-06 1 -6.123233995736766E-17
vn 0 6.123233995736766E-17 1
vn 0 6.123233995736766E-17 1
vn -0.830896 -0.00012800000000003407 -0.556428
vn -0.000635 0.850524 -0.525936
vn -0.000964 0.85079 -0.525505
vn -0.83084 -7.200000000003407E-05 -0.556511
vn 0.500124 0.850648 0.16208899999999996
vn 0.500124 0.850648 0.16208899999999996
vn 0.986776 1.1000000000009925E-05 0.162089
vn 0.509081 -0.845319 0.16208900000000007
vn -0.486167 -0.858702 0.16208900000000007
vn -0.986776 -4.199999999999007E-05 0.162089
vn 0 6.123233995736766E-17 1
vn 0 6.123233995736766E-17 1
vn 0 6.123233995736766E-17 1
vn 0 6.123233995736766E-17 1
vn 0 6.123233995736766E-17 1
vn 0 6.123233995736766E-17 1
vn -1 -1E-06 6.123233995736766E-23
vn -1 -1E-06 6.123233995736766E-23
vn -1E-06 1 -6.123233995736766E-17
vn -0.999781 0.017011 -0.012212000000000002
vn 0.000118 -0.999504 -0.03147799999999994
vn 1 0 0
vn 1 0 0
vn -1 0 0
vn 0.444174 0.792134 -0.41860900000000006
vn 0.444492 0.791513 -0.41944500000000007
vn 0.910174 0.005253999999999975 -0.414194
vn 0.448584 -0.789225 -0.41939999999999994
vn -0.458776 -0.78323 -0.41961199999999993
vn -0.907387 -0.0025230000000000257 -0.420289
vn 0.446146 0.765888 -0.46300100000000005
vn 0.877723 1.0999999999970658E-05 -0.479169
vn -0.428673 -0.784724 -0.44771399999999995
vn -0.901326 -0.00010000000000002653 -0.433141
vn 1.3E-05 -0.998978 0.04520300000000006
vn 1 -4.5E-05 2.755455298081545E-21
vn -0.997738 -1.999999999995884E-06 0.067217
vn -0.000142 0.998924 0.046379999999999935
vn -1.9E-05 -0.997057 0.07666400000000005
vn -0.997738 -1.999999999995884E-06 0.067216
vn -0.997738 -1.999999999995884E-06 0.067216
vn 0 6.123233995736766E-17 1
vn 0 6.123233995736766E-17 1
vn -0.997739 -1.999999999995884E-06 0.067215
vn 0.004196 0.999991 -0.00021500000000006123
vn 0.003651 0.999993 0.00041099999999993876
vn 1.8E-05 1 -6.123233995736766E-17
vn -1.9E-05 -1 6.123233995736766E-17
vn -1.7E-05 -1 6.123233995736766E-17
vn -1.8E-05 -1 6.123233995736766E-17
vn -1.8E-05 -1 6.123233995736766E-17
vn 1.8E-05 1 -6.123233995736766E-17
vn 1.8E-05 1 -6.123233995736766E-17
vn 1.8E-05 1 -6.123233995736766E-17
vn -1.9E-05 -1 -2.9999999999387676E-06
vn 1.6E-05 1 6.999999999938768E-06
vn -0.894396 0.447276 -2.738775608677158E-17
vn -0.447213 -0.894428 5.476791936338844E-17
vn -0.894425 -0.447217 2.7384143378714092E-17
vn -0.44695 0.894559 -5.477594079992286E-17
vn 0.894423 -0.447221 2.738438830807392E-17
vn 0.447212 -0.894428 5.476791936338844E-17
vn 0.447481 0.894293 9.999999999452403E-07
vn 0.894464 0.44714 9.999999999726205E-07
vn -0.894396 0.447276 -2.738775608677158E-17
vn -0.447212 -0.894428 5.476791936338844E-17
vn -0.894425 -0.447218 2.7384204611054052E-17
vn -0.446949 0.894559 -5.477594079992286E-17
vn 0.894424 -0.44722 2.7384327075733966E-17
vn 0.447212 -0.894428 5.476791936338844E-17
vn 0.44748 0.894294 9.999999999452403E-07
vn 0.894463 0.447141 9.999999999726205E-07
vn 2.4E-05 -1 6.123233995736766E-17
vn 2E-05 -1 4.000000000061232E-06
vn -1.9E-05 -1 6.123233995736766E-17
vn -1.5E-05 -1 -7.999999999938768E-06
vn -0.000529 1 0.0006299999999999388
vn 0.000768 0.25404600000000005 0.967192
vn 6.6E-05 0.2533270000000001 0.967381
vn 0.000768 0.25404600000000005 0.967192
vn 0.001471 0.2547650000000001 0.967002
vn 1 0 0
vn 1 0 0
vn 1 0 0
vn 1 0 0
vn -0.078966 0.576471 0.813293
vn -0.079115 0.576352 0.813363
vn -0.004856 0.998578 0.05308399999999994
vn -0.005055 0.998562 0.05336199999999994
vn -0.051995 -0.841742 0.537371
vn -0.094901 -0.19528599999999993 0.976144
vn -0.005999 -0.997766 0.06654200000000006
vn -0.006163 -0.997795 0.06609100000000005
vn 0.000868 0.001749000000000061 0.999998
vn 0.262011 0.564549 0.782709
vn 0.612928 -0.07551099999999995 0.786522
vn 0.148618 0.665616 0.731347
vn 0.286661 0.91738 0.2761159999999999
vn 0.746837 0.558789 0.3605419999999999
vn 0.674848 0.06349000000000005 0.73522
vn 0.960284 0.0066860000000000174 0.278946
vn 0.267364 -0.62633 0.732275
vn 0.117662 -0.60925 0.784201
vn 0.757059 -0.54524 0.35996600000000006
vn 0.300357 -0.912742 0.27692400000000006
vn -0.507941 -0.45105399999999995 0.733857
vn -0.539791 -0.29911999999999994 0.786863
vn -0.27846 -0.891455 0.35744600000000004
vn -0.769118 -0.575216 0.27853900000000004
vn -0.582314 0.3487140000000001 0.734376
vn -0.449274 0.42657600000000007 0.784975
vn -0.932575 -0.006416999999999978 0.36092
vn -0.779462 0.561317 0.27813999999999994
vn -0.291643 0.88677 0.35858599999999996
vn -0.019271 0.991162 0.13125099999999995
vn 0.297525 0.952357 0.06705199999999994
vn 0.581012 0.803164 0.13173199999999993
vn 0.935144 0.328639 0.13229699999999997
vn 0.997691 0.008073000000000004 0.06744
vn 0.940117 -0.313864 0.13293000000000002
vn 0.595049 -0.792829 0.13167500000000004
vn 0.312479 -0.94763 0.06598400000000006
vn -0.005686 -0.991295 0.13154000000000005
vn -0.560408 -0.817642 0.13192300000000007
vn -0.799109 -0.597519 0.06630100000000004
vn -0.943278 -0.304363 0.13262800000000002
vn -0.947852 0.289596 0.13307999999999998
vn -0.808666 0.584443 0.06697899999999996
vn -0.574656 0.807779 0.13139199999999995
vn 0.79364 0.593486 0.13382699999999997
vn 0.803115 -0.580335 0.13497500000000004
vn -0.295449 -0.945778 0.13495900000000005
vn -0.990695 -0.007945999999999991 0.135869
vn -0.310315 0.941261 0.13315999999999995
vn 0.038682 0.845726 0.532214
vn 0.292996 0.794156 0.532418
vn 0.524289 0.66407 0.533041
vn 0.813758 0.22600800000000001 0.535461
vn 0.843087 -0.037118999999999965 0.536495
vn 0.788644 -0.30044399999999993 0.536446
vn 0.461697 -0.709851 0.531928
vn 0.223866 -0.817265 0.531001
vn -0.038681 -0.845725 0.532216
vn -0.524293 -0.664074 0.533031
vn -0.702701 -0.47096699999999997 0.533294
vn -0.813771 -0.22601499999999997 0.535439
vn -0.788656 0.3004470000000001 0.536427
vn -0.659003 0.529993 0.533689
vn -0.461704 0.709857 0.531915
vn 0.702693 0.4709650000000001 0.533305
vn 0.658995 -0.529989 0.533701
vn -0.292997 -0.794161 0.53241
vn -0.843107 0.037119000000000034 0.536463
vn -0.223867 0.817268 0.530997
vn -0.001133 0.999999 -6.12322787250277E-17
vn -1.8E-05 -1 6.123233995736766E-17
vn -2.1E-05 1 -3.0000000000612325E-06
vn 2.1E-05 -1 2.0000000000612323E-06
vn 0.067729 -0.46116999999999997 0.884723
vn 0.001833 0.999998 0.00020799999999993876
vn 0 -1 6.123233995736766E-17
vn 0 -1 6.123233995736766E-17
vn 1 1E-06 1E-06
vn 1 6.123233995736766E-23 1E-06
vn 0 -1 6.123233995736766E-17
vn 0 -1 6.123233995736766E-17
vn 1 1E-06 -6.123233995736766E-23
vn 1 1E-06 1E-06
vn 1 2E-06 -1.2246467991473532E-22
vn 1 2E-06 -1.2246467991473532E-22
vn 1 2E-06 -1.2246467991473532E-22
vn 1 2E-06 -1.2246467991473532E-22
vn 1 2E-06 -1.2246467991473532E-22
vn 1 2E-06 -1.2246467991473532E-22
vn 1 2E-06 -1.2246467991473532E-22
vn 1 2E-06 -1.2246467991473532E-22
vn -1 -5E-06 3.061616997868383E-22
vn 1 5.8E-05 -3.551475717527324E-21
vn 1 5.8E-05 -3.551475717527324E-21
vn -1 -5E-06 3.061616997868383E-22
vn 2.7E-05 -1 6.123233995736766E-17
vn 2.7E-05 -1 6.123233995736766E-17
vn 2.7E-05 -1 6.123233995736766E-17
vn 2.7E-05 -1 6.123233995736766E-17
vn 0 6.123233995736766E-17 1
vn 1E-06 6.123233995736766E-17 1
vn 0 6.123233995736766E-17 1
vn -0 6.123233995736766E-17 1
vn -0 1.4000000000061232E-05 1
vn -0 1.4000000000061232E-05 1
vn -0.000629 0.766049 0.642782
vn -0.000629 0.766049 0.642782
vn 8.1E-05 -0.09804399999999995 0.995182
vn -0.000355 0.4325030000000001 0.901632
vn 0.000411 -0.500006 0.866022
vn 0.000411 -0.500006 0.866022
vn -1 0 0
vn -1 -1E-06 -1E-06
vn -1 -1E-06 1E-06
vn -1 1.8369701987210298E-22 3E-06
vn -1 -1E-06 6.123233995736766E-23
vn 0 6.123233995736766E-17 1
vn 0 6.123233995736766E-17 1
vn 0 6.123233995736766E-17 1
vn 0 6.123233995736766E-17 1
vn -1 0 0
vn -1 0 0
vn -1 0 0
vn -1 0 0
vn 1 0 0
vn 1 0 0
vn 1 0 0
vn 1 0 0
vn -0 1.4000000000061232E-05 1
vn -0 1.4000000000061232E-05 1
vn 0 6.123233995736766E-17 1
vn 0 6.123233995736766E-17 1
vn 0 6.123233995736766E-17 1
vn 0 6.123233995736766E-17 1
vn -1 0 0
vn -1 0 0
vn -1 0 0
vn -1 0 0
vn -1 0 0
vn -1 0 0
vn -1 0 0
vn -1 0 0
vn -1 0 0
vn 1 6.123233995736766E-23 1E-06
vn 1 0 0
vn 1 0 0
vn 1 -1E-06 6.123233995736766E-23
vn 1 -1E-06 6.123233995736766E-23
vn 0.018685 0.023923000000000062 0.999539
vn -0.508048 0.861134 -0.018345000000000052
vn 0.50076 0.853229 0.14573599999999995
vn -0.070127 -0.007657999999999939 0.997509
vn -0.025088 0.047565000000000066 0.998553
vn 0.003666 0.10715500000000006 0.994236
vn 0.063502 0.05094500000000006 0.996681
vn 0.067744 -0.10081499999999995 0.992596
vn -0.145431 -0.014850999999999939 0.989257
vn -0.970528 0.240987 -3.0000000000147562E-06
vn -0.970529 0.240982 -1.000000000014756E-06
vn -0.250522 -0.560656 0.789242
vn -0.274163 -0.615783 -0.738678
vn -0.970529 0.240982 -1.000000000014756E-06
vn -0.970531 0.240977 9.999999999852444E-07
vn -0.875194 0.480968 0.05200999999999997
vn 0.883924 -0.466113 -0.03763999999999997
vn 0.883919 -0.466123 -0.03762699999999997
vn -0.875199 0.480957 0.052024999999999974
vn 0.883924 -0.466113 -0.03763999999999997
vn -0.875204 0.480947 0.052039999999999975
vn -0.875199 0.480957 0.052024999999999974
vn 0.883929 -0.466104 -0.03765299999999997
vn 0 6.123233995736766E-17 1
vn 0 6.123233995736766E-17 1
vn 0 6.123233995736766E-17 1
vn 0 6.123233995736766E-17 1
vn -0.899526 0.423616 0.10678699999999998
vn 0.89939 -0.42384 -0.10704199999999997
vn 0.899502 -0.423612 -0.10699599999999997
vn -0.899412 0.423852 0.10680899999999997
vn 0.899615 -0.423384 -0.10694999999999998
vn -0.899526 0.423616 0.10678699999999998
vn -0.899639 0.42338 0.10676399999999997
vn 0.899502 -0.423612 -0.10699599999999997
vn 0 6.123233995736766E-17 1
vn 0 6.123233995736766E-17 1
vn 0 6.123233995736766E-17 1
vn 0 6.123233995736766E-17 1
vn -0.711448 0.696402 0.09415299999999996
vn -0.270912 0.959093 0.08213899999999995
vn 0.41151 0.908343 0.07465299999999994
vn 0.896897 0.433058 0.08965299999999997
vn 0.963704 -0.248983 0.09634700000000002
vn 0.444657 -0.890972 0.09192400000000006
vn -0.073528 -0.99519 0.06474100000000006
vn -0.603856 -0.794647 0.06241500000000005
vn -0.991317 -0.0955 0.090387
vn -0.728796 0.63674 0.25182999999999994
vn -0.149002 0.956231 0.2518329999999999
vn 0.500513 0.828293 0.25182999999999994
vn 0.915831 0.312786 0.25183
vn 0.902624 -0.349073 0.251829
vn 0.467069 -0.847603 0.2518230000000001
vn -0.187033 -0.949527 0.25182600000000005
vn -0.753619 -0.607158 0.2518270000000001
vn -0.967578 0.019310000000000015 0.251832
vn -0.373341 0.892859 0.25183199999999994
vn -0.586569 -0.769753 0.25182600000000005
vn -0.859913 0.443995 0.251829
vn 4.7E-05 4.800000000006123E-05 1
vn 0.287925 0.923948 0.25183099999999997
vn 0.814466 0.522711 0.25182899999999997
vn 0.95991 -0.12310499999999999 0.251831
vn 0.656205 -0.711322 0.25182600000000005
vn 0.045451 -0.966705 0.25182600000000005
vn -0.944125 -0.21262699999999998 0.25183
vn 0.816353 -0.559868 0.14182900000000004
vn 0.004459 0.0008070000000000612 0.99999
vn 0.010044 0.03382300000000006 0.999377
vn 0.079503 0.986645 0.14216699999999993
vn 0.668588 0.729804 0.14274299999999995
vn 0.07271 0.06403200000000006 0.995296
vn 0.068937 -0.10945999999999995 0.991598
vn 0.074964 -0.08673599999999994 0.993407
vn 0.04869 -0.004699999999999939 0.998803
vn -0.111806 -0.02773699999999994 0.993343
vn 0.062396 -0.05289899999999994 0.996649
vn -0.079346 -0.0022039999999999386 0.996845
vn -0.020895 0.028828000000000062 0.999366
vn 0.052732 0.031343000000000065 0.998117
vn 0.101526 0.04950300000000006 0.993601
vn 0.677135 -0.735535 0.021836000000000046
vn -0.003371 0.07177300000000006 0.997415
vn -0.252477 -0.561108 0.788298
vn -0.274918 -0.614221 -0.739697
vn 0.001004 0.00026900000000006124 0.999999
vn 5.7E-05 0.00012600000000006123 1
vn 0.001922 0.00034800000000006126 0.999998
vn -0.000222 0.00013400000000006123 1
vn -0.403777 -0.906898 0.12041800000000005
vn -0.277848 -0.624058 0.730309
vn -0.340816 -0.765486 0.545779
vn -0.403775 -0.9069 -0.12040899999999995
vn -0.021875 -0.04913099999999994 0.998553
vn -0.11838 -0.26588699999999993 0.956708
vn 0.244341 0.548799 0.799448
vn 0.159486 0.35821100000000006 0.919918
vn 0.396181 0.889845 0.22631099999999996
vn 0.362686 0.814604 0.4526359999999999
vn 0.362678 0.814604 -0.45264200000000004
vn 0.396177 0.889843 -0.22632800000000006
vn 0.159489 0.35821899999999995 -0.919914
vn 0.24434 0.548803 -0.799445
vn -0.118376 -0.26588200000000006 -0.95671
vn -0.021871 -0.04912300000000006 -0.998553
vn -0.340813 -0.76549 -0.545776
vn -0.277844 -0.62406 -0.73031
vn -1E-06 -9.999999999387675E-07 1
vn -1E-06 6.123233995736766E-17 1
vn 0.808449 -0.588566 -2.999999999963961E-06
vn 0.808447 -0.58857 -9.999999999639604E-07
vn -0.999186 -0.016022999999999996 0.037026
vn -0.995497 0.077969 0.05392199999999999
vn -0.999186 -0.016022999999999996 0.037026
vn -0.993749 -0.109869 0.019792000000000008
vn -0.662523 0.735547 0.14153999999999994
vn -0.96063 0.238621 0.14230599999999996
vn -0.993684 -0.101474 0.047913000000000004
vn -0.916274 0.359414 0.17681299999999997
vn 0.808447 -0.58857 -9.999999999639604E-07
vn 0.808444 -0.588573 1.0000000000360397E-06
vn -0.925243 0.377505 -0.03762700000000002
vn 0.931006 -0.36128 0.052012000000000023
vn -0.925239 0.377514 -0.03764100000000002
vn 0.931002 -0.361289 0.052026000000000024
vn -0.925234 0.377523 -0.03765500000000002
vn -0.925239 0.377514 -0.03764100000000002
vn 0.931002 -0.361289 0.052026000000000024
vn 0.930997 -0.361298 0.052040000000000024
vn 0 6.123233995736766E-17 1
vn 0 6.123233995736766E-17 1
vn 0 6.123233995736766E-17 1
vn 0 6.123233995736766E-17 1
vn 0.902608 -0.417018 0.10674700000000002
vn -0.902908 0.416866 -0.10478300000000003
vn 0.902712 -0.416782 0.10679300000000003
vn -0.902803 0.417099 -0.10476100000000003
vn 0.902712 -0.416782 0.10679300000000003
vn -0.903013 0.416633 -0.10480500000000002
vn 0.902815 -0.416545 0.10683900000000003
vn -0.902908 0.416866 -0.10478300000000003
vn -1.5E-05 6.123233995736766E-17 1
vn -1.5E-05 6.123233995736766E-17 1
vn -1.5E-05 6.123233995736766E-17 1
vn -1.5E-05 6.123233995736766E-17 1
vn -0.998044 0.051913 -0.034839
vn 0.996323 -0.073675 0.04374100000000001
vn -0.998 0.054705 -0.031687
vn 0.996364 -0.07009 0.048433000000000004
vn -0.998044 0.051913 -0.034839
vn -0.99807 0.04912 -0.037991
vn 0.996364 -0.07009 0.048433000000000004
vn 0.996371 -0.066502 0.053124000000000005
vn 0 -0.13159999999999994 0.991303
vn 0 -0.13159999999999994 0.991303
vn 0 -0.13159899999999994 0.991303
vn 0 -0.13159999999999994 0.991303
vn 0.994358 -0.012736999999999993 0.105311
vn -0.997209 0.010018999999999995 -0.073981
vn 0.994306 -0.015408999999999994 0.10544
vn -0.99718 0.011972999999999994 -0.074081
vn 0.994306 -0.015408999999999994 0.10544
vn -0.99718 0.011972999999999994 -0.074081
vn 0.994248 -0.018080999999999993 0.105568
vn -0.997148 0.013925999999999994 -0.07418
vn 0.008506 0.04719100000000006 0.99885
vn 0.016428 0.04780200000000006 0.998722
vn 0.008506 0.04719100000000006 0.99885
vn 0.000583 0.04657700000000006 0.998915
vn -0.017326 0.999786 0.01125899999999994
vn 0.006909 -0.513243 0.858216
vn 0.015561 -0.943372 0.3313710000000001
vn 0.013372 -0.67476 -0.737916
vn -0.008728 0.609621 -0.792645
vn 0.997981 0.054955 -0.031845
vn -0.996272 -0.074171 0.044062000000000004
vn 0.99801 0.051746 -0.036038
vn -0.996318 -0.069928 0.04961100000000001
vn 0.99801 0.051746 -0.036038
vn 0.998011 0.048535 -0.04023
vn -0.996318 -0.069928 0.04961100000000001
vn -0.996315 -0.065682 0.055158000000000006
vn -0.006707 0.048674000000000064 0.998792
vn 0.003154 0.04799300000000006 0.998843
vn -0.006707 0.048674000000000064 0.998792
vn -0.016567 0.04934900000000006 0.998644
vn -0.994358 -0.012739999999999993 0.105311
vn 0.997184 0.011962999999999994 -0.074035
vn -0.994306 -0.015410999999999992 0.10544
vn 0.997199 0.010030999999999995 -0.074117
vn -0.994306 -0.015410999999999992 0.10544
vn 0.997165 0.013895999999999995 -0.073952
vn -0.994248 -0.018080999999999993 0.105568
vn 0.997184 0.011962999999999994 -0.074035
vn -0.998476 0.0026090000000000037 0.055132
vn -0.998544 -0.008202999999999997 0.053308
vn -0.998287 0.013421000000000004 0.056949
vn -0.998476 0.0026090000000000037 0.055132
vn 0.63218 -0.774733 0.011751000000000046
vn -0.904594 0.426274 -1.0000000000261017E-06
vn -0.90459 0.426282 -1.0000000000261021E-06
vn -0.90459 0.426283 -2.610230557404656E-17
vn -0.904592 0.426279 -3.0000000000261022E-06
vn -0.904592 0.42628 1.9999999999738977E-06
vn -0.904592 0.426278 4.999999999973898E-06
vn -0.904591 0.42628 9.999999999738978E-07
vn -0.904592 0.426279 -7.000000000026102E-06
vn -0.904591 0.426281 -2.000000000026102E-06
vn -0.011924 0.77318 -0.634074
vn 0.017001 -0.935649 -0.3525229999999999
vn -0.005098 0.16366700000000006 0.986502
vn -0.014636 0.759583 0.650246
vn -0.017324 0.968093 0.24999099999999994
vn -0.01196 0.583398 0.812099
vn -0.00089 -0.08085099999999995 0.996726
vn 0.01051 -0.701972 0.712127
vn 0.017 -0.995219 0.09617900000000006
vn 0.015565 -0.824236 -0.566033
vn 0.01337 -0.674761 -0.737916
vn -0.008729 0.609621 -0.792645
vn -0.014626 0.902341 -0.4307750000000001
vn 0.904592 -0.426279 -9.99999999973898E-07
vn 0.904592 -0.426279 4.000000000026102E-06
vn 0.90459 -0.426282 2.61022443417066E-17
vn 0.90459 -0.426282 1.0000000000261021E-06
vn 0.904593 -0.426277 1.000000000026102E-06
vn 0.904591 -0.426281 2.000000000026102E-06
vn 0.904592 -0.426279 8.000000000026102E-06
vn 0.904591 -0.42628 2.6102121877026687E-17
vn 0.904593 -0.426277 -3.999999999973898E-06
vn 0.993734 0.108799 -0.025594000000000006
vn -0.46078 0.885534 -0.05925000000000005
vn 0.999021 0.019349999999999996 -0.039772
vn 0.962732 0.270296 -0.009330000000000017
vn 0.986373 0.163277 -0.02021900000000001
vn -0.496944 0.8674 0.025768999999999948
vn -0.530847 0.847465 0.002159999999999948
vn 0.972185 0.233989 -0.010274000000000014
vn -0.513208 0.857312 -0.040430000000000056
vn -0.004757 -0.07296299999999994 0.997323
vn -0.003752 -0.07328799999999995 0.997304
vn -0.101252 -0.007028999999999939 0.994836
vn -0.101253 -0.007024999999999939 0.994836
vn 0.011995 -0.09930599999999995 0.994985
vn 0.012981 -0.09931399999999994 0.994971
vn -0.096776 0.00950300000000006 0.995261
vn -0.096777 0.009506000000000061 0.995261
vn 0.996507 0.04555800000000001 0.069988
vn 0.986045 0.09072100000000001 0.13959
vn 0.9964 0.05099900000000001 0.067726
vn 1 0.00014 1.1999999999999992E-05
vn 0.996609 -0.04389799999999999 0.069596
vn 1 0.000128 -2.000000000000008E-06
vn 0.964668 -0.238938 0.11101200000000001
vn 0.89643 -0.393334 0.20420900000000003
vn 0.996644 -0.039509999999999997 0.07169
vn 1 1.8000000000000014E-05 0.000213
vn 0.695127 -0.664669 0.27388700000000005
vn 0.043069 0.99053 0.13036999999999996
vn -6.3E-05 1 7.999999999938768E-06
vn -6.4E-05 0.974878 0.22273799999999994
vn -8E-06 0.974928 0.22251999999999994
vn -1 -0.000127 1.0000000000000078E-06
vn -1 -0.000128 2.000000000000008E-06
vn -1 -0.000101 -5.399999999999999E-05
vn -1 -0.000129 -2.999999999999992E-06
vn -0.000236 1 -3.100000000006123E-05
vn -0.000244 1 -6.200000000006123E-05
vn -0.000236 1 -3.100000000006123E-05
vn -0.000227 1 9.999999999387675E-07
vn 0.455474 -0.837404 0.30215500000000006
vn 0.236183 -0.932587 0.27294500000000005
vn -0.700629 0.713526 0.00036899999999995633
vn 0.00011 -0.975026 0.22209000000000007
vn 0.000221 -0.974938 0.22247500000000006
vn 0.99658 0.04011700000000001 0.072248
vn 1 1.9999999999999988E-05 -0.000208
vn -1 -7.5E-05 -0.000109
vn -1 -1.8000000000000014E-05 -0.000213
vn 6.7E-05 -1 -3.999999999938768E-06
vn 6.3E-05 -1 -7.999999999938768E-06
vn 8.6E-05 -1 -1.3999999999938768E-05
vn 0.000103 -1 -1.1999999999938768E-05
vn 0.00012 -1 -1.6999999999938766E-05
vn 0.000116 -1 6.123233995736766E-17
vn -1 -0.000106 5.000000000000001E-05
vn -1 -0.00014 -1.1999999999999992E-05
vn -1 -7.7E-05 0.000105
vn -1 -1.9999999999999988E-05 0.000208
vn -1.9E-05 6.123233995736766E-17 1
vn -1.9E-05 6.123233995736766E-17 1
vn -1.9E-05 6.123233995736766E-17 1
vn -1.9E-05 6.123233995736766E-17 1
vn -0.133813 -0.09163399999999994 0.986761
vn 0.106528 -0.09194999999999995 0.990049
vn -0.558876 -0.08028099999999995 0.825357
vn -0.55779 -0.07762999999999995 0.826343
vn -0.998562 -0.005054999999999996 0.053362
vn -0.998578 -0.004855999999999997 0.053085
vn 0.53917 -0.08147199999999995 0.838247
vn 0.540196 -0.07873399999999994 0.837848
vn 0.997795 -0.006162999999999996 0.066089
vn 0.997766 -0.005998999999999996 0.066541
vn 0.003445 3.000000000061232E-06 0.999994
vn 0.003452 6.123197256332792E-17 0.999994
vn 0.003445 3.000000000061232E-06 0.999994
vn 0.003438 6.000000000061232E-06 0.999994
vn -2E-06 0.003492000000000061 0.999994
vn -4E-06 0.0034880000000000614 0.999994
vn -2E-06 0.003492000000000061 0.999994
vn -1E-06 0.003496000000000061 0.999994
vn 1 -7.347880794884119E-22 -1.2E-05
vn 1 -6.123233995736766E-22 -1E-05
vn 0 -1 6.123233995736766E-17
vn 0 -1 6.123233995736766E-17
vn -1 -1.0000000000000016E-06 -2.6E-05
vn -1 -3.000000000000001E-06 -1.7E-05
vn -5.9E-05 1 -6.123233995736766E-17
vn -5.9E-05 1 -6.123233995736766E-17
vn -1 7.347880794884119E-22 1.2E-05
vn -1 7.9602041944577955E-22 1.3E-05
vn 6E-05 -0.742935 -0.669364
vn -0.428167 0.46250299999999994 -0.776379
vn -0.391674 0.45142599999999994 -0.801752
vn 2.4E-05 -1 6.123233995736766E-17
vn 2.4E-05 -1 6.123233995736766E-17
vn 2.4E-05 -1 6.123233995736766E-17
vn -0.655349 0.755327 -4.625043964297864E-17
vn -0.655348 0.755327 -4.625043964297864E-17
vn -0.655349 0.755327 -4.625043964297864E-17
vn -0.655349 0.755326 -4.625037841063869E-17
vn -0.000182 0.744639 -0.667468
vn -9.1E-05 0.744037 -0.668138
vn -1E-06 0.743435 -0.668808
vn -0.813882 -3.300000000003558E-05 -0.581031
vn -0.814275 -1.000000000035544E-06 -0.580479
vn -0.813882 -3.300000000003558E-05 -0.581031
vn -0.813488 -6.500000000003561E-05 -0.581582
vn 2.7E-05 -1 6.123233995736766E-17
vn 0.961816 0.010107999999999983 -0.273509
vn 1 5.8E-05 1.9999999999999965E-06
vn 0.000209 -0.999507 -0.03139199999999994
vn 0.000118 -0.999504 -0.03147799999999994
vn 2.7E-05 -0.999502 -0.03156299999999994
vn -2.7E-05 1 -6.123233995736766E-17
vn -2.7E-05 1 -6.123233995736766E-17
vn -0.998826 -0.018943999999999996 0.044591
vn -0.995308 -0.03778599999999999 0.089078
vn -1 -5E-06 3.061616997868383E-22
vn 0.996194 -0.033986999999999996 0.08026
vn 0.999048 -0.017006999999999998 0.040168
vn 0.999714 0.019276 -0.014190000000000001
vn 0.999257 0.038544 -2.360139311316779E-18
vn 0.999597 -3.0000000000017373E-06 -0.028372
vn 0.858417 5.199999999996859E-05 -0.512953
vn 0.984274 4.0999999999989186E-05 -0.17665
vn 0.000326 -0.849547 -0.527513
vn 0.000147 -0.849206 -0.528062
vn 0.00043 -0.931376 -0.36405699999999996
vn 0.000584 -0.983331 -0.18182399999999996
vn -1 -2E-05 1.2246467991473532E-21
vn -0.00036 1 -6.123233995736766E-17
vn -0.001133 0.999999 -6.12322787250277E-17
vn -0.001133 0.999999 -6.12322787250277E-17
vn 1 4.2E-05 -2.5717582782094415E-21
vn 1 4.2E-05 -2.5717582782094415E-21
vn 1 4E-05 -9.000000000000002E-06
vn 1 7.8E-05 -4.7761225166746775E-21
vn 1 4E-05 -9.000000000000002E-06
vn 0.000594 -1 1.0000000000612324E-06
vn 0.000594 -1 2.0000000000612323E-06
vn 0.000174 -1 6.123233995736766E-17
vn 0.000173 -1 6.123233995736766E-17
vn 0.000174 -1 6.123233995736766E-17
vn 0.87773 2.399999999997066E-05 -0.479156
vn 0.877737 3.799999999997066E-05 -0.479143
vn 0.453992 -0.762413 -0.46110399999999996
vn 0.442111 -0.762941 -0.47165499999999994
vn -0.437324 -0.771641 -0.46186299999999997
vn -0.44578 -0.758215 -0.47580599999999995
vn -0.901304 -5.5000000000026524E-05 -0.433188
vn -0.901281 -1.0000000000026528E-05 -0.433235
vn -0.442311 0.762943 -0.47146400000000005
vn -0.425413 0.763364 -0.48610700000000007
vn -0.442311 0.762943 -0.47146400000000005
vn -0.458988 0.762141 -0.45658600000000005
vn 0.492682 0.87021 -5.3284994554300917E-17
vn 0.492682 0.87021 -5.3284994554300917E-17
vn 0.514072 0.857747 -5.252185590141224E-17
vn 0.514072 0.857747 -5.252185590141224E-17
vn 1 4.3E-05 -2.6329906181668096E-21
vn 1 4.3E-05 -2.6329906181668096E-21
vn 1 4.3E-05 -2.6329906181668096E-21
vn 1 1.2E-05 -7.347880794884119E-22
vn 1 1.2E-05 -7.347880794884119E-22
vn 1 1.2E-05 -7.347880794884119E-22
vn 0.501383 -0.865225 5.2979751339613436E-17
vn 0.501383 -0.865225 5.2979751339613436E-17
vn 0.501383 -0.865225 5.2979751339613436E-17
vn 0.521678 -0.853143 5.223994220824852E-17
vn 0.521677 -0.853143 -9.9999999994776E-07
vn 0.521678 -0.853143 5.223994220824852E-17
vn -0.506827 -0.862048 5.2785216195568877E-17
vn -0.506827 -0.862048 5.2785216195568877E-17
vn -0.506827 -0.862048 5.2785216195568877E-17
vn -0.479404 -0.877594 5.3737134152546115E-17
vn -0.479405 -0.877594 5.3737134152546115E-17
vn -0.479404 -0.877594 5.3737134152546115E-17
vn -1 -1.1E-05 6.735557395310442E-22
vn -1 -1.1E-05 6.735557395310442E-22
vn -1 -1.1E-05 6.735557395310442E-22
vn -1 -0.000111 6.79678973526781E-21
vn -1 -0.000111 6.79678973526781E-21
vn -1 -0.000111 6.79678973526781E-21
vn -0.515903 0.856647 -5.2454500327459136E-17
vn -0.515903 0.856647 -5.2454500327459136E-17
vn -0.515903 0.856647 -5.2454500327459136E-17
vn -0.515903 0.856647 -5.2454500327459136E-17
vn -0.486798 0.873515 -5.3487367437860016E-17
vn -0.486798 0.873515 -5.3487367437860016E-17
vn -0.486798 0.873515 -5.3487367437860016E-17
vn -0.486798 0.873515 -5.3487367437860016E-17
vn 0.908651 0.0028909999999999743 -0.417546
vn 0.907111 0.0005289999999999742 -0.42089
vn 0.450661 -0.789369 -0.41689499999999996
vn 0.452734 -0.789504 -0.4143859999999999
vn -0.458304 -0.784157 -0.41839699999999996
vn -0.457831 -0.785081 -0.41718099999999997
vn -0.908273 -0.0038870000000000254 -0.41836
vn -0.909154 -0.005251000000000025 -0.416427
vn -0.463656 0.781457 -0.41755000000000003
vn -0.465533 0.781528 -0.4153220000000001
vn -0.463656 0.781457 -0.41755000000000003
vn -0.461774 0.78138 -0.41977400000000004
vn 0.490205 0.871607 -5.337053613322135E-17
vn 0.490205 0.871607 -5.337053613322135E-17
vn 0.489089 0.872234 -5.340892881037462E-17
vn 0.489089 0.872234 -5.340892881037462E-17
vn 1 0.000583 -3.569845419514534E-20
vn 1 0.000583 -3.569845419514534E-20
vn 1 0.000583 -3.569845419514534E-20
vn 0.999983 0.005772 -3.5343306623392617E-19
vn 0.999983 0.005772 -3.5343306623392617E-19
vn 0.999983 0.005772 -3.5343306623392617E-19
vn 0.497454 -0.86749 5.311844258961687E-17
vn 0.497454 -0.86749 5.311844258961687E-17
vn 0.497454 -0.86749 5.311844258961687E-17
vn 0.494143 -0.869381 5.323423294447625E-17
vn 0.494143 -0.869381 5.323423294447625E-17
vn 0.494143 -0.869381 5.323423294447625E-17
vn -0.503762 -0.863843 5.2895128245792356E-17
vn -0.503762 -0.863843 5.2895128245792356E-17
vn -0.503762 -0.863843 5.2895128245792356E-17
vn -0.505425 -0.86287 5.2835549179013837E-17
vn -0.505425 -0.86287 5.2835549179013837E-17
vn -0.505425 -0.86287 5.2835549179013837E-17
vn -0.999983 -0.005776 3.536779955937556E-19
vn -0.999983 -0.005776 3.536779955937556E-19
vn -0.999983 -0.005776 3.536779955937556E-19
vn -0.999996 -0.002781 1.7028713742143947E-19
vn -0.999996 -0.002781 1.7028713742143947E-19
vn -0.999996 -0.002781 1.7028713742143947E-19
vn -0.50877 0.860902 -5.271504393397773E-17
vn -0.50877 0.860902 -5.271504393397773E-17
vn -0.50877 0.860902 -5.271504393397773E-17
vn -0.50877 0.860902 -5.271504393397773E-17
vn -0.511758 0.859129 -5.2606478995233324E-17
vn -0.511758 0.859129 -5.2606478995233324E-17
vn -0.511758 0.859129 -5.2606478995233324E-17
vn -0.511758 0.859129 -5.2606478995233324E-17
vn -0.006065 0.55399 0.832502
vn 0.475822 0.2790210000000001 0.834111
vn 0.478393 -0.2780369999999999 0.832968
vn -0.001332 -0.554033 0.832494
vn -0.481425 -0.27742599999999995 0.831423
vn -0.483654 0.27351900000000007 0.831424
vn -1 -0.000155 9.491012693391988E-21
vn -1 -0.000155 9.491012693391988E-21
vn -1 -0.000155 9.491012693391988E-21
vn -0.997739 -1.9999999999958846E-06 0.067207
vn -0.99774 -9.999999999958853E-07 0.067199
vn -2.4E-05 0.996095 0.08828799999999995
vn -2.9E-05 0.996092 0.08832199999999994
vn 0 6.123233995736766E-17 1
vn 0 6.123233995736766E-17 1
vn 0 6.123233995736766E-17 1
vn 0 6.123233995736766E-17 1
vn 0 6.123233995736766E-17 1
vn 0 6.123233995736766E-17 1
vn -1 0 0
vn -1 0 0
vn -0 1 -6.123233995736766E-17
vn -0 1 -6.123233995736766E-17
vn -0 1 -6.123233995736766E-17
vn 1 0 0
vn 1 0 0
vn 1 0 0
vn -1E-06 -1 1.0000000000061233E-05
vn -1E-06 -1 6.000000000061232E-06
vn -0.008575 -0.999956 -0.003695999999999939
vn -0.008575 -0.999956 -0.003695999999999939
vn 1 0 0
vn 1 0 0
vn -0.223157 -0.816518 0.532447
vn -0.434735 -0.774729 0.45913000000000004
vn -0.223157 -0.816518 0.532447
vn -0.447213 0.894428 -5.476791936338844E-17
vn -0.894425 0.447219 -2.7384265843394006E-17
vn -0.894397 -0.447275 2.738769485443162E-17
vn -0.44695 -0.894559 5.477594079992286E-17
vn 5.9E-05 1 -6.123233995736766E-17
vn 5.9E-05 1 -6.123233995736766E-17
vn 0.008763 -0.999955 -0.003695999999999939
vn 0.008763 -0.999955 -0.003695999999999939
vn -1 0 0
vn -1 0 0
vn 0.208796 -0.818164 0.535735
vn 0.208796 -0.818164 0.535735
vn 0.421292 -0.779827 0.46301400000000004
vn -0.865771 -0.499947 0.02222600000000003
vn 1 1.0000000000000016E-06 2.6E-05
vn 1 1.0409497792752503E-21 1.7E-05
vn -1 -4.7E-05 2.87791997799628E-21
vn -1 -4.7E-05 2.87791997799628E-21
vn -1 -4.6E-05 2.8166876380389123E-21
vn -1 -4.6E-05 2.8166876380389123E-21
vn -5.9E-05 1 -6.123233995736766E-17
vn -5.9E-05 1 -6.123233995736766E-17
vn -5.9E-05 1 -6.123233995736766E-17
vn 1 -4.5E-05 2.755455298081545E-21
vn 1 -4.5E-05 2.755455298081545E-21
vn 5.9E-05 1 -6.123233995736766E-17
vn 5.9E-05 1 -6.123233995736766E-17
vn 5.9E-05 1 -6.123233995736766E-17
vn -0.000179 1 -6.123233995736766E-17
vn -0.000179 1 -6.123233995736766E-17
vn 1 7.3E-05 -4.469960816887839E-21
vn 1 7.3E-05 -4.469960816887839E-21
vn 0.000168 -1 6.123233995736766E-17
vn 0.000168 -1 6.123233995736766E-17
vn 0.500124 0.850648 0.16208899999999996
vn 0.500124 0.850648 0.16208899999999996
vn 0.986776 1.1000000000009925E-05 0.162089
vn 0.986776 1.1000000000009925E-05 0.162089
vn 0.986776 1.1000000000009925E-05 0.162089
vn 0.509081 -0.845319 0.16208900000000007
vn 0.509081 -0.845319 0.16208900000000007
vn 0.509081 -0.845319 0.16208900000000007
vn -0.486166 -0.858702 0.16208900000000007
vn -0.486166 -0.858702 0.16208900000000007
vn -0.486166 -0.858702 0.16208900000000007
vn -0.986776 -4.199999999999007E-05 0.162089
vn -0.986776 -4.199999999999007E-05 0.162089
vn -0.986776 -4.199999999999007E-05 0.162089
vn -0.494753 0.853784 0.16208799999999995
vn -0.494753 0.853784 0.16208799999999995
vn -0.494753 0.853784 0.16208799999999995
vn -0.494753 0.853784 0.16208899999999996
vn -0.000301 0.998968 0.045428999999999935
vn -0.000142 0.998924 0.046379999999999935
vn 1.8E-05 0.998879 0.047330999999999936
vn 0.000418 -0.997255 0.07404900000000006
vn 0.000854 -0.997445 0.07143300000000005
vn 0.000418 -0.997255 0.07404900000000006
vn -0.447213 -0.894428 5.476791936338844E-17
vn -0.894425 -0.447217 2.7384143378714092E-17
vn -0.446949 0.894559 -5.477594079992286E-17
vn -0.894396 0.447276 -2.738775608677158E-17
vn 0 -1 6.123233995736766E-17
vn 0 -1 6.123233995736766E-17
vn 0 -1 6.123233995736766E-17
vn 0 -1 6.123233995736766E-17
vn 0.117662 -0.60925 0.784201
vn 0.267364 -0.62633 0.732275
vn 0.300357 -0.912742 0.27692400000000006
vn -0.005686 -0.991295 0.13154000000000005
vn 0.449583 0.716556 0.533313
vn 0.210933 0.819889 0.532249
vn 0.81645 -0.21264199999999997 0.536836
vn 0.842842 0.05043900000000003 0.535793
vn 0.051527 -0.845465 0.531539
vn 0.305737 -0.790454 0.530761
vn -0.784779 -0.31353799999999993 0.534618
vn -0.650384 -0.541013 0.533203
vn -0.53523 0.655516 0.532754
vn -0.709568 0.45870000000000005 0.53489
vn 0.784771 0.31353200000000003 0.534632
vn 0.650377 0.54101 0.533215
vn 0.535224 -0.655511 0.532767
vn 0.70956 -0.45869699999999997 0.534903
vn -0.449586 -0.716561 0.533304
vn -0.210933 -0.819891 0.532246
vn -0.816467 0.21264700000000003 0.536808
vn -0.84286 -0.05044399999999997 0.535764
vn -0.051524 0.845468 0.531535
vn -0.305741 0.790456 0.530755
vn -0.784779 -0.31353799999999993 0.534618
vn -0.813771 -0.22601499999999997 0.535439
vn 0.292566 0.944801 0.14750299999999994
vn 0.071518 0.986549 0.14698999999999995
vn 0.6724 0.726875 0.13975199999999993
vn -0.250522 -0.560656 0.789242
vn -0.248566 -0.560201 0.790183
vn 0.001377 0.024982000000000063 0.999687
vn 0.020848 0.06725100000000006 0.997518
vn 0.028421 0.03571600000000006 0.998958
vn -0.274918 -0.614221 -0.739697
vn -0.275672 -0.612657 -0.740713
vn 0.677135 -0.735535 0.021836000000000046
vn 0.719613 -0.693645 0.03184100000000004
vn 0.873867 -0.454993 0.17128100000000002
vn 0.584775 -0.809869 0.04637400000000005
vn 0.991352 -0.015036999999999991 0.130363
vn 0.89649 0.437116 -0.07235800000000003
vn 0.991186 0.106242 0.07914
vn -0.283223 0.955371 0.08396599999999994
vn -0.585986 0.804603 0.09609499999999994
vn -0.885869 0.453474 0.09796599999999997
vn 0.414286 0.907944 0.06329099999999994
vn 0.928223 0.361351 0.08846999999999997
vn 0.986627 -0.128864 0.09980800000000001
vn 0.988869 0.11124 0.098813
vn 0.677255 -0.729085 0.09879700000000004
vn -0.059877 -0.995359 0.07533600000000006
vn 0.3049 -0.947258 0.09868400000000005
vn -0.822507 -0.562624 0.08328600000000003
vn -0.822507 -0.562624 0.08328600000000003
vn -0.603856 -0.794647 0.06241500000000005
vn -0.974025 -0.201368 0.10356500000000002
vn -0.908049 -0.405873 0.10351000000000003
vn -0.967578 0.019310000000000015 0.251832
vn -0.944125 -0.21262699999999998 0.25183
vn 0.940549 -0.338302 0.03033300000000002
vn 0.940549 -0.338302 0.03033300000000002
vn 0.940549 -0.338302 0.03033300000000002
vn -0.108315 0.07370100000000006 0.991381
vn -0.035623 0.12615700000000005 0.99137
vn -0.130278 -0.01316399999999994 0.99139
vn 0.053817 0.11959100000000006 0.991364
vn 0.118093 0.057029000000000066 0.991364
vn 0.127074 -0.03220099999999994 0.99137
vn 0.076601 -0.10628299999999995 0.991381
vn -0.009638 -0.13058599999999995 0.99139
vn -0.09131 -0.09381199999999995 0.991394
vn -0.87282 0.487232 0.028115999999999967
vn -0.87282 0.487232 0.028115999999999967
vn -0.87282 0.487232 0.028115999999999967
vn -0.021871 -0.04912300000000006 -0.998553
vn -0.118376 -0.26588200000000006 -0.95671
vn -0.275147 0.959991 -0.05207400000000006
vn -0.568694 0.816848 0.09667599999999994
vn -0.999996 -0.0028 -0.00010599999999999983
vn -0.999992 0.00401 0.0005289999999999997
vn -0.99998 0.005612 -0.0029630000000000004
vn -0.999992 0.004015 0.0005269999999999998
vn -0.99985 0.016971 0.003573999999999999
vn -0.999323 0.033243 0.015789999999999995
vn -0.999974 0.006917 0.0021779999999999994
vn -0.999963 -0.007991 0.0031820000000000004
vn -0.999992 0.004019 0.0005329999999999998
vn 0.999996 0.0028 0.00010699999999999982
vn 0.999992 -0.004019 -0.0005309999999999998
vn 0.999963 0.007991 -0.0031800000000000005
vn 0.999974 -0.00692 -0.0021779999999999994
vn 0.999322 -0.033249 -0.015793999999999996
vn 0.99985 -0.016974 -0.0035759999999999993
vn 0.999992 -0.004015 -0.0005289999999999997
vn 0.99998 -0.005612 0.0029630000000000004
vn 0.999992 -0.00401 -0.0005289999999999997
vn 0.89643 -0.393334 0.20420900000000003
vn 0.964668 -0.238938 0.11101200000000001
vn 0.064611 0.994428 0.08329099999999995
vn 0.042907 0.977997 0.20415699999999995
vn -0.699407 0.714724 -4.3764222943689645E-17
vn -0.699901 0.71424 0.00041999999999995627
vn -0.701239 0.712926 0.0005539999999999563
vn -0.702083 0.712095 0.0002679999999999564
vn -1 -0.000136 -5.999999999999992E-06
vn -1 -0.000133 1.000000000000008E-06
vn -0.737308 -0.033543999999999956 0.674724
vn -0.737308 -0.033543999999999956 0.674724
vn -0.472756 0.46122500000000005 0.750848
vn -0.613545 0.583382 0.532192
vn -0.472756 0.46122500000000005 0.750848
vn 2.7E-05 -1 6.123233995736766E-17
vn 2.7E-05 -1 6.123233995736766E-17
vn 0.851489 -0.039881999999999966 0.522853
vn 0.321766 -0.07132799999999995 0.944129
vn 0.851489 -0.039881999999999966 0.522853
vn 0.026585 -0.752583 0.65796
vn 0.026585 -0.752583 0.65796
vn -0.611034 -0.66482 0.42971100000000007
vn -0.611034 -0.66482 0.42971100000000007
vn -0.082105 0.587729 0.804881
vn -0.082284 0.58755 0.804993
vn -0.082105 0.587729 0.804881
vn 0.069098 0.41953200000000007 0.905107
vn 0.03723 0.864692 0.50092
vn 0.069098 0.41953200000000007 0.905107
vn 0.034861 -0.896077 0.44252700000000006
vn 0.034861 -0.896077 0.44252700000000006
vn 0.067729 -0.46116999999999997 0.884723
vn -0.592969 -0.08084899999999995 0.801156
vn -0.592969 -0.08084899999999995 0.801156
vn -0.593344 -0.08171199999999995 0.800791
vn 0.894422 0.447224 9.999999999726154E-07
vn 0.447212 0.894428 -5.476791936338844E-17
vn 0.894422 0.447224 9.999999999726154E-07
vn 0.447482 -0.894293 1.0000000000547596E-06
vn -0.894397 -0.447275 2.738769485443162E-17
vn -0.44695 -0.894559 5.477594079992286E-17
vn -0.44695 -0.894559 5.477594079992286E-17
vn 0.894466 -0.447137 1.0000000000273792E-06
vn 0.447482 -0.894293 1.0000000000547596E-06
vn -0.447213 0.894428 -5.476791936338844E-17
vn -0.894425 0.447219 -2.7384265843394006E-17
vn -0.447213 0.894428 -5.476791936338844E-17
vn 0.894422 0.447224 9.999999999726154E-07
vn 0.447212 0.894428 -5.476791936338844E-17
vn 0.894422 0.447224 9.999999999726154E-07
vn 0.447482 -0.894293 1.0000000000547596E-06
vn 0.894466 -0.447137 1.0000000000273792E-06
vn 0.447482 -0.894293 1.0000000000547596E-06
vn 0.000226 0.0010210000000000611 0.999999
vn -0.749627 0.43328900000000004 0.50032
vn 0.000226 0.0010210000000000611 0.999999
vn 0.000226 0.0010210000000000611 0.999999
vn 0.000226 0.0010210000000000611 0.999999
vn 0.749191 -0.43234799999999995 0.501786
vn 0.004647 0.00014900000000006122 0.999989
vn 0.004647 0.00014900000000006122 0.999989
vn 0.004647 0.00014900000000006122 0.999989
vn 0.004647 0.00014900000000006122 0.999989
vn 0.894423 -0.447221 2.738438830807392E-17
vn 0.447212 -0.894428 5.476791936338844E-17
vn 0.894423 -0.447221 2.738438830807392E-17
vn 0.447481 0.894293 9.999999999452403E-07
vn 0.894464 0.44714 9.999999999726205E-07
vn -0.44695 0.894559 -5.477594079992286E-17
vn -0.44695 0.894559 -5.477594079992286E-17
vn -0.894396 0.447276 -2.738775608677158E-17
vn 0.447481 0.894293 9.999999999452403E-07
vn -0.447212 -0.894428 5.476791936338844E-17
vn -0.894425 -0.447218 2.7384204611054052E-17
vn -0.447212 -0.894428 5.476791936338844E-17
vn 0.894424 -0.44722 2.7384327075733966E-17
vn 0.447212 -0.894428 5.476791936338844E-17
vn 0.894424 -0.44722 2.7384327075733966E-17
vn 0.44748 0.894294 9.999999999452403E-07
vn 0.894463 0.447141 9.999999999726205E-07
vn 0.44748 0.894294 9.999999999452403E-07
vn -0.078966 0.576471 0.813293
vn -0.078966 0.576471 0.813293
vn -0.079115 0.576352 0.813363
vn 0.000868 0.001749000000000061 0.999998
vn 0.000868 0.001749000000000061 0.999998
vn 8.1E-05 -0.09804399999999995 0.995182
vn -0.000355 0.4325030000000001 0.901632
vn 8.1E-05 -0.09804399999999995 0.995182
vn -0.63422 -0.05800399999999995 0.770974
vn -0.63422 -0.05800399999999995 0.770974
vn -0.638392 -0.05950299999999995 0.767408
vn -0.097114 -0.2774289999999999 0.955825
vn -0.097114 -0.2774289999999999 0.955825
vn -0.053689 -0.845378 0.531464
vn 0.229069 -0.09563699999999994 0.968701
vn 0.229069 -0.09563699999999994 0.968701
vn 0.873406 -0.047349999999999975 0.484685
vn -0.094901 -0.19528599999999993 0.976144
vn -0.094901 -0.19528599999999993 0.976144
vn -0.051995 -0.841742 0.537371
vn -0.55779 -0.07762999999999995 0.826343
vn -0.55779 -0.07762999999999995 0.826343
vn -0.558876 -0.08028099999999995 0.825357
vn 0.540196 -0.07873399999999994 0.837848
vn 0.53917 -0.08147199999999995 0.838247
vn 0.540196 -0.07873399999999994 0.837848
g 01
f 874/874/874 873/873/873 872/872/872
f 872/872/872 875/875/875 874/874/874
f 870/870/870 869/869/869 868/868/868
f 868/868/868 871/871/871 870/870/870
f 1341/1341/1341 1340/1340/1340 858/858/858
f 858/858/858 859/859/859 1339/1339/1339
f 866/866/866 864/864/864 865/865/865
f 865/865/865 867/867/867 866/866/866
f 862/862/862 1338/1338/1338 1337/1337/1337
f 1336/1336/1336 863/863/863 862/862/862
f 861/861/861 860/860/860 859/859/859
f 859/859/859 858/858/858 861/861/861
f 855/855/855 856/856/856 854/854/854
f 854/854/854 857/857/857 855/855/855
f 850/850/850 853/853/853 852/852/852
f 852/852/852 1243/1243/1243 850/850/850
f 1242/1242/1242 851/851/851 850/850/850
f 850/850/850 1243/1243/1243 1242/1242/1242
f 847/847/847 849/849/849 848/848/848
f 848/848/848 846/846/846 847/847/847
f 846/846/846 845/845/845 844/844/844
f 844/844/844 847/847/847 846/846/846
f 829/829/829 830/830/830 842/842/842
f 842/842/842 843/843/843 829/829/829
f 812/812/812 813/813/813 840/840/840
f 840/840/840 841/841/841 812/812/812
f 836/836/836 835/835/835 838/838/838
f 838/838/838 839/839/839 836/836/836
f 1241/1241/1241 1240/1240/1240 837/837/837
f 1240/1240/1240 1239/1239/1239 837/837/837
f 1239/1239/1239 1238/1238/1238 837/837/837
f 822/822/822 1234/1234/1234 835/835/835
f 835/835/835 836/836/836 822/822/822
f 833/833/833 832/832/832 831/831/831
f 831/831/831 834/834/834 833/833/833
f 829/829/829 828/828/828 827/827/827
f 827/827/827 830/830/830 829/829/829
f 1237/1237/1237 823/823/823 825/825/825
f 825/825/825 826/826/826 1237/1237/1237
f 823/823/823 1237/1237/1237 1236/1236/1236
f 1236/1236/1236 824/824/824 823/823/823
f 1235/1235/1235 1234/1234/1234 822/822/822
f 820/820/820 819/819/819 816/816/816
f 816/816/816 821/821/821 820/820/820
f 818/818/818 817/817/817 816/816/816
f 816/816/816 819/819/819 818/818/818
f 814/814/814 813/813/813 812/812/812
f 812/812/812 815/815/815 814/814/814
f 811/811/811 1335/1335/1335 1334/1334/1334
f 1333/1333/1333 810/810/810 811/811/811
f 808/808/808 1332/1332/1332 1331/1331/1331
f 1330/1330/1330 809/809/809 808/808/808
f 807/807/807 1329/1329/1329 1328/1328/1328
f 1327/1327/1327 806/806/806 807/807/807
f 804/804/804 1326/1326/1326 1325/1325/1325
f 1324/1324/1324 805/805/805 804/804/804
f 792/792/792 793/793/793 791/791/791
f 793/793/793 788/788/788 791/791/791
f 793/793/793 786/786/786 788/788/788
f 793/793/793 794/794/794 786/786/786
f 786/786/786 787/787/787 788/788/788
f 788/788/788 789/789/789 791/791/791
f 789/789/789 790/790/790 791/791/791
f 1233/1233/1233 1232/1232/1232 1225/1225/1225
f 1232/1232/1232 1228/1228/1228 1225/1225/1225
f 1232/1232/1232 1230/1230/1230 1228/1228/1228
f 1232/1232/1232 1231/1231/1231 1230/1230/1230
f 1230/1230/1230 1229/1229/1229 1228/1228/1228
f 1228/1228/1228 1227/1227/1227 1225/1225/1225
f 1227/1227/1227 1226/1226/1226 1225/1225/1225
f 1224/1224/1224 1223/1223/1223 1216/1216/1216
f 1223/1223/1223 1222/1222/1222 1216/1216/1216
f 1222/1222/1222 1218/1218/1218 1216/1216/1216
f 1222/1222/1222 1220/1220/1220 1218/1218/1218
f 1222/1222/1222 1221/1221/1221 1220/1220/1220
f 1220/1220/1220 1219/1219/1219 1218/1218/1218
f 1218/1218/1218 1217/1217/1217 1216/1216/1216
f 764/764/764 765/765/765 772/772/772
f 765/765/765 766/766/766 772/772/772
f 766/766/766 770/770/770 772/772/772
f 766/766/766 768/768/768 770/770/770
f 766/766/766 767/767/767 768/768/768
f 768/768/768 769/769/769 770/770/770
f 770/770/770 771/771/771 772/772/772
f 759/759/759 760/760/760 762/762/762
f 762/762/762 761/761/761 759/759/759
f 758/758/758 754/754/754 752/752/752
f 752/752/752 756/756/756 758/758/758
f 755/755/755 751/751/751 753/753/753
f 753/753/753 757/757/757 755/755/755
f 747/747/747 750/750/750 749/749/749
f 749/749/749 748/748/748 747/747/747
f 741/741/741 744/744/744 743/743/743
f 743/743/743 739/739/739 741/741/741
f 745/745/745 746/746/746 742/742/742
f 742/742/742 740/740/740 745/745/745
f 734/734/734 777/777/777 785/785/785
f 785/785/785 773/773/773 734/734/734
f 773/773/773 785/785/785 784/784/784
f 784/784/784 738/738/738 773/773/773
f 737/737/737 783/783/783 782/782/782
f 782/782/782 774/774/774 737/737/737
f 774/774/774 782/782/782 781/781/781
f 781/781/781 736/736/736 774/774/774
f 736/736/736 781/781/781 780/780/780
f 780/780/780 735/735/735 736/736/736
f 735/735/735 780/780/780 779/779/779
f 779/779/779 775/775/775 735/735/735
f 775/775/775 779/779/779 778/778/778
f 778/778/778 776/776/776 775/775/775
f 776/776/776 778/778/778 777/777/777
f 777/777/777 734/734/734 776/776/776
f 730/730/730 733/733/733 732/732/732
f 732/732/732 731/731/731 730/730/730
f 725/725/725 729/729/729 727/727/727
f 727/727/727 723/723/723 725/725/725
f 726/726/726 728/728/728 724/724/724
f 724/724/724 722/722/722 726/726/726
f 719/719/719 720/720/720 721/721/721
f 721/721/721 718/718/718 719/719/719
f 714/714/714 712/712/712 710/710/710
f 710/710/710 715/715/715 714/714/714
f 713/713/713 717/717/717 716/716/716
f 716/716/716 711/711/711 713/713/713
f 706/706/706 709/709/709 708/708/708
f 708/708/708 707/707/707 706/706/706
f 705/705/705 701/701/701 699/699/699
f 699/699/699 703/703/703 705/705/705
f 702/702/702 698/698/698 700/700/700
f 700/700/700 704/704/704 702/702/702
f 694/694/694 695/695/695 696/696/696
f 696/696/696 697/697/697 694/694/694
f 688/688/688 690/690/690 691/691/691
f 691/691/691 686/686/686 688/688/688
f 692/692/692 693/693/693 689/689/689
f 689/689/689 687/687/687 692/692/692
f 684/684/684 685/685/685 675/675/675
f 675/675/675 674/674/674 684/684/684
f 681/681/681 683/683/683 680/680/680
f 681/681/681 682/682/682 683/683/683
f 683/683/683 1215/1215/1215 680/680/680
f 1215/1215/1215 1214/1214/1214 680/680/680
f 676/676/676 677/677/677 678/678/678
f 678/678/678 679/679/679 676/676/676
f 657/657/657 654/654/654 670/670/670
f 670/670/670 671/671/671 657/657/657
f 671/671/671 670/670/670 1213/1213/1213
f 1213/1213/1213 1212/1212/1212 671/671/671
f 669/669/669 668/668/668 666/666/666
f 666/666/666 667/667/667 669/669/669
f 667/667/667 666/666/666 664/664/664
f 664/664/664 665/665/665 667/667/667
f 665/665/665 664/664/664 662/662/662
f 662/662/662 663/663/663 665/665/665
f 663/663/663 662/662/662 660/660/660
f 660/660/660 661/661/661 663/663/663
f 661/661/661 660/660/660 658/658/658
f 658/658/658 659/659/659 661/661/661
f 659/659/659 658/658/658 655/655/655
f 655/655/655 656/656/656 659/659/659
f 656/656/656 655/655/655 654/654/654
f 654/654/654 657/657/657 656/656/656
f 1202/1202/1202 1208/1208/1208 624/624/624
f 1211/1211/1211 1210/1210/1210 1209/1209/1209
f 624/624/624 1208/1208/1208 1207/1207/1207
f 624/624/624 1207/1207/1207 1206/1206/1206
f 624/624/624 1206/1206/1206 1205/1205/1205
f 624/624/624 1205/1205/1205 1204/1204/1204
f 624/624/624 1204/1204/1204 1203/1203/1203
f 624/624/624 1203/1203/1203 1201/1201/1201
f 624/624/624 1200/1200/1200 1202/1202/1202
f 624/624/624 1201/1201/1201 1200/1200/1200
f 1199/1199/1199 1198/1198/1198 1197/1197/1197
f 1195/1195/1195 1196/1196/1196 623/623/623
f 623/623/623 612/612/612 1195/1195/1195
f 619/619/619 622/622/622 630/630/630
f 630/630/630 620/620/620 619/619/619
f 618/618/618 629/629/629 622/622/622
f 622/622/622 619/619/619 618/618/618
f 617/617/617 628/628/628 629/629/629
f 629/629/629 618/618/618 617/617/617
f 616/616/616 627/627/627 628/628/628
f 628/628/628 617/617/617 616/616/616
f 615/615/615 626/626/626 627/627/627
f 627/627/627 616/616/616 615/615/615
f 614/614/614 625/625/625 626/626/626
f 626/626/626 615/615/615 614/614/614
f 613/613/613 621/621/621 625/625/625
f 625/625/625 614/614/614 613/613/613
f 612/612/612 623/623/623 621/621/621
f 621/621/621 613/613/613 612/612/612
f 1182/1182/1182 603/603/603 611/611/611
f 611/611/611 1193/1193/1193 1182/1182/1182
f 1194/1194/1194 1193/1193/1193 1191/1191/1191
f 1193/1193/1193 611/611/611 1191/1191/1191
f 611/611/611 1192/1192/1192 1191/1191/1191
f 1188/1188/1188 1190/1190/1190 610/610/610
f 610/610/610 609/609/609 1188/1188/1188
f 1187/1187/1187 1189/1189/1189 608/608/608
f 1189/1189/1189 1188/1188/1188 608/608/608
f 1188/1188/1188 609/609/609 608/608/608
f 1187/1187/1187 608/608/608 607/607/607
f 607/607/607 1185/1185/1185 1187/1187/1187
f 1186/1186/1186 1185/1185/1185 1184/1184/1184
f 1185/1185/1185 607/607/607 1184/1184/1184
f 607/607/607 606/606/606 1184/1184/1184
f 1184/1184/1184 606/606/606 605/605/605
f 605/605/605 1183/1183/1183 1184/1184/1184
f 1180/1180/1180 1183/1183/1183 605/605/605
f 605/605/605 604/604/604 1180/1180/1180
f 1182/1182/1182 1181/1181/1181 603/603/603
f 1181/1181/1181 1180/1180/1180 603/603/603
f 1180/1180/1180 604/604/604 603/603/603
f 601/601/601 600/600/600 599/599/599
f 599/599/599 602/602/602 601/601/601
f 598/598/598 592/592/592 593/593/593
f 593/593/593 595/595/595 598/598/598
f 596/596/596 594/594/594 591/591/591
f 591/591/591 597/597/597 596/596/596
f 587/587/587 589/589/589 590/590/590
f 590/590/590 588/588/588 587/587/587
f 583/583/583 581/581/581 580/580/580
f 580/580/580 586/586/586 583/583/583
f 582/582/582 584/584/584 585/585/585
f 585/585/585 579/579/579 582/582/582
f 577/577/577 573/573/573 574/574/574
f 574/574/574 578/578/578 577/577/577
f 641/641/641 638/638/638 639/639/639
f 639/639/639 644/644/644 641/641/641
f 568/568/568 567/567/567 642/642/642
f 642/642/642 643/643/643 568/568/568
f 798/798/798 802/802/802 799/799/799
f 802/802/802 795/795/795 799/799/799
f 795/795/795 797/797/797 799/799/799
f 1179/1179/1179 1177/1177/1177 1175/1175/1175
f 1179/1179/1179 1178/1178/1178 1177/1177/1177
f 1177/1177/1177 631/631/631 1175/1175/1175
f 631/631/631 1176/1176/1176 1175/1175/1175
f 1173/1173/1173 763/763/763 646/646/646
f 646/646/646 1174/1174/1174 1173/1173/1173
f 649/649/649 1172/1172/1172 1171/1171/1171
f 1171/1171/1171 576/576/576 649/649/649
f 796/796/796 803/803/803 565/565/565
f 803/803/803 801/801/801 565/565/565
f 801/801/801 800/800/800 565/565/565
f 564/564/564 1168/1168/1168 1170/1170/1170
f 1170/1170/1170 636/636/636 564/564/564
f 633/633/633 1169/1169/1169 1168/1168/1168
f 1168/1168/1168 564/564/564 633/633/633
f 570/570/570 645/645/645 644/644/644
f 644/644/644 639/639/639 570/570/570
f 568/568/568 643/643/643 647/647/647
f 647/647/647 569/569/569 568/568/568
f 640/640/640 572/572/572 642/642/642
f 642/642/642 567/567/567 640/640/640
f 638/638/638 641/641/641 571/571/571
f 571/571/571 637/637/637 638/638/638
f 1166/1166/1166 648/648/648 575/575/575
f 575/575/575 1167/1167/1167 1166/1166/1166
f 1165/1165/1165 635/635/635 566/566/566
f 566/566/566 1163/1163/1163 1165/1165/1165
f 1163/1163/1163 566/566/566 634/634/634
f 634/634/634 1164/1164/1164 1163/1163/1163
f 653/653/653 650/650/650 652/652/652
f 653/653/653 651/651/651 650/650/650
f 651/651/651 673/673/673 650/650/650
f 651/651/651 672/672/672 673/673/673
f 650/650/650 632/632/632 652/652/652
f 561/561/561 562/562/562 560/560/560
f 562/562/562 563/563/563 560/560/560
f 563/563/563 559/559/559 560/560/560
f 556/556/556 557/557/557 555/555/555
f 557/557/557 558/558/558 555/555/555
f 558/558/558 554/554/554 555/555/555
f 550/550/550 552/552/552 553/553/553
f 553/553/553 551/551/551 550/550/550
f 549/549/549 548/548/548 546/546/546
f 546/546/546 547/547/547 549/549/549
f 541/541/541 543/543/543 542/542/542
f 542/542/542 540/540/540 541/541/541
f 536/536/536 538/538/538 539/539/539
f 539/539/539 537/537/537 536/536/536
f 533/533/533 535/535/535 534/534/534
f 534/534/534 532/532/532 533/533/533
f 530/530/530 529/529/529 531/531/531
f 529/529/529 528/528/528 531/531/531
f 528/528/528 527/527/527 531/531/531
f 1323/1323/1323 525/525/525 526/526/526
f 526/526/526 1322/1322/1322 1321/1321/1321
f 521/521/521 523/523/523 524/524/524
f 524/524/524 522/522/522 521/521/521
f 519/519/519 520/520/520 545/545/545
f 545/545/545 544/544/544 519/519/519
f 493/493/493 494/494/494 498/498/498
f 498/498/498 497/497/497 493/493/493
f 495/495/495 496/496/496 492/492/492
f 492/492/492 491/491/491 495/495/495
f 1150/1150/1150 478/478/478 477/477/477
f 477/477/477 1157/1157/1157 1150/1150/1150
f 1158/1158/1158 483/483/483 1162/1162/1162
f 1162/1162/1162 1161/1161/1161 1158/1158/1158
f 1148/1148/1148 475/475/475 474/474/474
f 474/474/474 1155/1155/1155 1148/1148/1148
f 1156/1156/1156 482/482/482 473/473/473
f 473/473/473 1145/1145/1145 1156/1156/1156
f 1146/1146/1146 472/472/472 471/471/471
f 471/471/471 1153/1153/1153 1146/1146/1146
f 1154/1154/1154 481/481/481 470/470/470
f 470/470/470 1143/1143/1143 1154/1154/1154
f 1144/1144/1144 469/469/469 468/468/468
f 468/468/468 1151/1151/1151 1144/1144/1144
f 1152/1152/1152 480/480/480 467/467/467
f 467/467/467 1141/1141/1141 1152/1152/1152
f 1142/1142/1142 466/466/466 465/465/465
f 465/465/465 1159/1159/1159 1142/1142/1142
f 1160/1160/1160 484/484/484 479/479/479
f 479/479/479 1149/1149/1149 1160/1160/1160
f 441/441/441 425/425/425 427/427/427
f 427/427/427 440/440/440 441/441/441
f 437/437/437 1320/1320/1320 441/441/441
f 1137/1137/1137 1319/1319/1319 437/437/437
f 426/426/426 424/424/424 433/433/433
f 425/425/425 426/426/426 430/430/430
f 430/430/430 427/427/427 425/425/425
f 1159/1159/1159 465/465/465 484/484/484
f 484/484/484 1160/1160/1160 1159/1159/1159
f 1157/1157/1157 477/477/477 483/483/483
f 483/483/483 1158/1158/1158 1157/1157/1157
f 1155/1155/1155 474/474/474 482/482/482
f 482/482/482 1156/1156/1156 1155/1155/1155
f 1153/1153/1153 471/471/471 481/481/481
f 481/481/481 1154/1154/1154 1153/1153/1153
f 1151/1151/1151 468/468/468 480/480/480
f 480/480/480 1152/1152/1152 1151/1151/1151
f 1149/1149/1149 479/479/479 478/478/478
f 478/478/478 1150/1150/1150 1149/1149/1149
f 1147/1147/1147 476/476/476 475/475/475
f 475/475/475 1148/1148/1148 1147/1147/1147
f 1145/1145/1145 473/473/473 472/472/472
f 472/472/472 1146/1146/1146 1145/1145/1145
f 1143/1143/1143 470/470/470 469/469/469
f 469/469/469 1144/1144/1144 1143/1143/1143
f 1141/1141/1141 467/467/467 466/466/466
f 466/466/466 1142/1142/1142 1141/1141/1141
f 444/444/444 459/459/459 443/443/443
f 444/444/444 445/445/445 464/464/464
f 464/464/464 459/459/459 444/444/444
f 428/428/428 445/445/445 444/444/444
f 442/442/442 456/456/456 439/439/439
f 442/442/442 457/457/457 463/463/463
f 463/463/463 456/456/456 442/442/442
f 443/443/443 457/457/457 442/442/442
f 438/438/438 1140/1140/1140 1139/1139/1139
f 438/438/438 454/454/454 462/462/462
f 462/462/462 1140/1140/1140 438/438/438
f 439/439/439 454/454/454 438/438/438
f 434/434/434 450/450/450 431/431/431
f 434/434/434 451/451/451 461/461/461
f 461/461/461 450/450/450 434/434/434
f 435/435/435 451/451/451 434/434/434
f 429/429/429 447/447/447 428/428/428
f 429/429/429 448/448/448 460/460/460
f 460/460/460 447/447/447 429/429/429
f 431/431/431 448/448/448 429/429/429
f 443/443/443 459/459/459 458/458/458
f 458/458/458 457/457/457 443/443/443
f 439/439/439 456/456/456 455/455/455
f 455/455/455 454/454/454 439/439/439
f 435/435/435 453/453/453 452/452/452
f 452/452/452 451/451/451 435/435/435
f 431/431/431 450/450/450 449/449/449
f 449/449/449 448/448/448 431/431/431
f 428/428/428 447/447/447 446/446/446
f 446/446/446 445/445/445 428/428/428
f 428/428/428 444/444/444 427/427/427
f 427/427/427 444/444/444 440/440/440
f 440/440/440 444/444/444 443/443/443
f 425/425/425 441/441/441 424/424/424
f 440/440/440 443/443/443 442/442/442
f 440/440/440 442/442/442 436/436/436
f 436/436/436 442/442/442 439/439/439
f 437/437/437 441/441/441 440/440/440
f 440/440/440 436/436/436 437/437/437
f 436/436/436 439/439/439 438/438/438
f 436/436/436 438/438/438 1138/1138/1138
f 1138/1138/1138 438/438/438 1139/1139/1139
f 1137/1137/1137 437/437/437 436/436/436
f 436/436/436 1138/1138/1138 1137/1137/1137
f 432/432/432 435/435/435 434/434/434
f 432/432/432 434/434/434 430/430/430
f 430/430/430 434/434/434 431/431/431
f 426/426/426 433/433/433 432/432/432
f 432/432/432 430/430/430 426/426/426
f 430/430/430 431/431/431 429/429/429
f 430/430/430 429/429/429 427/427/427
f 429/429/429 428/428/428 427/427/427
f 426/426/426 425/425/425 424/424/424
f 423/423/423 421/421/421 420/420/420
f 420/420/420 422/422/422 423/423/423
f 419/419/419 1318/1318/1318 1317/1317/1317
f 1316/1316/1316 418/418/418 419/419/419
f 811/811/811 810/810/810 416/416/416
f 416/416/416 417/417/417 811/811/811
f 412/412/412 413/413/413 414/414/414
f 414/414/414 415/415/415 412/412/412
f 408/408/408 409/409/409 410/410/410
f 410/410/410 411/411/411 408/408/408
f 1133/1133/1133 1136/1136/1136 1135/1135/1135
f 1135/1135/1135 1134/1134/1134 1133/1133/1133
f 1315/1315/1315 1132/1132/1132 1131/1131/1131
f 1131/1131/1131 1314/1314/1314 1313/1313/1313
f 1312/1312/1312 401/401/401 402/402/402
f 402/402/402 1311/1311/1311 1310/1310/1310
f 1309/1309/1309 399/399/399 400/400/400
f 400/400/400 1308/1308/1308 1307/1307/1307
f 395/395/395 396/396/396 397/397/397
f 397/397/397 398/398/398 395/395/395
f 1306/1306/1306 1305/1305/1305 1304/1304/1304
f 1303/1303/1303 1302/1302/1302 1301/1301/1301
f 1300/1300/1300 393/393/393 394/394/394
f 394/394/394 1299/1299/1299 1298/1298/1298
f 1129/1129/1129 391/391/391 392/392/392
f 392/392/392 1130/1130/1130 1129/1129/1129
f 387/387/387 388/388/388 389/389/389
f 389/389/389 390/390/390 387/387/387
f 378/378/378 227/227/227 385/385/385
f 490/490/490 407/407/407 386/386/386
f 376/376/376 407/407/407 490/490/490
f 406/406/406 385/385/385 227/227/227
f 382/382/382 383/383/383 377/377/377
f 377/377/377 384/384/384 382/382/382
f 380/380/380 486/486/486 146/146/146
f 146/146/146 381/381/381 380/380/380
f 378/378/378 405/405/405 379/379/379
f 379/379/379 227/227/227 378/378/378
f 375/375/375 376/376/376 490/490/490
f 490/490/490 145/145/145 375/375/375
f 1126/1126/1126 369/369/369 1128/1128/1128
f 1128/1128/1128 1127/1127/1127 1126/1126/1126
f 368/368/368 1125/1125/1125 1124/1124/1124
f 1124/1124/1124 1123/1123/1123 368/368/368
f 1119/1119/1119 1122/1122/1122 1121/1121/1121
f 1121/1121/1121 1120/1120/1120 1119/1119/1119
f 1116/1116/1116 340/340/340 1118/1118/1118
f 1118/1118/1118 1117/1117/1117 1116/1116/1116
f 1113/1113/1113 339/339/339 1115/1115/1115
f 1115/1115/1115 1114/1114/1114 1113/1113/1113
f 1110/1110/1110 338/338/338 1112/1112/1112
f 1112/1112/1112 1111/1111/1111 1110/1110/1110
f 1107/1107/1107 337/337/337 1109/1109/1109
f 1109/1109/1109 1108/1108/1108 1107/1107/1107
f 1105/1105/1105 336/336/336 335/335/335
f 335/335/335 1106/1106/1106 1105/1105/1105
f 1103/1103/1103 1104/1104/1104 311/311/311
f 311/311/311 320/320/320 1103/1103/1103
f 319/319/319 36/36/36 1102/1102/1102
f 1102/1102/1102 1101/1101/1101 319/319/319
f 318/318/318 37/37/37 1100/1100/1100
f 1100/1100/1100 1099/1099/1099 318/318/318
f 317/317/317 35/35/35 310/310/310
f 310/310/310 316/316/316 317/317/317
f 313/313/313 314/314/314 315/315/315
f 315/315/315 312/312/312 313/313/313
f 307/307/307 309/309/309 308/308/308
f 308/308/308 306/306/306 307/307/307
f 303/303/303 304/304/304 302/302/302
f 304/304/304 305/305/305 302/302/302
f 305/305/305 301/301/301 302/302/302
f 1098/1098/1098 1097/1097/1097 1096/1096/1096
f 294/294/294 1095/1095/1095 1094/1094/1094
f 1093/1093/1093 1092/1092/1092 1091/1091/1091
f 1090/1090/1090 293/293/293 1089/1089/1089
f 1087/1087/1087 14/14/14 286/286/286
f 286/286/286 1088/1088/1088 1087/1087/1087
f 1085/1085/1085 1086/1086/1086 1/1/1
f 1/1/1 281/281/281 1085/1085/1085
f 274/274/274 279/279/279 1297/1297/1297
f 279/279/279 278/278/278 1296/1296/1296
f 278/278/278 277/277/277 1295/1295/1295
f 277/277/277 276/276/276 1294/1294/1294
f 276/276/276 1084/1084/1084 273/273/273
f 275/275/275 274/274/274 273/273/273
f 267/267/267 1293/1293/1293 1292/1292/1292
f 272/272/272 271/271/271 1291/1291/1291
f 271/271/271 270/270/270 1290/1290/1290
f 270/270/270 1289/1289/1289 1288/1288/1288
f 269/269/269 268/268/268 266/266/266
f 268/268/268 267/267/267 266/266/266
f 259/259/259 39/39/39 40/40/40
f 40/40/40 38/38/38 259/259/259
f 1081/1081/1081 1083/1083/1083 1082/1082/1082
f 1082/1082/1082 252/252/252 1081/1081/1081
f 1080/1080/1080 1079/1079/1079 251/251/251
f 1078/1078/1078 256/256/256 1077/1077/1077
f 255/255/255 254/254/254 249/249/249
f 249/249/249 248/248/248 255/255/255
f 298/298/298 1076/1076/1076 1075/1075/1075
f 1075/1075/1075 250/250/250 298/298/298
f 300/300/300 299/299/299 366/366/366
f 366/366/366 253/253/253 300/300/300
f 285/285/285 287/287/287 15/15/15
f 15/15/15 247/247/247 285/285/285
f 1287/1287/1287 1286/1286/1286 1074/1074/1074
f 1074/1074/1074 1073/1073/1073 1285/1285/1285
f 1284/1284/1284 1283/1283/1283 243/243/243
f 243/243/243 242/242/242 1282/1282/1282
f 1281/1281/1281 1280/1280/1280 241/241/241
f 241/241/241 240/240/240 1279/1279/1279
f 236/236/236 239/239/239 238/238/238
f 238/238/238 237/237/237 236/236/236
f 1278/1278/1278 1277/1277/1277 1276/1276/1276
f 1275/1275/1275 1274/1274/1274 1273/1273/1273
f 1272/1272/1272 1271/1271/1271 235/235/235
f 235/235/235 234/234/234 1270/1270/1270
f 1071/1071/1071 1072/1072/1072 233/233/233
f 233/233/233 232/232/232 1071/1071/1071
f 228/228/228 231/231/231 230/230/230
f 230/230/230 229/229/229 228/228/228
f 223/223/223 1269/1269/1269 1268/1268/1268
f 1267/1267/1267 224/224/224 223/223/223
f 808/808/808 809/809/809 222/222/222
f 222/222/222 264/264/264 808/808/808
f 220/220/220 219/219/219 265/265/265
f 265/265/265 221/221/221 220/220/220
f 1068/1068/1068 11/11/11 1070/1070/1070
f 1070/1070/1070 1069/1069/1069 1068/1068/1068
f 245/245/245 1067/1067/1067 1066/1066/1066
f 246/246/246 1065/1065/1065 1064/1064/1064
f 244/244/244 8/8/8 225/225/225
f 225/225/225 218/218/218 244/244/244
f 217/217/217 216/216/216 215/215/215
f 215/215/215 214/214/214 217/217/217
f 1062/1062/1062 1063/1063/1063 284/284/284
f 284/284/284 258/258/258 1062/1062/1062
f 210/210/210 1266/1266/1266 1265/1265/1265
f 1264/1264/1264 211/211/211 210/210/210
f 1263/1263/1263 209/209/209 489/489/489
f 489/489/489 1262/1262/1262 1261/1261/1261
f 205/205/205 208/208/208 207/207/207
f 207/207/207 206/206/206 205/205/205
f 1260/1260/1260 203/203/203 202/202/202
f 202/202/202 1259/1259/1259 1258/1258/1258
f 196/196/196 199/199/199 198/198/198
f 198/198/198 197/197/197 196/196/196
f 807/807/807 806/806/806 200/200/200
f 200/200/200 201/201/201 807/807/807
f 194/194/194 192/192/192 193/193/193
f 193/193/193 195/195/195 194/194/194
f 1257/1257/1257 1256/1256/1256 190/190/190
f 191/191/191 188/188/188 189/189/189
f 1255/1255/1255 1254/1254/1254 187/187/187
f 185/185/185 204/204/204 186/186/186
f 183/183/183 179/179/179 180/180/180
f 180/180/180 182/182/182 183/183/183
f 181/181/181 177/177/177 178/178/178
f 178/178/178 184/184/184 181/181/181
f 1253/1253/1253 1252/1252/1252 175/175/175
f 175/175/175 176/176/176 1251/1251/1251
f 169/169/169 170/170/170 171/171/171
f 171/171/171 172/172/172 169/169/169
f 804/804/804 805/805/805 174/174/174
f 174/174/174 173/173/173 804/804/804
f 1059/1059/1059 165/165/165 1061/1061/1061
f 1061/1061/1061 1060/1060/1060 1059/1059/1059
f 1056/1056/1056 166/166/166 1058/1058/1058
f 1058/1058/1058 1057/1057/1057 1056/1056/1056
f 1054/1054/1054 164/164/164 163/163/163
f 163/163/163 1055/1055/1055 1054/1054/1054
f 330/330/330 168/168/168 167/167/167
f 167/167/167 329/329/329 330/330/330
f 158/158/158 154/154/154 156/156/156
f 156/156/156 160/160/160 158/158/158
f 161/161/161 157/157/157 155/155/155
f 155/155/155 159/159/159 161/161/161
f 150/150/150 162/162/162 148/148/148
f 148/148/148 152/152/152 150/150/150
f 153/153/153 149/149/149 147/147/147
f 147/147/147 151/151/151 153/153/153
f 487/487/487 132/132/132 134/134/134
f 404/404/404 488/488/488 226/226/226
f 404/404/404 403/403/403 488/488/488
f 134/134/134 141/141/141 487/487/487
f 373/373/373 372/372/372 1053/1053/1053
f 1053/1053/1053 1052/1052/1052 373/373/373
f 501/501/501 506/506/506 504/504/504
f 504/504/504 505/505/505 501/501/501
f 370/370/370 374/374/374 371/371/371
f 371/371/371 367/367/367 370/370/370
f 1048/1048/1048 1051/1051/1051 1050/1050/1050
f 1050/1050/1050 1049/1049/1049 1048/1048/1048
f 142/142/142 139/139/139 261/261/261
f 261/261/261 135/135/135 142/142/142
f 138/138/138 140/140/140 136/136/136
f 136/136/136 260/260/260 138/138/138
f 499/499/499 503/503/503 502/502/502
f 502/502/502 500/500/500 499/499/499
f 132/132/132 487/487/487 130/130/130
f 130/130/130 133/133/133 132/132/132
f 131/131/131 129/129/129 488/488/488
f 488/488/488 403/403/403 131/131/131
f 1046/1046/1046 1047/1047/1047 321/321/321
f 321/321/321 126/126/126 1046/1046/1046
f 1044/1044/1044 1045/1045/1045 143/143/143
f 143/143/143 128/128/128 1044/1044/1044
f 127/127/127 144/144/144 365/365/365
f 365/365/365 137/137/137 127/127/127
f 1041/1041/1041 263/263/263 1043/1043/1043
f 1043/1043/1043 1042/1042/1042 1041/1041/1041
f 1035/1035/1035 1040/1040/1040 107/107/107
f 1040/1040/1040 1039/1039/1039 107/107/107
f 1039/1039/1039 1038/1038/1038 107/107/107
f 1038/1038/1038 1037/1037/1037 107/107/107
f 1037/1037/1037 1036/1036/1036 107/107/107
f 1036/1036/1036 1035/1035/1035 107/107/107
f 1031/1031/1031 1034/1034/1034 1033/1033/1033
f 1033/1033/1033 1032/1032/1032 1031/1031/1031
f 1027/1027/1027 1030/1030/1030 1029/1029/1029
f 1029/1029/1029 1028/1028/1028 1027/1027/1027
f 1024/1024/1024 119/119/119 1026/1026/1026
f 1026/1026/1026 1025/1025/1025 1024/1024/1024
f 1021/1021/1021 1023/1023/1023 118/118/118
f 118/118/118 1022/1022/1022 1021/1021/1021
f 1018/1018/1018 117/117/117 1020/1020/1020
f 1020/1020/1020 1019/1019/1019 1018/1018/1018
f 1015/1015/1015 1017/1017/1017 116/116/116
f 116/116/116 1016/1016/1016 1015/1015/1015
f 1012/1012/1012 115/115/115 1014/1014/1014
f 1014/1014/1014 1013/1013/1013 1012/1012/1012
f 1009/1009/1009 1011/1011/1011 114/114/114
f 114/114/114 1010/1010/1010 1009/1009/1009
f 1006/1006/1006 113/113/113 1008/1008/1008
f 1008/1008/1008 1007/1007/1007 1006/1006/1006
f 1003/1003/1003 1005/1005/1005 112/112/112
f 112/112/112 1004/1004/1004 1003/1003/1003
f 1001/1001/1001 111/111/111 110/110/110
f 110/110/110 1002/1002/1002 1001/1001/1001
f 999/999/999 109/109/109 108/108/108
f 108/108/108 1000/1000/1000 999/999/999
f 995/995/995 998/998/998 997/997/997
f 997/997/997 996/996/996 995/995/995
f 993/993/993 994/994/994 106/106/106
f 106/106/106 360/360/360 993/993/993
f 991/991/991 992/992/992 105/105/105
f 105/105/105 359/359/359 991/991/991
f 989/989/989 990/990/990 104/104/104
f 104/104/104 358/358/358 989/989/989
f 987/987/987 988/988/988 103/103/103
f 103/103/103 357/357/357 987/987/987
f 356/356/356 102/102/102 101/101/101
f 101/101/101 355/355/355 356/356/356
f 983/983/983 986/986/986 985/985/985
f 985/985/985 984/984/984 983/983/983
f 979/979/979 982/982/982 981/981/981
f 981/981/981 980/980/980 979/979/979
f 976/976/976 100/100/100 978/978/978
f 978/978/978 977/977/977 976/976/976
f 973/973/973 975/975/975 94/94/94
f 94/94/94 974/974/974 973/973/973
f 970/970/970 99/99/99 972/972/972
f 972/972/972 971/971/971 970/970/970
f 967/967/967 969/969/969 93/93/93
f 93/93/93 968/968/968 967/967/967
f 964/964/964 98/98/98 966/966/966
f 966/966/966 965/965/965 964/964/964
f 961/961/961 963/963/963 92/92/92
f 92/92/92 962/962/962 961/961/961
f 958/958/958 97/97/97 960/960/960
f 960/960/960 959/959/959 958/958/958
f 955/955/955 957/957/957 91/91/91
f 91/91/91 956/956/956 955/955/955
f 953/953/953 96/96/96 95/95/95
f 95/95/95 954/954/954 953/953/953
f 951/951/951 89/89/89 90/90/90
f 90/90/90 952/952/952 951/951/951
f 344/344/344 343/343/343 345/345/345
f 343/343/343 341/341/341 345/345/345
f 343/343/343 342/342/342 341/341/341
f 341/341/341 346/346/346 345/345/345
f 947/947/947 950/950/950 949/949/949
f 949/949/949 948/948/948 947/947/947
f 945/945/945 946/946/946 88/88/88
f 88/88/88 364/364/364 945/945/945
f 943/943/943 944/944/944 87/87/87
f 87/87/87 363/363/363 943/943/943
f 941/941/941 942/942/942 86/86/86
f 86/86/86 85/85/85 941/941/941
f 939/939/939 940/940/940 84/84/84
f 84/84/84 362/362/362 939/939/939
f 361/361/361 83/83/83 82/82/82
f 82/82/82 81/81/81 361/361/361
f 936/936/936 125/125/125 938/938/938
f 938/938/938 937/937/937 936/936/936
f 924/924/924 935/935/935 934/934/934
f 934/934/934 923/923/923 924/924/924
f 931/931/931 80/80/80 933/933/933
f 933/933/933 932/932/932 931/931/931
f 920/920/920 930/930/930 929/929/929
f 929/929/929 78/78/78 920/920/920
f 927/927/927 79/79/79 485/485/485
f 485/485/485 928/928/928 927/927/927
f 122/122/122 120/120/120 926/926/926
f 926/926/926 76/76/76 122/122/122
f 124/124/124 925/925/925 123/123/123
f 123/123/123 75/75/75 124/124/124
f 921/921/921 924/924/924 923/923/923
f 923/923/923 922/922/922 921/921/921
f 919/919/919 920/920/920 78/78/78
f 78/78/78 77/77/77 919/919/919
f 332/332/332 122/122/122 76/76/76
f 76/76/76 333/333/333 332/332/332
f 334/334/334 124/124/124 75/75/75
f 75/75/75 331/331/331 334/334/334
f 121/121/121 73/73/73 72/72/72
f 72/72/72 74/74/74 121/121/121
f 512/512/512 513/513/513 514/514/514
f 514/514/514 511/511/511 512/512/512
f 69/69/69 510/510/510 507/507/507
f 507/507/507 62/62/62 69/69/69
f 916/916/916 918/918/918 212/212/212
f 212/212/212 917/917/917 916/916/916
f 71/71/71 63/63/63 915/915/915
f 915/915/915 914/914/914 71/71/71
f 68/68/68 70/70/70 324/324/324
f 324/324/324 913/913/913 68/68/68
f 57/57/57 509/509/509 508/508/508
f 508/508/508 54/54/54 57/57/57
f 911/911/911 55/55/55 56/56/56
f 56/56/56 912/912/912 911/911/911
f 909/909/909 910/910/910 61/61/61
f 61/61/61 65/65/65 909/909/909
f 351/351/351 908/908/908 907/907/907
f 907/907/907 906/906/906 351/351/351
f 904/904/904 60/60/60 59/59/59
f 59/59/59 905/905/905 904/904/904
f 1250/1250/1250 325/325/325 1249/1249/1249
f 67/67/67 58/58/58 903/903/903
f 323/323/323 64/64/64 66/66/66
f 66/66/66 322/322/322 323/323/323
f 350/350/350 324/324/324 70/70/70
f 70/70/70 213/213/213 350/350/350
f 515/515/515 49/49/49 516/516/516
f 51/51/51 50/50/50 52/52/52
f 52/52/52 53/53/53 51/51/51
f 899/899/899 902/902/902 901/901/901
f 901/901/901 900/900/900 899/899/899
f 44/44/44 898/898/898 897/897/897
f 897/897/897 896/896/896 44/44/44
f 892/892/892 895/895/895 894/894/894
f 894/894/894 893/893/893 892/892/892
f 889/889/889 891/891/891 890/890/890
f 890/890/890 45/45/45 889/889/889
f 47/47/47 888/888/888 887/887/887
f 887/887/887 262/262/262 47/47/47
f 43/43/43 48/48/48 886/886/886
f 886/886/886 327/327/327 43/43/43
f 518/518/518 49/49/49 515/515/515
f 518/518/518 515/515/515 517/517/517
f 347/347/347 42/42/42 326/326/326
f 326/326/326 348/348/348 347/347/347
f 41/41/41 349/349/349 46/46/46
f 46/46/46 328/328/328 41/41/41
f 33/33/33 32/32/32 354/354/354
f 354/354/354 34/34/34 33/33/33
f 353/353/353 352/352/352 30/30/30
f 30/30/30 31/31/31 353/353/353
f 28/28/28 27/27/27 26/26/26
f 26/26/26 29/29/29 28/28/28
f 1248/1248/1248 23/23/23 1247/1247/1247
f 1246/1246/1246 24/24/24 23/23/23
f 22/22/22 20/20/20 21/21/21
f 22/22/22 25/25/25 20/20/20
f 1245/1245/1245 19/19/19 1244/1244/1244
f 16/16/16 18/18/18 17/17/17
f 884/884/884 282/282/282 13/13/13
f 13/13/13 885/885/885 884/884/884
f 882/882/882 883/883/883 295/295/295
f 295/295/295 9/9/9 882/882/882
f 10/10/10 296/296/296 297/297/297
f 297/297/297 12/12/12 10/10/10
f 880/880/880 881/881/881 4/4/4
f 4/4/4 257/257/257 880/880/880
f 878/878/878 879/879/879 7/7/7
f 7/7/7 3/3/3 878/878/878
f 876/876/876 877/877/877 6/6/6
f 6/6/6 2/2/2 876/876/876
f 288/288/288 290/290/290 5/5/5
f 5/5/5 289/289/289 288/288/288
f 292/292/292 280/280/280 283/283/283
f 283/283/283 291/291/291 292/292/292
