v 2.779554 1.420897 0.18479099999999993
v 2.406696 1.231309 0.18478999999999993
v 2.394445 1.227333 0.5633999999999999
v 2.394445 1.227333 0.5633999999999999
v 2.774551 1.42425 0.5633999999999999
v 2.779554 1.420897 0.18479099999999993
v 2.406696 1.231309 0.18478999999999993
v 2.779554 1.420897 0.18479099999999993
v 2.77473 1.423898 0.5633999999999999
v 2.77473 1.423898 0.5633999999999999
v 2.394445 1.227333 0.5633999999999999
v 2.406696 1.231309 0.18478999999999993
v -0.785075 -1.612785 0.5216670000000001
v -0.791875 -1.600137 0.08572500000000009
v -0.390866 -1.605735 0.0852560000000001
v -0.390866 -1.605735 0.0852560000000001
v -0.376308 -1.617795 0.5212470000000001
v -0.785075 -1.612785 0.5216670000000001
v -0.376308 -1.617797 0.5212470000000001
v -0.390866 -1.605738 0.0852550000000001
v -0.791875 -1.60014 0.08572500000000009
v -0.791875 -1.60014 0.08572500000000009
v -0.785075 -1.612788 0.5216670000000001
v -0.376308 -1.617797 0.5212470000000001
v 2.842971 1.150611 -0.0004360000000000705
v 2.815264 1.1317 0.7966779999999999
v 2.8125 1.163293 0.7966779999999999
v 2.8125 1.163293 0.7966779999999999
v 2.840208 1.182202 -0.0004360000000000724
v 2.842971 1.150611 -0.0004360000000000705
v 2.901878 0.477158 -0.00043600000000002925
v 2.878849 0.48850400000000005 0.796678
v 2.876064 0.520333 0.796678
v 2.876064 0.520333 0.796678
v 2.899093 0.508986 -0.0004360000000000312
v 2.901878 0.477158 -0.00043600000000002925
v 2.473817 0.471594 -0.0004360000000000289
v 2.490824 0.48757900000000004 0.957789
v 2.493594 0.45591700000000007 0.957789
v 2.493594 0.45591700000000007 0.957789
v 2.476588 0.439932 -0.00043600000000002697
v 2.473817 0.471594 -0.0004360000000000289
v 2.414876 1.145291 -0.0004360000000000702
v 2.43713 1.126828 0.9616089999999999
v 2.439921 1.09493 0.9616089999999999
v 2.439921 1.09493 0.9616089999999999
v 2.417668 1.113393 -0.0004360000000000682
v 2.414876 1.145291 -0.0004360000000000702
v 1.841063 2.392418 -0.0004360000000001465
v 1.841063 2.360551 -0.00043600000000014455
v 1.842557 2.347994 0.7184239999999998
v 1.842557 2.347994 0.7184239999999998
v 1.842557 2.37986 0.7184239999999998
v 1.841063 2.392418 -0.0004360000000001465
v 1.869067 1.85568 -0.00043600000000011365
v 1.869067 1.823815 -0.0004360000000001117
v 1.848911 1.840093 0.7184239999999998
v 1.848911 1.840093 0.7184239999999998
v 1.848911 1.871958 0.7184239999999998
v 1.869067 1.85568 -0.00043600000000011365
v 1.264962 1.565881 -0.0004360000000000959
v 1.280894 1.538284 -0.00043600000000009424
v 1.280894 1.538284 0.7184239999999998
v 1.280894 1.538284 0.7184239999999998
v 1.264962 1.565881 0.7184239999999998
v 1.264962 1.565881 -0.0004360000000000959
v 1.292315 1.823814 -0.0004360000000001117
v 1.292316 1.855679 -0.00043600000000011365
v 1.313989 1.877029 0.7184239999999998
v 1.313989 1.877029 0.7184239999999998
v 1.313988 1.845163 0.7184239999999998
v 1.292315 1.823814 -0.0004360000000001117
v 1.292315 2.360551 -0.00043600000000014455
v 1.292316 2.392418 -0.0004360000000001465
v 1.307676 2.376837 0.7184239999999998
v 1.307676 2.376837 0.7184239999999998
v 1.307675 2.344971 0.7184239999999998
v 1.292315 2.360551 -0.00043600000000014455
v 1.134572 2.059124 -0.0004360000000001261
v 1.134572 2.059124 1.1489859999999998
v 1.140104 2.090505 1.1489869999999998
v 1.140104 2.090505 1.1489869999999998
v 1.140104 2.090505 -0.000436000000000128
v 1.134572 2.059124 -0.0004360000000001261
v 0.55762 2.142745 -0.0004360000000001312
v 0.55762 2.142745 1.1489859999999998
v 0.552087 2.111362 1.1489869999999998
v 0.552087 2.111362 1.1489869999999998
v 0.552087 2.111362 -0.0004360000000001293
v 0.55762 2.142745 -0.0004360000000001312
v 1.198846 2.359945 0.18479099999999987
v 1.147873 1.782008 0.1847899999999999
v 1.147907 1.782005 0.5633999999999999
v 1.147907 1.782005 0.5633999999999999
v 1.198454 2.359978 0.5633999999999999
v 1.198846 2.359945 0.18479099999999987
v 0.570013 2.441966 0.31617599999999985
v 0.570013 2.441966 -0.00043600000000014954
v 0.570013 2.441966 0.6068709999999999
v -1.136357 2.032222 -0.00043600000000012444
v -1.14189 2.063604 -0.0004360000000001264
v -1.14189 2.063604 1.1489869999999998
v -1.14189 2.063604 1.1489869999999998
v -1.136357 2.032222 1.1489859999999998
v -1.136357 2.032222 -0.00043600000000012444
v -0.559405 2.115843 -0.0004360000000001296
v -0.553872 2.084461 -0.00043600000000012764
v -0.553872 2.084461 1.1489869999999998
v -0.553872 2.084461 1.1489869999999998
v -0.559405 2.115843 1.1489859999999998
v -0.559405 2.115843 -0.0004360000000001296
v -1.200632 2.333044 0.18479099999999987
v -1.200239 2.333077 0.5633999999999999
v -1.149693 1.755104 0.5633999999999999
v -1.149693 1.755104 0.5633999999999999
v -1.149658 1.755106 0.1847899999999999
v -1.200632 2.333044 0.18479099999999987
v -1.345088 2.299337 -0.0004360000000001408
v -1.34093 2.267744 -0.0004360000000001389
v -1.358367 2.25255 0.7184239999999998
v -1.358367 2.25255 0.7184239999999998
v -1.362525 2.284142 0.7184239999999998
v -1.345088 2.299337 -0.0004360000000001408
v -1.269743 1.767886 -0.0004360000000001083
v -1.265585 1.736293 -0.00043600000000010633
v -1.285489 1.747579 0.7184239999999998
v -1.285489 1.747579 0.7184239999999998
v -1.289647 1.779171 0.7184239999999998
v -1.269743 1.767886 -0.0004360000000001083
v -1.830854 1.401715 -0.00043600000000008584
v -1.811456 1.376433 -0.0004360000000000843
v -1.811456 1.376433 0.7184239999999998
v -1.811456 1.376433 0.7184239999999998
v -1.830854 1.401715 0.7184239999999998
v -1.830854 1.401715 -0.00043600000000008584
v -1.837402 1.661011 -0.0004360000000001017
v -1.84156 1.692605 -0.0004360000000001037
v -1.823324 1.711833 0.7184239999999998
v -1.823324 1.711833 0.7184239999999998
v -1.819166 1.680239 0.7184239999999998
v -1.837402 1.661011 -0.0004360000000001017
v -1.90746 2.19316 -0.0004360000000001343
v -1.911619 2.224752 -0.00043600000000013626
v -1.891343 2.209886 0.7184239999999998
v -1.891343 2.209886 0.7184239999999998
v -1.887184 2.178293 0.7184239999999998
v -1.90746 2.19316 -0.0004360000000001343
v -2.145824 1.49465 -0.0004540000000000915
v -2.149684 1.461128 -0.0004540000000000894
v -2.149684 1.461128 0.6257479999999999
v -2.149684 1.461128 0.6257479999999999
v -2.145824 1.49465 0.6257479999999999
v -2.145824 1.49465 -0.0004540000000000915
v -2.05086 2.286631 -0.00045400000000014
v -2.05472 2.25311 -0.00045400000000013794
v -2.05472 2.25311 0.6257479999999999
v -2.05472 2.25311 0.6257479999999999
v -2.05086 2.286631 0.6257479999999999
v -2.05086 2.286631 -0.00045400000000014
v -2.833657 1.077328 -0.000436000000000066
v -2.833657 1.109194 -0.00043600000000006795
v -2.833657 1.109194 1.148987
v -2.833657 1.109194 1.148987
v -2.833657 1.077328 1.148986
v -2.833657 1.077328 -0.000436000000000066
v -2.25095 1.059493 -0.0004360000000000649
v -2.250951 1.027627 -0.00043600000000006296
v -2.250951 1.027627 1.148987
v -2.250951 1.027627 1.148987
v -2.25095 1.059493 1.148986
v -2.25095 1.059493 -0.0004360000000000649
v -2.844719 1.384741 0.18479099999999993
v -2.844326 1.384706 0.5633999999999999
v -2.894912 0.806736 0.5634
v -2.894912 0.806736 0.5634
v -2.894877 0.806734 0.18478999999999995
v -2.844719 1.384741 0.18479099999999993
v -2.868546 -1.721786 -0.0004359999999998946
v -2.849451 -1.699599 0.7966780000000001
v -2.846687 -1.731192 0.7966780000000001
v -2.846687 -1.731192 0.7966780000000001
v -2.865783 -1.753376 -0.00043599999999989264
v -2.868546 -1.721786 -0.0004359999999998946
v -2.927453 -1.048332 -0.00043599999999993584
v -2.902787 -1.06439 0.7966780000000001
v -2.900002 -1.09622 0.7966780000000001
v -2.900002 -1.09622 0.7966780000000001
v -2.924667 -1.080161 -0.0004359999999999339
v -2.927453 -1.048332 -0.00043599999999993584
v -2.499393 -1.042768 -0.00043599999999993617
v -2.517264 -1.056776 0.9577890000000001
v -2.520034 -1.025114 0.9577890000000001
v -2.520034 -1.025114 0.9577890000000001
v -2.502163 -1.011106 -0.0004359999999999381
v -2.499393 -1.042768 -0.00043599999999993617
v -2.440452 -1.716466 -0.0004359999999998949
v -2.453835 -1.697546 0.9616090000000002
v -2.456626 -1.665648 0.9616090000000002
v -2.456626 -1.665648 0.9616090000000002
v -2.443243 -1.684568 -0.00043599999999989687
v -2.440452 -1.716466 -0.0004359999999998949
v -2.633267 -2.104569 -0.00043599999999987117
v -2.633267 -2.104569 1.1489860000000003
v -2.633266 -2.136435 1.1489870000000002
v -2.633266 -2.136435 1.1489870000000002
v -2.633266 -2.136435 -0.0004359999999998692
v -2.633267 -2.104569 -0.00043599999999987117
v -2.05056 -2.086733 -0.00043599999999987225
v -2.05056 -2.086733 1.1489860000000003
v -2.05056 -2.054867 1.1489870000000002
v -2.05056 -2.054867 1.1489870000000002
v -2.05056 -2.054867 -0.0004359999999998742
v -2.05056 -2.086733 -0.00043599999999987225
v -2.644329 -2.411981 0.18479100000000015
v -2.694487 -1.833972 0.18479000000000012
v -2.694521 -1.833976 0.5634000000000001
v -2.694521 -1.833976 0.5634000000000001
v -2.643936 -2.411946 0.5634000000000001
v -2.644329 -2.411981 0.18479100000000015
v -2.010806 -2.38356 0.3161760000000002
v -2.010806 -2.38356 -0.0004359999999998541
v -2.010806 -2.38356 0.3161760000000002
v -2.010806 -2.38356 0.3161760000000002
v -2.010806 -2.38356 0.3161760000000002
v -2.010806 -2.38356 0.6068710000000002
v -0.374853 -1.617705 -0.000435999999999901
v -0.394675 -1.633948 0.7966780000000001
v -0.394675 -1.602234 0.7966780000000001
v -0.394675 -1.602234 0.7966780000000001
v -0.374853 -1.585994 -0.00043599999999990294
v -0.374853 -1.617705 -0.000435999999999901
v -0.374866 -2.29373 -0.00043599999999985957
v -0.39818 -2.282021 0.7966780000000001
v -0.39818 -2.25007 0.7966780000000001
v -0.39818 -2.25007 0.7966780000000001
v -0.374867 -2.261779 -0.0004359999999998615
v -0.374866 -2.29373 -0.00043599999999985957
v -0.801782 -2.261965 -0.0004359999999998615
v -0.782411 -2.239963 0.9577890000000001
v -0.782411 -2.271745 0.9577890000000001
v -0.782411 -2.271745 0.9577890000000001
v -0.801782 -2.293747 -0.00043599999999985957
v -0.801782 -2.261965 -0.0004359999999998615
v -0.801782 -1.585693 -0.00043599999999990294
v -0.784965 -1.597196 0.9616090000000002
v -0.784965 -1.629216 0.9616090000000002
v -0.784965 -1.629216 0.9616090000000002
v -0.801781 -1.617713 -0.000435999999999901
v -0.801782 -1.585693 -0.00043599999999990294
v 0.307851 -2.364743 -0.00043599999999985523
v 0.285704 -2.351861 0.7184240000000001
v 0.287093 -2.320026 0.7184240000000001
v 0.287093 -2.320026 0.7184240000000001
v 0.30924 -2.332908 -0.0004359999999998572
v 0.307851 -2.364743 -0.00043599999999985523
v 0.336591 -1.828748 -0.00043599999999988803
v 0.316231 -1.841019 0.7184240000000001
v 0.31762 -1.809183 0.7184240000000001
v 0.31762 -1.809183 0.7184240000000001
v 0.33798 -1.796913 -0.00043599999999989
v 0.336591 -1.828748 -0.00043599999999988803
v -0.254298 -1.512874 -0.0004359999999999074
v -0.254298 -1.512874 0.7184240000000001
v -0.237178 -1.485998 0.7184240000000001
v -0.237178 -1.485998 0.7184240000000001
v -0.237178 -1.485998 -0.00043599999999990906
v -0.254298 -1.512874 -0.0004359999999999074
v -0.238223 -1.771755 -0.00043599999999989155
v -0.215124 -1.789719 0.7184240000000001
v -0.216513 -1.821554 0.7184240000000001
v -0.216513 -1.821554 0.7184240000000001
v -0.239612 -1.80359 -0.0004359999999998896
v -0.238223 -1.771755 -0.00043599999999989155
v -0.261635 -2.307982 -0.0004359999999998587
v -0.244009 -2.293479 0.7184240000000001
v -0.245398 -2.325315 0.7184240000000001
v -0.245398 -2.325315 0.7184240000000001
v -0.263024 -2.339818 -0.00043599999999985675
v -0.261635 -2.307982 -0.0004359999999998587
v 0.704956 -2.390522 -0.00043599999999985366
v 0.709272 -2.382451 1.1489860000000003
v 0.740865 -2.38661 1.1489870000000002
v 0.740865 -2.38661 1.1489870000000002
v 0.736549 -2.394681 -0.0004359999999998534
v 0.704956 -2.390522 -0.00043599999999985366
v 0.76333 -1.810472 -0.00043599999999988917
v 0.76333 -1.818042 1.1489860000000003
v 0.731737 -1.813883 1.1489870000000002
v 0.731737 -1.813883 1.1489870000000002
v 0.731737 -1.806314 -0.00043599999999988944
v 0.76333 -1.810472 -0.00043599999999988917
v 1.008294 -2.441615 0.18479100000000015
v 0.428684 -2.415899 0.18479000000000015
v 0.428683 -2.415934 0.5634000000000001
v 0.428683 -2.415934 0.5634000000000001
v 1.008311 -2.44122 0.5634000000000001
v 1.008294 -2.441615 0.18479100000000015
v 1.062807 -1.809802 -0.0004359999999998892
v 1.062807 -1.809802 0.3161760000000001
v 1.062807 -1.809802 0.6068710000000002
v 1.810218 -2.260525 -0.00043599999999986163
v 1.817284 -2.246477 0.7966780000000001
v 1.848876 -2.243713 0.7966780000000001
v 1.848876 -2.243713 0.7966780000000001
v 1.841808 -2.257761 -0.0004359999999998618
v 1.810218 -2.260525 -0.00043599999999986163
v 1.170062 -2.30493 -0.00043599999999985886
v 1.171789 -2.299529 0.7966780000000001
v 1.203619 -2.296744 0.7966780000000001
v 1.203619 -2.296744 0.7966780000000001
v 1.201892 -2.302144 -0.0004359999999998591
v 1.170062 -2.30493 -0.00043599999999985886
v 1.164499 -1.891372 -0.00043599999999988423
v 1.168528 -1.909492 0.9577890000000001
v 1.136867 -1.912262 0.9577890000000001
v 1.136867 -1.912262 0.9577890000000001
v 1.132837 -1.894142 -0.000435999999999884
v 1.164499 -1.891372 -0.00043599999999988423
v 1.804898 -1.832431 -0.0004359999999998878
v 1.803542 -1.854779 0.9616090000000002
v 1.771644 -1.857569 0.9616090000000002
v 1.771644 -1.857569 0.9616090000000002
v 1.773001 -1.835222 -0.00043599999999988765
v 1.804898 -1.832431 -0.0004359999999998878
v 2.874461 -2.395679 0.38116400000000017
v 2.874461 -2.395678 2.651126
v 2.836387 -2.385476 2.651126
v 2.836387 -2.385476 2.651126
v 2.836387 -2.385476 0.38116400000000017
v 2.874461 -2.395679 0.38116400000000017
v -2.887472 -2.395679 0.38116400000000017
v -2.887472 -2.395678 2.651126
v -2.925546 -2.385476 2.651126
v -2.925546 -2.385476 2.651126
v -2.925546 -2.385476 0.38116400000000017
v -2.887472 -2.395679 0.38116400000000017
v 2.874461 2.353837 0.38116399999999984
v 2.874461 2.353837 2.651126
v 2.836387 2.364039 2.651126
v 2.836387 2.364039 2.651126
v 2.836387 2.364039 0.38116399999999984
v 2.874461 2.353837 0.38116399999999984
v -2.887472 2.353837 0.38116399999999984
v -2.887472 2.353837 2.651126
v -2.925546 2.364039 2.651126
v -2.925546 2.364039 2.651126
v -2.925546 2.364039 0.38116399999999984
v -2.887472 2.353837 0.38116399999999984
v 2.812115 -1.873541 -0.0004359999999998853
v 2.798316 -1.894854 0.7184240000000001
v 2.766723 -1.890696 0.7184240000000001
v 2.766723 -1.890696 0.7184240000000001
v 2.780521 -1.869383 -0.00043599999999988554
v 2.812115 -1.873541 -0.0004359999999998853
v 2.280664 -1.798196 -0.0004359999999998899
v 2.288241 -1.818054 0.7184240000000001
v 2.256648 -1.813895 0.7184240000000001
v 2.256648 -1.813895 0.7184240000000001
v 2.249071 -1.794037 -0.0004359999999998902
v 2.280664 -1.798196 -0.0004359999999998899
v 1.914492 -2.359306 -0.00043599999999985556
v 1.914492 -2.359306 0.7184240000000001
v 1.889211 -2.339909 0.7184240000000001
v 1.889211 -2.339909 0.7184240000000001
v 1.889211 -2.339909 -0.00043599999999985675
v 1.914492 -2.359306 -0.00043599999999985556
v 2.17379 -2.365854 -0.0004359999999998552
v 2.190195 -2.34707 0.7184240000000001
v 2.221788 -2.351228 0.7184240000000001
v 2.221788 -2.351228 0.7184240000000001
v 2.205383 -2.370013 -0.0004359999999998549
v 2.17379 -2.365854 -0.0004359999999998552
v 2.705936 -2.435913 -0.0004359999999998509
v 2.69826 -2.416083 0.7184240000000001
v 2.729853 -2.420242 0.7184240000000001
v 2.729853 -2.420242 0.7184240000000001
v 2.737529 -2.440071 -0.0004359999999998506
v 2.705936 -2.435913 -0.0004359999999998509
v 2.775432 -1.319332 -0.00043599999999991925
v 2.77959 -1.350925 -0.0004359999999999173
v 2.77959 -1.350925 1.148987
v 2.77959 -1.350925 1.148987
v 2.775432 -1.319332 1.148986
v 2.775432 -1.319332 -0.00043599999999991925
v 2.195381 -1.377706 -0.0004359999999999157
v 2.191223 -1.346113 -0.00043599999999991763
v 2.191223 -1.346113 1.148987
v 2.191223 -1.346113 1.148987
v 2.195381 -1.377706 1.148986
v 2.195381 -1.377706 -0.0004359999999999157
v 2.826524 -1.62267 0.18479100000000012
v 2.826129 -1.622687 0.5634000000000001
v 2.800842 -1.043059 0.5634000000000001
v 2.800842 -1.043059 0.5634000000000001
v 2.800808 -1.04306 0.18479000000000007
v 2.826524 -1.62267 0.18479100000000012
v 2.194711 -1.677183 -0.00043599999999989735
v 2.194711 -1.677183 0.3161760000000001
v 2.194711 -1.677183 0.6068710000000002
v 2.014527 0.319309 0.271522
v 2.014527 0.319309 -0.0004400000000000196
v 2.019594 0.28081 -0.0004400000000000172
v 2.019594 0.28081 0.271522
v 2.014527 0.319309 0.271522
v 2.019594 0.28081 0.271522
v 2.019594 0.28081 -0.0004400000000000172
v 2.054198 0.285367 -0.00044000000000001747
v 2.054198 0.285367 -0.00044000000000001747
v 2.054198 0.285367 0.271522
v 2.054198 0.285367 0.271522
v 2.054198 0.285367 -0.00044000000000001747
v 2.049129 0.323865 -0.00044000000000001986
v 2.049129 0.323865 -0.00044000000000001986
v 2.049129 0.323865 0.271522
v 2.202387 0.344127 0.271522
v 2.202387 0.344127 -0.0004400000000000211
v 2.207457 0.305627 -0.0004400000000000187
v 2.207457 0.305627 0.271522
v 2.202387 0.344127 0.271522
v 2.207457 0.305627 0.271522
v 2.207457 0.305627 -0.0004400000000000187
v 2.24206 0.310186 -0.000440000000000019
v 2.24206 0.310186 -0.000440000000000019
v 2.24206 0.310186 0.271522
v 2.24206 0.310186 0.271522
v 2.24206 0.310186 -0.000440000000000019
v 2.236992 0.348684 -0.0004400000000000214
v 2.236992 0.348684 -0.0004400000000000214
v 2.236992 0.348684 0.271522
v 1.98605 0.536363 0.27152199999999993
v 1.98605 0.536363 -0.00044000000000003287
v 1.991119 0.497865 -0.0004400000000000305
v 1.991119 0.497865 -0.0004400000000000305
v 1.991119 0.497865 0.27152199999999993
v 1.991119 0.497865 0.27152199999999993
v 1.991119 0.497865 -0.0004400000000000305
v 2.025723 0.502421 -0.0004400000000000308
v 2.025723 0.502421 -0.0004400000000000308
v 2.025723 0.502421 0.27152199999999993
v 2.025723 0.502421 0.27152199999999993
v 2.025723 0.502421 -0.0004400000000000308
v 2.020655 0.540919 -0.00044000000000003314
v 2.020655 0.540919 -0.00044000000000003314
v 2.020655 0.540919 0.27152199999999993
v 2.173911 0.561184 0.27152199999999993
v 2.173911 0.561184 -0.0004400000000000344
v 2.17898 0.522686 -0.000440000000000032
v 2.17898 0.522686 -0.000440000000000032
v 2.178979 0.522687 0.27152199999999993
v 2.178979 0.522687 0.27152199999999993
v 2.17898 0.522686 -0.000440000000000032
v 2.213585 0.527243 -0.0004400000000000323
v 2.213585 0.527243 -0.0004400000000000323
v 2.213585 0.527243 0.27152199999999993
v 2.213585 0.527243 0.27152199999999993
v 2.213585 0.527243 -0.0004400000000000323
v 2.208517 0.565739 -0.00044000000000003466
v 2.208517 0.565739 -0.00044000000000003466
v 2.208517 0.565739 0.27152199999999993
v 1.647046 1.619444 0.2715219999999999
v 1.647046 1.619444 -0.00044000000000009917
v 1.645354 1.658237 -0.00044000000000010155
v 1.645354 1.658237 0.2715219999999999
v 1.647046 1.619444 0.2715219999999999
v 1.645354 1.658237 0.2715219999999999
v 1.645354 1.658237 -0.00044000000000010155
v 1.610484 1.656714 -0.00044000000000010144
v 1.610484 1.656714 -0.00044000000000010144
v 1.610484 1.656714 0.2715219999999999
v 1.610484 1.656714 0.2715219999999999
v 1.610484 1.656714 -0.00044000000000010144
v 1.612178 1.61792 -0.0004400000000000991
v 1.612178 1.61792 -0.0004400000000000991
v 1.612178 1.61792 0.2715219999999999
v 1.457738 1.611092 0.2715219999999999
v 1.457738 1.611092 -0.0004400000000000987
v 1.456043 1.649888 -0.00044000000000010106
v 1.456043 1.649888 0.2715219999999999
v 1.457738 1.611092 0.2715219999999999
v 1.456043 1.649888 0.2715219999999999
v 1.456043 1.649888 -0.00044000000000010106
v 1.421174 1.648362 -0.00044000000000010095
v 1.421174 1.648362 -0.00044000000000010095
v 1.421174 1.648362 0.2715219999999999
v 1.421174 1.648362 0.2715219999999999
v 1.421174 1.648362 -0.00044000000000010095
v 1.422867 1.609568 -0.00044000000000009857
v 1.422867 1.609568 -0.00044000000000009857
v 1.422867 1.609568 0.2715219999999999
v 1.671054 1.067338 0.27152199999999993
v 1.671054 1.067338 -0.0004400000000000654
v 1.66936 1.106132 -0.0004400000000000677
v 1.66936 1.106132 -0.0004400000000000677
v 1.66936 1.106132 0.27152199999999993
v 1.66936 1.106132 0.27152199999999993
v 1.66936 1.106132 -0.0004400000000000677
v 1.634489 1.104611 -0.00044000000000006767
v 1.634489 1.104611 -0.00044000000000006767
v 1.634489 1.104611 0.27152199999999993
v 1.634489 1.104611 0.27152199999999993
v 1.634489 1.104611 -0.00044000000000006767
v 1.636183 1.065817 -0.0004400000000000653
v 1.636183 1.065817 -0.0004400000000000653
v 1.636183 1.065817 0.27152199999999993
v 1.481744 1.058985 0.27152199999999993
v 1.481744 1.058985 -0.00044000000000006485
v 1.480049 1.09778 -0.00044000000000006724
v 1.480049 1.09778 -0.00044000000000006724
v 1.48005 1.097779 0.27152199999999993
v 1.48005 1.097779 0.27152199999999993
v 1.480049 1.09778 -0.00044000000000006724
v 1.445179 1.096256 -0.00044000000000006713
v 1.445179 1.096256 -0.00044000000000006713
v 1.445179 1.096256 0.27152199999999993
v 1.445179 1.096256 0.27152199999999993
v 1.445179 1.096256 -0.00044000000000006713
v 1.446873 1.057464 -0.00044000000000006474
v 1.446873 1.057464 -0.00044000000000006474
v 1.446873 1.057464 0.27152199999999993
v 2.452413 2.072498 -0.0004540000000001269
v 2.434727 2.05833 0.7662369999999998
v 2.419233 2.088092 0.7662369999999998
v 2.419233 2.088092 0.7662369999999998
v 2.436919 2.102259 -0.0004540000000001287
v 2.470525 2.100933 -0.0004540000000001286
v 2.452839 2.086765 0.7662369999999998
v 2.434727 2.05833 0.7662369999999998
v 2.452413 2.072498 -0.0004540000000001269
v 2.470525 2.100933 -0.0004540000000001286
v 2.794805 1.414741 -0.0004540000000000866
v 2.764196 1.422958 0.7662369999999998
v 2.748587 1.452943 0.7662369999999998
v 2.779194 1.444726 -0.00045400000000008845
v 2.794805 1.414741 -0.0004540000000000866
v 2.812928 1.443166 -0.00045400000000008834
v 2.78232 1.451384 0.7662369999999998
v 2.764196 1.422958 0.7662369999999998
v 2.794805 1.414741 -0.0004540000000000866
v 2.812928 1.443166 -0.00045400000000008834
v 2.378623 1.235981 -0.00045400000000007565
v 2.388427 1.267572 0.9197689999999998
v 2.403955 1.237744 0.9197689999999998
v 2.394151 1.206153 -0.0004540000000000738
v 2.378623 1.235981 -0.00045400000000007565
v 2.360534 1.207675 -0.0004540000000000739
v 2.370341 1.239266 0.9197689999999998
v 2.388427 1.267572 0.9197689999999998
v 2.378623 1.235981 -0.00045400000000007565
v 2.360534 1.207675 -0.0004540000000000739
v 2.0361 1.893964 -0.00045400000000011593
v 2.060225 1.891327 0.9407419999999999
v 2.07587 1.861276 0.9407419999999999
v 2.07587 1.861276 0.9407419999999999
v 2.051744 1.863914 -0.0004540000000001141
v 2.017985 1.865344 -0.0004540000000001142
v 2.04211 1.862709 0.9407419999999999
v 2.060225 1.891327 0.9407419999999999
v 2.0361 1.893964 -0.00045400000000011593
v 2.017985 1.865344 -0.0004540000000001142
v 1.597001 1.865564 -0.00043600000000011425
v 1.565257 1.862787 -0.0004360000000001141
v 1.565257 1.862787 1.1489859999999998
v 1.597001 1.865564 1.1489859999999998
v 1.597001 1.865564 -0.00043600000000011425
v 1.583535 1.836684 -0.0004360000000001125
v 1.597001 1.865564 -0.00043600000000011425
v 1.597001 1.865564 1.1489859999999998
v 1.583535 1.836684 1.1489859999999998
v 1.583535 1.836684 -0.0004360000000001125
v 1.565525 2.351471 -0.000436000000000144
v 1.597393 2.351472 -0.000436000000000144
v 1.597393 2.351472 0.9664519999999999
v 1.597393 2.351472 0.9664519999999999
v 1.565525 2.351471 0.9664519999999999
v 1.581459 2.37907 -0.0004360000000001457
v 1.565525 2.351471 -0.000436000000000144
v 1.565525 2.351471 0.9664519999999999
v 1.581459 2.37907 0.9664519999999999
v 1.581459 2.37907 -0.0004360000000001457
v 0.822264 2.335244 0.26560999999999985
v 0.822264 2.335244 -0.000445000000000143
v 0.82565 2.373927 -0.0004450000000001453
v 0.82565 2.373927 0.26560999999999985
v 0.822264 2.335244 0.26560999999999985
v 0.82565 2.373927 0.26560999999999985
v 0.82565 2.373927 -0.0004450000000001453
v 0.79088 2.376967 -0.00044500000000014553
v 0.79088 2.376967 -0.00044500000000014553
v 0.79088 2.376967 0.26560999999999985
v 0.79088 2.376967 0.26560999999999985
v 0.79088 2.376967 -0.00044500000000014553
v 0.787495 2.338285 -0.00044500000000014314
v 0.787495 2.338285 -0.00044500000000014314
v 0.787495 2.338285 0.26560999999999985
v 0.633485 2.351674 0.26560999999999985
v 0.633485 2.351674 -0.00044500000000014396
v 0.636869 2.390358 -0.00044500000000014634
v 0.636869 2.390358 0.26560999999999985
v 0.633485 2.351674 0.26560999999999985
v 0.636869 2.390358 0.26560999999999985
v 0.636869 2.390358 -0.00044500000000014634
v 0.602099 2.393397 -0.0004450000000001465
v 0.602099 2.393397 -0.0004450000000001465
v 0.602099 2.393397 0.26560999999999985
v 0.602099 2.393397 0.26560999999999985
v 0.602099 2.393397 -0.0004450000000001465
v 0.598714 2.354715 -0.0004450000000001442
v 0.598714 2.354715 -0.0004450000000001442
v 0.598714 2.354715 0.26560999999999985
v 0.774002 1.784729 0.2656099999999999
v 0.774002 1.784729 -0.00044500000000010926
v 0.777386 1.823411 -0.00044500000000011165
v 0.777386 1.823411 -0.00044500000000011165
v 0.777386 1.823411 0.2656099999999999
v 0.777386 1.823411 0.2656099999999999
v 0.777386 1.823411 -0.00044500000000011165
v 0.742615 1.826454 -0.0004450000000001118
v 0.742615 1.826454 -0.0004450000000001118
v 0.742615 1.826454 0.2656099999999999
v 0.742615 1.826454 0.2656099999999999
v 0.742615 1.826454 -0.0004450000000001118
v 0.739231 1.787773 -0.0004450000000001094
v 0.739231 1.787773 -0.0004450000000001094
v 0.739231 1.787773 0.2656099999999999
v 0.585221 1.801157 0.2656099999999999
v 0.585221 1.801157 -0.00044500000000011024
v 0.588605 1.83984 -0.0004450000000001126
v 0.588605 1.83984 -0.0004450000000001126
v 0.588606 1.839839 0.2656099999999999
v 0.588606 1.839839 0.2656099999999999
v 0.588605 1.83984 -0.0004450000000001126
v 0.553834 1.842882 -0.00044500000000011284
v 0.553834 1.842882 -0.00044500000000011284
v 0.553834 1.842882 0.2656099999999999
v 0.553834 1.842882 0.2656099999999999
v 0.553834 1.842882 -0.00044500000000011284
v 0.55045 1.8042 -0.00044500000000011045
v 0.55045 1.8042 -0.00044500000000011045
v 0.55045 1.8042 0.2656099999999999
v 0.490774 1.846364 -0.0004360000000001131
v 0.503933 1.854824 0.7184239999999998
v 0.535677 1.852045 0.7184239999999998
v 0.535677 1.852045 0.7184239999999998
v 0.522519 1.843587 -0.0004360000000001129
v 0.504242 1.817484 -0.0004360000000001113
v 0.517399 1.825942 0.7184239999999998
v 0.503933 1.854824 0.7184239999999998
v 0.490774 1.846364 -0.0004360000000001131
v 0.504242 1.817484 -0.0004360000000001113
v 1.119182 1.787387 -0.0004360000000001095
v 1.119182 1.800797 0.7184239999999998
v 1.150928 1.79802 0.7184239999999998
v 1.150928 1.79802 0.7184239999999998
v 1.150928 1.784608 -0.0004360000000001093
v 1.13265 1.758505 -0.0004360000000001077
v 1.13265 1.771917 0.7184239999999998
v 1.119182 1.800797 0.7184239999999998
v 1.119182 1.787387 -0.0004360000000001095
v 1.13265 1.758505 -0.0004360000000001077
v 1.201416 2.355505 -0.0004360000000001443
v 1.192712 2.345449 0.7184239999999998
v 1.160968 2.348229 0.7184239999999998
v 1.160968 2.348229 0.7184239999999998
v 1.169671 2.358281 -0.00043600000000014444
v 1.187948 2.384383 -0.000436000000000146
v 1.179245 2.37433 0.7184239999999998
v 1.192712 2.345449 0.7184239999999998
v 1.201416 2.355505 -0.0004360000000001443
v 1.187948 2.384383 -0.000436000000000146
v 0.573009 2.414482 -0.00043600000000014786
v 0.573009 2.414482 0.7184239999999998
v 0.541263 2.41726 0.7184239999999998
v 0.541263 2.41726 0.7184239999999998
v 0.541263 2.41726 -0.000436000000000148
v 0.55954 2.443363 -0.00043600000000014965
v 0.55954 2.443363 0.7184239999999998
v 0.573009 2.414482 0.7184239999999998
v 0.573009 2.414482 -0.00043600000000014786
v 0.55954 2.443363 -0.00043600000000014965
v -0.492559 1.819462 -0.00043600000000011143
v -0.524304 1.816686 -0.00043600000000011127
v -0.531258 1.82404 0.7184239999999998
v -0.531258 1.82404 0.7184239999999998
v -0.499514 1.826819 0.7184239999999998
v -0.506027 1.790583 -0.0004360000000001097
v -0.492559 1.819462 -0.00043600000000011143
v -0.499514 1.826819 0.7184239999999998
v -0.512981 1.797938 0.7184239999999998
v -0.506027 1.790583 -0.0004360000000001097
v -1.120967 1.760486 -0.00043600000000010785
v -1.152713 1.757707 -0.00043600000000010763
v -1.148853 1.780614 0.7184239999999998
v -1.148853 1.780614 0.7184239999999998
v -1.117107 1.783392 0.7184239999999998
v -1.134435 1.731604 -0.00043600000000010606
v -1.120967 1.760486 -0.00043600000000010785
v -1.117107 1.783392 0.7184239999999998
v -1.130575 1.754511 0.7184239999999998
v -1.134435 1.731604 -0.00043600000000010606
v -1.203201 2.328603 -0.0004360000000001426
v -1.171456 2.331379 -0.00043600000000014276
v -1.161155 2.3256 0.7184239999999998
v -1.161155 2.3256 0.7184239999999998
v -1.192898 2.32282 0.7184239999999998
v -1.189734 2.357482 -0.0004360000000001444
v -1.203201 2.328603 -0.0004360000000001426
v -1.192898 2.32282 0.7184239999999998
v -1.179432 2.351702 0.7184239999999998
v -1.189734 2.357482 -0.0004360000000001444
v -0.574794 2.387579 -0.00043600000000014623
v -0.543048 2.390358 -0.0004360000000001464
v -0.556265 2.373205 0.7184239999999998
v -0.556265 2.373205 0.7184239999999998
v -0.588011 2.370428 0.7184239999999998
v -0.561326 2.416461 -0.00043600000000014797
v -0.574794 2.387579 -0.00043600000000014623
v -0.588011 2.370428 0.7184239999999998
v -0.574543 2.399309 0.7184239999999998
v -0.561326 2.416461 -0.00043600000000014797
v -1.791499 0.598418 0.27152199999999993
v -1.791498 0.598418 -0.00044000000000003666
v -1.794884 0.559734 -0.0004400000000000343
v -1.794884 0.559734 0.27152199999999993
v -1.791499 0.598418 0.27152199999999993
v -1.794884 0.559734 0.27152199999999993
v -1.794884 0.559734 -0.0004400000000000343
v -1.760114 0.556695 -0.0004400000000000341
v -1.760114 0.556695 -0.0004400000000000341
v -1.760114 0.556695 0.27152199999999993
v -1.760114 0.556695 0.27152199999999993
v -1.760114 0.556695 -0.0004400000000000341
v -1.756729 0.595377 -0.0004400000000000365
v -1.756729 0.595377 -0.0004400000000000365
v -1.756729 0.595377 0.27152199999999993
v -1.602719 0.581988 0.27152199999999993
v -1.602719 0.581988 -0.00044000000000003563
v -1.606103 0.543303 -0.0004400000000000333
v -1.606103 0.543303 0.27152199999999993
v -1.602719 0.581988 0.27152199999999993
v -1.606103 0.543303 0.27152199999999993
v -1.606103 0.543303 -0.0004400000000000333
v -1.571333 0.540265 -0.0004400000000000331
v -1.571333 0.540265 -0.0004400000000000331
v -1.571333 0.540265 0.27152199999999993
v -1.571333 0.540265 0.27152199999999993
v -1.571333 0.540265 -0.0004400000000000331
v -1.567949 0.578947 -0.00044000000000003547
v -1.567949 0.578947 -0.00044000000000003547
v -1.567949 0.578947 0.27152199999999993
v -1.743237 1.148933 0.27152199999999993
v -1.743237 1.148933 -0.0004400000000000704
v -1.74662 1.11025 -0.000440000000000068
v -1.74662 1.11025 -0.000440000000000068
v -1.74662 1.11025 0.27152199999999993
v -1.74662 1.11025 0.27152199999999993
v -1.74662 1.11025 -0.000440000000000068
v -1.71185 1.107208 -0.00044000000000006783
v -1.71185 1.107208 -0.00044000000000006783
v -1.71185 1.107208 0.27152199999999993
v -1.71185 1.107208 0.27152199999999993
v -1.71185 1.107208 -0.00044000000000006783
v -1.708465 1.145891 -0.00044000000000007016
v -1.708465 1.145891 -0.00044000000000007016
v -1.708465 1.145891 0.27152199999999993
v -1.554456 1.132504 0.27152199999999993
v -1.554456 1.132504 -0.00044000000000006935
v -1.557839 1.093822 -0.000440000000000067
v -1.557839 1.093822 -0.000440000000000067
v -1.55784 1.093822 0.27152199999999993
v -1.55784 1.093822 0.27152199999999993
v -1.557839 1.093822 -0.000440000000000067
v -1.523069 1.090782 -0.0004400000000000668
v -1.523069 1.090782 -0.0004400000000000668
v -1.523069 1.090782 0.27152199999999993
v -1.523069 1.090782 0.27152199999999993
v -1.523069 1.090782 -0.0004400000000000668
v -1.519685 1.129462 -0.0004400000000000692
v -1.519685 1.129462 -0.0004400000000000692
v -1.519685 1.129462 0.27152199999999993
v -1.540772 1.742174 -0.0004360000000001067
v -1.571882 1.735277 -0.0004360000000001063
v -1.571882 1.735277 1.148986
v -1.540772 1.742174 1.148986
v -1.540772 1.742174 -0.0004360000000001067
v -1.550354 1.711784 -0.00043600000000010487
v -1.540772 1.742174 -0.0004360000000001067
v -1.540772 1.742174 1.148986
v -1.550354 1.711784 1.148986
v -1.550354 1.711784 -0.00043600000000010487
v -1.635402 2.219816 -0.00043600000000013593
v -1.603808 2.223977 -0.0004360000000001362
v -1.603808 2.223977 0.9664519999999999
v -1.603808 2.223977 0.9664519999999999
v -1.635402 2.219816 0.9664519999999999
v -1.623207 2.249258 -0.0004360000000001378
v -1.635402 2.219816 -0.00043600000000013593
v -1.635402 2.219816 0.9664519999999999
v -1.623207 2.249258 0.9664519999999999
v -1.623207 2.249258 -0.0004360000000001378
v -2.137254 1.451602 -0.0004540000000000889
v -2.137254 1.451602 0.6265549999999999
v -2.766638 1.486398 -0.000454000000000091
v -2.766638 1.486398 0.6265549999999999
v -2.766638 1.486398 -0.000454000000000091
v -2.236586 0.756009 -0.0004360000000000463
v -2.26833 0.758786 -0.0004360000000000465
v -2.277811 0.769715 0.718424
v -2.277811 0.769715 0.718424
v -2.246067 0.76694 0.718424
v -2.254864 0.729906 -0.0004360000000000447
v -2.236586 0.756009 -0.0004360000000000463
v -2.246067 0.76694 0.718424
v -2.264344 0.740836 0.718424
v -2.254864 0.729906 -0.0004360000000000447
v -2.865688 0.807047 -0.00043600000000004947
v -2.897434 0.809825 -0.00043600000000004963
v -2.888196 0.820949 0.718424
v -2.888196 0.820949 0.718424
v -2.85645 0.81817 0.718424
v -2.883967 0.780944 -0.00043600000000004784
v -2.865688 0.807047 -0.00043600000000004947
v -2.85645 0.81817 0.718424
v -2.874728 0.792068 0.718424
v -2.883967 0.780944 -0.00043600000000004784
v -2.84802 1.380814 -0.0004360000000000846
v -2.816276 1.378037 -0.00043600000000008443
v -2.80961 1.364496 0.7184239999999998
v -2.80961 1.364496 0.7184239999999998
v -2.841354 1.367272 0.7184239999999998
v -2.829742 1.406916 -0.00043600000000008617
v -2.84802 1.380814 -0.0004360000000000846
v -2.841354 1.367272 0.7184239999999998
v -2.823077 1.393375 0.7184239999999998
v -2.829742 1.406916 -0.00043600000000008617
v -2.218918 1.329773 -0.00043600000000008145
v -2.187172 1.326997 -0.0004360000000000813
v -2.198705 1.312333 0.7184239999999998
v -2.198705 1.312333 0.7184239999999998
v -2.230451 1.31511 0.7184239999999998
v -2.20064 1.355877 -0.0004360000000000831
v -2.218918 1.329773 -0.00043600000000008145
v -2.230451 1.31511 0.7184239999999998
v -2.212172 1.341214 0.7184239999999998
v -2.20064 1.355877 -0.0004360000000000831
v -2.744453 -0.72679 0.27152200000000004
v -2.744453 -0.72679 -0.0004399999999999555
v -2.783136 -0.723404 -0.0004399999999999557
v -2.783136 -0.723404 0.27152200000000004
v -2.744453 -0.72679 0.27152200000000004
v -2.783136 -0.723404 0.27152200000000004
v -2.783136 -0.723404 -0.0004399999999999557
v -2.786177 -0.758175 -0.0004399999999999536
v -2.786177 -0.758175 -0.0004399999999999536
v -2.786177 -0.758175 0.27152200000000004
v -2.786177 -0.758175 0.27152200000000004
v -2.786177 -0.758175 -0.0004399999999999536
v -2.747494 -0.76156 -0.0004399999999999534
v -2.747494 -0.76156 -0.0004399999999999534
v -2.747494 -0.76156 0.27152200000000004
v -2.760882 -0.915569 0.27152200000000004
v -2.760882 -0.915569 -0.00043999999999994396
v -2.799567 -0.912186 -0.0004399999999999442
v -2.799567 -0.912186 0.27152200000000004
v -2.760882 -0.915569 0.27152200000000004
v -2.799567 -0.912186 0.27152200000000004
v -2.799567 -0.912186 -0.0004399999999999442
v -2.802606 -0.946956 -0.000439999999999942
v -2.802606 -0.946956 -0.000439999999999942
v -2.802606 -0.946956 0.27152200000000004
v -2.802606 -0.946956 0.27152200000000004
v -2.802606 -0.946956 -0.000439999999999942
v -2.763924 -0.95034 -0.00043999999999994185
v -2.763924 -0.95034 -0.00043999999999994185
v -2.763924 -0.95034 0.27152200000000004
v -2.193938 -0.775053 0.27152200000000004
v -2.193938 -0.775053 -0.0004399999999999526
v -2.232621 -0.771668 -0.00043999999999995274
v -2.232621 -0.771668 -0.00043999999999995274
v -2.232621 -0.771668 0.27152200000000004
v -2.232621 -0.771668 0.27152200000000004
v -2.232621 -0.771668 -0.00043999999999995274
v -2.235663 -0.806439 -0.00043999999999995063
v -2.235663 -0.806439 -0.00043999999999995063
v -2.235663 -0.806439 0.27152200000000004
v -2.235663 -0.806439 0.27152200000000004
v -2.235663 -0.806439 -0.00043999999999995063
v -2.196981 -0.809824 -0.0004399999999999504
v -2.196981 -0.809824 -0.0004399999999999504
v -2.196981 -0.809824 0.27152200000000004
v -2.210366 -0.963833 0.27152200000000004
v -2.210366 -0.963833 -0.000439999999999941
v -2.24905 -0.960449 -0.0004399999999999412
v -2.24905 -0.960449 -0.0004399999999999412
v -2.249049 -0.960449 0.27152200000000004
v -2.249049 -0.960449 0.27152200000000004
v -2.24905 -0.960449 -0.0004399999999999412
v -2.25209 -0.99522 -0.0004399999999999391
v -2.25209 -0.99522 -0.0004399999999999391
v -2.25209 -0.99522 0.27152200000000004
v -2.25209 -0.99522 0.27152200000000004
v -2.25209 -0.99522 -0.0004399999999999391
v -2.213409 -0.998605 -0.00043999999999993887
v -2.213409 -0.998605 -0.00043999999999993887
v -2.213409 -0.998605 0.27152200000000004
v -2.154986 -0.945736 0.08536100000000006
v -2.115342 -0.492661 0.08536100000000003
v -2.115342 -0.492661 0.08548400000000003
v -2.115342 -0.492661 0.08548400000000003
v -2.154986 -0.945736 0.08548400000000006
v -2.880599 -0.426909 0.08535200000000003
v -2.920243 -0.879984 0.08535200000000005
v -2.920243 -0.879984 0.08547500000000005
v -2.920243 -0.879984 0.08547500000000005
v -2.880599 -0.426909 0.08547500000000002
v -2.185795 -0.942083 -0.0004539999999999423
v -2.201539 -0.915631 0.7662370000000001
v -2.168113 -0.918555 0.7662370000000001
v -2.168113 -0.918555 0.7662370000000001
v -2.152369 -0.945006 -0.00045399999999994213
v -2.171544 -0.972637 -0.0004539999999999404
v -2.187289 -0.946185 0.7662370000000001
v -2.201539 -0.915631 0.7662370000000001
v -2.185795 -0.942083 -0.0004539999999999423
v -2.171544 -0.972637 -0.0004539999999999404
v -2.924507 -0.877441 -0.00045399999999994625
v -2.895361 -0.854411 0.766237
v -2.861685 -0.857357 0.766237
v -2.89083 -0.880387 -0.0004539999999999461
v -2.924507 -0.877441 -0.00045399999999994625
v -2.910271 -0.907999 -0.00045399999999994436
v -2.881125 -0.884969 0.766237
v -2.895361 -0.854411 0.766237
v -2.924507 -0.877441 -0.00045399999999994625
v -2.910271 -0.907999 -0.00045399999999994436
v -2.851658 -0.430388 -0.00045399999999997363
v -2.832971 -0.4532419999999999 0.9367
v -2.866471 -0.45031299999999996 0.9367
v -2.885158 -0.427458 -0.0004539999999999738
v -2.851658 -0.430388 -0.00045399999999997363
v -2.865811 -0.399925 -0.0004539999999999755
v -2.847126 -0.42277999999999993 0.9367
v -2.832971 -0.4532419999999999 0.9367
v -2.851658 -0.430388 -0.00045399999999997363
v -2.865811 -0.399925 -0.0004539999999999755
v -2.112683 -0.495043 -0.0004539999999999697
v -2.138481 -0.5128679999999999 0.940742
v -2.172232 -0.5099159999999999 0.940742
v -2.172232 -0.5099159999999999 0.940742
v -2.146434 -0.49209 -0.00045399999999996984
v -2.127088 -0.464386 -0.0004539999999999715
v -2.152885 -0.48221299999999995 0.940742
v -2.138481 -0.5128679999999999 0.940742
v -2.112683 -0.495043 -0.0004539999999999697
v -2.127088 -0.464386 -0.0004539999999999715
v -2.036196 -1.783247 -0.00043599999999989085
v -2.036196 -1.792102 0.7503990000000001
v -2.06794 -1.794878 0.7503990000000001
v -2.06794 -1.794878 0.7503990000000001
v -2.06794 -1.786025 -0.0004359999999998907
v -2.054473 -1.757145 -0.0004359999999998924
v -2.054473 -1.765998 0.7503990000000001
v -2.036196 -1.792102 0.7503990000000001
v -2.036196 -1.783247 -0.00043599999999989085
v -2.054473 -1.757145 -0.0004359999999998924
v -2.665298 -1.834288 -0.0004359999999998877
v -2.659812 -1.856997 0.7394750000000001
v -2.691558 -1.859775 0.7394750000000001
v -2.691558 -1.859775 0.7394750000000001
v -2.697044 -1.837065 -0.00043599999999988754
v -2.683577 -1.808184 -0.00043599999999988933
v -2.678091 -1.830894 0.7394750000000001
v -2.659812 -1.856997 0.7394750000000001
v -2.665298 -1.834288 -0.0004359999999998877
v -2.683577 -1.808184 -0.00043599999999988933
v -2.64763 -2.408054 -0.0004359999999998526
v -2.636832 -2.397341 0.7184240000000001
v -2.605088 -2.394566 0.7184240000000001
v -2.605088 -2.394566 0.7184240000000001
v -2.615885 -2.405277 -0.00043599999999985274
v -2.629352 -2.434156 -0.000435999999999851
v -2.618555 -2.423446 0.7184240000000001
v -2.636832 -2.397341 0.7184240000000001
v -2.64763 -2.408054 -0.0004359999999998526
v -2.629352 -2.434156 -0.000435999999999851
v -2.018528 -2.357013 -0.0004359999999998557
v -2.029818 -2.344907 0.7184240000000001
v -1.998072 -2.342129 0.7184240000000001
v -1.998072 -2.342129 0.7184240000000001
v -1.986782 -2.354237 -0.0004359999999998559
v -2.00025 -2.383117 -0.0004359999999998541
v -2.01154 -2.37101 0.7184240000000001
v -2.029818 -2.344907 0.7184240000000001
v -2.018528 -2.357013 -0.0004359999999998557
v -2.00025 -2.383117 -0.0004359999999998541
v 0.064352 -1.826755 -0.0004359999999998882
v 0.064352 -1.826755 1.1489860000000003
v 0.03276 -1.822596 1.1489860000000003
v 0.03276 -1.822596 -0.0004359999999998884
v 0.064352 -1.826755 -0.0004359999999998882
v 0.052158 -1.797316 -0.00043599999999989
v 0.052158 -1.797316 1.148986
v 0.064352 -1.826755 1.1489860000000003
v 0.064352 -1.826755 -0.0004359999999998882
v 0.052158 -1.797316 -0.00043599999999989
v 0.011711 -2.310828 -0.00043599999999985854
v 0.011711 -2.310828 0.9664520000000001
v 0.043548 -2.312219 0.9664520000000001
v 0.043548 -2.312219 0.9664520000000001
v 0.043548 -2.312219 -0.00043599999999985843
v 0.026426 -2.339094 -0.0004359999999998568
v 0.026426 -2.339094 0.9664520000000001
v 0.011711 -2.310828 0.9664520000000001
v 0.011711 -2.310828 -0.00043599999999985854
v 0.026426 -2.339094 -0.0004359999999998568
v 0.464316 -1.756618 -0.0004359999999998925
v 0.472989 -1.767695 0.7184240000000001
v 0.471597 -1.799529 0.7184240000000001
v 0.471597 -1.799529 0.7184240000000001
v 0.462927 -1.788453 -0.0004359999999998905
v 0.436051 -1.771332 -0.00043599999999989155
v 0.444722 -1.782408 0.7184240000000001
v 0.472989 -1.767695 0.7184240000000001
v 0.464316 -1.756618 -0.0004359999999998925
v 0.436051 -1.771332 -0.00043599999999989155
v 0.432806 -2.387001 -0.0004359999999998539
v 0.441687 -2.378356 0.7184240000000001
v 0.440297 -2.410192 0.7184240000000001
v 0.440297 -2.410192 0.7184240000000001
v 0.431416 -2.418838 -0.0004359999999998519
v 0.404539 -2.401716 -0.00043599999999985295
v 0.413421 -2.393071 0.7184240000000001
v 0.441687 -2.378356 0.7184240000000001
v 0.432806 -2.387001 -0.0004359999999998539
v 0.404539 -2.401716 -0.00043599999999985295
v 1.00397 -2.444375 -0.00043599999999985035
v 0.985899 -2.432202 0.7453220000000002
v 0.987291 -2.400368 0.7453220000000002
v 0.987291 -2.400368 0.7453220000000002
v 1.00536 -2.412539 -0.0004359999999998523
v 1.032235 -2.429661 -0.0004359999999998513
v 1.014166 -2.417489 0.7453220000000002
v 0.985899 -2.432202 0.7453220000000002
v 1.00397 -2.444375 -0.00043599999999985035
v 1.032235 -2.429661 -0.0004359999999998513
v 1.03548 -1.813993 -0.00043599999999988895
v 1.022429 -1.822642 0.7184240000000001
v 1.023819 -1.790804 0.7184240000000001
v 1.023819 -1.790804 0.7184240000000001
v 1.036871 -1.782156 -0.0004359999999998909
v 1.063746 -1.799278 -0.00043599999999988987
v 1.050695 -1.807927 0.7184240000000001
v 1.022429 -1.822642 0.7184240000000001
v 1.03548 -1.813993 -0.00043599999999988895
v 1.063746 -1.799278 -0.00043599999999988987
v 2.254952 -2.069225 -0.00043599999999987334
v 2.254952 -2.069225 1.1489860000000003
v 2.248055 -2.100335 1.1489860000000003
v 2.248055 -2.100335 -0.00043599999999987144
v 2.254952 -2.069225 -0.00043599999999987334
v 2.224561 -2.078806 -0.00043599999999987274
v 2.224561 -2.078806 1.1489860000000003
v 2.254952 -2.069225 1.1489860000000003
v 2.254952 -2.069225 -0.00043599999999987334
v 2.224561 -2.078806 -0.00043599999999987274
v 2.732594 -2.163855 -0.00043599999999986754
v 2.732594 -2.163855 0.9664520000000001
v 2.736755 -2.132261 0.9664520000000001
v 2.736755 -2.132261 0.9664520000000001
v 2.736755 -2.132261 -0.0004359999999998695
v 2.762035 -2.151659 -0.0004359999999998683
v 2.762035 -2.151659 0.9664520000000001
v 2.732594 -2.163855 0.9664520000000001
v 2.732594 -2.163855 -0.00043599999999986754
v 2.762035 -2.151659 -0.0004359999999998683
v 1.525063 -1.556789 0.2715220000000001
v 1.525063 -1.556789 -0.0004399999999999047
v 1.525062 -1.595621 -0.00043999999999990233
v 1.525062 -1.595621 0.2715220000000001
v 1.525063 -1.556789 0.2715220000000001
v 1.525062 -1.595621 0.2715220000000001
v 1.525062 -1.595621 -0.00043999999999990233
v 1.559965 -1.595619 -0.00043999999999990233
v 1.559965 -1.595619 -0.00043999999999990233
v 1.559965 -1.595619 0.2715220000000001
v 1.559965 -1.595619 0.2715220000000001
v 1.559965 -1.595619 -0.00043999999999990233
v 1.559965 -1.556789 -0.0004399999999999047
v 1.559965 -1.556789 -0.0004399999999999047
v 1.559965 -1.556789 0.2715220000000001
v 1.714556 -1.556704 0.2715220000000001
v 1.714556 -1.556704 -0.0004399999999999047
v 1.714557 -1.595536 -0.00043999999999990233
v 1.714557 -1.595536 0.2715220000000001
v 1.714556 -1.556704 0.2715220000000001
v 1.714557 -1.595536 0.2715220000000001
v 1.714557 -1.595536 -0.00043999999999990233
v 1.74946 -1.595533 -0.00043999999999990233
v 1.74946 -1.595533 -0.00043999999999990233
v 1.74946 -1.595533 0.2715220000000001
v 1.74946 -1.595533 0.2715220000000001
v 1.74946 -1.595533 -0.00043999999999990233
v 1.749459 -1.556703 -0.0004399999999999047
v 1.749459 -1.556703 -0.0004399999999999047
v 1.749459 -1.556703 0.2715220000000001
v 1.525161 -1.004164 0.27152200000000004
v 1.525161 -1.004164 -0.00043999999999993854
v 1.525162 -1.042994 -0.00043999999999993616
v 1.525162 -1.042994 -0.00043999999999993616
v 1.525162 -1.042994 0.27152200000000004
v 1.525162 -1.042994 0.27152200000000004
v 1.525162 -1.042994 -0.00043999999999993616
v 1.560065 -1.042995 -0.00043999999999993616
v 1.560065 -1.042995 -0.00043999999999993616
v 1.560065 -1.042995 0.27152200000000004
v 1.560065 -1.042995 0.27152200000000004
v 1.560065 -1.042995 -0.00043999999999993616
v 1.560065 -1.004164 -0.00043999999999993854
v 1.560065 -1.004164 -0.00043999999999993854
v 1.560065 -1.004164 0.27152200000000004
v 1.714655 -1.004075 0.27152200000000004
v 1.714655 -1.004075 -0.00043999999999993854
v 1.714656 -1.042907 -0.00043999999999993616
v 1.714656 -1.042907 -0.00043999999999993616
v 1.714655 -1.042906 0.27152200000000004
v 1.714655 -1.042906 0.27152200000000004
v 1.714656 -1.042907 -0.00043999999999993616
v 1.749559 -1.042905 -0.00043999999999993616
v 1.749559 -1.042905 -0.00043999999999993616
v 1.749559 -1.042905 0.27152200000000004
v 1.749559 -1.042905 0.27152200000000004
v 1.749559 -1.042905 -0.00043999999999993616
v 1.749559 -1.004076 -0.00043999999999993854
v 1.749559 -1.004076 -0.00043999999999993854
v 1.749559 -1.004076 0.27152200000000004
v 2.141527 -1.078692 -0.000435999999999934
v 2.173363 -1.077303 -0.00043599999999993405
v 2.181718 -1.087227 0.7184240000000001
v 2.181718 -1.087227 0.7184240000000001
v 2.149883 -1.088619 0.7184240000000001
v 2.156242 -1.050428 -0.00043599999999993573
v 2.141527 -1.078692 -0.000435999999999934
v 2.149883 -1.088619 0.7184240000000001
v 2.164597 -1.060353 0.7184240000000001
v 2.156242 -1.050428 -0.00043599999999993573
v 2.77191 -1.047183 -0.0004359999999999359
v 2.803747 -1.045792 -0.000435999999999936
v 2.795869 -1.063904 0.7184240000000001
v 2.795869 -1.063904 0.7184240000000001
v 2.764032 -1.065293 0.7184240000000001
v 2.786625 -1.018916 -0.00043599999999993763
v 2.77191 -1.047183 -0.0004359999999999359
v 2.764032 -1.065293 0.7184240000000001
v 2.778748 -1.037029 0.7184240000000001
v 2.786625 -1.018916 -0.00043599999999993763
v 2.829284 -1.618346 -0.00043599999999990093
v 2.797449 -1.619736 -0.0004359999999999008
v 2.786791 -1.615725 0.7184240000000001
v 2.786791 -1.615725 0.7184240000000001
v 2.818625 -1.614333 0.7184240000000001
v 2.81457 -1.64661 -0.0004359999999998992
v 2.829284 -1.618346 -0.00043599999999990093
v 2.818625 -1.614333 0.7184240000000001
v 2.803912 -1.642599 0.7184240000000001
v 2.81457 -1.64661 -0.0004359999999998992
v 2.198903 -1.649856 -0.000435999999999899
v 2.167066 -1.651246 -0.0004359999999998989
v 2.176165 -1.639056 0.7184240000000001
v 2.176165 -1.639056 0.7184240000000001
v 2.208002 -1.637667 0.7184240000000001
v 2.184187 -1.678123 -0.00043599999999989724
v 2.198903 -1.649856 -0.000435999999999899
v 2.208002 -1.637667 0.7184240000000001
v 2.193286 -1.665932 0.7184240000000001
v 2.184187 -1.678123 -0.00043599999999989724
v 2.473438 0.449009 0.11957199999999997
v 2.900881 0.49447 0.11957199999999997
v 2.900881 0.49447100000000005 0.591432
v 2.473438 0.44900900000000005 0.591432
v 2.473438 0.449008 0.11957199999999997
v 2.473438 0.44900700000000004 0.591432
v 2.900881 0.49446900000000005 0.591432
v 2.900881 0.494469 0.11957199999999997
v 1.849146 2.396608 0.041324999999999855
v 1.278604 2.385733 0.041324999999999855
v 1.278604 2.385731 0.5633999999999999
v 1.853298 2.396573 0.5633999999999999
v 1.849146 2.396611 0.041324999999999855
v 1.853298 2.396576 0.5633999999999999
v 1.278604 2.385734 0.5633999999999999
v 1.278606 2.385734 0.041324999999999855
v -1.346225 2.308283 0.18478999999999987
v -1.346194 2.308089 0.5633999999999999
v -1.919224 2.217294 0.5633999999999999
v -1.919214 2.217227 0.18478999999999987
v -1.919214 2.217227 0.18478999999999987
v -1.919214 2.217227 0.5633999999999999
v -1.346194 2.308089 0.5633999999999999
v -1.346225 2.308283 0.18478999999999987
v 1.800813 -1.850276 0.5194170000000001
v 1.788892 -1.843714 0.08548400000000012
v 1.833794 -2.232527 0.08548400000000014
v 1.846462 -2.246834 0.5194170000000001
v 1.846462 -2.246834 0.5194170000000001
v 1.833794 -2.232527 0.08548400000000014
v 1.788892 -1.843714 0.08548400000000012
v 1.800813 -1.850276 0.5194170000000001
v 2.69885 0.319918 0.07144699999999998
v 2.676202 0.310055 0.260325
v 2.69498 0.09542600000000001 0.260325
v 2.718996 0.089644 0.071447
v 2.159566 0.270972 0.07144699999999998
v 2.183583 0.265192 0.260325
v 2.676202 0.310055 0.260325
v 2.69885 0.319918 0.07144699999999998
v 2.179713 0.040698000000000005 0.071447
v 2.20236 0.050561000000000016 0.260325
v 2.183583 0.265192 0.260325
v 2.159566 0.270972 0.07144699999999998
v 2.718996 0.089644 0.071447
v 2.69498 0.09542600000000001 0.260325
v 2.20236 0.050561000000000016 0.260325
v 2.179713 0.040698000000000005 0.071447
v 2.69498 0.09542600000000001 0.260325
v 2.676202 0.310055 0.260325
v 2.183583 0.265192 0.260325
v 2.20236 0.050561000000000016 0.260325
v 2.049129 0.323865 0.271522
v 2.049129 0.323865 -0.00044000000000001986
v 2.014527 0.319309 -0.0004400000000000196
v 2.014527 0.319309 0.271522
v 2.236992 0.348684 0.271522
v 2.236992 0.348684 -0.0004400000000000214
v 2.202387 0.344127 -0.0004400000000000211
v 2.202387 0.344127 0.271522
v 2.020655 0.540919 0.27152199999999993
v 2.020655 0.540919 -0.00044000000000003314
v 1.98605 0.536363 -0.00044000000000003287
v 1.98605 0.536363 0.27152199999999993
v 2.208517 0.565739 0.27152199999999993
v 2.208517 0.565739 -0.00044000000000003466
v 2.173911 0.561184 -0.0004400000000000344
v 2.173911 0.561184 0.27152199999999993
v 2.015814 0.264105 0.271522
v 2.248862 0.294785 0.271522
v 2.211517 0.578448 0.27152199999999993
v 1.978469 0.547767 0.27152199999999993
v 2.894981 0.507154 -0.0004360000000000311
v 2.894981 0.507154 0.27099699999999993
v 2.474352 0.470355 0.27099699999999993
v 2.474352 0.470355 -0.0004360000000000288
v 2.838397 1.153907 -0.00043600000000007066
v 2.838397 1.153907 0.27099699999999993
v 2.894981 0.507154 0.27099699999999993
v 2.894981 0.507154 -0.0004360000000000311
v 2.417768 1.117107 -0.00043600000000006844
v 2.417768 1.117107 0.27099699999999993
v 2.838397 1.153907 0.27099699999999993
v 2.838397 1.153907 -0.00043600000000007066
v 2.474352 0.470355 -0.0004360000000000288
v 2.474352 0.470355 0.27099699999999993
v 2.417768 1.117107 0.27099699999999993
v 2.417768 1.117107 -0.00043600000000006844
v 2.474352 0.470355 0.27099699999999993
v 2.894981 0.507154 0.27099699999999993
v 2.838397 1.153907 0.27099699999999993
v 2.417768 1.117107 0.27099699999999993
v 2.840854 1.179294 0.09153999999999993
v 2.412637 1.141835 0.09153999999999993
v 2.412637 1.141834 0.5633999999999999
v 2.840854 1.179293 0.5633999999999999
v 2.840854 1.179296 0.09153999999999993
v 2.840854 1.179294 0.5633999999999999
v 2.412637 1.141835 0.5633999999999999
v 2.412638 1.141836 0.09153999999999993
v 2.869071 1.168889 -0.0004360000000000716
v 2.841364 1.149977 0.7966779999999999
v 2.815264 1.1317 0.7966779999999999
v 2.842971 1.150611 -0.0004360000000000705
v 2.840208 1.182202 -0.0004360000000000724
v 2.8125 1.163293 0.7966779999999999
v 2.841364 1.149977 0.7966779999999999
v 2.869071 1.168889 -0.0004360000000000716
v 2.927985 0.495423 -0.0004360000000000304
v 2.904956 0.50677 0.796678
v 2.878849 0.48850400000000005 0.796678
v 2.901878 0.477158 -0.00043600000000002925
v 2.899093 0.508986 -0.0004360000000000312
v 2.876064 0.520333 0.796678
v 2.904956 0.50677 0.796678
v 2.927985 0.495423 -0.0004360000000000304
v 2.447784 0.453418 -0.0004360000000000278
v 2.464791 0.46940300000000007 0.957789
v 2.490824 0.48757900000000004 0.957789
v 2.473817 0.471594 -0.0004360000000000289
v 2.476588 0.439932 -0.00043600000000002697
v 2.493594 0.45591700000000007 0.957789
v 2.464791 0.46940300000000007 0.957789
v 2.447784 0.453418 -0.0004360000000000278
v 2.388708 1.126853 -0.00043600000000006904
v 2.41096 1.10839 0.9616089999999999
v 2.43713 1.126828 0.9616089999999999
v 2.414876 1.145291 -0.0004360000000000702
v 2.417668 1.113393 -0.0004360000000000682
v 2.439921 1.09493 0.9616089999999999
v 2.41096 1.10839 0.9616089999999999
v 2.388708 1.126853 -0.00043600000000006904
v 1.678824 1.012068 0.07144699999999994
v 1.686559 1.020934 0.2603249999999999
v 1.677161 1.236179 0.2603249999999999
v 1.668741 1.243001 0.07144699999999993
v 2.204408 1.037445 0.07144699999999993
v 2.180666 1.044267 0.2603249999999999
v 1.686559 1.020934 0.2603249999999999
v 1.678824 1.012068 0.07144699999999994
v 2.194325 1.268379 0.07144699999999991
v 2.17127 1.259512 0.2603249999999999
v 2.180666 1.044267 0.2603249999999999
v 2.204408 1.037445 0.07144699999999993
v 1.668741 1.243001 0.07144699999999993
v 1.677161 1.236179 0.2603249999999999
v 2.17127 1.259512 0.2603249999999999
v 2.194325 1.268379 0.07144699999999991
v 1.677161 1.236179 0.2603249999999999
v 1.686559 1.020934 0.2603249999999999
v 2.180666 1.044267 0.2603249999999999
v 2.17127 1.259512 0.2603249999999999
v 1.612178 1.61792 0.2715219999999999
v 1.612178 1.61792 -0.0004400000000000991
v 1.647046 1.619444 -0.00044000000000009917
v 1.647046 1.619444 0.2715219999999999
v 1.422867 1.609568 0.2715219999999999
v 1.422867 1.609568 -0.00044000000000009857
v 1.457738 1.611092 -0.0004400000000000987
v 1.457738 1.611092 0.2715219999999999
v 1.636183 1.065817 0.27152199999999993
v 1.636183 1.065817 -0.0004400000000000653
v 1.671054 1.067338 -0.0004400000000000654
v 1.671054 1.067338 0.27152199999999993
v 1.446873 1.057464 0.27152199999999993
v 1.446873 1.057464 -0.00044000000000006474
v 1.481744 1.058985 -0.00044000000000006485
v 1.481744 1.058985 0.27152199999999993
v 1.650575 1.674551 0.2715219999999999
v 1.41574 1.664297 0.2715219999999999
v 1.442776 1.045065 0.27152199999999993
v 1.677611 1.055318 0.27152199999999993
v 2.438941 2.100443 0.08548399999999988
v 2.438941 2.100443 0.5194169999999999
v 2.035521 1.890442 0.5194169999999999
v 2.035521 1.890442 0.0854839999999999
v 2.035521 1.890442 0.0854839999999999
v 2.035521 1.890442 0.5194169999999999
v 2.438941 2.100443 0.5194169999999999
v 2.438941 2.100443 0.08548399999999988
v 2.436919 2.102259 -0.0004540000000001287
v 2.419233 2.088092 0.7662369999999998
v 2.452839 2.086765 0.7662369999999998
v 2.470525 2.100933 -0.0004540000000001286
v 2.779194 1.444726 -0.00045400000000008845
v 2.748587 1.452943 0.7662369999999998
v 2.78232 1.451384 0.7662369999999998
v 2.812928 1.443166 -0.00045400000000008834
v 2.394151 1.206153 -0.0004540000000000738
v 2.403955 1.237744 0.9197689999999998
v 2.370341 1.239266 0.9197689999999998
v 2.360534 1.207675 -0.0004540000000000739
v 2.051744 1.863914 -0.0004540000000001141
v 2.07587 1.861276 0.9407419999999999
v 2.04211 1.862709 0.9407419999999999
v 2.017985 1.865344 -0.0004540000000001142
v 1.868659 2.376485 -0.0004360000000001455
v 1.841063 2.392418 -0.0004360000000001465
v 1.842557 2.37986 0.7184239999999998
v 1.870154 2.363927 0.7184239999999998
v 1.841063 2.360551 -0.00043600000000014455
v 1.868659 2.376485 -0.0004360000000001455
v 1.870154 2.363927 0.7184239999999998
v 1.842557 2.347994 0.7184239999999998
v 1.896664 1.839747 -0.0004360000000001127
v 1.869067 1.85568 -0.00043600000000011365
v 1.848911 1.871958 0.7184239999999998
v 1.876508 1.856024 0.7184239999999998
v 1.869067 1.823815 -0.0004360000000001117
v 1.896664 1.839747 -0.0004360000000001127
v 1.876508 1.856024 0.7184239999999998
v 1.848911 1.840093 0.7184239999999998
v 1.296828 1.565879 -0.0004360000000000959
v 1.264962 1.565881 -0.0004360000000000959
v 1.264962 1.565881 0.7184239999999998
v 1.296828 1.565879 0.7184239999999998
v 1.280894 1.538284 -0.00043600000000009424
v 1.296828 1.565879 -0.0004360000000000959
v 1.296828 1.565879 0.7184239999999998
v 1.280894 1.538284 0.7184239999999998
v 1.264719 1.839747 -0.0004360000000001127
v 1.292315 1.823814 -0.0004360000000001117
v 1.313988 1.845163 0.7184239999999998
v 1.286392 1.861096 0.7184239999999998
v 1.292316 1.855679 -0.00043600000000011365
v 1.264719 1.839747 -0.0004360000000001127
v 1.286392 1.861096 0.7184239999999998
v 1.313989 1.877029 0.7184239999999998
v 1.28157 1.556716 0.0907129999999999
v 1.28157 1.556716 0.6102569999999999
v 1.28157 1.850397 0.6102569999999999
v 1.28157 1.850397 0.09071299999999989
v 1.28157 1.850398 0.09071299999999989
v 1.28157 1.850398 0.6102569999999999
v 1.28157 1.556717 0.6102569999999999
v 1.28157 1.556716 0.0907129999999999
v 1.565257 1.862787 -0.0004360000000001141
v 1.583535 1.836684 -0.0004360000000001125
v 1.583535 1.836684 1.1489859999999998
v 1.565257 1.862787 1.1489859999999998
v 1.597393 2.351472 -0.000436000000000144
v 1.581459 2.37907 -0.0004360000000001457
v 1.581459 2.37907 0.9664519999999999
v 1.597393 2.351472 0.9664519999999999
v 1.896164 1.850398 0.08732699999999989
v 1.896164 1.850397 0.6068709999999999
v 1.896164 2.367357 0.6068709999999999
v 1.873493 2.367359 0.08640899999999986
v 1.264719 2.376485 -0.0004360000000001455
v 1.292315 2.360551 -0.00043600000000014455
v 1.307675 2.344971 0.7184239999999998
v 1.280079 2.360904 0.7184239999999998
v 1.292316 2.392418 -0.0004360000000001465
v 1.264719 2.376485 -0.0004360000000001455
v 1.280079 2.360904 0.7184239999999998
v 1.307676 2.376837 0.7184239999999998
v 1.873493 2.367357 0.08640899999999986
v 1.896164 2.367357 0.6068709999999999
v 1.896164 1.850397 0.6068709999999999
v 1.896164 1.850398 0.08732699999999989
v 0.787495 2.338285 0.26560999999999985
v 0.787495 2.338285 -0.00044500000000014314
v 0.822264 2.335244 -0.000445000000000143
v 0.822264 2.335244 0.26560999999999985
v 0.598714 2.354715 0.26560999999999985
v 0.598714 2.354715 -0.0004450000000001442
v 0.633485 2.351674 -0.00044500000000014396
v 0.633485 2.351674 0.26560999999999985
v 0.739231 1.787773 0.2656099999999999
v 0.739231 1.787773 -0.0004450000000001094
v 0.774002 1.784729 -0.00044500000000010926
v 0.774002 1.784729 0.2656099999999999
v 0.55045 1.8042 0.2656099999999999
v 0.55045 1.8042 -0.00044500000000011045
v 0.585221 1.801157 -0.00044500000000011024
v 0.585221 1.801157 0.2656099999999999
v 0.832956 2.389418 0.26560999999999985
v 0.598791 2.409904 0.26560999999999985
v 0.54477 1.792442 0.2656099999999999
v 0.778934 1.771954 0.2656099999999999
v 1.17916 2.388672 0.6068719999999999
v 1.179161 2.388672 -0.0004360000000001463
v 0.570013 2.441966 -0.00043600000000014954
v 0.570013 2.441966 0.6068709999999999
v 1.164515 2.070023 -0.00043600000000012677
v 1.164515 2.070023 1.1489859999999998
v 1.134572 2.059124 1.1489859999999998
v 1.134572 2.059124 -0.0004360000000001261
v 1.140104 2.090505 -0.000436000000000128
v 1.140104 2.090505 1.1489869999999998
v 1.164515 2.070023 1.1489859999999998
v 1.164515 2.070023 -0.00043600000000012677
v 0.522519 1.843587 -0.0004360000000001129
v 0.535677 1.852045 0.7184239999999998
v 0.517399 1.825942 0.7184239999999998
v 0.504242 1.817484 -0.0004360000000001113
v 1.150928 1.784608 -0.0004360000000001093
v 1.150928 1.79802 0.7184239999999998
v 1.13265 1.771917 0.7184239999999998
v 1.13265 1.758505 -0.0004360000000001077
v 0.527676 2.131845 -0.00043600000000013056
v 0.527676 2.131845 1.1489859999999998
v 0.55762 2.142745 1.1489859999999998
v 0.55762 2.142745 -0.0004360000000001312
v 0.552087 2.111362 -0.0004360000000001293
v 0.552087 2.111362 1.1489869999999998
v 0.527676 2.131845 1.1489859999999998
v 0.527676 2.131845 -0.00043600000000013056
v 1.147873 1.782008 0.1847899999999999
v 1.198846 2.359945 0.18479099999999987
v 1.198848 2.359945 0.5633999999999999
v 1.147907 1.782005 0.5633999999999999
v 1.169671 2.358281 -0.00043600000000014444
v 1.160968 2.348229 0.7184239999999998
v 1.179245 2.37433 0.7184239999999998
v 1.187948 2.384383 -0.000436000000000146
v 0.541263 2.41726 -0.000436000000000148
v 0.541263 2.41726 0.7184239999999998
v 0.55954 2.443363 0.7184239999999998
v 0.55954 2.443363 -0.00043600000000014965
v 1.17916 2.388672 0.6068719999999999
v 0.570013 2.441966 0.6068709999999999
v 0.570013 2.441966 -0.00043600000000014954
v 1.179161 2.388672 -0.0004360000000001463
v -0.571798 2.415064 -0.0004360000000001479
v -1.180947 2.361771 -0.00043600000000014466
v -1.180946 2.36177 0.6068719999999999
v -0.571798 2.415064 0.6068709999999999
v -1.1663 2.043122 -0.00043600000000012514
v -1.136357 2.032222 -0.00043600000000012444
v -1.136357 2.032222 1.1489859999999998
v -1.1663 2.043122 1.1489859999999998
v -1.14189 2.063604 -0.0004360000000001264
v -1.1663 2.043122 -0.00043600000000012514
v -1.1663 2.043122 1.1489859999999998
v -1.14189 2.063604 1.1489869999999998
v -0.524304 1.816686 -0.00043600000000011127
v -0.506027 1.790583 -0.0004360000000001097
v -0.512981 1.797938 0.7184239999999998
v -0.531258 1.82404 0.7184239999999998
v -1.152713 1.757707 -0.00043600000000010763
v -1.134435 1.731604 -0.00043600000000010606
v -1.130575 1.754511 0.7184239999999998
v -1.148853 1.780614 0.7184239999999998
v -0.529461 2.104944 -0.00043600000000012894
v -0.559405 2.115843 -0.0004360000000001296
v -0.559405 2.115843 1.1489859999999998
v -0.529461 2.104944 1.1489859999999998
v -0.553872 2.084461 -0.00043600000000012764
v -0.529461 2.104944 -0.00043600000000012894
v -0.529461 2.104944 1.1489859999999998
v -0.553872 2.084461 1.1489869999999998
v -1.149658 1.755106 0.1847899999999999
v -1.149693 1.755104 0.5633999999999999
v -1.200633 2.333044 0.5633999999999999
v -1.200632 2.333044 0.18479099999999987
v -0.571798 2.415064 0.31617599999999985
v -0.571798 2.415064 -0.0004360000000001479
v -0.571798 2.415064 0.31617599999999985
v -0.571798 2.415064 0.6068709999999999
v -1.171456 2.331379 -0.00043600000000014276
v -1.189734 2.357482 -0.0004360000000001444
v -1.179432 2.351702 0.7184239999999998
v -1.161155 2.3256 0.7184239999999998
v -0.543048 2.390358 -0.0004360000000001464
v -0.561326 2.416461 -0.00043600000000014797
v -0.574543 2.399309 0.7184239999999998
v -0.556265 2.373205 0.7184239999999998
v -1.037696 1.452417 0.07144699999999991
v -1.014639 1.461282 0.26032499999999986
v -1.024037 1.676528 0.26032499999999986
v -1.047779 1.683351 0.0714469999999999
v -0.496791 1.477793 0.0714469999999999
v -0.520532 1.484616 0.26032499999999986
v -1.014639 1.461282 0.26032499999999986
v -1.037696 1.452417 0.07144699999999991
v -0.506874 1.708728 0.07144699999999989
v -0.529929 1.699861 0.26032499999999986
v -0.520532 1.484616 0.26032499999999986
v -0.496791 1.477793 0.0714469999999999
v -1.047779 1.683351 0.0714469999999999
v -1.024037 1.676528 0.26032499999999986
v -0.529929 1.699861 0.26032499999999986
v -0.506874 1.708728 0.07144699999999989
v -1.024037 1.676528 0.26032499999999986
v -1.014639 1.461282 0.26032499999999986
v -0.520532 1.484616 0.26032499999999986
v -0.529929 1.699861 0.26032499999999986
v -1.756729 0.595377 0.27152199999999993
v -1.756729 0.595377 -0.0004400000000000365
v -1.791498 0.598418 -0.00044000000000003666
v -1.791499 0.598418 0.27152199999999993
v -1.567949 0.578947 0.27152199999999993
v -1.567949 0.578947 -0.00044000000000003547
v -1.602719 0.581988 -0.00044000000000003563
v -1.602719 0.581988 0.27152199999999993
v -1.708465 1.145891 0.27152199999999993
v -1.708465 1.145891 -0.00044000000000007016
v -1.743237 1.148933 -0.0004400000000000704
v -1.743237 1.148933 0.27152199999999993
v -1.519685 1.129462 0.27152199999999993
v -1.519685 1.129462 -0.0004400000000000692
v -1.554456 1.132504 -0.00044000000000006935
v -1.554456 1.132504 0.27152199999999993
v -1.80219 0.544243 0.27152199999999993
v -1.568026 0.523757 0.27152199999999993
v -1.514005 1.141221 0.27152199999999993
v -1.748169 1.161706 0.27152199999999993
v -1.315649 2.287141 -0.00043600000000014005
v -1.345088 2.299337 -0.0004360000000001408
v -1.362525 2.284142 0.7184239999999998
v -1.333085 2.271947 0.7184239999999998
v -1.34093 2.267744 -0.0004360000000001389
v -1.315649 2.287141 -0.00043600000000014005
v -1.333085 2.271947 0.7184239999999998
v -1.358367 2.25255 0.7184239999999998
v -1.240304 1.755691 -0.0004360000000001075
v -1.269743 1.767886 -0.0004360000000001083
v -1.289647 1.779171 0.7184239999999998
v -1.260207 1.766977 0.7184239999999998
v -1.265585 1.736293 -0.00043600000000010633
v -1.240304 1.755691 -0.0004360000000001075
v -1.260207 1.766977 0.7184239999999998
v -1.285489 1.747579 0.7184239999999998
v -1.799261 1.405874 -0.0004360000000000861
v -1.830854 1.401715 -0.00043600000000008584
v -1.830854 1.401715 0.7184239999999998
v -1.799261 1.405874 0.7184239999999998
v -1.811456 1.376433 -0.0004360000000000843
v -1.799261 1.405874 -0.0004360000000000861
v -1.799261 1.405874 0.7184239999999998
v -1.811456 1.376433 0.7184239999999998
v -1.866842 1.673207 -0.0004360000000001025
v -1.837402 1.661011 -0.0004360000000001017
v -1.819166 1.680239 0.7184239999999998
v -1.848606 1.692435 0.7184239999999998
v -1.84156 1.692605 -0.0004360000000001037
v -1.866842 1.673207 -0.0004360000000001025
v -1.848606 1.692435 0.7184239999999998
v -1.823324 1.711833 0.7184239999999998
v -1.813192 1.394796 0.09071299999999992
v -1.813192 1.394796 0.6102569999999999
v -1.851524 1.685963 0.6102569999999999
v -1.851524 1.685963 0.0907129999999999
v -1.851525 1.685966 0.0873269999999999
v -1.851525 1.685966 0.6068709999999999
v -1.813193 1.394798 0.6068709999999999
v -1.813192 1.394798 0.08732699999999992
v -1.571882 1.735277 -0.0004360000000001063
v -1.550354 1.711784 -0.00043600000000010487
v -1.550354 1.711784 1.148986
v -1.571882 1.735277 1.148986
v -1.603808 2.223977 -0.0004360000000001362
v -1.623207 2.249258 -0.0004360000000001378
v -1.623207 2.249258 0.9664519999999999
v -1.603808 2.223977 0.9664519999999999
v -1.242189 1.766186 0.08732699999999989
v -1.242189 1.766185 0.6068709999999999
v -1.309666 2.278724 0.6068709999999999
v -1.309666 2.278724 0.08640899999999986
v -1.9369 2.205354 -0.00043600000000013506
v -1.90746 2.19316 -0.0004360000000001343
v -1.887184 2.178293 0.7184239999999998
v -1.916624 2.190487 0.7184239999999998
v -1.911619 2.224752 -0.00043600000000013626
v -1.9369 2.205354 -0.00043600000000013506
v -1.916624 2.190487 0.7184239999999998
v -1.891343 2.209886 0.7184239999999998
v -1.309666 2.278724 0.08640899999999986
v -1.309666 2.278724 0.6068709999999999
v -1.242189 1.766185 0.6068709999999999
v -1.242189 1.766186 0.08732699999999989
v -2.118572 1.476276 -0.0004540000000000904
v -2.145824 1.49465 -0.0004540000000000915
v -2.145824 1.49465 0.6257479999999999
v -2.118572 1.476276 0.6257479999999999
v -2.149684 1.461128 -0.0004540000000000894
v -2.118572 1.476276 -0.0004540000000000904
v -2.118572 1.476276 0.6257479999999999
v -2.149684 1.461128 0.6257479999999999
v -2.023608 2.268258 -0.00045400000000013886
v -2.05086 2.286631 -0.00045400000000014
v -2.05086 2.286631 0.6257479999999999
v -2.023608 2.268258 0.6257479999999999
v -2.05472 2.25311 -0.00045400000000013794
v -2.023608 2.268258 -0.00045400000000013886
v -2.023608 2.268258 0.6257479999999999
v -2.05472 2.25311 0.6257479999999999
v -2.137254 1.451602 0.6265549999999999
v -2.137254 1.451602 -0.0004540000000000889
v -2.766638 1.486398 -0.000454000000000091
v -2.766638 1.486398 0.6265549999999999
v -2.668322 2.340256 0.6265549999999999
v -2.668322 2.340257 -0.00045400000000014325
v -2.038938 2.305461 -0.00045400000000014114
v -2.038938 2.305461 0.6265549999999999
v -2.668322 2.340256 0.6265549999999999
v -2.766638 1.486398 0.6265549999999999
v -2.766638 1.486398 -0.000454000000000091
v -2.668322 2.340257 -0.00045400000000014325
v -2.668322 2.340256 0.6265549999999999
v -2.038938 2.305461 0.6265549999999999
v -2.038938 2.305461 -0.00045400000000014114
v -2.668322 2.340257 -0.00045400000000014325
v -2.766638 1.486398 0.6265549999999999
v -2.668322 2.340256 0.6265549999999999
v -2.766638 1.486398 -0.000454000000000091
v -2.668322 2.340257 -0.00045400000000014325
v -2.857527 0.610012 0.07144699999999995
v -2.833098 0.613676 0.2603249999999999
v -2.795685 0.825853 0.2603249999999999
v -2.817387 0.837654 0.07144699999999994
v -2.323951 0.517714 0.07144699999999997
v -2.345653 0.529512 0.2603249999999999
v -2.833098 0.613676 0.2603249999999999
v -2.857527 0.610012 0.07144699999999995
v -2.283811 0.745355 0.07144699999999995
v -2.308239 0.741689 0.2603249999999999
v -2.345653 0.529512 0.2603249999999999
v -2.323951 0.517714 0.07144699999999997
v -2.817387 0.837654 0.07144699999999994
v -2.795685 0.825853 0.2603249999999999
v -2.308239 0.741689 0.2603249999999999
v -2.283811 0.745355 0.07144699999999995
v -2.795685 0.825853 0.2603249999999999
v -2.833098 0.613676 0.2603249999999999
v -2.345653 0.529512 0.2603249999999999
v -2.308239 0.741689 0.2603249999999999
v -2.820343 1.409613 0.6068719999999999
v -2.820344 1.409614 -0.00043600000000008633
v -2.211196 1.35632 -0.0004360000000000831
v -2.211196 1.35632 0.6068709999999999
v -2.861253 1.093262 -0.000436000000000067
v -2.833657 1.077328 -0.000436000000000066
v -2.833657 1.077328 1.148986
v -2.861253 1.093262 1.148986
v -2.833657 1.109194 -0.00043600000000006795
v -2.861253 1.093262 -0.000436000000000067
v -2.861253 1.093262 1.148986
v -2.833657 1.109194 1.148987
v -2.26833 0.758786 -0.0004360000000000465
v -2.254864 0.729906 -0.0004360000000000447
v -2.264344 0.740836 0.718424
v -2.277811 0.769715 0.718424
v -2.897434 0.809825 -0.00043600000000004963
v -2.883967 0.780944 -0.00043600000000004784
v -2.874728 0.792068 0.718424
v -2.888196 0.820949 0.718424
v -2.223353 1.04356 -0.00043600000000006394
v -2.25095 1.059493 -0.0004360000000000649
v -2.25095 1.059493 1.148986
v -2.223353 1.04356 1.148986
v -2.250951 1.027627 -0.00043600000000006296
v -2.223353 1.04356 -0.00043600000000006394
v -2.223353 1.04356 1.148986
v -2.250951 1.027627 1.148987
v -2.894877 0.806734 0.18478999999999995
v -2.894912 0.806736 0.5634
v -2.844719 1.384741 0.5633999999999999
v -2.844719 1.384741 0.18479099999999993
v -2.211196 1.35632 -0.0004360000000000831
v -2.820344 1.409614 -0.00043600000000008633
v -2.820343 1.409613 0.6068719999999999
v -2.211196 1.35632 0.6068709999999999
v -2.816276 1.378037 -0.00043600000000008443
v -2.829742 1.406916 -0.00043600000000008617
v -2.823077 1.393375 0.7184239999999998
v -2.80961 1.364496 0.7184239999999998
v -2.187172 1.326997 -0.0004360000000000813
v -2.20064 1.355877 -0.0004360000000000831
v -2.212172 1.341214 0.7184239999999998
v -2.198705 1.312333 0.7184239999999998
v -2.647444 -0.223992 -0.0004359999999999863
v -2.647444 -0.22399199999999997 0.270997
v -2.630748 -0.033150999999999986 0.270997
v -2.630748 -0.033151 -0.000435999999999998
v -2.049328 -0.276321 -0.0004359999999999831
v -2.049328 -0.276321 0.270997
v -2.647444 -0.22399199999999997 0.270997
v -2.647444 -0.223992 -0.0004359999999999863
v -2.032633 -0.085479 -0.00043599999999999477
v -2.032633 -0.08547899999999999 0.270997
v -2.049328 -0.276321 0.270997
v -2.049328 -0.276321 -0.0004359999999999831
v -2.630748 -0.033151 -0.000435999999999998
v -2.630748 -0.033150999999999986 0.270997
v -2.032633 -0.08547899999999999 0.270997
v -2.032633 -0.085479 -0.00043599999999999477
v -2.630748 -0.033150999999999986 0.270997
v -2.647444 -0.22399199999999997 0.270997
v -2.049328 -0.276321 0.270997
v -2.032633 -0.08547899999999999 0.270997
v -2.747494 -0.76156 0.27152200000000004
v -2.747494 -0.76156 -0.0004399999999999534
v -2.744453 -0.72679 -0.0004399999999999555
v -2.744453 -0.72679 0.27152200000000004
v -2.763924 -0.95034 0.27152200000000004
v -2.763924 -0.95034 -0.00043999999999994185
v -2.760882 -0.915569 -0.00043999999999994396
v -2.760882 -0.915569 0.27152200000000004
v -2.196981 -0.809824 0.27152200000000004
v -2.196981 -0.809824 -0.0004399999999999504
v -2.193938 -0.775053 -0.0004399999999999526
v -2.193938 -0.775053 0.27152200000000004
v -2.213409 -0.998605 0.27152200000000004
v -2.213409 -0.998605 -0.00043999999999993887
v -2.210366 -0.963833 -0.000439999999999941
v -2.210366 -0.963833 0.27152200000000004
v -2.798628 -0.716098 0.27152200000000004
v -2.819114 -0.950264 0.27152200000000004
v -2.201651 -1.004284 0.27152200000000004
v -2.181165 -0.77012 0.27152200000000004
v 2.194473 -1.202108 -0.0004359999999999264
v 2.194473 -1.202108 0.27099700000000004
v 2.186117 -1.01072 0.27099700000000004
v 2.186117 -1.010719 -0.0004359999999999381
v 2.794302 -1.175919 -0.00043599999999992804
v 2.794302 -1.175919 0.27099700000000004
v 2.194473 -1.202108 0.27099700000000004
v 2.194473 -1.202108 -0.0004359999999999264
v 2.785945 -0.984531 -0.00043599999999993975
v 2.785945 -0.984531 0.27099700000000004
v 2.794302 -1.175919 0.27099700000000004
v 2.794302 -1.175919 -0.00043599999999992804
v 2.186117 -1.010719 -0.0004359999999999381
v 2.186117 -1.01072 0.27099700000000004
v 2.785945 -0.984531 0.27099700000000004
v 2.785945 -0.984531 -0.00043599999999993975
v 2.186117 -1.01072 0.27099700000000004
v 2.194473 -1.202108 0.27099700000000004
v 2.794302 -1.175919 0.27099700000000004
v 2.785945 -0.984531 0.27099700000000004
v -1.949801 -2.125787 -0.00043599999999986987
v -1.949801 -2.125787 0.2709970000000001
v -1.933105 -2.316628 0.27099700000000015
v -1.933105 -2.316628 -0.00043599999999985816
v -2.547918 -2.178115 -0.00043599999999986667
v -2.547918 -2.178115 0.2709970000000001
v -1.949801 -2.125787 0.2709970000000001
v -1.949801 -2.125787 -0.00043599999999986987
v -2.53122 -2.368956 -0.00043599999999985496
v -2.53122 -2.368956 0.27099700000000015
v -2.547918 -2.178115 0.2709970000000001
v -2.547918 -2.178115 -0.00043599999999986667
v -1.933105 -2.316628 -0.00043599999999985816
v -1.933105 -2.316628 0.27099700000000015
v -2.53122 -2.368956 0.27099700000000015
v -2.53122 -2.368956 -0.00043599999999985496
v -1.933105 -2.316628 0.27099700000000015
v -1.949801 -2.125787 0.2709970000000001
v -2.547918 -2.178115 0.2709970000000001
v -2.53122 -2.368956 0.27099700000000015
v -2.920243 -0.879984 0.08535200000000005
v -2.880599 -0.426909 0.08535200000000003
v -2.880599 -0.426909 0.08547500000000002
v -2.920243 -0.879984 0.08547500000000005
v -2.154986 -0.945736 0.08548400000000006
v -2.154986 -0.945736 0.5194170000000001
v -2.115342 -0.49266099999999996 0.519417
v -2.115342 -0.492661 0.08548400000000003
v -2.115342 -0.492661 0.08548400000000003
v -2.115342 -0.49266099999999996 0.519417
v -2.154986 -0.945736 0.5194170000000001
v -2.154986 -0.945736 0.08548400000000006
v -2.880599 -0.426909 0.08547500000000002
v -2.880599 -0.4269089999999999 0.519417
v -2.920243 -0.879984 0.519417
v -2.920243 -0.879984 0.08547500000000005
v -2.920243 -0.879984 0.08547500000000005
v -2.920243 -0.879984 0.519417
v -2.880599 -0.4269089999999999 0.519417
v -2.880599 -0.426909 0.08547500000000002
v -2.152369 -0.945006 -0.00045399999999994213
v -2.168113 -0.918555 0.7662370000000001
v -2.187289 -0.946185 0.7662370000000001
v -2.171544 -0.972637 -0.0004539999999999404
v -2.89083 -0.880387 -0.0004539999999999461
v -2.861685 -0.857357 0.766237
v -2.881125 -0.884969 0.766237
v -2.910271 -0.907999 -0.00045399999999994436
v -2.885158 -0.427458 -0.0004539999999999738
v -2.866471 -0.45031299999999996 0.9367
v -2.847126 -0.42277999999999993 0.9367
v -2.865811 -0.399925 -0.0004539999999999755
v -2.146434 -0.49209 -0.00045399999999996984
v -2.172232 -0.5099159999999999 0.940742
v -2.152885 -0.48221299999999995 0.940742
v -2.127088 -0.464386 -0.0004539999999999715
v -1.942087 -1.689753 0.0714470000000001
v -1.950953 -1.666697 0.2603250000000001
v -2.166198 -1.676095 0.2603250000000001
v -2.173021 -1.699836 0.07144700000000011
v -1.967464 -1.148848 0.07144700000000007
v -1.974286 -1.17259 0.26032500000000003
v -1.950953 -1.666697 0.2603250000000001
v -1.942087 -1.689753 0.0714470000000001
v -2.198398 -1.158931 0.07144700000000007
v -2.189531 -1.181987 0.26032500000000003
v -1.974286 -1.17259 0.26032500000000003
v -1.967464 -1.148848 0.07144700000000007
v -2.173021 -1.699836 0.07144700000000011
v -2.166198 -1.676095 0.2603250000000001
v -2.189531 -1.181987 0.26032500000000003
v -2.198398 -1.158931 0.07144700000000007
v -2.166198 -1.676095 0.2603250000000001
v -1.950953 -1.666697 0.2603250000000001
v -1.974286 -1.17259 0.26032500000000003
v -2.189531 -1.181987 0.26032500000000003
v -2.920557 -1.078329 -0.000435999999999934
v -2.920557 -1.078329 0.27099700000000004
v -2.499927 -1.04153 0.27099700000000004
v -2.499927 -1.04153 -0.0004359999999999363
v -2.863972 -1.725082 -0.00043599999999989437
v -2.863972 -1.725082 0.2709970000000001
v -2.920557 -1.078329 0.27099700000000004
v -2.920557 -1.078329 -0.000435999999999934
v -2.443343 -1.688282 -0.00043599999999989665
v -2.443343 -1.688282 0.2709970000000001
v -2.863972 -1.725082 0.2709970000000001
v -2.863972 -1.725082 -0.00043599999999989437
v -2.499927 -1.04153 -0.0004359999999999363
v -2.499927 -1.04153 0.27099700000000004
v -2.443343 -1.688282 0.2709970000000001
v -2.443343 -1.688282 -0.00043599999999989665
v -2.499927 -1.04153 0.27099700000000004
v -2.920557 -1.078329 0.27099700000000004
v -2.863972 -1.725082 0.2709970000000001
v -2.443343 -1.688282 0.2709970000000001
v -2.86643 -1.750469 0.09154000000000011
v -2.438212 -1.713009 0.09154000000000011
v -2.438212 -1.713008 0.5634000000000001
v -2.86643 -1.750468 0.5634000000000001
v -2.928661 -1.052124 0.08477300000000007
v -2.500442 -1.014664 0.08477300000000006
v -2.500442 -1.014664 0.5634000000000001
v -2.928661 -1.052125 0.5634000000000001
v -2.86643 -1.750471 0.09154000000000011
v -2.86643 -1.750471 0.5634000000000001
v -2.438212 -1.71301 0.5634000000000001
v -2.438213 -1.713011 0.09154000000000011
v -2.928661 -1.052126 0.08477300000000007
v -2.928661 -1.052126 0.5634000000000001
v -2.500443 -1.014665 0.5634000000000001
v -2.500443 -1.014665 0.08477300000000006
v -2.894646 -1.740063 -0.0004359999999998935
v -2.875551 -1.717877 0.7966780000000001
v -2.849451 -1.699599 0.7966780000000001
v -2.868546 -1.721786 -0.0004359999999998946
v -2.865783 -1.753376 -0.00043599999999989264
v -2.846687 -1.731192 0.7966780000000001
v -2.875551 -1.717877 0.7966780000000001
v -2.894646 -1.740063 -0.0004359999999998935
v -2.95356 -1.066598 -0.0004359999999999347
v -2.928895 -1.082656 0.7966780000000001
v -2.902787 -1.06439 0.7966780000000001
v -2.927453 -1.048332 -0.00043599999999993584
v -2.924667 -1.080161 -0.0004359999999999339
v -2.900002 -1.09622 0.7966780000000001
v -2.928895 -1.082656 0.7966780000000001
v -2.95356 -1.066598 -0.0004359999999999347
v -2.47336 -1.024593 -0.0004359999999999373
v -2.491231 -1.0386 0.9577890000000001
v -2.517264 -1.056776 0.9577890000000001
v -2.499393 -1.042768 -0.00043599999999993617
v -2.502163 -1.011106 -0.0004359999999999381
v -2.520034 -1.025114 0.9577890000000001
v -2.491231 -1.0386 0.9577890000000001
v -2.47336 -1.024593 -0.0004359999999999373
v -2.414283 -1.698028 -0.00043599999999989605
v -2.427666 -1.679109 0.9616090000000002
v -2.453835 -1.697546 0.9616090000000002
v -2.440452 -1.716466 -0.0004359999999998949
v -2.443243 -1.684568 -0.00043599999999989687
v -2.456626 -1.665648 0.9616090000000002
v -2.427666 -1.679109 0.9616090000000002
v -2.414283 -1.698028 -0.00043599999999989605
v -2.619953 -2.436853 0.6068720000000001
v -2.619954 -2.436854 -0.0004359999999998508
v -2.010806 -2.38356 -0.0004359999999998541
v -2.010806 -2.38356 0.6068710000000002
v -2.660863 -2.120502 -0.0004359999999998702
v -2.660863 -2.120502 1.1489860000000003
v -2.633267 -2.104569 1.1489860000000003
v -2.633267 -2.104569 -0.00043599999999987117
v -2.633266 -2.136435 -0.0004359999999998692
v -2.633266 -2.136435 1.1489870000000002
v -2.660863 -2.120502 1.1489860000000003
v -2.660863 -2.120502 -0.0004359999999998702
v -2.06794 -1.786025 -0.0004359999999998907
v -2.06794 -1.794878 0.7503990000000001
v -2.054473 -1.765998 0.7503990000000001
v -2.054473 -1.757145 -0.0004359999999998924
v -2.697044 -1.837065 -0.00043599999999988754
v -2.691558 -1.859775 0.7394750000000001
v -2.678091 -1.830894 0.7394750000000001
v -2.683577 -1.808184 -0.00043599999999988933
v -2.022964 -2.0708 -0.00043599999999987323
v -2.022963 -2.0708 1.1489860000000003
v -2.05056 -2.086733 1.1489860000000003
v -2.05056 -2.086733 -0.00043599999999987225
v -2.05056 -2.054867 -0.0004359999999998742
v -2.05056 -2.054867 1.1489870000000002
v -2.022963 -2.0708 1.1489860000000003
v -2.022964 -2.0708 -0.00043599999999987323
v -2.694487 -1.833972 0.18479000000000012
v -2.644329 -2.411981 0.18479100000000015
v -2.64433 -2.411982 0.5634000000000001
v -2.694521 -1.833976 0.5634000000000001
v -2.615885 -2.405277 -0.00043599999999985274
v -2.605088 -2.394566 0.7184240000000001
v -2.618555 -2.423446 0.7184240000000001
v -2.629352 -2.434156 -0.000435999999999851
v -1.986782 -2.354237 -0.0004359999999998559
v -1.998072 -2.342129 0.7184240000000001
v -2.01154 -2.37101 0.7184240000000001
v -2.00025 -2.383117 -0.0004359999999998541
v -2.619953 -2.436853 0.6068720000000001
v -2.010806 -2.38356 0.6068710000000002
v -2.010806 -2.38356 -0.0004359999999998541
v -2.619954 -2.436854 -0.0004359999999998508
v -0.379122 -2.263247 -0.00043599999999986147
v -0.379122 -2.263247 0.2709970000000001
v -0.801358 -2.263246 0.2709970000000001
v -0.801358 -2.263246 -0.00043599999999986147
v -0.379122 -1.614023 -0.0004359999999999012
v -0.379122 -1.614023 0.2709970000000001
v -0.379122 -2.263247 0.2709970000000001
v -0.379122 -2.263247 -0.00043599999999986147
v -0.801358 -1.614023 -0.0004359999999999012
v -0.801358 -1.614023 0.2709970000000001
v -0.379122 -1.614023 0.2709970000000001
v -0.379122 -1.614023 -0.0004359999999999012
v -0.801358 -2.263246 -0.00043599999999986147
v -0.801358 -2.263246 0.2709970000000001
v -0.801358 -1.614023 0.2709970000000001
v -0.801358 -1.614023 -0.0004359999999999012
v -0.801358 -2.263246 0.2709970000000001
v -0.379122 -2.263247 0.2709970000000001
v -0.379122 -1.614023 0.2709970000000001
v -0.801358 -1.614023 0.2709970000000001
v -0.373332 -2.290057 0.08477300000000014
v -0.803186 -2.290054 0.08477300000000014
v -0.803186 -2.290054 0.5634000000000001
v -0.373332 -2.290057 0.5634000000000001
v -0.373332 -2.290056 0.08477300000000014
v -0.373332 -2.290056 0.5634000000000001
v -0.803185 -2.290053 0.5634000000000001
v -0.803185 -2.290053 0.08477300000000014
v -0.347259 -1.601772 -0.00043599999999990196
v -0.367081 -1.618014 0.7966780000000001
v -0.394675 -1.633948 0.7966780000000001
v -0.374853 -1.617705 -0.000435999999999901
v -0.374853 -1.585994 -0.00043599999999990294
v -0.394675 -1.602234 0.7966780000000001
v -0.367081 -1.618014 0.7966780000000001
v -0.347259 -1.601772 -0.00043599999999990196
v -0.347266 -2.277809 -0.00043599999999986054
v -0.370579 -2.2661 0.7966780000000001
v -0.39818 -2.282021 0.7966780000000001
v -0.374866 -2.29373 -0.00043599999999985957
v -0.374867 -2.261779 -0.0004359999999998615
v -0.39818 -2.25007 0.7966780000000001
v -0.370579 -2.2661 0.7966780000000001
v -0.347266 -2.277809 -0.00043599999999986054
v -0.8293 -2.277802 -0.00043599999999986054
v -0.809929 -2.2558 0.9577890000000001
v -0.782411 -2.239963 0.9577890000000001
v -0.801782 -2.261965 -0.0004359999999998615
v -0.801782 -2.293747 -0.00043599999999985957
v -0.782411 -2.271745 0.9577890000000001
v -0.809929 -2.2558 0.9577890000000001
v -0.8293 -2.277802 -0.00043599999999986054
v -0.829458 -1.60178 -0.00043599999999990196
v -0.812642 -1.613282 0.9616090000000002
v -0.784965 -1.597196 0.9616090000000002
v -0.801782 -1.585693 -0.00043599999999990294
v -0.801781 -1.617713 -0.000435999999999901
v -0.784965 -1.629216 0.9616090000000002
v -0.812642 -1.613282 0.9616090000000002
v -0.829458 -1.60178 -0.00043599999999990196
v 0.336116 -2.350029 -0.00043599999999985615
v 0.313969 -2.337147 0.7184240000000001
v 0.285704 -2.351861 0.7184240000000001
v 0.307851 -2.364743 -0.00043599999999985523
v 0.30924 -2.332908 -0.0004359999999998572
v 0.287093 -2.320026 0.7184240000000001
v 0.313969 -2.337147 0.7184240000000001
v 0.336116 -2.350029 -0.00043599999999985615
v 0.364856 -1.814034 -0.00043599999999988895
v 0.344496 -1.826304 0.7184240000000001
v 0.316231 -1.841019 0.7184240000000001
v 0.336591 -1.828748 -0.00043599999999988803
v 0.33798 -1.796913 -0.00043599999999989
v 0.31762 -1.809183 0.7184240000000001
v 0.344496 -1.826304 0.7184240000000001
v 0.364856 -1.814034 -0.00043599999999988895
v -0.222463 -1.514263 -0.00043599999999990733
v -0.222463 -1.514263 0.7184240000000001
v -0.254298 -1.512874 0.7184240000000001
v -0.254298 -1.512874 -0.0004359999999999074
v -0.237178 -1.485998 -0.00043599999999990906
v -0.237178 -1.485998 0.7184240000000001
v -0.222463 -1.514263 0.7184240000000001
v -0.222463 -1.514263 -0.00043599999999990733
v -0.266487 -1.786469 -0.00043599999999989063
v -0.243389 -1.804433 0.7184240000000001
v -0.215124 -1.789719 0.7184240000000001
v -0.238223 -1.771755 -0.00043599999999989155
v -0.239612 -1.80359 -0.0004359999999998896
v -0.216513 -1.821554 0.7184240000000001
v -0.243389 -1.804433 0.7184240000000001
v -0.266487 -1.786469 -0.00043599999999989063
v -0.237307 -1.504444 0.3444730000000001
v -0.237307 -1.504443 0.6068710000000002
v -0.250117 -1.797845 0.6068710000000002
v -0.250117 -1.797845 0.3584960000000001
v -0.237307 -1.504443 0.0873270000000001
v -0.237307 -1.504443 0.3444730000000001
v -0.250117 -1.797845 0.3584960000000001
v -0.250117 -1.797845 0.08732700000000011
v 0.03276 -1.822596 -0.0004359999999998884
v 0.03276 -1.822596 1.1489860000000003
v 0.052158 -1.797316 1.148986
v 0.052158 -1.797316 -0.00043599999999989
v 0.043548 -2.312219 -0.00043599999999985843
v 0.043548 -2.312219 0.9664520000000001
v 0.026426 -2.339094 0.9664520000000001
v 0.026426 -2.339094 -0.0004359999999998568
v 0.313502 -2.362041 0.18479000000000015
v -0.266107 -2.336326 0.18479000000000015
v -0.26611 -2.336394 0.5634000000000001
v 0.313511 -2.361845 0.5634000000000001
v -0.266107 -2.336326 0.18479000000000015
v 0.313502 -2.362041 0.18479000000000015
v 0.313511 -2.361845 0.5634000000000001
v -0.266107 -2.336326 0.5634000000000001
v -0.2899 -2.322697 -0.0004359999999998578
v -0.272273 -2.308194 0.7184240000000001
v -0.244009 -2.293479 0.7184240000000001
v -0.261635 -2.307982 -0.0004359999999998587
v -0.263024 -2.339818 -0.00043599999999985675
v -0.245398 -2.325315 0.7184240000000001
v -0.272273 -2.308194 0.7184240000000001
v -0.2899 -2.322697 -0.0004359999999998578
v 0.341343 -2.341119 0.6068710000000002
v 0.341343 -2.341119 0.08732700000000014
v 0.363892 -1.82465 0.08640900000000011
v 0.363892 -1.82465 0.6068710000000002
v 0.363892 -1.82465 0.6068710000000002
v 0.363892 -1.824651 0.08640900000000011
v 0.341343 -2.341119 0.08732700000000014
v 0.341343 -2.341119 0.6068710000000002
v 1.036136 -2.420695 -0.0004359999999998518
v 1.036136 -2.420694 0.6068720000000001
v 1.062807 -1.809802 0.6068710000000002
v 1.062807 -1.809802 -0.0004359999999998892
v 0.71715 -2.419962 -0.00043599999999985187
v 0.721466 -2.41189 1.1489860000000003
v 0.709272 -2.382451 1.1489860000000003
v 0.704956 -2.390522 -0.00043599999999985366
v 0.736549 -2.394681 -0.0004359999999998534
v 0.740865 -2.38661 1.1489870000000002
v 0.721466 -2.41189 1.1489860000000003
v 0.71715 -2.419962 -0.00043599999999985187
v 0.462927 -1.788453 -0.0004359999999998905
v 0.471597 -1.799529 0.7184240000000001
v 0.444722 -1.782408 0.7184240000000001
v 0.436051 -1.771332 -0.00043599999999989155
v 0.431416 -2.418838 -0.0004359999999998519
v 0.440297 -2.410192 0.7184240000000001
v 0.413421 -2.393071 0.7184240000000001
v 0.404539 -2.401716 -0.00043599999999985295
v 0.751136 -1.781032 -0.00043599999999989096
v 0.751136 -1.788602 1.148986
v 0.76333 -1.818042 1.1489860000000003
v 0.76333 -1.810472 -0.00043599999999988917
v 0.731737 -1.806314 -0.00043599999999988944
v 0.731737 -1.813883 1.1489870000000002
v 0.751136 -1.788602 1.148986
v 0.751136 -1.781032 -0.00043599999999989096
v 0.428684 -2.415899 0.18479000000000015
v 1.008294 -2.441615 0.18479100000000015
v 1.008294 -2.441615 0.5634000000000001
v 0.428683 -2.415934 0.5634000000000001
v 1.00536 -2.412539 -0.0004359999999998523
v 0.987291 -2.400368 0.7453220000000002
v 1.014166 -2.417489 0.7453220000000002
v 1.032235 -2.429661 -0.0004359999999998513
v 1.036871 -1.782156 -0.0004359999999998909
v 1.023819 -1.790804 0.7184240000000001
v 1.050695 -1.807927 0.7184240000000001
v 1.063746 -1.799278 -0.00043599999999988987
v 1.062807 -1.809802 -0.0004359999999998892
v 1.062807 -1.809802 0.6068710000000002
v 1.036136 -2.420694 0.6068720000000001
v 1.036136 -2.420695 -0.0004359999999998518
v 1.08389 -1.469224 0.07144700000000008
v 1.060469 -1.477075 0.2603250000000001
v 1.060469 -1.692526 0.2603250000000001
v 1.08389 -1.700378 0.07144700000000011
v 0.542393 -1.470983 0.07144700000000008
v 0.565814 -1.478834 0.2603250000000001
v 1.060469 -1.477075 0.2603250000000001
v 1.08389 -1.469224 0.07144700000000008
v 0.542393 -1.702137 0.07144700000000011
v 0.565813 -1.694284 0.2603250000000001
v 0.565814 -1.478834 0.2603250000000001
v 0.542393 -1.470983 0.07144700000000008
v 1.08389 -1.700378 0.07144700000000011
v 1.060469 -1.692526 0.2603250000000001
v 0.565813 -1.694284 0.2603250000000001
v 0.542393 -1.702137 0.07144700000000011
v 1.060469 -1.692526 0.2603250000000001
v 1.060469 -1.477075 0.2603250000000001
v 0.565814 -1.478834 0.2603250000000001
v 0.565813 -1.694284 0.2603250000000001
v 1.200059 -2.309016 -0.00043599999999985865
v 1.200059 -2.312535 0.27099700000000015
v 1.16326 -1.891905 0.2709970000000001
v 1.16326 -1.891905 -0.0004359999999998842
v 1.814456 -2.271541 -0.0004359999999998609
v 1.813514 -2.255951 0.2709970000000001
v 1.200059 -2.312535 0.27099700000000015
v 1.200059 -2.309016 -0.00043599999999985865
v 1.776714 -1.835323 -0.00043599999999988765
v 1.776714 -1.835323 0.2709970000000001
v 1.813514 -2.255951 0.2709970000000001
v 1.814456 -2.271541 -0.0004359999999998609
v 1.16326 -1.891905 -0.0004359999999998842
v 1.16326 -1.891905 0.2709970000000001
v 1.776714 -1.835323 0.2709970000000001
v 1.776714 -1.835323 -0.00043599999999988765
v 1.16326 -1.891905 0.2709970000000001
v 1.200059 -2.312535 0.27099700000000015
v 1.813514 -2.255951 0.2709970000000001
v 1.776714 -1.835323 0.2709970000000001
v 1.173855 -2.320641 0.08477300000000014
v 1.136394 -1.892421 0.08477300000000011
v 1.122402 -1.892421 0.5634000000000001
v 1.159862 -2.320641 0.5634000000000001
v 1.173856 -2.32064 0.08477300000000014
v 1.159864 -2.32064 0.5634000000000001
v 1.122403 -1.892422 0.5634000000000001
v 1.136396 -1.892422 0.08477300000000011
v 1.828496 -2.286625 -0.00043599999999986
v 1.835562 -2.272577 0.7966780000000001
v 1.817284 -2.246477 0.7966780000000001
v 1.810218 -2.260525 -0.00043599999999986163
v 1.841808 -2.257761 -0.0004359999999998618
v 1.848876 -2.243713 0.7966780000000001
v 1.835562 -2.272577 0.7966780000000001
v 1.828496 -2.286625 -0.00043599999999986
v 1.188328 -2.331037 -0.0004359999999998573
v 1.190055 -2.325636 0.7966780000000001
v 1.171789 -2.299529 0.7966780000000001
v 1.170062 -2.30493 -0.00043599999999985886
v 1.201892 -2.302144 -0.0004359999999998591
v 1.203619 -2.296744 0.7966780000000001
v 1.190055 -2.325636 0.7966780000000001
v 1.188328 -2.331037 -0.0004359999999998573
v 1.146324 -1.865339 -0.0004359999999998858
v 1.150354 -1.88346 0.9577890000000001
v 1.168528 -1.909492 0.9577890000000001
v 1.164499 -1.891372 -0.00043599999999988423
v 1.132837 -1.894142 -0.000435999999999884
v 1.136867 -1.912262 0.9577890000000001
v 1.150354 -1.88346 0.9577890000000001
v 1.146324 -1.865339 -0.0004359999999998858
v 1.786461 -1.806262 -0.00043599999999988944
v 1.785104 -1.828609 0.9616090000000002
v 1.803542 -1.854779 0.9616090000000002
v 1.804898 -1.832431 -0.0004359999999998878
v 1.773001 -1.835222 -0.00043599999999988765
v 1.771644 -1.857569 0.9616090000000002
v 1.785104 -1.828609 0.9616090000000002
v 1.786461 -1.806262 -0.00043599999999988944
v 2.944436 2.291389 -0.00045400000000014027
v 2.919742 2.314557 0.3992029999999998
v 2.795542 2.314557 0.3992029999999998
v 2.770848 2.291389 -0.00045400000000014027
v 2.944436 2.454236 -0.00045400000000015025
v 2.919742 2.431068 0.3992029999999998
v 2.919742 2.314557 0.3992029999999998
v 2.944436 2.291389 -0.00045400000000014027
v 2.770848 2.454236 -0.00045400000000015025
v 2.795542 2.431068 0.3992029999999998
v 2.919742 2.431068 0.3992029999999998
v 2.944436 2.454236 -0.00045400000000015025
v 2.770848 2.291389 -0.00045400000000014027
v 2.795542 2.314557 0.3992029999999998
v 2.795542 2.431068 0.3992029999999998
v 2.770848 2.454236 -0.00045400000000015025
v 2.795542 2.314557 0.3992029999999998
v 2.919742 2.314557 0.3992029999999998
v 2.919742 2.431068 0.3992029999999998
v 2.795542 2.431068 0.3992029999999998
v -2.991086 2.454237 -0.00045400000000015025
v -2.966391 2.431069 0.3992029999999998
v -2.842192 2.431069 0.3992029999999998
v -2.817498 2.454237 -0.00045400000000015025
v -2.991086 2.291391 -0.00045400000000014027
v -2.966391 2.314559 0.3992029999999998
v -2.966391 2.431069 0.3992029999999998
v -2.991086 2.454237 -0.00045400000000015025
v -2.817498 2.291391 -0.00045400000000014027
v -2.842192 2.314559 0.3992029999999998
v -2.966391 2.314559 0.3992029999999998
v -2.991086 2.291391 -0.00045400000000014027
v -2.817498 2.454237 -0.00045400000000015025
v -2.842192 2.431069 0.3992029999999998
v -2.842192 2.314559 0.3992029999999998
v -2.817498 2.291391 -0.00045400000000014027
v -2.842192 2.431069 0.3992029999999998
v -2.966391 2.431069 0.3992029999999998
v -2.966391 2.314559 0.3992029999999998
v -2.842192 2.314559 0.3992029999999998
v 2.939064 -2.289907 -0.00045399999999985973
v 2.915896 -2.314603 0.39920300000000014
v 2.915896 -2.438801 0.39920300000000014
v 2.939064 -2.463496 -0.0004539999999998491
v 2.776218 -2.289907 -0.00045399999999985973
v 2.799385 -2.314603 0.39920300000000014
v 2.915896 -2.314603 0.39920300000000014
v 2.939064 -2.289907 -0.00045399999999985973
v 2.776218 -2.463496 -0.0004539999999998491
v 2.799385 -2.438801 0.39920300000000014
v 2.799385 -2.314603 0.39920300000000014
v 2.776218 -2.289907 -0.00045399999999985973
v 2.939064 -2.463496 -0.0004539999999998491
v 2.915896 -2.438801 0.39920300000000014
v 2.799385 -2.438801 0.39920300000000014
v 2.776218 -2.463496 -0.0004539999999998491
v 2.915896 -2.438801 0.39920300000000014
v 2.915896 -2.314603 0.39920300000000014
v 2.799385 -2.314603 0.39920300000000014
v 2.799385 -2.438801 0.39920300000000014
v 2.864259 -2.357604 0.38116400000000017
v 2.864259 -2.357604 2.651126
v 2.874461 -2.395678 2.651126
v 2.874461 -2.395679 0.38116400000000017
v 2.836387 -2.385476 0.38116400000000017
v 2.836387 -2.385476 2.651126
v 2.864259 -2.357604 2.651126
v 2.864259 -2.357604 0.38116400000000017
v -2.817496 -2.458126 -0.00045399999999984944
v -2.842192 -2.434958 0.39920300000000014
v -2.96639 -2.434958 0.39920300000000014
v -2.991085 -2.458126 -0.00045399999999984944
v -2.817496 -2.29528 -0.0004539999999998594
v -2.842192 -2.318447 0.39920300000000014
v -2.842192 -2.434958 0.39920300000000014
v -2.817496 -2.458126 -0.00045399999999984944
v -2.991085 -2.29528 -0.0004539999999998594
v -2.96639 -2.318447 0.39920300000000014
v -2.842192 -2.318447 0.39920300000000014
v -2.817496 -2.29528 -0.0004539999999998594
v -2.991085 -2.458126 -0.00045399999999984944
v -2.96639 -2.434958 0.39920300000000014
v -2.96639 -2.318447 0.39920300000000014
v -2.991085 -2.29528 -0.0004539999999998594
v -2.96639 -2.434958 0.39920300000000014
v -2.842192 -2.434958 0.39920300000000014
v -2.842192 -2.318447 0.39920300000000014
v -2.96639 -2.318447 0.39920300000000014
v -2.897674 -2.357604 0.38116400000000017
v -2.897674 -2.357604 2.651126
v -2.887472 -2.395678 2.651126
v -2.887472 -2.395679 0.38116400000000017
v -2.925546 -2.385476 0.38116400000000017
v -2.925546 -2.385476 2.651126
v -2.897674 -2.357604 2.651126
v -2.897674 -2.357604 0.38116400000000017
v 2.864259 2.391911 0.38116399999999984
v 2.864259 2.391911 2.651126
v 2.874461 2.353837 2.651126
v 2.874461 2.353837 0.38116399999999984
v 2.836387 2.364039 0.38116399999999984
v 2.836387 2.364039 2.651126
v 2.864259 2.391911 2.651126
v 2.864259 2.391911 0.38116399999999984
v -2.897674 2.391911 0.38116399999999984
v -2.897674 2.391911 2.651126
v -2.887472 2.353837 2.651126
v -2.887472 2.353837 0.38116399999999984
v -2.925546 2.364039 0.38116399999999984
v -2.925546 2.364039 2.651126
v -2.897674 2.391911 2.651126
v -2.897674 2.391911 0.38116399999999984
v 2.79992 -1.844101 -0.0004359999999998871
v 2.786122 -1.865414 0.7184240000000001
v 2.798316 -1.894854 0.7184240000000001
v 2.812115 -1.873541 -0.0004359999999998853
v 2.780521 -1.869383 -0.00043599999999988554
v 2.766723 -1.890696 0.7184240000000001
v 2.786122 -1.865414 0.7184240000000001
v 2.79992 -1.844101 -0.0004359999999998871
v 2.268469 -1.768756 -0.0004359999999998917
v 2.276046 -1.788614 0.7184240000000001
v 2.288241 -1.818054 0.7184240000000001
v 2.280664 -1.798196 -0.0004359999999998899
v 2.249071 -1.794037 -0.0004359999999998902
v 2.256648 -1.813895 0.7184240000000001
v 2.276046 -1.788614 0.7184240000000001
v 2.268469 -1.768756 -0.0004359999999998917
v 1.918651 -2.327713 -0.0004359999999998575
v 1.918651 -2.327713 0.7184240000000001
v 1.914492 -2.359306 0.7184240000000001
v 1.914492 -2.359306 -0.00043599999999985556
v 1.889211 -2.339909 -0.00043599999999985675
v 1.889211 -2.339909 0.7184240000000001
v 1.918651 -2.327713 0.7184240000000001
v 1.918651 -2.327713 -0.0004359999999998575
v 2.185985 -2.395294 -0.00043599999999985333
v 2.20239 -2.37651 0.7184240000000001
v 2.190195 -2.34707 0.7184240000000001
v 2.17379 -2.365854 -0.0004359999999998552
v 2.205383 -2.370013 -0.0004359999999998549
v 2.221788 -2.351228 0.7184240000000001
v 2.20239 -2.37651 0.7184240000000001
v 2.185985 -2.395294 -0.00043599999999985333
v 1.907254 -2.344262 0.6102570000000002
v 1.907254 -2.344262 0.09071300000000014
v 2.199064 -2.377361 0.09071300000000014
v 2.199064 -2.377361 0.6102570000000002
v 2.198744 -2.379978 0.6068710000000002
v 2.198744 -2.379978 0.08732700000000015
v 1.907575 -2.341644 0.08732700000000014
v 1.907575 -2.341645 0.6068710000000002
v 2.248055 -2.100335 -0.00043599999999987144
v 2.248055 -2.100335 1.1489860000000003
v 2.224561 -2.078806 1.1489860000000003
v 2.224561 -2.078806 -0.00043599999999987274
v 2.736755 -2.132261 -0.0004359999999998695
v 2.736755 -2.132261 0.9664520000000001
v 2.762035 -2.151659 0.9664520000000001
v 2.762035 -2.151659 -0.0004359999999998683
v 2.809916 -1.867676 0.18479000000000012
v 2.733782 -2.442838 0.18479000000000015
v 2.73385 -2.442847 0.5634000000000001
v 2.809721 -1.867651 0.5634000000000001
v 2.733782 -2.442838 0.18479000000000015
v 2.809916 -1.867676 0.18479000000000012
v 2.809721 -1.867651 0.5634000000000001
v 2.733782 -2.442838 0.5634000000000001
v 2.718131 -2.465353 -0.00043599999999984905
v 2.710455 -2.445524 0.7184240000000001
v 2.69826 -2.416083 0.7184240000000001
v 2.705936 -2.435913 -0.0004359999999998509
v 2.737529 -2.440071 -0.0004359999999998506
v 2.729853 -2.420242 0.7184240000000001
v 2.710455 -2.445524 0.7184240000000001
v 2.718131 -2.465353 -0.00043599999999984905
v 2.791502 -1.838118 0.6068710000000002
v 2.278964 -1.770641 0.6068710000000002
v 2.278964 -1.770641 0.08732700000000011
v 2.791502 -1.838118 0.08640900000000011
v 2.791502 -1.838118 0.6068710000000002
v 2.791501 -1.838118 0.08640900000000011
v 2.278964 -1.770641 0.08732700000000011
v 2.278964 -1.770641 0.6068710000000002
v 1.559965 -1.556789 0.2715220000000001
v 1.559965 -1.556789 -0.0004399999999999047
v 1.525063 -1.556789 -0.0004399999999999047
v 1.525063 -1.556789 0.2715220000000001
v 1.749459 -1.556703 0.2715220000000001
v 1.749459 -1.556703 -0.0004399999999999047
v 1.714556 -1.556704 -0.0004399999999999047
v 1.714556 -1.556704 0.2715220000000001
v 1.560065 -1.004164 0.27152200000000004
v 1.560065 -1.004164 -0.00043999999999993854
v 1.525161 -1.004164 -0.00043999999999993854
v 1.525161 -1.004164 0.27152200000000004
v 1.749559 -1.004076 0.27152200000000004
v 1.749559 -1.004076 -0.00043999999999993854
v 1.714655 -1.004075 -0.00043999999999993854
v 1.714655 -1.004075 0.27152200000000004
v 1.519134 -1.61169 0.2715220000000001
v 1.754193 -1.61169 0.2715220000000001
v 1.754193 -0.991868 0.27152200000000004
v 1.519135 -0.991868 0.27152200000000004
v 2.805604 -1.650512 -0.000435999999999899
v 2.805603 -1.650512 0.6068720000000001
v 2.194711 -1.677183 0.6068710000000002
v 2.194711 -1.677183 -0.00043599999999989735
v 2.804871 -1.331526 -0.0004359999999999185
v 2.775432 -1.319332 -0.00043599999999991925
v 2.775432 -1.319332 1.148986
v 2.804871 -1.331526 1.148986
v 2.77959 -1.350925 -0.0004359999999999173
v 2.804871 -1.331526 -0.0004359999999999185
v 2.804871 -1.331526 1.148986
v 2.77959 -1.350925 1.148987
v 2.173363 -1.077303 -0.00043599999999993405
v 2.156242 -1.050428 -0.00043599999999993573
v 2.164597 -1.060353 0.7184240000000001
v 2.181718 -1.087227 0.7184240000000001
v 2.803747 -1.045792 -0.000435999999999936
v 2.786625 -1.018916 -0.00043599999999993763
v 2.778748 -1.037029 0.7184240000000001
v 2.795869 -1.063904 0.7184240000000001
v 2.165941 -1.365512 -0.00043599999999991643
v 2.195381 -1.377706 -0.0004359999999999157
v 2.195381 -1.377706 1.148986
v 2.165941 -1.365512 1.148986
v 2.191223 -1.346113 -0.00043599999999991763
v 2.165941 -1.365512 -0.00043599999999991643
v 2.165941 -1.365512 1.148986
v 2.191223 -1.346113 1.148987
v 2.800808 -1.04306 0.18479000000000007
v 2.800842 -1.043059 0.5634000000000001
v 2.826525 -1.62267 0.5634000000000001
v 2.826524 -1.62267 0.18479100000000012
v 2.797449 -1.619736 -0.0004359999999999008
v 2.81457 -1.64661 -0.0004359999999998992
v 2.803912 -1.642599 0.7184240000000001
v 2.786791 -1.615725 0.7184240000000001
v 2.167066 -1.651246 -0.0004359999999998989
v 2.184187 -1.678123 -0.00043599999999989724
v 2.193286 -1.665932 0.7184240000000001
v 2.176165 -1.639056 0.7184240000000001
v 2.194711 -1.677183 0.6068710000000002
v 2.805603 -1.650512 0.6068720000000001
v 2.805604 -1.650512 -0.000435999999999899
v 2.194711 -1.677183 -0.00043599999999989735
v -1.180947 2.361771 -0.00043600000000014466
v -0.571798 2.415064 -0.0004360000000001479
v -0.571798 2.415064 0.31617599999999985
v -1.180946 2.36177 0.6068719999999999
v -0.571798 2.415064 0.6068709999999999
v -0.250117 -1.797843 0.3533620000000001
v -0.250117 -1.797843 0.6102570000000002
v -0.237307 -1.504442 0.6102570000000002
v -0.237307 -1.504442 0.3408370000000001
v -0.250117 -1.797843 0.09071300000000011
v -0.237307 -1.504442 0.0907130000000001
vt 0.690117 0.478485
vt 0.581464 0.478485
vt 0.581625 0.401594
vt 0.581625 0.401594
vt 0.690117 0.401590
vt 0.690117 0.478485
vt 0.576330 0.478485
vt 0.464765 0.478485
vt 0.464736 0.401590
vt 0.464736 0.401590
vt 0.576330 0.401589
vt 0.576330 0.478485
vt 0.578268 0.494213
vt 0.578272 0.576922
vt 0.654356 0.576922
vt 0.654356 0.576922
vt 0.654212 0.494218
vt 0.578268 0.494213
vt 0.496914 0.494213
vt 0.496910 0.576922
vt 0.573873 0.576922
vt 0.573873 0.576922
vt 0.573942 0.494214
vt 0.496914 0.494213
vt 0.063304 0.994705
vt 0.063304 0.851810
vt 0.069992 0.851810
vt 0.069992 0.851810
vt 0.069992 0.994705
vt 0.063304 0.994705
vt 0.089759 0.994705
vt 0.089759 0.851810
vt 0.096018 0.851810
vt 0.096018 0.851810
vt 0.096018 0.994705
vt 0.089759 0.994705
vt 0.017964 0.837782
vt 0.017964 0.994705
vt 0.011451 0.994705
vt 0.011451 0.994705
vt 0.011451 0.837782
vt 0.017964 0.837782
vt 0.043715 0.837782
vt 0.043715 0.994705
vt 0.037247 0.994705
vt 0.037247 0.994705
vt 0.037247 0.837782
vt 0.043715 0.837782
vt 0.461396 0.996061
vt 0.467137 0.996061
vt 0.467137 0.885006
vt 0.467137 0.885006
vt 0.461396 0.885006
vt 0.461396 0.996061
vt 0.346761 0.996061
vt 0.352502 0.996061
vt 0.352502 0.885006
vt 0.352502 0.885006
vt 0.346761 0.885006
vt 0.346761 0.996061
vt 0.392723 0.996061
vt 0.398464 0.996061
vt 0.398464 0.885006
vt 0.398464 0.885006
vt 0.392723 0.885006
vt 0.392723 0.996061
vt 0.369641 0.996061
vt 0.374762 0.996061
vt 0.374762 0.885006
vt 0.374762 0.885006
vt 0.369641 0.885006
vt 0.369641 0.996061
vt 0.416048 0.996061
vt 0.421169 0.996061
vt 0.421169 0.885006
vt 0.421169 0.885006
vt 0.416048 0.885006
vt 0.416048 0.996061
vt 0.933994 0.742392
vt 0.933994 0.587804
vt 0.929180 0.587804
vt 0.929180 0.587804
vt 0.929180 0.742392
vt 0.933994 0.742392
vt 0.954177 0.742392
vt 0.954177 0.587804
vt 0.949363 0.587804
vt 0.949363 0.587804
vt 0.949363 0.742392
vt 0.954177 0.742392
vt 0.690117 0.478485
vt 0.581464 0.478485
vt 0.581464 0.400268
vt 0.581464 0.400268
vt 0.690160 0.401590
vt 0.690117 0.478485
vt 0.604150 0.630951
vt 0.604150 0.678424
vt 0.604150 0.583535
vt 0.933994 0.742392
vt 0.929180 0.742392
vt 0.929180 0.587804
vt 0.929180 0.587804
vt 0.933994 0.587804
vt 0.933994 0.742392
vt 0.954177 0.742392
vt 0.949363 0.742392
vt 0.949363 0.587804
vt 0.949363 0.587804
vt 0.954177 0.587804
vt 0.954177 0.742392
vt 0.690117 0.478485
vt 0.690117 0.401589
vt 0.581487 0.401772
vt 0.581487 0.401772
vt 0.581464 0.478485
vt 0.690117 0.478485
vt 0.461396 0.996061
vt 0.467137 0.996061
vt 0.467137 0.885006
vt 0.467137 0.885006
vt 0.461396 0.885006
vt 0.461396 0.996061
vt 0.346761 0.996061
vt 0.352502 0.996061
vt 0.352502 0.885006
vt 0.352502 0.885006
vt 0.346761 0.885006
vt 0.346761 0.996061
vt 0.392723 0.996061
vt 0.398464 0.996061
vt 0.398464 0.885006
vt 0.398464 0.885006
vt 0.392723 0.885006
vt 0.392723 0.996061
vt 0.369641 0.996061
vt 0.374762 0.996061
vt 0.374762 0.885006
vt 0.374762 0.885006
vt 0.369641 0.885006
vt 0.369641 0.996061
vt 0.416048 0.996061
vt 0.421169 0.996061
vt 0.421169 0.885006
vt 0.421169 0.885006
vt 0.416048 0.885006
vt 0.416048 0.996061
vt 0.403497 0.868517
vt 0.410383 0.868517
vt 0.410383 0.775490
vt 0.410383 0.775490
vt 0.403497 0.775490
vt 0.403497 0.868517
vt 0.348292 0.868517
vt 0.355178 0.868517
vt 0.355178 0.775490
vt 0.355178 0.775490
vt 0.348292 0.775490
vt 0.348292 0.868517
vt 0.933994 0.742392
vt 0.929180 0.742392
vt 0.929180 0.587804
vt 0.929180 0.587804
vt 0.933994 0.587804
vt 0.933994 0.742392
vt 0.954177 0.742392
vt 0.949363 0.742392
vt 0.949363 0.587804
vt 0.949363 0.587804
vt 0.954177 0.587804
vt 0.954177 0.742392
vt 0.690117 0.478485
vt 0.690117 0.401589
vt 0.581487 0.401772
vt 0.581487 0.401772
vt 0.581464 0.478485
vt 0.690117 0.478485
vt 0.063304 0.994705
vt 0.063304 0.851810
vt 0.069992 0.851810
vt 0.069992 0.851810
vt 0.069992 0.994705
vt 0.063304 0.994705
vt 0.089759 0.994705
vt 0.089759 0.851810
vt 0.096018 0.851810
vt 0.096018 0.851810
vt 0.096018 0.994705
vt 0.089759 0.994705
vt 0.017964 0.837782
vt 0.017964 0.994705
vt 0.011451 0.994705
vt 0.011451 0.994705
vt 0.011451 0.837782
vt 0.017964 0.837782
vt 0.043715 0.837782
vt 0.043715 0.994705
vt 0.037247 0.994705
vt 0.037247 0.994705
vt 0.037247 0.837782
vt 0.043715 0.837782
vt 0.933994 0.742392
vt 0.933994 0.587804
vt 0.929180 0.587804
vt 0.929180 0.587804
vt 0.929180 0.742392
vt 0.933994 0.742392
vt 0.954177 0.742392
vt 0.954177 0.587804
vt 0.949363 0.587804
vt 0.949363 0.587804
vt 0.949363 0.742392
vt 0.954177 0.742392
vt 0.690117 0.478485
vt 0.581464 0.478485
vt 0.581487 0.401772
vt 0.581487 0.401772
vt 0.690213 0.401592
vt 0.690117 0.478485
vt 0.604150 0.630951
vt 0.604150 0.678424
vt 0.604150 0.630951
vt 0.604150 0.630951
vt 0.604150 0.630951
vt 0.604150 0.583535
vt 0.063304 0.994705
vt 0.063304 0.851810
vt 0.069992 0.851810
vt 0.069992 0.851810
vt 0.069992 0.994705
vt 0.063304 0.994705
vt 0.089759 0.994705
vt 0.089759 0.851810
vt 0.096018 0.851810
vt 0.096018 0.851810
vt 0.096018 0.994705
vt 0.089759 0.994705
vt 0.017964 0.837782
vt 0.017964 0.994705
vt 0.011451 0.994705
vt 0.011451 0.994705
vt 0.011451 0.837782
vt 0.017964 0.837782
vt 0.043715 0.837782
vt 0.043715 0.994705
vt 0.037247 0.994705
vt 0.037247 0.994705
vt 0.037247 0.837782
vt 0.043715 0.837782
vt 0.461396 0.996061
vt 0.461396 0.885006
vt 0.467137 0.885006
vt 0.467137 0.885006
vt 0.467137 0.996061
vt 0.461396 0.996061
vt 0.346761 0.996061
vt 0.346761 0.885006
vt 0.352502 0.885006
vt 0.352502 0.885006
vt 0.352502 0.996061
vt 0.346761 0.996061
vt 0.392723 0.996061
vt 0.392723 0.885006
vt 0.398464 0.885006
vt 0.398464 0.885006
vt 0.398464 0.996061
vt 0.392723 0.996061
vt 0.369641 0.996061
vt 0.369641 0.885006
vt 0.374762 0.885006
vt 0.374762 0.885006
vt 0.374762 0.996061
vt 0.369641 0.996061
vt 0.416048 0.996061
vt 0.416048 0.885006
vt 0.421169 0.885006
vt 0.421169 0.885006
vt 0.421169 0.996061
vt 0.416048 0.996061
vt 0.933994 0.742392
vt 0.933994 0.587804
vt 0.929180 0.587804
vt 0.929180 0.587804
vt 0.929180 0.742392
vt 0.933994 0.742392
vt 0.954177 0.742392
vt 0.954177 0.587804
vt 0.949363 0.587804
vt 0.949363 0.587804
vt 0.949363 0.742392
vt 0.954177 0.742392
vt 0.690117 0.478485
vt 0.581464 0.478485
vt 0.581487 0.401772
vt 0.581487 0.401772
vt 0.690138 0.401589
vt 0.690117 0.478485
vt 0.609813 0.678424
vt 0.609813 0.630951
vt 0.609813 0.583535
vt 0.063304 0.994705
vt 0.063304 0.851810
vt 0.069992 0.851810
vt 0.069992 0.851810
vt 0.069992 0.994705
vt 0.063304 0.994705
vt 0.089759 0.994705
vt 0.089759 0.851810
vt 0.096018 0.851810
vt 0.096018 0.851810
vt 0.096018 0.994705
vt 0.089759 0.994705
vt 0.017964 0.837782
vt 0.017964 0.994705
vt 0.011451 0.994705
vt 0.011451 0.994705
vt 0.011451 0.837782
vt 0.017964 0.837782
vt 0.043715 0.837782
vt 0.043715 0.994705
vt 0.037247 0.994705
vt 0.037247 0.994705
vt 0.037247 0.837782
vt 0.043715 0.837782
vt 0.973050 0.383520
vt 0.973050 0.005678
vt 0.985144 0.005678
vt 0.985144 0.005678
vt 0.985144 0.383520
vt 0.973050 0.383520
vt 0.973050 0.383520
vt 0.973050 0.005678
vt 0.985144 0.005678
vt 0.985144 0.005678
vt 0.985144 0.383520
vt 0.973050 0.383520
vt 0.973050 0.383520
vt 0.973050 0.005678
vt 0.985144 0.005678
vt 0.985144 0.005678
vt 0.985144 0.383520
vt 0.973050 0.383520
vt 0.973050 0.383520
vt 0.973050 0.005678
vt 0.985144 0.005678
vt 0.985144 0.005678
vt 0.985144 0.383520
vt 0.973050 0.383520
vt 0.461396 0.996061
vt 0.461396 0.885006
vt 0.467137 0.885006
vt 0.467137 0.885006
vt 0.467137 0.996061
vt 0.461396 0.996061
vt 0.346761 0.996061
vt 0.346761 0.885006
vt 0.352502 0.885006
vt 0.352502 0.885006
vt 0.352502 0.996061
vt 0.346761 0.996061
vt 0.392723 0.996061
vt 0.392723 0.885006
vt 0.398464 0.885006
vt 0.398464 0.885006
vt 0.398464 0.996061
vt 0.392723 0.996061
vt 0.369641 0.996061
vt 0.369641 0.885006
vt 0.374762 0.885006
vt 0.374762 0.885006
vt 0.374762 0.996061
vt 0.369641 0.996061
vt 0.416048 0.996061
vt 0.416048 0.885006
vt 0.421169 0.885006
vt 0.421169 0.885006
vt 0.421169 0.996061
vt 0.416048 0.996061
vt 0.933994 0.742392
vt 0.929180 0.742392
vt 0.929180 0.587804
vt 0.929180 0.587804
vt 0.933994 0.587804
vt 0.933994 0.742392
vt 0.954177 0.742392
vt 0.949363 0.742392
vt 0.949363 0.587804
vt 0.949363 0.587804
vt 0.954177 0.587804
vt 0.954177 0.742392
vt 0.690117 0.478485
vt 0.690117 0.401589
vt 0.581487 0.401772
vt 0.581487 0.401772
vt 0.581464 0.478485
vt 0.690117 0.478485
vt 0.604150 0.678424
vt 0.604150 0.630951
vt 0.604150 0.583535
vt 0.245364 0.757989
vt 0.245364 0.804735
vt 0.238907 0.804735
vt 0.238907 0.757989
vt 0.245364 0.757989
vt 0.265654 0.757989
vt 0.265654 0.804735
vt 0.258738 0.804735
vt 0.258738 0.804735
vt 0.258738 0.757989
vt 0.258738 0.757989
vt 0.258738 0.804735
vt 0.252280 0.804735
vt 0.252280 0.804735
vt 0.252280 0.757989
vt 0.182725 0.757989
vt 0.182725 0.804735
vt 0.176267 0.804735
vt 0.176267 0.757989
vt 0.182725 0.757989
vt 0.203015 0.757989
vt 0.203015 0.804735
vt 0.196099 0.804735
vt 0.196099 0.804735
vt 0.196099 0.757989
vt 0.196099 0.757989
vt 0.196099 0.804735
vt 0.189642 0.804735
vt 0.189642 0.804735
vt 0.189642 0.757989
vt 0.234360 0.757989
vt 0.234360 0.804735
vt 0.227902 0.804735
vt 0.227902 0.804735
vt 0.227902 0.757989
vt 0.227902 0.757989
vt 0.227902 0.804735
vt 0.220986 0.804735
vt 0.220986 0.804735
vt 0.220986 0.757989
vt 0.220986 0.757989
vt 0.220986 0.804735
vt 0.214529 0.804735
vt 0.214529 0.804735
vt 0.214529 0.757989
vt 0.171641 0.757989
vt 0.171641 0.804735
vt 0.165183 0.804735
vt 0.165183 0.804735
vt 0.165183 0.757989
vt 0.165183 0.757989
vt 0.165183 0.804735
vt 0.158267 0.804735
vt 0.158267 0.804735
vt 0.158267 0.757989
vt 0.158267 0.757989
vt 0.158267 0.804735
vt 0.151810 0.804735
vt 0.151810 0.804735
vt 0.151810 0.757989
vt 0.347248 0.684223
vt 0.347248 0.721758
vt 0.340015 0.721758
vt 0.340015 0.684223
vt 0.347248 0.684223
vt 0.368861 0.684223
vt 0.368861 0.721758
vt 0.361671 0.721758
vt 0.361671 0.721758
vt 0.361671 0.684223
vt 0.361671 0.684223
vt 0.361671 0.721758
vt 0.354438 0.721758
vt 0.354438 0.721758
vt 0.354438 0.684223
vt 0.417284 0.684223
vt 0.417284 0.721758
vt 0.410051 0.721758
vt 0.410051 0.684223
vt 0.417284 0.684223
vt 0.438897 0.684223
vt 0.438897 0.721758
vt 0.431707 0.721758
vt 0.431707 0.721758
vt 0.431707 0.684223
vt 0.431707 0.684223
vt 0.431707 0.721758
vt 0.424474 0.721758
vt 0.424474 0.721758
vt 0.424474 0.684223
vt 0.403258 0.684223
vt 0.403258 0.721758
vt 0.396025 0.721758
vt 0.396025 0.721758
vt 0.396025 0.684223
vt 0.396025 0.684223
vt 0.396025 0.721758
vt 0.388835 0.721758
vt 0.388835 0.721758
vt 0.388835 0.684223
vt 0.388835 0.684223
vt 0.388835 0.721758
vt 0.381602 0.721758
vt 0.381602 0.721758
vt 0.381602 0.684223
vt 0.472876 0.684223
vt 0.472876 0.721758
vt 0.465643 0.721758
vt 0.465643 0.721758
vt 0.465643 0.684223
vt 0.465643 0.684223
vt 0.465643 0.721758
vt 0.458453 0.721758
vt 0.458453 0.721758
vt 0.458453 0.684223
vt 0.458453 0.684223
vt 0.458453 0.721758
vt 0.451220 0.721758
vt 0.451220 0.721758
vt 0.451220 0.684223
vt 0.206903 0.994705
vt 0.206903 0.820772
vt 0.216812 0.820772
vt 0.216812 0.820772
vt 0.216812 0.994705
vt 0.225633 0.994705
vt 0.225633 0.820772
vt 0.234558 0.820772
vt 0.234558 0.994705
vt 0.225633 0.994705
vt 0.191766 0.994705
vt 0.191766 0.820772
vt 0.201824 0.820772
vt 0.201824 0.994705
vt 0.191766 0.994705
vt 0.182918 0.994705
vt 0.182918 0.820772
vt 0.191766 0.820772
vt 0.191766 0.994705
vt 0.182918 0.994705
vt 0.126606 0.994705
vt 0.126606 0.812529
vt 0.136611 0.812529
vt 0.136611 0.994705
vt 0.126606 0.994705
vt 0.117791 0.994705
vt 0.117791 0.812529
vt 0.126606 0.812529
vt 0.126606 0.994705
vt 0.117791 0.994705
vt 0.141314 0.994705
vt 0.141314 0.812529
vt 0.151394 0.812529
vt 0.151394 0.812529
vt 0.151394 0.994705
vt 0.160261 0.994705
vt 0.160261 0.812529
vt 0.169157 0.812529
vt 0.169157 0.994705
vt 0.160261 0.994705
vt 0.329837 0.994705
vt 0.335127 0.994705
vt 0.335127 0.819301
vt 0.329837 0.819301
vt 0.329837 0.994705
vt 0.325229 0.994705
vt 0.329837 0.994705
vt 0.329837 0.819301
vt 0.325229 0.819301
vt 0.325229 0.994705
vt 0.431624 0.996061
vt 0.438464 0.996061
vt 0.438464 0.885006
vt 0.438464 0.885006
vt 0.431624 0.885006
vt 0.444499 0.996061
vt 0.450534 0.996061
vt 0.450534 0.885006
vt 0.444499 0.885006
vt 0.444499 0.996061
vt 0.451220 0.727311
vt 0.451220 0.769392
vt 0.444030 0.769392
vt 0.444030 0.727311
vt 0.451220 0.727311
vt 0.472876 0.727311
vt 0.472876 0.769392
vt 0.465643 0.769392
vt 0.465643 0.769392
vt 0.465643 0.727311
vt 0.465643 0.727311
vt 0.465643 0.769392
vt 0.458453 0.769392
vt 0.458453 0.769392
vt 0.458453 0.727311
vt 0.381602 0.727311
vt 0.381602 0.769392
vt 0.374411 0.769392
vt 0.374411 0.727311
vt 0.381602 0.727311
vt 0.403258 0.727311
vt 0.403258 0.769392
vt 0.396025 0.769392
vt 0.396025 0.769392
vt 0.396025 0.727311
vt 0.396025 0.727311
vt 0.396025 0.769392
vt 0.388835 0.769392
vt 0.388835 0.769392
vt 0.388835 0.727311
vt 0.438897 0.727311
vt 0.438897 0.769392
vt 0.431707 0.769392
vt 0.431707 0.769392
vt 0.431707 0.727311
vt 0.431707 0.727311
vt 0.431707 0.769392
vt 0.424474 0.769392
vt 0.424474 0.769392
vt 0.424474 0.727311
vt 0.424474 0.727311
vt 0.424474 0.769392
vt 0.417284 0.769392
vt 0.417284 0.769392
vt 0.417284 0.727311
vt 0.368861 0.727311
vt 0.368861 0.769392
vt 0.361671 0.769392
vt 0.361671 0.769392
vt 0.361671 0.727311
vt 0.361671 0.727311
vt 0.361671 0.769392
vt 0.354438 0.769392
vt 0.354438 0.769392
vt 0.354438 0.727311
vt 0.354438 0.727311
vt 0.354438 0.769392
vt 0.347248 0.769392
vt 0.347248 0.769392
vt 0.347248 0.727311
vt 0.873579 0.742392
vt 0.873579 0.636695
vt 0.867198 0.636695
vt 0.867198 0.636695
vt 0.867198 0.742392
vt 0.861523 0.742392
vt 0.861523 0.636695
vt 0.855793 0.636695
vt 0.855793 0.742392
vt 0.861523 0.742392
vt 0.851381 0.742392
vt 0.851381 0.636695
vt 0.844947 0.636695
vt 0.844947 0.636695
vt 0.844947 0.742392
vt 0.839238 0.742392
vt 0.839238 0.636695
vt 0.833594 0.636695
vt 0.833594 0.742392
vt 0.839238 0.742392
vt 0.918557 0.742392
vt 0.918557 0.636695
vt 0.912176 0.636695
vt 0.912176 0.636695
vt 0.912176 0.742392
vt 0.906501 0.742392
vt 0.906501 0.636695
vt 0.900771 0.636695
vt 0.900771 0.742392
vt 0.906501 0.742392
vt 0.895878 0.742392
vt 0.895878 0.636695
vt 0.889444 0.636695
vt 0.889444 0.636695
vt 0.889444 0.742392
vt 0.883735 0.742392
vt 0.883735 0.636695
vt 0.878091 0.636695
vt 0.878091 0.742392
vt 0.883735 0.742392
vt 0.873579 0.742392
vt 0.867198 0.742392
vt 0.867198 0.636695
vt 0.867198 0.636695
vt 0.873579 0.636695
vt 0.861523 0.742392
vt 0.855793 0.742392
vt 0.855793 0.636695
vt 0.861523 0.636695
vt 0.861523 0.742392
vt 0.851381 0.742392
vt 0.844947 0.742392
vt 0.844947 0.636695
vt 0.844947 0.636695
vt 0.851381 0.636695
vt 0.839238 0.742392
vt 0.833594 0.742392
vt 0.833594 0.636695
vt 0.839238 0.636695
vt 0.839238 0.742392
vt 0.918557 0.742392
vt 0.912176 0.742392
vt 0.912176 0.636695
vt 0.912176 0.636695
vt 0.918557 0.636695
vt 0.906501 0.742392
vt 0.900771 0.742392
vt 0.900771 0.636695
vt 0.906501 0.636695
vt 0.906501 0.742392
vt 0.895878 0.742392
vt 0.889444 0.742392
vt 0.889444 0.636695
vt 0.889444 0.636695
vt 0.895878 0.636695
vt 0.883735 0.742392
vt 0.878091 0.742392
vt 0.878091 0.636695
vt 0.883735 0.636695
vt 0.883735 0.742392
vt 0.347248 0.684223
vt 0.347248 0.721758
vt 0.340015 0.721758
vt 0.340015 0.684223
vt 0.347248 0.684223
vt 0.368861 0.684223
vt 0.368861 0.721758
vt 0.361671 0.721758
vt 0.361671 0.721758
vt 0.361671 0.684223
vt 0.361671 0.684223
vt 0.361671 0.721758
vt 0.354438 0.721758
vt 0.354438 0.721758
vt 0.354438 0.684223
vt 0.417284 0.684223
vt 0.417284 0.721758
vt 0.410051 0.721758
vt 0.410051 0.684223
vt 0.417284 0.684223
vt 0.438897 0.684223
vt 0.438897 0.721758
vt 0.431707 0.721758
vt 0.431707 0.721758
vt 0.431707 0.684223
vt 0.431707 0.684223
vt 0.431707 0.721758
vt 0.424474 0.721758
vt 0.424474 0.721758
vt 0.424474 0.684223
vt 0.403258 0.684223
vt 0.403258 0.721758
vt 0.396025 0.721758
vt 0.396025 0.721758
vt 0.396025 0.684223
vt 0.396025 0.684223
vt 0.396025 0.721758
vt 0.388835 0.721758
vt 0.388835 0.721758
vt 0.388835 0.684223
vt 0.388835 0.684223
vt 0.388835 0.721758
vt 0.381602 0.721758
vt 0.381602 0.721758
vt 0.381602 0.684223
vt 0.472876 0.684223
vt 0.472876 0.721758
vt 0.465643 0.721758
vt 0.465643 0.721758
vt 0.465643 0.684223
vt 0.465643 0.684223
vt 0.465643 0.721758
vt 0.458453 0.721758
vt 0.458453 0.721758
vt 0.458453 0.684223
vt 0.458453 0.684223
vt 0.458453 0.721758
vt 0.451220 0.721758
vt 0.451220 0.721758
vt 0.451220 0.684223
vt 0.329837 0.994705
vt 0.335127 0.994705
vt 0.335127 0.819301
vt 0.329837 0.819301
vt 0.329837 0.994705
vt 0.325229 0.994705
vt 0.329837 0.994705
vt 0.329837 0.819301
vt 0.325229 0.819301
vt 0.325229 0.994705
vt 0.431624 0.996061
vt 0.438464 0.996061
vt 0.438464 0.885006
vt 0.438464 0.885006
vt 0.431624 0.885006
vt 0.444499 0.996061
vt 0.450534 0.996061
vt 0.450534 0.885006
vt 0.444499 0.885006
vt 0.444499 0.996061
vt 0.378825 0.678424
vt 0.378825 0.583535
vt 0.273039 0.678424
vt 0.277509 0.583535
vt 0.273039 0.678424
vt 0.873579 0.742392
vt 0.867198 0.742392
vt 0.867198 0.636695
vt 0.867198 0.636695
vt 0.873579 0.636695
vt 0.861523 0.742392
vt 0.855793 0.742392
vt 0.855793 0.636695
vt 0.861523 0.636695
vt 0.861523 0.742392
vt 0.851381 0.742392
vt 0.844947 0.742392
vt 0.844947 0.636695
vt 0.844947 0.636695
vt 0.851381 0.636695
vt 0.839238 0.742392
vt 0.833594 0.742392
vt 0.833594 0.636695
vt 0.839238 0.636695
vt 0.839238 0.742392
vt 0.918557 0.742392
vt 0.912176 0.742392
vt 0.912176 0.636695
vt 0.912176 0.636695
vt 0.918557 0.636695
vt 0.906501 0.742392
vt 0.900771 0.742392
vt 0.900771 0.636695
vt 0.906501 0.636695
vt 0.906501 0.742392
vt 0.895878 0.742392
vt 0.889444 0.742392
vt 0.889444 0.636695
vt 0.889444 0.636695
vt 0.895878 0.636695
vt 0.883735 0.742392
vt 0.878091 0.742392
vt 0.878091 0.636695
vt 0.883735 0.636695
vt 0.883735 0.742392
vt 0.451220 0.727311
vt 0.451220 0.769392
vt 0.444030 0.769392
vt 0.444030 0.727311
vt 0.451220 0.727311
vt 0.472876 0.727311
vt 0.472876 0.769392
vt 0.465643 0.769392
vt 0.465643 0.769392
vt 0.465643 0.727311
vt 0.465643 0.727311
vt 0.465643 0.769392
vt 0.458453 0.769392
vt 0.458453 0.769392
vt 0.458453 0.727311
vt 0.381602 0.727311
vt 0.381602 0.769392
vt 0.374411 0.769392
vt 0.374411 0.727311
vt 0.381602 0.727311
vt 0.403258 0.727311
vt 0.403258 0.769392
vt 0.396025 0.769392
vt 0.396025 0.769392
vt 0.396025 0.727311
vt 0.396025 0.727311
vt 0.396025 0.769392
vt 0.388835 0.769392
vt 0.388835 0.769392
vt 0.388835 0.727311
vt 0.438897 0.727311
vt 0.438897 0.769392
vt 0.431707 0.769392
vt 0.431707 0.769392
vt 0.431707 0.727311
vt 0.431707 0.727311
vt 0.431707 0.769392
vt 0.424474 0.769392
vt 0.424474 0.769392
vt 0.424474 0.727311
vt 0.424474 0.727311
vt 0.424474 0.769392
vt 0.417284 0.769392
vt 0.417284 0.769392
vt 0.417284 0.727311
vt 0.368861 0.727311
vt 0.368861 0.769392
vt 0.361671 0.769392
vt 0.361671 0.769392
vt 0.361671 0.727311
vt 0.361671 0.727311
vt 0.361671 0.769392
vt 0.354438 0.769392
vt 0.354438 0.769392
vt 0.354438 0.727311
vt 0.354438 0.727311
vt 0.354438 0.769392
vt 0.347248 0.769392
vt 0.347248 0.769392
vt 0.347248 0.727311
vt 0.573873 0.576922
vt 0.496910 0.576922
vt 0.496910 0.576922
vt 0.496910 0.576922
vt 0.573873 0.576922
vt 0.410138 0.576922
vt 0.332939 0.576922
vt 0.332939 0.576922
vt 0.332939 0.576922
vt 0.410138 0.576922
vt 0.206903 0.994705
vt 0.206903 0.820772
vt 0.216812 0.820772
vt 0.216812 0.820772
vt 0.216812 0.994705
vt 0.225633 0.994705
vt 0.225633 0.820772
vt 0.234558 0.820772
vt 0.234558 0.994705
vt 0.225633 0.994705
vt 0.191766 0.994705
vt 0.191766 0.820772
vt 0.201824 0.820772
vt 0.201824 0.994705
vt 0.191766 0.994705
vt 0.182918 0.994705
vt 0.182918 0.820772
vt 0.191766 0.820772
vt 0.191766 0.994705
vt 0.182918 0.994705
vt 0.126606 0.994705
vt 0.126606 0.812529
vt 0.136611 0.812529
vt 0.136611 0.994705
vt 0.126606 0.994705
vt 0.117791 0.994705
vt 0.117791 0.812529
vt 0.126606 0.812529
vt 0.126606 0.994705
vt 0.117791 0.994705
vt 0.141314 0.994705
vt 0.141314 0.812529
vt 0.151394 0.812529
vt 0.151394 0.812529
vt 0.151394 0.994705
vt 0.160261 0.994705
vt 0.160261 0.812529
vt 0.169157 0.812529
vt 0.169157 0.994705
vt 0.160261 0.994705
vt 0.873579 0.742392
vt 0.873579 0.636695
vt 0.867198 0.636695
vt 0.867198 0.636695
vt 0.867198 0.742392
vt 0.861523 0.742392
vt 0.861523 0.636695
vt 0.855793 0.636695
vt 0.855793 0.742392
vt 0.861523 0.742392
vt 0.851381 0.742392
vt 0.851381 0.636695
vt 0.844947 0.636695
vt 0.844947 0.636695
vt 0.844947 0.742392
vt 0.839238 0.742392
vt 0.839238 0.636695
vt 0.833594 0.636695
vt 0.833594 0.742392
vt 0.839238 0.742392
vt 0.918557 0.742392
vt 0.918557 0.636695
vt 0.912176 0.636695
vt 0.912176 0.636695
vt 0.912176 0.742392
vt 0.906501 0.742392
vt 0.906501 0.636695
vt 0.900771 0.636695
vt 0.900771 0.742392
vt 0.906501 0.742392
vt 0.895878 0.742392
vt 0.895878 0.636695
vt 0.889444 0.636695
vt 0.889444 0.636695
vt 0.889444 0.742392
vt 0.883735 0.742392
vt 0.883735 0.636695
vt 0.878091 0.636695
vt 0.878091 0.742392
vt 0.883735 0.742392
vt 0.329837 0.994705
vt 0.329837 0.819301
vt 0.335127 0.819301
vt 0.335127 0.994705
vt 0.329837 0.994705
vt 0.325229 0.994705
vt 0.325229 0.819301
vt 0.329837 0.819301
vt 0.329837 0.994705
vt 0.325229 0.994705
vt 0.431624 0.996061
vt 0.431624 0.885006
vt 0.438464 0.885006
vt 0.438464 0.885006
vt 0.438464 0.996061
vt 0.444499 0.996061
vt 0.444499 0.885006
vt 0.450534 0.885006
vt 0.450534 0.996061
vt 0.444499 0.996061
vt 0.873579 0.742392
vt 0.873579 0.636695
vt 0.867198 0.636695
vt 0.867198 0.636695
vt 0.867198 0.742392
vt 0.861523 0.742392
vt 0.861523 0.636695
vt 0.855793 0.636695
vt 0.855793 0.742392
vt 0.861523 0.742392
vt 0.851381 0.742392
vt 0.851381 0.636695
vt 0.844947 0.636695
vt 0.844947 0.636695
vt 0.844947 0.742392
vt 0.839238 0.742392
vt 0.839238 0.636695
vt 0.833594 0.636695
vt 0.833594 0.742392
vt 0.839238 0.742392
vt 0.918557 0.742392
vt 0.918557 0.636695
vt 0.912176 0.636695
vt 0.912176 0.636695
vt 0.912176 0.742392
vt 0.906501 0.742392
vt 0.906501 0.636695
vt 0.900771 0.636695
vt 0.900771 0.742392
vt 0.906501 0.742392
vt 0.895878 0.742392
vt 0.895878 0.636695
vt 0.889444 0.636695
vt 0.889444 0.636695
vt 0.889444 0.742392
vt 0.883735 0.742392
vt 0.883735 0.636695
vt 0.878091 0.636695
vt 0.878091 0.742392
vt 0.883735 0.742392
vt 0.329837 0.994705
vt 0.329837 0.819301
vt 0.335127 0.819301
vt 0.335127 0.994705
vt 0.329837 0.994705
vt 0.325229 0.994705
vt 0.325229 0.819301
vt 0.329837 0.819301
vt 0.329837 0.994705
vt 0.325229 0.994705
vt 0.431624 0.996061
vt 0.431624 0.885006
vt 0.438464 0.885006
vt 0.438464 0.885006
vt 0.438464 0.996061
vt 0.444499 0.996061
vt 0.444499 0.885006
vt 0.450534 0.885006
vt 0.450534 0.996061
vt 0.444499 0.996061
vt 0.451220 0.727311
vt 0.451220 0.769392
vt 0.444030 0.769392
vt 0.444030 0.727311
vt 0.451220 0.727311
vt 0.472876 0.727311
vt 0.472876 0.769392
vt 0.465643 0.769392
vt 0.465643 0.769392
vt 0.465643 0.727311
vt 0.465643 0.727311
vt 0.465643 0.769392
vt 0.458453 0.769392
vt 0.458453 0.769392
vt 0.458453 0.727311
vt 0.381602 0.727311
vt 0.381602 0.769392
vt 0.374411 0.769392
vt 0.374411 0.727311
vt 0.381602 0.727311
vt 0.403258 0.727311
vt 0.403258 0.769392
vt 0.396025 0.769392
vt 0.396025 0.769392
vt 0.396025 0.727311
vt 0.396025 0.727311
vt 0.396025 0.769392
vt 0.388835 0.769392
vt 0.388835 0.769392
vt 0.388835 0.727311
vt 0.438897 0.727311
vt 0.438897 0.769392
vt 0.431707 0.769392
vt 0.431707 0.769392
vt 0.431707 0.727311
vt 0.431707 0.727311
vt 0.431707 0.769392
vt 0.424474 0.769392
vt 0.424474 0.769392
vt 0.424474 0.727311
vt 0.424474 0.727311
vt 0.424474 0.769392
vt 0.417284 0.769392
vt 0.417284 0.769392
vt 0.417284 0.727311
vt 0.368861 0.727311
vt 0.368861 0.769392
vt 0.361671 0.769392
vt 0.361671 0.769392
vt 0.361671 0.727311
vt 0.361671 0.727311
vt 0.361671 0.769392
vt 0.354438 0.769392
vt 0.354438 0.769392
vt 0.354438 0.727311
vt 0.354438 0.727311
vt 0.354438 0.769392
vt 0.347248 0.769392
vt 0.347248 0.769392
vt 0.347248 0.727311
vt 0.873579 0.742392
vt 0.867198 0.742392
vt 0.867198 0.636695
vt 0.867198 0.636695
vt 0.873579 0.636695
vt 0.861523 0.742392
vt 0.855793 0.742392
vt 0.855793 0.636695
vt 0.861523 0.636695
vt 0.861523 0.742392
vt 0.851381 0.742392
vt 0.844947 0.742392
vt 0.844947 0.636695
vt 0.844947 0.636695
vt 0.851381 0.636695
vt 0.839238 0.742392
vt 0.833594 0.742392
vt 0.833594 0.636695
vt 0.839238 0.636695
vt 0.839238 0.742392
vt 0.918557 0.742392
vt 0.912176 0.742392
vt 0.912176 0.636695
vt 0.912176 0.636695
vt 0.918557 0.636695
vt 0.906501 0.742392
vt 0.900771 0.742392
vt 0.900771 0.636695
vt 0.906501 0.636695
vt 0.906501 0.742392
vt 0.895878 0.742392
vt 0.889444 0.742392
vt 0.889444 0.636695
vt 0.889444 0.636695
vt 0.895878 0.636695
vt 0.883735 0.742392
vt 0.878091 0.742392
vt 0.878091 0.636695
vt 0.883735 0.636695
vt 0.883735 0.742392
vt 0.735953 0.576922
vt 0.659109 0.576922
vt 0.659109 0.495101
vt 0.735953 0.495101
vt 0.740505 0.576922
vt 0.740505 0.495101
vt 0.814985 0.495101
vt 0.814985 0.576922
vt 0.245657 0.576922
vt 0.168791 0.576922
vt 0.168791 0.495421
vt 0.245657 0.495421
vt 0.250125 0.576922
vt 0.250145 0.495421
vt 0.327102 0.495421
vt 0.327102 0.576922
vt 0.349382 0.478485
vt 0.349382 0.401589
vt 0.460023 0.401589
vt 0.460023 0.478485
vt 0.234484 0.478485
vt 0.234484 0.401589
vt 0.344745 0.401589
vt 0.344745 0.478485
vt 0.578272 0.494598
vt 0.578272 0.576922
vt 0.654356 0.576922
vt 0.654218 0.494605
vt 0.496910 0.494598
vt 0.496910 0.576922
vt 0.573873 0.576922
vt 0.573941 0.494600
vt 0.958868 0.867015
vt 0.958868 0.830191
vt 0.996811 0.830191
vt 0.996811 0.867015
vt 0.854568 0.867015
vt 0.858810 0.830191
vt 0.948364 0.830191
vt 0.952605 0.867015
vt 0.810614 0.867015
vt 0.810614 0.830191
vt 0.848440 0.830191
vt 0.848440 0.867015
vt 0.706536 0.867015
vt 0.710778 0.830191
vt 0.800332 0.830191
vt 0.804573 0.867015
vt 0.609697 0.867015
vt 0.609697 0.830191
vt 0.699671 0.830191
vt 0.699671 0.867015
vt 0.252280 0.757989
vt 0.252280 0.804735
vt 0.245364 0.804735
vt 0.245364 0.757989
vt 0.189642 0.757989
vt 0.189642 0.804735
vt 0.182725 0.804735
vt 0.182725 0.757989
vt 0.214529 0.757989
vt 0.214529 0.804735
vt 0.207612 0.804735
vt 0.207612 0.757989
vt 0.151810 0.757989
vt 0.151810 0.804735
vt 0.144894 0.804735
vt 0.144894 0.757989
vt 0.280538 0.697780
vt 0.325438 0.697780
vt 0.325440 0.756589
vt 0.280541 0.756589
vt 0.925963 0.994705
vt 0.925963 0.958015
vt 0.996811 0.958015
vt 0.996811 0.994705
vt 0.804966 0.994705
vt 0.804966 0.957877
vt 0.921933 0.957877
vt 0.921933 0.994705
vt 0.730670 0.994705
vt 0.730670 0.958015
vt 0.800916 0.958015
vt 0.800916 0.994705
vt 0.609697 0.994705
vt 0.609697 0.958015
vt 0.726643 0.958015
vt 0.726643 0.994705
vt 0.481916 0.994705
vt 0.481916 0.923905
vt 0.603459 0.923905
vt 0.603459 0.994705
vt 0.245657 0.576922
vt 0.168791 0.576922
vt 0.168791 0.495101
vt 0.245657 0.495101
vt 0.250125 0.576922
vt 0.250125 0.495101
vt 0.327102 0.495101
vt 0.327102 0.576922
vt 0.055600 0.994705
vt 0.055600 0.851810
vt 0.063304 0.851810
vt 0.063304 0.994705
vt 0.069992 0.994705
vt 0.069992 0.851810
vt 0.077682 0.851810
vt 0.077682 0.994705
vt 0.082163 0.994705
vt 0.082163 0.851810
vt 0.089759 0.851810
vt 0.089759 0.994705
vt 0.096018 0.994705
vt 0.096018 0.851810
vt 0.103624 0.851810
vt 0.103624 0.994705
vt 0.025426 0.837782
vt 0.025426 0.994705
vt 0.017964 0.994705
vt 0.017964 0.837782
vt 0.011451 0.837782
vt 0.011451 0.994705
vt 0.003979 0.994705
vt 0.003979 0.837782
vt 0.051126 0.837782
vt 0.051126 0.994705
vt 0.043715 0.994705
vt 0.043715 0.837782
vt 0.037247 0.837782
vt 0.037247 0.994705
vt 0.029850 0.994705
vt 0.029850 0.837782
vt 0.810614 0.907962
vt 0.810614 0.871138
vt 0.848440 0.871138
vt 0.848440 0.907962
vt 0.706536 0.907962
vt 0.710778 0.871138
vt 0.800332 0.871138
vt 0.804573 0.907962
vt 0.958868 0.907962
vt 0.958868 0.871138
vt 0.996811 0.871138
vt 0.996811 0.907962
vt 0.854568 0.907962
vt 0.858810 0.871138
vt 0.948364 0.871138
vt 0.952605 0.907962
vt 0.699671 0.871138
vt 0.699671 0.907962
vt 0.609697 0.907962
vt 0.609697 0.871138
vt 0.354438 0.684223
vt 0.354438 0.721758
vt 0.347248 0.721758
vt 0.347248 0.684223
vt 0.424474 0.684223
vt 0.424474 0.721758
vt 0.417284 0.721758
vt 0.417284 0.684223
vt 0.381602 0.684223
vt 0.381602 0.721758
vt 0.374411 0.721758
vt 0.374411 0.684223
vt 0.451220 0.684223
vt 0.451220 0.721758
vt 0.444030 0.721758
vt 0.444030 0.684223
vt 0.487376 0.705204
vt 0.526748 0.705204
vt 0.526748 0.813998
vt 0.487376 0.813998
vt 0.229723 0.478485
vt 0.229723 0.401891
vt 0.119383 0.401891
vt 0.119383 0.478485
vt 0.114959 0.478485
vt 0.114959 0.401891
vt 0.004846 0.401891
vt 0.004846 0.478485
vt 0.216812 0.994705
vt 0.216812 0.820772
vt 0.225633 0.820772
vt 0.225633 0.994705
vt 0.174050 0.994705
vt 0.174050 0.820772
vt 0.182918 0.820772
vt 0.182918 0.994705
vt 0.108956 0.994705
vt 0.108956 0.812529
vt 0.117791 0.812529
vt 0.117791 0.994705
vt 0.151394 0.994705
vt 0.151394 0.812529
vt 0.160261 0.812529
vt 0.160261 0.994705
vt 0.454821 0.996061
vt 0.461396 0.996061
vt 0.461396 0.885006
vt 0.454821 0.885006
vt 0.467137 0.996061
vt 0.473728 0.996061
vt 0.473728 0.885006
vt 0.467137 0.885006
vt 0.340185 0.996061
vt 0.346761 0.996061
vt 0.346761 0.885006
vt 0.340185 0.885006
vt 0.352502 0.996061
vt 0.359092 0.996061
vt 0.359092 0.885006
vt 0.352502 0.885006
vt 0.386147 0.996061
vt 0.392723 0.996061
vt 0.392723 0.885006
vt 0.386147 0.885006
vt 0.398464 0.996061
vt 0.405054 0.996061
vt 0.405054 0.885006
vt 0.398464 0.885006
vt 0.363776 0.996061
vt 0.369641 0.996061
vt 0.369641 0.885006
vt 0.363776 0.885006
vt 0.374762 0.996061
vt 0.380640 0.996061
vt 0.380640 0.885006
vt 0.374762 0.885006
vt 0.996052 0.478485
vt 0.996052 0.380547
vt 0.943600 0.380547
vt 0.943600 0.478485
vt 0.943600 0.458136
vt 0.943600 0.380547
vt 0.996052 0.380547
vt 0.996052 0.458136
vt 0.320488 0.994705
vt 0.325229 0.994705
vt 0.325229 0.819301
vt 0.320488 0.819301
vt 0.438464 0.996061
vt 0.444499 0.996061
vt 0.444499 0.885006
vt 0.438464 0.885006
vt 0.908261 0.576922
vt 0.908261 0.491825
vt 0.995619 0.491825
vt 0.995619 0.576922
vt 0.410183 0.996061
vt 0.416048 0.996061
vt 0.416048 0.885006
vt 0.410183 0.885006
vt 0.421169 0.996061
vt 0.427047 0.996061
vt 0.427047 0.885006
vt 0.421169 0.885006
vt 0.819790 0.576922
vt 0.819789 0.491825
vt 0.903428 0.491825
vt 0.903428 0.576922
vt 0.458453 0.727311
vt 0.458453 0.769392
vt 0.451220 0.769392
vt 0.451220 0.727311
vt 0.388835 0.727311
vt 0.388835 0.769392
vt 0.381602 0.769392
vt 0.381602 0.727311
vt 0.417284 0.727311
vt 0.417284 0.769392
vt 0.410051 0.769392
vt 0.410051 0.727311
vt 0.347248 0.727311
vt 0.347248 0.769392
vt 0.340015 0.769392
vt 0.340015 0.727311
vt 0.552887 0.705204
vt 0.592259 0.705204
vt 0.592259 0.813998
vt 0.552887 0.813998
vt 0.492621 0.583535
vt 0.492621 0.678424
vt 0.385711 0.678424
vt 0.385711 0.583535
vt 0.939567 0.742392
vt 0.939567 0.587804
vt 0.933994 0.587804
vt 0.933994 0.742392
vt 0.929180 0.742392
vt 0.929180 0.587804
vt 0.923739 0.587804
vt 0.923739 0.742392
vt 0.867198 0.742392
vt 0.867198 0.636695
vt 0.861523 0.636695
vt 0.861523 0.742392
vt 0.844947 0.742392
vt 0.844947 0.636695
vt 0.839238 0.636695
vt 0.839238 0.742392
vt 0.959750 0.742392
vt 0.959750 0.587804
vt 0.954177 0.587804
vt 0.954177 0.742392
vt 0.949363 0.742392
vt 0.949363 0.587804
vt 0.943922 0.587804
vt 0.943922 0.742392
vt 0.576330 0.478485
vt 0.464765 0.478485
vt 0.464765 0.400457
vt 0.576366 0.401589
vt 0.912176 0.742392
vt 0.912176 0.636695
vt 0.906501 0.636695
vt 0.906501 0.742392
vt 0.889444 0.742392
vt 0.889444 0.636695
vt 0.883735 0.636695
vt 0.883735 0.742392
vt 0.497587 0.583535
vt 0.604150 0.583535
vt 0.604150 0.678424
vt 0.497587 0.678424
vt 0.385711 0.678424
vt 0.492621 0.678424
vt 0.492621 0.583535
vt 0.385711 0.583535
vt 0.939567 0.742392
vt 0.933994 0.742392
vt 0.933994 0.587804
vt 0.939567 0.587804
vt 0.929180 0.742392
vt 0.923739 0.742392
vt 0.923739 0.587804
vt 0.929180 0.587804
vt 0.867198 0.742392
vt 0.861523 0.742392
vt 0.861523 0.636695
vt 0.867198 0.636695
vt 0.844947 0.742392
vt 0.839238 0.742392
vt 0.839238 0.636695
vt 0.844947 0.636695
vt 0.959750 0.742392
vt 0.954177 0.742392
vt 0.954177 0.587804
vt 0.959750 0.587804
vt 0.949363 0.742392
vt 0.943922 0.742392
vt 0.943922 0.587804
vt 0.949363 0.587804
vt 0.576330 0.478485
vt 0.576330 0.401589
vt 0.464785 0.401958
vt 0.464765 0.478485
vt 0.604150 0.630951
vt 0.604150 0.678424
vt 0.604150 0.630951
vt 0.604150 0.583535
vt 0.912176 0.742392
vt 0.906501 0.742392
vt 0.906501 0.636695
vt 0.912176 0.636695
vt 0.889444 0.742392
vt 0.883735 0.742392
vt 0.883735 0.636695
vt 0.889444 0.636695
vt 0.958868 0.867015
vt 0.958868 0.830191
vt 0.996811 0.830191
vt 0.996811 0.867015
vt 0.854568 0.867015
vt 0.858810 0.830191
vt 0.948364 0.830191
vt 0.952605 0.867015
vt 0.810614 0.867015
vt 0.810614 0.830191
vt 0.848440 0.830191
vt 0.848440 0.867015
vt 0.706536 0.867015
vt 0.710778 0.830191
vt 0.800332 0.830191
vt 0.804573 0.867015
vt 0.609697 0.867015
vt 0.609697 0.830191
vt 0.699671 0.830191
vt 0.699671 0.867015
vt 0.354438 0.684223
vt 0.354438 0.721758
vt 0.347248 0.721758
vt 0.347248 0.684223
vt 0.424474 0.684223
vt 0.424474 0.721758
vt 0.417284 0.721758
vt 0.417284 0.684223
vt 0.381602 0.684223
vt 0.381602 0.721758
vt 0.374411 0.721758
vt 0.374411 0.684223
vt 0.451220 0.684223
vt 0.451220 0.721758
vt 0.444030 0.721758
vt 0.444030 0.684223
vt 0.487376 0.705204
vt 0.526748 0.705204
vt 0.526748 0.813998
vt 0.487376 0.813998
vt 0.454821 0.996061
vt 0.461396 0.996061
vt 0.461396 0.885006
vt 0.454821 0.885006
vt 0.467137 0.996061
vt 0.473728 0.996061
vt 0.473728 0.885006
vt 0.467137 0.885006
vt 0.340185 0.996061
vt 0.346761 0.996061
vt 0.346761 0.885006
vt 0.340185 0.885006
vt 0.352502 0.996061
vt 0.359092 0.996061
vt 0.359092 0.885006
vt 0.352502 0.885006
vt 0.386147 0.996061
vt 0.392723 0.996061
vt 0.392723 0.885006
vt 0.386147 0.885006
vt 0.398464 0.996061
vt 0.405054 0.996061
vt 0.405054 0.885006
vt 0.398464 0.885006
vt 0.363776 0.996061
vt 0.369641 0.996061
vt 0.369641 0.885006
vt 0.363776 0.885006
vt 0.374762 0.996061
vt 0.380640 0.996061
vt 0.380640 0.885006
vt 0.374762 0.885006
vt 0.996052 0.478485
vt 0.996052 0.390722
vt 0.943600 0.390722
vt 0.943600 0.478485
vt 0.943600 0.478485
vt 0.943600 0.390722
vt 0.996052 0.390722
vt 0.996052 0.478485
vt 0.320488 0.994705
vt 0.325229 0.994705
vt 0.325229 0.819301
vt 0.320488 0.819301
vt 0.438464 0.996061
vt 0.444499 0.996061
vt 0.444499 0.885006
vt 0.438464 0.885006
vt 0.785789 0.478485
vt 0.785789 0.396135
vt 0.694596 0.396135
vt 0.694596 0.478485
vt 0.410183 0.996061
vt 0.416048 0.996061
vt 0.416048 0.885006
vt 0.410183 0.885006
vt 0.421169 0.996061
vt 0.427047 0.996061
vt 0.427047 0.885006
vt 0.421169 0.885006
vt 0.881961 0.478485
vt 0.881961 0.395696
vt 0.790768 0.395696
vt 0.790768 0.478485
vt 0.395602 0.868517
vt 0.403497 0.868517
vt 0.403497 0.775490
vt 0.395602 0.775490
vt 0.410383 0.868517
vt 0.418278 0.868517
vt 0.418278 0.775490
vt 0.410383 0.775490
vt 0.340397 0.868517
vt 0.348292 0.868517
vt 0.348292 0.775490
vt 0.340397 0.775490
vt 0.355178 0.868517
vt 0.363073 0.868517
vt 0.363073 0.775490
vt 0.355178 0.775490
vt 0.006082 0.684719
vt 0.006082 0.753864
vt 0.076622 0.753864
vt 0.076622 0.684719
vt 0.196393 0.684719
vt 0.196393 0.753864
vt 0.265692 0.753864
vt 0.265692 0.684719
vt 0.192790 0.684719
vt 0.080346 0.684719
vt 0.080346 0.753864
vt 0.192790 0.753864
vt 0.108055 0.583535
vt 0.004846 0.583535
vt 0.004846 0.678424
vt 0.108055 0.678424
vt 0.277509 0.583535
vt 0.112020 0.583535
vt 0.273039 0.678424
vt 0.112020 0.678424
vt 0.810614 0.907962
vt 0.810614 0.871138
vt 0.848440 0.871138
vt 0.848440 0.907962
vt 0.706536 0.907962
vt 0.710778 0.871138
vt 0.800332 0.871138
vt 0.804573 0.907962
vt 0.958868 0.907962
vt 0.958868 0.871138
vt 0.996811 0.871138
vt 0.996811 0.907962
vt 0.854568 0.907962
vt 0.858810 0.871138
vt 0.948364 0.871138
vt 0.952605 0.907962
vt 0.699671 0.871138
vt 0.699671 0.907962
vt 0.609697 0.907962
vt 0.609697 0.871138
vt 0.721688 0.583535
vt 0.721688 0.678424
vt 0.828598 0.678424
vt 0.828598 0.583535
vt 0.939567 0.742392
vt 0.933994 0.742392
vt 0.933994 0.587804
vt 0.939567 0.587804
vt 0.929180 0.742392
vt 0.923739 0.742392
vt 0.923739 0.587804
vt 0.929180 0.587804
vt 0.867198 0.742392
vt 0.861523 0.742392
vt 0.861523 0.636695
vt 0.867198 0.636695
vt 0.844947 0.742392
vt 0.839238 0.742392
vt 0.839238 0.636695
vt 0.844947 0.636695
vt 0.959750 0.742392
vt 0.954177 0.742392
vt 0.954177 0.587804
vt 0.959750 0.587804
vt 0.949363 0.742392
vt 0.943922 0.742392
vt 0.943922 0.587804
vt 0.949363 0.587804
vt 0.576330 0.478485
vt 0.576330 0.401589
vt 0.464785 0.401958
vt 0.464765 0.478485
vt 0.609813 0.678424
vt 0.716376 0.678424
vt 0.716376 0.583535
vt 0.609813 0.583535
vt 0.912176 0.742392
vt 0.906501 0.742392
vt 0.906501 0.636695
vt 0.912176 0.636695
vt 0.889444 0.742392
vt 0.883735 0.742392
vt 0.883735 0.636695
vt 0.889444 0.636695
vt 0.815534 0.782847
vt 0.815534 0.746809
vt 0.852989 0.746809
vt 0.852989 0.782847
vt 0.713072 0.782847
vt 0.713072 0.746809
vt 0.811592 0.746809
vt 0.811592 0.782847
vt 0.959427 0.782847
vt 0.959427 0.746809
vt 0.996811 0.746809
vt 0.996811 0.782847
vt 0.856741 0.782847
vt 0.856741 0.746809
vt 0.955261 0.746809
vt 0.955261 0.782847
vt 0.708839 0.746809
vt 0.708839 0.782847
vt 0.609697 0.782847
vt 0.609697 0.746809
vt 0.458453 0.727311
vt 0.458453 0.769392
vt 0.451220 0.769392
vt 0.451220 0.727311
vt 0.388835 0.727311
vt 0.388835 0.769392
vt 0.381602 0.769392
vt 0.381602 0.727311
vt 0.417284 0.727311
vt 0.417284 0.769392
vt 0.410051 0.769392
vt 0.410051 0.727311
vt 0.347248 0.727311
vt 0.347248 0.769392
vt 0.340015 0.769392
vt 0.340015 0.727311
vt 0.552887 0.705204
vt 0.592259 0.705204
vt 0.592259 0.813998
vt 0.552887 0.813998
vt 0.959427 0.824129
vt 0.959427 0.788091
vt 0.996811 0.788091
vt 0.996811 0.824129
vt 0.856741 0.824129
vt 0.856741 0.788091
vt 0.955261 0.788091
vt 0.955261 0.824129
vt 0.815534 0.824129
vt 0.815534 0.788091
vt 0.852989 0.788091
vt 0.852989 0.824129
vt 0.713072 0.824129
vt 0.713072 0.788091
vt 0.811592 0.788091
vt 0.811592 0.824129
vt 0.609697 0.824129
vt 0.609697 0.788091
vt 0.708839 0.788091
vt 0.708839 0.824129
vt 0.815534 0.782847
vt 0.815534 0.746809
vt 0.852989 0.746809
vt 0.852989 0.782847
vt 0.713072 0.782847
vt 0.713072 0.746809
vt 0.811592 0.746809
vt 0.811592 0.782847
vt 0.959427 0.782847
vt 0.959427 0.746809
vt 0.996811 0.746809
vt 0.996811 0.782847
vt 0.856741 0.782847
vt 0.856741 0.746809
vt 0.955261 0.746809
vt 0.955261 0.782847
vt 0.708839 0.746809
vt 0.708839 0.782847
vt 0.609697 0.782847
vt 0.609697 0.746809
vt 0.332939 0.576922
vt 0.410138 0.576922
vt 0.410138 0.576922
vt 0.332939 0.576922
vt 0.578272 0.576922
vt 0.578272 0.494596
vt 0.654356 0.494596
vt 0.654356 0.576922
vt 0.496910 0.576922
vt 0.496910 0.494596
vt 0.573873 0.494596
vt 0.573873 0.576922
vt 0.414537 0.576922
vt 0.414537 0.493148
vt 0.492010 0.493148
vt 0.492010 0.576922
vt 0.332939 0.576922
vt 0.332939 0.493148
vt 0.410138 0.493148
vt 0.410138 0.576922
vt 0.216812 0.994705
vt 0.216812 0.820772
vt 0.225633 0.820772
vt 0.225633 0.994705
vt 0.174050 0.994705
vt 0.174050 0.820772
vt 0.182918 0.820772
vt 0.182918 0.994705
vt 0.108956 0.994705
vt 0.108956 0.812529
vt 0.117791 0.812529
vt 0.117791 0.994705
vt 0.151394 0.994705
vt 0.151394 0.812529
vt 0.160261 0.812529
vt 0.160261 0.994705
vt 0.810614 0.907962
vt 0.810614 0.871138
vt 0.848440 0.871138
vt 0.848440 0.907962
vt 0.706536 0.907962
vt 0.710778 0.871138
vt 0.800332 0.871138
vt 0.804573 0.907962
vt 0.958868 0.907962
vt 0.958868 0.871138
vt 0.996811 0.871138
vt 0.996811 0.907962
vt 0.854568 0.907962
vt 0.858810 0.871138
vt 0.948364 0.871138
vt 0.952605 0.907962
vt 0.699671 0.871138
vt 0.699671 0.907962
vt 0.609697 0.907962
vt 0.609697 0.871138
vt 0.925963 0.994705
vt 0.925963 0.958015
vt 0.996811 0.958015
vt 0.996811 0.994705
vt 0.804966 0.994705
vt 0.804966 0.957877
vt 0.921933 0.957877
vt 0.921933 0.994705
vt 0.730670 0.994705
vt 0.730670 0.958015
vt 0.800916 0.958015
vt 0.800916 0.994705
vt 0.609697 0.994705
vt 0.609697 0.958015
vt 0.726643 0.958015
vt 0.726643 0.994705
vt 0.481916 0.994705
vt 0.481916 0.923905
vt 0.603459 0.923905
vt 0.603459 0.994705
vt 0.735953 0.576922
vt 0.659109 0.576922
vt 0.659109 0.495101
vt 0.735953 0.495101
vt 0.162996 0.576922
vt 0.085970 0.576922
vt 0.085970 0.493928
vt 0.162996 0.493928
vt 0.740505 0.576922
vt 0.740505 0.495101
vt 0.814985 0.495101
vt 0.814985 0.576922
vt 0.004846 0.576922
vt 0.004846 0.493928
vt 0.080788 0.493928
vt 0.080788 0.576922
vt 0.055600 0.994705
vt 0.055600 0.851810
vt 0.063304 0.851810
vt 0.063304 0.994705
vt 0.069992 0.994705
vt 0.069992 0.851810
vt 0.077682 0.851810
vt 0.077682 0.994705
vt 0.082163 0.994705
vt 0.082163 0.851810
vt 0.089759 0.851810
vt 0.089759 0.994705
vt 0.096018 0.994705
vt 0.096018 0.851810
vt 0.103624 0.851810
vt 0.103624 0.994705
vt 0.025426 0.837782
vt 0.025426 0.994705
vt 0.017964 0.994705
vt 0.017964 0.837782
vt 0.011451 0.837782
vt 0.011451 0.994705
vt 0.003979 0.994705
vt 0.003979 0.837782
vt 0.051126 0.837782
vt 0.051126 0.994705
vt 0.043715 0.994705
vt 0.043715 0.837782
vt 0.037247 0.837782
vt 0.037247 0.994705
vt 0.029850 0.994705
vt 0.029850 0.837782
vt 0.492621 0.583535
vt 0.492621 0.678424
vt 0.385711 0.678424
vt 0.385711 0.583535
vt 0.939567 0.742392
vt 0.939567 0.587804
vt 0.933994 0.587804
vt 0.933994 0.742392
vt 0.929180 0.742392
vt 0.929180 0.587804
vt 0.923739 0.587804
vt 0.923739 0.742392
vt 0.867198 0.742392
vt 0.867198 0.636695
vt 0.861523 0.636695
vt 0.861523 0.742392
vt 0.844947 0.742392
vt 0.844947 0.636695
vt 0.839238 0.636695
vt 0.839238 0.742392
vt 0.959750 0.742392
vt 0.959750 0.587804
vt 0.954177 0.587804
vt 0.954177 0.742392
vt 0.949363 0.742392
vt 0.949363 0.587804
vt 0.943922 0.587804
vt 0.943922 0.742392
vt 0.576330 0.478485
vt 0.464765 0.478485
vt 0.464785 0.401958
vt 0.576418 0.401591
vt 0.912176 0.742392
vt 0.912176 0.636695
vt 0.906501 0.636695
vt 0.906501 0.742392
vt 0.889444 0.742392
vt 0.889444 0.636695
vt 0.883735 0.636695
vt 0.883735 0.742392
vt 0.497587 0.583535
vt 0.604150 0.583535
vt 0.604150 0.678424
vt 0.497587 0.678424
vt 0.925963 0.953016
vt 0.925963 0.914931
vt 0.996811 0.914931
vt 0.996811 0.953016
vt 0.804966 0.952859
vt 0.804966 0.914631
vt 0.921933 0.914631
vt 0.921933 0.952859
vt 0.730670 0.953016
vt 0.730670 0.914931
vt 0.800916 0.914931
vt 0.800916 0.953016
vt 0.609697 0.953016
vt 0.609697 0.914931
vt 0.726643 0.914931
vt 0.726643 0.953016
vt 0.481916 0.912789
vt 0.481916 0.840575
vt 0.603459 0.840575
vt 0.603459 0.912789
vt 0.162996 0.576922
vt 0.085970 0.576922
vt 0.085970 0.493928
vt 0.162996 0.493928
vt 0.004846 0.576922
vt 0.004846 0.493928
vt 0.080788 0.493928
vt 0.080788 0.576922
vt 0.055600 0.994705
vt 0.055600 0.851810
vt 0.063304 0.851810
vt 0.063304 0.994705
vt 0.069992 0.994705
vt 0.069992 0.851810
vt 0.077682 0.851810
vt 0.077682 0.994705
vt 0.082163 0.994705
vt 0.082163 0.851810
vt 0.089759 0.851810
vt 0.089759 0.994705
vt 0.096018 0.994705
vt 0.096018 0.851810
vt 0.103624 0.851810
vt 0.103624 0.994705
vt 0.025426 0.837782
vt 0.025426 0.994705
vt 0.017964 0.994705
vt 0.017964 0.837782
vt 0.011451 0.837782
vt 0.011451 0.994705
vt 0.003979 0.994705
vt 0.003979 0.837782
vt 0.051126 0.837782
vt 0.051126 0.994705
vt 0.043715 0.994705
vt 0.043715 0.837782
vt 0.037247 0.837782
vt 0.037247 0.994705
vt 0.029850 0.994705
vt 0.029850 0.837782
vt 0.454821 0.996061
vt 0.454821 0.885006
vt 0.461396 0.885006
vt 0.461396 0.996061
vt 0.467137 0.996061
vt 0.467137 0.885006
vt 0.473728 0.885006
vt 0.473728 0.996061
vt 0.340185 0.996061
vt 0.340185 0.885006
vt 0.346761 0.885006
vt 0.346761 0.996061
vt 0.352502 0.996061
vt 0.352502 0.885006
vt 0.359092 0.885006
vt 0.359092 0.996061
vt 0.386147 0.996061
vt 0.386147 0.885006
vt 0.392723 0.885006
vt 0.392723 0.996061
vt 0.398464 0.996061
vt 0.398464 0.885006
vt 0.405054 0.885006
vt 0.405054 0.996061
vt 0.363776 0.996061
vt 0.363776 0.885006
vt 0.369641 0.885006
vt 0.369641 0.996061
vt 0.374762 0.996061
vt 0.374762 0.885006
vt 0.380640 0.885006
vt 0.380640 0.996061
vt 0.886599 0.435257
vt 0.886599 0.390722
vt 0.939051 0.390722
vt 0.939051 0.435257
vt 0.886599 0.478485
vt 0.886599 0.435257
vt 0.939051 0.435257
vt 0.939051 0.478485
vt 0.320488 0.994705
vt 0.320488 0.819301
vt 0.325229 0.819301
vt 0.325229 0.994705
vt 0.438464 0.996061
vt 0.438464 0.885006
vt 0.444499 0.885006
vt 0.444499 0.996061
vt 0.349382 0.478485
vt 0.460023 0.478485
vt 0.460023 0.401589
vt 0.349382 0.401589
vt 0.234484 0.478485
vt 0.344745 0.478485
vt 0.344745 0.401589
vt 0.234484 0.401589
vt 0.410183 0.996061
vt 0.410183 0.885006
vt 0.416048 0.885006
vt 0.416048 0.996061
vt 0.421169 0.996061
vt 0.421169 0.885006
vt 0.427047 0.885006
vt 0.427047 0.996061
vt 0.785789 0.396135
vt 0.785789 0.478485
vt 0.694596 0.478485
vt 0.694596 0.396135
vt 0.881961 0.395696
vt 0.881961 0.478485
vt 0.790768 0.478485
vt 0.790768 0.395696
vt 0.721688 0.678424
vt 0.721688 0.583535
vt 0.828598 0.583535
vt 0.828598 0.678424
vt 0.939567 0.742392
vt 0.939567 0.587804
vt 0.933994 0.587804
vt 0.933994 0.742392
vt 0.929180 0.742392
vt 0.929180 0.587804
vt 0.923739 0.587804
vt 0.923739 0.742392
vt 0.867198 0.742392
vt 0.867198 0.636695
vt 0.861523 0.636695
vt 0.861523 0.742392
vt 0.844947 0.742392
vt 0.844947 0.636695
vt 0.839238 0.636695
vt 0.839238 0.742392
vt 0.959750 0.742392
vt 0.959750 0.587804
vt 0.954177 0.587804
vt 0.954177 0.742392
vt 0.949363 0.742392
vt 0.949363 0.587804
vt 0.943922 0.587804
vt 0.943922 0.742392
vt 0.576330 0.478485
vt 0.464765 0.478485
vt 0.464785 0.401958
vt 0.576348 0.401589
vt 0.912176 0.742392
vt 0.912176 0.636695
vt 0.906501 0.636695
vt 0.906501 0.742392
vt 0.889444 0.742392
vt 0.889444 0.636695
vt 0.883735 0.636695
vt 0.883735 0.742392
vt 0.609813 0.678424
vt 0.609813 0.583535
vt 0.716376 0.583535
vt 0.716376 0.678424
vt 0.958868 0.867015
vt 0.958868 0.830191
vt 0.996811 0.830191
vt 0.996811 0.867015
vt 0.854568 0.867015
vt 0.858810 0.830191
vt 0.948364 0.830191
vt 0.952605 0.867015
vt 0.810614 0.867015
vt 0.810614 0.830191
vt 0.848440 0.830191
vt 0.848440 0.867015
vt 0.706536 0.867015
vt 0.710778 0.830191
vt 0.800332 0.830191
vt 0.804573 0.867015
vt 0.609697 0.867015
vt 0.609697 0.830191
vt 0.699671 0.830191
vt 0.699671 0.867015
vt 0.925963 0.953016
vt 0.925963 0.914931
vt 0.996811 0.914931
vt 0.996811 0.953016
vt 0.804966 0.952859
vt 0.804966 0.914631
vt 0.921933 0.914631
vt 0.921933 0.952859
vt 0.730670 0.953016
vt 0.730670 0.914931
vt 0.800916 0.914931
vt 0.800916 0.953016
vt 0.609697 0.953016
vt 0.609697 0.914931
vt 0.726643 0.914931
vt 0.726643 0.953016
vt 0.481916 0.912789
vt 0.481916 0.840575
vt 0.603459 0.840575
vt 0.603459 0.912789
vt 0.162996 0.576922
vt 0.085970 0.576922
vt 0.085979 0.493932
vt 0.162996 0.493932
vt 0.004846 0.576922
vt 0.004838 0.493932
vt 0.080788 0.493932
vt 0.080788 0.576922
vt 0.055600 0.994705
vt 0.055600 0.851810
vt 0.063304 0.851810
vt 0.063304 0.994705
vt 0.069992 0.994705
vt 0.069992 0.851810
vt 0.077682 0.851810
vt 0.077682 0.994705
vt 0.082163 0.994705
vt 0.082163 0.851810
vt 0.089759 0.851810
vt 0.089759 0.994705
vt 0.096018 0.994705
vt 0.096018 0.851810
vt 0.103624 0.851810
vt 0.103624 0.994705
vt 0.025426 0.837782
vt 0.025426 0.994705
vt 0.017964 0.994705
vt 0.017964 0.837782
vt 0.011451 0.837782
vt 0.011451 0.994705
vt 0.003979 0.994705
vt 0.003979 0.837782
vt 0.051126 0.837782
vt 0.051126 0.994705
vt 0.043715 0.994705
vt 0.043715 0.837782
vt 0.037247 0.837782
vt 0.037247 0.994705
vt 0.029850 0.994705
vt 0.029850 0.837782
vt 0.658165 0.741646
vt 0.658165 0.684801
vt 0.677724 0.684911
vt 0.677724 0.741646
vt 0.633097 0.741646
vt 0.633097 0.684801
vt 0.654190 0.684801
vt 0.654190 0.741646
vt 0.609697 0.741646
vt 0.609697 0.684911
vt 0.628900 0.684911
vt 0.628900 0.741646
vt 0.681810 0.741646
vt 0.681810 0.684911
vt 0.703206 0.684911
vt 0.703206 0.741646
vt 0.707148 0.741646
vt 0.707148 0.717417
vt 0.728655 0.717417
vt 0.728655 0.741646
vt 0.807691 0.741646
vt 0.807691 0.684911
vt 0.828425 0.684911
vt 0.828425 0.741646
vt 0.782501 0.741646
vt 0.782501 0.684911
vt 0.803605 0.684911
vt 0.803605 0.741646
vt 0.758094 0.741646
vt 0.758094 0.684911
vt 0.778304 0.684911
vt 0.778304 0.741646
vt 0.732708 0.741646
vt 0.732708 0.684911
vt 0.754119 0.684911
vt 0.754119 0.741646
vt 0.707148 0.684911
vt 0.728655 0.684911
vt 0.728655 0.709140
vt 0.707148 0.709140
vt 0.782501 0.741646
vt 0.782501 0.684911
vt 0.803605 0.684911
vt 0.803605 0.741646
vt 0.758094 0.741646
vt 0.758094 0.684911
vt 0.778304 0.684911
vt 0.778304 0.741646
vt 0.732708 0.741646
vt 0.732708 0.684911
vt 0.754119 0.684911
vt 0.754119 0.741646
vt 0.807691 0.741646
vt 0.807691 0.684911
vt 0.828425 0.684911
vt 0.828425 0.741646
vt 0.728655 0.684911
vt 0.728655 0.709140
vt 0.707148 0.709140
vt 0.707148 0.684911
vt 0.960957 0.383520
vt 0.960957 0.005678
vt 0.973050 0.005678
vt 0.973050 0.383520
vt 0.985144 0.383520
vt 0.985144 0.005678
vt 0.997238 0.005678
vt 0.997238 0.383520
vt 0.681810 0.741646
vt 0.681810 0.684911
vt 0.703206 0.684911
vt 0.703206 0.741646
vt 0.658165 0.741646
vt 0.658165 0.684801
vt 0.677724 0.684911
vt 0.677724 0.741646
vt 0.633097 0.741646
vt 0.633097 0.684801
vt 0.654190 0.684801
vt 0.654190 0.741646
vt 0.609697 0.741646
vt 0.609697 0.684911
vt 0.628900 0.684911
vt 0.628900 0.741646
vt 0.728655 0.741646
vt 0.707148 0.741646
vt 0.707148 0.717417
vt 0.728655 0.717417
vt 0.960957 0.383520
vt 0.960957 0.005678
vt 0.973050 0.005678
vt 0.973050 0.383520
vt 0.985144 0.383520
vt 0.985144 0.005678
vt 0.997238 0.005678
vt 0.997238 0.383520
vt 0.960957 0.383520
vt 0.960957 0.005678
vt 0.973050 0.005678
vt 0.973050 0.383520
vt 0.985144 0.383520
vt 0.985144 0.005678
vt 0.997238 0.005678
vt 0.997238 0.383520
vt 0.960957 0.383520
vt 0.960957 0.005678
vt 0.973050 0.005678
vt 0.973050 0.383520
vt 0.985144 0.383520
vt 0.985144 0.005678
vt 0.997238 0.005678
vt 0.997238 0.383520
vt 0.454821 0.996061
vt 0.454821 0.885006
vt 0.461396 0.885006
vt 0.461396 0.996061
vt 0.467137 0.996061
vt 0.467137 0.885006
vt 0.473728 0.885006
vt 0.473728 0.996061
vt 0.340185 0.996061
vt 0.340185 0.885006
vt 0.346761 0.885006
vt 0.346761 0.996061
vt 0.352502 0.996061
vt 0.352502 0.885006
vt 0.359092 0.885006
vt 0.359092 0.996061
vt 0.386147 0.996061
vt 0.386147 0.885006
vt 0.392723 0.885006
vt 0.392723 0.996061
vt 0.398464 0.996061
vt 0.398464 0.885006
vt 0.405054 0.885006
vt 0.405054 0.996061
vt 0.363776 0.996061
vt 0.363776 0.885006
vt 0.369641 0.885006
vt 0.369641 0.996061
vt 0.374762 0.996061
vt 0.374762 0.885006
vt 0.380640 0.885006
vt 0.380640 0.996061
vt 0.886599 0.390722
vt 0.886599 0.478485
vt 0.939051 0.478485
vt 0.939051 0.390722
vt 0.939051 0.390722
vt 0.939051 0.478485
vt 0.886599 0.478485
vt 0.886599 0.390722
vt 0.320488 0.994705
vt 0.320488 0.819301
vt 0.325229 0.819301
vt 0.325229 0.994705
vt 0.438464 0.996061
vt 0.438464 0.885006
vt 0.444499 0.885006
vt 0.444499 0.996061
vt 0.119383 0.478485
vt 0.229723 0.478485
vt 0.229723 0.401589
vt 0.119383 0.401589
vt 0.004846 0.478485
vt 0.114959 0.478485
vt 0.114959 0.401589
vt 0.004846 0.401589
vt 0.410183 0.996061
vt 0.410183 0.885006
vt 0.416048 0.885006
vt 0.416048 0.996061
vt 0.421169 0.996061
vt 0.421169 0.885006
vt 0.427047 0.885006
vt 0.427047 0.996061
vt 0.995619 0.491825
vt 0.908261 0.491825
vt 0.908261 0.576922
vt 0.995619 0.576922
vt 0.819789 0.491825
vt 0.819790 0.576922
vt 0.903428 0.576922
vt 0.903428 0.491825
vt 0.458453 0.727311
vt 0.458453 0.769392
vt 0.451220 0.769392
vt 0.451220 0.727311
vt 0.388835 0.727311
vt 0.388835 0.769392
vt 0.381602 0.769392
vt 0.381602 0.727311
vt 0.417284 0.727311
vt 0.417284 0.769392
vt 0.410051 0.769392
vt 0.410051 0.727311
vt 0.347248 0.727311
vt 0.347248 0.769392
vt 0.340015 0.769392
vt 0.340015 0.727311
vt 0.552887 0.705204
vt 0.592259 0.705204
vt 0.592259 0.813998
vt 0.552887 0.813998
vt 0.492621 0.678424
vt 0.492621 0.583535
vt 0.385711 0.583535
vt 0.385711 0.678424
vt 0.939567 0.742392
vt 0.933994 0.742392
vt 0.933994 0.587804
vt 0.939567 0.587804
vt 0.929180 0.742392
vt 0.923739 0.742392
vt 0.923739 0.587804
vt 0.929180 0.587804
vt 0.867198 0.742392
vt 0.861523 0.742392
vt 0.861523 0.636695
vt 0.867198 0.636695
vt 0.844947 0.742392
vt 0.839238 0.742392
vt 0.839238 0.636695
vt 0.844947 0.636695
vt 0.959750 0.742392
vt 0.954177 0.742392
vt 0.954177 0.587804
vt 0.959750 0.587804
vt 0.949363 0.742392
vt 0.943922 0.742392
vt 0.943922 0.587804
vt 0.949363 0.587804
vt 0.576330 0.478485
vt 0.576330 0.401589
vt 0.464785 0.401958
vt 0.464765 0.478485
vt 0.912176 0.742392
vt 0.906501 0.742392
vt 0.906501 0.636695
vt 0.912176 0.636695
vt 0.889444 0.742392
vt 0.883735 0.742392
vt 0.883735 0.636695
vt 0.889444 0.636695
vt 0.604150 0.583535
vt 0.497587 0.583535
vt 0.497587 0.678424
vt 0.604150 0.678424
vt 0.497587 0.678424
vt 0.604150 0.678424
vt 0.604150 0.630951
vt 0.497587 0.583535
vt 0.604150 0.583535
vt 0.939051 0.435257
vt 0.939051 0.390722
vt 0.886599 0.390722
vt 0.886599 0.435257
vt 0.939051 0.478485
vt 0.886599 0.478485
vn -0.453238 0.891374 -0.005304000000000054
vn -0.453238 0.891374 -0.005304000000000054
vn -0.453238 0.891374 -0.005304000000000054
vn -0.459951 0.887835 -0.013941000000000054
vn -0.459951 0.887835 -0.013941000000000054
vn -0.459951 0.887835 -0.013941000000000054
vn 0.453207 -0.891313 0.012839000000000053
vn 0.453207 -0.891313 0.012839000000000053
vn 0.453207 -0.891313 0.012839000000000053
vn 0.45917 -0.888331 0.0055270000000000544
vn 0.45917 -0.888331 0.0055270000000000544
vn 0.45917 -0.888331 0.0055270000000000544
vn -0.013986 -0.999488 -0.028779999999999938
vn -0.013986 -0.999488 -0.028779999999999938
vn -0.013986 -0.999488 -0.028779999999999938
vn -0.012277 -0.999554 -0.02723699999999994
vn -0.012277 -0.999554 -0.02723699999999994
vn -0.012277 -0.999554 -0.02723699999999994
vn 0.013985 0.999533 0.027178999999999936
vn 0.013985 0.999533 0.027178999999999936
vn 0.013985 0.999533 0.027178999999999936
vn 0.012277 0.99951 0.02880899999999994
vn 0.012277 0.99951 0.02880899999999994
vn 0.012277 0.99951 0.02880899999999994
vn -0.818208 -0.573382 -0.04204399999999996
vn 0.087566 -0.995946 -0.020584999999999937
vn -0.906093 0.422533 -0.021473000000000023
vn -0.906093 0.422533 -0.021473000000000023
vn -0.09123 0.99562 0.02044799999999994
vn -0.818208 -0.573382 -0.04204399999999996
vn -0.819055 -0.573506 -0.015498999999999966
vn 0.086758 -0.99609 0.01668500000000006
vn -0.90575 0.422588 -0.03218300000000003
vn -0.90575 0.422588 -0.03218300000000003
vn -0.084355 0.996297 -0.016620000000000062
vn -0.819055 -0.573506 -0.015498999999999966
vn 0.818849 0.573503 -0.024100000000000035
vn -0.08589 0.99619 -0.01509400000000006
vn 0.906294 -0.422551 -0.009035999999999975
vn 0.906294 -0.422551 -0.009035999999999975
vn 0.085628 -0.996213 0.01509900000000006
vn 0.818849 0.573503 -0.024100000000000035
vn 0.819174 0.57349 -0.007942000000000034
vn -0.089919 0.995724 0.021188999999999937
vn 0.905889 -0.422516 -0.029062999999999974
vn 0.905889 -0.422516 -0.029062999999999974
vn 0.088281 -0.995871 -0.021153999999999937
vn 0.819174 0.57349 -0.007942000000000034
vn -0.865996 0.49994 0.010533999999999969
vn -5.9E-05 -0.999847 -0.017465999999999936
vn -0.866051 -0.499908 -0.0069319999999999694
vn -0.866051 -0.499908 -0.0069319999999999694
vn -4.5E-05 0.999847 0.017466999999999937
vn -0.865996 0.49994 0.010533999999999969
vn -0.865361 0.499885 -0.035583000000000024
vn -0.00014 -0.999744 0.022634000000000064
vn -0.86601 -0.499859 -0.01296299999999997
vn -0.86601 -0.499859 -0.01296299999999997
vn 0.000236 0.999744 -0.02263100000000006
vn -0.865361 0.499885 -0.035583000000000024
vn -1 4.8E-05 -2.9391523179536477E-21
vn 0.499954 -0.866052 5.303039048475818E-17
vn -0.500042 -0.866001 5.302726763542035E-17
vn -0.500042 -0.866001 5.302726763542035E-17
vn -0.499948 0.866055 -5.303057418177805E-17
vn -1 4.8E-05 -2.9391523179536477E-21
vn 0.866068 -0.499799 -0.011267999999999969
vn -0.000213 0.999559 -0.029679000000000063
vn 0.865196 0.49976 -0.04092800000000003
vn 0.865196 0.49976 -0.04092800000000003
vn 0.00021 -0.999559 0.029679000000000063
vn 0.866068 -0.499799 -0.011267999999999969
vn 0.865585 -0.499902 -0.029329999999999967
vn 0.000124 0.999765 0.021666999999999936
vn 0.866071 0.499863 -0.00767100000000003
vn 0.866071 0.499863 -0.00767100000000003
vn -0.000131 -0.999765 -0.02166599999999994
vn 0.865585 -0.499902 -0.029329999999999967
vn -0.939685 -0.342042 2.094403202369795E-17
vn -0.173641 -0.984809 6.030215948107529E-17
vn -0.766059 0.64277 -3.935831115439721E-17
vn -0.766059 0.64277 -3.935831115439721E-17
vn 0.17363 0.984811 -6.03022819457552E-17
vn -0.939685 -0.342042 2.094403202369795E-17
vn 0.939686 0.342038 -2.094378709433812E-17
vn 0.173626 0.984812 -6.030234317809516E-17
vn 0.766057 -0.642773 3.935849485141709E-17
vn 0.766057 -0.642773 3.935849485141709E-17
vn -0.173638 -0.98481 6.030222071341524E-17
vn 0.939686 0.342038 -2.094378709433812E-17
vn -0.996133 0.087857 8.999999999999463E-05
vn -0.996133 0.087857 8.999999999999463E-05
vn -0.996133 0.087857 8.999999999999463E-05
vn -0.996197 0.087122 -0.0010420000000000054
vn -0.996197 0.087122 -0.0010420000000000054
vn -0.996197 0.087122 -0.0010420000000000054
vn 1 0 0
vn 1 0 0
vn 1 0 0
vn 0.939686 -0.342038 2.094378709433812E-17
vn -0.173632 0.984811 -6.03022819457552E-17
vn 0.766057 0.642773 -3.935849485141709E-17
vn 0.766057 0.642773 -3.935849485141709E-17
vn 0.173616 -0.984814 6.030246564277507E-17
vn 0.939686 -0.342038 2.094378709433812E-17
vn -0.939685 0.342041 -2.094397079135799E-17
vn 0.173638 -0.98481 6.030222071341524E-17
vn -0.766059 -0.64277 3.935831115439721E-17
vn -0.766059 -0.64277 3.935831115439721E-17
vn -0.173625 0.984812 -6.030234317809516E-17
vn -0.939685 0.342041 -2.094397079135799E-17
vn 0.996197 0.087121 -0.0010420000000000054
vn 0.996197 0.087121 -0.0010420000000000054
vn 0.996197 0.087121 -0.0010420000000000054
vn 0.996133 0.087858 9.099999999999462E-05
vn 0.996133 0.087858 9.099999999999462E-05
vn 0.996133 0.087858 9.099999999999462E-05
vn -0.923788 0.382637 -0.014320000000000024
vn 0.130676 -0.991266 -0.01778199999999994
vn -0.792834 -0.608592 -0.032094999999999964
vn -0.792834 -0.608592 -0.032094999999999964
vn -0.130517 0.991287 0.017786999999999942
vn -0.923788 0.382637 -0.014320000000000024
vn -0.92334 0.382684 -0.03157300000000002
vn 0.130406 -0.991275 0.019173000000000058
vn -0.793345 -0.608646 -0.012410999999999964
vn -0.793345 -0.608646 -0.012410999999999964
vn -0.130315 0.991287 -0.01917100000000006
vn -0.92334 0.382684 -0.03157300000000002
vn -0.991452 -0.130476 7.989350788277504E-18
vn 0.60874 -0.79337 4.8579901551976785E-17
vn -0.38273 -0.92386 5.657010959301368E-17
vn -0.38273 -0.92386 5.657010959301368E-17
vn -0.608753 0.79336 -4.85792892285772E-17
vn -0.991452 -0.130476 7.989350788277504E-18
vn 0.923829 -0.382577 -0.013202999999999975
vn -0.130681 0.991153 -0.02319600000000006
vn 0.792706 0.608517 -0.036386000000000036
vn 0.792706 0.608517 -0.036386000000000036
vn 0.130562 -0.991169 0.023200000000000057
vn 0.923829 -0.382577 -0.013202999999999975
vn 0.923275 -0.382637 -0.03395499999999998
vn -0.130325 0.991177 0.024173999999999942
vn 0.793416 0.608601 -0.009793000000000036
vn 0.793416 0.608601 -0.009793000000000036
vn 0.130319 -0.991177 -0.024173999999999942
vn 0.923275 -0.382637 -0.03395499999999998
vn -0.803487 0.595322 -3.645295908810003E-17
vn -0.069859 -0.997557 6.108274935085182E-17
vn -0.917764 -0.397127 2.431701547024955E-17
vn -0.917764 -0.397127 2.431701547024955E-17
vn 0.07014 0.997537 -6.108152470405266E-17
vn -0.803487 0.595322 -3.645295908810003E-17
vn -0.803484 0.595326 -3.645320401745986E-17
vn -0.069884 -0.997555 6.108262688617189E-17
vn -0.917766 -0.397122 2.4316709308549757E-17
vn -0.917766 -0.397122 2.4316709308549757E-17
vn 0.070116 0.997539 -6.108164716873258E-17
vn -0.803484 0.595326 -3.645320401745986E-17
vn 0.866016 -0.500017 3.061721092846311E-17
vn 1.6E-05 1 -6.123233995736766E-17
vn 0.866035 0.499983 -3.0615129028904553E-17
vn 0.866035 0.499983 -3.0615129028904553E-17
vn -4.6E-05 -1 6.123233995736766E-17
vn 0.866016 -0.500017 3.061721092846311E-17
vn -0.866016 0.500017 -3.061721092846311E-17
vn -5E-06 -1 6.123233995736766E-17
vn -0.866035 -0.499983 3.0615129028904553E-17
vn -0.866035 -0.499983 3.0615129028904553E-17
vn 4E-06 1 -6.123233995736766E-17
vn -0.866016 0.500017 -3.061721092846311E-17
vn 0.996191 -0.08719 -0.0010419999999999945
vn 0.996191 -0.08719 -0.0010419999999999945
vn 0.996191 -0.08719 -0.0010419999999999945
vn 0.996256 -0.086453 9.10000000000053E-05
vn 0.996256 -0.086453 9.10000000000053E-05
vn 0.996256 -0.086453 9.10000000000053E-05
vn 0.818534 0.573356 -0.035567000000000036
vn -0.087346 0.995848 -0.025626000000000062
vn 0.906332 -0.42245 -0.009954999999999974
vn 0.906332 -0.42245 -0.009954999999999974
vn 0.091404 -0.995487 0.025517000000000064
vn 0.818534 0.573356 -0.035567000000000036
vn 0.819123 0.573452 -0.013794000000000035
vn -0.086667 0.995978 0.022745999999999936
vn 0.905607 -0.42254 -0.03653499999999997
vn 0.905607 -0.42254 -0.03653499999999997
vn 0.084323 -0.99618 -0.022677999999999938
vn 0.819123 0.573452 -0.013794000000000035
vn -0.818858 -0.573509 -0.023655999999999965
vn 0.085892 -0.99622 -0.01296099999999994
vn -0.906263 0.422579 -0.010725000000000026
vn -0.906263 0.422579 -0.010725000000000026
vn -0.085591 0.996246 0.012966999999999939
vn -0.818858 -0.573509 -0.023655999999999965
vn -0.819217 -0.573483 -0.00011799999999996488
vn 0.089924 -0.995731 0.020832000000000062
vn -0.906115 0.422514 -0.020915000000000024
vn -0.906115 0.422514 -0.020915000000000024
vn -0.088394 0.995868 -0.020815000000000063
vn -0.819217 -0.573483 -0.00011799999999996488
vn 0.866016 0.500016 -3.061714969612315E-17
vn -1.7E-05 1 -6.123233995736766E-17
vn 0.866035 -0.499984 3.061519026124451E-17
vn 0.866035 -0.499984 3.061519026124451E-17
vn -7E-06 -1 6.123233995736766E-17
vn 0.866016 0.500016 -3.061714969612315E-17
vn -0.866017 -0.500014 3.061702723144323E-17
vn 4E-06 -1 6.123233995736766E-17
vn -0.866034 0.499986 -3.0615312725924425E-17
vn -0.866034 0.499986 -3.0615312725924425E-17
vn -4E-06 1 -6.123233995736766E-17
vn -0.866017 -0.500014 3.061702723144323E-17
vn 0.996256 0.086453 9.09999999999947E-05
vn 0.996256 0.086453 9.09999999999947E-05
vn 0.996256 0.086453 9.09999999999947E-05
vn 0.996191 0.087189 -0.0010420000000000054
vn 0.996191 0.087189 -0.0010420000000000054
vn 0.996191 0.087189 -0.0010420000000000054
vn 1 0 0
vn 1 0 0
vn 1 0 0
vn 1 0 0
vn 1 0 0
vn 1 0 0
vn -0.865505 -0.499896 -0.03170899999999997
vn 0.000225 -0.999793 -0.020366999999999937
vn -0.866013 0.499893 -0.011351000000000031
vn -0.866013 0.499893 -0.011351000000000031
vn -0.004231 0.999786 0.020265999999999937
vn -0.865505 -0.499896 -0.03170899999999997
vn -0.865862 -0.499959 -0.017978999999999967
vn -0.000348 -0.999892 0.01467800000000006
vn -0.865449 0.499932 -0.032656000000000025
vn -0.865449 0.499932 -0.032656000000000025
vn 0.002818 0.999889 -0.01460500000000006
vn -0.865862 -0.499959 -0.017978999999999967
vn 0.865617 0.499867 -0.02897700000000003
vn 0.001285 0.999735 -0.022981000000000064
vn 0.866081 -0.499867 -0.0060309999999999695
vn 0.866081 -0.499867 -0.0060309999999999695
vn -0.001439 -0.999735 0.022984000000000063
vn 0.865617 0.499867 -0.02897700000000003
vn 0.865992 0.499973 -0.009160000000000031
vn -0.002892 0.999924 0.01200499999999994
vn 0.865795 -0.499953 -0.021111999999999968
vn 0.865795 -0.499953 -0.021111999999999968
vn 0.001162 -0.999928 -0.011974999999999939
vn 0.865992 0.499973 -0.009160000000000031
vn -0.886828 -0.461706 -0.01904799999999997
vn -0.043585 -0.998913 0.01655700000000006
vn -0.842714 0.537183 -0.03558900000000004
vn -0.842714 0.537183 -0.03558900000000004
vn 0.043874 0.9989 -0.016548000000000063
vn -0.886828 -0.461706 -0.01904799999999997
vn -0.886414 -0.461717 -0.032985999999999974
vn -0.04337 -0.998892 -0.018278999999999938
vn -0.843334 0.537188 -0.014716000000000033
vn -0.843334 0.537188 -0.014716000000000033
vn 0.043551 0.998884 0.01828399999999994
vn -0.886414 -0.461717 -0.032985999999999974
vn -0.999051 0.043568 -2.6677705872625946E-18
vn -0.537275 -0.843407 5.1643784146423586E-17
vn -0.461794 0.886987 -5.431228952176567E-17
vn -0.461794 0.886987 -5.431228952176567E-17
vn 0.537273 0.843408 -5.164384537876355E-17
vn -0.999051 0.043568 -2.6677705872625946E-18
vn 0.886907 0.461636 -0.016963000000000027
vn 0.043671 0.998768 0.023554999999999937
vn 0.842545 -0.537102 -0.04049499999999997
vn 0.842545 -0.537102 -0.04049499999999997
vn -0.043897 -0.998758 -0.023547999999999937
vn 0.886907 0.461636 -0.016963000000000027
vn 0.886504 0.461678 -0.031051000000000026
vn 0.043449 0.99883 -0.021217000000000062
vn 0.843418 -0.537168 -0.009842999999999966
vn 0.843418 -0.537168 -0.009842999999999966
vn -0.043484 -0.998829 0.021218000000000063
vn 0.886504 0.461678 -0.031051000000000026
vn -0.382692 0.923862 -0.005051000000000056
vn -0.991442 0.130516 0.002805999999999992
vn 0.608748 0.793325 -0.007857000000000048
vn 0.608748 0.793325 -0.007857000000000048
vn 0.991439 -0.130543 -0.002805999999999992
vn -0.382692 0.923862 -0.005051000000000056
vn 0.382715 -0.923846 -0.006083999999999944
vn 0.991446 -0.130518 -0.000859999999999992
vn -0.608734 -0.793357 -0.005224999999999951
vn -0.608734 -0.793357 -0.005224999999999951
vn -0.991444 0.130528 0.000859999999999992
vn 0.382715 -0.923846 -0.006083999999999944
vn 0.044324 0.999017 9.199999999993882E-05
vn 0.044324 0.999017 9.199999999993882E-05
vn 0.044324 0.999017 9.199999999993882E-05
vn 0.043584 0.999049 -0.0010430000000000612
vn 0.043584 0.999049 -0.0010430000000000612
vn 0.043584 0.999049 -0.0010430000000000612
vn 1 0 0
vn 1 0 0
vn 1 0 0
vn -0.573543 0.819122 -0.00935200000000005
vn -0.996136 -0.087206 0.010367000000000005
vn 0.422608 0.906098 -0.019716000000000056
vn 0.422608 0.906098 -0.019716000000000056
vn 0.995777 0.091216 -0.010435000000000005
vn -0.573543 0.819122 -0.00935200000000005
vn -0.573586 0.819134 -0.00430700000000005
vn -0.996224 -0.086776 0.0027460000000000054
vn 0.422603 0.906288 -0.007056000000000055
vn 0.422603 0.906288 -0.007056000000000055
vn 0.996414 0.084568 -0.0027320000000000053
vn -0.573586 0.819134 -0.00430700000000005
vn 0.573556 -0.818971 -0.017898999999999953
vn 0.996304 0.085863 -0.0025660000000000053
vn -0.42263 -0.906172 -0.015358999999999944
vn -0.42263 -0.906172 -0.015358999999999944
vn -0.996335 -0.0855 0.0025730000000000054
vn 0.573556 -0.818971 -0.017898999999999953
vn 0.57356 -0.818961 -0.01821499999999995
vn 0.995922 0.090154 0.003497999999999994
vn -0.422632 -0.906043 -0.021642999999999944
vn -0.422632 -0.906043 -0.021642999999999944
vn -0.996091 -0.08827 -0.003454999999999995
vn 0.57356 -0.818961 -0.01821499999999995
vn 0.258807 -0.965929 5.914609290268019E-17
vn 0.965926 -0.25882 1.5848154227765898E-17
vn -0.707116 -0.707098 4.329726511917476E-17
vn -0.707116 -0.707098 4.329726511917476E-17
vn -0.965925 0.258823 -1.5848337924785773E-17
vn 0.258807 -0.965929 5.914609290268019E-17
vn 0.258807 -0.965929 5.914609290268019E-17
vn 0.965926 -0.25882 1.5848154227765898E-17
vn -0.707116 -0.707098 4.329726511917476E-17
vn -0.707116 -0.707098 4.329726511917476E-17
vn -0.965925 0.258823 -1.5848337924785773E-17
vn 0.258807 -0.965929 5.914609290268019E-17
vn 0.25883 -0.965923 5.914572550864044E-17
vn 0.965927 -0.258815 1.5847848066066113E-17
vn -0.707099 -0.707115 4.3298306068954036E-17
vn -0.707099 -0.707115 4.3298306068954036E-17
vn -0.965926 0.258819 -1.584809299542594E-17
vn 0.25883 -0.965923 5.914572550864044E-17
vn 0.25883 -0.965923 5.914572550864044E-17
vn 0.965927 -0.258815 1.5847848066066113E-17
vn -0.707099 -0.707115 4.3298306068954036E-17
vn -0.707099 -0.707115 4.3298306068954036E-17
vn -0.965926 0.258819 -1.584809299542594E-17
vn 0.25883 -0.965923 5.914572550864044E-17
vn 0.382677 -0.923665 -0.020038999999999946
vn 0.991338 -0.130455 0.015160000000000009
vn -0.608595 -0.792701 -0.03518399999999995
vn -0.608595 -0.792701 -0.03518399999999995
vn -0.991296 0.130774 -0.015150000000000009
vn 0.382677 -0.923665 -0.020038999999999946
vn 0.382706 -0.923398 -0.029542999999999944
vn 0.991375 -0.130297 -0.014049999999999991
vn -0.60869 -0.793257 -0.015497999999999951
vn -0.60869 -0.793257 -0.015497999999999951
vn -0.991347 0.130511 0.014053999999999992
vn 0.382706 -0.923398 -0.029542999999999944
vn -0.130492 -0.991449 6.070874221839221E-17
vn 0.793365 -0.608747 3.7275003252027694E-17
vn -0.923866 -0.382715 2.3434534986783966E-17
vn -0.923866 -0.382715 2.3434534986783966E-17
vn -0.793372 0.608737 -3.727439092862812E-17
vn -0.130492 -0.991449 6.070874221839221E-17
vn -0.382627 0.923774 -0.015407000000000058
vn -0.99126 0.13052 0.019210999999999992
vn 0.608566 0.792749 -0.03460300000000005
vn 0.608566 0.792749 -0.03460300000000005
vn 0.991234 -0.130717 -0.019204999999999993
vn -0.382627 0.923774 -0.015407000000000058
vn -0.382713 0.923394 -0.029558000000000056
vn -0.991373 0.130303 -0.014181000000000008
vn 0.608683 0.793265 -0.015382000000000048
vn 0.608683 0.793265 -0.015382000000000048
vn 0.991347 -0.130501 0.014185000000000008
vn -0.382713 0.923394 -0.029558000000000056
vn -0.92387 0.382706 -2.3433983895724346E-17
vn 0.130534 -0.991444 6.070843605669242E-17
vn -0.793368 -0.608742 3.72746970903279E-17
vn -0.793368 -0.608742 3.72746970903279E-17
vn -0.130522 0.991445 -6.070849728903238E-17
vn -0.92387 0.382706 -2.3433983895724346E-17
vn 0.923871 -0.382704 2.3433861431044432E-17
vn -0.130515 0.991446 -6.070855852137234E-17
vn 0.793367 0.608744 -3.7274819555007817E-17
vn 0.793367 0.608744 -3.7274819555007817E-17
vn 0.130547 -0.991442 6.070831359201251E-17
vn 0.923871 -0.382704 2.3433861431044432E-17
vn -0.999049 -0.043585 -0.0010419999999999974
vn -0.999049 -0.043585 -0.0010419999999999974
vn -0.999049 -0.043585 -0.0010419999999999974
vn -0.999017 -0.044324 9.100000000000271E-05
vn -0.999017 -0.044324 9.100000000000271E-05
vn -0.999017 -0.044324 9.100000000000271E-05
vn 1 0 0
vn 1 0 0
vn 1 0 0
vn -0.945138 0.326673 -2.0002952190893165E-17
vn -0.56013 0.828405 -5.072517658238315E-17
vn -0.828417 -0.560112 3.429696839820112E-17
vn -0.326621 -0.945155 5.787405227240583E-17
vn -0.945138 0.326673 -2.0002952190893165E-17
vn -0.326621 -0.945155 5.787405227240583E-17
vn -0.828417 -0.560112 3.429696839820112E-17
vn 0.560161 -0.828384 5.0723890703244054E-17
vn 0.560161 -0.828384 5.0723890703244054E-17
vn 0.945154 -0.326626 2.0000074270915172E-17
vn 0.945154 -0.326626 2.0000074270915172E-17
vn 0.560161 -0.828384 5.0723890703244054E-17
vn 0.828397 0.560142 -3.429880536839984E-17
vn 0.828397 0.560142 -3.429880536839984E-17
vn 0.326636 0.94515 -5.787374611070604E-17
vn -0.945158 0.326613 -1.9999278250495723E-17
vn -0.560163 0.828382 -5.0723768238564133E-17
vn -0.828378 -0.560169 3.430045864157869E-17
vn -0.326563 -0.945175 5.787527691920498E-17
vn -0.945158 0.326613 -1.9999278250495723E-17
vn -0.326563 -0.945175 5.787527691920498E-17
vn -0.828378 -0.560169 3.430045864157869E-17
vn 0.560197 -0.828359 5.0722359894745114E-17
vn 0.560197 -0.828359 5.0722359894745114E-17
vn 0.945154 -0.326624 1.9999951806235258E-17
vn 0.945154 -0.326624 1.9999951806235258E-17
vn 0.560197 -0.828359 5.0722359894745114E-17
vn 0.828399 0.560139 -3.429862167137997E-17
vn 0.828399 0.560139 -3.429862167137997E-17
vn 0.326614 0.945158 -5.787423596942571E-17
vn -0.945154 0.326625 -2.0000013038575212E-17
vn -0.560134 0.828402 -5.072499288536328E-17
vn -0.828392 -0.560149 3.429923399477954E-17
vn -0.828392 -0.560149 3.429923399477954E-17
vn -0.326639 -0.945149 5.787368487836609E-17
vn -0.326639 -0.945149 5.787368487836609E-17
vn -0.828392 -0.560149 3.429923399477954E-17
vn 0.560133 -0.828403 5.0725054117703245E-17
vn 0.560133 -0.828403 5.0725054117703245E-17
vn 0.945149 -0.326638 2.0000809058994657E-17
vn 0.945149 -0.326638 2.0000809058994657E-17
vn 0.560133 -0.828403 5.0725054117703245E-17
vn 0.828401 0.560136 -3.429843797436009E-17
vn 0.828401 0.560136 -3.429843797436009E-17
vn 0.326645 0.945147 -5.787356241368617E-17
vn -0.94515 0.326636 -1.0000000000200007E-06
vn -0.560125 0.828408 -5.072536027940303E-17
vn -0.828391 -0.56015 1.0000000000342993E-06
vn -0.828391 -0.56015 1.0000000000342993E-06
vn -0.326618 -0.945156 1.0000000000578741E-06
vn -0.326618 -0.945156 1.0000000000578741E-06
vn -0.828391 -0.56015 1.0000000000342993E-06
vn 0.560155 -0.828388 3.0000000000507242E-06
vn 0.560155 -0.828388 3.0000000000507242E-06
vn 0.94515 -0.326636 2.0000686594314743E-17
vn 0.94515 -0.326636 2.0000686594314743E-17
vn 0.560155 -0.828388 3.0000000000507242E-06
vn 0.828402 0.560134 -3.4298315509680177E-17
vn 0.828402 0.560134 -3.4298315509680177E-17
vn 0.326655 0.945144 -5.78733787166663E-17
vn 0.913073 -0.407797 2.497036453759466E-17
vn 0.485826 -0.874055 5.352043290143699E-17
vn 0.874084 0.485775 -2.9745139942790275E-17
vn 0.40777 0.913085 -5.591033112997306E-17
vn 0.913073 -0.407797 2.497036453759466E-17
vn 0.40777 0.913085 -5.591033112997306E-17
vn 0.874084 0.485775 -2.9745139942790275E-17
vn -0.485813 0.874063 -5.352092276015665E-17
vn -0.485813 0.874063 -5.352092276015665E-17
vn -0.913084 0.407771 -2.4968772496755767E-17
vn -0.913084 0.407771 -2.4968772496755767E-17
vn -0.485813 0.874063 -5.352092276015665E-17
vn -0.874065 -0.48581 2.9747283074688786E-17
vn -0.874065 -0.48581 2.9747283074688786E-17
vn -0.407741 -0.913098 5.591112715039249E-17
vn 0.913094 -0.40775 2.4967486617616662E-17
vn 0.485836 -0.87405 5.35201267397372E-17
vn 0.874051 0.485835 -2.974881388318772E-17
vn 0.407698 0.913117 -5.591229056485169E-17
vn 0.913094 -0.40775 2.4967486617616662E-17
vn 0.407698 0.913117 -5.591229056485169E-17
vn 0.874051 0.485835 -2.974881388318772E-17
vn -0.485871 0.87403 -5.351890209293805E-17
vn -0.485871 0.87403 -5.351890209293805E-17
vn -0.913091 0.407756 -2.4967854011656408E-17
vn -0.913091 0.407756 -2.4967854011656408E-17
vn -0.485871 0.87403 -5.351890209293805E-17
vn -0.874065 -0.485809 2.974722184234882E-17
vn -0.874065 -0.485809 2.974722184234882E-17
vn -0.407742 -0.913097 5.591106591805254E-17
vn 0.913088 -0.407764 2.4968343870376068E-17
vn 0.485778 -0.874082 5.352208617461584E-17
vn 0.874063 0.485812 -2.97474055393687E-17
vn 0.874063 0.485812 -2.97474055393687E-17
vn 0.407798 0.913072 -5.59095351095536E-17
vn 0.407798 0.913072 -5.59095351095536E-17
vn 0.874063 0.485812 -2.97474055393687E-17
vn -0.485775 0.874084 -5.3522208639295755E-17
vn -0.485775 0.874084 -5.3522208639295755E-17
vn -0.91308 0.407781 -2.4969384820155342E-17
vn -0.91308 0.407781 -2.4969384820155342E-17
vn -0.485775 0.874084 -5.3522208639295755E-17
vn -0.874073 -0.485795 2.9746364589589423E-17
vn -0.874073 -0.485795 2.9746364589589423E-17
vn -0.407803 -0.91307 5.590941264487369E-17
vn 0.913084 -0.407771 -9.999999999750311E-07
vn 0.485778 -0.874082 5.352208617461584E-17
vn 0.874059 0.485819 9.999999999702522E-07
vn 0.874059 0.485819 9.999999999702522E-07
vn 0.407752 0.913093 9.999999999440892E-07
vn 0.407752 0.913093 9.999999999440892E-07
vn 0.874059 0.485819 9.999999999702522E-07
vn -0.485823 0.874058 1.9999999999464793E-06
vn -0.485823 0.874058 1.9999999999464793E-06
vn -0.913085 0.40777 -2.4968711264415813E-17
vn -0.913085 0.40777 -2.4968711264415813E-17
vn -0.485823 0.874058 1.9999999999464793E-06
vn -0.874072 -0.485796 2.974642582192938E-17
vn -0.874072 -0.485796 2.974642582192938E-17
vn -0.407803 -0.91307 5.590941264487369E-17
vn -0.536888 -0.84319 -0.02796599999999995
vn 0.461994 -0.886865 -0.005730999999999945
vn -0.998797 0.043715 -0.022233000000000003
vn -0.998797 0.043715 -0.022233000000000003
vn -0.465309 0.88513 0.005622999999999947
vn 0.9988 -0.043627 0.022235000000000005
vn 0.533639 0.845251 0.027928999999999947
vn 0.461994 -0.886865 -0.005730999999999945
vn -0.536888 -0.84319 -0.02796599999999995
vn 0.9988 -0.043627 0.022235000000000005
vn -0.537398 -0.843237 -0.012415999999999948
vn 0.461093 -0.886913 0.027914000000000057
vn -0.998226 0.043813 -0.04032
vn -0.459069 0.887964 -0.027844000000000056
vn -0.537398 -0.843237 -0.012415999999999948
vn 0.998239 -0.043516 0.040318
vn 0.539065 0.842171 0.012494999999999947
vn 0.461093 -0.886913 0.027914000000000057
vn -0.537398 -0.843237 -0.012415999999999948
vn 0.998239 -0.043516 0.040318
vn 0.536823 0.842983 -0.03465900000000005
vn -0.460526 0.887278 -0.025553000000000055
vn 0.999015 -0.043428 -0.009153999999999997
vn 0.460323 -0.887383 0.025559000000000054
vn 0.536823 0.842983 -0.03465900000000005
vn -0.998932 0.045306 0.009088999999999996
vn -0.538597 -0.841851 0.034640000000000046
vn -0.460526 0.887278 -0.025553000000000055
vn 0.536823 0.842983 -0.03465900000000005
vn -0.998932 0.045306 0.009088999999999996
vn 0.537271 0.843332 -0.011409000000000053
vn -0.46428 0.885572 0.014380999999999946
vn 0.998713 -0.043719 -0.025721999999999995
vn 0.998713 -0.043719 -0.025721999999999995
vn 0.46271 -0.886393 -0.014342999999999946
vn -0.998847 0.040526 0.025716999999999997
vn -0.536062 -0.844102 0.011376000000000053
vn -0.46428 0.885572 0.014380999999999946
vn 0.537271 0.843332 -0.011409000000000053
vn -0.998847 0.040526 0.025716999999999997
vn 0.422623 0.906306 -5.5495237097402054E-17
vn -0.996194 -0.087165 5.337316912383953E-18
vn -0.573572 0.819155 -5.01587774377775E-17
vn 0.996193 0.087175 -5.337929235783526E-18
vn 0.422623 0.906306 -5.5495237097402054E-17
vn 0.573592 -0.819141 5.01579201850181E-17
vn 0.422623 0.906306 -5.5495237097402054E-17
vn 0.996193 0.087175 -5.337929235783526E-18
vn -0.42261 -0.906312 5.5495604491441797E-17
vn 0.573592 -0.819141 5.01579201850181E-17
vn -0.499974 -0.86604 5.302965569667869E-17
vn 1 -3E-06 1.8369701987210298E-22
vn 0.500026 -0.86601 5.3027818726479965E-17
vn 0.500026 -0.86601 5.3027818726479965E-17
vn -1 1.5E-05 -9.184850993605149E-22
vn -0.499987 0.866033 -5.302922707029899E-17
vn -0.499974 -0.86604 5.302965569667869E-17
vn -1 1.5E-05 -9.184850993605149E-22
vn 0.500003 0.866024 -5.302867597923937E-17
vn -0.499987 0.866033 -5.302922707029899E-17
vn 0.85203 -0.523493 3.205470134130227E-17
vn 0.367562 -0.929999 5.694601492801196E-17
vn 0.93001 0.367534 -2.250496683389117E-17
vn 0.52344 0.852062 -5.21737500487546E-17
vn 0.85203 -0.523493 3.205470134130227E-17
vn 0.52344 0.852062 -5.21737500487546E-17
vn 0.93001 0.367534 -2.250496683389117E-17
vn -0.367593 0.929987 -5.694528013993248E-17
vn -0.367593 0.929987 -5.694528013993248E-17
vn -0.85205 0.52346 -3.205268067408368E-17
vn -0.85205 0.52346 -3.205268067408368E-17
vn -0.367593 0.929987 -5.694528013993248E-17
vn -0.930001 -0.367558 2.2506436410050142E-17
vn -0.930001 -0.367558 2.2506436410050142E-17
vn -0.523455 -0.852053 5.217319895769499E-17
vn 0.852055 -0.523452 3.2052190815364017E-17
vn 0.367576 -0.929993 5.694564753397222E-17
vn 0.929989 0.367588 -2.2508273380248864E-17
vn 0.523394 0.852091 -5.217552578661337E-17
vn 0.852055 -0.523452 3.2052190815364017E-17
vn 0.523394 0.852091 -5.217552578661337E-17
vn 0.929989 0.367588 -2.2508273380248864E-17
vn -0.367633 0.929971 -5.694430042249317E-17
vn -0.367633 0.929971 -5.694430042249317E-17
vn -0.852056 0.523451 -3.205212958302406E-17
vn -0.852056 0.523451 -3.205212958302406E-17
vn -0.367633 0.929971 -5.694430042249317E-17
vn -0.93 -0.367559 2.2506497642390102E-17
vn -0.93 -0.367559 2.2506497642390102E-17
vn -0.523452 -0.852055 5.21733214223749E-17
vn 0.852055 -0.523453 3.205225204770397E-17
vn 0.36754 -0.930008 5.694656601907158E-17
vn 0.929993 0.367577 -2.2507599824509333E-17
vn 0.929993 0.367577 -2.2507599824509333E-17
vn 0.523465 0.852047 -5.2172831563655244E-17
vn 0.523465 0.852047 -5.2172831563655244E-17
vn 0.929993 0.367577 -2.2507599824509333E-17
vn -0.367553 0.930002 -5.694619862503184E-17
vn -0.367553 0.930002 -5.694619862503184E-17
vn -0.852046 0.523467 -3.205310930046338E-17
vn -0.852046 0.523467 -3.205310930046338E-17
vn -0.367553 0.930002 -5.694619862503184E-17
vn -0.930003 -0.367552 2.2506069016010396E-17
vn -0.930003 -0.367552 2.2506069016010396E-17
vn -0.523487 -0.852034 5.2172035543235796E-17
vn 0.852049 -0.523462 -9.999999999679472E-07
vn 0.367558 -0.930001 5.694613739269188E-17
vn 0.929997 0.367567 -2.2506987501109756E-17
vn 0.929997 0.367567 -2.2506987501109756E-17
vn 0.52346 0.85205 -5.2173015260675116E-17
vn 0.52346 0.85205 -5.2173015260675116E-17
vn 0.929997 0.367567 -2.2506987501109756E-17
vn -0.367565 0.929998 9.99999999943054E-07
vn -0.367565 0.929998 9.99999999943054E-07
vn -0.852047 0.523465 -3.205298683578346E-17
vn -0.852047 0.523465 -3.205298683578346E-17
vn -0.367565 0.929998 9.99999999943054E-07
vn -0.93 -0.367559 2.2506497642390102E-17
vn -0.93 -0.367559 2.2506497642390102E-17
vn -0.523468 -0.852045 5.217270909897533E-17
vn -0.422518 0.90635 -0.0029300000000000554
vn -0.996039 0.087243 0.017204999999999995
vn 0.573507 0.818953 -0.020134000000000048
vn 0.573507 0.818953 -0.020134000000000048
vn 0.996045 -0.087165 -0.017205999999999992
vn -0.573381 -0.819041 0.02013200000000005
vn 0.422729 -0.906252 0.0029240000000000555
vn -0.996039 0.087243 0.017204999999999995
vn -0.422518 0.90635 -0.0029300000000000554
vn -0.573381 -0.819041 0.02013200000000005
vn -0.422614 0.906152 -0.016905000000000055
vn -0.996202 0.087058 -0.0016230000000000055
vn 0.573581 0.819007 -0.01527800000000005
vn 0.573581 0.819007 -0.01527800000000005
vn 0.996187 -0.087231 0.0016270000000000054
vn -0.573509 -0.819057 0.01528000000000005
vn 0.422536 -0.906188 0.016906000000000056
vn -0.996202 0.087058 -0.0016230000000000055
vn -0.422614 0.906152 -0.016905000000000055
vn -0.573509 -0.819057 0.01528000000000005
vn 0.422567 -0.9063 -0.007557999999999944
vn 0.996135 -0.08716 0.010840000000000006
vn -0.573552 -0.818962 -0.018397999999999953
vn -0.573552 -0.818962 -0.018397999999999953
vn -0.99613 0.087224 -0.010840000000000006
vn 0.573406 0.819065 0.018397999999999953
vn -0.422671 0.906252 0.007555999999999945
vn 0.996135 -0.08716 0.010840000000000006
vn 0.422567 -0.9063 -0.007557999999999944
vn 0.573406 0.819065 0.018397999999999953
vn 0.422601 -0.906316 5.549584942080163E-17
vn 0.996197 -0.087133 5.335357477505316E-18
vn -0.573592 -0.819141 5.01579201850181E-17
vn -0.573592 -0.819141 5.01579201850181E-17
vn -0.996194 0.087165 -5.337316912383953E-18
vn 0.573558 0.819165 -5.015938976117708E-17
vn -0.42261 0.906312 -5.5495604491441797E-17
vn 0.996197 -0.087133 5.335357477505316E-18
vn 0.422601 -0.906316 5.549584942080163E-17
vn 0.573558 0.819165 -5.015938976117708E-17
vn 0.42259 0.906306 -0.005184000000000056
vn -0.996154 -0.087178 -0.008744999999999994
vn -0.573557 0.819047 -0.01393000000000005
vn -0.573557 0.819047 -0.01393000000000005
vn 0.996156 0.087165 0.008744999999999994
vn 0.57348 -0.819101 0.01392900000000005
vn 0.42259 0.906306 -0.005184000000000056
vn 0.996156 0.087165 0.008744999999999994
vn -0.422664 -0.906272 0.005183000000000056
vn 0.57348 -0.819101 0.01392900000000005
vn 0.422618 0.905773 -0.031133000000000056
vn -0.996149 -0.087295 0.008131000000000005
vn -0.573563 0.818838 -0.02301200000000005
vn -0.573563 0.818838 -0.02301200000000005
vn 0.996186 0.08688 -0.008118000000000005
vn 0.573518 -0.81887 0.02301400000000005
vn 0.422618 0.905773 -0.031133000000000056
vn 0.996186 0.08688 -0.008118000000000005
vn -0.42229 -0.905926 0.031136000000000056
vn 0.573518 -0.81887 0.02301400000000005
vn -0.422547 -0.90634 -0.0012319999999999445
vn 0.996103 0.087152 -0.013574000000000004
vn 0.573543 -0.819042 -0.01480699999999995
vn 0.573543 -0.819042 -0.01480699999999995
vn -0.996098 -0.087206 0.013573000000000005
vn -0.573467 0.819095 0.01480599999999995
vn -0.422547 -0.90634 -0.0012319999999999445
vn -0.996098 -0.087206 0.013573000000000005
vn 0.42268 0.906278 0.0012289999999999445
vn -0.573467 0.819095 0.01480599999999995
vn -0.422535 -0.90587 -0.029384999999999946
vn 0.995996 0.087042 0.02038999999999999
vn 0.57349 -0.819163 -0.00900099999999995
vn 0.57349 -0.819163 -0.00900099999999995
vn -0.996 -0.086994 -0.020388999999999994
vn -0.573726 0.818998 0.008992999999999949
vn -0.422535 -0.90587 -0.029384999999999946
vn -0.996 -0.086994 -0.020388999999999994
vn 0.422231 0.906012 0.029381999999999943
vn -0.573726 0.818998 0.008992999999999949
vn -0.852033 0.523487 -3.205433394726253E-17
vn -0.367574 0.929995 -5.694576999865214E-17
vn -0.930008 -0.36754 2.2505334227930908E-17
vn -0.52343 -0.852069 5.21741786751343E-17
vn -0.852033 0.523487 -3.205433394726253E-17
vn -0.52343 -0.852069 5.21741786751343E-17
vn -0.930008 -0.36754 2.2505334227930908E-17
vn 0.367604 -0.929983 5.694503521057265E-17
vn 0.367604 -0.929983 5.694503521057265E-17
vn 0.852052 -0.523456 3.2052435744723845E-17
vn 0.852052 -0.523456 3.2052435744723845E-17
vn 0.367604 -0.929983 5.694503521057265E-17
vn 0.929999 0.367562 -2.2506681339409974E-17
vn 0.929999 0.367562 -2.2506681339409974E-17
vn 0.523445 0.85206 -5.217362758407469E-17
vn -0.852057 0.52345 -3.20520683506841E-17
vn -0.367577 0.929993 -5.694564753397222E-17
vn -0.929988 -0.36759 2.2508395844928775E-17
vn -0.523393 -0.852091 5.217552578661337E-17
vn -0.852057 0.52345 -3.20520683506841E-17
vn -0.523393 -0.852091 5.217552578661337E-17
vn -0.929988 -0.36759 2.2508395844928775E-17
vn 0.367633 -0.929971 5.694430042249317E-17
vn 0.367633 -0.929971 5.694430042249317E-17
vn 0.852056 -0.52345 3.20520683506841E-17
vn 0.852056 -0.52345 3.20520683506841E-17
vn 0.367633 -0.929971 5.694430042249317E-17
vn 0.93 0.36756 -2.2506558874730056E-17
vn 0.93 0.36756 -2.2506558874730056E-17
vn 0.523452 0.852055 -5.21733214223749E-17
vn -0.852055 0.523452 -3.2052190815364017E-17
vn -0.367559 0.93 -5.694607616035192E-17
vn -0.929995 -0.367572 2.2507293662809548E-17
vn -0.929995 -0.367572 2.2507293662809548E-17
vn -0.523467 -0.852046 5.217277033131528E-17
vn -0.523467 -0.852046 5.217277033131528E-17
vn -0.929995 -0.367572 2.2507293662809548E-17
vn 0.367553 -0.930002 5.694619862503184E-17
vn 0.367553 -0.930002 5.694619862503184E-17
vn 0.852046 -0.523466 3.2053048068123416E-17
vn 0.852046 -0.523466 3.2053048068123416E-17
vn 0.367553 -0.930002 5.694619862503184E-17
vn 0.930001 0.367558 -2.2506436410050142E-17
vn 0.930001 0.367558 -2.2506436410050142E-17
vn 0.523469 0.852045 -5.217270909897533E-17
vn -0.85205 0.523461 -1.0000000000320527E-06
vn -0.367558 0.93 -5.694607616035192E-17
vn -0.929995 -0.367573 -9.999999999774926E-07
vn -0.929995 -0.367573 -9.999999999774926E-07
vn -0.523432 -0.852067 -9.99999999947826E-07
vn -0.523432 -0.852067 -9.99999999947826E-07
vn -0.929995 -0.367573 -9.999999999774926E-07
vn 0.367594 -0.929986 5.694521890759252E-17
vn 0.367594 -0.929986 5.694521890759252E-17
vn 0.852051 -0.523459 3.2052619441743717E-17
vn 0.852051 -0.523459 3.2052619441743717E-17
vn 0.367594 -0.929986 5.694521890759252E-17
vn 0.930002 0.367556 -2.2506313945370228E-17
vn 0.930002 0.367556 -2.2506313945370228E-17
vn 0.523469 0.852045 -5.217270909897533E-17
vn 0.300705 0.953717 -5.839832356712082E-17
vn -0.97629 -0.216469 1.325490339823142E-17
vn -0.675591 0.737277 -4.5145195906748156E-17
vn 0.976294 0.216448 -1.3253617519092315E-17
vn 0.300705 0.953717 -5.839832356712082E-17
vn 0.675596 -0.737272 4.514488974504837E-17
vn 0.300705 0.953717 -5.839832356712082E-17
vn 0.976294 0.216448 -1.3253617519092315E-17
vn -0.300677 -0.953726 5.839887465818042E-17
vn 0.675596 -0.737272 4.514488974504837E-17
vn -0.382644 -0.923896 5.657231395725215E-17
vn 0.991444 0.130532 -7.992779799315115E-18
vn 0.608795 -0.793327 4.8577268561358617E-17
vn 0.608795 -0.793327 4.8577268561358617E-17
vn -0.991446 -0.130516 7.991800081875797E-18
vn -0.608754 0.793359 -4.857922799623725E-17
vn -0.382644 -0.923896 5.657231395725215E-17
vn -0.991446 -0.130516 7.991800081875797E-18
vn 0.382678 0.923882 -5.657145670449275E-17
vn -0.608754 0.793359 -4.857922799623725E-17
vn -0.055201 -0.998475 6.113896063893267E-17
vn -0.055201 -0.998475 6.113896063893267E-17
vn -0.764543 -0.644573 3.946871306334034E-17
vn -0.764543 -0.644573 3.946871306334034E-17
vn -0.764543 -0.644573 3.946871306334034E-17
vn 0.573497 0.819193 -0.004891000000000051
vn -0.996095 0.087102 -0.014461000000000005
vn -0.422614 0.906103 -0.019351000000000056
vn -0.422614 0.906103 -0.019351000000000056
vn 0.996096 -0.087082 0.014461000000000005
vn 0.422457 -0.906176 0.019351000000000056
vn 0.573497 0.819193 -0.004891000000000051
vn 0.996096 -0.087082 0.014461000000000005
vn -0.573655 -0.819082 0.00488800000000005
vn 0.422457 -0.906176 0.019351000000000056
vn 0.573553 0.818923 -0.020043000000000047
vn -0.996128 0.087167 0.011452999999999994
vn -0.422556 0.906296 -0.008593000000000055
vn -0.422556 0.906296 -0.008593000000000055
vn 0.996119 -0.087267 -0.011450999999999994
vn 0.422653 -0.906251 0.008591000000000055
vn 0.573553 0.818923 -0.020043000000000047
vn 0.996119 -0.087267 -0.011450999999999994
vn -0.573384 -0.819041 0.020043000000000047
vn 0.422653 -0.906251 0.008591000000000055
vn -0.573527 -0.819124 -0.01011199999999995
vn 0.996144 -0.087053 -0.010875999999999995
vn 0.422627 -0.906061 -0.020986999999999943
vn 0.422627 -0.906061 -0.020986999999999943
vn -0.996136 0.087151 0.010877999999999995
vn -0.422433 0.906151 0.020986999999999943
vn -0.573527 -0.819124 -0.01011199999999995
vn -0.996136 0.087151 0.010877999999999995
vn 0.573623 0.819057 0.010109999999999949
vn -0.422433 0.906151 0.020986999999999943
vn -0.573475 -0.818814 -0.02590399999999995
vn 0.996093 -0.087161 0.014202000000000005
vn 0.422595 -0.906243 -0.011706999999999945
vn 0.422595 -0.906243 -0.011706999999999945
vn -0.996081 0.087294 -0.014199000000000005
vn -0.422718 0.906186 0.011702999999999944
vn -0.573475 -0.818814 -0.02590399999999995
vn -0.996081 0.087294 -0.014199000000000005
vn 0.573254 0.818968 0.02590299999999995
vn -0.422718 0.906186 0.011702999999999944
vn 0.523483 0.852036 -5.217215800791571E-17
vn 0.929995 0.367572 -2.2507293662809548E-17
vn -0.367539 0.930008 -5.694656601907158E-17
vn -0.852054 0.523454 -3.205231328004393E-17
vn 0.523483 0.852036 -5.217215800791571E-17
vn -0.852054 0.523454 -3.205231328004393E-17
vn -0.367539 0.930008 -5.694656601907158E-17
vn -0.929995 -0.367573 2.2507354895149502E-17
vn -0.929995 -0.367573 2.2507354895149502E-17
vn -0.523475 -0.852041 5.21724641696155E-17
vn -0.523475 -0.852041 5.21724641696155E-17
vn -0.929995 -0.367573 2.2507354895149502E-17
vn 0.367548 -0.930005 5.694638232205171E-17
vn 0.367548 -0.930005 5.694638232205171E-17
vn 0.852056 -0.523451 3.205212958302406E-17
vn 0.523441 0.852062 -5.21737500487546E-17
vn 0.929995 0.367573 -2.2507354895149502E-17
vn -0.367596 0.929985 -5.694515767525256E-17
vn -0.852083 0.523407 -3.2049435360065935E-17
vn 0.523441 0.852062 -5.21737500487546E-17
vn -0.852083 0.523407 -3.2049435360065935E-17
vn -0.367596 0.929985 -5.694515767525256E-17
vn -0.929977 -0.367617 2.251004911810763E-17
vn -0.929977 -0.367617 2.251004911810763E-17
vn -0.52345 -0.852056 5.2173382654714864E-17
vn -0.52345 -0.852056 5.2173382654714864E-17
vn -0.929977 -0.367617 2.251004911810763E-17
vn 0.367562 -0.929999 5.694601492801196E-17
vn 0.367562 -0.929999 5.694601492801196E-17
vn 0.852052 -0.523457 3.20524969770638E-17
vn 0.523466 0.852047 -5.2172831563655244E-17
vn 0.930004 0.367549 -2.2505885318990528E-17
vn -0.367558 0.93 -5.694607616035192E-17
vn -0.367558 0.93 -5.694607616035192E-17
vn -0.852042 0.523474 -3.205353792684308E-17
vn -0.852042 0.523474 -3.205353792684308E-17
vn -0.367558 0.93 -5.694607616035192E-17
vn -0.930005 -0.367547 2.250576285431061E-17
vn -0.930005 -0.367547 2.250576285431061E-17
vn -0.523474 -0.852042 5.217252540195545E-17
vn -0.523474 -0.852042 5.217252540195545E-17
vn -0.930005 -0.367547 2.250576285431061E-17
vn 0.36755 -0.930004 5.694632108971176E-17
vn 0.36755 -0.930004 5.694632108971176E-17
vn 0.852041 -0.523476 3.2053660391523E-17
vn 0.523458 0.852051 -5.217307649301507E-17
vn 0.930006 0.367543 -2.2505517924950782E-17
vn -0.367579 0.929992 9.999999999430544E-07
vn -0.367579 0.929992 9.999999999430544E-07
vn -0.852063 0.523439 9.999999999679487E-07
vn -0.852063 0.523439 9.999999999679487E-07
vn -0.367579 0.929992 9.999999999430544E-07
vn -0.929992 -0.367579 1.0000000000225077E-06
vn -0.929992 -0.367579 1.0000000000225077E-06
vn -0.523478 -0.852039 5.217234170493558E-17
vn -0.523478 -0.852039 5.217234170493558E-17
vn -0.929992 -0.367579 1.0000000000225077E-06
vn 0.367536 -0.930009 5.694662725141154E-17
vn 0.367536 -0.930009 5.694662725141154E-17
vn 0.852034 -0.523486 3.2054272714922564E-17
vn 0.996194 -0.087166 5.337378144723909E-18
vn 0.996194 -0.087166 5.337378144723909E-18
vn 0.996194 -0.087166 5.337378144723909E-18
vn 0.996194 -0.087166 5.337378144723909E-18
vn 0.996194 -0.087166 5.337378144723909E-18
vn -0.996194 0.087168 -5.337500609403824E-18
vn -0.996194 0.087168 -5.337500609403824E-18
vn -0.996194 0.087168 -5.337500609403824E-18
vn -0.996194 0.087168 -5.337500609403824E-18
vn -0.996194 0.087168 -5.337500609403824E-18
vn -0.422573 0.905449 -0.039916000000000056
vn -0.995954 0.08675 -0.02344600000000001
vn 0.573413 0.8191 -0.016484000000000047
vn 0.573413 0.8191 -0.016484000000000047
vn 0.996285 -0.082899 0.023320000000000004
vn -0.573748 -0.818867 0.016470000000000047
vn 0.425719 -0.903974 0.039930000000000056
vn -0.995954 0.08675 -0.02344600000000001
vn -0.422573 0.905449 -0.039916000000000056
vn -0.573748 -0.818867 0.016470000000000047
vn -0.422312 0.906382 -0.011171000000000056
vn -0.995517 0.087784 0.035207999999999996
vn 0.573164 0.818128 -0.04636300000000005
vn 0.995326 -0.089949 -0.03513499999999999
vn -0.422312 0.906382 -0.011171000000000056
vn -0.572779 -0.818398 0.04635800000000005
vn 0.420772 -0.907097 0.011252000000000055
vn -0.995517 0.087784 0.035207999999999996
vn -0.422312 0.906382 -0.011171000000000056
vn -0.572779 -0.818398 0.04635800000000005
vn 0.422568 -0.905817 -0.030515999999999946
vn 0.995844 -0.088375 -0.022010999999999992
vn -0.57343 -0.81921 -0.00854399999999995
vn -0.995821 0.088631 0.022017999999999992
vn 0.422568 -0.905817 -0.030515999999999946
vn 0.574884 0.818191 0.00849099999999995
vn -0.420728 0.906674 0.030500999999999945
vn 0.995844 -0.088375 -0.022010999999999992
vn 0.422568 -0.905817 -0.030515999999999946
vn 0.574884 0.818191 0.00849099999999995
vn 0.422457 -0.906366 -0.0055869999999999444
vn 0.996101 -0.084392 0.025705000000000002
vn -0.57336 -0.818708 -0.03122199999999995
vn -0.57336 -0.818708 -0.03122199999999995
vn -0.995968 0.085959 -0.025671000000000006
vn 0.570677 0.820582 0.03118399999999995
vn -0.424005 0.905643 0.005530999999999945
vn 0.996101 -0.084392 0.025705000000000002
vn 0.422457 -0.906366 -0.0055869999999999444
vn 0.570677 0.820582 0.03118399999999995
vn 0.573555 -0.81911 -0.00965799999999995
vn 0.996192 0.08718 0.0010279999999999946
vn -0.422642 -0.906234 -0.010686999999999945
vn -0.422642 -0.906234 -0.010686999999999945
vn -0.996197 -0.087127 -0.0010269999999999945
vn 0.422591 0.906258 0.010686999999999945
vn -0.573558 0.819108 0.00965799999999995
vn 0.996192 0.08718 0.0010279999999999946
vn 0.573555 -0.81911 -0.00965799999999995
vn 0.422591 0.906258 0.010686999999999945
vn 0.573532 -0.818656 -0.02937899999999995
vn 0.996161 0.08742 -0.004702000000000005
vn -0.422638 -0.905963 -0.024671999999999944
vn -0.422638 -0.905963 -0.024671999999999944
vn -0.996198 -0.086986 0.004716000000000005
vn 0.422535 0.906011 0.024673999999999946
vn -0.573268 0.818841 0.02938199999999995
vn 0.996161 0.08742 -0.004702000000000005
vn 0.573532 -0.818656 -0.02937899999999995
vn 0.422535 0.906011 0.024673999999999946
vn -0.573485 0.819208 -0.0035920000000000504
vn -0.99607 -0.087061 0.01625800000000001
vn 0.4226 0.906099 -0.019849000000000054
vn 0.4226 0.906099 -0.019849000000000054
vn 0.996066 0.08711 -0.016259000000000006
vn -0.422445 -0.906171 0.019848000000000057
vn 0.573666 -0.819082 0.0035880000000000504
vn -0.99607 -0.087061 0.01625800000000001
vn -0.573485 0.819208 -0.0035920000000000504
vn -0.422445 -0.906171 0.019848000000000057
vn -0.573494 0.818892 -0.02279900000000005
vn -0.996084 -0.087265 -0.014173999999999996
vn 0.422579 0.906285 -0.008626000000000055
vn 0.422579 0.906285 -0.008626000000000055
vn 0.996092 0.087176 0.014175999999999994
vn -0.422695 -0.906231 0.008624000000000055
vn 0.573316 -0.819017 0.02279900000000005
vn -0.996084 -0.087265 -0.014173999999999996
vn -0.573494 0.818892 -0.02279900000000005
vn -0.422695 -0.906231 0.008624000000000055
vn 0.382705 -0.923871 5.657078314875321E-17
vn 0.991444 -0.130536 7.993024728674945E-18
vn -0.608743 -0.793368 4.8579779087296864E-17
vn -0.991443 0.130539 -7.993208425694817E-18
vn 0.382705 -0.923871 5.657078314875321E-17
vn 0.608769 0.793347 -4.8578493208157765E-17
vn -0.382671 0.923885 -5.657164040151261E-17
vn 0.991444 -0.130536 7.993024728674945E-18
vn 0.382705 -0.923871 5.657078314875321E-17
vn 0.608769 0.793347 -4.8578493208157765E-17
vn -0.461724 0.887024 -5.4314555118344094E-17
vn -0.999049 0.043605 -2.6700361838410166E-18
vn 0.537323 0.843376 -5.164188594388491E-17
vn 0.537323 0.843376 -5.164188594388491E-17
vn 0.999048 -0.043628 2.671444527660036E-18
vn -0.537288 -0.843399 5.164329428770393E-17
vn 0.461741 -0.887015 5.4314004027284474E-17
vn -0.999049 0.043605 -2.6700361838410166E-18
vn -0.461724 0.887024 -5.4314555118344094E-17
vn -0.537288 -0.843399 5.164329428770393E-17
vn 0.887046 0.461667 -0.0035860000000000284
vn 0.043702 0.998934 0.01486399999999994
vn 0.843214 -0.537261 -0.01844999999999997
vn 0.843214 -0.537261 -0.01844999999999997
vn -0.043644 -0.998937 -0.01486399999999994
vn -0.843284 0.537151 0.01844899999999997
vn -0.886959 -0.461834 0.0035820000000000283
vn 0.043702 0.998934 0.01486399999999994
vn 0.887046 0.461667 -0.0035860000000000284
vn -0.843284 0.537151 0.01844899999999997
vn 0.886874 0.461716 -0.016510000000000028
vn 0.043569 0.998972 -0.012552000000000061
vn 0.843408 -0.53726 -0.003957999999999967
vn 0.843408 -0.53726 -0.003957999999999967
vn -0.043569 -0.998972 0.012552000000000061
vn -0.843353 0.537346 0.003956999999999967
vn -0.886921 -0.461626 0.016510000000000028
vn 0.043569 0.998972 -0.012552000000000061
vn 0.886874 0.461716 -0.016510000000000028
vn -0.843353 0.537346 0.003956999999999967
vn -0.886942 -0.46167 -0.013953999999999972
vn -0.043647 -0.998931 0.01524600000000006
vn -0.842921 0.537245 -0.02919300000000003
vn -0.842921 0.537245 -0.02919300000000003
vn 0.043792 0.998924 -0.01524300000000006
vn 0.843122 -0.536929 0.02919300000000003
vn 0.886836 0.461873 0.013947999999999973
vn -0.043647 -0.998931 0.01524600000000006
vn -0.886942 -0.46167 -0.013953999999999972
vn 0.843122 -0.536929 0.02919300000000003
vn -0.886766 -0.461711 -0.021654999999999973
vn -0.043499 -0.998971 -0.01280799999999994
vn -0.843367 0.537265 -0.008848000000000033
vn -0.843367 0.537265 -0.008848000000000033
vn 0.043605 0.998967 0.012810999999999939
vn 0.843314 -0.537349 0.008846000000000033
vn 0.886862 0.461528 0.021654999999999973
vn -0.043499 -0.998971 -0.01280799999999994
vn -0.886766 -0.461711 -0.021654999999999973
vn 0.843314 -0.537349 0.008846000000000033
vn 0.953717 0.300706 -1.8412932019220197E-17
vn 0.216471 0.976289 -5.978045994463852E-17
vn 0.737278 -0.67559 4.1367956551798016E-17
vn -0.216465 -0.97629 5.978052117697847E-17
vn 0.953717 0.300706 -1.8412932019220197E-17
vn -0.737256 0.675614 -4.1369426127957E-17
vn -0.953725 -0.300681 1.8411401210721263E-17
vn 0.216471 0.976289 -5.978045994463852E-17
vn 0.953717 0.300706 -1.8412932019220197E-17
vn -0.737256 0.675614 -4.1369426127957E-17
vn -0.923896 -0.382643 2.3430126258307033E-17
vn -0.13051 -0.991447 6.07086197537123E-17
vn -0.793327 0.608796 -3.7278003636685604E-17
vn -0.793327 0.608796 -3.7278003636685604E-17
vn 0.130533 0.991444 -6.070843605669242E-17
vn 0.793364 -0.608748 3.7275064484367645E-17
vn 0.923882 0.382677 -2.3432208157865584E-17
vn -0.13051 -0.991447 6.07086197537123E-17
vn -0.923896 -0.382643 2.3430126258307033E-17
vn 0.793364 -0.608748 3.7275064484367645E-17
vn -0.894417 0.447233 -2.7385123096153412E-17
vn -0.447218 0.894425 -5.476773566636857E-17
vn -0.894435 -0.447199 2.738304119659486E-17
vn -0.44719 -0.894439 5.476859291912797E-17
vn -0.894417 0.447233 -2.7385123096153412E-17
vn -0.44719 -0.894439 5.476859291912797E-17
vn -0.894435 -0.447199 2.738304119659486E-17
vn 0.447243 -0.894413 5.4767000878289085E-17
vn 0.447243 -0.894413 5.4767000878289085E-17
vn 0.894431 -0.447206 2.738346982297456E-17
vn 0.894431 -0.447206 2.738346982297456E-17
vn 0.447243 -0.894413 5.4767000878289085E-17
vn 0.894426 0.447216 -2.7384082146374135E-17
vn 0.894426 0.447216 -2.7384082146374135E-17
vn 0.447204 0.894432 -5.476816429274827E-17
vn -0.894438 0.447191 -2.73825513378752E-17
vn -0.447238 0.894415 -5.476712334296899E-17
vn -0.894412 -0.447243 2.7385735419552986E-17
vn -0.44716 -0.894454 5.476951140422733E-17
vn -0.894438 0.447191 -2.73825513378752E-17
vn -0.44716 -0.894454 5.476951140422733E-17
vn -0.894412 -0.447243 2.7385735419552986E-17
vn 0.447264 -0.894402 5.476632732254955E-17
vn 0.447264 -0.894402 5.476632732254955E-17
vn 0.894436 -0.447197 2.7382918731914947E-17
vn 0.894436 -0.447197 2.7382918731914947E-17
vn 0.447264 -0.894402 5.476632732254955E-17
vn 0.894423 0.447223 -2.7384510772753835E-17
vn 0.894423 0.447223 -2.7384510772753835E-17
vn 0.447193 0.894437 -5.476847045444806E-17
vn -0.894433 0.447203 -2.738328612595469E-17
vn -0.447207 0.89443 -5.4768041828068355E-17
vn -0.894424 -0.447219 2.7384265843394006E-17
vn -0.894424 -0.447219 2.7384265843394006E-17
vn -0.44724 -0.894414 5.476706211062904E-17
vn -0.44724 -0.894414 5.476706211062904E-17
vn -0.894424 -0.447219 2.7384265843394006E-17
vn 0.447184 -0.894442 5.476877661614784E-17
vn 0.447184 -0.894442 5.476877661614784E-17
vn 0.894424 -0.447221 2.738438830807392E-17
vn 0.894424 -0.447221 2.738438830807392E-17
vn 0.447184 -0.894442 5.476877661614784E-17
vn 0.894428 0.447211 -2.738377598467435E-17
vn 0.894428 0.447211 -2.738377598467435E-17
vn 0.447223 0.894422 -5.47675519693487E-17
vn -0.894428 0.447212 -2.0000000000273836E-06
vn -0.447189 0.89444 -5.476865415146793E-17
vn -0.894419 -0.44723 -9.99999999972615E-07
vn -0.894419 -0.44723 -9.99999999972615E-07
vn -0.447189 -0.89444 -9.999999999452312E-07
vn -0.447189 -0.89444 -9.999999999452312E-07
vn -0.894419 -0.44723 -9.99999999972615E-07
vn 0.447238 -0.894415 1.000000000054767E-06
vn 0.447238 -0.894415 1.000000000054767E-06
vn 0.89443 -0.447209 2.7383653519994435E-17
vn 0.89443 -0.447209 2.7383653519994435E-17
vn 0.447238 -0.894415 1.000000000054767E-06
vn 0.894431 0.447206 -2.738346982297456E-17
vn 0.894431 0.447206 -2.738346982297456E-17
vn 0.447243 0.894413 -5.4767000878289085E-17
vn -0.461691 -0.887014 -0.006879999999999945
vn 0.998985 0.043671 -0.011008000000000004
vn 0.537288 -0.843209 -0.01788799999999995
vn 0.537288 -0.843209 -0.01788799999999995
vn -0.998987 -0.043633 0.011008000000000004
vn -0.537143 0.843301 0.017886999999999948
vn -0.461691 -0.887014 -0.006879999999999945
vn -0.998987 -0.043633 0.011008000000000004
vn 0.461811 0.886952 0.006877999999999946
vn -0.537143 0.843301 0.017886999999999948
vn -0.461738 -0.886593 -0.027397999999999943
vn 0.998975 0.043644 0.012046999999999997
vn 0.537251 -0.843283 -0.015358999999999947
vn 0.537251 -0.843283 -0.015358999999999947
vn -0.998985 -0.04341 -0.012039999999999997
vn -0.537335 0.843229 0.015356999999999949
vn -0.461738 -0.886593 -0.027397999999999943
vn -0.998985 -0.04341 -0.012039999999999997
vn 0.461442 0.886747 0.027398999999999944
vn -0.537335 0.843229 0.015356999999999949
vn 0.461667 0.887051 0.0018949999999999458
vn -0.998942 -0.043617 -0.014566999999999997
vn -0.53727 0.843315 -0.012673000000000052
vn -0.53727 0.843315 -0.012673000000000052
vn 0.99894 0.043677 0.014565999999999997
vn 0.53722 -0.843347 0.012672000000000051
vn 0.461667 0.887051 0.0018949999999999458
vn 0.99894 0.043677 0.014565999999999997
vn -0.461773 -0.886996 -0.0018969999999999458
vn 0.53722 -0.843347 0.012672000000000051
vn 0.461722 0.886779 -0.020882000000000057
vn -0.998961 -0.043574 0.013384000000000004
vn -0.537247 0.843392 -0.007501000000000052
vn -0.537247 0.843392 -0.007501000000000052
vn 0.998963 0.043517 -0.013382000000000003
vn 0.537357 -0.843322 0.007499000000000052
vn 0.461722 0.886779 -0.020882000000000057
vn 0.998963 0.043517 -0.013382000000000003
vn -0.461556 -0.886865 0.020882000000000057
vn 0.537357 -0.843322 0.007499000000000052
vn 0.105761 -0.994392 1.000000000060889E-06
vn 0.10576 -0.994392 2.000000000060889E-06
vn 0.105761 -0.994392 1.000000000060889E-06
vn 0.105761 -0.994392 1.000000000060889E-06
vn -0.10576 0.994392 -6.088894899488675E-17
vn -0.105761 0.994392 9.99999999939111E-07
vn -0.10576 0.994392 -6.088894899488675E-17
vn -0.10576 0.994392 -6.088894899488675E-17
vn -0.018861 0.999822 0.00021799999999993878
vn -0.019057 0.999818 3.999999999938779E-06
vn -0.018861 0.999822 0.00021799999999993878
vn -0.018861 0.999822 0.00021799999999993878
vn 0.01906 -0.999818 6.122119567149542E-17
vn 0.018863 -0.999822 -0.00021599999999993876
vn 0.01906 -0.999818 6.122119567149542E-17
vn 0.01906 -0.999818 6.122119567149542E-17
vn 0.156944 -0.987607 0.00017900000000006046
vn 0.156494 -0.987679 -0.0005199999999999395
vn 0.156944 -0.987607 0.00017900000000006046
vn 0.156944 -0.987607 0.00017900000000006046
vn -0.156944 0.987607 0.0005199999999999395
vn -0.156609 0.987661 -6.04767941146337E-17
vn -0.156944 0.987607 0.0005199999999999395
vn -0.156944 0.987607 0.0005199999999999395
vn -0.993124 -0.114322 0.025225000000000008
vn -0.993073 -0.114685 0.025549000000000006
vn -0.993124 -0.114322 0.025225000000000008
vn -0.993124 -0.114322 0.025225000000000008
vn 0.993115 0.114321 -0.025556000000000006
vn 0.993082 0.114686 -0.025212000000000005
vn 0.993115 0.114321 -0.025556000000000006
vn 0.993115 0.114321 -0.025556000000000006
vn 0.988623 0.08649400000000002 0.123059
vn 0.988623 0.08649400000000002 0.12306
vn 0.988623 0.08649400000000002 0.123059
vn 0.988623 0.08649300000000001 0.123058
vn -0.090465 0.995032 0.04155299999999994
vn -0.090616 0.995001 0.04197199999999994
vn -0.090465 0.995032 0.04155299999999994
vn -0.090314 0.995064 0.041133999999999935
vn -0.988624 -0.08649099999999998 0.123057
vn -0.988624 -0.08648899999999998 0.123054
vn -0.988624 -0.08649099999999998 0.123057
vn -0.988623 -0.08649299999999999 0.123059
vn 0.090466 -0.995032 0.041556000000000065
vn 0.090618 -0.995001 0.04197700000000006
vn 0.090466 -0.995032 0.041556000000000065
vn 0.090315 -0.995063 0.04113400000000006
vn 0 6.123233995736766E-17 1
vn 0 6.123233995736766E-17 1
vn 0 6.123233995736766E-17 1
vn 0 6.123233995736766E-17 1
vn 0.326636 0.94515 -5.787374611070604E-17
vn 0.828397 0.560142 -3.429880536839984E-17
vn -0.56013 0.828405 -5.072517658238315E-17
vn -0.945138 0.326673 -2.0002952190893165E-17
vn 0.326614 0.945158 -5.787423596942571E-17
vn 0.828399 0.560139 -3.429862167137997E-17
vn -0.560163 0.828382 -5.0723768238564133E-17
vn -0.945158 0.326613 -1.9999278250495723E-17
vn 0.326645 0.945147 -5.787356241368617E-17
vn 0.828401 0.560136 -3.429843797436009E-17
vn -0.560134 0.828402 -5.072499288536328E-17
vn -0.945154 0.326625 -2.0000013038575212E-17
vn 0.326655 0.945144 -5.78733787166663E-17
vn 0.828402 0.560134 -3.4298315509680177E-17
vn -0.560125 0.828408 -5.072536027940303E-17
vn -0.94515 0.326636 -1.0000000000200007E-06
vn 0 6.123233995736766E-17 1
vn 0 6.123233995736766E-17 1
vn 0 6.123233995736766E-17 1
vn 0 6.123233995736766E-17 1
vn 0.087154 -0.996195 6.099935090382987E-17
vn 0.087154 -0.996195 6.099935090382987E-17
vn 0.087154 -0.996195 6.099935090382987E-17
vn 0.087154 -0.996195 6.099935090382987E-17
vn 0.996195 0.087157 -5.336827053664293E-18
vn 0.996195 0.087157 -5.336827053664293E-18
vn 0.996195 0.087157 -5.336827053664293E-18
vn 0.996195 0.087157 -5.336827053664293E-18
vn -0.087156 0.996195 -6.099935090382987E-17
vn -0.087156 0.996195 -6.099935090382987E-17
vn -0.087156 0.996195 -6.099935090382987E-17
vn -0.087156 0.996195 -6.099935090382987E-17
vn -0.996195 -0.087156 5.336765821324336E-18
vn -0.996195 -0.087156 5.336765821324336E-18
vn -0.996195 -0.087156 5.336765821324336E-18
vn -0.996195 -0.087156 5.336765821324336E-18
vn 0 6.123233995736766E-17 1
vn 0 6.123233995736766E-17 1
vn 0 6.123233995736766E-17 1
vn 0 6.123233995736766E-17 1
vn -0.087145 0.996196 1.9999999999390004E-06
vn -0.087145 0.996196 1.9999999999390004E-06
vn -0.087145 0.996196 1.9999999999390004E-06
vn -0.087145 0.996196 1.9999999999390004E-06
vn 0.087147 -0.996196 -1.9999999999390004E-06
vn 0.087145 -0.996196 -3.999999999939001E-06
vn 0.087147 -0.996196 -1.9999999999390004E-06
vn 0.087147 -0.996196 -1.9999999999390004E-06
vn 0.905956 -0.422828 0.021459000000000023
vn 0.81627 0.576138 0.042039999999999966
vn 0.087566 -0.995946 -0.020584999999999937
vn -0.818208 -0.573382 -0.04204399999999996
vn -0.09123 0.99562 0.02044799999999994
vn -0.906093 0.422533 -0.021473000000000023
vn 0.81627 0.576138 0.042039999999999966
vn 0.905956 -0.422828 0.021459000000000023
vn 0.905776 -0.422534 0.03218300000000003
vn 0.820397 0.571582 0.015564999999999966
vn 0.086758 -0.99609 0.01668500000000006
vn -0.819055 -0.573506 -0.015498999999999966
vn -0.084355 0.996297 -0.016620000000000062
vn -0.90575 0.422588 -0.03218300000000003
vn 0.820397 0.571582 0.015564999999999966
vn 0.905776 -0.422534 0.03218300000000003
vn -0.905633 0.423967 0.008999999999999973
vn -0.819893 -0.572009 0.024093000000000035
vn -0.08589 0.99619 -0.01509400000000006
vn 0.818849 0.573503 -0.024100000000000035
vn 0.085628 -0.996213 0.01509900000000006
vn 0.906294 -0.422551 -0.009035999999999975
vn -0.819893 -0.572009 0.024093000000000035
vn -0.905633 0.423967 0.008999999999999973
vn -0.907243 0.419604 0.029037999999999977
vn -0.818271 -0.574779 0.007896000000000035
vn -0.089919 0.995724 0.021188999999999937
vn 0.819174 0.57349 -0.007942000000000034
vn 0.088281 -0.995871 -0.021153999999999937
vn 0.905889 -0.422516 -0.029062999999999974
vn -0.818271 -0.574779 0.007896000000000035
vn -0.907243 0.419604 0.029037999999999977
vn -0.998127 -0.04358 0.042924
vn -0.998127 -0.04358 0.042925
vn -0.998127 -0.04358 0.042924
vn -0.998127 -0.043579 0.042924
vn 0.047654 -0.99792 0.04341800000000006
vn 0.04713 -0.998007 0.04197400000000006
vn 0.047654 -0.99792 0.04341800000000006
vn 0.048177 -0.997831 0.04486200000000006
vn 0.991456 0.043285000000000004 0.123055
vn 0.991456 0.04328200000000001 0.123052
vn 0.991456 0.043285000000000004 0.123055
vn 0.991455 0.04328800000000001 0.123058
vn -0.047662 0.99808 0.039560999999999936
vn -0.047137 0.998159 0.03815599999999994
vn -0.047662 0.99808 0.039560999999999936
vn -0.048187 0.997998 0.04096599999999994
vn 0 6.123233995736766E-17 1
vn 0 6.123233995736766E-17 1
vn 0 6.123233995736766E-17 1
vn 0 6.123233995736766E-17 1
vn -0.407741 -0.913098 5.591112715039249E-17
vn -0.874065 -0.48581 2.9747283074688786E-17
vn 0.485826 -0.874055 5.352043290143699E-17
vn 0.913073 -0.407797 2.497036453759466E-17
vn -0.407742 -0.913097 5.591106591805254E-17
vn -0.874065 -0.485809 2.974722184234882E-17
vn 0.485836 -0.87405 5.35201267397372E-17
vn 0.913094 -0.40775 2.4967486617616662E-17
vn -0.407803 -0.91307 5.590941264487369E-17
vn -0.874073 -0.485795 2.9746364589589423E-17
vn 0.485778 -0.874082 5.352208617461584E-17
vn 0.913088 -0.407764 2.4968343870376068E-17
vn -0.407803 -0.91307 5.590941264487369E-17
vn -0.874072 -0.485796 2.974642582192938E-17
vn 0.485778 -0.874082 5.352208617461584E-17
vn 0.913084 -0.407771 -9.999999999750311E-07
vn 0 6.123233995736766E-17 1
vn 0 6.123233995736766E-17 1
vn 0 6.123233995736766E-17 1
vn 0 6.123233995736766E-17 1
vn 0.461738 -0.887017 5.4314126491964395E-17
vn 0.461738 -0.887017 5.4314126491964395E-17
vn 0.461738 -0.887017 5.4314126491964395E-17
vn 0.461738 -0.887017 5.4314126491964395E-17
vn -0.461738 0.887017 -5.4314126491964395E-17
vn -0.461738 0.887017 -5.4314126491964395E-17
vn -0.461738 0.887017 -5.4314126491964395E-17
vn -0.461738 0.887017 -5.4314126491964395E-17
vn -0.465309 0.88513 0.005622999999999947
vn -0.998797 0.043715 -0.022233000000000003
vn 0.533639 0.845251 0.027928999999999947
vn 0.9988 -0.043627 0.022235000000000005
vn -0.459069 0.887964 -0.027844000000000056
vn -0.998226 0.043813 -0.04032
vn 0.539065 0.842171 0.012494999999999947
vn 0.998239 -0.043516 0.040318
vn 0.460323 -0.887383 0.025559000000000054
vn 0.999015 -0.043428 -0.009153999999999997
vn -0.538597 -0.841851 0.034640000000000046
vn -0.998932 0.045306 0.009088999999999996
vn 0.46271 -0.886393 -0.014342999999999946
vn 0.998713 -0.043719 -0.025721999999999995
vn -0.536062 -0.844102 0.011376000000000053
vn -0.998847 0.040526 0.025716999999999997
vn 0.866001 0.499994 0.00693499999999997
vn -0.865996 0.49994 0.010533999999999969
vn -4.5E-05 0.999847 0.017466999999999937
vn 0.865994 -0.499944 -0.01053299999999997
vn -5.9E-05 -0.999847 -0.017465999999999936
vn 0.866001 0.499994 0.00693499999999997
vn 0.865994 -0.499944 -0.01053299999999997
vn -0.866051 -0.499908 -0.0069319999999999694
vn 0.865804 0.500217 0.01294899999999997
vn -0.865361 0.499885 -0.035583000000000024
vn 0.000236 0.999744 -0.02263100000000006
vn 0.865615 -0.499444 0.03558000000000003
vn -0.00014 -0.999744 0.022634000000000064
vn 0.865804 0.500217 0.01294899999999997
vn 0.865615 -0.499444 0.03558000000000003
vn -0.86601 -0.499859 -0.01296299999999997
vn 0.500052 0.865996 -5.3026961473720565E-17
vn -1 4.8E-05 -2.9391523179536477E-21
vn -0.499948 0.866055 -5.303057418177805E-17
vn 1 -5.3E-05 3.245314017740486E-21
vn 0.499954 -0.866052 5.303039048475818E-17
vn 0.500052 0.865996 -5.3026961473720565E-17
vn 1 -5.3E-05 3.245314017740486E-21
vn -0.500042 -0.866001 5.302726763542035E-17
vn -0.865527 -0.499188 0.040920000000000026
vn 0.866068 -0.499799 -0.011267999999999969
vn 0.00021 -0.999559 0.029679000000000063
vn -0.865739 0.50037 0.011240999999999968
vn -0.000213 0.999559 -0.029679000000000063
vn -0.865527 -0.499188 0.040920000000000026
vn -0.865739 0.50037 0.011240999999999968
vn 0.865196 0.49976 -0.04092800000000003
vn -1 -2E-06 1.2246467991473532E-22
vn -1 -2E-06 1.2246467991473532E-22
vn -1 -2E-06 1.2246467991473532E-22
vn -1 -2E-06 1.2246467991473532E-22
vn 1 6.123233995736766E-23 1E-06
vn 1 -2E-06 1.2246467991473532E-22
vn 1 6.123233995736766E-23 1E-06
vn 1 6.123233995736766E-23 1E-06
vn -0.996194 -0.087165 5.337316912383953E-18
vn 0.573592 -0.819141 5.01579201850181E-17
vn -0.42261 -0.906312 5.5495604491441797E-17
vn -0.573572 0.819155 -5.01587774377775E-17
vn 1 -3E-06 1.8369701987210298E-22
vn -0.499987 0.866033 -5.302922707029899E-17
vn 0.500003 0.866024 -5.302867597923937E-17
vn 0.500026 -0.86601 5.3027818726479965E-17
vn -0.999525 -0.021858 0.021749
vn -1 0 0
vn -0.999525 -0.021858 0.021749
vn -0.998098 -0.043695 0.043477
vn -0.865894 -0.50017 0.007661000000000031
vn 0.865585 -0.499902 -0.029329999999999967
vn -0.000131 -0.999765 -0.02166599999999994
vn -0.865766 0.49959 0.02932799999999997
vn 0.000124 0.999765 0.021666999999999936
vn -0.865894 -0.50017 0.007661000000000031
vn -0.865766 0.49959 0.02932799999999997
vn 0.866071 0.499863 -0.00767100000000003
vn 0.999523 0.021917 -0.02177
vn 0.999053 -2.6647702026046834E-18 -0.043519
vn 0.999523 0.021917 -0.02177
vn 0.99904 0.043813 -2.682772510552149E-18
vn -0.523455 -0.852053 5.217319895769499E-17
vn -0.930001 -0.367558 2.2506436410050142E-17
vn 0.367562 -0.929999 5.694601492801196E-17
vn 0.85203 -0.523493 3.205470134130227E-17
vn -0.523452 -0.852055 5.21733214223749E-17
vn -0.93 -0.367559 2.2506497642390102E-17
vn 0.367576 -0.929993 5.694564753397222E-17
vn 0.852055 -0.523452 3.2052190815364017E-17
vn -0.523487 -0.852034 5.2172035543235796E-17
vn -0.930003 -0.367552 2.2506069016010396E-17
vn 0.36754 -0.930008 5.694656601907158E-17
vn 0.852055 -0.523453 3.205225204770397E-17
vn -0.523468 -0.852045 5.217270909897533E-17
vn -0.93 -0.367559 2.2506497642390102E-17
vn 0.367558 -0.930001 5.694613739269188E-17
vn 0.852049 -0.523462 -9.999999999679472E-07
vn 0 6.123233995736766E-17 1
vn 0 6.123233995736766E-17 1
vn 0 6.123233995736766E-17 1
vn 0 6.123233995736766E-17 1
vn 0.087155 0.996195 -6.099935090382987E-17
vn 0.087155 0.996195 -6.099935090382987E-17
vn 0.087155 0.996195 -6.099935090382987E-17
vn 0.087155 0.996195 -6.099935090382987E-17
vn 0.766049 -0.642782 3.9359045942476695E-17
vn 0.939686 0.342037 -2.0943725861998162E-17
vn -0.173641 -0.984809 6.030215948107529E-17
vn -0.939685 -0.342042 2.094403202369795E-17
vn 0.17363 0.984811 -6.03022819457552E-17
vn -0.766059 0.64277 -3.935831115439721E-17
vn 0.939686 0.342037 -2.0943725861998162E-17
vn 0.766049 -0.642782 3.9359045942476695E-17
vn 0.996045 -0.087165 -0.017205999999999992
vn 0.573507 0.818953 -0.020134000000000048
vn 0.422729 -0.906252 0.0029240000000000555
vn -0.573381 -0.819041 0.02013200000000005
vn 0.996187 -0.087231 0.0016270000000000054
vn 0.573581 0.819007 -0.01527800000000005
vn 0.422536 -0.906188 0.016906000000000056
vn -0.573509 -0.819057 0.01528000000000005
vn -0.766059 0.642771 -3.9358372386737167E-17
vn -0.939689 -0.342029 2.0943236003278505E-17
vn 0.173626 0.984812 -6.030234317809516E-17
vn 0.939686 0.342038 -2.094378709433812E-17
vn -0.173638 -0.98481 6.030222071341524E-17
vn 0.766057 -0.642773 3.935849485141709E-17
vn -0.939689 -0.342029 2.0943236003278505E-17
vn -0.766059 0.642771 -3.9358372386737167E-17
vn 0.996138 -0.087801 -8.999999999999463E-05
vn 0.996133 -0.087857 -2.9999999999946206E-06
vn 0.996138 -0.087801 -8.999999999999463E-05
vn 0.996138 -0.087801 -8.999999999999463E-05
vn -0.99613 0.087224 -0.010840000000000006
vn -0.573552 -0.818962 -0.018397999999999953
vn -0.422671 0.906252 0.007555999999999945
vn 0.573406 0.819065 0.018397999999999953
vn -0.996194 0.087165 -5.337316912383953E-18
vn -0.573592 -0.819141 5.01579201850181E-17
vn -0.42261 0.906312 -5.5495604491441797E-17
vn 0.573558 0.819165 -5.015938976117708E-17
vn -0.087155 -0.996195 6.099935090382987E-17
vn -0.087155 -0.996195 6.099935090382987E-17
vn -0.087155 -0.996195 6.099935090382987E-17
vn -0.087155 -0.996195 6.099935090382987E-17
vn -0.087156 0.996195 9.999999999390007E-07
vn -0.087155 0.996195 1.9999999999390004E-06
vn -0.087156 0.996195 9.999999999390007E-07
vn -0.087157 0.996195 -6.099935090382987E-17
vn -0.766066 -0.642762 3.9357821295677547E-17
vn 0.939686 -0.342038 2.094378709433812E-17
vn 0.173616 -0.984814 6.030246564277507E-17
vn -0.939687 0.342035 -2.0943603397318248E-17
vn -0.173632 0.984811 -6.03022819457552E-17
vn -0.766066 -0.642762 3.9357821295677547E-17
vn -0.939687 0.342035 -2.0943603397318248E-17
vn 0.766057 0.642773 -3.935849485141709E-17
vn -0.996154 -0.087178 -0.008744999999999994
vn 0.57348 -0.819101 0.01392900000000005
vn -0.422664 -0.906272 0.005183000000000056
vn -0.573557 0.819047 -0.01393000000000005
vn -0.996149 -0.087295 0.008131000000000005
vn 0.573518 -0.81887 0.02301400000000005
vn -0.42229 -0.905926 0.031136000000000056
vn -0.573563 0.818838 -0.02301200000000005
vn 0.76606 0.64277 -3.935831115439721E-17
vn -0.939685 0.342041 -2.094397079135799E-17
vn -0.173625 0.984812 -6.030234317809516E-17
vn 0.939689 -0.342029 2.0943236003278505E-17
vn 0.173638 -0.98481 6.030222071341524E-17
vn 0.76606 0.64277 -3.935831115439721E-17
vn 0.939689 -0.342029 2.0943236003278505E-17
vn -0.766059 -0.64277 3.935831115439721E-17
vn -0.996133 -0.087858 -1.99999999999462E-06
vn -0.996138 -0.0878 -9.099999999999462E-05
vn -0.996133 -0.087858 -1.99999999999462E-06
vn -0.996133 -0.087858 -1.99999999999462E-06
vn 1 0 0
vn 1 0 0
vn 1 0 0
vn 1 0 0
vn 0.996103 0.087152 -0.013574000000000004
vn -0.573467 0.819095 0.01480599999999995
vn 0.42268 0.906278 0.0012289999999999445
vn 0.573543 -0.819042 -0.01480699999999995
vn 0.995996 0.087042 0.02038999999999999
vn -0.573726 0.818998 0.008992999999999949
vn 0.422231 0.906012 0.029381999999999943
vn 0.57349 -0.819163 -0.00900099999999995
vn -0.991455 -0.04328799999999999 0.123059
vn -0.991455 -0.04328799999999999 0.123059
vn -0.991455 -0.04328799999999999 0.123059
vn -0.991455 -0.04328799999999999 0.123059
vn 0.046976 -0.998031 0.04155200000000006
vn 0.04713 -0.998007 0.04197400000000006
vn 0.046976 -0.998031 0.04155200000000006
vn 0.046823 -0.998056 0.04113000000000006
vn 0.991455 0.043286000000000005 0.123056
vn 0.991456 0.04328300000000001 0.123053
vn 0.991455 0.043286000000000005 0.123056
vn 0.991455 0.04328800000000001 0.123059
vn -0.046977 0.998031 0.041558999999999936
vn -0.047129 0.998006 0.04197899999999994
vn -0.046977 0.998031 0.041558999999999936
vn -0.046825 0.998056 0.04113999999999994
vn 0 6.123233995736766E-17 1
vn 0 6.123233995736766E-17 1
vn 0 6.123233995736766E-17 1
vn 0 6.123233995736766E-17 1
vn 0.523445 0.85206 -5.217362758407469E-17
vn 0.929999 0.367562 -2.2506681339409974E-17
vn -0.367574 0.929995 -5.694576999865214E-17
vn -0.852033 0.523487 -3.205433394726253E-17
vn 0.523452 0.852055 -5.21733214223749E-17
vn 0.93 0.36756 -2.2506558874730056E-17
vn -0.367577 0.929993 -5.694564753397222E-17
vn -0.852057 0.52345 -3.20520683506841E-17
vn 0.523469 0.852045 -5.217270909897533E-17
vn 0.930001 0.367558 -2.2506436410050142E-17
vn -0.367559 0.93 -5.694607616035192E-17
vn -0.852055 0.523452 -3.2052190815364017E-17
vn 0.523469 0.852045 -5.217270909897533E-17
vn 0.930002 0.367556 -2.2506313945370228E-17
vn -0.367558 0.93 -5.694607616035192E-17
vn -0.85205 0.523461 -1.0000000000320527E-06
vn 0 6.123233995736766E-17 1
vn 0 6.123233995736766E-17 1
vn 0 6.123233995736766E-17 1
vn 0 6.123233995736766E-17 1
vn 0.793102 0.608243 0.03209399999999996
vn -0.923788 0.382637 -0.014320000000000024
vn -0.130517 0.991287 0.017786999999999942
vn 0.923681 -0.382896 0.014312000000000024
vn 0.130676 -0.991266 -0.01778199999999994
vn 0.793102 0.608243 0.03209399999999996
vn 0.923681 -0.382896 0.014312000000000024
vn -0.792834 -0.608592 -0.032094999999999964
vn 0.793148 0.608902 0.012400999999999964
vn -0.92334 0.382684 -0.03157300000000002
vn -0.130315 0.991287 -0.01917100000000006
vn 0.923499 -0.3823 0.031572000000000024
vn 0.130406 -0.991275 0.019173000000000058
vn 0.793148 0.608902 0.012400999999999964
vn 0.923499 -0.3823 0.031572000000000024
vn -0.793345 -0.608646 -0.012410999999999964
vn 0.382694 0.923875 -5.657102807811304E-17
vn -0.991452 -0.130476 7.989350788277504E-18
vn -0.608753 0.79336 -4.85792892285772E-17
vn 0.991448 0.1305 -7.99082036443648E-18
vn 0.60874 -0.79337 4.8579901551976785E-17
vn 0.382694 0.923875 -5.657102807811304E-17
vn 0.991448 0.1305 -7.99082036443648E-18
vn -0.38273 -0.92386 5.657010959301368E-17
vn -0.793051 -0.608068 0.03638300000000003
vn 0.923829 -0.382577 -0.013202999999999975
vn 0.130562 -0.991169 0.023200000000000057
vn -0.923659 0.382989 0.013187999999999976
vn -0.130681 0.991153 -0.02319600000000006
vn -0.793051 -0.608068 0.03638300000000003
vn -0.923659 0.382989 0.013187999999999976
vn 0.792706 0.608517 -0.036386000000000036
vn -0.991445 -0.130524 7.992289940595457E-18
vn -0.991445 -0.130524 7.992289940595457E-18
vn -0.991445 -0.130524 7.992289940595457E-18
vn -0.991445 -0.130524 7.992289940595457E-18
vn 0.991445 0.130526 1.9999999999920073E-06
vn 0.991445 0.130523 -7.992228708255498E-18
vn 0.991445 0.130526 1.9999999999920073E-06
vn 0.991445 0.130526 1.9999999999920073E-06
vn -0.97629 -0.216469 1.325490339823142E-17
vn 0.675596 -0.737272 4.514488974504837E-17
vn -0.300677 -0.953726 5.839887465818042E-17
vn -0.675591 0.737277 -4.5145195906748156E-17
vn 0.991444 0.130532 -7.992779799315115E-18
vn -0.608754 0.793359 -4.857922799623725E-17
vn 0.382678 0.923882 -5.657145670449275E-17
vn 0.608795 -0.793327 4.8577268561358617E-17
vn -0.991445 -0.130526 7.992412405275371E-18
vn -0.991445 -0.130526 7.992412405275371E-18
vn -0.991445 -0.130526 7.992412405275371E-18
vn -0.991445 -0.130526 7.992412405275371E-18
vn -0.793133 -0.60897 0.009777000000000036
vn 0.923275 -0.382637 -0.03395499999999998
vn 0.130319 -0.991177 -0.024173999999999942
vn -0.923455 0.382202 0.03395099999999998
vn -0.130325 0.991177 0.024173999999999942
vn -0.793133 -0.60897 0.009777000000000036
vn -0.923455 0.382202 0.03395099999999998
vn 0.793416 0.608601 -0.009793000000000036
vn 0.991445 0.130526 -7.992412405275371E-18
vn 0.991445 0.130526 -7.992412405275371E-18
vn 0.991445 0.130526 -7.992412405275371E-18
vn 0.991445 0.130526 -7.992412405275371E-18
vn 0.898713 0.438538 -2.6852707900224097E-17
vn -0.803487 0.595322 -3.645295908810003E-17
vn 0.07014 0.997537 -6.108152470405266E-17
vn 0.828657 -0.559757 3.4275230917516244E-17
vn -0.069859 -0.997557 6.108274935085182E-17
vn 0.898713 0.438538 -2.6852707900224097E-17
vn 0.828657 -0.559757 3.4275230917516244E-17
vn -0.917764 -0.397127 2.431701547024955E-17
vn 0.898702 0.43856 -2.6854055011703163E-17
vn -0.803484 0.595326 -3.645320401745986E-17
vn 0.070116 0.997539 -6.108164716873258E-17
vn 0.828643 -0.559777 3.427645556431539E-17
vn -0.069884 -0.997555 6.108262688617189E-17
vn 0.898702 0.43856 -2.6854055011703163E-17
vn 0.828643 -0.559777 3.427645556431539E-17
vn -0.917766 -0.397122 2.4316709308549757E-17
vn 0.055201 0.998475 -6.113896063893267E-17
vn 0.055201 0.998475 -6.113896063893267E-17
vn 0.055201 0.998475 -6.113896063893267E-17
vn 0.055201 0.998475 -6.113896063893267E-17
vn -0.0552 -0.998475 -9.99999999938861E-07
vn -0.055201 -0.998475 -1.999999999938861E-06
vn -0.0552 -0.998475 -9.99999999938861E-07
vn -0.0552 -0.998475 6.113896063893267E-17
vn 0.993436 -0.114387 7.004183670703415E-18
vn 0.993436 -0.114387 7.004183670703415E-18
vn 0.993436 -0.114387 7.004183670703415E-18
vn 0.993436 -0.114387 7.004183670703415E-18
vn 0.0552 0.998475 9.99999999938861E-07
vn 0.0552 0.998475 -6.113896063893267E-17
vn 0.0552 0.998475 9.99999999938861E-07
vn 0.055201 0.998475 1.999999999938861E-06
vn -0.764543 -0.644573 3.946871306334034E-17
vn -0.993436 0.114387 -7.004183670703415E-18
vn -0.764543 -0.644573 3.946871306334034E-17
vn -0.993436 0.114387 -7.004183670703415E-18
vn -0.977323 0.172328 0.12305999999999999
vn -0.977323 0.172328 0.12305999999999999
vn -0.977323 0.172328 0.12305999999999999
vn -0.977323 0.172328 0.12305999999999999
vn -0.17015 -0.984542 0.041549000000000065
vn -0.169995 -0.984551 0.04197000000000006
vn -0.17015 -0.984542 0.041549000000000065
vn -0.170305 -0.984533 0.04112800000000006
vn 0.977323 -0.172331 0.12305700000000001
vn 0.977322 -0.172333 0.12305500000000001
vn 0.977323 -0.172331 0.12305700000000001
vn 0.977322 -0.172329 0.12305900000000002
vn 0.17015 0.984541 0.041557999999999935
vn 0.169995 0.98455 0.041980999999999935
vn 0.17015 0.984541 0.041557999999999935
vn 0.170305 0.984532 0.041134999999999936
vn 0 6.123233995736766E-17 1
vn 0 6.123233995736766E-17 1
vn 0 6.123233995736766E-17 1
vn 0 6.123233995736766E-17 1
vn -0.087156 -0.996195 -9.999999999390007E-07
vn -0.087157 -0.996195 -9.999999999390007E-07
vn -0.087156 -0.996195 -9.999999999390007E-07
vn -0.087155 -0.996195 6.099935090382987E-17
vn -0.866048 -0.499961 3.061378191742549E-17
vn 0.866016 -0.500017 3.061721092846311E-17
vn -4.6E-05 -1 6.123233995736766E-17
vn -0.866017 0.500014 -3.061702723144323E-17
vn 1.6E-05 1 -6.123233995736766E-17
vn -0.866048 -0.499961 3.061378191742549E-17
vn -0.866017 0.500014 -3.061702723144323E-17
vn 0.866035 0.499983 -3.0615129028904553E-17
vn -0.996095 0.087102 -0.014461000000000005
vn 0.422457 -0.906176 0.019351000000000056
vn -0.573655 -0.819082 0.00488800000000005
vn -0.422614 0.906103 -0.019351000000000056
vn -0.996128 0.087167 0.011452999999999994
vn 0.422653 -0.906251 0.008591000000000055
vn -0.573384 -0.819041 0.020043000000000047
vn -0.422556 0.906296 -0.008593000000000055
vn 0.866028 0.499996 -3.0615925049324E-17
vn -0.866016 0.500017 -3.061721092846311E-17
vn 4E-06 1 -6.123233995736766E-17
vn 0.866023 -0.500005 3.061647614038362E-17
vn -5E-06 -1 6.123233995736766E-17
vn 0.866028 0.499996 -3.0615925049324E-17
vn 0.866023 -0.500005 3.061647614038362E-17
vn -0.866035 -0.499983 3.0615129028904553E-17
vn -0.996256 0.086453 -2.0000000000052934E-06
vn -0.996251 0.086511 -9.10000000000053E-05
vn -0.996256 0.086453 -2.0000000000052934E-06
vn -0.996256 0.086453 -2.0000000000052934E-06
vn 0.087156 0.996195 9.999999999390007E-07
vn 0.087157 0.996195 9.999999999390007E-07
vn 0.087156 0.996195 9.999999999390007E-07
vn 0.087155 0.996195 -6.099935090382987E-17
vn 0.996144 -0.087053 -0.010875999999999995
vn -0.422433 0.906151 0.020986999999999943
vn 0.573623 0.819057 0.010109999999999949
vn 0.422627 -0.906061 -0.020986999999999943
vn 0.996093 -0.087161 0.014202000000000005
vn -0.422718 0.906186 0.011702999999999944
vn 0.573254 0.818968 0.02590299999999995
vn 0.422595 -0.906243 -0.011706999999999945
vn -0.996195 0.087156 -5.336765821324336E-18
vn -0.996195 0.087156 -5.336765821324336E-18
vn -0.996195 0.087156 -5.336765821324336E-18
vn -0.996195 0.087156 -5.336765821324336E-18
vn -0.087156 -0.996195 6.099935090382987E-17
vn -0.087156 -0.996195 6.099935090382987E-17
vn -0.087156 -0.996195 6.099935090382987E-17
vn -0.087156 -0.996195 6.099935090382987E-17
vn 0.996195 -0.08715 5.336398427284592E-18
vn 0.996195 -0.08715 5.336398427284592E-18
vn 0.996195 -0.08715 5.336398427284592E-18
vn 0.996195 -0.087149 5.3363371949446345E-18
vn 0.087156 0.996195 9.999999999390007E-07
vn 0.087155 0.996195 1.9999999999390004E-06
vn 0.087156 0.996195 9.999999999390007E-07
vn 0.087156 0.996195 -6.099935090382987E-17
vn 0 6.123233995736766E-17 1
vn 0 6.123233995736766E-17 1
vn 0 6.123233995736766E-17 1
vn 0 6.123233995736766E-17 1
vn 0.852056 -0.523451 3.205212958302406E-17
vn 0.367548 -0.930005 5.694638232205171E-17
vn 0.929995 0.367572 -2.2507293662809548E-17
vn 0.523483 0.852036 -5.217215800791571E-17
vn 0.852052 -0.523457 3.20524969770638E-17
vn 0.367562 -0.929999 5.694601492801196E-17
vn 0.929995 0.367573 -2.2507354895149502E-17
vn 0.523441 0.852062 -5.21737500487546E-17
vn 0.852041 -0.523476 3.2053660391523E-17
vn 0.36755 -0.930004 5.694632108971176E-17
vn 0.930004 0.367549 -2.2505885318990528E-17
vn 0.523466 0.852047 -5.2172831563655244E-17
vn 0.852034 -0.523486 3.2054272714922564E-17
vn 0.367536 -0.930009 5.694662725141154E-17
vn 0.930006 0.367543 -2.2505517924950782E-17
vn 0.523458 0.852051 -5.217307649301507E-17
vn 0 6.123233995736766E-17 1
vn 0 6.123233995736766E-17 1
vn 0 6.123233995736766E-17 1
vn 0 6.123233995736766E-17 1
vn -0.999048 -0.043619 2.67089343660042E-18
vn -0.999048 -0.043619 2.67089343660042E-18
vn -0.999048 -0.043619 2.67089343660042E-18
vn -0.999048 -0.043619 2.67089343660042E-18
vn 0.04362 -0.999048 6.117404676972825E-17
vn 0.04362 -0.999048 6.117404676972825E-17
vn 0.04362 -0.999048 6.117404676972825E-17
vn 0.04362 -0.999048 6.117404676972825E-17
vn 0.999048 0.043624 -2.671199598300207E-18
vn 0.999048 0.043624 -2.671199598300207E-18
vn 0.999048 0.043624 -2.671199598300207E-18
vn 0.999048 0.043624 -2.671199598300207E-18
vn -0.043619 0.999048 1.999999999938826E-06
vn -0.04362 0.999048 3.999999999938825E-06
vn -0.043619 0.999048 1.999999999938826E-06
vn -0.043618 0.999048 -6.117404676972825E-17
vn 0 6.123233995736766E-17 1
vn 0 6.123233995736766E-17 1
vn 0 6.123233995736766E-17 1
vn 0 6.123233995736766E-17 1
vn 0.996195 0.087154 -5.336643356644421E-18
vn 0.996195 0.087155 -5.336704588984378E-18
vn 0.996195 0.087154 -5.336643356644421E-18
vn 0.996195 0.087154 -5.336643356644421E-18
vn -0.087155 0.996195 -6.099935090382987E-17
vn -0.087155 0.996195 -6.099935090382987E-17
vn -0.087155 0.996195 -6.099935090382987E-17
vn -0.087155 0.996195 -6.099935090382987E-17
vn -0.996194 -0.08716 5.337010750684165E-18
vn -0.996194 -0.08716 5.337010750684165E-18
vn -0.996194 -0.08716 5.337010750684165E-18
vn -0.996194 -0.08716 5.337010750684165E-18
vn 0.087155 -0.996195 1.0000000000609992E-06
vn 0.087155 -0.996195 2.0000000000609994E-06
vn 0.087155 -0.996195 1.0000000000609992E-06
vn 0.087155 -0.996195 6.099935090382987E-17
vn 0 6.123233995736766E-17 1
vn 0 6.123233995736766E-17 1
vn 0 6.123233995736766E-17 1
vn 0 6.123233995736766E-17 1
vn 0.996194 -0.087168 5.337500609403824E-18
vn 0.996194 -0.087168 5.337500609403824E-18
vn 0.996194 -0.087168 5.337500609403824E-18
vn 0.996194 -0.087168 5.337500609403824E-18
vn -0.996194 0.087166 -5.337378144723909E-18
vn -0.996194 0.087166 -5.337378144723909E-18
vn -0.996194 0.087166 -5.337378144723909E-18
vn -0.996194 0.087166 -5.337378144723909E-18
vn 0.996194 -0.087166 5.337378144723909E-18
vn 0.996194 -0.087166 5.337378144723909E-18
vn 0.996194 -0.087166 5.337378144723909E-18
vn 0.996194 -0.087166 5.337378144723909E-18
vn 0.996194 -0.087168 5.337500609403824E-18
vn 0.996194 -0.087168 5.337500609403824E-18
vn 0.996194 -0.087168 5.337500609403824E-18
vn 0.996194 -0.087168 5.337500609403824E-18
vn -0.996194 0.087168 -5.337500609403824E-18
vn -0.996194 0.087168 -5.337500609403824E-18
vn -0.996194 0.087168 -5.337500609403824E-18
vn -0.996194 0.087168 -5.337500609403824E-18
vn 0.996285 -0.082899 0.023320000000000004
vn 0.573413 0.8191 -0.016484000000000047
vn 0.425719 -0.903974 0.039930000000000056
vn -0.573748 -0.818867 0.016470000000000047
vn 0.995326 -0.089949 -0.03513499999999999
vn 0.573164 0.818128 -0.04636300000000005
vn 0.420772 -0.907097 0.011252000000000055
vn -0.572779 -0.818398 0.04635800000000005
vn -0.995821 0.088631 0.022017999999999992
vn -0.57343 -0.81921 -0.00854399999999995
vn -0.420728 0.906674 0.030500999999999945
vn 0.574884 0.818191 0.00849099999999995
vn -0.995968 0.085959 -0.025671000000000006
vn -0.57336 -0.818708 -0.03122199999999995
vn -0.424005 0.905643 0.005530999999999945
vn 0.570677 0.820582 0.03118399999999995
vn 0.04329 -0.991455 0.12305600000000005
vn 0.043291 -0.991455 0.12305700000000006
vn 0.04329 -0.991455 0.12305600000000005
vn 0.04329 -0.991455 0.12305500000000005
vn 0.998031 0.046977 0.041551
vn 0.998007 0.047129 0.041972
vn 0.998031 0.046977 0.041551
vn 0.998056 0.046824 0.041131
vn -0.043286 0.991455 0.12305899999999995
vn -0.043284 0.991455 0.12305699999999994
vn -0.043286 0.991455 0.12305899999999995
vn -0.043288 0.991455 0.12306099999999995
vn -0.998031 -0.046977 0.041555
vn -0.998007 -0.047129 0.041976
vn -0.998031 -0.046977 0.041555
vn -0.998056 -0.046824 0.041135
vn 0 6.123233995736766E-17 1
vn 0 6.123233995736766E-17 1
vn 0 6.123233995736766E-17 1
vn 0 6.123233995736766E-17 1
vn -0.087153 0.996195 -6.099935090382987E-17
vn -0.087153 0.996195 -6.099935090382987E-17
vn -0.087153 0.996195 -6.099935090382987E-17
vn -0.087153 0.996195 -6.099935090382987E-17
vn -0.996195 -0.087157 5.336827053664293E-18
vn -0.996195 -0.087157 5.336827053664293E-18
vn -0.996195 -0.087157 5.336827053664293E-18
vn -0.996195 -0.087157 5.336827053664293E-18
vn 0.087157 -0.996195 6.099935090382987E-17
vn 0.087157 -0.996195 6.099935090382987E-17
vn 0.087157 -0.996195 6.099935090382987E-17
vn 0.087157 -0.996195 6.099935090382987E-17
vn 0.996195 0.087156 -5.336765821324336E-18
vn 0.996195 0.087156 -5.336765821324336E-18
vn 0.996195 0.087156 -5.336765821324336E-18
vn 0.996195 0.087156 -5.336765821324336E-18
vn 0 6.123233995736766E-17 1
vn 0 6.123233995736766E-17 1
vn 0 6.123233995736766E-17 1
vn 0 6.123233995736766E-17 1
vn 0.087146 -0.996196 2.0000000000609994E-06
vn 0.087147 -0.996195 1.0000000000609992E-06
vn 0.087146 -0.996196 2.0000000000609994E-06
vn 0.087146 -0.996196 2.0000000000609994E-06
vn 0.087146 -0.996195 -9.999999999390007E-07
vn 0.087146 -0.996195 -9.999999999390007E-07
vn 0.087146 -0.996195 -9.999999999390007E-07
vn 0.087146 -0.996195 -9.999999999390007E-07
vn -0.087146 0.996196 -1.0000000000609995E-06
vn -0.087147 0.996195 -6.099935090382987E-17
vn -0.087146 0.996196 -1.0000000000609995E-06
vn -0.087146 0.996196 -1.0000000000609995E-06
vn -0.08715 0.996195 -6.099935090382987E-17
vn -0.08715 0.996195 -6.099935090382987E-17
vn -0.08715 0.996195 -6.099935090382987E-17
vn -0.08715 0.996195 -6.099935090382987E-17
vn -0.906137 0.422867 0.009936999999999974
vn -0.816444 -0.576326 0.03559800000000003
vn -0.087346 0.995848 -0.025626000000000062
vn 0.818534 0.573356 -0.035567000000000036
vn 0.091404 -0.995487 0.025517000000000064
vn 0.906332 -0.42245 -0.009954999999999974
vn -0.816444 -0.576326 0.03559800000000003
vn -0.906137 0.422867 0.009936999999999974
vn -0.905684 0.422376 0.03653399999999997
vn -0.820362 -0.571676 0.013867000000000036
vn -0.086667 0.995978 0.022745999999999936
vn 0.819123 0.573452 -0.013794000000000035
vn 0.084323 -0.99618 -0.022677999999999938
vn 0.905607 -0.42254 -0.03653499999999997
vn -0.820362 -0.571676 0.013867000000000036
vn -0.905684 0.422376 0.03653399999999997
vn 0.90562 -0.423956 0.010693000000000025
vn 0.8199 0.572018 0.023653999999999967
vn 0.085892 -0.99622 -0.01296099999999994
vn -0.818858 -0.573509 -0.023655999999999965
vn -0.085591 0.996246 0.012966999999999939
vn -0.906263 0.422579 -0.010725000000000026
vn 0.8199 0.572018 0.023653999999999967
vn 0.90562 -0.423956 0.010693000000000025
vn 0.907394 -0.419763 0.020878000000000025
vn 0.818353 0.574715 8.099999999996481E-05
vn 0.089924 -0.995731 0.020832000000000062
vn -0.819217 -0.573483 -0.00011799999999996488
vn -0.088394 0.995868 -0.020815000000000063
vn -0.906115 0.422514 -0.020915000000000024
vn 0.818353 0.574715 8.099999999996481E-05
vn 0.907394 -0.419763 0.020878000000000025
vn 0.087156 -0.996195 6.099935090382987E-17
vn 0.087157 -0.996195 1.0000000000609992E-06
vn 0.087156 -0.996195 6.099935090382987E-17
vn 0.087156 -0.996195 6.099935090382987E-17
vn -0.866034 0.499985 -3.061525149358447E-17
vn -0.866029 -0.499994 3.061580258464409E-17
vn -1.7E-05 1 -6.123233995736766E-17
vn 0.866016 0.500016 -3.061714969612315E-17
vn -7E-06 -1 6.123233995736766E-17
vn 0.866035 -0.499984 3.061519026124451E-17
vn -0.866029 -0.499994 3.061580258464409E-17
vn -0.866034 0.499985 -3.061525149358447E-17
vn -0.996197 -0.087127 -0.0010269999999999945
vn -0.422642 -0.906234 -0.010686999999999945
vn -0.573558 0.819108 0.00965799999999995
vn 0.422591 0.906258 0.010686999999999945
vn -0.996198 -0.086986 0.004716000000000005
vn -0.422638 -0.905963 -0.024671999999999944
vn -0.573268 0.818841 0.02938199999999995
vn 0.422535 0.906011 0.024673999999999946
vn 0.866028 -0.499996 3.0615925049324E-17
vn 0.866023 0.500003 -3.06163536757037E-17
vn 4E-06 -1 6.123233995736766E-17
vn -0.866017 -0.500014 3.061702723144323E-17
vn -4E-06 1 -6.123233995736766E-17
vn -0.866034 0.499986 -3.0615312725924425E-17
vn 0.866023 0.500003 -3.06163536757037E-17
vn 0.866028 -0.499996 3.0615925049324E-17
vn -0.996251 -0.086511 -9.09999999999947E-05
vn -0.996256 -0.086453 -1.9999999999947064E-06
vn -0.996251 -0.086511 -9.09999999999947E-05
vn -0.996251 -0.086511 -9.09999999999947E-05
vn 0.996066 0.08711 -0.016259000000000006
vn 0.4226 0.906099 -0.019849000000000054
vn 0.573666 -0.819082 0.0035880000000000504
vn -0.422445 -0.906171 0.019848000000000057
vn 0.996092 0.087176 0.014175999999999994
vn 0.422579 0.906285 -0.008626000000000055
vn 0.573316 -0.819017 0.02279900000000005
vn -0.422695 -0.906231 0.008624000000000055
vn -0.087156 0.996195 -6.099935090382987E-17
vn -0.087156 0.996195 -6.099935090382987E-17
vn -0.087156 0.996195 -6.099935090382987E-17
vn -0.087157 0.996195 -1.0000000000609992E-06
vn -3E-06 -1 6.123233995736766E-17
vn -3E-06 -1 6.123233995736766E-17
vn -3E-06 -1 6.123233995736766E-17
vn -3E-06 -1 6.123233995736766E-17
vn 1 1E-06 -6.123233995736766E-23
vn 1 1E-06 -6.123233995736766E-23
vn 1 1E-06 -6.123233995736766E-23
vn 1 1E-06 -6.123233995736766E-23
vn 0 1 -6.123233995736766E-17
vn 0 1 -6.123233995736766E-17
vn 0 1 -6.123233995736766E-17
vn 0 1 -6.123233995736766E-17
vn -1 0 0
vn -1 0 0
vn -1 0 0
vn -1 0 0
vn 0 6.123233995736766E-17 1
vn 0 6.123233995736766E-17 1
vn 0 6.123233995736766E-17 1
vn 0 6.123233995736766E-17 1
vn 8E-06 1 -6.123233995736766E-17
vn 8E-06 1 -6.123233995736766E-17
vn 8E-06 1 -6.123233995736766E-17
vn 8E-06 1 -6.123233995736766E-17
vn -8E-06 -1 6.123233995736766E-17
vn -8E-06 -1 6.123233995736766E-17
vn -8E-06 -1 6.123233995736766E-17
vn -8E-06 -1 6.123233995736766E-17
vn 0.865868 -0.500144 0.01134000000000003
vn 0.86363 0.503126 0.03172699999999997
vn 0.000225 -0.999793 -0.020366999999999937
vn -0.865505 -0.499896 -0.03170899999999997
vn -0.004231 0.999786 0.020265999999999937
vn -0.866013 0.499893 -0.011351000000000031
vn 0.86363 0.503126 0.03172699999999997
vn 0.865868 -0.500144 0.01134000000000003
vn 0.865481 -0.499877 0.032656000000000025
vn 0.867059 0.497878 0.018044999999999967
vn -0.000348 -0.999892 0.01467800000000006
vn -0.865862 -0.499959 -0.017978999999999967
vn 0.002818 0.999889 -0.01460500000000006
vn -0.865449 0.499932 -0.032656000000000025
vn 0.867059 0.497878 0.018044999999999967
vn 0.865481 -0.499877 0.032656000000000025
vn -0.865205 0.501383 0.00597899999999997
vn -0.866567 -0.498221 0.028958000000000032
vn 0.001285 0.999735 -0.022981000000000064
vn 0.865617 0.499867 -0.02897700000000003
vn -0.001439 -0.999735 0.022984000000000063
vn 0.866081 -0.499867 -0.0060309999999999695
vn -0.866567 -0.498221 0.028958000000000032
vn -0.865205 0.501383 0.00597899999999997
vn -0.867334 0.497279 0.02110699999999997
vn -0.865311 -0.501152 0.009134000000000031
vn -0.002892 0.999924 0.01200499999999994
vn 0.865992 0.499973 -0.009160000000000031
vn 0.001162 -0.999928 -0.011974999999999939
vn 0.865795 -0.499953 -0.021111999999999968
vn -0.865311 -0.501152 0.009134000000000031
vn -0.867334 0.497279 0.02110699999999997
vn 0.842999 -0.536736 0.03559000000000003
vn 0.886718 0.461919 0.01904099999999997
vn -0.043585 -0.998913 0.01655700000000006
vn -0.886828 -0.461706 -0.01904799999999997
vn 0.043874 0.9989 -0.016548000000000063
vn -0.842714 0.537183 -0.03558900000000004
vn 0.886718 0.461919 0.01904099999999997
vn 0.842999 -0.536736 0.03559000000000003
vn 0.843178 -0.537433 0.014707000000000033
vn 0.886632 0.461299 0.032985999999999974
vn -0.04337 -0.998892 -0.018278999999999938
vn -0.886414 -0.461717 -0.032985999999999974
vn 0.043551 0.998884 0.01828399999999994
vn -0.843334 0.537188 -0.014716000000000033
vn 0.886632 0.461299 0.032985999999999974
vn 0.843178 -0.537433 0.014707000000000033
vn 0.461775 -0.886997 5.4312901845165246E-17
vn 0.99905 -0.043588 2.6689952340617416E-18
vn -0.537275 -0.843407 5.1643784146423586E-17
vn -0.999051 0.043568 -2.6677705872625946E-18
vn 0.537273 0.843408 -5.164384537876355E-17
vn -0.461794 0.886987 -5.431228952176567E-17
vn 0.99905 -0.043588 2.6689952340617416E-18
vn 0.461775 -0.886997 5.4312901845165246E-17
vn -0.842917 0.536518 0.040492999999999967
vn -0.886692 -0.46205 0.016946000000000027
vn 0.043671 0.998768 0.023554999999999937
vn 0.886907 0.461636 -0.016963000000000027
vn -0.043897 -0.998758 -0.023547999999999937
vn 0.842545 -0.537102 -0.04049499999999997
vn -0.886692 -0.46205 0.016946000000000027
vn -0.842917 0.536518 0.040492999999999967
vn 0.999048 -0.043617 2.6707709719205053E-18
vn 0.999048 -0.043617 2.6707709719205053E-18
vn 0.999048 -0.043617 2.6707709719205053E-18
vn 0.999048 -0.043617 2.6707709719205053E-18
vn 0.999048 -0.04362 2.6709546689403774E-18
vn 0.999048 -0.04362 2.6709546689403774E-18
vn 0.999048 -0.04362 2.6709546689403774E-18
vn 0.999048 -0.04362 2.6709546689403774E-18
vn -0.991443 0.130539 -7.993208425694817E-18
vn -0.608743 -0.793368 4.8579779087296864E-17
vn -0.382671 0.923885 -5.657164040151261E-17
vn 0.608769 0.793347 -4.8578493208157765E-17
vn 0.999048 -0.043628 2.671444527660036E-18
vn 0.537323 0.843376 -5.164188594388491E-17
vn 0.461741 -0.887015 5.4314004027284474E-17
vn -0.537288 -0.843399 5.164329428770393E-17
vn 0.043867 0.999037 -0.0005190000000000612
vn 0.044323 0.999017 0.00017999999999993884
vn 0.043867 0.999037 -0.0005190000000000612
vn 0.043867 0.999037 -0.0005190000000000612
vn -0.043985 -0.999032 6.117306705228893E-17
vn -0.044323 -0.999017 0.0005190000000000612
vn -0.043985 -0.999032 6.117306705228893E-17
vn -0.043985 -0.999032 6.117306705228893E-17
vn -0.843223 0.537474 0.009831999999999968
vn -0.886688 -0.461325 0.031049000000000028
vn 0.043449 0.99883 -0.021217000000000062
vn 0.886504 0.461678 -0.031051000000000026
vn -0.043484 -0.998829 0.021218000000000063
vn 0.843418 -0.537168 -0.009842999999999966
vn -0.886688 -0.461325 0.031049000000000028
vn -0.843223 0.537474 0.009831999999999968
vn 0.999048 -0.043619 2.67089343660042E-18
vn 0.999048 -0.043619 2.67089343660042E-18
vn 0.999048 -0.043619 2.67089343660042E-18
vn 0.999048 -0.043619 2.67089343660042E-18
vn -0.999048 0.043619 -2.67089343660042E-18
vn -0.999048 0.043619 -2.67089343660042E-18
vn -0.999048 0.043619 -2.67089343660042E-18
vn -0.999048 0.043619 -2.67089343660042E-18
vn -0.999048 0.043618 -2.6708322042604624E-18
vn -0.999048 0.043618 -1.0000000000026709E-06
vn -0.999048 0.043618 -2.6708322042604624E-18
vn -0.999048 0.043617 -2.6707709719205053E-18
vn -0.60873 -0.793338 0.007857000000000048
vn 0.382687 -0.923864 0.005051000000000056
vn -0.991442 0.130516 0.002805999999999992
vn -0.382692 0.923862 -0.005051000000000056
vn 0.991439 -0.130543 -0.002805999999999992
vn 0.608748 0.793325 -0.007857000000000048
vn 0.382687 -0.923864 0.005051000000000056
vn -0.60873 -0.793338 0.007857000000000048
vn -0.043644 -0.998937 -0.01486399999999994
vn 0.843214 -0.537261 -0.01844999999999997
vn -0.886959 -0.461834 0.0035820000000000283
vn -0.843284 0.537151 0.01844899999999997
vn -0.043569 -0.998972 0.012552000000000061
vn 0.843408 -0.53726 -0.003957999999999967
vn -0.886921 -0.461626 0.016510000000000028
vn -0.843353 0.537346 0.003956999999999967
vn 0.608757 0.79334 0.005224999999999951
vn -0.38268 0.923861 0.006084999999999944
vn 0.991446 -0.130518 -0.000859999999999992
vn 0.382715 -0.923846 -0.006083999999999944
vn -0.991444 0.130528 0.000859999999999992
vn -0.608734 -0.793357 -0.005224999999999951
vn -0.38268 0.923861 0.006084999999999944
vn 0.608757 0.79334 0.005224999999999951
vn -0.044265 -0.99902 -9.199999999993882E-05
vn -0.044324 -0.999017 -9.999999999388279E-07
vn -0.044265 -0.99902 -9.199999999993882E-05
vn -0.044265 -0.99902 -9.199999999993882E-05
vn 0.043792 0.998924 -0.01524300000000006
vn -0.842921 0.537245 -0.02919300000000003
vn 0.886836 0.461873 0.013947999999999973
vn 0.843122 -0.536929 0.02919300000000003
vn 0.043605 0.998967 0.012810999999999939
vn -0.843367 0.537265 -0.008848000000000033
vn 0.886862 0.461528 0.021654999999999973
vn 0.843314 -0.537349 0.008846000000000033
vn 0.999048 -0.043618 2.6708322042604624E-18
vn 0.999048 -0.043618 2.6708322042604624E-18
vn 0.999048 -0.043618 2.6708322042604624E-18
vn 0.999048 -0.043617 1.0000000000026706E-06
vn 0.992399 7.535190522813707E-18 0.123059
vn 0.992399 7.535190522813707E-18 0.123059
vn 0.992399 7.535190522813707E-18 0.123059
vn 0.992399 7.535190522813707E-18 0.123059
vn -0.003399 0.999131 0.041549999999999934
vn -0.003553 0.999113 0.04197099999999994
vn -0.003399 0.999131 0.041549999999999934
vn -0.003246 0.999149 0.041128999999999936
vn -0.9924 2.000000000007535E-06 0.123057
vn -0.9924 4.000000000007535E-06 0.123054
vn -0.9924 2.000000000007535E-06 0.123057
vn -0.992399 7.535190522813707E-18 0.123059
vn 0.003398 -0.99913 0.041555000000000064
vn 0.003551 -0.999112 0.04197600000000006
vn 0.003398 -0.99913 0.041555000000000064
vn 0.003244 -0.999148 0.04113400000000006
vn 0 6.123233995736766E-17 1
vn 0 6.123233995736766E-17 1
vn 0 6.123233995736766E-17 1
vn 0 6.123233995736766E-17 1
vn -0.996163 -0.087518 -0.0005649999999999947
vn -0.996194 -0.087154 -0.0011299999999999945
vn -0.996163 -0.087518 -0.0005649999999999947
vn -0.996131 -0.087883 5.381281732473342E-18
vn 0.076343 -0.996833 0.022254000000000062
vn 0.091697 -0.99413 0.057416000000000064
vn 0.076343 -0.996833 0.022254000000000062
vn 0.060877 -0.998061 -0.012940999999999939
vn 0.996236 0.086677 -0.0007470000000000054
vn 0.996195 0.087156 -5.336765821324336E-18
vn 0.996236 0.086677 -0.0007470000000000054
vn 0.996277 0.086199 -0.0014930000000000052
vn -0.091846 0.995773 -6.097351085636787E-17
vn -0.091846 0.995773 -6.097351085636787E-17
vn -0.091846 0.995773 -6.097351085636787E-17
vn -0.091846 0.995773 -6.097351085636787E-17
vn 0 6.123233995736766E-17 1
vn 0 6.123233995736766E-17 1
vn 0 6.123233995736766E-17 1
vn 0 6.123233995736766E-17 1
vn 0.995773 0.087111 0.029110999999999995
vn 0.995773 0.087111 0.029110999999999995
vn 0.995773 0.087111 0.029110999999999995
vn 0.995773 0.087111 0.029110999999999995
vn -0.995773 -0.087111 -0.029110999999999995
vn -0.995773 -0.08711 -0.029111999999999992
vn -0.995773 -0.087111 -0.029110999999999995
vn -0.995773 -0.087111 -0.029110999999999995
vn -0.422407 -0.906192 0.019715000000000055
vn 0.577036 -0.816666 0.00927700000000005
vn -0.996136 -0.087206 0.010367000000000005
vn -0.573543 0.819122 -0.00935200000000005
vn 0.995777 0.091216 -0.010435000000000005
vn 0.422608 0.906098 -0.019716000000000056
vn 0.577036 -0.816666 0.00927700000000005
vn -0.422407 -0.906192 0.019715000000000055
vn -0.422949 -0.906126 0.007055000000000055
vn 0.571462 -0.820617 0.0043210000000000505
vn -0.996224 -0.086776 0.0027460000000000054
vn -0.573586 0.819134 -0.00430700000000005
vn 0.996414 0.084568 -0.0027320000000000053
vn 0.422603 0.906288 -0.007056000000000055
vn 0.571462 -0.820617 0.0043210000000000505
vn -0.422949 -0.906126 0.007055000000000055
vn 0.423848 0.905603 0.015342999999999945
vn -0.572157 0.819949 0.017911999999999952
vn 0.996304 0.085863 -0.0025660000000000053
vn 0.573556 -0.818971 -0.017898999999999953
vn -0.996335 -0.0855 0.0025730000000000054
vn -0.42263 -0.906172 -0.015358999999999944
vn -0.572157 0.819949 0.017911999999999952
vn 0.423848 0.905603 0.015342999999999945
vn 0.419839 0.90734 0.021668999999999945
vn -0.57454 0.818274 0.01819799999999995
vn 0.995922 0.090154 0.003497999999999994
vn 0.57356 -0.818961 -0.01821499999999995
vn -0.996091 -0.08827 -0.003454999999999995
vn -0.422632 -0.906043 -0.021642999999999944
vn -0.57454 0.818274 0.01819799999999995
vn 0.419839 0.90734 0.021668999999999945
vn 0 -0.998324 0.05787200000000006
vn 0 -0.998324 0.05787200000000006
vn 0 -0.998324 0.05787200000000006
vn 0 -0.998324 0.05787200000000006
vn 0.998097 3.7762596375108205E-18 0.061671
vn 0.998097 3.7762596375108205E-18 0.061671
vn 0.998097 3.7762596375108205E-18 0.061671
vn 0.998097 3.7762596375108205E-18 0.061671
vn 0 0.998324 0.05787199999999994
vn 0 0.998324 0.05787199999999994
vn 0 0.998324 0.05787199999999994
vn 0 0.998324 0.05787199999999994
vn -0.998097 3.7762596375108205E-18 0.061671
vn -0.998097 3.7762596375108205E-18 0.061671
vn -0.998097 3.7762596375108205E-18 0.061671
vn -0.998097 3.7762596375108205E-18 0.061671
vn 0 6.123233995736766E-17 1
vn 0 6.123233995736766E-17 1
vn 0 6.123233995736766E-17 1
vn 0 6.123233995736766E-17 1
vn 0 0.998324 0.05787199999999994
vn 0 0.998324 0.05787199999999994
vn 0 0.998324 0.05787199999999994
vn 0 0.998324 0.05787199999999994
vn -0.998096 3.776443334530693E-18 0.061674
vn -0.998096 3.776443334530693E-18 0.061674
vn -0.998096 3.776443334530693E-18 0.061674
vn -0.998096 3.776443334530693E-18 0.061674
vn 0 -0.998324 0.05787200000000006
vn 0 -0.998324 0.05787200000000006
vn 0 -0.998324 0.05787200000000006
vn 0 -0.998324 0.05787200000000006
vn 0.998096 3.776320869850778E-18 0.061672
vn 0.998096 3.776320869850778E-18 0.061672
vn 0.998096 3.776320869850778E-18 0.061672
vn 0.998096 3.776320869850778E-18 0.061672
vn 0 6.123233995736766E-17 1
vn 0 6.123233995736766E-17 1
vn 0 6.123233995736766E-17 1
vn 0 6.123233995736766E-17 1
vn 0.998324 3.543515513332866E-18 0.05787
vn 0.998324 3.543515513332866E-18 0.05787
vn 0.998324 3.543515513332866E-18 0.05787
vn 0.998324 3.543515513332866E-18 0.05787
vn 0 0.998096 0.06167499999999994
vn 0 0.998096 0.06167499999999994
vn 0 0.998096 0.06167499999999994
vn 0 0.998096 0.06167499999999994
vn -0.998324 3.543454280992909E-18 0.057869
vn -0.998324 3.543454280992909E-18 0.057869
vn -0.998324 3.543454280992909E-18 0.057869
vn -0.998324 3.543454280992909E-18 0.057869
vn 0 -0.998097 0.06167300000000006
vn 0 -0.998097 0.06167300000000006
vn 0 -0.998097 0.06167300000000006
vn 0 -0.998097 0.06167300000000006
vn 0 6.123233995736766E-17 1
vn 0 6.123233995736766E-17 1
vn 0 6.123233995736766E-17 1
vn 0 6.123233995736766E-17 1
vn 0.707107 0.707106 -4.3297754977894416E-17
vn -0.258815 0.965927 -5.914597043800027E-17
vn 0.965926 -0.25882 1.5848154227765898E-17
vn 0.258807 -0.965929 5.914609290268019E-17
vn -0.965925 0.258823 -1.5848337924785773E-17
vn -0.707116 -0.707098 4.329726511917476E-17
vn -0.258815 0.965927 -5.914597043800027E-17
vn 0.707107 0.707106 -4.3297754977894416E-17
vn 0 -0.998324 0.05787000000000006
vn 0 -0.998324 0.05787000000000006
vn 0 -0.998324 0.05787000000000006
vn 0 -0.998324 0.05787000000000006
vn 0.998096 3.776565799210608E-18 0.061676
vn 0.998096 3.776565799210608E-18 0.061676
vn 0.998096 3.776565799210608E-18 0.061676
vn 0.998096 3.776565799210608E-18 0.061676
vn 0 0.998324 0.057868999999999934
vn 0 0.998324 0.057868999999999934
vn 0 0.998324 0.057868999999999934
vn 0 0.998324 0.057868999999999934
vn -0.998096 3.776443334530693E-18 0.061674
vn -0.998096 3.776443334530693E-18 0.061674
vn -0.998096 3.776443334530693E-18 0.061674
vn -0.998096 3.776443334530693E-18 0.061674
vn 0 6.123233995736766E-17 1
vn 0 6.123233995736766E-17 1
vn 0 6.123233995736766E-17 1
vn 0 6.123233995736766E-17 1
vn 0.707107 0.707106 -4.3297754977894416E-17
vn -0.258815 0.965927 -5.914597043800027E-17
vn 0.965926 -0.25882 1.5848154227765898E-17
vn 0.258807 -0.965929 5.914609290268019E-17
vn -0.965925 0.258823 -1.5848337924785773E-17
vn -0.707116 -0.707098 4.329726511917476E-17
vn -0.258815 0.965927 -5.914597043800027E-17
vn 0.707107 0.707106 -4.3297754977894416E-17
vn 0.707104 0.70711 -4.3297999907254245E-17
vn -0.258819 0.965926 -5.914590920566031E-17
vn 0.965927 -0.258815 1.5847848066066113E-17
vn 0.25883 -0.965923 5.914572550864044E-17
vn -0.965926 0.258819 -1.584809299542594E-17
vn -0.707099 -0.707115 4.3298306068954036E-17
vn -0.258819 0.965926 -5.914590920566031E-17
vn 0.707104 0.70711 -4.3297999907254245E-17
vn 0.707104 0.70711 -4.3297999907254245E-17
vn -0.258819 0.965926 -5.914590920566031E-17
vn 0.965927 -0.258815 1.5847848066066113E-17
vn 0.25883 -0.965923 5.914572550864044E-17
vn -0.965926 0.258819 -1.584809299542594E-17
vn -0.707099 -0.707115 4.3298306068954036E-17
vn -0.258819 0.965926 -5.914590920566031E-17
vn 0.707104 0.70711 -4.3297999907254245E-17
vn 0.608187 0.793014 0.03518499999999995
vn -0.382854 0.923592 0.020033999999999944
vn 0.991338 -0.130455 0.015160000000000009
vn 0.382677 -0.923665 -0.020038999999999946
vn -0.991296 0.130774 -0.015150000000000009
vn -0.608595 -0.792701 -0.03518399999999995
vn -0.382854 0.923592 0.020033999999999944
vn 0.608187 0.793014 0.03518499999999995
vn 0.608815 0.793161 0.015492999999999951
vn -0.382361 0.92354 0.029541999999999943
vn 0.991375 -0.130297 -0.014049999999999991
vn 0.382706 -0.923398 -0.029542999999999944
vn -0.991347 0.130511 0.014053999999999992
vn -0.60869 -0.793257 -0.015497999999999951
vn -0.382361 0.92354 0.029541999999999943
vn 0.608815 0.793161 0.015492999999999951
vn 0.923872 0.382701 -2.343367773402456E-17
vn 0.130495 0.991449 -6.070874221839221E-17
vn 0.793365 -0.608747 3.7275003252027694E-17
vn -0.130492 -0.991449 6.070874221839221E-17
vn -0.793372 0.608737 -3.727439092862812E-17
vn -0.923866 -0.382715 2.3434534986783966E-17
vn 0.130495 0.991449 -6.070874221839221E-17
vn 0.923872 0.382701 -2.343367773402456E-17
vn -0.608161 -0.793059 0.03460200000000005
vn 0.382915 -0.923655 0.015398000000000057
vn -0.99126 0.13052 0.019210999999999992
vn -0.382627 0.923774 -0.015407000000000058
vn 0.991234 -0.130717 -0.019204999999999993
vn 0.608566 0.792749 -0.03460300000000005
vn 0.382915 -0.923655 0.015398000000000057
vn -0.608161 -0.793059 0.03460200000000005
vn -0.112703 -0.993629 6.084222871949927E-17
vn -0.112703 -0.993629 6.084222871949927E-17
vn -0.112703 -0.993629 6.084222871949927E-17
vn -0.112703 -0.993629 6.084222871949927E-17
vn 0.130526 0.991445 9.999999999392914E-07
vn 0.130527 0.991445 -6.070849728903238E-17
vn 0.130526 0.991445 9.999999999392914E-07
vn 0.130526 0.991445 9.999999999392914E-07
vn -0.216465 -0.97629 5.978052117697847E-17
vn 0.737278 -0.67559 4.1367956551798016E-17
vn -0.953725 -0.300681 1.8411401210721263E-17
vn -0.737256 0.675614 -4.1369426127957E-17
vn 0.130533 0.991444 -6.070843605669242E-17
vn -0.793327 0.608796 -3.7278003636685604E-17
vn 0.923882 0.382677 -2.3432208157865584E-17
vn 0.793364 -0.608748 3.7275064484367645E-17
vn -0.991412 0.130772 -0.000521000000000008
vn -0.991353 0.131225 0.000179999999999992
vn -0.991412 0.130772 -0.000521000000000008
vn -0.991412 0.130772 -0.000521000000000008
vn 0.991397 -0.130888 8.014578512339938E-18
vn 0.991352 -0.131225 0.000521000000000008
vn 0.991397 -0.130888 8.014578512339938E-18
vn 0.991397 -0.130888 8.014578512339938E-18
vn -0.608822 -0.793158 0.015377000000000049
vn 0.382367 -0.923538 0.029558000000000056
vn -0.991373 0.130303 -0.014181000000000008
vn -0.382713 0.923394 -0.029558000000000056
vn 0.991347 -0.130501 0.014185000000000008
vn 0.608683 0.793265 -0.015382000000000048
vn 0.382367 -0.923538 0.029558000000000056
vn -0.608822 -0.793158 0.015377000000000049
vn -0.130526 -0.991445 6.070849728903238E-17
vn -0.130526 -0.991445 6.070849728903238E-17
vn -0.130526 -0.991445 6.070849728903238E-17
vn -0.130526 -0.991445 6.070849728903238E-17
vn 0.130526 0.991445 -6.070849728903238E-17
vn 0.130526 0.991445 -6.070849728903238E-17
vn 0.130526 0.991445 -6.070849728903238E-17
vn 0.130526 0.991445 -6.070849728903238E-17
vn 0.447204 0.894432 -5.476816429274827E-17
vn 0.894426 0.447216 -2.7384082146374135E-17
vn -0.447218 0.894425 -5.476773566636857E-17
vn -0.894417 0.447233 -2.7385123096153412E-17
vn 0.447193 0.894437 -5.476847045444806E-17
vn 0.894423 0.447223 -2.7384510772753835E-17
vn -0.447238 0.894415 -5.476712334296899E-17
vn -0.894438 0.447191 -2.73825513378752E-17
vn 0.447223 0.894422 -5.47675519693487E-17
vn 0.894428 0.447211 -2.738377598467435E-17
vn -0.447207 0.89443 -5.4768041828068355E-17
vn -0.894433 0.447203 -2.738328612595469E-17
vn 0.447243 0.894413 -5.4767000878289085E-17
vn 0.894431 0.447206 -2.738346982297456E-17
vn -0.447189 0.89444 -5.476865415146793E-17
vn -0.894428 0.447212 -2.0000000000273836E-06
vn 0 6.123233995736766E-17 1
vn 0 6.123233995736766E-17 1
vn 0 6.123233995736766E-17 1
vn 0 6.123233995736766E-17 1
vn 0.043618 -0.999048 6.117404676972825E-17
vn 0.043618 -0.999048 6.117404676972825E-17
vn 0.043618 -0.999048 6.117404676972825E-17
vn 0.043618 -0.999048 6.117404676972825E-17
vn 0.793356 0.608758 -3.727567680776722E-17
vn -0.92387 0.382706 -2.3433983895724346E-17
vn -0.130522 0.991445 -6.070849728903238E-17
vn 0.923882 -0.382677 2.3432208157865584E-17
vn 0.130534 -0.991444 6.070843605669242E-17
vn 0.793356 0.608758 -3.727567680776722E-17
vn 0.923882 -0.382677 2.3432208157865584E-17
vn -0.793368 -0.608742 3.72746970903279E-17
vn 0.998985 0.043671 -0.011008000000000004
vn -0.537143 0.843301 0.017886999999999948
vn 0.461811 0.886952 0.006877999999999946
vn 0.537288 -0.843209 -0.01788799999999995
vn 0.998975 0.043644 0.012046999999999997
vn -0.537335 0.843229 0.015356999999999949
vn 0.461442 0.886747 0.027398999999999944
vn 0.537251 -0.843283 -0.015358999999999947
vn -0.79334 -0.608778 3.727690145456637E-17
vn 0.923871 -0.382704 2.3433861431044432E-17
vn 0.130547 -0.991442 6.070831359201251E-17
vn -0.923875 0.382693 -2.3433187875304904E-17
vn -0.130515 0.991446 -6.070855852137234E-17
vn -0.79334 -0.608778 3.727690145456637E-17
vn -0.923875 0.382693 -2.3433187875304904E-17
vn 0.793367 0.608744 -3.7274819555007817E-17
vn 0.999017 0.044324 -3.000000000002714E-06
vn 0.99902 0.044266 -9.100000000000271E-05
vn 0.999017 0.044324 -3.000000000002714E-06
vn 0.999017 0.044324 -3.000000000002714E-06
vn -0.998942 -0.043617 -0.014566999999999997
vn 0.53722 -0.843347 0.012672000000000051
vn -0.461773 -0.886996 -0.0018969999999999458
vn -0.53727 0.843315 -0.012673000000000052
vn -0.998961 -0.043574 0.013384000000000004
vn 0.537357 -0.843322 0.007499000000000052
vn -0.461556 -0.886865 0.020882000000000057
vn -0.537247 0.843392 -0.007501000000000052
vn -0.043618 0.999048 -6.117404676972825E-17
vn -0.043618 0.999048 -6.117404676972825E-17
vn -0.043618 0.999048 -6.117404676972825E-17
vn -0.043618 0.999048 -6.117404676972825E-17
vn 0.087156 -0.996195 -9.999999999390007E-07
vn 0.087155 -0.996195 6.099935090382987E-17
vn 0.087156 -0.996195 -9.999999999390007E-07
vn 0.087156 -0.996195 -9.999999999390007E-07
vn 0.087157 -0.996195 6.099935090382987E-17
vn -0.999048 0.043617 -2.6707709719205053E-18
vn -0.999048 0.043617 -2.6707709719205053E-18
vn -0.999048 0.043617 -2.6707709719205053E-18
vn -0.999048 0.043617 -2.6707709719205053E-18
vn -0.999048 0.043617 -2.6707709719205053E-18
vn -0.999048 0.043617 -2.6707709719205053E-18
g Staende
f 1/1/1 2/2/2 3/3/3
f 4/4/4 5/5/5 6/6/6
f 7/7/7 8/8/8 9/9/9
f 10/10/10 11/11/11 12/12/12
f 13/13/13 14/14/14 15/15/15
f 16/16/16 17/17/17 18/18/18
f 19/19/19 20/20/20 21/21/21
f 22/22/22 23/23/23 24/24/24
f 25/25/25 26/26/26 27/27/27
f 28/28/28 29/29/29 30/30/30
f 31/31/31 32/32/32 33/33/33
f 34/34/34 35/35/35 36/36/36
f 37/37/37 38/38/38 39/39/39
f 40/40/40 41/41/41 42/42/42
f 43/43/43 44/44/44 45/45/45
f 46/46/46 47/47/47 48/48/48
f 49/49/49 50/50/50 51/51/51
f 52/52/52 53/53/53 54/54/54
f 55/55/55 56/56/56 57/57/57
f 58/58/58 59/59/59 60/60/60
f 61/61/61 62/62/62 63/63/63
f 64/64/64 65/65/65 66/66/66
f 67/67/67 68/68/68 69/69/69
f 70/70/70 71/71/71 72/72/72
f 73/73/73 74/74/74 75/75/75
f 76/76/76 77/77/77 78/78/78
f 79/79/79 80/80/80 81/81/81
f 82/82/82 83/83/83 84/84/84
f 85/85/85 86/86/86 87/87/87
f 88/88/88 89/89/89 90/90/90
f 91/91/91 92/92/92 93/93/93
f 94/94/94 95/95/95 96/96/96
f 97/97/97 98/98/98 99/99/99
f 100/100/100 101/101/101 102/102/102
f 103/103/103 104/104/104 105/105/105
f 106/106/106 107/107/107 108/108/108
f 109/109/109 110/110/110 111/111/111
f 112/112/112 113/113/113 114/114/114
f 115/115/115 116/116/116 117/117/117
f 118/118/118 119/119/119 120/120/120
f 121/121/121 122/122/122 123/123/123
f 124/124/124 125/125/125 126/126/126
f 127/127/127 128/128/128 129/129/129
f 130/130/130 131/131/131 132/132/132
f 133/133/133 134/134/134 135/135/135
f 136/136/136 137/137/137 138/138/138
f 139/139/139 140/140/140 141/141/141
f 142/142/142 143/143/143 144/144/144
f 145/145/145 146/146/146 147/147/147
f 148/148/148 149/149/149 150/150/150
f 151/151/151 152/152/152 153/153/153
f 154/154/154 155/155/155 156/156/156
f 157/157/157 158/158/158 159/159/159
f 160/160/160 161/161/161 162/162/162
f 163/163/163 164/164/164 165/165/165
f 166/166/166 167/167/167 168/168/168
f 169/169/169 170/170/170 171/171/171
f 172/172/172 173/173/173 174/174/174
f 175/175/175 176/176/176 177/177/177
f 178/178/178 179/179/179 180/180/180
f 181/181/181 182/182/182 183/183/183
f 184/184/184 185/185/185 186/186/186
f 187/187/187 188/188/188 189/189/189
f 190/190/190 191/191/191 192/192/192
f 193/193/193 194/194/194 195/195/195
f 196/196/196 197/197/197 198/198/198
f 199/199/199 200/200/200 201/201/201
f 202/202/202 203/203/203 204/204/204
f 205/205/205 206/206/206 207/207/207
f 208/208/208 209/209/209 210/210/210
f 211/211/211 212/212/212 213/213/213
f 214/214/214 215/215/215 216/216/216
f 217/217/217 218/218/218 219/219/219
f 220/220/220 221/221/221 222/222/222
f 223/223/223 224/224/224 225/225/225
f 226/226/226 227/227/227 228/228/228
f 229/229/229 230/230/230 231/231/231
f 232/232/232 233/233/233 234/234/234
f 235/235/235 236/236/236 237/237/237
f 238/238/238 239/239/239 240/240/240
f 241/241/241 242/242/242 243/243/243
f 244/244/244 245/245/245 246/246/246
f 247/247/247 248/248/248 249/249/249
f 250/250/250 251/251/251 252/252/252
f 253/253/253 254/254/254 255/255/255
f 256/256/256 257/257/257 258/258/258
f 259/259/259 260/260/260 261/261/261
f 262/262/262 263/263/263 264/264/264
f 265/265/265 266/266/266 267/267/267
f 268/268/268 269/269/269 270/270/270
f 271/271/271 272/272/272 273/273/273
f 274/274/274 275/275/275 276/276/276
f 277/277/277 278/278/278 279/279/279
f 280/280/280 281/281/281 282/282/282
f 283/283/283 284/284/284 285/285/285
f 286/286/286 287/287/287 288/288/288
f 289/289/289 290/290/290 291/291/291
f 292/292/292 293/293/293 294/294/294
f 295/295/295 296/296/296 297/297/297
f 298/298/298 299/299/299 300/300/300
f 301/301/301 302/302/302 303/303/303
f 304/304/304 305/305/305 306/306/306
f 307/307/307 308/308/308 309/309/309
f 310/310/310 311/311/311 312/312/312
f 313/313/313 314/314/314 315/315/315
f 316/316/316 317/317/317 318/318/318
f 319/319/319 320/320/320 321/321/321
f 322/322/322 323/323/323 324/324/324
f 325/325/325 326/326/326 327/327/327
f 328/328/328 329/329/329 330/330/330
f 331/331/331 332/332/332 333/333/333
f 334/334/334 335/335/335 336/336/336
f 337/337/337 338/338/338 339/339/339
f 340/340/340 341/341/341 342/342/342
f 343/343/343 344/344/344 345/345/345
f 346/346/346 347/347/347 348/348/348
f 349/349/349 350/350/350 351/351/351
f 352/352/352 353/353/353 354/354/354
f 355/355/355 356/356/356 357/357/357
f 358/358/358 359/359/359 360/360/360
f 361/361/361 362/362/362 363/363/363
f 364/364/364 365/365/365 366/366/366
f 367/367/367 368/368/368 369/369/369
f 370/370/370 371/371/371 372/372/372
f 373/373/373 374/374/374 375/375/375
f 376/376/376 377/377/377 378/378/378
f 379/379/379 380/380/380 381/381/381
f 382/382/382 383/383/383 384/384/384
f 385/385/385 386/386/386 387/387/387
f 388/388/388 389/389/389 390/390/390
f 391/391/391 392/392/392 393/393/393
f 394/394/394 395/395/395 396/396/396
f 397/397/397 398/398/398 399/399/399
f 400/400/400 401/401/401 402/402/402
f 402/402/402 403/403/403 404/404/404
f 405/405/405 406/406/406 407/407/407
f 408/408/408 409/409/409 405/405/405
f 410/410/410 411/411/411 412/412/412
f 413/413/413 414/414/414 410/410/410
f 415/415/415 416/416/416 417/417/417
f 417/417/417 418/418/418 419/419/419
f 420/420/420 421/421/421 422/422/422
f 423/423/423 424/424/424 420/420/420
f 425/425/425 426/426/426 427/427/427
f 428/428/428 429/429/429 425/425/425
f 430/430/430 431/431/431 432/432/432
f 433/433/433 434/434/434 430/430/430
f 435/435/435 436/436/436 437/437/437
f 438/438/438 439/439/439 435/435/435
f 440/440/440 441/441/441 442/442/442
f 443/443/443 444/444/444 440/440/440
f 445/445/445 446/446/446 447/447/447
f 448/448/448 449/449/449 445/445/445
f 450/450/450 451/451/451 452/452/452
f 453/453/453 454/454/454 450/450/450
f 455/455/455 456/456/456 457/457/457
f 458/458/458 459/459/459 455/455/455
f 460/460/460 461/461/461 462/462/462
f 462/462/462 463/463/463 464/464/464
f 465/465/465 466/466/466 467/467/467
f 468/468/468 469/469/469 465/465/465
f 470/470/470 471/471/471 472/472/472
f 473/473/473 474/474/474 470/470/470
f 475/475/475 476/476/476 477/477/477
f 477/477/477 478/478/478 479/479/479
f 480/480/480 481/481/481 482/482/482
f 483/483/483 484/484/484 480/480/480
f 485/485/485 486/486/486 487/487/487
f 488/488/488 489/489/489 485/485/485
f 490/490/490 491/491/491 492/492/492
f 493/493/493 494/494/494 490/490/490
f 495/495/495 496/496/496 497/497/497
f 498/498/498 499/499/499 495/495/495
f 500/500/500 501/501/501 502/502/502
f 503/503/503 504/504/504 500/500/500
f 505/505/505 506/506/506 507/507/507
f 508/508/508 509/509/509 505/505/505
f 510/510/510 511/511/511 512/512/512
f 513/513/513 514/514/514 510/510/510
f 515/515/515 516/516/516 517/517/517
f 518/518/518 519/519/519 515/515/515
f 520/520/520 521/521/521 522/522/522
f 523/523/523 524/524/524 520/520/520
f 525/525/525 526/526/526 527/527/527
f 527/527/527 528/528/528 529/529/529
f 530/530/530 531/531/531 532/532/532
f 532/532/532 533/533/533 534/534/534
f 535/535/535 536/536/536 537/537/537
f 537/537/537 538/538/538 539/539/539
f 540/540/540 541/541/541 542/542/542
f 542/542/542 543/543/543 544/544/544
f 545/545/545 546/546/546 547/547/547
f 547/547/547 548/548/548 549/549/549
f 550/550/550 551/551/551 552/552/552
f 553/553/553 554/554/554 550/550/550
f 555/555/555 556/556/556 557/557/557
f 557/557/557 558/558/558 559/559/559
f 560/560/560 561/561/561 562/562/562
f 562/562/562 563/563/563 564/564/564
f 565/565/565 566/566/566 567/567/567
f 567/567/567 568/568/568 569/569/569
f 570/570/570 571/571/571 572/572/572
f 573/573/573 574/574/574 570/570/570
f 575/575/575 576/576/576 577/577/577
f 577/577/577 578/578/578 579/579/579
f 580/580/580 581/581/581 582/582/582
f 582/582/582 583/583/583 584/584/584
f 585/585/585 586/586/586 587/587/587
f 588/588/588 589/589/589 585/585/585
f 590/590/590 591/591/591 592/592/592
f 593/593/593 594/594/594 590/590/590
f 595/595/595 596/596/596 597/597/597
f 597/597/597 598/598/598 599/599/599
f 600/600/600 601/601/601 602/602/602
f 603/603/603 604/604/604 600/600/600
f 605/605/605 606/606/606 607/607/607
f 608/608/608 609/609/609 605/605/605
f 610/610/610 611/611/611 612/612/612
f 613/613/613 614/614/614 610/610/610
f 615/615/615 616/616/616 617/617/617
f 618/618/618 619/619/619 615/615/615
f 620/620/620 621/621/621 622/622/622
f 623/623/623 624/624/624 620/620/620
f 625/625/625 626/626/626 627/627/627
f 628/628/628 629/629/629 625/625/625
f 630/630/630 631/631/631 632/632/632
f 633/633/633 634/634/634 630/630/630
f 635/635/635 636/636/636 637/637/637
f 638/638/638 639/639/639 635/635/635
f 640/640/640 641/641/641 642/642/642
f 643/643/643 644/644/644 640/640/640
f 645/645/645 646/646/646 647/647/647
f 647/647/647 648/648/648 649/649/649
f 650/650/650 651/651/651 652/652/652
f 653/653/653 654/654/654 650/650/650
f 655/655/655 656/656/656 657/657/657
f 657/657/657 658/658/658 659/659/659
f 660/660/660 661/661/661 662/662/662
f 663/663/663 664/664/664 660/660/660
f 665/665/665 666/666/666 667/667/667
f 667/667/667 668/668/668 669/669/669
f 670/670/670 671/671/671 672/672/672
f 673/673/673 674/674/674 670/670/670
f 675/675/675 676/676/676 677/677/677
f 677/677/677 678/678/678 679/679/679
f 680/680/680 681/681/681 682/682/682
f 683/683/683 684/684/684 680/680/680
f 685/685/685 686/686/686 687/687/687
f 687/687/687 688/688/688 689/689/689
f 690/690/690 691/691/691 692/692/692
f 693/693/693 694/694/694 690/690/690
f 695/695/695 696/696/696 697/697/697
f 697/697/697 698/698/698 699/699/699
f 700/700/700 701/701/701 702/702/702
f 703/703/703 704/704/704 700/700/700
f 705/705/705 706/706/706 707/707/707
f 707/707/707 708/708/708 709/709/709
f 710/710/710 711/711/711 712/712/712
f 713/713/713 714/714/714 710/710/710
f 715/715/715 716/716/716 717/717/717
f 717/717/717 718/718/718 719/719/719
f 720/720/720 721/721/721 722/722/722
f 722/722/722 723/723/723 724/724/724
f 725/725/725 726/726/726 727/727/727
f 728/728/728 729/729/729 725/725/725
f 730/730/730 731/731/731 732/732/732
f 733/733/733 734/734/734 730/730/730
f 735/735/735 736/736/736 737/737/737
f 737/737/737 738/738/738 739/739/739
f 740/740/740 741/741/741 742/742/742
f 743/743/743 744/744/744 740/740/740
f 745/745/745 746/746/746 747/747/747
f 748/748/748 749/749/749 745/745/745
f 750/750/750 751/751/751 752/752/752
f 753/753/753 754/754/754 750/750/750
f 755/755/755 756/756/756 757/757/757
f 758/758/758 759/759/759 755/755/755
f 760/760/760 761/761/761 762/762/762
f 763/763/763 764/764/764 760/760/760
f 765/765/765 766/766/766 767/767/767
f 768/768/768 769/769/769 765/765/765
f 770/770/770 771/771/771 772/772/772
f 773/773/773 774/774/774 770/770/770
f 775/775/775 776/776/776 777/777/777
f 778/778/778 779/779/779 775/775/775
f 780/780/780 781/781/781 782/782/782
f 782/782/782 783/783/783 784/784/784
f 785/785/785 786/786/786 787/787/787
f 787/787/787 788/788/788 789/789/789
f 790/790/790 791/791/791 792/792/792
f 793/793/793 794/794/794 790/790/790
f 795/795/795 796/796/796 797/797/797
f 797/797/797 798/798/798 799/799/799
f 800/800/800 801/801/801 802/802/802
f 801/801/801 803/803/803 804/804/804
f 805/805/805 806/806/806 807/807/807
f 808/808/808 809/809/809 805/805/805
f 810/810/810 811/811/811 812/812/812
f 812/812/812 813/813/813 814/814/814
f 815/815/815 816/816/816 817/817/817
f 818/818/818 819/819/819 815/815/815
f 820/820/820 821/821/821 822/822/822
f 822/822/822 823/823/823 824/824/824
f 825/825/825 826/826/826 827/827/827
f 828/828/828 829/829/829 825/825/825
f 830/830/830 831/831/831 832/832/832
f 832/832/832 833/833/833 834/834/834
f 835/835/835 836/836/836 837/837/837
f 838/838/838 839/839/839 835/835/835
f 840/840/840 841/841/841 842/842/842
f 842/842/842 843/843/843 844/844/844
f 845/845/845 846/846/846 847/847/847
f 847/847/847 848/848/848 849/849/849
f 850/850/850 851/851/851 852/852/852
f 853/853/853 854/854/854 850/850/850
f 855/855/855 856/856/856 857/857/857
f 858/858/858 859/859/859 855/855/855
f 860/860/860 861/861/861 862/862/862
f 862/862/862 863/863/863 864/864/864
f 865/865/865 866/866/866 867/867/867
f 868/868/868 869/869/869 865/865/865
f 870/870/870 871/871/871 872/872/872
f 873/873/873 874/874/874 870/870/870
f 875/875/875 876/876/876 877/877/877
f 878/878/878 879/879/879 875/875/875
f 880/880/880 881/881/881 882/882/882
f 883/883/883 884/884/884 880/880/880
f 885/885/885 886/886/886 887/887/887
f 888/888/888 889/889/889 885/885/885
f 890/890/890 891/891/891 892/892/892
f 893/893/893 894/894/894 890/890/890
f 895/895/895 896/896/896 897/897/897
f 898/898/898 899/899/899 895/895/895
f 900/900/900 901/901/901 902/902/902
f 903/903/903 904/904/904 900/900/900
f 905/905/905 906/906/906 907/907/907
f 908/908/908 909/909/909 905/905/905
f 910/910/910 911/911/911 912/912/912
f 913/913/913 914/914/914 910/910/910
f 915/915/915 916/916/916 917/917/917
f 918/918/918 919/919/919 915/915/915
f 920/920/920 921/921/921 922/922/922
f 922/922/922 923/923/923 924/924/924
f 925/925/925 926/926/926 927/927/927
f 927/927/927 928/928/928 929/929/929
f 930/930/930 931/931/931 932/932/932
f 932/932/932 933/933/933 934/934/934
f 935/935/935 936/936/936 937/937/937
f 937/937/937 938/938/938 939/939/939
f 940/940/940 941/941/941 942/942/942
f 942/942/942 943/943/943 944/944/944
f 945/945/945 946/946/946 947/947/947
f 948/948/948 949/949/949 945/945/945
f 950/950/950 951/951/951 952/952/952
f 952/952/952 953/953/953 954/954/954
f 955/955/955 956/956/956 957/957/957
f 958/958/958 959/959/959 955/955/955
f 960/960/960 961/961/961 962/962/962
f 962/962/962 963/963/963 964/964/964
f 965/965/965 966/966/966 967/967/967
f 968/968/968 969/969/969 965/965/965
f 970/970/970 971/971/971 972/972/972
f 972/972/972 973/973/973 974/974/974
f 975/975/975 976/976/976 977/977/977
f 978/978/978 979/979/979 975/975/975
f 980/980/980 981/981/981 982/982/982
f 982/982/982 983/983/983 984/984/984
f 985/985/985 986/986/986 987/987/987
f 988/988/988 989/989/989 985/985/985
f 990/990/990 991/991/991 992/992/992
f 992/992/992 993/993/993 994/994/994
f 995/995/995 996/996/996 997/997/997
f 997/997/997 998/998/998 999/999/999
f 1000/1000/1000 1001/1001/1001 1002/1002/1002
f 1002/1002/1002 1003/1003/1003 1004/1004/1004
f 1005/1005/1005 1006/1006/1006 1007/1007/1007
f 1008/1008/1008 1009/1009/1009 1005/1005/1005
f 1010/1010/1010 1011/1011/1011 1012/1012/1012
f 1012/1012/1012 1013/1013/1013 1014/1014/1014
f 1015/1015/1015 1016/1016/1016 1017/1017/1017
f 1018/1018/1018 1019/1019/1019 1015/1015/1015
f 1020/1020/1020 1021/1021/1021 1022/1022/1022
f 1022/1022/1022 1023/1023/1023 1024/1024/1024
f 1025/1025/1025 1026/1026/1026 1027/1027/1027
f 1028/1028/1028 1029/1029/1029 1025/1025/1025
f 1030/1030/1030 1031/1031/1031 1032/1032/1032
f 1032/1032/1032 1033/1033/1033 1034/1034/1034
f 1035/1035/1035 1036/1036/1036 1037/1037/1037
f 1038/1038/1038 1039/1039/1039 1035/1035/1035
f 1040/1040/1040 1041/1041/1041 1042/1042/1042
f 1042/1042/1042 1043/1043/1043 1044/1044/1044
f 1045/1045/1045 1046/1046/1046 1047/1047/1047
f 1048/1048/1048 1049/1049/1049 1045/1045/1045
f 1050/1050/1050 1051/1051/1051 1052/1052/1052
f 1052/1052/1052 1053/1053/1053 1054/1054/1054
f 1055/1055/1055 1056/1056/1056 1057/1057/1057
f 1057/1057/1057 1058/1058/1058 1059/1059/1059
f 1060/1060/1060 1061/1061/1061 1062/1062/1062
f 1062/1062/1062 1063/1063/1063 1064/1064/1064
f 1065/1065/1065 1066/1066/1066 1067/1067/1067
f 1068/1068/1068 1069/1069/1069 1065/1065/1065
f 1070/1070/1070 1071/1071/1071 1072/1072/1072
f 1072/1072/1072 1073/1073/1073 1074/1074/1074
f 1075/1075/1075 1076/1076/1076 1077/1077/1077
f 1077/1077/1077 1078/1078/1078 1079/1079/1079
f 1080/1080/1080 1081/1081/1081 1082/1082/1082
f 1083/1083/1083 1084/1084/1084 1080/1080/1080
f 1085/1085/1085 1086/1086/1086 1087/1087/1087
f 1088/1088/1088 1089/1089/1089 1085/1085/1085
f 1090/1090/1090 1091/1091/1091 1092/1092/1092
f 1092/1092/1092 1093/1093/1093 1094/1094/1094
f 1095/1095/1095 1096/1096/1096 1097/1097/1097
f 1098/1098/1098 1099/1099/1099 1095/1095/1095
f 1100/1100/1100 1101/1101/1101 1102/1102/1102
f 1103/1103/1103 1104/1104/1104 1100/1100/1100
f 1105/1105/1105 1106/1106/1106 1107/1107/1107
f 1108/1108/1108 1109/1109/1109 1105/1105/1105
f 1110/1110/1110 1111/1111/1111 1112/1112/1112
f 1113/1113/1113 1114/1114/1114 1110/1110/1110
f 1115/1115/1115 1116/1116/1116 1117/1117/1117
f 1118/1118/1118 1119/1119/1119 1115/1115/1115
f 1120/1120/1120 1121/1121/1121 1122/1122/1122
f 1123/1123/1123 1124/1124/1124 1120/1120/1120
f 1125/1125/1125 1126/1126/1126 1127/1127/1127
f 1128/1128/1128 1129/1129/1129 1125/1125/1125
f 1130/1130/1130 1131/1131/1131 1132/1132/1132
f 1133/1133/1133 1134/1134/1134 1130/1130/1130
f 1135/1135/1135 1136/1136/1136 1137/1137/1137
f 1138/1138/1138 1139/1139/1139 1135/1135/1135
f 1140/1140/1140 1141/1141/1141 1142/1142/1142
f 1142/1142/1142 1143/1143/1143 1144/1144/1144
f 1145/1145/1145 1146/1146/1146 1147/1147/1147
f 1148/1148/1148 1149/1149/1149 1145/1145/1145
f 1150/1150/1150 1151/1151/1151 1152/1152/1152
f 1152/1152/1152 1153/1153/1153 1154/1154/1154
f 1155/1155/1155 1156/1156/1156 1157/1157/1157
f 1158/1158/1158 1159/1159/1159 1155/1155/1155
f 1160/1160/1160 1161/1161/1161 1162/1162/1162
f 1162/1162/1162 1163/1163/1163 1164/1164/1164
f 1165/1165/1165 1166/1166/1166 1167/1167/1167
f 1168/1168/1168 1169/1169/1169 1165/1165/1165
f 1170/1170/1170 1171/1171/1171 1172/1172/1172
f 1172/1172/1172 1173/1173/1173 1174/1174/1174
f 1175/1175/1175 1176/1176/1176 1177/1177/1177
f 1177/1177/1177 1178/1178/1178 1175/1175/1175
f 1179/1179/1179 1180/1180/1180 1181/1181/1181
f 1181/1181/1181 1182/1182/1182 1179/1179/1179
f 1183/1183/1183 1184/1184/1184 1185/1185/1185
f 1185/1185/1185 1186/1186/1186 1183/1183/1183
f 1187/1187/1187 1188/1188/1188 1189/1189/1189
f 1189/1189/1189 1190/1190/1190 1187/1187/1187
f 1191/1191/1191 1192/1192/1192 1193/1193/1193
f 1193/1193/1193 1194/1194/1194 1191/1191/1191
f 1195/1195/1195 1196/1196/1196 1197/1197/1197
f 1197/1197/1197 1198/1198/1198 1195/1195/1195
f 1199/1199/1199 1200/1200/1200 1201/1201/1201
f 1201/1201/1201 1202/1202/1202 1199/1199/1199
f 1203/1203/1203 1204/1204/1204 1205/1205/1205
f 1205/1205/1205 1206/1206/1206 1203/1203/1203
f 1207/1207/1207 1208/1208/1208 1209/1209/1209
f 1209/1209/1209 1210/1210/1210 1207/1207/1207
f 1211/1211/1211 1212/1212/1212 1213/1213/1213
f 1213/1213/1213 1214/1214/1214 1211/1211/1211
f 1215/1215/1215 1216/1216/1216 1217/1217/1217
f 1217/1217/1217 1218/1218/1218 1215/1215/1215
f 1219/1219/1219 1220/1220/1220 1221/1221/1221
f 1221/1221/1221 1222/1222/1222 1219/1219/1219
f 1223/1223/1223 1224/1224/1224 1225/1225/1225
f 1225/1225/1225 1226/1226/1226 1223/1223/1223
f 1227/1227/1227 1228/1228/1228 1229/1229/1229
f 1229/1229/1229 1230/1230/1230 1227/1227/1227
f 1231/1231/1231 1232/1232/1232 1233/1233/1233
f 1233/1233/1233 1234/1234/1234 1231/1231/1231
f 1235/1235/1235 1236/1236/1236 1237/1237/1237
f 1237/1237/1237 1238/1238/1238 1235/1235/1235
f 1239/1239/1239 1240/1240/1240 1241/1241/1241
f 1241/1241/1241 1242/1242/1242 1239/1239/1239
f 1243/1243/1243 1244/1244/1244 1245/1245/1245
f 1245/1245/1245 1246/1246/1246 1243/1243/1243
f 1247/1247/1247 1248/1248/1248 1249/1249/1249
f 1249/1249/1249 1250/1250/1250 1247/1247/1247
f 1251/1251/1251 1252/1252/1252 1253/1253/1253
f 1253/1253/1253 1254/1254/1254 1251/1251/1251
f 1255/1255/1255 1256/1256/1256 1257/1257/1257
f 1257/1257/1257 1258/1258/1258 1255/1255/1255
f 1259/1259/1259 1260/1260/1260 1261/1261/1261
f 1261/1261/1261 1262/1262/1262 1259/1259/1259
f 1263/1263/1263 1264/1264/1264 1265/1265/1265
f 1265/1265/1265 1266/1266/1266 1263/1263/1263
f 1267/1267/1267 1268/1268/1268 1269/1269/1269
f 1269/1269/1269 1270/1270/1270 1267/1267/1267
f 1271/1271/1271 1272/1272/1272 1273/1273/1273
f 1273/1273/1273 1274/1274/1274 1271/1271/1271
f 1275/1275/1275 1276/1276/1276 1277/1277/1277
f 1277/1277/1277 1278/1278/1278 1275/1275/1275
f 1279/1279/1279 1280/1280/1280 1281/1281/1281
f 1281/1281/1281 1282/1282/1282 1279/1279/1279
f 1283/1283/1283 1284/1284/1284 1285/1285/1285
f 1285/1285/1285 1286/1286/1286 1283/1283/1283
f 1287/1287/1287 1288/1288/1288 1289/1289/1289
f 1289/1289/1289 1290/1290/1290 1287/1287/1287
f 1291/1291/1291 1292/1292/1292 1293/1293/1293
f 1293/1293/1293 1294/1294/1294 1291/1291/1291
f 1295/1295/1295 1296/1296/1296 1297/1297/1297
f 1297/1297/1297 1298/1298/1298 1295/1295/1295
f 1299/1299/1299 1300/1300/1300 1301/1301/1301
f 1301/1301/1301 1302/1302/1302 1299/1299/1299
f 1303/1303/1303 1304/1304/1304 1305/1305/1305
f 1305/1305/1305 1306/1306/1306 1303/1303/1303
f 1307/1307/1307 1308/1308/1308 1309/1309/1309
f 1309/1309/1309 1310/1310/1310 1307/1307/1307
f 1311/1311/1311 1312/1312/1312 1313/1313/1313
f 1313/1313/1313 1314/1314/1314 1311/1311/1311
f 1315/1315/1315 1316/1316/1316 1317/1317/1317
f 1317/1317/1317 1318/1318/1318 1315/1315/1315
f 1319/1319/1319 1320/1320/1320 1321/1321/1321
f 1321/1321/1321 1322/1322/1322 1319/1319/1319
f 1323/1323/1323 1324/1324/1324 1325/1325/1325
f 1325/1325/1325 1326/1326/1326 1323/1323/1323
f 1327/1327/1327 1328/1328/1328 1329/1329/1329
f 1329/1329/1329 1330/1330/1330 1327/1327/1327
f 1331/1331/1331 1332/1332/1332 1333/1333/1333
f 1333/1333/1333 1334/1334/1334 1331/1331/1331
f 1335/1335/1335 1336/1336/1336 1337/1337/1337
f 1337/1337/1337 1338/1338/1338 1335/1335/1335
f 1339/1339/1339 1340/1340/1340 1341/1341/1341
f 1341/1341/1341 1342/1342/1342 1339/1339/1339
f 1343/1343/1343 1344/1344/1344 1345/1345/1345
f 1345/1345/1345 1346/1346/1346 1343/1343/1343
f 1347/1347/1347 1348/1348/1348 1349/1349/1349
f 1349/1349/1349 1350/1350/1350 1347/1347/1347
f 1351/1351/1351 1352/1352/1352 1353/1353/1353
f 1353/1353/1353 1354/1354/1354 1351/1351/1351
f 1355/1355/1355 1356/1356/1356 1357/1357/1357
f 1357/1357/1357 1358/1358/1358 1355/1355/1355
f 1359/1359/1359 1360/1360/1360 1361/1361/1361
f 1361/1361/1361 1362/1362/1362 1359/1359/1359
f 1363/1363/1363 1364/1364/1364 1365/1365/1365
f 1365/1365/1365 1366/1366/1366 1363/1363/1363
f 1367/1367/1367 1368/1368/1368 1369/1369/1369
f 1369/1369/1369 1370/1370/1370 1367/1367/1367
f 1371/1371/1371 1372/1372/1372 1373/1373/1373
f 1373/1373/1373 1374/1374/1374 1371/1371/1371
f 1375/1375/1375 1376/1376/1376 1377/1377/1377
f 1377/1377/1377 1378/1378/1378 1375/1375/1375
f 1379/1379/1379 1380/1380/1380 1381/1381/1381
f 1381/1381/1381 1382/1382/1382 1379/1379/1379
f 1383/1383/1383 1384/1384/1384 1385/1385/1385
f 1385/1385/1385 1386/1386/1386 1383/1383/1383
f 1387/1387/1387 1388/1388/1388 1389/1389/1389
f 1389/1389/1389 1390/1390/1390 1387/1387/1387
f 1391/1391/1391 1392/1392/1392 1393/1393/1393
f 1393/1393/1393 1394/1394/1394 1391/1391/1391
f 1395/1395/1395 1396/1396/1396 1397/1397/1397
f 1397/1397/1397 1398/1398/1398 1395/1395/1395
f 1399/1399/1399 1400/1400/1400 1401/1401/1401
f 1401/1401/1401 1402/1402/1402 1399/1399/1399
f 1403/1403/1403 1404/1404/1404 1405/1405/1405
f 1405/1405/1405 1406/1406/1406 1403/1403/1403
f 1407/1407/1407 1408/1408/1408 1409/1409/1409
f 1409/1409/1409 1410/1410/1410 1407/1407/1407
f 1411/1411/1411 1412/1412/1412 1413/1413/1413
f 1413/1413/1413 1414/1414/1414 1411/1411/1411
f 1415/1415/1415 1416/1416/1416 1417/1417/1417
f 1417/1417/1417 1418/1418/1418 1415/1415/1415
f 1419/1419/1419 1420/1420/1420 1421/1421/1421
f 1421/1421/1421 1422/1422/1422 1419/1419/1419
f 1423/1423/1423 1424/1424/1424 1425/1425/1425
f 1425/1425/1425 1426/1426/1426 1423/1423/1423
f 1427/1427/1427 1428/1428/1428 1429/1429/1429
f 1429/1429/1429 1430/1430/1430 1427/1427/1427
f 1431/1431/1431 1432/1432/1432 1433/1433/1433
f 1433/1433/1433 1434/1434/1434 1431/1431/1431
f 1435/1435/1435 1436/1436/1436 1437/1437/1437
f 1437/1437/1437 1438/1438/1438 1435/1435/1435
f 1439/1439/1439 1440/1440/1440 1441/1441/1441
f 1441/1441/1441 1442/1442/1442 1439/1439/1439
f 1443/1443/1443 1444/1444/1444 1445/1445/1445
f 1445/1445/1445 1446/1446/1446 1443/1443/1443
f 1447/1447/1447 1448/1448/1448 1449/1449/1449
f 1449/1449/1449 1450/1450/1450 1447/1447/1447
f 1451/1451/1451 1452/1452/1452 1453/1453/1453
f 1453/1453/1453 1454/1454/1454 1451/1451/1451
f 1455/1455/1455 1456/1456/1456 1457/1457/1457
f 1457/1457/1457 1458/1458/1458 1455/1455/1455
f 1459/1459/1459 1460/1460/1460 1461/1461/1461
f 1461/1461/1461 1462/1462/1462 1459/1459/1459
f 1463/1463/1463 1464/1464/1464 1465/1465/1465
f 1465/1465/1465 1466/1466/1466 1463/1463/1463
f 1467/1467/1467 1468/1468/1468 1469/1469/1469
f 1469/1469/1469 1470/1470/1470 1467/1467/1467
f 1471/1471/1471 1472/1472/1472 1473/1473/1473
f 1473/1473/1473 1474/1474/1474 1471/1471/1471
f 1475/1475/1475 1476/1476/1476 1477/1477/1477
f 1477/1477/1477 1478/1478/1478 1475/1475/1475
f 1479/1479/1479 1480/1480/1480 1481/1481/1481
f 1481/1481/1481 1482/1482/1482 1479/1479/1479
f 1483/1483/1483 1484/1484/1484 1485/1485/1485
f 1485/1485/1485 1486/1486/1486 1483/1483/1483
f 1487/1487/1487 1488/1488/1488 1489/1489/1489
f 1489/1489/1489 1490/1490/1490 1487/1487/1487
f 1491/1491/1491 1492/1492/1492 1493/1493/1493
f 1493/1493/1493 1494/1494/1494 1491/1491/1491
f 1495/1495/1495 1496/1496/1496 1497/1497/1497
f 1497/1497/1497 1498/1498/1498 1495/1495/1495
f 1499/1499/1499 1500/1500/1500 1501/1501/1501
f 1501/1501/1501 1502/1502/1502 1499/1499/1499
f 1503/1503/1503 1504/1504/1504 1505/1505/1505
f 1505/1505/1505 1506/1506/1506 1503/1503/1503
f 1507/1507/1507 1508/1508/1508 1509/1509/1509
f 1509/1509/1509 1510/1510/1510 1507/1507/1507
f 1511/1511/1511 1512/1512/1512 1513/1513/1513
f 1513/1513/1513 1514/1514/1514 1511/1511/1511
f 1515/1515/1515 1516/1516/1516 1517/1517/1517
f 1517/1517/1517 1518/1518/1518 1515/1515/1515
f 1519/1519/1519 1520/1520/1520 1521/1521/1521
f 1521/1521/1521 1522/1522/1522 1519/1519/1519
f 1523/1523/1523 1524/1524/1524 1525/1525/1525
f 1525/1525/1525 1526/1526/1526 1523/1523/1523
f 1527/1527/1527 1528/1528/1528 1529/1529/1529
f 1529/1529/1529 1530/1530/1530 1527/1527/1527
f 1531/1531/1531 1532/1532/1532 1533/1533/1533
f 1531/1531/1531 1533/1533/1533 1534/1534/1534
f 1535/1535/1535 1536/1536/1536 1537/1537/1537
f 1537/1537/1537 1538/1538/1538 1535/1535/1535
f 1539/1539/1539 1540/1540/1540 1541/1541/1541
f 1541/1541/1541 1542/1542/1542 1539/1539/1539
f 1543/1543/1543 1544/1544/1544 1545/1545/1545
f 1545/1545/1545 1546/1546/1546 1543/1543/1543
f 1547/1547/1547 1548/1548/1548 1549/1549/1549
f 1549/1549/1549 1550/1550/1550 1547/1547/1547
f 1551/1551/1551 1552/1552/1552 1553/1553/1553
f 1553/1553/1553 1554/1554/1554 1551/1551/1551
f 1555/1555/1555 1556/1556/1556 1557/1557/1557
f 1557/1557/1557 1558/1558/1558 1555/1555/1555
f 1559/1559/1559 1560/1560/1560 1561/1561/1561
f 1561/1561/1561 1562/1562/1562 1559/1559/1559
f 1563/1563/1563 1564/1564/1564 1565/1565/1565
f 1565/1565/1565 1566/1566/1566 1563/1563/1563
f 1567/1567/1567 1568/1568/1568 1569/1569/1569
f 1569/1569/1569 1570/1570/1570 1567/1567/1567
f 1571/1571/1571 1572/1572/1572 1573/1573/1573
f 1573/1573/1573 1574/1574/1574 1571/1571/1571
f 1575/1575/1575 1576/1576/1576 1577/1577/1577
f 1577/1577/1577 1578/1578/1578 1575/1575/1575
f 1579/1579/1579 1580/1580/1580 1581/1581/1581
f 1581/1581/1581 1582/1582/1582 1579/1579/1579
f 1583/1583/1583 1584/1584/1584 1585/1585/1585
f 1585/1585/1585 1586/1586/1586 1583/1583/1583
f 1587/1587/1587 1588/1588/1588 1589/1589/1589
f 1589/1589/1589 1590/1590/1590 1587/1587/1587
f 1591/1591/1591 1592/1592/1592 1593/1593/1593
f 1593/1593/1593 1594/1594/1594 1591/1591/1591
f 1595/1595/1595 1596/1596/1596 1597/1597/1597
f 1597/1597/1597 1598/1598/1598 1595/1595/1595
f 1599/1599/1599 1600/1600/1600 1601/1601/1601
f 1601/1601/1601 1602/1602/1602 1599/1599/1599
f 1603/1603/1603 1604/1604/1604 1605/1605/1605
f 1605/1605/1605 1606/1606/1606 1603/1603/1603
f 1607/1607/1607 1608/1608/1608 1609/1609/1609
f 1609/1609/1609 1610/1610/1610 1607/1607/1607
f 1611/1611/1611 1612/1612/1612 1613/1613/1613
f 1613/1613/1613 1614/1614/1614 1611/1611/1611
f 1615/1615/1615 1616/1616/1616 1617/1617/1617
f 1617/1617/1617 1618/1618/1618 1615/1615/1615
f 1619/1619/1619 1620/1620/1620 1621/1621/1621
f 1621/1621/1621 1622/1622/1622 1619/1619/1619
f 1623/1623/1623 1624/1624/1624 1625/1625/1625
f 1625/1625/1625 1626/1626/1626 1623/1623/1623
f 1627/1627/1627 1628/1628/1628 1629/1629/1629
f 1629/1629/1629 1630/1630/1630 1627/1627/1627
f 1631/1631/1631 1632/1632/1632 1633/1633/1633
f 1633/1633/1633 1634/1634/1634 1631/1631/1631
f 1635/1635/1635 1636/1636/1636 1637/1637/1637
f 1637/1637/1637 1638/1638/1638 1635/1635/1635
f 1639/1639/1639 1640/1640/1640 1641/1641/1641
f 1641/1641/1641 1642/1642/1642 1639/1639/1639
f 1643/1643/1643 1644/1644/1644 1645/1645/1645
f 1645/1645/1645 1646/1646/1646 1643/1643/1643
f 1647/1647/1647 1648/1648/1648 1649/1649/1649
f 1649/1649/1649 1650/1650/1650 1647/1647/1647
f 1651/1651/1651 1652/1652/1652 1653/1653/1653
f 1653/1653/1653 1654/1654/1654 1651/1651/1651
f 1655/1655/1655 1656/1656/1656 1657/1657/1657
f 1657/1657/1657 1658/1658/1658 1655/1655/1655
f 1659/1659/1659 1660/1660/1660 1661/1661/1661
f 1661/1661/1661 1662/1662/1662 1659/1659/1659
f 1663/1663/1663 1664/1664/1664 1665/1665/1665
f 1665/1665/1665 1666/1666/1666 1663/1663/1663
f 1667/1667/1667 1668/1668/1668 1669/1669/1669
f 1669/1669/1669 1670/1670/1670 1667/1667/1667
f 1671/1671/1671 1672/1672/1672 1673/1673/1673
f 1673/1673/1673 1674/1674/1674 1671/1671/1671
f 1675/1675/1675 1676/1676/1676 1677/1677/1677
f 1677/1677/1677 1678/1678/1678 1675/1675/1675
f 1679/1679/1679 1680/1680/1680 1681/1681/1681
f 1680/1680/1680 1682/1682/1682 1681/1681/1681
f 1683/1683/1683 1684/1684/1684 1685/1685/1685
f 1685/1685/1685 1686/1686/1686 1683/1683/1683
f 1687/1687/1687 1688/1688/1688 1689/1689/1689
f 1689/1689/1689 1690/1690/1690 1687/1687/1687
f 1691/1691/1691 1692/1692/1692 1693/1693/1693
f 1693/1693/1693 1694/1694/1694 1691/1691/1691
f 1695/1695/1695 1696/1696/1696 1697/1697/1697
f 1697/1697/1697 1698/1698/1698 1695/1695/1695
f 1699/1699/1699 1700/1700/1700 1701/1701/1701
f 1701/1701/1701 1702/1702/1702 1699/1699/1699
f 1703/1703/1703 1704/1704/1704 1705/1705/1705
f 1705/1705/1705 1706/1706/1706 1703/1703/1703
f 1707/1707/1707 1708/1708/1708 1709/1709/1709
f 1709/1709/1709 1710/1710/1710 1707/1707/1707
f 1711/1711/1711 1712/1712/1712 1713/1713/1713
f 1713/1713/1713 1714/1714/1714 1711/1711/1711
f 1715/1715/1715 1716/1716/1716 1717/1717/1717
f 1717/1717/1717 1718/1718/1718 1715/1715/1715
f 1719/1719/1719 1720/1720/1720 1721/1721/1721
f 1721/1721/1721 1722/1722/1722 1719/1719/1719
f 1723/1723/1723 1724/1724/1724 1725/1725/1725
f 1725/1725/1725 1726/1726/1726 1723/1723/1723
f 1727/1727/1727 1728/1728/1728 1729/1729/1729
f 1729/1729/1729 1730/1730/1730 1727/1727/1727
f 1731/1731/1731 1732/1732/1732 1733/1733/1733
f 1733/1733/1733 1734/1734/1734 1731/1731/1731
f 1735/1735/1735 1736/1736/1736 1737/1737/1737
f 1737/1737/1737 1738/1738/1738 1735/1735/1735
f 1739/1739/1739 1740/1740/1740 1741/1741/1741
f 1741/1741/1741 1742/1742/1742 1739/1739/1739
f 1743/1743/1743 1744/1744/1744 1745/1745/1745
f 1745/1745/1745 1746/1746/1746 1743/1743/1743
f 1747/1747/1747 1748/1748/1748 1749/1749/1749
f 1749/1749/1749 1750/1750/1750 1747/1747/1747
f 1751/1751/1751 1752/1752/1752 1753/1753/1753
f 1753/1753/1753 1754/1754/1754 1751/1751/1751
f 1755/1755/1755 1756/1756/1756 1757/1757/1757
f 1757/1757/1757 1758/1758/1758 1755/1755/1755
f 1759/1759/1759 1760/1760/1760 1761/1761/1761
f 1761/1761/1761 1762/1762/1762 1759/1759/1759
f 1763/1763/1763 1764/1764/1764 1765/1765/1765
f 1765/1765/1765 1766/1766/1766 1763/1763/1763
f 1767/1767/1767 1768/1768/1768 1769/1769/1769
f 1769/1769/1769 1770/1770/1770 1767/1767/1767
f 1771/1771/1771 1772/1772/1772 1773/1773/1773
f 1773/1773/1773 1774/1774/1774 1771/1771/1771
f 1775/1775/1775 1776/1776/1776 1777/1777/1777
f 1777/1777/1777 1778/1778/1778 1775/1775/1775
f 1779/1779/1779 1780/1780/1780 1781/1781/1781
f 1781/1781/1781 1782/1782/1782 1779/1779/1779
f 1783/1783/1783 1784/1784/1784 1785/1785/1785
f 1785/1785/1785 1786/1786/1786 1783/1783/1783
f 1787/1787/1787 1788/1788/1788 1789/1789/1789
f 1789/1789/1789 1790/1790/1790 1787/1787/1787
f 1791/1791/1791 1792/1792/1792 1793/1793/1793
f 1793/1793/1793 1794/1794/1794 1791/1791/1791
f 1795/1795/1795 1796/1796/1796 1797/1797/1797
f 1797/1797/1797 1798/1798/1798 1795/1795/1795
f 1799/1799/1799 1800/1800/1800 1801/1801/1801
f 1801/1801/1801 1802/1802/1802 1799/1799/1799
f 1803/1803/1803 1804/1804/1804 1805/1805/1805
f 1805/1805/1805 1806/1806/1806 1803/1803/1803
f 1807/1807/1807 1808/1808/1808 1809/1809/1809
f 1809/1809/1809 1810/1810/1810 1807/1807/1807
f 1811/1811/1811 1812/1812/1812 1813/1813/1813
f 1813/1813/1813 1814/1814/1814 1811/1811/1811
f 1815/1815/1815 1816/1816/1816 1817/1817/1817
f 1817/1817/1817 1818/1818/1818 1815/1815/1815
f 1819/1819/1819 1820/1820/1820 1821/1821/1821
f 1821/1821/1821 1822/1822/1822 1819/1819/1819
f 1823/1823/1823 1824/1824/1824 1825/1825/1825
f 1825/1825/1825 1826/1826/1826 1823/1823/1823
f 1827/1827/1827 1828/1828/1828 1829/1829/1829
f 1829/1829/1829 1830/1830/1830 1827/1827/1827
f 1831/1831/1831 1832/1832/1832 1833/1833/1833
f 1833/1833/1833 1834/1834/1834 1831/1831/1831
f 1835/1835/1835 1836/1836/1836 1837/1837/1837
f 1837/1837/1837 1838/1838/1838 1835/1835/1835
f 1839/1839/1839 1840/1840/1840 1841/1841/1841
f 1841/1841/1841 1842/1842/1842 1839/1839/1839
f 1843/1843/1843 1844/1844/1844 1845/1845/1845
f 1845/1845/1845 1846/1846/1846 1843/1843/1843
f 1847/1847/1847 1848/1848/1848 1849/1849/1849
f 1849/1849/1849 1850/1850/1850 1847/1847/1847
f 1851/1851/1851 1852/1852/1852 1853/1853/1853
f 1853/1853/1853 1854/1854/1854 1851/1851/1851
f 1855/1855/1855 1856/1856/1856 1857/1857/1857
f 1857/1857/1857 1858/1858/1858 1855/1855/1855
f 1859/1859/1859 1860/1860/1860 1861/1861/1861
f 1861/1861/1861 1862/1862/1862 1859/1859/1859
f 1863/1863/1863 1864/1864/1864 1865/1865/1865
f 1865/1865/1865 1866/1866/1866 1863/1863/1863
f 1867/1867/1867 1868/1868/1868 1869/1869/1869
f 1869/1869/1869 1870/1870/1870 1867/1867/1867
f 1871/1871/1871 1872/1872/1872 1873/1873/1873
f 1873/1873/1873 1874/1874/1874 1871/1871/1871
f 1875/1875/1875 1876/1876/1876 1877/1877/1877
f 1877/1877/1877 1878/1878/1878 1875/1875/1875
f 1879/1879/1879 1880/1880/1880 1881/1881/1881
f 1881/1881/1881 1882/1882/1882 1879/1879/1879
f 1883/1883/1883 1884/1884/1884 1885/1885/1885
f 1885/1885/1885 1886/1886/1886 1883/1883/1883
f 1887/1887/1887 1888/1888/1888 1889/1889/1889
f 1889/1889/1889 1890/1890/1890 1887/1887/1887
f 1891/1891/1891 1892/1892/1892 1893/1893/1893
f 1893/1893/1893 1894/1894/1894 1891/1891/1891
f 1895/1895/1895 1896/1896/1896 1897/1897/1897
f 1897/1897/1897 1898/1898/1898 1895/1895/1895
f 1899/1899/1899 1900/1900/1900 1901/1901/1901
f 1901/1901/1901 1902/1902/1902 1899/1899/1899
f 1903/1903/1903 1904/1904/1904 1905/1905/1905
f 1905/1905/1905 1906/1906/1906 1903/1903/1903
f 1907/1907/1907 1908/1908/1908 1909/1909/1909
f 1909/1909/1909 1910/1910/1910 1907/1907/1907
f 1911/1911/1911 1912/1912/1912 1913/1913/1913
f 1913/1913/1913 1914/1914/1914 1911/1911/1911
f 1915/1915/1915 1916/1916/1916 1917/1917/1917
f 1917/1917/1917 1918/1918/1918 1915/1915/1915
f 1919/1919/1919 1920/1920/1920 1921/1921/1921
f 1921/1921/1921 1922/1922/1922 1919/1919/1919
f 1923/1923/1923 1924/1924/1924 1925/1925/1925
f 1925/1925/1925 1926/1926/1926 1923/1923/1923
f 1927/1927/1927 1928/1928/1928 1929/1929/1929
f 1929/1929/1929 1930/1930/1930 1927/1927/1927
f 1931/1931/1931 1932/1932/1932 1933/1933/1933
f 1933/1933/1933 1934/1934/1934 1931/1931/1931
f 1935/1935/1935 1936/1936/1936 1937/1937/1937
f 1937/1937/1937 1938/1938/1938 1935/1935/1935
f 1939/1939/1939 1940/1940/1940 1941/1941/1941
f 1941/1941/1941 1942/1942/1942 1939/1939/1939
f 1943/1943/1943 1944/1944/1944 1945/1945/1945
f 1945/1945/1945 1946/1946/1946 1943/1943/1943
f 1947/1947/1947 1948/1948/1948 1949/1949/1949
f 1949/1949/1949 1950/1950/1950 1947/1947/1947
f 1951/1951/1951 1952/1952/1952 1953/1953/1953
f 1953/1953/1953 1954/1954/1954 1951/1951/1951
f 1955/1955/1955 1956/1956/1956 1957/1957/1957
f 1957/1957/1957 1958/1958/1958 1955/1955/1955
f 1959/1959/1959 1960/1960/1960 1961/1961/1961
f 1961/1961/1961 1962/1962/1962 1959/1959/1959
f 1963/1963/1963 1964/1964/1964 1965/1965/1965
f 1965/1965/1965 1966/1966/1966 1963/1963/1963
f 1967/1967/1967 1968/1968/1968 1969/1969/1969
f 1969/1969/1969 1970/1970/1970 1967/1967/1967
f 1971/1971/1971 1972/1972/1972 1973/1973/1973
f 1973/1973/1973 1974/1974/1974 1971/1971/1971
f 1975/1975/1975 1976/1976/1976 1977/1977/1977
f 1977/1977/1977 1978/1978/1978 1975/1975/1975
f 1979/1979/1979 1980/1980/1980 1981/1981/1981
f 1981/1981/1981 1982/1982/1982 1979/1979/1979
f 1983/1983/1983 1984/1984/1984 1985/1985/1985
f 1985/1985/1985 1986/1986/1986 1983/1983/1983
f 1987/1987/1987 1988/1988/1988 1989/1989/1989
f 1989/1989/1989 1990/1990/1990 1987/1987/1987
f 1991/1991/1991 1992/1992/1992 1993/1993/1993
f 1993/1993/1993 1994/1994/1994 1991/1991/1991
f 1995/1995/1995 1996/1996/1996 1997/1997/1997
f 1997/1997/1997 1998/1998/1998 1995/1995/1995
f 1999/1999/1999 2000/2000/2000 2001/2001/2001
f 2001/2001/2001 2002/2002/2002 1999/1999/1999
f 2003/2003/2003 2004/2004/2004 2005/2005/2005
f 2005/2005/2005 2006/2006/2006 2003/2003/2003
f 2007/2007/2007 2008/2008/2008 2009/2009/2009
f 2009/2009/2009 2010/2010/2010 2007/2007/2007
f 2011/2011/2011 2012/2012/2012 2013/2013/2013
f 2013/2013/2013 2014/2014/2014 2011/2011/2011
f 2015/2015/2015 2016/2016/2016 2017/2017/2017
f 2017/2017/2017 2018/2018/2018 2015/2015/2015
f 2019/2019/2019 2020/2020/2020 2021/2021/2021
f 2021/2021/2021 2022/2022/2022 2019/2019/2019
f 2023/2023/2023 2024/2024/2024 2025/2025/2025
f 2025/2025/2025 2026/2026/2026 2023/2023/2023
f 2027/2027/2027 2028/2028/2028 2029/2029/2029
f 2029/2029/2029 2030/2030/2030 2027/2027/2027
f 2031/2031/2031 2032/2032/2032 2033/2033/2033
f 2033/2033/2033 2034/2034/2034 2031/2031/2031
f 2035/2035/2035 2036/2036/2036 2037/2037/2037
f 2037/2037/2037 2038/2038/2038 2035/2035/2035
f 2039/2039/2039 2040/2040/2040 2041/2041/2041
f 2041/2041/2041 2042/2042/2042 2039/2039/2039
f 2043/2043/2043 2044/2044/2044 2045/2045/2045
f 2045/2045/2045 2046/2046/2046 2043/2043/2043
f 2047/2047/2047 2048/2048/2048 2049/2049/2049
f 2049/2049/2049 2050/2050/2050 2047/2047/2047
f 2051/2051/2051 2052/2052/2052 2053/2053/2053
f 2053/2053/2053 2054/2054/2054 2051/2051/2051
f 2055/2055/2055 2056/2056/2056 2057/2057/2057
f 2057/2057/2057 2058/2058/2058 2055/2055/2055
f 2059/2059/2059 2060/2060/2060 2061/2061/2061
f 2061/2061/2061 2062/2062/2062 2059/2059/2059
f 2063/2063/2063 2064/2064/2064 2065/2065/2065
f 2065/2065/2065 2066/2066/2066 2063/2063/2063
f 2067/2067/2067 2068/2068/2068 2069/2069/2069
f 2069/2069/2069 2070/2070/2070 2067/2067/2067
f 2071/2071/2071 2072/2072/2072 2073/2073/2073
f 2073/2073/2073 2074/2074/2074 2071/2071/2071
f 2075/2075/2075 2076/2076/2076 2077/2077/2077
f 2077/2077/2077 2078/2078/2078 2075/2075/2075
f 2079/2079/2079 2080/2080/2080 2081/2081/2081
f 2081/2081/2081 2082/2082/2082 2079/2079/2079
f 2083/2083/2083 2084/2084/2084 2085/2085/2085
f 2085/2085/2085 2086/2086/2086 2083/2083/2083
f 2087/2087/2087 2088/2088/2088 2089/2089/2089
f 2089/2089/2089 2090/2090/2090 2087/2087/2087
f 2091/2091/2091 2092/2092/2092 2093/2093/2093
f 2093/2093/2093 2094/2094/2094 2091/2091/2091
f 2095/2095/2095 2096/2096/2096 2097/2097/2097
f 2097/2097/2097 2098/2098/2098 2095/2095/2095
f 2099/2099/2099 2100/2100/2100 2101/2101/2101
f 2101/2101/2101 2102/2102/2102 2099/2099/2099
f 2103/2103/2103 2104/2104/2104 2105/2105/2105
f 2105/2105/2105 2106/2106/2106 2103/2103/2103
f 2107/2107/2107 2108/2108/2108 2109/2109/2109
f 2109/2109/2109 2110/2110/2110 2107/2107/2107
f 2111/2111/2111 2112/2112/2112 2113/2113/2113
f 2113/2113/2113 2114/2114/2114 2111/2111/2111
f 2115/2115/2115 2116/2116/2116 2117/2117/2117
f 2117/2117/2117 2118/2118/2118 2115/2115/2115
f 2119/2119/2119 2120/2120/2120 2121/2121/2121
f 2121/2121/2121 2122/2122/2122 2119/2119/2119
f 2123/2123/2123 2124/2124/2124 2125/2125/2125
f 2125/2125/2125 2126/2126/2126 2123/2123/2123
f 2127/2127/2127 2128/2128/2128 2129/2129/2129
f 2129/2129/2129 2130/2130/2130 2127/2127/2127
f 2131/2131/2131 2132/2132/2132 2133/2133/2133
f 2133/2133/2133 2134/2134/2134 2131/2131/2131
f 2135/2135/2135 2136/2136/2136 2137/2137/2137
f 2137/2137/2137 2138/2138/2138 2135/2135/2135
f 2139/2139/2139 2140/2140/2140 2141/2141/2141
f 2141/2141/2141 2142/2142/2142 2139/2139/2139
f 2143/2143/2143 2144/2144/2144 2145/2145/2145
f 2145/2145/2145 2146/2146/2146 2143/2143/2143
f 2147/2147/2147 2148/2148/2148 2149/2149/2149
f 2149/2149/2149 2150/2150/2150 2147/2147/2147
f 2151/2151/2151 2152/2152/2152 2153/2153/2153
f 2153/2153/2153 2154/2154/2154 2151/2151/2151
f 2155/2155/2155 2156/2156/2156 2157/2157/2157
f 2157/2157/2157 2158/2158/2158 2155/2155/2155
f 2159/2159/2159 2160/2160/2160 2161/2161/2161
f 2161/2161/2161 2162/2162/2162 2159/2159/2159
f 2163/2163/2163 2164/2164/2164 2165/2165/2165
f 2165/2165/2165 2166/2166/2166 2163/2163/2163
f 2167/2167/2167 2168/2168/2168 2169/2169/2169
f 2169/2169/2169 2170/2170/2170 2167/2167/2167
f 2171/2171/2171 2172/2172/2172 2173/2173/2173
f 2173/2173/2173 2174/2174/2174 2171/2171/2171
f 2175/2175/2175 2176/2176/2176 2177/2177/2177
f 2177/2177/2177 2178/2178/2178 2175/2175/2175
f 2179/2179/2179 2180/2180/2180 2181/2181/2181
f 2181/2181/2181 2182/2182/2182 2179/2179/2179
f 2183/2183/2183 2184/2184/2184 2185/2185/2185
f 2185/2185/2185 2186/2186/2186 2183/2183/2183
f 2187/2187/2187 2188/2188/2188 2189/2189/2189
f 2189/2189/2189 2190/2190/2190 2187/2187/2187
f 2191/2191/2191 2192/2192/2192 2193/2193/2193
f 2193/2193/2193 2194/2194/2194 2191/2191/2191
f 2195/2195/2195 2196/2196/2196 2197/2197/2197
f 2197/2197/2197 2198/2198/2198 2195/2195/2195
f 2199/2199/2199 2200/2200/2200 2201/2201/2201
f 2201/2201/2201 2202/2202/2202 2199/2199/2199
f 2203/2203/2203 2204/2204/2204 2205/2205/2205
f 2205/2205/2205 2206/2206/2206 2203/2203/2203
f 2207/2207/2207 2208/2208/2208 2209/2209/2209
f 2209/2209/2209 2210/2210/2210 2207/2207/2207
f 2211/2211/2211 2212/2212/2212 2213/2213/2213
f 2213/2213/2213 2214/2214/2214 2211/2211/2211
f 2215/2215/2215 2216/2216/2216 2217/2217/2217
f 2217/2217/2217 2218/2218/2218 2215/2215/2215
f 2219/2219/2219 2220/2220/2220 2221/2221/2221
f 2221/2221/2221 2222/2222/2222 2219/2219/2219
f 2223/2223/2223 2224/2224/2224 2225/2225/2225
f 2225/2225/2225 2226/2226/2226 2223/2223/2223
f 2227/2227/2227 2228/2228/2228 2229/2229/2229
f 2229/2229/2229 2230/2230/2230 2227/2227/2227
f 2231/2231/2231 2232/2232/2232 2233/2233/2233
f 2233/2233/2233 2234/2234/2234 2231/2231/2231
f 2235/2235/2235 2236/2236/2236 2237/2237/2237
f 2237/2237/2237 2238/2238/2238 2235/2235/2235
f 2239/2239/2239 2240/2240/2240 2241/2241/2241
f 2241/2241/2241 2242/2242/2242 2239/2239/2239
f 2243/2243/2243 2244/2244/2244 2245/2245/2245
f 2245/2245/2245 2246/2246/2246 2243/2243/2243
f 2247/2247/2247 2248/2248/2248 2249/2249/2249
f 2249/2249/2249 2250/2250/2250 2247/2247/2247
f 2251/2251/2251 2252/2252/2252 2253/2253/2253
f 2253/2253/2253 2254/2254/2254 2251/2251/2251
f 2255/2255/2255 2256/2256/2256 2257/2257/2257
f 2257/2257/2257 2258/2258/2258 2255/2255/2255
f 2259/2259/2259 2260/2260/2260 2261/2261/2261
f 2261/2261/2261 2262/2262/2262 2259/2259/2259
f 2263/2263/2263 2264/2264/2264 2265/2265/2265
f 2265/2265/2265 2266/2266/2266 2263/2263/2263
f 2267/2267/2267 2268/2268/2268 2269/2269/2269
f 2269/2269/2269 2270/2270/2270 2267/2267/2267
f 2271/2271/2271 2272/2272/2272 2273/2273/2273
f 2273/2273/2273 2274/2274/2274 2271/2271/2271
f 2275/2275/2275 2276/2276/2276 2277/2277/2277
f 2277/2277/2277 2278/2278/2278 2275/2275/2275
f 2279/2279/2279 2280/2280/2280 2281/2281/2281
f 2281/2281/2281 2282/2282/2282 2279/2279/2279
f 2283/2283/2283 2284/2284/2284 2285/2285/2285
f 2285/2285/2285 2286/2286/2286 2283/2283/2283
f 2287/2287/2287 2288/2288/2288 2289/2289/2289
f 2289/2289/2289 2290/2290/2290 2287/2287/2287
f 2291/2291/2291 2292/2292/2292 2293/2293/2293
f 2293/2293/2293 2294/2294/2294 2291/2291/2291
f 2295/2295/2295 2296/2296/2296 2297/2297/2297
f 2297/2297/2297 2298/2298/2298 2295/2295/2295
f 2299/2299/2299 2300/2300/2300 2301/2301/2301
f 2301/2301/2301 2302/2302/2302 2299/2299/2299
f 2303/2303/2303 2304/2304/2304 2305/2305/2305
f 2305/2305/2305 2306/2306/2306 2303/2303/2303
f 2307/2307/2307 2308/2308/2308 2309/2309/2309
f 2309/2309/2309 2310/2310/2310 2307/2307/2307
f 2311/2311/2311 2312/2312/2312 2313/2313/2313
f 2313/2313/2313 2314/2314/2314 2311/2311/2311
f 2315/2315/2315 2316/2316/2316 2317/2317/2317
f 2317/2317/2317 2318/2318/2318 2315/2315/2315
f 2319/2319/2319 2320/2320/2320 2321/2321/2321
f 2321/2321/2321 2322/2322/2322 2319/2319/2319
f 2323/2323/2323 2324/2324/2324 2325/2325/2325
f 2325/2325/2325 2326/2326/2326 2323/2323/2323
f 2327/2327/2327 2328/2328/2328 2329/2329/2329
f 2329/2329/2329 2330/2330/2330 2327/2327/2327
f 2331/2331/2331 2332/2332/2332 2333/2333/2333
f 2333/2333/2333 2334/2334/2334 2331/2331/2331
f 2335/2335/2335 2336/2336/2336 2337/2337/2337
f 2337/2337/2337 2338/2338/2338 2335/2335/2335
f 2339/2339/2339 2340/2340/2340 2341/2341/2341
f 2341/2341/2341 2342/2342/2342 2339/2339/2339
f 2343/2343/2343 2344/2344/2344 2345/2345/2345
f 2345/2345/2345 2346/2346/2346 2343/2343/2343
f 2347/2347/2347 2348/2348/2348 2349/2349/2349
f 2349/2349/2349 2350/2350/2350 2347/2347/2347
f 2351/2351/2351 2352/2352/2352 2353/2353/2353
f 2353/2353/2353 2354/2354/2354 2351/2351/2351
f 2355/2355/2355 2356/2356/2356 2357/2357/2357
f 2357/2357/2357 2358/2358/2358 2355/2355/2355
f 2359/2359/2359 2360/2360/2360 2361/2361/2361
f 2361/2361/2361 2362/2362/2362 2359/2359/2359
f 2363/2363/2363 2364/2364/2364 2365/2365/2365
f 2365/2365/2365 2366/2366/2366 2363/2363/2363
f 2367/2367/2367 2368/2368/2368 2369/2369/2369
f 2369/2369/2369 2370/2370/2370 2367/2367/2367
f 2371/2371/2371 2372/2372/2372 2373/2373/2373
f 2373/2373/2373 2374/2374/2374 2371/2371/2371
f 2375/2375/2375 2376/2376/2376 2377/2377/2377
f 2377/2377/2377 2378/2378/2378 2375/2375/2375
f 2379/2379/2379 2380/2380/2380 2381/2381/2381
f 2381/2381/2381 2382/2382/2382 2379/2379/2379
f 2383/2383/2383 2384/2384/2384 2385/2385/2385
f 2385/2385/2385 2386/2386/2386 2383/2383/2383
f 2387/2387/2387 2388/2388/2388 2389/2389/2389
f 2389/2389/2389 2390/2390/2390 2387/2387/2387
f 2391/2391/2391 2392/2392/2392 2393/2393/2393
f 2393/2393/2393 2394/2394/2394 2391/2391/2391
f 2395/2395/2395 2396/2396/2396 2397/2397/2397
f 2397/2397/2397 2398/2398/2398 2395/2395/2395
f 2399/2399/2399 2400/2400/2400 2401/2401/2401
f 2401/2401/2401 2402/2402/2402 2399/2399/2399
f 2403/2403/2403 2404/2404/2404 2405/2405/2405
f 2405/2405/2405 2406/2406/2406 2403/2403/2403
f 2407/2407/2407 2408/2408/2408 2409/2409/2409
f 2409/2409/2409 2410/2410/2410 2407/2407/2407
f 2411/2411/2411 2412/2412/2412 2413/2413/2413
f 2413/2413/2413 2414/2414/2414 2411/2411/2411
f 2415/2415/2415 2416/2416/2416 2417/2417/2417
f 2417/2417/2417 2418/2418/2418 2415/2415/2415
f 2419/2419/2419 2420/2420/2420 2421/2421/2421
f 2421/2421/2421 2422/2422/2422 2419/2419/2419
f 2423/2423/2423 2424/2424/2424 2425/2425/2425
f 2425/2425/2425 2426/2426/2426 2423/2423/2423
f 2427/2427/2427 2428/2428/2428 2429/2429/2429
f 2429/2429/2429 2430/2430/2430 2427/2427/2427
f 2431/2431/2431 2432/2432/2432 2433/2433/2433
f 2433/2433/2433 2434/2434/2434 2431/2431/2431
f 2435/2435/2435 2436/2436/2436 2437/2437/2437
f 2437/2437/2437 2438/2438/2438 2435/2435/2435
f 2439/2439/2439 2440/2440/2440 2441/2441/2441
f 2441/2441/2441 2442/2442/2442 2439/2439/2439
f 2443/2443/2443 2444/2444/2444 2445/2445/2445
f 2445/2445/2445 2446/2446/2446 2443/2443/2443
f 2447/2447/2447 2448/2448/2448 2449/2449/2449
f 2449/2449/2449 2450/2450/2450 2447/2447/2447
f 2451/2451/2451 2452/2452/2452 2453/2453/2453
f 2453/2453/2453 2454/2454/2454 2451/2451/2451
f 2455/2455/2455 2456/2456/2456 2457/2457/2457
f 2457/2457/2457 2458/2458/2458 2455/2455/2455
f 2459/2459/2459 2460/2460/2460 2461/2461/2461
f 2461/2461/2461 2462/2462/2462 2459/2459/2459
f 2463/2463/2463 2464/2464/2464 2465/2465/2465
f 2465/2465/2465 2466/2466/2466 2463/2463/2463
f 2467/2467/2467 2468/2468/2468 2469/2469/2469
f 2469/2469/2469 2470/2470/2470 2467/2467/2467
f 2471/2471/2471 2472/2472/2472 2473/2473/2473
f 2473/2473/2473 2474/2474/2474 2471/2471/2471
f 2475/2475/2475 2476/2476/2476 2477/2477/2477
f 2477/2477/2477 2478/2478/2478 2475/2475/2475
f 2479/2479/2479 2480/2480/2480 2481/2481/2481
f 2481/2481/2481 2482/2482/2482 2479/2479/2479
f 2483/2483/2483 2484/2484/2484 2485/2485/2485
f 2485/2485/2485 2486/2486/2486 2483/2483/2483
f 2487/2487/2487 2488/2488/2488 2489/2489/2489
f 2489/2489/2489 2490/2490/2490 2487/2487/2487
f 2491/2491/2491 2492/2492/2492 2493/2493/2493
f 2493/2493/2493 2494/2494/2494 2491/2491/2491
f 2495/2495/2495 2496/2496/2496 2497/2497/2497
f 2497/2497/2497 2498/2498/2498 2495/2495/2495
f 2499/2499/2499 2500/2500/2500 2501/2501/2501
f 2499/2499/2499 2501/2501/2501 2502/2502/2502
f 2501/2501/2501 2503/2503/2503 2502/2502/2502
f 2504/2504/2504 2505/2505/2505 2506/2506/2506
f 2506/2506/2506 2507/2507/2507 2504/2504/2504
f 2508/2508/2508 2504/2504/2504 2507/2507/2507
f 2507/2507/2507 2509/2509/2509 2508/2508/2508
